# Blender 4.4.3
# www.blender.org
mtllib voxel_arbiters_blade_in_sheath_ms.mtl
o voxel_arbiters_blade_ms.001
v -0.061827 -0.027963 -2.769543
v -0.044427 -0.027963 -2.769543
v -0.044427 -0.027963 -2.739901
v -0.027327 -0.027963 -2.739901
v -0.027327 -0.027963 -2.769543
v 0.007173 -0.027963 -2.769543
v -0.061827 0.016212 -2.769543
v -0.061827 0.016212 -2.754593
v -0.044427 0.016212 -2.769543
v -0.044427 0.016212 -2.754593
v -0.009927 0.016212 -2.769543
v -0.009927 0.016212 -2.754593
v 0.007173 0.016212 -2.754593
v 0.007173 0.016212 -2.769543
v -0.044427 0.030767 -2.769543
v -0.044427 0.030767 -2.754593
v -0.009927 0.030767 -2.754593
v -0.009927 0.030767 -2.769543
v -0.061827 -0.013153 -2.739901
v -0.009927 -0.027963 -2.739901
v 0.007173 -0.027963 -2.739901
v 0.007173 -0.013153 -2.739901
v -0.061827 0.001402 -2.739901
v 0.007173 0.001402 -2.739901
v 0.007173 0.016212 -2.739901
v -0.061827 0.030767 -2.754593
v -0.044427 0.030767 -2.739901
v 0.007173 0.030767 -2.754593
v -0.044427 -0.042518 -2.739901
v -0.044427 -0.027963 -2.724951
v -0.044427 -0.042518 -2.724951
v -0.044427 -0.042518 -2.710258
v -0.027327 -0.042518 -2.710258
v -0.027327 -0.042518 -2.739901
v -0.009927 -0.042518 -2.739901
v -0.009927 -0.042518 -2.724951
v -0.009927 -0.027963 -2.724951
v -0.061827 -0.013153 -2.724951
v -0.061827 -0.027963 -2.724951
v 0.007173 -0.027963 -2.724951
v 0.024573 -0.027963 -2.739901
v 0.024573 -0.027963 -2.724951
v -0.078927 -0.013153 -2.739901
v -0.078927 0.001402 -2.739901
v -0.078927 0.001402 -2.724951
v -0.078927 -0.013153 -2.724951
v -0.061827 0.001402 -2.724951
v 0.024573 0.001402 -2.739901
v -0.061827 0.016212 -2.724951
v 0.024573 0.001402 -2.680616
v 0.024573 0.016212 -2.680616
v 0.024573 0.016212 -2.739901
v 0.024573 0.016212 -2.724951
v 0.007173 0.016212 -2.724951
v 0.007173 0.030767 -2.724951
v -0.061827 -0.042518 -2.724951
v -0.061827 -0.027963 -2.710258
v -0.061827 -0.042518 -2.710258
v 0.007173 -0.042518 -2.724951
v 0.007173 -0.042518 -2.710258
v 0.007173 -0.027963 -2.710258
v -0.078927 -0.027963 -2.724951
v -0.078927 -0.027963 -2.710258
v 0.024573 -0.013153 -2.695309
v 0.024573 -0.027963 -2.710258
v 0.024573 0.001402 -2.710258
v -0.078927 0.016212 -2.724951
v -0.078927 0.016212 -2.710258
v -0.061827 0.016212 -2.710258
v -0.061827 0.030767 -2.710258
v -0.044427 0.030767 -2.710258
v -0.027327 0.030767 -2.710258
v -0.009927 0.030767 -2.710258
v 0.024573 0.030767 -2.724951
v -0.061827 -0.027963 -2.695309
v -0.061827 -0.042518 -2.695309
v -0.061827 -0.042518 -2.680616
v -0.044427 -0.042518 -2.680616
v -0.044427 -0.027963 -2.680616
v -0.061827 -0.027963 -2.680616
v -0.044427 -0.042518 -2.695309
v -0.009927 -0.042518 -2.695309
v 0.024573 -0.042518 -2.695309
v 0.024573 -0.042518 -2.710258
v 0.007173 -0.042518 -2.680616
v 0.024573 -0.042518 -2.680616
v 0.024573 -0.027963 -2.680616
v -0.078927 -0.027963 -2.695309
v 0.024573 0.001402 -2.695309
v -0.078927 0.016212 -2.680616
v -0.078927 0.001402 -2.680616
v -0.078927 0.030767 -2.710258
v -0.061827 0.030767 -2.695309
v -0.044427 0.030767 -2.695309
v -0.009927 0.030767 -2.695309
v 0.007173 0.030767 -2.695309
v -0.044427 0.045578 -2.710258
v -0.044427 0.045578 -2.695309
v -0.009927 0.045578 -2.695309
v -0.009927 0.045578 -2.710258
v -0.078927 -0.042518 -2.695309
v -0.078927 -0.027963 -2.680616
v 0.007173 -0.027963 -2.680616
v 0.024573 -0.013153 -2.680616
v 0.041673 -0.013153 -2.695309
v 0.041673 -0.013153 -2.680616
v 0.041673 0.001402 -2.680616
v 0.041673 0.001402 -2.695309
v 0.007173 0.030767 -2.665667
v 0.024573 0.016212 -2.665667
v 0.024573 0.030767 -2.665667
v -0.061827 0.045578 -2.695309
v 0.007173 0.045578 -2.695309
v -0.061827 -0.057329 -2.680616
v -0.044427 -0.057329 -2.680616
v -0.027327 -0.057329 -2.665667
v 0.007173 -0.057329 -2.665667
v 0.007173 -0.057329 -2.680616
v 0.007173 -0.042518 -2.665667
v -0.096327 -0.027963 -2.680616
v 0.041673 -0.027963 -2.680616
v 0.041673 -0.027963 -2.665667
v 0.041673 0.001402 -2.665667
v -0.096327 0.016212 -2.680616
v -0.096327 0.016212 -2.665667
v -0.078927 0.016212 -2.665667
v 0.041673 0.016212 -2.680616
v 0.041673 0.016212 -2.665667
v -0.078927 0.030767 -2.665667
v -0.061827 0.030767 -2.665667
v -0.061827 0.045578 -2.665667
v -0.027327 0.045578 -2.665667
v -0.009927 0.045578 -2.665667
v 0.007173 0.045578 -2.665667
v -0.061827 -0.042518 -2.650974
v -0.061827 -0.057329 -2.650974
v 0.007173 -0.057329 -2.650974
v 0.007173 -0.042518 -2.650974
v -0.078927 -0.027963 -2.650974
v -0.078927 -0.042518 -2.650974
v 0.024573 -0.042518 -2.650974
v 0.024573 -0.027963 -2.650974
v -0.096327 -0.027963 -2.650974
v 0.041673 -0.027963 -2.650974
v -0.096327 0.030767 -2.665667
v -0.096327 0.016212 -2.636024
v -0.078927 0.030767 -2.636024
v 0.041673 0.030767 -2.665667
v -0.078927 0.045578 -2.665667
v -0.078927 0.045578 -2.650974
v -0.078927 0.030767 -2.650974
v -0.044427 0.045578 -2.650974
v -0.061827 0.045578 -2.650974
v -0.027327 0.045578 -2.650974
v -0.009927 0.045578 -2.650974
v 0.007173 0.045578 -2.650974
v 0.024573 0.045578 -2.665667
v -0.027327 0.060133 -2.665667
v -0.027327 0.060133 -2.650974
v -0.009927 0.060133 -2.650974
v -0.009927 0.060133 -2.665667
v -0.078927 -0.057329 -2.650974
v -0.061827 -0.057329 -2.636024
v -0.027327 -0.057329 -2.636024
v -0.009927 -0.057329 -2.636024
v 0.007173 -0.057329 -2.636024
v 0.024573 -0.057329 -2.650974
v -0.096327 -0.042518 -2.650974
v 0.041673 -0.042518 -2.650974
v -0.061827 0.045578 -2.636024
v 0.007173 0.045578 -2.636024
v -0.061827 0.060133 -2.650974
v 0.007173 0.060133 -2.650974
v -0.061827 -0.071884 -2.636024
v -0.009927 -0.071884 -2.636024
v 0.007173 -0.071884 -2.636024
v 0.007173 -0.057329 -2.606640
v 0.024573 -0.027963 -2.621332
v 0.041673 -0.027963 -2.621332
v 0.024573 0.016212 -2.621332
v 0.041673 0.016212 -2.621332
v -0.096327 0.030767 -2.606640
v -0.096327 0.016212 -2.606640
v -0.078927 0.030767 -2.606640
v 0.024573 0.030767 -2.621332
v 0.041673 0.030767 -2.621332
v 0.007173 0.045578 -2.621332
v 0.024573 0.045578 -2.621332
v 0.007173 0.060133 -2.621332
v -0.061827 -0.071884 -2.606640
v -0.027327 -0.071884 -2.591690
v -0.009927 -0.071884 -2.591690
v 0.024573 -0.057329 -2.606640
v 0.024573 -0.042518 -2.606640
v -0.096327 -0.027963 -2.606640
v 0.041673 -0.042518 -2.606640
v 0.059073 -0.027963 -2.621332
v -0.096327 0.001402 -2.606640
v 0.041673 0.016212 -2.606640
v 0.059073 0.016212 -2.606640
v 0.059073 0.016212 -2.621332
v 0.024573 0.030767 -2.606640
v 0.024573 0.016212 -2.606640
v 0.041673 0.030767 -2.606640
v -0.078927 0.045578 -2.606640
v -0.061827 0.045578 -2.606640
v 0.041673 0.045578 -2.621332
v -0.061827 0.060133 -2.606640
v -0.044427 0.045578 -2.606640
v -0.044427 0.060133 -2.606640
v 0.024573 0.060133 -2.621332
v -0.061827 -0.057329 -2.591690
v -0.061827 -0.071884 -2.591690
v 0.007173 -0.071884 -2.591690
v 0.007173 -0.057329 -2.591690
v -0.078927 -0.042518 -2.591690
v -0.078927 -0.057329 -2.591690
v 0.024573 -0.057329 -2.591690
v 0.024573 -0.042518 -2.591690
v 0.041673 -0.057329 -2.606640
v 0.041673 -0.042518 -2.576998
v 0.024573 -0.057329 -2.576998
v -0.096327 -0.027963 -2.591690
v -0.096327 -0.042518 -2.591690
v 0.024573 -0.027963 -2.591690
v 0.041673 -0.042518 -2.591690
v 0.041673 -0.027963 -2.591690
v -0.113427 -0.027963 -2.606640
v -0.113427 -0.027963 -2.591690
v 0.059073 -0.027963 -2.591690
v -0.113427 0.016212 -2.591690
v -0.113427 0.030767 -2.606640
v -0.096327 0.030767 -2.591690
v 0.059073 0.030767 -2.606640
v -0.096327 0.045578 -2.606640
v -0.078927 0.060133 -2.606640
v -0.061827 0.045578 -2.591690
v -0.061827 0.060133 -2.591690
v -0.044427 0.060133 -2.591690
v -0.009927 0.060133 -2.591690
v 0.007173 0.045578 -2.591690
v 0.007173 0.060133 -2.591690
v -0.078927 -0.071884 -2.591690
v -0.044427 -0.071884 -2.576998
v -0.009927 -0.071884 -2.576998
v 0.024573 -0.071884 -2.591690
v -0.096327 -0.057329 -2.591690
v -0.113427 -0.042518 -2.591690
v 0.041673 -0.027963 -2.576998
v 0.059073 -0.042518 -2.591690
v 0.059073 -0.027963 -2.576998
v 0.041673 -0.013153 -2.576998
v 0.059073 -0.013153 -2.576998
v -0.113427 0.030767 -2.562048
v -0.096327 0.030767 -2.562048
v -0.061827 0.074943 -2.591690
v 0.007173 0.074943 -2.591690
v -0.044427 -0.086694 -2.576998
v -0.044427 -0.071884 -2.562048
v -0.044427 -0.086694 -2.562048
v -0.027327 -0.086694 -2.562048
v -0.009927 -0.086694 -2.576998
v -0.009927 -0.086694 -2.562048
v -0.009927 -0.071884 -2.562048
v -0.061827 -0.071884 -2.562048
v 0.007173 -0.071884 -2.562048
v 0.041673 -0.042518 -2.562048
v 0.041673 -0.027963 -2.562048
v 0.041673 -0.013153 -2.547356
v 0.041673 0.016212 -2.562048
v 0.059073 0.016212 -2.562048
v 0.041673 0.030767 -2.562048
v 0.059073 0.030767 -2.562048
v 0.024573 0.045578 -2.562048
v 0.041673 0.045578 -2.562048
v 0.024573 0.060133 -2.562048
v -0.061827 -0.086694 -2.562048
v -0.027327 -0.086694 -2.532406
v -0.009927 -0.086694 -2.532406
v 0.007173 -0.086694 -2.562048
v 0.059073 0.016212 -2.547356
v -0.096327 0.030767 -2.547356
v 0.041673 0.030767 -2.532406
v 0.024573 0.045578 -2.547356
v 0.007173 0.060133 -2.547356
v 0.007173 0.045578 -2.547356
v 0.024573 0.060133 -2.547356
v 0.041673 0.060133 -2.562048
v 0.007173 0.074943 -2.547356
v -0.061827 -0.071884 -2.532406
v 0.041673 -0.042518 -2.532406
v 0.059073 -0.027963 -2.532406
v -0.113427 0.030767 -2.532406
v -0.096327 0.045578 -2.532406
v -0.078927 0.045578 -2.532406
v -0.078927 0.060133 -2.532406
v -0.061827 0.045578 -2.532406
v -0.061827 0.060133 -2.532406
v -0.061827 0.074943 -2.532406
v -0.044427 0.074943 -2.532406
v -0.009927 0.074943 -2.532406
v 0.024573 0.074943 -2.547356
v -0.027327 -0.086694 -2.502764
v -0.009927 -0.086694 -2.502764
v 0.007173 -0.086694 -2.517714
v 0.007173 -0.071884 -2.517714
v 0.024573 -0.071884 -2.517714
v -0.113427 -0.027963 -2.517714
v 0.041673 -0.027963 -2.502764
v 0.041673 -0.042518 -2.502764
v 0.059073 -0.042518 -2.502764
v 0.059073 -0.027963 -2.502764
v -0.113427 0.030767 -2.517714
v -0.096327 0.030767 -2.517714
v 0.041673 0.030767 -2.517714
v 0.059073 0.030767 -2.517714
v -0.096327 0.045578 -2.517714
v 0.024573 0.045578 -2.517714
v 0.024573 0.030767 -2.517714
v 0.041673 0.045578 -2.517714
v -0.096327 0.060133 -2.532406
v -0.078927 0.074943 -2.532406
v -0.061827 0.074943 -2.517714
v -0.044427 0.074943 -2.517714
v -0.009927 0.074943 -2.517714
v 0.007173 0.074943 -2.517714
v -0.044427 0.089498 -2.532406
v -0.044427 0.089498 -2.517714
v -0.009927 0.089498 -2.517714
v -0.009927 0.089498 -2.532406
v -0.061827 -0.071884 -2.502764
v -0.061827 -0.086694 -2.502764
v -0.044427 -0.086694 -2.502764
v 0.024573 -0.086694 -2.517714
v 0.024573 -0.071884 -2.502764
v -0.078927 -0.057329 -2.502764
v -0.078927 -0.071884 -2.502764
v 0.024573 -0.057329 -2.502764
v -0.096327 -0.057329 -2.502764
v 0.041673 -0.057329 -2.502764
v -0.113427 -0.027963 -2.502764
v -0.113427 -0.042518 -2.502764
v -0.113427 0.045578 -2.517714
v 0.059073 0.045578 -2.517714
v -0.061827 0.074943 -2.502764
v -0.061827 0.089498 -2.517714
v -0.061827 0.089498 -2.502764
v 0.007173 0.089498 -2.517714
v -0.044427 -0.101249 -2.502764
v -0.044427 -0.086694 -2.488071
v -0.044427 -0.101249 -2.488071
v -0.009927 -0.101249 -2.502764
v -0.009927 -0.101249 -2.488071
v -0.009927 -0.086694 -2.488071
v -0.078927 -0.086694 -2.502764
v -0.061827 -0.086694 -2.488071
v 0.007173 -0.086694 -2.488071
v 0.024573 -0.086694 -2.473121
v 0.024573 -0.071884 -2.473121
v -0.096327 -0.071884 -2.502764
v 0.041673 -0.071884 -2.502764
v -0.096327 -0.042518 -2.488071
v -0.078927 -0.042518 -2.488071
v 0.041673 -0.042518 -2.488071
v 0.059073 -0.057329 -2.502764
v 0.059073 -0.042518 -2.488071
v -0.113427 -0.042518 -2.488071
v -0.096327 -0.027963 -2.488071
v 0.041673 -0.027963 -2.488071
v 0.059073 -0.027963 -2.488071
v -0.113427 -0.013153 -2.488071
v -0.078927 -0.027963 -2.488071
v 0.024573 -0.027963 -2.488071
v 0.024573 0.001402 -2.488071
v -0.096327 0.016212 -2.488071
v -0.078927 0.016212 -2.488071
v 0.024573 0.016212 -2.488071
v 0.041673 0.016212 -2.488071
v -0.096327 0.030767 -2.488071
v 0.041673 0.030767 -2.488071
v 0.059073 0.030767 -2.488071
v -0.113427 0.045578 -2.488071
v -0.096327 0.045578 -2.488071
v -0.096327 0.060133 -2.488071
v -0.078927 0.060133 -2.488071
v 0.024573 0.060133 -2.488071
v 0.041673 0.060133 -2.488071
v -0.061827 0.074943 -2.488071
v 0.007173 0.074943 -2.488071
v 0.024573 0.074943 -2.488071
v -0.061827 0.089498 -2.488071
v -0.027327 0.089498 -2.488071
v 0.007173 0.089498 -2.488071
v -0.061827 -0.101249 -2.488071
v 0.007173 -0.101249 -2.488071
v -0.078927 -0.071884 -2.473121
v -0.078927 -0.086694 -2.473121
v -0.096327 -0.071884 -2.473121
v 0.024573 -0.057329 -2.473121
v 0.041673 -0.071884 -2.473121
v 0.041673 -0.057329 -2.473121
v -0.096327 -0.042518 -2.473121
v -0.078927 -0.042518 -2.473121
v 0.041673 -0.042518 -2.473121
v 0.059073 -0.057329 -2.473121
v 0.059073 -0.042518 -2.473121
v -0.096327 -0.027963 -2.473121
v -0.078927 -0.027963 -2.473121
v 0.024573 -0.027963 -2.473121
v 0.024573 -0.042518 -2.473121
v 0.041673 -0.027963 -2.473121
v -0.078927 0.016212 -2.473121
v 0.024573 0.016212 -2.458429
v 0.024573 0.016212 -2.473121
v -0.096327 0.030767 -2.473121
v -0.096327 0.016212 -2.473121
v -0.078927 0.030767 -2.473121
v 0.024573 0.030767 -2.473121
v 0.041673 0.016212 -2.473121
v 0.041673 0.030767 -2.473121
v -0.096327 0.060133 -2.473121
v -0.078927 0.060133 -2.473121
v 0.041673 0.045578 -2.473121
v 0.059073 0.030767 -2.473121
v 0.059073 0.045578 -2.473121
v 0.024573 0.045578 -2.473121
v -0.078927 0.074943 -2.473121
v -0.061827 0.074943 -2.473121
v 0.041673 0.074943 -2.488071
v -0.061827 0.089498 -2.473121
v 0.024573 0.089498 -2.488071
v -0.061827 -0.086694 -2.458429
v -0.061827 -0.101249 -2.458429
v 0.007173 -0.101249 -2.458429
v 0.007173 -0.086694 -2.458429
v -0.096327 -0.086694 -2.473121
v -0.078927 -0.086694 -2.458429
v -0.078927 -0.071884 -2.458429
v 0.024573 -0.086694 -2.458429
v 0.024573 -0.071884 -2.458429
v 0.041673 -0.086694 -2.473121
v -0.096327 -0.057329 -2.458429
v -0.078927 -0.057329 -2.458429
v 0.024573 -0.057329 -2.458429
v 0.041673 -0.057329 -2.458429
v -0.096327 -0.042518 -2.458429
v -0.078927 -0.042518 -2.458429
v 0.024573 -0.042518 -2.458429
v 0.041673 -0.042518 -2.458429
v -0.078927 0.030767 -2.458429
v 0.024573 0.030767 -2.458429
v -0.096327 0.045578 -2.458429
v -0.096327 0.030767 -2.458429
v -0.078927 0.045578 -2.458429
v 0.024573 0.045578 -2.458429
v 0.041673 0.030767 -2.458429
v 0.041673 0.045578 -2.458429
v -0.096327 0.074943 -2.473121
v -0.078927 0.089498 -2.473121
v -0.027327 0.074943 -2.458429
v -0.027327 0.089498 -2.458429
v -0.009927 0.074943 -2.458429
v -0.009927 0.089498 -2.458429
v -0.078927 -0.101249 -2.458429
v 0.024573 -0.101249 -2.458429
v 0.024573 -0.101249 -2.443479
v 0.024573 -0.057329 -2.443479
v 0.024573 -0.042518 -2.443479
v -0.078927 0.016212 -2.443479
v -0.078927 0.045578 -2.443479
v 0.024573 0.045578 -2.443479
v -0.096327 0.060133 -2.443479
v -0.096327 0.045578 -2.443479
v -0.078927 0.060133 -2.443479
v 0.024573 0.060133 -2.443479
v 0.041673 0.045578 -2.443479
v 0.041673 0.060133 -2.443479
v -0.061827 0.074943 -2.443479
v -0.061827 0.089498 -2.443479
v -0.044427 0.074943 -2.443479
v -0.044427 0.089498 -2.443479
v -0.027327 0.104053 -2.458429
v -0.009927 0.104053 -2.458429
v -0.078927 -0.057329 -2.428787
v -0.078927 -0.042518 -2.428787
v 0.024573 -0.027963 -2.428787
v -0.078927 0.016212 -2.413837
v -0.078927 0.030767 -2.428787
v -0.078927 0.060133 -2.428787
v -0.061827 0.074943 -2.413837
v -0.044427 0.089498 -2.413837
v -0.061827 0.089498 -2.413837
v -0.027327 0.074943 -2.428787
v -0.027327 0.089498 -2.428787
v -0.044427 0.074943 -2.428787
v -0.044427 0.089498 -2.428787
v -0.027327 0.104053 -2.428787
v -0.078927 -0.042518 -2.413837
v -0.078927 -0.013153 -2.413837
v 0.024573 0.016212 -2.413837
v -0.078927 0.030767 -2.413837
v 0.024573 0.045578 -2.413837
v -0.078927 0.060133 -2.413837
v 0.024573 0.060133 -2.413837
v 0.024573 0.074943 -2.413837
v 0.041673 0.074943 -2.413837
v -0.009927 0.089498 -2.413837
v -0.009927 0.074943 -2.413837
v 0.007173 0.074943 -2.413837
v 0.007173 0.089498 -2.413837
v 0.024573 0.089498 -2.413837
v -0.044427 0.104053 -2.428787
v -0.044427 0.104053 -2.413837
v -0.009927 0.104053 -2.413837
v 0.024573 -0.101249 -2.399145
v 0.024573 0.016212 -2.399145
v 0.041673 0.089498 -2.413837
v -0.061827 0.104053 -2.413837
v 0.007173 0.104053 -2.413837
v -0.078927 -0.086694 -2.384195
v -0.078927 -0.101249 -2.384195
v -0.078927 -0.042518 -2.384195
v 0.024573 0.016212 -2.384195
v 0.024573 0.045578 -2.384195
v -0.044427 0.104053 -2.384195
v -0.027327 0.104053 -2.384195
v -0.078927 -0.086694 -2.369503
v -0.078927 -0.101249 -2.369503
v -0.044427 -0.101249 -2.369503
v -0.078927 -0.042518 -2.369503
v -0.078927 -0.013153 -2.369503
v -0.078927 0.045578 -2.369503
v 0.024573 0.045578 -2.369503
v -0.078927 0.060133 -2.369503
v 0.024573 0.060133 -2.369503
v -0.096327 0.060133 -2.369503
v 0.041673 0.060133 -2.369503
v -0.027327 0.104053 -2.354811
v -0.044427 0.104053 -2.354811
v -0.078927 -0.101249 -2.354811
v -0.096327 -0.057329 -2.354811
v -0.078927 -0.057329 -2.354811
v 0.024573 -0.057329 -2.354811
v 0.041673 -0.057329 -2.354811
v -0.078927 -0.042518 -2.354811
v 0.024573 -0.042518 -2.354811
v -0.096327 0.045578 -2.369503
v 0.041673 0.045578 -2.369503
v 0.024573 0.074943 -2.354811
v 0.041673 0.074943 -2.354811
v -0.061827 0.089498 -2.354811
v 0.024573 0.089498 -2.354811
v 0.041673 0.089498 -2.354811
v -0.061827 0.104053 -2.354811
v 0.007173 0.104053 -2.354811
v -0.078927 -0.086694 -2.339861
v -0.061827 -0.101249 -2.339861
v 0.041673 -0.086694 -2.339861
v 0.024573 -0.057329 -2.339861
v 0.041673 -0.057329 -2.339861
v -0.096327 -0.042518 -2.354811
v 0.024573 -0.042518 -2.339861
v 0.041673 -0.042518 -2.354811
v 0.024573 -0.013153 -2.339861
v 0.024573 0.001402 -2.339861
v -0.078927 0.030767 -2.339861
v 0.024573 0.030767 -2.339861
v -0.078927 0.045578 -2.339861
v 0.024573 0.045578 -2.339861
v -0.096327 0.045578 -2.339861
v 0.041673 0.045578 -2.339861
v 0.024573 0.074943 -2.339861
v 0.041673 0.074943 -2.339861
v 0.024573 0.089498 -2.339861
v -0.078927 -0.086694 -2.310219
v -0.061827 -0.101249 -2.310219
v -0.044427 -0.101249 -2.310219
v -0.027327 -0.101249 -2.325169
v -0.009927 -0.101249 -2.325169
v 0.024573 -0.042518 -2.310219
v 0.024573 -0.042518 -2.325169
v -0.078927 -0.013153 -2.325169
v 0.024573 -0.013153 -2.325169
v -0.078927 0.001402 -2.325169
v 0.024573 0.001402 -2.325169
v 0.041673 -0.013153 -2.339861
v 0.041673 0.001402 -2.325169
v 0.041673 0.001402 -2.339861
v -0.078927 0.016212 -2.325169
v 0.024573 0.016212 -2.325169
v -0.078927 0.030767 -2.325169
v -0.096327 0.030767 -2.339861
v 0.041673 0.030767 -2.339861
v -0.061827 0.089498 -2.325169
v 0.041673 0.089498 -2.339861
v -0.027327 -0.116060 -2.325169
v -0.027327 -0.101249 -2.310219
v -0.027327 -0.116060 -2.310219
v -0.009927 -0.116060 -2.325169
v 0.024573 -0.013153 -2.310219
v -0.096327 -0.013153 -2.325169
v -0.096327 0.001402 -2.325169
v 0.041673 0.016212 -2.325169
v -0.078927 0.030767 -2.295527
v -0.078927 0.016212 -2.295527
v -0.044427 -0.116060 -2.310219
v -0.044427 -0.101249 -2.280576
v -0.061827 -0.101249 -2.280576
v 0.041673 -0.086694 -2.295527
v -0.078927 -0.042518 -2.295527
v 0.024573 -0.042518 -2.295527
v -0.078927 -0.027963 -2.295527
v 0.024573 -0.027963 -2.310219
v 0.024573 -0.027963 -2.280576
v 0.024573 -0.013153 -2.280576
v -0.096327 0.001402 -2.295527
v -0.078927 0.001402 -2.295527
v -0.096327 0.074943 -2.295527
v -0.078927 0.074943 -2.295527
v -0.078927 0.089498 -2.295527
v -0.078927 -0.027963 -2.265884
v -0.078927 -0.042518 -2.265884
v 0.024573 -0.027963 -2.265884
v -0.078927 -0.013153 -2.280576
v -0.096327 0.001402 -2.280576
v -0.096327 -0.013153 -2.280576
v 0.041673 -0.013153 -2.280576
v -0.096327 0.016212 -2.295527
v -0.078927 0.016212 -2.265884
v -0.078927 0.030767 -2.280576
v -0.096327 0.030767 -2.280576
v 0.024573 0.074943 -2.280576
v -0.096327 0.089498 -2.295527
v 0.007173 0.089498 -2.280576
v 0.007173 0.074943 -2.280576
v 0.024573 0.089498 -2.280576
v 0.007173 0.104053 -2.280576
v -0.009927 -0.116059 -2.265884
v -0.009927 -0.101249 -2.265884
v -0.044427 -0.101249 -2.250934
v -0.061827 -0.101249 -2.250934
v 0.007173 -0.101249 -2.265884
v -0.096327 -0.057329 -2.265884
v -0.078927 -0.057329 -2.265884
v -0.096327 -0.042518 -2.265884
v -0.078927 -0.013153 -2.265884
v 0.041673 -0.027963 -2.280576
v -0.096327 -0.013153 -2.265884
v -0.078927 0.030767 -2.265884
v 0.024573 0.030767 -2.265884
v -0.096327 0.030767 -2.265884
v -0.096327 0.045578 -2.265884
v -0.078927 0.045578 -2.265884
v 0.024573 0.045578 -2.265884
v 0.041673 0.030767 -2.265884
v 0.041673 0.045578 -2.265884
v 0.024573 0.104053 -2.280576
v -0.044427 -0.116059 -2.250934
v 0.007173 -0.116059 -2.265884
v 0.024573 -0.101249 -2.250934
v 0.024573 -0.086694 -2.250934
v 0.041673 -0.086694 -2.250934
v 0.024573 -0.057329 -2.250934
v 0.041673 -0.057329 -2.250934
v 0.024573 -0.042518 -2.250934
v 0.041673 -0.042518 -2.250934
v -0.096327 -0.027963 -2.265884
v -0.078927 0.016212 -2.250934
v 0.024573 0.016212 -2.250934
v -0.078927 0.045578 -2.250934
v -0.078927 0.074943 -2.250934
v -0.078927 0.089498 -2.250934
v -0.061827 0.074943 -2.250934
v -0.061827 0.089498 -2.250934
v 0.024573 0.089498 -2.250934
v -0.061827 0.104053 -2.250934
v -0.044427 0.104053 -2.250934
v -0.061827 -0.116059 -2.250934
v -0.078927 -0.086694 -2.236242
v -0.078927 -0.101249 -2.236242
v 0.041673 -0.101249 -2.250934
v -0.096327 -0.071884 -2.236242
v -0.096327 -0.086694 -2.236242
v -0.078927 -0.071884 -2.236242
v 0.024573 -0.071884 -2.236242
v 0.041673 -0.071884 -2.236242
v -0.096327 -0.057329 -2.236242
v -0.078927 -0.057329 -2.236242
v 0.024573 -0.057329 -2.236242
v 0.041673 -0.057329 -2.236242
v -0.096327 -0.013153 -2.236242
v -0.096327 -0.027963 -2.236242
v -0.096327 0.001402 -2.236242
v -0.096327 0.016212 -2.236242
v -0.078927 0.016212 -2.236242
v 0.024573 0.016212 -2.236242
v -0.078927 0.045578 -2.236242
v 0.024573 0.030768 -2.236242
v 0.024573 0.045578 -2.236242
v -0.096327 0.060133 -2.236242
v -0.096327 0.045578 -2.236242
v -0.078927 0.060133 -2.236242
v 0.024573 0.060133 -2.236242
v 0.041673 0.045578 -2.236242
v 0.041673 0.060133 -2.236242
v 0.024573 0.089498 -2.236242
v -0.078927 0.104053 -2.250934
v -0.044427 0.104053 -2.221292
v -0.061827 0.104053 -2.221292
v 0.007173 -0.116059 -2.221292
v -0.096327 -0.101249 -2.236242
v -0.078927 -0.071884 -2.221292
v -0.078927 -0.042518 -2.221292
v 0.024573 -0.057329 -2.206600
v -0.078927 -0.027963 -2.221292
v -0.096327 0.001402 -2.206600
v -0.078927 0.030768 -2.236242
v -0.078927 0.016212 -2.176958
v 0.024573 0.016212 -2.206600
v 0.024573 0.030768 -2.206600
v -0.078927 0.089498 -2.221292
v 0.024573 0.089498 -2.221292
v -0.078927 0.104053 -2.221292
v -0.027327 0.104053 -2.221292
v 0.007173 0.104053 -2.221292
v 0.024573 -0.042518 -2.206600
v -0.078927 -0.027963 -2.206600
v 0.024573 -0.027963 -2.206600
v 0.041673 0.016212 -2.206600
v -0.078927 0.089498 -2.206600
v -0.078927 0.104053 -2.206600
v -0.044427 0.104053 -2.206600
v -0.027327 0.104053 -2.206600
v 0.007173 0.104053 -2.206600
v -0.044427 -0.116059 -2.191650
v -0.027327 -0.116059 -2.191650
v 0.024573 -0.071884 -2.191650
v 0.024573 -0.027963 -2.176958
v 0.041673 0.030768 -2.206600
v -0.078927 0.060133 -2.191650
v -0.061827 -0.101249 -2.176958
v -0.044427 -0.116059 -2.147316
v -0.027327 -0.116059 -2.147316
v -0.078927 -0.086694 -2.176958
v 0.024573 -0.071884 -2.162008
v 0.024573 -0.057329 -2.162008
v -0.078927 -0.042518 -2.176958
v -0.078927 -0.027963 -2.176958
v 0.024573 0.030768 -2.176958
v 0.024573 0.045578 -2.176958
v 0.007173 -0.101249 -2.162008
v -0.096327 -0.086694 -2.162008
v -0.096327 -0.101249 -2.162008
v -0.078927 -0.101249 -2.162008
v -0.078927 -0.086694 -2.162008
v -0.061827 -0.101249 -2.147316
v -0.078927 -0.101249 -2.147316
v -0.078927 -0.086694 -2.147316
v 0.024573 -0.101249 -2.162008
v 0.024573 -0.086694 -2.162008
v 0.041673 -0.101249 -2.162008
v 0.041673 -0.086694 -2.162008
v 0.024573 -0.042518 -2.162008
v -0.078927 -0.027963 -2.147316
v 0.024573 0.016212 -2.162008
v 0.041673 0.016212 -2.162008
v 0.024573 0.030768 -2.162008
v 0.041673 0.030768 -2.162008
v 0.024573 0.060133 -2.162008
v -0.009927 -0.116059 -2.147316
v -0.096327 -0.013153 -2.147316
v -0.096327 -0.027963 -2.147316
v -0.078927 -0.013153 -2.147316
v -0.078927 0.060133 -2.147316
v 0.024573 0.104053 -2.147316
v -0.027327 -0.116059 -2.132366
v -0.009927 -0.116059 -2.117674
v 0.007173 -0.101249 -2.132366
v -0.078927 -0.086694 -2.132366
v -0.078927 -0.101249 -2.132366
v -0.078927 -0.086694 -2.117674
v 0.024573 -0.101249 -2.132366
v 0.024573 -0.086694 -2.132366
v -0.096327 -0.086694 -2.132366
v -0.078927 -0.071884 -2.132366
v 0.024573 -0.071884 -2.132366
v 0.041673 -0.086694 -2.132366
v 0.024573 -0.042518 -2.132366
v 0.024573 -0.027963 -2.132366
v 0.024573 -0.013153 -2.132366
v 0.041673 -0.027963 -2.132366
v 0.041673 -0.013153 -2.132366
v 0.024573 0.089498 -2.132366
v 0.007173 0.104053 -2.132366
v 0.024573 0.104053 -2.132366
v -0.096327 -0.101249 -2.132366
v 0.041673 -0.101249 -2.132366
v 0.024573 -0.027963 -2.058389
v 0.024573 -0.013153 -2.058389
v 0.024573 0.089498 -2.102982
v -0.061827 -0.101249 -2.102982
v -0.009927 -0.116059 -2.102982
v 0.007173 -0.116059 -2.102982
v 0.007173 -0.101249 -2.102982
v -0.096327 -0.101249 -2.102982
v -0.078927 -0.101249 -2.102982
v 0.024573 -0.101249 -2.102982
v 0.024573 -0.086694 -2.102982
v -0.078927 -0.071884 -2.102982
v 0.024573 -0.057329 -2.102982
v 0.024573 -0.027963 -2.102982
v -0.078927 0.016212 -2.102982
v -0.061827 -0.101249 -2.088032
v 0.007173 -0.116059 -2.073339
v 0.024573 -0.116059 -2.102982
v -0.096327 -0.071884 -2.088032
v -0.078927 -0.071884 -2.088032
v 0.024573 -0.071884 -2.088032
v 0.041673 -0.071884 -2.088032
v -0.078927 -0.057329 -2.088032
v 0.024573 -0.057329 -2.088032
v -0.078927 -0.042518 -2.088032
v 0.024573 -0.027963 -2.088032
v -0.078927 -0.027963 -2.088032
v -0.078927 0.016212 -2.088032
v -0.078927 0.045578 -2.088032
v 0.024573 0.045578 -2.088032
v -0.078927 0.060133 -2.088032
v 0.024573 0.060133 -2.088032
v -0.096327 0.060133 -2.088032
v 0.041673 0.060133 -2.088032
v -0.061827 -0.101249 -2.073339
v 0.024573 -0.116059 -2.073339
v -0.096327 -0.057329 -2.088032
v 0.041673 -0.057329 -2.088032
v -0.078927 -0.027963 -2.058389
v -0.078927 0.016212 -2.073339
v -0.096327 0.045578 -2.088032
v 0.041673 0.045578 -2.088032
v 0.024573 0.089498 -2.073339
v -0.044427 0.104053 -2.073339
v -0.009927 0.104053 -2.073339
v -0.009927 0.104053 -2.058389
v 0.024573 0.104053 -2.073339
v -0.061827 -0.101249 -2.058389
v 0.024573 -0.116059 -2.058389
v 0.024573 -0.101249 -2.058389
v -0.096327 -0.086694 -2.058389
v -0.078927 -0.101249 -2.058389
v 0.024573 -0.086694 -2.058389
v 0.041673 -0.086694 -2.058389
v 0.041673 -0.071884 -2.058389
v -0.078927 -0.013153 -2.058389
v -0.096327 -0.013153 -2.058389
v 0.041673 -0.013153 -2.058389
v 0.024573 0.016212 -2.058389
v 0.024573 0.030768 -2.058389
v -0.078927 0.045578 -2.058389
v 0.024573 0.045578 -2.058389
v -0.044427 0.104053 -2.058389
v -0.044427 0.118864 -2.073339
v -0.044427 0.118864 -2.058389
v -0.027327 0.104053 -2.058389
v -0.027327 0.118864 -2.058389
v -0.009927 0.118864 -2.073339
v -0.096327 -0.086694 -2.028747
v -0.096327 -0.101249 -2.028747
v -0.078927 -0.101249 -2.028747
v -0.096327 -0.071884 -2.043697
v -0.078927 -0.071884 -2.043697
v 0.024573 -0.071884 -2.028747
v 0.024573 -0.086694 -2.028747
v 0.041673 -0.086694 -2.028747
v 0.041673 -0.071884 -2.028747
v -0.096327 -0.057329 -2.043697
v -0.078927 -0.057329 -2.043697
v 0.024573 -0.057329 -2.043697
v 0.024573 -0.071884 -2.043697
v 0.041673 -0.071884 -2.043697
v 0.041673 -0.057329 -2.043697
v -0.096327 -0.027963 -2.058389
v 0.041673 -0.027963 -2.058389
v 0.041673 0.016212 -2.043697
v -0.078927 0.045578 -2.043697
v 0.024573 0.030768 -2.028747
v 0.024573 0.045578 -2.043697
v -0.096327 0.060133 -2.043697
v -0.096327 0.045578 -2.043697
v -0.078927 0.060133 -2.043697
v 0.024573 0.060133 -2.043697
v 0.041673 0.045578 -2.043697
v 0.041673 0.060133 -2.043697
v -0.044427 0.104053 -2.043697
v -0.027327 0.104053 -2.043697
v -0.027327 0.118864 -2.043697
v 0.007173 -0.116059 -2.028747
v 0.007173 -0.101249 -2.028747
v 0.024573 -0.116059 -2.028747
v 0.024573 -0.101249 -2.028747
v -0.078927 -0.086694 -2.028747
v 0.041673 -0.101249 -2.028747
v -0.096327 -0.071884 -2.028747
v -0.078927 -0.071884 -2.028747
v -0.096327 0.016212 -2.028747
v -0.078927 0.016212 -2.028747
v 0.024573 0.016212 -2.028747
v 0.041673 0.016212 -2.028747
v -0.078927 0.045578 -2.028747
v -0.078927 0.060133 -2.028747
v 0.024573 0.060133 -2.028747
v -0.096327 0.060133 -2.028747
v 0.041673 0.060133 -2.028747
v -0.096327 0.089498 -2.028747
v -0.078927 0.089498 -2.028747
v 0.024573 0.089498 -2.028747
v 0.041673 0.089498 -2.028747
v -0.044427 0.104053 -2.028747
v -0.044427 0.118864 -2.043697
v -0.044427 0.118864 -2.028747
v -0.027327 0.104053 -2.028747
v -0.027327 0.118864 -2.028747
v -0.061827 -0.101249 -2.014055
v -0.061827 -0.116059 -2.014055
v 0.007173 -0.116059 -2.014055
v 0.007173 -0.101249 -2.014055
v -0.078927 -0.071884 -1.999105
v -0.078927 -0.042518 -2.014055
v 0.024573 -0.013153 -2.014055
v 0.041673 -0.013153 -2.014055
v 0.024573 0.001402 -2.014055
v 0.041673 0.001402 -2.014055
v 0.041673 0.030768 -2.028747
v -0.078927 0.060133 -1.999105
v -0.078927 0.089498 -2.014055
v -0.061827 0.089498 -2.014055
v 0.007173 0.089498 -2.014055
v 0.024573 0.089498 -2.014055
v -0.078927 0.104053 -2.014055
v -0.061827 0.104053 -2.014055
v -0.027327 0.104053 -2.014055
v -0.009927 0.104053 -2.014055
v 0.007173 0.104053 -2.014055
v 0.024573 0.104053 -2.014055
v -0.027327 0.118864 -2.014055
v -0.009927 0.118864 -2.014055
v -0.078927 -0.086694 -1.999105
v -0.078927 -0.101249 -1.999105
v -0.061827 -0.101249 -1.999105
v -0.061827 -0.086694 -1.999105
v -0.078927 -0.042518 -1.984413
v 0.024573 -0.042518 -1.999105
v -0.078927 -0.027963 -1.999105
v -0.078927 -0.042518 -1.999105
v 0.024573 -0.027963 -1.999105
v -0.096327 -0.027963 -1.999105
v 0.041673 -0.027963 -1.999105
v -0.096327 0.001402 -1.999105
v 0.041673 0.001402 -1.984413
v -0.096327 0.016212 -1.999105
v -0.078927 0.016212 -1.999105
v -0.078927 0.030768 -1.999105
v 0.024573 0.030768 -1.999105
v -0.078927 0.089498 -1.984413
v -0.078927 0.074943 -1.984413
v -0.061827 0.089498 -1.984413
v 0.007173 0.104053 -1.999105
v -0.078927 -0.071884 -1.969463
v -0.061827 -0.086694 -1.969463
v -0.096327 -0.042518 -1.999105
v 0.041673 -0.042518 -1.999105
v -0.096327 -0.013153 -1.984413
v -0.096327 0.016213 -1.969463
v -0.096327 0.001402 -1.969463
v -0.096327 0.030768 -1.999105
v -0.078927 0.060133 -1.984413
v 0.024573 0.060133 -1.984413
v 0.007173 0.089498 -1.984413
v 0.024573 0.089498 -1.984413
v -0.061827 0.104053 -1.984413
v -0.009927 0.104053 -1.984413
v -0.027327 -0.101249 -1.969463
v -0.009927 -0.101249 -1.969463
v 0.024573 -0.101249 -1.969463
v -0.078927 -0.042518 -1.969463
v -0.096327 -0.042518 -1.969463
v -0.096327 -0.013153 -1.954771
v -0.096327 -0.027963 -1.954771
v -0.096327 0.001402 -1.954771
v -0.078927 -0.027963 -1.954771
v 0.024573 0.001402 -1.969463
v 0.041673 0.001402 -1.969463
v 0.024573 0.016213 -1.969463
v 0.041673 0.016213 -1.969463
v 0.024573 0.030768 -1.969463
v 0.041673 0.030768 -1.969463
v 0.024573 0.060133 -1.969463
v -0.078927 0.089498 -1.969463
v -0.061827 0.089498 -1.969463
v 0.007173 0.089498 -1.969463
v 0.024573 0.089498 -1.969463
v 0.007173 0.089498 -1.954771
v -0.061827 -0.086694 -1.954771
v -0.061827 -0.101249 -1.954771
v -0.044427 -0.101249 -1.939821
v -0.027327 -0.101249 -1.939821
v -0.009927 -0.101249 -1.954771
v 0.024573 -0.101249 -1.954771
v -0.078927 -0.071884 -1.939821
v -0.078927 -0.086694 -1.939821
v -0.061827 -0.086694 -1.939821
v -0.078927 -0.042518 -1.954771
v -0.096327 -0.042518 -1.954771
v -0.096327 0.016213 -1.939821
v -0.078927 0.016213 -1.939821
v 0.024573 0.016213 -1.939821
v 0.041673 0.016213 -1.939821
v -0.078927 0.089498 -1.954771
v -0.078927 0.089498 -1.939821
v -0.078927 0.074943 -1.939821
v -0.061827 0.089498 -1.954771
v -0.061827 0.089498 -1.939821
v -0.061827 0.104053 -1.954771
v -0.061827 -0.101249 -1.939821
v -0.009927 -0.101249 -1.939821
v 0.007173 -0.101249 -1.939821
v 0.024573 -0.071884 -1.939821
v 0.024573 -0.057329 -1.939821
v 0.024573 -0.042518 -1.939821
v 0.024573 -0.027963 -1.939821
v 0.041673 -0.042518 -1.939821
v 0.041673 -0.027963 -1.939821
v -0.096327 0.030768 -1.939821
v -0.078927 0.030768 -1.939821
v -0.078927 0.060133 -1.939821
v 0.007173 0.089498 -1.939821
v -0.061827 0.104053 -1.939821
v -0.061827 -0.116059 -1.939821
v -0.061827 -0.101249 -1.910179
v -0.044427 -0.116059 -1.939821
v 0.007173 -0.116059 -1.939821
v 0.007173 -0.101249 -1.925129
v -0.078927 -0.101249 -1.939821
v -0.078927 -0.101249 -1.925129
v -0.061827 -0.101249 -1.925129
v 0.024573 -0.071884 -1.925129
v 0.024573 -0.057329 -1.910179
v 0.024573 -0.027963 -1.925129
v 0.024573 0.030768 -1.925129
v -0.078927 0.060133 -1.910179
v -0.078927 0.089498 -1.925129
v -0.078927 0.060133 -1.925129
v -0.061827 0.089498 -1.925129
v 0.007173 0.089498 -1.910179
v -0.009927 -0.116059 -1.895487
v -0.078927 -0.071884 -1.910179
v -0.078927 -0.101249 -1.910179
v 0.024573 -0.086694 -1.910179
v -0.078927 -0.027963 -1.910179
v 0.024573 -0.027963 -1.895487
v 0.041673 -0.027963 -1.910179
v 0.024573 0.030768 -1.910179
v 0.024573 0.060133 -1.910179
v -0.061827 -0.101249 -1.895487
v -0.061827 -0.116059 -1.895487
v -0.044427 -0.116059 -1.895487
v 0.024573 -0.101249 -1.880537
v 0.024573 -0.086694 -1.880537
v 0.024573 -0.057329 -1.865844
v 0.024573 -0.042518 -1.865844
v -0.096327 0.016213 -1.895487
v -0.078927 0.016213 -1.895487
v -0.078927 0.030768 -1.895487
v 0.024573 0.045578 -1.910179
v 0.024573 0.060133 -1.880537
v -0.061827 0.089498 -1.895487
v -0.044427 0.104053 -1.895487
v -0.061827 -0.101249 -1.865844
v -0.044427 -0.116059 -1.880537
v -0.009927 -0.116059 -1.880537
v -0.078927 -0.101249 -1.880537
v -0.061827 -0.101249 -1.880537
v 0.024573 -0.071884 -1.851152
v 0.024573 -0.057329 -1.851152
v -0.078927 -0.042518 -1.880537
v -0.078927 -0.027963 -1.880537
v 0.024573 -0.042518 -1.880537
v 0.024573 -0.027963 -1.880537
v -0.096327 -0.027963 -1.880537
v 0.041673 -0.027963 -1.880537
v -0.044427 -0.279147 -0.292696
v -0.044427 -0.262047 -0.292696
v 0.024573 0.001402 -1.880537
v 0.041673 0.001402 -1.880537
v -0.044427 -0.262047 -0.275296
v -0.096327 0.030768 -1.895487
v -0.009927 -0.279147 -0.292696
v 0.024573 0.030768 -1.880537
v -0.009927 -0.279147 -0.275296
v 0.041673 0.030768 -1.880537
v -0.009927 -0.262047 -0.275296
v -0.009927 -0.262047 -0.292696
v -0.061827 0.104053 -1.851152
v -0.061827 0.089498 -1.851152
v -0.044427 0.104053 -1.851152
v 0.007173 0.104053 -1.880537
v -0.078927 -0.071884 -1.865844
v -0.078927 -0.101249 -1.865844
v -0.044427 0.255453 -0.292696
v 0.024573 -0.101249 -1.865844
v -0.044427 0.272553 -0.292696
v -0.096327 -0.042518 -1.880537
v -0.044427 0.272553 -0.275296
v 0.041673 -0.042518 -1.880537
v -0.044427 0.255453 -0.275296
v -0.027327 0.272553 -0.292696
v 0.041673 -0.042518 -1.865844
v -0.027327 0.272553 -0.275296
v 0.024573 0.001402 -1.865844
v -0.009927 0.255453 -0.292696
v 0.041673 0.001402 -1.865844
v 0.024573 0.030768 -1.865844
v -0.009927 0.255453 -0.275296
v -0.009927 0.272553 -0.275296
v 0.041673 0.030768 -1.865844
v -0.027327 0.289953 -0.292696
v -0.096327 0.030768 -1.865844
v -0.027327 0.289953 -0.275296
v -0.078927 0.030768 -1.865844
v -0.009927 0.289953 -0.275296
v -0.078927 0.045578 -1.865844
v 0.024573 0.045578 -1.865844
v -0.009927 0.289953 -0.292696
v -0.044427 -0.262047 -0.258196
v -0.078927 0.060133 -1.851152
v -0.009927 -0.279147 -0.258196
v -0.078927 0.045578 -1.851152
v 0.007173 -0.279147 -0.275296
v 0.024573 0.060133 -1.865844
v 0.007173 0.089498 -1.865844
v 0.007173 -0.279147 -0.258196
v 0.024573 0.089498 -1.865844
v 0.007173 -0.262047 -0.258196
v -0.078927 -0.101249 -1.851152
v -0.009927 -0.262047 -0.258196
v -0.061827 -0.262047 -0.275296
v -0.078927 -0.057329 -1.851152
v -0.061827 -0.227547 -0.275296
v -0.078927 -0.042518 -1.851152
v 0.041673 -0.057329 -1.865844
v -0.044427 -0.227547 -0.275296
v 0.041673 -0.057329 -1.851152
v -0.044427 -0.227547 -0.258196
v -0.009927 -0.227547 -0.275296
v -0.096327 -0.042518 -1.851152
v -0.096327 -0.013153 -1.851152
v -0.009927 -0.227547 -0.258196
v 0.007173 -0.227547 -0.258196
v -0.078927 -0.013153 -1.851152
v 0.007173 -0.227547 -0.275296
v 0.024573 -0.013153 -1.851152
v 0.041673 -0.013153 -1.851152
v -0.044427 -0.210147 -0.275296
v -0.044427 -0.210147 -0.258196
v -0.096327 0.001402 -1.851152
v -0.078927 0.001402 -1.851152
v -0.027327 -0.210147 -0.258196
v 0.024573 0.001402 -1.851152
v -0.009927 -0.210147 -0.258196
v 0.041673 0.001402 -1.851152
v -0.009927 -0.210147 -0.275296
v -0.096327 0.045578 -1.865844
v -0.096327 0.045578 -1.851152
v 0.024573 0.045578 -1.851152
v 0.041673 0.045578 -1.851152
v 0.041673 0.045578 -1.865844
v 0.024573 0.060133 -1.851152
v 0.007173 0.089498 -1.851152
v 0.024573 0.089498 -1.851152
v -0.044427 0.203553 -0.275296
v -0.078927 0.089498 -1.851152
v 0.007173 0.104053 -1.851152
v -0.044427 0.203553 -0.258196
v -0.061827 -0.101249 -1.836202
v -0.009927 0.203553 -0.275296
v -0.061827 -0.116059 -1.836202
v -0.009927 0.203553 -0.258196
v -0.009927 0.220953 -0.258196
v 0.007173 -0.116059 -1.836202
v 0.007173 -0.101249 -1.836202
v -0.044427 0.238053 -0.275296
v -0.044427 0.238053 -0.258196
v -0.078927 -0.101249 -1.836202
v -0.009927 0.238053 -0.258196
v 0.024573 -0.101249 -1.836202
v -0.009927 0.238053 -0.275296
v -0.061827 0.238053 -0.275296
v 0.024573 -0.086694 -1.836202
v -0.078927 -0.071884 -1.836202
v -0.061827 0.255453 -0.258196
v 0.024573 -0.071884 -1.836202
v -0.061827 0.238053 -0.258196
v -0.044427 0.255453 -0.258196
v -0.078927 -0.057329 -1.836202
v -0.009927 0.255453 -0.258196
v 0.041673 -0.071884 -1.851152
v 0.007173 0.238053 -0.275296
v 0.041673 -0.071884 -1.836202
v -0.096327 -0.057329 -1.851152
v 0.007173 0.238053 -0.258196
v -0.096327 -0.042518 -1.836202
v 0.007173 0.255453 -0.258196
v -0.061827 0.272553 -0.275296
v -0.096327 -0.057329 -1.836202
v -0.061827 0.272553 -0.258196
v -0.096327 -0.027963 -1.836202
v -0.044427 0.272553 -0.258196
v -0.078927 -0.027963 -1.836202
v -0.009927 0.272553 -0.258196
v 0.024573 -0.027963 -1.836202
v 0.007173 0.272553 -0.258196
v 0.041673 -0.027963 -1.836202
v 0.007173 0.272553 -0.275296
v -0.096327 -0.013153 -1.836202
v -0.009927 -0.227547 -0.240796
v -0.078927 -0.013153 -1.836202
v 0.024573 -0.013153 -1.836202
v 0.007173 -0.227547 -0.240796
v 0.041673 -0.013153 -1.836202
v -0.044427 -0.210147 -0.240796
v -0.009927 -0.210147 -0.240796
v -0.078927 0.001402 -1.836202
v 0.007173 -0.210147 -0.240796
v -0.061827 -0.210147 -0.258196
v 0.024573 0.001402 -1.836202
v -0.061827 -0.193047 -0.258196
v -0.096327 0.016213 -1.836202
v -0.096327 0.001402 -1.836202
v -0.061827 -0.193047 -0.240796
v -0.044427 -0.193047 -0.258196
v -0.078927 0.016213 -1.836202
v -0.044427 -0.193047 -0.240796
v 0.024573 0.016213 -1.836202
v 0.041673 0.001402 -1.836202
v -0.009927 -0.193047 -0.258196
v 0.041673 0.016213 -1.836202
v -0.009927 -0.193047 -0.240796
v 0.007173 -0.193047 -0.240796
v -0.096327 0.060133 -1.851152
v 0.007173 -0.193047 -0.258196
v -0.096327 0.060133 -1.836202
v -0.078927 0.060133 -1.836202
v -0.044427 -0.175647 -0.258196
v 0.024573 0.060133 -1.836202
v -0.044427 -0.175647 -0.240796
v 0.041673 0.060133 -1.836202
v -0.009927 -0.175647 -0.240796
v -0.009927 -0.175647 -0.258196
v 0.041673 0.060133 -1.851152
v -0.061827 -0.175647 -0.258196
v -0.078927 0.074943 -1.836202
v 0.024573 0.089498 -1.836202
v -0.061827 -0.158547 -0.258196
v -0.078927 0.104053 -1.851152
v -0.061827 -0.175647 -0.240796
v -0.044427 -0.158547 -0.240796
v 0.024573 0.104053 -1.851152
v -0.009927 -0.158547 -0.240796
v -0.078927 -0.116059 -1.836202
v 0.007173 -0.175647 -0.258196
v 0.024573 -0.116059 -1.836202
v 0.041673 -0.086694 -1.836202
v 0.007173 -0.175647 -0.240796
v 0.007173 -0.158547 -0.258196
v -0.096327 -0.071884 -1.836202
v -0.096327 -0.027963 -1.806560
v -0.096327 -0.042518 -1.806560
v -0.078927 -0.042518 -1.806560
v -0.078927 -0.027963 -1.806560
v -0.078927 0.016213 -1.821510
v 0.024573 0.016213 -1.821510
v -0.096327 0.030768 -1.821510
v -0.096327 0.016213 -1.821510
v -0.078927 0.030768 -1.821510
v -0.061827 0.151953 -0.258196
v 0.024573 0.030768 -1.821510
v -0.061827 0.169053 -0.258196
v 0.041673 0.016213 -1.821510
v 0.041673 0.030768 -1.821510
v -0.044427 0.151953 -0.240796
v -0.044427 0.169053 -0.258196
v -0.096327 0.074943 -1.836202
v -0.096327 0.074943 -1.821510
v -0.044427 0.169053 -0.240796
v -0.009927 0.151953 -0.240796
v -0.078927 0.074943 -1.821510
v 0.041673 0.089498 -1.836202
v -0.009927 0.169053 -0.258196
v 0.024573 -0.101249 -1.806560
v -0.009927 0.169053 -0.240796
v 0.007173 0.151953 -0.258196
v 0.007173 0.169053 -0.258196
v 0.024573 -0.086694 -1.806560
v -0.078927 -0.071884 -1.806560
v -0.044427 0.186453 -0.258196
v -0.044427 0.186453 -0.240796
v 0.041673 -0.086694 -1.806560
v -0.009927 0.186453 -0.240796
v -0.096327 -0.071884 -1.806560
v -0.009927 0.186453 -0.258196
v 0.024573 -0.057329 -1.806560
v -0.061827 0.186453 -0.258196
v 0.041673 -0.057329 -1.806560
v -0.061827 0.203553 -0.240796
v 0.024573 -0.042518 -1.806560
v -0.044427 0.203553 -0.240796
v 0.024573 -0.027963 -1.806560
v -0.009927 0.203553 -0.240796
v 0.041673 -0.027963 -1.806560
v 0.007173 0.186453 -0.258196
v -0.078927 0.016213 -1.806560
v 0.007173 0.203553 -0.240796
v -0.078927 0.030768 -1.806560
v 0.024573 0.030768 -1.806560
v -0.061827 0.220953 -0.240796
v -0.044427 0.220953 -0.240796
v -0.096327 0.030768 -1.806560
v -0.009927 0.220953 -0.240796
v 0.024573 0.045578 -1.806560
v 0.041673 0.030768 -1.806560
v 0.007173 0.220953 -0.240796
v 0.041673 0.045578 -1.806560
v 0.007173 0.220953 -0.258196
v -0.044427 -0.262047 -0.223696
v -0.096327 0.060133 -1.806560
v -0.078927 0.060133 -1.806560
v -0.044427 -0.279147 -0.223696
v -0.096327 0.074943 -1.806560
v -0.009927 -0.279147 -0.223696
v -0.009927 -0.262047 -0.223696
v -0.078927 0.074943 -1.806560
v -0.061827 -0.244647 -0.223696
v -0.078927 -0.101249 -1.791868
v -0.078927 -0.116059 -1.791868
v -0.061827 -0.262047 -0.223696
v -0.044427 -0.244647 -0.223696
v -0.061827 -0.116059 -1.791868
v -0.009927 -0.244647 -0.223696
v -0.061827 -0.101249 -1.791868
v 0.007173 -0.116059 -1.791868
v 0.007173 -0.262047 -0.223696
v 0.007173 -0.101249 -1.791868
v 0.007173 -0.244647 -0.223696
v 0.024573 -0.116059 -1.791868
v -0.061827 -0.227547 -0.223696
v 0.024573 -0.101249 -1.791868
v -0.044427 -0.227547 -0.223696
v 0.024573 -0.086694 -1.791868
v -0.009927 -0.227547 -0.223696
v 0.007173 -0.227547 -0.223696
v 0.041673 -0.101249 -1.806560
v -0.044427 -0.210147 -0.223696
v 0.041673 -0.101249 -1.791868
v 0.024573 -0.071884 -1.791868
v -0.009927 -0.210147 -0.223696
v 0.024573 -0.057329 -1.791868
v -0.061827 -0.210147 -0.223696
v 0.041673 -0.057329 -1.791868
v 0.007173 -0.210147 -0.223696
v -0.061827 -0.158547 -0.223696
v 0.024573 -0.042518 -1.791868
v 0.024573 -0.013153 -1.791868
v -0.044427 -0.158547 -0.223696
v -0.078927 0.030768 -1.776918
v -0.009927 -0.158547 -0.223696
v -0.078927 0.016213 -1.776918
v 0.007173 -0.158547 -0.223696
v 0.024573 0.045578 -1.791868
v -0.044427 -0.141147 -0.240796
v -0.044427 -0.141147 -0.223696
v 0.041673 0.045578 -1.791868
v -0.078927 0.089498 -1.791868
v -0.009927 -0.141147 -0.223696
v -0.061827 0.089498 -1.791868
v -0.009927 -0.141147 -0.240796
v 0.024573 0.089498 -1.791868
v 0.041673 0.089498 -1.791868
v -0.078927 0.104053 -1.791868
v -0.061827 0.104053 -1.791868
v 0.024573 -0.071884 -1.776918
v -0.078927 -0.042518 -1.776918
v 0.024573 -0.042518 -1.762226
v 0.024573 -0.013153 -1.776918
v -0.078927 0.001402 -1.762226
v -0.078927 -0.013153 -1.762226
v -0.078927 0.001402 -1.776918
v 0.024573 0.016213 -1.776918
v 0.024573 0.045578 -1.776918
v 0.007173 0.089498 -1.776918
v 0.024573 0.089498 -1.776918
v -0.044427 0.134553 -0.240796
v -0.044427 0.151953 -0.223696
v 0.007173 0.104053 -1.776918
v 0.024573 0.104053 -1.776918
v -0.044427 0.134553 -0.223696
v -0.009927 0.134553 -0.240796
v -0.078927 -0.086694 -1.762226
v -0.009927 0.134553 -0.223696
v -0.078927 -0.071884 -1.762226
v -0.009927 0.151953 -0.223696
v -0.078927 -0.042518 -1.762226
v -0.061827 0.169053 -0.223696
v 0.024573 -0.013153 -1.762226
v -0.061827 0.151953 -0.223696
v -0.078927 0.030768 -1.762226
v 0.024573 0.016213 -1.762226
v -0.044427 0.169053 -0.223696
v 0.024573 0.045578 -1.762226
v -0.009927 0.169053 -0.223696
v 0.007173 0.151953 -0.223696
v 0.024573 0.060133 -1.747276
v 0.024573 0.060133 -1.776918
v 0.007173 0.169053 -0.223696
v -0.078927 0.089498 -1.762226
v -0.044427 0.186453 -0.223696
v -0.009927 0.186453 -0.223696
v -0.061827 0.089498 -1.762226
v -0.061827 0.203553 -0.223696
v 0.007173 0.089498 -1.762226
v -0.061827 0.186453 -0.223696
v 0.007173 -0.116059 -1.747276
v -0.044427 0.203553 -0.223696
v -0.078927 -0.071884 -1.732584
v -0.078927 -0.071884 -1.747276
v -0.009927 0.203553 -0.223696
v 0.024573 -0.042518 -1.747276
v 0.007173 0.186453 -0.223696
v 0.024573 -0.027963 -1.747276
v 0.007173 0.203553 -0.223696
v -0.044427 0.220953 -0.223696
v 0.024573 -0.013153 -1.747276
v -0.009927 0.220953 -0.223696
v -0.078927 0.001402 -1.747276
v 0.024573 0.016213 -1.747276
v -0.061827 0.238053 -0.223696
v 0.024573 0.030768 -1.762226
v -0.061827 0.220953 -0.223696
v -0.044427 0.238053 -0.223696
v -0.078927 0.060133 -1.747276
v -0.078927 0.074943 -1.747276
v 0.007173 0.220953 -0.223696
v 0.024573 -0.101249 -1.732584
v -0.061827 0.255453 -0.223696
v -0.078927 -0.057329 -1.732584
v -0.044427 0.255453 -0.223696
v 0.024573 -0.027963 -1.717634
v -0.044427 0.272553 -0.223696
v -0.027327 0.255453 -0.223696
v -0.078927 0.016213 -1.717634
v -0.027327 0.272553 -0.223696
v -0.078927 0.001402 -1.717634
v -0.061827 -0.210147 -0.206296
v 0.024573 0.016213 -1.732584
v 0.024573 0.030768 -1.732584
v -0.044427 -0.210147 -0.206296
v -0.009927 -0.210147 -0.206296
v -0.078927 0.060133 -1.732584
v 0.007173 -0.210147 -0.206296
v 0.024573 0.060133 -1.732584
v -0.061827 -0.193047 -0.206296
v -0.078927 0.060133 -1.717634
v -0.061827 0.089498 -1.732584
v -0.044427 -0.193047 -0.206296
v -0.009927 -0.193047 -0.206296
v 0.007173 0.089498 -1.732584
v -0.061827 -0.101249 -1.717634
v 0.007173 -0.193047 -0.206296
v -0.061827 -0.116059 -1.717634
v -0.061827 -0.175647 -0.206296
v -0.044427 -0.175647 -0.206296
v -0.044427 -0.116059 -1.717634
v -0.061827 -0.158547 -0.206296
v -0.078927 -0.101249 -1.717634
v -0.078927 -0.057329 -1.702942
v -0.044427 -0.158547 -0.206296
v -0.078927 -0.027963 -1.717634
v -0.061827 -0.141147 -0.223696
v -0.078927 -0.057329 -1.717634
v -0.078927 -0.027963 -1.702942
v -0.078927 -0.042518 -1.702942
v 0.007173 -0.141147 -0.223696
v -0.078927 -0.013153 -1.717634
v 0.024573 0.016213 -1.717634
v 0.024573 0.030768 -1.702942
v 0.024573 0.045578 -1.702942
v 0.024573 0.045578 -1.717634
v 0.024573 0.060133 -1.717634
v -0.078927 0.074943 -1.702942
v -0.061827 0.089498 -1.702942
v 0.007173 0.089498 -1.702942
v -0.061827 -0.116059 -1.702942
v -0.044427 -0.116059 -1.702942
v 0.024573 -0.057329 -1.702942
v -0.061827 -0.020547 -0.206296
v 0.024573 -0.042518 -1.702942
v -0.078927 -0.013153 -1.702942
v 0.007173 -0.020547 -0.206296
v -0.061827 0.013953 -0.206296
v -0.078927 0.016213 -1.702942
v -0.078927 0.030768 -1.702942
v -0.009927 0.013953 -0.206296
v -0.078927 0.060133 -1.702942
v 0.007173 0.013953 -0.206296
v -0.061827 -0.116059 -1.687992
v 0.007173 -0.101249 -1.687992
v 0.024573 -0.071884 -1.673299
v 0.024573 -0.057329 -1.673299
v -0.078927 -0.042518 -1.687992
v 0.024573 -0.042518 -1.687992
v -0.078927 -0.027963 -1.673299
v 0.024573 -0.027963 -1.687992
v 0.024573 0.001402 -1.687992
v 0.024573 0.016213 -1.687992
v -0.061827 0.134553 -0.223696
v -0.078927 0.030768 -1.673299
v -0.027327 0.134553 -0.206296
v -0.078927 0.016213 -1.673299
v -0.061827 0.089498 -1.687992
v -0.009927 0.134553 -0.206296
v -0.009927 0.151953 -0.206296
v -0.061827 0.104053 -1.687992
v -0.044427 0.104053 -1.687992
v 0.007173 0.134553 -0.223696
v 0.007173 0.151953 -0.189196
v 0.024573 -0.027963 -1.658350
v 0.024573 0.001402 -1.658350
v -0.009927 0.134553 -0.189196
v 0.024573 0.016213 -1.658350
v 0.007173 0.151953 -0.206296
v -0.061827 0.203553 -0.189196
v -0.078927 0.074943 -1.673299
v -0.061827 0.074943 -1.673299
v -0.044427 0.203553 -0.189196
v -0.061827 0.089498 -1.673299
v -0.044427 0.220953 -0.189196
v -0.061827 0.238053 -0.206296
v 0.007173 0.089498 -1.673299
v -0.044427 0.104053 -1.658350
v -0.009927 0.238053 -0.206296
v 0.007173 0.104053 -1.673299
v 0.007173 0.238053 -0.206296
v -0.027327 0.238053 -0.206296
v -0.061827 -0.101249 -1.658350
v -0.027327 0.255453 -0.206296
v -0.078927 -0.086694 -1.658350
v -0.009927 0.255453 -0.206296
v -0.078927 -0.101249 -1.658350
v -0.061827 -0.086694 -1.658350
v 0.007173 0.255453 -0.206296
v -0.027327 0.272553 -0.206296
v 0.024573 -0.101249 -1.658350
v -0.009927 0.272553 -0.206296
v 0.024573 -0.086694 -1.658350
v -0.044427 -0.244647 -0.189196
v 0.024573 -0.071884 -1.658350
v -0.044427 -0.262047 -0.189196
v -0.078927 0.016213 -1.643657
v -0.009927 -0.262047 -0.189196
v 0.024573 0.045578 -1.658350
v -0.009927 -0.244647 -0.189196
v 0.024573 0.060133 -1.658350
v -0.061827 -0.227547 -0.189196
v -0.078927 0.074943 -1.658350
v -0.061827 -0.244647 -0.189196
v -0.061827 0.074943 -1.658350
v -0.061827 0.089498 -1.643657
v -0.044427 -0.227547 -0.189196
v -0.061827 -0.210147 -0.189196
v 0.024573 -0.027963 -1.643657
v 0.024573 0.001402 -1.643657
v -0.044427 -0.210147 -0.189196
v 0.024573 0.016213 -1.643657
v -0.009927 -0.210147 -0.189196
v 0.007173 -0.210147 -0.189196
v 0.024573 0.045578 -1.643657
v 0.024573 0.060133 -1.628707
v -0.044427 -0.193047 -0.189196
v 0.007173 0.089498 -1.643657
v -0.009927 -0.193047 -0.189196
v -0.009927 0.104053 -1.643657
v -0.061827 -0.175647 -0.189196
v -0.078927 -0.042518 -1.628707
v -0.061827 -0.193047 -0.189196
v -0.078927 -0.013153 -1.628707
v -0.044427 -0.175647 -0.189196
v -0.009927 0.104053 -1.614015
v 0.007173 -0.193047 -0.189196
v -0.061827 -0.101249 -1.614015
v -0.044427 -0.158547 -0.189196
v -0.027327 -0.116059 -1.614015
v -0.061827 -0.141147 -0.189196
v -0.061827 -0.158547 -0.189196
v -0.009927 -0.116059 -1.614015
v -0.044427 -0.141147 -0.189196
v 0.007173 -0.116059 -1.614015
v -0.009927 -0.141147 -0.189196
v -0.061827 -0.086694 -1.614015
v 0.007173 -0.141147 -0.189196
v -0.078927 -0.071884 -1.614015
v -0.078927 -0.086694 -1.614015
v -0.044427 -0.124047 -0.189196
v -0.009927 -0.124047 -0.189196
v -0.078927 -0.057329 -1.614015
v -0.078927 -0.013153 -1.614015
v 0.024573 -0.027963 -1.614015
v -0.078927 0.016213 -1.614015
v 0.024573 0.060133 -1.614015
v 0.024573 0.074943 -1.614015
v -0.044427 0.104053 -1.614015
v -0.061827 -0.101249 -1.599323
v -0.061827 -0.116059 -1.599323
v -0.078927 -0.020547 -0.206296
v -0.009927 -0.116059 -1.584373
v -0.078927 -0.101249 -1.614015
v 0.024573 -0.020547 -0.206296
v -0.078927 0.013953 -0.206296
v 0.024573 -0.086694 -1.599323
v -0.078927 0.013953 -0.189196
v -0.078927 -0.057329 -1.599323
v 0.024573 -0.027963 -1.584373
v -0.061827 0.013953 -0.189196
v 0.024573 0.060133 -1.584373
v 0.007173 0.013953 -0.189196
v 0.024573 0.013953 -0.189196
v 0.024573 0.074943 -1.584373
v 0.024573 0.013953 -0.206296
v -0.061827 0.089498 -1.599323
v 0.007173 0.089498 -1.599323
v -0.061827 0.031053 -0.189196
v -0.009927 0.013953 -0.189196
v -0.044427 0.104053 -1.599323
v 0.007173 0.031053 -0.189196
v -0.061827 -0.101249 -1.584373
v -0.061827 -0.116059 -1.584373
v -0.044427 -0.116059 -1.584373
v -0.078927 -0.101249 -1.584373
v 0.024573 -0.086694 -1.584373
v -0.078927 -0.013153 -1.584373
v 0.024573 -0.013153 -1.584373
v -0.078927 0.001402 -1.584373
v -0.078927 0.016213 -1.584373
v 0.024573 0.016213 -1.584373
v 0.007173 0.089498 -1.584373
v 0.024573 0.089498 -1.584373
v -0.061827 0.104053 -1.584373
v -0.027327 0.134553 -0.189196
v -0.061827 -0.101249 -1.554731
v -0.044427 0.134553 -0.189196
v -0.044427 -0.116059 -1.554731
v -0.009927 0.151953 -0.189196
v 0.007173 -0.101249 -1.569681
v -0.009927 0.169053 -0.189196
v -0.078927 -0.057329 -1.569681
v 0.007173 0.169053 -0.189196
v -0.078927 -0.027963 -1.569681
v -0.061827 0.186453 -0.189196
v 0.024573 -0.027963 -1.569681
v -0.078927 -0.013153 -1.569681
v -0.044427 0.186453 -0.189196
v 0.024573 -0.013153 -1.569681
v -0.009927 0.186453 -0.189196
v -0.096327 -0.013153 -1.584373
v 0.007173 0.186453 -0.189196
v -0.096327 -0.013153 -1.569681
v -0.009927 0.203553 -0.189196
v 0.007173 0.203553 -0.189196
v 0.041673 -0.013153 -1.584373
v -0.009927 -0.244647 -0.172096
v 0.041673 -0.013153 -1.569681
v -0.096327 0.016213 -1.584373
v -0.009927 -0.227547 -0.172096
v 0.007173 -0.244647 -0.172096
v 0.041673 0.016213 -1.584373
v 0.007173 -0.227547 -0.172096
v -0.078927 0.045578 -1.569681
v -0.061827 -0.227547 -0.172096
v 0.024573 0.060133 -1.569681
v -0.009927 -0.210147 -0.154696
v 0.007173 0.089498 -1.569681
v 0.007173 -0.210147 -0.154696
v 0.024573 0.089498 -1.569681
v -0.027327 0.104053 -1.569681
v 0.007173 -0.193047 -0.154696
v 0.024573 -0.086694 -1.554731
v -0.061827 -0.158547 -0.172096
v -0.044427 -0.158547 -0.172096
v 0.024573 -0.057329 -1.554731
v -0.078927 -0.042518 -1.540039
v -0.009927 -0.158547 -0.172096
v 0.007173 -0.158547 -0.172096
v -0.078927 -0.027963 -1.554731
v -0.061827 -0.141147 -0.172096
v -0.096327 -0.027963 -1.569681
v 0.041673 -0.027963 -1.569681
v -0.044427 -0.141147 -0.172096
v 0.024573 0.016213 -1.554731
v -0.009927 -0.141147 -0.172096
v 0.007173 -0.141147 -0.172096
v 0.041673 0.016213 -1.554731
v -0.061827 -0.124047 -0.189196
v 0.024573 0.030768 -1.554731
v 0.024573 0.045578 -1.554731
v -0.061827 -0.124047 -0.172096
v -0.044427 -0.124047 -0.172096
v -0.078927 0.030768 -1.540039
v -0.009927 -0.124047 -0.172096
v 0.024573 0.060133 -1.554731
v 0.007173 -0.124047 -0.172096
v -0.078927 0.074943 -1.554731
v -0.027327 0.104053 -1.554731
v -0.044427 -0.106647 -0.172096
v -0.009927 0.104053 -1.554731
v -0.009927 -0.106647 -0.172096
v -0.061827 -0.101249 -1.540039
v -0.078927 -0.027963 -1.540039
v -0.061827 -0.106647 -0.172096
v 0.024573 -0.042518 -1.540039
v 0.024573 -0.027963 -1.540039
v 0.007173 -0.106647 -0.172096
v -0.096327 -0.027963 -1.540039
v -0.078927 0.013953 -0.172096
v 0.041673 -0.027963 -1.540039
v -0.096327 0.016213 -1.540039
v -0.061827 0.013953 -0.172096
v 0.007173 0.013953 -0.172096
v -0.078927 0.016213 -1.540039
v 0.024573 0.013953 -0.172096
v 0.041673 0.030768 -1.554731
v -0.078927 0.031053 -0.189196
v -0.078927 0.089498 -1.540039
v -0.078927 0.031053 -0.172096
v -0.061827 0.089498 -1.540039
v -0.061827 0.031053 -0.172096
v 0.007173 0.089498 -1.540039
v 0.007173 0.031053 -0.172096
v -0.009927 0.104053 -1.525089
v -0.027327 -0.116059 -1.525089
v 0.024573 0.031053 -0.172096
v 0.024573 0.031053 -0.189196
v 0.007173 -0.116059 -1.525089
v 0.007173 -0.101249 -1.525089
v -0.061827 0.100053 -0.172096
v 0.024573 -0.101249 -1.525089
v -0.044427 0.100053 -0.172096
v -0.096327 -0.042518 -1.540039
v -0.009927 0.100053 -0.172096
v 0.041673 -0.042518 -1.540039
v -0.096327 0.030768 -1.540039
v 0.007173 0.100053 -0.172096
v -0.078927 0.030768 -1.525089
v 0.024573 0.045578 -1.525089
v -0.044427 0.134553 -0.172096
v -0.009927 0.134553 -0.172096
v 0.024573 0.060133 -1.525089
v 0.024573 0.074943 -1.525089
v -0.061827 0.134553 -0.172096
v 0.007173 0.134553 -0.172096
v 0.007173 0.089498 -1.525089
v -0.009927 0.169053 -0.154696
v -0.044427 -0.116059 -1.510397
v 0.007173 -0.116059 -1.510397
v 0.007173 0.169053 -0.154696
v 0.007173 -0.101249 -1.510397
v -0.061827 0.186453 -0.172096
v -0.044427 0.186453 -0.172096
v 0.024573 -0.057329 -1.510397
v -0.009927 0.186453 -0.172096
v 0.024573 -0.042518 -1.510397
v 0.041673 -0.042518 -1.510397
v 0.007173 0.186453 -0.172096
v -0.044427 0.203553 -0.172096
v 0.024573 0.045578 -1.510397
v -0.009927 0.203553 -0.172096
v 0.024573 0.074943 -1.510397
v 0.024573 0.060133 -1.510397
v -0.061827 0.220953 -0.172096
v 0.024573 0.060133 -1.495447
v -0.061827 0.203553 -0.172096
v -0.044427 0.220953 -0.172096
v -0.061827 0.104053 -1.510397
v -0.044427 0.104053 -1.510397
v -0.009927 0.220953 -0.172096
v 0.007173 0.203553 -0.172096
v -0.027327 0.104053 -1.510397
v -0.061827 -0.101249 -1.495447
v 0.007173 0.220953 -0.172096
v -0.061827 0.238053 -0.172096
v -0.044427 -0.116059 -1.495447
v -0.009927 -0.116059 -1.495447
v -0.044427 0.238053 -0.172096
v -0.009927 0.238053 -0.172096
v 0.007173 -0.116059 -1.495447
v -0.078927 -0.042518 -1.495447
v 0.007173 0.238053 -0.172096
v -0.044427 0.255453 -0.172096
v 0.024573 -0.057329 -1.480754
v 0.024573 -0.042518 -1.495447
v -0.009927 0.255453 -0.172096
v -0.096327 -0.027963 -1.495447
v -0.044427 -0.227547 -0.154696
v -0.096327 -0.042518 -1.495447
v -0.044427 -0.244647 -0.154696
v -0.078927 -0.027963 -1.495447
v -0.027327 -0.244647 -0.154696
v 0.024573 -0.027963 -1.495447
v -0.027327 -0.227547 -0.154696
v 0.041673 -0.042518 -1.495447
v -0.009927 -0.227547 -0.154696
v -0.061827 -0.210147 -0.154696
v 0.041673 -0.027963 -1.495447
v -0.096327 -0.013153 -1.495447
v -0.061827 -0.227547 -0.154696
v -0.096327 0.016213 -1.495447
v -0.044427 -0.210147 -0.154696
v 0.007173 -0.227547 -0.154696
v -0.078927 0.016213 -1.495447
v 0.007173 -0.175647 -0.154696
v -0.096327 0.030768 -1.495447
v -0.061827 -0.158547 -0.154696
v -0.078927 0.030768 -1.495447
v 0.024573 0.030768 -1.495447
v -0.044427 -0.158547 -0.154696
v -0.061827 0.089498 -1.495447
v -0.009927 -0.158547 -0.154696
v 0.007173 -0.158547 -0.154696
v -0.027327 0.104053 -1.480754
v -0.044427 -0.141147 -0.154696
v 0.024573 -0.071884 -1.480754
v -0.009927 -0.141147 -0.154696
v -0.061827 -0.141147 -0.154696
v 0.041673 -0.027963 -1.480754
v 0.024573 0.016213 -1.480754
v 0.007173 -0.141147 -0.154696
v -0.061827 0.169053 -0.154696
v 0.041673 0.016213 -1.480754
v -0.044427 0.169053 -0.154696
v -0.061827 0.016213 -1.495447
v 0.024573 0.030768 -1.480754
v -0.061827 0.186453 -0.154696
v -0.044427 0.186453 -0.154696
v 0.041673 0.030768 -1.480754
v -0.009927 0.186453 -0.154696
v 0.024573 0.030768 -1.465805
v 0.007173 0.186453 -0.154696
v 0.024573 0.060133 -1.465805
v 0.024573 -0.057329 -1.451112
v -0.061827 0.220953 -0.154696
v -0.096327 -0.027963 -1.465805
v -0.044427 0.220953 -0.154696
v -0.061827 -0.101249 -1.451112
v -0.044427 0.238053 -0.154696
v -0.027327 0.220953 -0.154696
v 0.007173 -0.101249 -1.451112
v 0.024573 -0.086694 -1.436162
v -0.027327 0.238053 -0.154696
v -0.027327 -0.227547 -0.137596
v -0.078927 -0.027963 -1.451112
v -0.027327 -0.244647 -0.137596
v 0.024573 -0.027963 -1.451112
v -0.009927 -0.244647 -0.137596
v -0.009927 -0.227547 -0.137596
v -0.096327 -0.013153 -1.451112
v -0.044427 -0.210147 -0.137596
v -0.096327 -0.027963 -1.451112
v -0.078927 -0.013153 -1.451112
v 0.007173 -0.175647 -0.137596
v 0.007173 -0.055047 -0.137596
v 0.024573 0.089498 -1.451112
v -0.061827 -0.101249 -1.436162
v -0.061827 -0.037647 -0.137596
v -0.061827 -0.020547 -0.137596
v -0.009927 -0.116059 -1.436162
v 0.007173 -0.020547 -0.137596
v 0.007173 -0.101249 -1.406520
v 0.024573 -0.086694 -1.406520
v -0.078927 -0.020547 -0.137596
v 0.024573 -0.020547 -0.137596
v -0.078927 0.013953 -0.137596
v 0.024573 -0.027963 -1.436162
v 0.024573 -0.013153 -1.436162
v -0.061827 0.013953 -0.137596
v 0.041673 -0.027963 -1.436162
v 0.007173 0.013953 -0.137596
v 0.024573 0.013953 -0.137596
v 0.041673 -0.013153 -1.436162
v -0.078927 0.016213 -1.436162
v -0.061827 0.048453 -0.137596
v 0.007173 0.048453 -0.137596
v 0.007173 -0.116059 -1.406520
v 0.007173 0.169053 -0.137596
v 0.024573 -0.086694 -1.421470
v -0.061827 0.203553 -0.137596
v -0.044427 0.203553 -0.137596
v -0.061827 0.089498 -1.421470
v -0.009927 0.203553 -0.137596
v 0.024573 -0.071884 -1.406520
v 0.007173 0.203553 -0.137596
v -0.078927 -0.013153 -1.406520
v -0.061827 0.220953 -0.137596
v -0.096327 0.001402 -1.406520
v -0.096327 0.016213 -1.406520
v -0.044427 0.220953 -0.137596
v -0.027327 0.220953 -0.137596
v -0.078927 0.089498 -1.406520
v -0.061827 -0.101249 -1.391828
v -0.009927 0.220953 -0.137596
v 0.007173 0.220953 -0.137596
v -0.078927 -0.101249 -1.391828
v -0.027327 0.238053 -0.137596
v 0.024573 -0.101249 -1.391828
v -0.009927 0.238053 -0.137596
v 0.024573 -0.086694 -1.391828
v 0.024573 -0.071884 -1.391828
v -0.044427 -0.210147 -0.120196
v 0.024573 -0.057329 -1.391828
v -0.044427 -0.227547 -0.120196
v -0.009927 -0.227547 -0.120196
v -0.078927 -0.013153 -1.391828
v 0.024573 -0.013153 -1.391828
v -0.009927 -0.210147 -0.120196
v -0.096327 0.001402 -1.376878
v -0.061827 -0.193047 -0.120196
v -0.078927 -0.013153 -1.376878
v -0.061827 -0.210147 -0.120196
v -0.044427 -0.193047 -0.120196
v 0.041673 0.001402 -1.391828
v -0.078927 0.016213 -1.391828
v -0.009927 -0.193047 -0.120196
v -0.078927 0.045578 -1.391828
v 0.007173 -0.210147 -0.120196
v 0.007173 -0.193047 -0.120196
v -0.078927 0.060133 -1.391828
v 0.024573 0.089498 -1.391828
v -0.061827 -0.072147 -0.120196
v -0.044427 -0.072147 -0.120196
v -0.061827 -0.101249 -1.376878
v -0.009927 -0.072147 -0.120196
v -0.044427 -0.116059 -1.376878
v 0.007173 -0.101249 -1.376878
v 0.007173 -0.072147 -0.120196
v -0.061827 -0.055047 -0.120196
v 0.024573 -0.071884 -1.347236
v -0.044427 -0.055047 -0.120196
v 0.024573 -0.057329 -1.347236
v -0.009927 -0.055047 -0.120196
v 0.024573 -0.013153 -1.362186
v 0.007173 -0.055047 -0.120196
v 0.041673 0.001402 -1.362186
v -0.061827 -0.037647 -0.120196
v -0.078927 0.016213 -1.362186
v 0.024573 -0.055047 -0.137596
v -0.078927 0.045578 -1.376878
v 0.024573 0.030768 -1.376878
v 0.024573 -0.037647 -0.120196
v -0.078927 -0.037647 -0.137596
v 0.024573 0.060133 -1.376878
v -0.061827 -0.101249 -1.332544
v -0.078927 -0.020547 -0.120196
v -0.078927 -0.037647 -0.120196
v -0.044427 -0.116059 -1.332544
v 0.024573 -0.020547 -0.120196
v -0.096327 0.016213 -1.362186
v 0.024573 0.016213 -1.362186
v -0.096327 -0.020547 -0.137596
v 0.024573 0.030768 -1.362186
v -0.096327 -0.020547 -0.120196
v 0.041673 -0.020547 -0.137596
v 0.024573 0.045578 -1.362186
v 0.041673 -0.020547 -0.120196
v -0.078927 0.089498 -1.362186
v -0.061827 0.089498 -1.362186
v -0.096327 0.013953 -0.137596
v -0.096327 0.013953 -0.120196
v 0.007173 -0.116059 -1.347236
v -0.078927 0.013953 -0.120196
v 0.024573 -0.101249 -1.347236
v 0.024573 0.013953 -0.120196
v 0.041673 0.013953 -0.120196
v 0.024573 0.016213 -1.347236
v 0.024573 0.045578 -1.347236
v 0.041673 0.013953 -0.137596
v -0.027327 -0.116059 -1.332544
v -0.078927 0.031053 -0.120196
v 0.024573 0.031053 -0.120196
v -0.009927 -0.116059 -1.332544
v -0.078927 0.048453 -0.137596
v 0.024573 -0.057329 -1.332544
v 0.024573 0.048453 -0.137596
v 0.024573 -0.027963 -1.332544
v -0.061827 0.065553 -0.120196
v 0.024573 -0.013153 -1.332544
v -0.044427 0.065553 -0.120196
v 0.041673 -0.013153 -1.332544
v -0.009927 0.065553 -0.120196
v -0.061827 -0.101249 -1.317852
v 0.007173 0.065553 -0.120196
v -0.061827 0.082953 -0.120196
v -0.061827 -0.116059 -1.317852
v -0.044427 -0.116059 -1.317852
v -0.044427 0.082953 -0.120196
v -0.044427 -0.101249 -1.317852
v -0.009927 0.082953 -0.120196
v 0.007173 0.082953 -0.120196
v -0.027327 -0.116059 -1.302902
v -0.009927 -0.116059 -1.302902
v -0.061827 0.151953 -0.120196
v -0.044427 0.151953 -0.120196
v -0.009927 0.151953 -0.120196
v 0.007173 0.151953 -0.120196
v 0.007173 -0.101249 -1.317852
v -0.061827 0.169053 -0.120196
v 0.024573 -0.071884 -1.317852
v -0.044427 0.169053 -0.120196
v 0.024573 -0.057329 -1.317852
v 0.024573 -0.042518 -1.317852
v -0.009927 0.169053 -0.120196
v 0.007173 0.169053 -0.120196
v 0.024573 -0.027963 -1.317852
v 0.024573 -0.013153 -1.317852
v -0.044427 0.186453 -0.120196
v 0.024573 0.016213 -1.317852
v -0.009927 0.186453 -0.120196
v -0.061827 0.203553 -0.120196
v 0.024573 0.030768 -1.317852
v -0.061827 0.186453 -0.120196
v 0.024573 0.045578 -1.317852
v -0.044427 0.203553 -0.120196
v 0.024573 0.060133 -1.317852
v -0.009927 0.203553 -0.120196
v -0.044427 -0.101249 -1.302902
v 0.007173 0.186453 -0.120196
v -0.044427 -0.116059 -1.302902
v 0.007173 -0.116059 -1.302902
v 0.007173 0.203553 -0.120196
v 0.007173 -0.101249 -1.302902
v -0.044427 0.220953 -0.120196
v -0.027327 0.203553 -0.120196
v -0.078927 -0.101249 -1.302902
v -0.027327 0.220953 -0.120196
v 0.024573 -0.101249 -1.302902
v -0.078927 -0.071884 -1.302902
v -0.044427 -0.193047 -0.103096
v 0.024573 -0.071884 -1.302902
v -0.009927 -0.193047 -0.103096
v -0.061827 -0.175647 -0.103096
v -0.078927 -0.057329 -1.302902
v -0.061827 -0.193047 -0.103096
v 0.041673 -0.071884 -1.317852
v -0.044427 -0.175647 -0.103096
v 0.041673 -0.071884 -1.302902
v -0.009927 -0.175647 -0.103096
v 0.041673 -0.057329 -1.317852
v 0.007173 -0.193047 -0.103096
v 0.024573 -0.013153 -1.302902
v 0.007173 -0.175647 -0.103096
v 0.041673 -0.013153 -1.302902
v -0.061827 -0.158547 -0.103096
v 0.024573 0.016213 -1.288209
v -0.044427 -0.158547 -0.103096
v -0.061827 -0.141147 -0.103096
v -0.078927 0.045578 -1.302902
v 0.024573 0.045578 -1.288209
v -0.044427 -0.141147 -0.103096
v -0.078927 0.060133 -1.302902
v -0.061827 -0.089547 -0.103096
v 0.024573 0.060133 -1.302902
v -0.044427 -0.089547 -0.103096
v 0.024573 0.045578 -1.302902
v -0.009927 -0.089547 -0.103096
v 0.007173 -0.089547 -0.103096
v 0.041673 0.045578 -1.317852
v 0.041673 0.045578 -1.302902
v -0.061827 -0.072147 -0.103096
v 0.041673 0.060133 -1.302902
v -0.044427 -0.072147 -0.103096
v -0.009927 -0.072147 -0.103096
v 0.041673 0.060133 -1.317852
v 0.007173 -0.072147 -0.103096
v 0.024573 0.074943 -1.302902
v -0.044427 -0.055047 -0.103096
v -0.078927 0.089498 -1.302902
v -0.009927 -0.055047 -0.103096
v -0.061827 0.089498 -1.302902
v -0.078927 -0.055047 -0.120196
v 0.007173 0.089498 -1.302902
v -0.078927 -0.037647 -0.103096
v 0.024573 0.089498 -1.302902
v -0.061827 0.104053 -1.302902
v -0.078927 -0.055047 -0.103096
v 0.024573 -0.055047 -0.103096
v 0.007173 0.104053 -1.302902
v 0.024573 -0.037647 -0.103096
v -0.061827 -0.130614 -1.302902
v -0.061827 -0.116059 -1.302902
v -0.096327 -0.037647 -0.120196
v -0.061827 -0.116059 -1.288209
v -0.096327 -0.037647 -0.103096
v 0.041673 -0.037647 -0.120196
v -0.027327 -0.130614 -1.288209
v -0.027327 -0.130614 -1.302902
v 0.041673 -0.037647 -0.103096
v -0.096327 0.031053 -0.120196
v -0.096327 0.031053 -0.103096
v -0.009927 -0.130614 -1.288209
v -0.078927 0.031053 -0.103096
v 0.024573 0.031053 -0.103096
v 0.007173 -0.130614 -1.302902
v 0.041673 0.031053 -0.103096
v -0.078927 -0.116059 -1.302902
v 0.041673 0.031053 -0.120196
v -0.078927 -0.101249 -1.288209
v -0.078927 0.048453 -0.103096
v 0.024573 -0.116059 -1.302902
v -0.061827 0.048453 -0.103096
v 0.024573 -0.116059 -1.288209
v 0.007173 0.048453 -0.103096
v 0.024573 -0.101249 -1.288209
v 0.024573 0.048453 -0.103096
v -0.096327 -0.101249 -1.302902
v -0.061827 0.065553 -0.103096
v -0.044427 0.065553 -0.103096
v -0.096327 -0.086694 -1.302902
v -0.009927 0.065553 -0.103096
v -0.096327 -0.086694 -1.288209
v -0.096327 -0.101249 -1.288209
v 0.007173 0.065553 -0.103096
v -0.044427 0.082953 -0.103096
v 0.041673 -0.101249 -1.302902
v -0.009927 0.082953 -0.103096
v 0.041673 -0.101249 -1.288209
v -0.061827 0.117453 -0.103096
v 0.041673 -0.086694 -1.288209
v 0.041673 -0.071884 -1.288209
v -0.061827 0.082953 -0.103096
v -0.096327 -0.057329 -1.302902
v 0.007173 0.082953 -0.103096
v -0.061827 0.134553 -0.103096
v 0.024573 -0.057329 -1.288209
v -0.078927 -0.042518 -1.288209
v -0.044427 0.134553 -0.103096
v -0.009927 0.134553 -0.103096
v -0.078927 -0.027963 -1.288209
v -0.078927 0.016213 -1.288209
v 0.007173 0.134553 -0.103096
v -0.078927 0.030768 -1.288209
v -0.061827 0.151953 -0.103096
v -0.044427 0.151953 -0.103096
v -0.078927 0.045578 -1.288209
v -0.096327 0.045578 -1.302902
v -0.009927 0.151953 -0.103096
v -0.096327 0.060133 -1.302902
v 0.007173 0.151953 -0.103096
v -0.044427 0.169053 -0.103096
v -0.096327 0.060133 -1.288209
v -0.009927 0.169053 -0.103096
v 0.041673 0.045578 -1.288209
v 0.041673 0.074943 -1.302902
v -0.061827 0.169053 -0.103096
v 0.007173 0.169053 -0.103096
v -0.096327 0.074943 -1.288209
v -0.027327 0.203553 -0.103096
v -0.096327 0.089498 -1.302902
v -0.009927 0.203553 -0.103096
v -0.027327 0.220953 -0.103096
v -0.096327 0.089498 -1.288209
v -0.078927 0.089498 -1.288209
v -0.009927 0.220953 -0.103096
v -0.044427 -0.193047 -0.085696
v 0.024573 0.104053 -1.302902
v 0.024573 0.104053 -1.288209
v -0.044427 -0.210147 -0.085696
v -0.009927 -0.210147 -0.085696
v 0.041673 0.104053 -1.302902
v -0.078927 0.118864 -1.302902
v -0.009927 -0.193047 -0.085696
v -0.009927 0.118864 -1.302902
v -0.061827 -0.158547 -0.085696
v -0.044427 -0.158547 -0.085696
v 0.024573 0.118864 -1.302902
v -0.044427 -0.141147 -0.085696
v -0.027327 -0.130614 -1.258567
v -0.061827 -0.141147 -0.085696
v -0.009927 -0.130614 -1.258567
v -0.061827 -0.106647 -0.085696
v -0.078927 -0.101249 -1.273260
v -0.044427 -0.106647 -0.085696
v 0.041673 -0.116059 -1.288209
v -0.009927 -0.106647 -0.085696
v 0.007173 -0.106647 -0.085696
v -0.096327 -0.071884 -1.273260
v -0.096327 -0.101249 -1.273260
v -0.061827 -0.089547 -0.085696
v 0.041673 -0.071884 -1.258567
v -0.044427 -0.089547 -0.085696
v -0.009927 -0.089547 -0.085696
v -0.096327 -0.057329 -1.273260
v -0.078927 -0.057329 -1.273260
v 0.007173 -0.089547 -0.085696
v -0.078927 -0.072147 -0.103096
v -0.078927 -0.042518 -1.273260
v -0.078927 -0.055047 -0.085696
v -0.078927 -0.027963 -1.258567
v -0.078927 -0.072147 -0.085696
v -0.078927 0.016213 -1.273260
v 0.024573 -0.072147 -0.103096
v -0.078927 0.016213 -1.258567
v 0.024573 -0.072147 -0.085696
v -0.078927 0.045578 -1.273260
v 0.024573 -0.055047 -0.085696
v 0.024573 0.045578 -1.273260
v 0.041673 0.045578 -1.273260
v -0.096327 -0.055047 -0.103096
v -0.096327 0.074943 -1.258567
v -0.096327 -0.037647 -0.085696
v -0.096327 0.060133 -1.258567
v -0.096327 -0.055047 -0.085696
v -0.078927 0.060133 -1.258567
v 0.041673 -0.055047 -0.103096
v 0.041673 -0.055047 -0.085696
v -0.061827 -0.116059 -1.258567
v 0.041673 -0.037647 -0.085696
v -0.061827 -0.130614 -1.258567
v -0.044427 -0.130614 -1.258567
v -0.113427 -0.037647 -0.103096
v -0.044427 -0.116059 -1.258567
v -0.113427 -0.037647 -0.085696
v -0.078927 -0.101249 -1.258567
v 0.059073 -0.037647 -0.103096
v -0.096327 -0.086694 -1.258567
v 0.059073 -0.037647 -0.085696
v -0.096327 -0.101249 -1.258567
v -0.113427 0.031053 -0.085696
v -0.078927 0.045578 -1.258567
v 0.024573 0.045578 -1.258567
v 0.059073 0.031053 -0.085696
v -0.096327 0.045578 -1.258567
v -0.113427 0.048453 -0.103096
v -0.113427 0.048453 -0.085696
v 0.024573 0.060133 -1.258567
v 0.041673 0.045578 -1.258567
v -0.096327 0.048453 -0.103096
v 0.041673 0.060133 -1.258567
v -0.096327 0.048453 -0.085696
v 0.041673 0.048453 -0.103096
v -0.078927 0.089498 -1.258567
v 0.041673 0.048453 -0.085696
v -0.078927 0.104053 -1.258567
v 0.059073 0.048453 -0.085696
v -0.078927 0.118864 -1.258567
v -0.027327 0.118864 -1.258567
v 0.059073 0.048453 -0.103096
v -0.096327 -0.086694 -1.228925
v -0.096327 0.065553 -0.103096
v -0.096327 -0.101249 -1.228925
v -0.096327 0.065553 -0.085696
v 0.041673 -0.086694 -1.243617
v -0.061827 0.065553 -0.085696
v -0.096327 -0.071884 -1.243617
v 0.007173 0.065553 -0.085696
v 0.041673 0.065553 -0.085696
v -0.078927 -0.071884 -1.243617
v -0.096327 -0.057329 -1.243617
v 0.041673 0.065553 -0.103096
v -0.078927 -0.057329 -1.243617
v -0.061827 0.082953 -0.085696
v -0.044427 0.082953 -0.085696
v 0.024573 -0.057329 -1.243617
v 0.024573 -0.042518 -1.243617
v -0.009927 0.082953 -0.085696
v 0.007173 0.082953 -0.085696
v -0.078927 -0.013153 -1.243617
v -0.061827 0.100053 -0.085696
v -0.078927 0.104053 -1.228925
v 0.024573 0.104053 -1.243617
v -0.044427 0.100053 -0.085696
v -0.009927 0.100053 -0.085696
v -0.044427 0.118864 -1.243617
v -0.027327 0.118864 -1.243617
v 0.007173 0.100053 -0.085696
v -0.044427 -0.116059 -1.228925
v -0.061827 0.134553 -0.085696
v -0.044427 0.134553 -0.085696
v -0.044427 -0.130614 -1.228925
v -0.009927 0.134553 -0.085696
v 0.007173 -0.116059 -1.228925
v 0.007173 0.134553 -0.085696
v -0.061827 -0.116059 -1.228925
v -0.044427 0.151953 -0.085696
v 0.041673 -0.101249 -1.228925
v -0.009927 0.151953 -0.085696
v 0.041673 -0.086694 -1.228925
v -0.061827 0.169053 -0.085696
v 0.024573 -0.071884 -1.228925
v -0.061827 0.151953 -0.085696
v 0.041673 -0.071884 -1.228925
v -0.044427 0.169053 -0.085696
v -0.061827 -0.071884 -1.243617
v -0.009927 0.169053 -0.085696
v 0.024573 -0.057329 -1.228925
v 0.007173 0.151953 -0.085696
v 0.041673 -0.057329 -1.228925
v 0.007173 0.169053 -0.085696
v 0.024573 -0.042518 -1.228925
v -0.061827 0.186453 -0.085696
v 0.024573 -0.027963 -1.228925
v -0.044427 0.186453 -0.085696
v -0.078927 -0.013153 -1.228925
v -0.096327 0.001402 -1.228925
v -0.009927 0.186453 -0.085696
v -0.096327 -0.013153 -1.228925
v 0.007173 0.186453 -0.085696
v -0.044427 0.203553 -0.085696
v 0.024573 0.016213 -1.228925
v 0.041673 0.074943 -1.228925
v -0.009927 0.203553 -0.085696
v 0.024573 0.104053 -1.228925
v -0.044427 -0.175647 -0.068596
v -0.044427 -0.193047 -0.068596
v 0.041673 0.104053 -1.228925
v -0.078927 0.118864 -1.228925
v -0.009927 -0.193047 -0.068596
v -0.009927 -0.175647 -0.068596
v -0.027327 0.118864 -1.213975
v -0.061827 -0.175647 -0.068596
v 0.007173 0.118864 -1.228925
v -0.061827 -0.130614 -1.228925
v 0.007173 -0.175647 -0.068596
v -0.061827 -0.141147 -0.068596
v 0.024573 -0.071884 -1.213975
v -0.044427 -0.141147 -0.068596
v 0.041673 -0.101249 -1.169641
v 0.041673 -0.086694 -1.169641
v -0.009927 -0.141147 -0.068596
v 0.024573 -0.027963 -1.184333
v 0.007173 -0.141147 -0.068596
v -0.061827 -0.124047 -0.068596
v -0.096327 0.001402 -1.199283
v -0.044427 -0.124047 -0.068596
v -0.078927 -0.013153 -1.199283
v -0.009927 -0.124047 -0.068596
v 0.024573 0.016213 -1.184333
v 0.007173 -0.124047 -0.068596
v 0.024573 0.030768 -1.184333
v -0.061827 -0.106647 -0.068596
v 0.024573 0.030768 -1.213975
v -0.044427 -0.106647 -0.068596
v 0.024573 0.060133 -1.213975
v 0.041673 0.074943 -1.213975
v -0.009927 -0.106647 -0.068596
v 0.007173 -0.106647 -0.068596
v 0.024573 0.104053 -1.213975
v -0.044427 -0.089547 -0.068596
v 0.041673 0.104053 -1.213975
v -0.009927 -0.089547 -0.068596
v -0.009927 0.118864 -1.213975
v -0.078927 -0.089547 -0.085696
v 0.007173 0.118864 -1.213975
v -0.078927 -0.072147 -0.068596
v 0.024573 0.104053 -1.199283
v 0.007173 -0.116059 -1.199283
v -0.078927 -0.089547 -0.068596
v 0.041673 0.089498 -1.213975
v 0.024573 -0.089547 -0.085696
v -0.009927 0.118864 -1.169641
v 0.024573 -0.089547 -0.068596
v 0.024573 -0.072147 -0.068596
v -0.027327 0.118864 -1.169641
v -0.113427 -0.072147 -0.085696
v 0.007173 -0.116059 -1.184333
v 0.024573 -0.116059 -1.184333
v -0.113427 -0.072147 -0.068596
v -0.096327 0.001402 -1.169641
v 0.059073 -0.072147 -0.085696
v -0.078927 0.016213 -1.184333
v 0.059073 -0.072147 -0.068596
v -0.113427 -0.037647 -0.068596
v 0.024573 0.045578 -1.184333
v 0.059073 -0.037647 -0.068596
v -0.078927 0.060133 -1.184333
v -0.130827 -0.037647 -0.085696
v 0.024573 0.060133 -1.184333
v -0.130827 -0.037647 -0.068596
v -0.096327 0.074943 -1.184333
v -0.096327 0.060133 -1.184333
v 0.076173 -0.037647 -0.085696
v 0.076173 -0.037647 -0.068596
v -0.078927 0.074943 -1.184333
v 0.041673 0.074943 -1.184333
v -0.130827 0.031053 -0.085696
v -0.130827 0.031053 -0.068596
v -0.027327 0.118864 -1.184333
v 0.024573 -0.116059 -1.154691
v -0.113427 0.031053 -0.068596
v 0.059073 0.031053 -0.068596
v 0.024573 -0.071884 -1.169641
v 0.076173 0.031053 -0.068596
v 0.024573 -0.042518 -1.169641
v 0.024573 -0.027963 -1.169641
v 0.076173 0.031053 -0.085696
v 0.024573 -0.013153 -1.169641
v -0.096327 0.016213 -1.169641
v -0.113427 0.065553 -0.085696
v -0.113427 0.065553 -0.068596
v 0.024573 0.016213 -1.169641
v 0.024573 0.030768 -1.169641
v -0.096327 0.065553 -0.068596
v 0.024573 0.030768 -1.154691
v 0.041673 0.065553 -0.068596
v 0.024573 0.045578 -1.154691
v 0.059073 0.065553 -0.068596
v 0.024573 0.060133 -1.154691
v 0.059073 0.065553 -0.085696
v -0.096327 0.089498 -1.169641
v -0.096327 0.082953 -0.085696
v -0.096327 0.082953 -0.068596
v -0.078927 0.089498 -1.169641
v -0.078927 0.104053 -1.169641
v -0.044427 0.082953 -0.068596
v -0.009927 0.082953 -0.068596
v 0.041673 -0.101249 -1.154691
v 0.041673 -0.086694 -1.154691
v -0.009927 0.065553 -0.068596
v 0.024573 -0.042518 -1.139999
v 0.041673 0.082953 -0.068596
v 0.041673 0.082953 -0.085696
v 0.024573 -0.027963 -1.139999
v -0.078927 -0.013153 -1.154691
v -0.044427 0.100053 -0.068596
v -0.009927 0.100053 -0.068596
v 0.024573 -0.027963 -1.154691
v -0.061827 0.117453 -0.068596
v 0.024573 -0.013153 -1.154691
v -0.061827 0.100053 -0.068596
v 0.041673 -0.013153 -1.154691
v -0.044427 0.117453 -0.068596
v -0.009927 0.117453 -0.068596
v 0.007173 0.100053 -0.068596
v -0.096327 0.104053 -1.169641
v -0.078927 0.104053 -1.154691
v 0.007173 0.117453 -0.068596
v 0.024573 0.104053 -1.154691
v -0.061827 0.134553 -0.068596
v -0.078927 0.118864 -1.154691
v -0.044427 0.134553 -0.068596
v -0.061827 0.104053 -1.154691
v -0.009927 0.134553 -0.068596
v -0.061827 0.118864 -1.154691
v 0.007173 0.134553 -0.068596
v -0.061827 0.169053 -0.068596
v -0.078927 -0.101249 -1.139999
v -0.044427 0.169053 -0.068596
v -0.096327 -0.086694 -1.139999
v -0.009927 0.169053 -0.068596
v -0.096327 -0.101249 -1.139999
v 0.007173 0.169053 -0.068596
v 0.041673 -0.086694 -1.125049
v -0.078927 -0.071884 -1.139999
v -0.044427 0.186453 -0.068596
v -0.009927 0.186453 -0.068596
v 0.024573 -0.071884 -1.139999
v -0.044427 -0.158547 -0.051196
v 0.024573 -0.057329 -1.139999
v -0.044427 -0.175647 -0.051196
v 0.041673 -0.027963 -1.154691
v 0.041673 -0.013153 -1.139999
v -0.027327 -0.175647 -0.051196
v -0.027327 -0.158547 -0.051196
v 0.024573 0.016213 -1.139999
v -0.044427 -0.141147 -0.051196
v 0.041673 0.016213 -1.139999
v -0.078927 0.030768 -1.139999
v -0.009927 -0.141147 -0.051196
v -0.078927 0.074943 -1.139999
v -0.061827 -0.124047 -0.051196
v -0.061827 -0.141147 -0.051196
v -0.044427 -0.124047 -0.051196
v -0.078927 0.104053 -1.139999
v -0.061827 0.104053 -1.139999
v -0.009927 -0.124047 -0.051196
v -0.061827 0.118864 -1.139999
v 0.007173 -0.141147 -0.051196
v 0.007173 -0.124047 -0.051196
v -0.061827 -0.116059 -1.125049
v -0.044427 -0.106647 -0.051196
v -0.044427 -0.130614 -1.125049
v -0.009927 -0.106647 -0.051196
v -0.044427 -0.116059 -1.125049
v 0.007173 -0.130614 -1.125049
v -0.096327 -0.106647 -0.068596
v 0.007173 -0.116059 -1.125049
v -0.096327 -0.089547 -0.068596
v -0.096327 -0.089547 -0.051196
v 0.041673 -0.116059 -1.125049
v 0.041673 -0.106647 -0.068596
v -0.096327 -0.086694 -1.110357
v -0.096327 -0.101249 -1.110357
v 0.041673 -0.089547 -0.051196
v -0.078927 -0.101249 -1.110357
v 0.041673 -0.089547 -0.068596
v -0.113427 -0.089547 -0.068596
v -0.078927 -0.071884 -1.125049
v -0.113427 -0.072147 -0.051196
v 0.041673 -0.071884 -1.125049
v -0.113427 -0.089547 -0.051196
v -0.078927 -0.057329 -1.125049
v 0.024573 -0.071884 -1.110357
v 0.059073 -0.089547 -0.068596
v 0.024573 -0.057329 -1.110357
v 0.059073 -0.089547 -0.051196
v 0.059073 -0.072147 -0.051196
v -0.078927 -0.042518 -1.125049
v -0.130827 -0.072147 -0.068596
v 0.024573 -0.042518 -1.095407
v -0.130827 -0.055047 -0.068596
v 0.024573 -0.027963 -1.095407
v -0.130827 -0.055047 -0.051196
v -0.130827 -0.072147 -0.051196
v 0.024573 -0.027963 -1.125049
v 0.076173 -0.072147 -0.068596
v -0.078927 -0.013153 -1.125049
v 0.024573 -0.013153 -1.125049
v 0.076173 -0.072147 -0.051196
v 0.041673 -0.027963 -1.125049
v 0.076173 -0.055047 -0.051196
v 0.076173 -0.055047 -0.068596
v 0.041673 -0.013153 -1.125049
v 0.024573 0.016213 -1.125049
v -0.147927 -0.055047 -0.068596
v 0.093573 -0.055047 -0.068596
v 0.041673 0.016213 -1.125049
v -0.078927 0.016213 -1.125049
v 0.093573 -0.003147 -0.051196
v -0.078927 0.030768 -1.125049
v 0.093573 -0.003147 -0.068596
v 0.093573 0.013953 -0.068596
v -0.078927 0.060133 -1.125049
v 0.024573 0.060133 -1.125049
v 0.093573 0.013953 -0.051196
v 0.024573 0.074943 -1.125049
v 0.110673 -0.003147 -0.068596
v 0.110673 0.013953 -0.068596
v 0.024573 0.089498 -1.125049
v -0.078927 0.118864 -1.139999
v 0.024573 0.118864 -1.125049
v -0.147927 0.048453 -0.068596
v -0.044427 -0.130614 -1.110357
v -0.130827 0.048453 -0.068596
v -0.009927 -0.130614 -1.110357
v -0.130827 0.048453 -0.051196
v -0.027327 -0.130614 -1.095407
v -0.027327 -0.116059 -1.095407
v 0.076173 0.048453 -0.068596
v 0.007173 -0.130614 -1.110357
v 0.076173 0.048453 -0.051196
v -0.078927 -0.116059 -1.110357
v 0.093573 0.048453 -0.051196
v -0.078927 -0.071884 -1.095407
v 0.093573 0.048453 -0.068596
v 0.076173 0.065553 -0.051196
v -0.078927 -0.027963 -1.110357
v -0.130827 0.082953 -0.068596
v -0.078927 -0.057329 -1.110357
v -0.078927 -0.013153 -1.110357
v 0.076173 0.082953 -0.068596
v -0.096327 0.100053 -0.068596
v 0.041673 0.100053 -0.068596
v 0.024573 -0.027963 -1.110357
v 0.024573 -0.013153 -1.110357
v -0.044427 0.117453 -0.051196
v -0.009927 0.117453 -0.051196
v -0.096327 0.001402 -1.110357
v -0.096327 -0.013153 -1.110357
v -0.061827 0.134553 -0.051196
v -0.061827 0.117453 -0.051196
v -0.078927 0.001402 -1.110357
v -0.044427 0.134553 -0.051196
v 0.041673 -0.013153 -1.110357
v -0.078927 0.030768 -1.095407
v -0.009927 0.134553 -0.051196
v 0.007173 0.117453 -0.051196
v -0.078927 0.016213 -1.095407
v -0.061827 0.016213 -1.095407
v 0.007173 0.134553 -0.051196
v 0.041673 0.060133 -1.110357
v -0.027327 -0.158547 -0.034096
v -0.027327 -0.175647 -0.034096
v 0.024573 0.089498 -1.095407
v 0.024573 0.074943 -1.095407
v -0.009927 -0.175647 -0.034096
v 0.041673 0.074943 -1.095407
v -0.009927 -0.158547 -0.034096
v -0.044427 -0.141147 -0.034096
v 0.041673 0.089498 -1.095407
v -0.009927 -0.141147 -0.034096
v -0.078927 0.104053 -1.110357
v 0.041673 0.104053 -1.110357
v -0.044427 -0.124047 -0.034096
v -0.078927 0.118864 -1.110357
v -0.009927 -0.124047 -0.034096
v -0.096327 -0.089547 -0.034096
v -0.061827 0.118864 -1.110357
v 0.041673 -0.089547 -0.034096
v -0.009927 0.118864 -1.095407
v -0.130827 -0.089547 -0.051196
v -0.027327 0.118864 -1.095407
v -0.130827 -0.072147 -0.034096
v -0.009927 -0.130614 -1.095407
v -0.130827 -0.089547 -0.034096
v -0.009927 -0.116059 -1.095407
v 0.007173 -0.116059 -1.095407
v -0.113427 -0.089547 -0.034096
v -0.113427 -0.072147 -0.034096
v -0.096327 -0.116059 -1.110357
v 0.076173 -0.089547 -0.051196
v -0.096327 -0.101249 -1.095407
v -0.130827 -0.055047 -0.034096
v -0.096327 -0.116059 -1.095407
v 0.076173 -0.055047 -0.034096
v -0.078927 -0.116059 -1.095407
v 0.093573 -0.003147 -0.034096
v -0.078927 -0.101249 -1.095407
v -0.096327 -0.086694 -1.080715
v 0.093573 0.013953 -0.034096
v -0.130827 0.048453 -0.034096
v -0.096327 -0.101249 -1.080715
v -0.078927 -0.101249 -1.080715
v 0.076173 0.048453 -0.034096
v -0.078927 -0.042518 -1.095407
v 0.093573 0.048453 -0.034096
v 0.076173 0.065553 -0.034096
v -0.078927 -0.027963 -1.095407
v -0.096327 -0.027963 -1.110357
v 0.093573 0.065553 -0.034096
v -0.096327 -0.027963 -1.095407
v 0.093573 0.065553 -0.051196
v 0.041673 -0.027963 -1.110357
v -0.096327 0.082953 -0.034096
v 0.041673 0.082953 -0.034096
v 0.041673 -0.027963 -1.095407
v -0.096327 0.016213 -1.095407
v -0.044427 0.100053 -0.034096
v -0.009927 0.100053 -0.034096
v 0.024573 0.016213 -1.095407
v 0.041673 0.016213 -1.095407
v -0.044427 0.117453 -0.034096
v 0.024573 0.030768 -1.095407
v -0.009927 0.117453 -0.034096
v 0.024573 0.060133 -1.095407
v -0.044427 0.134553 -0.034096
v 0.041673 0.060133 -1.095407
v -0.009927 0.134553 -0.034096
v -0.044427 -0.158547 -0.016696
v -0.078927 0.104053 -1.080715
v -0.009927 -0.158547 -0.016696
v -0.061827 0.118864 -1.080715
v -0.044427 -0.130614 -1.080715
v -0.096327 -0.089547 -0.016696
v -0.096327 -0.106647 -0.016696
v -0.027327 -0.130614 -1.066022
v -0.009927 -0.130614 -1.066022
v -0.027327 -0.106647 -0.016696
v -0.009927 -0.116059 -1.066022
v 0.041673 -0.106647 -0.016696
v -0.027327 -0.116059 -1.066022
v 0.041673 -0.089547 -0.016696
v -0.113427 -0.072147 -0.016696
v -0.078927 -0.116059 -1.080715
v 0.024573 -0.071884 -1.080715
v -0.113427 -0.089547 -0.016696
v 0.041673 -0.071884 -1.080715
v -0.078927 -0.072147 -0.016696
v 0.024573 -0.042518 -1.080715
v 0.024573 -0.072147 -0.016696
v 0.076173 -0.089547 -0.016696
v -0.096327 -0.042518 -1.095407
v -0.096327 -0.027963 -1.080715
v -0.130827 -0.055047 -0.016696
v -0.130827 -0.072147 -0.016696
v -0.078927 -0.027963 -1.080715
v 0.041673 -0.042518 -1.095407
v -0.096327 -0.055047 -0.016696
v 0.041673 -0.042518 -1.080715
v -0.078927 -0.055047 -0.016696
v 0.024573 -0.055047 -0.016696
v -0.096327 -0.013153 -1.080715
v -0.078927 -0.013153 -1.080715
v 0.041673 -0.055047 -0.016696
v 0.024573 0.001402 -1.080715
v 0.076173 -0.055047 -0.016696
v 0.041673 0.001402 -1.080715
v -0.147927 -0.037647 -0.016696
v -0.147927 -0.055047 -0.016696
v -0.078927 0.001402 -1.080715
v -0.130827 -0.037647 -0.016696
v 0.024573 -0.013153 -1.080715
v -0.113427 -0.020547 -0.016696
v 0.041673 -0.013153 -1.080715
v -0.096327 -0.037647 -0.016696
v 0.041673 -0.037647 -0.016696
v -0.096327 0.016213 -1.080715
v 0.059073 -0.037647 -0.034096
v -0.096327 0.001402 -1.080715
v 0.059073 -0.037647 -0.016696
v -0.078927 0.016213 -1.080715
v 0.093573 -0.055047 -0.016696
v -0.096327 0.030768 -1.095407
v 0.024573 0.030768 -1.080715
v -0.096327 -0.020547 -0.016696
v 0.093573 -0.003147 -0.016696
v 0.041673 0.030768 -1.080715
v 0.041673 0.030768 -1.095407
v 0.093573 0.013953 -0.016696
v 0.110673 -0.003147 -0.016696
v -0.078927 0.060133 -1.080715
v 0.110673 0.013953 -0.016696
v -0.113427 0.031053 -0.016696
v 0.059073 0.031053 -0.034096
v -0.078927 0.074943 -1.080715
v 0.059073 0.031053 -0.016696
v -0.147927 0.048453 -0.016696
v -0.130827 0.048453 -0.016696
v 0.024573 0.074943 -1.080715
v -0.096327 0.031053 -0.016696
v -0.096327 0.074943 -1.080715
v 0.024573 0.089498 -1.066022
v -0.096327 0.048453 -0.016696
v 0.041673 0.048453 -0.016696
v 0.041673 0.074943 -1.080715
v 0.041673 0.031053 -0.016696
v 0.041673 0.104053 -1.080715
v 0.076173 0.048453 -0.016696
v -0.009927 0.118864 -1.066022
v 0.093573 0.048453 -0.016696
v -0.061827 -0.116059 -1.066022
v -0.078927 0.048453 -0.016696
v -0.061827 -0.130614 -1.066022
v -0.044427 -0.130614 -1.066022
v -0.078927 0.065553 -0.016696
v 0.024573 0.065553 -0.016696
v -0.044427 -0.130614 -1.051072
v -0.027327 -0.130614 -1.051072
v 0.024573 0.048453 -0.016696
v -0.130827 0.082953 -0.016696
v -0.096327 -0.116059 -1.080715
v -0.096327 0.082953 -0.016696
v -0.096327 -0.071884 -1.066022
v 0.041673 0.082953 -0.016696
v -0.078927 -0.071884 -1.066022
v 0.076173 0.082953 -0.016696
v -0.061827 -0.071884 -1.066022
v -0.096327 0.100053 -0.016696
v -0.078927 -0.042518 -1.066022
v -0.044427 0.100053 -0.016696
v -0.096327 -0.027963 -1.066022
v -0.009927 0.100053 -0.016696
v -0.096327 -0.042518 -1.066022
v -0.078927 -0.027963 -1.066022
v 0.041673 0.100053 -0.016696
v -0.044427 0.117453 -0.016696
v -0.078927 -0.013153 -1.066022
v -0.009927 0.117453 -0.016696
v 0.024573 0.001402 -1.066022
v -0.044427 0.151953 -0.016696
v 0.024573 0.016213 -1.066022
v -0.044427 0.134553 -0.016696
v -0.027327 0.134553 -0.016696
v 0.041673 0.001402 -1.066022
v -0.027327 0.151953 -0.016696
v 0.041673 0.016213 -1.066022
v -0.044427 -0.175647 -0.016696
v -0.096327 0.030768 -1.066022
v -0.044427 -0.175647 0.000404
v -0.078927 0.030768 -1.066022
v -0.078927 0.045578 -1.066022
v -0.027327 -0.175647 0.000404
v -0.027327 -0.158547 0.000404
v -0.078927 0.060133 -1.066022
v -0.009927 -0.175647 -0.016696
v -0.096327 0.060133 -1.080715
v -0.096327 0.060133 -1.066022
v -0.009927 -0.158547 0.000404
v -0.044427 -0.141147 0.000404
v -0.078927 0.104053 -1.066022
v 0.024573 0.104053 -1.066022
v -0.009927 -0.141147 0.000404
v -0.078927 0.118864 -1.066022
v -0.078927 -0.055047 0.000404
v -0.078927 -0.072147 0.000404
v -0.061827 -0.130614 -1.051072
v -0.096327 -0.071884 -1.051072
v -0.061827 -0.055047 0.000404
v 0.007173 -0.055047 0.000404
v -0.096327 -0.071884 -1.036380
v -0.096327 -0.013153 -1.066022
v 0.024573 -0.072147 0.000404
v -0.096327 -0.013153 -1.051072
v 0.024573 -0.055047 0.000404
v 0.024573 0.001402 -1.051072
v -0.096327 -0.055047 0.000404
v 0.024573 0.016213 -1.051072
v -0.078927 -0.037647 0.000404
v -0.096327 0.016213 -1.051072
v -0.061827 -0.037647 0.000404
v 0.007173 -0.037647 0.000404
v 0.024573 0.030768 -1.051072
v 0.041673 0.016213 -1.051072
v 0.024573 -0.037647 0.000404
v 0.041673 0.030768 -1.051072
v 0.041673 -0.055047 0.000404
v -0.096327 0.045578 -1.051072
v 0.041673 -0.037647 0.000404
v -0.096327 0.060133 -1.051072
v -0.096327 -0.020547 0.000404
v -0.078927 -0.020547 0.000404
v 0.024573 0.118864 -1.051072
v 0.024573 -0.020547 0.000404
v 0.041673 -0.020547 0.000404
v -0.061827 -0.116059 -1.036380
v -0.061827 -0.130614 -1.036380
v 0.059073 -0.037647 0.000404
v -0.044427 -0.130614 -1.036380
v -0.113427 -0.020547 0.000404
v -0.044427 -0.116059 -1.036380
v -0.096327 0.013953 0.000404
v 0.041673 -0.042518 -1.036380
v 0.041673 0.013953 0.000404
v 0.041673 -0.027963 -1.036380
v -0.113427 0.031053 0.000404
v 0.041673 -0.013153 -1.036380
v -0.096327 0.031053 0.000404
v -0.078927 0.001402 -1.036380
v 0.024573 0.001402 -1.036380
v -0.078927 0.013953 0.000404
v 0.024573 0.013953 0.000404
v -0.078927 0.016213 -1.036380
v 0.041673 0.031053 0.000404
v 0.024573 0.030768 -1.036380
v 0.041673 0.001402 -1.051072
v 0.059073 0.031053 0.000404
v -0.096327 0.048453 0.000404
v 0.041673 0.001402 -1.036380
v 0.041673 0.030768 -1.036380
v -0.078927 0.048453 0.000404
v -0.096327 0.016213 -1.036380
v 0.024573 0.048453 0.000404
v 0.041673 0.048453 0.000404
v -0.096327 0.060133 -1.021430
v -0.078927 0.065553 0.000404
v -0.096327 0.045578 -1.021430
v -0.078927 0.045578 -1.021430
v -0.027327 0.048453 0.000404
v -0.078927 0.060133 -1.021430
v -0.009927 0.048453 0.000404
v 0.024573 0.065553 0.000404
v -0.044427 0.118864 -1.036380
v -0.027327 0.151953 0.000404
v -0.027327 0.118864 -1.036380
v -0.027327 0.134553 0.000404
v -0.061827 -0.116059 -1.021430
v -0.044427 -0.130614 -1.021430
v -0.009927 0.134553 0.000404
v -0.044427 -0.116059 -1.021430
v -0.009927 0.151953 0.000404
v -0.044427 0.169053 0.000404
v -0.009927 -0.130614 -1.021430
v -0.044427 0.151953 0.000404
v -0.009927 -0.116059 -1.021430
v -0.027327 0.169053 0.000404
v -0.096327 -0.101249 -1.021430
v -0.027327 -0.158547 0.017804
v -0.096327 -0.071884 -1.021430
v -0.027327 -0.175647 0.017804
v -0.078927 -0.071884 -1.021430
v -0.096327 -0.027963 -1.021430
v -0.009927 -0.175647 0.017804
v -0.078927 -0.027963 -1.021430
v -0.009927 -0.158547 0.017804
v 0.024573 -0.027963 -1.006738
v -0.078927 -0.020547 0.017804
v 0.024573 -0.042518 -1.006738
v 0.024573 -0.020547 0.017804
v -0.096327 -0.020547 0.017804
v 0.041673 -0.042518 -1.006738
v 0.041673 -0.020547 0.017804
v 0.041673 -0.027963 -1.006738
v -0.096327 0.013953 0.017804
v 0.024573 -0.013153 -1.021430
v 0.041673 -0.013153 -1.021430
v -0.078927 0.013953 0.017804
v 0.024573 0.001402 -1.021430
v 0.024573 0.013953 0.017804
v 0.041673 0.013953 0.017804
v -0.096327 0.001402 -1.036380
v -0.078927 0.031053 0.017804
v 0.041673 0.001402 -1.021430
v -0.096327 0.030768 -1.021430
v -0.078927 0.030768 -1.021430
v -0.061827 0.031053 0.017804
v -0.096327 0.074943 -1.021430
v -0.078927 0.074943 -1.021430
v 0.024573 0.118864 -1.021430
v 0.007173 0.031053 0.017804
v -0.078927 -0.071884 -1.006738
v 0.024573 0.031053 0.017804
v 0.024573 -0.071884 -1.006738
v 0.041673 -0.071884 -1.006738
v -0.078927 0.048453 0.017804
v -0.061827 0.048453 0.017804
v -0.078927 -0.057329 -1.006738
v -0.096327 -0.013153 -1.006738
v -0.044427 0.048453 0.017804
v -0.078927 -0.013153 -1.006738
v -0.078927 0.001402 -1.006738
v -0.027327 0.048453 0.017804
v -0.096327 0.016213 -1.006738
v -0.009927 0.048453 0.017804
v -0.096327 0.001402 -1.006738
v 0.007173 0.048453 0.017804
v 0.024573 0.048453 0.017804
v -0.078927 0.016213 -1.006738
v -0.096327 0.030768 -1.006738
v -0.027327 0.169053 0.017804
v -0.078927 0.030768 -1.006738
v -0.027327 0.151953 0.017804
v -0.009927 0.151953 0.017804
v 0.024573 0.030768 -1.006738
v 0.041673 0.030768 -1.006738
v -0.009927 0.169053 0.017804
v 0.024573 0.045578 -1.006738
v -0.078927 -0.037647 0.034904
v 0.024573 0.074943 -1.006738
v -0.009927 0.048453 0.052304
v 0.041673 0.074943 -1.006738
v -0.044427 0.048453 0.052304
v -0.078927 0.031053 0.052304
v -0.027327 -0.130614 -0.991788
v -0.027327 -0.116059 -0.991788
v -0.061827 0.031053 0.052304
v -0.078927 -0.003147 0.069404
v 0.007173 -0.130614 -0.991788
v -0.078927 0.013953 0.069404
v 0.007173 -0.116059 -0.991788
v -0.061827 -0.037647 0.086804
v -0.096327 -0.101249 -0.991788
v -0.061827 -0.055047 0.086804
v -0.096327 -0.116059 -0.991788
v -0.027327 -0.055047 0.086804
v -0.078927 -0.116059 -0.991788
v -0.078927 -0.101249 -0.991788
v -0.027327 -0.037647 0.086804
v -0.009927 -0.055047 0.086804
v 0.024573 -0.071884 -0.991788
v -0.009927 -0.037647 0.086804
v -0.078927 -0.057329 -0.962146
v 0.007173 -0.055047 0.086804
v -0.078927 -0.071884 -0.962146
v -0.078927 -0.071884 -0.977096
v 0.007173 -0.037647 0.086804
v -0.078927 -0.003147 0.103904
v 0.024573 -0.057329 -0.991788
v 0.024573 -0.027963 -0.991788
v -0.078927 -0.020547 0.103904
v -0.061827 0.031053 0.086804
v 0.024573 0.016213 -0.991788
v 0.041673 0.016213 -0.991788
v 0.007173 0.031053 0.086804
v 0.024573 0.030768 -0.991788
v -0.061827 0.048453 0.086804
v 0.041673 0.030768 -0.991788
v -0.044427 0.031053 0.086804
v -0.044427 0.048453 0.086804
v -0.096327 0.089498 -0.991788
v -0.078927 0.089498 -0.991788
v -0.009927 0.031053 0.086804
v -0.096327 0.104053 -0.991788
v -0.009927 0.048453 0.086804
v 0.007173 0.048453 0.086804
v -0.078927 0.104053 -0.991788
v -0.027327 -0.130614 -0.977096
v -0.078927 0.031053 0.103904
v -0.027327 -0.116059 -0.977096
v -0.009927 -0.055047 0.121004
v -0.009927 -0.037647 0.121004
v 0.007173 -0.130614 -0.977096
v 0.007173 -0.116059 -0.977096
v -0.061827 -0.037647 0.121004
v -0.044427 -0.037647 0.121004
v -0.096327 -0.086694 -0.977096
v 0.007173 -0.037647 0.121004
v -0.078927 -0.086694 -0.977096
v -0.078927 -0.003147 0.138404
v -0.096327 -0.071884 -0.977096
v -0.061827 0.031053 0.121004
v 0.024573 -0.027963 -0.977096
v -0.044427 0.031053 0.121004
v -0.096327 0.016213 -0.977096
v -0.009927 0.031053 0.121004
v -0.078927 0.016213 -0.977096
v 0.007173 0.031053 0.121004
v -0.061827 -0.130614 -0.962146
v 0.024573 -0.086694 -0.962146
v -0.044427 0.048453 0.121004
v 0.041673 -0.086694 -0.962146
v -0.009927 0.048453 0.121004
v 0.024573 -0.071884 -0.962146
v -0.061827 -0.055047 0.121004
v -0.044427 -0.055047 0.121004
v 0.041673 -0.071884 -0.962146
v -0.044427 -0.055047 0.138404
v -0.078927 -0.027963 -0.962146
v -0.044427 -0.037647 0.138404
v 0.041673 -0.027963 -0.962146
v -0.096327 0.016213 -0.962146
v -0.027327 -0.037647 0.138404
v -0.027327 -0.055047 0.138404
v -0.078927 0.016213 -0.962146
v 0.007173 -0.055047 0.121004
v 0.024573 0.045578 -0.962146
v -0.061827 -0.116059 -0.947454
v -0.061827 0.048453 0.121004
v 0.007173 0.048453 0.121004
v -0.061827 -0.130614 -0.947454
v -0.044427 -0.130614 -0.947454
v -0.061827 -0.037647 0.155504
v -0.044427 -0.116059 -0.947454
v 0.007173 -0.037647 0.155504
v -0.009927 -0.130614 -0.947454
v -0.078927 -0.020547 0.155504
v -0.078927 -0.037647 0.155504
v -0.009927 -0.116059 -0.947454
v 0.007173 -0.130614 -0.947454
v -0.061827 -0.020547 0.155504
v 0.007173 -0.020547 0.155504
v 0.007173 -0.116059 -0.947454
v -0.078927 -0.101249 -0.947454
v 0.024573 -0.037647 0.155504
v 0.024573 -0.116059 -0.947454
v 0.024573 -0.020547 0.155504
v -0.078927 0.013953 0.155504
v 0.024573 -0.101249 -0.947454
v -0.061827 0.013953 0.155504
v 0.041673 -0.116059 -0.947454
v -0.078927 0.031053 0.155504
v -0.096327 -0.086694 -0.947454
v -0.096327 -0.101249 -0.947454
v -0.061827 0.031053 0.155504
v -0.061827 -0.037647 0.172904
v -0.078927 -0.086694 -0.947454
v 0.024573 -0.086694 -0.947454
v 0.007173 -0.037647 0.172904
v -0.061827 -0.020547 0.172904
v 0.041673 -0.086694 -0.947454
v 0.007173 -0.020547 0.172904
v -0.078927 -0.057329 -0.947454
v -0.078927 -0.020547 0.172904
v -0.078927 -0.027963 -0.947454
v 0.024573 -0.020547 0.172904
v 0.024573 0.001402 -0.947454
v 0.041673 0.001402 -0.947454
v -0.078927 0.013953 0.172904
v -0.061827 0.013953 0.172904
v 0.024573 0.016213 -0.947454
v -0.061827 0.031053 0.172904
v 0.041673 0.016213 -0.947454
v 0.007173 0.031053 0.172904
v -0.078927 0.074943 -0.947454
v 0.024573 0.031053 0.172904
v 0.024573 0.074943 -0.947454
v -0.061827 -0.037647 0.190004
v -0.096327 0.089498 -0.947454
v -0.096327 0.074943 -0.947454
v -0.061827 -0.055047 0.190004
v -0.044427 -0.055047 0.190004
v -0.078927 0.089498 -0.947454
v 0.041673 0.074943 -0.947454
v -0.044427 -0.037647 0.190004
v 0.024573 0.104053 -0.947454
v -0.009927 -0.055047 0.190004
v -0.009927 -0.037647 0.190004
v 0.041673 0.104053 -0.947454
v 0.007173 -0.055047 0.190004
v -0.044427 -0.116059 -0.932504
v -0.044427 -0.130614 -0.932504
v 0.007173 -0.037647 0.190004
v -0.009927 -0.130614 -0.932504
v -0.078927 -0.037647 0.172904
v -0.009927 -0.116059 -0.932504
v 0.024573 -0.037647 0.172904
v 0.024573 -0.003147 0.190004
v -0.078927 -0.101249 -0.932504
v -0.078927 -0.116059 -0.932504
v 0.024573 0.013953 0.190004
v -0.078927 0.031053 0.172904
v -0.061827 -0.101249 -0.932504
v -0.044427 -0.101249 -0.932504
v 0.024573 0.013953 0.224504
v -0.044427 -0.037647 0.224504
v 0.007173 -0.116059 -0.932504
v -0.044427 -0.055047 0.224504
v 0.007173 -0.101249 -0.932504
v -0.009927 -0.055047 0.224504
v 0.024573 -0.116059 -0.932504
v -0.009927 -0.037647 0.224504
v 0.024573 -0.101249 -0.932504
v -0.078927 -0.057329 -0.917812
v -0.061827 -0.037647 0.224504
v 0.024573 0.001402 -0.932504
v 0.007173 -0.037647 0.224504
v 0.024573 -0.037647 0.224504
v 0.024573 0.016213 -0.917812
v 0.041673 0.016213 -0.917812
v -0.009927 0.048453 0.224504
v 0.041673 0.016213 -0.932504
v 0.007173 0.048453 0.224504
v -0.061827 -0.055047 0.224504
v 0.024573 0.016213 -0.932504
v -0.078927 0.030768 -0.932504
v 0.007173 -0.055047 0.224504
v 0.024573 0.030768 -0.932504
v -0.061827 0.048453 0.241904
v -0.078927 0.045578 -0.932504
v -0.044427 0.048453 0.241904
v -0.009927 0.048453 0.259004
v -0.078927 0.089498 -0.932504
v -0.061827 0.089498 -0.932504
v -0.044427 0.048453 0.276404
v 0.007173 0.089498 -0.932504
v -0.061827 -0.037647 0.259004
v 0.024573 0.089498 -0.932504
v 0.007173 -0.037647 0.259004
v -0.078927 -0.020547 0.259004
v -0.061827 0.104053 -0.932504
v -0.078927 -0.037647 0.259004
v 0.007173 0.104053 -0.932504
v -0.061827 -0.020547 0.259004
v -0.078927 0.118864 -0.932504
v 0.007173 -0.020547 0.259004
v -0.027327 0.104053 -0.932504
v 0.024573 -0.037647 0.259004
v -0.027327 0.118864 -0.932504
v 0.024573 -0.020547 0.259004
v -0.009927 0.104053 -0.932504
v -0.061827 0.031053 0.259004
v 0.024573 0.118864 -0.932504
v -0.044427 -0.101249 -0.917812
v -0.061827 -0.037647 0.276404
v 0.007173 -0.037647 0.276404
v -0.044427 -0.116059 -0.917812
v -0.061827 -0.020547 0.276404
v -0.009927 -0.101249 -0.917812
v 0.007173 -0.020547 0.276404
v 0.007173 -0.101249 -0.917812
v -0.078927 -0.003147 0.276404
v -0.078927 -0.027963 -0.917812
v 0.024573 -0.027963 -0.917812
v -0.078927 -0.020547 0.276404
v 0.024573 -0.020547 0.276404
v 0.024573 0.030768 -0.917812
v 0.041673 0.030768 -0.917812
v -0.078927 0.013953 0.276404
v 0.041673 0.030768 -0.932504
v -0.061827 -0.037647 0.293504
v -0.061827 -0.055047 0.293504
v -0.078927 0.045578 -0.902862
v 0.024573 0.045578 -0.917812
v -0.044427 -0.055047 0.293504
v -0.078927 0.074943 -0.917812
v -0.044427 -0.037647 0.293504
v -0.061827 0.089498 -0.917812
v -0.009927 -0.055047 0.293504
v 0.007173 0.089498 -0.917812
v -0.009927 -0.037647 0.293504
v 0.007173 -0.055047 0.293504
v 0.024573 0.089498 -0.917812
v 0.007173 -0.037647 0.293504
v -0.009927 0.104053 -0.902862
v -0.078927 -0.057329 -0.902862
v -0.078927 -0.037647 0.276404
v -0.078927 -0.020547 0.293504
v 0.024573 0.016213 -0.902862
v 0.041673 0.016213 -0.902862
v 0.024573 -0.037647 0.276404
v -0.078927 0.013953 0.310904
v 0.024573 0.030768 -0.902862
v 0.024573 0.030768 -0.888170
v -0.078927 -0.003147 0.328004
v -0.078927 -0.020547 0.328004
v 0.024573 0.045578 -0.888170
v 0.024573 0.045578 -0.902862
v -0.061827 0.031053 0.293504
v 0.007173 0.089498 -0.902862
v 0.007173 0.031053 0.293504
v -0.061827 0.048453 0.293504
v 0.024573 0.089498 -0.902862
v -0.061827 0.089498 -0.888170
v -0.044427 0.031053 0.293504
v -0.078927 -0.086694 -0.888170
v -0.044427 0.048453 0.293504
v -0.009927 0.031053 0.293504
v -0.078927 -0.101249 -0.888170
v -0.061827 -0.101249 -0.888170
v -0.009927 0.048453 0.293504
v 0.007173 0.048453 0.293504
v -0.061827 -0.086694 -0.888170
v -0.078927 -0.071884 -0.888170
v -0.078927 -0.057329 -0.873220
v -0.044427 -0.037647 0.328004
v -0.044427 -0.055047 0.328004
v -0.078927 -0.042518 -0.888170
v 0.024573 -0.042518 -0.888170
v -0.009927 -0.055047 0.328004
v -0.078927 -0.027963 -0.888170
v -0.009927 -0.037647 0.328004
v 0.024573 -0.027963 -0.888170
v -0.078927 -0.037647 0.328004
v -0.061827 -0.037647 0.328004
v -0.096327 -0.013153 -0.888170
v 0.007173 -0.037647 0.328004
v -0.096327 -0.027963 -0.888170
v -0.078927 -0.013153 -0.888170
v -0.061827 0.031053 0.328004
v 0.041673 -0.027963 -0.888170
v -0.044427 0.031053 0.328004
v -0.096327 0.001402 -0.888170
v -0.078927 0.001402 -0.888170
v -0.009927 0.031053 0.328004
v -0.096327 0.016213 -0.888170
v 0.007173 0.031053 0.328004
v -0.078927 0.016213 -0.888170
v -0.044427 0.048453 0.328004
v 0.041673 0.030768 -0.888170
v -0.009927 0.048453 0.328004
v 0.041673 0.030768 -0.902862
v -0.061827 -0.055047 0.328004
v 0.007173 -0.055047 0.328004
v -0.078927 0.045578 -0.888170
v 0.024573 0.074943 -0.888170
v -0.061827 0.048453 0.328004
v 0.007173 0.089498 -0.888170
v 0.007173 0.048453 0.328004
v -0.078927 -0.003147 0.397004
v 0.024573 0.089498 -0.888170
v 0.007173 -0.101249 -0.873220
v 0.024573 -0.003147 0.397004
v 0.024573 -0.086694 -0.873220
v -0.078927 -0.071884 -0.858527
v -0.078927 0.013953 0.397004
v 0.024573 -0.057329 -0.873220
v -0.078927 -0.042518 -0.873220
v 0.024573 0.013953 0.397004
v -0.078927 -0.020547 0.414104
v 0.024573 -0.042518 -0.873220
v -0.096327 -0.042518 -0.888170
v -0.096327 -0.042518 -0.873220
v 0.024573 -0.020547 0.414104
v 0.041673 -0.042518 -0.888170
v -0.078927 -0.003147 0.414104
v 0.041673 -0.042518 -0.873220
v 0.024573 -0.003147 0.414104
v 0.024573 -0.013153 -0.873220
v -0.096327 -0.003147 0.397004
v 0.041673 -0.013153 -0.873220
v -0.096327 0.013953 0.397004
v -0.078927 0.001402 -0.873220
v -0.096327 0.013953 0.414104
v 0.024573 0.001402 -0.873220
v -0.096327 0.016213 -0.873220
v -0.096327 -0.003147 0.414104
v -0.078927 0.013953 0.414104
v -0.096327 0.001402 -0.873220
v 0.024573 0.013953 0.414104
v -0.078927 0.016213 -0.873220
v 0.041673 -0.003147 0.397004
v 0.024573 0.016213 -0.873220
v 0.041673 0.016213 -0.873220
v 0.041673 -0.003147 0.414104
v 0.041673 0.013953 0.414104
v -0.096327 0.045578 -0.888170
v 0.041673 0.013953 0.397004
v 0.024573 0.045578 -0.873220
v -0.078927 0.031053 0.414104
v 0.041673 0.045578 -0.873220
v 0.041673 0.045578 -0.888170
v -0.061827 0.031053 0.414104
v 0.007173 0.031053 0.414104
v 0.024573 0.060133 -0.873220
v 0.024573 0.031053 0.414104
v -0.044427 -0.101249 -0.858527
v -0.061827 0.048453 0.414104
v -0.009927 -0.116059 -0.858527
v -0.009927 -0.101249 -0.858527
v 0.007173 0.048453 0.414104
v -0.061827 -0.037647 0.431504
v 0.024573 -0.071884 -0.858527
v -0.078927 -0.057329 -0.858527
v -0.061827 -0.055047 0.431504
v 0.024573 -0.057329 -0.858527
v -0.027327 -0.055047 0.431504
v -0.096327 -0.057329 -0.873220
v -0.009927 -0.055047 0.431504
v 0.007173 -0.055047 0.431504
v -0.096327 -0.057329 -0.858527
v 0.041673 -0.057329 -0.873220
v 0.007173 -0.037647 0.431504
v -0.078927 -0.020547 0.431504
v 0.041673 -0.057329 -0.858527
v -0.096327 -0.027963 -0.858527
v -0.078927 -0.037647 0.431504
v -0.078927 -0.027963 -0.858527
v 0.024573 -0.037647 0.431504
v 0.024573 -0.020547 0.431504
v 0.024573 -0.027963 -0.858527
v -0.096327 -0.020547 0.414104
v 0.041673 -0.027963 -0.858527
v -0.096327 -0.020547 0.431504
v -0.096327 -0.013153 -0.858527
v 0.041673 -0.020547 0.414104
v -0.078927 -0.013153 -0.858527
v 0.041673 -0.020547 0.431504
v 0.024573 -0.013153 -0.858527
v -0.096327 0.031053 0.414104
v 0.041673 -0.013153 -0.858527
v 0.041673 0.031053 0.414104
v -0.078927 0.001402 -0.858527
v 0.024573 0.001402 -0.843578
v -0.078927 0.048453 0.414104
v -0.061827 0.048453 0.431504
v -0.078927 0.016213 -0.858527
v -0.096327 0.030768 -0.858527
v 0.007173 0.048453 0.431504
v 0.024573 0.048453 0.414104
v -0.096327 0.016213 -0.858527
v -0.027327 -0.072147 0.431504
v -0.078927 0.030768 -0.858527
v -0.096327 0.045578 -0.858527
v -0.027327 -0.055047 0.448604
v -0.027327 -0.072147 0.448604
v -0.078927 0.045578 -0.858527
v -0.009927 -0.072147 0.431504
v -0.078927 0.060133 -0.858527
v -0.009927 -0.072147 0.448604
v 0.041673 0.060133 -0.873220
v -0.009927 -0.055047 0.448604
v -0.078927 0.074943 -0.858527
v -0.078927 -0.055047 0.431504
v -0.061827 0.089498 -0.858527
v -0.044427 -0.101249 -0.843578
v -0.078927 -0.037647 0.448604
v -0.044427 -0.116059 -0.843578
v -0.078927 -0.055047 0.448604
v -0.009927 -0.037647 0.448604
v -0.009927 -0.101249 -0.843578
v 0.007173 -0.116059 -0.828885
v 0.024573 -0.055047 0.431504
v 0.024573 -0.055047 0.448604
v 0.007173 -0.101249 -0.828885
v -0.078927 -0.071884 -0.843578
v 0.024573 -0.037647 0.448604
v -0.096327 -0.071884 -0.858527
v -0.096327 -0.037647 0.431504
v -0.096327 -0.057329 -0.843578
v -0.096327 -0.037647 0.448604
v -0.096327 -0.071884 -0.843578
v 0.041673 -0.037647 0.431504
v 0.041673 -0.071884 -0.858527
v 0.041673 -0.037647 0.448604
v 0.024573 -0.042518 -0.843578
v -0.096327 0.031053 0.448604
v -0.078927 0.031053 0.448604
v 0.041673 -0.042518 -0.843578
v -0.096327 -0.027963 -0.843578
v 0.024573 0.031053 0.448604
v -0.096327 -0.042518 -0.843578
v 0.041673 0.031053 0.448604
v -0.078927 -0.042518 -0.843578
v -0.078927 0.048453 0.448604
v -0.061827 0.048453 0.448604
v -0.078927 -0.027963 -0.843578
v 0.024573 -0.027963 -0.843578
v 0.007173 0.048453 0.448604
v 0.041673 -0.027963 -0.843578
v 0.024573 0.048453 0.448604
v -0.061827 0.065553 0.431504
v -0.078927 0.001402 -0.828885
v 0.024573 0.016213 -0.843578
v -0.061827 0.065553 0.448604
v 0.024573 0.030768 -0.843578
v 0.007173 0.065553 0.448604
v 0.007173 0.065553 0.431504
v 0.041673 0.016213 -0.843578
v 0.041673 0.030768 -0.843578
v -0.078927 -0.072147 0.448604
v -0.078927 -0.055047 0.466004
v -0.096327 0.060133 -0.858527
v 0.024573 0.060133 -0.843578
v -0.078927 -0.072147 0.466004
v 0.041673 0.060133 -0.843578
v -0.061827 -0.072147 0.466004
v 0.024573 -0.072147 0.448604
v 0.024573 0.074943 -0.843578
v -0.078927 0.089498 -0.828885
v 0.024573 -0.072147 0.466004
v 0.024573 -0.055047 0.466004
v -0.078927 0.074943 -0.828885
v -0.061827 0.089498 -0.828885
v -0.096327 -0.055047 0.448604
v -0.096327 -0.037647 0.466004
v -0.044427 -0.101249 -0.828885
v -0.096327 -0.055047 0.466004
v -0.044427 -0.116059 -0.828885
v -0.061827 -0.086694 -0.828885
v 0.041673 -0.055047 0.448604
v 0.041673 -0.055047 0.466004
v -0.061827 -0.101249 -0.828885
v 0.024573 -0.101249 -0.828885
v 0.041673 -0.037647 0.466004
v -0.078927 -0.071884 -0.828885
v -0.113427 -0.037647 0.448604
v -0.078927 -0.086694 -0.828885
v -0.113427 -0.020547 0.448604
v -0.113427 -0.020547 0.466004
v -0.113427 -0.037647 0.466004
v 0.024573 -0.071884 -0.828885
v -0.096327 -0.071884 -0.828885
v 0.059073 -0.037647 0.448604
v 0.041673 -0.071884 -0.828885
v 0.024573 -0.027963 -0.828885
v 0.059073 -0.037647 0.466004
v 0.024573 0.001402 -0.828885
v 0.059073 -0.020547 0.466004
v -0.078927 0.030768 -0.828885
v 0.059073 -0.003147 0.466004
v 0.024573 0.030768 -0.828885
v 0.059073 -0.003147 0.448604
v -0.096327 0.045578 -0.828885
v -0.113427 0.013953 0.466004
v -0.096327 0.030768 -0.828885
v 0.059073 0.013953 0.466004
v -0.078927 0.045578 -0.828885
v 0.024573 0.045578 -0.828885
v -0.113427 0.031053 0.448604
v -0.113427 0.031053 0.466004
v 0.041673 0.030768 -0.828885
v -0.096327 0.031053 0.466004
v 0.041673 0.045578 -0.828885
v 0.041673 0.031053 0.466004
v -0.096327 0.060133 -0.828885
v 0.059073 0.031053 0.466004
v -0.078927 0.060133 -0.828885
v 0.059073 0.031053 0.448604
v 0.024573 0.074943 -0.828885
v 0.041673 0.074943 -0.828885
v -0.096327 0.048453 0.448604
v 0.041673 0.074943 -0.843578
v -0.096327 0.048453 0.466004
v 0.007173 0.089498 -0.828885
v 0.024573 0.089498 -0.828885
v -0.078927 0.048453 0.466004
v 0.024573 0.048453 0.466004
v -0.061827 0.104053 -0.828885
v 0.041673 0.048453 0.466004
v 0.007173 0.104053 -0.828885
v 0.041673 0.048453 0.448604
v -0.078927 -0.116059 -0.828885
v -0.078927 -0.101249 -0.828885
v -0.078927 0.065553 0.448604
v -0.078927 0.065553 0.466004
v -0.078927 -0.101249 -0.814193
v -0.061827 -0.101249 -0.814193
v 0.024573 0.065553 0.466004
v 0.024573 0.065553 0.448604
v 0.024573 -0.116059 -0.828885
v 0.024573 -0.116059 -0.814193
v -0.061827 -0.089547 0.466004
v 0.024573 -0.101249 -0.814193
v -0.061827 -0.072147 0.483104
v -0.096327 -0.101249 -0.828885
v -0.061827 -0.089547 0.483104
v -0.044427 -0.072147 0.483104
v 0.041673 -0.101249 -0.828885
v 0.041673 -0.101249 -0.814193
v -0.027327 -0.089547 0.483104
v 0.024573 -0.042518 -0.814193
v -0.027327 -0.072147 0.483104
v 0.024573 -0.027963 -0.814193
v -0.009927 -0.089547 0.483104
v 0.024573 0.001402 -0.814193
v -0.009927 -0.072147 0.483104
v -0.078927 0.001402 -0.814193
v 0.024573 -0.089547 0.466004
v 0.024573 -0.089547 0.483104
v -0.078927 0.030768 -0.814193
v 0.024573 -0.072147 0.483104
v -0.078927 0.045578 -0.814193
v -0.096327 -0.072147 0.466004
v -0.096327 0.104053 -0.828885
v -0.096327 -0.055047 0.483104
v 0.041673 0.104053 -0.828885
v -0.061827 0.118864 -0.828885
v -0.096327 -0.072147 0.483104
v -0.078927 -0.072147 0.483104
v 0.007173 0.118864 -0.828885
v -0.078927 -0.055047 0.483104
v -0.078927 -0.101249 -0.799243
v -0.061827 -0.101249 -0.799243
v 0.024573 -0.116059 -0.799243
v 0.024573 -0.055047 0.483104
v 0.041673 -0.072147 0.466004
v 0.024573 -0.101249 -0.799243
v 0.041673 -0.116059 -0.814193
v 0.041673 -0.072147 0.483104
v 0.041673 -0.055047 0.483104
v 0.041673 -0.116059 -0.799243
v -0.113427 -0.055047 0.466004
v 0.041673 -0.101249 -0.799243
v -0.113427 -0.037647 0.483104
v -0.096327 -0.086694 -0.799243
v -0.113427 -0.055047 0.483104
v -0.096327 -0.101249 -0.799243
v -0.078927 -0.086694 -0.799243
v -0.096327 -0.037647 0.483104
v -0.096327 0.089498 -0.799243
v 0.041673 -0.037647 0.483104
v 0.059073 -0.055047 0.466004
v -0.078927 0.089498 -0.799243
v 0.059073 -0.055047 0.483104
v 0.024573 0.089498 -0.799243
v 0.041673 0.089498 -0.799243
v 0.059073 -0.037647 0.483104
v -0.113427 -0.020547 0.483104
v -0.096327 0.104053 -0.799243
v -0.078927 0.104053 -0.799243
v 0.059073 -0.020547 0.483104
v -0.061827 0.104053 -0.799243
v 0.007173 0.104053 -0.799243
v -0.130827 -0.020547 0.466004
v 0.024573 0.104053 -0.799243
v -0.130827 -0.020547 0.483104
v 0.041673 0.104053 -0.799243
v 0.076173 -0.020547 0.466004
v 0.076173 -0.020547 0.483104
v -0.061827 0.118864 -0.799243
v -0.130827 0.013953 0.466004
v -0.044427 0.104053 -0.799243
v -0.044427 0.118864 -0.799243
v -0.130827 0.013953 0.483104
v -0.113427 0.013953 0.483104
v -0.009927 0.104053 -0.799243
v -0.009927 0.118864 -0.799243
v 0.059073 0.013953 0.483104
v 0.007173 0.118864 -0.799243
v 0.076173 0.013953 0.483104
v -0.078927 -0.101249 -0.784551
v 0.076173 0.013953 0.466004
v -0.078927 -0.116059 -0.784551
v -0.113427 0.031053 0.483104
v -0.061827 -0.101249 -0.784551
v -0.096327 0.031053 0.483104
v -0.044427 -0.116059 -0.784551
v 0.041673 0.031053 0.483104
v -0.044427 -0.101249 -0.784551
v 0.059073 0.031053 0.483104
v 0.007173 -0.116059 -0.784551
v -0.113427 0.048453 0.466004
v 0.007173 -0.101249 -0.784551
v 0.024573 -0.116059 -0.784551
v -0.113427 0.048453 0.483104
v -0.096327 0.048453 0.483104
v 0.024573 -0.101249 -0.784551
v 0.041673 0.048453 0.483104
v -0.078927 -0.086694 -0.784551
v 0.059073 0.048453 0.483104
v 0.041673 -0.101249 -0.784551
v 0.059073 0.048453 0.466004
v -0.096327 -0.071884 -0.784551
v -0.096327 0.065553 0.466004
v -0.096327 -0.086694 -0.784551
v -0.078927 0.065553 0.483104
v -0.078927 -0.071884 -0.784551
v 0.024573 0.065553 0.483104
v 0.024573 -0.071884 -0.784551
v 0.041673 -0.071884 -0.784551
v 0.041673 0.065553 0.466004
v -0.078927 0.082953 0.466004
v -0.078927 0.030768 -0.784551
v 0.024573 0.030768 -0.784551
v -0.078927 0.082953 0.483104
v -0.078927 0.045578 -0.784551
v -0.044427 0.065553 0.483104
v 0.024573 0.045578 -0.784551
v -0.044427 0.082953 0.483104
v -0.096327 0.045578 -0.784551
v -0.009927 0.065553 0.483104
v 0.041673 0.045578 -0.784551
v -0.009927 0.082953 0.483104
v 0.024573 0.082953 0.483104
v -0.096327 0.074943 -0.784551
v -0.078927 0.074943 -0.784551
v 0.024573 0.082953 0.466004
v 0.024573 0.074943 -0.784551
v -0.027327 -0.072147 0.500504
v 0.041673 0.074943 -0.784551
v -0.027327 -0.089547 0.500504
v -0.009927 -0.089547 0.500504
v -0.096327 0.089498 -0.784551
v -0.078927 0.089498 -0.784551
v -0.009927 -0.072147 0.500504
v -0.078927 -0.055047 0.500504
v 0.024573 0.089498 -0.784551
v 0.041673 0.089498 -0.784551
v -0.078927 -0.072147 0.500504
v -0.078927 0.104053 -0.784551
v -0.061827 -0.055047 0.500504
v -0.044427 -0.072147 0.500504
v -0.061827 0.089498 -0.784551
v -0.061827 0.104053 -0.784551
v -0.044427 -0.055047 0.500504
v -0.044427 0.104053 -0.784551
v -0.009927 -0.055047 0.500504
v -0.009927 0.104053 -0.784551
v 0.007173 0.089498 -0.784551
v 0.007173 -0.055047 0.500504
v 0.024573 -0.072147 0.500504
v 0.007173 0.104053 -0.784551
v 0.024573 0.104053 -0.784551
v 0.024573 -0.055047 0.500504
v -0.044427 0.118864 -0.784551
v -0.096327 -0.037647 0.500504
v -0.009927 0.118864 -0.784551
v -0.096327 -0.055047 0.500504
v -0.078927 -0.037647 0.500504
v -0.044427 -0.101249 -0.769601
v -0.061827 -0.037647 0.500504
v -0.078927 -0.101249 -0.769601
v 0.007173 -0.037647 0.500504
v 0.024573 -0.042518 -0.769601
v 0.024573 -0.037647 0.500504
v 0.041673 -0.042518 -0.769601
v 0.024573 -0.027963 -0.769601
v 0.041673 -0.055047 0.500504
v 0.041673 -0.037647 0.500504
v -0.078927 0.001402 -0.769601
v -0.113427 -0.037647 0.500504
v 0.024573 0.001402 -0.769601
v -0.078927 0.030768 -0.769601
v -0.096327 -0.020547 0.500504
v 0.024573 0.030768 -0.769601
v -0.078927 -0.020547 0.500504
v 0.024573 -0.020547 0.500504
v -0.096327 0.030768 -0.784551
v 0.041673 0.030768 -0.784551
v 0.041673 -0.020547 0.500504
v -0.096327 0.060133 -0.769601
v 0.059073 -0.037647 0.500504
v 0.059073 -0.020547 0.500504
v -0.078927 0.060133 -0.769601
v 0.024573 0.060133 -0.769601
v -0.096327 0.013953 0.500504
v 0.041673 0.060133 -0.769601
v 0.041673 0.013953 0.500504
v -0.096327 0.074943 -0.769601
v 0.059073 0.013953 0.500504
v -0.113427 0.031053 0.500504
v -0.078927 0.074943 -0.769601
v 0.024573 0.074943 -0.769601
v -0.096327 0.031053 0.500504
v 0.041673 0.074943 -0.769601
v -0.078927 0.013953 0.500504
v -0.044427 0.104053 -0.769601
v -0.078927 0.031053 0.500504
v -0.027327 0.104053 -0.769601
v 0.024573 0.031053 0.500504
v 0.024573 0.013953 0.500504
v -0.044427 -0.116059 -0.754909
v 0.041673 0.031053 0.500504
v -0.009927 -0.116059 -0.754909
v 0.059073 0.031053 0.500504
v -0.009927 -0.101249 -0.754909
v 0.007173 -0.101249 -0.754909
v -0.061827 0.031053 0.500504
v -0.078927 -0.071884 -0.754909
v -0.061827 0.048453 0.500504
v 0.024573 -0.071884 -0.754909
v 0.007173 0.048453 0.500504
v -0.096327 -0.057329 -0.754909
v 0.007173 0.031053 0.500504
v -0.096327 -0.071884 -0.754909
v -0.096327 0.065553 0.500504
v -0.044427 0.065553 0.500504
v -0.078927 -0.057329 -0.754909
v -0.009927 0.065553 0.500504
v 0.024573 -0.057329 -0.754909
v 0.041673 -0.071884 -0.754909
v 0.041673 0.065553 0.500504
v -0.044427 0.082953 0.500504
v 0.041673 -0.057329 -0.754909
v -0.009927 0.082953 0.500504
v -0.096327 -0.042518 -0.754909
v -0.061827 -0.037647 0.517604
v -0.078927 -0.042518 -0.754909
v -0.061827 -0.055047 0.517604
v -0.078927 -0.027963 -0.754909
v 0.041673 -0.027963 -0.769601
v -0.044427 -0.055047 0.517604
v -0.078927 0.001402 -0.754909
v -0.044427 -0.037647 0.517604
v -0.009927 -0.055047 0.517604
v 0.024573 0.001402 -0.754909
v -0.009927 -0.037647 0.517604
v -0.078927 0.030768 -0.754909
v 0.007173 -0.055047 0.517604
v 0.024573 0.030768 -0.754909
v -0.078927 0.016213 -0.754909
v 0.007173 -0.037647 0.517604
v -0.078927 -0.020547 0.517604
v 0.024573 0.016213 -0.754909
v -0.078927 -0.037647 0.517604
v -0.096327 0.030768 -0.754909
v 0.041673 0.030768 -0.754909
v -0.061827 -0.020547 0.517604
v 0.007173 -0.020547 0.517604
v -0.096327 0.060133 -0.754909
v -0.078927 0.060133 -0.754909
v 0.024573 -0.037647 0.517604
v 0.024573 0.060133 -0.754909
v 0.024573 -0.020547 0.517604
v 0.041673 0.060133 -0.754909
v -0.096327 -0.020547 0.517604
v 0.041673 -0.020547 0.517604
v -0.061827 0.089498 -0.754909
v -0.096327 0.013953 0.517604
v -0.078927 0.013953 0.517604
v -0.027327 0.104053 -0.739959
v 0.024573 0.013953 0.517604
v -0.044427 -0.101249 -0.739959
v -0.044427 -0.116059 -0.739959
v 0.041673 0.013953 0.517604
v -0.078927 0.031053 0.517604
v -0.009927 -0.116059 -0.739959
v 0.007173 -0.101249 -0.725267
v -0.078927 -0.101249 -0.739959
v -0.061827 0.013953 0.517604
v -0.061827 0.031053 0.517604
v -0.096327 -0.027963 -0.754909
v 0.007173 0.031053 0.517604
v -0.096327 -0.042518 -0.725267
v -0.061827 0.048453 0.517604
v -0.078927 -0.042518 -0.725267
v -0.078927 -0.027963 -0.739959
v -0.044427 0.031053 0.517604
v -0.096327 -0.027963 -0.739959
v -0.044427 0.048453 0.517604
v 0.024573 -0.027963 -0.739959
v -0.009927 0.031053 0.517604
v 0.041673 -0.027963 -0.739959
v -0.009927 0.048453 0.517604
v 0.007173 0.048453 0.517604
v -0.078927 -0.013153 -0.739959
v 0.024573 -0.013153 -0.739959
v -0.078927 0.001402 -0.739959
v 0.007173 0.013953 0.535004
v 0.024573 0.001402 -0.739959
v 0.024573 0.013953 0.535004
v -0.078927 0.016213 -0.739959
v 0.007173 0.031053 0.535004
v 0.024573 0.031053 0.535004
v 0.024573 0.016213 -0.739959
v -0.044427 -0.037647 0.552104
v -0.096327 0.016213 -0.754909
v -0.044427 -0.055047 0.552104
v -0.009927 -0.055047 0.552104
v -0.096327 0.016213 -0.739959
v -0.009927 -0.037647 0.552104
v 0.041673 0.016213 -0.754909
v -0.061827 -0.020547 0.552104
v 0.041673 0.016213 -0.739959
v -0.096327 0.060133 -0.739959
v -0.078927 0.060133 -0.739959
v 0.007173 -0.020547 0.552104
v -0.061827 0.013953 0.552104
v 0.024573 0.060133 -0.739959
v 0.041673 0.060133 -0.739959
v 0.007173 0.013953 0.552104
v -0.096327 0.045578 -0.739959
v -0.044427 0.031053 0.552104
v -0.078927 0.045578 -0.739959
v -0.009927 0.031053 0.552104
v -0.044427 0.048453 0.552104
v 0.024573 0.045578 -0.739959
v 0.041673 0.045578 -0.739959
v -0.009927 0.048453 0.552104
v -0.061827 -0.020547 0.569504
v -0.061827 -0.037647 0.569504
v 0.024573 0.089498 -0.739959
v 0.007173 -0.037647 0.569504
v -0.061827 0.104053 -0.725267
v 0.007173 -0.020547 0.569504
v -0.061827 0.089498 -0.725267
v -0.078927 -0.057329 -0.725267
v -0.078927 -0.020547 0.569504
v 0.024573 -0.020547 0.569504
v 0.024573 -0.057329 -0.725267
v -0.096327 -0.057329 -0.725267
v -0.078927 0.013953 0.569504
v 0.024573 -0.042518 -0.725267
v -0.061827 0.013953 0.569504
v 0.007173 0.013953 0.569504
v 0.041673 -0.057329 -0.725267
v 0.024573 0.013953 0.569504
v 0.041673 -0.042518 -0.725267
v -0.096327 -0.013153 -0.739959
v -0.061827 0.031053 0.569504
v 0.024573 -0.013153 -0.725267
v 0.007173 0.031053 0.569504
v 0.041673 -0.013153 -0.725267
v 0.041673 -0.013153 -0.739959
v 0.024573 0.001402 -0.725267
v -0.096327 0.001402 -0.739959
v 0.041673 0.001402 -0.739959
v 0.041673 0.001402 -0.725267
v -0.078927 0.045578 -0.725267
v -0.078927 0.060133 -0.725267
v -0.078927 0.089498 -0.725267
v 0.007173 0.089498 -0.725267
v 0.007173 0.104053 -0.725267
v -0.009927 -0.116059 -0.710317
v -0.009927 -0.101249 -0.710317
v 0.007173 -0.116059 -0.710317
v 0.007173 -0.101249 -0.710317
v 0.024573 -0.013153 -0.710317
v 0.041673 -0.013153 -0.710317
v -0.078927 0.001402 -0.710317
v 0.024573 0.001402 -0.710317
v 0.041673 0.001402 -0.710317
v -0.096327 0.016213 -0.710317
v -0.096327 0.001402 -0.710317
v -0.078927 0.016213 -0.710317
v -0.096327 0.030768 -0.710317
v -0.078927 0.030768 -0.710317
v 0.024573 0.030768 -0.710317
v 0.041673 0.030768 -0.710317
v -0.096327 0.045578 -0.710317
v -0.078927 0.045578 -0.710317
v 0.024573 0.045578 -0.710317
v 0.041673 0.045578 -0.710317
v -0.078927 0.060133 -0.710317
v -0.078927 0.089498 -0.710317
v -0.061827 0.089498 -0.710317
v 0.024573 -0.071884 -0.695625
v 0.024573 -0.057329 -0.695625
v -0.078927 -0.042518 -0.695625
v -0.096327 -0.042518 -0.695625
v 0.024573 -0.027963 -0.695625
v 0.041673 -0.027963 -0.695625
v -0.096327 -0.013153 -0.695625
v -0.078927 -0.013153 -0.695625
v 0.024573 -0.013153 -0.695625
v 0.041673 -0.013153 -0.695625
v 0.024573 0.001402 -0.695625
v -0.078927 0.016213 -0.695625
v 0.024573 0.016213 -0.695625
v 0.041673 0.001402 -0.695625
v 0.041673 0.016213 -0.695625
v -0.096327 0.030768 -0.695625
v -0.096327 0.016213 -0.695625
v -0.078927 0.030768 -0.695625
v 0.024573 0.060133 -0.695625
v 0.007173 0.089498 -0.695625
v 0.024573 0.089498 -0.695625
v -0.027327 0.104053 -0.695625
v -0.009927 0.104053 -0.695625
v 0.007173 0.104053 -0.695625
v 0.024573 -0.071884 -0.665982
v 0.024573 -0.057329 -0.665982
v 0.024573 -0.042518 -0.680675
v 0.024573 -0.027963 -0.680675
v 0.041673 -0.042518 -0.680675
v 0.041673 -0.027963 -0.680675
v 0.024573 0.016213 -0.680675
v 0.024573 0.030768 -0.680675
v 0.041673 0.016213 -0.680675
v 0.041673 0.030768 -0.680675
v -0.078927 0.060133 -0.680675
v 0.024573 0.045578 -0.665982
v 0.024573 0.060133 -0.665982
v -0.078927 0.074943 -0.680675
v 0.024573 0.060133 -0.680675
v -0.061827 0.089498 -0.680675
v 0.007173 0.089498 -0.680675
v 0.024573 0.089498 -0.680675
v -0.009927 0.104053 -0.665982
v -0.078927 -0.042518 -0.665982
v 0.024573 0.030768 -0.665982
v -0.078927 0.060133 -0.665982
v -0.078927 0.074943 -0.651033
v 0.007173 0.089498 -0.665982
v 0.024573 0.089498 -0.665982
v -0.078927 -0.086694 -0.651033
v -0.078927 -0.101249 -0.651033
v -0.061827 -0.101249 -0.651033
v -0.061827 -0.086694 -0.651033
v 0.024573 -0.057329 -0.636340
v 0.024573 -0.057329 -0.651033
v -0.078927 -0.042518 -0.651033
v -0.078927 -0.013153 -0.651033
v 0.024573 -0.013153 -0.651033
v -0.078927 0.016213 -0.651033
v 0.024573 0.016213 -0.651033
v 0.024573 0.016213 -0.636340
v 0.024573 0.030768 -0.636340
v 0.024573 0.030768 -0.651033
v 0.024573 0.060133 -0.651033
v -0.078927 0.089498 -0.651033
v -0.061827 0.089498 -0.651033
v 0.007173 0.089498 -0.636340
v -0.078927 -0.027963 -0.636340
v 0.024573 -0.027963 -0.636340
v -0.078927 -0.013153 -0.636340
v 0.024573 -0.013153 -0.636340
v -0.113427 -0.013153 -0.651033
v -0.113427 -0.013153 -0.636340
v -0.096327 -0.013153 -0.636340
v 0.059073 -0.013153 -0.651033
v 0.059073 -0.013153 -0.636340
v 0.059073 0.001402 -0.636340
v -0.113427 0.016213 -0.651033
v -0.113427 0.016213 -0.636340
v -0.096327 0.016213 -0.636340
v -0.078927 0.016213 -0.636340
v 0.041673 0.016213 -0.636340
v 0.059073 0.016213 -0.636340
v 0.059073 0.016213 -0.651033
v -0.078927 0.030768 -0.636340
v 0.024573 0.045578 -0.651033
v 0.024573 0.045578 -0.621390
v 0.024573 0.089498 -0.636340
v 0.024573 -0.101249 -0.621390
v 0.024573 -0.086694 -0.621390
v -0.078927 -0.071884 -0.621390
v 0.024573 -0.057329 -0.621390
v -0.078927 -0.042518 -0.621390
v 0.024573 -0.057329 -0.606698
v 0.024573 -0.042518 -0.606698
v -0.078927 -0.027963 -0.621390
v 0.024573 -0.042518 -0.621390
v 0.024573 -0.027963 -0.621390
v -0.113427 -0.027963 -0.636340
v -0.113427 -0.013153 -0.621390
v -0.113427 -0.027963 -0.621390
v -0.096327 -0.027963 -0.621390
v 0.059073 -0.027963 -0.621390
v 0.059073 -0.013153 -0.621390
v 0.076173 -0.027963 -0.636340
v 0.076173 -0.027963 -0.621390
v 0.076173 -0.013153 -0.621390
v -0.113427 0.016213 -0.621390
v -0.096327 0.016213 -0.621390
v 0.059073 0.001402 -0.621390
v 0.076173 0.001402 -0.621390
v 0.076173 0.001402 -0.636340
v 0.041673 0.016213 -0.621390
v 0.059073 0.016213 -0.621390
v 0.076173 0.001402 -0.606698
v 0.076173 0.016213 -0.606698
v 0.076173 0.016213 -0.636340
v 0.076173 0.016213 -0.621390
v -0.096327 0.030768 -0.636340
v -0.096327 0.030768 -0.621390
v -0.078927 0.030768 -0.621390
v 0.024573 0.030768 -0.621390
v 0.041673 0.030768 -0.621390
v 0.041673 0.030768 -0.636340
v -0.078927 0.045578 -0.621390
v 0.007173 0.089498 -0.621390
v -0.009927 -0.101249 -0.606698
v 0.024573 -0.101249 -0.606698
v -0.078927 -0.071884 -0.606698
v -0.078927 -0.042518 -0.606698
v 0.024573 -0.071884 -0.606698
v -0.113427 -0.042518 -0.621390
v -0.113427 -0.042518 -0.606698
v -0.096327 -0.042518 -0.606698
v 0.059073 -0.042518 -0.606698
v 0.076173 -0.042518 -0.621390
v 0.076173 -0.042518 -0.606698
v 0.059073 0.001402 -0.606698
v 0.059073 0.016213 -0.606698
v 0.059073 0.030768 -0.621390
v 0.059073 0.030768 -0.606698
v 0.076173 0.030768 -0.606698
v 0.076173 0.030768 -0.621390
v -0.113427 0.045578 -0.621390
v -0.113427 0.045578 -0.606698
v -0.096327 0.045578 -0.606698
v -0.078927 0.045578 -0.606698
v 0.024573 0.045578 -0.606698
v 0.059073 0.045578 -0.606698
v 0.059073 0.045578 -0.621390
v -0.078927 0.060133 -0.606698
v 0.024573 0.060133 -0.606698
v -0.044427 -0.101249 -0.591748
v -0.044427 -0.116059 -0.591748
v -0.009927 -0.116059 -0.591748
v -0.009927 -0.101249 -0.591748
v -0.061827 -0.086694 -0.591748
v -0.061827 -0.101249 -0.591748
v 0.024573 -0.101249 -0.591748
v 0.024573 -0.086694 -0.591748
v -0.078927 -0.071884 -0.591748
v -0.078927 -0.086694 -0.591748
v 0.024573 -0.071884 -0.591748
v -0.113427 -0.071884 -0.606698
v -0.113427 -0.071884 -0.591748
v -0.096327 -0.071884 -0.591748
v 0.059073 -0.071884 -0.591748
v 0.076173 -0.071884 -0.606698
v 0.076173 -0.071884 -0.591748
v -0.113427 -0.042518 -0.591748
v 0.059073 -0.042518 -0.591748
v 0.076173 -0.042518 -0.591748
v -0.113427 -0.027963 -0.591748
v 0.059073 -0.013153 -0.591748
v 0.076173 -0.013153 -0.591748
v -0.113427 0.016213 -0.591748
v 0.059073 0.016213 -0.591748
v 0.059073 0.030768 -0.591748
v 0.076173 0.016213 -0.591748
v 0.076173 0.030768 -0.591748
v -0.113427 0.060133 -0.606698
v -0.113427 0.060133 -0.591748
v -0.096327 0.060133 -0.591748
v -0.078927 0.060133 -0.591748
v 0.024573 0.060133 -0.591748
v 0.059073 0.060133 -0.591748
v 0.076173 0.060133 -0.591748
v 0.076173 0.060133 -0.606698
v -0.078927 0.089498 -0.591748
v -0.061827 0.089498 -0.591748
v 0.007173 0.089498 -0.591748
v 0.024573 0.089498 -0.591748
v -0.061827 0.104053 -0.591748
v -0.044427 0.104053 -0.591748
v -0.009927 0.104053 -0.591748
v 0.007173 0.104053 -0.591748
v -0.096327 -0.130614 -0.591748
v -0.096327 -0.116059 -0.591748
v -0.096327 -0.116059 -0.577056
v -0.061827 -0.130614 -0.591748
v -0.044427 -0.130614 -0.577056
v -0.044427 -0.116059 -0.577056
v -0.009927 -0.130614 -0.577056
v -0.009927 -0.116059 -0.577056
v 0.041673 -0.130614 -0.591748
v 0.041673 -0.116059 -0.577056
v 0.041673 -0.116059 -0.591748
v -0.113427 -0.116059 -0.591748
v 0.059073 -0.116059 -0.591748
v 0.059073 -0.101249 -0.577056
v 0.059073 -0.101249 -0.591748
v 0.076173 -0.101249 -0.591748
v 0.059073 -0.071884 -0.577056
v 0.076173 -0.071884 -0.577056
v -0.113427 -0.057329 -0.577056
v -0.113427 -0.042518 -0.577056
v 0.059073 -0.042518 -0.577056
v 0.076173 -0.042518 -0.577056
v -0.113427 -0.027963 -0.577056
v -0.113427 -0.027963 -0.547414
v -0.113427 -0.057329 -0.547414
v -0.113427 -0.013153 -0.577056
v -0.113427 0.016213 -0.562364
v 0.059073 0.030768 -0.577056
v 0.076173 0.030768 -0.577056
v 0.059073 0.060133 -0.577056
v 0.076173 0.060133 -0.577056
v 0.041673 0.074943 -0.577056
v 0.059073 0.074943 -0.577056
v 0.076173 0.074943 -0.577056
v 0.041673 0.089498 -0.577056
v 0.076173 0.089498 -0.577056
v 0.059073 0.089498 -0.577056
v -0.113427 0.104053 -0.591748
v 0.007173 0.104053 -0.577056
v 0.059073 0.104053 -0.591748
v 0.059073 0.104053 -0.577056
v 0.076173 0.104053 -0.591748
v -0.113427 0.118864 -0.591748
v -0.113427 0.118864 -0.577056
v -0.061827 0.118864 -0.591748
v -0.044427 0.104053 -0.577056
v -0.044427 0.118864 -0.577056
v -0.009927 0.104053 -0.577056
v -0.009927 0.118864 -0.577056
v 0.059073 0.118864 -0.591748
v -0.044427 -0.145425 -0.577056
v -0.044427 -0.145425 -0.562364
v -0.009927 -0.145425 -0.577056
v -0.009927 -0.145425 -0.562364
v -0.096327 -0.116059 -0.562364
v -0.096327 -0.130614 -0.562364
v -0.078927 -0.130614 -0.562364
v -0.078927 -0.116059 -0.562364
v 0.024573 -0.130614 -0.562364
v 0.024573 -0.116059 -0.562364
v 0.041673 -0.130614 -0.562364
v 0.041673 -0.116059 -0.562364
v -0.113427 -0.101249 -0.562364
v -0.113427 -0.116059 -0.562364
v -0.096327 -0.101249 -0.562364
v 0.059073 -0.101249 -0.562364
v 0.076173 -0.101249 -0.562364
v 0.059073 -0.071884 -0.562364
v 0.076173 -0.071884 -0.562364
v -0.113427 0.030768 -0.562364
v 0.041673 0.030768 -0.562364
v 0.059073 0.030768 -0.562364
v -0.113427 0.045578 -0.562364
v -0.113427 0.060133 -0.562364
v 0.041673 0.060133 -0.562364
v 0.059073 0.060133 -0.562364
v 0.059073 0.074943 -0.562364
v 0.076173 0.060133 -0.562364
v 0.076173 0.074943 -0.562364
v 0.041673 0.089498 -0.562364
v 0.041673 0.074943 -0.562364
v 0.059073 0.089498 -0.562364
v -0.113427 0.118864 -0.562364
v -0.096327 0.104053 -0.562364
v 0.059073 0.104053 -0.562364
v 0.076173 0.089498 -0.562364
v 0.076173 0.104053 -0.562364
v -0.096327 0.118864 -0.562364
v -0.113427 0.104053 -0.562364
v -0.078927 0.118864 -0.562364
v 0.041673 0.104053 -0.562364
v 0.041673 0.118864 -0.562364
v 0.059073 0.118864 -0.562364
v -0.044427 0.148229 -0.577056
v -0.044427 0.148229 -0.562364
v -0.009927 0.148229 -0.562364
v -0.009927 0.148229 -0.577056
v -0.044427 -0.159980 -0.562364
v -0.044427 -0.145425 -0.547414
v -0.009927 -0.159980 -0.562364
v -0.009927 -0.145425 -0.547414
v -0.044427 -0.130614 -0.547414
v -0.009927 -0.130614 -0.547414
v -0.044427 -0.116059 -0.547414
v -0.009927 -0.116059 -0.547414
v -0.096327 -0.101249 -0.547414
v -0.096327 -0.116059 -0.547414
v 0.059073 -0.101249 -0.547414
v -0.113427 -0.071884 -0.547414
v -0.113427 -0.101249 -0.547414
v 0.059073 -0.086694 -0.547414
v -0.113427 -0.101249 -0.532722
v 0.041673 0.016213 -0.547414
v 0.059073 0.016213 -0.547414
v 0.041673 0.030768 -0.547414
v -0.113427 0.045578 -0.547414
v -0.113427 0.074943 -0.547414
v -0.096327 0.104053 -0.532722
v -0.044427 0.104053 -0.547414
v -0.044427 0.118864 -0.547414
v -0.009927 0.118864 -0.547414
v -0.009927 0.104053 -0.547414
v 0.041673 0.118864 -0.547414
v -0.044427 0.133419 -0.547414
v -0.009927 0.133419 -0.547414
v -0.044427 0.162784 -0.562364
v -0.009927 0.162784 -0.562364
v -0.044427 -0.145425 -0.532722
v -0.027327 -0.159980 -0.532722
v -0.027327 -0.145425 -0.532722
v -0.009927 -0.159980 -0.532722
v -0.044427 -0.116059 -0.532722
v -0.009927 -0.116059 -0.532722
v -0.113427 -0.116059 -0.547414
v 0.059073 -0.086694 -0.517772
v 0.041673 0.016213 -0.532722
v 0.059073 0.016213 -0.532722
v 0.041673 0.060133 -0.532722
v 0.059073 0.060133 -0.532722
v -0.044427 -0.145425 -0.517772
v -0.027327 -0.145425 -0.517772
v -0.113427 -0.101249 -0.517772
v -0.113427 -0.116059 -0.517772
v -0.113427 -0.086694 -0.532722
v -0.113427 -0.086694 -0.517772
v 0.041673 0.118864 -0.517772
v -0.027327 0.133419 -0.517772
v -0.009927 0.133419 -0.517772
v -0.027327 0.162784 -0.517772
v -0.009927 0.162784 -0.517772
v -0.044427 -0.159980 -0.503080
v -0.113427 -0.101249 -0.503080
v -0.113427 -0.116059 -0.503080
v -0.113427 -0.086694 -0.488130
v -0.096327 -0.086694 -0.488130
v -0.113427 -0.042518 -0.503080
v -0.096327 -0.042518 -0.503080
v -0.113427 -0.027963 -0.503080
v -0.096327 -0.027963 -0.503080
v 0.041673 0.089498 -0.503080
v 0.059073 0.089498 -0.503080
v -0.096327 0.104053 -0.503080
v 0.041673 0.104053 -0.503080
v -0.078927 0.104053 -0.503080
v -0.078927 0.118864 -0.503080
v -0.061827 0.104053 -0.503080
v -0.061827 0.118864 -0.503080
v -0.009927 0.162784 -0.488130
v 0.059073 -0.101249 -0.488130
v -0.096327 -0.071884 -0.488130
v 0.041673 -0.071884 -0.488130
v 0.059073 -0.071884 -0.488130
v -0.078927 -0.071884 -0.488130
v 0.024573 -0.071884 -0.488130
v -0.113427 -0.042518 -0.488130
v -0.096327 -0.042518 -0.488130
v -0.078927 -0.042518 -0.488130
v 0.024573 -0.042518 -0.488130
v 0.041673 -0.042518 -0.488130
v 0.041673 -0.027963 -0.488130
v 0.059073 -0.027963 -0.488130
v -0.113427 -0.013153 -0.488130
v -0.113427 0.001402 -0.488130
v -0.113427 0.016213 -0.488130
v -0.096327 0.016213 -0.488130
v -0.096327 0.030768 -0.488130
v 0.041673 0.030768 -0.488130
v 0.059073 0.030768 -0.488130
v -0.078927 0.030768 -0.488130
v 0.024573 0.030768 -0.488130
v -0.113427 0.060133 -0.488130
v 0.059073 0.060133 -0.488130
v -0.113427 0.074943 -0.488130
v -0.096327 0.074943 -0.488130
v -0.078927 0.074943 -0.488130
v 0.024573 0.074943 -0.488130
v 0.041673 0.074943 -0.488130
v 0.059073 0.089498 -0.488130
v 0.059073 0.074943 -0.488130
v 0.041673 0.104053 -0.473437
v 0.041673 0.089498 -0.473437
v -0.061827 0.104053 -0.473437
v -0.027327 -0.145425 -0.473437
v -0.009927 -0.145425 -0.473437
v -0.078927 -0.116059 -0.473437
v -0.027327 -0.130614 -0.473437
v -0.027327 -0.116059 -0.473437
v -0.009927 -0.130614 -0.473437
v -0.009927 -0.116059 -0.473437
v 0.024573 -0.130614 -0.473437
v -0.113427 -0.116059 -0.473437
v -0.096327 -0.086694 -0.473437
v 0.041673 -0.086694 -0.473437
v 0.059073 -0.071884 -0.473437
v -0.096327 -0.071884 -0.473437
v -0.078927 -0.086694 -0.473437
v -0.078927 -0.071884 -0.473437
v 0.024573 -0.071884 -0.473437
v 0.024573 -0.086694 -0.473437
v 0.059073 -0.086694 -0.473437
v -0.078927 -0.042518 -0.473437
v 0.024573 -0.042518 -0.473437
v -0.096327 -0.027963 -0.473437
v -0.096327 -0.042518 -0.473437
v -0.078927 -0.027963 -0.473437
v 0.024573 -0.027963 -0.473437
v 0.041673 -0.042518 -0.473437
v 0.041673 -0.027963 -0.473437
v -0.113427 0.001402 -0.458488
v -0.096327 0.016213 -0.473437
v -0.078927 0.030768 -0.473437
v -0.078927 0.060133 -0.473437
v -0.044427 0.133419 -0.473437
v -0.044427 -0.145425 -0.458488
v -0.027327 -0.145425 -0.458488
v -0.027327 -0.130614 -0.458488
v -0.078927 -0.116059 -0.458488
v -0.078927 -0.130614 -0.458488
v -0.044427 -0.130614 -0.458488
v -0.044427 -0.116059 -0.458488
v -0.027327 -0.116059 -0.458488
v 0.024573 -0.116059 -0.458488
v -0.113427 -0.116059 -0.458488
v -0.078927 -0.101249 -0.458488
v 0.059073 -0.116059 -0.458488
v -0.113427 -0.086694 -0.458488
v -0.096327 -0.086694 -0.458488
v -0.078927 -0.086694 -0.458488
v -0.096327 -0.101249 -0.458488
v 0.024573 -0.086694 -0.458488
v 0.041673 -0.086694 -0.458488
v 0.059073 -0.086694 -0.458488
v -0.078927 -0.057329 -0.458488
v 0.024573 -0.057329 -0.458488
v -0.078927 -0.027963 -0.458488
v -0.113427 -0.027963 -0.458488
v 0.059073 -0.013153 -0.458488
v -0.113427 0.016213 -0.458488
v -0.096327 0.016213 -0.458488
v -0.096327 0.030768 -0.458488
v -0.078927 0.045578 -0.458488
v 0.024573 0.045578 -0.458488
v -0.078927 0.060133 -0.458488
v -0.078927 0.074943 -0.458488
v 0.024573 0.074943 -0.458488
v -0.113427 0.074943 -0.458488
v -0.096327 0.074943 -0.458488
v 0.041673 0.074943 -0.458488
v 0.041673 0.089498 -0.458488
v 0.059073 0.074943 -0.458488
v -0.044427 0.104053 -0.458488
v -0.044427 0.118864 -0.458488
v -0.009927 0.104053 -0.458488
v -0.009927 0.118864 -0.458488
v -0.044427 0.133419 -0.458488
v -0.009927 0.133419 -0.458488
v -0.044427 -0.159980 -0.443795
v -0.009927 -0.159980 -0.443795
v -0.044427 -0.130614 -0.443795
v -0.009927 -0.130614 -0.443795
v -0.078927 -0.116059 -0.443795
v -0.078927 -0.130614 -0.443795
v -0.044427 -0.116059 -0.443795
v -0.009927 -0.116059 -0.443795
v 0.024573 -0.116059 -0.443795
v 0.059073 -0.116059 -0.443795
v -0.113427 -0.057329 -0.458488
v 0.024573 -0.057329 -0.443795
v 0.059073 -0.057329 -0.458488
v 0.024573 -0.042518 -0.443795
v -0.078927 -0.027963 -0.443795
v -0.113427 -0.027963 -0.443795
v 0.059073 -0.027963 -0.443795
v 0.059073 -0.013153 -0.443795
v 0.041673 0.016213 -0.443795
v 0.059073 0.016213 -0.443795
v -0.113427 0.016213 -0.443795
v -0.096327 0.016213 -0.443795
v -0.113427 0.030768 -0.458488
v -0.113427 0.030768 -0.443795
v -0.096327 0.030768 -0.443795
v 0.041673 0.030768 -0.443795
v 0.059073 0.030768 -0.443795
v -0.078927 0.045578 -0.443795
v 0.024573 0.045578 -0.443795
v -0.096327 0.045578 -0.458488
v -0.096327 0.060133 -0.458488
v -0.096327 0.060133 -0.443795
v -0.096327 0.045578 -0.443795
v -0.078927 0.060133 -0.443795
v 0.024573 0.060133 -0.443795
v 0.041673 0.045578 -0.458488
v 0.041673 0.045578 -0.443795
v 0.041673 0.060133 -0.443795
v 0.041673 0.060133 -0.458488
v -0.113427 0.060133 -0.458488
v 0.059073 0.060133 -0.458488
v -0.061827 0.104053 -0.443795
v -0.044427 0.104053 -0.443795
v -0.044427 0.118864 -0.443795
v -0.009927 0.118864 -0.443795
v -0.009927 0.104053 -0.443795
v -0.044427 0.162784 -0.443795
v -0.009927 0.162784 -0.443795
v -0.078927 -0.116059 -0.428845
v -0.078927 -0.130614 -0.428845
v -0.044427 -0.116059 -0.428845
v -0.009927 -0.116059 -0.428845
v 0.024573 -0.130614 -0.428845
v 0.024573 -0.116059 -0.428845
v -0.113427 -0.101249 -0.428845
v -0.113427 -0.116059 -0.428845
v -0.096327 -0.116059 -0.428845
v -0.096327 -0.101249 -0.428845
v -0.078927 -0.101249 -0.428845
v -0.061827 -0.101249 -0.428845
v -0.044427 -0.101249 -0.428845
v -0.009927 -0.101249 -0.428845
v 0.007173 -0.101249 -0.428845
v 0.024573 -0.101249 -0.428845
v 0.041673 -0.116059 -0.428845
v 0.041673 -0.101249 -0.428845
v 0.059073 -0.116059 -0.428845
v 0.059073 -0.101249 -0.428845
v -0.113427 -0.071884 -0.428845
v -0.096327 -0.071884 -0.428845
v 0.041673 -0.071884 -0.428845
v 0.059073 -0.071884 -0.428845
v -0.113427 -0.057329 -0.428845
v -0.078927 -0.071884 -0.428845
v -0.078927 -0.057329 -0.428845
v 0.024573 -0.057329 -0.428845
v 0.024573 -0.071884 -0.428845
v 0.059073 -0.057329 -0.428845
v 0.024573 -0.057329 -0.414153
v 0.024573 -0.042518 -0.414153
v -0.078927 -0.027963 -0.428845
v -0.113427 -0.013153 -0.428845
v -0.113427 -0.027963 -0.428845
v 0.059073 -0.027963 -0.428845
v 0.059073 0.001402 -0.428845
v -0.113427 0.016213 -0.428845
v -0.096327 0.016213 -0.428845
v 0.041673 0.016213 -0.428845
v 0.059073 0.016213 -0.428845
v -0.078927 0.030768 -0.428845
v 0.024573 0.030768 -0.428845
v 0.041673 0.030768 -0.428845
v -0.078927 0.045578 -0.428845
v 0.041673 0.089498 -0.428845
v -0.096327 0.104053 -0.428845
v -0.061827 0.104053 -0.428845
v -0.061827 0.089498 -0.428845
v -0.044427 0.089498 -0.428845
v -0.044427 0.104053 -0.428845
v 0.041673 0.104053 -0.428845
v -0.096327 0.118864 -0.428845
v -0.027327 0.104053 -0.428845
v -0.027327 0.104053 -0.443795
v 0.041673 0.118864 -0.428845
v -0.096327 -0.101249 -0.414153
v -0.096327 -0.116059 -0.414153
v -0.078927 -0.116059 -0.414153
v -0.078927 -0.101249 -0.414153
v 0.024573 -0.101249 -0.414153
v 0.024573 -0.116059 -0.414153
v 0.041673 -0.116059 -0.414153
v 0.041673 -0.101249 -0.414153
v -0.113427 -0.101249 -0.414153
v -0.096327 -0.086694 -0.414153
v -0.078927 -0.086694 -0.414153
v -0.061827 -0.101249 -0.414153
v -0.061827 -0.086694 -0.414153
v -0.061827 -0.101249 -0.399203
v -0.061827 -0.086694 -0.399203
v 0.007173 -0.101249 -0.399203
v 0.007173 -0.086694 -0.399203
v 0.024573 -0.086694 -0.414153
v 0.041673 -0.086694 -0.414153
v 0.059073 -0.101249 -0.414153
v -0.113427 -0.071884 -0.414153
v -0.096327 -0.071884 -0.414153
v -0.078927 -0.071884 -0.414153
v 0.041673 -0.071884 -0.414153
v 0.059073 -0.071884 -0.414153
v 0.059073 0.001402 -0.414153
v 0.024573 0.030768 -0.399203
v 0.041673 0.016213 -0.399203
v 0.041673 0.030768 -0.399203
v 0.059073 0.030768 -0.428845
v -0.078927 0.060133 -0.414153
v -0.061827 0.060133 -0.414153
v 0.024573 0.060133 -0.414153
v -0.113427 0.060133 -0.414153
v -0.096327 0.074943 -0.414153
v -0.078927 0.074943 -0.414153
v 0.024573 0.074943 -0.414153
v 0.041673 0.074943 -0.414153
v 0.059073 0.060133 -0.414153
v -0.096327 0.089498 -0.414153
v -0.061827 0.089498 -0.414153
v -0.061827 0.074943 -0.414153
v 0.041673 0.089498 -0.414153
v -0.113427 0.104053 -0.414153
v -0.061827 0.104053 -0.414153
v 0.007173 0.089498 -0.414153
v 0.007173 0.104053 -0.414153
v 0.059073 0.104053 -0.414153
v 0.024573 -0.101249 -0.399203
v 0.024573 -0.086694 -0.399203
v -0.096327 -0.071884 -0.399203
v -0.096327 -0.086694 -0.399203
v -0.078927 -0.086694 -0.399203
v -0.078927 -0.071884 -0.399203
v 0.024573 -0.071884 -0.399203
v 0.041673 -0.086694 -0.399203
v 0.041673 -0.071884 -0.399203
v -0.078927 -0.027963 -0.399203
v 0.059073 -0.027963 -0.399203
v 0.041673 0.016213 -0.369561
v 0.059073 0.001402 -0.369561
v 0.059073 0.016213 -0.369561
v 0.059073 0.016213 -0.399203
v 0.059073 0.030768 -0.399203
v -0.078927 0.074943 -0.399203
v 0.024573 0.074943 -0.399203
v -0.096327 0.089498 -0.399203
v -0.096327 0.074943 -0.399203
v -0.078927 0.089498 -0.399203
v -0.061827 0.089498 -0.399203
v -0.044427 0.089498 -0.399203
v 0.024573 0.089498 -0.399203
v 0.041673 0.074943 -0.399203
v 0.041673 0.089498 -0.399203
v -0.044427 0.104053 -0.399203
v -0.009927 0.104053 -0.399203
v 0.007173 0.104053 -0.399203
v -0.078927 -0.042518 -0.369561
v -0.078927 -0.057329 -0.369561
v -0.078927 -0.027963 -0.369561
v -0.009927 0.089498 -0.384511
v 0.007173 0.089498 -0.384511
v -0.061827 0.104053 -0.399203
v -0.009927 0.104053 -0.384511
v -0.044427 -0.101249 -0.369561
v -0.044427 -0.116059 -0.369561
v -0.027327 -0.116059 -0.369561
v -0.009927 -0.116059 -0.369561
v -0.009927 -0.101249 -0.369561
v -0.061827 -0.086694 -0.369561
v -0.061827 -0.101249 -0.369561
v 0.007173 -0.101249 -0.369561
v 0.007173 -0.086694 -0.369561
v -0.078927 -0.086694 -0.369561
v 0.024573 -0.086694 -0.369561
v 0.024573 -0.027963 -0.369561
v -0.113427 -0.013153 -0.369561
v -0.096327 -0.027963 -0.369561
v 0.041673 -0.027963 -0.369561
v 0.059073 -0.027963 -0.369561
v 0.059073 -0.013153 -0.369561
v -0.113427 0.001402 -0.369561
v -0.096327 0.030768 -0.369561
v -0.078927 0.030768 -0.369561
v 0.024573 0.030768 -0.369561
v 0.041673 0.030768 -0.369561
v -0.078927 0.089498 -0.369561
v -0.061827 0.089498 -0.369561
v 0.007173 0.089498 -0.369561
v 0.024573 0.089498 -0.369561
v -0.061827 0.104053 -0.369561
v 0.007173 0.104053 -0.369561
v 0.007173 0.104053 -0.384511
v -0.078927 -0.130614 -0.369561
v -0.078927 -0.116059 -0.369561
v -0.078927 -0.116059 -0.354869
v -0.027327 -0.130614 -0.354869
v -0.027327 -0.130614 -0.369561
v 0.024573 -0.130614 -0.354869
v 0.024573 -0.130614 -0.369561
v 0.024573 -0.116059 -0.369561
v 0.024573 -0.116059 -0.354869
v -0.096327 -0.116059 -0.369561
v -0.096327 -0.101249 -0.369561
v -0.096327 -0.101249 -0.354869
v -0.096327 -0.116059 -0.354869
v 0.041673 -0.116059 -0.369561
v 0.041673 -0.116059 -0.354869
v 0.041673 -0.101249 -0.354869
v 0.041673 -0.101249 -0.369561
v -0.113427 -0.101249 -0.369561
v -0.113427 -0.101249 -0.354869
v 0.059073 -0.101249 -0.369561
v 0.059073 -0.101249 -0.354869
v -0.113427 -0.057329 -0.369561
v -0.096327 -0.057329 -0.369561
v -0.096327 -0.057329 -0.354869
v -0.096327 -0.027963 -0.354869
v 0.059073 0.001402 -0.339919
v -0.096327 0.045578 -0.369561
v -0.096327 0.045578 -0.354869
v 0.024573 0.030768 -0.354869
v -0.113427 0.045578 -0.369561
v -0.113427 0.089498 -0.369561
v 0.024573 0.089498 -0.354869
v -0.113427 0.104053 -0.369561
v -0.113427 0.104053 -0.339919
v -0.113427 0.089498 -0.339919
v -0.096327 0.104053 -0.369561
v -0.096327 0.104053 -0.339919
v -0.096327 0.104053 -0.354869
v 0.041673 0.104053 -0.369561
v 0.041673 0.104053 -0.354869
v 0.059073 0.104053 -0.369561
v -0.096327 0.118864 -0.369561
v -0.044427 0.118864 -0.354869
v -0.009927 0.118864 -0.354869
v 0.024573 0.118864 -0.369561
v 0.041673 0.118864 -0.369561
v -0.078927 -0.130614 -0.339919
v -0.061827 -0.130614 -0.339919
v -0.009927 -0.130614 -0.339919
v 0.007173 -0.130614 -0.339919
v 0.024573 -0.130614 -0.339919
v 0.024573 -0.116059 -0.339919
v 0.041673 -0.130614 -0.354869
v 0.041673 -0.130614 -0.339919
v 0.041673 -0.116059 -0.339919
v -0.113427 -0.116059 -0.354869
v -0.113427 -0.116059 -0.339919
v -0.096327 -0.116059 -0.339919
v -0.096327 -0.101249 -0.339919
v 0.041673 -0.101249 -0.339919
v 0.059073 -0.116059 -0.354869
v 0.059073 -0.116059 -0.339919
v -0.096327 -0.071884 -0.339919
v -0.113427 -0.057329 -0.339919
v -0.096327 -0.057329 -0.339919
v 0.041673 -0.057329 -0.339919
v -0.096327 -0.027963 -0.339919
v 0.041673 -0.027963 -0.339919
v 0.059073 -0.027963 -0.339919
v -0.096327 -0.027963 -0.325227
v -0.113427 0.016213 -0.339919
v 0.041673 0.016213 -0.339919
v 0.059073 0.016213 -0.339919
v -0.096327 0.045578 -0.339919
v 0.041673 0.045578 -0.339919
v -0.113427 0.045578 -0.339919
v 0.041673 0.104053 -0.339919
v 0.059073 0.104053 -0.339919
v -0.096327 0.118864 -0.339919
v -0.078927 0.104053 -0.339919
v -0.078927 0.118864 -0.339919
v -0.044427 0.118864 -0.339919
v -0.009927 0.118864 -0.339919
v 0.024573 0.104053 -0.339919
v 0.024573 0.118864 -0.339919
v 0.041673 0.118864 -0.339919
v -0.044427 0.133419 -0.354869
v -0.044427 0.133419 -0.339919
v -0.009927 0.133419 -0.339919
v -0.009927 0.133419 -0.354869
v -0.078927 -0.116059 -0.325227
v -0.027327 -0.130614 -0.325227
v 0.024573 -0.116059 -0.310535
v 0.007173 -0.130614 -0.310535
v 0.041673 -0.101249 -0.325227
v 0.041673 -0.071884 -0.325227
v -0.096327 -0.057329 -0.310535
v -0.096327 -0.071884 -0.310535
v 0.041673 -0.027963 -0.325227
v 0.059073 -0.013153 -0.325227
v 0.041673 0.016213 -0.325227
v 0.041673 0.045578 -0.325227
v -0.078927 0.104053 -0.325227
v -0.078927 -0.130614 -0.310535
v -0.027327 -0.130614 -0.295585
v -0.009927 -0.130614 -0.310535
v 0.041673 -0.116059 -0.310535
v 0.041673 -0.101249 -0.310535
v 0.041673 -0.086694 -0.310535
v 0.041673 -0.071884 -0.310535
v 0.041673 -0.027963 -0.295585
v 0.059073 -0.027963 -0.295585
v 0.059073 -0.013153 -0.295585
v -0.096327 0.016213 -0.310535
v 0.041673 0.016213 -0.310535
v 0.059073 0.016213 -0.310535
v 0.041673 0.045578 -0.310535
v 0.007173 -0.130614 -0.280892
v 0.024573 -0.116059 -0.295585
v 0.041673 -0.101249 -0.295585
v 0.041673 -0.086694 -0.295585
v 0.041673 -0.057329 -0.295585
v -0.096327 -0.027963 -0.295585
v -0.113427 -0.013153 -0.295585
v -0.113427 0.001402 -0.295585
v -0.096327 0.016213 -0.295585
v -0.096327 0.045578 -0.295585
v 0.041673 0.030768 -0.310535
v 0.041673 0.030768 -0.280892
v 0.041673 0.045578 -0.280892
v 0.024573 0.118864 -0.295585
v 0.041673 -0.116059 -0.265943
v 0.041673 -0.101249 -0.265943
v -0.096327 -0.071884 -0.280892
v -0.096327 -0.057329 -0.280892
v 0.041673 -0.057329 -0.280892
v 0.041673 -0.027963 -0.280892
v -0.096327 -0.027963 -0.280892
v -0.113427 0.001402 -0.265943
v -0.096327 0.016213 -0.280892
v -0.096327 0.030768 -0.295585
v -0.096327 0.030768 -0.280892
v 0.041673 0.060133 -0.280892
v -0.078927 0.104053 -0.280892
v -0.061827 0.118864 -0.280892
v -0.044427 0.118864 -0.280892
v -0.061827 -0.130614 -0.265943
v 0.041673 -0.071884 -0.265943
v -0.096327 -0.057329 -0.251250
v -0.096327 -0.057329 -0.265943
v -0.096327 -0.042518 -0.251250
v 0.041673 -0.042518 -0.280892
v 0.041673 -0.042518 -0.251250
v 0.041673 -0.027963 -0.251250
v -0.113427 0.016213 -0.265943
v -0.096327 0.016213 -0.265943
v 0.059073 0.016213 -0.265943
v -0.096327 0.045578 -0.265943
v -0.096327 0.030768 -0.251250
v 0.041673 0.030768 -0.251250
v 0.041673 0.060133 -0.251250
v 0.041673 0.060133 -0.265943
v 0.041673 0.089498 -0.251250
v 0.041673 0.045578 -0.236300
v 0.041673 0.060133 -0.236300
v -0.096327 0.074943 -0.265943
v -0.096327 0.089498 -0.265943
v -0.096327 0.104053 -0.265943
v 0.024573 0.104053 -0.265943
v -0.061827 -0.130614 -0.251250
v -0.027327 -0.130614 -0.251250
v 0.024573 -0.130614 -0.251250
v -0.096327 -0.027963 -0.251250
v -0.113427 -0.013153 -0.251250
v -0.113427 -0.027963 -0.251250
v -0.096327 -0.013153 -0.251250
v -0.061827 -0.013153 -0.251250
v -0.061827 0.016213 -0.265943
v -0.061827 0.016213 -0.251250
v 0.041673 -0.013153 -0.251250
v 0.059073 -0.027963 -0.251250
v 0.059073 -0.013153 -0.251250
v -0.113427 0.001402 -0.251250
v -0.096327 0.001402 -0.251250
v -0.061827 0.001402 -0.265943
v -0.061827 0.001402 -0.251250
v 0.041673 0.001402 -0.251250
v 0.059073 0.001402 -0.251250
v -0.113427 0.016213 -0.251250
v -0.096327 0.016213 -0.251250
v 0.041673 0.016213 -0.251250
v 0.059073 0.001402 -0.236300
v 0.059073 0.016213 -0.236300
v 0.059073 0.016213 -0.251250
v -0.096327 0.104053 -0.251250
v -0.078927 0.118864 -0.251250
v -0.044427 -0.130614 -0.251250
v -0.113427 -0.042518 -0.251250
v -0.113427 -0.027963 -0.236300
v -0.096327 -0.027963 -0.236300
v -0.061827 -0.027963 -0.221608
v -0.061827 -0.042518 -0.221608
v 0.059073 -0.042518 -0.251250
v -0.113427 -0.013153 -0.236300
v -0.096327 -0.013153 -0.236300
v -0.113427 0.016213 -0.236300
v -0.113427 0.001402 -0.236300
v -0.096327 0.016213 -0.236300
v -0.061827 0.001402 -0.236300
v -0.061827 0.016213 -0.236300
v 0.041673 0.016213 -0.236300
v -0.113427 0.030768 -0.251250
v -0.113427 0.030768 -0.236300
v -0.096327 0.030768 -0.236300
v -0.061827 0.016213 -0.221608
v -0.061827 0.030768 -0.221608
v 0.041673 0.030768 -0.236300
v 0.059073 0.030768 -0.236300
v 0.059073 0.030768 -0.251250
v -0.096327 0.045578 -0.236300
v 0.041673 0.089498 -0.236300
v -0.096327 0.104053 -0.236300
v -0.078927 0.104053 -0.236300
v 0.024573 0.104053 -0.236300
v 0.041673 0.104053 -0.236300
v -0.078927 0.118864 -0.236300
v -0.061827 0.118864 -0.236300
v -0.044427 0.118864 -0.236300
v -0.009927 0.118864 -0.236300
v 0.007173 0.118864 -0.236300
v 0.024573 0.118864 -0.236300
v -0.078927 -0.116059 -0.221608
v -0.078927 -0.130614 -0.221608
v -0.044427 -0.130614 -0.221608
v 0.024573 -0.130614 -0.221608
v 0.024573 -0.116059 -0.221608
v -0.096327 -0.116059 -0.221608
v 0.041673 -0.116059 -0.221608
v -0.096327 -0.086694 -0.221608
v -0.096327 -0.057329 -0.221608
v 0.041673 -0.057329 -0.221608
v -0.096327 -0.042518 -0.221608
v 0.041673 -0.042518 -0.221608
v -0.113427 -0.042518 -0.221608
v -0.096327 -0.027963 -0.221608
v 0.041673 -0.027963 -0.221608
v 0.059073 -0.042518 -0.221608
v 0.059073 -0.027963 -0.221608
v -0.096327 -0.013153 -0.221608
v -0.061827 -0.013153 -0.221608
v 0.059073 -0.013153 -0.221608
v -0.113427 0.045578 -0.236300
v 0.059073 0.045578 -0.236300
v 0.041673 0.060133 -0.206658
v 0.041673 0.089498 -0.206658
v -0.096327 0.118864 -0.236300
v -0.096327 0.118864 -0.221608
v -0.078927 0.118864 -0.221608
v -0.061827 0.118864 -0.221608
v 0.007173 0.118864 -0.221608
v 0.024573 0.118864 -0.221608
v 0.041673 0.118864 -0.221608
v 0.041673 0.118864 -0.236300
v -0.061827 0.133419 -0.236300
v -0.061827 0.133419 -0.221608
v 0.007173 0.133419 -0.221608
v 0.007173 0.133419 -0.236300
v -0.096327 -0.145425 -0.221608
v -0.096327 -0.130614 -0.221608
v -0.096327 -0.130614 -0.206658
v -0.061827 -0.130614 -0.206658
v -0.078927 -0.130614 -0.206658
v 0.007173 -0.130614 -0.206658
v 0.024573 -0.130614 -0.206658
v 0.041673 -0.145425 -0.221608
v 0.041673 -0.130614 -0.206658
v 0.041673 -0.130614 -0.221608
v -0.113427 -0.130614 -0.221608
v -0.113427 -0.116059 -0.221608
v -0.096327 -0.116059 -0.206658
v 0.041673 -0.116059 -0.206658
v 0.059073 -0.130614 -0.221608
v 0.059073 -0.116059 -0.206658
v 0.059073 -0.116059 -0.221608
v 0.041673 -0.101249 -0.206658
v -0.096327 -0.086694 -0.206658
v 0.041673 -0.086694 -0.206658
v -0.096327 -0.057329 -0.206658
v 0.041673 -0.071884 -0.206658
v 0.041673 -0.057329 -0.206658
v -0.113427 -0.057329 -0.221608
v -0.113427 -0.042518 -0.206658
v -0.113427 -0.057329 -0.206658
v -0.096327 -0.042518 -0.206658
v -0.061827 -0.042518 -0.206658
v -0.061827 -0.042518 -0.191966
v 0.041673 -0.042518 -0.206658
v 0.059073 -0.057329 -0.221608
v 0.059073 -0.057329 -0.206658
v 0.059073 -0.042518 -0.206658
v -0.113427 -0.027963 -0.206658
v -0.096327 -0.027963 -0.206658
v 0.041673 -0.027963 -0.206658
v 0.059073 -0.027963 -0.206658
v -0.113427 0.030768 -0.206658
v -0.113427 0.016213 -0.206658
v -0.096327 0.030768 -0.206658
v -0.078927 0.030768 -0.206658
v -0.061827 0.016213 -0.206658
v -0.061827 0.030768 -0.206658
v 0.041673 0.030768 -0.206658
v 0.059073 0.016213 -0.206658
v 0.059073 0.030768 -0.206658
v -0.113427 0.045578 -0.206658
v -0.096327 0.045578 -0.206658
v 0.041673 0.045578 -0.206658
v 0.059073 0.045578 -0.206658
v -0.096327 0.074943 -0.206658
v 0.041673 0.074943 -0.206658
v -0.096327 0.104053 -0.206658
v 0.041673 0.104053 -0.206658
v -0.096327 0.118864 -0.206658
v -0.078927 0.118864 -0.206658
v 0.024573 0.118864 -0.206658
v 0.041673 0.118864 -0.206658
v -0.113427 0.118864 -0.221608
v -0.113427 0.133419 -0.221608
v -0.113427 0.118864 -0.206658
v 0.059073 0.118864 -0.221608
v 0.059073 0.118864 -0.206658
v 0.059073 0.133419 -0.221608
v -0.096327 -0.130614 -0.191966
v -0.096327 -0.145425 -0.191966
v -0.061827 -0.130614 -0.191966
v 0.007173 -0.130614 -0.191966
v 0.041673 -0.145425 -0.191966
v 0.041673 -0.130614 -0.191966
v -0.113427 -0.116059 -0.191966
v -0.096327 -0.116059 -0.191966
v -0.061827 -0.116059 -0.191966
v 0.007173 -0.116059 -0.191966
v 0.041673 -0.101249 -0.191966
v 0.059073 -0.101249 -0.191966
v 0.059073 -0.101249 -0.206658
v -0.096327 -0.086694 -0.191966
v 0.041673 -0.086694 -0.191966
v -0.113427 -0.086694 -0.206658
v -0.113427 -0.086694 -0.191966
v 0.059073 -0.086694 -0.206658
v 0.059073 -0.086694 -0.191966
v -0.113427 -0.057329 -0.191966
v -0.096327 -0.057329 -0.191966
v -0.061827 -0.057329 -0.191966
v 0.041673 -0.057329 -0.191966
v 0.059073 -0.057329 -0.191966
v -0.113427 -0.042518 -0.191966
v -0.096327 -0.042518 -0.191966
v 0.041673 -0.042518 -0.191966
v 0.059073 -0.042518 -0.191966
v -0.096327 -0.027963 -0.191966
v -0.061827 -0.027963 -0.191966
v 0.041673 -0.027963 -0.191966
v -0.113427 0.045578 -0.191966
v -0.113427 0.030768 -0.191966
v -0.078927 0.045578 -0.191966
v -0.096327 0.045578 -0.191966
v -0.061827 0.030768 -0.191966
v -0.061827 0.045578 -0.191966
v 0.041673 0.045578 -0.191966
v 0.059073 0.030768 -0.191966
v 0.059073 0.045578 -0.191966
v -0.113427 0.060133 -0.191966
v -0.096327 0.060133 -0.191966
v -0.061827 0.074943 -0.191966
v -0.113427 0.074943 -0.206658
v -0.113427 0.074943 -0.191966
v -0.096327 0.074943 -0.191966
v 0.041673 0.074943 -0.191966
v 0.059073 0.074943 -0.191966
v 0.059073 0.074943 -0.206658
v -0.096327 0.104053 -0.191966
v 0.041673 0.104053 -0.191966
v -0.113427 0.104053 -0.206658
v -0.113427 0.118864 -0.191966
v -0.113427 0.104053 -0.191966
v -0.096327 0.118864 -0.191966
v 0.041673 0.118864 -0.191966
v 0.059073 0.104053 -0.206658
v 0.059073 0.104053 -0.191966
v 0.059073 0.118864 -0.191966
v -0.113427 0.133419 -0.191966
v -0.078927 0.118864 -0.191966
v -0.078927 0.133419 -0.191966
v -0.061827 0.118864 -0.191966
v -0.061827 0.133419 -0.191966
v 0.007173 0.118864 -0.191966
v 0.007173 0.133419 -0.191966
v 0.024573 0.118864 -0.191966
v 0.024573 0.133419 -0.191966
v 0.059073 0.133419 -0.191966
v -0.113427 -0.130614 -0.177016
v -0.061827 -0.130614 -0.177016
v -0.061827 -0.116059 -0.177016
v 0.007173 -0.116059 -0.177016
v 0.059073 -0.130614 -0.177016
v -0.061827 -0.086694 -0.177016
v -0.061827 -0.071884 -0.177016
v -0.113427 -0.057329 -0.177016
v -0.061827 -0.057329 -0.177016
v 0.059073 -0.057329 -0.177016
v -0.096327 0.060133 -0.177016
v -0.096327 0.045578 -0.177016
v -0.061827 0.045578 -0.177016
v 0.059073 0.045578 -0.177016
v -0.113427 0.060133 -0.177016
v -0.061827 0.074943 -0.177016
v -0.061827 0.118864 -0.177016
v 0.007173 0.118864 -0.177016
v -0.078927 0.104053 -0.177016
v -0.061827 0.104053 -0.177016
v -0.113427 0.104053 -0.177016
v -0.113427 0.118864 -0.177016
v -0.078927 0.118864 -0.177016
v 0.024573 0.118864 -0.177016
v 0.059073 0.118864 -0.177016
v -0.078927 0.133419 -0.177016
v -0.061827 0.133419 -0.177016
v 0.007173 0.133419 -0.177016
v 0.024573 0.133419 -0.177016
v 0.007173 -0.013153 -1.154691
v -0.009927 0.118864 -0.206296
v -0.009927 0.133419 -0.206296
v -0.027327 0.118864 -0.206296
v -0.027327 0.133419 -0.206296
v -0.044427 -0.116059 -0.177016
v -0.044427 -0.141147 -0.191966
v -0.044427 -0.116059 -0.191966
v -0.044427 -0.106647 -0.177016
v 0.007173 -0.130614 -0.177016
v 0.007173 -0.027963 -0.221608
v 0.007173 -0.013153 -0.221608
v 0.007173 0.001402 -0.251250
v 0.007173 -0.013153 -0.251250
v 0.007173 0.001402 -0.236300
v 0.007173 0.016213 -0.236300
v 0.007173 0.030768 -0.191966
v 0.007173 0.030768 -0.206658
v 0.007173 0.016213 -0.206658
v 0.007173 -0.145425 -0.191966
v 0.007173 -0.141147 -0.191966
v 0.007173 -0.145425 -0.221608
v 0.007173 -0.141147 -0.221608
v 0.007173 -0.124047 -0.177016
v 0.007173 -0.130614 -0.189196
v 0.007173 -0.106647 -0.177016
v 0.007173 -0.057329 -0.177016
v 0.007173 -0.057329 -0.191966
v 0.007173 -0.027963 -0.191966
v 0.007173 0.045578 -0.191966
v 0.007173 0.045578 -0.177016
v 0.007173 0.100053 -0.177016
v -0.061827 -0.145425 -0.191966
v -0.061827 -0.141147 -0.191966
v -0.061827 -0.145425 -0.221608
v -0.061827 -0.141147 -0.221608
v -0.061827 -0.042518 -0.221608
v -0.061827 -0.027963 -0.221608
v -0.061827 0.016213 -0.251250
v -0.061827 -0.027963 -0.251250
v -0.061827 0.016213 -0.221608
v -0.061827 0.030768 -0.206658
v -0.061827 0.030768 -0.221608
v -0.061827 0.045578 -0.206658
v -0.061827 -0.106647 -0.177016
v -0.061827 -0.086694 -0.177016
v -0.061827 -0.071884 -0.177016
v -0.061827 -0.071884 -0.191966
v -0.061827 -0.042518 -0.191966
v -0.061827 0.045578 -0.191966
v -0.061827 0.074943 -0.191966
v -0.061827 0.074943 -0.177016
v -0.061827 0.100053 -0.177016
v 0.007173 -0.013153 -1.436162
v -0.044427 0.100053 -0.177016
v -0.044427 0.118864 -0.177016
v -0.044427 0.118864 -0.189196
v -0.009927 -0.141147 -0.191966
v -0.027327 0.118864 -0.189196
v -0.027327 0.118864 -0.191966
v -0.027327 0.133419 -0.191966
v 0.007173 -0.124047 -0.177016
v 0.007173 -0.124047 -0.189196
v 0.007173 -0.130614 -0.189196
v 0.007173 -0.106647 -0.177016
v -0.009927 -0.106647 -0.177016
v -0.009927 0.100053 -0.177016
v 0.007173 0.100053 -0.177016
v -0.009927 0.118864 -0.177016
v -0.009927 0.118864 -0.191966
v -0.009927 0.133419 -0.191966
v -0.009927 -0.116059 -0.177016
v -0.009927 -0.116059 -0.191966
vn -0.0000 -1.0000 -0.0000
vn -0.0000 1.0000 -0.0000
vn -0.0000 -0.0000 1.0000
vn -1.0000 -0.0000 -0.0000
vn 1.0000 -0.0000 -0.0000
vn 0.7071 0.7071 -0.0000
vn -0.0000 -0.0000 -1.0000
vn -0.8944 -0.4472 -0.0000
vn 0.9998 -0.0000 -0.0208
vn 0.9993 -0.0000 -0.0370
vn -0.2425 -0.9701 -0.0000
vn -0.9979 -0.0000 -0.0644
vn -0.7440 -0.0000 0.6681
vn -0.0000 0.0078 1.0000
vn -0.0000 -0.0001 -1.0000
vn -0.0000 0.9997 0.0259
vn -0.9975 -0.0000 -0.0712
vn -0.9959 -0.0000 -0.0905
vn -1.0000 -0.0000 0.0001
vn -0.9988 -0.0000 0.0499
vn -0.2420 -0.9680 0.0662
vn -0.0000 0.0001 -1.0000
vn 0.9864 -0.0000 0.1644
vn -0.9285 -0.0000 -0.3714
vn -0.0000 0.8944 -0.4472
vt 0.547758 0.935267
vt 0.560096 0.947605
vt 0.560096 0.935267
vt 0.196708 0.975509
vt 0.202931 0.969393
vt 0.202931 0.963171
vt 0.957027 0.622696
vt 0.963250 0.635034
vt 0.957027 0.616473
vt 0.743411 0.980392
vt 0.749526 0.968054
vt 0.743411 0.968054
vt 0.262888 0.901588
vt 0.269004 0.907703
vt 0.262888 0.889250
vt 0.584879 0.913964
vt 0.597217 0.907849
vt 0.590994 0.895511
vt 0.841901 0.907880
vt 0.841901 0.914103
vt 0.848123 0.901765
vt 0.196708 0.950833
vt 0.202931 0.963171
vt 0.202931 0.950833
vt 0.359338 0.963385
vt 0.365561 0.969501
vt 0.359338 0.957162
vt 0.975373 0.037014
vt 0.981489 0.049352
vt 0.981489 0.037014
vt 0.377899 0.969501
vt 0.384122 0.957163
vt 0.377899 0.957163
vt 0.969151 0.943485
vt 0.975373 0.931147
vt 0.969151 0.931147
vt 0.597217 0.963424
vt 0.603332 0.975762
vt 0.603332 0.963424
vt 0.981489 0.049352
vt 0.975373 0.061690
vt 0.981489 0.061690
vt 0.167720 0.980155
vt 0.173836 0.967816
vt 0.167720 0.967816
vt 0.341887 0.970598
vt 0.335664 0.958260
vt 0.335664 0.970598
vt 0.975373 0.925031
vt 0.969151 0.912693
vt 0.969151 0.925031
vt 0.155060 0.949363
vt 0.161283 0.943141
vt 0.167398 0.937025
vt 0.702037 0.963209
vt 0.695814 0.975547
vt 0.702037 0.975547
vt 0.224380 0.832807
vt 0.215880 0.815173
vt 0.216660 0.821347
vt 0.067806 0.909358
vt 0.061583 0.927811
vt 0.067806 0.934034
vt 0.783687 0.957396
vt 0.783687 0.963511
vt 0.789802 0.969734
vt 0.486067 0.900355
vt 0.492290 0.924924
vt 0.486067 0.894133
vt 0.969151 0.098704
vt 0.975373 0.111042
vt 0.975373 0.098704
vt 0.030791 0.864282
vt 0.018453 0.870504
vt 0.030791 0.870504
vt 0.802247 0.949708
vt 0.808363 0.943485
vt 0.796025 0.949708
vt 0.262888 0.876804
vt 0.269111 0.876804
vt 0.269111 0.864466
vt 0.876915 0.968161
vt 0.883030 0.980499
vt 0.883030 0.968161
vt 0.975266 0.363919
vt 0.975266 0.370141
vt 0.981381 0.376257
vt 0.883138 0.968161
vt 0.889253 0.980499
vt 0.889253 0.968161
vt 0.142470 0.022113
vt 0.129502 0.026885
vt 0.154728 0.023523
vt 0.155168 0.967817
vt 0.161283 0.980155
vt 0.161283 0.967817
vt 0.677253 0.969539
vt 0.683476 0.957201
vt 0.677253 0.957201
vt 0.913929 0.647479
vt 0.926267 0.653594
vt 0.926267 0.647479
vt 0.969043 0.505753
vt 0.962928 0.530321
vt 0.969043 0.530321
vt 0.792656 0.789313
vt 0.786540 0.776975
vt 0.786540 0.795428
vt 0.761757 0.665932
vt 0.749419 0.665932
vt 0.755642 0.702947
vt 0.498405 0.906471
vt 0.504628 0.906471
vt 0.498405 0.888017
vt 0.981489 0.030899
vt 0.975373 0.024676
vt 0.981489 0.037014
vt 0.975588 0.740068
vt 0.969365 0.752406
vt 0.975588 0.752406
vt 0.975266 0.277552
vt 0.969044 0.289890
vt 0.975266 0.289890
vt 0.591102 0.957201
vt 0.597217 0.969539
vt 0.597217 0.957201
vt 0.789802 0.914159
vt 0.796025 0.945058
vt 0.796025 0.914159
vt 0.209046 0.927373
vt 0.221384 0.902697
vt 0.215269 0.902697
vt 0.957027 0.567335
vt 0.963143 0.542767
vt 0.957027 0.542767
vt 0.161390 0.967817
vt 0.167613 0.961701
vt 0.167613 0.949363
vt 0.130384 0.950541
vt 0.136500 0.969101
vt 0.136500 0.950541
vt 0.695814 0.895404
vt 0.701930 0.889181
vt 0.695814 0.883066
vt 0.281449 0.944610
vt 0.287564 0.963171
vt 0.287564 0.944610
vt 0.399808 0.869457
vt 0.393586 0.875572
vt 0.405924 0.869457
vt 0.265108 0.032347
vt 0.271847 0.037889
vt 0.264462 0.026266
vt 0.963143 0.579888
vt 0.963143 0.586111
vt 0.969258 0.598449
vt 0.957027 0.980499
vt 0.963143 0.968161
vt 0.957027 0.968161
vt 0.938605 0.967946
vt 0.944828 0.955608
vt 0.938605 0.955608
vt 0.535420 0.966166
vt 0.541642 0.972281
vt 0.535420 0.959943
vt 0.335557 0.927469
vt 0.341779 0.933584
vt 0.341779 0.908908
vt 0.652685 0.963317
vt 0.658800 0.957094
vt 0.658800 0.944756
vt 0.080573 0.958710
vt 0.086795 0.971048
vt 0.086795 0.958710
vt 0.802140 0.826327
vt 0.802140 0.838558
vt 0.808363 0.813989
vt 0.811109 0.920218
vt 0.817332 0.932449
vt 0.823447 0.938672
vt 0.129496 0.946265
vt 0.117158 0.933927
vt 0.117158 0.946265
vt 0.275334 0.950725
vt 0.275334 0.956841
vt 0.281449 0.969179
vt 0.449160 0.949708
vt 0.455383 0.968161
vt 0.455383 0.949708
vt 0.504628 0.912694
vt 0.498405 0.925032
vt 0.504628 0.931254
vt 0.498405 0.980606
vt 0.492290 0.968268
vt 0.492290 0.980606
vt 0.191967 0.980262
vt 0.185852 0.967924
vt 0.185852 0.980262
vt 0.658800 0.963317
vt 0.652577 0.975547
vt 0.658800 0.975547
vt 0.677253 0.963317
vt 0.671031 0.975547
vt 0.677253 0.975547
vt 0.963143 0.826434
vt 0.969365 0.814096
vt 0.963143 0.814096
vt 0.467614 0.955823
vt 0.461498 0.949600
vt 0.467614 0.968161
vt 0.714268 0.967987
vt 0.720490 0.955649
vt 0.714268 0.955649
vt 0.323326 0.883134
vt 0.329441 0.889250
vt 0.323326 0.876912
vt 0.864577 0.968161
vt 0.870800 0.955823
vt 0.864577 0.955823
vt 0.640347 0.920080
vt 0.652685 0.913964
vt 0.652685 0.907849
vt 0.164165 0.049447
vt 0.156680 0.061005
vt 0.162756 0.061704
vt 0.975481 0.659817
vt 0.981596 0.647479
vt 0.975481 0.647479
vt 0.975373 0.968161
vt 0.969258 0.980499
vt 0.975373 0.980499
vt 0.963143 0.641364
vt 0.969258 0.653702
vt 0.963143 0.635141
vt 0.196708 0.938495
vt 0.202823 0.944717
vt 0.209046 0.938495
vt 0.981596 0.764744
vt 0.975481 0.752406
vt 0.975481 0.764744
vt 0.969151 0.098704
vt 0.975373 0.086366
vt 0.969151 0.086366
vt 0.963035 0.912693
vt 0.956920 0.888017
vt 0.956920 0.900355
vt 0.768087 0.937262
vt 0.774202 0.931147
vt 0.761864 0.937262
vt 0.215269 0.952049
vt 0.209046 0.927373
vt 0.209046 0.952049
vt 0.177121 0.044781
vt 0.175712 0.057039
vt 0.186572 0.070599
vt 0.969365 0.715392
vt 0.963143 0.727730
vt 0.969365 0.727730
vt 0.969258 0.555105
vt 0.975481 0.567443
vt 0.975481 0.555105
vt 0.158038 0.814125
vt 0.155007 0.808814
vt 0.153398 0.811758
vt 0.250550 0.907703
vt 0.256773 0.920041
vt 0.256773 0.913818
vt 0.969258 0.579781
vt 0.975481 0.579781
vt 0.424592 0.980284
vt 0.418476 0.967946
vt 0.418476 0.980284
vt 0.975266 0.314566
vt 0.969044 0.302228
vt 0.969044 0.314566
vt 0.658800 0.827705
vt 0.658800 0.833821
vt 0.664915 0.827705
vt 0.975266 0.382479
vt 0.981381 0.388595
vt 0.981381 0.376257
vt 0.798771 0.764637
vt 0.804994 0.752299
vt 0.804994 0.721507
vt 0.708152 0.913857
vt 0.708152 0.901519
vt 0.689591 0.901519
vt 0.640239 0.957201
vt 0.634017 0.944863
vt 0.634017 0.950979
vt 0.399808 0.820105
vt 0.393586 0.826220
vt 0.399808 0.832443
vt 0.969151 0.542659
vt 0.962928 0.530321
vt 0.962928 0.542659
vt 0.981381 0.462623
vt 0.975266 0.450285
vt 0.975266 0.462623
vt 0.293787 0.934173
vt 0.293787 0.946511
vt 0.300010 0.946511
vt 0.110935 0.927812
vt 0.110935 0.915473
vt 0.104820 0.909358
vt 0.352437 0.926045
vt 0.346214 0.919823
vt 0.352437 0.938383
vt 0.498513 0.955930
vt 0.492290 0.968268
vt 0.498513 0.968268
vt 0.658800 0.901734
vt 0.671138 0.920294
vt 0.677253 0.907956
vt 0.043237 0.975431
vt 0.037121 0.969209
vt 0.043237 0.981547
vt 0.963143 0.672262
vt 0.969258 0.659924
vt 0.969258 0.653702
vt 0.975373 -0.000000
vt 0.981489 0.012338
vt 0.981489 -0.000000
vt 0.969044 0.351581
vt 0.975266 0.363919
vt 0.975266 0.351581
vt 0.708152 0.821483
vt 0.708152 0.815260
vt 0.695814 0.815260
vt 0.384014 0.944825
vt 0.377792 0.950940
vt 0.384014 0.957163
vt 0.523081 0.943592
vt 0.529197 0.968161
vt 0.529197 0.943592
vt 0.714268 0.869283
vt 0.720490 0.869283
vt 0.720490 0.863168
vt 0.732828 0.967987
vt 0.726713 0.980325
vt 0.732828 0.980325
vt 0.870800 0.918809
vt 0.876915 0.931147
vt 0.876915 0.924924
vt 0.597217 0.944863
vt 0.597217 0.951086
vt 0.603332 0.963424
vt 0.473729 0.918809
vt 0.473729 0.912586
vt 0.467614 0.924924
vt 0.640239 0.913964
vt 0.634124 0.889288
vt 0.634124 0.901626
vt 0.817225 0.864644
vt 0.811109 0.840075
vt 0.817225 0.870866
vt 0.437037 0.967946
vt 0.430922 0.980284
vt 0.437037 0.980284
vt 0.243659 0.909502
vt 0.249775 0.946516
vt 0.249775 0.909502
vt 0.096697 0.065774
vt 0.094696 0.060032
vt 0.092646 0.054638
vt 0.037014 0.913634
vt 0.037014 0.919856
vt 0.043237 0.907518
vt 0.975480 0.672155
vt 0.981596 0.666040
vt 0.981596 0.659817
vt 0.287423 0.993885
vt 0.281307 0.987662
vt 0.281307 0.993885
vt 0.012338 0.895180
vt 0.018561 0.876620
vt 0.012338 0.870504
vt 0.317103 0.969501
vt 0.310988 0.975723
vt 0.317103 0.975723
vt 0.329441 0.945922
vt 0.335557 0.939807
vt 0.341779 0.933584
vt 0.335664 0.976821
vt 0.329441 0.983044
vt 0.335664 0.983044
vt 0.683476 0.969539
vt 0.677253 0.975762
vt 0.683476 0.975762
vt 0.907814 0.986722
vt 0.914037 0.980499
vt 0.907814 0.980499
vt 0.993827 0.563581
vt 0.999942 0.557466
vt 0.993827 0.557466
vt 0.348714 0.060688
vt 0.367064 0.058738
vt 0.354138 0.053854
vt 0.743304 0.875572
vt 0.755642 0.875572
vt 0.755642 0.863234
vt 0.993827 0.918274
vt 0.999942 0.924390
vt 0.999942 0.918274
vt 0.768087 0.949708
vt 0.761864 0.943485
vt 0.761864 0.955823
vt 0.993827 0.528927
vt 0.987711 0.535150
vt 0.993827 0.535150
vt 0.969151 0.931147
vt 0.963035 0.912586
vt 0.963035 0.931147
vt 0.848231 0.938779
vt 0.842008 0.926441
vt 0.848231 0.951117
vt 0.510743 0.912693
vt 0.523081 0.906471
vt 0.523081 0.900355
vt 0.993827 0.560040
vt 0.987711 0.566263
vt 0.993827 0.566263
vt 0.179785 0.076082
vt 0.184451 0.089038
vt 0.190633 0.089749
vt 0.103961 0.993885
vt 0.097846 1.000000
vt 0.103961 1.000000
vt 0.421961 0.993885
vt 0.428077 0.987662
vt 0.421961 0.987662
vt 0.993827 0.465735
vt 0.999942 0.471850
vt 0.999942 0.465735
vt 0.510743 0.968268
vt 0.516859 0.980606
vt 0.516859 0.968268
vt 0.911193 0.987662
vt 0.917308 0.993885
vt 0.917308 0.987662
vt 0.975373 0.912693
vt 0.969151 0.900355
vt 0.969151 0.912693
vt 0.981811 0.610787
vt 0.975588 0.617009
vt 0.981811 0.617009
vt 0.097846 0.987662
vt 0.091731 0.993885
vt 0.097846 0.993885
vt 0.221491 0.970502
vt 0.215269 0.976725
vt 0.221491 0.976725
vt 0.227714 0.976725
vt 0.221491 0.970502
vt 0.221491 0.976725
vt 0.981811 0.623232
vt 0.975588 0.617009
vt 0.975588 0.623232
vt 0.148945 0.961701
vt 0.142722 0.949363
vt 0.142722 0.961701
vt 0.572648 0.957094
vt 0.566426 0.969432
vt 0.572648 0.969432
vt 0.103961 0.993885
vt 0.097846 0.987662
vt 0.097846 0.993885
vt 0.336666 0.006188
vt 0.298980 0.059713
vt 0.287606 0.077089
vt 0.578764 0.944756
vt 0.566426 0.957094
vt 0.578764 0.957094
vt 0.061905 0.971048
vt 0.068127 0.964825
vt 0.068127 0.958710
vt 0.975588 0.690716
vt 0.981811 0.696939
vt 0.981811 0.690716
vt 0.103961 0.987662
vt 0.110077 0.993885
vt 0.110077 0.987662
vt 0.055682 0.958710
vt 0.055682 0.964825
vt 0.061905 0.971048
vt 0.467614 0.980392
vt 0.473837 0.986614
vt 0.473837 0.980392
vt 0.898962 0.987662
vt 0.905077 0.993885
vt 0.905077 0.987662
vt 0.364457 0.034200
vt 0.350239 0.017153
vt 0.343500 0.011612
vt 0.993827 0.566263
vt 0.987711 0.572486
vt 0.993827 0.572486
vt 0.578764 0.963317
vt 0.584879 0.957094
vt 0.584879 0.950979
vt 0.074350 0.958710
vt 0.068127 0.971048
vt 0.074350 0.971048
vt 0.768087 0.968161
vt 0.768087 0.974276
vt 0.774202 0.980499
vt 0.116192 0.993885
vt 0.110077 1.000000
vt 0.116192 1.000000
vt 0.743411 0.986614
vt 0.749634 0.980392
vt 0.743411 0.980392
vt 0.917308 0.993885
vt 0.923424 0.987662
vt 0.917308 0.987662
vt 0.987711 0.572486
vt 0.993827 0.578708
vt 0.993827 0.572486
vt 0.829670 0.957125
vt 0.823447 0.951010
vt 0.823447 0.963348
vt 0.987711 0.584931
vt 0.993827 0.584931
vt 0.842008 0.951117
vt 0.848231 0.963455
vt 0.848231 0.951117
vt 0.907707 0.758521
vt 0.907707 0.807766
vt 0.920045 0.826327
vt 0.726713 0.967987
vt 0.732936 0.961765
vt 0.732936 0.949534
vt 0.572648 0.957094
vt 0.578764 0.963317
vt 0.578764 0.957094
vt 0.597217 0.969539
vt 0.591102 0.975762
vt 0.597217 0.975762
vt 0.743304 0.826327
vt 0.761864 0.857119
vt 0.743304 0.820104
vt 0.987711 0.765389
vt 0.993827 0.771611
vt 0.993827 0.765389
vt 0.783687 0.969734
vt 0.789802 0.975956
vt 0.789802 0.969734
vt 0.615671 0.975547
vt 0.609555 0.981770
vt 0.615671 0.981770
vt 0.993827 0.771611
vt 0.987711 0.777834
vt 0.993827 0.777834
vt 0.128423 0.993885
vt 0.122307 1.000000
vt 0.128423 1.000000
vt 0.981382 0.327012
vt 0.987604 0.320789
vt 0.981382 0.320789
vt 0.993827 0.477966
vt 0.999942 0.484081
vt 0.999942 0.477966
vt 0.727900 0.832581
vt 0.733708 0.830668
vt 0.731794 0.824859
vt 0.233949 0.809106
vt 0.236233 0.817085
vt 0.238181 0.813189
vt 0.732936 0.986548
vt 0.726713 0.980325
vt 0.726713 0.986548
vt 0.987711 0.012445
vt 0.993827 0.006223
vt 0.987711 0.006223
vt 0.993827 0.606389
vt 0.999942 0.600274
vt 0.993827 0.600274
vt 0.929539 0.993885
vt 0.935654 0.987662
vt 0.929539 0.987662
vt 0.737188 0.986614
vt 0.743411 0.980392
vt 0.737188 0.980392
vt 0.317103 0.907810
vt 0.317103 0.895472
vt 0.316356 0.889250
vt 0.935654 0.993885
vt 0.941770 0.987662
vt 0.935654 0.987662
vt 0.012338 0.969209
vt 0.018453 0.962986
vt 0.018453 0.956870
vt 0.975588 0.715499
vt 0.981811 0.709277
vt 0.975588 0.709277
vt 0.541535 0.922929
vt 0.535420 0.929044
vt 0.541535 0.929044
vt 0.116192 0.993885
vt 0.122308 0.987662
vt 0.116192 0.987662
vt 0.975588 0.721722
vt 0.981811 0.715499
vt 0.975588 0.715499
vt 0.122308 0.993885
vt 0.128423 0.987662
vt 0.122308 0.987662
vt 0.167528 0.074672
vt 0.172905 0.081446
vt 0.173603 0.075371
vt 0.975588 0.727945
vt 0.981811 0.721722
vt 0.975588 0.721722
vt 0.510743 0.918916
vt 0.523081 0.931254
vt 0.510743 0.912693
vt 0.987711 0.317356
vt 0.993827 0.323579
vt 0.993827 0.317356
vt 0.377899 0.969501
vt 0.371784 0.975723
vt 0.377899 0.975723
vt 0.379153 0.993885
vt 0.385269 0.987662
vt 0.379153 0.987662
vt 0.941770 0.993885
vt 0.947885 0.987662
vt 0.941770 0.987662
vt 0.993827 0.591154
vt 0.993827 0.924390
vt 0.999942 0.930505
vt 0.999942 0.924390
vt 0.299653 0.993885
vt 0.293538 1.000000
vt 0.299653 1.000000
vt 0.987711 0.597376
vt 0.993827 0.597376
vt 0.993827 0.603599
vt 0.140654 0.993885
vt 0.134538 1.000000
vt 0.140654 1.000000
vt 0.993827 0.930505
vt 0.999942 0.936620
vt 0.999942 0.930505
vt 0.987711 0.609822
vt 0.993827 0.609822
vt 0.030791 0.968994
vt 0.024676 0.981332
vt 0.030791 0.981332
vt 0.123273 0.927811
vt 0.123273 0.915473
vt 0.117158 0.933927
vt 0.569176 0.807766
vt 0.562953 0.850896
vt 0.569176 0.869457
vt 0.993827 0.906044
vt 0.999942 0.912159
vt 0.999942 0.906044
vt 0.987711 0.616044
vt 0.993827 0.622267
vt 0.993827 0.616044
vt 0.165115 0.993885
vt 0.159000 1.000000
vt 0.165115 1.000000
vt 0.749634 0.931147
vt 0.755856 0.955716
vt 0.755856 0.931147
vt 0.987711 0.784057
vt 0.993827 0.777834
vt 0.987711 0.777834
vt 0.177346 1.000000
vt 0.183461 0.993885
vt 0.177346 0.993885
vt 0.957027 0.986722
vt 0.950805 0.980499
vt 0.950805 0.986722
vt 0.455276 0.980499
vt 0.461391 0.968161
vt 0.455276 0.968161
vt 0.993827 0.606389
vt 0.999942 0.612505
vt 0.999942 0.606389
vt 0.954001 0.993885
vt 0.947885 0.987662
vt 0.947885 0.993885
vt 0.831693 0.993885
vt 0.825577 0.987662
vt 0.825577 0.993885
vt 0.393586 0.986614
vt 0.399808 0.980392
vt 0.393586 0.980392
vt 0.954001 0.987662
vt 0.960116 0.993885
vt 0.960116 0.987662
vt 0.987711 0.634712
vt 0.993827 0.640935
vt 0.993827 0.634712
vt 0.993827 0.942736
vt 0.995586 0.948851
vt 0.993827 0.954967
vt 0.995586 0.948851
vt 0.211805 0.056675
vt 0.207016 0.069483
vt 0.218639 0.062099
vt 0.018453 0.907518
vt 0.018453 0.913634
vt 0.030791 0.895180
vt 0.993827 0.954967
vt 0.999942 0.961082
vt 0.999942 0.954967
vt 0.993827 0.312850
vt 0.999942 0.306735
vt 0.993827 0.306735
vt 0.993827 0.312850
vt 0.999942 0.318966
vt 0.999942 0.312850
vt 0.987711 0.790279
vt 0.993827 0.796502
vt 0.993827 0.790279
vt 0.599308 0.993885
vt 0.593192 0.987662
vt 0.593192 0.993885
vt 0.987711 0.640935
vt 0.989471 0.647158
vt 0.989471 0.640935
vt 0.993827 0.967197
vt 0.995586 0.973313
vt 0.950805 0.974276
vt 0.957027 0.968161
vt 0.957027 0.961938
vt 0.987711 0.647158
vt 0.993827 0.653381
vt 0.993827 0.647158
vt 0.993827 0.294504
vt 0.999942 0.300619
vt 0.999942 0.294504
vt 0.999942 0.300619
vt 0.993827 0.306735
vt 0.999942 0.306735
vt 0.993827 0.802725
vt 0.987711 0.808947
vt 0.993827 0.808947
vt 0.999942 0.979428
vt 0.993827 0.985544
vt 0.999942 0.985544
vt 0.987711 0.659603
vt 0.993827 0.653381
vt 0.987711 0.653381
vt 0.406031 0.043237
vt 0.412146 0.037014
vt 0.406031 0.030899
vt 0.189576 1.000000
vt 0.195692 0.993885
vt 0.189576 0.993885
vt 0.789802 0.889590
vt 0.789802 0.877252
vt 0.783687 0.864914
vt 0.993827 0.588043
vt 0.999942 0.581928
vt 0.993827 0.581928
vt 0.215161 0.871798
vt 0.221384 0.884136
vt 0.221384 0.878021
vt 0.749634 0.980392
vt 0.755856 0.986614
vt 0.755856 0.980392
vt 0.146769 0.993885
vt 0.140654 0.987662
vt 0.140654 0.993885
vt 0.966231 0.993885
vt 0.966231 0.987662
vt 0.798771 0.715285
vt 0.804994 0.709169
vt 0.804994 0.696831
vt 0.981811 0.727945
vt 0.975588 0.734167
vt 0.981811 0.734167
vt 0.335664 0.976821
vt 0.341887 0.976821
vt 0.098704 0.977164
vt 0.092482 0.970941
vt 0.092482 0.977164
vt 0.981811 0.740390
vt 0.975588 0.734167
vt 0.975588 0.740390
vt 0.159000 0.993885
vt 0.152885 0.987662
vt 0.152885 0.993885
vt 0.987711 0.342247
vt 0.993827 0.336024
vt 0.987711 0.336024
vt 0.123380 0.970941
vt 0.117158 0.958603
vt 0.117158 0.970941
vt 0.412146 0.967946
vt 0.406031 0.980284
vt 0.412146 0.980284
vt 0.424699 0.980284
vt 0.430814 0.967946
vt 0.424699 0.967946
vt 0.547865 0.959943
vt 0.541642 0.972281
vt 0.547865 0.972281
vt 0.975588 0.740390
vt 0.981811 0.746613
vt 0.981811 0.740390
vt 0.159000 0.987662
vt 0.165115 0.993885
vt 0.165115 0.987662
vt 0.993827 0.815170
vt 0.987711 0.808947
vt 0.987711 0.815170
vt 0.843924 0.987662
vt 0.837808 0.993885
vt 0.843924 0.993885
vt 0.000000 0.944532
vt 0.012338 0.956870
vt 0.006223 0.950648
vt 0.201807 1.000000
vt 0.207923 0.993885
vt 0.201807 0.993885
vt 0.993827 0.985544
vt 0.999942 0.991659
vt 0.999942 0.985544
vt 0.590994 0.920187
vt 0.590994 0.926302
vt 0.597217 0.913964
vt 0.905077 0.993885
vt 0.911193 0.987662
vt 0.905077 0.987662
vt 0.926160 0.986614
vt 0.932383 0.980392
vt 0.926160 0.980392
vt 0.966231 0.993885
vt 0.972347 0.987662
vt 0.966231 0.987662
vt 0.969151 0.172733
vt 0.975373 0.160395
vt 0.969151 0.160395
vt 0.963143 0.789420
vt 0.969365 0.777082
vt 0.963143 0.777082
vt 0.424699 0.955608
vt 0.418476 0.967946
vt 0.424699 0.967946
vt 0.907707 0.851003
vt 0.920045 0.900248
vt 0.926160 0.900248
vt 0.101322 0.840961
vt 0.113553 0.819530
vt 0.111273 0.811187
vt 0.920152 0.924924
vt 0.920152 0.918809
vt 0.913929 0.931147
vt 0.566426 0.975655
vt 0.572648 0.981877
vt 0.572648 0.975655
vt 0.171231 0.987662
vt 0.177346 0.993885
vt 0.177346 0.987662
vt 0.348576 0.993885
vt 0.354691 1.000000
vt 0.354691 0.993885
vt 0.987711 0.560040
vt 0.993827 0.553818
vt 0.987711 0.553818
vt 0.975266 0.289890
vt 0.969044 0.302228
vt 0.975266 0.302228
vt 0.987711 0.018668
vt 0.993827 0.012445
vt 0.987711 0.012445
vt 0.993827 0.624735
vt 0.999942 0.618620
vt 0.993827 0.618620
vt 0.987711 0.043559
vt 0.993827 0.037336
vt 0.987711 0.037336
vt 0.993827 0.661428
vt 0.999942 0.655312
vt 0.993827 0.655312
vt 0.293538 0.987662
vt 0.293538 0.993885
vt 0.987604 0.919131
vt 0.981489 0.912908
vt 0.981489 0.919131
vt 0.999942 0.667543
vt 0.993827 0.667543
vt 0.104927 0.977164
vt 0.098704 0.970941
vt 0.098704 0.977164
vt 0.987604 0.931576
vt 0.981489 0.925353
vt 0.981489 0.931576
vt 0.111150 0.970941
vt 0.104927 0.977164
vt 0.111150 0.977164
vt 0.987604 0.931576
vt 0.981489 0.937799
vt 0.987604 0.937799
vt 0.963143 0.826434
vt 0.969365 0.838772
vt 0.969365 0.826434
vt 0.981382 0.345680
vt 0.987604 0.339457
vt 0.981382 0.339457
vt 0.987711 0.348469
vt 0.993827 0.354692
vt 0.993827 0.348469
vt 0.987711 0.665826
vt 0.993827 0.659603
vt 0.207923 1.000000
vt 0.214038 0.993885
vt 0.829777 0.975686
vt 0.823555 0.981909
vt 0.829777 0.981909
vt 0.987711 0.821393
vt 0.214038 1.000000
vt 0.220153 0.993885
vt 0.214038 0.993885
vt 0.299902 0.854029
vt 0.306125 0.860252
vt 0.306125 0.854029
vt 0.189577 0.987662
vt 0.195692 0.993885
vt 0.195692 0.987662
vt 0.350614 0.902374
vt 0.355014 0.897974
vt 0.354938 0.889250
vt 0.627901 0.833821
vt 0.634124 0.827705
vt 0.627901 0.809145
vt 0.975266 0.326905
vt 0.969044 0.314566
vt 0.969044 0.326905
vt 0.993827 0.821393
vt 0.987711 0.827615
vt 0.993827 0.827615
vt 0.449160 0.980499
vt 0.455383 0.986722
vt 0.455383 0.980499
vt 0.226269 0.993885
vt 0.220153 1.000000
vt 0.226269 1.000000
vt 0.978462 0.993885
vt 0.978462 0.987662
vt 0.387363 0.986614
vt 0.387363 0.980392
vt 0.993827 0.844890
vt 0.999942 0.851005
vt 0.999942 0.844890
vt 0.993827 0.857120
vt 0.999942 0.857120
vt 0.329441 0.963278
vt 0.323219 0.975509
vt 0.329441 0.975509
vt 0.850039 0.987662
vt 0.856154 0.993885
vt 0.856154 0.987662
vt 0.434192 0.993885
vt 0.440307 0.987662
vt 0.434192 0.987662
vt 0.993827 0.665826
vt 0.987711 0.672049
vt 0.993827 0.672049
vt 0.993827 0.087117
vt 0.987711 0.080895
vt 0.987711 0.087117
vt 0.006115 0.993885
vt 0.000000 1.000000
vt 0.006115 1.000000
vt 0.999942 0.679774
vt 0.993827 0.673659
vt 0.993827 0.679774
vt 0.913929 0.968161
vt 0.907814 0.980499
vt 0.913929 0.980499
vt 0.987711 0.672049
vt 0.993827 0.678271
vt 0.993827 0.672049
vt 0.373038 0.993885
vt 0.366923 0.987662
vt 0.366923 0.993885
vt 0.981381 0.413271
vt 0.975266 0.425609
vt 0.981381 0.425609
vt 0.006115 0.993885
vt 0.012231 1.000000
vt 0.012231 0.993885
vt 0.993827 0.331196
vt 0.999942 0.325081
vt 0.993827 0.325081
vt 0.987711 0.840061
vt 0.993827 0.846283
vt 0.993827 0.840061
vt 0.987711 0.877397
vt 0.993827 0.883619
vt 0.993827 0.877397
vt 0.969365 0.777082
vt 0.975481 0.764744
vt 0.969365 0.764744
vt 0.993827 0.883619
vt 0.987711 0.889842
vt 0.993827 0.889842
vt 0.993827 0.846283
vt 0.987711 0.852506
vt 0.993827 0.852506
vt 0.244615 0.993885
vt 0.238499 1.000000
vt 0.244615 1.000000
vt 0.969044 0.363919
vt 0.975266 0.376257
vt 0.987711 0.852506
vt 0.993827 0.858729
vt 0.993827 0.852506
vt 0.975695 0.628811
vt 0.981918 0.635034
vt 0.981918 0.628811
vt 0.195692 0.987662
vt 0.201808 0.993885
vt 0.201808 0.987662
vt 0.360807 1.000000
vt 0.360807 0.993885
vt 0.366922 0.993885
vt 0.360807 1.000000
vt 0.366922 1.000000
vt 0.993827 0.858729
vt 0.987711 0.864951
vt 0.993827 0.864951
vt 0.304765 0.981946
vt 0.310988 0.975723
vt 0.304765 0.975723
vt 0.256846 0.993885
vt 0.250730 1.000000
vt 0.256846 1.000000
vt 0.802140 0.924924
vt 0.808363 0.931147
vt 0.802140 0.918809
vt 0.207923 0.987662
vt 0.862270 0.987662
vt 0.868385 0.993885
vt 0.868385 0.987662
vt 0.123380 0.970941
vt 0.129603 0.977164
vt 0.129603 0.970941
vt 0.811109 0.957232
vt 0.817332 0.963348
vt 0.811109 0.951010
vt 0.317210 0.975723
vt 0.310988 0.981946
vt 0.317210 0.981946
vt 0.049459 0.971048
vt 0.043237 0.977271
vt 0.049459 0.977271
vt 0.371784 0.981946
vt 0.365561 0.975723
vt 0.365561 0.981946
vt 0.636000 0.993885
vt 0.642115 0.987662
vt 0.636000 0.987662
vt 0.384014 0.901695
vt 0.384014 0.889357
vt 0.377792 0.889357
vt 0.993827 0.514658
vt 0.999942 0.520774
vt 0.999942 0.514658
vt 0.305769 0.987662
vt 0.299654 0.993885
vt 0.305769 0.993885
vt 0.615671 0.883173
vt 0.621893 0.858497
vt 0.621893 0.852381
vt 0.311884 0.993885
vt 0.975481 0.592119
vt 0.969258 0.598341
vt 0.975481 0.598341
vt 0.061905 0.977271
vt 0.055682 0.971048
vt 0.055682 0.977271
vt 0.559988 0.984619
vt 0.566211 0.978396
vt 0.559988 0.978396
vt 0.975695 0.635034
vt 0.969472 0.628811
vt 0.969472 0.635034
vt 0.987604 0.950244
vt 0.981489 0.944021
vt 0.981489 0.950244
vt 0.440307 0.993885
vt 0.446423 0.987662
vt 0.440307 0.987662
vt 0.987711 0.548989
vt 0.981596 0.542767
vt 0.981596 0.548989
vt 0.074350 0.977271
vt 0.068127 0.971048
vt 0.068127 0.977271
vt 0.173836 0.967817
vt 0.895476 0.974384
vt 0.901591 0.980499
vt 0.895476 0.968161
vt 0.987711 0.548989
vt 0.981596 0.555212
vt 0.987711 0.555212
vt 0.767980 0.857119
vt 0.767980 0.869457
vt 0.969258 0.980499
vt 0.969258 0.968161
vt 0.080573 0.977271
vt 0.086795 0.977271
vt 0.987604 0.148057
vt 0.981489 0.154279
vt 0.987604 0.154279
vt 0.634124 0.870835
vt 0.627901 0.876950
vt 0.640239 0.870835
vt 0.987604 0.185178
vt 0.981489 0.178955
vt 0.981489 0.185178
vt 0.238621 0.016604
vt 0.251536 0.021382
vt 0.987604 0.357803
vt 0.981382 0.351581
vt 0.981382 0.357803
vt 0.452538 0.993885
vt 0.458654 0.987662
vt 0.452538 0.987662
vt 0.378006 0.975723
vt 0.371784 0.981946
vt 0.378006 0.981946
vt 0.950805 0.536544
vt 0.957027 0.542767
vt 0.957027 0.536544
vt 0.975266 0.265214
vt 0.981381 0.252876
vt 0.975266 0.252876
vt 0.969473 0.628811
vt 0.963250 0.635034
vt 0.969473 0.635034
vt 0.384229 0.981946
vt 0.378006 0.981946
vt 0.993827 0.684494
vt 0.987711 0.678271
vt 0.987711 0.684494
vt 0.232385 0.993885
vt 0.226269 0.987662
vt 0.226269 0.993885
vt 0.262961 1.000000
vt 0.256846 0.993885
vt 0.256846 1.000000
vt 0.584879 0.975762
vt 0.591102 0.981984
vt 0.591102 0.975762
vt 0.232384 0.987662
vt 0.238500 0.993885
vt 0.238500 0.987662
vt 0.829670 0.932556
vt 0.835785 0.938672
vt 0.829670 0.926334
vt 0.664915 0.926410
vt 0.664915 0.932632
vt 0.671138 0.920294
vt 0.461391 0.986722
vt 0.467614 0.980499
vt 0.461391 0.980499
vt 0.981382 0.364026
vt 0.987604 0.357803
vt 0.981382 0.357803
vt 0.043808 0.017029
vt 0.029442 0.033952
vt 0.063550 0.006881
vt 0.987711 0.360915
vt 0.993827 0.367137
vt 0.993827 0.360915
vt 0.993827 0.857120
vt 0.999942 0.863236
vt 0.999942 0.857120
vt 0.999942 0.863236
vt 0.993827 0.869351
vt 0.999942 0.869351
vt 0.987711 0.889842
vt 0.993827 0.896065
vt 0.993827 0.889842
vt 0.227607 0.896474
vt 0.221384 0.921150
vt 0.221384 0.927373
vt 0.993827 0.896065
vt 0.987711 0.902287
vt 0.993827 0.902287
vt 0.993827 0.696939
vt 0.987711 0.703162
vt 0.993827 0.703162
vt 0.981489 0.061690
vt 0.975373 0.074028
vt 0.981489 0.074028
vt 0.461498 0.949707
vt 0.455383 0.962045
vt 0.461498 0.962045
vt 0.030577 0.993885
vt 0.024461 1.000000
vt 0.030577 1.000000
vt 0.658800 0.957201
vt 0.665023 0.963424
vt 0.665023 0.957201
vt 0.516966 0.968268
vt 0.523082 0.955930
vt 0.516966 0.955930
vt 0.987711 0.703162
vt 0.993827 0.709385
vt 0.993827 0.703162
vt 0.553980 0.929044
vt 0.560096 0.929044
vt 0.560096 0.922929
vt 0.720490 0.931081
vt 0.714268 0.931081
vt 0.036692 1.000000
vt 0.036692 0.993885
vt 0.975373 0.012338
vt 0.981489 0.024676
vt 0.981489 0.012338
vt 0.042808 0.993885
vt 0.048923 1.000000
vt 0.048923 0.993885
vt 0.993827 0.337312
vt 0.999942 0.331196
vt 0.993827 0.331196
vt 0.987711 0.541372
vt 0.993827 0.547595
vt 0.993827 0.541372
vt 0.464769 0.993885
vt 0.458654 0.993885
vt 0.993827 0.908510
vt 0.671138 0.944863
vt 0.677253 0.920294
vt 0.671138 0.920294
vt 0.529197 0.968161
vt 0.535312 0.980499
vt 0.535312 0.968161
vt 0.993827 0.908510
vt 0.987711 0.914733
vt 0.993827 0.914733
vt 0.999942 0.875467
vt 0.811109 0.907880
vt 0.817332 0.920218
vt 0.829670 0.901658
vt 0.993827 0.881582
vt 0.999942 0.881582
vt 0.993827 0.715607
vt 0.987711 0.721830
vt 0.993827 0.721830
vt 0.492290 0.986829
vt 0.498513 0.980606
vt 0.492290 0.980606
vt 0.275192 0.993885
vt 0.269076 1.000000
vt 0.275192 1.000000
vt 0.987711 0.367137
vt 0.993827 0.373360
vt 0.993827 0.367137
vt 0.043237 0.944533
vt 0.037121 0.938417
vt 0.030899 0.932195
vt 0.597110 0.981985
vt 0.603332 0.975762
vt 0.597110 0.975762
vt 0.238500 0.993885
vt 0.244615 0.987662
vt 0.238500 0.987662
vt 0.987711 0.721830
vt 0.993827 0.728053
vt 0.993827 0.721830
vt 0.275192 0.993885
vt 0.281307 1.000000
vt 0.281307 0.993885
vt 0.874500 0.993885
vt 0.874500 0.987662
vt 0.880616 0.987662
vt 0.874500 0.993885
vt 0.880616 0.993885
vt 0.609448 0.944756
vt 0.615670 0.950871
vt 0.615670 0.938533
vt 0.993827 0.588043
vt 0.999942 0.594158
vt 0.999942 0.588043
vt 0.975373 0.160395
vt 0.981489 0.148057
vt 0.975373 0.148057
vt 0.634124 0.981984
vt 0.627901 0.975762
vt 0.627901 0.981984
vt 0.665023 0.975762
vt 0.658800 0.981984
vt 0.665023 0.981984
vt 0.880616 0.993885
vt 0.886731 0.987662
vt 0.880616 0.987662
vt 0.250731 0.993885
vt 0.244615 0.987662
vt 0.244615 0.993885
vt 0.993827 0.594158
vt 0.999942 0.600274
vt 0.123380 0.977163
vt 0.117158 0.983386
vt 0.123380 0.983386
vt 0.492290 0.955608
vt 0.486175 0.949493
vt 0.486175 0.967946
vt 0.129603 0.983386
vt 0.123380 0.977163
vt 0.123380 0.983386
vt 0.755642 0.918809
vt 0.749526 0.912693
vt 0.755642 0.925031
vt 0.055682 0.977271
vt 0.049459 0.983493
vt 0.055682 0.983493
vt 0.215269 0.970502
vt 0.221491 0.958164
vt 0.215269 0.958164
vt 0.317103 0.821444
vt 0.310988 0.852236
vt 0.317103 0.833675
vt 0.074350 0.983493
vt 0.068127 0.977271
vt 0.068127 0.983493
vt 0.237437 0.977308
vt 0.231214 0.971085
vt 0.231214 0.977308
vt 0.987711 0.573880
vt 0.981596 0.567657
vt 0.981596 0.573880
vt 0.136607 0.969101
vt 0.142722 0.962879
vt 0.142722 0.956763
vt 0.876915 0.918809
vt 0.883138 0.924924
vt 0.018561 0.956870
vt 0.018561 0.962986
vt 0.024676 0.969209
vt 0.547865 0.972281
vt 0.541642 0.978504
vt 0.547865 0.978504
vt 0.073921 0.915581
vt 0.073921 0.921696
vt 0.080144 0.909358
vt 0.000000 0.932194
vt 0.012338 0.919856
vt 0.012338 0.913634
vt 0.975266 0.326905
vt 0.969044 0.339243
vt 0.975266 0.339243
vt 0.339305 0.821350
vt 0.340071 0.815175
vt 0.334003 0.814421
vt 0.683476 0.981984
vt 0.677253 0.975762
vt 0.677253 0.981984
vt 0.842008 0.975793
vt 0.835785 0.982016
vt 0.842008 0.982016
vt 0.987711 0.871174
vt 0.993827 0.864951
vt 0.987711 0.864951
vt 0.262961 0.993885
vt 0.256846 0.987662
vt 0.256846 0.993885
vt 0.281307 1.000000
vt 0.287422 0.993885
vt 0.281307 0.993885
vt 0.993827 0.881582
vt 0.999942 0.887697
vt 0.758308 0.993885
vt 0.764423 0.987662
vt 0.758308 0.987662
vt 0.006774 0.068603
vt 0.000000 0.073980
vt 0.020441 0.057756
vt 0.590994 0.877057
vt 0.597217 0.883173
vt 0.597217 0.877057
vt 0.510851 0.986829
vt 0.504628 0.980606
vt 0.504628 0.986829
vt 0.024676 0.987555
vt 0.030899 0.981332
vt 0.024676 0.981332
vt 0.987711 0.112008
vt 0.993827 0.105785
vt 0.987711 0.105785
vt 0.969365 0.838772
vt 0.963143 0.851110
vt 0.969365 0.851110
vt 0.987711 0.504036
vt 0.993827 0.510259
vt 0.993827 0.504036
vt 0.477000 0.993885
vt 0.470884 0.987662
vt 0.470884 0.993885
vt 0.477000 0.993885
vt 0.483115 0.987662
vt 0.477000 0.987662
vt 0.969258 0.542767
vt 0.560398 0.807766
vt 0.555279 0.810660
vt 0.561486 0.814800
vt 0.504628 0.955930
vt 0.498513 0.962046
vt 0.498513 0.968268
vt 0.068127 0.977271
vt 0.061905 0.983494
vt 0.068127 0.983494
vt 0.352329 0.963060
vt 0.346214 0.950722
vt 0.352329 0.969175
vt 0.969151 0.888017
vt 0.963035 0.912586
vt 0.969151 0.912586
vt 0.554088 0.978504
vt 0.547865 0.972281
vt 0.547865 0.978504
vt 0.969151 0.135719
vt 0.975374 0.123380
vt 0.969151 0.123380
vt 0.405924 0.813882
vt 0.412146 0.807766
vt 0.405924 0.807766
vt 0.412146 0.826220
vt 0.418262 0.826220
vt 0.418262 0.820105
vt 0.473729 0.968054
vt 0.467614 0.968054
vt 0.317103 0.932486
vt 0.310880 0.938602
vt 0.317103 0.944825
vt 0.202931 0.975509
vt 0.196708 0.981732
vt 0.202931 0.981732
vt 0.901591 0.924924
vt 0.901591 0.912586
vt 0.889253 0.931147
vt 0.975266 0.511975
vt 0.981381 0.524313
vt 0.981381 0.511975
vt 0.492290 0.943592
vt 0.498405 0.937477
vt 0.492290 0.931254
vt 0.269077 0.987662
vt 0.275192 0.993885
vt 0.275192 0.987662
vt 0.310880 0.950940
vt 0.304765 0.957163
vt 0.317103 0.957163
vt 0.281449 0.852236
vt 0.281449 0.864574
vt 0.287564 0.809106
vt 0.317999 0.993885
vt 0.324115 1.000000
vt 0.324115 0.993885
vt 0.876915 0.968161
vt 0.870800 0.980499
vt 0.876915 0.980499
vt 0.541535 0.941382
vt 0.535420 0.947605
vt 0.547758 0.935267
vt 0.330230 0.993885
vt 0.324115 1.000000
vt 0.330230 1.000000
vt 0.987711 0.734275
vt 0.993827 0.734275
vt 0.993827 0.522704
vt 0.987711 0.528927
vt 0.993827 0.528927
vt 0.061154 0.993885
vt 0.055038 1.000000
vt 0.061154 1.000000
vt 0.993827 0.740498
vt 0.987711 0.746721
vt 0.993827 0.746721
vt 0.237437 0.971085
vt 0.243659 0.958747
vt 0.237437 0.958747
vt 0.073384 0.993885
vt 0.067269 1.000000
vt 0.073384 1.000000
vt 0.430922 0.955608
vt 0.437144 0.967946
vt 0.437144 0.955608
vt 0.424484 0.912586
vt 0.418262 0.912586
vt 0.418262 0.924924
vt 0.792656 0.702947
vt 0.792656 0.715285
vt 0.073384 0.993885
vt 0.079500 1.000000
vt 0.079500 0.993885
vt 0.987711 0.752943
vt 0.993827 0.759166
vt 0.993827 0.752943
vt 0.987711 0.927178
vt 0.993827 0.933400
vt 0.993827 0.927178
vt 0.987711 0.759166
vt 0.993827 0.765389
vt 0.993827 0.759166
vt 0.993827 0.933400
vt 0.987711 0.939623
vt 0.993827 0.939623
vt 0.085615 0.993885
vt 0.091731 1.000000
vt 0.091731 0.993885
vt 0.993827 0.893813
vt 0.999942 0.899928
vt 0.999942 0.893813
vt 0.671138 0.944863
vt 0.677253 0.963317
vt 0.677253 0.944863
vt 0.510743 0.949708
vt 0.504628 0.912693
vt 0.504628 0.949708
vt 0.886731 0.987662
vt 0.892847 0.993885
vt 0.892847 0.987662
vt 0.323219 0.975509
vt 0.329441 0.981731
vt 0.329441 0.975509
vt 0.097846 0.993885
vt 0.091731 1.000000
vt 0.097846 1.000000
vt 0.287422 1.000000
vt 0.293538 0.993885
vt 0.287422 0.993885
vt 0.418369 0.980284
vt 0.412254 0.967946
vt 0.412254 0.980284
vt 0.012231 0.987662
vt 0.006115 0.993885
vt 0.012231 0.993885
vt 0.584879 0.975547
vt 0.578656 0.981770
vt 0.584879 0.981770
vt 0.764423 0.993885
vt 0.770539 0.987662
vt 0.560096 0.916706
vt 0.566318 0.947605
vt 0.566318 0.916706
vt 0.609555 0.981770
vt 0.603332 0.975547
vt 0.603332 0.981770
vt 0.024462 0.993885
vt 0.018346 0.987662
vt 0.018346 0.993885
vt 0.646569 0.975547
vt 0.640347 0.981770
vt 0.646569 0.981770
vt 0.030577 0.987662
vt 0.024462 0.993885
vt 0.030577 0.993885
vt 0.987711 0.118231
vt 0.993827 0.124453
vt 0.993827 0.118231
vt 0.981489 0.172733
vt 0.981489 0.166617
vt 0.975373 0.160395
vt 0.920152 0.746076
vt 0.913929 0.752299
vt 0.920152 0.752299
vt 0.430707 0.043237
vt 0.449161 0.018561
vt 0.449161 0.012338
vt 0.768087 0.986722
vt 0.774310 0.980499
vt 0.768087 0.980499
vt 0.898962 0.987662
vt 0.892847 0.993885
vt 0.898962 0.993885
vt 0.652792 0.981770
vt 0.646569 0.981770
vt 0.993827 0.547595
vt 0.987711 0.547595
vt 0.299902 0.872483
vt 0.293787 0.866367
vt 0.293787 0.878598
vt 0.130384 0.895073
vt 0.136607 0.895073
vt 0.136607 0.851944
vt 0.371676 0.944825
vt 0.359338 0.957163
vt 0.371676 0.957163
vt 0.642115 0.987662
vt 0.648231 0.993885
vt 0.648231 0.987662
vt 0.876915 0.955823
vt 0.883138 0.968161
vt 0.883138 0.955823
vt 0.293787 0.909389
vt 0.287564 0.903274
vt 0.293787 0.915612
vt 0.317103 0.963385
vt 0.323219 0.951047
vt 0.323219 0.944825
vt 0.981382 0.259099
vt 0.987604 0.252876
vt 0.981382 0.252876
vt 0.987711 0.373360
vt 0.993827 0.379583
vt 0.804994 0.776975
vt 0.798771 0.776975
vt 0.161176 0.887673
vt 0.167398 0.881557
vt 0.161176 0.881557
vt 0.262888 0.950940
vt 0.262888 0.957055
vt 0.269004 0.963278
vt 0.371784 0.975723
vt 0.365561 0.969501
vt 0.365561 0.975723
vt 0.406031 0.986507
vt 0.412254 0.980284
vt 0.406031 0.980284
vt 0.660462 0.993885
vt 0.666577 0.987662
vt 0.660462 0.987662
vt 0.566211 0.947605
vt 0.559988 0.966058
vt 0.566211 0.966058
vt 0.802247 0.986722
vt 0.796025 0.980499
vt 0.796025 0.986722
vt 0.811109 0.801651
vt 0.804994 0.758522
vt 0.174723 0.814125
vt 0.176713 0.816402
vt 0.179363 0.811758
vt 0.987711 0.385805
vt 0.993827 0.379583
vt 0.987711 0.379583
vt 0.666577 0.993885
vt 0.672692 0.987662
vt 0.993827 0.710351
vt 0.999942 0.704236
vt 0.993827 0.704236
vt 0.811109 0.963348
vt 0.817332 0.975579
vt 0.817332 0.963348
vt 0.987711 0.392028
vt 0.993827 0.385805
vt 0.987711 0.385805
vt 0.999942 0.343427
vt 0.999942 0.337312
vt 0.829563 0.883097
vt 0.823447 0.883097
vt 0.823447 0.895435
vt 0.042808 0.993885
vt 0.036692 0.987662
vt 0.036692 0.993885
vt 0.449160 0.912586
vt 0.461499 0.912586
vt 0.461499 0.906471
vt 0.783687 0.982179
vt 0.777464 0.975956
vt 0.777464 0.982179
vt 0.048923 0.987662
vt 0.042808 0.993885
vt 0.048923 0.993885
vt 0.418476 0.986507
vt 0.418476 0.980284
vt 0.684923 0.987662
vt 0.691039 0.993885
vt 0.691039 0.987662
vt 0.999942 0.728697
vt 0.993827 0.722582
vt 0.993827 0.728697
vt 0.993827 0.143121
vt 0.987711 0.136899
vt 0.987711 0.143121
vt 0.969151 0.234423
vt 0.975373 0.246761
vt 0.975373 0.234423
vt 0.993827 0.349543
vt 0.999942 0.343427
vt 0.993827 0.343427
vt 0.761864 0.980499
vt 0.767980 0.974276
vt 0.767980 0.968161
vt 0.714267 0.876950
vt 0.708152 0.895404
vt 0.708152 0.901626
vt 0.963035 0.943485
vt 0.969151 0.955823
vt 0.963035 0.937262
vt 0.049459 0.971048
vt 0.055682 0.964825
vt 0.055682 0.958710
vt 0.975373 0.135718
vt 0.981489 0.123380
vt 0.975373 0.123380
vt 0.963143 0.703054
vt 0.969365 0.703054
vt 0.424699 0.980284
vt 0.691039 0.993885
vt 0.697154 0.987662
vt 0.691039 0.987662
vt 0.399808 0.931040
vt 0.405924 0.924924
vt 0.405924 0.912586
vt 0.993827 0.747043
vt 0.999942 0.740928
vt 0.993827 0.740928
vt 0.987711 0.410696
vt 0.993827 0.404474
vt 0.987711 0.404474
vt 0.055038 0.993885
vt 0.048923 0.987662
vt 0.048923 0.993885
vt 0.215161 0.982948
vt 0.208939 0.976725
vt 0.208939 0.982948
vt 0.424699 0.980284
vt 0.430922 0.986507
vt 0.697154 0.987662
vt 0.703269 0.993885
vt 0.703269 0.987662
vt 0.999942 0.765390
vt 0.993827 0.759274
vt 0.993827 0.765390
vt 0.652577 0.877057
vt 0.652577 0.889396
vt 0.658800 0.840043
vt 0.993827 0.161789
vt 0.987711 0.155567
vt 0.987711 0.161789
vt 0.969044 0.400933
vt 0.975266 0.388595
vt 0.969044 0.388595
vt 0.981382 0.265322
vt 0.987604 0.259099
vt 0.987711 0.416919
vt 0.993827 0.423142
vt 0.993827 0.416919
vt 0.804994 0.715285
vt 0.811109 0.696831
vt 0.743411 0.943485
vt 0.737188 0.931147
vt 0.743411 0.955716
vt 0.249775 0.872488
vt 0.243552 0.909502
vt 0.249775 0.909502
vt 0.963143 0.579888
vt 0.969258 0.567550
vt 0.969258 0.561327
vt 0.708259 0.975547
vt 0.430922 0.986507
vt 0.437144 0.980284
vt 0.430922 0.980284
vt 0.732828 0.912520
vt 0.726606 0.875506
vt 0.726606 0.912520
vt 0.715500 0.993885
vt 0.721616 0.987662
vt 0.715500 0.987662
vt 0.920045 0.937369
vt 0.926267 0.943485
vt 0.926267 0.931147
vt 0.950805 0.573558
vt 0.957027 0.604350
vt 0.957027 0.573558
vt 0.808470 0.986722
vt 0.802247 0.980499
vt 0.987711 0.435587
vt 0.993827 0.429364
vt 0.987711 0.429364
vt 0.424699 0.931040
vt 0.430922 0.955608
vt 0.430922 0.931040
vt 0.950805 0.604350
vt 0.957027 0.635141
vt 0.957027 0.604350
vt 0.371676 0.969501
vt 0.377899 0.957162
vt 0.371676 0.957162
vt 0.975266 0.376257
vt 0.969044 0.376257
vt 0.732828 0.844714
vt 0.732828 0.850830
vt 0.739051 0.857052
vt 0.876915 0.980499
vt 0.870800 0.986722
vt 0.876915 0.986722
vt 0.981489 0.123380
vt 0.987604 0.129603
vt 0.987604 0.123380
vt 0.993827 0.466700
vt 0.987711 0.460478
vt 0.987711 0.466700
vt 0.981596 0.777082
vt 0.975481 0.789420
vt 0.981596 0.789420
vt 0.999942 0.117158
vt 0.993827 0.111042
vt 0.993827 0.117158
vt 0.999942 0.117158
vt 0.993827 0.123273
vt 0.999942 0.123273
vt 0.999942 0.789851
vt 0.993827 0.783736
vt 0.993827 0.789851
vt 0.975481 0.635141
vt 0.969258 0.647479
vt 0.975481 0.647479
vt 0.987604 0.401362
vt 0.981382 0.407585
vt 0.987604 0.407585
vt 0.142830 0.986377
vt 0.149052 0.980155
vt 0.142830 0.980155
vt 0.167291 0.912349
vt 0.173514 0.900011
vt 0.161176 0.918464
vt 0.993827 0.970736
vt 0.987711 0.964513
vt 0.987711 0.970736
vt 0.489231 0.993885
vt 0.495346 0.987662
vt 0.489231 0.987662
vt 0.379153 0.993885
vt 0.373038 0.987662
vt 0.993827 0.361773
vt 0.999942 0.355658
vt 0.993827 0.355658
vt 0.987711 0.180457
vt 0.993827 0.174235
vt 0.987711 0.174235
vt 0.963143 0.801758
vt 0.969365 0.789420
vt 0.963143 0.789420
vt 0.926267 0.733738
vt 0.932490 0.746076
vt 0.926267 0.721400
vt 0.987604 0.271544
vt 0.981382 0.271544
vt 0.999942 0.233350
vt 0.993827 0.239466
vt 0.999942 0.239466
vt 0.999942 0.245581
vt 0.993827 0.245581
vt 0.993827 0.049781
vt 0.987711 0.049781
vt 0.256773 0.957055
vt 0.262888 0.963278
vt 0.262888 0.957055
vt 0.495346 0.993885
vt 0.501461 0.987662
vt 0.495346 0.987662
vt 0.689592 0.975762
vt 0.683476 0.981984
vt 0.689592 0.981984
vt 0.932383 0.986507
vt 0.938605 0.980284
vt 0.932383 0.980284
vt 0.987604 0.135719
vt 0.981489 0.141941
vt 0.987604 0.141941
vt 0.993827 0.186680
vt 0.987711 0.180457
vt 0.987711 0.186680
vt 0.975588 0.703054
vt 0.969365 0.690716
vt 0.975588 0.598449
vt 0.969365 0.610787
vt 0.975588 0.610787
vt 0.999942 0.135504
vt 0.993827 0.129388
vt 0.993827 0.135504
vt 0.999942 0.802082
vt 0.993827 0.795967
vt 0.993827 0.802082
vt 0.999942 0.062119
vt 0.993827 0.068234
vt 0.999942 0.068234
vt 0.287564 0.919934
vt 0.281449 0.944610
vt 0.287564 0.944610
vt 0.999942 0.074350
vt 0.993827 0.068234
vt 0.993827 0.074350
vt 0.360807 0.987662
vt 0.354692 0.993885
vt 0.360807 0.993885
vt 0.975373 0.900355
vt 0.975373 0.894240
vt 0.975481 0.801758
vt 0.969365 0.814096
vt 0.975481 0.814096
vt 0.358552 0.950722
vt 0.352437 0.969175
vt 0.358552 0.969175
vt 0.366923 0.993885
vt 0.360807 0.987662
vt 0.360807 0.993885
vt 0.359338 0.975723
vt 0.695814 0.981770
vt 0.689591 0.975547
vt 0.689591 0.981770
vt 0.149052 0.986377
vt 0.155275 0.980155
vt 0.149052 0.980155
vt 0.634124 0.975762
vt 0.627901 0.969539
vt 0.627901 0.975762
vt 0.061154 0.993885
vt 0.055038 0.987662
vt 0.501461 0.993885
vt 0.507577 0.987662
vt 0.073385 0.993885
vt 0.067269 0.987662
vt 0.067269 0.993885
vt 0.677253 0.981770
vt 0.671031 0.981770
vt 0.914037 0.955823
vt 0.907814 0.968161
vt 0.914037 0.968161
vt 0.079500 0.987662
vt 0.079500 0.993885
vt 0.702037 0.975547
vt 0.695814 0.981770
vt 0.702037 0.981770
vt 0.299902 0.977302
vt 0.293680 0.983525
vt 0.299902 0.983525
vt 0.981811 0.598449
vt 0.975588 0.604671
vt 0.981811 0.604671
vt 0.406031 0.986614
vt 0.399808 0.986614
vt 0.237437 0.983530
vt 0.231214 0.977308
vt 0.231214 0.983530
vt 0.091731 0.987662
vt 0.085615 0.993885
vt 0.987711 0.199125
vt 0.993827 0.192903
vt 0.987711 0.192903
vt 0.987604 0.228737
vt 0.981489 0.234959
vt 0.987604 0.234959
vt 0.037121 0.901296
vt 0.037121 0.876620
vt 0.030899 0.870504
vt 0.993827 0.367889
vt 0.999942 0.361773
vt 0.993827 0.361773
vt 0.987604 0.241182
vt 0.981489 0.234959
vt 0.981489 0.241182
vt 0.733846 0.993885
vt 0.727731 0.987662
vt 0.727731 0.993885
vt 0.926267 0.949600
vt 0.932383 0.968054
vt 0.926267 0.943485
vt 0.981489 0.241182
vt 0.987604 0.247405
vt 0.987604 0.241182
vt 0.701930 0.870727
vt 0.708152 0.858389
vt 0.701930 0.864612
vt 0.479952 0.924924
vt 0.486175 0.955823
vt 0.486175 0.924924
vt 0.987604 0.530321
vt 0.981489 0.536544
vt 0.987604 0.536544
vt 0.393693 0.912586
vt 0.393693 0.918809
vt 0.399808 0.900248
vt 0.993827 0.251696
vt 0.999942 0.251696
vt 0.993827 0.024891
vt 0.987711 0.018668
vt 0.987711 0.024891
vt 0.987711 0.211571
vt 0.993827 0.205348
vt 0.987711 0.205348
vt 0.999942 0.270042
vt 0.993827 0.263927
vt 0.993827 0.270042
vt 0.999942 0.141619
vt 0.993827 0.141619
vt 0.999942 0.630851
vt 0.993827 0.630851
vt 0.993827 0.636966
vt 0.999942 0.630851
vt 0.999942 0.153850
vt 0.993827 0.147735
vt 0.993827 0.153850
vt 0.513692 0.993885
vt 0.519808 0.987662
vt 0.513692 0.987662
vt 0.519808 0.987662
vt 0.525923 0.993885
vt 0.525923 0.987662
vt 0.987604 0.037014
vt 0.981489 0.043237
vt 0.987604 0.043237
vt 0.161498 0.986377
vt 0.167720 0.980155
vt 0.161498 0.980155
vt 0.173943 0.986377
vt 0.173943 0.980155
vt 0.037121 0.969209
vt 0.043237 0.956871
vt 0.037121 0.956871
vt 0.987604 0.055575
vt 0.981489 0.061798
vt 0.987604 0.061798
vt 0.999942 0.166081
vt 0.993827 0.159965
vt 0.993827 0.166081
vt 0.981489 0.061798
vt 0.987604 0.068020
vt 0.987604 0.061798
vt 0.999942 0.166081
vt 0.993827 0.172196
vt 0.999942 0.172196
vt 0.726713 0.980325
vt 0.720598 0.967987
vt 0.720598 0.980325
vt 0.323218 0.950940
vt 0.329441 0.963278
vt 0.329441 0.950940
vt 0.999942 0.178312
vt 0.993827 0.184427
vt 0.999942 0.184427
vt 0.987711 0.217793
vt 0.993827 0.211571
vt 0.987711 0.211571
vt 0.987711 0.217793
vt 0.993827 0.224016
vt 0.993827 0.217793
vt 0.981489 0.074243
vt 0.987604 0.080465
vt 0.987604 0.074243
vt 0.987604 0.283990
vt 0.981382 0.277767
vt 0.981382 0.283990
vt 0.479845 0.986722
vt 0.486067 0.980499
vt 0.479845 0.980499
vt 0.055468 0.958710
vt 0.061690 0.952595
vt 0.055468 0.946372
vt 0.532038 0.993885
vt 0.975481 0.752406
vt 0.969365 0.764744
vt 0.975481 0.764744
vt 0.993827 0.374004
vt 0.999942 0.367889
vt 0.993827 0.367889
vt 0.981489 0.888017
vt 0.987604 0.894240
vt 0.987604 0.888017
vt 0.743411 0.968054
vt 0.749634 0.955716
vt 0.743411 0.955716
vt 0.043237 0.907518
vt 0.049459 0.944533
vt 0.049459 0.907518
vt 0.987604 0.894240
vt 0.981489 0.900463
vt 0.987604 0.900463
vt 0.777464 0.969734
vt 0.783687 0.957396
vt 0.777464 0.957396
vt 0.981382 0.499852
vt 0.987604 0.506074
vt 0.987604 0.499852
vt 0.987604 0.506074
vt 0.981382 0.512297
vt 0.987604 0.512297
vt 0.726606 0.863168
vt 0.732828 0.869283
vt 0.726606 0.850830
vt 0.963250 0.980499
vt 0.957027 0.980499
vt 0.999942 0.031113
vt 0.993827 0.037336
vt 0.999942 0.037336
vt 0.999942 0.043558
vt 0.993827 0.043558
vt 0.981382 0.376471
vt 0.987604 0.382694
vt 0.987604 0.376471
vt 0.987604 0.413807
vt 0.981382 0.420030
vt 0.987604 0.420030
vt 0.987604 0.395139
vt 0.981382 0.401362
vt 0.987604 0.401362
vt 0.993827 0.983181
vt 0.987711 0.976959
vt 0.987711 0.983181
vt 0.993827 0.989404
vt 0.987711 0.983181
vt 0.987711 0.989404
vt 0.963143 0.561327
vt 0.969258 0.548989
vt 0.969258 0.542767
vt 0.012338 0.808814
vt 0.018453 0.814929
vt 0.030791 0.814929
vt 0.067806 0.946372
vt 0.074028 0.952487
vt 0.080144 0.946372
vt 0.987604 0.450285
vt 0.981382 0.456508
vt 0.987604 0.456508
vt 0.999942 0.006223
vt 0.993827 0.012445
vt 0.999942 0.012445
vt 0.981382 0.474961
vt 0.987604 0.481184
vt 0.987604 0.474961
vt 0.701930 0.852274
vt 0.695814 0.846159
vt 0.371676 0.901695
vt 0.377792 0.907810
vt 0.371676 0.895472
vt 0.405924 0.968054
vt 0.399808 0.974276
vt 0.399808 0.980392
vt 0.293471 0.816937
vt 0.295395 0.822742
vt 0.299276 0.815013
vt 0.136500 0.981439
vt 0.142722 0.987662
vt 0.142722 0.981439
vt 0.136500 0.981439
vt 0.130277 0.987662
vt 0.136500 0.987662
vt 0.858462 0.975793
vt 0.864577 0.982016
vt 0.864577 0.975793
vt 0.944828 0.986507
vt 0.944828 0.980284
vt 0.726713 0.980325
vt 0.720598 0.986548
vt 0.726713 0.986548
vt 0.733846 0.987662
vt 0.739962 0.993885
vt 0.739962 0.987662
vt 0.993827 0.276158
vt 0.999942 0.276158
vt 0.999942 0.196658
vt 0.993827 0.190542
vt 0.993827 0.196658
vt 0.993827 0.814313
vt 0.999942 0.808197
vt 0.993827 0.808197
vt 0.999942 0.294504
vt 0.993827 0.288389
vt 0.993827 0.294504
vt 0.987604 0.086688
vt 0.981489 0.092911
vt 0.987604 0.092911
vt 0.987711 0.448032
vt 0.993827 0.441810
vt 0.987711 0.441810
vt 0.987604 0.000000
vt 0.981489 0.006223
vt 0.987604 0.006223
vt 0.999942 0.208889
vt 0.993827 0.202773
vt 0.993827 0.208889
vt 0.467614 0.943378
vt 0.473837 0.937262
vt 0.467614 0.924924
vt 0.981489 0.099133
vt 0.987604 0.105356
vt 0.987604 0.099133
vt 0.999942 0.208889
vt 0.993827 0.215004
vt 0.999942 0.215004
vt 0.999942 0.086581
vt 0.993827 0.092696
vt 0.999942 0.092696
vt 0.999942 0.221119
vt 0.993827 0.227235
vt 0.999942 0.227235
vt 0.993827 0.380120
vt 0.999942 0.386235
vt 0.999942 0.380120
vt 0.987604 0.906685
vt 0.981382 0.290212
vt 0.981489 0.912908
vt 0.987604 0.912908
vt 0.987711 0.448032
vt 0.993827 0.454255
vt 0.993827 0.448032
vt 0.359338 0.833782
vt 0.377899 0.846120
vt 0.371676 0.839898
vt 0.569176 0.869457
vt 0.562953 0.881795
vt 0.569176 0.881795
vt 0.461498 0.918809
vt 0.449160 0.937370
vt 0.461498 0.937370
vt 0.752193 0.993885
vt 0.758308 0.987662
vt 0.752193 0.987662
vt 0.963143 0.764744
vt 0.969365 0.752406
vt 0.963143 0.752406
vt 0.975373 0.536544
vt 0.981489 0.542659
vt 0.975373 0.530321
vt 0.677253 0.827598
vt 0.683476 0.858497
vt 0.683476 0.852274
vt 0.609448 0.839936
vt 0.621786 0.839936
vt 0.621786 0.815260
vt 0.920259 0.955823
vt 0.914037 0.968161
vt 0.920259 0.968161
vt 0.646353 0.978316
vt 0.652073 0.966776
vt 0.652073 0.978316
vt 0.374706 0.844345
vt 0.363166 0.838625
vt 0.368986 0.827085
vt 0.334466 0.920752
vt 0.340186 0.926472
vt 0.334466 0.926472
vt 0.334466 0.943832
vt 0.340186 0.932292
vt 0.340186 0.943832
vt 0.977020 0.337577
vt 0.982840 0.331756
vt 0.982840 0.337577
vt 0.743893 0.877982
vt 0.743893 0.883803
vt 0.732352 0.872262
vt 0.932351 0.984136
vt 0.938071 0.989956
vt 0.932351 0.989956
vt 0.966670 0.984136
vt 0.972390 0.989956
vt 0.966670 0.989956
vt 0.972390 0.989956
vt 0.978110 0.984136
vt 0.978110 0.989956
vt 0.924634 0.051881
vt 0.918914 0.028901
vt 0.918914 0.000000
vt 0.942199 0.143623
vt 0.936379 0.155163
vt 0.936379 0.143623
vt 0.988560 0.576209
vt 0.982840 0.582029
vt 0.982840 0.576209
vt 0.513188 0.888195
vt 0.495828 0.876655
vt 0.513188 0.876655
vt 0.337476 0.989956
vt 0.331756 0.995676
vt 0.331756 0.989956
vt 0.977020 0.657693
vt 0.982740 0.663513
vt 0.977020 0.663513
vt 0.196696 0.883032
vt 0.185156 0.877312
vt 0.196696 0.877312
vt 0.634210 0.282585
vt 0.628490 0.276865
vt 0.634210 0.271045
vt 0.977020 0.669333
vt 0.982740 0.663513
vt 0.982740 0.669333
vt 0.946748 0.227894
vt 0.952569 0.227894
vt 0.952569 0.233714
vt 0.977020 0.675154
vt 0.982740 0.669333
vt 0.982740 0.675154
vt 0.977020 0.675154
vt 0.982740 0.680974
vt 0.977020 0.680974
vt 0.994280 0.435518
vt 0.988560 0.429798
vt 0.994280 0.429798
vt 0.904820 0.741284
vt 0.910641 0.752824
vt 0.899100 0.758644
vt 0.126842 0.957336
vt 0.126842 0.951516
vt 0.132662 0.945796
vt 0.374706 0.942387
vt 0.380526 0.919307
vt 0.380526 0.942387
vt 0.971200 0.040742
vt 0.977020 0.046562
vt 0.971200 0.046562
vt 0.849516 0.277494
vt 0.845894 0.259546
vt 0.846604 0.253870
vt 0.185156 0.871592
vt 0.179336 0.864200
vt 0.196696 0.842792
vt 0.951082 0.943187
vt 0.945261 0.949007
vt 0.951082 0.937467
vt 0.692113 0.978316
vt 0.686393 0.984136
vt 0.686393 0.978316
vt 0.988560 0.086602
vt 0.994280 0.080882
vt 0.994280 0.086602
vt 0.057199 0.995676
vt 0.051479 0.989956
vt 0.057199 0.989956
vt 0.988560 0.651872
vt 0.982840 0.646052
vt 0.988560 0.646052
vt 0.994280 0.092322
vt 0.988560 0.092322
vt 0.988560 0.657693
vt 0.982840 0.651872
vt 0.069241 0.253684
vt 0.051981 0.247964
vt 0.057701 0.247964
vt 0.982840 0.663513
vt 0.982840 0.657693
vt 0.953535 0.000000
vt 0.953535 0.005820
vt 0.947714 0.017361
vt 0.697833 0.978316
vt 0.692113 0.984136
vt 0.692113 0.978316
vt 0.179336 0.888852
vt 0.185156 0.883032
vt 0.190876 0.888852
vt 0.899100 0.747104
vt 0.899100 0.741284
vt 0.530449 0.957437
vt 0.530449 0.945897
vt 0.536169 0.940076
vt 0.080079 0.989956
vt 0.074359 0.995676
vt 0.074359 0.989956
vt 0.583434 0.972596
vt 0.577714 0.978316
vt 0.577714 0.966776
vt 0.977020 0.250272
vt 0.982840 0.244452
vt 0.982840 0.250272
vt 0.982840 0.256093
vt 0.977020 0.250272
vt 0.994280 0.830195
vt 0.988560 0.835915
vt 0.988560 0.830195
vt 0.738072 0.735564
vt 0.732352 0.741384
vt 0.732352 0.724023
vt 0.988560 0.098042
vt 0.994280 0.098042
vt 0.988560 0.098042
vt 0.994280 0.103761
vt 0.988560 0.103761
vt 0.994280 0.441238
vt 0.988560 0.435518
vt 0.994280 0.435518
vt 0.276765 0.903893
vt 0.276765 0.898073
vt 0.282485 0.892353
vt 0.977020 0.349218
vt 0.971200 0.343397
vt 0.977020 0.343397
vt 0.560554 0.984136
vt 0.554834 0.978316
vt 0.560554 0.978316
vt 0.102959 0.972596
vt 0.097239 0.978316
vt 0.102959 0.966776
vt 0.316724 0.536668
vt 0.316274 0.571672
vt 0.309506 0.576357
vt 0.017360 0.939564
vt 0.011641 0.939564
vt 0.005820 0.933744
vt 0.674651 0.842135
vt 0.680371 0.842135
vt 0.663111 0.847955
vt 0.179336 0.923573
vt 0.185156 0.923573
vt 0.179336 0.940834
vt 0.988560 0.675154
vt 0.982840 0.669333
vt 0.988560 0.669333
vt 0.946448 0.354836
vt 0.946448 0.349016
vt 0.952268 0.337476
vt 0.749613 0.966776
vt 0.755433 0.972596
vt 0.749613 0.972596
vt 0.977020 0.680974
vt 0.982740 0.686794
vt 0.977020 0.686794
vt 0.988560 0.680974
vt 0.982840 0.675154
vt 0.818854 0.920006
vt 0.818854 0.937267
vt 0.813033 0.943087
vt 0.942098 0.074482
vt 0.947818 0.074482
vt 0.947818 0.080202
vt 0.865867 0.158753
vt 0.871587 0.164473
vt 0.865867 0.187553
vt 0.988560 0.680974
vt 0.982840 0.686794
vt 0.982840 0.680974
vt 0.091519 0.989956
vt 0.085799 0.995676
vt 0.085799 0.989956
vt 0.728876 0.291416
vt 0.723055 0.279876
vt 0.728876 0.274156
vt 0.217358 0.984136
vt 0.211638 0.978316
vt 0.217358 0.978316
vt 0.977020 0.355038
vt 0.971200 0.349218
vt 0.977020 0.349218
vt 0.988560 0.286800
vt 0.994280 0.292520
vt 0.988560 0.292520
vt 0.988560 0.298240
vt 0.994280 0.292520
vt 0.994280 0.298240
vt 0.988560 0.640232
vt 0.982840 0.646052
vt 0.982840 0.640232
vt 0.334466 0.920752
vt 0.328645 0.943832
vt 0.328645 0.920752
vt 0.709273 0.984136
vt 0.703553 0.978316
vt 0.709273 0.978316
vt 0.207523 0.854332
vt 0.224884 0.877312
vt 0.207523 0.871592
vt 0.977020 0.715896
vt 0.971200 0.710076
vt 0.977020 0.710076
vt 0.988560 0.395780
vt 0.982840 0.401600
vt 0.982840 0.395780
vt 0.994280 0.338279
vt 0.988560 0.343999
vt 0.988560 0.338279
vt 0.668831 0.940177
vt 0.663111 0.957437
vt 0.663111 0.940177
vt 0.343196 0.989956
vt 0.337476 0.995676
vt 0.337476 0.989956
vt 0.751735 0.282585
vt 0.763275 0.299845
vt 0.745915 0.299845
vt 0.668831 0.940177
vt 0.674551 0.957437
vt 0.668831 0.957437
vt 0.000000 0.939463
vt 0.005820 0.922203
vt 0.005820 0.945183
vt 0.957988 0.331655
vt 0.952268 0.320215
vt 0.952268 0.314395
vt 0.251945 0.738273
vt 0.257665 0.744093
vt 0.246125 0.738273
vt 0.884193 0.040341
vt 0.889913 0.051881
vt 0.878373 0.046161
vt 0.977020 0.413240
vt 0.982740 0.407420
vt 0.982740 0.413240
vt 0.228797 0.984136
vt 0.223077 0.978316
vt 0.228797 0.978316
vt 0.945261 0.706663
vt 0.950981 0.729743
vt 0.945261 0.729743
vt 0.314596 0.984136
vt 0.308876 0.989956
vt 0.308876 0.984136
vt 0.965480 0.877056
vt 0.971200 0.888596
vt 0.965480 0.888596
vt 0.720713 0.984136
vt 0.714993 0.978316
vt 0.720713 0.978316
vt 0.886591 0.989956
vt 0.892311 0.984136
vt 0.892311 0.989956
vt 0.219264 0.744750
vt 0.224984 0.779371
vt 0.213444 0.779371
vt 0.988560 0.401600
vt 0.982840 0.407420
vt 0.982840 0.401600
vt 0.977020 0.226991
vt 0.971200 0.221171
vt 0.977020 0.221171
vt 0.348916 0.989956
vt 0.343196 0.995676
vt 0.343196 0.989956
vt 0.553529 0.790154
vt 0.541989 0.795974
vt 0.541989 0.790154
vt 0.988560 0.446958
vt 0.988560 0.441238
vt 0.150023 0.726632
vt 0.144203 0.761253
vt 0.144203 0.726632
vt 0.726433 0.978316
vt 0.720713 0.984136
vt 0.720713 0.978316
vt 0.977020 0.599490
vt 0.971200 0.593670
vt 0.977020 0.593670
vt 0.570789 0.830494
vt 0.570789 0.859295
vt 0.565069 0.824674
vt 0.354636 0.989956
vt 0.348916 0.995676
vt 0.348916 0.989956
vt 0.956802 0.527840
vt 0.950981 0.545100
vt 0.950981 0.527840
vt 0.240237 0.978316
vt 0.234517 0.984136
vt 0.234517 0.978316
vt 0.945261 0.378018
vt 0.945261 0.389457
vt 0.939441 0.400998
vt 0.755433 0.966776
vt 0.761254 0.972596
vt 0.755433 0.972596
vt 0.761254 0.972596
vt 0.767074 0.966776
vt 0.767074 0.972596
vt 0.858366 0.814500
vt 0.849819 0.804805
vt 0.872261 0.826229
vt 0.322925 0.909814
vt 0.328645 0.938715
vt 0.322925 0.938715
vt 0.956802 0.741284
vt 0.950981 0.741284
vt 0.956802 0.729743
vt 0.977020 0.721716
vt 0.971200 0.715896
vt 0.977020 0.715896
vt 0.167283 0.138382
vt 0.173003 0.138382
vt 0.167283 0.161463
vt 0.988560 0.209530
vt 0.982840 0.203710
vt 0.988560 0.203710
vt 0.928001 0.891306
vt 0.922181 0.850966
vt 0.922181 0.845146
vt 0.674651 0.911376
vt 0.674651 0.899836
vt 0.680471 0.888296
vt 0.871687 0.216454
vt 0.877507 0.251074
vt 0.877507 0.256794
vt 0.069241 0.801694
vt 0.063421 0.801694
vt 0.069241 0.790154
vt 0.593970 0.876655
vt 0.593970 0.882375
vt 0.588150 0.888195
vt 0.910741 0.672143
vt 0.904921 0.689403
vt 0.904921 0.672143
vt 0.360356 0.989956
vt 0.354636 0.995676
vt 0.936379 0.097462
vt 0.930558 0.120542
vt 0.930558 0.097462
vt 0.870735 0.941403
vt 0.865015 0.941403
vt 0.870735 0.924143
vt 0.951081 0.481578
vt 0.945361 0.470038
vt 0.945361 0.458598
vt 0.965480 0.819355
vt 0.971200 0.830895
vt 0.965480 0.830895
vt 0.593870 0.847754
vt 0.593870 0.836214
vt 0.913094 0.051881
vt 0.907274 0.023080
vt 0.907274 0.011540
vt 0.628490 0.732453
vt 0.616950 0.732453
vt 0.616950 0.720912
vt 0.977020 0.366678
vt 0.971200 0.360858
vt 0.977020 0.360858
vt 0.847654 0.941504
vt 0.853474 0.953044
vt 0.847654 0.953044
vt 0.144203 0.916896
vt 0.138382 0.905355
vt 0.138382 0.899635
vt 0.518908 0.847855
vt 0.501648 0.853575
vt 0.501648 0.842035
vt 0.988560 0.692614
vt 0.982840 0.698435
vt 0.982840 0.692614
vt 0.263117 0.978316
vt 0.268837 0.966776
vt 0.268837 0.978316
vt 0.251677 0.984136
vt 0.245957 0.978316
vt 0.251677 0.978316
vt 0.988560 0.298240
vt 0.994280 0.303960
vt 0.988560 0.303960
vt 0.717438 0.256969
vt 0.711792 0.256053
vt 0.712724 0.250308
vt 0.988560 0.309680
vt 0.994280 0.303960
vt 0.994280 0.309680
vt 0.308876 0.972495
vt 0.303157 0.978316
vt 0.308876 0.966776
vt 0.977020 0.727537
vt 0.971200 0.721716
vt 0.977020 0.721716
vt 0.806076 0.403807
vt 0.800356 0.438428
vt 0.800356 0.403807
vt 0.263585 0.917096
vt 0.257765 0.940177
vt 0.257765 0.917096
vt 0.320316 0.978316
vt 0.314596 0.966775
vt 0.320316 0.966775
vt 0.328645 0.467228
vt 0.328645 0.455688
vt 0.334365 0.461408
vt 0.257397 0.984136
vt 0.251677 0.978316
vt 0.257397 0.978316
vt 0.977020 0.238632
vt 0.971200 0.232812
vt 0.977020 0.232812
vt 0.948019 0.155163
vt 0.953839 0.172423
vt 0.948019 0.172423
vt 0.320316 0.984136
vt 0.314596 0.989956
vt 0.371795 0.989956
vt 0.366075 0.995676
vt 0.366075 0.989956
vt 0.983830 0.995676
vt 0.989550 0.989956
vt 0.989550 0.995676
vt 0.945362 0.447058
vt 0.939541 0.441238
vt 0.939541 0.435518
vt 0.611130 0.928536
vt 0.611130 0.922816
vt 0.616950 0.905456
vt 1.000000 0.005720
vt 0.994280 -0.000000
vt 1.000000 -0.000000
vt 0.743592 0.984136
vt 0.737872 0.978316
vt 0.743592 0.978316
vt 0.228864 0.772894
vt 0.240405 0.749813
vt 0.246125 0.749813
vt 0.749312 0.978316
vt 0.743592 0.978316
vt 0.080681 0.945997
vt 0.086501 0.957537
vt 0.080681 0.957537
vt 0.994280 0.452678
vt 0.988560 0.458398
vt 0.988560 0.452678
vt 0.971200 0.346207
vt 0.965480 0.357747
vt 0.965480 0.346207
vt 0.977020 0.599490
vt 0.971200 0.605310
vt 0.971200 0.599490
vt 0.830394 0.885386
vt 0.841934 0.896926
vt 0.836114 0.896926
vt 0.257397 0.966776
vt 0.263117 0.978316
vt 0.257397 0.978316
vt 0.854625 0.420245
vt 0.860287 0.421062
vt 0.853794 0.426006
vt 0.507368 0.697832
vt 0.507368 0.692112
vt 0.518908 0.692112
vt 0.642374 0.242244
vt 0.619294 0.242244
vt 0.613473 0.236424
vt 0.988560 0.320116
vt 0.982840 0.325936
vt 0.982840 0.320116
vt 0.102959 0.989956
vt 0.097239 0.995676
vt 0.097239 0.989956
vt 0.772894 0.972596
vt 0.977020 0.605310
vt 0.971200 0.611131
vt 0.971200 0.605310
vt 0.772894 0.966776
vt 0.778715 0.972596
vt 0.257397 0.978316
vt 0.263117 0.984136
vt 0.257397 0.984136
vt 0.977020 0.715896
vt 0.982740 0.710075
vt 0.982740 0.715896
vt 0.988560 0.841635
vt 0.994280 0.847355
vt 0.988560 0.847355
vt 0.982840 0.413240
vt 0.988560 0.419061
vt 0.982840 0.419061
vt 0.040040 0.984136
vt 0.045759 0.978316
vt 0.045759 0.984136
vt 0.977020 0.744997
vt 0.982740 0.739177
vt 0.982740 0.744997
vt 0.108679 0.989956
vt 0.114399 0.995676
vt 0.108679 0.995676
vt 0.784535 0.972596
vt 0.790355 0.966776
vt 0.790355 0.972596
vt 0.977020 0.238632
vt 0.971200 0.244452
vt 0.971200 0.238632
vt 0.513389 0.288405
vt 0.507569 0.299945
vt 0.507569 0.288405
vt 0.899101 0.424178
vt 0.893280 0.424178
vt 0.893280 0.412638
vt 0.274557 0.984136
vt 0.268837 0.978316
vt 0.274557 0.978316
vt 0.622670 0.380727
vt 0.616950 0.415347
vt 0.616950 0.380727
vt 0.357446 0.909011
vt 0.351726 0.937912
vt 0.351726 0.909011
vt 0.988560 0.698435
vt 0.982840 0.704255
vt 0.982840 0.698435
vt 0.947818 0.068661
vt 0.953639 0.068661
vt 0.947818 0.074381
vt 0.965480 0.230805
vt 0.971200 0.242345
vt 0.965480 0.242345
vt 0.017260 0.743993
vt 0.011540 0.743993
vt 0.023080 0.720913
vt 0.977020 0.611131
vt 0.971200 0.616951
vt 0.971200 0.611131
vt 0.760752 0.984136
vt 0.755032 0.978316
vt 0.760752 0.978316
vt 0.807314 0.920107
vt 0.801493 0.920107
vt 0.807314 0.914287
vt 0.446155 0.989956
vt 0.451875 0.984136
vt 0.451875 0.989956
vt 0.971200 0.616951
vt 0.977020 0.622771
vt 0.971200 0.622771
vt 0.772192 0.978316
vt 0.766472 0.984136
vt 0.766472 0.978316
vt 0.977020 0.244452
vt 0.971200 0.250273
vt 0.971200 0.244452
vt 0.692113 0.995676
vt 0.686393 0.989956
vt 0.692113 0.989956
vt 0.285997 0.978316
vt 0.280277 0.984136
vt 0.280277 0.978316
vt 0.977020 0.256093
vt 0.971200 0.250273
vt 0.977020 0.250273
vt 0.377515 0.989956
vt 0.371795 0.995676
vt 0.371795 0.989956
vt 0.994280 0.910274
vt 0.988560 0.915994
vt 0.988560 0.910274
vt 0.988560 0.221171
vt 0.982840 0.226991
vt 0.982840 0.221171
vt 0.922181 0.776005
vt 0.916461 0.804805
vt 0.922181 0.764464
vt 0.965480 0.115402
vt 0.971200 0.126943
vt 0.965480 0.126943
vt 0.790355 0.972596
vt 0.796176 0.966776
vt 0.796176 0.972596
vt 0.982840 0.710075
vt 0.988560 0.715896
vt 0.982840 0.715896
vt 0.977020 0.762458
vt 0.982740 0.756638
vt 0.982740 0.762458
vt 0.383235 0.995676
vt 0.377515 0.995676
vt 0.351625 0.949552
vt 0.345906 0.943832
vt 0.345906 0.938012
vt 0.351625 0.028800
vt 0.345906 0.005720
vt 0.357446 0.005720
vt 0.205918 0.978316
vt 0.200198 0.984136
vt 0.200198 0.978316
vt 0.057701 0.524729
vt 0.057701 0.530549
vt 0.051981 0.524729
vt 0.507368 0.663211
vt 0.513188 0.674752
vt 0.507368 0.674752
vt 0.945261 0.672143
vt 0.950981 0.649062
vt 0.950981 0.672143
vt 0.977020 0.564568
vt 0.982740 0.570388
vt 0.977020 0.570388
vt 0.994280 0.790155
vt 0.988560 0.784435
vt 0.994280 0.784435
vt 0.657793 0.966776
vt 0.657793 0.972495
vt 0.933721 0.447159
vt 0.927901 0.441439
vt 0.927901 0.435618
vt 0.971200 0.334667
vt 0.965480 0.346207
vt 0.965480 0.334667
vt 0.816769 0.529525
vt 0.823616 0.533964
vt 0.811087 0.530788
vt 0.916361 0.378018
vt 0.910641 0.447159
vt 0.910641 0.378018
vt 0.406115 0.989956
vt 0.400395 0.995676
vt 0.400395 0.989956
vt 0.577714 0.978316
vt 0.571994 0.984136
vt 0.571994 0.978316
vt 0.994280 0.795875
vt 0.988560 0.790155
vt 0.994280 0.790155
vt 0.965480 0.519310
vt 0.971200 0.530850
vt 0.965480 0.530850
vt 0.115402 0.784334
vt 0.115402 0.766973
vt 0.121222 0.766973
vt 0.396221 0.805249
vt 0.390501 0.811070
vt 0.396221 0.730288
vt 0.705014 0.225776
vt 0.709744 0.232338
vt 0.706979 0.249376
vt 0.559349 0.916996
vt 0.565069 0.928536
vt 0.559349 0.922816
vt 0.513188 0.916996
vt 0.507368 0.940076
vt 0.507368 0.916996
vt 0.028901 0.524729
vt 0.028901 0.530549
vt 0.023080 0.501749
vt 0.313168 0.395267
vt 0.304335 0.411306
vt 0.299749 0.404556
vt 0.017260 0.778513
vt 0.000000 0.772793
vt 0.005720 0.767073
vt 0.988560 0.727536
vt 0.982840 0.733357
vt 0.982840 0.727536
vt 0.417555 0.989956
vt 0.411835 0.995676
vt 0.411835 0.989956
vt 0.425087 0.920615
vt 0.419368 0.909074
vt 0.425087 0.914895
vt 0.417555 0.989956
vt 0.423275 0.995676
vt 0.417555 0.995676
vt 0.977020 0.634412
vt 0.971200 0.628592
vt 0.977020 0.628592
vt 0.795072 0.984136
vt 0.789352 0.978316
vt 0.795072 0.978316
vt 0.291969 0.543793
vt 0.318789 0.525314
vt 0.305943 0.563980
vt 0.894868 0.204813
vt 0.894868 0.256694
vt 0.889148 0.285595
vt 0.051479 0.984136
vt 0.057199 0.978316
vt 0.057199 0.984136
vt 0.789352 0.995676
vt 0.795072 0.989956
vt 0.795072 0.995676
vt 0.994280 0.469838
vt 0.988560 0.464118
vt 0.994280 0.464118
vt 0.977020 0.261913
vt 0.971200 0.256093
vt 0.303156 0.984136
vt 0.297437 0.978316
vt 0.303156 0.978316
vt 0.428995 0.989956
vt 0.423275 0.995676
vt 0.423275 0.989956
vt 0.801996 0.972596
vt 0.977020 0.570389
vt 0.971200 0.576209
vt 0.971200 0.570389
vt 0.400395 0.972596
vt 0.406115 0.966775
vt 0.400395 0.978316
vt 0.766873 0.931747
vt 0.766873 0.920207
vt 0.772693 0.914387
vt 0.478934 0.767849
vt 0.484754 0.779389
vt 0.478934 0.779389
vt 0.305665 0.955975
vt 0.299845 0.944435
vt 0.305665 0.944435
vt 0.125839 0.978316
vt 0.120119 0.984136
vt 0.120119 0.978316
vt 0.988560 0.739177
vt 0.982840 0.733357
vt 0.988560 0.733357
vt 0.836114 0.908466
vt 0.841934 0.920007
vt 0.841934 0.925726
vt 0.524729 0.795874
vt 0.501648 0.801694
vt 0.513189 0.790154
vt 0.988560 0.238632
vt 0.982840 0.232811
vt 0.988560 0.232811
vt 0.945261 0.810525
vt 0.950981 0.816345
vt 0.950981 0.822065
vt 0.251677 0.966775
vt 0.257397 0.972495
vt 0.849777 0.074381
vt 0.844057 0.062941
vt 0.855597 0.062941
vt 0.337476 0.978316
vt 0.331756 0.972495
vt 0.331756 0.966776
vt 0.959559 0.091742
vt 0.965380 0.080202
vt 0.965380 0.091742
vt 0.933821 0.625982
vt 0.939541 0.654782
vt 0.933821 0.654782
vt 0.459808 0.928536
vt 0.453988 0.945897
vt 0.453988 0.928536
vt 0.155743 0.784233
vt 0.150023 0.778513
vt 0.155743 0.755433
vt 0.442548 0.940177
vt 0.448268 0.940177
vt 0.436728 0.945897
vt 0.547709 0.242244
vt 0.553529 0.224884
vt 0.547709 0.276865
vt 0.982840 0.168788
vt 0.977020 0.174608
vt 0.977020 0.168788
vt 0.536169 0.842035
vt 0.530449 0.818954
vt 0.536169 0.836315
vt 0.988560 0.419061
vt 0.982840 0.424881
vt 0.982840 0.419061
vt 0.536269 0.594070
vt 0.536269 0.588250
vt 0.541989 0.513289
vt 0.115503 0.916895
vt 0.109682 0.939976
vt 0.109682 0.916895
vt 0.864480 0.597181
vt 0.864480 0.585641
vt 0.870300 0.579821
vt 0.971200 0.634412
vt 0.977020 0.640232
vt 0.971200 0.640232
vt 0.988560 0.756638
vt 0.982840 0.750817
vt 0.988560 0.750817
vt 0.977020 0.261913
vt 0.971200 0.267733
vt 0.971200 0.261913
vt 0.308876 0.978316
vt 0.706142 0.324576
vt 0.703378 0.307539
vt 0.718466 0.328473
vt 0.023080 0.455588
vt 0.034621 0.449768
vt 0.028901 0.467128
vt 0.953535 0.000000
vt 0.959355 0.011540
vt 0.953535 0.011540
vt 0.589154 0.978316
vt 0.583434 0.984136
vt 0.583434 0.978316
vt 0.988560 0.244452
vt 0.982840 0.238632
vt 0.759915 0.547909
vt 0.765735 0.559450
vt 0.759915 0.559450
vt 0.806512 0.978316
vt 0.800792 0.984136
vt 0.800792 0.978316
vt 0.965480 0.450069
vt 0.971200 0.461609
vt 0.965480 0.461609
vt 0.977020 0.826481
vt 0.971200 0.832302
vt 0.971200 0.826481
vt 0.663111 0.478769
vt 0.663111 0.467228
vt 0.668831 0.467228
vt 0.881840 0.620262
vt 0.887560 0.602901
vt 0.887560 0.620262
vt 0.977020 0.750818
vt 0.971200 0.744998
vt 0.977020 0.744998
vt 0.501648 0.928536
vt 0.495828 0.940076
vt 0.495828 0.916996
vt 0.994280 0.915994
vt 0.988560 0.921714
vt 0.988560 0.915994
vt 0.806512 0.978316
vt 0.812232 0.984136
vt 0.806512 0.984136
vt 0.800792 0.989956
vt 0.800792 0.995676
vt 0.988560 0.469838
vt 0.994280 0.475558
vt 0.988560 0.475558
vt 0.971200 0.929037
vt 0.965480 0.929037
vt 0.971200 0.923217
vt 0.423275 0.978316
vt 0.428995 0.966775
vt 0.428995 0.978316
vt 0.982840 0.756638
vt 0.988560 0.762458
vt 0.982840 0.762458
vt 0.956801 0.464519
vt 0.962622 0.476059
vt 0.956801 0.476059
vt 0.434715 0.989956
vt 0.440435 0.995676
vt 0.434715 0.995676
vt 0.889304 0.954828
vt 0.889304 0.960548
vt 0.883484 0.966268
vt 0.994280 0.481278
vt 0.988560 0.475558
vt 0.994280 0.475558
vt 0.611130 0.657491
vt 0.616950 0.669032
vt 0.611130 0.669032
vt 0.962622 0.378018
vt 0.956802 0.389558
vt 0.956802 0.378018
vt 0.988560 0.325936
vt 0.982840 0.331756
vt 0.982840 0.325936
vt 0.322925 0.915534
vt 0.317105 0.909714
vt 0.317105 0.903994
vt 0.841934 0.954627
vt 0.836214 0.948807
vt 0.836214 0.943087
vt 0.772693 0.689503
vt 0.772693 0.683683
vt 0.772693 0.729844
vt 0.276486 0.564436
vt 0.285775 0.577855
vt 0.281170 0.571204
vt 0.668831 0.484488
vt 0.668831 0.501849
vt 0.663111 0.501849
vt 0.956802 0.614341
vt 0.962622 0.625881
vt 0.956802 0.625881
vt 0.137278 0.989956
vt 0.131558 0.995676
vt 0.131558 0.989956
vt 0.616950 0.599891
vt 0.622670 0.651771
vt 0.611130 0.576810
vt 0.230704 0.542190
vt 0.219164 0.530649
vt 0.242244 0.513289
vt 0.870300 0.620262
vt 0.870300 0.568381
vt 0.982840 0.424881
vt 0.988560 0.430701
vt 0.982840 0.430701
vt 0.988560 0.921714
vt 0.994280 0.927434
vt 0.988560 0.927434
vt 0.818319 0.625982
vt 0.829859 0.631802
vt 0.818319 0.631802
vt 0.971200 0.461609
vt 0.965480 0.473149
vt 0.965480 0.461609
vt 0.406115 0.966775
vt 0.411835 0.978316
vt 0.406115 0.978316
vt 0.137278 0.989956
vt 0.142998 0.995676
vt 0.137278 0.995676
vt 0.928001 0.724124
vt 0.922281 0.741484
vt 0.922281 0.724124
vt 0.274557 0.966775
vt 0.280277 0.978316
vt 0.274557 0.978316
vt 0.951082 0.424078
vt 0.951082 0.412538
vt 0.956801 0.424078
vt 0.348150 0.563654
vt 0.343101 0.575503
vt 0.338679 0.579287
vt 0.294025 0.863553
vt 0.288305 0.886633
vt 0.294025 0.857732
vt 0.977020 0.174608
vt 0.982840 0.180429
vt 0.977020 0.180429
vt 0.953739 0.126262
vt 0.953739 0.120442
vt 0.959559 0.114722
vt 0.988560 0.774099
vt 0.982840 0.779919
vt 0.982840 0.774099
vt 0.988560 0.331756
vt 0.982840 0.337577
vt 0.994280 0.927434
vt 0.988560 0.933154
vt 0.988560 0.927434
vt 0.877663 0.874046
vt 0.883484 0.839426
vt 0.883484 0.850966
vt 0.392066 0.023080
vt 0.397786 0.023080
vt 0.386246 0.034621
vt 0.956802 0.406818
vt 0.962622 0.395278
vt 0.962622 0.406818
vt 0.640031 0.622871
vt 0.628490 0.599891
vt 0.046139 0.945796
vt 0.046139 0.940076
vt 0.051959 0.940076
vt 0.063421 0.778513
vt 0.051881 0.818854
vt 0.051881 0.790054
vt 0.977020 0.529647
vt 0.971200 0.535467
vt 0.971200 0.529647
vt 0.962622 0.481779
vt 0.956802 0.481779
vt 0.962622 0.476059
vt 0.322451 0.582530
vt 0.328271 0.530649
vt 0.328271 0.542089
vt 0.334365 0.507569
vt 0.340085 0.496029
vt 0.340085 0.507569
vt 0.397786 0.126842
vt 0.403607 0.138382
vt 0.392066 0.144203
vt 0.855597 0.057121
vt 0.832517 0.051981
vt 0.820976 0.051981
vt 0.838337 0.034621
vt 0.881840 0.562561
vt 0.887560 0.585641
vt 0.870300 0.562561
vt 0.876555 0.843362
vt 0.870735 0.912503
vt 0.870735 0.843362
vt 0.959355 0.034621
vt 0.953535 0.028901
vt 0.953535 0.023080
vt 0.823672 0.978316
vt 0.817952 0.984136
vt 0.817952 0.978316
vt 0.994280 0.492718
vt 0.988560 0.498438
vt 0.988560 0.492718
vt 0.028901 0.397887
vt 0.034621 0.386346
vt 0.034621 0.397887
vt 0.490108 0.288405
vt 0.484288 0.299945
vt 0.484288 0.288405
vt 0.795660 0.649251
vt 0.806791 0.569130
vt 0.805653 0.586352
vt 0.988560 0.785739
vt 0.982840 0.791559
vt 0.982840 0.785739
vt 0.457595 0.989956
vt 0.451875 0.995676
vt 0.451875 0.989956
vt 0.051981 0.467128
vt 0.063521 0.461308
vt 0.057701 0.467128
vt 0.034621 0.420967
vt 0.017361 0.403707
vt 0.490026 0.571090
vt 0.495745 0.622971
vt 0.495745 0.640332
vt 0.080782 0.351726
vt 0.057701 0.363266
vt 0.069241 0.340186
vt 0.599690 0.285245
vt 0.605410 0.296785
vt 0.593870 0.285245
vt 0.959355 0.023080
vt 0.953535 0.017260
vt 0.953535 0.011540
vt 0.971200 0.186249
vt 0.977020 0.192070
vt 0.971200 0.192070
vt 0.343196 0.984136
vt 0.337476 0.989956
vt 0.337476 0.984136
vt 0.849777 0.144102
vt 0.855597 0.161463
vt 0.849777 0.173003
vt 0.778413 0.574101
vt 0.784233 0.562561
vt 0.784233 0.574101
vt 0.487641 0.680357
vt 0.484219 0.715297
vt 0.478513 0.715690
vt 0.829392 0.984136
vt 0.823672 0.984136
vt 0.988560 0.498438
vt 0.994280 0.504158
vt 0.988560 0.504158
vt 0.959559 0.109002
vt 0.965380 0.097462
vt 0.965380 0.109002
vt 0.977020 0.832302
vt 0.971200 0.838122
vt 0.988560 0.803200
vt 0.982840 0.797380
vt 0.988560 0.797380
vt 0.971200 0.484689
vt 0.965480 0.473149
vt 0.971200 0.473149
vt 0.982840 0.803200
vt 0.988560 0.809020
vt 0.982840 0.809020
vt 0.457595 0.989956
vt 0.463314 0.995676
vt 0.457595 0.995676
vt 0.895938 0.126262
vt 0.890218 0.097462
vt 0.890218 0.085922
vt 0.817952 0.989956
vt 0.823672 0.984136
vt 0.823672 0.989956
vt 0.616950 0.421067
vt 0.628490 0.397987
vt 0.454089 0.870935
vt 0.454089 0.882476
vt 0.448268 0.882476
vt 0.977020 0.756638
vt 0.971200 0.762458
vt 0.971200 0.756638
vt 0.956802 0.585340
vt 0.950981 0.585340
vt 0.950981 0.579620
vt 0.559308 0.519890
vt 0.553108 0.525196
vt 0.559709 0.514084
vt 0.801996 0.966776
vt 0.807816 0.972596
vt 0.801996 0.972596
vt 0.881740 0.545301
vt 0.881740 0.551021
vt 0.876020 0.551021
vt 0.240405 0.940277
vt 0.246125 0.934457
vt 0.240405 0.951817
vt 0.553529 0.813234
vt 0.559249 0.790154
vt 0.288305 0.805852
vt 0.288305 0.788491
vt 0.294125 0.794311
vt 0.605410 0.273705
vt 0.593870 0.250624
vt 0.813636 0.966776
vt 0.813636 0.972596
vt 0.977020 0.791559
vt 0.982740 0.785739
vt 0.982740 0.791559
vt 0.977020 0.197890
vt 0.971200 0.197890
vt 0.354636 0.989956
vt 0.348916 0.984136
vt 0.354636 0.984136
vt 0.360356 0.984136
vt 0.354636 0.989956
vt 0.354636 0.984136
vt 0.589154 0.989956
vt 0.583434 0.984136
vt 0.589154 0.984136
vt 0.956801 0.625881
vt 0.950981 0.631601
vt 0.956801 0.614341
vt 0.889241 0.585541
vt 0.893381 0.585541
vt 0.899100 0.591261
vt 0.893381 0.608621
vt 0.887560 0.620162
vt 0.889241 0.608621
vt 0.916461 0.926027
vt 0.910741 0.908667
vt 0.910741 0.902947
vt 0.148718 0.989956
vt 0.142998 0.995676
vt 0.142998 0.989956
vt 0.994280 0.509878
vt 0.988560 0.515598
vt 0.988560 0.509878
vt 0.589154 0.978316
vt 0.594874 0.984136
vt 0.589154 0.984136
vt 0.829391 0.984136
vt 0.829391 0.989956
vt 0.971200 0.942886
vt 0.977020 0.948707
vt 0.971200 0.948707
vt 0.988560 0.933154
vt 0.994280 0.938874
vt 0.988560 0.938874
vt 0.011540 0.340186
vt 0.017361 0.340186
vt 0.011540 0.374806
vt 0.688435 0.276865
vt 0.694255 0.299945
vt 0.688435 0.299945
vt 0.246125 0.905556
vt 0.240405 0.934457
vt 0.240405 0.905556
vt 0.351625 0.092322
vt 0.351625 0.109582
vt 0.345906 0.115302
vt 0.916461 0.885587
vt 0.910741 0.862506
vt 0.910741 0.822165
vt 0.098042 0.790154
vt 0.092322 0.830494
vt 0.092322 0.824775
vt 0.958289 0.285695
vt 0.952569 0.279875
vt 0.952569 0.268435
vt 0.878677 0.103282
vt 0.872857 0.097562
vt 0.878677 0.091742
vt 0.956802 0.579620
vt 0.950981 0.568080
vt 0.950981 0.562360
vt 0.530449 0.369086
vt 0.524628 0.392167
vt 0.524628 0.369086
vt 0.988560 0.430701
vt 0.982840 0.436522
vt 0.982840 0.430701
vt 0.939541 0.764264
vt 0.933721 0.793064
vt 0.933721 0.764264
vt 0.994280 0.355439
vt 0.988560 0.361159
vt 0.988560 0.355439
vt 0.988560 0.809020
vt 0.982840 0.814841
vt 0.982840 0.809020
vt 0.784233 0.666423
vt 0.784233 0.683683
vt 0.063521 0.380627
vt 0.063521 0.374806
vt 0.069241 0.363266
vt 0.453988 0.951817
vt 0.448268 0.945997
vt 0.448268 0.934457
vt 0.792900 0.219819
vt 0.800389 0.242387
vt 0.785418 0.272537
vt 0.674651 0.467228
vt 0.663111 0.432608
vt 0.663111 0.369187
vt 0.703552 0.931647
vt 0.715092 0.943187
vt 0.703552 0.943187
vt 0.291483 0.385509
vt 0.303878 0.381848
vt 0.302837 0.387574
vt 0.613473 0.051881
vt 0.625014 0.046161
vt 0.625014 0.051881
vt 0.651571 0.363366
vt 0.651571 0.357646
vt 0.657291 0.357646
vt 0.314596 0.978316
vt 0.320316 0.984136
vt 0.314596 0.984136
vt 0.536169 0.403707
vt 0.524628 0.461408
vt 0.524628 0.444048
vt 0.808608 0.184770
vt 0.814660 0.179295
vt 0.813947 0.196540
vt 0.080782 0.346006
vt 0.075062 0.340186
vt 0.080782 0.340186
vt 0.642374 0.046161
vt 0.636554 0.040341
vt 0.642374 0.040341
vt 0.613473 0.046161
vt 0.619294 0.040341
vt 0.945362 0.672143
vt 0.939541 0.683583
vt 0.939541 0.672143
vt 0.988560 0.858795
vt 0.994280 0.864515
vt 0.988560 0.864515
vt 0.982840 0.436522
vt 0.988560 0.442342
vt 0.982840 0.442342
vt 0.251945 0.917096
vt 0.251945 0.940177
vt 0.994280 0.938874
vt 0.988560 0.944594
vt 0.988560 0.938874
vt 0.807213 0.799085
vt 0.813033 0.810525
vt 0.795673 0.793265
vt 0.950981 0.378018
vt 0.956802 0.395278
vt 0.950981 0.395278
vt 0.697833 0.978215
vt 0.692113 0.966776
vt 0.697833 0.966776
vt 0.888947 0.372096
vt 0.883227 0.372096
vt 0.871687 0.366276
vt 0.276765 0.944234
vt 0.282485 0.938414
vt 0.276765 0.955774
vt 0.075062 0.905456
vt 0.069241 0.934356
vt 0.069241 0.905456
vt 0.434715 0.978316
vt 0.440435 0.966775
vt 0.440435 0.978316
vt 0.611130 0.547909
vt 0.616950 0.513389
vt 0.616950 0.530649
vt 0.901758 0.120643
vt 0.901758 0.126362
vt 0.895938 0.166703
vt 0.363166 0.896226
vt 0.374706 0.901946
vt 0.357446 0.896226
vt 0.530449 0.328746
vt 0.536169 0.323026
vt 0.541989 0.317205
vt 0.195983 0.802351
vt 0.201803 0.831252
vt 0.195983 0.825431
vt 0.236524 0.138382
vt 0.230704 0.132662
vt 0.236524 0.115302
vt 0.313636 0.360163
vt 0.308008 0.359140
vt 0.310073 0.347786
vt 0.465629 0.663412
vt 0.459809 0.715293
vt 0.454089 0.709473
vt 0.912028 0.371996
vt 0.917748 0.320115
vt 0.917748 0.348915
vt 0.086501 0.224884
vt 0.092221 0.230604
vt 0.086501 0.236424
vt 0.745915 0.230704
vt 0.757455 0.224884
vt 0.757455 0.230704
vt 0.945261 0.833605
vt 0.945261 0.839426
vt 0.939541 0.845146
vt 0.922281 0.562561
vt 0.922281 0.568281
vt 0.916461 0.574101
vt 0.745915 0.224884
vt 0.740195 0.247964
vt 0.740195 0.207624
vt 0.988560 0.814841
vt 0.982840 0.820661
vt 0.622670 0.397987
vt 0.622670 0.403807
vt 0.910641 0.545200
vt 0.910641 0.533660
vt 0.916461 0.516400
vt 0.988560 0.442342
vt 0.982840 0.448162
vt 0.982840 0.442342
vt 0.988560 0.521318
vt 0.994280 0.515598
vt 0.994280 0.521318
vt 0.994280 0.366879
vt 0.988560 0.372599
vt 0.988560 0.366879
vt 0.518908 0.334466
vt 0.530449 0.334466
vt 0.316724 0.343182
vt 0.311097 0.342158
vt 0.929488 0.250974
vt 0.923668 0.268234
vt 0.923668 0.227894
vt 0.929488 0.308575
vt 0.923668 0.302855
vt 0.923668 0.268234
vt 0.988560 0.527038
vt 0.994280 0.527038
vt 0.869431 0.984136
vt 0.863711 0.978316
vt 0.869431 0.978316
vt 0.939642 0.447159
vt 0.945361 0.470239
vt 0.939642 0.470239
vt 0.125839 0.978316
vt 0.131558 0.984136
vt 0.125839 0.984136
vt 0.994280 0.527038
vt 0.988560 0.532758
vt 0.988560 0.527038
vt 0.131558 0.984136
vt 0.137278 0.978316
vt 0.137278 0.984136
vt 0.977020 0.273554
vt 0.971200 0.267733
vt 0.977020 0.267733
vt 0.994280 0.538477
vt 0.988560 0.538477
vt 0.337476 0.984136
vt 0.331756 0.978316
vt 0.337476 0.978316
vt 0.085799 0.966775
vt 0.091519 0.978316
vt 0.085799 0.978316
vt 0.518909 0.023080
vt 0.524628 0.023080
vt 0.524628 0.028800
vt 0.982840 0.838122
vt 0.988560 0.832301
vt 0.988560 0.838122
vt 0.994280 0.549917
vt 0.988560 0.555637
vt 0.988560 0.549917
vt 0.982840 0.186249
vt 0.977020 0.180429
vt 0.982840 0.180429
vt 0.977020 0.651873
vt 0.971200 0.646053
vt 0.977020 0.646053
vt 0.971200 0.843942
vt 0.977020 0.838122
vt 0.977020 0.843942
vt 0.977020 0.186249
vt 0.982840 0.192069
vt 0.977020 0.192069
vt 0.988560 0.843942
vt 0.982840 0.849762
vt 0.982840 0.843942
vt 0.982840 0.197890
vt 0.982840 0.192069
vt 0.977020 0.849762
vt 0.971200 0.849762
vt 0.982840 0.867223
vt 0.988560 0.861403
vt 0.988560 0.867223
vt 0.988560 0.867223
vt 0.982840 0.873043
vt 0.982840 0.867223
vt 0.971200 0.855583
vt 0.977020 0.849762
vt 0.977020 0.855583
vt 0.988560 0.873043
vt 0.982840 0.878863
vt 0.982840 0.873043
vt 0.988560 0.884684
vt 0.982840 0.884684
vt 0.480474 0.989956
vt 0.474754 0.995676
vt 0.474754 0.989956
vt 0.994280 0.567077
vt 0.988560 0.561357
vt 0.994280 0.561357
vt 0.286798 0.572227
vt 0.272923 0.552059
vt 0.278550 0.553082
vt 0.929488 0.204813
vt 0.929488 0.199093
vt 0.935208 0.193373
vt 0.612033 0.978316
vt 0.606314 0.984136
vt 0.606314 0.978316
vt 0.875151 0.984136
vt 0.869431 0.978316
vt 0.875151 0.978316
vt 0.977020 0.535467
vt 0.971200 0.541287
vt 0.971200 0.535467
vt 0.080782 0.271045
vt 0.069241 0.265224
vt 0.075062 0.265224
vt 0.880871 0.984136
vt 0.875151 0.978316
vt 0.880871 0.978316
vt 0.886591 0.978316
vt 0.880871 0.984136
vt 0.880871 0.978316
vt 0.953739 0.080202
vt 0.959559 0.091742
vt 0.953739 0.091742
vt 0.142998 0.984136
vt 0.142998 0.978316
vt 0.982840 0.448162
vt 0.988560 0.453982
vt 0.982840 0.453982
vt 0.988560 0.578517
vt 0.994280 0.572797
vt 0.994280 0.578517
vt 0.165878 0.989956
vt 0.171598 0.995676
vt 0.165878 0.995676
vt 0.977020 0.279374
vt 0.971200 0.273554
vt 0.959559 0.103282
vt 0.953739 0.103282
vt 0.959559 0.097462
vt 0.977020 0.861403
vt 0.982840 0.919605
vt 0.988560 0.913785
vt 0.988560 0.919605
vt 0.354636 0.978316
vt 0.348916 0.984136
vt 0.348916 0.978316
vt 0.697732 0.305766
vt 0.691911 0.299945
vt 0.697732 0.299945
vt 0.080782 0.305665
vt 0.075062 0.294125
vt 0.080782 0.282585
vt 0.892311 0.978316
vt 0.886591 0.984136
vt 0.886591 0.978316
vt 0.965480 0.530850
vt 0.971200 0.542390
vt 0.965480 0.542390
vt 0.977020 0.768279
vt 0.971200 0.774099
vt 0.971200 0.768279
vt 0.988560 0.584237
vt 0.994280 0.584237
vt 0.994280 0.944594
vt 0.988560 0.950314
vt 0.988560 0.944594
vt 0.051981 0.276765
vt 0.057701 0.288305
vt 0.051981 0.288305
vt 0.988560 0.595677
vt 0.994280 0.589957
vt 0.994280 0.595677
vt 0.988560 0.601397
vt 0.929488 0.308575
vt 0.935208 0.279774
vt 0.935208 0.291315
vt 0.645851 0.282585
vt 0.645851 0.299845
vt 0.640031 0.294125
vt 0.965480 0.588551
vt 0.965480 0.582831
vt 0.971200 0.577011
vt 0.403607 0.276865
vt 0.397786 0.276865
vt 0.397786 0.271045
vt 0.593870 0.951616
vt 0.593870 0.945796
vt 0.599590 0.940076
vt 0.617753 0.978316
vt 0.623473 0.984136
vt 0.617753 0.984136
vt 0.251945 0.957437
vt 0.257665 0.940177
vt 0.257665 0.957437
vt 0.028901 0.276765
vt 0.028901 0.271045
vt 0.040441 0.271045
vt 0.853374 0.918423
vt 0.853374 0.901063
vt 0.859194 0.912603
vt 0.636554 0.207624
vt 0.648094 0.207624
vt 0.291717 0.978316
vt 0.297437 0.966776
vt 0.297437 0.978316
vt 0.230704 0.565270
vt 0.236524 0.582530
vt 0.230704 0.570990
vt 0.457595 0.966776
vt 0.463315 0.978316
vt 0.457595 0.978316
vt 0.205918 0.978316
vt 0.200198 0.966775
vt 0.205918 0.966775
vt 0.386246 0.259504
vt 0.380526 0.259504
vt 0.380526 0.247964
vt 0.622770 0.957336
vt 0.628591 0.945796
vt 0.628591 0.957336
vt 0.853374 0.860622
vt 0.853374 0.854902
vt 0.853374 0.866442
vt 0.023080 0.259504
vt 0.023080 0.253684
vt 0.034621 0.253684
vt 0.219164 0.576810
vt 0.207624 0.582530
vt 0.207624 0.576810
vt 0.829859 0.689503
vt 0.835680 0.706763
vt 0.824139 0.701043
vt 0.322451 0.524829
vt 0.322451 0.374806
vt 0.328271 0.351726
vt 0.923668 0.285595
vt 0.917948 0.291315
vt 0.917948 0.245254
vt 0.069241 0.247964
vt 0.057701 0.236424
vt 0.075062 0.236424
vt 0.530449 0.247964
vt 0.524628 0.253784
vt 0.518908 0.259504
vt 0.682715 0.098042
vt 0.682715 0.126942
vt 0.671175 0.103862
vt 0.219164 0.599891
vt 0.219164 0.605611
vt 0.207624 0.599891
vt 0.841500 0.672143
vt 0.841500 0.677863
vt 0.835680 0.747104
vt 0.994280 0.956034
vt 0.988560 0.956034
vt 0.813033 0.879566
vt 0.824574 0.885386
vt 0.818854 0.885386
vt 0.749612 0.924244
vt 0.755332 0.930064
vt 0.755332 0.941604
vt 0.616950 0.709473
vt 0.622670 0.720912
vt 0.368986 0.224884
vt 0.380526 0.219164
vt 0.380526 0.224884
vt 0.910641 0.752824
vt 0.910641 0.700843
vt 0.916461 0.689403
vt 0.965175 0.017260
vt 0.959355 0.023080
vt 0.965175 0.011540
vt 0.245957 0.978316
vt 0.251677 0.966776
vt 0.251677 0.978316
vt 0.345906 0.196083
vt 0.345906 0.190363
vt 0.363166 0.196083
vt 0.855597 0.103282
vt 0.855597 0.085922
vt 0.861317 0.097462
vt 0.280277 0.966776
vt 0.285997 0.978316
vt 0.688130 0.880598
vt 0.687113 0.862412
vt 0.688130 0.849572
vt 0.994280 0.956034
vt 0.988560 0.961754
vt 0.988560 0.956034
vt 0.219164 0.617151
vt 0.213444 0.617151
vt 0.207624 0.605611
vt 0.340085 0.207624
vt 0.345906 0.207624
vt 0.274557 0.972596
vt 0.268837 0.972596
vt 0.965480 0.173103
vt 0.971200 0.184644
vt 0.965480 0.184644
vt 0.952569 0.233714
vt 0.958289 0.250974
vt 0.952569 0.250974
vt 0.757455 0.109582
vt 0.745915 0.109582
vt 0.751735 0.086501
vt 0.062919 0.978316
vt 0.068639 0.966775
vt 0.068639 0.978316
vt 0.988560 0.931246
vt 0.982840 0.925425
vt 0.988560 0.925425
vt 0.994280 0.973194
vt 0.988560 0.967474
vt 0.994280 0.967474
vt 0.780536 0.080782
vt 0.792076 0.103862
vt 0.774816 0.092322
vt 0.345906 0.955272
vt 0.340186 0.937912
vt 0.345906 0.937912
vt 0.121323 0.922615
vt 0.115503 0.922615
vt 0.121323 0.916895
vt 0.796373 0.190662
vt 0.790670 0.191105
vt 0.795480 0.179156
vt 0.977020 0.861403
vt 0.971200 0.867223
vt 0.971200 0.861403
vt 0.953739 0.137702
vt 0.947919 0.149242
vt 0.953739 0.131982
vt 0.988560 0.937066
vt 0.982840 0.931246
vt 0.988560 0.931246
vt 0.213444 0.317205
vt 0.196083 0.317205
vt 0.219164 0.299845
vt 0.971200 0.611631
vt 0.965480 0.600091
vt 0.971200 0.600091
vt 0.028901 0.184543
vt 0.034621 0.184543
vt 0.034621 0.190263
vt 0.959559 0.143522
vt 0.953739 0.137702
vt 0.953739 0.131982
vt 0.188758 0.989956
vt 0.183038 0.995676
vt 0.183038 0.989956
vt 0.928101 0.470239
vt 0.933821 0.447159
vt 0.928101 0.487499
vt 0.988560 0.453983
vt 0.982840 0.459803
vt 0.982840 0.453983
vt 0.994280 0.378319
vt 0.988560 0.384039
vt 0.988560 0.378319
vt 0.861317 0.085922
vt 0.849777 0.085922
vt 0.988560 0.937066
vt 0.982840 0.942886
vt 0.982840 0.937066
vt 0.901758 0.178344
vt 0.901758 0.166803
vt 0.907578 0.149543
vt 0.806345 0.132217
vt 0.804744 0.126621
vt 0.810340 0.125021
vt 0.201904 0.299845
vt 0.196083 0.299845
vt 0.895024 0.943288
vt 0.883484 0.937467
vt 0.883484 0.931747
vt 0.386246 0.884686
vt 0.386246 0.890506
vt 0.380526 0.884686
vt 0.939541 0.533560
vt 0.933821 0.510479
vt 0.933821 0.504759
vt 0.340085 0.173003
vt 0.351625 0.167283
vt 0.351625 0.173003
vt 0.028901 0.247964
vt 0.023080 0.247964
vt 0.962622 0.556640
vt 0.956802 0.550820
vt 0.956802 0.545100
vt 0.366076 0.978316
vt 0.371796 0.984136
vt 0.366076 0.984136
vt 0.777276 0.357646
vt 0.794536 0.375007
vt 0.800356 0.386547
vt 0.994280 0.870234
vt 0.988560 0.870234
vt 0.740195 0.121122
vt 0.745915 0.121122
vt 0.757455 0.155743
vt 0.982840 0.459803
vt 0.988560 0.465623
vt 0.982840 0.465623
vt 0.345906 0.149923
vt 0.357446 0.149923
vt 0.956802 0.527940
vt 0.962622 0.539480
vt 0.956802 0.539480
vt 0.870300 0.378018
vt 0.876020 0.481880
vt 0.876020 0.487599
vt 0.454089 0.715293
vt 0.454089 0.732553
vt 0.717335 0.291416
vt 0.694255 0.297236
vt 0.711515 0.291416
vt 0.962622 0.493319
vt 0.956802 0.504860
vt 0.956802 0.493319
vt 0.194478 0.989956
vt 0.200198 0.995676
vt 0.194478 0.995676
vt 0.947919 0.126362
vt 0.942199 0.137903
vt 0.947919 0.120542
vt 0.345906 0.253784
vt 0.351625 0.247964
vt 0.357446 0.253784
vt 0.023080 0.772793
vt 0.080782 0.132562
vt 0.075062 0.190263
vt 0.057701 0.167183
vt 0.957988 0.354736
vt 0.952268 0.343296
vt 0.952268 0.337476
vt 0.565015 0.663211
vt 0.565015 0.536369
vt 0.570734 0.663211
vt 0.778513 0.943187
vt 0.772693 0.954727
vt 0.778513 0.937467
vt 0.589154 0.972596
vt 0.589154 0.966776
vt 0.977020 0.197890
vt 0.982840 0.203710
vt 0.977020 0.203710
vt 0.357446 0.115302
vt 0.363166 0.155743
vt 0.334365 0.121122
vt 0.051981 0.126842
vt 0.063521 0.126842
vt 0.988560 0.954527
vt 0.982840 0.960347
vt 0.982840 0.954527
vt 0.929488 0.216353
vt 0.923668 0.227894
vt 0.929488 0.187553
vt 0.962622 0.562460
vt 0.956801 0.562460
vt 0.962622 0.556640
vt 0.965480 0.426988
vt 0.971200 0.438529
vt 0.965480 0.438529
vt 0.965480 0.709773
vt 0.971200 0.709773
vt 0.965480 0.715493
vt 0.945261 0.672143
vt 0.939541 0.666423
vt 0.939541 0.654882
vt 0.933821 0.677863
vt 0.928001 0.706663
vt 0.928001 0.666322
vt 0.092221 0.939976
vt 0.098042 0.939976
vt 0.092221 0.945796
vt 0.946548 0.377916
vt 0.952368 0.360556
vt 0.952368 0.377916
vt 0.368986 0.942387
vt 0.374706 0.942387
vt 0.368986 0.953927
vt 0.745915 0.011540
vt 0.757455 0.028800
vt 0.740195 0.040341
vt 0.392066 0.121122
vt 0.397786 0.103762
vt 0.397786 0.121122
vt 0.565069 0.818954
vt 0.570789 0.824674
vt 0.611130 0.957336
vt 0.616950 0.945796
vt 0.616950 0.951616
vt 0.386246 0.265325
vt 0.374706 0.265325
vt 0.919118 0.178243
vt 0.913298 0.160883
vt 0.913298 0.143623
vt 0.536169 0.894016
vt 0.541989 0.911276
vt 0.530449 0.888195
vt 0.823022 0.504489
vt 0.814263 0.518260
vt 0.821780 0.498906
vt 0.017361 0.011440
vt 0.023080 0.022980
vt 0.040441 0.063421
vt 0.743792 0.729844
vt 0.755332 0.643342
vt 0.755332 0.683683
vt 0.363166 0.323026
vt 0.345906 0.328846
vt 0.351625 0.323026
vt 0.363166 0.103762
vt 0.363166 0.109582
vt 0.160158 0.978316
vt 0.154438 0.966775
vt 0.160158 0.966775
vt 0.080782 0.374806
vt 0.080782 0.369086
vt 0.086501 0.449768
vt 0.530449 0.928536
vt 0.541989 0.940076
vt 0.530449 0.940076
vt 0.040441 0.121022
vt 0.023080 0.092221
vt 0.023080 0.080681
vt 0.971200 0.541287
vt 0.977020 0.547108
vt 0.971200 0.547108
vt 0.063521 0.761253
vt 0.063521 0.766973
vt 0.059382 0.755433
vt 0.965480 0.380827
vt 0.971200 0.392368
vt 0.965480 0.392368
vt 0.795673 0.864987
vt 0.813033 0.862406
vt 0.795673 0.871825
vt 0.541989 0.253784
vt 0.541989 0.242244
vt 0.971200 0.279374
vt 0.977020 0.285194
vt 0.971200 0.285194
vt 0.771455 0.507569
vt 0.788816 0.467228
vt 0.800256 0.444148
vt 0.371796 0.984136
vt 0.377516 0.978316
vt 0.377516 0.984136
vt 0.994280 0.601397
vt 0.988560 0.607117
vt 0.945261 0.752824
vt 0.939541 0.775904
vt 0.939541 0.752824
vt 0.740195 0.000000
vt 0.740195 0.017260
vt 0.201904 0.282585
vt 0.207624 0.265224
vt 0.909471 0.984136
vt 0.915191 0.978316
vt 0.915191 0.984136
vt 0.148718 0.978316
vt 0.154438 0.966776
vt 0.154438 0.978316
vt 0.383236 0.984136
vt 0.486194 0.989956
vt 0.480474 0.995676
vt 0.480474 0.989956
vt 0.883484 0.966268
vt 0.877663 0.954828
vt 0.883484 0.954828
vt 0.923668 0.204813
vt 0.917948 0.239434
vt 0.917948 0.222174
vt 0.988560 0.477264
vt 0.982840 0.471443
vt 0.988560 0.471443
vt 0.977020 0.552928
vt 0.971200 0.558748
vt 0.971200 0.552928
vt 0.167283 0.219164
vt 0.173003 0.224884
vt 0.167283 0.224884
vt 0.205918 0.995676
vt 0.200198 0.989956
vt 0.205918 0.989956
vt 0.859194 0.872162
vt 0.864914 0.854902
vt 0.870735 0.866442
vt 0.086501 0.928636
vt 0.086501 0.934457
vt 0.407827 0.909175
vt 0.413648 0.909175
vt 0.419368 0.920715
vt 0.230704 0.224884
vt 0.230704 0.219164
vt 0.236524 0.219164
vt 0.895633 0.011540
vt 0.889913 0.000000
vt 0.895633 0.005720
vt 0.813034 0.948807
vt 0.818854 0.943087
vt 0.813034 0.954627
vt 0.818319 0.701043
vt 0.824139 0.689503
vt 0.299845 0.915433
vt 0.294025 0.903893
vt 0.294025 0.898073
vt 0.920911 0.984136
vt 0.920911 0.978316
vt 0.380526 0.057701
vt 0.380526 0.092322
vt 0.374706 0.034621
vt 0.057701 0.086501
vt 0.063521 0.080681
vt 0.063521 0.086501
vt 0.224984 0.207624
vt 0.230704 0.207624
vt 0.548311 0.299945
vt 0.542491 0.294225
vt 0.542491 0.288405
vt 0.920911 0.978316
vt 0.926631 0.984136
vt 0.920911 0.984136
vt 0.304341 0.475768
vt 0.302276 0.487122
vt 0.296648 0.486098
vt 0.397786 0.524929
vt 0.397786 0.513389
vt 0.403607 0.513389
vt 0.377516 0.978316
vt 0.371796 0.972596
vt 0.371796 0.966776
vt 0.430908 0.874454
vt 0.424947 0.868734
vt 0.424947 0.862913
vt 0.982840 0.971987
vt 0.988560 0.977807
vt 0.982840 0.977807
vt 0.486194 0.989956
vt 0.491914 0.995676
vt 0.486194 0.995676
vt 0.288305 0.950054
vt 0.288305 0.955874
vt 0.282485 0.961594
vt 0.904820 0.453079
vt 0.910641 0.516500
vt 0.910641 0.522321
vt 0.184543 0.224884
vt 0.173003 0.219164
vt 0.167283 0.213344
vt 0.167283 0.196083
vt 0.173003 0.207624
vt 0.167283 0.207624
vt 0.936174 0.051881
vt 0.924634 0.040341
vt 0.936174 0.040341
vt 0.926631 0.978316
vt 0.932351 0.984136
vt 0.926631 0.984136
vt 0.651470 0.957437
vt 0.645751 0.940177
vt 0.651470 0.940177
vt 0.613473 0.115302
vt 0.607753 0.074961
vt 0.613473 0.103862
vt 0.910741 0.764464
vt 0.916461 0.781725
vt 0.916461 0.793265
vt 0.051981 0.490208
vt 0.063521 0.507469
vt 0.830394 0.920007
vt 0.824574 0.931547
vt 0.830394 0.908466
vt 0.971200 0.028800
vt 0.965480 0.034621
vt 0.971200 0.023080
vt 0.201803 0.363366
vt 0.196083 0.351826
vt 0.196083 0.346006
vt 0.828678 0.247964
vt 0.828678 0.224984
vt 0.834398 0.173003
vt 0.907578 0.062841
vt 0.913298 0.062841
vt 0.913298 0.068661
vt 0.988560 0.612837
vt 0.994280 0.618557
vt 0.988560 0.618557
vt 0.933721 0.735564
vt 0.928001 0.747104
vt 0.933721 0.706663
vt 0.933821 0.568180
vt 0.928101 0.562360
vt 0.928101 0.527840
vt 0.988560 0.273553
vt 0.982840 0.279374
vt 0.982840 0.273553
vt 0.188758 0.978316
vt 0.183038 0.966775
vt 0.188758 0.966775
vt 0.296081 0.521184
vt 0.280615 0.541728
vt 0.281639 0.536101
vt 0.392066 0.873146
vt 0.386246 0.873146
vt 0.386246 0.867426
vt 0.403607 0.536470
vt 0.409327 0.542190
vt 0.397786 0.536470
vt 0.196083 0.495928
vt 0.173003 0.484488
vt 0.190263 0.490208
vt 0.715092 0.897026
vt 0.715092 0.908567
vt 0.709272 0.931647
vt 0.328645 0.513389
vt 0.340085 0.513389
vt 0.553529 0.951616
vt 0.547809 0.957336
vt 0.553529 0.940076
vt 0.109682 0.928436
vt 0.103862 0.939976
vt 0.109682 0.916895
vt 0.029001 0.951004
vt 0.023181 0.956724
vt 0.029001 0.939463
vt 0.890117 0.155163
vt 0.890117 0.132082
vt 0.895938 0.126262
vt 0.761253 0.947123
vt 0.755433 0.952944
vt 0.755433 0.947123
vt 0.051479 0.966776
vt 0.045759 0.978316
vt 0.045759 0.966776
vt 0.619294 0.069241
vt 0.630834 0.051881
vt 0.813033 0.856686
vt 0.807213 0.856686
vt 0.813033 0.845146
vt 0.720812 0.822065
vt 0.715092 0.850966
vt 0.715092 0.833605
vt 0.971200 0.291015
vt 0.971200 0.285194
vt 0.069241 0.022980
vt 0.075062 0.028800
vt 0.057701 0.022980
vt 0.945261 0.550920
vt 0.950981 0.574001
vt 0.945261 0.574001
vt 0.600593 0.966775
vt 0.600593 0.972596
vt 0.594874 0.978316
vt 0.351625 0.040341
vt 0.357446 0.028800
vt 0.357446 0.040341
vt 0.958389 0.297336
vt 0.952569 0.308876
vt 0.952569 0.297336
vt 0.904820 0.516400
vt 0.899100 0.533760
vt 0.899100 0.522220
vt 0.392066 0.057701
vt 0.386246 0.057701
vt 0.380526 0.040341
vt 0.755332 0.568381
vt 0.749612 0.654882
vt 0.743792 0.701043
vt 0.028901 0.432507
vt 0.034621 0.444048
vt 0.017361 0.449768
vt 0.380526 0.942387
vt 0.374706 0.953927
vt 0.374706 0.942387
vt 0.148718 0.978316
vt 0.755332 0.562561
vt 0.743792 0.562561
vt 0.988560 0.977808
vt 0.982840 0.983628
vt 0.982840 0.977808
vt 0.950981 0.775904
vt 0.945261 0.764364
vt 0.945261 0.752824
vt 0.005720 0.989956
vt 0.000000 0.984136
vt 0.005720 0.984136
vt 0.938071 0.984136
vt 0.943791 0.978316
vt 0.943791 0.984136
vt 0.959355 0.051981
vt 0.953535 0.040441
vt 0.959355 0.040441
vt 0.665455 0.230704
vt 0.659634 0.230704
vt 0.659634 0.219164
vt 0.409327 0.513389
vt 0.415147 0.536470
vt 0.409327 0.536470
vt 0.178823 0.213344
vt 0.173003 0.161463
vt 0.051981 0.086501
vt 0.069241 0.046061
vt 0.403607 0.484489
vt 0.403607 0.490309
vt 0.011440 0.984136
vt 0.924838 0.126363
vt 0.919118 0.132082
vt 0.924838 0.120542
vt 0.786356 0.103862
vt 0.780536 0.173003
vt 0.780536 0.132662
vt 0.824139 0.608722
vt 0.829859 0.620262
vt 0.824139 0.625982
vt 0.017160 0.989956
vt 0.011440 0.984136
vt 0.017160 0.984136
vt 0.605310 0.916996
vt 0.611130 0.916996
vt 0.955231 0.984136
vt 0.949511 0.978316
vt 0.955231 0.978316
vt 0.213444 0.144102
vt 0.213444 0.138382
vt 0.219164 0.132662
vt 0.148718 0.978316
vt 0.154438 0.984136
vt 0.148718 0.984136
vt 0.988560 0.647156
vt 0.994280 0.641437
vt 0.994280 0.647156
vt 0.069241 0.005720
vt 0.057701 0.000000
vt 0.829859 0.637522
vt 0.812599 0.631802
vt 0.977020 0.029101
vt 0.982840 0.023281
vt 0.982840 0.029101
vt 0.977020 0.471444
vt 0.971200 0.477264
vt 0.971200 0.471444
vt 0.977020 0.651873
vt 0.971200 0.657693
vt 0.971200 0.651873
vt 0.271045 0.817392
vt 0.271045 0.811571
vt 0.276765 0.794311
vt 0.040441 0.022980
vt 0.028901 0.022980
vt 0.023080 0.017260
vt 0.388955 0.972495
vt 0.394675 0.966775
vt 0.388955 0.978316
vt 0.392066 0.011540
vt 0.386246 0.023080
vt 0.386246 0.000000
vt 0.977020 0.873043
vt 0.971200 0.867223
vt 0.977020 0.867223
vt 0.977020 0.873043
vt 0.971200 0.878864
vt 0.971200 0.873043
vt 0.028600 0.989956
vt 0.034320 0.984136
vt 0.034320 0.989956
vt 0.040040 0.989956
vt 0.034320 0.984136
vt 0.040040 0.984136
vt 0.946448 0.320215
vt 0.940728 0.337476
vt 0.946448 0.314395
vt 0.345906 0.467228
vt 0.340085 0.461408
vt 0.345906 0.461408
vt 0.394675 0.978316
vt 0.388955 0.984136
vt 0.388955 0.978316
vt 0.251945 0.842135
vt 0.257665 0.876756
vt 0.257665 0.882475
vt 0.263485 0.674852
vt 0.251945 0.692112
vt 0.251945 0.680672
vt 0.824139 0.614542
vt 0.154438 0.984136
vt 0.160158 0.978316
vt 0.160158 0.984136
vt 0.165878 0.984136
vt 0.160158 0.978316
vt 0.165878 0.978316
vt 0.988560 0.477264
vt 0.982840 0.483084
vt 0.982840 0.477264
vt 0.988560 0.658596
vt 0.994280 0.652876
vt 0.994280 0.658596
vt 0.994280 0.389759
vt 0.988560 0.395479
vt 0.988560 0.389759
vt 0.977020 0.203710
vt 0.982840 0.209530
vt 0.977020 0.209530
vt 0.813716 0.386902
vt 0.807996 0.381182
vt 0.813716 0.369642
vt 0.994280 0.658596
vt 0.988560 0.664316
vt 0.988560 0.658596
vt 0.971200 0.878864
vt 0.977020 0.884684
vt 0.971200 0.884684
vt 0.953839 0.166703
vt 0.959660 0.178243
vt 0.953839 0.178243
vt 0.045759 0.984136
vt 0.040040 0.989956
vt 0.040040 0.984136
vt 0.994280 0.670036
vt 0.988560 0.670036
vt 0.217357 0.989956
vt 0.211637 0.995676
vt 0.211637 0.989956
vt 0.034599 0.830394
vt 0.040419 0.841934
vt 0.034599 0.841934
vt 0.904921 0.608722
vt 0.910741 0.608722
vt 0.910741 0.643342
vt 0.988560 0.675756
vt 0.994280 0.670036
vt 0.994280 0.675756
vt 0.965480 0.623172
vt 0.971200 0.634712
vt 0.965480 0.634712
vt 0.977020 0.477264
vt 0.971200 0.483084
vt 0.971200 0.477264
vt 0.950981 0.649062
vt 0.956801 0.666322
vt 0.950981 0.666322
vt 0.417555 0.984136
vt 0.423275 0.978316
vt 0.423275 0.984136
vt 0.988560 0.687196
vt 0.994280 0.681476
vt 0.994280 0.687196
vt 0.068639 0.984136
vt 0.062919 0.989956
vt 0.062919 0.984136
vt 0.434715 0.984136
vt 0.428995 0.978316
vt 0.434715 0.978316
vt 0.977020 0.296835
vt 0.971200 0.291015
vt 0.977020 0.291015
vt 0.829859 0.614542
vt 0.835680 0.608722
vt 0.835680 0.614542
vt 0.316730 0.407644
vt 0.309038 0.417975
vt 0.311103 0.406621
vt 0.893381 0.770184
vt 0.899201 0.793265
vt 0.899201 0.799085
vt 0.977020 0.884684
vt 0.971200 0.890504
vt 0.971200 0.884684
vt 0.068639 0.989956
vt 0.074359 0.984136
vt 0.074359 0.989956
vt 0.703552 0.943187
vt 0.697732 0.937367
vt 0.697732 0.920107
vt 0.761153 0.701043
vt 0.761153 0.706763
vt 0.766873 0.712584
vt 0.766873 0.706763
vt 0.965480 0.692413
vt 0.971200 0.680873
vt 0.971200 0.692413
vt 0.956802 0.424078
vt 0.956802 0.418358
vt 0.962622 0.412538
vt 0.795773 0.902746
vt 0.801493 0.914286
vt 0.795773 0.908567
vt 0.357446 0.444148
vt 0.368986 0.438428
vt 0.368986 0.444148
vt 0.363039 0.743203
vt 0.383729 0.741474
vt 0.375905 0.743793
vt 0.085799 0.989956
vt 0.080079 0.984136
vt 0.085799 0.984136
vt 0.160158 0.972495
vt 0.165878 0.972495
vt 0.160158 0.978316
vt 0.714992 0.585641
vt 0.709272 0.568281
vt 0.726532 0.574101
vt 0.380526 0.438428
vt 0.386246 0.426888
vt 0.386246 0.438428
vt 0.895024 0.897127
vt 0.889204 0.931747
vt 0.889204 0.897127
vt 0.183038 0.972495
vt 0.177318 0.972495
vt 0.982840 0.209530
vt 0.977020 0.215350
vt 0.876020 0.533760
vt 0.881740 0.441539
vt 0.881740 0.453079
vt 0.946448 0.337476
vt 0.940728 0.360556
vt 0.940728 0.337476
vt 0.653914 0.103862
vt 0.642374 0.092322
vt 0.648094 0.086501
vt 0.063500 0.934256
vt 0.057780 0.945796
vt 0.051959 0.945796
vt 0.559249 0.893915
vt 0.553529 0.911276
vt 0.565069 0.865115
vt 0.288305 0.915433
vt 0.294125 0.938514
vt 0.288305 0.938514
vt 0.553896 0.681363
vt 0.558907 0.693277
vt 0.552707 0.698583
vt 0.588150 0.951616
vt 0.593870 0.940076
vt 0.994280 0.704356
vt 0.988560 0.698636
vt 0.994280 0.698636
vt 0.451875 0.989956
vt 0.457595 0.984136
vt 0.457595 0.989956
vt 0.982840 0.483084
vt 0.988560 0.488904
vt 0.982840 0.488904
vt 0.945261 0.942986
vt 0.939541 0.931446
vt 0.939541 0.919906
vt 0.115402 0.715092
vt 0.103862 0.697832
vt 0.109582 0.680471
vt 0.824139 0.579921
vt 0.835680 0.603002
vt 0.824139 0.585641
vt 0.240405 0.836315
vt 0.234584 0.842135
vt 0.228864 0.836315
vt 0.977020 0.657693
vt 0.971200 0.663513
vt 0.971200 0.046161
vt 0.965480 0.057701
vt 0.965480 0.046161
vt 0.653914 0.271145
vt 0.282585 0.823112
vt 0.288305 0.840472
vt 0.282585 0.840472
vt 0.549114 0.966776
vt 0.543394 0.978316
vt 0.543394 0.966776
vt 0.171598 0.978316
vt 0.165878 0.984136
vt 0.165878 0.978316
vt 0.977020 0.791560
vt 0.982740 0.797380
vt 0.977020 0.797380
vt 0.223077 0.989956
vt 0.228797 0.995676
vt 0.223077 0.995676
vt 0.939541 0.954727
vt 0.933721 0.949007
vt 0.933721 0.943187
vt 0.171598 0.978316
vt 0.177318 0.984136
vt 0.171598 0.984136
vt 0.251945 0.721013
vt 0.234584 0.715193
vt 0.738173 0.941604
vt 0.743993 0.953144
vt 0.738173 0.953144
vt 0.263485 0.663312
vt 0.240405 0.669132
vt 0.246125 0.628691
vt 0.069241 0.305665
vt 0.069241 0.299845
vt 0.075062 0.299845
vt 0.971200 0.483084
vt 0.977020 0.488905
vt 0.971200 0.488905
vt 0.069241 0.259504
vt 0.051981 0.253684
vt 0.051959 0.905355
vt 0.057679 0.911176
vt 0.057679 0.916896
vt 0.455487 0.397987
vt 0.426687 0.340386
vt 0.438227 0.363366
vt 0.240405 0.790154
vt 0.246125 0.784434
vt 0.251945 0.790154
vt 0.459808 0.957437
vt 0.453988 0.957437
vt 0.829859 0.568381
vt 0.812599 0.579921
vt 0.818319 0.568381
vt 0.703552 0.666322
vt 0.703552 0.695223
vt 0.697732 0.579821
vt 0.219164 0.115302
vt 0.224984 0.126842
vt 0.213444 0.121122
vt 0.972390 0.978316
vt 0.966670 0.984136
vt 0.966670 0.978316
vt 0.763275 0.247964
vt 0.720812 0.891306
vt 0.720812 0.885486
vt 0.726632 0.873946
vt 0.651571 0.784534
vt 0.640031 0.796074
vt 0.645851 0.784534
vt 0.488709 0.946097
vt 0.494529 0.957637
vt 0.488709 0.957637
vt 0.978110 0.984136
vt 0.972390 0.984136
vt 0.062919 0.989956
vt 0.068639 0.995676
vt 0.062919 0.995676
vt 0.982840 0.488904
vt 0.988560 0.494724
vt 0.982840 0.494724
vt 0.806512 0.995676
vt 0.812231 0.989956
vt 0.812231 0.995676
vt 0.959459 0.068661
vt 0.953639 0.080202
vt 0.953639 0.068661
vt 0.397786 0.230704
vt 0.397786 0.224884
vt 0.403607 0.224884
vt 0.380526 0.380727
vt 0.380526 0.409527
vt 0.368986 0.403807
vt 0.651571 0.299945
vt 0.645750 0.311486
vt 0.640031 0.311486
vt 0.965480 0.784734
vt 0.971200 0.796275
vt 0.965480 0.796275
vt 0.400395 0.984136
vt 0.406115 0.989956
vt 0.400395 0.989956
vt 0.011440 0.978316
vt 0.017160 0.984136
vt 0.011440 0.984136
vt 0.946648 0.193373
vt 0.940928 0.193373
vt 0.946648 0.187553
vt 0.022880 0.978316
vt 0.022880 0.984136
vt 0.755433 0.877982
vt 0.755433 0.872162
vt 0.761153 0.860622
vt 0.977020 0.791560
vt 0.971200 0.797380
vt 0.971200 0.791560
vt 0.465629 0.882475
vt 0.471349 0.842135
vt 0.471349 0.876756
vt 0.034599 0.922716
vt 0.040419 0.899635
vt 0.034599 0.934256
vt 0.017361 0.213344
vt 0.028901 0.242144
vt 0.011540 0.230604
vt 0.194478 0.972596
vt 0.200198 0.966776
vt 0.200198 0.978316
vt 0.565069 0.940076
vt 0.559349 0.957336
vt 0.559349 0.940076
vt 0.956802 0.631601
vt 0.950981 0.648862
vt 0.950981 0.631601
vt 0.046139 0.957336
vt 0.040419 0.951516
vt 0.040419 0.945796
vt 1.000000 0.040040
vt 0.994280 0.034320
vt 1.000000 0.034320
vt 0.817951 0.989956
vt 0.817951 0.995676
vt 0.234517 0.989956
vt 0.228797 0.995676
vt 0.228797 0.989956
vt 0.234517 0.989956
vt 0.240237 0.995676
vt 0.234517 0.995676
vt 0.115402 0.668931
vt 0.115402 0.680471
vt 0.005820 0.213344
vt 0.005820 0.201803
vt 0.011540 0.213344
vt 0.219164 0.397887
vt 0.207624 0.409427
vt 0.213344 0.380626
vt 0.657291 0.842135
vt 0.651571 0.830695
vt 0.657291 0.830695
vt 0.951182 0.695123
vt 0.945362 0.695123
vt 0.951182 0.683583
vt 0.380426 0.913486
vt 0.374706 0.907766
vt 0.386246 0.896226
vt 0.132662 0.870735
vt 0.132662 0.922716
vt 0.126942 0.882275
vt 0.062919 0.984136
vt 0.068639 0.978316
vt 0.068639 0.984136
vt 0.459808 0.842135
vt 0.224783 0.940733
vt 0.224783 0.946453
vt 0.219063 0.957993
vt 0.988560 0.978914
vt 0.994280 0.984634
vt 0.988560 0.984634
vt 0.971200 0.565471
vt 0.965480 0.553930
vt 0.971200 0.553930
vt 0.023181 0.904843
vt 0.017361 0.910663
vt 0.028901 0.887583
vt 0.177318 0.978316
vt 0.183038 0.984136
vt 0.177318 0.984136
vt 0.692113 0.995676
vt 0.697832 0.989956
vt 0.697832 0.995676
vt 0.245957 0.989956
vt 0.240237 0.995676
vt 0.240237 0.989956
vt 0.173003 0.098042
vt 0.167283 0.103762
vt 0.173003 0.086501
vt 0.228864 0.680672
vt 0.234584 0.686392
vt 0.228864 0.697932
vt 0.924838 0.120542
vt 0.930659 0.160883
vt 0.924838 0.155163
vt 0.933821 0.689403
vt 0.939642 0.695123
vt 0.939642 0.700943
vt 0.368986 0.236424
vt 0.363166 0.247964
vt 0.956802 0.579720
vt 0.962622 0.591261
vt 0.956802 0.591261
vt 0.825277 0.972596
vt 0.831097 0.966776
vt 0.831097 0.972596
vt 0.988560 0.494725
vt 0.982840 0.500545
vt 0.982840 0.494725
vt 0.977020 0.814841
vt 0.982740 0.809020
vt 0.982740 0.814841
vt 0.994280 0.401199
vt 0.988560 0.406919
vt 0.988560 0.401199
vt 0.207624 0.617151
vt 0.207624 0.622871
vt 0.201904 0.617151
vt 0.234584 0.795974
vt 0.831097 0.972596
vt 0.836917 0.966776
vt 0.836917 0.972596
vt 0.971200 0.890504
vt 0.977020 0.896324
vt 0.971200 0.896324
vt 0.977020 0.820661
vt 0.982740 0.826481
vt 0.977020 0.826481
vt 0.440435 0.984136
vt 0.434715 0.978316
vt 0.440435 0.978316
vt 0.813033 0.896926
vt 0.807314 0.902746
vt 0.801493 0.891206
vt 0.720912 0.948907
vt 0.715092 0.948907
vt 0.720912 0.937367
vt 0.436728 0.686493
vt 0.442548 0.698033
vt 0.436728 0.698033
vt 0.606313 0.989956
vt 0.600594 0.984136
vt 0.606313 0.984136
vt 0.977020 0.675154
vt 0.971200 0.669334
vt 0.977020 0.669334
vt 0.962622 0.464519
vt 0.956802 0.452979
vt 0.962622 0.452979
vt 0.829391 0.995676
vt 0.823671 0.989956
vt 0.829391 0.989956
vt 0.988560 0.017461
vt 0.982840 0.011641
vt 0.988560 0.011641
vt 0.977020 0.215350
vt 0.982840 0.221171
vt 0.977020 0.221171
vt 0.829391 0.995676
vt 0.835111 0.989956
vt 0.835111 0.995676
vt 0.108679 0.984136
vt 0.102959 0.989956
vt 0.102959 0.984136
vt 0.720812 0.868226
vt 0.715092 0.873946
vt 0.726632 0.856686
vt 0.865867 0.297135
vt 0.865867 0.291415
vt 0.871687 0.222174
vt 0.612033 0.989956
vt 0.612033 0.984136
vt 0.982840 0.500545
vt 0.988560 0.506365
vt 0.982840 0.506365
vt 0.514794 0.989956
vt 0.509074 0.995676
vt 0.509074 0.989956
vt 0.115402 0.651671
vt 0.121122 0.651671
vt 0.946748 0.216353
vt 0.941029 0.239434
vt 0.941029 0.216353
vt 0.924738 0.062841
vt 0.930558 0.091742
vt 0.924738 0.097462
vt 0.971200 0.796275
vt 0.965480 0.807815
vt 0.965480 0.796275
vt 0.282585 0.771231
vt 0.282585 0.776951
vt 0.178823 0.046061
vt 0.184543 0.051881
vt 0.178823 0.051881
vt 0.988560 0.017461
vt 0.982840 0.023281
vt 0.982840 0.017461
vt 0.994280 0.721516
vt 0.988560 0.727236
vt 0.988560 0.721516
vt 0.945261 0.527840
vt 0.950981 0.550920
vt 0.945261 0.550920
vt 0.836917 0.966776
vt 0.842738 0.972596
vt 0.836917 0.972596
vt 0.446155 0.984136
vt 0.440435 0.984136
vt 0.763275 0.149923
vt 0.763275 0.155743
vt 0.977020 0.826481
vt 0.982740 0.832302
vt 0.977020 0.832302
vt 0.988560 0.875954
vt 0.994280 0.881674
vt 0.988560 0.881674
vt 0.469035 0.966775
vt 0.463315 0.978316
vt 0.463315 0.972495
vt 0.251677 0.989956
vt 0.257397 0.995676
vt 0.251677 0.995676
vt 0.853040 0.683683
vt 0.853040 0.677863
vt 0.858760 0.625982
vt 0.125839 0.984136
vt 0.120119 0.989956
vt 0.120119 0.984136
vt 0.877663 0.943287
vt 0.883484 0.920207
vt 0.883484 0.943287
vt 0.674651 0.744194
vt 0.668931 0.732653
vt 0.668931 0.703753
vt 0.977020 0.296835
vt 0.971200 0.302655
vt 0.971200 0.296835
vt 0.740195 0.282585
vt 0.734375 0.253784
vt 0.740195 0.271045
vt 0.703552 0.995676
vt 0.697832 0.989956
vt 0.703552 0.989956
vt 0.451875 0.978316
vt 0.446155 0.984136
vt 0.446155 0.978316
vt 0.703552 0.995676
vt 0.709272 0.989956
vt 0.709272 0.995676
vt 0.457595 0.984136
vt 0.451875 0.978316
vt 0.457595 0.978316
vt 0.629193 0.989956
vt 0.623473 0.984136
vt 0.629193 0.984136
vt 0.977020 0.564568
vt 0.971200 0.570389
vt 0.971200 0.564568
vt 0.962622 0.527940
vt 0.956802 0.522220
vt 0.956802 0.516400
vt 0.857991 0.995676
vt 0.852271 0.989956
vt 0.857991 0.989956
vt 0.715092 0.856686
vt 0.726632 0.850966
vt 0.413648 0.920715
vt 0.407827 0.943795
vt 0.407827 0.920715
vt 0.956802 0.683582
vt 0.950981 0.677863
vt 0.950981 0.666322
vt 0.288305 0.817392
vt 0.288305 0.823112
vt 0.276765 0.817392
vt 0.564969 0.745062
vt 0.559249 0.739342
vt 0.564969 0.733522
vt 0.251844 0.911276
vt 0.246125 0.917096
vt 0.246125 0.899736
vt 0.988560 0.040742
vt 0.982840 0.034922
vt 0.988560 0.034922
vt 0.988560 0.040742
vt 0.982840 0.046562
vt 0.982840 0.040742
vt 0.982840 0.506365
vt 0.988560 0.512185
vt 0.982840 0.512185
vt 0.183038 0.978316
vt 0.188758 0.984136
vt 0.183038 0.984136
vt 0.363166 0.386447
vt 0.351625 0.357646
vt 0.363166 0.374907
vt 0.994280 0.727236
vt 0.988560 0.732956
vt 0.971200 0.937066
vt 0.977020 0.942886
vt 0.971200 0.942886
vt 0.383235 0.984136
vt 0.377516 0.989956
vt 0.377516 0.984136
vt 0.463315 0.989956
vt 0.457595 0.984136
vt 0.463315 0.984136
vt 0.977020 0.797380
vt 0.971200 0.803200
vt 0.916361 0.435719
vt 0.922181 0.447159
vt 0.916361 0.447159
vt 0.720712 0.995676
vt 0.714992 0.989956
vt 0.720712 0.989956
vt 0.469035 0.989956
vt 0.463315 0.984136
vt 0.469035 0.984136
vt 0.977020 0.494725
vt 0.971200 0.494725
vt 0.906508 0.285695
vt 0.912228 0.297235
vt 0.900688 0.285695
vt 0.965380 0.143623
vt 0.959559 0.155163
vt 0.959559 0.143623
vt 0.629193 0.989956
vt 0.634913 0.984136
vt 0.634913 0.989956
vt 0.406115 0.984136
vt 0.411835 0.989956
vt 0.514794 0.989956
vt 0.520514 0.995676
vt 0.514794 0.995676
vt 0.011440 0.995676
vt 0.017160 0.989956
vt 0.017160 0.995676
vt 0.994280 0.732956
vt 0.988560 0.738676
vt 0.988560 0.732956
vt 0.063421 0.772793
vt 0.069241 0.778513
vt 0.069241 0.784334
vt 1.000000 0.051479
vt 0.994280 0.045759
vt 1.000000 0.045759
vt 0.652073 0.978316
vt 0.657793 0.984136
vt 0.652073 0.984136
vt 0.829392 0.989956
vt 0.835111 0.984136
vt 0.835111 0.989956
vt 0.840831 0.989956
vt 0.835111 0.984136
vt 0.840831 0.984136
vt 0.526234 0.966775
vt 0.531954 0.978316
vt 0.526234 0.978316
vt 0.922181 0.862506
vt 0.916461 0.833605
vt 0.916461 0.822065
vt 0.080681 0.640131
vt 0.097941 0.628691
vt 0.109482 0.634411
vt 0.211638 0.978316
vt 0.205918 0.966775
vt 0.211638 0.966775
vt 0.530449 0.905456
vt 0.524628 0.899736
vt 0.524628 0.893915
vt 0.977020 0.308476
vt 0.971200 0.302655
vt 0.977020 0.302655
vt 0.474755 0.984136
vt 0.469035 0.978316
vt 0.474755 0.978316
vt 0.842738 0.966776
vt 0.848558 0.972596
vt 0.842738 0.972596
vt 0.977020 0.308476
vt 0.971200 0.314296
vt 0.971200 0.308476
vt 0.977020 0.838122
vt 0.982740 0.843942
vt 0.977020 0.843942
vt 0.480475 0.978316
vt 0.474755 0.984136
vt 0.474755 0.978316
vt 0.948019 0.178243
vt 0.942299 0.166703
vt 0.942299 0.155163
vt 0.530449 0.709372
vt 0.536169 0.720913
vt 0.536169 0.732453
vt 0.622770 0.945796
vt 0.622770 0.951616
vt 0.616950 0.957336
vt 0.326036 0.978316
vt 0.956801 0.504860
vt 0.962622 0.516400
vt 0.956801 0.516400
vt 0.982840 0.058203
vt 0.988560 0.064023
vt 0.982840 0.064023
vt 0.988560 0.738676
vt 0.994280 0.744396
vt 0.988560 0.744396
vt 0.927901 0.787444
vt 0.933721 0.747104
vt 0.933721 0.764364
vt 0.994280 0.412639
vt 0.988560 0.418358
vt 0.988560 0.412639
vt 0.965480 0.911677
vt 0.971200 0.923217
vt 0.965480 0.923217
vt 0.703552 0.833605
vt 0.715092 0.827885
vt 0.028901 0.927923
vt 0.023080 0.916484
vt 0.023080 0.910663
vt 0.319362 0.361205
vt 0.318321 0.366931
vt 0.547709 0.934256
vt 0.553529 0.934256
vt 0.541989 0.940076
vt 0.848558 0.966776
vt 0.854378 0.972596
vt 0.848558 0.972596
vt 0.988560 0.512185
vt 0.982840 0.518006
vt 0.982840 0.512185
vt 0.887661 0.672143
vt 0.887661 0.683683
vt 0.881840 0.631702
vt 0.854378 0.972596
vt 0.860198 0.966776
vt 0.860198 0.972596
vt 0.154438 0.984136
vt 0.148718 0.989956
vt 0.148718 0.984136
vt 0.977020 0.867224
vt 0.982740 0.861403
vt 0.982740 0.867224
vt 0.268837 0.989956
vt 0.263117 0.995676
vt 0.263117 0.989956
vt 0.154438 0.984136
vt 0.160158 0.989956
vt 0.154438 0.989956
vt 0.526234 0.989956
vt 0.531954 0.995676
vt 0.526234 0.995676
vt 0.490008 0.282585
vt 0.495828 0.253784
vt 0.501548 0.242244
vt 0.671175 0.057701
vt 0.682715 0.063521
vt 0.671175 0.063521
vt 0.971200 0.675154
vt 0.977020 0.680974
vt 0.971200 0.680974
vt 0.334365 0.914932
vt 0.334365 0.909212
vt 0.340186 0.920752
vt 0.988560 0.069843
vt 0.982840 0.075664
vt 0.982840 0.069843
vt 0.977020 0.896324
vt 0.971200 0.902145
vt 0.971200 0.896324
vt 0.726432 0.995676
vt 0.732152 0.989956
vt 0.732152 0.995676
vt 0.165878 0.989956
vt 0.160158 0.984136
vt 0.165878 0.984136
vt 0.005720 0.966776
vt 0.000000 0.978316
vt 0.000000 0.966776
vt 0.477269 0.934356
vt 0.477269 0.945897
vt 0.471449 0.951717
vt 0.982840 0.221171
vt 0.977020 0.226991
vt 0.977020 0.221171
vt 0.737872 0.995676
vt 0.732152 0.989956
vt 0.737872 0.989956
vt 0.171598 0.989956
vt 0.165878 0.984136
vt 0.171598 0.984136
vt 0.962622 0.596880
vt 0.962622 0.602701
vt 0.956801 0.608420
vt 0.173003 0.432507
vt 0.184543 0.432507
vt 0.178723 0.444048
vt 0.899100 0.447259
vt 0.904820 0.441539
vt 0.904820 0.447259
vt 0.900688 0.187553
vt 0.906508 0.256794
vt 0.900688 0.262615
vt 0.988560 0.302655
vt 0.982840 0.308475
vt 0.982840 0.302655
vt 0.547709 0.893915
vt 0.547709 0.888195
vt 0.994280 0.755836
vt 0.988560 0.750116
vt 0.994280 0.750116
vt 0.994280 0.755836
vt 0.988560 0.761556
vt 0.988560 0.755836
vt 0.971200 0.902145
vt 0.977020 0.907965
vt 0.971200 0.907965
vt 0.794636 0.553730
vt 0.794636 0.542190
vt 0.800356 0.542190
vt 0.977020 0.314296
vt 0.971200 0.320116
vt 0.491915 0.978316
vt 0.486195 0.984136
vt 0.486195 0.978316
vt 0.657391 0.294025
vt 0.651571 0.299845
vt 0.657391 0.288305
vt 0.103862 0.818854
vt 0.109682 0.807314
vt 0.121222 0.807314
vt 0.867137 0.080202
vt 0.872857 0.086022
vt 0.867137 0.086022
vt 0.857991 0.995676
vt 0.863711 0.989956
vt 0.863711 0.995676
vt 0.177318 0.984136
vt 0.875151 0.995676
vt 0.869431 0.989956
vt 0.875151 0.989956
vt 0.188758 0.984136
vt 0.183038 0.989956
vt 0.183038 0.984136
vt 0.474755 0.989956
vt 0.469035 0.984136
vt 0.474755 0.984136
vt 0.474755 0.989956
vt 0.480475 0.984136
vt 0.480475 0.989956
vt 0.982840 0.518006
vt 0.988560 0.523826
vt 0.982840 0.523826
vt 0.028901 0.317105
vt 0.017361 0.328645
vt 0.005820 0.317105
vt 0.380526 0.098042
vt 0.386246 0.092322
vt 0.242244 0.559450
vt 0.236524 0.547909
vt 0.236524 0.536369
vt 0.363166 0.265325
vt 0.363166 0.271045
vt 0.351625 0.265325
vt 0.663111 0.744194
vt 0.668931 0.744194
vt 0.865015 0.764464
vt 0.853474 0.793265
vt 0.853474 0.787545
vt 0.905021 0.810625
vt 0.910741 0.810625
vt 0.910741 0.822165
vt 0.977020 0.867224
vt 0.982740 0.873044
vt 0.977020 0.873044
vt 0.988560 0.887394
vt 0.994280 0.893114
vt 0.988560 0.893114
vt 0.959559 0.143623
vt 0.965379 0.132082
vt 0.965379 0.143623
vt 0.028600 0.966775
vt 0.034320 0.978316
vt 0.028600 0.978316
vt 0.977020 0.878864
vt 0.982740 0.873044
vt 0.982740 0.878864
vt 0.280277 0.989956
vt 0.285996 0.995676
vt 0.280277 0.995676
vt 0.345906 0.173003
vt 0.334365 0.190363
vt 0.795773 0.954627
vt 0.789953 0.943087
vt 0.795773 0.943087
vt 0.442448 0.888196
vt 0.453988 0.882476
vt 0.442448 0.899736
vt 0.720912 0.920107
vt 0.715092 0.920107
vt 0.726632 0.908567
vt 0.457595 0.978316
vt 0.451875 0.966775
vt 0.457595 0.966775
vt 0.772693 0.937467
vt 0.766873 0.954727
vt 0.766873 0.937467
vt 0.736835 0.559450
vt 0.742655 0.553630
vt 0.748375 0.547910
vt 0.161463 0.934356
vt 0.161463 0.940076
vt 0.155743 0.940076
vt 0.749612 0.947324
vt 0.755433 0.958864
vt 0.749612 0.958864
vt 0.022880 0.989956
vt 0.028600 0.995676
vt 0.022880 0.995676
vt 0.953535 0.028901
vt 0.947714 0.034721
vt 0.953535 0.017361
vt 0.971200 0.276965
vt 0.965480 0.271246
vt 0.965480 0.265425
vt 0.946748 0.291616
vt 0.952569 0.285795
vt 0.946748 0.303156
vt 0.173003 0.932550
vt 0.167283 0.926830
vt 0.167283 0.915290
vt 0.530449 0.230704
vt 0.541989 0.236424
vt 0.513088 0.247964
vt 0.263485 0.940177
vt 0.257765 0.957437
vt 0.950981 0.545100
vt 0.956801 0.562360
vt 0.950981 0.562360
vt 0.910641 0.943187
vt 0.922181 0.931647
vt 0.922181 0.943187
vt 0.857479 0.295331
vt 0.846039 0.301151
vt 0.840218 0.295331
vt 0.865697 0.392622
vt 0.854157 0.398442
vt 0.854157 0.381082
vt 0.103862 0.934356
vt 0.098042 0.922816
vt 0.098042 0.911276
vt 0.486195 0.972495
vt 0.491915 0.966775
vt 0.486194 0.978316
vt 0.480475 0.966775
vt 0.486194 0.966775
vt 0.663111 0.761454
vt 0.207624 0.507469
vt 0.219164 0.513289
vt 0.207624 0.513289
vt 0.994280 0.761556
vt 0.988560 0.767275
vt 0.988560 0.761556
vt 0.374706 0.965467
vt 0.380526 0.953927
vt 0.380526 0.965467
vt 0.068639 0.978316
vt 0.074359 0.984136
vt 0.068639 0.984136
vt 0.877659 0.966776
vt 0.883479 0.972596
vt 0.877659 0.972596
vt 0.205918 0.984136
vt 0.200198 0.989956
vt 0.200198 0.984136
vt 0.085799 0.984136
vt 0.091519 0.978316
vt 0.091519 0.984136
vt 0.977020 0.890505
vt 0.982740 0.896325
vt 0.977020 0.896325
vt 0.297436 0.989956
vt 0.291716 0.995676
vt 0.291716 0.989956
vt 0.818854 0.920006
vt 0.824574 0.931547
vt 0.818854 0.931547
vt 0.936174 0.040341
vt 0.930454 0.011540
vt 0.930454 0.000000
vt 0.178823 0.519109
vt 0.190363 0.524829
vt 0.178823 0.524829
vt 0.582430 0.934356
vt 0.582430 0.940076
vt 0.576609 0.934356
vt 0.830394 0.937267
vt 0.830394 0.925726
vt 0.622570 0.911276
vt 0.628390 0.899736
vt 0.622570 0.934256
vt 0.646353 0.995676
vt 0.640633 0.989956
vt 0.646353 0.989956
vt 0.211638 0.984136
vt 0.205918 0.989956
vt 0.205918 0.984136
vt 0.599690 0.928536
vt 0.593870 0.940076
vt 0.593870 0.934256
vt 0.646353 0.995676
vt 0.652073 0.989956
vt 0.652073 0.995676
vt 0.440435 0.989956
vt 0.434715 0.984136
vt 0.440435 0.984136
vt 0.063421 0.882375
vt 0.057701 0.882375
vt 0.057701 0.865015
vt 0.386346 0.942387
vt 0.380526 0.953927
vt 0.380526 0.948107
vt 0.402007 0.891814
vt 0.402007 0.897534
vt 0.396287 0.897534
vt 0.402107 0.955336
vt 0.396287 0.943795
vt 0.402107 0.943795
vt 0.547709 0.219164
vt 0.553529 0.213344
vt 0.923468 0.354736
vt 0.929288 0.377816
vt 0.923468 0.377816
vt 0.709273 0.978215
vt 0.703553 0.972495
vt 0.703553 0.966776
vt 0.357446 0.873146
vt 0.363166 0.878866
vt 0.368986 0.890406
vt 0.947714 0.051981
vt 0.947714 0.046261
vt 0.953535 0.034721
vt 0.977020 0.913786
vt 0.982740 0.907966
vt 0.982740 0.913786
vt 0.543394 0.989956
vt 0.549114 0.995676
vt 0.543394 0.995676
vt 0.933821 0.631802
vt 0.928001 0.666322
vt 0.928001 0.643342
vt 0.942299 0.166703
vt 0.936479 0.166703
vt 0.942299 0.155163
vt 0.570789 0.922816
vt 0.570789 0.916996
vt 0.576609 0.911276
vt 0.726432 0.966776
vt 0.726432 0.972495
vt 0.720712 0.978215
vt 0.526234 0.978316
vt 0.520514 0.966775
vt 0.526234 0.966775
vt 0.942098 0.085922
vt 0.947919 0.080202
vt 0.942098 0.097462
vt 0.219063 0.831252
vt 0.224884 0.842792
vt 0.213344 0.842792
vt 0.228797 0.978316
vt 0.223078 0.966775
vt 0.228797 0.966775
vt 0.813033 0.804705
vt 0.813033 0.752824
vt 0.824574 0.758644
vt 0.322925 0.834752
vt 0.328645 0.863653
vt 0.328645 0.869373
vt 0.915191 0.995676
vt 0.920910 0.989956
vt 0.920910 0.995676
vt 0.471449 0.934356
vt 0.482989 0.922816
vt 0.482989 0.934356
vt 0.926630 0.995676
vt 0.920911 0.989956
vt 0.926630 0.989956
vt 0.714992 0.966776
vt 0.714992 0.972495
vt 0.328645 0.949653
vt 0.334466 0.943832
vt 0.328645 0.955373
vt 0.074359 0.978316
vt 0.068639 0.966776
vt 0.074359 0.966776
vt 0.357446 0.851310
vt 0.357446 0.862850
vt 0.549114 0.989956
vt 0.554834 0.995676
vt 0.253684 0.495928
vt 0.259504 0.490208
vt 0.259504 0.495928
vt 0.005820 0.305665
vt 0.017361 0.311385
vt 0.005820 0.311385
vt 0.738072 0.585641
vt 0.732352 0.602901
vt 0.726532 0.591361
vt 0.017361 0.818854
vt 0.005820 0.790054
vt 0.005820 0.784233
vt 0.982840 0.372498
vt 0.988560 0.378319
vt 0.982840 0.378319
vt 0.028600 0.989956
vt 0.034320 0.995676
vt 0.028600 0.995676
vt 0.928001 0.908667
vt 0.928001 0.925927
vt 0.922181 0.902847
vt 0.988560 0.098945
vt 0.982840 0.104765
vt 0.982840 0.098945
vt 0.962622 0.424078
vt 0.956801 0.435618
vt 0.956801 0.424078
vt 0.932350 0.989956
vt 0.932350 0.995676
vt 0.069342 0.945897
vt 0.063521 0.957437
vt 0.063521 0.945897
vt 0.080079 0.978316
vt 0.074359 0.966775
vt 0.080079 0.966775
vt 0.938070 0.995676
vt 0.932350 0.989956
vt 0.938070 0.989956
vt 0.514794 0.978316
vt 0.509074 0.984136
vt 0.509074 0.978316
vt 0.949510 0.995676
vt 0.943790 0.989956
vt 0.949510 0.989956
vt 0.988560 0.326840
vt 0.994280 0.332559
vt 0.988560 0.332559
vt 0.196083 0.132662
vt 0.196083 0.144102
vt 0.190363 0.132662
vt 0.228797 0.984136
vt 0.223078 0.989956
vt 0.223078 0.984136
vt 0.977020 0.052383
vt 0.982840 0.058203
vt 0.977020 0.058203
vt 0.668831 0.807615
vt 0.663111 0.807615
vt 0.645750 0.796074
vt 0.946648 0.204914
vt 0.952468 0.216353
vt 0.946648 0.216353
vt 0.933821 0.654782
vt 0.939541 0.683583
vt 0.933821 0.683583
vt 0.912228 0.279774
vt 0.917948 0.268234
vt 0.917948 0.279774
vt 0.201803 0.478668
vt 0.196083 0.461408
vt 0.201803 0.461408
vt 0.906760 0.966776
vt 0.912581 0.972596
vt 0.906760 0.972596
vt 0.138382 0.622871
vt 0.144102 0.611331
vt 0.144102 0.622871
vt 0.173003 0.478668
vt 0.184543 0.478668
vt 0.977020 0.925427
vt 0.982740 0.919607
vt 0.982740 0.925427
vt 0.928101 0.527840
vt 0.933821 0.510580
vt 0.933821 0.522120
vt 0.905021 0.793265
vt 0.905021 0.850866
vt 0.899201 0.758644
vt 0.017360 0.933643
vt 0.028901 0.933643
vt 0.017360 0.939464
vt 0.988560 0.116406
vt 0.982840 0.110585
vt 0.988560 0.110585
vt 0.766873 0.810525
vt 0.795673 0.758644
vt 0.807213 0.752924
vt 0.956801 0.775804
vt 0.962622 0.781624
vt 0.962622 0.787344
vt 0.933721 0.885586
vt 0.928001 0.920207
vt 0.933721 0.879867
vt 0.392066 0.930847
vt 0.380526 0.942387
vt 0.380526 0.930847
vt 0.109482 0.611331
vt 0.097941 0.594070
vt 0.109482 0.588250
vt 0.956801 0.597081
vt 0.950981 0.614341
vt 0.950981 0.597081
vt 0.167183 0.461408
vt 0.173003 0.467128
vt 0.167183 0.467128
vt 0.939541 0.585440
vt 0.933821 0.596981
vt 0.939541 0.568180
vt 0.971200 0.900136
vt 0.971200 0.905856
vt 0.965480 0.911677
vt 0.930659 0.166703
vt 0.936479 0.155163
vt 0.930659 0.184064
vt 0.988560 0.767276
vt 0.994280 0.772995
vt 0.988560 0.772995
vt 0.971200 0.230805
vt 0.965480 0.219264
vt 0.971200 0.219264
vt 0.436728 0.934356
vt 0.448268 0.922816
vt 0.448268 0.934356
vt 0.011440 0.966776
vt 0.017160 0.978316
vt 0.011440 0.978316
vt 0.565069 0.882375
vt 0.565069 0.893915
vt 0.213344 0.911933
vt 0.224884 0.929193
vt 0.213344 0.929193
vt 0.720912 0.954627
vt 0.726733 0.937367
vt 0.726733 0.954627
vt 0.034621 0.236424
vt 0.028901 0.219063
vt 0.040441 0.219063
vt 0.138382 0.611331
vt 0.132562 0.605611
vt 0.977020 0.931248
vt 0.982740 0.937068
vt 0.977020 0.937068
vt 0.357446 0.901946
vt 0.363166 0.907766
vt 0.368986 0.919307
vt 0.138382 0.893815
vt 0.132662 0.893815
vt 0.138382 0.870735
vt 0.766873 0.908567
vt 0.772592 0.897026
vt 0.778413 0.914387
vt 0.922181 0.833605
vt 0.922181 0.827785
vt 0.928001 0.827785
vt 0.459708 0.894016
vt 0.453988 0.917096
vt 0.453988 0.911276
vt 0.207624 0.063421
vt 0.213444 0.063421
vt 0.201904 0.109582
vt 0.629193 0.966776
vt 0.623473 0.978316
vt 0.623473 0.966776
vt 0.616950 0.657491
vt 0.622670 0.657491
vt 0.726433 0.989956
vt 0.732152 0.984136
vt 0.732152 0.989956
vt 0.737872 0.989956
vt 0.743592 0.984136
vt 0.743592 0.989956
vt 0.971200 0.500545
vt 0.977020 0.506366
vt 0.971200 0.506366
vt 0.789953 0.937367
vt 0.795773 0.937367
vt 0.801493 0.943087
vt 0.514794 0.978316
vt 0.520514 0.984136
vt 0.514794 0.984136
vt 0.960950 0.995676
vt 0.955230 0.989956
vt 0.960950 0.989956
vt 0.772192 0.995676
vt 0.766472 0.989956
vt 0.772192 0.989956
vt 0.994280 0.898834
vt 0.988560 0.898834
vt 0.965480 0.767374
vt 0.971200 0.761654
vt 0.965480 0.773194
vt 0.343196 0.966776
vt 0.348916 0.978316
vt 0.343196 0.978316
vt 0.904921 0.885486
vt 0.904921 0.879766
vt 0.910741 0.873946
vt 0.034599 0.951617
vt 0.040419 0.945796
vt 0.034599 0.957336
vt 0.962622 0.568180
vt 0.956802 0.579720
vt 0.956802 0.568180
vt 0.912228 0.268435
vt 0.900688 0.262615
vt 0.040441 0.213344
vt 0.023080 0.207624
vt 0.034621 0.196083
vt 0.144303 0.807314
vt 0.150023 0.818854
vt 0.132763 0.813134
vt 0.743793 0.966776
vt 0.749613 0.972596
vt 0.743793 0.972596
vt 0.357446 0.092322
vt 0.351625 0.069241
vt 0.357446 0.051881
vt 0.977020 0.506365
vt 0.971200 0.512186
vt 0.971200 0.506365
vt 0.657291 0.328746
vt 0.651571 0.311486
vt 0.663111 0.317306
vt 0.855343 0.455328
vt 0.865948 0.462637
vt 0.854526 0.460989
vt 0.922281 0.954727
vt 0.916461 0.943187
vt 0.922281 0.943187
vt 0.982840 0.541287
vt 0.988560 0.547107
vt 0.982840 0.547107
vt 0.732152 0.978215
vt 0.726432 0.972495
vt 0.726432 0.966776
vt 0.616950 0.288405
vt 0.605410 0.259504
vt 0.611130 0.271045
vt 0.922281 0.949007
vt 0.928102 0.949007
vt 0.922281 0.954727
vt 0.858760 0.672143
vt 0.876020 0.683683
vt 0.864480 0.689503
vt 0.051959 0.870835
vt 0.057679 0.865015
vt 0.057679 0.870835
vt 0.757455 0.080782
vt 0.740195 0.074961
vt 0.745915 0.074961
vt 0.098042 0.951717
vt 0.098042 0.934356
vt 0.167283 0.739030
vt 0.184543 0.733210
vt 0.201904 0.739030
vt 0.201803 0.940733
vt 0.207523 0.957993
vt 0.201803 0.957993
vt 0.929288 0.354736
vt 0.935008 0.377816
vt 0.929288 0.377816
vt 0.988560 0.203710
vt 0.982840 0.197890
vt 0.988560 0.197890
vt 0.907578 0.137903
vt 0.913298 0.143623
vt 0.907578 0.184064
vt 0.442548 0.917096
vt 0.436728 0.905556
vt 0.448268 0.905556
vt 0.537674 0.978316
vt 0.531954 0.966775
vt 0.537674 0.966775
vt 0.092322 0.911176
vt 0.098042 0.922716
vt 0.086501 0.911176
vt 0.092221 0.605611
vt 0.092221 0.594070
vt 0.784133 0.752924
vt 0.784133 0.764464
vt 0.772593 0.747104
vt 0.571994 0.989956
vt 0.566274 0.995676
vt 0.566274 0.989956
vt 0.571994 0.989956
vt 0.577713 0.995676
vt 0.571994 0.995676
vt 0.240237 0.984136
vt 0.245957 0.989956
vt 0.240237 0.989956
vt 0.994280 0.062919
vt 1.000000 0.057199
vt 1.000000 0.062919
vt 0.245957 0.984136
vt 0.251677 0.989956
vt 1.000000 0.068639
vt 0.978110 0.995676
vt 0.972390 0.989956
vt 0.978110 0.989956
vt 0.240405 0.934356
vt 0.228864 0.928536
vt 0.228864 0.922816
vt 0.577714 0.989956
vt 0.583433 0.995676
vt 0.577714 0.995676
vt 0.216203 0.655982
vt 0.203414 0.657854
vt 0.196116 0.643257
vt 0.028901 0.346006
vt 0.207624 0.253684
vt 0.213444 0.265224
vt 0.818854 0.937267
vt 0.830394 0.937267
vt 0.818854 0.943087
vt 0.917948 0.250974
vt 0.912228 0.227994
vt 0.912228 0.187553
vt 0.971200 0.207724
vt 0.965480 0.196184
vt 0.971200 0.196184
vt 0.988560 0.151327
vt 0.982840 0.157148
vt 0.982840 0.151327
vt 0.859295 0.935683
vt 0.865014 0.953044
vt 0.859295 0.953044
vt 0.155743 0.778614
vt 0.155743 0.761253
vt 0.161463 0.738173
vt 0.634210 0.899736
vt 0.628390 0.934256
vt 0.971200 0.518006
vt 0.977020 0.523826
vt 0.971200 0.523826
vt 0.765735 0.559550
vt 0.777276 0.548010
vt 0.783096 0.542190
vt 0.971200 0.219264
vt 0.965480 0.213544
vt 0.965480 0.207724
vt 0.864480 0.701043
vt 0.870300 0.689503
vt 0.870300 0.701043
vt 0.951081 0.481779
vt 0.956801 0.481779
vt 0.951081 0.493319
vt 0.889304 0.954828
vt 0.883484 0.943287
vt 0.889304 0.943287
vt 0.893381 0.562460
vt 0.887560 0.574001
vt 0.887560 0.568281
vt 0.381805 0.656232
vt 0.377383 0.660016
vt 0.362377 0.642480
vt 0.530850 0.299945
vt 0.525030 0.294225
vt 0.525030 0.288405
vt 0.738173 0.964684
vt 0.743993 0.964684
vt 0.947502 0.966776
vt 0.953322 0.972596
vt 0.947502 0.972596
vt 0.102959 0.984136
vt 0.108679 0.978316
vt 0.108679 0.984136
vt 0.861317 0.097562
vt 0.861317 0.080202
vt 0.686413 0.905806
vt 0.686413 0.888446
vt 0.692233 0.888446
vt 0.403607 0.184543
vt 0.392066 0.184543
vt 0.611130 0.513389
vt 0.611130 0.490309
vt 0.628490 0.432608
vt 0.207624 0.432507
vt 0.207624 0.455588
vt 0.201803 0.438328
vt 0.714993 0.972495
vt 0.714993 0.966776
vt 0.977020 0.488904
vt 0.982740 0.483084
vt 0.982740 0.488904
vt 0.982740 0.494725
vt 0.977020 0.488904
vt 0.982740 0.488904
vt 0.459809 0.917096
vt 0.465629 0.940177
vt 0.459809 0.940177
vt 0.982740 0.506365
vt 0.977020 0.500545
vt 0.982740 0.500545
vt 0.988560 0.115201
vt 0.994280 0.109481
vt 0.994280 0.115201
vt 0.988560 0.120921
vt 0.994280 0.115201
vt 0.994280 0.120921
vt 0.982740 0.419061
vt 0.977020 0.413240
vt 0.982740 0.413240
vt 0.824139 0.741384
vt 0.829859 0.735564
vt 0.829859 0.741384
vt 0.236424 0.484488
vt 0.242244 0.478668
vt 0.253684 0.484488
vt 0.371145 0.634977
vt 0.359296 0.629928
vt 0.359923 0.621863
vt 0.982840 0.552927
vt 0.477169 0.899836
vt 0.471449 0.905556
vt 0.471449 0.888296
vt 0.738072 0.889623
vt 0.743892 0.889623
vt 0.743892 0.895343
vt 0.657391 0.940177
vt 0.651571 0.928636
vt 0.663111 0.940177
vt 0.137278 0.978316
vt 0.131559 0.972596
vt 0.131559 0.966776
vt 0.588150 0.928536
vt 0.582430 0.922816
vt 0.588150 0.911276
vt 0.648094 0.126842
vt 0.648094 0.155743
vt 0.642374 0.184543
vt 0.930454 0.040341
vt 0.924634 0.023080
vt 0.924634 0.000000
vt 0.960950 0.989956
vt 0.966670 0.984136
vt 0.966670 0.989956
vt 0.982840 0.384139
vt 0.988560 0.389959
vt 0.982840 0.389959
vt 0.977020 0.261913
vt 0.982840 0.261913
vt 0.971200 0.523826
vt 0.977020 0.529647
vt 0.971200 0.529647
vt 0.982840 0.267733
vt 0.892311 0.989956
vt 0.898031 0.984136
vt 0.898031 0.989956
vt 0.904921 0.729844
vt 0.899100 0.712483
vt 0.988560 0.168788
vt 0.982840 0.174608
vt 0.982840 0.168788
vt 0.865015 0.935683
vt 0.859295 0.924143
vt 0.859295 0.906783
vt 0.251677 0.984136
vt 0.257397 0.989956
vt 0.988560 0.005820
vt 0.994280 0.011640
vt 0.988560 0.011640
vt 0.559349 0.940076
vt 0.559349 0.934356
vt 0.565069 0.928536
vt 0.417555 0.984136
vt 0.423275 0.989956
vt 0.417555 0.989956
vt 0.988560 0.017461
vt 0.994280 0.011640
vt 0.994280 0.017461
vt 0.898031 0.989956
vt 0.903751 0.984136
vt 0.903751 0.989956
vt 0.589153 0.989956
vt 0.594873 0.995676
vt 0.589153 0.995676
vt 0.507469 0.951616
vt 0.513188 0.940076
vt 0.513188 0.951616
vt 0.743993 0.930064
vt 0.738173 0.941604
vt 0.743993 0.918524
vt 0.887560 0.476059
vt 0.887560 0.458699
vt 0.893280 0.429898
vt 0.046139 0.853475
vt 0.057679 0.853475
vt 0.375567 0.631193
vt 0.383070 0.639961
vt 0.368064 0.622425
vt 0.853474 0.941504
vt 0.859295 0.953044
vt 0.853474 0.953044
vt 0.889204 0.897127
vt 0.883484 0.914387
vt 0.877663 0.920207
vt 0.541989 0.928536
vt 0.553529 0.911276
vt 0.553529 0.928536
vt 0.971200 0.080782
vt 0.965480 0.092322
vt 0.965480 0.080782
vt 0.680673 0.978316
vt 0.674953 0.984136
vt 0.674953 0.978316
vt 0.904820 0.597181
vt 0.910641 0.539480
vt 0.910641 0.551021
vt 0.109682 0.893815
vt 0.115402 0.916895
vt 0.103862 0.893815
vt 0.270944 0.915433
vt 0.270944 0.921254
vt 0.265224 0.903893
vt 0.946748 0.256895
vt 0.952569 0.251074
vt 0.946748 0.268435
vt 0.946748 0.239434
vt 0.941029 0.262514
vt 0.971200 0.634712
vt 0.971200 0.640532
vt 0.965480 0.646252
vt 0.069141 0.899736
vt 0.069141 0.893915
vt 0.080681 0.888196
vt 0.977020 0.605310
vt 0.982740 0.599490
vt 0.982740 0.605310
vt 0.994280 0.830195
vt 0.988560 0.824475
vt 0.994280 0.824475
vt 0.251945 0.957437
vt 0.246125 0.945897
vt 0.251945 0.945897
vt 0.645750 0.853675
vt 0.663111 0.853675
vt 0.988560 0.246760
vt 0.994280 0.241040
vt 0.994280 0.246760
vt 0.977020 0.518006
vt 0.982740 0.512185
vt 0.982740 0.518006
vt 0.201904 0.553730
vt 0.190363 0.553730
vt 0.190363 0.542190
vt 0.011641 0.945284
vt 0.011641 0.956824
vt 0.005820 0.956824
vt 0.848101 0.048961
vt 0.852217 0.044846
vt 0.868537 0.036756
vt 0.982740 0.535467
vt 0.977020 0.529646
vt 0.982740 0.529646
vt 0.988560 0.138081
vt 0.994280 0.132361
vt 0.994280 0.138081
vt 0.988560 0.143801
vt 0.994280 0.143801
vt 0.982740 0.547107
vt 0.977020 0.541287
vt 0.982740 0.541287
vt 0.939541 0.741183
vt 0.933721 0.747003
vt 0.933721 0.741183
vt 0.423275 0.966775
vt 0.423275 0.972596
vt 0.417555 0.978316
vt 0.606313 0.978316
vt 0.600594 0.972596
vt 0.600594 0.966775
vt 0.763275 0.109582
vt 0.757455 0.011540
vt 0.570735 0.703652
vt 0.565015 0.749813
vt 0.565015 0.720912
vt 0.549114 0.966775
vt 0.554834 0.978316
vt 0.549114 0.978316
vt 0.606313 0.966775
vt 0.612033 0.978316
vt 0.938071 0.989956
vt 0.943790 0.984136
vt 0.943790 0.989956
vt 0.940728 0.371996
vt 0.935008 0.360556
vt 0.935008 0.343195
vt 0.074359 0.989956
vt 0.068639 0.989956
vt 0.045759 0.989956
vt 0.051479 0.995676
vt 0.045759 0.995676
vt 0.988560 0.180429
vt 0.982840 0.174608
vt 0.988560 0.174608
vt 0.982840 0.296835
vt 0.977020 0.291014
vt 0.982840 0.291014
vt 0.977020 0.692615
vt 0.971200 0.686795
vt 0.977020 0.686795
vt 0.138483 0.818854
vt 0.144203 0.853474
vt 0.144203 0.865015
vt 0.185056 0.906213
vt 0.190876 0.906213
vt 0.179336 0.917753
vt 0.951082 0.458598
vt 0.945362 0.452878
vt 0.945362 0.435618
vt 0.962622 0.897026
vt 0.956801 0.897026
vt 0.962622 0.891306
vt 0.971200 0.919605
vt 0.977020 0.925426
vt 0.971200 0.925426
vt 0.274557 0.984136
vt 0.268837 0.989956
vt 0.268837 0.984136
vt 0.852271 0.984136
vt 0.857991 0.989956
vt 0.852271 0.989956
vt 0.703552 0.966267
vt 0.697732 0.960548
vt 0.697732 0.954727
vt 0.857991 0.989956
vt 0.863711 0.984136
vt 0.863711 0.989956
vt 0.663513 0.966775
vt 0.669233 0.978215
vt 0.663513 0.978215
vt 0.403607 0.121122
vt 0.409327 0.121122
vt 0.923468 0.314395
vt 0.923468 0.343195
vt 0.917748 0.372096
vt 0.860047 0.204813
vt 0.865867 0.193373
vt 0.865867 0.216353
vt 0.939541 0.896826
vt 0.945261 0.919906
vt 0.939541 0.919906
vt 0.842372 0.424358
vt 0.837542 0.417780
vt 0.839190 0.406358
vt 0.709372 0.954727
vt 0.709372 0.960548
vt 0.703552 0.966268
vt 0.380526 0.861706
vt 0.374706 0.861706
vt 0.936278 0.097462
vt 0.936278 0.091742
vt 0.942098 0.080202
vt 0.357446 0.873146
vt 0.368986 0.855886
vt 0.962622 0.435618
vt 0.956801 0.447158
vt 0.765735 0.484589
vt 0.765735 0.478769
vt 0.777276 0.478769
vt 0.945261 0.868226
vt 0.950981 0.891306
vt 0.945261 0.891306
vt 0.501749 0.299945
vt 0.645750 0.922917
vt 0.645750 0.911376
vt 0.651571 0.911376
vt 0.950981 0.383838
vt 0.950981 0.401098
vt 0.945261 0.383838
vt 0.899201 0.954727
vt 0.905021 0.966268
vt 0.899201 0.966268
vt 0.836114 0.781725
vt 0.847654 0.781725
vt 0.847654 0.787445
vt 0.907274 0.051981
vt 0.901453 0.040441
vt 0.901453 0.028901
vt 0.939541 0.741284
vt 0.945261 0.741284
vt 0.939541 0.752824
vt 0.765735 0.473049
vt 0.771455 0.478769
vt 0.172405 0.871469
vt 0.171346 0.884306
vt 0.168479 0.855628
vt 0.663011 0.945897
vt 0.657291 0.957437
vt 0.663011 0.940177
vt 0.530449 0.374907
vt 0.536169 0.386447
vt 0.530449 0.386447
vt 0.836114 0.770184
vt 0.830394 0.781725
vt 0.345906 0.961093
vt 0.351625 0.949552
vt 0.351625 0.961093
vt 0.467394 0.779389
vt 0.478934 0.767849
vt 0.478934 0.779389
vt 0.884397 0.178243
vt 0.890117 0.166703
vt 0.895938 0.155163
vt 0.121122 0.640131
vt 0.126942 0.651671
vt 0.787548 0.226072
vt 0.781394 0.220712
vt 0.785318 0.197358
vt 0.674651 0.813335
vt 0.674651 0.807615
vt 0.559249 0.951616
vt 0.559249 0.940076
vt 0.876555 0.947123
vt 0.870735 0.952944
vt 0.876555 0.935583
vt 0.950981 0.706663
vt 0.956801 0.723923
vt 0.950981 0.723923
vt 0.977020 0.622771
vt 0.982740 0.616951
vt 0.982740 0.622771
vt 0.777276 0.467228
vt 0.771455 0.461508
vt 0.771455 0.455688
vt 0.794536 0.467228
vt 0.800256 0.461508
vt 0.800256 0.467228
vt 0.340186 0.857231
vt 0.334365 0.851410
vt 0.351726 0.862951
vt 0.953639 0.057121
vt 0.959459 0.068661
vt 0.953639 0.068661
vt 0.392066 0.827085
vt 0.386246 0.844345
vt 0.959559 0.120542
vt 0.965380 0.132082
vt 0.959559 0.132082
vt 0.612033 0.989956
vt 0.606313 0.995676
vt 0.606313 0.989956
vt 0.531954 0.978316
vt 0.526234 0.984136
vt 0.526234 0.978316
vt 0.280277 0.984136
vt 0.274557 0.989956
vt 0.801493 0.925827
vt 0.795673 0.925827
vt 0.789953 0.914287
vt 0.570789 0.957336
vt 0.565069 0.951616
vt 0.565069 0.945796
vt 0.982840 0.355038
vt 0.977020 0.349217
vt 0.982840 0.349217
vt 0.965480 0.727033
vt 0.971200 0.738574
vt 0.965480 0.738574
vt 0.311385 0.903994
vt 0.311385 0.909814
vt 0.299845 0.921354
vt 0.903751 0.984136
vt 0.909471 0.989956
vt 0.903751 0.989956
vt 0.617753 0.989956
vt 0.612033 0.995676
vt 0.988560 0.558748
vt 0.982840 0.564568
vt 0.982840 0.558748
vt 0.448268 0.715293
vt 0.442548 0.744093
vt 0.442548 0.686493
vt 0.436728 0.680672
vt 0.448268 0.698033
vt 0.448268 0.703753
vt 0.952569 0.268435
vt 0.952569 0.274255
vt 0.946748 0.285795
vt 0.818854 0.954627
vt 0.824674 0.966167
vt 0.818854 0.966167
vt 0.956801 0.862305
vt 0.950981 0.873846
vt 0.950981 0.856586
vt 0.933721 0.412538
vt 0.939541 0.441439
vt 0.933721 0.441439
vt 0.977020 0.634412
vt 0.982740 0.628591
vt 0.982740 0.634412
vt 0.904821 0.418459
vt 0.910641 0.435719
vt 0.904821 0.429999
vt 0.543394 0.984136
vt 0.537674 0.978316
vt 0.543394 0.978316
vt 0.977020 0.343397
vt 0.971200 0.337577
vt 0.977020 0.337577
vt 0.703553 0.978215
vt 0.697833 0.966776
vt 0.703553 0.966776
vt 0.126842 0.934256
vt 0.138382 0.922716
vt 0.138382 0.934256
vt 0.982840 0.058203
vt 0.977020 0.064023
vt 0.977020 0.058203
vt 0.413748 0.955235
vt 0.419468 0.966775
vt 0.413748 0.966775
vt 0.291717 0.989956
vt 0.285997 0.984136
vt 0.291717 0.984136
vt 0.988560 0.069442
vt 0.994280 0.075162
vt 0.988560 0.075162
vt 0.988560 0.080882
vt 0.994280 0.075162
vt 0.994280 0.080882
vt 0.743893 0.918423
vt 0.743893 0.912703
vt 0.749612 0.901163
vt 0.501648 0.940076
vt 0.501648 0.945896
vt 0.495928 0.957437
vt 0.953322 0.966776
vt 0.959143 0.972596
vt 0.953322 0.972596
vt 0.824574 0.752824
vt 0.836114 0.758644
vt 0.825357 0.392622
vt 0.819536 0.398442
vt 0.824278 0.381082
vt 0.977020 0.977810
vt 0.982740 0.971990
vt 0.982740 0.977810
vt 0.988560 0.192069
vt 0.982840 0.186249
vt 0.988560 0.186249
vt 0.971200 0.023281
vt 0.977020 0.017461
vt 0.977020 0.023281
vt 0.977020 0.698435
vt 0.971200 0.704255
vt 0.971200 0.698435
vt 0.883227 0.366276
vt 0.877407 0.349016
vt 0.888947 0.354836
vt 0.988560 0.778715
vt 0.994280 0.784435
vt 0.988560 0.784435
vt 0.888947 0.377816
vt 0.900487 0.366276
vt 0.900487 0.377816
vt 0.900487 0.331655
vt 0.888947 0.343195
vt 0.888947 0.331655
vt 0.928001 0.614442
vt 0.928001 0.608722
vt 0.933821 0.608722
vt 0.982840 0.564568
vt 0.988560 0.570388
vt 0.982840 0.570388
vt 0.536670 0.288405
vt 0.542491 0.299945
vt 0.536670 0.299945
vt 0.108679 0.984136
vt 0.114399 0.978316
vt 0.114399 0.984136
vt 0.887661 0.735664
vt 0.887661 0.741384
vt 0.881840 0.747104
vt 0.692133 0.940327
vt 0.692133 0.951767
vt 0.686413 0.957587
vt 0.005720 0.978316
vt 0.971200 0.029102
vt 0.977020 0.023281
vt 0.977020 0.029102
vt 0.194478 0.966776
vt 0.188758 0.966776
vt 0.392066 0.242244
vt 0.386246 0.236424
vt 0.392066 0.230704
vt 0.977020 0.430701
vt 0.982740 0.424881
vt 0.982740 0.430701
vt 0.971200 0.704255
vt 0.977020 0.704255
vt 0.430807 0.885994
vt 0.425088 0.891814
vt 0.413547 0.891814
vt 0.069241 0.911176
vt 0.063521 0.922716
vt 0.057701 0.922716
vt 0.988560 0.183841
vt 0.994280 0.178121
vt 0.994280 0.183841
vt 0.477269 0.917096
vt 0.471449 0.922816
vt 0.471449 0.905556
vt 0.982740 0.442342
vt 0.977020 0.436522
vt 0.982740 0.436522
vt 0.988560 0.195281
vt 0.994280 0.201001
vt 0.988560 0.201001
vt 0.971200 0.011540
vt 0.971200 0.017260
vt 0.965480 0.023080
vt 0.977020 0.448162
vt 0.982740 0.442342
vt 0.982740 0.448162
vt 0.994280 0.206721
vt 0.988560 0.206721
vt 0.988560 0.212441
vt 0.994280 0.206721
vt 0.994280 0.212441
vt 0.956801 0.787344
vt 0.962622 0.793064
vt 0.962622 0.798884
vt 0.617753 0.989956
vt 0.623473 0.995676
vt 0.617753 0.995676
vt 0.988560 0.212441
vt 0.994280 0.218160
vt 0.988560 0.218160
vt 0.977020 0.453983
vt 0.982740 0.453983
vt 0.953739 0.120442
vt 0.947919 0.131982
vt 0.953739 0.114722
vt 0.865015 0.877982
vt 0.859194 0.895343
vt 0.853474 0.895343
vt 0.988560 0.235320
vt 0.994280 0.229600
vt 0.994280 0.235320
vt 0.303156 0.989956
vt 0.297437 0.984136
vt 0.303156 0.984136
vt 0.982740 0.471443
vt 0.977020 0.465623
vt 0.982740 0.465623
vt 0.977020 0.931246
vt 0.971200 0.937066
vt 0.971200 0.931246
vt 0.844057 0.155743
vt 0.849777 0.173003
vt 0.838237 0.155743
vt 0.955230 0.989956
vt 0.949510 0.988878
vt 0.952091 0.988878
vt 0.265224 0.944334
vt 0.271045 0.938614
vt 0.271045 0.944334
vt 0.255644 0.894016
vt 0.251945 0.899736
vt 0.251945 0.894016
vt 0.251945 0.917096
vt 0.255644 0.911276
vt 0.255644 0.917096
vt 0.950981 0.908567
vt 0.956801 0.920107
vt 0.956801 0.925827
vt 0.402107 0.793672
vt 0.396287 0.782132
vt 0.402107 0.787952
vt 0.971200 0.265425
vt 0.965480 0.259705
vt 0.965480 0.253885
vt 0.988560 0.570388
vt 0.982840 0.576209
vt 0.982840 0.570388
vt 0.436728 0.955335
vt 0.430908 0.961055
vt 0.430908 0.949515
vt 0.357446 0.943632
vt 0.351625 0.943632
vt 0.357446 0.937912
vt 0.988560 0.040742
vt 0.994280 0.046562
vt 0.988560 0.046562
vt 0.916461 0.966268
vt 0.922281 0.954727
vt 0.922281 0.966268
vt 0.926631 0.989956
vt 0.932351 0.984136
vt 0.932351 0.989956
vt 0.317105 0.903993
vt 0.299845 0.903993
vt 0.309713 0.903993
vt 0.317105 0.880913
vt 0.309713 0.886633
vt 0.309713 0.880913
vt 0.259504 0.334466
vt 0.253684 0.340286
vt 0.242244 0.340286
vt 0.933922 0.966268
vt 0.939742 0.954727
vt 0.939742 0.966268
vt 0.927901 0.441439
vt 0.922181 0.447159
vt 0.922181 0.429898
vt 0.471449 0.917096
vt 0.465629 0.922816
vt 0.465629 0.917096
vt 0.471449 0.940177
vt 0.465629 0.934356
vt 0.470371 0.934356
vt 0.863711 0.984136
vt 0.869431 0.989956
vt 0.863711 0.989956
vt 0.743893 0.860722
vt 0.732352 0.854902
vt 0.880871 0.989956
vt 0.886591 0.984136
vt 0.886591 0.989956
vt 0.277375 0.910319
vt 0.547758 0.947605
vt 0.196708 0.963171
vt 0.957027 0.635034
vt 0.963250 0.616473
vt 0.749526 0.980392
vt 0.262888 0.907703
vt 0.269004 0.883027
vt 0.262888 0.883027
vt 0.250550 0.889250
vt 0.250550 0.901588
vt 0.590994 0.889396
vt 0.584879 0.889396
vt 0.597217 0.913964
vt 0.603332 0.907849
vt 0.603332 0.901734
vt 0.597217 0.901734
vt 0.597217 0.895511
vt 0.835785 0.907880
vt 0.835785 0.914103
vt 0.841901 0.926441
vt 0.848123 0.926441
vt 0.841901 0.901765
vt 0.196708 0.963171
vt 0.359338 0.969501
vt 0.365561 0.957162
vt 0.975373 0.049352
vt 0.384122 0.969501
vt 0.975373 0.943485
vt 0.597217 0.975762
vt 0.975373 0.049352
vt 0.173836 0.980155
vt 0.341887 0.958260
vt 0.975373 0.912693
vt 0.155060 0.937025
vt 0.161283 0.949363
vt 0.167398 0.943141
vt 0.695814 0.963209
vt 0.225147 0.838875
vt 0.231214 0.838108
vt 0.230447 0.832041
vt 0.222053 0.814393
vt 0.220520 0.851895
vt 0.226694 0.851115
vt 0.209046 0.859509
vt 0.209826 0.865683
vt 0.222067 0.864136
vt 0.219740 0.845722
vt 0.213673 0.846488
vt 0.215220 0.858729
vt 0.215113 0.809106
vt 0.209046 0.809873
vt 0.210593 0.822113
vt 0.055468 0.909358
vt 0.055468 0.915473
vt 0.061583 0.915473
vt 0.055468 0.927811
vt 0.055468 0.934034
vt 0.789802 0.957396
vt 0.783687 0.969734
vt 0.486067 0.888017
vt 0.479952 0.888017
vt 0.479952 0.900355
vt 0.486067 0.924924
vt 0.492290 0.894133
vt 0.969151 0.111042
vt 0.018453 0.864282
vt 0.802247 0.955823
vt 0.808363 0.955823
vt 0.796025 0.943485
vt 0.262888 0.864466
vt 0.262888 0.858351
vt 0.250550 0.858351
vt 0.250550 0.864466
vt 0.256773 0.864466
vt 0.275226 0.858351
vt 0.269111 0.858351
vt 0.256773 0.870689
vt 0.275226 0.883027
vt 0.256773 0.876804
vt 0.256773 0.883027
vt 0.262888 0.883027
vt 0.269111 0.883027
vt 0.876915 0.980499
vt 0.981381 0.363919
vt 0.975266 0.376257
vt 0.883138 0.980499
vt 0.155426 0.017447
vt 0.156137 0.011265
vt 0.150062 0.010567
vt 0.149351 0.016749
vt 0.143169 0.016038
vt 0.166985 0.024932
vt 0.167684 0.018857
vt 0.171757 0.037901
vt 0.173167 0.025643
vt 0.166274 0.031114
vt 0.165575 0.037190
vt 0.160910 0.024234
vt 0.160199 0.030416
vt 0.134985 0.033672
vt 0.154017 0.029705
vt 0.135684 0.027596
vt 0.136395 0.021414
vt 0.130213 0.020703
vt 0.155168 0.980155
vt 0.683476 0.969539
vt 0.907814 0.592012
vt 0.901591 0.592012
vt 0.901591 0.604350
vt 0.907814 0.604350
vt 0.907814 0.635141
vt 0.913929 0.635141
vt 0.907814 0.598127
vt 0.938605 0.592012
vt 0.932490 0.592012
vt 0.932490 0.598127
vt 0.938605 0.604350
vt 0.926267 0.635141
vt 0.932490 0.635141
vt 0.932490 0.604350
vt 0.907814 0.647479
vt 0.907814 0.672155
vt 0.932490 0.665932
vt 0.932490 0.647479
vt 0.913929 0.672155
vt 0.913929 0.659817
vt 0.926267 0.665932
vt 0.962928 0.505753
vt 0.780318 0.665932
vt 0.780318 0.659817
vt 0.767980 0.659817
vt 0.774095 0.665932
vt 0.767980 0.702947
vt 0.774095 0.702947
vt 0.774095 0.739961
vt 0.774095 0.715285
vt 0.767980 0.715285
vt 0.767980 0.739961
vt 0.774095 0.776975
vt 0.774095 0.752299
vt 0.767980 0.752299
vt 0.767980 0.776975
vt 0.774095 0.820104
vt 0.774095 0.789206
vt 0.767980 0.789206
vt 0.749419 0.820104
vt 0.761757 0.789206
vt 0.749419 0.789206
vt 0.761757 0.770752
vt 0.749419 0.776975
vt 0.755642 0.776975
vt 0.755642 0.770752
vt 0.749419 0.752299
vt 0.755642 0.752299
vt 0.767980 0.665932
vt 0.761757 0.659817
vt 0.743304 0.659817
vt 0.755642 0.739961
vt 0.749419 0.715285
vt 0.749419 0.739961
vt 0.755642 0.715285
vt 0.743304 0.665932
vt 0.749419 0.702947
vt 0.498405 0.900355
vt 0.492290 0.900355
vt 0.492290 0.906471
vt 0.498405 0.912693
vt 0.510743 0.912693
vt 0.510743 0.894133
vt 0.510743 0.888017
vt 0.504628 0.894133
vt 0.510743 0.906471
vt 0.975373 0.037014
vt 0.969365 0.740068
vt 0.969044 0.277552
vt 0.591102 0.969539
vt 0.789802 0.945058
vt 0.215269 0.896474
vt 0.209046 0.896474
vt 0.963143 0.567335
vt 0.161390 0.949363
vt 0.167613 0.967817
vt 0.130384 0.969101
vt 0.689591 0.876950
vt 0.689591 0.895404
vt 0.695814 0.901519
vt 0.708152 0.901519
vt 0.708152 0.895404
vt 0.708152 0.889181
vt 0.695814 0.876950
vt 0.701930 0.883066
vt 0.281449 0.963171
vt 0.387470 0.850896
vt 0.387470 0.875572
vt 0.405924 0.875572
vt 0.258921 0.033005
vt 0.270544 0.025620
vt 0.969258 0.579888
vt 0.963143 0.598449
vt 0.963143 0.980499
vt 0.944828 0.967946
vt 0.535420 0.972281
vt 0.541642 0.959943
vt 0.329441 0.927469
vt 0.329441 0.933584
vt 0.329441 0.908908
vt 0.329441 0.915131
vt 0.335557 0.915131
vt 0.652685 0.944756
vt 0.658800 0.963317
vt 0.080573 0.971048
vt 0.796025 0.826327
vt 0.796025 0.838558
vt 0.802140 0.869457
vt 0.808363 0.869457
vt 0.802140 0.813989
vt 0.823447 0.920218
vt 0.811109 0.932449
vt 0.817332 0.938672
vt 0.129496 0.933927
vt 0.281449 0.950725
vt 0.275334 0.969179
vt 0.449160 0.968161
vt 0.492290 0.912694
vt 0.492290 0.918916
vt 0.498405 0.918916
vt 0.492290 0.925032
vt 0.492290 0.931254
vt 0.498405 0.968268
vt 0.191967 0.967924
vt 0.652577 0.963317
vt 0.671031 0.963317
vt 0.969365 0.826434
vt 0.467614 0.949600
vt 0.461498 0.968161
vt 0.720490 0.967987
vt 0.304765 0.876912
vt 0.304765 0.889250
vt 0.310988 0.889250
vt 0.310988 0.883134
vt 0.323326 0.864574
vt 0.310988 0.864574
vt 0.310988 0.876912
vt 0.323326 0.889250
vt 0.329441 0.876912
vt 0.870800 0.968161
vt 0.652685 0.895511
vt 0.640347 0.895511
vt 0.652685 0.920080
vt 0.658800 0.913964
vt 0.658800 0.907849
vt 0.164864 0.043372
vt 0.981596 0.659817
vt 0.969258 0.968161
vt 0.963143 0.653702
vt 0.969258 0.635141
vt 0.196708 0.950833
vt 0.202823 0.950833
vt 0.209046 0.944717
vt 0.981596 0.752406
vt 0.975373 0.098704
vt 0.956920 0.906471
vt 0.956920 0.912693
vt 0.963035 0.888017
vt 0.768087 0.943485
vt 0.774202 0.943485
vt 0.761864 0.931147
vt 0.215269 0.927373
vt 0.177832 0.038599
vt 0.170347 0.050158
vt 0.169636 0.056340
vt 0.181894 0.057750
vt 0.183303 0.045492
vt 0.187969 0.058448
vt 0.175013 0.063114
vt 0.963143 0.715392
vt 0.969258 0.567443
vt 0.156048 0.816402
vt 0.163840 0.811954
vt 0.163349 0.811094
vt 0.149602 0.811898
vt 0.150475 0.813427
vt 0.256773 0.907703
vt 0.250550 0.932379
vt 0.256773 0.932379
vt 0.262888 0.920041
vt 0.262888 0.913818
vt 0.424592 0.967946
vt 0.975266 0.302228
vt 0.658800 0.821483
vt 0.652577 0.821483
vt 0.652577 0.827705
vt 0.652577 0.840043
vt 0.671138 0.815367
vt 0.664915 0.815367
vt 0.677253 0.809145
vt 0.671138 0.809145
vt 0.664915 0.840043
vt 0.677253 0.840043
vt 0.664915 0.833821
vt 0.975266 0.376257
vt 0.975266 0.388595
vt 0.780318 0.807766
vt 0.780318 0.813989
vt 0.792656 0.813989
vt 0.786540 0.807766
vt 0.786540 0.758522
vt 0.792656 0.758522
vt 0.792656 0.807766
vt 0.792656 0.752299
vt 0.786540 0.666040
vt 0.786540 0.752299
vt 0.792656 0.672155
vt 0.792656 0.666040
vt 0.804994 0.666040
vt 0.798771 0.666040
vt 0.798771 0.672155
vt 0.804994 0.807766
vt 0.804994 0.813989
vt 0.811109 0.813989
vt 0.811109 0.659817
vt 0.804994 0.659817
vt 0.798771 0.696831
vt 0.798771 0.789313
vt 0.811109 0.752299
vt 0.811109 0.721507
vt 0.689591 0.920080
vt 0.708152 0.920080
vt 0.708152 0.907742
vt 0.627901 0.950979
vt 0.627901 0.957201
vt 0.640239 0.944863
vt 0.449053 0.869457
vt 0.442938 0.869457
vt 0.442938 0.875572
vt 0.436715 0.875572
vt 0.436715 0.881795
vt 0.412146 0.881795
vt 0.412146 0.875572
vt 0.393586 0.887910
vt 0.405924 0.887910
vt 0.405924 0.894133
vt 0.424484 0.894133
vt 0.424484 0.900248
vt 0.430600 0.900248
vt 0.430600 0.894133
vt 0.442938 0.894133
vt 0.442938 0.887910
vt 0.455276 0.887910
vt 0.455276 0.875572
vt 0.461391 0.875572
vt 0.461391 0.857119
vt 0.467614 0.857119
vt 0.467614 0.844781
vt 0.461391 0.844781
vt 0.461391 0.826220
vt 0.455276 0.826220
vt 0.455276 0.813882
vt 0.442938 0.813882
vt 0.442938 0.826220
vt 0.442938 0.832443
vt 0.449053 0.832443
vt 0.442938 0.807766
vt 0.412146 0.813882
vt 0.436715 0.820105
vt 0.436715 0.826220
vt 0.405924 0.826220
vt 0.405924 0.832443
vt 0.399808 0.813882
vt 0.387470 0.826220
vt 0.393586 0.820105
vt 0.969151 0.530321
vt 0.981381 0.450285
vt 0.300010 0.934173
vt 0.300010 0.927950
vt 0.293787 0.927950
vt 0.293787 0.952626
vt 0.300010 0.952626
vt 0.104820 0.933927
vt 0.110935 0.933927
vt 0.117158 0.927812
vt 0.117158 0.915473
vt 0.110935 0.909358
vt 0.358552 0.926045
vt 0.358552 0.919823
vt 0.346214 0.938383
vt 0.492290 0.955930
vt 0.677253 0.901734
vt 0.658800 0.920294
vt 0.677253 0.920294
vt 0.043237 0.969209
vt 0.037121 0.981547
vt 0.963143 0.653702
vt 0.969258 0.672262
vt 0.975373 0.012338
vt 0.689591 0.821483
vt 0.689591 0.839936
vt 0.695814 0.839936
vt 0.695814 0.827598
vt 0.695814 0.821483
vt 0.708152 0.827598
vt 0.689591 0.809145
vt 0.689591 0.815260
vt 0.708152 0.833821
vt 0.708152 0.839936
vt 0.714267 0.839936
vt 0.714267 0.833821
vt 0.714267 0.821483
vt 0.714267 0.809145
vt 0.714267 0.815260
vt 0.371676 0.944825
vt 0.371676 0.950940
vt 0.377792 0.957163
vt 0.523081 0.968161
vt 0.732828 0.850830
vt 0.732828 0.844714
vt 0.726606 0.844714
vt 0.726606 0.838491
vt 0.720490 0.838491
vt 0.720490 0.850830
vt 0.720490 0.844714
vt 0.714268 0.844714
vt 0.720490 0.875506
vt 0.726606 0.875506
vt 0.726606 0.869283
vt 0.726713 0.967987
vt 0.864577 0.918809
vt 0.864577 0.924924
vt 0.870800 0.924924
vt 0.870800 0.931147
vt 0.876915 0.912586
vt 0.870800 0.912586
vt 0.603332 0.944863
vt 0.597217 0.963424
vt 0.479952 0.918809
vt 0.479952 0.888017
vt 0.473729 0.888017
vt 0.467614 0.912586
vt 0.473729 0.924924
vt 0.634124 0.913964
vt 0.640239 0.876950
vt 0.634124 0.876950
vt 0.627901 0.889288
vt 0.627901 0.901626
vt 0.817225 0.876982
vt 0.829563 0.876982
vt 0.829563 0.870866
vt 0.823447 0.870866
vt 0.823447 0.864644
vt 0.811109 0.870866
vt 0.817225 0.840075
vt 0.430922 0.967946
vt 0.243659 0.946516
vt 0.091435 0.065169
vt 0.095486 0.076306
vt 0.100657 0.076901
vt 0.101268 0.071589
vt 0.106530 0.072194
vt 0.107741 0.061663
vt 0.082824 0.048127
vt 0.082213 0.053438
vt 0.112912 0.062258
vt 0.113512 0.057038
vt 0.118774 0.057643
vt 0.119385 0.052332
vt 0.138739 0.054557
vt 0.138940 0.052809
vt 0.151197 0.054219
vt 0.149089 0.072552
vt 0.155271 0.073263
vt 0.159500 0.036491
vt 0.128804 0.032961
vt 0.123427 0.026186
vt 0.122017 0.038444
vt 0.109760 0.037034
vt 0.108350 0.049291
vt 0.114426 0.049990
vt 0.113727 0.056065
vt 0.107651 0.055367
vt 0.106953 0.061442
vt 0.065503 0.044363
vt 0.065302 0.046111
vt 0.056787 0.045132
vt 0.059120 0.045400
vt 0.059321 0.043652
vt 0.052547 0.049029
vt 0.056289 0.049459
vt 0.050914 0.049838
vt 0.052434 0.050013
vt 0.051137 0.061286
vt 0.051223 0.060544
vt 0.049703 0.060370
vt 0.044956 0.060575
vt 0.037470 0.072134
vt 0.043546 0.072832
vt 0.038181 0.065952
vt 0.019031 0.070013
vt 0.031289 0.071423
vt 0.032000 0.065241
vt 0.025924 0.064542
vt 0.019742 0.063831
vt 0.022549 0.039423
vt 0.026623 0.058467
vt 0.023260 0.033241
vt 0.028033 0.046210
vt 0.027334 0.052285
vt 0.033409 0.052984
vt 0.042398 0.029287
vt 0.035518 0.034651
vt 0.034108 0.046908
vt 0.041700 0.035362
vt 0.047064 0.042243
vt 0.047775 0.036061
vt 0.069034 0.013667
vt 0.053957 0.036772
vt 0.053246 0.042954
vt 0.075109 0.014366
vt 0.074398 0.020548
vt 0.079881 0.027334
vt 0.080580 0.021259
vt 0.085245 0.034215
vt 0.085956 0.028033
vt 0.097503 0.035624
vt 0.030899 0.913634
vt 0.030899 0.919856
vt 0.037014 0.932195
vt 0.043237 0.932195
vt 0.037014 0.907518
vt 0.975480 0.659817
vt 0.981596 0.672155
vt 0.287423 0.987662
vt 0.030899 0.895180
vt 0.030899 0.888958
vt 0.018561 0.888958
vt 0.030899 0.876620
vt 0.030899 0.870504
vt 0.310988 0.969501
vt 0.329441 0.933584
vt 0.335557 0.945922
vt 0.341779 0.939807
vt 0.329441 0.976821
vt 0.677253 0.969539
vt 0.914037 0.986722
vt 0.999942 0.563581
vt 0.342447 0.060603
vt 0.342526 0.061345
vt 0.350017 0.072957
vt 0.356098 0.072311
vt 0.355441 0.066123
vt 0.343968 0.060441
vt 0.341223 0.049076
vt 0.341327 0.050061
vt 0.342849 0.049900
vt 0.361629 0.065465
vt 0.362286 0.071653
vt 0.368367 0.071007
vt 0.347410 0.048419
vt 0.348056 0.054500
vt 0.373252 0.058081
vt 0.375201 0.076431
vt 0.387470 0.075128
vt 0.385521 0.056777
vt 0.379333 0.057435
vt 0.378030 0.045166
vt 0.371948 0.045812
vt 0.371302 0.039731
vt 0.365761 0.046469
vt 0.366407 0.052550
vt 0.360326 0.053196
vt 0.755642 0.857118
vt 0.737188 0.857118
vt 0.737188 0.863234
vt 0.743304 0.863234
vt 0.761864 0.875572
vt 0.761864 0.863234
vt 0.743304 0.881795
vt 0.755642 0.881795
vt 0.993827 0.924390
vt 0.774202 0.955823
vt 0.774202 0.949708
vt 0.768087 0.943485
vt 0.987711 0.528927
vt 0.969151 0.912586
vt 0.848231 0.926441
vt 0.842008 0.951117
vt 0.523081 0.888017
vt 0.510743 0.888017
vt 0.523081 0.912693
vt 0.529197 0.906471
vt 0.529197 0.900355
vt 0.987711 0.560040
vt 0.155982 0.067081
vt 0.168938 0.062415
vt 0.192753 0.071310
vt 0.196009 0.096523
vt 0.196708 0.090448
vt 0.183752 0.095113
vt 0.179086 0.082157
vt 0.178375 0.088339
vt 0.097846 0.993885
vt 0.428077 0.993885
vt 0.993827 0.471850
vt 0.510743 0.980606
vt 0.911193 0.993885
vt 0.975588 0.610787
vt 0.215269 0.970502
vt 0.227714 0.970502
vt 0.981811 0.617009
vt 0.142722 0.967817
vt 0.148945 0.967817
vt 0.148945 0.949363
vt 0.142722 0.955478
vt 0.566426 0.957094
vt 0.103961 0.987662
vt 0.303316 0.075420
vt 0.302196 0.064879
vt 0.307372 0.064329
vt 0.306253 0.053787
vt 0.316696 0.052678
vt 0.316131 0.047361
vt 0.321398 0.046802
vt 0.328493 0.046048
vt 0.328308 0.044298
vt 0.334495 0.043641
vt 0.340577 0.042995
vt 0.339919 0.036807
vt 0.344158 0.017800
vt 0.337970 0.018457
vt 0.337312 0.012269
vt 0.336009 0.000000
vt 0.329928 0.000646
vt 0.280745 0.061781
vt 0.281310 0.067097
vt 0.286486 0.066548
vt 0.274923 0.057116
vt 0.275478 0.062340
vt 0.263916 0.052908
vt 0.264480 0.058225
vt 0.254800 0.052107
vt 0.254986 0.053857
vt 0.238293 0.072418
vt 0.244481 0.071761
vt 0.242531 0.053411
vt 0.233515 0.085333
vt 0.239596 0.084687
vt 0.232212 0.073064
vt 0.226024 0.073722
vt 0.197354 0.095325
vt 0.209623 0.094021
vt 0.208977 0.087940
vt 0.202789 0.088598
vt 0.196708 0.089244
vt 0.207674 0.075671
vt 0.201486 0.076329
vt 0.213755 0.075025
vt 0.214401 0.081106
vt 0.220589 0.080449
vt 0.227327 0.085991
vt 0.224720 0.061453
vt 0.219943 0.074368
vt 0.211148 0.050487
vt 0.224074 0.055372
vt 0.223417 0.049184
vt 0.234383 0.035611
vt 0.228301 0.036257
vt 0.229605 0.048526
vt 0.239924 0.028873
vt 0.233737 0.029530
vt 0.246006 0.028227
vt 0.258275 0.026923
vt 0.285419 0.048855
vt 0.284116 0.036586
vt 0.279338 0.049501
vt 0.330585 0.006834
vt 0.324397 0.007491
vt 0.325043 0.013572
vt 0.318962 0.014218
vt 0.319620 0.020406
vt 0.313432 0.021064
vt 0.314078 0.027145
vt 0.307997 0.027791
vt 0.301809 0.028448
vt 0.302466 0.034636
vt 0.296385 0.035282
vt 0.286711 0.061017
vt 0.286065 0.054936
vt 0.279984 0.055582
vt 0.566426 0.944756
vt 0.061905 0.958710
vt 0.068127 0.971048
vt 0.975588 0.696939
vt 0.103961 0.993885
vt 0.061905 0.958710
vt 0.055682 0.971048
vt 0.467614 0.986614
vt 0.898962 0.993885
vt 0.335141 0.049722
vt 0.346764 0.042338
vt 0.346107 0.036150
vt 0.353492 0.047773
vt 0.359679 0.047115
vt 0.370645 0.033543
vt 0.363154 0.021931
vt 0.357073 0.022577
vt 0.356427 0.016496
vt 0.348935 0.004884
vt 0.987711 0.566263
vt 0.584879 0.944756
vt 0.578764 0.944756
vt 0.584879 0.963317
vt 0.068127 0.958710
vt 0.774202 0.968161
vt 0.768087 0.980499
vt 0.110077 0.993885
vt 0.749634 0.986614
vt 0.923424 0.993885
vt 0.987711 0.578708
vt 0.829670 0.963348
vt 0.829670 0.951010
vt 0.823447 0.957125
vt 0.842008 0.963455
vt 0.926160 0.844781
vt 0.926160 0.758521
vt 0.920045 0.758521
vt 0.920045 0.764637
vt 0.920045 0.838665
vt 0.901591 0.826327
vt 0.913929 0.838665
vt 0.907707 0.813989
vt 0.901591 0.813989
vt 0.901591 0.752299
vt 0.901591 0.807766
vt 0.907707 0.752299
vt 0.913929 0.764637
vt 0.913929 0.758521
vt 0.726713 0.949534
vt 0.732936 0.967987
vt 0.572648 0.963317
vt 0.591102 0.969539
vt 0.743304 0.857119
vt 0.761864 0.820104
vt 0.987711 0.771611
vt 0.783687 0.975956
vt 0.609555 0.975547
vt 0.987711 0.771611
vt 0.122307 0.993885
vt 0.987604 0.327012
vt 0.993827 0.484081
vt 0.720076 0.828720
vt 0.714268 0.830634
vt 0.716181 0.836442
vt 0.721989 0.834529
vt 0.720178 0.809144
vt 0.714268 0.811092
vt 0.727933 0.813141
vt 0.722125 0.815055
vt 0.729847 0.838491
vt 0.735655 0.836578
vt 0.739618 0.828720
vt 0.737704 0.822912
vt 0.244198 0.816198
vt 0.244985 0.814624
vt 0.231214 0.814576
vt 0.732936 0.980325
vt 0.993827 0.012445
vt 0.999942 0.606389
vt 0.935654 0.993885
vt 0.743411 0.986614
vt 0.316356 0.913926
vt 0.317103 0.913926
vt 0.323218 0.907810
vt 0.323218 0.895472
vt 0.317103 0.889250
vt 0.941770 0.993885
vt 0.018453 0.950648
vt 0.012338 0.950648
vt 0.018453 0.969209
vt 0.981811 0.715499
vt 0.541535 0.916706
vt 0.535420 0.916706
vt 0.535420 0.922929
vt 0.547758 0.929044
vt 0.547758 0.922929
vt 0.535420 0.935267
vt 0.541535 0.935267
vt 0.122308 0.993885
vt 0.981811 0.721722
vt 0.128423 0.993885
vt 0.153861 0.085520
vt 0.159936 0.086219
vt 0.161346 0.073961
vt 0.166118 0.086930
vt 0.981811 0.727945
vt 0.510743 0.931254
vt 0.523081 0.912693
vt 0.987711 0.323579
vt 0.371784 0.969501
vt 0.385269 0.993885
vt 0.947885 0.993885
vt 0.987711 0.591154
vt 0.993827 0.930505
vt 0.293538 0.993885
vt 0.987711 0.603599
vt 0.134538 0.993885
vt 0.993827 0.936620
vt 0.024676 0.968994
vt 0.129496 0.927811
vt 0.129496 0.915473
vt 0.123273 0.909358
vt 0.117158 0.909358
vt 0.123273 0.933927
vt 0.569176 0.832442
vt 0.562953 0.807766
vt 0.562953 0.869457
vt 0.993827 0.912159
vt 0.987711 0.622267
vt 0.159000 0.993885
vt 0.749634 0.955716
vt 0.993827 0.784057
vt 0.183461 1.000000
vt 0.461391 0.980499
vt 0.993827 0.612505
vt 0.831693 0.987662
vt 0.999942 0.948851
vt 0.999942 0.942736
vt 0.993827 0.948851
vt 0.993827 0.948851
vt 0.995586 0.954967
vt 0.205724 0.057321
vt 0.217993 0.056018
vt 0.012338 0.907518
vt 0.018453 0.919749
vt 0.030791 0.919749
vt 0.018453 0.895180
vt 0.993827 0.961082
vt 0.999942 0.312850
vt 0.993827 0.318966
vt 0.987711 0.796502
vt 0.599308 0.987662
vt 0.987711 0.647158
vt 0.995586 0.967197
vt 0.993827 0.973313
vt 0.950805 0.961938
vt 0.957027 0.974276
vt 0.987711 0.653381
vt 0.993827 0.300619
vt 0.993827 0.300619
vt 0.987711 0.802725
vt 0.993827 0.979428
vt 0.406031 0.061690
vt 0.406031 0.067806
vt 0.412146 0.067806
vt 0.412146 0.061690
vt 0.418369 0.061690
vt 0.418369 0.067806
vt 0.424484 0.067806
vt 0.424484 0.061690
vt 0.424484 0.055468
vt 0.424484 0.049352
vt 0.430707 0.018561
vt 0.424484 0.018561
vt 0.424484 0.024676
vt 0.418369 0.024676
vt 0.418369 0.037014
vt 0.418369 0.049352
vt 0.399808 0.061690
vt 0.393693 0.074028
vt 0.399808 0.074028
vt 0.399808 0.067806
vt 0.412146 0.049352
vt 0.387470 0.055468
vt 0.387470 0.074028
vt 0.399808 0.043237
vt 0.393693 0.043237
vt 0.393693 0.055468
vt 0.406031 0.049352
vt 0.399808 0.030899
vt 0.412146 0.043237
vt 0.412146 0.024676
vt 0.406031 0.024676
vt 0.195692 1.000000
vt 0.783687 0.883367
vt 0.777464 0.883367
vt 0.777464 0.889590
vt 0.796025 0.889590
vt 0.796025 0.877252
vt 0.783687 0.877252
vt 0.789802 0.858799
vt 0.783687 0.858799
vt 0.999942 0.588043
vt 0.209046 0.871798
vt 0.209046 0.884136
vt 0.221384 0.896474
vt 0.227500 0.896474
vt 0.221384 0.865683
vt 0.215161 0.865683
vt 0.227500 0.878021
vt 0.749634 0.986614
vt 0.146769 0.987662
vt 0.975588 0.727945
vt 0.981811 0.734167
vt 0.159000 0.987662
vt 0.993827 0.342247
vt 0.123380 0.958603
vt 0.406031 0.967946
vt 0.430814 0.980284
vt 0.541642 0.959943
vt 0.975588 0.746613
vt 0.159000 0.993885
vt 0.993827 0.808947
vt 0.837808 0.987662
vt 0.006223 0.944532
vt 0.000000 0.956870
vt 0.012338 0.950648
vt 0.993827 0.991659
vt 0.584879 0.920187
vt 0.584879 0.932525
vt 0.590994 0.932525
vt 0.597217 0.926302
vt 0.590994 0.913964
vt 0.911193 0.993885
vt 0.932383 0.986614
vt 0.972347 0.993885
vt 0.975373 0.172733
vt 0.969365 0.789420
vt 0.418476 0.955608
vt 0.901591 0.844781
vt 0.907707 0.844781
vt 0.932383 0.906471
vt 0.932383 0.900248
vt 0.901591 0.851003
vt 0.901591 0.906471
vt 0.907707 0.906471
vt 0.907707 0.900248
vt 0.920045 0.906471
vt 0.105922 0.857792
vt 0.108953 0.852481
vt 0.103642 0.849450
vt 0.106726 0.844046
vt 0.118957 0.822614
vt 0.121989 0.817303
vt 0.130384 0.864713
vt 0.119669 0.858597
vt 0.116637 0.863908
vt 0.121949 0.866939
vt 0.127353 0.870024
vt 0.097526 0.860166
vt 0.118864 0.872344
vt 0.098237 0.846366
vt 0.095206 0.851677
vt 0.100610 0.854761
vt 0.092926 0.843334
vt 0.130384 0.814930
vt 0.119669 0.808814
vt 0.116584 0.814219
vt 0.127300 0.820334
vt 0.926267 0.924924
vt 0.926267 0.906471
vt 0.920152 0.906471
vt 0.913929 0.918809
vt 0.920152 0.931147
vt 0.566426 0.981877
vt 0.171231 0.993885
vt 0.348576 1.000000
vt 0.993827 0.560040
vt 0.969044 0.289890
vt 0.993827 0.018668
vt 0.999942 0.624735
vt 0.993827 0.043559
vt 0.999942 0.661428
vt 0.987604 0.912908
vt 0.104927 0.970941
vt 0.987604 0.925353
vt 0.981489 0.931576
vt 0.963143 0.838772
vt 0.987604 0.345680
vt 0.987711 0.354692
vt 0.993827 0.665826
vt 0.214038 1.000000
vt 0.823555 0.975686
vt 0.993827 0.821393
vt 0.220153 1.000000
vt 0.299902 0.860252
vt 0.189577 0.993885
vt 0.346290 0.906698
vt 0.350614 0.911022
vt 0.346214 0.915423
vt 0.350614 0.919823
vt 0.355014 0.915423
vt 0.359338 0.911098
vt 0.354938 0.906698
vt 0.346214 0.897974
vt 0.359338 0.902298
vt 0.359338 0.893650
vt 0.640239 0.833821
vt 0.640239 0.840043
vt 0.652577 0.840043
vt 0.652577 0.833821
vt 0.646462 0.833821
vt 0.646462 0.827705
vt 0.634124 0.815367
vt 0.646462 0.815367
vt 0.646462 0.809145
vt 0.975266 0.314566
vt 0.987711 0.821393
vt 0.449160 0.986722
vt 0.220153 0.993885
vt 0.993827 0.851005
vt 0.323219 0.963278
vt 0.850039 0.993885
vt 0.440307 0.993885
vt 0.987711 0.665826
vt 0.993827 0.080895
vt 0.000000 0.993885
vt 0.999942 0.673659
vt 0.907814 0.968161
vt 0.975266 0.413271
vt 0.006115 1.000000
vt 0.999942 0.331196
vt 0.987711 0.846283
vt 0.987711 0.883619
vt 0.975481 0.777082
vt 0.987711 0.883619
vt 0.987711 0.846283
vt 0.238499 0.993885
vt 0.969044 0.376257
vt 0.987711 0.858729
vt 0.975695 0.635034
vt 0.195692 0.993885
vt 0.360807 0.993885
vt 0.987711 0.858729
vt 0.250730 0.993885
vt 0.802140 0.912586
vt 0.796025 0.912586
vt 0.796025 0.924924
vt 0.802140 0.931147
vt 0.808363 0.918809
vt 0.207923 0.993885
vt 0.862270 0.993885
vt 0.123380 0.977164
vt 0.811109 0.963348
vt 0.817332 0.951010
vt 0.043237 0.971048
vt 0.642115 0.993885
vt 0.377792 0.901695
vt 0.384014 0.907810
vt 0.384014 0.883134
vt 0.377792 0.883134
vt 0.993827 0.520774
vt 0.299654 0.987662
vt 0.621893 0.846159
vt 0.615671 0.846159
vt 0.621893 0.883173
vt 0.621893 0.877057
vt 0.621893 0.870835
vt 0.311884 0.987662
vt 0.969258 0.592119
vt 0.061905 0.971048
vt 0.566211 0.984619
vt 0.975695 0.628811
vt 0.987604 0.944021
vt 0.446423 0.993885
vt 0.987711 0.542767
vt 0.074350 0.971048
vt 0.173836 0.949363
vt 0.895476 0.980499
vt 0.901591 0.968161
vt 0.981596 0.548989
vt 0.767980 0.820104
vt 0.761864 0.875572
vt 0.767980 0.875572
vt 0.774202 0.869457
vt 0.774202 0.857119
vt 0.963143 0.980499
vt 0.981489 0.148057
vt 0.646462 0.870835
vt 0.646462 0.840043
vt 0.640239 0.840043
vt 0.640239 0.864612
vt 0.634124 0.864612
vt 0.640239 0.876950
vt 0.627901 0.870835
vt 0.987604 0.178955
vt 0.226352 0.017907
vt 0.226998 0.023988
vt 0.220810 0.024646
vt 0.222114 0.036915
vt 0.227655 0.030176
vt 0.233079 0.023342
vt 0.239267 0.022685
vt 0.244045 0.009770
vt 0.237964 0.010416
vt 0.250890 0.015300
vt 0.244702 0.015958
vt 0.263805 0.020078
vt 0.257617 0.020735
vt 0.987604 0.351581
vt 0.950805 0.542767
vt 0.981381 0.265214
vt 0.963250 0.628811
vt 0.384229 0.975723
vt 0.232385 0.987662
vt 0.262961 0.993885
vt 0.584879 0.981984
vt 0.232384 0.993885
vt 0.829670 0.920218
vt 0.823447 0.920218
vt 0.823447 0.932556
vt 0.829670 0.938672
vt 0.835785 0.926334
vt 0.658800 0.926410
vt 0.658800 0.938748
vt 0.664915 0.938748
vt 0.671138 0.932632
vt 0.664915 0.920294
vt 0.467614 0.986722
vt 0.987604 0.364026
vt 0.064261 0.000699
vt 0.058186 -0.000000
vt 0.057475 0.006182
vt 0.045218 0.004772
vt 0.069732 0.007592
vt 0.036927 0.022394
vt 0.030852 0.021695
vt 0.037626 0.016318
vt 0.987711 0.367137
vt 0.993827 0.863236
vt 0.993827 0.863236
vt 0.987711 0.896065
vt 0.221384 0.933488
vt 0.227607 0.933488
vt 0.221384 0.896474
vt 0.221384 0.902697
vt 0.221384 0.908812
vt 0.987711 0.896065
vt 0.987711 0.696939
vt 0.975373 0.061690
vt 0.455383 0.949707
vt 0.024461 0.993885
vt 0.665023 0.951086
vt 0.658800 0.951086
vt 0.658800 0.963424
vt 0.523082 0.968268
vt 0.987711 0.709385
vt 0.560096 0.916706
vt 0.547758 0.916706
vt 0.553980 0.935267
vt 0.560096 0.935267
vt 0.042808 1.000000
vt 0.987711 0.547595
vt 0.464769 0.987662
vt 0.987711 0.908510
vt 0.677253 0.944863
vt 0.529197 0.980499
vt 0.987711 0.908510
vt 0.993827 0.875467
vt 0.811109 0.920218
vt 0.811109 0.901658
vt 0.987711 0.715607
vt 0.498513 0.986829
vt 0.269076 0.993885
vt 0.030899 0.944533
vt 0.043237 0.938417
vt 0.037121 0.932195
vt 0.603332 0.981985
vt 0.244615 0.993885
vt 0.987711 0.728053
vt 0.275192 1.000000
vt 0.603332 0.938533
vt 0.603332 0.944756
vt 0.609448 0.950871
vt 0.981489 0.160395
vt 0.634124 0.975762
vt 0.658800 0.975762
vt 0.886731 0.993885
vt 0.250731 0.987662
vt 0.993827 0.600274
vt 0.117158 0.977163
vt 0.492290 0.967946
vt 0.492290 0.949493
vt 0.129603 0.977163
vt 0.755642 0.931147
vt 0.761864 0.931147
vt 0.761864 0.918809
vt 0.755642 0.906471
vt 0.749526 0.906471
vt 0.749526 0.925031
vt 0.049459 0.977271
vt 0.221491 0.970502
vt 0.329441 0.833675
vt 0.329441 0.815221
vt 0.323326 0.815221
vt 0.323326 0.821444
vt 0.317103 0.864574
vt 0.317103 0.809106
vt 0.310988 0.809106
vt 0.074350 0.977271
vt 0.237437 0.971085
vt 0.987711 0.567657
vt 0.142722 0.950541
vt 0.136607 0.950541
vt 0.142722 0.969101
vt 0.889253 0.924924
vt 0.889253 0.912586
vt 0.883138 0.931147
vt 0.024676 0.950648
vt 0.018561 0.950648
vt 0.018561 0.969209
vt 0.541642 0.972281
vt 0.067806 0.915581
vt 0.067806 0.927919
vt 0.067806 0.934034
vt 0.073921 0.934034
vt 0.080144 0.921696
vt 0.073921 0.909358
vt 0.000000 0.913634
vt 0.012338 0.932194
vt 0.969044 0.326905
vt 0.333989 0.864151
vt 0.346233 0.865671
vt 0.347000 0.859496
vt 0.340932 0.858742
vt 0.342452 0.846498
vt 0.336277 0.845732
vt 0.329441 0.851153
vt 0.335510 0.851907
vt 0.347000 0.809873
vt 0.340825 0.809106
vt 0.345480 0.822117
vt 0.683476 0.975762
vt 0.835785 0.975793
vt 0.993827 0.871174
vt 0.262961 0.987662
vt 0.287422 1.000000
vt 0.993827 0.887697
vt 0.016474 0.038724
vt 0.014366 0.057057
vt 0.008184 0.056346
vt 0.018333 0.076088
vt 0.000699 0.067905
vt 0.590994 0.858497
vt 0.584879 0.858497
vt 0.584879 0.870835
vt 0.590994 0.864719
vt 0.597217 0.864719
vt 0.603332 0.883173
vt 0.603332 0.877057
vt 0.584879 0.889395
vt 0.597217 0.889395
vt 0.590994 0.870835
vt 0.584879 0.877057
vt 0.510851 0.980606
vt 0.030899 0.987555
vt 0.993827 0.112008
vt 0.963143 0.838772
vt 0.987711 0.510259
vt 0.477000 0.987662
vt 0.483115 0.993885
vt 0.975481 0.542767
vt 0.562557 0.819812
vt 0.562953 0.819727
vt 0.561676 0.813747
vt 0.556396 0.815888
vt 0.548332 0.810345
vt 0.548700 0.812065
vt 0.504628 0.968268
vt 0.498513 0.955930
vt 0.061905 0.977271
vt 0.352329 0.950722
vt 0.346214 0.969175
vt 0.963035 0.888017
vt 0.554088 0.972281
vt 0.975374 0.135719
vt 0.473729 0.980392
vt 0.304765 0.932486
vt 0.304765 0.938602
vt 0.310880 0.944825
vt 0.901591 0.918809
vt 0.901591 0.931147
vt 0.975266 0.524313
vt 0.504628 0.943592
vt 0.504628 0.937477
vt 0.498405 0.931254
vt 0.269077 0.993885
vt 0.304765 0.950940
vt 0.281449 0.839898
vt 0.275226 0.839898
vt 0.275226 0.852236
vt 0.281449 0.809106
vt 0.281449 0.895365
vt 0.287564 0.895365
vt 0.317999 1.000000
vt 0.870800 0.968161
vt 0.535420 0.941382
vt 0.547758 0.947605
vt 0.541535 0.935267
vt 0.324115 0.993885
vt 0.987711 0.522704
vt 0.055038 0.993885
vt 0.987711 0.740498
vt 0.243659 0.971085
vt 0.067269 0.993885
vt 0.430922 0.967946
vt 0.424484 0.900248
vt 0.418262 0.900248
vt 0.412146 0.912586
vt 0.412146 0.924924
vt 0.418262 0.931040
vt 0.424484 0.931040
vt 0.073384 1.000000
vt 0.987711 0.759166
vt 0.987711 0.933400
vt 0.987711 0.765389
vt 0.987711 0.933400
vt 0.085615 1.000000
vt 0.993827 0.899928
vt 0.671138 0.963317
vt 0.886731 0.993885
vt 0.323219 0.981731
vt 0.091731 0.993885
vt 0.293538 1.000000
vt 0.418369 0.967946
vt 0.006115 0.987662
vt 0.578656 0.975547
vt 0.770539 0.993885
vt 0.609555 0.975547
vt 0.024462 0.987662
vt 0.640347 0.975547
vt 0.024462 0.987662
vt 0.987711 0.124453
vt 0.975373 0.172733
vt 0.981489 0.160395
vt 0.913929 0.746076
vt 0.418369 0.012338
vt 0.412146 0.012338
vt 0.418369 0.018561
vt 0.424484 0.012338
vt 0.430707 0.006223
vt 0.418369 0.006223
vt 0.436822 0.000000
vt 0.430707 0.000000
vt 0.443045 0.012338
vt 0.443045 0.006223
vt 0.436822 0.006223
vt 0.430707 0.012338
vt 0.430707 0.055468
vt 0.430707 0.049352
vt 0.443045 0.043237
vt 0.455383 0.024676
vt 0.455383 0.006223
vt 0.449161 0.006223
vt 0.449161 0.024676
vt 0.455383 0.018561
vt 0.774310 0.986722
vt 0.892847 0.987662
vt 0.652792 0.975547
vt 0.293787 0.890936
vt 0.293787 0.903274
vt 0.299902 0.903274
vt 0.299902 0.890936
vt 0.287564 0.866367
vt 0.287564 0.878598
vt 0.299902 0.854029
vt 0.293787 0.854029
vt 0.130384 0.950541
vt 0.136607 0.950541
vt 0.136607 0.925865
vt 0.142722 0.925865
vt 0.142722 0.913634
vt 0.136607 0.808814
vt 0.130384 0.808814
vt 0.142722 0.851944
vt 0.142722 0.839606
vt 0.136607 0.839606
vt 0.136607 0.913634
vt 0.359338 0.944825
vt 0.642115 0.993885
vt 0.876915 0.968161
vt 0.293787 0.903274
vt 0.287564 0.927950
vt 0.293787 0.927950
vt 0.299902 0.915612
vt 0.299902 0.909389
vt 0.317103 0.944825
vt 0.323219 0.963385
vt 0.987711 0.379583
vt 0.148838 0.875335
vt 0.148838 0.869219
vt 0.142722 0.869219
vt 0.142722 0.893896
vt 0.155060 0.893896
vt 0.155060 0.887673
vt 0.155060 0.881557
vt 0.155060 0.875335
vt 0.161176 0.893896
vt 0.167398 0.893896
vt 0.167398 0.875335
vt 0.161176 0.875335
vt 0.269004 0.944717
vt 0.262888 0.944717
vt 0.262888 0.963278
vt 0.371784 0.969501
vt 0.412254 0.986507
vt 0.559988 0.947605
vt 0.811109 0.758522
vt 0.182287 0.813427
vt 0.183159 0.811899
vt 0.177754 0.808814
vt 0.169412 0.811094
vt 0.168921 0.811955
vt 0.993827 0.385805
vt 0.672692 0.993885
vt 0.999942 0.710351
vt 0.811109 0.975579
vt 0.993827 0.392028
vt 0.993827 0.343427
vt 0.823447 0.901658
vt 0.829563 0.901658
vt 0.829563 0.895435
vt 0.811109 0.883097
vt 0.811109 0.895435
vt 0.829563 0.876982
vt 0.823447 0.876982
vt 0.042808 0.987662
vt 0.449160 0.900248
vt 0.449160 0.906471
vt 0.449160 0.918809
vt 0.461499 0.918809
vt 0.467614 0.912586
vt 0.467614 0.906471
vt 0.461499 0.900248
vt 0.783687 0.975956
vt 0.042808 0.987662
vt 0.684923 0.993885
vt 0.999942 0.722582
vt 0.993827 0.136899
vt 0.969151 0.246761
vt 0.999942 0.349543
vt 0.761864 0.968161
vt 0.767980 0.980499
vt 0.708152 0.913964
vt 0.714267 0.913964
vt 0.708152 0.876950
vt 0.963035 0.949600
vt 0.963035 0.955823
vt 0.969151 0.937262
vt 0.049459 0.958710
vt 0.055682 0.971048
vt 0.981489 0.135718
vt 0.424699 0.986507
vt 0.697154 0.993885
vt 0.405924 0.900248
vt 0.399808 0.900248
vt 0.405924 0.931040
vt 0.999942 0.747043
vt 0.993827 0.410696
vt 0.215161 0.976725
vt 0.424699 0.986507
vt 0.697154 0.993885
vt 0.999942 0.759274
vt 0.646462 0.877057
vt 0.646462 0.889396
vt 0.652577 0.895511
vt 0.658800 0.895511
vt 0.993827 0.155567
vt 0.975266 0.400933
vt 0.987604 0.265322
vt 0.987711 0.423142
vt 0.811109 0.715285
vt 0.743411 0.931147
vt 0.737188 0.955716
vt 0.243552 0.872488
vt 0.963143 0.561327
vt 0.969258 0.579888
vt 0.708259 0.963209
vt 0.437144 0.986507
vt 0.732828 0.875506
vt 0.721616 0.993885
vt 0.913929 0.931147
vt 0.913929 0.937369
vt 0.920045 0.943485
vt 0.950805 0.604350
vt 0.808470 0.980499
vt 0.993827 0.435587
vt 0.424699 0.955608
vt 0.950805 0.635141
vt 0.377899 0.969501
vt 0.739051 0.838491
vt 0.732828 0.838491
vt 0.732828 0.857052
vt 0.870800 0.980499
vt 0.981489 0.129603
vt 0.993827 0.460478
vt 0.975481 0.777082
vt 0.999942 0.111042
vt 0.993827 0.117158
vt 0.999942 0.783736
vt 0.969258 0.635141
vt 0.149052 0.986377
vt 0.173514 0.912349
vt 0.173514 0.906126
vt 0.179629 0.906126
vt 0.179629 0.900011
vt 0.173514 0.893896
vt 0.161176 0.893896
vt 0.167291 0.918464
vt 0.993827 0.964513
vt 0.495346 0.993885
vt 0.379153 0.987662
vt 0.999942 0.361773
vt 0.993827 0.180457
vt 0.969365 0.801758
vt 0.907814 0.746076
vt 0.901591 0.746076
vt 0.913929 0.721400
vt 0.907814 0.721400
vt 0.907814 0.709169
vt 0.913929 0.709169
vt 0.932490 0.709169
vt 0.926267 0.709169
vt 0.932490 0.721400
vt 0.938605 0.752299
vt 0.938605 0.746076
vt 0.913929 0.733738
vt 0.926267 0.746076
vt 0.993827 0.233350
vt 0.256773 0.963278
vt 0.683476 0.975762
vt 0.938605 0.986507
vt 0.981489 0.135719
vt 0.993827 0.180457
vt 0.975588 0.690716
vt 0.969365 0.598449
vt 0.999942 0.129388
vt 0.999942 0.795967
vt 0.993827 0.062119
vt 0.281449 0.919934
vt 0.999942 0.068234
vt 0.354692 0.987662
vt 0.975373 0.888017
vt 0.969365 0.801758
vt 0.352437 0.950722
vt 0.359338 0.969501
vt 0.155275 0.986377
vt 0.634124 0.969539
vt 0.061154 0.987662
vt 0.507577 0.993885
vt 0.073385 0.987662
vt 0.907814 0.955823
vt 0.073385 0.987662
vt 0.695814 0.975547
vt 0.293680 0.977302
vt 0.975588 0.598449
vt 0.406031 0.980392
vt 0.237437 0.977308
vt 0.085615 0.987662
vt 0.993827 0.199125
vt 0.981489 0.228737
vt 0.030899 0.907518
vt 0.037121 0.907518
vt 0.043237 0.901296
vt 0.043237 0.876620
vt 0.037121 0.870504
vt 0.999942 0.367889
vt 0.987604 0.234959
vt 0.926267 0.968054
vt 0.932383 0.943485
vt 0.981489 0.247405
vt 0.695814 0.864612
vt 0.689591 0.864612
vt 0.689591 0.870727
vt 0.695814 0.870727
vt 0.695814 0.876950
vt 0.701930 0.876950
vt 0.701930 0.858389
vt 0.708152 0.870727
vt 0.479952 0.955823
vt 0.981489 0.530321
vt 0.387470 0.912586
vt 0.387470 0.918809
vt 0.393693 0.931147
vt 0.399808 0.931147
vt 0.393693 0.900248
vt 0.993827 0.018668
vt 0.993827 0.211571
vt 0.999942 0.263927
vt 0.999942 0.636966
vt 0.999942 0.147735
vt 0.519808 0.993885
vt 0.519808 0.993885
vt 0.981489 0.037014
vt 0.167720 0.986377
vt 0.043237 0.969209
vt 0.981489 0.055575
vt 0.999942 0.159965
vt 0.981489 0.068020
vt 0.993827 0.166081
vt 0.726713 0.967987
vt 0.323218 0.963278
vt 0.993827 0.178312
vt 0.993827 0.217793
vt 0.987711 0.224016
vt 0.981489 0.080465
vt 0.987604 0.277767
vt 0.486067 0.986722
vt 0.067806 0.958710
vt 0.067806 0.952595
vt 0.061690 0.946372
vt 0.532038 0.987662
vt 0.969365 0.752406
vt 0.999942 0.374004
vt 0.981489 0.894240
vt 0.749634 0.968054
vt 0.043237 0.944533
vt 0.981489 0.894240
vt 0.783687 0.969734
vt 0.981382 0.506074
vt 0.981382 0.506074
vt 0.963250 0.986722
vt 0.993827 0.031113
vt 0.981382 0.382694
vt 0.981382 0.413807
vt 0.981382 0.395139
vt 0.993827 0.976959
vt 0.993827 0.983181
vt 0.969258 0.561327
vt 0.036907 0.814929
vt 0.036907 0.808814
vt 0.012338 0.814929
vt 0.006115 0.814929
vt 0.006115 0.821152
vt 0.049245 0.833490
vt 0.049245 0.814929
vt 0.055468 0.845828
vt 0.055468 0.833490
vt 0.036907 0.864282
vt 0.049245 0.864282
vt 0.049245 0.845828
vt -0.000000 0.821152
vt -0.000000 0.833490
vt -0.000000 0.845828
vt -0.000000 0.858166
vt 0.006115 0.858166
vt 0.006115 0.864282
vt 0.012338 0.864282
vt 0.012338 0.870504
vt 0.018453 0.858166
vt 0.012338 0.858166
vt 0.036907 0.870504
vt 0.036907 0.858166
vt 0.030791 0.858166
vt 0.012338 0.851944
vt 0.006115 0.851944
vt 0.043130 0.851944
vt 0.036907 0.851944
vt 0.036907 0.821152
vt 0.036907 0.827267
vt 0.043130 0.827267
vt 0.006115 0.845828
vt 0.006115 0.833490
vt 0.006115 0.827267
vt 0.012338 0.827267
vt 0.012338 0.821152
vt 0.030791 0.821152
vt 0.018453 0.821152
vt 0.067806 0.958710
vt 0.074028 0.958710
vt 0.080144 0.952487
vt 0.981382 0.450285
vt 0.993827 0.006223
vt 0.981382 0.481184
vt 0.689591 0.852274
vt 0.695814 0.852274
vt 0.689591 0.846159
vt 0.701930 0.839936
vt 0.695814 0.839936
vt 0.708152 0.846159
vt 0.701930 0.846159
vt 0.371676 0.883134
vt 0.359338 0.883134
vt 0.359338 0.901695
vt 0.371676 0.907810
vt 0.377792 0.895472
vt 0.405924 0.980392
vt 0.399808 0.968054
vt 0.297319 0.809106
vt 0.291514 0.811030
vt 0.287564 0.818894
vt 0.293369 0.836411
vt 0.309064 0.824767
vt 0.305183 0.813055
vt 0.305081 0.832530
vt 0.310988 0.830572
vt 0.303157 0.826725
vt 0.287564 0.838335
vt 0.289522 0.844241
vt 0.295327 0.842318
vt 0.299208 0.854029
vt 0.305115 0.852072
vt 0.301200 0.820818
vt 0.136500 0.987662
vt 0.130277 0.981439
vt 0.858462 0.982016
vt 0.720598 0.980325
vt 0.999942 0.190542
vt 0.999942 0.814313
vt 0.999942 0.288389
vt 0.981489 0.086688
vt 0.993827 0.448032
vt 0.981489 0.000000
vt 0.999942 0.202773
vt 0.479952 0.943378
vt 0.479952 0.937262
vt 0.473837 0.924924
vt 0.981489 0.105356
vt 0.993827 0.208889
vt 0.993827 0.086581
vt 0.993827 0.221119
vt 0.993827 0.386235
vt 0.981489 0.906685
vt 0.987604 0.290212
vt 0.987711 0.454255
vt 0.371676 0.827560
vt 0.377899 0.827560
vt 0.377899 0.821444
vt 0.377899 0.809106
vt 0.359338 0.809106
vt 0.359338 0.858458
vt 0.377899 0.858458
vt 0.377899 0.839898
vt 0.562953 0.869457
vt 0.449160 0.918809
vt 0.758308 0.993885
vt 0.969365 0.764744
vt 0.975373 0.542659
vt 0.981489 0.530321
vt 0.683476 0.821483
vt 0.683476 0.809145
vt 0.677253 0.809145
vt 0.677253 0.870835
vt 0.683476 0.870835
vt 0.689591 0.858497
vt 0.689591 0.852274
vt 0.621786 0.809145
vt 0.609448 0.809145
vt 0.609448 0.815260
vt 0.603332 0.815260
vt 0.603332 0.839936
vt 0.627901 0.839936
vt 0.627901 0.815260
vt 0.609448 0.846159
vt 0.621786 0.846159
vt 0.914037 0.955823
vt 0.646353 0.966776
vt 0.368986 0.821265
vt 0.374706 0.821265
vt 0.368986 0.850166
vt 0.363166 0.850166
vt 0.363166 0.827085
vt 0.340186 0.920752
vt 0.334466 0.932292
vt 0.977020 0.331756
vt 0.755433 0.877982
vt 0.755433 0.883803
vt 0.732352 0.883803
vt 0.938071 0.984136
vt 0.972390 0.984136
vt 0.972390 0.984136
vt 0.924634 0.000000
vt 0.918914 0.051881
vt 0.942199 0.155163
vt 0.988560 0.582029
vt 0.513188 0.893915
vt 0.495828 0.893915
vt 0.495828 0.882375
vt 0.518908 0.876655
vt 0.518908 0.888195
vt 0.495828 0.870835
vt 0.513188 0.870835
vt 0.337476 0.995676
vt 0.982740 0.657693
vt 0.634210 0.294125
vt 0.628490 0.294125
vt 0.628490 0.299945
vt 0.616950 0.299945
vt 0.616950 0.294125
vt 0.622670 0.276865
vt 0.640031 0.259504
vt 0.640031 0.282585
vt 0.628490 0.271045
vt 0.634210 0.259504
vt 0.977020 0.663513
vt 0.946748 0.216353
vt 0.952569 0.216353
vt 0.952569 0.222174
vt 0.946748 0.233714
vt 0.977020 0.669333
vt 0.982740 0.675154
vt 0.988560 0.435518
vt 0.904820 0.735564
vt 0.910641 0.735564
vt 0.910641 0.758644
vt 0.132662 0.957336
vt 0.126842 0.945796
vt 0.374706 0.919307
vt 0.977020 0.040742
vt 0.850947 0.266043
vt 0.856623 0.266753
vt 0.855914 0.272428
vt 0.854482 0.283880
vt 0.853051 0.295331
vt 0.847375 0.294621
vt 0.852379 0.254592
vt 0.850947 0.173003
vt 0.856623 0.173712
vt 0.848794 0.190229
vt 0.843741 0.276772
vt 0.840218 0.258836
vt 0.846653 0.207356
vt 0.185156 0.877312
vt 0.179336 0.877312
vt 0.179336 0.871592
vt 0.196696 0.871592
vt 0.179336 0.842792
vt 0.951082 0.954727
vt 0.945261 0.954727
vt 0.945261 0.937467
vt 0.988560 0.080882
vt 0.051479 0.995676
vt 0.075062 0.247964
vt 0.040441 0.253684
vt 0.040441 0.247964
vt 0.988560 0.663513
vt 0.947714 -0.000000
vt 0.953535 0.017361
vt 0.697833 0.984136
vt 0.179336 0.877312
vt 0.196696 0.888852
vt 0.185156 0.900393
vt 0.179336 0.900393
vt 0.190876 0.894572
vt 0.185156 0.894572
vt 0.536169 0.957437
vt 0.530449 0.940076
vt 0.080079 0.995676
vt 0.583434 0.966776
vt 0.583434 0.978316
vt 0.577714 0.972596
vt 0.977020 0.244452
vt 0.977020 0.256093
vt 0.994280 0.835915
vt 0.738072 0.724023
vt 0.738072 0.741384
vt 0.994280 0.098042
vt 0.988560 0.441238
vt 0.265224 0.903893
vt 0.265224 0.898073
vt 0.270944 0.898073
vt 0.282485 0.903893
vt 0.276765 0.880813
vt 0.282485 0.880813
vt 0.971200 0.349218
vt 0.554834 0.984136
vt 0.102959 0.978316
vt 0.097239 0.966776
vt 0.310548 0.570631
vt 0.322451 0.537709
vt 0.315232 0.577399
vt 0.011641 0.933744
vt 0.017360 0.933744
vt 0.017360 0.945284
vt 0.011641 0.945284
vt 0.005820 0.939564
vt 0.645750 0.807615
vt 0.668831 0.796074
vt 0.680371 0.796074
vt 0.663111 0.824875
vt 0.663111 0.836415
vt 0.651571 0.819155
vt 0.680371 0.830695
vt 0.640031 0.847955
vt 0.640031 0.842135
vt 0.645750 0.842135
vt 0.645750 0.847955
vt 0.651571 0.842135
vt 0.680371 0.853675
vt 0.179336 0.917753
vt 0.185156 0.917753
vt 0.185156 0.940834
vt 0.952268 0.354836
vt 0.946448 0.337476
vt 0.755433 0.966776
vt 0.982740 0.680974
vt 0.982840 0.680974
vt 0.813033 0.920006
vt 0.818854 0.943087
vt 0.942098 0.057121
vt 0.947818 0.057121
vt 0.947818 0.068661
vt 0.942098 0.080202
vt 0.865867 0.152932
vt 0.871587 0.152932
vt 0.883127 0.152932
vt 0.883127 0.158753
vt 0.877407 0.158753
vt 0.877407 0.164473
vt 0.860047 0.187553
vt 0.860047 0.158753
vt 0.871587 0.187553
vt 0.988560 0.686794
vt 0.091519 0.995676
vt 0.723055 0.291416
vt 0.211638 0.984136
vt 0.971200 0.355038
vt 0.994280 0.286800
vt 0.988560 0.646052
vt 0.334466 0.943832
vt 0.703553 0.984136
vt 0.201803 0.848512
vt 0.207523 0.848512
vt 0.219063 0.854332
vt 0.224884 0.854332
vt 0.224884 0.865772
vt 0.201803 0.871592
vt 0.224884 0.883133
vt 0.207523 0.883133
vt 0.971200 0.715896
vt 0.988560 0.401600
vt 0.994280 0.343999
vt 0.668831 0.957437
vt 0.343196 0.995676
vt 0.745915 0.282585
vt 0.763275 0.288405
vt 0.674551 0.940177
vt 0.000000 0.933643
vt 0.000000 0.922203
vt 0.005820 0.939463
vt 0.000000 0.945183
vt 0.957988 0.314395
vt 0.952268 0.331655
vt 0.257665 0.738273
vt 0.246125 0.755633
vt 0.246125 0.721013
vt 0.872653 0.000000
vt 0.889913 0.000000
vt 0.889913 0.005720
vt 0.884193 0.005720
vt 0.872653 0.017260
vt 0.884193 0.028800
vt 0.872653 0.046161
vt 0.872653 0.028800
vt 0.889913 0.040341
vt 0.878373 0.051881
vt 0.977020 0.407420
vt 0.223077 0.984136
vt 0.950981 0.706663
vt 0.314596 0.989956
vt 0.971200 0.877056
vt 0.714993 0.984136
vt 0.886591 0.984136
vt 0.213444 0.721670
vt 0.219264 0.721670
vt 0.224984 0.744750
vt 0.988560 0.407420
vt 0.971200 0.226991
vt 0.348916 0.995676
vt 0.994280 0.446958
vt 0.150023 0.761253
vt 0.726433 0.984136
vt 0.971200 0.599490
vt 0.576609 0.818954
vt 0.599690 0.818954
vt 0.599690 0.830494
vt 0.593870 0.830494
vt 0.588150 0.859295
vt 0.593870 0.865115
vt 0.570789 0.865115
vt 0.565069 0.859295
vt 0.240237 0.984136
vt 0.939441 0.378018
vt 0.945261 0.400998
vt 0.761254 0.966776
vt 0.761254 0.966776
vt 0.851947 0.830522
vt 0.854074 0.825212
vt 0.859384 0.827340
vt 0.861548 0.821937
vt 0.856239 0.819810
vt 0.847654 0.841234
vt 0.855091 0.838052
vt 0.852964 0.843362
vt 0.867968 0.836942
vt 0.865804 0.842344
vt 0.877663 0.828394
vt 0.873371 0.839107
vt 0.863676 0.816628
vt 0.874388 0.820920
vt 0.865841 0.811225
vt 0.852964 0.812335
vt 0.847654 0.810208
vt 0.328645 0.909814
vt 0.956802 0.747003
vt 0.950981 0.747003
vt 0.950981 0.729743
vt 0.971200 0.721716
vt 0.161463 0.138382
vt 0.161463 0.103762
vt 0.167283 0.115302
vt 0.178823 0.115302
vt 0.178823 0.121122
vt 0.178823 0.126842
vt 0.178823 0.132662
vt 0.167283 0.149922
vt 0.173003 0.149922
vt 0.982840 0.209530
vt 0.928001 0.845146
vt 0.922181 0.891306
vt 0.680471 0.928737
vt 0.674651 0.928737
vt 0.674651 0.917197
vt 0.674651 0.888296
vt 0.877507 0.320215
vt 0.877507 0.343296
vt 0.871687 0.343296
vt 0.871687 0.308675
vt 0.877507 0.302955
vt 0.871687 0.291415
vt 0.877507 0.291415
vt 0.871687 0.187553
vt 0.877507 0.187553
vt 0.877507 0.262615
vt 0.877507 0.199093
vt 0.877507 0.222174
vt 0.092322 0.807414
vt 0.086501 0.824775
vt 0.074961 0.813234
vt 0.074961 0.818954
vt 0.069241 0.818954
vt 0.092322 0.790154
vt 0.092322 0.795874
vt 0.063421 0.784334
vt 0.069241 0.784334
vt 0.593970 0.865115
vt 0.599690 0.865115
vt 0.599690 0.882375
vt 0.593970 0.911276
vt 0.588150 0.911276
vt 0.588150 0.905456
vt 0.588150 0.893915
vt 0.588150 0.876655
vt 0.910741 0.689403
vt 0.360356 0.995676
vt 0.936379 0.120542
vt 0.870735 0.947224
vt 0.865015 0.947224
vt 0.865015 0.924143
vt 0.951081 0.458598
vt 0.945361 0.481578
vt 0.971200 0.819355
vt 0.907274 0.000000
vt 0.913094 0.000000
vt 0.907274 0.051881
vt 0.907274 0.028800
vt 0.628490 0.749813
vt 0.622670 0.749813
vt 0.622670 0.738273
vt 0.616950 0.738273
vt 0.634210 0.709473
vt 0.634210 0.732453
vt 0.611130 0.732453
vt 0.611130 0.709473
vt 0.971200 0.366678
vt 0.853474 0.941504
vt 0.144203 0.934256
vt 0.138382 0.934256
vt 0.138382 0.916896
vt 0.144203 0.899635
vt 0.524729 0.818954
vt 0.530449 0.818954
vt 0.530449 0.847855
vt 0.524729 0.847855
vt 0.524729 0.859295
vt 0.524729 0.842035
vt 0.495828 0.824774
vt 0.501648 0.824774
vt 0.495828 0.830494
vt 0.495828 0.853575
vt 0.501648 0.859295
vt 0.988560 0.698435
vt 0.263117 0.966776
vt 0.245957 0.984136
vt 0.994280 0.298240
vt 0.724115 0.252156
vt 0.723183 0.257902
vt 0.716522 0.262615
vt 0.710876 0.261699
vt 0.988560 0.303960
vt 0.308876 0.978316
vt 0.303157 0.966776
vt 0.971200 0.727537
vt 0.806076 0.438428
vt 0.263585 0.940177
vt 0.314596 0.978316
vt 0.971200 0.238632
vt 0.953839 0.155163
vt 0.320316 0.989956
vt 0.371795 0.995676
vt 0.983830 0.989956
vt 0.945362 0.435518
vt 0.939541 0.447058
vt 0.616950 0.922816
vt 0.616950 0.934256
vt 0.611130 0.934256
vt 0.611130 0.899736
vt 0.616950 0.899736
vt 0.994280 0.005720
vt 0.737872 0.984136
vt 0.251945 0.772894
vt 0.228864 0.755633
vt 0.246125 0.726733
vt 0.749312 0.984136
vt 0.086501 0.945997
vt 0.994280 0.458398
vt 0.971200 0.357747
vt 0.977020 0.605310
vt 0.830394 0.873846
vt 0.836114 0.873846
vt 0.836114 0.879566
vt 0.841934 0.879566
vt 0.836114 0.908466
vt 0.830394 0.908466
vt 0.836114 0.902646
vt 0.263117 0.966776
vt 0.856273 0.408823
vt 0.861935 0.409640
vt 0.866047 0.421893
vt 0.865216 0.427654
vt 0.843203 0.418597
vt 0.642374 0.253784
vt 0.636554 0.253784
vt 0.636554 0.259504
vt 0.625014 0.259504
vt 0.625014 0.253784
vt 0.619294 0.253784
vt 0.648094 0.213344
vt 0.648094 0.242244
vt 0.613473 0.242244
vt 0.988560 0.325936
vt 0.102959 0.995676
vt 0.977020 0.611131
vt 0.778715 0.966776
vt 0.263117 0.978316
vt 0.977020 0.710075
vt 0.994280 0.841635
vt 0.988560 0.413240
vt 0.040040 0.978316
vt 0.977020 0.739177
vt 0.114399 0.989956
vt 0.784535 0.966776
vt 0.977020 0.244452
vt 0.513389 0.299945
vt 0.899101 0.510680
vt 0.893280 0.510680
vt 0.893280 0.493319
vt 0.893280 0.378018
vt 0.899101 0.378018
vt 0.893280 0.383738
vt 0.893280 0.481779
vt 0.893280 0.429898
vt 0.893280 0.395278
vt 0.268837 0.984136
vt 0.628490 0.386447
vt 0.611130 0.409527
vt 0.611130 0.380727
vt 0.622670 0.369187
vt 0.357446 0.937912
vt 0.988560 0.704255
vt 0.947818 0.057121
vt 0.953639 0.057121
vt 0.953639 0.074381
vt 0.971200 0.230805
vt 0.051881 0.749713
vt 0.051881 0.761253
vt 0.034621 0.761253
vt 0.023080 0.761253
vt 0.023080 0.726632
vt 0.977020 0.616951
vt 0.755032 0.984136
vt 0.807314 0.937367
vt 0.801493 0.937367
vt 0.801493 0.914287
vt 0.446155 0.984136
vt 0.977020 0.616951
vt 0.772192 0.984136
vt 0.977020 0.250273
vt 0.686393 0.995676
vt 0.285997 0.984136
vt 0.994280 0.915994
vt 0.988560 0.226991
vt 0.922181 0.799085
vt 0.922181 0.804805
vt 0.916461 0.747104
vt 0.922181 0.747104
vt 0.971200 0.115402
vt 0.790355 0.966776
vt 0.988560 0.710075
vt 0.977020 0.756638
vt 0.383235 0.989956
vt 0.345906 0.926472
vt 0.351625 0.926472
vt 0.345906 0.949552
vt 0.363166 0.023080
vt 0.363166 0.034621
vt 0.357446 0.034621
vt 0.363166 0.005720
vt 0.363166 0.017260
vt 0.340085 0.000000
vt 0.357446 0.000000
vt 0.345906 0.051881
vt 0.345906 0.040341
vt 0.345906 0.028800
vt 0.345906 0.017260
vt 0.340085 0.005720
vt 0.205918 0.984136
vt 0.069241 0.524729
vt 0.069241 0.530549
vt 0.051981 0.536269
vt 0.513188 0.663211
vt 0.945261 0.649062
vt 0.982740 0.564568
vt 0.657793 0.978316
vt 0.927901 0.418358
vt 0.933721 0.418358
vt 0.927901 0.447159
vt 0.971200 0.346207
vt 0.808582 0.519523
vt 0.806076 0.508258
vt 0.811757 0.506995
vt 0.812351 0.536470
vt 0.822352 0.528283
vt 0.916361 0.447159
vt 0.406115 0.995676
vt 0.577714 0.984136
vt 0.988560 0.795875
vt 0.971200 0.519310
vt 0.144303 0.761253
vt 0.150023 0.761253
vt 0.150023 0.766973
vt 0.144303 0.766973
vt 0.144303 0.790053
vt 0.121222 0.784334
vt 0.138483 0.766973
vt 0.138483 0.761253
vt 0.109682 0.772793
vt 0.109682 0.766973
vt 0.103862 0.766973
vt 0.103862 0.761253
vt 0.109682 0.761253
vt 0.115402 0.761253
vt 0.132763 0.766973
vt 0.396221 0.811070
vt 0.390501 0.730288
vt 0.396221 0.787989
vt 0.714257 0.168820
vt 0.713340 0.174466
vt 0.707595 0.173534
vt 0.704814 0.190670
vt 0.710559 0.191602
vt 0.709643 0.197249
vt 0.708511 0.167888
vt 0.707795 0.208640
vt 0.709444 0.162143
vt 0.703798 0.161226
vt 0.710660 0.226692
vt 0.715905 0.122323
vt 0.714057 0.133714
vt 0.708411 0.132798
vt 0.726264 0.094827
vt 0.721651 0.123255
vt 0.716721 0.081587
vt 0.722367 0.082503
vt 0.720519 0.093894
vt 0.734375 0.008510
vt 0.731610 0.025547
vt 0.725964 0.024631
vt 0.718270 0.000000
vt 0.729661 0.001849
vt 0.728729 0.007594
vt 0.698868 0.119558
vt 0.704514 0.120474
vt 0.694255 0.147987
vt 0.697936 0.125303
vt 0.703582 0.126220
vt 0.699901 0.148903
vt 0.701017 0.178363
vt 0.695272 0.177430
vt 0.702050 0.207707
vt 0.696404 0.206791
vt 0.704098 0.231422
vt 0.698353 0.230490
vt 0.701333 0.248459
vt 0.706047 0.255121
vt 0.725032 0.246510
vt 0.733442 0.230389
vt 0.730678 0.247427
vt 0.728729 0.223728
vt 0.734375 0.224644
vt 0.726880 0.235119
vt 0.553529 0.916996
vt 0.553529 0.911276
vt 0.559349 0.911276
vt 0.565069 0.916996
vt 0.553529 0.922816
vt 0.559349 0.928536
vt 0.028901 0.507469
vt 0.040441 0.507469
vt 0.028901 0.513189
vt 0.040441 0.524729
vt 0.028901 0.501749
vt 0.023080 0.530549
vt 0.292524 0.379783
vt 0.299743 0.340093
vt 0.315232 0.383913
vt 0.289418 0.396863
vt 0.279661 0.418548
vt 0.283790 0.395840
vt 0.314665 0.418998
vt 0.307447 0.458688
vt 0.275549 0.441157
vt 0.265224 0.497927
vt 0.274507 0.446883
vt 0.272917 0.487596
vt 0.270852 0.498950
vt 0.281176 0.442180
vt 0.274982 0.476242
vt 0.273940 0.481969
vt 0.301820 0.457664
vt 0.300778 0.463391
vt 0.295052 0.462349
vt 0.290466 0.455599
vt 0.295619 0.427264
vt 0.301246 0.428287
vt 0.303311 0.416933
vt 0.285288 0.419571
vt 0.283223 0.430925
vt 0.288395 0.402491
vt 0.298707 0.410282
vt 0.011540 0.767073
vt 0.000000 0.778513
vt 0.000000 0.767073
vt 0.988560 0.733357
vt 0.417555 0.995676
vt 0.425087 0.932155
vt 0.425087 0.937975
vt 0.419368 0.937975
vt 0.419368 0.920615
vt 0.419368 0.903354
vt 0.425087 0.903354
vt 0.423275 0.989956
vt 0.971200 0.634412
vt 0.789352 0.984136
vt 0.308483 0.581985
vt 0.302855 0.580961
vt 0.301814 0.586688
vt 0.290460 0.584623
vt 0.290928 0.549519
vt 0.317766 0.530941
vt 0.300784 0.527853
vt 0.306412 0.528876
vt 0.307435 0.523249
vt 0.889148 0.199093
vt 0.889148 0.187553
vt 0.894868 0.187553
vt 0.894868 0.199093
vt 0.889148 0.245154
vt 0.889148 0.204813
vt 0.889148 0.279774
vt 0.889148 0.256694
vt 0.894868 0.250974
vt 0.894868 0.325935
vt 0.889148 0.325935
vt 0.889148 0.297135
vt 0.051479 0.978316
vt 0.789352 0.989956
vt 0.988560 0.469838
vt 0.971200 0.261913
vt 0.297437 0.984136
vt 0.428995 0.995676
vt 0.801996 0.966776
vt 0.977020 0.576209
vt 0.400395 0.966775
vt 0.406115 0.978316
vt 0.772693 0.937467
vt 0.766873 0.937467
vt 0.766873 0.914387
vt 0.484754 0.767849
vt 0.299845 0.955975
vt 0.125839 0.984136
vt 0.982840 0.739177
vt 0.830394 0.925726
vt 0.841934 0.908466
vt 0.530449 0.726733
vt 0.530449 0.795874
vt 0.524729 0.801694
vt 0.524729 0.807414
vt 0.507368 0.813234
vt 0.530449 0.709372
vt 0.501648 0.813234
vt 0.495828 0.801694
vt 0.495828 0.772793
vt 0.495828 0.749813
vt 0.524729 0.772793
vt 0.524729 0.709372
vt 0.524729 0.784334
vt 0.495828 0.743993
vt 0.495828 0.720912
vt 0.501648 0.720912
vt 0.501648 0.772793
vt 0.507368 0.772793
vt 0.507368 0.790154
vt 0.513189 0.778614
vt 0.518908 0.778614
vt 0.518908 0.784334
vt 0.945261 0.798985
vt 0.950981 0.798985
vt 0.950981 0.804805
vt 0.945261 0.822065
vt 0.251677 0.978316
vt 0.257397 0.966775
vt 0.861317 0.057121
vt 0.861317 0.074381
vt 0.849777 0.103282
vt 0.855597 0.114822
vt 0.855597 0.120542
vt 0.849777 0.120542
vt 0.849777 0.137903
vt 0.849777 0.143623
vt 0.844057 0.143623
vt 0.844057 0.126363
vt 0.844057 0.103282
vt 0.844057 0.091742
vt 0.844057 0.074381
vt 0.337476 0.966776
vt 0.331756 0.978316
vt 0.959559 0.080202
vt 0.939541 0.625982
vt 0.459808 0.945897
vt 0.155743 0.766973
vt 0.155743 0.778513
vt 0.155743 0.813134
vt 0.150023 0.813134
vt 0.150023 0.784233
vt 0.150023 0.772793
vt 0.155743 0.726632
vt 0.442548 0.934356
vt 0.448268 0.934356
vt 0.448268 0.945897
vt 0.436728 0.940177
vt 0.536169 0.265325
vt 0.536169 0.247964
vt 0.541989 0.276865
vt 0.541989 0.265325
vt 0.559249 0.288405
vt 0.547709 0.288405
vt 0.547709 0.253784
vt 0.559249 0.224884
vt 0.541989 0.230704
vt 0.541989 0.224884
vt 0.982840 0.174608
vt 0.559249 0.824774
vt 0.565069 0.824774
vt 0.565069 0.847855
vt 0.559249 0.847855
vt 0.559249 0.865115
vt 0.536169 0.865115
vt 0.559249 0.836315
vt 0.553529 0.842035
vt 0.553529 0.836315
vt 0.541989 0.836315
vt 0.541989 0.842035
vt 0.530449 0.842035
vt 0.536169 0.818954
vt 0.536169 0.824774
vt 0.536169 0.830494
vt 0.988560 0.424881
vt 0.513188 0.669032
vt 0.518908 0.669032
vt 0.518908 0.680572
vt 0.524729 0.680572
vt 0.524729 0.663211
vt 0.530449 0.663211
vt 0.530449 0.611331
vt 0.536269 0.611331
vt 0.501648 0.599790
vt 0.507368 0.599790
vt 0.507368 0.628691
vt 0.507368 0.640231
vt 0.495828 0.513289
vt 0.501648 0.513289
vt 0.501648 0.582530
vt 0.501648 0.617151
vt 0.495828 0.617151
vt 0.507368 0.686292
vt 0.501648 0.686292
vt 0.507368 0.703652
vt 0.524729 0.709372
vt 0.513188 0.709372
vt 0.513188 0.703652
vt 0.501648 0.588250
vt 0.530449 0.692112
vt 0.530449 0.703652
vt 0.524729 0.703652
vt 0.536269 0.663211
vt 0.536269 0.692112
vt 0.541989 0.640231
vt 0.541989 0.663211
vt 0.536269 0.640231
vt 0.541989 0.634411
vt 0.536269 0.634411
vt 0.536269 0.530649
vt 0.536269 0.513289
vt 0.536269 0.542190
vt 0.536269 0.599790
vt 0.536269 0.553629
vt 0.115503 0.939976
vt 0.864480 0.620262
vt 0.864480 0.625982
vt 0.847220 0.625982
vt 0.847220 0.620262
vt 0.847220 0.608722
vt 0.858760 0.608722
vt 0.870300 0.620262
vt 0.864480 0.562561
vt 0.847220 0.568281
vt 0.847220 0.562561
vt 0.858760 0.574101
vt 0.847220 0.574101
vt 0.864480 0.579821
vt 0.858760 0.579821
vt 0.858760 0.602901
vt 0.864480 0.602901
vt 0.977020 0.634412
vt 0.982840 0.756638
vt 0.977020 0.267733
vt 0.308876 0.984136
vt 0.697732 0.524590
vt 0.703378 0.523673
vt 0.705226 0.535065
vt 0.722362 0.532284
vt 0.721446 0.526638
vt 0.727092 0.525721
vt 0.698664 0.530335
vt 0.701429 0.547372
vt 0.726060 0.555066
vt 0.720314 0.555998
vt 0.707075 0.546456
vt 0.725127 0.549321
vt 0.728009 0.531368
vt 0.730773 0.548405
vt 0.730057 0.507653
vt 0.733754 0.530435
vt 0.731089 0.478308
vt 0.734787 0.501090
vt 0.729140 0.502007
vt 0.721547 0.491548
vt 0.727292 0.490616
vt 0.724511 0.473479
vt 0.718766 0.474411
vt 0.717850 0.468765
vt 0.723595 0.467833
vt 0.722663 0.462088
vt 0.732205 0.448848
vt 0.736835 0.477376
vt 0.728309 0.461172
vt 0.726460 0.449781
vt 0.723695 0.432743
vt 0.718049 0.433659
vt 0.716201 0.422268
vt 0.710456 0.423201
vt 0.705842 0.394772
vt 0.711587 0.393840
vt 0.709739 0.382449
vt 0.715385 0.381532
vt 0.710756 0.353005
vt 0.727592 0.420420
vt 0.728524 0.426165
vt 0.727692 0.385330
vt 0.729541 0.396721
vt 0.723895 0.397637
vt 0.726776 0.379684
vt 0.725844 0.373939
vt 0.720298 0.339765
vt 0.713836 0.299945
vt 0.716617 0.317082
vt 0.702445 0.301794
vt 0.698648 0.314101
vt 0.697732 0.308455
vt 0.700496 0.325493
vt 0.017361 0.455588
vt 0.028901 0.449768
vt 0.023080 0.467128
vt 0.034621 0.478668
vt 0.028901 0.478668
vt 0.034621 0.467128
vt 0.959355 0.000000
vt 0.589154 0.984136
vt 0.982840 0.244452
vt 0.765735 0.547909
vt 0.806512 0.984136
vt 0.971200 0.450069
vt 0.674651 0.490309
vt 0.668831 0.490309
vt 0.663111 0.484488
vt 0.668831 0.455688
vt 0.657291 0.478769
vt 0.657291 0.467228
vt 0.876020 0.620262
vt 0.971200 0.750818
vt 0.501648 0.916996
vt 0.501648 0.940076
vt 0.994280 0.921714
vt 0.812232 0.978316
vt 0.994280 0.469838
vt 0.971200 0.934757
vt 0.965480 0.934757
vt 0.965480 0.923217
vt 0.423275 0.966775
vt 0.988560 0.756638
vt 0.962622 0.464519
vt 0.440435 0.989956
vt 0.883484 0.954828
vt 0.889304 0.966268
vt 0.988560 0.481278
vt 0.962622 0.389558
vt 0.317105 0.892453
vt 0.317105 0.880913
vt 0.322925 0.880913
vt 0.322925 0.927074
vt 0.317105 0.927074
vt 0.836214 0.937267
vt 0.841934 0.937267
vt 0.836214 0.954627
vt 0.766873 0.689503
vt 0.766873 0.649062
vt 0.772693 0.649062
vt 0.772693 0.643342
vt 0.778413 0.643342
vt 0.766873 0.735564
vt 0.766873 0.729844
vt 0.778413 0.585641
vt 0.772693 0.585641
vt 0.772693 0.568381
vt 0.778413 0.568381
vt 0.789953 0.562561
vt 0.789953 0.602901
vt 0.784233 0.602901
vt 0.784233 0.614442
vt 0.789953 0.614442
vt 0.789953 0.649062
vt 0.784233 0.649062
vt 0.784233 0.735564
vt 0.778413 0.735564
vt 0.778413 0.747104
vt 0.772693 0.747104
vt 0.772693 0.735564
vt 0.280147 0.576832
vt 0.275444 0.570163
vt 0.962622 0.614341
vt 0.137278 0.995676
vt 0.616950 0.588350
vt 0.622670 0.588350
vt 0.622670 0.594070
vt 0.616950 0.594070
vt 0.622670 0.576810
vt 0.622670 0.582530
vt 0.616950 0.582530
vt 0.640031 0.599891
vt 0.628490 0.594070
vt 0.628490 0.576810
vt 0.634210 0.576810
vt 0.640031 0.576810
vt 0.628490 0.565270
vt 0.634210 0.570990
vt 0.611130 0.553730
vt 0.611130 0.565270
vt 0.605410 0.651771
vt 0.605410 0.576810
vt 0.616950 0.651771
vt 0.634210 0.657491
vt 0.640031 0.628691
vt 0.634210 0.651771
vt 0.634210 0.622871
vt 0.230704 0.547909
vt 0.190363 0.536369
vt 0.242244 0.536369
vt 0.230704 0.519109
vt 0.230704 0.513289
vt 0.224984 0.524829
vt 0.224984 0.519109
vt 0.219164 0.524829
vt 0.213444 0.536369
vt 0.213444 0.530649
vt 0.201904 0.536369
vt 0.870300 0.597181
vt 0.988560 0.424881
vt 0.994280 0.921714
vt 0.829859 0.603002
vt 0.829859 0.608722
vt 0.829859 0.597181
vt 0.818319 0.597181
vt 0.818319 0.614542
vt 0.812599 0.585641
vt 0.812599 0.706763
vt 0.812599 0.637522
vt 0.824139 0.706763
vt 0.818319 0.689503
vt 0.829859 0.677963
vt 0.835680 0.677963
vt 0.971200 0.473149
vt 0.411835 0.966775
vt 0.142998 0.989956
vt 0.928001 0.741484
vt 0.280277 0.966775
vt 0.956801 0.429898
vt 0.951082 0.429898
vt 0.951082 0.418358
vt 0.956801 0.412538
vt 0.956801 0.418358
vt 0.360637 0.560497
vt 0.356215 0.564281
vt 0.352496 0.559935
vt 0.351869 0.568000
vt 0.346885 0.579925
vt 0.342463 0.583709
vt 0.349966 0.592478
vt 0.345620 0.596196
vt 0.356842 0.609311
vt 0.352420 0.613095
vt 0.347436 0.625020
vt 0.336148 0.611830
vt 0.328645 0.603062
vt 0.333068 0.599277
vt 0.336852 0.603700
vt 0.341198 0.599981
vt 0.333695 0.591213
vt 0.338117 0.587428
vt 0.334333 0.583006
vt 0.334960 0.574941
vt 0.339382 0.571157
vt 0.335598 0.566735
vt 0.357480 0.548010
vt 0.368767 0.561200
vt 0.364421 0.564919
vt 0.294025 0.846192
vt 0.299845 0.846192
vt 0.299845 0.863553
vt 0.294025 0.892353
vt 0.288305 0.892353
vt 0.288305 0.857732
vt 0.959559 0.126262
vt 0.988560 0.779919
vt 0.988560 0.337577
vt 0.994280 0.933154
vt 0.883484 0.862506
vt 0.889204 0.862506
vt 0.889204 0.868226
vt 0.883484 0.868226
vt 0.883484 0.874046
vt 0.877663 0.804805
vt 0.883484 0.804805
vt 0.883484 0.833706
vt 0.397786 0.011540
vt 0.397786 0.034621
vt 0.051959 0.945796
vt 0.051959 0.951617
vt 0.046139 0.951617
vt 0.046139 0.934256
vt 0.051959 0.934256
vt 0.063421 0.824674
vt 0.057701 0.824674
vt 0.057701 0.830394
vt 0.046161 0.830394
vt 0.046161 0.818854
vt 0.046161 0.784233
vt 0.046161 0.778513
vt 0.051881 0.784233
vt 0.977020 0.535467
vt 0.962622 0.487599
vt 0.956802 0.487599
vt 0.956802 0.476059
vt 0.328271 0.576710
vt 0.328271 0.582530
vt 0.328271 0.524829
vt 0.397786 0.092322
vt 0.397786 0.086501
vt 0.409327 0.086501
vt 0.409327 0.103762
vt 0.392066 0.103762
vt 0.392066 0.098042
vt 0.374706 0.109582
vt 0.374706 0.098042
vt 0.380526 0.138382
vt 0.374706 0.138382
vt 0.374706 0.121122
vt 0.380526 0.144203
vt 0.397786 0.155743
vt 0.392066 0.155743
vt 0.403607 0.132662
vt 0.844057 0.057121
vt 0.838337 0.005820
vt 0.844057 0.005820
vt 0.844057 0.017361
vt 0.832517 0.017361
vt 0.826797 0.000000
vt 0.838337 0.000000
vt 0.820976 0.034621
vt 0.820976 0.005820
vt 0.826797 0.005820
vt 0.826797 0.034621
vt 0.832517 0.023080
vt 0.844057 0.023080
vt 0.844057 0.063421
vt 0.838337 0.063421
vt 0.838337 0.051981
vt 0.820976 0.040441
vt 0.826797 0.040441
vt 0.826797 0.074961
vt 0.820976 0.074961
vt 0.832517 0.063421
vt 0.887560 0.562561
vt 0.876555 0.912503
vt 0.959355 0.023080
vt 0.953535 0.034621
vt 0.994280 0.498438
vt 0.490108 0.299945
vt 0.806791 0.655820
vt 0.812599 0.656204
vt 0.812222 0.661912
vt 0.794515 0.666574
vt 0.789953 0.648874
vt 0.790714 0.637359
vt 0.791092 0.631651
vt 0.795660 0.562561
vt 0.807176 0.563322
vt 0.801845 0.643928
vt 0.807553 0.644305
vt 0.807176 0.650013
vt 0.812499 0.569507
vt 0.812122 0.575215
vt 0.804130 0.609383
vt 0.802991 0.626605
vt 0.811360 0.586730
vt 0.988560 0.791559
vt 0.457595 0.995676
vt 0.057701 0.472848
vt 0.057701 0.478668
vt 0.057701 0.490208
vt 0.051981 0.478668
vt 0.051981 0.461308
vt 0.063521 0.467128
vt 0.034621 0.432507
vt 0.017361 0.415147
vt 0.040441 0.386346
vt 0.040441 0.420967
vt 0.495745 0.726833
vt 0.495745 0.738373
vt 0.490026 0.738373
vt 0.490026 0.726833
vt 0.495745 0.715293
vt 0.490026 0.640332
vt 0.495745 0.703753
vt 0.490026 0.588350
vt 0.495745 0.697932
vt 0.490026 0.548010
vt 0.495745 0.548010
vt 0.495745 0.692212
vt 0.495745 0.571090
vt 0.495745 0.594171
vt 0.495745 0.680672
vt 0.495745 0.663412
vt 0.080782 0.357546
vt 0.069241 0.357546
vt 0.057701 0.340186
vt 0.069241 0.328645
vt 0.593870 0.296785
vt 0.959355 0.011540
vt 0.953535 0.023080
vt 0.977020 0.186249
vt 0.343196 0.989956
vt 0.849777 0.155642
vt 0.855597 0.144102
vt 0.855597 0.155642
vt 0.855597 0.173003
vt 0.778413 0.562561
vt 0.474289 0.571436
vt 0.468582 0.571830
vt 0.467394 0.554611
vt 0.473100 0.554217
vt 0.472699 0.548411
vt 0.478506 0.548010
vt 0.477861 0.623194
vt 0.475477 0.588655
vt 0.474690 0.577243
vt 0.473351 0.640907
vt 0.472556 0.629394
vt 0.478262 0.629000
vt 0.480890 0.582548
vt 0.481284 0.588255
vt 0.481685 0.594061
vt 0.482079 0.599768
vt 0.468339 0.652821
vt 0.467544 0.641308
vt 0.482479 0.605574
vt 0.469928 0.675846
vt 0.484069 0.628600
vt 0.477718 0.704178
vt 0.475735 0.675446
vt 0.486052 0.657332
vt 0.486847 0.668844
vt 0.473100 0.721798
vt 0.472706 0.716091
vt 0.467795 0.727998
vt 0.467394 0.722191
vt 0.482085 0.767448
vt 0.476279 0.767849
vt 0.473501 0.727604
vt 0.479701 0.732910
vt 0.484613 0.721003
vt 0.485408 0.732516
vt 0.488035 0.686064
vt 0.490026 0.714896
vt 0.829392 0.978316
vt 0.994280 0.498438
vt 0.959559 0.097462
vt 0.977020 0.838122
vt 0.982840 0.803200
vt 0.965480 0.484689
vt 0.988560 0.803200
vt 0.463314 0.989956
vt 0.890218 0.068661
vt 0.890218 0.057121
vt 0.895938 0.057121
vt 0.884397 0.126262
vt 0.884397 0.114722
vt 0.884397 0.103182
vt 0.890218 0.103182
vt 0.890218 0.074381
vt 0.817952 0.984136
vt 0.611130 0.299945
vt 0.634210 0.299945
vt 0.634210 0.444148
vt 0.628490 0.421067
vt 0.616950 0.438328
vt 0.616950 0.449868
vt 0.611130 0.449868
vt 0.977020 0.762458
vt 0.956802 0.596880
vt 0.950981 0.596880
vt 0.950981 0.591160
vt 0.565015 0.520284
vt 0.563826 0.537503
vt 0.558120 0.537109
vt 0.553903 0.513683
vt 0.807816 0.966776
vt 0.881740 0.539480
vt 0.881740 0.533760
vt 0.887560 0.533760
vt 0.887560 0.545301
vt 0.876020 0.539480
vt 0.881740 0.562561
vt 0.876020 0.562561
vt 0.881740 0.556841
vt 0.246125 0.951817
vt 0.565069 0.749813
vt 0.570789 0.749813
vt 0.570789 0.778614
vt 0.565069 0.778614
vt 0.565069 0.801694
vt 0.559249 0.801694
vt 0.565069 0.772894
vt 0.559249 0.772894
vt 0.536169 0.790154
vt 0.530449 0.767073
vt 0.536169 0.767073
vt 0.536169 0.795974
vt 0.530449 0.795974
vt 0.547709 0.813234
vt 0.536169 0.813234
vt 0.553529 0.818954
vt 0.547709 0.818954
vt 0.559249 0.813234
vt 0.299845 0.794311
vt 0.299845 0.805852
vt 0.288305 0.800031
vt 0.294125 0.788491
vt 0.605410 0.250624
vt 0.977020 0.785739
vt 0.348916 0.989956
vt 0.360356 0.989956
vt 0.583434 0.989956
vt 0.956801 0.631601
vt 0.950981 0.614341
vt 0.887560 0.585541
vt 0.893381 0.574001
vt 0.899100 0.585541
vt 0.889241 0.591261
vt 0.889241 0.602801
vt 0.899100 0.602801
vt 0.899100 0.608621
vt 0.893381 0.620162
vt 0.887560 0.608621
vt 0.910741 0.885587
vt 0.916461 0.885587
vt 0.910741 0.926027
vt 0.910741 0.920207
vt 0.148718 0.995676
vt 0.994280 0.515598
vt 0.594874 0.978316
vt 0.977020 0.942886
vt 0.994280 0.933154
vt 0.005820 0.340186
vt 0.005820 0.334466
vt 0.017361 0.351726
vt 0.017361 0.363266
vt 0.017361 0.374806
vt 0.005820 0.374806
vt 0.005820 0.363266
vt 0.011540 0.363266
vt 0.694255 0.276865
vt 0.351625 0.080782
vt 0.363166 0.092322
vt 0.351625 0.103762
vt 0.345906 0.092322
vt 0.357446 0.109582
vt 0.916461 0.862506
vt 0.916461 0.874046
vt 0.910741 0.874046
vt 0.910741 0.868226
vt 0.916461 0.856686
vt 0.916461 0.822165
vt 0.910741 0.850966
vt 0.910741 0.839426
vt 0.910741 0.856686
vt 0.098042 0.784334
vt 0.103862 0.784334
vt 0.103862 0.795874
vt 0.098042 0.795874
vt 0.098042 0.830494
vt 0.092322 0.842035
vt 0.074961 0.842035
vt 0.074961 0.836315
vt 0.069241 0.836315
vt 0.958289 0.268435
vt 0.952569 0.285695
vt 0.861317 0.103282
vt 0.872857 0.091742
vt 0.956802 0.562360
vt 0.524628 0.357546
vt 0.541989 0.346006
vt 0.541989 0.357546
vt 0.524628 0.397987
vt 0.518908 0.392167
vt 0.518908 0.369086
vt 0.988560 0.436522
vt 0.939541 0.793064
vt 0.994280 0.361159
vt 0.069241 0.374806
vt 0.069241 0.380627
vt 0.063521 0.386346
vt 0.063521 0.397887
vt 0.051981 0.397887
vt 0.051981 0.392167
vt 0.051981 0.374806
vt 0.051981 0.363266
vt 0.075062 0.357546
vt 0.453988 0.934457
vt 0.448268 0.951817
vt 0.774698 0.209657
vt 0.774255 0.203954
vt 0.780058 0.203504
vt 0.769446 0.215902
vt 0.768995 0.210100
vt 0.776485 0.232668
vt 0.770782 0.233111
vt 0.770339 0.227408
vt 0.782288 0.232218
vt 0.787990 0.231775
vt 0.774355 0.279133
vt 0.772569 0.256122
vt 0.778271 0.255679
vt 0.775249 0.290639
vt 0.786754 0.289745
vt 0.790670 0.266291
vt 0.791121 0.272094
vt 0.802176 0.265398
vt 0.796473 0.265841
vt 0.797709 0.207870
vt 0.799947 0.236684
vt 0.792007 0.208313
vt 0.663111 0.357646
vt 0.668831 0.357646
vt 0.668831 0.363366
vt 0.668831 0.374907
vt 0.674651 0.386447
vt 0.657291 0.397987
vt 0.657291 0.374907
vt 0.657291 0.432608
vt 0.663111 0.397987
vt 0.715092 0.931647
vt 0.320316 0.978316
vt 0.541989 0.380627
vt 0.541989 0.403707
vt 0.536169 0.432507
vt 0.541989 0.432507
vt 0.541989 0.490208
vt 0.536169 0.490208
vt 0.536169 0.513289
vt 0.530449 0.513289
vt 0.530449 0.507569
vt 0.524628 0.507569
vt 0.547709 0.357546
vt 0.547709 0.380627
vt 0.518908 0.461408
vt 0.518908 0.444048
vt 0.813470 0.346571
vt 0.812994 0.358101
vt 0.807278 0.357865
vt 0.807755 0.346335
vt 0.819522 0.341096
vt 0.819285 0.346811
vt 0.815372 0.300550
vt 0.813947 0.335041
vt 0.813706 0.340856
vt 0.807991 0.340620
vt 0.802176 0.340379
vt 0.805512 0.259667
vt 0.806942 0.225076
vt 0.815613 0.294735
vt 0.822141 0.277730
vt 0.821905 0.283445
vt 0.817043 0.260143
vt 0.822858 0.260384
vt 0.811564 0.254192
vt 0.817279 0.254428
vt 0.813234 0.213786
vt 0.812757 0.225316
vt 0.812281 0.236846
vt 0.807419 0.213545
vt 0.807891 0.202115
vt 0.802176 0.201879
vt 0.802893 0.184533
vt 0.809085 0.173239
vt 0.814900 0.173480
vt 0.820375 0.179531
vt 0.819662 0.196777
vt 0.625014 0.040341
vt 0.630834 0.040341
vt 0.613473 0.011540
vt 0.613473 0.000000
vt 0.619294 0.000000
vt 0.619294 0.034621
vt 0.613473 0.017260
vt 0.945362 0.683583
vt 0.994280 0.858795
vt 0.988560 0.436522
vt 0.994280 0.944594
vt 0.813033 0.799085
vt 0.801493 0.810525
vt 0.795673 0.804805
vt 0.784133 0.793265
vt 0.807213 0.758644
vt 0.692113 0.978215
vt 0.888947 0.366276
vt 0.888947 0.377816
vt 0.883227 0.377816
vt 0.871687 0.372096
vt 0.276765 0.938414
vt 0.282485 0.955774
vt 0.075062 0.934356
vt 0.434715 0.966775
vt 0.634210 0.524829
vt 0.895938 0.057121
vt 0.901758 0.057121
vt 0.901758 0.062941
vt 0.901758 0.149443
vt 0.901758 0.166703
vt 0.901758 0.137903
vt 0.901758 0.114822
vt 0.374706 0.896226
vt 0.357446 0.901946
vt 0.547709 0.328746
vt 0.547709 0.334466
vt 0.541989 0.334466
vt 0.553529 0.323026
vt 0.553529 0.328746
vt 0.518908 0.328746
vt 0.513088 0.328746
vt 0.513088 0.323026
vt 0.507368 0.323026
vt 0.507368 0.317205
vt 0.495828 0.317205
vt 0.495828 0.299945
vt 0.513088 0.299945
vt 0.513088 0.305665
vt 0.518908 0.305665
vt 0.518908 0.311486
vt 0.524628 0.311486
vt 0.524628 0.317205
vt 0.530449 0.317205
vt 0.530449 0.323026
vt 0.536169 0.317205
vt 0.541989 0.305665
vt 0.553529 0.305665
vt 0.553529 0.299945
vt 0.570789 0.299945
vt 0.570789 0.305665
vt 0.565069 0.305665
vt 0.565069 0.317205
vt 0.559249 0.317205
vt 0.559249 0.323026
vt 0.190263 0.802351
vt 0.190263 0.796631
vt 0.167183 0.796631
vt 0.167183 0.790811
vt 0.173003 0.790811
vt 0.173003 0.785091
vt 0.190263 0.785091
vt 0.195983 0.785091
vt 0.195983 0.790811
vt 0.201803 0.790811
vt 0.201803 0.836972
vt 0.195983 0.836972
vt 0.195983 0.842792
vt 0.161463 0.842792
vt 0.161463 0.836972
vt 0.167183 0.836972
vt 0.167183 0.831252
vt 0.190263 0.831252
vt 0.190263 0.825431
vt 0.236524 0.207624
vt 0.230704 0.178723
vt 0.236524 0.178723
vt 0.242244 0.219164
vt 0.247964 0.103762
vt 0.247964 0.173003
vt 0.242244 0.173003
vt 0.242244 0.103762
vt 0.236524 0.086501
vt 0.242244 0.086501
vt 0.230704 0.126842
vt 0.230704 0.115302
vt 0.230704 0.138382
vt 0.465629 0.755633
vt 0.459809 0.755633
vt 0.459809 0.778714
vt 0.454089 0.778714
vt 0.454089 0.784534
vt 0.448268 0.784534
vt 0.448268 0.761454
vt 0.442548 0.761454
vt 0.442548 0.669132
vt 0.442548 0.663412
vt 0.436728 0.669132
vt 0.459809 0.732553
vt 0.917748 0.366276
vt 0.917748 0.377816
vt 0.912028 0.377816
vt 0.912028 0.325835
vt 0.912028 0.314395
vt 0.917748 0.354736
vt 0.917748 0.314395
vt 0.917748 0.337375
vt 0.086501 0.207624
vt 0.092221 0.236424
vt 0.939541 0.822065
vt 0.945261 0.822065
vt 0.945261 0.845146
vt 0.916461 0.562561
vt 0.922281 0.574101
vt 0.763275 0.190363
vt 0.768995 0.190363
vt 0.768995 0.207624
vt 0.763275 0.207624
vt 0.763275 0.230704
vt 0.757455 0.161463
vt 0.763275 0.161463
vt 0.740195 0.190363
vt 0.740195 0.173003
vt 0.734375 0.207624
vt 0.734375 0.190363
vt 0.757455 0.247964
vt 0.988560 0.820661
vt 0.916461 0.562561
vt 0.916461 0.574101
vt 0.910641 0.574101
vt 0.910641 0.562561
vt 0.916461 0.556740
vt 0.910641 0.556740
vt 0.910641 0.510680
vt 0.916461 0.510680
vt 0.910641 0.516400
vt 0.988560 0.448162
vt 0.988560 0.515598
vt 0.994280 0.372599
vt 0.312120 0.336531
vt 0.317748 0.337554
vt 0.322451 0.344223
vt 0.321427 0.349851
vt 0.300766 0.334466
vt 0.929488 0.227894
vt 0.929488 0.239434
vt 0.929488 0.256694
vt 0.929488 0.268234
vt 0.923668 0.250974
vt 0.929488 0.268234
vt 0.923668 0.308575
vt 0.863711 0.984136
vt 0.945361 0.447159
vt 0.131558 0.978316
vt 0.994280 0.532758
vt 0.131558 0.978316
vt 0.331756 0.984136
vt 0.085799 0.972495
vt 0.091519 0.966775
vt 0.524628 0.207624
vt 0.524628 0.213344
vt 0.518909 0.213344
vt 0.518909 0.207624
vt 0.518909 0.201803
vt 0.518909 0.190263
vt 0.513088 0.190263
vt 0.513088 0.184543
vt 0.513088 0.161463
vt 0.530449 0.178723
vt 0.530449 0.207624
vt 0.530449 0.161463
vt 0.530449 0.173003
vt 0.536169 0.149922
vt 0.536169 0.161463
vt 0.530449 0.144102
vt 0.536169 0.144102
vt 0.530449 0.092221
vt 0.530449 0.103762
vt 0.536169 0.080681
vt 0.536169 0.092221
vt 0.524628 0.086501
vt 0.518909 0.086501
vt 0.513088 0.149922
vt 0.513088 0.132562
vt 0.518909 0.132562
vt 0.518909 0.103762
vt 0.513088 0.103762
vt 0.513088 0.080681
vt 0.507368 0.080681
vt 0.507368 0.057601
vt 0.513088 0.057601
vt 0.513088 0.051881
vt 0.513088 0.040341
vt 0.524628 0.069141
vt 0.536169 0.069141
vt 0.530449 0.069141
vt 0.530449 0.057601
vt 0.536169 0.051881
vt 0.536169 0.034520
vt 0.536169 0.046061
vt 0.524628 0.034520
vt 0.513088 0.034520
vt 0.507368 0.034520
vt 0.507368 0.028800
vt 0.501548 0.028800
vt 0.501548 0.023080
vt 0.541989 0.023080
vt 0.541989 0.028800
vt 0.536169 0.028800
vt 0.547709 0.017260
vt 0.547709 0.023080
vt 0.559249 -0.000000
vt 0.559249 0.017260
vt 0.541989 0.005720
vt 0.541989 -0.000000
vt 0.536169 0.011540
vt 0.536169 0.005720
vt 0.530449 0.017260
vt 0.530449 0.011540
vt 0.524628 0.017260
vt 0.513088 0.017260
vt 0.518909 0.017260
vt 0.507368 0.005720
vt 0.513088 0.005720
vt 0.495828 -0.000000
vt 0.501548 -0.000000
vt 0.501548 0.005720
vt 0.490008 -0.000000
vt 0.484288 0.005720
vt 0.484288 -0.000000
vt 0.495828 0.017260
vt 0.490008 0.017260
vt 0.490008 0.005720
vt 0.495828 0.023080
vt 0.982840 0.832301
vt 0.994280 0.555637
vt 0.977020 0.186249
vt 0.971200 0.651873
vt 0.971200 0.838122
vt 0.982840 0.186249
vt 0.988560 0.849762
vt 0.977020 0.197890
vt 0.977020 0.843942
vt 0.982840 0.861403
vt 0.988560 0.873043
vt 0.971200 0.849762
vt 0.988560 0.878863
vt 0.480474 0.995676
vt 0.988560 0.567077
vt 0.289904 0.555147
vt 0.284733 0.583581
vt 0.270858 0.563413
vt 0.935208 0.222174
vt 0.935208 0.227894
vt 0.929488 0.227894
vt 0.929488 0.222174
vt 0.935208 0.216353
vt 0.929488 0.216353
vt 0.935208 0.204813
vt 0.929488 0.210633
vt 0.935208 0.199093
vt 0.929488 0.187553
vt 0.935208 0.187553
vt 0.612033 0.984136
vt 0.869431 0.984136
vt 0.977020 0.541287
vt 0.051981 0.236424
vt 0.075062 0.230604
vt 0.051981 0.224884
vt 0.051981 0.213344
vt 0.063521 0.196083
vt 0.057701 0.178723
vt 0.080782 0.184543
vt 0.046161 0.276765
vt 0.057701 0.294125
vt 0.051981 0.294125
vt 0.051981 0.299845
vt 0.046161 0.299845
vt 0.046161 0.305665
vt 0.040441 0.305665
vt 0.046161 0.271045
vt 0.040441 0.299845
vt 0.034621 0.299845
vt 0.034621 0.288305
vt 0.028901 0.288305
vt 0.017361 0.288305
vt 0.017361 0.299845
vt 0.023080 0.299845
vt 0.023080 0.305665
vt 0.028901 0.305665
vt 0.005820 0.299845
vt -0.000000 0.299845
vt -0.000000 0.282585
vt 0.005820 0.282585
vt 0.005820 0.253684
vt 0.011540 0.271045
vt 0.017361 0.271045
vt 0.017361 0.265224
vt 0.046161 0.265224
vt 0.046161 0.253684
vt 0.057701 0.271045
vt 0.875151 0.984136
vt 0.886591 0.984136
vt 0.959559 0.080202
vt 0.988560 0.448162
vt 0.988560 0.572797
vt 0.171598 0.989956
vt 0.971200 0.279374
vt 0.959559 0.109002
vt 0.953739 0.109002
vt 0.953739 0.097462
vt 0.971200 0.861403
vt 0.982840 0.913785
vt 0.354636 0.984136
vt 0.080782 0.334466
vt 0.069241 0.334466
vt 0.051981 0.340186
vt 0.086501 0.282585
vt 0.086501 0.305665
vt 0.051981 0.322925
vt 0.057701 0.322925
vt 0.057701 0.311385
vt 0.063521 0.311385
vt 0.063521 0.305665
vt 0.057701 0.276765
vt 0.069241 0.288305
vt 0.075062 0.288305
vt 0.892311 0.984136
vt 0.971200 0.530850
vt 0.977020 0.774099
vt 0.994280 0.950314
vt 0.988560 0.589957
vt 0.935208 0.302855
vt 0.935208 0.308575
vt 0.929488 0.268234
vt 0.935208 0.268234
vt 0.640031 0.265224
vt 0.640031 0.259504
vt 0.645851 0.259504
vt 0.651571 0.282585
vt 0.651571 0.299845
vt 0.640031 0.271045
vt 0.640031 0.299845
vt 0.971200 0.588551
vt 0.965480 0.577011
vt 0.599590 0.957336
vt 0.593870 0.957336
vt 0.623473 0.978316
vt 0.251945 0.940177
vt 0.847654 0.918423
vt 0.847654 0.901063
vt 0.859194 0.901063
vt 0.859194 0.918423
vt 0.613473 0.219164
vt 0.291717 0.966776
vt 0.242244 0.565270
vt 0.242244 0.588350
vt 0.236524 0.588350
vt 0.230704 0.582530
vt 0.230704 0.576810
vt 0.224984 0.570990
vt 0.224984 0.565270
vt 0.463315 0.966776
vt 0.200198 0.978316
vt 0.622770 0.945796
vt 0.847654 0.860622
vt 0.847654 0.843362
vt 0.853374 0.843362
vt 0.219164 0.582530
vt 0.835680 0.689503
vt 0.328271 0.420967
vt 0.328271 0.455588
vt 0.328271 0.507469
vt 0.322451 0.484388
vt 0.322451 0.438328
vt 0.322451 0.420967
vt 0.328271 0.374806
vt 0.328271 0.409427
vt 0.328271 0.415247
vt 0.322451 0.415247
vt 0.322451 0.392167
vt 0.322451 0.363266
vt 0.322451 0.340286
vt 0.322451 0.334466
vt 0.328271 0.334466
vt 0.923668 0.297135
vt 0.923668 0.302855
vt 0.917948 0.302855
vt 0.917948 0.279875
vt 0.923668 0.245254
vt 0.530449 0.253784
vt 0.524628 0.259504
vt 0.518908 0.253784
vt 0.224984 0.599891
vt 0.224984 0.605611
vt 0.835680 0.562561
vt 0.841500 0.562561
vt 0.841500 0.568281
vt 0.841500 0.585541
vt 0.841500 0.591361
vt 0.841500 0.608621
vt 0.835680 0.706663
vt 0.835680 0.672143
vt 0.835680 0.666322
vt 0.841500 0.614442
vt 0.841500 0.631702
vt 0.835680 0.718203
vt 0.835680 0.712483
vt 0.841500 0.718203
vt 0.841500 0.747104
vt 0.847220 0.677863
vt 0.847220 0.695123
vt 0.841500 0.695123
vt 0.841500 0.649062
vt 0.841500 0.654782
vt 0.841500 0.666322
vt 0.813033 0.873846
vt 0.818854 0.873846
vt 0.818854 0.879566
vt 0.824574 0.879566
vt 0.813033 0.885386
vt 0.830394 0.896926
vt 0.818854 0.896926
vt 0.830394 0.885386
vt 0.755332 0.947324
vt 0.749612 0.947324
vt 0.755332 0.924244
vt 0.622670 0.709473
vt 0.368986 0.219164
vt 0.916461 0.735463
vt 0.916461 0.752824
vt 0.910641 0.712383
vt 0.910641 0.689403
vt 0.965175 0.023080
vt 0.959355 0.011540
vt 0.245957 0.966776
vt 0.374706 0.196083
vt 0.374706 0.190363
vt 0.380526 0.190363
vt 0.380526 0.196083
vt 0.380526 0.207624
vt 0.363166 0.219164
vt 0.351625 0.219164
vt 0.351625 0.224884
vt 0.345906 0.224884
vt 0.345906 0.213344
vt 0.334365 0.196083
vt 0.357446 0.184543
vt 0.363166 0.184543
vt 0.345906 0.184543
vt 0.351625 0.184543
vt 0.861317 0.114822
vt 0.285997 0.966776
vt 0.690257 0.854882
vt 0.695567 0.852754
vt 0.697732 0.858157
vt 0.692422 0.860284
vt 0.696714 0.870996
vt 0.691405 0.873124
vt 0.691312 0.842135
vt 0.693439 0.847444
vt 0.680693 0.846390
vt 0.693532 0.878434
vt 0.682820 0.882726
vt 0.680693 0.877416
vt 0.686002 0.875289
vt 0.681710 0.864577
vt 0.994280 0.961754
vt 0.340085 0.196083
vt 0.268837 0.978316
vt 0.268837 0.966775
vt 0.971200 0.173103
vt 0.958289 0.233714
vt 0.763275 0.115402
vt 0.751735 0.121122
vt 0.740195 0.086501
vt 0.757455 0.098042
vt 0.062919 0.966775
vt 0.982840 0.931246
vt 0.988560 0.973194
vt 0.780536 0.023080
vt 0.774816 0.023080
vt 0.774816 0.005820
vt 0.780536 0.005820
vt 0.780536 0.000000
vt 0.792076 0.000000
vt 0.774816 0.080782
vt 0.768995 0.098042
vt 0.768995 0.092322
vt 0.340186 0.955272
vt 0.121323 0.939976
vt 0.115503 0.939976
vt 0.115503 0.916895
vt 0.795037 0.173453
vt 0.800840 0.173003
vt 0.802176 0.190211
vt 0.797267 0.202167
vt 0.789777 0.179599
vt 0.784868 0.191555
vt 0.977020 0.867223
vt 0.953739 0.149242
vt 0.947919 0.131982
vt 0.982840 0.937066
vt 0.213444 0.334466
vt 0.201904 0.334466
vt 0.201904 0.328746
vt 0.196083 0.328746
vt 0.219164 0.317205
vt 0.213444 0.299845
vt 0.965480 0.611631
vt 0.959559 0.131982
vt 0.953739 0.143522
vt 0.188758 0.995676
vt 0.928101 0.458699
vt 0.928101 0.447159
vt 0.933821 0.487499
vt 0.928101 0.481779
vt 0.988560 0.459803
vt 0.994280 0.384039
vt 0.988560 0.942886
vt 0.907578 0.161084
vt 0.907578 0.184164
vt 0.901758 0.184164
vt 0.901758 0.132183
vt 0.907578 0.132183
vt 0.812665 0.154311
vt 0.814266 0.159907
vt 0.808767 0.161480
vt 0.810340 0.166979
vt 0.799245 0.170153
vt 0.793649 0.171754
vt 0.792076 0.166255
vt 0.797671 0.164654
vt 0.796071 0.159058
vt 0.807166 0.155884
vt 0.818261 0.152710
vt 0.792076 0.124296
vt 0.803171 0.121122
vt 0.803992 0.144789
vt 0.809491 0.143216
vt 0.799245 0.128195
vt 0.793649 0.129795
vt 0.800846 0.133790
vt 0.190363 0.317205
vt 0.190363 0.299845
vt 0.196083 0.288305
vt 0.895024 0.931747
vt 0.883484 0.943288
vt 0.392066 0.884686
vt 0.392066 0.896226
vt 0.386246 0.896226
vt 0.374706 0.890506
vt 0.374706 0.884686
vt 0.380526 0.873146
vt 0.386246 0.873146
vt 0.939541 0.504759
vt 0.933821 0.533560
vt 0.340085 0.167283
vt 0.034621 0.247964
vt 0.962622 0.545100
vt 0.956802 0.556640
vt 0.371796 0.978316
vt 0.788816 0.397987
vt 0.777276 0.397987
vt 0.777276 0.392267
vt 0.771455 0.392267
vt 0.771455 0.386547
vt 0.765735 0.386547
vt 0.765735 0.380727
vt 0.771455 0.380727
vt 0.771455 0.375007
vt 0.777276 0.375007
vt 0.777276 0.426888
vt 0.777276 0.403807
vt 0.788816 0.403807
vt 0.788816 0.426888
vt 0.794536 0.426888
vt 0.777276 0.369187
vt 0.794536 0.409527
vt 0.777276 0.299945
vt 0.788816 0.299945
vt 0.788816 0.305766
vt 0.800356 0.392267
vt 0.794536 0.392267
vt 0.788816 0.346106
vt 0.794536 0.346106
vt 0.794536 0.351927
vt 0.788816 0.363467
vt 0.794536 0.363467
vt 0.800356 0.375007
vt 0.800356 0.380727
vt 0.988560 0.459803
vt 0.357446 0.161463
vt 0.345906 0.167283
vt 0.345906 0.161463
vt 0.334365 0.144203
vt 0.876020 0.522220
vt 0.876020 0.533760
vt 0.876020 0.545301
vt 0.876020 0.556841
vt 0.876020 0.562561
vt 0.870300 0.562561
vt 0.876020 0.493420
vt 0.876020 0.510680
vt 0.870300 0.522220
vt 0.876020 0.378018
vt 0.876020 0.464519
vt 0.876020 0.470339
vt 0.694255 0.268335
vt 0.694255 0.262615
vt 0.717335 0.262615
vt 0.717335 0.268335
vt 0.728876 0.268335
vt 0.711515 0.268335
vt 0.711515 0.279876
vt 0.711515 0.285696
vt 0.717335 0.297236
vt 0.700075 0.297236
vt 0.694255 0.291416
vt 0.700075 0.291416
vt 0.962622 0.504860
vt 0.200198 0.989956
vt 0.947919 0.143623
vt 0.942199 0.143623
vt 0.942199 0.120542
vt 0.380526 0.161463
vt 0.392066 0.167283
vt 0.386246 0.161463
vt 0.386246 0.178823
vt 0.386246 0.167283
vt 0.380526 0.178823
vt 0.363166 0.224884
vt 0.363166 0.236424
vt 0.403607 0.201904
vt 0.403607 0.196083
vt 0.409327 0.173003
vt 0.409327 0.224884
vt 0.363166 0.253784
vt 0.380526 0.236424
vt 0.386246 0.242244
vt 0.374706 0.259504
vt 0.363166 0.259504
vt 0.357446 0.265325
vt 0.351625 0.271045
vt 0.345906 0.271045
vt 0.345906 0.259504
vt 0.351625 0.242244
vt 0.357446 0.242244
vt 0.345906 0.247964
vt 0.051881 0.767073
vt 0.057701 0.767073
vt 0.057701 0.778513
vt 0.005720 0.715092
vt 0.051881 0.715092
vt 0.034621 0.726632
vt 0.034621 0.772793
vt 0.034621 0.720913
vt 0.051981 0.167183
vt 0.051981 0.144102
vt 0.957988 0.337476
vt 0.952268 0.354736
vt 0.565015 0.680572
vt 0.565015 0.669032
vt 0.565015 0.645951
vt 0.565015 0.628691
vt 0.565015 0.605611
vt 0.565015 0.692112
vt 0.565015 0.588250
vt 0.565015 0.559450
vt 0.565015 0.513289
vt 0.570734 0.513289
vt 0.570734 0.594070
vt 0.570734 0.622871
vt 0.570734 0.703652
vt 0.565015 0.703652
vt 0.778513 0.954727
vt 0.589154 0.978316
vt 0.982840 0.197890
vt 0.340085 0.086501
vt 0.345906 0.086501
vt 0.334365 0.086501
vt 0.357446 0.155743
vt 0.069241 0.126842
vt 0.080782 0.115302
vt 0.051981 0.115302
vt 0.063521 0.121022
vt 0.988560 0.960347
vt 0.929488 0.227894
vt 0.923668 0.187553
vt 0.962622 0.568180
vt 0.956801 0.568180
vt 0.956801 0.556640
vt 0.971200 0.426988
vt 0.965480 0.703953
vt 0.971200 0.703953
vt 0.971200 0.715493
vt 0.939541 0.649062
vt 0.939541 0.672143
vt 0.933821 0.706663
vt 0.928001 0.689403
vt 0.933821 0.666322
vt 0.086501 0.939976
vt 0.086501 0.934256
vt 0.098042 0.934256
vt 0.098042 0.945796
vt 0.946548 0.360556
vt 0.368986 0.936567
vt 0.374706 0.936567
vt 0.374706 0.953927
vt 0.745915 0.000000
vt 0.751735 0.000000
vt 0.751735 0.011540
vt 0.745915 0.051881
vt 0.611130 0.945796
vt 0.409327 0.253784
vt 0.386246 0.276865
vt 0.374706 0.276865
vt 0.374706 0.271045
vt 0.913298 0.120542
vt 0.919118 0.120542
vt 0.913298 0.178243
vt 0.530449 0.876655
vt 0.530449 0.865115
vt 0.536169 0.865115
vt 0.536169 0.876655
vt 0.536169 0.911276
vt 0.530449 0.911276
vt 0.536169 0.888195
vt 0.541989 0.894016
vt 0.806076 0.401961
vt 0.811757 0.400697
vt 0.831781 0.490718
vt 0.826100 0.491982
vt 0.828606 0.503247
vt 0.812329 0.430074
vt 0.814835 0.441339
vt 0.817341 0.452604
vt 0.818583 0.458187
vt 0.824858 0.486399
vt 0.819275 0.487641
vt 0.817341 0.505753
vt 0.816099 0.500169
vt 0.828034 0.527019
vt 0.028901 0.080681
vt 0.023080 0.069141
vt 0.017361 0.069141
vt 0.017361 0.028800
vt 0.017361 0.022980
vt 0.017361 0.000000
vt 0.028901 0.000000
vt 0.028901 0.011440
vt 0.034621 0.011440
vt 0.034621 0.017260
vt 0.034621 0.086501
vt 0.028901 0.086501
vt 0.040441 0.069141
vt 0.034621 0.074961
vt 0.040441 0.034520
vt 0.040441 0.051881
vt 0.761153 0.724124
vt 0.761153 0.735664
vt 0.755332 0.735664
vt 0.755332 0.741384
vt 0.743792 0.741384
vt 0.738072 0.729844
vt 0.738072 0.701043
vt 0.766873 0.724124
vt 0.749612 0.666423
vt 0.761153 0.683683
vt 0.368986 0.311486
vt 0.374706 0.311486
vt 0.374706 0.317306
vt 0.368986 0.317306
vt 0.368986 0.323026
vt 0.363166 0.305766
vt 0.368986 0.305766
vt 0.357446 0.299945
vt 0.363166 0.299945
vt 0.351625 0.311486
vt 0.357446 0.311486
vt 0.363166 0.328846
vt 0.357446 0.328846
vt 0.345906 0.323026
vt 0.154438 0.978316
vt 0.086501 0.461308
vt 0.080782 0.461308
vt 0.080782 0.449768
vt 0.080782 0.444048
vt 0.086501 0.369086
vt 0.086501 0.444048
vt 0.541989 0.928536
vt 0.040441 0.126842
vt 0.005820 0.126842
vt 0.005820 0.092221
vt 0.017361 0.092221
vt 0.977020 0.541287
vt 0.063521 0.720812
vt 0.063521 0.715092
vt 0.069241 0.715092
vt 0.069241 0.720812
vt 0.069241 0.726632
vt 0.063521 0.726632
vt 0.057701 0.732352
vt 0.057701 0.720812
vt 0.059382 0.732352
vt 0.057701 0.766973
vt 0.057701 0.755433
vt 0.063521 0.738173
vt 0.069241 0.772793
vt 0.063521 0.772793
vt 0.069241 0.761253
vt 0.069241 0.766973
vt 0.971200 0.380827
vt 0.795673 0.868126
vt 0.795673 0.862406
vt 0.813033 0.891206
vt 0.795673 0.891206
vt 0.977020 0.279374
vt 0.806076 0.449968
vt 0.806076 0.455688
vt 0.800256 0.455688
vt 0.800256 0.496029
vt 0.777276 0.496029
vt 0.806076 0.444148
vt 0.777276 0.501849
vt 0.777276 0.507569
vt 0.771455 0.536470
vt 0.765735 0.536470
vt 0.765735 0.530649
vt 0.788816 0.438428
vt 0.800256 0.438428
vt 0.777276 0.455688
vt 0.777276 0.444148
vt 0.788816 0.444148
vt 0.771455 0.473049
vt 0.765735 0.467228
vt 0.371796 0.978316
vt 0.994280 0.607117
vt 0.945261 0.775904
vt 0.201904 0.196083
vt 0.207624 0.196083
vt 0.207624 0.184543
vt 0.207624 0.173003
vt 0.213444 0.173003
vt 0.213444 0.247964
vt 0.196083 0.282585
vt 0.909471 0.978316
vt 0.148718 0.966776
vt 0.383236 0.978316
vt 0.486194 0.995676
vt 0.877663 0.966268
vt 0.917948 0.199093
vt 0.917948 0.187553
vt 0.923668 0.245254
vt 0.917948 0.245254
vt 0.917948 0.210633
vt 0.982840 0.477264
vt 0.977020 0.558748
vt 0.200198 0.995676
vt 0.864914 0.872162
vt 0.864914 0.877982
vt 0.859194 0.877982
vt 0.853374 0.872162
vt 0.870735 0.872162
vt 0.870735 0.854902
vt 0.080681 0.928636
vt 0.086501 0.945997
vt 0.407827 0.903355
vt 0.413648 0.903355
vt 0.419368 0.909175
vt 0.242244 0.224884
vt 0.895633 0.040341
vt 0.895633 0.046161
vt 0.889913 0.046161
vt 0.889913 0.034621
vt 0.895633 0.034621
vt 0.889913 0.011540
vt 0.901453 0.040341
vt 0.901453 0.005720
vt 0.901453 0.028800
vt 0.895633 0.000000
vt 0.813034 0.943087
vt 0.818854 0.954627
vt 0.288305 0.915433
vt 0.288305 0.909613
vt 0.294025 0.909613
vt 0.294025 0.892353
vt 0.299845 0.892353
vt 0.288305 0.903893
vt 0.288305 0.898073
vt 0.915191 0.984136
vt 0.374706 0.028800
vt 0.380526 0.028800
vt 0.380526 0.034621
vt 0.386246 0.063421
vt 0.392066 0.063421
vt 0.392066 0.080782
vt 0.374706 0.086501
vt 0.224984 0.224884
vt 0.548311 0.288405
vt 0.926631 0.978316
vt 0.298713 0.474744
vt 0.301252 0.492750
vt 0.386246 0.455688
vt 0.386246 0.461408
vt 0.380526 0.461408
vt 0.368986 0.455688
vt 0.374706 0.455688
vt 0.374706 0.438428
vt 0.397786 0.426888
vt 0.403607 0.472948
vt 0.397786 0.472948
vt 0.397786 0.455688
vt 0.397786 0.409527
vt 0.403607 0.409527
vt 0.403607 0.403807
vt 0.415147 0.403807
vt 0.392066 0.548010
vt 0.392066 0.513389
vt 0.397786 0.542190
vt 0.397786 0.548010
vt 0.415147 0.472948
vt 0.409327 0.484489
vt 0.409327 0.490309
vt 0.403607 0.519109
vt 0.377516 0.966776
vt 0.371796 0.978316
vt 0.419368 0.845653
vt 0.419368 0.839833
vt 0.425088 0.839833
vt 0.425088 0.845653
vt 0.430908 0.845653
vt 0.430908 0.851373
vt 0.419368 0.862913
vt 0.419368 0.851373
vt 0.436628 0.851373
vt 0.436628 0.857194
vt 0.436628 0.868734
vt 0.436628 0.874454
vt 0.430908 0.880274
vt 0.425088 0.880274
vt 0.425088 0.885994
vt 0.419368 0.885994
vt 0.419368 0.880274
vt 0.419368 0.874454
vt 0.419368 0.868734
vt 0.988560 0.971987
vt 0.491914 0.989956
vt 0.282485 0.950054
vt 0.288305 0.961594
vt 0.910641 0.528040
vt 0.904820 0.528040
vt 0.910641 0.453079
vt 0.910641 0.464619
vt 0.910641 0.510780
vt 0.184543 0.213344
vt 0.173003 0.196083
vt 0.924634 0.051881
vt 0.932351 0.978316
vt 0.651470 0.951717
vt 0.645751 0.957437
vt 0.636554 0.173003
vt 0.636554 0.161463
vt 0.642374 0.161463
vt 0.642374 0.173003
vt 0.630834 0.190363
vt 0.630834 0.184543
vt 0.636554 0.184543
vt 0.642374 0.196083
vt 0.648094 0.201904
vt 0.619294 0.167283
vt 0.625014 0.167283
vt 0.625014 0.190363
vt 0.613473 0.161463
vt 0.607753 0.161463
vt 0.607753 0.126842
vt 0.613473 0.126842
vt 0.619294 0.126842
vt 0.607753 0.115302
vt 0.619294 0.103862
vt 0.619294 0.115302
vt 0.613473 0.074961
vt 0.613473 0.086501
vt 0.910741 0.758644
vt 0.916461 0.758644
vt 0.916461 0.770184
vt 0.916461 0.822166
vt 0.910741 0.822166
vt 0.916461 0.804805
vt 0.069241 0.536269
vt 0.063521 0.536269
vt 0.063521 0.542089
vt 0.057701 0.542089
vt 0.057701 0.547809
vt 0.051981 0.547809
vt 0.051981 0.553630
vt 0.034621 0.553630
vt 0.034621 0.547809
vt 0.028901 0.547809
vt 0.028901 0.542089
vt 0.023080 0.542089
vt 0.040441 0.467128
vt 0.040441 0.472848
vt 0.040441 0.490208
vt 0.046161 0.490208
vt 0.046161 0.478668
vt 0.057701 0.495928
vt 0.069241 0.507469
vt 0.063521 0.495928
vt 0.830394 0.925827
vt 0.830394 0.931547
vt 0.824574 0.896926
vt 0.830394 0.896926
vt 0.971200 0.034621
vt 0.965480 0.023080
vt 0.201803 0.357546
vt 0.207624 0.357546
vt 0.207624 0.363366
vt 0.207624 0.380626
vt 0.201803 0.346006
vt 0.190263 0.340286
vt 0.196083 0.340286
vt 0.161463 0.334466
vt 0.190263 0.334466
vt 0.167183 0.351826
vt 0.161463 0.351826
vt 0.167183 0.340286
vt 0.178723 0.340286
vt 0.190263 0.346006
vt 0.178723 0.346006
vt 0.190263 0.351826
vt 0.196083 0.363366
vt 0.201803 0.432507
vt 0.219164 0.432507
vt 0.213344 0.409427
vt 0.834398 0.236424
vt 0.840218 0.236424
vt 0.840218 0.242244
vt 0.834398 0.242244
vt 0.834398 0.317205
vt 0.828678 0.317205
vt 0.840218 0.196083
vt 0.840218 0.230704
vt 0.834398 0.230704
vt 0.834398 0.196083
vt 0.828678 0.311486
vt 0.828678 0.299945
vt 0.822858 0.299945
vt 0.822858 0.288405
vt 0.822858 0.178823
vt 0.822858 0.173003
vt 0.828678 0.178823
vt 0.828678 0.288405
vt 0.828678 0.207624
vt 0.828678 0.213444
vt 0.913298 0.126262
vt 0.913298 0.132082
vt 0.907578 0.132082
vt 0.907578 0.126262
vt 0.913298 0.080202
vt 0.907578 0.091642
vt 0.913298 0.074381
vt 0.907578 0.057121
vt 0.913298 0.057121
vt 0.994280 0.612837
vt 0.933721 0.747104
vt 0.928001 0.706663
vt 0.933821 0.527840
vt 0.928101 0.568180
vt 0.988560 0.279374
vt 0.183038 0.978316
vt 0.301808 0.522225
vt 0.276011 0.535077
vt 0.285294 0.484034
vt 0.294583 0.497452
vt 0.288857 0.496411
vt 0.290922 0.485057
vt 0.283704 0.524747
vt 0.289430 0.525788
vt 0.386246 0.861706
vt 0.392066 0.861706
vt 0.368986 0.873146
vt 0.374706 0.867426
vt 0.201803 0.495928
vt 0.201803 0.507469
vt 0.196083 0.507469
vt 0.196083 0.501749
vt 0.184543 0.501749
vt 0.184543 0.495928
vt 0.167183 0.495928
vt 0.167183 0.484488
vt 0.190263 0.478668
vt 0.196083 0.490208
vt 0.709272 0.897026
vt 0.715092 0.931647
vt 0.328645 0.507569
vt 0.553529 0.957336
vt 0.547809 0.940076
vt 0.109682 0.939976
vt 0.103862 0.916895
vt 0.029001 0.956724
vt 0.023181 0.939463
vt 0.884397 0.166703
vt 0.884397 0.132082
vt 0.890117 0.126262
vt 0.755433 0.941403
vt 0.761253 0.941403
vt 0.761253 0.952944
vt 0.051479 0.978316
vt 0.642374 0.063421
vt 0.648094 0.063421
vt 0.648094 0.074961
vt 0.642374 0.086501
vt 0.642374 0.069241
vt 0.619294 0.074961
vt 0.813033 0.862406
vt 0.807213 0.862406
vt 0.807213 0.810525
vt 0.813033 0.810525
vt 0.726632 0.822065
vt 0.726632 0.833605
vt 0.732352 0.833605
vt 0.732352 0.850966
vt 0.715092 0.816345
vt 0.720812 0.816345
vt 0.715092 0.822065
vt 0.709272 0.827885
vt 0.709272 0.822065
vt 0.715092 0.862406
vt 0.709272 0.873946
vt 0.709272 0.862406
vt 0.703552 0.862406
vt 0.703552 0.856686
vt 0.697732 0.856686
vt 0.697732 0.839426
vt 0.703552 0.839426
vt 0.977020 0.291015
vt 0.075062 0.005720
vt 0.057701 0.028800
vt 0.051981 0.046061
vt 0.051981 0.022980
vt 0.051981 0.011440
vt 0.057701 0.011440
vt 0.950981 0.550920
vt 0.594874 0.966775
vt 0.600593 0.978316
vt 0.958389 0.308876
vt 0.904820 0.522220
vt 0.904820 0.533760
vt 0.904820 0.556740
vt 0.904820 0.597181
vt 0.899100 0.597181
vt 0.899100 0.527940
vt 0.899100 0.487599
vt 0.904820 0.487599
vt 0.899100 0.493319
vt 0.380526 0.005720
vt 0.386246 0.005720
vt 0.397786 0.051881
vt 0.380526 0.023080
vt 0.397786 0.057701
vt 0.743792 0.568381
vt 0.755332 0.574101
vt 0.755332 0.631802
vt 0.380526 0.953927
vt 0.148718 0.984136
vt 0.761153 0.562561
vt 0.761153 0.574101
vt 0.988560 0.983628
vt 0.950981 0.752824
vt 0.945261 0.775904
vt 0.000000 0.989956
vt 0.938071 0.978316
vt 0.953535 0.051981
vt 0.665455 0.207624
vt 0.665455 0.236524
vt 0.178823 0.201803
vt 0.184543 0.201803
vt 0.063521 0.092221
vt 0.069241 0.092221
vt 0.080782 0.092221
vt 0.063521 0.074961
vt 0.069241 0.074961
vt 0.075062 0.046061
vt 0.051981 0.074961
vt 0.011440 0.989956
vt 0.924838 0.172423
vt 0.919118 0.172423
vt 0.919118 0.120542
vt 0.786356 0.173003
vt 0.768995 0.173003
vt 0.768995 0.167283
vt 0.774816 0.167283
vt 0.774816 0.161463
vt 0.780536 0.161463
vt 0.768995 0.121122
vt 0.774816 0.132662
vt 0.774816 0.121122
vt 0.011440 0.989956
vt 0.605310 0.899736
vt 0.611130 0.911276
vt 0.605310 0.934256
vt 0.949511 0.984136
vt 0.201904 0.149922
vt 0.207624 0.149922
vt 0.207624 0.138382
vt 0.213444 0.126842
vt 0.224984 0.115302
vt 0.219164 0.144102
vt 0.154438 0.978316
vt 0.988560 0.641437
vt 0.063521 0.000000
vt 0.069241 0.000000
vt 0.977020 0.023281
vt 0.977020 0.477264
vt 0.282585 0.782771
vt 0.288305 0.782771
vt 0.282585 0.794311
vt 0.271045 0.834652
vt 0.265224 0.834652
vt 0.265224 0.811571
vt 0.271045 0.794311
vt 0.040441 0.017260
vt 0.388955 0.966775
vt 0.394675 0.978316
vt 0.397786 0.000000
vt 0.971200 0.873043
vt 0.977020 0.878864
vt 0.028600 0.984136
vt 0.034320 0.989956
vt 0.946448 0.337476
vt 0.940728 0.314395
vt 0.394675 0.984136
vt 0.257665 0.888296
vt 0.251945 0.888296
vt 0.251945 0.865215
vt 0.263485 0.842135
vt 0.263485 0.847855
vt 0.257665 0.847855
vt 0.263485 0.894016
vt 0.257665 0.894016
vt 0.263485 0.882475
vt 0.257665 0.870935
vt 0.263485 0.703652
vt 0.154438 0.978316
vt 0.160158 0.984136
vt 0.988560 0.483084
vt 0.988560 0.652876
vt 0.994280 0.395479
vt 0.982840 0.203710
vt 0.813716 0.398442
vt 0.807996 0.398442
vt 0.807996 0.386902
vt 0.802176 0.386902
vt 0.802176 0.381182
vt 0.819536 0.369642
vt 0.819536 0.386902
vt 0.807996 0.358101
vt 0.813716 0.358101
vt 0.994280 0.664316
vt 0.977020 0.878864
vt 0.959660 0.166703
vt 0.045759 0.989956
vt 0.217357 0.995676
vt 0.046139 0.830394
vt 0.910741 0.666423
vt 0.910741 0.672143
vt 0.904921 0.672143
vt 0.904921 0.666423
vt 0.910741 0.660602
vt 0.904921 0.660602
vt 0.910741 0.654882
vt 0.904921 0.654882
vt 0.904921 0.597181
vt 0.910741 0.597181
vt 0.988560 0.670036
vt 0.971200 0.623172
vt 0.977020 0.483084
vt 0.956801 0.649062
vt 0.417555 0.978316
vt 0.988560 0.681476
vt 0.428995 0.984136
vt 0.971200 0.296835
vt 0.899201 0.862506
vt 0.899201 0.874046
vt 0.893381 0.874046
vt 0.893381 0.850966
vt 0.899201 0.856686
vt 0.893381 0.758644
vt 0.899201 0.758644
vt 0.899201 0.850966
vt 0.899201 0.770184
vt 0.899201 0.787545
vt 0.899201 0.827885
vt 0.977020 0.890504
vt 0.068639 0.984136
vt 0.703552 0.920107
vt 0.697732 0.943187
vt 0.965480 0.680873
vt 0.962622 0.424078
vt 0.956802 0.412538
vt 0.795773 0.897026
vt 0.795773 0.891206
vt 0.801493 0.891206
vt 0.795773 0.914286
vt 0.789953 0.908567
vt 0.789953 0.902746
vt 0.357446 0.438428
vt 0.373133 0.748796
vt 0.378136 0.751568
vt 0.375316 0.756659
vt 0.390501 0.765073
vt 0.362537 0.815545
vt 0.357446 0.812724
vt 0.368631 0.792535
vt 0.374224 0.782441
vt 0.382638 0.767255
vt 0.362449 0.756070
vt 0.357446 0.753298
vt 0.357947 0.740383
vt 0.363540 0.730288
vt 0.380908 0.746565
vt 0.080079 0.989956
vt 0.160158 0.966775
vt 0.165878 0.966775
vt 0.165878 0.978316
vt 0.726532 0.608722
vt 0.714992 0.608722
vt 0.709272 0.574101
vt 0.726532 0.568281
vt 0.380526 0.426888
vt 0.895024 0.931747
vt 0.177318 0.978316
vt 0.177318 0.966775
vt 0.982840 0.215350
vt 0.881740 0.510680
vt 0.881740 0.533760
vt 0.876020 0.378018
vt 0.881740 0.378018
vt 0.881740 0.389558
vt 0.881740 0.493420
vt 0.881740 0.481880
vt 0.881740 0.412638
vt 0.946448 0.360556
vt 0.653914 0.074961
vt 0.648094 0.103862
vt 0.642374 0.098042
vt 0.051959 0.934256
vt 0.063500 0.945796
vt 0.565069 0.911276
vt 0.553529 0.865115
vt 0.294125 0.915433
vt 0.551125 0.553928
vt 0.545418 0.553534
vt 0.546206 0.542121
vt 0.548196 0.513289
vt 0.554146 0.594673
vt 0.559852 0.595067
vt 0.559058 0.606580
vt 0.542633 0.593879
vt 0.544623 0.565046
vt 0.550330 0.565440
vt 0.564864 0.606981
vt 0.562480 0.641519
vt 0.556674 0.641119
vt 0.548340 0.594273
vt 0.547795 0.686676
vt 0.541989 0.686275
vt 0.547001 0.698189
vt 0.556129 0.733522
vt 0.550323 0.733121
vt 0.565015 0.687864
vt 0.564614 0.693671
vt 0.559702 0.681764
vt 0.559308 0.687470
vt 0.593870 0.957336
vt 0.588150 0.957336
vt 0.588150 0.940076
vt 0.988560 0.704356
vt 0.451875 0.984136
vt 0.988560 0.483084
vt 0.945261 0.919906
vt 0.939541 0.942986
vt 0.144203 0.761253
vt 0.138382 0.761253
vt 0.138382 0.749713
vt 0.138382 0.738173
vt 0.138382 0.732453
vt 0.138382 0.703552
vt 0.144203 0.680471
vt 0.144203 0.732453
vt 0.144203 0.749713
vt 0.132662 0.703552
vt 0.132662 0.686292
vt 0.126942 0.640131
vt 0.132662 0.640131
vt 0.132662 0.680471
vt 0.126942 0.674752
vt 0.126942 0.686292
vt 0.126942 0.715092
vt 0.121122 0.715092
vt 0.115402 0.663211
vt 0.103862 0.663211
vt 0.109582 0.715092
vt 0.109582 0.709372
vt 0.103862 0.709372
vt 0.103862 0.692012
vt 0.835680 0.574101
vt 0.246125 0.836315
vt 0.246125 0.842135
vt 0.228864 0.842135
vt 0.977020 0.663513
vt 0.971200 0.057701
vt 0.671175 0.132662
vt 0.671175 0.138483
vt 0.665455 0.138483
vt 0.682715 0.132662
vt 0.682715 0.092322
vt 0.694255 0.075062
vt 0.694255 0.092322
vt 0.682715 0.075062
vt 0.682715 0.000000
vt 0.682715 0.057701
vt 0.671175 0.046161
vt 0.671175 0.000000
vt 0.665455 0.075062
vt 0.665455 0.046161
vt 0.659634 0.080782
vt 0.659634 0.075062
vt 0.653914 0.086602
vt 0.653914 0.080782
vt 0.665455 0.092322
vt 0.659634 0.092322
vt 0.659634 0.086602
vt 0.659634 0.138483
vt 0.659634 0.132662
vt 0.665455 0.132662
vt 0.653914 0.207624
vt 0.653914 0.138483
vt 0.665455 0.150023
vt 0.665455 0.276865
vt 0.659634 0.276865
vt 0.659634 0.271145
vt 0.665455 0.155743
vt 0.665455 0.248065
vt 0.665455 0.196083
vt 0.549114 0.978316
vt 0.171598 0.984136
vt 0.982740 0.791560
vt 0.228797 0.989956
vt 0.933721 0.937467
vt 0.939541 0.937467
vt 0.933721 0.954727
vt 0.177318 0.978316
vt 0.246125 0.692112
vt 0.228864 0.628691
vt 0.246125 0.669132
vt 0.234584 0.697932
vt 0.263485 0.772894
vt 0.228864 0.709473
vt 0.234584 0.709473
vt 0.228864 0.744093
vt 0.228864 0.715193
vt 0.743993 0.941604
vt 0.263485 0.628691
vt 0.977020 0.483084
vt 0.051959 0.876555
vt 0.057679 0.876555
vt 0.057679 0.888095
vt 0.057679 0.922716
vt 0.051959 0.922716
vt 0.490108 0.449968
vt 0.490108 0.461408
vt 0.490108 0.472948
vt 0.495828 0.484489
vt 0.495828 0.501849
vt 0.478568 0.484489
vt 0.478568 0.472948
vt 0.484388 0.472948
vt 0.484388 0.461408
vt 0.495828 0.403807
vt 0.495828 0.449968
vt 0.484388 0.455688
vt 0.484388 0.403807
vt 0.484388 0.426888
vt 0.467028 0.455688
vt 0.467028 0.461408
vt 0.461308 0.461408
vt 0.461308 0.472948
vt 0.449768 0.472948
vt 0.449768 0.467228
vt 0.443947 0.467228
vt 0.443947 0.461408
vt 0.455487 0.455688
vt 0.455487 0.449968
vt 0.461308 0.449968
vt 0.461308 0.444148
vt 0.467028 0.444148
vt 0.467028 0.438428
vt 0.455487 0.438428
vt 0.455487 0.432608
vt 0.449768 0.432608
vt 0.455487 0.403807
vt 0.443947 0.392267
vt 0.443947 0.380727
vt 0.438227 0.380727
vt 0.438227 0.374907
vt 0.432407 0.374907
vt 0.432407 0.369187
vt 0.426687 0.369187
vt 0.426687 0.357646
vt 0.415147 0.357646
vt 0.415147 0.351927
vt 0.415147 0.346106
vt 0.415147 0.340386
vt 0.426687 0.328846
vt 0.432407 0.328846
vt 0.432407 0.317306
vt 0.438227 0.317306
vt 0.438227 0.299945
vt 0.443947 0.299945
vt 0.443947 0.305766
vt 0.449768 0.305766
vt 0.449768 0.311486
vt 0.472848 0.426888
vt 0.461308 0.421067
vt 0.467028 0.421067
vt 0.467028 0.426888
vt 0.455487 0.311486
vt 0.455487 0.305766
vt 0.461308 0.305766
vt 0.461308 0.392267
vt 0.461308 0.403807
vt 0.461308 0.299945
vt 0.467028 0.299945
vt 0.467028 0.311486
vt 0.472848 0.311486
vt 0.472848 0.323026
vt 0.478568 0.323026
vt 0.478568 0.328846
vt 0.461308 0.386447
vt 0.467028 0.380727
vt 0.467028 0.386447
vt 0.472848 0.374907
vt 0.472848 0.380727
vt 0.478568 0.363366
vt 0.478568 0.374907
vt 0.461308 0.374907
vt 0.461308 0.363366
vt 0.467028 0.363366
vt 0.467028 0.328846
vt 0.461308 0.328846
vt 0.461308 0.323026
vt 0.455487 0.323026
vt 0.455487 0.317306
vt 0.449768 0.317306
vt 0.449768 0.323026
vt 0.443947 0.323026
vt 0.443947 0.334566
vt 0.438227 0.334566
vt 0.438227 0.351927
vt 0.443947 0.363366
vt 0.443947 0.369187
vt 0.449768 0.369187
vt 0.449768 0.374907
vt 0.455487 0.374907
vt 0.240405 0.784434
vt 0.835680 0.568381
vt 0.812599 0.568381
vt 0.818319 0.562561
vt 0.829859 0.562561
vt 0.709272 0.579821
vt 0.703552 0.585641
vt 0.697732 0.654782
vt 0.697732 0.625982
vt 0.697732 0.614442
vt 0.703552 0.724023
vt 0.697732 0.724023
vt 0.703552 0.718304
vt 0.703552 0.700943
vt 0.703552 0.631802
vt 0.703552 0.683683
vt 0.207624 0.121122
vt 0.207624 0.109582
vt 0.213444 0.098042
vt 0.213444 0.109582
vt 0.219164 0.109582
vt 0.726632 0.908567
vt 0.715092 0.908567
vt 0.715092 0.902847
vt 0.720812 0.902847
vt 0.726632 0.891306
vt 0.715092 0.879766
vt 0.715092 0.873946
vt 0.720812 0.879766
vt 0.680471 0.784534
vt 0.686191 0.784534
vt 0.686191 0.796074
vt 0.674651 0.796074
vt 0.674651 0.784534
vt 0.668931 0.784534
vt 0.668931 0.778814
vt 0.657391 0.778814
vt 0.657391 0.784534
vt 0.674651 0.778814
vt 0.680471 0.778814
vt 0.674651 0.755734
vt 0.663111 0.772994
vt 0.651571 0.778814
vt 0.651571 0.755734
vt 0.657391 0.772994
vt 0.645851 0.778814
vt 0.651571 0.796074
vt 0.640031 0.784534
vt 0.494529 0.946097
vt 0.978110 0.978316
vt 0.068639 0.989956
vt 0.988560 0.488904
vt 0.806512 0.989956
vt 0.959459 0.080202
vt 0.640031 0.299945
vt 0.971200 0.784734
vt 0.017160 0.978316
vt 0.946648 0.210633
vt 0.940928 0.210633
vt 0.940928 0.187553
vt 0.761153 0.895242
vt 0.761153 0.918323
vt 0.755433 0.918323
vt 0.755433 0.906783
vt 0.755433 0.854902
vt 0.761153 0.854902
vt 0.755433 0.895242
vt 0.755433 0.860622
vt 0.471349 0.888296
vt 0.465629 0.888296
vt 0.465629 0.894016
vt 0.459808 0.894016
vt 0.459808 0.882475
vt 0.465629 0.853675
vt 0.459808 0.853675
vt 0.459808 0.842135
vt 0.034599 0.905456
vt 0.034599 0.899635
vt 0.040419 0.934256
vt 0.023080 0.196083
vt 0.023080 0.213344
vt 0.028901 0.167183
vt 0.034621 0.149923
vt 0.034621 0.167183
vt 0.040441 0.132562
vt 0.040441 0.149923
vt 0.005820 0.230604
vt 0.017361 0.259504
vt 0.194478 0.978316
vt 0.565069 0.957336
vt 0.956802 0.648862
vt 0.046139 0.945796
vt 0.040419 0.957336
vt 0.994280 0.040040
vt 0.234517 0.995676
vt 0.240237 0.989956
vt 0.213344 0.369086
vt 0.219164 0.369086
vt 0.951182 0.700943
vt 0.945362 0.700943
vt 0.945362 0.683583
vt 0.380426 0.919307
vt 0.374706 0.919307
vt 0.374706 0.896226
vt 0.386246 0.913486
vt 0.126942 0.876555
vt 0.126942 0.870735
vt 0.132662 0.888095
vt 0.126942 0.922716
vt 0.062919 0.978316
vt 0.436728 0.882476
vt 0.436728 0.842135
vt 0.459808 0.882476
vt 0.219063 0.940733
vt 0.224783 0.957993
vt 0.994280 0.978914
vt 0.965480 0.565471
vt 0.028901 0.893303
vt 0.028901 0.904843
vt 0.023181 0.910663
vt 0.017361 0.876042
vt 0.028901 0.876042
vt 0.183038 0.978316
vt 0.245957 0.995676
vt 0.178823 0.098042
vt 0.167283 0.086501
vt 0.924838 0.137802
vt 0.930659 0.120542
vt 0.924838 0.160883
vt 0.933821 0.683582
vt 0.939642 0.683582
vt 0.939642 0.689403
vt 0.939642 0.706663
vt 0.933821 0.706663
vt 0.392066 0.276865
vt 0.392066 0.282585
vt 0.386246 0.282585
vt 0.380526 0.282585
vt 0.380526 0.294125
vt 0.374706 0.294125
vt 0.409327 0.276865
vt 0.374706 0.299945
vt 0.368986 0.299945
vt 0.368986 0.294125
vt 0.363166 0.294125
vt 0.363166 0.288405
vt 0.357446 0.288405
vt 0.357446 0.282585
vt 0.351625 0.282585
vt 0.351625 0.276865
vt 0.334365 0.276865
vt 0.334365 0.294125
vt 0.345906 0.294125
vt 0.345906 0.299945
vt 0.334365 0.299945
vt 0.328645 0.299945
vt 0.328645 0.271045
vt 0.334365 0.271045
vt 0.962622 0.579720
vt 0.825277 0.966776
vt 0.988560 0.500545
vt 0.977020 0.809020
vt 0.994280 0.406919
vt 0.213444 0.622871
vt 0.207624 0.628691
vt 0.201904 0.628691
vt 0.263485 0.813234
vt 0.263485 0.819054
vt 0.257665 0.819054
vt 0.251945 0.819054
vt 0.251945 0.824774
vt 0.246125 0.824774
vt 0.257665 0.813234
vt 0.246125 0.772894
vt 0.257665 0.772894
vt 0.228864 0.830595
vt 0.228864 0.807514
vt 0.228864 0.795974
vt 0.234584 0.790154
vt 0.831097 0.966776
vt 0.977020 0.890504
vt 0.982740 0.820661
vt 0.434715 0.984136
vt 0.813033 0.914286
vt 0.807314 0.914286
vt 0.801493 0.902746
vt 0.801493 0.896926
vt 0.813033 0.891206
vt 0.715092 0.954627
vt 0.715092 0.937367
vt 0.600594 0.989956
vt 0.956802 0.464519
vt 0.823671 0.995676
vt 0.982840 0.215350
vt 0.829391 0.989956
vt 0.108679 0.989956
vt 0.732352 0.862406
vt 0.726632 0.862406
vt 0.726632 0.868226
vt 0.720812 0.873946
vt 0.871687 0.297135
vt 0.871687 0.372096
vt 0.865867 0.372096
vt 0.865867 0.366376
vt 0.871687 0.291415
vt 0.865867 0.354836
vt 0.871687 0.245254
vt 0.865867 0.343296
vt 0.865867 0.187553
vt 0.871687 0.187553
vt 0.865867 0.331756
vt 0.865867 0.274055
vt 0.865867 0.279875
vt 0.865867 0.320215
vt 0.865867 0.302955
vt 0.988560 0.500545
vt 0.514794 0.995676
vt 0.924738 0.057121
vt 0.930558 0.057121
vt 0.930558 0.062841
vt 0.930558 0.068661
vt 0.924738 0.091742
vt 0.930558 0.097462
vt 0.971200 0.807815
vt 0.276765 0.771231
vt 0.184543 0.046061
vt 0.988560 0.023281
vt 0.950981 0.527840
vt 0.842738 0.966776
vt 0.446155 0.978316
vt 0.982740 0.826481
vt 0.994280 0.875954
vt 0.463315 0.966775
vt 0.469035 0.978316
vt 0.257397 0.989956
vt 0.858760 0.735564
vt 0.858760 0.747104
vt 0.853040 0.747104
vt 0.853040 0.741384
vt 0.858760 0.660602
vt 0.853040 0.735564
vt 0.847220 0.631802
vt 0.847220 0.625982
vt 0.853040 0.631802
vt 0.853040 0.724023
vt 0.853040 0.637522
vt 0.853040 0.654782
vt 0.853040 0.718304
vt 0.853040 0.700943
vt 0.853040 0.660602
vt 0.125839 0.989956
vt 0.877663 0.920207
vt 0.674651 0.703753
vt 0.977020 0.302655
vt 0.768995 0.247964
vt 0.768995 0.282585
vt 0.763275 0.282585
vt 0.763275 0.259504
vt 0.757455 0.276865
vt 0.757455 0.271045
vt 0.763275 0.271045
vt 0.745915 0.271045
vt 0.745915 0.276865
vt 0.740195 0.299845
vt 0.740195 0.253784
vt 0.734375 0.282585
vt 0.697832 0.995676
vt 0.451875 0.984136
vt 0.451875 0.984136
vt 0.623473 0.989956
vt 0.977020 0.570389
vt 0.962622 0.516400
vt 0.852271 0.995676
vt 0.413648 0.943795
vt 0.956802 0.666322
vt 0.950981 0.683582
vt 0.299845 0.817392
vt 0.299845 0.823112
vt 0.282585 0.846192
vt 0.282585 0.828932
vt 0.276765 0.828932
vt 0.553529 0.745062
vt 0.553529 0.739342
vt 0.559249 0.733522
vt 0.251844 0.917096
vt 0.251844 0.928536
vt 0.246125 0.928536
vt 0.246125 0.882476
vt 0.251844 0.882476
vt 0.982840 0.040742
vt 0.988560 0.046562
vt 0.988560 0.506365
vt 0.188758 0.978316
vt 0.415147 0.346106
vt 0.415147 0.351927
vt 0.409327 0.351927
vt 0.409327 0.357646
vt 0.397786 0.357646
vt 0.397786 0.369187
vt 0.392066 0.369187
vt 0.392066 0.374907
vt 0.386246 0.374907
vt 0.386246 0.380727
vt 0.374706 0.432608
vt 0.368986 0.432608
vt 0.363166 0.444148
vt 0.363166 0.449968
vt 0.368986 0.449968
vt 0.380526 0.467228
vt 0.374706 0.467228
vt 0.374706 0.472948
vt 0.363166 0.472948
vt 0.363166 0.461408
vt 0.357446 0.461408
vt 0.357446 0.455688
vt 0.340085 0.455688
vt 0.345906 0.524929
vt 0.351625 0.524929
vt 0.351625 0.530649
vt 0.351625 0.536470
vt 0.351625 0.542190
vt 0.340085 0.542190
vt 0.328645 0.542190
vt 0.397786 0.340386
vt 0.409327 0.340386
vt 0.409327 0.346106
vt 0.392066 0.328846
vt 0.397786 0.328846
vt 0.386246 0.317306
vt 0.392066 0.317306
vt 0.380526 0.299945
vt 0.386246 0.299945
vt 0.374706 0.305766
vt 0.380526 0.305766
vt 0.328645 0.403807
vt 0.340085 0.403807
vt 0.340085 0.426888
vt 0.357446 0.426888
vt 0.357446 0.421067
vt 0.363166 0.421067
vt 0.363166 0.403807
vt 0.363166 0.392267
vt 0.357446 0.386447
vt 0.357446 0.380727
vt 0.351625 0.380727
vt 0.351625 0.374907
vt 0.345906 0.374907
vt 0.345906 0.363366
vt 0.340085 0.363366
vt 0.340085 0.357646
vt 0.328645 0.357646
vt 0.328645 0.346106
vt 0.334365 0.346106
vt 0.334365 0.340386
vt 0.340085 0.340386
vt 0.340085 0.334566
vt 0.345906 0.334566
vt 0.374706 0.323026
vt 0.386246 0.334566
vt 0.380526 0.334566
vt 0.380526 0.323026
vt 0.386246 0.363366
vt 0.380526 0.369187
vt 0.380526 0.363366
vt 0.374706 0.374907
vt 0.374706 0.369187
vt 0.357446 0.363366
vt 0.363166 0.363366
vt 0.357446 0.357646
vt 0.357446 0.340386
vt 0.351625 0.340386
vt 0.994280 0.732956
vt 0.977020 0.937066
vt 0.383235 0.989956
vt 0.457595 0.989956
vt 0.977020 0.803200
vt 0.922181 0.435719
vt 0.714992 0.995676
vt 0.463315 0.989956
vt 0.900688 0.297235
vt 0.965380 0.155163
vt 0.629193 0.984136
vt 0.411835 0.984136
vt 0.520514 0.989956
vt 0.011440 0.989956
vt 0.994280 0.738676
vt 0.063421 0.784334
vt 0.069241 0.772793
vt 0.994280 0.051479
vt 0.657793 0.978316
vt 0.829392 0.984136
vt 0.835111 0.989956
vt 0.531954 0.966775
vt 0.916461 0.804805
vt 0.922181 0.804805
vt 0.916461 0.862506
vt 0.916461 0.845146
vt 0.086401 0.559450
vt 0.086401 0.553630
vt 0.092221 0.553630
vt 0.097941 0.553630
vt 0.149822 0.553630
vt 0.149822 0.559450
vt 0.080681 0.570990
vt 0.080681 0.559450
vt 0.097941 0.576710
vt 0.086401 0.576710
vt 0.086401 0.570990
vt 0.144102 0.559450
vt 0.138382 0.559450
vt 0.097941 0.565170
vt 0.109482 0.570990
vt 0.103762 0.570990
vt 0.103762 0.565170
vt 0.109482 0.559450
vt 0.138382 0.570990
vt 0.144102 0.570990
vt 0.144102 0.582530
vt 0.149822 0.582530
vt 0.149822 0.594070
vt 0.161362 0.594070
vt 0.161362 0.599790
vt 0.155642 0.599790
vt 0.155642 0.605611
vt 0.149822 0.605611
vt 0.132562 0.559450
vt 0.149822 0.611331
vt 0.138382 0.628691
vt 0.126842 0.605611
vt 0.121022 0.565170
vt 0.132562 0.565170
vt 0.126842 0.622871
vt 0.144102 0.628691
vt 0.144102 0.634411
vt 0.138382 0.634411
vt 0.138382 0.640131
vt 0.115302 0.634411
vt 0.109482 0.628691
vt 0.080681 0.622871
vt 0.097941 0.622871
vt 0.205918 0.978316
vt 0.518908 0.893915
vt 0.518908 0.870835
vt 0.524628 0.870835
vt 0.524628 0.876655
vt 0.530449 0.876655
vt 0.518908 0.905456
vt 0.518908 0.899736
vt 0.971200 0.308476
vt 0.469035 0.984136
vt 0.848558 0.966776
vt 0.982740 0.838122
vt 0.480475 0.984136
vt 0.948019 0.155163
vt 0.942299 0.178243
vt 0.541989 0.738273
vt 0.541989 0.743993
vt 0.536169 0.743993
vt 0.530449 0.743993
vt 0.536169 0.709372
vt 0.541989 0.709372
vt 0.541989 0.715193
vt 0.541989 0.732453
vt 0.541989 0.720913
vt 0.622770 0.957336
vt 0.326036 0.966775
vt 0.962622 0.504860
vt 0.988560 0.058203
vt 0.994280 0.738676
vt 0.933721 0.781724
vt 0.933721 0.787444
vt 0.927901 0.747104
vt 0.994280 0.418358
vt 0.971200 0.911677
vt 0.703552 0.827885
vt 0.017361 0.927923
vt 0.017361 0.922203
vt 0.023080 0.922203
vt 0.028901 0.910663
vt 0.547709 0.928536
vt 0.553529 0.940076
vt 0.547709 0.940076
vt 0.541989 0.934256
vt 0.854378 0.966776
vt 0.988560 0.518006
vt 0.881840 0.625982
vt 0.893381 0.625982
vt 0.893381 0.666322
vt 0.887661 0.666322
vt 0.887661 0.695223
vt 0.881840 0.695223
vt 0.854378 0.966776
vt 0.154438 0.989956
vt 0.977020 0.861403
vt 0.268837 0.995676
vt 0.531954 0.989956
vt 0.507368 0.247964
vt 0.507368 0.259504
vt 0.501548 0.259504
vt 0.501548 0.271045
vt 0.495828 0.271045
vt 0.495828 0.276865
vt 0.495828 0.282585
vt 0.490008 0.288405
vt 0.484288 0.271045
vt 0.484288 0.253784
vt 0.495828 0.242244
vt 0.977020 0.675154
vt 0.328645 0.914932
vt 0.328645 0.909212
vt 0.328645 0.903391
vt 0.334365 0.903391
vt 0.340186 0.909212
vt 0.334365 0.920752
vt 0.988560 0.075664
vt 0.977020 0.902145
vt 0.726432 0.989956
vt 0.471449 0.934356
vt 0.477269 0.951717
vt 0.982840 0.226991
vt 0.732152 0.995676
vt 0.165878 0.989956
vt 0.956801 0.596880
vt 0.962622 0.608420
vt 0.178723 0.467128
vt 0.178723 0.472948
vt 0.173003 0.472948
vt 0.167183 0.478668
vt 0.173003 0.461408
vt 0.167183 0.449868
vt 0.167183 0.444048
vt 0.178723 0.455588
vt 0.190263 0.432507
vt 0.190263 0.444048
vt 0.167183 0.432507
vt 0.173003 0.426787
vt 0.184543 0.426787
vt 0.899100 0.435719
vt 0.899100 0.378018
vt 0.904820 0.378018
vt 0.904820 0.383838
vt 0.904820 0.487600
vt 0.899100 0.487600
vt 0.904820 0.435719
vt 0.904820 0.470339
vt 0.904820 0.458799
vt 0.900688 0.251074
vt 0.900688 0.245254
vt 0.906508 0.187553
vt 0.906508 0.245254
vt 0.906508 0.262615
vt 0.988560 0.308475
vt 0.547709 0.865115
vt 0.547709 0.911276
vt 0.547709 0.899736
vt 0.541989 0.899736
vt 0.541989 0.893915
vt 0.988560 0.755836
vt 0.994280 0.761556
vt 0.977020 0.902145
vt 0.806176 0.553730
vt 0.811896 0.553730
vt 0.811896 0.559550
vt 0.800356 0.559550
vt 0.794636 0.559550
vt 0.806176 0.542190
vt 0.794636 0.536470
vt 0.800356 0.536470
vt 0.788816 0.553730
vt 0.788816 0.542190
vt 0.977020 0.320116
vt 0.491915 0.984136
vt 0.657391 0.282484
vt 0.668931 0.282484
vt 0.668931 0.288305
vt 0.663111 0.288305
vt 0.663111 0.294025
vt 0.651571 0.288305
vt 0.657391 0.299845
vt 0.121222 0.813134
vt 0.144303 0.818854
vt 0.103862 0.807314
vt 0.132763 0.807314
vt 0.872857 0.074482
vt 0.857991 0.989956
vt 0.177318 0.989956
vt 0.869431 0.995676
vt 0.188758 0.989956
vt 0.469035 0.989956
vt 0.474755 0.984136
vt 0.988560 0.518006
vt 0.034621 0.317105
vt 0.034621 0.328645
vt 0.005820 0.328645
vt 0.392066 0.092322
vt 0.374706 0.092322
vt 0.230704 0.559450
vt 0.859053 0.770184
vt 0.853474 0.770184
vt 0.853474 0.764464
vt 0.847654 0.764464
vt 0.847654 0.758644
vt 0.853474 0.758644
vt 0.853474 0.747104
vt 0.865015 0.747104
vt 0.870735 0.764464
vt 0.870735 0.787545
vt 0.865015 0.787545
vt 0.865015 0.804805
vt 0.853474 0.804805
vt 0.853474 0.776005
vt 0.859053 0.776005
vt 0.847654 0.793265
vt 0.847654 0.787545
vt 0.905021 0.781725
vt 0.905021 0.758644
vt 0.910741 0.758644
vt 0.910741 0.781725
vt 0.905021 0.804805
vt 0.910741 0.793265
vt 0.910741 0.833706
vt 0.905021 0.833706
vt 0.910741 0.804805
vt 0.982740 0.867224
vt 0.994280 0.887394
vt 0.959559 0.132082
vt 0.034320 0.966775
vt 0.977020 0.873044
vt 0.285996 0.989956
vt 0.789953 0.954627
vt 0.442448 0.882476
vt 0.453988 0.905556
vt 0.442448 0.905556
vt 0.436728 0.899736
vt 0.436728 0.888196
vt 0.720912 0.925827
vt 0.715092 0.925827
vt 0.720912 0.908567
vt 0.726632 0.920107
vt 0.451875 0.978316
vt 0.748375 0.553630
vt 0.748375 0.559450
vt 0.736835 0.553630
vt 0.742655 0.547910
vt 0.155743 0.928536
vt 0.155743 0.922816
vt 0.161463 0.922816
vt 0.161463 0.928536
vt 0.155743 0.934356
vt 0.161463 0.945897
vt 0.155743 0.945897
vt 0.755433 0.947324
vt 0.028600 0.989956
vt 0.953535 0.034721
vt 0.971200 0.265425
vt 0.965480 0.276965
vt 0.946748 0.285795
vt 0.952569 0.303156
vt 0.173003 0.915290
vt 0.167283 0.932550
vt 0.507368 0.242244
vt 0.507368 0.230704
vt 0.513088 0.230704
vt 0.513088 0.236424
vt 0.513088 0.253784
vt 0.524628 0.236424
vt 0.524628 0.230704
vt 0.530449 0.224884
vt 0.536169 0.224884
vt 0.536169 0.219164
vt 0.541989 0.219164
vt 0.263485 0.957437
vt 0.956801 0.545100
vt 0.910641 0.931647
vt 0.857479 0.312691
vt 0.851759 0.312691
vt 0.851759 0.301151
vt 0.846039 0.306871
vt 0.840218 0.306871
vt 0.865697 0.381082
vt 0.865697 0.398442
vt 0.098042 0.905456
vt 0.103862 0.905456
vt 0.098042 0.934356
vt 0.486195 0.966775
vt 0.480475 0.978316
vt 0.651571 0.703753
vt 0.657391 0.703753
vt 0.219164 0.507469
vt 0.994280 0.767275
vt 0.374706 0.953927
vt 0.074359 0.978316
vt 0.883479 0.966776
vt 0.205918 0.989956
vt 0.085799 0.978316
vt 0.982740 0.890505
vt 0.297436 0.995676
vt 0.824574 0.920006
vt 0.936174 0.000000
vt 0.930454 0.040341
vt 0.190363 0.519109
vt 0.582430 0.928536
vt 0.588150 0.928536
vt 0.588150 0.940076
vt 0.576609 0.940076
vt 0.841934 0.937267
vt 0.622570 0.899736
vt 0.640633 0.995676
vt 0.211638 0.989956
vt 0.588150 0.934256
vt 0.588150 0.928536
vt 0.599690 0.940076
vt 0.646353 0.989956
vt 0.434715 0.989956
vt 0.057701 0.830394
vt 0.063421 0.830394
vt 0.063421 0.905456
vt 0.057701 0.905456
vt 0.057701 0.893915
vt 0.057701 0.853474
vt 0.057701 0.876555
vt 0.380526 0.942387
vt 0.386346 0.953927
vt 0.396287 0.885994
vt 0.413547 0.885994
vt 0.402007 0.903354
vt 0.396287 0.903354
vt 0.396287 0.955336
vt 0.559249 0.213344
vt 0.559249 0.219164
vt 0.547709 0.213344
vt 0.923468 0.360556
vt 0.929288 0.354736
vt 0.709273 0.966776
vt 0.374706 0.890406
vt 0.368986 0.878866
vt 0.363166 0.873146
vt 0.953535 0.051981
vt 0.947714 0.034721
vt 0.977020 0.907966
vt 0.928001 0.625982
vt 0.933821 0.625982
vt 0.933821 0.666322
vt 0.928001 0.660602
vt 0.942299 0.178243
vt 0.936479 0.178243
vt 0.936479 0.155163
vt 0.570789 0.928536
vt 0.565069 0.922816
vt 0.576609 0.922816
vt 0.570789 0.911276
vt 0.720712 0.966776
vt 0.726432 0.978215
vt 0.520514 0.978316
vt 0.947919 0.097462
vt 0.219063 0.796631
vt 0.219063 0.802351
vt 0.213344 0.802351
vt 0.213344 0.808171
vt 0.207523 0.808171
vt 0.207523 0.819712
vt 0.213344 0.819712
vt 0.213344 0.831252
vt 0.224884 0.790811
vt 0.224884 0.796631
vt 0.207523 0.785091
vt 0.224884 0.785091
vt 0.201803 0.802351
vt 0.207523 0.790811
vt 0.207523 0.842792
vt 0.207523 0.836972
vt 0.224884 0.848512
vt 0.213344 0.848512
vt 0.224884 0.831252
vt 0.223078 0.978316
vt 0.841934 0.770184
vt 0.847654 0.770184
vt 0.836114 0.775904
vt 0.847654 0.798985
vt 0.841934 0.758644
vt 0.847654 0.804705
vt 0.847654 0.810525
vt 0.824574 0.747104
vt 0.847654 0.816245
vt 0.836114 0.816245
vt 0.836114 0.810525
vt 0.836114 0.793265
vt 0.830394 0.793265
vt 0.830394 0.804705
vt 0.818854 0.804705
vt 0.813033 0.747104
vt 0.813033 0.758644
vt 0.328645 0.875193
vt 0.328645 0.886733
vt 0.328645 0.909814
vt 0.322925 0.909814
vt 0.322925 0.886733
vt 0.322925 0.875193
vt 0.328645 0.834752
vt 0.328645 0.846292
vt 0.328645 0.852113
vt 0.915191 0.989956
vt 0.471449 0.922816
vt 0.920911 0.995676
vt 0.714992 0.978215
vt 0.328645 0.943832
vt 0.334466 0.955373
vt 0.068639 0.978316
vt 0.357446 0.868670
vt 0.351726 0.839870
vt 0.357446 0.839870
vt 0.554834 0.989956
vt 0.726532 0.562561
vt 0.732352 0.562561
vt 0.732352 0.574101
vt 0.732352 0.608722
vt 0.732352 0.579821
vt 0.738072 0.579821
vt 0.738072 0.602901
vt 0.040441 0.824674
vt 0.046161 0.824674
vt 0.046161 0.830394
vt 0.028901 0.830394
vt 0.028901 0.818854
vt 0.028901 0.778513
vt 0.040441 0.778513
vt 0.040441 0.784233
vt 0.028901 0.813134
vt 0.028901 0.790054
vt 0.017361 0.784233
vt 0.023080 0.784233
vt 0.023080 0.790054
vt 0.017361 0.813134
vt 0.005820 0.778513
vt 0.017361 0.778513
vt 0.017361 0.830394
vt 0.000000 0.830394
vt 0.000000 0.824674
vt 0.005820 0.824674
vt 0.988560 0.372498
vt 0.034320 0.989956
vt 0.922181 0.897127
vt 0.922181 0.891306
vt 0.928001 0.891306
vt 0.928001 0.931647
vt 0.922181 0.931647
vt 0.988560 0.104765
vt 0.926630 0.989956
vt 0.069342 0.957437
vt 0.074359 0.978316
vt 0.943790 0.995676
vt 0.994280 0.326840
vt 0.196083 0.138382
vt 0.201904 0.138382
vt 0.196083 0.149922
vt 0.190363 0.144102
vt 0.201904 0.126842
vt 0.201904 0.132662
vt 0.228797 0.989956
vt 0.982840 0.052383
vt 0.952468 0.204914
vt 0.939541 0.654782
vt 0.917948 0.302855
vt 0.917948 0.314395
vt 0.912228 0.314395
vt 0.912228 0.302855
vt 0.917948 0.297035
vt 0.912228 0.297035
vt 0.917948 0.285494
vt 0.912228 0.285494
vt 0.912228 0.250974
vt 0.917948 0.250974
vt 0.219164 0.484488
vt 0.207624 0.490208
vt 0.201803 0.490208
vt 0.230704 0.484488
vt 0.219164 0.495928
vt 0.224884 0.484488
vt 0.236424 0.455588
vt 0.230704 0.478668
vt 0.219164 0.455588
vt 0.224884 0.438328
vt 0.224884 0.444048
vt 0.219164 0.444048
vt 0.219164 0.438328
vt 0.213344 0.444048
vt 0.213344 0.455588
vt 0.201803 0.444048
vt 0.196083 0.455588
vt 0.912581 0.966776
vt 0.977020 0.919607
vt 0.933821 0.527840
vt 0.928101 0.487499
vt 0.933821 0.487499
vt 0.933821 0.516299
vt 0.905021 0.758644
vt 0.905021 0.775904
vt 0.905021 0.781725
vt 0.905021 0.787445
vt 0.899201 0.850866
vt 0.905021 0.810525
vt 0.905021 0.822065
vt 0.017360 0.927923
vt 0.028901 0.927923
vt 0.028901 0.939464
vt 0.982840 0.116406
vt 0.784133 0.804805
vt 0.766873 0.799085
vt 0.772593 0.799085
vt 0.772593 0.764464
vt 0.789953 0.764464
vt 0.789953 0.758644
vt 0.795673 0.752924
vt 0.956801 0.787344
vt 0.962622 0.775804
vt 0.933721 0.920207
vt 0.928001 0.879867
vt 0.392066 0.942387
vt 0.109482 0.622871
vt 0.092221 0.611331
vt 0.092221 0.588250
vt 0.956801 0.614341
vt 0.939541 0.596981
vt 0.933821 0.568180
vt 0.965480 0.900136
vt 0.971200 0.911677
vt 0.930659 0.155163
vt 0.936479 0.184064
vt 0.994280 0.767276
vt 0.965480 0.230805
vt 0.436728 0.922816
vt 0.017160 0.966776
vt 0.224884 0.911933
vt 0.982740 0.931248
vt 0.363166 0.919307
vt 0.357446 0.919307
vt 0.363166 0.901946
vt 0.368986 0.907766
vt 0.138382 0.922716
vt 0.132662 0.922716
vt 0.132662 0.870735
vt 0.772592 0.914387
vt 0.766873 0.914387
vt 0.766873 0.891306
vt 0.772592 0.891306
vt 0.778413 0.897026
vt 0.928001 0.833605
vt 0.928001 0.845146
vt 0.922181 0.845146
vt 0.922181 0.798985
vt 0.928001 0.798985
vt 0.459708 0.882476
vt 0.459708 0.928536
vt 0.196083 0.051881
vt 0.201904 0.051881
vt 0.201904 0.063421
vt 0.207624 0.057601
vt 0.213444 0.057601
vt 0.213444 0.051881
vt 0.219164 0.051881
vt 0.219164 0.040341
vt 0.224984 0.040341
vt 0.224984 0.023080
vt 0.219164 0.023080
vt 0.219164 0.011540
vt 0.230704 0.011540
vt 0.230704 0.017260
vt 0.236524 0.017260
vt 0.236524 0.023080
vt 0.242244 0.023080
vt 0.242244 0.028800
vt 0.247964 0.028800
vt 0.247964 0.040341
vt 0.190363 0.046061
vt 0.196083 0.046061
vt 0.184543 0.000000
vt 0.190363 0.000000
vt 0.190363 0.011540
vt 0.178823 0.023080
vt 0.178823 0.011540
vt 0.184543 0.011540
vt 0.173003 0.028800
vt 0.173003 0.023080
vt 0.167283 0.040341
vt 0.167283 0.028800
vt 0.178823 0.040341
vt 0.190363 0.057601
vt 0.184543 0.057601
vt 0.196083 0.063421
vt 0.190363 0.063421
vt 0.196083 0.115302
vt 0.230704 0.040341
vt 0.230704 0.051881
vt 0.224984 0.051881
vt 0.224984 0.063421
vt 0.213444 0.092221
vt 0.629193 0.978316
vt 0.634210 0.680572
vt 0.640031 0.680572
vt 0.605410 0.657491
vt 0.726433 0.984136
vt 0.737872 0.984136
vt 0.977020 0.500545
vt 0.789953 0.931547
vt 0.795773 0.931547
vt 0.801493 0.937367
vt 0.789953 0.943087
vt 0.520514 0.978316
vt 0.955230 0.995676
vt 0.766472 0.995676
vt 0.965480 0.761654
vt 0.971200 0.773194
vt 0.343196 0.972596
vt 0.348916 0.966776
vt 0.910741 0.891306
vt 0.910741 0.897026
vt 0.904921 0.897026
vt 0.899201 0.885486
vt 0.899201 0.879766
vt 0.904921 0.850866
vt 0.910741 0.850866
vt 0.034599 0.945796
vt 0.040419 0.957336
vt 0.962622 0.579720
vt 0.912228 0.262615
vt 0.057701 0.184543
vt 0.051981 0.201803
vt 0.051981 0.184543
vt 0.046161 0.201803
vt 0.040441 0.201803
vt 0.040441 0.196083
vt 0.150023 0.807314
vt 0.749613 0.966776
vt 0.363166 0.040341
vt 0.363166 0.057701
vt 0.363166 0.080782
vt 0.351625 0.074961
vt 0.345906 0.069241
vt 0.977020 0.512186
vt 0.674651 0.374907
vt 0.674651 0.351826
vt 0.674651 0.363366
vt 0.680371 0.323026
vt 0.680371 0.334566
vt 0.674651 0.334566
vt 0.651571 0.374907
vt 0.686191 0.317306
vt 0.686191 0.323026
vt 0.651571 0.328746
vt 0.651571 0.317306
vt 0.691911 0.311486
vt 0.691911 0.317306
vt 0.645750 0.317306
vt 0.697732 0.311486
vt 0.680371 0.299945
vt 0.674651 0.311486
vt 0.674651 0.305766
vt 0.680371 0.305766
vt 0.668831 0.317306
vt 0.668831 0.311486
vt 0.657291 0.311486
vt 0.663111 0.311486
vt 0.657291 0.299945
vt 0.866765 0.456976
vt 0.916461 0.954727
vt 0.988560 0.541287
vt 0.732152 0.966776
vt 0.726432 0.978215
vt 0.611130 0.294125
vt 0.611130 0.276865
vt 0.605410 0.276865
vt 0.616950 0.276865
vt 0.616950 0.271045
vt 0.611130 0.259504
vt 0.922281 0.943187
vt 0.928102 0.943187
vt 0.928102 0.954727
vt 0.870300 0.706763
vt 0.881840 0.706763
vt 0.881840 0.712584
vt 0.876020 0.712584
vt 0.876020 0.718304
vt 0.864480 0.718304
vt 0.864480 0.712584
vt 0.858760 0.712584
vt 0.881840 0.672143
vt 0.881840 0.683683
vt 0.876020 0.695223
vt 0.870300 0.695223
vt 0.757455 0.074961
vt 0.740195 0.080782
vt 0.103862 0.951717
vt 0.184543 0.779371
vt 0.196083 0.779371
vt 0.196083 0.785091
vt 0.184543 0.785091
vt 0.178823 0.785091
vt 0.178823 0.779371
vt 0.201904 0.750571
vt 0.196083 0.767831
vt 0.184543 0.767831
vt 0.161463 0.779371
vt 0.161463 0.773651
vt 0.167283 0.773651
vt 0.167283 0.750571
vt 0.213444 0.750571
vt 0.207624 0.750571
vt 0.167283 0.721670
vt 0.190363 0.721670
vt 0.213444 0.721670
vt 0.201904 0.727490
vt 0.201904 0.721670
vt 0.196083 0.733210
vt 0.196083 0.727490
vt 0.190363 0.727490
vt 0.184543 0.727490
vt 0.207523 0.940733
vt 0.935008 0.354736
vt 0.982840 0.203710
vt 0.907578 0.132082
vt 0.913298 0.132082
vt 0.913298 0.137903
vt 0.907578 0.143623
vt 0.913298 0.149443
vt 0.913298 0.184064
vt 0.448268 0.922816
vt 0.442548 0.922816
vt 0.436728 0.917096
vt 0.531954 0.978316
vt 0.098042 0.911176
vt 0.086501 0.922716
vt 0.086501 0.916996
vt 0.086501 0.905456
vt 0.092322 0.905456
vt 0.807213 0.747104
vt 0.571994 0.995676
vt 0.577713 0.989956
vt 0.994280 0.057199
vt 0.994280 0.068639
vt 0.972390 0.995676
vt 0.240405 0.922816
vt 0.228864 0.934356
vt 0.583433 0.989956
vt 0.186976 0.634181
vt 0.197924 0.637830
vt 0.219820 0.645129
vt 0.218012 0.650555
vt 0.223438 0.652364
vt 0.221629 0.657790
vt 0.168698 0.634117
vt 0.170507 0.628691
vt 0.161463 0.637735
vt 0.163272 0.632308
vt 0.179646 0.637767
vt 0.177837 0.643193
vt 0.185168 0.639607
vt 0.214362 0.661503
vt 0.210713 0.672451
vt 0.205191 0.670611
vt 0.203382 0.676037
vt 0.197956 0.674228
vt 0.028901 0.369086
vt 0.028901 0.363266
vt 0.034621 0.363266
vt 0.017361 0.397887
vt 0.023080 0.397887
vt 0.023080 0.380627
vt 0.017361 0.380627
vt 0.028901 0.351726
vt 0.034621 0.346006
vt 0.818854 0.931547
vt 0.830394 0.931547
vt 0.830394 0.943087
vt 0.917948 0.187553
vt 0.917948 0.227994
vt 0.912228 0.250974
vt 0.912228 0.216454
vt 0.965480 0.207724
vt 0.988560 0.157148
vt 0.865014 0.935683
vt 0.161463 0.743993
vt 0.161463 0.876655
vt 0.155743 0.876655
vt 0.155743 0.830494
vt 0.161463 0.726632
vt 0.155743 0.824674
vt 0.155743 0.738173
vt 0.155743 0.743993
vt 0.155743 0.813234
vt 0.155743 0.801694
vt 0.155743 0.755533
vt 0.634210 0.934256
vt 0.977020 0.518006
vt 0.783096 0.536470
vt 0.788816 0.536470
vt 0.788816 0.553730
vt 0.783096 0.553730
vt 0.783096 0.559550
vt 0.777276 0.542190
vt 0.765735 0.542190
vt 0.771556 0.542190
vt 0.771556 0.548010
vt 0.971200 0.207724
vt 0.965480 0.219264
vt 0.951081 0.475959
vt 0.956801 0.475959
vt 0.956801 0.493319
vt 0.883484 0.954828
vt 0.899100 0.562460
vt 0.899100 0.568281
vt 0.893381 0.568281
vt 0.893381 0.574001
vt 0.887560 0.516400
vt 0.893381 0.516400
vt 0.887560 0.556740
vt 0.366799 0.638696
vt 0.378086 0.651886
vt 0.390573 0.648729
vt 0.394357 0.653151
vt 0.354874 0.633712
vt 0.381167 0.664439
vt 0.336148 0.664924
vt 0.328645 0.656156
vt 0.373037 0.663735
vt 0.365534 0.654967
vt 0.369880 0.651248
vt 0.530850 0.288405
vt 0.525030 0.299945
vt 0.953322 0.966776
vt 0.102959 0.978316
vt 0.867137 0.091742
vt 0.861317 0.057121
vt 0.884397 0.057121
vt 0.884397 0.068661
vt 0.878677 0.068661
vt 0.878677 0.074482
vt 0.680693 0.905806
vt 0.680693 0.899986
vt 0.680693 0.888446
vt 0.686413 0.882726
vt 0.692233 0.882726
vt 0.692233 0.911526
vt 0.686413 0.911526
vt 0.403607 0.126842
vt 0.634210 0.513389
vt 0.640031 0.484488
vt 0.640031 0.513389
vt 0.634210 0.484488
vt 0.605410 0.513389
vt 0.605410 0.490309
vt 0.714993 0.978215
vt 0.977020 0.483084
vt 0.977020 0.494725
vt 0.465629 0.917096
vt 0.977020 0.506365
vt 0.988560 0.109481
vt 0.988560 0.115201
vt 0.977020 0.419061
vt 0.818419 0.747104
vt 0.812599 0.747104
vt 0.812599 0.741384
vt 0.818419 0.741384
vt 0.829859 0.747104
vt 0.835680 0.729844
vt 0.835680 0.741384
vt 0.824139 0.712483
vt 0.829859 0.712483
vt 0.824139 0.735564
vt 0.259504 0.484488
vt 0.236424 0.495928
vt 0.236424 0.501749
vt 0.230704 0.501749
vt 0.230704 0.507469
vt 0.201803 0.513289
vt 0.236424 0.444048
vt 0.236424 0.426787
vt 0.253684 0.426787
vt 0.242244 0.444048
vt 0.242244 0.455588
vt 0.988560 0.552927
vt 0.488709 0.899836
vt 0.488709 0.905556
vt 0.482989 0.888296
vt 0.482989 0.894116
vt 0.477169 0.894116
vt 0.738072 0.901163
vt 0.732352 0.901163
vt 0.732352 0.889623
vt 0.738072 0.883803
vt 0.743892 0.883803
vt 0.738072 0.895343
vt 0.749612 0.889623
vt 0.749612 0.895343
vt 0.651571 0.940177
vt 0.663111 0.928636
vt 0.137278 0.966776
vt 0.131559 0.978316
vt 0.576609 0.928536
vt 0.576609 0.922816
vt 0.582430 0.911276
vt 0.653914 0.115302
vt 0.648094 0.115302
vt 0.642374 0.103862
vt 0.642374 0.121122
vt 0.642374 0.132662
vt 0.648094 0.121122
vt 0.653914 0.126842
vt 0.653914 0.155743
vt 0.930454 0.000000
vt 0.924634 0.040341
vt 0.960950 0.984136
vt 0.988560 0.384139
vt 0.977020 0.256093
vt 0.977020 0.523826
vt 0.977020 0.267733
vt 0.892311 0.984136
vt 0.904921 0.735564
vt 0.899100 0.735564
vt 0.899100 0.718304
vt 0.910641 0.689403
vt 0.910641 0.729844
vt 0.899100 0.700943
vt 0.899100 0.689403
vt 0.988560 0.174608
vt 0.859295 0.901063
vt 0.865015 0.901063
vt 0.859295 0.935683
vt 0.257397 0.984136
vt 0.994280 0.005820
vt 0.553529 0.934356
vt 0.559349 0.928536
vt 0.565069 0.940076
vt 0.423275 0.984136
vt 0.988560 0.011640
vt 0.898031 0.984136
vt 0.594873 0.989956
vt 0.513188 0.957437
vt 0.507469 0.957437
vt 0.507469 0.940076
vt 0.743993 0.941604
vt 0.738173 0.918524
vt 0.893280 0.487599
vt 0.893280 0.516400
vt 0.887560 0.516400
vt 0.887560 0.510680
vt 0.893280 0.481779
vt 0.887560 0.493319
vt 0.893280 0.441439
vt 0.887560 0.487599
vt 0.887560 0.378018
vt 0.893280 0.378018
vt 0.887560 0.481779
vt 0.887560 0.424178
vt 0.057679 0.859295
vt 0.051959 0.876555
vt 0.040419 0.876555
vt 0.040419 0.870835
vt 0.034599 0.870835
vt 0.034599 0.865015
vt 0.057679 0.830394
vt 0.057679 0.841934
vt 0.051959 0.830394
vt 0.046139 0.865015
vt 0.040419 0.853475
vt 0.040419 0.847755
vt 0.394368 0.599915
vt 0.398152 0.604338
vt 0.393730 0.608122
vt 0.397449 0.612468
vt 0.859295 0.941504
vt 0.877663 0.897127
vt 0.889204 0.914387
vt 0.883484 0.920207
vt 0.541989 0.911276
vt 0.971200 0.092322
vt 0.680673 0.984136
vt 0.910641 0.556841
vt 0.910641 0.597181
vt 0.115402 0.893815
vt 0.276765 0.915433
vt 0.276765 0.921254
vt 0.265224 0.921254
vt 0.265224 0.915433
vt 0.270944 0.903893
vt 0.946748 0.251074
vt 0.952569 0.268435
vt 0.946748 0.262514
vt 0.965480 0.634712
vt 0.971200 0.646252
vt 0.069141 0.905456
vt 0.063421 0.905456
vt 0.063421 0.893915
vt 0.069141 0.888196
vt 0.080681 0.899736
vt 0.977020 0.599490
vt 0.988560 0.830195
vt 0.246125 0.957437
vt 0.988560 0.241040
vt 0.977020 0.512185
vt 0.224984 0.559450
vt 0.219164 0.559450
vt 0.219164 0.553730
vt 0.213444 0.553730
vt 0.213444 0.559450
vt 0.207624 0.559450
vt 0.207624 0.570990
vt 0.213444 0.570990
vt 0.213444 0.576810
vt 0.219164 0.588350
vt 0.224984 0.588350
vt 0.196083 0.617151
vt 0.196083 0.611331
vt 0.190363 0.611331
vt 0.190363 0.576810
vt 0.196083 0.576810
vt 0.196083 0.570990
vt 0.201904 0.570990
vt 0.190363 0.565270
vt 0.184543 0.565270
vt 0.201904 0.530649
vt 0.196083 0.530649
vt 0.196083 0.524829
vt 0.173003 0.513289
vt 0.178823 0.513289
vt 0.167283 0.570990
vt 0.167283 0.536369
vt 0.173003 0.536369
vt 0.167283 0.582530
vt 0.161463 0.605611
vt 0.161463 0.588350
vt 0.167283 0.588350
vt 0.167283 0.599891
vt 0.167283 0.605611
vt 0.173003 0.588350
vt 0.173003 0.594070
vt 0.167283 0.594070
vt 0.178823 0.576810
vt 0.178823 0.588350
vt 0.184543 0.576810
vt 0.005820 0.945284
vt 0.011641 0.951104
vt 0.860377 0.036685
vt 0.856333 0.032641
vt 0.860377 0.028596
vt 0.856262 0.024481
vt 0.860377 0.020365
vt 0.856333 0.016320
vt 0.844057 0.004045
vt 0.848101 0.000000
vt 0.860377 0.012276
vt 0.872582 0.024481
vt 0.868537 0.028525
vt 0.872653 0.032641
vt 0.872582 0.040801
vt 0.860377 0.053006
vt 0.856333 0.048961
vt 0.848172 0.057121
vt 0.844057 0.053006
vt 0.977020 0.535467
vt 0.988560 0.132361
vt 0.977020 0.547107
vt 0.933721 0.758544
vt 0.933721 0.735463
vt 0.939541 0.735463
vt 0.417555 0.966775
vt 0.423275 0.978316
vt 0.600594 0.978316
vt 0.757455 0.005820
vt 0.763275 0.005820
vt 0.757455 0.000000
vt 0.565015 0.715192
vt 0.570735 0.749813
vt 0.554834 0.966775
vt 0.612033 0.966775
vt 0.938071 0.984136
vt 0.940728 0.343195
vt 0.935008 0.371996
vt 0.074359 0.995676
vt 0.051479 0.989956
vt 0.982840 0.180429
vt 0.977020 0.296835
vt 0.971200 0.692615
vt 0.155743 0.818854
vt 0.155743 0.824574
vt 0.144203 0.824574
vt 0.144203 0.876555
vt 0.138483 0.876555
vt 0.185056 0.900393
vt 0.190876 0.900393
vt 0.190876 0.917753
vt 0.179336 0.906213
vt 0.951082 0.435618
vt 0.945362 0.458598
vt 0.962622 0.902846
vt 0.956801 0.902846
vt 0.956801 0.891306
vt 0.977020 0.919605
vt 0.274557 0.989956
vt 0.857991 0.984136
vt 0.703552 0.954727
vt 0.697732 0.966267
vt 0.857991 0.984136
vt 0.669233 0.966775
vt 0.917748 0.314395
vt 0.923468 0.372096
vt 0.865867 0.337476
vt 0.865867 0.377916
vt 0.860047 0.377916
vt 0.860047 0.354836
vt 0.860047 0.325935
vt 0.860047 0.274055
vt 0.865867 0.268335
vt 0.860047 0.222174
vt 0.865867 0.245254
vt 0.860047 0.187553
vt 0.865867 0.227894
vt 0.945261 0.896826
vt 0.851330 0.402331
vt 0.850513 0.407992
vt 0.844851 0.407175
vt 0.852977 0.431667
vt 0.852146 0.437428
vt 0.857808 0.438244
vt 0.856160 0.449666
vt 0.840007 0.400697
vt 0.832598 0.411288
vt 0.833429 0.405527
vt 0.867582 0.451314
vt 0.831782 0.457708
vt 0.831782 0.416949
vt 0.703552 0.954727
vt 0.709372 0.966268
vt 0.942098 0.097462
vt 0.936278 0.080202
vt 0.392066 0.844345
vt 0.386246 0.855886
vt 0.380526 0.855886
vt 0.357446 0.867426
vt 0.357446 0.855886
vt 0.962622 0.447158
vt 0.945261 0.879766
vt 0.950981 0.868226
vt 0.501749 0.288405
vt 0.651571 0.928636
vt 0.645750 0.928636
vt 0.640031 0.922917
vt 0.640031 0.911376
vt 0.945261 0.378018
vt 0.950981 0.378018
vt 0.950981 0.389558
vt 0.945261 0.401098
vt 0.905021 0.954727
vt 0.901453 0.000000
vt 0.907274 0.000000
vt 0.901453 0.051981
vt 0.939541 0.729743
vt 0.945261 0.729743
vt 0.945261 0.752824
vt 0.163580 0.852675
vt 0.169538 0.842792
vt 0.179336 0.848698
vt 0.173378 0.858581
vt 0.178363 0.861586
vt 0.177304 0.874422
vt 0.174351 0.879321
vt 0.179336 0.882326
vt 0.173378 0.892209
vt 0.168393 0.889205
vt 0.161463 0.878348
vt 0.167420 0.868465
vt 0.162522 0.865512
vt 0.663011 0.951717
vt 0.663011 0.957437
vt 0.657291 0.940177
vt 0.345906 0.949552
vt 0.467394 0.767849
vt 0.895938 0.166703
vt 0.895938 0.183963
vt 0.884397 0.183963
vt 0.779615 0.197801
vt 0.559249 0.957336
vt 0.876555 0.952944
vt 0.870735 0.935583
vt 0.956801 0.706663
vt 0.977020 0.616951
vt 0.765735 0.461508
vt 0.351726 0.886031
vt 0.334365 0.886031
vt 0.334365 0.874491
vt 0.345906 0.874491
vt 0.351726 0.839870
vt 0.351726 0.851410
vt 0.345906 0.868771
vt 0.340186 0.868771
vt 0.328645 0.839870
vt 0.328645 0.851410
vt 0.334365 0.857231
vt 0.959459 0.057121
vt 0.380526 0.821265
vt 0.380526 0.815545
vt 0.386246 0.815545
vt 0.386246 0.821265
vt 0.392066 0.821265
vt 0.357446 0.850166
vt 0.965380 0.120542
vt 0.531954 0.984136
vt 0.280277 0.989956
vt 0.801493 0.931547
vt 0.795673 0.931547
vt 0.789953 0.925827
vt 0.801493 0.914287
vt 0.570789 0.940076
vt 0.565069 0.957336
vt 0.977020 0.355038
vt 0.971200 0.727033
vt 0.299845 0.903994
vt 0.311385 0.921354
vt 0.909471 0.984136
vt 0.617753 0.995676
vt 0.988560 0.564568
vt 0.946748 0.268435
vt 0.952569 0.285795
vt 0.824674 0.954627
vt 0.956801 0.856586
vt 0.956801 0.873846
vt 0.939541 0.412538
vt 0.977020 0.628591
vt 0.904821 0.389558
vt 0.904821 0.378018
vt 0.910641 0.378018
vt 0.910641 0.395378
vt 0.904821 0.395378
vt 0.910641 0.406918
vt 0.904821 0.406918
vt 0.910641 0.412638
vt 0.904821 0.412638
vt 0.910641 0.418459
vt 0.910641 0.453079
vt 0.904821 0.453079
vt 0.537674 0.984136
vt 0.971200 0.343397
vt 0.697833 0.978215
vt 0.126842 0.922716
vt 0.982840 0.064023
vt 0.419468 0.955235
vt 0.285997 0.989956
vt 0.994280 0.069442
vt 0.988560 0.075162
vt 0.749612 0.918423
vt 0.743893 0.901163
vt 0.495928 0.940076
vt 0.501648 0.957437
vt 0.959143 0.966776
vt 0.836114 0.752824
vt 0.825357 0.381082
vt 0.831077 0.392622
vt 0.836897 0.392622
vt 0.836897 0.398442
vt 0.819536 0.381082
vt 0.977020 0.971990
vt 0.982840 0.192069
vt 0.971200 0.017461
vt 0.977020 0.704255
vt 0.871687 0.349016
vt 0.877407 0.343296
vt 0.888947 0.343296
vt 0.994280 0.778715
vt 0.888947 0.366276
vt 0.900487 0.343195
vt 0.933821 0.620262
vt 0.933821 0.625982
vt 0.928001 0.625982
vt 0.928001 0.620262
vt 0.933821 0.614442
vt 0.928001 0.585641
vt 0.933821 0.585641
vt 0.988560 0.564568
vt 0.108679 0.978316
vt 0.893381 0.695223
vt 0.893381 0.735664
vt 0.887661 0.747104
vt 0.686413 0.940327
vt 0.692133 0.957587
vt 0.971200 0.023281
vt 0.194478 0.978316
vt 0.977020 0.424881
vt 0.971200 0.710076
vt 0.430807 0.903354
vt 0.425088 0.903354
vt 0.425088 0.897534
vt 0.413547 0.885994
vt 0.057701 0.905456
vt 0.069241 0.905456
vt 0.069241 0.922716
vt 0.988560 0.178121
vt 0.482989 0.905556
vt 0.482989 0.917096
vt 0.477269 0.922816
vt 0.977020 0.442342
vt 0.994280 0.195281
vt 0.965480 0.011540
vt 0.971200 0.023080
vt 0.977020 0.442342
vt 0.988560 0.206721
vt 0.956801 0.798884
vt 0.962622 0.787344
vt 0.623473 0.989956
vt 0.994280 0.212441
vt 0.953739 0.131982
vt 0.947919 0.114722
vt 0.853474 0.883803
vt 0.853474 0.877982
vt 0.865015 0.895343
vt 0.859194 0.901063
vt 0.847654 0.901063
vt 0.847654 0.895343
vt 0.853474 0.889523
vt 0.988560 0.229600
vt 0.297437 0.989956
vt 0.977020 0.471443
vt 0.977020 0.937066
vt 0.849777 0.155743
vt 0.820976 0.173003
vt 0.820976 0.155743
vt 0.826696 0.155743
vt 0.952091 0.984136
vt 0.955230 0.984136
vt 0.949510 0.989956
vt 0.265224 0.938614
vt 0.255644 0.899736
vt 0.263485 0.917096
vt 0.251945 0.911276
vt 0.950981 0.925827
vt 0.956801 0.908567
vt 0.407827 0.787952
vt 0.407827 0.793672
vt 0.413648 0.811033
vt 0.413648 0.822573
vt 0.425188 0.816753
vt 0.430908 0.805212
vt 0.430908 0.816753
vt 0.430908 0.834113
vt 0.425188 0.834113
vt 0.425188 0.839833
vt 0.407827 0.839833
vt 0.407827 0.828293
vt 0.407827 0.822573
vt 0.407827 0.816753
vt 0.402107 0.816753
vt 0.402107 0.805212
vt 0.402107 0.782132
vt 0.396287 0.793672
vt 0.971200 0.253885
vt 0.965480 0.265425
vt 0.988560 0.576209
vt 0.436728 0.949515
vt 0.436728 0.961055
vt 0.357446 0.955172
vt 0.351625 0.955172
vt 0.351625 0.937912
vt 0.994280 0.040742
vt 0.916461 0.954727
vt 0.926631 0.984136
vt 0.309713 0.898173
vt 0.317105 0.898173
vt 0.317105 0.886633
vt 0.219164 0.363366
vt 0.213344 0.363366
vt 0.213344 0.357546
vt 0.219164 0.357546
vt 0.219164 0.346006
vt 0.224884 0.346006
vt 0.224884 0.340286
vt 0.230704 0.340286
vt 0.236424 0.340286
vt 0.236424 0.334466
vt 0.253684 0.334466
vt 0.259504 0.340286
vt 0.265224 0.340286
vt 0.265224 0.351826
vt 0.224884 0.357546
vt 0.224884 0.363366
vt 0.230704 0.346006
vt 0.230704 0.357546
vt 0.259504 0.351826
vt 0.259504 0.346006
vt 0.253684 0.346006
vt 0.242244 0.346006
vt 0.933922 0.954727
vt 0.927901 0.429898
vt 0.927901 0.447159
vt 0.470371 0.928636
vt 0.471449 0.928636
vt 0.869431 0.984136
vt 0.749612 0.860722
vt 0.749612 0.866442
vt 0.749612 0.877982
vt 0.743893 0.854902
vt 0.880871 0.984136
s 0
usemtl Handle
f 2181/1/1 1923/2/1 1929/3/1
f 3772/4/2 3792/5/2 3816/6/2
f 3788/7/1 3735/8/1 3806/9/1
f 3746/10/3 3735/11/3 3738/12/3
f 3765/13/2 3693/14/2 3761/15/2
f 3377/16/4 3274/17/4 3324/18/4
f 3155/19/4 3137/20/4 3172/21/4
f 3780/22/5 3718/23/5 3782/24/5
f 1872/25/4 1809/26/4 1923/27/4
f 2380/28/4 2235/29/4 2377/30/4
f 2330/31/3 2326/32/3 2327/33/3
f 3589/34/3 3604/35/3 3602/36/3
f 1456/37/4 1202/38/4 1454/39/4
f 2382/40/1 2375/41/1 2216/42/1
f 1338/43/3 1333/44/3 1336/45/3
f 3740/46/3 3724/47/3 3741/48/3
f 3502/49/3 3495/50/3 3500/51/3
f 2324/52/6 2170/53/6 2036/54/6
f 3232/55/4 3207/56/4 3205/57/4
f 2543/58/7 2534/59/7 2395/60/7
f 1300/61/1 1289/62/1 1284/63/1
f 1193/64/5 1187/65/5 1184/66/5
f 2244/67/5 2237/68/5 2257/69/5
f 2266/70/7 2423/71/7 2274/72/7
f 3669/73/3 3664/74/3 3671/75/3
f 2784/76/1 2787/77/1 2881/78/1
f 1239/79/7 1252/80/7 1257/81/7
f 1809/82/4 1563/83/4 1811/84/4
f 2084/85/7 2082/86/7 2098/87/7
f 1929/88/1 1689/89/1 1939/90/1
f 2288/91/5 2135/92/5 2295/93/5
f 1096/94/7 1091/95/7 1101/96/7
f 2898/97/3 2891/98/3 2888/99/3
f 3211/100/2 3135/101/2 3207/102/2
f 2408/103/5 2395/104/5 2394/105/5
f 2950/106/4 2989/107/4 2944/108/4
f 3307/109/1 3305/110/1 3217/111/1
f 2478/112/4 2470/113/4 2791/114/4
f 2201/115/1 2361/116/1 2365/117/1
f 3502/118/1 3616/119/1 3497/120/1
f 2020/121/2 1845/122/2 1843/123/2
f 1186/124/1 1179/125/1 1184/126/1
f 2952/127/4 2800/128/4 2954/129/4
f 2462/130/2 2873/131/2 2877/132/2
f 2244/133/7 2394/134/7 2239/135/7
f 1145/136/1 1133/137/1 1333/138/1
f 1558/139/2 1204/140/2 1555/141/2
f 1404/142/1 1525/143/1 1657/144/1
f 1555/145/5 1218/146/5 1561/147/5
f 2682/148/3 2674/149/3 2693/150/3
f 1999/151/4 1896/152/4 2129/153/4
f 3815/154/2 3789/155/2 3741/156/2
f 2344/157/3 2331/158/3 2336/159/3
f 2266/160/2 2262/161/2 2264/162/2
f 1685/163/1 1576/164/1 1821/165/1
f 1267/166/2 1273/167/2 1262/168/2
f 2427/169/2 2274/170/2 2423/171/2
f 1573/172/1 1345/173/1 1563/174/1
f 2998/175/1 2967/176/1 3045/177/1
f 1807/178/2 1553/179/2 1454/180/2
f 1333/181/1 1567/182/1 1565/183/1
f 1762/184/1 1536/185/1 1532/186/1
f 1804/187/4 1447/188/4 1799/189/4
f 2758/190/5 2568/191/5 2573/192/5
f 2462/193/3 2457/194/3 2464/195/3
f 1507/196/7 1621/197/7 1625/198/7
f 1807/199/5 1548/200/5 1555/201/5
f 3004/202/4 2980/203/4 2979/204/4
f 1567/205/3 1563/206/3 1565/207/3
f 2442/208/7 2427/209/7 2574/210/7
f 2269/211/2 2135/212/2 2268/213/2
f 1122/214/7 1222/215/7 1195/216/7
f 2770/217/2 2654/218/2 2768/219/2
f 1624/220/5 1633/221/5 1736/222/5
f 1771/223/5 1533/224/5 1663/225/5
f 2318/226/3 2321/227/3 2315/228/3
f 2318/229/2 2040/230/2 2031/231/2
f 3784/232/4 3708/233/4 3801/234/4
f 2382/235/7 2228/236/7 2239/237/7
f 2318/238/2 2467/239/2 2468/240/2
f 1800/241/3 1804/242/3 1799/243/3
f 1090/244/4 1333/245/4 1133/246/4
f 1901/247/4 1848/248/4 2032/249/4
f 2927/250/5 2975/251/5 2911/252/5
f 1906/253/5 1792/254/5 1550/255/5
f 3112/256/5 3087/257/5 3088/258/5
f 3216/259/4 3175/260/4 3217/261/4
f 1610/262/4 1713/263/4 4981/264/4
f 3090/265/5 3035/266/5 3059/267/5
f 3222/260/5 3179/268/5 3181/269/5
f 1896/270/7 1887/271/7 1995/272/7
f 1886/273/7 1876/274/7 1882/275/7
f 2656/276/5 2579/277/5 2660/278/5
f 2087/279/7 2091/280/7 2099/281/7
f 3000/282/4 3064/283/4 3140/284/4
f 2541/285/5 2718/286/5 2714/287/5
f 1995/288/4 1984/289/4 1992/290/4
f 2675/291/3 2666/292/3 2680/293/3
f 1101/294/2 1094/295/2 1100/296/2
f 1766/297/7 1755/298/7 1762/299/7
f 2076/300/3 2078/301/3 2085/302/3
f 1978/303/5 1987/304/5 2117/305/5
f 3587/306/2 3697/307/2 3598/308/2
f 3800/309/5 3763/310/5 3765/311/5
f 2767/312/2 2446/313/2 2651/314/2
f 1950/315/1 2089/316/1 2093/317/1
f 3723/318/5 3788/319/5 3806/320/5
f 2321/321/4 2029/322/4 2315/323/4
f 2315/324/2 2034/325/2 2313/326/2
f 1309/327/7 1297/328/7 1290/329/7
f 2099/330/1 1956/331/1 1960/332/1
f 1885/333/1 1503/334/1 1880/335/1
f 3672/336/4 3565/337/4 3556/338/4
f 2663/339/7 2779/340/7 2661/341/7
f 2620/342/1 2500/343/1 2501/344/1
f 2756/345/5 2647/346/5 2575/347/5
f 2247/348/4 2241/349/4 2412/350/4
f 3608/351/2 3600/352/2 3604/353/2
f 2112/354/7 2233/355/7 2250/356/7
f 2121/357/2 1896/358/2 1995/359/2
f 2804/360/1 2680/361/1 2682/362/1
f 4987/363/5 1506/364/5 5004/365/5
f 3056/366/4 3033/367/4 3081/368/4
f 2363/369/1 2207/370/1 2372/371/1
f 1101/372/5 1098/373/5 1096/374/5
f 3802/375/1 3782/376/1 3804/377/1
f 1114/378/4 1110/379/4 1108/380/4
f 1108/381/7 1115/382/7 1132/383/7
f 1117/384/4 1125/385/4 1115/386/4
f 1127/387/2 1132/388/2 1125/389/2
f 1123/390/3 1127/391/3 1117/392/3
f 1140/393/3 1144/394/3 1135/395/3
f 1369/396/4 1366/397/4 1478/398/4
f 1094/399/7 1150/400/7 1153/401/7
f 1156/402/2 1159/403/2 1153/404/2
f 2594/405/1 2663/406/1 2661/407/1
f 1170/408/5 1156/409/5 1153/410/5
f 2550/411/5 2722/412/5 2549/413/5
f 2947/414/4 2977/415/4 2907/416/4
f 1090/417/1 1098/418/1 1135/419/1
f 1190/420/1 1201/421/1 1196/422/1
f 1450/423/5 1209/424/5 1211/425/5
f 1206/426/1 1193/427/1 1195/428/1
f 1202/429/3 1214/430/3 1199/431/3
f 1211/432/3 1218/433/3 1204/434/3
f 1338/435/5 1144/436/5 1339/437/5
f 1227/438/3 1230/439/3 1224/440/3
f 3600/441/3 3587/442/3 3598/443/3
f 1238/444/2 1239/445/2 1235/446/2
f 1246/447/2 1249/448/2 1244/449/2
f 1241/450/4 1252/451/4 1239/452/4
f 1257/453/5 1246/454/5 1244/455/5
f 1252/456/1 1264/457/1 1259/458/1
f 1152/459/4 1361/460/4 1163/461/4
f 1384/462/7 1265/463/7 1378/464/7
f 1269/465/1 1256/466/1 1257/467/1
f 2337/468/4 1503/469/4 5014/470/4
f 2791/471/2 2603/472/2 2601/473/2
f 1311/474/1 1305/475/1 1424/476/1
f 1315/477/3 1324/478/3 1313/479/3
f 1321/480/3 1327/481/3 1317/482/3
f 1416/483/2 1293/484/2 1286/485/2
f 1333/486/3 1341/487/3 1344/488/3
f 1350/489/3 1347/490/3 1339/491/3
f 1818/492/4 2054/493/4 2186/494/4
f 1230/495/5 1358/496/5 1224/497/5
f 2503/498/5 2506/499/5 2611/500/5
f 1452/501/2 1202/502/2 1199/503/2
f 1425/504/1 1307/505/1 1319/506/1
f 1232/507/1 1364/508/1 1230/509/1
f 1264/510/7 1241/511/7 1238/512/7
f 1256/513/7 1247/514/7 1246/515/7
f 1372/516/4 1378/517/4 1265/518/4
f 1293/519/4 1424/520/4 1304/521/4
f 1384/517/5 1374/522/5 1267/523/5
f 1405/524/7 1289/525/7 1294/526/7
f 3264/527/5 3166/528/5 3105/529/5
f 1447/530/2 1545/531/2 1796/532/2
f 1404/533/4 1289/534/4 1400/535/4
f 1294/536/5 1407/537/5 1405/538/5
f 2700/539/4 2554/540/4 2701/541/4
f 1427/542/2 1315/543/2 1313/544/2
f 1431/545/4 1325/546/4 1315/547/4
f 1327/548/5 1434/549/5 1317/550/5
f 1325/551/1 1446/552/1 1324/553/1
f 1330/554/1 1441/555/1 1327/556/1
f 1447/557/3 1452/558/3 1444/559/3
f 1457/560/3 1456/561/3 1454/562/3
f 1117/563/2 1112/564/2 1216/565/2
f 1761/566/4 5032/567/4 5031/568/4
f 1366/569/7 1356/570/7 1354/571/7
f 1464/572/3 1469/573/3 1461/574/3
f 1467/575/3 1473/576/3 1465/577/3
f 1479/578/3 1481/579/3 1478/580/3
f 1486/581/7 1372/582/7 1369/583/7
f 1382/584/2 1379/585/2 5011/586/2
f 1382/587/7 1376/588/7 1374/589/7
f 2550/590/2 2547/591/2 2632/592/2
f 1413/593/7 1404/594/7 1523/595/7
f 2615/596/4 2525/597/4 2526/598/4
f 1409/599/7 1532/600/7 1407/601/7
f 1429/602/7 1416/603/7 1411/604/7
f 1425/605/7 1422/606/7 1418/607/7
f 1436/608/5 1321/609/5 1438/610/5
f 1446/611/7 1431/612/7 1427/613/7
f 2646/614/2 2570/615/2 2754/616/2
f 1550/617/3 1555/618/3 1548/619/3
f 1553/620/4 1459/621/4 1457/622/4
f 1555/623/3 1559/624/3 1553/625/3
f 1563/626/3 1571/627/3 1573/628/3
f 1577/522/2 1464/629/2 1461/523/2
f 1580/630/4 1472/631/4 1464/632/4
f 1473/633/5 1582/634/5 1465/635/5
f 1472/629/1 1592/636/1 1469/637/1
f 1590/636/2 1479/638/2 1478/637/2
f 1476/639/1 1588/640/1 1473/641/1
f 1594/642/4 1484/643/4 1479/644/4
f 1484/638/1 1601/645/1 1481/646/1
f 1937/647/7 1923/648/7 1934/649/7
f 1982/650/4 1975/651/4 2112/652/4
f 3212/653/5 3074/654/5 3030/655/5
f 1627/656/2 1507/657/2 1625/658/2
f 1632/659/2 1635/660/2 1512/661/2
f 1512/662/1 1639/663/1 1510/664/1
f 1882/665/1 1624/666/1 1886/667/1
f 1668/668/3 1539/669/3 1665/670/3
f 1672/671/3 1674/672/3 1670/673/3
f 1553/674/7 1548/675/7 1551/676/7
f 2603/677/3 2606/678/3 2601/679/3
f 1681/680/3 1680/681/3 1677/682/3
f 1592/683/7 1580/684/7 1577/685/7
f 1601/686/7 1594/687/7 1590/688/7
f 1695/689/3 1701/690/3 1694/691/3
f 1699/692/3 1706/693/3 1698/694/3
f 1712/695/2 1610/696/2 1709/697/2
f 1715/698/1 4999/699/1 5037/699/1
f 1722/700/2 5040/701/2 5001/701/2
f 1785/702/4 1545/703/4 1539/704/4
f 1730/705/4 1627/706/4 1885/707/4
f 1740/708/2 1638/709/2 1738/710/2
f 1738/711/7 1630/712/7 1627/713/7
f 1733/714/3 1740/715/3 1730/716/3
f 1744/717/2 1748/718/2 1641/719/2
f 1641/720/7 1633/721/7 1632/722/7
f 1751/723/2 5030/724/2 5028/725/2
f 1755/726/1 5007/727/1 5043/727/1
f 1818/728/1 1872/729/1 1923/730/1
f 1773/731/2 1668/732/2 1665/733/2
f 1774/734/4 1542/735/4 1668/736/4
f 1674/737/5 1776/738/5 1670/739/5
f 1542/740/1 1787/741/1 1539/742/1
f 1675/743/1 1782/744/1 1674/745/1
f 1788/746/3 1796/747/3 1785/748/3
f 1782/749/4 1851/750/4 1904/751/4
f 1795/752/3 1800/753/3 1791/754/3
f 1191/755/5 1447/756/5 1544/757/5
f 1813/758/3 1809/759/3 1811/760/3
f 1813/761/1 1569/762/1 1677/763/1
f 1809/764/3 1818/765/3 1821/766/3
f 1683/767/1 1817/768/1 1680/769/1
f 1824/694/3 1687/770/3 1817/771/3
f 3162/772/4 3188/773/4 3196/774/4
f 1828/775/2 1695/776/2 1694/777/2
f 1831/46/4 1704/778/4 1695/779/4
f 1706/780/5 1833/781/5 1698/782/5
f 1704/783/1 1839/784/1 1701/785/1
f 1707/786/1 1838/787/1 1706/788/1
f 1722/789/7 1717/790/7 1715/791/7
f 1929/792/3 1925/793/3 1926/794/3
f 1887/795/2 1733/796/2 1730/797/2
f 1893/798/7 1976/799/7 1886/800/7
f 1892/801/2 1736/802/2 1734/803/2
f 1845/804/3 1848/805/3 1843/806/3
f 1771/807/3 1851/808/3 1768/809/3
f 1787/810/7 1774/811/7 1773/812/7
f 1858/813/4 1799/814/4 1788/815/4
f 1920/816/2 1799/817/2 1864/818/2
f 1861/819/3 1860/820/3 1858/821/3
f 1867/822/4 1815/823/4 1813/824/4
f 1870/825/5 1817/826/5 1929/827/5
f 1869/828/3 1865/829/3 1867/830/3
f 1839/831/7 1831/832/7 1828/833/7
f 1838/834/7 1834/835/7 1833/836/7
f 3796/837/3 3797/838/3 3794/839/3
f 2956/840/3 2952/841/3 2954/842/3
f 2022/843/4 1849/844/4 1845/845/4
f 3047/846/5 2900/847/5 2913/848/5
f 2801/849/3 2800/850/3 2797/851/3
f 2839/852/3 2833/853/3 2852/854/3
f 1902/855/3 1908/856/3 1901/857/3
f 1906/858/3 1915/859/3 1904/860/3
f 1912/861/4 1864/862/4 1861/863/4
f 1915/864/3 1918/865/3 1912/866/3
f 2029/867/1 1848/868/1 1849/869/1
f 1923/870/3 1931/871/3 1933/872/3
f 1939/873/3 1937/874/3 1929/875/3
f 1944/876/3 1950/877/3 1943/878/3
f 1949/879/3 1954/880/3 1946/881/3
f 1968/882/4 1885/372/4 1964/883/4
f 1879/884/1 1968/885/1 1964/886/1
f 1885/887/7 1879/879/7 1964/888/7
f 1885/889/1 1975/890/1 1973/891/1
f 1976/892/1 1970/893/1 1886/894/1
f 1982/895/2 1887/896/2 1981/897/2
f 1986/898/2 1990/899/2 1893/900/2
f 1563/901/4 1333/902/4 1565/903/4
f 2001/904/3 2006/905/3 1999/906/3
f 2005/907/3 2011/908/3 2003/909/3
f 2016/910/3 2020/911/3 2015/746/3
f 2018/912/3 2025/913/3 2017/820/3
f 2032/914/2 1902/915/2 1901/916/2
f 2029/917/3 2032/810/3 2034/812/3
f 2040/918/3 2038/919/3 2031/920/3
f 2036/921/4 1911/922/4 1902/923/4
f 2046/924/3 2045/925/3 2036/926/3
f 1912/927/2 2048/928/2 2176/929/2
f 3823/930/2 3796/931/2 3821/932/2
f 1997/933/7 1892/934/7 1897/935/7
f 1934/936/1 2056/937/1 1931/938/1
f 2051/939/3 2054/940/3 2056/941/3
f 1940/942/1 2053/943/1 1937/944/1
f 2062/835/3 2060/945/3 2053/946/3
f 2068/947/3 2069/691/3 2066/948/3
f 2084/949/4 1952/950/4 1944/951/4
f 1954/950/5 2085/952/5 1946/953/5
f 2992/954/5 2960/955/5 2962/956/5
f 2098/957/4 1968/958/4 2093/959/4
f 1968/960/7 1950/961/7 2093/962/7
f 1968/963/1 2106/964/1 2104/965/1
f 1975/966/7 1968/967/7 2104/968/7
f 2107/969/1 2101/970/1 1963/971/1
f 1970/972/7 2107/973/7 1963/974/7
f 2040/975/1 1851/976/1 1853/977/1
f 2112/978/2 1992/979/2 2111/980/2
f 2111/981/7 1984/982/7 1982/983/7
f 3364/984/7 3350/985/7 3352/986/7
f 2115/987/2 2119/988/2 1993/989/2
f 1993/990/7 1987/991/7 1986/992/7
f 2129/993/2 2001/994/2 1999/995/2
f 2130/996/4 2009/997/4 2001/998/4
f 3740/999/4 3655/1000/4 3737/1001/4
f 2011/1002/5 2132/1003/5 2003/1004/5
f 2009/1005/1 2143/1006/1 2006/1007/1
f 2012/1008/1 2138/1009/1 2011/1010/1
f 2333/1011/1 2058/1012/1 2326/325/1
f 2155/1013/2 2016/1014/2 2015/1015/2
f 2149/1016/3 2155/1017/3 2146/1018/3
f 2153/1019/3 2159/1020/3 2150/1021/3
f 2156/863/4 2022/1022/4 2016/1023/4
f 2025/1024/5 2159/1025/5 2017/1026/5
f 2022/1027/1 2167/1028/1 2020/1029/1
f 2034/1030/7 2022/1031/7 2020/1032/7
f 2026/1033/1 2164/1034/1 2025/1035/1
f 2038/1036/5 1915/1037/5 2172/1038/5
f 2031/1020/7 2026/1039/7 2025/1021/7
f 2170/1040/4 2048/1041/4 2046/1042/4
f 2172/1043/3 2173/1044/3 2170/1045/3
f 1123/1046/5 1119/1047/5 1129/1048/5
f 2186/1049/2 2068/1050/2 2066/1051/2
f 2187/1052/4 2072/1053/4 2068/1054/4
f 2072/1055/1 2191/1056/1 2069/1057/1
f 2195/1058/3 2201/1059/3 2193/1060/3
f 2078/1061/2 2076/1062/2 2203/1063/2
f 2198/1064/3 2204/1065/3 2197/1066/3
f 2212/1067/4 2098/1068/4 2208/1069/4
f 2212/1070/1 2085/1071/1 2087/1072/1
f 2099/1073/5 2216/1067/5 2214/1069/5
f 2225/1074/4 2106/1075/4 2221/1076/4
f 2098/1077/1 2225/1078/1 2221/1079/1
f 2106/1080/7 2098/1081/7 2221/1082/7
f 2110/1083/5 2228/1084/5 2227/1085/5
f 2227/1086/1 2218/1087/1 2099/1088/1
f 2101/1089/7 2227/1090/7 2099/1091/7
f 2106/1092/1 2235/1093/1 2233/1094/1
f 2237/1095/1 2230/1096/1 2110/1097/1
f 1152/137/2 1147/1098/2 1356/138/2
f 1899/1099/2 1768/1100/2 2026/1101/2
f 2247/1102/2 2250/1103/2 2246/1104/2
f 3225/1105/1 3224/540/1 3171/1106/1
f 2331/158/1 2064/1107/1 2336/1108/1
f 2255/173/2 2260/1109/2 2253/1110/2
f 2252/1111/4 2262/1112/4 2250/1113/4
f 2127/1114/7 2135/1115/7 2253/1116/7
f 2272/1117/5 2255/1118/5 2253/1119/5
f 2451/1120/4 2129/153/4 2281/1121/4
f 2143/1122/7 2130/1123/7 2129/1124/7
f 2275/1125/3 2281/1126/3 2274/1127/3
f 2290/1128/2 2149/1129/2 2146/1130/2
f 2291/1131/4 2156/1132/4 2149/1133/4
f 2181/1134/3 2177/1135/3 2180/1136/3
f 2159/1137/5 2293/1138/5 2150/1139/5
f 2156/1140/1 2303/1128/1 2155/1141/1
f 2167/1142/7 2156/1143/7 2155/1144/7
f 2161/1145/1 2299/1146/1 2159/1147/1
f 2164/1148/7 2161/1149/7 2159/1150/7
f 2305/1151/3 2313/1152/3 2301/1153/3
f 2311/1154/3 2318/1155/3 2307/1156/3
f 2051/1157/4 1923/1158/4 2177/1159/4
f 2184/1160/5 2053/1161/5 2331/1162/5
f 2191/1163/7 2187/1164/7 2186/1165/7
f 2347/1166/3 2353/1167/3 2345/1168/3
f 2064/1169/5 1689/1170/5 2351/1171/5
f 2351/1172/3 2358/1173/3 2349/1174/3
f 2355/1175/4 2203/1176/4 2195/1177/4
f 2204/1178/5 2358/1179/5 2197/1180/5
f 2370/1181/4 2212/1182/4 2365/1183/4
f 2216/1184/7 2203/1185/7 2201/1186/7
f 2216/1187/5 2374/1188/5 2372/1189/5
f 2235/1190/1 2391/1191/1 2389/1192/1
f 2239/1193/5 2384/1194/5 2382/1195/5
f 2212/1196/1 2380/1197/1 2377/1198/1
f 2394/1199/1 2387/1200/1 2239/1201/1
f 1299/1202/5 1309/1203/5 1307/1204/5
f 1191/1205/4 1179/1206/4 1182/1207/4
f 2399/1208/2 2241/1209/2 2398/1210/2
f 2531/1211/5 2533/1212/5 2627/1213/5
f 2398/213/7 2235/1214/7 2389/1215/7
f 2403/1199/2 2408/1216/2 2244/1217/2
f 2330/1218/1 2177/1219/1 2184/1220/1
f 2412/1221/2 2264/1222/2 2411/1223/2
f 2411/1224/7 2252/1225/7 2247/1226/7
f 2417/1227/2 2421/1228/2 2269/1229/2
f 2269/1230/7 2257/1126/7 2255/1231/7
f 2415/1188/4 2423/1232/4 2264/1189/4
f 2399/1233/4 2389/1234/4 2391/1235/4
f 1339/1236/1 1142/1237/1 1350/1238/1
f 2434/1239/5 2417/1240/5 2269/1241/5
f 2427/1179/4 2284/1242/4 2275/1180/4
f 2650/1243/2 2442/1244/2 2760/1245/2
f 2285/1242/5 2428/1246/5 2278/1247/5
f 2284/1248/1 2442/1249/1 2281/1250/1
f 2437/1251/3 2440/1252/3 2442/1253/3
f 2288/1254/1 2438/1255/1 2285/1256/1
f 2446/1257/3 2445/1258/3 2438/1259/3
f 1809/1260/8 1865/1261/8 1926/1262/8
f 2303/1263/7 2291/1264/7 2290/1265/7
f 2299/1266/7 2295/1267/7 2293/1268/7
f 2458/1269/2 2305/1270/2 2301/1271/2
f 2462/1272/2 2311/1273/2 2307/1274/2
f 2460/1042/4 2315/1275/4 2305/1276/4
f 2318/1277/5 2462/1278/5 2307/1279/5
f 2475/1280/1 2326/1281/1 2331/1282/1
f 2475/1283/3 2470/1284/3 2472/1285/3
f 2656/1286/3 2658/1287/3 2654/1288/3
f 2339/1289/1 2484/1290/1 2337/1291/1
f 2483/1292/2 2347/1293/2 2345/1294/2
f 2478/1295/3 2483/1296/3 2484/1297/3
f 2344/1298/1 2481/1299/1 2342/1300/1
f 2490/1301/3 2488/1302/3 2481/1284/3
f 2485/1303/4 2355/1304/4 2347/1305/4
f 2279/1306/2 2428/1307/2 2433/1308/2
f 2358/1309/5 2488/1310/5 2349/1311/5
f 2370/1312/7 2353/1313/7 2500/1314/7
f 2513/1315/4 2380/1316/4 2509/1317/4
f 3556/1318/3 3547/1319/3 3539/1320/3
f 2995/1321/1 2939/1322/1 2952/1323/1
f 2384/1324/5 2518/1325/5 2516/1326/5
f 2380/1327/1 2526/1328/1 2521/1329/1
f 2528/1330/1 2519/1331/1 2384/1332/1
f 2537/1333/1 2525/1334/1 2625/1335/1
f 2611/1336/1 2506/344/1 2518/1337/1
f 2633/1338/2 2558/1339/2 2554/1340/2
f 2563/1341/2 2567/1342/2 2561/1343/2
f 2508/1344/7 2374/1345/7 2384/1346/7
f 2573/1347/2 2647/1348/2 2756/1349/2
f 2125/1350/2 1997/1351/2 1897/1352/2
f 2391/1353/7 2523/1354/7 2537/1355/7
f 2444/1356/1 2583/1357/1 2440/1358/1
f 2582/1359/2 2453/1360/2 2451/1361/2
f 2578/1362/3 2582/1363/3 2583/1364/3
f 2449/1365/1 2579/1366/1 2445/1367/1
f 2589/1368/3 2588/1369/3 2579/1370/3
f 2595/1371/4 2476/1372/4 2475/1247/4
f 2598/1373/3 2594/1374/3 2595/1375/3
f 1142/1376/7 1137/1377/7 1359/1378/7
f 2600/1379/5 2481/1380/5 2603/1381/5
f 2526/1382/7 2513/1383/7 2613/1384/7
f 2620/1385/3 2615/1386/3 2617/1387/3
f 2519/1388/7 2623/1389/7 2518/1390/7
f 1569/1391/5 1339/1392/5 1347/1393/5
f 2639/1394/2 2644/1395/2 2568/1396/2
f 2568/1397/7 2565/1398/7 2563/1399/7
f 2638/1400/3 2639/1401/3 2636/1402/3
f 1761/261/7 1751/1403/7 1765/259/7
f 1762/1404/5 5044/1405/5 5046/1406/5
f 1162/1407/2 1166/1408/2 1168/1409/2
f 2678/1410/4 2621/1411/4 2620/1412/4
f 2446/1413/7 2433/1414/7 2438/1415/7
f 2728/1416/5 2829/1417/5 2712/1418/5
f 2621/1419/1 2687/1420/1 2615/1421/1
f 2488/1422/3 2493/1423/3 2485/1424/3
f 2686/1425/3 2700/1426/3 2701/1427/3
f 2707/1428/3 2717/1429/3 2705/1430/3
f 3561/486/3 3542/1431/3 3550/1432/3
f 2791/1433/3 2785/1434/3 2794/1435/3
f 2740/1436/2 2638/1437/2 2636/1438/2
f 2558/1439/4 2730/1440/4 2570/1441/4
f 1915/1442/5 1800/1443/5 1920/1444/5
f 2377/1445/7 2225/1446/7 2212/1447/7
f 2775/1448/3 2772/1449/3 2774/1450/3
f 2775/1451/1 2658/1452/1 2660/1453/1
f 3199/1454/2 3152/1455/2 3290/1456/2
f 2797/1457/4 2692/1458/4 2680/1459/4
f 1915/1460/2 1795/1461/2 1791/1462/2
f 1963/1463/5 2099/1464/5 1886/1465/5
f 2693/1466/5 2804/1467/5 2682/1468/5
f 2692/1270/1 2808/1469/1 2690/1470/1
f 2708/1471/5 2818/1472/5 2696/1473/5
f 2696/1474/1 2806/1475/1 2693/1476/1
f 2712/1477/1 2820/1478/1 2708/1479/1
f 1512/1480/7 1624/1481/7 1506/1482/7
f 2717/1483/1 2831/1484/1 2705/1485/1
f 2025/1486/5 1851/1487/5 2031/1488/5
f 3118/1489/1 3117/1490/1 3093/1491/1
f 3162/772/4 3192/1492/4 3169/1493/4
f 2837/1494/2 2732/1495/2 2725/1496/2
f 2845/1497/2 2728/1498/2 2738/1499/2
f 2839/1500/4 2735/1501/4 2732/1502/4
f 2849/1503/2 2744/1504/2 2735/1505/2
f 2736/1506/5 2845/1507/5 2738/1508/5
f 2854/1509/2 2736/1510/2 2751/1511/2
f 2852/1512/4 2747/1513/4 2744/1514/4
f 2831/1515/4 2725/1516/4 2705/1517/4
f 2748/1513/5 2854/656/5 2751/658/5
f 2748/1518/2 2857/1519/2 2863/1520/2
f 2867/1521/4 2777/1522/4 2775/1523/4
f 2870/1524/3 2865/1525/3 2867/1526/3
f 2777/1527/1 2875/1528/1 2772/1529/1
f 2865/1530/3 2873/1531/3 2875/1532/3
f 1887/1533/3 1880/1534/3 1890/1535/3
f 2881/1536/4 2785/1537/4 2784/1538/4
f 2879/1539/2 2790/1540/2 2785/1541/2
f 2884/1542/3 2879/1543/3 2881/1374/3
f 2964/1544/5 2813/1545/5 2967/1546/5
f 2823/1547/1 2891/1548/1 2822/1549/1
f 2826/1550/1 2890/1551/1 2825/1552/1
f 2895/1553/2 2842/1554/2 2833/1555/2
f 2900/1556/2 2835/1557/2 2843/1558/2
f 2907/1559/3 2916/1560/3 2903/1561/3
f 2717/1562/4 2707/1563/4 2808/1564/4
f 2923/1565/2 2862/1566/2 2860/1567/2
f 1762/1568/4 2138/1569/4 2278/1570/4
f 2913/1571/3 2927/1572/3 2911/1573/3
f 2933/1574/4 2877/1575/4 2865/1576/4
f 2872/1577/1 2933/1553/1 2865/1578/1
f 2934/866/3 2931/1579/3 2933/1580/3
f 2989/1581/2 3002/1582/2 2972/1583/2
f 3076/1584/2 3074/1585/2 3201/1586/2
f 2943/1587/2 2925/1588/2 2920/1589/2
f 2964/1590/3 2962/1591/3 2960/1592/3
f 2891/1593/4 2833/1594/4 2822/1595/4
f 3156/1596/5 3182/1597/5 3139/1598/5
f 2574/1599/4 2646/1600/4 2754/1601/4
f 2979/1602/3 2977/1603/3 2972/1604/3
f 2975/1605/3 2985/1606/3 2983/1258/3
f 2971/1607/4 3000/282/4 2968/1608/4
f 2578/1609/4 2650/1610/4 2654/1611/4
f 2609/1612/4 2501/1613/4 2498/1614/4
f 2996/1615/5 3018/1616/5 3016/1617/5
f 2995/1618/7 3016/1619/7 3015/1620/7
f 2992/1621/7 3026/1622/7 2991/1623/7
f 3024/1624/4 2959/1625/4 2956/1626/4
f 3029/1627/7 3004/1628/7 3002/1629/7
f 2971/1607/4 2939/1630/4 3037/1631/4
f 1611/1632/5 5048/1633/5 5047/1634/5
f 3013/1635/7 3008/1636/7 3006/1637/7
f 3020/1638/7 3024/1639/7 3018/1622/7
f 3033/1640/3 3037/1641/3 3038/1642/3
f 3006/1643/5 2985/1644/5 3013/1645/5
f 3045/1646/3 3042/1647/3 3035/1648/3
f 3050/1224/3 3052/1649/3 3048/1650/3
f 3628/1651/1 3716/1652/1 3713/1653/1
f 3041/1654/1 3064/1655/1 3037/1656/1
f 2547/1657/5 2565/1658/5 2638/1659/5
f 3047/1660/1 3062/1661/1 3042/1662/1
f 3069/1663/2 3050/1664/2 3048/1665/2
f 3082/1619/3 3078/1666/3 3081/1667/3
f 3090/1668/3 3088/1669/3 3087/1670/3
f 3064/1671/7 3056/1672/7 3095/1673/7
f 3062/1674/7 3097/1675/7 3059/1676/7
f 2269/1677/7 2279/1678/7 2434/1679/7
f 3102/1680/7 3070/1681/7 3069/1682/7
f 1301/1683/2 1299/1684/2 1418/1685/2
f 2857/1686/3 2860/1687/3 2862/1688/3
f 2629/1689/1 2549/1690/1 2718/1691/1
f 1233/1692/1 1229/1693/1 1361/1694/1
f 2608/1695/2 2485/1696/2 2606/1697/2
f 3106/1698/4 3082/256/4 3108/1699/4
f 3115/1666/7 3108/1700/7 3124/1667/7
f 3112/1701/7 3127/1702/7 3110/1703/7
f 3095/1704/1 3078/1705/1 3115/1706/1
f 3137/1707/3 3140/1708/3 3142/1709/3
f 3148/1710/3 3146/1711/3 3139/1712/3
f 3144/1713/1 3165/1714/1 3140/1715/1
f 3150/1716/1 3160/1717/1 3146/1718/1
f 3175/1719/3 3171/1720/3 3172/358/3
f 3182/1721/3 3181/1722/3 3179/1723/3
f 3165/1724/7 3155/1725/7 3187/1726/7
f 3227/1727/1 3184/1728/1 3319/1729/1
f 3160/1730/7 3191/1731/7 3156/1732/7
f 2460/1733/3 2451/1734/3 2453/1735/3
f 3205/1736/3 3202/1737/3 3199/1602/3
f 3201/1738/3 3211/1739/3 3208/1740/3
f 3165/1741/4 3224/1742/4 3196/774/4
f 3443/1743/7 3375/1744/7 3459/1745/7
f 3305/1746/4 3225/1747/4 3243/1748/4
f 3724/1749/1 3784/1750/1 3801/1751/1
f 3211/1752/5 3235/55/5 3208/57/5
f 3225/1753/7 3217/1754/7 3243/1755/7
f 3227/1756/5 3310/1757/5 3244/1758/5
f 3222/1759/7 3244/1760/7 3220/1761/7
f 1993/1762/5 1893/1763/5 1997/1764/5
f 3294/1765/5 3249/1766/5 3301/1767/5
f 3247/1768/7 3232/1769/7 3230/1627/7
f 3241/1770/7 3237/1771/7 3235/1772/7
f 2712/1773/4 2726/1774/4 2710/1775/4
f 3298/1776/4 3230/1777/4 3293/1778/4
f 1981/1779/7 1885/1780/7 1973/1781/7
f 2339/1735/3 2333/1782/3 2326/1783/3
f 2627/1784/1 2533/1785/1 2538/1786/1
f 3250/1787/1 3277/1788/1 3270/1789/1
f 3274/1790/2 3256/1791/2 3272/1792/2
f 3272/1793/7 3250/1794/7 3270/1795/7
f 3381/1796/2 3332/1797/2 3296/1798/2
f 3282/1799/1 3268/1800/1 3253/1801/1
f 3280/1802/2 3288/1803/2 3259/1804/2
f 3259/1805/7 3282/1806/7 3253/1807/7
f 3377/1808/2 3290/1809/2 3330/1810/2
f 3260/1811/1 3324/1812/1 3322/1813/1
f 3277/1814/7 3260/1815/7 3322/1816/7
f 3328/1817/5 3286/1818/5 3375/1819/5
f 3326/1820/1 3320/1821/1 3264/1822/1
f 3268/1823/7 3326/1824/7 3264/1825/7
f 3330/1826/7 3278/1827/7 3274/981/7
f 3296/1828/7 3286/1829/7 3280/1830/7
f 3335/1831/7 3293/1832/7 3290/1833/7
f 3364/1834/3 3360/1835/3 3352/1836/3
f 2943/1837/2 2917/1838/2 2980/1839/2
f 3301/1840/7 3296/1736/7 3294/1841/7
f 3346/1842/4 3307/1843/4 3342/1844/4
f 3309/1845/5 3350/1843/5 3348/1846/5
f 3307/1847/7 3348/876/7 3342/1848/7
f 3359/1849/4 3317/1850/4 3354/1851/4
f 3317/1852/7 3305/1853/7 3354/1854/7
f 3319/1855/5 3364/1856/5 3363/1857/5
f 3313/1858/7 3363/1859/7 3310/1860/7
f 3317/1861/1 3371/1862/1 3369/1863/1
f 3324/1864/7 3317/1865/7 3369/1866/7
f 3340/1867/5 3381/1868/5 3296/1699/5
f 3378/1869/4 3335/1870/4 3290/1871/4
f 3373/1872/1 3367/1873/1 3319/1874/1
f 3320/1875/7 3373/1876/7 3319/1877/7
f 3386/1878/4 3392/1879/4 3336/1880/4
f 3398/1881/7 3336/1882/7 3392/1883/7
f 3398/1884/5 3389/1885/5 3339/1886/5
f 3405/1887/4 3359/1888/4 3401/1889/4
f 3493/1890/3 3488/1891/3 3487/1416/3
f 3669/1892/5 3738/1893/5 3661/1894/5
f 3345/1895/7 3401/1896/7 3359/1897/7
f 3364/1898/5 3411/1899/5 3408/1900/5
f 3418/1616/4 3371/1901/4 3415/1617/4
f 3359/1902/1 3418/1903/1 3415/1904/1
f 3371/1905/7 3359/1906/7 3415/1907/7
f 3375/1908/5 3422/1909/5 3421/1910/5
f 3421/1911/1 3412/1912/1 3364/1713/1
f 3367/1913/7 3421/1914/7 3364/1853/7
f 3371/1915/1 3431/1916/1 3427/1917/1
f 3434/1918/1 3425/203/1 3375/1919/1
f 2835/1920/5 2893/1921/5 2826/1922/5
f 3451/1923/2 3377/1915/2 3450/1924/2
f 3455/1925/2 3459/1926/2 3383/1927/2
f 3453/1928/4 3462/1929/4 3377/1930/4
f 3464/1931/2 3385/1932/2 3462/1933/2
f 3462/1934/7 3378/690/7 3377/1935/7
f 3472/1936/5 3455/1937/5 3383/1938/5
f 3468/1939/2 3472/1940/2 3391/448/2
f 3391/1941/7 3383/1942/7 3381/1943/7
f 3467/1944/4 3475/1945/4 3385/1946/4
f 3397/1947/2 3395/1948/2 3476/1949/2
f 3475/1950/7 3386/1951/7 3385/1952/7
f 3480/1953/5 3468/1954/5 3391/1955/5
f 3397/1956/7 3391/1957/7 3389/1958/7
f 3429/1959/7 3377/1960/7 3427/1961/7
f 3487/1962/4 3407/1963/4 3483/1964/4
f 3437/1965/5 3443/1966/5 3439/1967/5
f 3499/1968/7 3407/1969/7 3411/1970/7
f 3411/1971/5 3500/1972/5 3499/1973/5
f 3495/1974/1 3491/1975/1 3499/1976/1
f 3509/1845/4 3418/1977/4 3504/1978/4
f 3418/1979/7 3405/1980/7 3504/1981/7
f 3510/1982/3 3506/1983/3 3509/1984/3
f 3422/1985/5 3520/1986/5 3517/1987/5
f 3517/1988/1 3502/1874/1 3411/1989/1
f 3412/1990/7 3517/873/7 3411/1991/7
f 3520/1992/3 3516/1993/3 3502/1991/3
f 3418/1994/1 3527/1995/1 3523/1996/1
f 3431/1997/7 3418/1998/7 3523/1999/7
f 3506/2000/3 3525/2001/3 3527/2002/3
f 3533/2003/1 3521/2004/1 3422/2005/1
f 3425/2006/7 3533/2007/7 3422/2008/7
f 3535/2007/3 3532/2009/3 3521/2010/3
f 3555/2011/4 3545/2012/4 3547/2013/4
f 3430/2014/1 3547/2015/1 3545/2016/1
f 3549/2017/1 3542/2018/1 3439/2019/1
f 3555/2020/2 3445/2021/2 3552/2022/2
f 3559/2023/2 3563/2024/2 3447/2025/2
f 2900/2026/3 2893/2027/3 2901/2028/3
f 1122/2029/1 1108/2030/1 1119/2031/1
f 3576/2032/2 3464/2033/2 3573/2034/2
f 3573/2035/7 3453/2036/7 3451/2037/7
f 3567/2038/3 3576/2039/3 3565/2040/3
f 3579/2041/2 3583/2042/2 3470/2043/2
f 3470/2044/7 3457/2045/7 3455/2046/7
f 3571/2047/3 3579/2048/3 3569/2049/3
f 3697/2050/4 3577/2051/4 3675/2052/4
f 3585/2053/7 3467/2002/7 3464/2001/7
f 3563/2054/5 3550/2055/5 3549/2056/5
f 3479/2057/7 3470/2058/7 3468/2059/7
f 3587/2060/4 3593/2061/4 3476/2062/4
f 2462/2063/3 2467/2064/3 2460/2065/3
f 3479/2066/7 3593/2067/7 3608/2068/7
f 3608/2069/5 3589/2070/5 3479/2071/5
f 3552/2072/7 3430/2073/7 3545/2074/7
f 3612/2075/4 3493/2076/4 3491/2077/4
f 3497/2078/5 3613/2079/5 3495/2080/5
f 3445/2081/4 3450/2082/4 3430/2083/4
f 3613/674/3 3610/2084/3 3612/2085/3
f 3620/2086/4 3512/2087/4 3510/2088/4
f 3516/2089/5 3632/2087/5 3502/2090/5
f 3639/2091/4 3530/2092/4 3506/2093/4
f 3512/2094/1 3639/2095/1 3506/2096/1
f 3532/2097/5 3649/2098/5 3521/2099/5
f 3521/2100/1 3635/2101/1 3516/2102/1
f 3530/2103/1 3652/2104/1 3525/2105/1
f 3752/2106/4 3789/2107/4 3815/2108/4
f 3652/2109/3 3655/2110/3 3667/2111/3
f 3703/2112/5 3579/2113/5 3592/2114/5
f 3538/2115/1 3650/2116/1 3532/2117/1
f 3672/2118/2 3567/2119/2 3565/2120/2
f 3684/2121/2 3571/2122/2 3569/2123/2
f 3447/2124/5 3443/1966/5 3571/2125/5
f 3743/2126/5 3681/2127/5 3772/2128/5
f 3549/2129/7 3441/2130/7 3447/2131/7
f 3405/2132/1 3407/2133/1 3510/2134/1
f 3698/2135/4 3600/2136/4 3598/2137/4
f 3604/2138/5 3700/2139/5 3602/2140/5
f 3710/2141/4 3642/2142/4 3622/2143/4
f 3713/1859/3 3708/2144/3 3710/2145/3
f 3644/2146/5 3720/2147/5 3631/2148/5
f 3720/2149/3 3718/2150/3 3716/2151/3
f 3726/1985/4 3657/2152/4 3640/2153/4
f 3642/2154/1 3726/2155/1 3640/2156/1
f 3708/2157/3 3724/2158/3 3726/2159/3
f 3658/2160/5 3733/2161/5 3646/2162/5
f 3646/2163/1 3723/2164/1 3644/2165/1
f 3733/2166/3 3730/2167/3 3723/2168/3
f 3657/2169/1 3737/2170/1 3655/2171/1
f 3661/2172/1 3735/2173/1 3658/2174/1
f 3703/2175/2 3589/2176/2 3700/2177/2
f 3740/2178/2 3677/2179/2 3667/2180/2
f 3743/2181/2 3669/2182/2 3682/2183/2
f 3741/2184/4 3679/2185/4 3677/2186/4
f 3747/2187/2 3689/2188/2 3679/2189/2
f 3751/2190/3 3747/2191/3 3741/2192/3
f 3752/2070/4 3691/2193/4 3689/2071/4
f 3759/2194/3 3756/2044/3 3752/2046/3
f 3693/2193/5 3754/2195/5 3695/2196/5
f 3754/2197/3 3765/2198/3 3763/2199/3
f 2670/2200/1 2353/2201/1 2493/2202/1
f 3779/2203/4 3715/2204/4 3713/2205/4
f 3809/2206/4 3741/2207/4 3724/2208/4
f 3772/2209/3 3774/2210/3 3770/2211/3
f 3780/2212/3 3777/2213/3 3779/2214/3
f 3792/2215/5 3774/2216/5 3816/2217/5
f 3129/2218/4 3055/2219/4 3072/2220/4
f 3806/2221/3 3816/2222/3 3815/2223/3
f 3794/2224/4 3761/2225/4 3759/2226/4
f 1734/6568/3 1747/6568/3 1744/6568/3
f 2181/1/1 2180/6569/1 1923/2/1
f 3816/6/2 3818/6570/2 3772/4/2
f 3772/4/2 3770/1436/2 3792/5/2
f 3788/7/1 3730/6571/1 3735/8/1
f 3735/8/1 3810/6572/1 3806/9/1
f 3746/10/3 3743/6573/3 3735/11/3
f 3765/13/2 3766/6574/2 3693/14/2
f 3693/14/2 3691/6575/2 3756/6576/2
f 3761/15/2 3797/6577/2 3800/6578/2
f 3693/14/2 3756/6576/2 3761/15/2
f 3761/15/2 3800/6578/2 3765/13/2
f 3369/6579/4 3371/6580/4 3377/16/4
f 3377/16/4 3330/6581/4 3274/17/4
f 3274/17/4 3272/6582/4 3270/6583/4
f 3277/6584/4 3322/6585/4 3324/18/4
f 3274/17/4 3270/6583/4 3277/6584/4
f 3324/18/4 3369/6579/4 3377/16/4
f 3274/17/4 3277/6584/4 3324/18/4
f 3155/19/4 3158/6586/4 3144/6587/4
f 3137/20/4 3115/6588/4 3124/6589/4
f 3155/19/4 3144/6587/4 3137/20/4
f 3172/21/4 3171/6590/4 3155/19/4
f 3137/20/4 3124/6589/4 3172/21/4
f 3780/22/5 3716/6591/5 3718/23/5
f 1872/25/4 1823/6592/4 1809/26/4
f 1809/26/4 1925/6593/4 1923/27/4
f 2380/28/4 2385/6594/4 2235/29/4
f 2330/31/3 2331/6595/3 2326/32/3
f 3589/34/3 3605/6596/3 3604/35/3
f 1456/37/4 1216/6597/4 1202/38/4
f 2382/40/1 2384/6598/1 2375/41/1
f 1338/43/3 1339/6599/3 1333/44/3
f 3740/46/3 3737/6600/3 3724/47/3
f 3502/49/3 3497/6601/3 3495/50/3
f 2036/54/2 2321/6602/2 2324/52/2
f 2324/52/2 2172/6603/2 2170/53/2
f 2170/53/2 2046/6604/2 2036/54/2
f 3232/55/4 3239/6605/4 3207/56/4
f 2544/6606/7 2550/6607/7 2549/6608/7
f 2543/58/7 2538/6609/7 2534/59/7
f 2544/6606/7 2549/6608/7 2543/58/7
f 2561/6610/7 2567/6611/7 2544/6606/7
f 2417/6612/7 2433/6613/7 2573/6614/7
f 2405/6615/7 2403/6616/7 2419/6617/7
f 2419/6617/7 2417/6612/7 2573/6614/7
f 2561/6610/7 2544/6606/7 2543/58/7
f 2419/6617/7 2573/6614/7 2561/6610/7
f 2405/6615/7 2419/6617/7 2561/6610/7
f 2534/59/7 2528/6618/7 2384/6619/7
f 2384/6619/7 2387/6620/7 2395/60/7
f 2405/6615/7 2561/6610/7 2543/58/7
f 2534/59/7 2384/6619/7 2395/60/7
f 2395/60/7 2405/6615/7 2543/58/7
f 1300/61/1 1419/6621/1 1409/6622/1
f 1300/61/1 1409/6622/1 1294/6623/1
f 1401/6624/1 1413/6625/1 1284/63/1
f 1300/61/1 1294/6623/1 1289/62/1
f 1289/62/1 1401/6624/1 1284/63/1
f 1184/66/5 1195/6626/5 1193/64/5
f 1187/65/5 1186/6627/5 1184/66/5
f 2421/6628/5 2419/6629/5 2403/6630/5
f 2244/67/5 2239/6631/5 2237/68/5
f 2257/69/5 2421/6628/5 2403/6630/5
f 2237/68/5 2260/6632/5 2257/69/5
f 2257/69/5 2403/6630/5 2244/67/5
f 2266/70/7 2264/6633/7 2423/71/7
f 3669/73/3 3661/6634/3 3664/74/3
f 2784/76/1 2781/6635/1 2779/6636/1
f 2787/77/1 2884/6637/1 2881/78/1
f 2784/76/1 2779/6636/1 2787/77/1
f 1244/6638/7 1249/6639/7 1157/6640/7
f 1157/6640/7 1156/6641/7 1168/6642/7
f 1244/6638/7 1157/6640/7 1168/6642/7
f 1273/6643/7 1269/6644/7 1257/81/7
f 1244/6638/7 1168/6642/7 1166/6645/7
f 1262/6646/7 1273/6643/7 1257/81/7
f 1257/81/7 1244/6638/7 1166/6645/7
f 1163/6647/7 1233/6648/7 1235/6649/7
f 1257/81/7 1166/6645/7 1163/6647/7
f 1252/80/7 1259/6650/7 1262/6646/7
f 1163/6647/7 1235/6649/7 1239/79/7
f 1252/80/7 1262/6646/7 1257/81/7
f 1257/81/7 1163/6647/7 1239/79/7
f 1809/82/4 1576/6651/4 1563/83/4
f 2098/87/7 2089/6652/7 2084/85/7
f 2082/86/7 2208/6653/7 2098/87/7
f 1929/88/1 1687/6654/1 1689/89/1
f 2457/6655/5 2592/6656/5 2589/6657/5
f 2449/6658/5 2446/6659/5 2288/91/5
f 2457/6655/5 2589/6657/5 2449/6658/5
f 2311/6660/5 2464/6661/5 2457/6655/5
f 2040/6662/5 2320/6663/5 2311/6660/5
f 2168/6664/5 2026/6665/5 2040/6662/5
f 2309/6666/5 2161/6667/5 2168/6664/5
f 2012/6668/5 2153/6669/5 2295/93/5
f 2309/6666/5 2168/6664/5 2040/6662/5
f 2145/6670/5 2012/6668/5 2295/93/5
f 2309/6666/5 2040/6662/5 2311/6660/5
f 2135/92/5 2145/6670/5 2295/93/5
f 2309/6666/5 2311/6660/5 2457/6655/5
f 2295/93/5 2309/6666/5 2457/6655/5
f 2457/6655/5 2449/6658/5 2288/91/5
f 2279/6671/5 2268/6672/5 2135/92/5
f 2295/93/5 2457/6655/5 2288/91/5
f 2288/91/5 2279/6671/5 2135/92/5
f 1096/94/7 1090/6673/7 1091/95/7
f 2898/97/3 2895/6674/3 2891/98/3
f 3389/6675/2 3391/6676/2 3340/6677/2
f 3301/6678/2 3249/6679/2 3241/6680/2
f 3339/6681/2 3389/6675/2 3340/6677/2
f 3385/6682/2 3386/6683/2 3336/6684/2
f 3336/6684/2 3339/6681/2 3340/6677/2
f 3336/6684/2 3340/6677/2 3301/6678/2
f 3335/6685/2 3385/6682/2 3336/6684/2
f 3239/6686/2 3247/6687/2 3298/6688/2
f 3298/6688/2 3335/6685/2 3336/6684/2
f 3336/6684/2 3301/6678/2 3241/6680/2
f 3211/100/2 3212/6689/2 3123/6690/2
f 3336/6684/2 3241/6680/2 3211/100/2
f 3239/6686/2 3298/6688/2 3336/6684/2
f 3129/6691/2 3202/6692/2 3207/102/2
f 3239/6686/2 3336/6684/2 3211/100/2
f 3207/102/2 3239/6686/2 3211/100/2
f 3123/6690/2 3121/6693/2 3132/6694/2
f 3135/101/2 3131/6695/2 3129/6691/2
f 3211/100/2 3123/6690/2 3132/6694/2
f 3135/101/2 3129/6691/2 3207/102/2
f 3211/100/2 3132/6694/2 3135/101/2
f 2408/103/5 2405/6696/5 2395/104/5
f 3363/6697/1 3364/6698/1 3352/6699/1
f 3310/6700/1 3363/6697/1 3352/6699/1
f 3220/6701/1 3244/6702/1 3310/6700/1
f 3127/6703/1 3182/6704/1 3179/6705/1
f 3110/6706/1 3127/6703/1 3179/6705/1
f 3026/6707/1 3090/6708/1 3087/6709/1
f 2991/6710/1 3026/6707/1 3087/6709/1
f 2801/6711/1 2964/6712/1 2960/6713/1
f 2800/6714/1 2801/6711/1 2960/6713/1
f 2956/6715/1 2954/6716/1 2800/6714/1
f 2956/6715/1 2800/6714/1 2960/6713/1
f 2956/6715/1 2960/6713/1 2991/6710/1
f 3024/6717/1 2956/6715/1 2991/6710/1
f 3024/6717/1 2991/6710/1 3087/6709/1
f 3015/6718/1 3016/6719/1 3018/6720/1
f 3018/6720/1 3024/6717/1 3087/6709/1
f 3018/6720/1 3087/6709/1 3110/6706/1
f 3081/6721/1 3015/6718/1 3018/6720/1
f 3082/6722/1 3081/6721/1 3018/6720/1
f 3018/6720/1 3110/6706/1 3179/6705/1
f 3018/6720/1 3179/6705/1 3220/6701/1
f 3082/6722/1 3018/6720/1 3220/6701/1
f 3310/6700/1 3352/6699/1 3309/6723/1
f 3307/109/1 3345/6724/1 3359/6725/1
f 3220/6701/1 3310/6700/1 3309/6723/1
f 3220/6701/1 3309/6723/1 3307/109/1
f 3108/6726/1 3082/6722/1 3220/6701/1
f 3172/6727/1 3124/6728/1 3108/6726/1
f 3175/6729/1 3172/6727/1 3108/6726/1
f 3108/6726/1 3220/6701/1 3307/109/1
f 3359/6725/1 3354/6730/1 3305/110/1
f 3305/110/1 3243/6731/1 3217/111/1
f 3175/6729/1 3108/6726/1 3307/109/1
f 3217/111/1 3175/6729/1 3307/109/1
f 3307/109/1 3359/6725/1 3305/110/1
f 2601/6732/4 2606/6733/4 2485/6734/4
f 2478/112/4 2339/6735/4 2326/6736/4
f 2601/6732/4 2485/6734/4 2478/112/4
f 2779/6737/4 2781/6738/4 2791/114/4
f 2661/6739/4 2779/6737/4 2791/114/4
f 2791/114/5 2601/6732/5 2478/112/5
f 2326/6736/4 2472/6740/4 2470/113/4
f 2470/113/4 2661/6739/4 2791/114/4
f 2478/112/4 2326/6736/4 2470/113/4
f 2201/115/1 2203/1219/1 2361/116/1
f 2361/116/1 2370/6741/1 2365/117/1
f 3502/118/1 3632/6742/1 3616/119/1
f 2020/121/2 2022/6743/2 1845/122/2
f 1186/124/1 1182/6744/1 1179/125/1
f 2952/127/4 2812/6745/4 2800/128/4
f 2931/6746/2 2937/6747/2 2462/130/2
f 2462/130/2 2460/1186/2 2873/131/2
f 2877/132/2 2931/6746/2 2462/130/2
f 2244/133/7 2408/6748/7 2394/134/7
f 1333/138/1 1344/6749/1 1145/136/1
f 1145/136/1 1094/6750/1 1133/137/1
f 1558/139/2 1211/6751/2 1204/140/2
f 1765/6752/1 1523/6753/1 1404/142/1
f 1404/142/1 1400/6754/1 1405/6755/1
f 1407/6756/1 1528/6757/1 1525/143/1
f 1404/142/1 1405/6755/1 1407/6756/1
f 1657/144/1 1761/6758/1 1765/6752/1
f 1525/143/1 1655/6759/1 1657/144/1
f 1404/142/1 1407/6756/1 1525/143/1
f 1657/144/1 1765/6752/1 1404/142/1
f 1555/145/5 1204/6760/5 1218/146/5
f 2682/148/3 2680/293/3 2670/6761/3
f 2670/6761/3 2672/6762/3 2674/149/3
f 2674/149/3 2696/6763/3 2693/150/3
f 2682/148/3 2670/6761/3 2674/149/3
f 1999/151/4 2006/6764/4 1896/152/4
f 1896/152/4 2123/6765/4 2129/153/4
f 3741/156/2 3813/6766/2 3815/154/2
f 3789/155/2 3751/6767/2 3741/156/2
f 2344/157/3 2342/6768/3 2331/158/3
f 2266/160/2 2129/6769/2 2262/161/2
f 1685/163/1 1571/6770/1 1576/164/1
f 1576/164/1 1809/6771/1 1821/165/1
f 1267/166/2 1374/6772/2 1376/6773/2
f 1262/168/2 1369/6774/2 1372/6775/2
f 1262/168/2 1372/6775/2 1265/6776/2
f 1267/166/2 1376/6773/2 1273/167/2
f 1262/168/2 1265/6776/2 1267/166/2
f 2423/171/2 2424/6777/2 2427/169/2
f 2427/169/2 2275/6778/2 2274/170/2
f 1573/172/1 1341/6779/1 1345/173/1
f 2998/175/1 2992/6780/1 2962/6781/1
f 2967/176/1 2813/6782/1 2816/6783/1
f 2998/175/1 2962/6781/1 2967/176/1
f 3045/177/1 3035/6784/1 2998/175/1
f 2967/176/1 2816/6783/1 3045/177/1
f 1454/180/2 1804/6785/2 1807/178/2
f 1807/178/2 1555/6786/2 1553/179/2
f 1553/179/2 1457/6787/2 1454/180/2
f 1333/181/1 1339/6788/1 1567/182/1
f 1532/186/1 1766/6789/1 1762/184/1
f 1536/185/1 1407/6790/1 1532/186/1
f 1804/187/4 1454/6791/4 1447/188/4
f 2758/190/5 2740/6792/5 2636/6793/5
f 2758/190/5 2636/6793/5 2639/6794/5
f 2563/6795/5 2561/6796/5 2573/192/5
f 2758/190/5 2639/6794/5 2568/191/5
f 2568/191/5 2563/6795/5 2573/192/5
f 2462/193/3 2455/6797/3 2457/194/3
f 1507/196/7 1503/6798/7 1621/197/7
f 1807/199/5 1800/6799/5 1548/200/5
f 3004/202/4 3011/6800/4 2980/203/4
f 1567/205/3 1569/6801/3 1563/206/3
f 2442/208/7 2437/6802/7 2427/209/7
f 2427/209/7 2424/6803/7 2574/210/7
f 2269/211/2 2272/6804/2 2135/212/2
f 1196/6805/7 1212/6806/7 1112/6807/7
f 1196/6805/7 1112/6807/7 1114/6808/7
f 1184/6809/7 1179/6810/7 1190/6811/7
f 1190/6811/7 1196/6805/7 1114/6808/7
f 1122/214/7 1123/6812/7 1222/215/7
f 1190/6811/7 1114/6808/7 1122/214/7
f 1195/216/7 1184/6809/7 1190/6811/7
f 1222/215/7 1206/6813/7 1195/216/7
f 1195/216/7 1190/6811/7 1122/214/7
f 2770/217/2 2656/6814/2 2654/218/2
f 1893/6815/5 1886/6816/5 1624/220/5
f 1624/220/5 1635/6817/5 1633/221/5
f 1633/221/5 1748/6818/5 1747/6819/5
f 1736/222/5 1893/6815/5 1624/220/5
f 1633/221/5 1747/6819/5 1736/222/5
f 1771/223/5 1899/6820/5 1533/224/5
f 2318/226/3 2324/6821/3 2321/227/3
f 2318/229/2 2320/6822/2 2040/230/2
f 3784/232/4 3729/6823/4 3708/233/4
f 3708/233/4 3802/6824/4 3801/234/4
f 2382/235/7 2216/6825/7 2218/6826/7
f 2228/236/7 2230/6827/7 2239/237/7
f 2382/235/7 2218/6826/7 2228/236/7
f 2318/238/2 2315/6828/2 2467/239/2
f 1800/241/3 1807/6829/3 1804/242/3
f 1094/6830/4 1091/6831/4 1090/244/4
f 1090/244/4 1336/6832/4 1333/245/4
f 1133/246/4 1094/6830/4 1090/244/4
f 1901/247/4 1908/6833/4 1856/6834/4
f 1848/248/4 2034/6835/4 2032/249/4
f 1901/247/4 1856/6834/4 1848/248/4
f 2927/250/5 2986/6836/5 2975/251/5
f 1906/253/5 2043/6837/5 2040/6662/5
f 1853/6838/5 1779/6839/5 1792/254/5
f 1906/253/5 2040/6662/5 1853/6838/5
f 1795/6840/5 1916/6841/5 1906/253/5
f 1550/255/5 1803/6842/5 1795/6840/5
f 1792/254/5 1675/6843/5 1550/255/5
f 1906/253/5 1853/6838/5 1792/254/5
f 1550/255/5 1795/6840/5 1906/253/5
f 3112/256/5 3110/6844/5 3087/257/5
f 3216/259/4 3177/6845/4 3175/260/4
f 4983/6846/4 4982/6847/4 1603/6848/4
f 4983/6846/4 1603/6848/4 1610/262/4
f 1720/6849/4 4984/6850/4 4981/264/4
f 4981/264/4 4983/6846/4 1610/262/4
f 1713/263/4 1720/6849/4 4981/264/4
f 3059/267/5 3093/6851/5 3090/265/5
f 3090/265/5 3026/6852/5 2998/6853/5
f 3035/266/5 3042/6854/5 3062/6855/5
f 3090/265/5 2998/6853/5 3035/266/5
f 3035/266/5 3062/6855/5 3059/267/5
f 3222/260/5 3220/6845/5 3179/268/5
f 1896/270/7 1890/6856/7 1887/271/7
f 1886/273/7 1960/6857/7 1876/274/7
f 2656/276/5 2770/6858/5 2764/6859/5
f 2651/6860/5 2438/6861/5 2445/1729/5
f 2656/276/5 2764/6859/5 2651/6860/5
f 2872/6862/5 2870/6863/5 2660/278/5
f 2937/6864/5 2934/6865/5 2872/6862/5
f 2455/6866/5 2462/6867/5 2937/6864/5
f 2588/6868/5 2455/6866/5 2937/6864/5
f 2937/6864/5 2872/6862/5 2660/278/5
f 2588/6868/5 2937/6864/5 2660/278/5
f 2651/6860/5 2445/1729/5 2579/277/5
f 2579/277/5 2588/6868/5 2660/278/5
f 2656/276/5 2651/6860/5 2579/277/5
f 2099/281/7 2214/6869/7 2087/279/7
f 2087/279/7 2085/6870/7 2091/280/7
f 2916/6871/4 2852/6872/4 2842/6873/4
f 2903/6874/4 2916/6871/4 2842/6873/4
f 2950/106/4 2944/108/4 2903/6874/4
f 3052/6875/4 2989/107/4 2950/106/4
f 3048/6876/4 3052/6875/4 2950/106/4
f 2950/106/4 2903/6874/4 2842/6873/4
f 2950/106/4 2842/6873/4 2898/6877/4
f 3069/6878/2 3048/6876/2 2950/106/2
f 3290/6879/4 3102/6880/4 3069/6878/4
f 3256/6881/4 3278/6882/4 3290/6879/4
f 3260/6883/4 3266/6884/4 3250/6885/4
f 3256/6881/4 3290/6879/4 3069/6878/4
f 3069/6878/4 2950/106/4 2898/6877/4
f 2888/6886/4 2823/6887/4 2810/6888/4
f 3317/6889/4 3314/6890/4 3260/6883/4
f 3196/774/4 3224/1742/4 3317/6889/4
f 3195/6891/4 3196/774/4 3317/6889/4
f 3195/6891/4 3317/6889/4 3260/6883/4
f 3192/1492/4 3195/6891/4 3260/6883/4
f 3192/1492/4 3260/6883/4 3250/6885/4
f 3192/1492/4 3250/6885/4 3256/6881/4
f 2888/6886/4 2810/6888/4 2939/1630/4
f 2888/6886/4 2939/1630/4 2948/6892/4
f 3192/1492/3 3256/6881/3 3069/6878/3
f 3169/1493/2 3192/1492/2 3069/6878/2
f 2898/6877/4 2888/6886/4 2948/6892/4
f 3000/282/4 3037/1631/4 3064/283/4
f 2898/6877/4 2948/6892/4 3000/282/4
f 3169/1493/2 3069/6878/2 2898/6877/2
f 3140/284/4 3165/1741/4 3162/772/4
f 3162/772/4 3169/1493/4 2898/6877/4
f 3162/772/4 2898/6877/4 3000/282/4
f 3095/6893/4 3142/6894/4 3140/284/4
f 3140/284/4 3162/772/4 3000/282/4
f 3064/283/4 3095/6893/4 3140/284/4
f 2714/287/5 2538/6895/5 2543/6896/5
f 2541/285/5 2629/6897/5 2718/286/5
f 2714/287/5 2543/6896/5 2541/285/5
f 2114/6898/4 2121/6899/4 1995/288/4
f 1995/288/4 1887/6900/4 1984/289/4
f 1992/290/4 2114/6898/4 1995/288/4
f 2748/6901/3 2751/6902/3 2736/6903/3
f 2736/6903/3 2738/6904/3 2728/6905/3
f 2712/6906/3 2708/6907/3 2696/6763/3
f 2748/6901/3 2736/6903/3 2728/6905/3
f 2712/6906/3 2696/6763/3 2674/149/3
f 2712/6906/3 2674/149/3 2683/6908/3
f 2698/6909/3 2714/6910/3 2718/6911/3
f 2712/6906/3 2683/6908/3 2698/6909/3
f 2728/6905/3 2712/6906/3 2698/6909/3
f 2718/6911/3 2722/6912/3 2724/6913/3
f 2728/6905/3 2698/6909/3 2718/6911/3
f 2748/6901/3 2728/6905/3 2718/6911/3
f 2718/6911/3 2724/6913/3 2721/6914/3
f 2721/6914/3 2742/6915/3 2740/6916/3
f 2740/6916/3 2758/6917/3 2756/6918/3
f 2756/6918/3 2767/6919/3 2764/6920/3
f 2764/6920/3 2770/6921/3 2768/6922/3
f 2762/6923/3 2760/6924/3 2754/6925/3
f 2764/6920/3 2768/6922/3 2762/6923/3
f 2740/6916/3 2756/6918/3 2764/6920/3
f 2718/6911/3 2721/6914/3 2740/6916/3
f 2748/6901/3 2718/6911/3 2740/6916/3
f 2740/6916/3 2764/6920/3 2762/6923/3
f 2754/6925/3 2752/6926/3 2730/6927/3
f 2748/6901/3 2740/6916/3 2762/6923/3
f 2735/6928/3 2744/6929/3 2747/6930/3
f 2747/6930/3 2748/6901/3 2762/6923/3
f 2762/6923/3 2754/6925/3 2730/6927/3
f 2730/6927/3 2729/6931/3 2700/1426/3
f 2730/6927/3 2700/1426/3 2703/6932/3
f 2747/6930/3 2762/6923/3 2730/6927/3
f 2725/6933/3 2732/6934/3 2735/6928/3
f 2735/6928/3 2747/6930/3 2730/6927/3
f 2725/6933/3 2735/6928/3 2730/6927/3
f 2690/6935/3 2707/1428/3 2705/1430/3
f 2705/1430/3 2725/6933/3 2730/6927/3
f 2705/1430/3 2730/6927/3 2703/6932/3
f 2680/293/3 2692/6936/3 2690/6935/3
f 2690/6935/3 2705/1430/3 2703/6932/3
f 2686/1425/3 2687/6937/3 2675/291/3
f 2690/6935/3 2703/6932/3 2686/1425/3
f 2667/6938/3 2670/6761/3 2680/293/3
f 2680/293/3 2690/6935/3 2686/1425/3
f 2675/291/3 2678/6939/3 2666/292/3
f 2680/293/3 2686/1425/3 2675/291/3
f 2666/292/3 2667/6938/3 2680/293/3
f 1101/294/2 1091/6940/2 1094/295/2
f 1766/297/7 1758/6941/7 1755/298/7
f 2084/6942/3 2082/6943/3 2074/6944/3
f 2084/6942/3 2074/6944/3 2076/300/3
f 2079/6945/3 2087/6946/3 2085/302/3
f 2085/302/3 2084/6942/3 2076/300/3
f 2078/301/3 2079/6945/3 2085/302/3
f 2117/305/5 2110/6947/5 2107/6948/5
f 1978/303/5 1976/6949/5 1990/6950/5
f 2117/305/5 2107/6948/5 1978/303/5
f 1987/304/5 2119/6951/5 2117/305/5
f 1978/303/5 1990/6950/5 1987/304/5
f 3587/306/2 3476/6952/2 3585/6953/2
f 3697/307/2 3698/6954/2 3598/308/2
f 3587/306/2 3585/6953/2 3697/307/2
f 3800/309/5 3796/6955/5 3763/310/5
f 2651/314/2 2764/6956/2 2767/312/2
f 2767/312/2 2575/6957/2 2446/313/2
f 2446/313/2 2438/6958/2 2651/314/2
f 1950/315/1 1952/6959/1 2089/316/1
f 2089/316/1 2098/6960/1 2093/317/1
f 3806/320/5 3804/6961/5 3723/318/5
f 3723/318/5 3730/6962/5 3788/319/5
f 2321/321/4 2036/6963/4 2029/322/4
f 2315/324/2 2029/1011/2 2034/325/2
f 1311/6964/7 1201/6965/7 1191/6966/7
f 1311/6964/7 1191/6966/7 1182/6967/7
f 1304/6968/7 1311/6964/7 1182/6967/7
f 1304/6968/7 1182/6967/7 1186/6969/7
f 1284/6970/7 1286/6971/7 1290/329/7
f 1290/329/7 1304/6968/7 1186/6969/7
f 1187/6972/7 1193/6973/7 1209/6974/7
f 1186/6969/7 1187/6972/7 1209/6974/7
f 1332/6975/7 1319/6976/7 1309/327/7
f 1186/6969/7 1209/6974/7 1332/6975/7
f 1300/6977/7 1284/6970/7 1290/329/7
f 1186/6969/7 1332/6975/7 1309/327/7
f 1297/328/7 1301/6978/7 1300/6977/7
f 1290/329/7 1186/6969/7 1309/327/7
f 1297/328/7 1300/6977/7 1290/329/7
f 2099/330/1 2091/6979/1 1954/6980/1
f 1956/331/1 1876/6981/1 1960/332/1
f 2099/330/1 1954/6980/1 1956/331/1
f 1885/333/1 1621/6982/1 1503/334/1
f 3430/2083/4 3429/6983/4 3427/6984/4
f 3431/6985/4 3523/6986/4 3527/6987/4
f 3430/2083/4 3427/6984/4 3431/6985/4
f 3539/6988/4 3430/2083/4 3431/6985/4
f 3431/6985/4 3527/6987/4 3525/6989/4
f 3525/6989/4 3652/6990/4 3672/336/4
f 3565/337/4 3576/6991/4 3573/6992/4
f 3539/6988/4 3431/6985/4 3525/6989/4
f 3451/6993/4 3445/2081/4 3556/338/4
f 3539/6988/4 3525/6989/4 3672/336/4
f 3573/6992/4 3451/6993/4 3556/338/4
f 3556/338/4 3539/6988/4 3672/336/4
f 3565/337/4 3573/6992/4 3556/338/4
f 2663/339/7 2787/6994/7 2779/340/7
f 2620/342/1 2617/6995/1 2613/6996/1
f 2513/6997/1 2509/6998/1 2500/343/1
f 2620/342/1 2613/6996/1 2513/6997/1
f 2666/6999/1 2678/7000/1 2620/342/1
f 2609/1336/1 2666/6999/1 2620/342/1
f 2620/342/1 2513/6997/1 2500/343/1
f 2501/344/1 2609/1336/1 2620/342/1
f 2575/347/5 2767/7001/5 2756/345/5
f 2647/346/5 2433/7002/5 2575/347/5
f 2247/348/4 2246/7003/4 2233/7004/4
f 2233/7004/4 2235/7005/4 2241/349/4
f 2241/349/4 2402/7006/4 2412/350/4
f 2412/350/4 2411/7007/4 2247/348/4
f 2247/348/4 2233/7004/4 2241/349/4
f 3604/353/2 3605/7008/2 3608/351/2
f 3608/351/2 3593/7009/2 3596/7010/2
f 3600/352/2 3704/7011/2 3706/7012/2
f 3608/351/2 3596/7010/2 3600/352/2
f 3600/352/2 3706/7012/2 3604/353/2
f 2262/7013/7 2129/7014/7 2123/7015/7
f 2121/7016/7 2114/7017/7 2112/354/7
f 2262/7013/7 2123/7015/7 2121/7016/7
f 2233/355/7 2246/7018/7 2250/356/7
f 2250/356/7 2262/7013/7 2121/7016/7
f 2112/354/7 2106/7019/7 2233/355/7
f 2250/356/7 2121/7016/7 2112/354/7
f 2121/357/2 2123/7020/2 1896/358/2
f 2804/360/1 2797/7021/1 2680/361/1
f 5004/365/5 4986/7022/5 4987/363/5
f 4987/363/5 4989/7023/5 4988/7024/5
f 4990/7025/5 4991/7026/5 4994/7027/5
f 4987/363/5 4988/7024/5 4990/7025/5
f 5002/7028/5 5003/7029/5 5004/365/5
f 4987/363/5 4990/7025/5 4994/7027/5
f 4994/7027/5 4993/7030/5 4992/7031/5
f 4992/7031/5 5005/7032/5 5006/7033/5
f 5006/7033/5 5007/7034/5 1758/7035/5
f 1766/7036/5 1532/7037/5 1419/7038/5
f 1766/7036/5 1419/7038/5 1533/224/5
f 1533/224/5 1899/6820/5 2026/6665/5
f 2018/7039/5 2161/6667/5 2153/6669/5
f 1533/224/5 2026/6665/5 2018/7039/5
f 1766/7036/5 1533/224/5 2018/7039/5
f 2018/7039/5 2153/6669/5 2012/6668/5
f 2005/7040/5 2135/92/5 2125/7041/5
f 1766/7036/5 2018/7039/5 2012/6668/5
f 2005/7040/5 2125/7041/5 1897/7042/5
f 1766/7036/5 2012/6668/5 2005/7040/5
f 1758/7035/5 1766/7036/5 2005/7040/5
f 1897/7042/5 1892/7043/5 1734/7044/5
f 1758/7035/5 2005/7040/5 1897/7042/5
f 5006/7033/5 1758/7035/5 1897/7042/5
f 1897/7042/5 1734/7044/5 1744/7045/5
f 1641/7046/5 1632/7047/5 1512/7048/5
f 1897/7042/5 1744/7045/5 1641/7046/5
f 4992/7031/5 5006/7033/5 1897/7042/5
f 1728/7049/5 5001/7050/5 5002/7028/5
f 4985/7051/5 4999/7052/5 1717/7053/5
f 1607/7054/5 5000/7055/5 4985/7051/5
f 4995/7056/5 4996/7057/5 1607/7054/5
f 1490/7058/5 4998/7059/5 4997/7060/5
f 4995/7056/5 1607/7054/5 4985/7051/5
f 1376/7061/5 1490/7058/5 4997/7060/5
f 1376/7061/5 4997/7060/5 4995/7056/5
f 1269/7062/5 1273/7063/5 1376/7061/5
f 1272/7064/5 1269/7062/5 1376/7061/5
f 1272/7064/5 1376/7061/5 4995/7056/5
f 1157/7065/5 1249/7066/5 1247/7067/5
f 1247/7067/5 1272/7064/5 4995/7056/5
f 1157/7065/5 1247/7067/5 4995/7056/5
f 1232/7068/5 1227/7069/5 1157/7065/5
f 1683/7070/5 1359/1378/5 1368/7071/5
f 1232/7068/5 1157/7065/5 4995/7056/5
f 1824/7072/5 1683/7070/5 1368/7071/5
f 1368/7071/5 1232/7068/5 4995/7056/5
f 1368/7071/5 4995/7056/5 4985/7051/5
f 1583/7073/5 1689/1170/5 1824/7072/5
f 1467/7074/5 1583/7073/5 1824/7072/5
f 1368/7071/5 4985/7051/5 1717/7053/5
f 1467/7074/5 1824/7072/5 1368/7071/5
f 1476/7075/5 1467/7074/5 1368/7071/5
f 1476/7075/5 1368/7071/5 1717/7053/5
f 1875/7076/5 1692/7077/5 1596/7078/5
f 1596/7078/5 1476/7075/5 1717/7053/5
f 1826/7079/5 1875/7076/5 1596/7078/5
f 1699/7080/5 1834/7081/5 1826/7079/5
f 2198/7082/5 1842/7083/5 1707/7084/5
f 1699/7080/5 1826/7079/5 1596/7078/5
f 2207/7085/5 2198/7082/5 1707/7084/5
f 1707/7084/5 1699/7080/5 1596/7078/5
f 1707/7084/5 1596/7078/5 1717/7053/5
f 2079/7086/5 2207/7085/5 1707/7084/5
f 1949/7087/5 2087/7088/5 2079/7086/5
f 1876/7089/5 1956/7090/5 1949/7087/5
f 1506/364/5 1882/7091/5 1876/7089/5
f 1876/7089/5 1949/7087/5 2079/7086/5
f 2079/7086/5 1707/7084/5 1717/7053/5
f 2079/7086/5 1717/7053/5 1728/7049/5
f 4992/7031/5 1897/7042/5 1641/7046/5
f 2079/7086/5 1728/7049/5 5002/7028/5
f 4992/7031/5 1641/7046/5 1512/7048/5
f 2079/7086/5 5002/7028/5 5004/365/5
f 4994/7027/5 4992/7031/5 1512/7048/5
f 1876/7089/5 2079/7086/5 5004/365/5
f 4994/7027/5 1512/7048/5 1506/364/5
f 1506/364/5 1876/7089/5 5004/365/5
f 4987/363/5 4994/7027/5 1506/364/5
f 3056/366/4 3060/7092/4 3041/7093/4
f 3033/367/4 2995/7094/4 3015/7095/4
f 3056/366/4 3041/7093/4 3033/367/4
f 3081/368/4 3078/7096/4 3056/366/4
f 3033/367/4 3015/7095/4 3081/368/4
f 2372/371/1 2374/7097/1 2363/369/1
f 2363/369/1 2204/7098/1 2207/370/1
f 1101/372/5 1100/7099/5 1098/373/5
f 3802/375/1 3708/7100/1 3715/7101/1
f 3802/375/1 3715/7101/1 3777/7102/1
f 3718/7103/1 3723/7104/1 3804/377/1
f 3802/375/1 3777/7102/1 3782/376/1
f 3782/376/1 3718/7103/1 3804/377/1
f 1114/378/4 1112/7105/4 1110/379/4
f 1132/383/7 1119/7106/7 1108/381/7
f 1108/381/7 1110/7107/7 1115/382/7
f 1115/382/7 1125/7108/7 1132/383/7
f 1117/384/4 1127/7109/4 1125/385/4
f 1127/387/2 1129/7110/2 1132/388/2
f 1123/390/3 1129/7111/3 1127/391/3
f 1140/393/3 1142/7112/3 1144/394/3
f 5011/7113/4 1486/7114/4 1369/396/4
f 1369/396/4 1262/7115/4 1259/7116/4
f 1369/396/4 1259/7116/4 1264/7117/4
f 5010/7118/4 5011/7113/4 1369/396/4
f 1600/7119/4 5009/7120/4 5008/7121/4
f 5008/7121/4 5010/7118/4 1369/396/4
f 1369/396/4 1264/7117/4 1238/7122/4
f 1238/7122/4 1235/7123/4 1233/7124/4
f 1238/7122/4 1233/7124/4 1366/397/4
f 1601/7125/4 1600/7119/4 5008/7121/4
f 1481/7126/4 1601/7125/4 5008/7121/4
f 1369/396/4 1238/7122/4 1366/397/4
f 1354/7127/4 1147/7128/4 1145/7129/4
f 1145/7129/4 1344/7130/4 1341/7131/4
f 1341/7131/4 1573/7132/4 1571/7133/4
f 1571/7133/4 1685/7134/4 1577/7135/4
f 1571/7133/4 1577/7135/4 1461/7136/4
f 1145/7129/4 1341/7131/4 1571/7133/4
f 1354/7127/4 1145/7129/4 1571/7133/4
f 1354/7127/4 1571/7133/4 1461/7136/4
f 1366/397/4 1354/7127/4 1461/7136/4
f 1366/397/4 1461/7136/4 1469/7137/4
f 1481/7126/4 5008/7121/4 1369/396/4
f 1366/397/4 1469/7137/4 1478/398/4
f 1478/398/4 1481/7126/4 1369/396/4
f 1159/7138/7 1137/7139/7 1098/7140/7
f 1159/7138/7 1098/7140/7 1100/7141/7
f 1162/7142/7 1170/7143/7 1153/401/7
f 1153/401/7 1159/7138/7 1100/7141/7
f 1094/399/7 1145/7144/7 1147/7145/7
f 1153/401/7 1100/7141/7 1094/399/7
f 1150/400/7 1162/7142/7 1153/401/7
f 1094/399/7 1147/7145/7 1150/400/7
f 1156/402/2 1157/7146/2 1159/403/2
f 2661/407/1 2470/7147/1 2476/7148/1
f 2594/405/1 2600/7149/1 2663/406/1
f 2661/407/1 2476/7148/1 2594/405/1
f 1170/408/5 1168/7150/5 1156/409/5
f 2550/411/5 2724/7151/5 2722/412/5
f 2947/414/4 2972/7152/4 2977/415/4
f 2977/415/4 2917/7153/4 2907/416/4
f 1338/7154/1 1336/7155/1 1090/417/1
f 1090/417/1 1096/7156/1 1098/418/1
f 1098/418/1 1137/7157/1 1140/7158/1
f 1135/419/1 1338/7154/1 1090/417/1
f 1098/418/1 1140/7158/1 1135/419/1
f 1190/420/1 1191/7159/1 1201/421/1
f 1779/6839/5 1853/6838/5 1771/223/5
f 1663/225/5 1533/224/5 1538/7160/5
f 1779/6839/5 1771/223/5 1663/225/5
f 1550/255/5 1675/6843/5 1672/7161/5
f 1672/7161/5 1779/6839/5 1663/225/5
f 1663/225/5 1538/7160/5 1438/610/5
f 1663/225/5 1438/610/5 1450/423/5
f 1550/255/5 1672/7161/5 1663/225/5
f 1211/425/5 1558/7162/5 1550/255/5
f 1222/7163/5 1220/7164/5 1211/425/5
f 1209/424/5 1206/7165/5 1222/7163/5
f 1330/7166/5 1332/7167/5 1209/424/5
f 1550/255/5 1663/225/5 1450/423/5
f 1450/423/5 1330/7166/5 1209/424/5
f 1209/424/5 1222/7163/5 1211/425/5
f 1211/425/5 1550/255/5 1450/423/5
f 1206/426/1 1209/7168/1 1193/427/1
f 1202/429/3 1216/7169/3 1214/430/3
f 1211/432/3 1220/7170/3 1218/433/3
f 1338/435/5 1135/7171/5 1144/436/5
f 1227/438/3 1232/7172/3 1230/439/3
f 3600/441/3 3596/1890/3 3587/442/3
f 1238/444/2 1241/7173/2 1239/445/2
f 1246/447/2 1247/1939/2 1249/448/2
f 1241/450/4 1254/7174/4 1252/451/4
f 1257/453/5 1256/7175/5 1246/454/5
f 1252/456/1 1254/7176/1 1264/457/1
f 1162/7177/4 1150/7178/4 1152/459/4
f 1152/459/4 1356/7179/4 1361/460/4
f 1361/460/5 1229/7180/5 1163/461/5
f 1163/461/4 1162/7177/4 1152/459/4
f 1384/462/7 1267/7181/7 1265/463/7
f 1269/465/1 1272/7182/1 1256/466/1
f 5014/470/4 5015/7183/4 5013/7184/4
f 5013/7184/4 5012/7185/4 5024/7186/4
f 5024/7186/4 5023/7187/4 5022/7188/4
f 5021/7189/4 5020/7190/4 1725/7191/4
f 5022/7188/4 5021/7189/4 1725/7191/4
f 1712/7192/4 1701/7193/4 1839/7194/4
f 1725/7191/4 1712/7192/4 1839/7194/4
f 1839/7194/4 2066/7195/4 2069/7196/4
f 1725/7191/4 1839/7194/4 2069/7196/4
f 5022/7188/4 1725/7191/4 2069/7196/4
f 5022/7188/4 2069/7196/4 2191/7197/4
f 5014/470/4 5013/7184/4 5024/7186/4
f 5024/7186/4 5022/7188/4 2191/7197/4
f 2337/468/4 2484/7198/4 2483/7199/4
f 5024/7186/4 2191/7197/4 2337/468/4
f 5017/7200/4 5018/7201/4 5016/7202/4
f 5025/7203/4 5019/7204/4 5017/7200/4
f 5027/7205/4 5026/7206/4 5025/7203/4
f 1751/7207/4 5028/7208/4 5027/7205/4
f 1413/7209/4 1523/7210/4 1765/7211/4
f 1286/7212/4 1284/7213/4 1413/7209/4
f 1411/7214/4 1286/7212/4 1413/7209/4
f 1411/7214/4 1413/7209/4 1765/7211/4
f 1429/7215/4 1411/7214/4 1765/7211/4
f 1212/7216/4 1196/7217/4 1201/7218/4
f 1199/7219/4 1214/7220/4 1212/7216/4
f 1444/7221/4 1452/7222/4 1199/7219/4
f 1446/7223/4 1545/703/4 1444/7221/4
f 1324/7224/4 1446/7223/4 1444/7221/4
f 1199/7219/4 1212/7216/4 1201/7218/4
f 1324/7224/4 1444/7221/4 1199/7219/4
f 1313/7225/4 1324/7224/4 1199/7219/4
f 1199/7219/13 1201/7218/13 1311/7226/13
f 1313/7225/4 1199/7219/4 1311/7226/4
f 1665/7227/4 1539/704/4 1427/7228/4
f 1427/7228/4 1313/7225/4 1311/7226/4
f 1427/7228/4 1311/7226/4 1429/7215/4
f 1665/7227/4 1427/7228/4 1429/7215/4
f 1665/7227/4 1429/7215/4 1765/7211/4
f 1856/7229/4 1785/702/4 1773/7230/4
f 1773/7230/4 1665/7227/4 1765/7211/4
f 1856/7229/4 1773/7230/4 1765/7211/4
f 1848/7231/4 1856/7229/4 1765/7211/4
f 1848/7231/4 1765/7211/4 1751/7207/4
f 2015/7232/4 2020/7233/4 1843/7234/4
f 1843/7234/4 1848/7231/4 1751/7207/4
f 1843/7234/4 1751/7207/4 5027/7205/4
f 2146/7235/4 2155/7236/4 2015/7232/4
f 2015/7232/4 1843/7234/4 5027/7205/4
f 2015/7232/4 5027/7205/4 5025/7203/4
f 2140/7237/4 2146/7235/4 2015/7232/4
f 2006/6764/4 2143/7238/4 2140/7237/4
f 1733/7239/4 1890/7240/4 1896/152/4
f 1896/152/4 2006/6764/4 2140/7237/4
f 2140/7237/4 2015/7232/4 5025/7203/4
f 2140/7237/4 5025/7203/4 5017/7200/4
f 1733/7239/4 1896/152/4 2140/7237/4
f 1742/7241/4 1733/7239/4 2140/7237/4
f 2140/7237/4 5017/7200/4 5016/7202/4
f 5014/470/4 5024/7186/4 2337/468/4
f 2337/468/4 2483/7199/4 2345/7242/4
f 2345/7242/4 2353/7243/4 2193/7244/4
f 2193/7244/4 2201/7245/4 2074/7246/4
f 2074/7246/4 2082/7247/4 1943/7248/4
f 1950/7249/4 1958/7250/4 1879/7251/4
f 1943/7248/4 1950/7249/4 1879/7251/4
f 1879/7251/4 1880/7252/4 1503/469/4
f 1507/7253/4 1630/7254/4 1638/7255/4
f 1943/7248/4 1879/7251/4 1503/469/4
f 2074/7246/4 1943/7248/4 1503/469/4
f 2345/7242/4 2193/7244/4 2074/7246/4
f 1638/7255/4 1742/7241/4 2140/7237/4
f 1507/7253/4 1638/7255/4 2140/7237/4
f 1507/7253/4 2140/7237/4 5016/7202/4
f 2345/7242/4 2074/7246/4 1503/469/4
f 1503/469/4 1507/7253/4 5016/7202/4
f 2337/468/4 2345/7242/4 1503/469/4
f 1503/469/4 5016/7202/4 5014/470/4
f 2791/471/2 2794/7256/2 2603/472/2
f 1424/476/1 1429/7257/1 1311/474/1
f 1311/474/1 1304/7258/1 1305/475/1
f 1315/477/3 1325/7259/3 1324/478/3
f 1321/480/3 1330/7260/3 1327/481/3
f 1286/485/2 1411/7261/2 1416/483/2
f 1293/484/2 1290/7262/2 1286/485/2
f 1333/486/3 1345/7263/3 1341/487/3
f 1350/489/3 1352/7264/3 1347/490/3
f 1701/7193/4 1712/7192/4 1709/7265/4
f 1701/7193/4 1709/7265/4 1600/7119/4
f 1694/7266/4 1701/7193/4 1600/7119/4
f 1694/7266/4 1600/7119/4 1601/7125/4
f 2066/7195/4 1839/7194/4 1828/7267/4
f 1694/7266/4 1601/7125/4 1590/7268/4
f 1828/7267/4 1694/7266/4 1590/7268/4
f 1590/7268/4 1478/398/4 1469/7137/4
f 1592/7269/4 1577/7135/4 1685/7134/4
f 1590/7268/4 1469/7137/4 1592/7269/4
f 2066/7195/4 1828/7267/4 1590/7268/4
f 2337/468/4 2191/7197/4 2186/494/4
f 2186/494/4 2066/7195/4 1590/7268/4
f 1590/7268/4 1592/7269/4 1685/7134/4
f 1685/7134/4 1821/7270/4 1818/492/4
f 1818/492/4 1933/7271/4 1931/7272/4
f 1931/7272/4 2056/7273/4 2054/493/4
f 2333/7274/4 2337/468/4 2186/494/4
f 1590/7268/4 1685/7134/4 1818/492/4
f 1818/492/4 1931/7272/4 2054/493/4
f 2054/493/4 2333/7274/4 2186/494/4
f 2186/494/4 1590/7268/4 1818/492/4
f 1230/495/5 1364/7275/5 1358/496/5
f 2674/7276/5 2672/7277/5 2503/498/5
f 2503/498/5 2508/7278/5 2506/499/5
f 2611/500/5 2674/7276/5 2503/498/5
f 1452/501/2 1454/7279/2 1202/502/2
f 1319/506/1 1436/7280/1 1425/504/1
f 1307/505/1 1309/7281/1 1319/506/1
f 1232/507/1 1368/7282/1 1364/508/1
f 1264/510/7 1254/7283/7 1241/511/7
f 1256/513/7 1272/7284/7 1247/514/7
f 1372/516/4 1379/7285/4 1378/517/4
f 1304/521/4 1290/7286/4 1293/519/4
f 1293/519/4 1416/7287/4 1424/520/4
f 1424/520/4 1305/7288/4 1304/521/4
f 1384/517/5 1382/7285/5 1374/522/5
f 1405/524/7 1400/7289/7 1289/525/7
f 3076/7290/5 3296/7291/5 3280/7292/5
f 3076/7290/5 3280/7292/5 3259/7293/5
f 3105/529/5 3101/7294/5 3076/7290/5
f 3118/7295/5 3098/7296/5 3105/529/5
f 3150/7297/5 3148/7298/5 3118/7295/5
f 3319/7299/5 3191/7300/5 3166/528/5
f 3150/7297/5 3118/7295/5 3105/529/5
f 3320/7301/5 3319/7299/5 3166/528/5
f 3166/528/5 3150/7297/5 3105/529/5
f 3105/529/5 3076/7290/5 3259/7293/5
f 3253/7302/5 3268/7303/5 3264/527/5
f 3105/529/5 3259/7293/5 3253/7302/5
f 3264/527/2 3320/7301/2 3166/528/2
f 3105/529/5 3253/7302/5 3264/527/5
f 1796/532/2 1799/7304/2 1447/530/2
f 1447/530/2 1444/7305/2 1545/531/2
f 1404/533/4 1401/7306/4 1289/534/4
f 1294/536/5 1409/7307/5 1407/537/5
f 2700/539/4 2729/7308/4 2554/540/4
f 2554/540/4 2537/7309/4 2701/541/4
f 1427/542/2 1431/7310/2 1315/543/2
f 1431/545/4 1439/7311/4 1325/546/4
f 1327/548/5 1441/7312/5 1434/549/5
f 1325/551/1 1439/7313/1 1446/552/1
f 1330/554/1 1450/7314/1 1441/555/1
f 1447/557/3 1454/7315/3 1452/558/3
f 1457/560/3 1459/7316/3 1456/561/3
f 1218/7317/2 1220/7318/2 1222/7319/2
f 1218/7317/2 1222/7319/2 1123/7320/2
f 1559/7321/2 1561/7322/2 1218/7317/2
f 1216/565/2 1456/7323/2 1459/7324/2
f 1459/7324/2 1559/7321/2 1218/7317/2
f 1218/7317/2 1123/7320/2 1117/563/2
f 1117/563/2 1115/7325/2 1110/7326/2
f 1112/564/2 1212/7327/2 1214/7328/2
f 1117/563/2 1110/7326/2 1112/564/2
f 1459/7324/2 1218/7317/2 1117/563/2
f 1112/564/2 1214/7328/2 1216/565/2
f 1216/565/2 1459/7324/2 1117/563/2
f 5030/7329/4 1753/7330/4 1761/566/4
f 1761/566/4 1657/7331/4 5032/567/4
f 5031/568/4 5030/7329/4 1761/566/4
f 1366/569/7 1361/7332/7 1356/570/7
f 1464/572/3 1472/7333/3 1469/573/3
f 1467/575/3 1476/7334/3 1473/576/3
f 1479/578/3 1484/7335/3 1481/579/3
f 1486/581/7 1379/7336/7 1372/582/7
f 5011/586/2 4998/7337/2 1490/7338/2
f 1382/584/2 1384/7339/2 1378/7340/2
f 5011/586/2 1490/7338/2 1382/584/2
f 1379/585/2 1486/7341/2 5011/586/2
f 1382/584/2 1378/7340/2 1379/585/2
f 1382/587/7 1490/7342/7 1376/588/7
f 2721/7343/2 2724/7344/2 2550/590/2
f 2550/590/2 2544/7345/2 2547/591/2
f 2632/592/2 2721/7343/2 2550/590/2
f 1413/593/7 1401/7346/7 1404/594/7
f 2615/596/4 2687/7347/4 2686/7348/4
f 2615/596/4 2686/7348/4 2625/7349/4
f 2613/7350/4 2617/7351/4 2615/596/4
f 2523/7352/4 2521/7353/4 2526/598/4
f 2526/598/4 2613/7350/4 2615/596/4
f 2615/596/4 2625/7349/4 2525/597/4
f 2525/597/4 2523/7352/4 2526/598/4
f 1409/599/7 1419/7354/7 1532/600/7
f 1429/602/7 1424/7355/7 1416/603/7
f 1425/605/7 1436/7356/7 1422/606/7
f 1419/7038/5 1300/7357/5 1301/7358/5
f 1419/7038/5 1301/7358/5 1422/7359/5
f 1332/7167/5 1330/7166/5 1321/609/5
f 1538/7160/5 1419/7038/5 1422/7359/5
f 1319/7360/5 1332/7167/5 1321/609/5
f 1538/7160/5 1422/7359/5 1436/608/5
f 1436/608/5 1319/7360/5 1321/609/5
f 1438/610/5 1538/7160/5 1436/608/5
f 1446/611/7 1439/7361/7 1431/612/7
f 2646/614/2 2424/7362/2 2570/615/2
f 2570/615/2 2752/7363/2 2754/616/2
f 1550/617/3 1558/7364/3 1555/618/3
f 1553/620/4 1559/7365/4 1459/621/4
f 1555/623/3 1561/7366/3 1559/624/3
f 1563/626/3 1576/7367/3 1571/627/3
f 1577/522/2 1580/7368/2 1464/629/2
f 1580/630/4 1586/7369/4 1472/631/4
f 1473/633/5 1588/7370/5 1582/634/5
f 1472/629/1 1586/7368/1 1592/636/1
f 1590/636/2 1594/7371/2 1479/638/2
f 1476/639/1 1596/7372/1 1588/640/1
f 1594/642/4 1598/7373/4 1484/643/4
f 1484/638/1 1598/7371/1 1601/645/1
f 1937/647/7 1929/7374/7 1923/648/7
f 1982/650/4 1981/7375/4 1973/7376/4
f 1975/651/4 2104/7377/4 2106/7378/4
f 1982/650/4 1973/7376/4 1975/651/4
f 2112/652/4 2111/7379/4 1982/650/4
f 1975/651/4 2106/7378/4 2112/652/4
f 3030/655/5 3123/7380/5 3212/653/5
f 3212/653/5 3201/7381/5 3074/654/5
f 3074/654/5 3008/7382/5 3030/655/5
f 1627/656/2 1630/7383/2 1507/657/2
f 1632/659/2 1633/7384/2 1635/660/2
f 1512/662/1 1632/7385/1 1639/663/1
f 1882/665/1 1506/7386/1 1624/666/1
f 1668/668/3 1542/7387/3 1539/669/3
f 1672/671/3 1675/7388/3 1674/672/3
f 1553/674/7 1555/2085/7 1548/675/7
f 2603/677/3 2608/7389/3 2606/678/3
f 1681/680/3 1683/7390/3 1680/681/3
f 1592/683/7 1586/692/7 1580/684/7
f 1601/686/7 1598/7391/7 1594/687/7
f 1695/689/3 1704/1935/3 1701/690/3
f 1699/692/3 1707/683/3 1706/693/3
f 1712/695/2 1713/723/2 1610/696/2
f 5038/7392/2 1611/7393/2 1715/698/2
f 1715/698/2 1717/7394/2 4999/699/2
f 5037/699/2 5038/7392/2 1715/698/2
f 5001/701/1 1728/7395/1 1722/700/1
f 1722/700/1 5041/7396/1 5040/701/1
f 1785/702/4 1796/7397/4 1545/703/4
f 1545/703/4 1446/7223/4 1427/7228/4
f 1539/704/4 1787/7398/4 1785/702/4
f 1545/703/4 1427/7228/4 1539/704/4
f 1730/705/4 1740/7399/4 1738/1349/4
f 1627/706/4 1625/7400/4 1621/7401/4
f 1730/705/4 1738/1349/4 1627/706/4
f 1885/707/4 1887/7402/4 1730/705/4
f 1627/706/4 1621/7401/4 1885/707/4
f 1740/708/2 1742/7403/2 1638/709/2
f 1738/711/7 1638/7404/7 1630/712/7
f 1733/714/3 1742/7405/3 1740/715/3
f 1744/717/2 1747/7406/2 1748/718/2
f 1641/720/7 1748/7407/7 1633/721/7
f 1751/723/2 1753/7408/2 5030/724/2
f 5043/727/2 5042/7409/2 1755/726/2
f 1755/726/2 1758/7410/2 5007/727/2
f 1923/730/1 1933/7411/1 1818/728/1
f 1818/728/1 1823/7412/1 1872/729/1
f 1773/731/2 1774/7413/2 1668/732/2
f 1774/734/4 1780/7414/4 1542/735/4
f 1674/737/5 1782/7415/5 1776/738/5
f 1542/740/1 1780/7416/1 1787/741/1
f 1675/743/1 1792/7417/1 1782/744/1
f 1788/746/3 1799/911/3 1796/747/3
f 1434/7418/4 1317/7419/4 1307/7420/4
f 1434/7418/4 1307/7420/4 1425/7421/4
f 1418/7422/4 1299/7423/4 1294/7424/4
f 1418/7422/4 1294/7424/4 1409/7425/4
f 1418/7422/4 1409/7425/4 1529/7426/4
f 1418/7422/4 1529/7426/4 1659/7427/4
f 1425/7421/4 1418/7422/4 1659/7427/4
f 2150/7428/4 2159/7429/4 2017/7430/4
f 2017/7430/4 2025/7431/4 1768/7432/4
f 2017/7430/4 1768/7432/4 1661/7433/4
f 1659/7427/4 2150/7428/4 2017/7430/4
f 1434/7418/4 1425/7421/4 1659/7427/4
f 1441/7434/4 1434/7418/4 1659/7427/4
f 1659/7427/4 2017/7430/4 1661/7433/4
f 1441/7434/4 1659/7427/4 1661/7433/4
f 1193/7435/4 1187/7436/4 1327/7437/4
f 1441/7434/4 1661/7433/4 1670/7438/4
f 1193/7435/4 1327/7437/4 1441/7434/4
f 1555/7439/4 1204/7440/4 1193/7435/4
f 1791/7441/4 1800/7442/4 1548/7443/4
f 1548/7443/4 1555/7439/4 1193/7435/4
f 1441/7434/4 1670/7438/4 1674/7444/4
f 1548/7443/4 1193/7435/4 1441/7434/4
f 1904/751/4 1915/7445/4 1791/7441/4
f 1791/7441/4 1548/7443/4 1441/7434/4
f 1441/7434/4 1674/7444/4 1782/749/4
f 1782/749/4 1776/7446/4 1851/750/4
f 1851/750/4 2031/7447/4 2038/7448/4
f 1904/751/4 1791/7441/4 1441/7434/4
f 1851/750/4 2038/7448/4 1904/751/4
f 1904/751/4 1441/7434/4 1782/749/4
f 1795/752/3 1803/7449/3 1800/753/3
f 1325/7450/5 1315/7451/5 1182/7452/5
f 1191/755/5 1202/7453/5 1454/7454/5
f 1325/7450/5 1182/7452/5 1191/755/5
f 1439/7455/5 1325/7450/5 1191/755/5
f 1191/755/5 1454/7454/5 1447/756/5
f 1447/756/5 1799/7456/5 1788/7457/5
f 1544/757/5 1439/7455/5 1191/755/5
f 1447/756/5 1788/7457/5 1544/757/5
f 1813/758/3 1815/7458/3 1809/759/3
f 1813/761/1 1811/7459/1 1563/7460/1
f 1569/762/1 1347/7461/1 1352/7462/1
f 1813/761/1 1563/7460/1 1569/762/1
f 1869/7463/1 1867/7464/1 1813/761/1
f 1352/7462/1 1681/7465/1 1677/763/1
f 1677/763/1 1869/7463/1 1813/761/1
f 1569/762/1 1352/7462/1 1677/763/1
f 1809/764/3 1823/7466/3 1818/765/3
f 1683/767/1 1824/7467/1 1817/768/1
f 1824/694/3 1689/693/3 1687/770/3
f 3196/774/4 3195/6891/4 3162/772/4
f 3162/772/4 3165/1741/4 3188/773/4
f 1828/775/2 1831/7468/2 1695/776/2
f 1831/46/4 1836/48/4 1704/778/4
f 1706/780/5 1838/890/5 1833/781/5
f 1704/783/1 1836/7469/1 1839/784/1
f 1707/786/1 1842/7470/1 1838/787/1
f 1722/789/7 1728/7471/7 1717/790/7
f 1929/792/3 1923/7472/3 1925/793/3
f 1887/795/2 1890/7473/2 1733/796/2
f 1893/798/7 1990/7474/7 1976/799/7
f 1892/801/2 1893/7475/2 1736/802/2
f 1845/804/3 1849/7476/3 1848/805/3
f 1771/807/3 1853/7477/3 1851/808/3
f 1787/810/7 1780/7478/7 1774/811/7
f 1858/813/4 1860/7479/4 1799/814/4
f 1864/818/2 1918/7480/2 1920/816/2
f 1920/816/2 1800/7481/2 1799/817/2
f 1799/817/2 1860/7482/2 1864/818/2
f 1861/819/3 1864/912/3 1860/820/3
f 1867/822/4 1865/7483/4 1815/823/4
f 1870/825/5 1869/7484/5 1677/7485/5
f 1677/7485/5 1680/7486/5 1817/826/5
f 1817/826/5 1687/7487/5 1929/827/5
f 1929/827/5 1926/7488/5 1870/825/5
f 1870/825/5 1677/7485/5 1817/826/5
f 1869/828/3 1870/7489/3 1865/829/3
f 1839/831/7 1836/7490/7 1831/832/7
f 1838/834/7 1842/7491/7 1834/835/7
f 3796/837/3 3800/7492/3 3797/838/3
f 2956/840/3 2959/7493/3 2952/841/3
f 2022/843/4 2029/7494/4 1849/844/4
f 3101/7294/5 3105/529/5 3098/7296/5
f 3098/7296/5 3118/7295/5 3097/7495/5
f 3098/7296/5 3097/7495/5 3066/7496/5
f 3076/7290/5 3101/7294/5 3098/7296/5
f 2854/7497/5 2928/7498/5 2913/848/5
f 2913/848/5 3076/7290/5 3098/7296/5
f 3098/7296/5 3066/7496/5 3047/846/5
f 3047/846/5 3045/7499/5 2816/7500/5
f 2816/7500/5 2825/7501/5 2890/7502/5
f 2900/847/5 2843/7503/5 2854/7497/5
f 3047/846/5 2816/7500/5 2890/7502/5
f 2900/847/5 2854/7497/5 2913/848/5
f 3047/846/5 2890/7502/5 2900/847/5
f 2913/848/5 3098/7296/5 3047/846/5
f 2826/7504/3 2825/7505/3 2816/7506/3
f 2816/7506/3 2813/7507/3 2801/849/3
f 2800/850/3 2812/7508/3 2810/7509/3
f 2826/7504/14 2816/7506/14 2801/849/14
f 2854/7510/3 2843/7511/3 2835/7512/3
f 2845/7513/3 2855/7514/3 2854/7510/3
f 2829/7515/3 2848/7516/3 2845/7513/3
f 2806/7517/3 2818/7518/3 2820/7519/3
f 2845/7513/3 2854/7510/3 2835/7512/3
f 2829/7515/3 2845/7513/3 2835/7512/3
f 2829/7515/3 2835/7512/3 2826/7504/3
f 2820/7519/3 2829/7515/3 2826/7504/3
f 2797/851/3 2804/7520/3 2806/7517/3
f 2806/7517/3 2820/7519/3 2826/7504/3
f 2806/7517/3 2826/7504/3 2801/849/3
f 2822/7521/3 2808/7522/3 2796/7523/3
f 2810/7509/3 2823/7524/3 2822/7521/3
f 2800/850/3 2810/7509/3 2822/7521/3
f 2800/850/3 2822/7521/3 2796/7523/3
f 2797/851/3 2806/7517/3 2801/849/3
f 2800/850/3 2796/7523/3 2797/851/3
f 2839/852/3 2837/7525/3 2831/7526/3
f 2831/7526/3 2822/7527/3 2833/853/3
f 2833/853/3 2842/7528/3 2852/854/3
f 2852/854/3 2849/7529/3 2839/852/3
f 2839/852/3 2831/7526/3 2833/853/3
f 1902/855/3 1911/7530/3 1908/856/3
f 1906/858/3 1916/7531/3 1915/859/3
f 1912/861/4 1918/7532/4 1864/862/4
f 1915/864/3 1920/7533/3 1918/865/3
f 2029/867/1 2034/7534/1 1848/868/1
f 1923/870/3 1934/7535/3 1931/871/3
f 1939/873/3 1940/7536/3 1937/874/3
f 1944/876/3 1952/7537/3 1950/877/3
f 1949/879/3 1956/7538/3 1954/880/3
f 1968/882/4 1967/7099/4 1885/372/4
f 1879/884/1 1958/7539/1 1968/885/1
f 1885/887/7 1880/7538/7 1879/879/7
f 1885/889/1 1967/7540/1 1975/890/1
f 1976/892/1 1978/7541/1 1970/893/1
f 1982/895/2 1984/7540/2 1887/896/2
f 1986/898/2 1987/7542/2 1990/899/2
f 1563/901/4 1345/7543/4 1333/902/4
f 2001/904/3 2009/7544/3 2006/905/3
f 2005/907/3 2012/7545/3 2011/908/3
f 2016/910/3 2022/7546/3 2020/911/3
f 2018/912/3 2026/7547/3 2025/913/3
f 2032/914/2 2036/7548/2 1902/915/2
f 2029/917/3 2036/7549/3 2032/810/3
f 2040/918/3 2043/7550/3 2038/919/3
f 2036/921/4 2045/7551/4 1911/922/4
f 2046/924/3 2048/7552/3 2045/925/3
f 1912/927/2 1861/7553/2 1858/7554/2
f 1858/7554/2 1788/7555/2 1785/7556/2
f 1856/7557/2 1908/7558/2 1911/7559/2
f 1858/7554/2 1785/7556/2 1856/7557/2
f 2176/929/2 1915/7560/2 1912/927/2
f 1912/927/2 1858/7554/2 1856/7557/2
f 1911/7559/2 2045/7561/2 2048/928/2
f 1912/927/2 1856/7557/2 1911/7559/2
f 2048/928/2 2173/7562/2 2176/929/2
f 1912/927/2 1911/7559/2 2048/928/2
f 3774/7563/2 3775/7564/2 3681/7565/2
f 3681/7565/2 3695/7566/2 3754/7567/2
f 3754/7567/2 3763/7568/2 3796/931/2
f 3794/7569/2 3759/7570/2 3752/7571/2
f 3681/7565/2 3754/7567/2 3796/931/2
f 3794/7569/2 3752/7571/2 3821/932/2
f 3774/7563/2 3681/7565/2 3796/931/2
f 3796/931/2 3794/7569/2 3821/932/2
f 3823/930/2 3774/7563/2 3796/931/2
f 1997/933/7 1893/7572/7 1892/934/7
f 1934/936/1 2051/7573/1 2056/937/1
f 2051/939/3 2058/7574/3 2054/940/3
f 1940/942/1 2062/7575/1 2053/943/1
f 2062/835/3 2064/7491/3 2060/945/3
f 2068/947/3 2072/689/3 2069/691/3
f 2084/949/4 2089/7576/4 1952/950/4
f 1954/950/5 2091/7576/5 2085/952/5
f 2992/954/5 2991/7577/5 2960/955/5
f 2098/957/4 2095/7578/4 1968/958/4
f 1968/960/7 1958/7579/7 1950/961/7
f 1968/963/1 2095/7580/1 2106/964/1
f 1975/966/7 1967/7581/7 1968/967/7
f 2107/969/1 2110/7582/1 2101/970/1
f 1970/972/7 1978/7583/7 2107/973/7
f 2040/975/1 2031/7584/1 1851/976/1
f 2112/978/2 2114/1143/2 1992/979/2
f 2111/981/7 1992/1827/7 1984/982/7
f 3364/984/7 3408/7585/7 3350/985/7
f 2115/987/2 2117/7586/2 2119/988/2
f 1993/990/7 2119/7587/7 1987/991/7
f 2129/993/2 2130/7588/2 2001/994/2
f 2130/996/4 2136/7589/4 2009/997/4
f 3740/999/4 3667/7590/4 3655/1000/4
f 2011/1002/5 2138/7591/5 2132/1003/5
f 2009/1005/1 2136/7592/1 2143/1006/1
f 2012/1008/1 2145/7593/1 2138/1009/1
f 2333/1011/1 2054/7594/1 2058/1012/1
f 2155/1013/2 2156/7595/2 2016/1014/2
f 2149/1016/3 2156/7596/3 2155/1017/3
f 2153/1019/3 2161/7597/3 2159/1020/3
f 2156/863/4 2162/862/4 2022/1022/4
f 2025/1024/5 2164/7598/5 2159/1025/5
f 2022/1027/1 2162/7599/1 2167/1028/1
f 2034/1030/7 2029/1050/7 2022/1031/7
f 2026/1033/1 2168/7600/1 2164/1034/1
f 2324/7601/5 2318/7602/5 2031/7603/5
f 2038/1036/5 1904/7604/5 1915/1037/5
f 2172/1038/5 2324/7601/5 2031/7603/5
f 1915/1037/5 2176/7605/5 2172/1038/5
f 2172/1038/5 2031/7603/5 2038/1036/5
f 2031/1020/7 2040/7606/7 2026/1039/7
f 2170/1040/4 2173/7607/4 2048/1041/4
f 2172/1043/3 2176/7608/3 2173/1044/3
f 1123/1046/5 1122/7609/5 1119/1047/5
f 1119/1047/5 1132/7610/5 1129/1048/5
f 2186/1049/2 2187/1031/2 2068/1050/2
f 2187/1052/4 2189/7611/4 2072/1053/4
f 2072/1055/1 2189/621/1 2191/1056/1
f 2195/1058/3 2203/7612/3 2201/1059/3
f 2204/7613/2 2207/2127/2 2079/7614/2
f 2204/7613/2 2079/7614/2 2078/1061/2
f 2074/7615/2 2201/7616/2 2203/1063/2
f 2203/1063/2 2204/7613/2 2078/1061/2
f 2076/1062/2 2074/7615/2 2203/1063/2
f 2198/1064/3 2207/7617/3 2204/1065/3
f 2212/1067/4 2210/7618/4 2098/1068/4
f 2214/7619/1 2216/7620/1 2212/1070/1
f 2212/1070/1 2208/7621/1 2082/7622/1
f 2212/1070/1 2082/7622/1 2084/7623/1
f 2087/1072/1 2214/7619/1 2212/1070/1
f 2212/1070/1 2084/7623/1 2085/1071/1
f 2099/1073/5 2218/7624/5 2216/1067/5
f 2225/1074/4 2223/7625/4 2106/1075/4
f 2098/1077/1 2210/7626/1 2225/1078/1
f 2106/1080/7 2095/7627/7 2098/1081/7
f 2110/1083/5 2230/7628/5 2228/1084/5
f 2227/1086/1 2228/7629/1 2218/1087/1
f 2101/1089/7 2110/7630/7 2227/1090/7
f 2106/1092/1 2223/7631/1 2235/1093/1
f 2237/1095/1 2239/7632/1 2230/1096/1
f 1152/137/2 1150/6750/2 1147/1098/2
f 1147/1098/2 1354/7633/2 1356/138/2
f 1899/1099/2 1771/7634/2 1768/1100/2
f 1768/1100/2 2025/7635/2 2026/1101/2
f 2247/1102/2 2252/7636/2 2250/1103/2
f 3225/1105/1 3302/7637/1 3317/7309/1
f 3224/540/1 3187/7638/1 3155/7639/1
f 3225/1105/1 3317/7309/1 3224/540/1
f 3177/7640/1 3216/7641/1 3225/1105/1
f 3224/540/1 3155/7639/1 3171/1106/1
f 3171/1106/1 3177/7640/1 3225/1105/1
f 2331/158/1 2060/7642/1 2064/1107/1
f 2255/173/2 2257/6779/2 2260/1109/2
f 2252/1111/4 2264/7643/4 2262/1112/4
f 2260/7644/7 2237/7645/7 2110/7646/7
f 2117/7647/7 2115/7648/7 2127/1114/7
f 2260/7644/7 2110/7646/7 2117/7647/7
f 2135/1115/7 2272/7649/7 2253/1116/7
f 2253/1116/7 2260/7644/7 2117/7647/7
f 2127/1114/7 2125/7650/7 2135/1115/7
f 2253/1116/7 2117/7647/7 2127/1114/7
f 2272/1117/5 2269/7651/5 2255/1118/5
f 2451/1120/4 2458/7652/4 2301/7653/4
f 2301/7653/4 2313/7654/4 2034/7655/4
f 2034/7655/4 2020/7233/4 2167/7656/4
f 2167/7656/4 2155/7236/4 2303/7657/4
f 2290/7658/4 2146/7235/4 2140/7237/4
f 2034/7655/4 2167/7656/4 2303/7657/4
f 2290/7658/4 2140/7237/4 2143/7238/4
f 2301/7653/4 2034/7655/4 2303/7657/4
f 2290/7658/4 2143/7238/4 2129/153/4
f 2451/1120/4 2301/7653/4 2303/7657/4
f 2451/1120/4 2303/7657/4 2290/7658/4
f 2583/7659/4 2582/7660/4 2451/1120/4
f 2281/1121/4 2442/7661/4 2440/7662/4
f 2440/7662/4 2583/7659/4 2451/1120/4
f 2451/1120/4 2290/7658/4 2129/153/4
f 2129/153/4 2266/7663/4 2274/7664/4
f 2281/1121/4 2440/7662/4 2451/1120/4
f 2129/153/4 2274/7664/4 2281/1121/4
f 2143/1122/7 2136/7665/7 2130/1123/7
f 2275/1125/3 2284/1231/3 2281/1126/3
f 2290/1128/2 2291/621/2 2149/1129/2
f 2291/1131/4 2297/7666/4 2156/1132/4
f 2181/1134/3 2184/7667/3 2177/1135/3
f 2159/1137/5 2299/7668/5 2293/1138/5
f 2156/1140/1 2297/7669/1 2303/1128/1
f 2167/1142/7 2162/979/7 2156/1143/7
f 2161/1145/1 2309/7670/1 2299/1146/1
f 2164/1148/7 2168/7671/7 2161/1149/7
f 2305/1151/3 2315/7672/3 2313/1152/3
f 2311/1154/3 2320/7673/3 2318/1155/3
f 2177/1159/4 2327/7674/4 2326/7675/4
f 2326/7675/4 2058/7676/4 2051/1157/4
f 2051/1157/4 1934/7677/4 1923/1158/4
f 1923/1158/4 2180/7678/4 2177/1159/4
f 2177/1159/4 2326/7675/4 2051/1157/4
f 2184/1160/5 2181/7679/5 1929/7680/5
f 1929/7680/5 1937/7681/5 2053/1161/5
f 2053/1161/5 2060/7682/5 2331/1162/5
f 2331/1162/5 2330/7683/5 2184/1160/5
f 2184/1160/5 1929/7680/5 2053/1161/5
f 2191/1163/7 2189/7684/7 2187/1164/7
f 2347/1166/3 2355/7685/3 2353/1167/3
f 2351/1171/5 2491/7686/5 2490/7687/5
f 2344/7688/5 2336/7689/5 2064/1169/5
f 2351/1171/5 2490/7687/5 2344/7688/5
f 2198/7082/5 2359/7690/5 2351/1171/5
f 1834/7081/5 1842/7083/5 2198/7082/5
f 1875/7076/5 1826/7079/5 1834/7081/5
f 1583/7073/5 1596/7078/5 1692/7077/5
f 1875/7076/5 1834/7081/5 2198/7082/5
f 1689/1170/5 1583/7073/5 1692/7077/5
f 1875/7076/5 2198/7082/5 2351/1171/5
f 1689/1170/5 1692/7077/5 1875/7076/5
f 1940/7691/5 1939/7692/5 1689/1170/5
f 2064/1169/5 2062/7693/5 1940/7691/5
f 2351/1171/5 2344/7688/5 2064/1169/5
f 1689/1170/5 1875/7076/5 2351/1171/5
f 2064/1169/5 1940/7691/5 1689/1170/5
f 2351/1172/3 2359/7694/3 2358/1173/3
f 2355/1175/4 2361/7695/4 2203/1176/4
f 2204/1178/5 2363/7696/5 2358/1179/5
f 2370/1181/4 2367/7697/4 2212/1182/4
f 2365/7698/7 2212/7699/7 2216/1184/7
f 2216/1184/7 2372/7700/7 2207/7701/7
f 2216/1184/7 2207/7701/7 2204/7702/7
f 2201/1186/7 2365/7698/7 2216/1184/7
f 2216/1184/7 2204/7702/7 2203/1185/7
f 2216/1187/5 2375/7703/5 2374/1188/5
f 2235/1190/1 2385/7704/1 2391/1191/1
f 2239/1193/5 2387/7705/5 2384/1194/5
f 2212/1196/1 2367/7706/1 2380/1197/1
f 2394/1199/1 2395/7707/1 2387/1200/1
f 1307/1204/5 1425/7708/5 1418/7709/5
f 1299/1202/5 1297/7710/5 1309/1203/5
f 1307/1204/5 1418/7709/5 1299/1202/5
f 1191/1205/4 1190/7711/4 1179/1206/4
f 2399/1208/2 2402/7712/2 2241/1209/2
f 2698/7713/5 2683/7714/5 2623/7350/5
f 2531/1211/5 2528/7715/5 2534/7716/5
f 2698/7713/5 2623/7350/5 2531/1211/5
f 2627/1213/5 2698/7713/5 2531/1211/5
f 2531/1211/5 2534/7716/5 2533/1212/5
f 2398/213/7 2241/212/7 2235/1214/7
f 2403/1199/2 2405/1201/2 2408/1216/2
f 2330/1218/1 2327/116/1 2177/1219/1
f 2412/1221/2 2415/7717/2 2264/1222/2
f 2411/1224/7 2264/1650/7 2252/1225/7
f 2417/1227/2 2419/7718/2 2421/1228/2
f 2269/1230/7 2421/7719/7 2257/1126/7
f 2415/1188/4 2424/7720/4 2423/1232/4
f 2399/1233/4 2398/7721/4 2389/1234/4
f 1339/1236/1 1144/7722/1 1142/1237/1
f 2434/1239/5 2433/7723/5 2417/1240/5
f 2427/1179/4 2437/7724/4 2284/1242/4
f 2650/1243/2 2437/7725/2 2442/1244/2
f 2442/1244/2 2574/7674/2 2760/1245/2
f 2760/1245/2 2762/7726/2 2650/1243/2
f 2285/1242/5 2438/7724/5 2428/1246/5
f 2284/1248/1 2437/7727/1 2442/1249/1
f 2437/1251/3 2444/7728/3 2440/1252/3
f 2288/1254/1 2446/7729/1 2438/1255/1
f 2446/1257/3 2449/1605/3 2445/1258/3
f 1926/1262/1 1925/7730/1 1809/1260/1
f 1809/1260/1 1815/7731/1 1865/1261/1
f 1865/1261/1 1870/7732/1 1926/1262/1
f 2303/1263/7 2297/7733/7 2291/1264/7
f 2299/1266/7 2309/7734/7 2295/1267/7
f 2458/1269/2 2460/7735/2 2305/1270/2
f 2462/1272/2 2464/7736/2 2311/1273/2
f 2460/1042/4 2467/1041/4 2315/1275/4
f 2318/1277/5 2468/1276/5 2462/1278/5
f 2331/1282/1 2598/7737/1 2595/7738/1
f 2475/1280/1 2472/7739/1 2326/1281/1
f 2331/1282/1 2595/7738/1 2475/1280/1
f 2475/1283/3 2476/1301/3 2470/1284/3
f 2656/1286/3 2660/7740/3 2658/1287/3
f 2339/1289/1 2478/7741/1 2484/1290/1
f 2483/1292/2 2485/7742/2 2347/1293/2
f 2478/1295/3 2485/7743/3 2483/1296/3
f 2344/1298/1 2490/7744/1 2481/1299/1
f 2490/1301/3 2491/7745/3 2488/1302/3
f 2485/1303/4 2493/7746/4 2355/1304/4
f 2433/1308/2 2434/7747/2 2279/1306/2
f 2279/1306/2 2278/7748/2 2428/1307/2
f 2358/1309/5 2495/7749/5 2488/1310/5
f 2500/1314/7 2509/7750/7 2380/7751/7
f 2380/7751/7 2367/7752/7 2370/1312/7
f 2370/1312/7 2361/7753/7 2355/7754/7
f 2353/1313/7 2498/7755/7 2500/1314/7
f 2370/1312/7 2355/7754/7 2353/1313/7
f 2500/1314/7 2380/7751/7 2370/1312/7
f 2513/1315/4 2511/7756/4 2380/1316/4
f 3556/1318/3 3555/7757/3 3547/1319/3
f 2959/7758/1 3023/7759/1 3020/7760/1
f 2959/7758/1 3020/7760/1 2996/7761/1
f 2810/6810/1 2812/7762/1 2952/1323/1
f 2952/1323/1 2959/7758/1 2996/7761/1
f 2995/1321/1 3033/7763/1 3038/7764/1
f 2952/1323/1 2996/7761/1 2995/1321/1
f 2939/1322/1 2810/6810/1 2952/1323/1
f 2995/1321/1 3038/7764/1 2939/1322/1
f 2384/1324/5 2519/7765/5 2518/1325/5
f 2380/1327/1 2511/7766/1 2526/1328/1
f 2528/1330/1 2531/7767/1 2519/1331/1
f 2686/7768/1 2701/7769/1 2537/1333/1
f 2537/1333/1 2523/7770/1 2525/1334/1
f 2625/1335/1 2686/7768/1 2537/1333/1
f 2623/7771/1 2683/7772/1 2674/6999/1
f 2623/7771/1 2674/6999/1 2611/1336/1
f 2508/343/1 2516/7773/1 2518/1337/1
f 2518/1337/1 2623/7771/1 2611/1336/1
f 2506/344/1 2508/343/1 2518/1337/1
f 2554/1340/2 2729/7774/2 2730/7775/2
f 2554/1340/2 2730/7775/2 2633/1338/2
f 2558/1339/2 2556/7776/2 2554/1340/2
f 2563/1341/2 2565/7777/2 2567/1342/2
f 2508/1344/7 2503/7778/7 2359/7779/7
f 2359/7779/7 2358/7780/7 2363/7781/7
f 2374/1345/7 2375/7782/7 2384/1346/7
f 2359/7779/7 2363/7781/7 2374/1345/7
f 2384/1346/7 2516/7783/7 2508/1344/7
f 2508/1344/7 2359/7779/7 2374/1345/7
f 2756/1349/2 2758/7784/2 2573/1347/2
f 2573/1347/2 2433/7785/2 2647/1348/2
f 2125/1350/2 2127/7786/2 1997/1351/2
f 2570/7787/7 2424/7788/7 2415/7789/7
f 2412/7790/7 2402/7791/7 2399/7792/7
f 2570/7787/7 2415/7789/7 2412/7790/7
f 2537/1355/7 2554/7793/7 2556/7794/7
f 2556/7794/7 2570/7787/7 2412/7790/7
f 2556/7794/7 2412/7790/7 2399/7792/7
f 2380/7795/7 2521/7796/7 2523/1354/7
f 2391/1353/7 2385/7797/7 2380/7795/7
f 2537/1355/7 2556/7794/7 2399/7792/7
f 2391/1353/7 2380/7795/7 2523/1354/7
f 2537/1355/7 2399/7792/7 2391/1353/7
f 2444/1356/1 2578/7798/1 2583/1357/1
f 2582/1359/2 2585/7799/2 2453/1360/2
f 2578/1362/3 2585/7800/3 2582/1363/3
f 2449/1365/1 2589/7801/1 2579/1366/1
f 2589/1368/3 2592/7802/3 2588/1369/3
f 2595/1371/4 2594/7803/4 2476/1372/4
f 2598/1373/3 2600/1542/3 2594/1374/3
f 1359/1378/5 1683/7070/5 1681/7804/5
f 1352/7805/5 1350/7806/5 1142/1376/5
f 1359/1378/5 1681/7804/5 1352/7805/5
f 1157/7065/5 1227/7069/5 1359/1378/5
f 1137/1377/5 1159/7807/5 1157/7065/5
f 1142/1376/5 1140/7808/5 1137/1377/5
f 1359/1378/5 1352/7805/5 1142/1376/5
f 1137/1377/5 1157/7065/5 1359/1378/5
f 2886/7809/5 2884/7810/5 2787/7811/5
f 2790/7812/5 2886/7809/5 2787/7811/5
f 2603/1381/5 2794/7813/5 2790/7812/5
f 2488/7814/5 2608/7815/5 2603/1381/5
f 2331/7816/5 2342/7817/5 2481/1380/5
f 2481/1380/5 2488/7814/5 2603/1381/5
f 2790/7812/5 2787/7811/5 2663/7818/5
f 2600/1379/5 2598/7819/5 2331/7816/5
f 2603/1381/5 2790/7812/5 2663/7818/5
f 2600/1379/5 2331/7816/5 2481/1380/5
f 2603/1381/5 2663/7818/5 2600/1379/5
f 2526/1382/7 2511/7820/7 2513/1383/7
f 2620/1385/3 2621/7821/3 2615/1386/3
f 2519/1388/7 2531/7822/7 2623/1389/7
f 1569/1391/5 1567/7823/5 1339/1392/5
f 2639/1394/2 2642/7824/2 2644/1395/2
f 2568/1397/7 2644/7825/7 2565/1398/7
f 2638/1400/3 2642/7826/3 2639/1401/3
f 1761/261/7 1753/7827/7 1751/1403/7
f 5046/1406/5 4978/7828/5 1528/7829/5
f 5046/1406/5 1528/7829/5 1536/7830/5
f 5044/1405/5 5045/7831/5 5046/1406/5
f 1755/7832/5 5042/7833/5 5044/1405/5
f 5046/1406/5 1536/7830/5 1762/1404/5
f 1762/1404/5 1755/7832/5 5044/1405/5
f 1168/1409/2 1170/7834/2 1162/1407/2
f 1162/1407/2 1163/7835/2 1166/1408/2
f 2678/1410/4 2675/7836/4 2621/1411/4
f 2446/1413/7 2575/7837/7 2433/1414/7
f 2433/1414/7 2428/7838/7 2438/1415/7
f 2728/1416/5 2848/7839/5 2829/1417/5
f 2621/1419/1 2675/7840/1 2687/1420/1
f 2488/1422/3 2495/7841/3 2493/1423/3
f 2686/1425/3 2703/6932/3 2700/1426/3
f 3561/486/3 3559/7842/3 3542/1431/3
f 2791/1433/3 2781/7843/3 2784/7844/3
f 2785/1434/3 2790/7845/3 2794/1435/3
f 2791/1433/3 2784/7844/3 2785/1434/3
f 2740/1436/2 2742/4/2 2638/1437/2
f 2558/1439/4 2633/7846/4 2730/1440/4
f 2730/1440/4 2752/7772/4 2570/1441/4
f 2570/1441/4 2556/7847/4 2558/1439/4
f 1915/1442/5 1791/7848/5 1800/1443/5
f 2377/1445/7 2235/7849/7 2223/7850/7
f 2225/1446/7 2210/7851/7 2212/1447/7
f 2377/1445/7 2223/7850/7 2225/1446/7
f 2775/1448/3 2777/7852/3 2772/1449/3
f 2660/1453/1 2870/1435/1 2867/7845/1
f 2775/1451/1 2774/7853/1 2658/1452/1
f 2660/1453/1 2867/7845/1 2775/1451/1
f 3230/7854/2 3232/7855/2 3205/7856/2
f 3230/7854/2 3205/7856/2 3199/1454/2
f 3290/1456/2 3293/7857/2 3230/7854/2
f 3072/7858/2 3102/7859/2 3290/1456/2
f 3152/1455/2 3072/7858/2 3290/1456/2
f 3290/1456/2 3230/7854/2 3199/1454/2
f 2797/1457/4 2796/7860/4 2692/1458/4
f 1915/1460/2 1916/7861/2 1795/1461/2
f 1963/1463/5 2101/7862/5 2099/1464/5
f 2099/1464/5 1960/7863/5 1886/1465/5
f 1886/1465/5 1970/7864/5 1963/1463/5
f 2693/1466/5 2806/7865/5 2804/1467/5
f 2692/1270/1 2796/7735/1 2808/1469/1
f 2708/1471/5 2820/7866/5 2818/1472/5
f 2696/1474/1 2818/7867/1 2806/1475/1
f 2712/1477/1 2829/7868/1 2820/1478/1
f 1512/1480/7 1635/7869/7 1624/1481/7
f 2717/1483/1 2822/7870/1 2831/1484/1
f 2025/1486/5 1768/7871/5 1851/1487/5
f 3118/1489/1 3148/7872/1 3139/7873/1
f 3117/1490/1 3112/7874/1 3088/7875/1
f 3118/1489/1 3139/7873/1 3117/1490/1
f 3059/7876/1 3097/7877/1 3118/1489/1
f 3117/1490/1 3088/7875/1 3093/1491/1
f 3093/1491/1 3059/7876/1 3118/1489/1
f 3162/772/4 3195/6891/4 3192/1492/4
f 2837/1494/2 2839/7878/2 2732/1495/2
f 2845/1497/2 2848/7879/2 2728/1498/2
f 2839/1500/4 2849/7880/4 2735/1501/4
f 2849/1503/2 2852/7881/2 2744/1504/2
f 2736/1506/5 2855/7882/5 2845/1507/5
f 2854/1509/2 2855/7883/2 2736/1510/2
f 2852/1512/4 2857/7884/4 2747/1513/4
f 2831/1515/4 2837/7885/4 2725/1516/4
f 2748/1513/5 2863/7884/5 2854/656/5
f 2748/1518/2 2747/616/2 2857/1519/2
f 2867/1521/4 2865/7886/4 2777/1522/4
f 2870/1524/3 2872/7887/3 2865/1525/3
f 2777/1527/1 2865/7888/1 2875/1528/1
f 2865/1530/3 2877/7889/3 2873/1531/3
f 1887/1533/3 1885/7890/3 1880/1534/3
f 2881/1536/4 2879/7891/4 2785/1537/4
f 2879/1539/2 2886/7892/2 2790/1540/2
f 2884/1542/3 2886/7893/3 2879/1543/3
f 2964/1544/5 2801/2/5 2813/1545/5
f 2823/1547/1 2888/7894/1 2891/1548/1
f 2826/1550/1 2893/7895/1 2890/1551/1
f 2895/1553/2 2898/7896/2 2842/1554/2
f 2900/1556/2 2901/7897/2 2835/1557/2
f 2907/1559/3 2917/7898/3 2916/1560/3
f 2808/1564/4 2822/7899/4 2717/1562/4
f 2707/1563/4 2690/7900/4 2808/1564/4
f 2923/1565/2 2925/7901/2 2862/1566/2
f 2307/7902/4 2318/7903/4 2031/7447/4
f 2031/7447/4 2025/7431/4 2164/7904/4
f 2164/7904/4 2159/7429/4 2299/7905/4
f 2031/7447/4 2164/7904/4 2299/7905/4
f 2455/7906/4 2462/7907/4 2307/7902/4
f 2307/7902/4 2031/7447/4 2299/7905/4
f 2455/7906/4 2307/7902/4 2299/7905/4
f 2579/7908/4 2588/7909/4 2455/7906/4
f 2285/7910/4 2438/7911/4 2445/7912/4
f 2445/7912/4 2579/7908/4 2455/7906/4
f 2455/7906/4 2299/7905/4 2293/7913/4
f 2150/7428/4 1659/7427/4 1529/7426/4
f 2445/7912/4 2455/7906/4 2293/7913/4
f 2445/7912/4 2293/7913/4 2150/7428/4
f 2285/7910/4 2445/7912/4 2150/7428/4
f 1529/7426/4 1528/7914/4 1536/7915/4
f 1762/1568/4 1755/7916/4 2003/7917/4
f 1529/7426/4 1536/7915/4 1762/1568/4
f 2285/7910/4 2150/7428/4 1529/7426/4
f 2431/7918/4 2428/7919/4 2278/1570/4
f 2285/7910/4 1529/7426/4 1762/1568/4
f 1762/1568/4 2003/7917/4 2011/7920/4
f 2138/1569/4 2132/7921/4 2431/7918/4
f 1762/1568/4 2011/7920/4 2138/1569/4
f 2278/1570/4 2285/7910/4 1762/1568/4
f 2138/1569/4 2431/7918/4 2278/1570/4
f 2913/1571/3 2928/7922/3 2927/1572/3
f 2933/1574/4 2931/7923/4 2877/1575/4
f 2872/1577/1 2934/7924/1 2933/1553/1
f 2934/866/3 2937/865/3 2931/1579/3
f 2947/7925/2 2907/7926/2 2903/7927/2
f 2947/7925/2 2903/7927/2 2944/7928/2
f 3004/7929/2 2979/7930/2 2972/1583/2
f 2972/1583/2 2947/7925/2 2944/7928/2
f 2989/1581/2 3052/7931/2 3055/7932/2
f 2972/1583/2 2944/7928/2 2989/1581/2
f 3002/1582/2 3004/7929/2 2972/1583/2
f 2989/1581/2 3055/7932/2 3002/1582/2
f 3076/1584/2 2913/7933/2 2911/7934/2
f 2975/7935/2 2983/7936/2 3006/7937/2
f 3076/1584/2 2911/7934/2 2975/7935/2
f 3294/7938/2 3296/7939/2 3076/1584/2
f 3208/7940/2 3235/7941/2 3237/7942/2
f 3237/7942/2 3294/7938/2 3076/1584/2
f 2975/7935/2 3006/7937/2 3008/7943/2
f 3076/1584/2 2975/7935/2 3008/7943/2
f 3201/1586/2 3208/7940/2 3237/7942/2
f 3076/1584/2 3008/7943/2 3074/1585/2
f 3201/1586/2 3237/7942/2 3076/1584/2
f 2943/1587/2 2941/7944/2 2925/1588/2
f 2964/1590/3 2967/7945/3 2962/1591/3
f 2891/1593/4 2895/7946/4 2833/1594/4
f 3156/1596/5 3184/7947/5 3182/1597/5
f 3182/1597/5 3127/7948/5 3117/7949/5
f 3139/1598/5 3146/7950/5 3160/7951/5
f 3182/1597/5 3117/7949/5 3139/1598/5
f 3139/1598/5 3160/7951/5 3156/1596/5
f 2754/1601/4 2760/7952/4 2574/1599/4
f 2574/1599/4 2424/7953/4 2646/1600/4
f 2979/1602/3 2980/1737/3 2977/1603/3
f 2975/1605/3 2986/7954/3 2985/1606/3
f 2772/7955/4 2875/7956/4 2873/7957/4
f 2873/7957/4 2460/7958/4 2453/7959/4
f 2873/7957/4 2453/7959/4 2585/7960/4
f 2658/7961/4 2774/7962/4 2772/7955/4
f 2772/7955/4 2873/7957/4 2585/7960/4
f 2578/1609/4 2444/7963/4 2437/7964/4
f 2658/7961/4 2772/7955/4 2585/7960/4
f 2762/7965/4 2768/7966/4 2654/1611/4
f 2654/1611/4 2658/7961/4 2585/7960/4
f 2578/1609/4 2437/7964/4 2650/1610/4
f 2654/1611/4 2585/7960/4 2578/1609/4
f 2650/1610/4 2762/7965/4 2654/1611/4
f 2498/1614/4 2667/7967/4 2666/7968/4
f 2498/1614/4 2666/7968/4 2609/1612/4
f 2501/1613/4 2500/7969/4 2498/1614/4
f 2996/1615/5 3020/7970/5 3018/1616/5
f 2995/1618/7 2996/7971/7 3016/1619/7
f 2992/1621/7 2998/1638/7 3026/1622/7
f 3024/1624/4 3023/7972/4 2959/1625/4
f 3029/1627/7 3011/1769/7 3004/1628/7
f 2971/1607/4 2968/1608/4 2948/6892/4
f 2939/1630/4 3038/7973/4 3037/1631/4
f 3037/1631/4 3000/282/4 2971/1607/4
f 2971/1607/4 2948/6892/4 2939/1630/4
f 5041/7974/5 1722/7975/5 1715/7976/5
f 1611/1632/5 1605/7977/5 5033/7978/5
f 5047/1634/5 5041/7974/5 1715/7976/5
f 1611/1632/5 5033/7978/5 5048/1633/5
f 5047/1634/5 1715/7976/5 1611/1632/5
f 3013/1635/7 3030/7979/7 3008/1636/7
f 3020/1638/7 3023/7980/7 3024/1639/7
f 3033/1640/3 3041/7981/3 3037/1641/3
f 3006/1643/5 2983/7982/5 2985/1644/5
f 3045/1646/3 3047/7983/3 3042/1647/3
f 3050/1224/3 3055/7984/3 3052/1649/3
f 3713/1653/1 3710/7985/1 3622/7986/1
f 3713/1653/1 3622/7986/1 3626/7987/1
f 3780/7988/1 3779/7989/1 3713/1653/1
f 3631/7990/1 3720/7991/1 3716/1652/1
f 3716/1652/1 3780/7988/1 3713/1653/1
f 3713/1653/1 3626/7987/1 3628/1651/1
f 3628/1651/1 3631/7990/1 3716/1652/1
f 3041/1654/1 3060/7992/1 3064/1655/1
f 2721/7993/3 2632/7994/3 2547/1657/3
f 2547/1657/5 2544/7995/5 2567/7996/5
f 2565/1658/5 2644/7997/5 2642/7998/5
f 2547/1657/5 2567/7996/5 2565/1658/5
f 2742/7999/5 2721/7993/5 2547/1657/5
f 2565/1658/5 2642/7998/5 2638/1659/5
f 2638/1659/5 2742/7999/5 2547/1657/5
f 3047/1660/1 3066/8000/1 3062/1661/1
f 3069/1663/2 3070/8001/2 3050/1664/2
f 3082/1619/3 3085/7971/3 3078/1666/3
f 3090/1668/3 3093/8002/3 3088/1669/3
f 3064/1671/7 3060/8003/7 3056/1672/7
f 3062/1674/7 3066/8004/7 3097/1675/7
f 2269/1677/7 2268/8005/7 2279/1678/7
f 3102/1680/7 3072/8006/7 3070/1681/7
f 1418/1685/2 1422/8007/2 1301/1683/2
f 1301/1683/2 1297/8008/2 1299/1684/2
f 2854/8009/3 2863/8010/3 2857/1686/3
f 2857/1686/3 2852/8011/3 2860/1687/3
f 2862/1688/3 2854/8009/3 2857/1686/3
f 2541/8012/1 2543/8013/1 2549/1690/1
f 2549/1690/1 2722/8014/1 2718/1691/1
f 2629/1689/1 2541/8012/1 2549/1690/1
f 1361/1694/1 1366/8015/1 1233/1692/1
f 1233/1692/1 1163/8016/1 1229/1693/1
f 2608/1695/2 2488/8017/2 2485/1696/2
f 3106/1698/4 3085/6844/4 3082/256/4
f 3115/1666/7 3106/8018/7 3108/1700/7
f 3112/1701/7 3117/8019/7 3127/1702/7
f 3137/8020/1 3142/8021/1 3095/1704/1
f 3095/1704/1 3056/8022/1 3078/1705/1
f 3078/1705/1 3085/7875/1 3106/7874/1
f 3115/1706/1 3137/8020/1 3095/1704/1
f 3078/1705/1 3106/7874/1 3115/1706/1
f 3137/1707/3 3144/8023/3 3140/1708/3
f 3148/1710/3 3150/8024/3 3146/1711/3
f 3144/1713/1 3158/1912/1 3165/1714/1
f 3150/1716/1 3166/8025/1 3160/1717/1
f 3175/1719/3 3177/8026/3 3171/1720/3
f 3182/1721/3 3184/8027/3 3181/1722/3
f 3165/1724/7 3158/8028/7 3155/1725/7
f 3227/1727/1 3222/8029/1 3181/8030/1
f 3184/1728/1 3156/8031/1 3191/8032/1
f 3227/1727/1 3181/8030/1 3184/1728/1
f 3319/1729/1 3313/6861/1 3227/1727/1
f 3184/1728/1 3191/8032/1 3319/1729/1
f 3160/1730/7 3166/8033/7 3191/1731/7
f 2460/1733/3 2458/8034/3 2451/1734/3
f 3205/1736/3 3207/8035/3 3202/1737/3
f 3201/1738/3 3212/8036/3 3211/1739/3
f 3196/774/4 3188/773/4 3165/1741/4
f 3165/1741/4 3187/8037/4 3224/1742/4
f 3443/1743/7 3434/8038/7 3375/1744/7
f 3375/1744/7 3383/8039/7 3459/1745/7
f 3305/1746/4 3302/8040/4 3225/1747/4
f 3801/1751/1 3809/8041/1 3724/1749/1
f 3724/1749/1 3729/8042/1 3784/1750/1
f 3211/1752/5 3241/8043/5 3235/55/5
f 3225/1753/7 3216/8044/7 3217/1754/7
f 3227/1756/5 3313/8045/5 3310/1757/5
f 3222/1759/7 3227/8046/7 3244/1760/7
f 1997/1764/5 2127/8047/5 2115/8048/5
f 1993/1762/5 1986/8049/5 1893/1763/5
f 1997/1764/5 2115/8048/5 1993/1762/5
f 3294/1765/5 3237/8050/5 3249/1766/5
f 3247/1768/7 3239/8051/7 3232/1769/7
f 3241/1770/7 3249/8052/7 3237/1771/7
f 2712/1773/4 2728/8053/4 2726/1774/4
f 3298/1776/4 3247/8054/4 3230/1777/4
f 1981/1779/7 1887/8055/7 1885/1780/7
f 2339/1735/3 2337/1734/3 2333/1782/3
f 2538/1786/1 2714/8056/1 2698/8057/1
f 2538/1786/1 2698/8057/1 2627/1784/1
f 2533/1785/1 2534/8058/1 2538/1786/1
f 3250/1787/1 3266/8059/1 3277/1788/1
f 3274/1790/2 3278/8060/2 3256/1791/2
f 3272/1793/7 3256/8061/7 3250/1794/7
f 3381/1796/2 3383/8062/2 3332/1797/2
f 3282/1799/1 3285/8063/1 3268/1800/1
f 3280/1802/2 3286/8064/2 3288/1803/2
f 3259/1805/7 3288/8065/7 3282/1806/7
f 3377/1808/2 3378/8066/2 3290/1809/2
f 3260/1811/1 3314/2098/1 3324/1812/1
f 3277/1814/7 3266/8067/7 3260/1815/7
f 3328/1817/5 3326/8068/5 3285/8069/5
f 3285/8069/5 3282/8070/5 3288/8071/5
f 3286/1818/5 3332/8072/5 3383/8073/5
f 3285/8069/5 3288/8071/5 3286/1818/5
f 3375/1819/5 3373/8074/5 3328/1817/5
f 3328/1817/5 3285/8069/5 3286/1818/5
f 3286/1818/5 3383/8073/5 3375/1819/5
f 3326/1820/1 3328/8075/1 3320/1821/1
f 3268/1823/7 3285/8076/7 3326/1824/7
f 3330/1826/7 3290/8077/7 3278/1827/7
f 3296/1828/7 3332/8078/7 3286/1829/7
f 3335/1831/7 3298/8079/7 3293/1832/7
f 3364/1834/3 3367/8080/3 3360/1835/3
f 2927/8081/2 2928/8082/2 2854/7299/2
f 2854/7299/2 2862/1566/2 2925/7901/2
f 2927/8081/2 2854/7299/2 2925/7901/2
f 2985/8083/2 2986/8084/2 2927/8081/2
f 3123/6690/2 3030/8085/2 3013/8086/2
f 3121/6693/2 3123/6690/2 3013/8086/2
f 3135/101/2 3132/6694/2 3121/6693/2
f 3029/8087/2 3129/6691/2 3131/6695/2
f 3131/6695/2 3135/101/2 3121/6693/2
f 3131/6695/2 3121/6693/2 3013/8086/2
f 3011/8088/2 3029/8087/2 3131/6695/2
f 2917/1838/2 2977/8089/2 2980/1839/2
f 3011/8088/2 3131/6695/2 3013/8086/2
f 2980/1839/2 3011/8088/2 3013/8086/2
f 2980/1839/2 3013/8086/2 2985/8083/2
f 2852/8090/2 2916/8091/2 2917/1838/2
f 2927/8081/2 2925/7901/2 2941/8092/2
f 2985/8083/2 2927/8081/2 2941/8092/2
f 2860/1567/2 2852/8090/2 2917/1838/2
f 2920/8093/2 2923/1565/2 2860/1567/2
f 2985/8083/2 2941/8092/2 2943/1837/2
f 2920/8093/2 2860/1567/2 2917/1838/2
f 2980/1839/2 2985/8083/2 2943/1837/2
f 2943/1837/2 2920/8093/2 2917/1838/2
f 3301/1840/7 3340/8035/7 3296/1736/7
f 3346/1842/4 3345/8094/4 3307/1843/4
f 3309/1845/5 3352/1844/5 3350/1843/5
f 3307/1847/7 3309/7537/7 3348/876/7
f 3359/1849/4 3357/8095/4 3317/1850/4
f 3317/1852/7 3302/1913/7 3305/1853/7
f 3319/1855/5 3367/8096/5 3364/1856/5
f 3313/1858/7 3319/8097/7 3363/1859/7
f 3317/1861/1 3357/8098/1 3371/1862/1
f 3324/1864/7 3314/8099/7 3317/1865/7
f 3340/1867/5 3391/8100/5 3381/1868/5
f 3378/1869/4 3385/8101/4 3335/1870/4
f 3373/1872/1 3375/8102/1 3367/1873/1
f 3320/1875/7 3328/8103/7 3373/1876/7
f 3386/1878/4 3395/8104/4 3392/1879/4
f 3398/1881/7 3339/8105/7 3336/1882/7
f 3398/1884/5 3397/8106/5 3389/1885/5
f 3405/1887/4 3402/8107/4 3359/1888/4
f 3487/1416/3 3491/442/3 3493/1890/3
f 3488/1891/3 3485/8108/3 3487/1416/3
f 3669/1892/5 3746/8109/5 3738/1893/5
f 3345/1895/7 3346/8110/7 3401/1896/7
f 3364/1898/5 3412/982/5 3411/1899/5
f 3418/1616/4 3416/8111/4 3371/1901/4
f 3359/1902/1 3402/56/1 3418/1903/1
f 3371/1905/7 3357/8112/7 3359/1906/7
f 3375/1908/5 3425/8113/5 3422/1909/5
f 3421/1911/1 3422/8114/1 3412/1912/1
f 3367/1913/7 3375/8115/7 3421/1914/7
f 3371/1915/1 3416/8116/1 3431/1916/1
f 3434/1918/1 3437/204/1 3425/203/1
f 2835/1920/5 2901/8117/5 2893/1921/5
f 3451/1923/2 3453/8118/2 3377/1915/2
f 3455/1925/2 3457/8119/2 3459/1926/2
f 3453/1928/4 3464/8120/4 3462/1929/4
f 3464/1931/2 3467/8121/2 3385/1932/2
f 3462/1934/7 3385/8122/7 3378/690/7
f 3472/1936/5 3470/8123/5 3455/1937/5
f 3468/1939/2 3470/8124/2 3472/1940/2
f 3391/1941/7 3472/8125/7 3383/1942/7
f 3467/1944/4 3476/8126/4 3475/1945/4
f 3476/1949/2 3479/8127/2 3480/8128/2
f 3397/1947/2 3398/8129/2 3392/8130/2
f 3476/1949/2 3480/8128/2 3397/1947/2
f 3395/1948/2 3475/8131/2 3476/1949/2
f 3397/1947/2 3392/8130/2 3395/1948/2
f 3475/1950/7 3395/8132/7 3386/1951/7
f 3480/1953/5 3479/8133/5 3468/1954/5
f 3397/1956/7 3480/2149/7 3391/1957/7
f 3429/1959/7 3450/8134/7 3377/1960/7
f 3377/1960/7 3371/8135/7 3427/1961/7
f 3487/1962/4 3485/8136/4 3407/1963/4
f 3542/8137/5 3664/8138/5 3663/8139/5
f 3538/8140/5 3535/8141/5 3533/8142/5
f 3542/8137/5 3663/8139/5 3538/8140/5
f 3443/1966/5 3441/8143/5 3439/1967/5
f 3439/1967/5 3542/8137/5 3538/8140/5
f 3538/8140/5 3533/8142/5 3437/1965/5
f 3437/1965/5 3434/8144/5 3443/1966/5
f 3439/1967/5 3538/8140/5 3437/1965/5
f 3499/1968/7 3483/8145/7 3407/1969/7
f 3411/1971/5 3502/8146/5 3500/1972/5
f 3495/1974/1 3613/8147/1 3612/8148/1
f 3491/1975/1 3487/8149/1 3483/8150/1
f 3495/1974/1 3612/8148/1 3491/1975/1
f 3499/1976/1 3500/8151/1 3495/1974/1
f 3491/1975/1 3483/8150/1 3499/1976/1
f 3509/1845/4 3506/1846/4 3418/1977/4
f 3418/1979/7 3402/8152/7 3405/1980/7
f 3510/1982/3 3512/8153/3 3506/1983/3
f 3422/1985/5 3521/8154/5 3520/1986/5
f 3517/1988/1 3520/1872/1 3502/1874/1
f 3412/1990/7 3422/7536/7 3517/873/7
f 3520/1992/3 3521/8155/3 3516/1993/3
f 3418/1994/1 3506/8156/1 3527/1995/1
f 3431/1997/7 3416/8157/7 3418/1998/7
f 3506/2000/3 3530/8158/3 3525/2001/3
f 3533/2003/1 3535/8159/1 3521/2004/1
f 3425/2006/7 3437/8160/7 3533/2007/7
f 3535/2007/3 3538/8160/3 3532/2009/3
f 3555/2011/4 3552/8161/4 3545/2012/4
f 3430/2014/1 3539/8162/1 3547/2015/1
f 3549/2017/1 3550/8163/1 3542/2018/1
f 3555/2020/2 3556/8164/2 3445/2021/2
f 3559/2023/2 3561/8165/2 3563/2024/2
f 2900/2026/3 2890/8166/3 2893/2027/3
f 1122/2029/1 1114/8167/1 1108/2030/1
f 3576/2032/2 3577/8168/2 3464/2033/2
f 3573/2035/7 3464/8169/7 3453/2036/7
f 3567/2038/3 3577/8170/3 3576/2039/3
f 3579/2041/2 3581/8171/2 3583/2042/2
f 3470/2044/7 3583/8172/7 3457/2045/7
f 3571/2047/3 3581/8173/3 3579/2048/3
f 3697/2050/4 3585/8174/4 3464/8175/4
f 3577/2051/4 3567/8176/4 3675/2052/4
f 3697/2050/4 3464/8175/4 3577/2051/4
f 3585/2053/7 3476/8177/7 3467/2002/7
f 3563/2054/5 3561/8178/5 3550/2055/5
f 3479/2057/7 3592/8179/7 3470/2058/7
f 3587/2060/4 3596/8180/4 3593/2061/4
f 2462/2063/3 2468/8181/3 2467/2064/3
f 3479/2066/7 3476/8182/7 3593/2067/7
f 3608/2069/5 3605/8183/5 3589/2070/5
f 3552/2072/7 3445/8184/7 3430/2073/7
f 3612/2075/4 3610/8185/4 3493/2076/4
f 3497/2078/5 3616/8186/5 3613/2079/5
f 3445/2081/4 3451/6993/4 3450/2082/4
f 3450/2082/4 3429/6983/4 3430/2083/4
f 3613/674/3 3616/8187/3 3610/2084/3
f 3620/2086/4 3617/8188/4 3512/2087/4
f 3516/2089/5 3635/2088/5 3632/2087/5
f 3639/2091/4 3637/8189/4 3530/2092/4
f 3512/2094/1 3617/8190/1 3639/2095/1
f 3532/2097/5 3650/8191/5 3649/2098/5
f 3521/2100/1 3649/8192/1 3635/2101/1
f 3530/2103/1 3637/8193/1 3652/2104/1
f 3815/2108/4 3821/134/4 3752/2106/4
f 3752/2106/4 3751/8194/4 3789/2107/4
f 3675/8195/3 3672/8196/3 3652/2109/3
f 3637/8197/3 3639/8198/3 3617/8199/3
f 3698/8200/3 3697/8201/3 3675/8195/3
f 3706/8202/3 3704/8203/3 3698/8200/3
f 3684/8204/3 3703/8205/3 3700/8206/3
f 3700/8206/3 3706/8202/3 3698/8200/3
f 3617/8199/3 3620/8207/3 3623/8208/3
f 3616/8209/3 3632/8210/3 3635/8211/3
f 3617/8199/3 3623/8208/3 3616/8209/3
f 3635/8211/3 3649/8212/3 3650/8213/3
f 3650/8213/3 3663/8214/3 3664/74/3
f 3661/6634/3 3658/8215/3 3646/8216/3
f 3650/8213/3 3664/74/3 3661/6634/3
f 3616/8209/3 3635/8211/3 3650/8213/3
f 3671/75/3 3686/8217/3 3684/8204/3
f 3681/8218/3 3682/8219/3 3669/73/3
f 3669/73/3 3671/75/3 3684/8204/3
f 3650/8213/3 3661/6634/3 3646/8216/3
f 3646/8216/3 3644/8220/3 3631/8221/3
f 3650/8213/3 3646/8216/3 3631/8221/3
f 3681/8218/3 3669/73/3 3684/8204/3
f 3693/8222/3 3695/8223/3 3681/8218/3
f 3679/8224/3 3689/8225/3 3691/8226/3
f 3693/8222/3 3681/8218/3 3684/8204/3
f 3693/8222/3 3684/8204/3 3700/8206/3
f 3616/8209/3 3650/8213/3 3631/8221/3
f 3616/8209/3 3631/8221/3 3628/8227/3
f 3693/8222/3 3700/8206/3 3698/8200/3
f 3691/8226/3 3693/8222/3 3698/8200/3
f 3616/8209/3 3628/8227/3 3626/8228/3
f 3622/8229/3 3642/8230/3 3640/8231/3
f 3616/8209/3 3626/8228/3 3622/8229/3
f 3691/8226/3 3698/8200/3 3675/8195/3
f 3667/2111/3 3677/8232/3 3679/8224/3
f 3679/8224/3 3691/8226/3 3675/8195/3
f 3617/8199/3 3616/8209/3 3622/8229/3
f 3640/8231/3 3657/8233/3 3655/2110/3
f 3617/8199/3 3622/8229/3 3640/8231/3
f 3637/8197/3 3617/8199/3 3640/8231/3
f 3637/8197/3 3640/8231/3 3655/2110/3
f 3667/2111/3 3679/8224/3 3675/8195/3
f 3652/2109/3 3637/8197/3 3655/2110/3
f 3667/2111/3 3675/8195/3 3652/2109/3
f 3703/2112/5 3684/8234/5 3569/8235/5
f 3579/2113/5 3470/8236/5 3592/2114/5
f 3703/2112/5 3569/8235/5 3579/2113/5
f 3538/2115/1 3663/8237/1 3650/2116/1
f 3672/2118/2 3675/8238/2 3567/2119/2
f 3684/2121/2 3686/8239/2 3571/2122/2
f 3671/8240/5 3664/8138/5 3542/8137/5
f 3671/8240/5 3542/8137/5 3559/8241/5
f 3571/2125/5 3686/8242/5 3671/8240/5
f 3583/8243/5 3581/8244/5 3571/2125/5
f 3443/1966/5 3459/8245/5 3457/8246/5
f 3457/8246/5 3583/8243/5 3571/2125/5
f 3571/2125/5 3671/8240/5 3559/8241/5
f 3447/2124/5 3441/8143/5 3443/1966/5
f 3571/2125/5 3559/8241/5 3447/2124/5
f 3443/1966/5 3457/8246/5 3571/2125/5
f 3818/8247/5 3810/8248/5 3735/8249/5
f 3743/2126/5 3682/8250/5 3681/2127/5
f 3772/2128/5 3818/8247/5 3735/8249/5
f 3681/2127/5 3775/8251/5 3772/2128/5
f 3772/2128/5 3735/8249/5 3743/2126/5
f 3447/2131/7 3563/8252/7 3549/2129/7
f 3549/2129/7 3439/8253/7 3441/2130/7
f 3510/2134/1 3509/8254/1 3504/8255/1
f 3405/2132/1 3401/8256/1 3346/8257/1
f 3510/2134/1 3504/8255/1 3405/2132/1
f 3623/8258/1 3620/8259/1 3510/2134/1
f 3493/8260/1 3610/8261/1 3623/8258/1
f 3488/8262/1 3493/8260/1 3623/8258/1
f 3346/8257/1 3342/8263/1 3348/8264/1
f 3350/8265/1 3408/8266/1 3411/8267/1
f 3346/8257/1 3348/8264/1 3350/8265/1
f 3485/8268/1 3488/8262/1 3623/8258/1
f 3350/8265/1 3411/8267/1 3407/2133/1
f 3485/8268/1 3623/8258/1 3510/2134/1
f 3346/8257/1 3350/8265/1 3407/2133/1
f 3407/2133/1 3485/8268/1 3510/2134/1
f 3405/2132/1 3346/8257/1 3407/2133/1
f 3698/2135/4 3704/8269/4 3600/2136/4
f 3604/2138/5 3706/8270/5 3700/2139/5
f 3710/2141/4 3708/8271/4 3642/2142/4
f 3713/1859/3 3715/8097/3 3708/2144/3
f 3644/2146/5 3723/8272/5 3720/2147/5
f 3720/2149/3 3723/1956/3 3718/2150/3
f 3726/1985/4 3724/1987/4 3657/2152/4
f 3642/2154/1 3708/8273/1 3726/2155/1
f 3708/2157/3 3729/8274/3 3724/2158/3
f 3658/2160/5 3735/8275/5 3733/2161/5
f 3646/2163/1 3733/8276/1 3723/2164/1
f 3733/2166/3 3735/8277/3 3730/2167/3
f 3657/2169/1 3724/8278/1 3737/2170/1
f 3661/2172/1 3738/8279/1 3735/2173/1
f 3703/2175/2 3592/8280/2 3479/8281/2
f 3589/2176/2 3602/8282/2 3700/2177/2
f 3703/2175/2 3479/8281/2 3589/2176/2
f 3740/2178/2 3741/8283/2 3677/2179/2
f 3743/2181/2 3746/8284/2 3669/2182/2
f 3741/2184/4 3747/8285/4 3679/2185/4
f 3747/2187/2 3752/8286/2 3689/2188/2
f 3751/2190/3 3752/8287/3 3747/2191/3
f 3752/2070/4 3756/8288/4 3691/2193/4
f 3759/2194/3 3761/8289/3 3756/2044/3
f 3693/2193/5 3766/8288/5 3754/2195/5
f 3754/2197/3 3766/8290/3 3765/2198/3
f 2495/8291/1 2358/8292/1 2359/8293/1
f 2359/8293/1 2503/8294/1 2672/8295/1
f 2670/2200/1 2667/8296/1 2498/8297/1
f 2359/8293/1 2672/8295/1 2670/2200/1
f 2495/8291/1 2359/8293/1 2670/2200/1
f 2670/2200/1 2498/8297/1 2353/2201/1
f 2353/2201/1 2355/8298/1 2493/2202/1
f 2493/2202/1 2495/8291/1 2670/2200/1
f 3779/2203/4 3777/8299/4 3715/2204/4
f 3809/2206/4 3813/8300/4 3741/2207/4
f 3772/2209/3 3775/8301/3 3774/2210/3
f 3780/2212/3 3782/8302/3 3777/2213/3
f 3792/2215/5 3770/8303/5 3774/2216/5
f 3774/2216/5 3823/8304/5 3816/2217/5
f 3072/2220/5 3152/8305/5 3199/8306/5
f 3199/8306/4 3202/8307/4 3129/2218/4
f 3129/2218/4 3029/8308/4 3002/8309/4
f 3055/2219/4 3050/8310/4 3070/8311/4
f 3129/2218/4 3002/8309/4 3055/2219/4
f 3072/2220/4 3199/8306/4 3129/2218/4
f 3055/2219/4 3070/8311/4 3072/2220/4
f 3815/2223/3 3813/8312/3 3809/8313/3
f 3801/8314/3 3802/8315/3 3804/8316/3
f 3815/2223/3 3809/8313/3 3801/8314/3
f 3823/8317/3 3821/8318/3 3815/2223/3
f 3810/8319/3 3818/8320/3 3816/2222/3
f 3816/2222/3 3823/8317/3 3815/2223/3
f 3815/2223/3 3801/8314/3 3804/8316/3
f 3806/2221/3 3810/8319/3 3816/2222/3
f 3815/2223/3 3804/8316/3 3806/2221/3
f 3794/2224/4 3797/8321/4 3761/2225/4
f 1734/6568/3 1736/6568/3 1747/6568/3
usemtl Sheath
f 5/2227/1 3/2228/1 2/2229/1
f 4694/2230/5 4699/2231/5 4787/2232/5
f 4942/2233/3 5046/2234/3 5045/2235/3
f 4940/2236/3 5036/2237/3 4941/2238/3
f 8/2239/2 9/2240/2 7/2241/2
f 3921/2242/5 3894/2243/5 3945/2244/5
f 12/2245/2 14/2246/2 11/2247/2
f 10/2248/4 15/2249/4 9/2250/4
f 18/2251/5 12/2252/5 11/2253/5
f 510/2254/5 555/2255/5 637/2256/5
f 135/2257/4 114/2258/4 136/2259/4
f 26/2260/7 10/2261/7 8/2262/7
f 11/2263/7 2/2264/7 9/2265/7
f 17/2266/7 13/2267/7 12/2268/7
f 31/2269/4 3/2270/4 29/2271/4
f 34/2272/1 32/2273/1 29/2274/1
f 55/2275/2 73/2276/2 96/2277/2
f 20/2278/5 36/2279/5 35/2280/5
f 48/2281/7 24/2282/7 25/2283/7
f 19/2284/1 46/2285/1 43/2286/1
f 45/2287/2 23/2288/2 44/2289/2
f 44/2290/7 19/2291/7 43/2292/7
f 64/2293/5 42/2294/5 48/2295/5
f 73/2296/7 72/2297/7 97/2298/7
f 52/2299/5 50/2300/5 48/2301/5
f 54/2302/2 52/2303/2 25/2304/2
f 305/2305/1 358/2306/1 439/2307/1
f 4970/2308/3 5007/2309/3 4960/2310/3
f 2131/2311/7 2050/2312/7 2128/2313/7
f 39/2314/7 31/2315/7 56/2316/7
f 40/2317/5 60/2318/5 59/2319/5
f 37/2320/7 59/2321/7 36/2322/7
f 46/2323/7 39/2324/7 62/2325/7
f 68/2317/2 49/2326/2 67/2327/2
f 67/2328/7 47/2329/7 45/2323/7
f 1470/2330/4 1508/2331/4 1509/2332/4
f 55/2328/7 53/2333/7 54/2334/7
f 4901/2335/2 4900/2336/2 5002/2337/2
f 61/2338/7 84/2339/7 60/2340/7
f 82/2341/1 33/2342/1 36/2343/1
f 66/2344/5 89/2345/5 64/2293/5
f 68/2346/4 90/2347/4 129/2348/4
f 92/2349/7 69/2350/7 68/2351/7
f 57/2352/4 56/2353/4 76/2354/4
f 94/2355/4 97/2356/4 71/2357/4
f 100/2358/5 95/2359/5 73/2357/5
f 88/2360/7 76/2361/7 101/2362/7
f 4857/2363/1 4916/2364/1 4992/2365/1
f 105/2366/1 104/2326/1 64/2367/1
f 50/2368/2 108/2369/2 89/2370/2
f 89/2371/7 105/2372/7 64/2373/7
f 86/2374/1 85/2375/1 82/2376/1
f 112/2377/7 94/2378/7 93/2379/7
f 99/2380/7 96/2381/7 95/2382/7
f 4283/2383/2 4237/2384/2 4312/2385/2
f 546/2386/5 467/2387/5 448/2388/5
f 4399/2389/2 4455/2390/2 4487/2391/2
f 4594/2392/1 4593/2393/1 4550/2394/1
f 115/2395/7 78/2396/7 118/2397/7
f 104/2398/7 121/2399/7 87/2400/7
f 90/2401/7 91/2402/7 120/2403/7
f 125/2404/2 90/2405/2 124/2406/2
f 110/2407/2 127/2408/2 51/2409/2
f 51/2410/7 107/2411/7 50/2398/7
f 941/2412/5 843/2413/5 865/2414/5
f 175/2415/7 165/2416/7 166/2417/7
f 4563/2418/7 4528/2419/7 4532/2420/7
f 145/2421/7 126/2422/7 125/2423/7
f 111/2424/7 128/2425/7 110/2426/7
f 118/2427/1 116/2428/1 115/2429/1
f 149/2430/7 130/2431/7 129/2432/7
f 134/2433/7 111/2434/7 109/2435/7
f 154/2436/4 158/2437/4 132/2438/4
f 161/2439/5 155/2440/5 133/2441/5
f 158/2442/7 133/2443/7 132/2444/7
f 224/2445/1 140/2446/1 216/2447/1
f 140/2448/7 136/2449/7 162/2450/7
f 195/2451/4 125/2452/4 143/2453/4
f 138/2454/7 167/2455/7 137/2456/7
f 143/2457/7 140/2458/7 168/2459/7
f 142/2460/7 169/2461/7 141/2462/7
f 186/2463/2 111/2464/2 185/2465/2
f 160/2466/7 156/2467/7 155/2468/7
f 191/2469/1 174/2470/1 175/2471/1
f 196/2472/1 141/2473/1 169/2474/1
f 151/2475/4 205/2476/4 149/2477/4
f 163/2478/4 190/2479/4 213/2480/4
f 2364/2481/2 2334/2482/2 2332/2483/2
f 4178/2484/5 4102/2485/5 4149/2486/5
f 199/2487/2 201/2488/2 181/2489/2
f 188/2490/7 186/2491/7 185/2492/7
f 276/2493/5 188/2494/5 211/2495/5
f 189/2496/7 188/2497/7 187/2498/7
f 3702/2499/1 3590/2500/1 3591/2501/1
f 194/2502/7 220/2503/7 193/2504/7
f 195/2505/1 229/2506/1 228/2507/1
f 3909/2508/1 3750/2509/1 3744/2510/1
f 204/2511/7 200/2512/7 199/2513/7
f 235/2514/7 184/2515/7 182/2516/7
f 236/2517/7 206/2518/7 205/2519/7
f 240/2520/2 210/2521/2 239/2522/2
f 217/2371/7 213/2523/7 243/2524/7
f 339/2525/1 217/2526/1 336/2527/1
f 215/2528/7 246/2529/7 214/2530/7
f 224/2531/7 217/2532/7 247/2533/7
f 308/2534/4 229/2535/4 342/2536/4
f 229/2537/7 224/2538/7 248/2539/7
f 305/2540/5 266/2541/5 306/2542/5
f 227/2543/7 250/2544/7 226/2545/7
f 184/2546/2 147/2547/2 145/2548/2
f 260/2549/4 244/2550/4 258/2551/4
f 245/2552/5 263/2553/5 262/2554/5
f 156/2555/2 188/2556/2 99/2557/2
f 295/2558/4 236/2559/4 205/2560/4
f 58/2561/1 32/2562/1 77/2563/1
f 265/2564/7 260/2565/7 277/2566/7
f 2634/2567/4 2631/2568/4 2463/2569/4
f 264/2570/7 280/2571/7 263/2572/7
f 3835/2573/5 3984/2574/5 4013/2575/5
f 267/2576/5 291/2577/5 340/2578/5
f 2410/2579/2 2215/2580/2 2213/2581/2
f 316/2582/5 344/2583/5 381/2584/5
f 317/2585/4 294/2586/4 282/2587/4
f 285/2588/5 257/2589/5 289/2590/5
f 276/2591/7 275/2592/7 274/2537/7
f 299/2593/4 238/2594/4 298/2595/4
f 79/2596/3 78/2597/3 103/2598/3
f 145/2599/4 146/2600/4 183/2601/4
f 3435/2602/1 3303/2603/1 3374/2604/1
f 254/2605/4 308/2534/4 293/2606/4
f 2883/2607/1 3065/2608/1 3163/2609/1
f 514/2610/2 513/2611/2 525/2612/2
f 289/2613/7 287/2614/7 285/2615/7
f 139/2616/1 120/2617/1 102/2618/1
f 273/2619/2 283/2620/2 315/2621/2
f 209/2622/1 187/2623/1 241/2624/1
f 321/2625/7 295/2626/7 294/2627/7
f 357/2628/5 434/2629/5 395/2630/5
f 322/2631/7 298/2632/7 296/2633/7
f 324/2634/4 327/2635/4 300/2636/4
f 106/2637/5 107/2638/5 123/2639/5
f 330/2640/5 325/2641/5 301/2642/5
f 3959/2643/7 3950/2644/7 3958/2645/7
f 306/2646/7 334/2647/7 305/2648/7
f 336/2649/4 243/2650/4 337/2651/4
f 4518/2652/4 4380/2653/4 4519/2654/4
f 330/2655/7 300/2656/7 327/2657/7
f 2605/2658/5 2739/2659/5 2602/2660/5
f 343/2661/7 314/2662/7 313/2663/7
f 320/2664/7 316/2665/7 315/2666/7
f 188/2667/5 111/2668/5 157/2669/5
f 346/2670/7 324/2671/7 323/2496/7
f 329/2672/7 326/2673/7 325/2674/7
f 351/2675/4 333/2676/4 349/2677/4
f 4821/2678/5 4822/2679/5 4883/2680/5
f 4647/2681/2 4661/2682/2 4703/2683/2
f 304/2684/5 353/2685/5 352/2686/5
f 337/2687/7 332/2688/7 355/2689/7
f 2183/2690/2 2286/2691/2 2287/2692/2
f 339/2693/7 337/2687/7 360/2694/7
f 396/2695/1 360/2696/1 337/2697/1
f 338/2698/7 361/2699/7 335/2700/7
f 359/2701/1 361/2702/1 400/2703/1
f 310/2704/7 365/2705/7 340/2706/7
f 371/2707/3 376/2708/3 375/2709/3
f 433/2710/4 356/2711/4 394/2712/4
f 4711/2713/5 4710/2714/5 4707/2715/5
f 347/2716/2 391/2717/2 392/2718/2
f 433/2719/1 434/2720/1 466/2721/1
f 356/2722/7 351/2723/7 394/2724/7
f 354/2725/7 395/2726/7 353/2727/7
f 404/2553/2 366/2728/2 364/2554/2
f 405/2729/3 404/2730/3 401/2731/3
f 407/2732/2 372/2733/2 368/2728/2
f 403/2734/3 407/2735/3 402/2736/3
f 369/2737/5 404/2738/5 364/2739/5
f 404/2740/3 409/2741/3 410/2742/3
f 412/2743/3 415/2744/3 416/2745/3
f 380/2746/5 419/2747/5 378/2748/5
f 378/2749/1 414/2750/1 377/2751/1
f 419/2752/3 418/2753/3 414/2754/3
f 381/2755/1 420/2756/1 380/2757/1
f 424/2758/3 423/2759/3 420/2760/3
f 227/2761/1 197/2762/1 230/2763/1
f 2319/2764/1 2316/2765/1 2348/2766/1
f 390/2767/7 387/2768/7 386/2769/7
f 1793/2770/2 1640/2771/2 1790/2772/2
f 505/2773/5 431/2774/5 511/2775/5
f 393/2776/7 390/2777/7 389/2778/7
f 415/2779/4 379/2780/4 416/2781/4
f 4629/2782/3 4634/2783/3 4628/2784/3
f 4220/2785/2 4218/2786/2 4373/2787/2
f 398/2788/7 397/2789/7 436/2790/7
f 359/2791/7 441/2792/7 358/2793/7
f 385/2794/2 384/2795/2 422/2796/2
f 446/2797/2 403/2798/2 402/2799/2
f 443/2800/3 446/2801/3 442/2802/3
f 445/2803/3 448/2804/3 444/2805/3
f 450/2806/3 452/2807/3 453/2808/3
f 420/2809/1 451/2810/1 418/2811/1
f 456/2812/3 455/2813/3 451/2814/3
f 458/2815/7 422/2816/7 421/2817/7
f 459/2818/7 428/2819/7 427/2820/7
f 437/2821/7 433/2822/7 464/2823/7
f 435/2824/7 465/2825/7 434/2826/7
f 728/2827/1 647/2828/1 738/2829/1
f 494/2830/4 482/2831/4 461/2832/4
f 454/2833/1 473/2834/1 452/2835/1
f 470/2836/3 472/2837/3 473/2838/3
f 457/2839/1 471/2840/1 455/2841/1
f 476/2818/3 475/2842/3 471/2843/3
f 232/2844/7 183/2845/7 198/2846/7
f 2418/2847/5 2657/2848/5 2655/2849/5
f 482/2850/7 463/2851/7 461/2852/7
f 501/2853/4 488/2854/4 487/2855/4
f 492/2856/2 481/2857/2 479/2858/2
f 74/2859/5 110/2860/5 53/2861/5
f 491/2862/4 512/2863/4 496/2864/4
f 512/2865/7 494/2866/7 496/2867/7
f 187/2868/5 171/2869/5 173/2229/5
f 472/2870/1 489/2871/1 503/2872/1
f 383/2873/2 343/2874/2 382/2875/2
f 261/2876/1 258/2877/1 263/2878/1
f 620/2879/4 427/2880/4 619/2881/4
f 511/2882/7 506/2883/7 505/2884/7
f 518/2885/7 491/2886/7 492/2887/7
f 514/2888/7 510/2889/7 507/2890/7
f 1306/2891/1 1197/2892/1 1271/2893/1
f 4691/2894/2 4773/2895/2 4774/2896/2
f 466/2897/5 439/2898/5 660/2899/5
f 204/2900/5 181/2901/5 128/2902/5
f 3940/2903/2 3917/2904/2 3939/2905/2
f 955/2906/1 836/2907/1 952/2908/1
f 498/2909/4 485/2910/4 542/2911/4
f 962/2912/5 886/2913/5 910/2914/5
f 4098/2915/2 4097/2916/2 4141/2917/2
f 536/2918/7 532/2919/7 547/2920/7
f 535/2921/7 548/2922/7 533/2923/7
f 255/2924/2 293/2925/2 282/2926/2
f 550/2927/3 552/2928/3 549/2929/3
f 561/2930/7 542/2931/7 541/2932/7
f 546/2933/7 544/2934/7 543/2935/7
f 523/2936/5 581/2937/5 486/2938/5
f 2949/2939/5 2497/2940/5 2369/2941/5
f 552/2942/5 572/2943/5 549/2944/5
f 585/2945/2 588/2946/2 565/2947/2
f 565/2948/7 586/2949/7 564/2950/7
f 570/2951/7 566/2952/7 592/2815/7
f 569/2953/7 593/2954/7 567/2955/7
f 574/2956/7 573/2957/7 572/2958/7
f 598/2834/4 578/2959/4 596/2835/4
f 578/2960/7 599/2961/7 596/2962/7
f 4003/2963/2 3982/2964/2 4002/2965/2
f 240/2966/7 239/2967/7 256/2968/7
f 134/2969/5 96/2970/5 113/2971/5
f 583/2972/5 580/2973/5 581/2974/5
f 602/2975/7 582/2976/7 601/2977/7
f 590/2978/7 587/2979/7 585/2980/7
f 3951/2981/7 3992/2982/7 3994/2983/7
f 428/2984/1 389/2985/1 460/2986/1
f 577/2987/7 598/2988/7 606/2989/7
f 1060/2990/1 1047/2991/1 1029/2992/1
f 349/2993/7 303/2994/7 304/2712/7
f 788/2995/5 811/2996/5 810/2997/5
f 4008/2998/7 4003/2999/7 4002/3000/7
f 600/3001/5 614/3002/5 613/3003/5
f 655/3004/1 567/3005/1 593/3006/1
f 425/3007/2 320/3008/2 423/3009/2
f 520/3010/4 528/3011/4 575/3012/4
f 4457/3013/2 4400/3014/2 4488/3015/2
f 3882/3016/5 3947/3017/5 3692/3018/5
f 628/3019/7 617/3020/7 616/3021/7
f 299/3022/2 427/3023/2 323/3024/2
f 633/3025/7 619/3026/7 618/3027/7
f 706/3028/2 722/3029/2 916/3030/2
f 638/3031/5 579/3032/5 639/3033/5
f 4052/3034/7 4051/3035/7 4098/3036/7
f 644/3037/3 645/3038/3 643/3039/3
f 615/3040/7 647/3041/7 614/3042/7
f 649/3043/3 652/3044/3 651/3045/3
f 655/3046/3 654/2953/3 650/2955/3
f 829/3047/4 890/3048/4 800/3049/4
f 688/3050/4 715/3051/4 622/3052/4
f 687/3053/2 644/3054/2 643/3055/2
f 637/3056/7 636/3057/7 634/3058/7
f 639/3059/7 659/3060/7 638/2987/7
f 130/3061/4 112/3062/4 93/3063/4
f 664/3064/3 665/3065/3 663/3066/3
f 723/3067/2 676/3068/2 707/3069/2
f 648/3070/7 621/3071/7 667/3072/7
f 648/3073/4 691/3074/4 693/3075/4
f 697/3076/4 740/3077/4 702/3078/4
f 641/3079/7 658/3080/7 678/3081/7
f 607/3082/4 606/3083/4 658/3084/4
f 661/3085/7 681/3086/7 660/3087/7
f 684/3088/3 687/3089/3 682/3090/3
f 689/2947/2 664/3091/2 663/3092/2
f 686/3093/3 689/3094/3 685/3095/3
f 3736/3096/2 3734/3097/2 3791/3098/2
f 695/3099/4 670/3100/4 668/3101/4
f 697/3102/3 700/3103/3 701/3104/3
f 3344/3105/2 3245/3106/2 3287/3107/2
f 704/3108/3 703/3109/3 699/3110/3
f 4138/3111/5 4094/3112/5 4103/3113/5
f 707/3114/7 674/3115/7 672/3116/7
f 709/3117/2 677/3118/2 676/3119/2
f 2711/3120/1 2584/3121/1 2702/3122/1
f 683/3123/7 680/3124/7 711/3125/7
f 692/3126/1 715/3127/1 727/3128/1
f 4877/3129/7 4808/3130/7 4807/3131/7
f 544/3132/2 560/3133/2 445/3134/2
f 471/3135/9 414/3136/9 451/3137/9
f 625/3138/4 602/3139/4 601/3140/4
f 3860/3141/1 3755/3142/1 3757/3143/1
f 720/3144/7 729/3145/7 719/3146/7
f 841/3147/2 733/3148/2 939/3149/2
f 3903/3150/4 3942/3151/4 4046/3152/4
f 695/3153/4 812/3154/4 740/3077/4
f 754/3155/3 752/3156/3 753/3157/3
f 761/3158/3 760/3159/3 759/3160/3
f 2616/3161/1 2555/3162/1 2557/3163/1
f 783/3164/1 762/3165/1 787/3166/1
f 4006/3167/2 3944/3168/2 4005/3169/2
f 766/3170/3 767/3171/3 765/3172/3
f 507/3173/5 483/3174/5 514/3175/5
f 783/3176/5 759/3177/5 760/3178/5
f 345/3179/4 428/3180/4 347/3181/4
f 4896/3182/5 4845/3183/5 4846/3184/5
f 307/3185/5 222/3186/5 335/3187/5
f 764/3188/3 771/3189/3 772/3190/3
f 1650/3191/7 1649/3192/7 1671/3193/7
f 791/3194/3 790/3195/3 789/3196/3
f 784/3197/7 780/3198/7 796/3124/7
f 783/3199/7 797/3200/7 782/3201/7
f 2447/3202/2 2662/3203/2 2604/3204/2
f 2471/3205/5 2469/3206/5 2406/3207/5
f 2761/3208/7 2755/3209/7 2765/3210/7
f 795/3211/2 841/3147/2 842/3212/2
f 2856/3213/3 2858/3214/3 2859/3215/3
f 4376/3216/4 4177/3217/4 4286/3218/4
f 804/3219/7 815/3220/7 803/3221/7
f 3372/3222/1 3366/3223/1 3433/3224/1
f 682/3225/2 809/3226/2 785/3227/2
f 2371/3228/5 2397/3229/5 2357/3230/5
f 1905/3231/5 1863/3232/5 1855/3233/5
f 811/2996/5 821/3234/5 810/2997/5
f 2673/3235/2 2743/3236/2 2876/3237/2
f 826/3238/4 774/3239/4 825/3240/4
f 619/3241/2 458/3242/2 618/3243/2
f 752/3244/1 758/3245/1 779/3246/1
f 834/3247/7 817/3248/7 816/3249/7
f 821/3250/7 819/3251/7 818/3252/7
f 822/3253/4 836/3254/4 824/3255/4
f 2926/3256/1 2840/3257/1 2922/3258/1
f 671/3259/5 889/3260/5 828/3261/5
f 830/3262/7 826/3263/7 838/3264/7
f 829/3265/7 839/3266/7 827/3267/7
f 629/3268/4 670/3269/4 649/3270/4
f 764/3271/4 809/3272/4 824/3255/4
f 1979/3273/2 1832/3274/2 1741/3275/2
f 997/3276/4 961/3277/4 1034/3278/4
f 4182/3279/1 4151/3280/1 4184/3281/1
f 652/3282/1 670/3283/1 697/3284/1
f 860/3285/4 861/3286/4 841/3287/4
f 863/3288/3 862/3289/3 860/3290/3
f 899/3291/5 833/3292/5 807/3293/5
f 852/3294/5 873/3295/5 851/3296/5
f 527/3297/5 438/3298/5 443/3299/5
f 870/3247/3 875/3300/3 869/3301/3
f 879/3302/3 877/3303/3 878/3304/3
f 842/3305/7 861/3306/7 865/3307/7
f 854/3308/7 836/3309/7 881/3071/7
f 799/3310/7 882/3311/7 798/3312/7
f 916/3313/3 910/3314/3 912/3315/3
f 884/3316/3 887/3317/3 888/3318/3
f 891/3319/3 890/3320/3 886/3321/3
f 4412/3322/1 4571/3323/1 4616/3324/1
f 894/3325/4 864/3326/4 863/3327/4
f 1618/3328/2 1640/2771/2 1721/3329/2
f 3185/3330/2 3151/3331/2 3147/3332/2
f 898/3333/3 897/3334/3 896/3335/3
f 985/3336/1 984/3337/1 1011/3338/1
f 869/3339/4 848/3340/4 902/3341/4
f 902/3342/2 870/3343/2 869/3344/2
f 2041/3345/7 2013/3346/7 2109/3347/7
f 749/3348/2 768/3349/2 720/3350/2
f 160/3351/2 210/2521/2 242/3352/2
f 3114/3353/4 3215/3354/4 3218/3355/4
f 4204/3356/1 4184/3281/1 4331/3357/1
f 889/3343/1 911/3358/1 887/3359/1
f 892/3360/1 910/3361/1 890/3362/1
f 917/3287/4 918/3363/4 893/3364/4
f 918/3365/7 894/3366/7 893/3367/7
f 920/3368/3 919/3369/3 917/3370/3
f 897/3371/5 924/3372/5 896/3373/5
f 2912/3374/2 2880/3375/2 2966/3376/2
f 4996/3377/3 4881/3378/3 5048/3379/3
f 4880/3380/3 4879/3381/3 5009/3382/3
f 563/3383/2 580/3384/2 611/3385/2
f 885/3386/7 907/3387/7 906/3388/7
f 935/3389/3 938/3390/3 934/3391/3
f 937/3392/3 942/3393/3 936/3394/3
f 940/3327/4 921/3395/4 920/3396/4
f 941/3397/3 944/3398/3 940/3399/3
f 948/3400/3 946/3401/3 947/3402/3
f 1009/3403/4 1008/3404/4 900/3405/4
f 390/3406/5 287/3407/5 302/3408/5
f 506/3409/2 390/3410/2 505/3411/2
f 2035/3412/5 1977/3413/5 1965/3414/5
f 939/3415/4 1020/3416/4 1103/3417/4
f 366/3418/5 230/3419/5 251/3420/5
f 172/3421/4 170/3422/4 206/3423/4
f 4248/3424/4 4285/3425/4 4317/3426/4
f 838/3427/1 858/3428/1 884/3429/1
f 991/3430/5 907/3431/5 993/3432/5
f 955/3433/7 953/3434/7 969/3435/7
f 3080/3436/1 2909/3437/1 3075/3438/1
f 954/3439/7 970/3440/7 951/3441/7
f 974/3442/7 960/3443/7 959/3444/7
f 560/3133/5 609/3445/5 558/3446/5
f 884/3447/4 908/3448/4 933/3449/4
f 2915/3450/2 2961/3451/2 3014/3452/2
f 1057/3453/5 983/3454/5 877/3455/5
f 694/3456/4 771/3457/4 971/3458/4
f 3744/3459/1 3643/3460/1 3641/3461/1
f 978/3462/5 996/3463/5 976/3464/5
f 983/3465/1 1006/3466/1 982/3467/1
f 985/3468/4 1012/3469/4 987/3470/4
f 1011/3471/3 987/3472/3 1012/3473/3
f 855/3474/5 729/3475/5 766/3476/5
f 850/3477/4 878/3478/4 818/3479/4
f 1017/3480/4 1019/3481/4 1018/3482/4
f 1003/3483/1 1004/3484/1 1023/3485/1
f 1006/3466/1 1007/3486/1 1025/3487/1
f 2765/3488/1 2637/3489/1 2761/3490/1
f 1030/3491/3 1029/3492/3 1028/3493/3
f 1014/3494/3 1032/3495/3 1013/3496/3
f 1032/3497/2 961/2653/2 974/3498/2
f 1009/3499/7 1023/3500/7 1042/3501/7
f 4110/3502/1 4054/3503/1 4155/3504/1
f 194/3505/5 167/3506/5 141/3507/5
f 3089/3508/3 3077/3509/3 3084/3510/3
f 4963/3511/3 4969/3512/3 4967/3513/3
f 2938/3514/3 2936/3515/3 2940/3516/3
f 2393/3517/1 2226/3518/1 2388/3519/1
f 1051/3520/4 1018/3521/4 1034/3522/4
f 1036/3523/2 1104/3524/2 1076/3525/2
f 2028/3526/2 2000/3527/2 5029/3528/2
f 3246/3529/5 3198/3530/5 3251/3531/5
f 1120/3532/5 1161/3533/5 1221/3534/5
f 4544/3535/7 4591/3536/7 4545/3537/7
f 2733/3538/4 2789/3539/4 2908/3540/4
f 1073/3541/5 1062/3542/5 1074/3543/5
f 923/3544/1 742/3545/1 776/3546/1
f 966/3547/5 1139/3548/5 1035/3549/5
f 1575/3550/5 1574/3551/5 1543/3552/5
f 1054/3553/1 1078/3554/1 1065/3555/1
f 600/3556/1 583/3557/1 586/3558/1
f 4878/3559/4 4816/3560/4 4814/3561/4
f 1079/3562/1 1040/3563/1 1188/3564/1
f 1095/3565/7 1071/3566/7 1070/3443/7
f 1719/3567/2 1721/3329/2 1691/3568/2
f 1035/3569/2 1053/3570/2 1141/3571/2
f 1088/3572/7 1084/3573/7 1111/3574/7
f 1113/3575/1 1069/3576/1 1086/3577/1
f 1087/3578/7 1113/3579/7 1086/3580/7
f 1099/3581/5 1120/3532/5 1093/3582/5
f 1131/3583/5 1073/3541/5 1138/3584/5
f 1063/3585/4 1037/3586/4 1185/3587/4
f 1040/3588/5 1041/3589/5 1189/3590/5
f 1149/3591/1 1083/3577/1 1068/3592/1
f 1069/3593/7 1149/3594/7 1068/3595/7
f 1030/3596/1 951/3597/1 970/3598/1
f 1158/3599/3 1164/3600/3 1155/3601/3
f 1161/3602/3 1167/3603/3 1160/3604/3
f 1172/3605/2 1130/3606/2 1171/3607/2
f 1171/3608/7 1128/3609/7 1126/3610/7
f 1173/3603/2 1175/3611/2 1131/3612/2
f 1131/3613/7 1124/3614/7 1121/3615/7
f 4277/3616/4 4212/3617/4 4210/3618/4
f 1160/3619/4 1167/3620/4 1118/3621/4
f 1205/3622/1 1200/3623/1 1082/3624/1
f 1083/3625/7 1205/3626/7 1082/3627/7
f 1146/3628/1 1213/3629/1 1208/3630/1
f 1154/3631/7 1146/3632/7 1208/3633/7
f 1223/3634/2 1158/3635/2 1155/3636/2
f 1217/3637/3 1223/3638/3 1215/3639/3
f 1221/3640/3 1226/3641/3 1219/3642/3
f 1165/3643/1 1237/3639/1 1164/3644/1
f 1231/3634/3 1236/3645/3 1237/3646/3
f 1169/3647/1 1234/3648/1 1167/3649/1
f 1243/3650/3 1242/3651/3 1234/3652/3
f 1250/3653/2 1134/3654/2 1248/3655/2
f 1248/3656/7 1136/3657/7 1172/3658/7
f 1253/3657/2 1258/3659/2 1176/3660/2
f 1176/3661/7 1174/3662/7 1173/3663/7
f 1263/3664/7 1103/3665/7 1180/3666/7
f 413/3667/5 504/3668/5 502/3669/5
f 1081/3670/1 1077/3671/1 1143/3672/1
f 1181/3673/7 1178/3674/7 1177/3675/7
f 1192/3676/7 1185/3677/7 1268/3678/7
f 1189/3679/7 1270/3680/7 1188/3681/7
f 1423/3682/4 1448/3683/4 1449/3684/4
f 1200/3685/7 1271/3686/7 1197/3687/7
f 1213/3688/7 1198/3689/7 1274/3690/7
f 1275/3691/2 1217/3692/2 1215/3693/2
f 1240/3694/1 1282/3606/1 1236/3695/1
f 1279/3696/3 1281/3697/3 1282/3698/3
f 1245/3699/1 1280/3700/1 1242/3701/1
f 1287/3702/3 1285/3703/3 1280/3704/3
f 1291/3705/7 1251/3706/7 1250/3608/7
f 1295/3707/2 1292/3708/2 1340/3709/2
f 1283/3710/1 1326/3653/1 1281/3655/1
f 1288/3711/1 1323/3712/1 1285/3713/1
f 1329/3714/3 1328/3715/3 1323/3716/3
f 1292/3717/4 1334/3718/4 1337/3719/4
f 1180/3720/4 1295/3721/4 1381/3722/4
f 1346/3723/3 1342/3724/3 1343/3725/3
f 1316/3726/2 1221/3727/2 1219/3728/2
f 1353/3729/3 1351/3730/3 1349/3731/3
f 1360/3732/1 1355/3701/1 1298/3733/1
f 1302/3734/7 1360/3735/7 1298/3736/7
f 1375/3737/4 1322/3738/4 1320/3739/4
f 1331/3740/1 1377/3741/1 1328/3742/1
f 1383/3742/3 1387/3743/3 1381/3740/3
f 3133/3744/2 3355/3745/2 3204/3746/2
f 3210/3747/1 3103/3748/1 3154/3749/1
f 1316/3750/3 1314/3751/3 1312/3752/3
f 1357/3753/5 1363/3754/5 1389/3755/5
f 1363/3756/3 1357/3757/3 1362/3758/3
f 1399/3759/3 1402/3760/3 1398/3761/3
f 1385/3762/3 1380/3763/3 1386/3764/3
f 1390/3765/4 1410/3766/4 1394/3767/4
f 4250/3768/3 4240/3769/3 4245/3770/3
f 466/2721/1 529/3771/1 528/3772/1
f 4031/3773/3 4029/3774/3 4032/3775/3
f 3831/3776/4 3673/3777/4 3787/3778/4
f 3936/3779/4 3929/3780/4 3930/3781/4
f 3432/3782/7 3489/3783/7 3424/3784/7
f 1435/3785/5 1437/3786/5 1455/3787/5
f 4106/3788/7 4058/3789/7 4060/3790/7
f 88/3791/2 102/3792/2 63/3793/2
f 1453/3794/4 1487/3795/4 1485/3796/4
f 3719/3797/4 3651/3798/4 3714/3799/4
f 2232/3800/1 2102/3801/1 2108/3802/1
f 1351/3803/5 1883/3804/5 1983/3805/5
f 4637/3806/4 4593/3807/4 4779/3808/4
f 1511/3809/4 1524/3810/4 1540/3811/4
f 3885/3812/10 3866/3813/10 3842/3814/10
f 3358/3815/1 3157/3816/1 3299/3817/1
f 3501/3818/4 3440/3819/4 3498/3820/4
f 1619/3821/4 1597/3822/4 1346/3823/4
f 1552/3735/3 1554/3824/3 1556/3825/3
f 42/3826/1 20/3827/1 21/3828/1
f 4603/3829/3 4605/3830/3 4609/3831/3
f 539/3832/2 526/3833/2 525/2612/2
f 1535/3834/5 1578/3835/5 1534/3836/5
f 642/3837/5 778/3838/5 803/3839/5
f 3931/3840/7 3925/3841/7 3930/3842/7
f 4891/3843/7 4884/3844/7 4894/3845/7
f 1631/3846/5 1686/3847/5 1651/3848/5
f 714/3849/5 746/3850/5 737/3851/5
f 1705/3852/2 1682/3853/2 1651/3177/2
f 3973/3854/5 4044/3855/5 4089/3856/5
f 1609/3857/7 1597/3858/7 1623/3859/7
f 3343/3860/4 3337/3861/4 3393/3862/4
f 1617/3863/5 1631/3846/5 1616/3864/5
f 758/3865/4 757/3866/4 779/3176/4
f 4174/3867/3 4177/3868/3 4173/3869/3
f 3603/3870/1 3449/3871/1 3454/3872/1
f 1644/3873/1 1622/3874/1 1746/3875/1
f 4074/3876/3 4071/3877/3 4075/3878/3
f 1647/3879/1 1673/3880/1 1671/3881/1
f 1676/3882/1 1669/3883/1 1648/3884/1
f 700/3885/4 633/3886/4 652/3887/4
f 2731/3888/7 2719/3889/7 2716/3890/7
f 626/3891/1 624/3892/1 648/3893/1
f 1194/3894/5 1197/3895/5 1298/3896/5
f 1673/3897/7 1664/3898/7 1702/3899/7
f 2811/3900/1 2713/3901/1 2853/3902/1
f 1669/3903/7 1703/3904/7 1666/3905/7
f 1732/3906/4 1729/3907/4 1827/3908/4
f 1651/3909/7 1676/3910/7 1648/3911/7
f 1697/3912/4 1724/3913/4 1700/3914/4
f 1702/3915/1 1700/3916/1 1724/3917/1
f 1710/3918/7 1708/3919/7 1705/3920/7
f 3204/3921/4 3469/3922/4 3134/3923/4
f 1729/3924/7 1697/3925/7 1754/3926/7
f 1727/3927/7 1756/3928/7 1726/3929/7
f 788/2995/5 745/3930/5 763/3931/5
f 1757/3932/7 1735/3933/7 1732/3934/7
f 4176/3935/5 4199/3936/5 4253/3937/5
f 4935/3938/5 4936/3939/5 4971/3940/5
f 1820/3941/4 1729/3907/4 1808/3942/4
f 4306/3943/7 4300/3944/7 4299/3945/7
f 4503/3946/2 4474/3947/2 4502/3948/2
f 1737/3949/2 1830/3950/2 1847/3951/2
f 1764/3952/5 1781/3953/5 1760/3954/5
f 1489/3955/4 1485/3796/4 1483/3956/4
f 3659/3957/1 3654/3958/1 3719/3959/1
f 1802/3960/3 1808/3961/3 1810/3962/3
f 3744/3963/2 3574/3964/2 3484/3965/2
f 1816/3493/3 1814/3966/3 1806/3967/3
f 1604/3968/1 1602/3969/1 1501/3970/1
f 1825/3971/3 1827/3972/3 1822/3973/3
f 1781/3953/5 1854/3974/5 1852/3975/5
f 3690/3976/1 3584/3977/1 3588/3978/1
f 2100/3979/5 1688/3980/5 1652/3981/5
f 743/3982/1 742/3545/1 736/3983/1
f 137/3984/1 218/3985/1 166/3986/1
f 3446/3987/1 3343/3988/1 3440/3989/1
f 1844/3990/3 1847/3991/3 1841/3992/3
f 1868/3993/1 1840/3994/1 1888/3995/1
f 1468/3996/5 1495/3997/5 1463/3998/5
f 4098/2915/2 4218/2786/2 4100/3999/2
f 1913/4000/4 1718/4001/4 1829/4002/4
f 176/4003/5 177/4004/5 215/4005/5
f 1527/4006/4 1980/4007/4 1530/4008/4
f 1857/4009/1 1812/4010/1 1873/4011/1
f 63/4012/1 57/2352/1 88/4013/1
f 1866/4014/3 1871/4015/3 1873/4016/3
f 1962/4017/5 1841/4018/5 1942/4019/5
f 1913/4000/4 1936/4020/4 1938/4021/4
f 1891/4022/3 1889/4023/3 1888/4024/3
f 484/4025/2 442/4026/2 542/4027/2
f 3732/4028/2 3731/4029/2 3787/4030/2
f 704/4031/1 654/4032/1 656/4033/1
f 2850/4034/1 2841/4035/1 2847/4036/1
f 4813/4037/7 4775/4038/7 4774/4039/7
f 4715/4040/5 4631/4041/5 4777/4042/5
f 4368/4043/7 4321/4044/7 4370/4045/7
f 201/4046/7 179/4047/7 181/4048/7
f 4726/4049/3 4733/4050/3 4989/4051/3
f 1994/4052/1 1947/4053/1 1898/4054/1
f 1924/4055/5 1951/4056/5 1922/4057/5
f 367/4058/4 341/4059/4 342/2536/4
f 3100/4060/3 3104/4061/3 3103/4062/3
f 1391/4063/5 1412/4064/5 1437/3786/5
f 700/4065/1 740/4066/1 774/4067/1
f 4355/4068/2 4241/4069/2 4420/4070/2
f 332/4071/1 278/4072/1 356/4073/1
f 2566/4074/4 2514/4075/4 2316/4076/4
f 1708/4077/5 2002/4078/5 1894/4079/5
f 3785/4080/5 3736/4081/5 3799/4082/5
f 1977/3413/5 1988/4083/5 1972/4084/5
f 4921/4085/7 4861/4086/7 4860/4087/7
f 914/4088/4 934/4089/4 723/4090/4
f 4404/4091/2 4340/4092/2 4402/4093/2
f 1932/4094/4 2055/4095/4 2206/4096/4
f 2008/4097/3 2004/4098/3 2007/4099/3
f 4781/4100/7 4823/4101/7 4998/4102/7
f 571/4103/1 533/4104/1 548/4105/1
f 4999/4106/3 4951/4107/3 5001/4108/3
f 3882/3016/5 3859/4109/5 3883/4110/5
f 2041/4111/4 2010/4112/4 2008/4113/4
f 4536/4114/4 4712/4115/4 4866/4116/4
f 2057/4117/1 2052/4118/1 2021/4119/1
f 2023/4120/7 2057/4121/7 2021/3743/7
f 275/4122/2 188/4123/2 274/4124/2
f 2042/4125/1 1994/4052/1 1983/4126/1
f 1871/4127/4 1909/4128/4 1820/3941/4
f 2086/4129/5 2081/4130/5 2080/4131/5
f 4834/4132/7 4893/4133/7 4839/4134/7
f 2075/4118/2 2086/4135/2 2037/4119/2
f 2037/4136/7 2080/4137/7 2035/4138/7
f 4928/4139/7 4925/4140/7 4924/4141/7
f 2512/4142/2 2338/4143/2 2404/4144/2
f 2049/4145/5 2124/4146/5 2122/4147/5
f 2044/4148/7 2122/4149/7 2042/4150/7
f 2134/4151/4 2131/4152/4 2128/4153/4
f 2137/4154/1 2126/4155/1 2049/4156/1
f 46/4157/4 91/4158/4 68/4159/4
f 4917/4160/3 4915/4161/3 4992/2695/3
f 4900/4162/3 4904/4163/3 5004/4164/3
f 2160/4165/4 2163/4166/4 2169/4167/4
f 4819/4168/2 4883/4169/2 4820/4170/2
f 3959/4171/1 3956/4172/1 3953/4173/1
f 2113/4174/1 2190/4175/1 2108/3802/1
f 865/4176/2 895/4177/2 921/4178/2
f 2126/4179/7 2196/4130/7 2124/4180/7
f 2314/4181/5 2027/4182/5 2409/4183/5
f 2154/4184/4 2217/4185/4 2157/4186/4
f 2160/4165/4 2245/4187/4 2224/4188/4
f 4392/4189/1 4438/4190/1 4482/4191/1
f 2232/4192/3 2229/4193/3 2231/4194/3
f 719/4195/5 696/4196/5 698/4197/5
f 2202/4198/5 2304/4199/5 2300/4200/5
f 159/4201/7 152/4202/7 153/4203/7
f 4806/4204/1 4977/4205/1 4979/4206/1
f 2242/4207/3 2224/4208/3 2245/4209/3
f 2249/4210/3 2248/4211/3 2243/4212/3
f 4936/4213/2 4933/4214/2 4970/4215/2
f 2564/4216/4 2194/4217/4 2120/4218/4
f 2144/4219/4 2133/4220/4 2200/4221/4
f 2263/4222/4 2238/4223/4 2240/4224/4
f 3916/4225/7 3929/4226/7 3935/4227/7
f 2270/4228/3 2271/4229/3 2267/4230/3
f 2103/4231/4 2231/4232/4 2229/4233/4
f 782/4234/1 901/4235/1 807/4236/1
f 2593/4237/1 2420/4238/1 2390/4239/1
f 589/4240/4 532/4241/4 501/2853/4
f 267/4242/1 250/4243/1 291/4244/1
f 4841/4245/5 4747/4246/5 4842/4247/5
f 4721/4248/4 4790/4249/4 4838/4250/4
f 2492/4251/1 2743/4252/1 3100/4253/1
f 4701/4254/2 4702/4255/2 4686/4256/2
f 2304/4257/3 2308/4258/3 2302/4259/3
f 222/4260/1 220/4261/1 338/4262/1
f 445/4263/2 467/4264/2 543/4265/2
f 2296/4266/7 2292/4267/7 2335/4268/7
f 2052/4269/7 2137/4270/7 2049/4271/7
f 590/4272/5 524/4273/5 533/4274/5
f 4601/4275/5 4606/4276/5 4641/4277/5
f 2141/4278/5 2137/4279/5 2142/4280/5
f 4027/4281/4 4116/4282/4 4072/4283/4
f 622/4284/2 610/4285/2 561/4286/2
f 2328/4287/5 2357/3230/5 2323/4288/5
f 3960/4289/7 3993/4290/7 3955/4291/7
f 290/4292/4 277/4293/4 331/4294/4
f 4754/4295/3 4753/4296/3 4756/4297/3
f 2282/4298/4 2426/4299/4 2452/4300/4
f 117/4301/5 85/4302/5 119/4303/5
f 4032/4304/2 3961/4305/2 4031/4306/2
f 925/4307/1 982/3467/1 981/4308/1
f 2175/4309/2 2174/4310/2 2254/4311/2
f 3768/4312/5 3496/4313/5 3653/4314/5
f 2388/4112/3 2392/4315/3 2393/4316/3
f 2545/4317/4 2482/4318/4 2542/4319/4
f 4015/4320/4 3910/4321/4 3909/4322/4
f 4611/4323/2 4570/4324/2 4568/4325/2
f 2386/4326/5 2416/4327/5 2352/4328/5
f 570/4329/1 532/4330/1 568/4331/1
f 2868/4332/4 2745/4333/4 2828/4334/4
f 2308/4335/5 2312/4336/5 2343/4337/5
f 2474/4338/5 1957/4339/5 1844/4340/5
f 747/4341/4 727/4342/4 712/4343/4
f 4526/4344/1 4483/4345/1 4528/4346/1
f 2447/4347/7 2425/3694/7 2422/3695/7
f 2535/4348/5 2474/4338/5 2539/4349/5
f 2454/4350/3 2452/4351/3 2448/4352/3
f 974/4353/4 972/4354/4 1013/4355/4
f 2441/4356/7 2473/4357/7 2439/4358/7
f 2487/4359/4 2456/4360/4 2454/4361/4
f 914/4362/3 911/4363/3 909/4364/3
f 2378/4365/1 2379/4366/1 2401/4367/1
f 2298/4368/5 2196/4369/5 2139/4370/5
f 2199/4371/4 2238/4223/4 2461/4372/4
f 2152/4373/4 2482/4318/4 2388/4374/4
f 2430/4375/5 2341/4376/5 2304/4199/5
f 2532/4377/3 2530/4356/3 2527/4358/3
f 883/4378/2 856/4379/2 907/4380/2
f 618/4381/4 421/4382/4 536/4383/4
f 2750/4384/1 2665/4385/1 2559/4386/1
f 2552/4387/7 2487/4388/7 2486/4389/7
f 4658/4390/1 4657/4391/1 4645/2681/1
f 2530/4392/5 2576/4393/5 2527/4394/5
f 2649/4395/4 2709/4396/4 2780/4397/4
f 2572/4398/3 2580/4399/3 2581/4400/3
f 2535/4401/1 2577/4402/1 2530/4403/1
f 2723/4404/4 2542/4319/4 2782/4405/4
f 2494/4406/1 2562/4407/1 2557/3163/1
f 2626/4408/4 2505/4409/4 2622/4410/4
f 2505/4411/7 2564/4412/7 2622/4413/7
f 2628/4414/3 2624/4415/3 2626/4416/3
f 3044/4417/4 3099/4418/4 3206/4419/4
f 2529/4420/4 2520/4421/4 2571/4422/4
f 3991/4423/1 3989/4424/1 3987/4425/1
f 2517/4426/5 2432/4427/5 2681/4428/5
f 2569/4429/1 2643/4430/1 2641/4431/1
f 2581/4432/7 2569/4433/7 2641/4434/7
f 2645/4435/1 2524/4436/1 2576/4437/1
f 2577/4438/7 2645/4439/7 2576/4440/7
f 2838/4441/2 2704/4442/2 2897/4443/2
f 2593/4444/5 2599/4445/5 2659/4446/5
f 2659/4447/3 2597/4448/3 2657/4449/3
f 4330/4450/4 4181/4451/4 4152/4452/4
f 2824/4453/2 2612/4454/2 2741/4455/2
f 2616/3161/1 2668/4456/1 2559/4386/1
f 2676/4457/4 2630/4458/4 2628/4459/4
f 2630/4460/1 2634/4461/1 2624/4462/1
f 2643/4463/7 2637/4464/7 2684/4465/7
f 2689/4466/1 2681/4467/1 2522/4468/1
f 2524/4469/7 2689/4470/7 2522/4471/7
f 2688/4472/3 2694/4473/3 2685/4474/3
f 2702/4475/4 2769/4476/4 2840/4477/4
f 2706/4478/3 2697/4479/3 2704/4480/3
f 2702/4481/3 2709/4482/3 2711/4483/3
f 2694/4484/2 2572/4485/2 2581/4486/2
f 2715/4487/7 2590/4488/7 2649/4489/7
f 2716/4479/2 2720/4490/2 2655/4491/2
f 2655/4492/7 2653/4493/7 2652/4494/7
f 4527/4495/4 4487/4496/4 4486/4497/4
f 2459/4498/1 2463/4499/1 2263/4500/1
f 2599/4501/1 2731/4502/1 2597/4503/1
f 1731/4504/1 1666/4505/1 1703/4506/1
f 2634/4507/7 2676/4508/7 2753/4509/7
f 3079/4510/2 2982/4511/2 2981/4512/2
f 2763/4513/2 2688/4514/2 2685/4515/2
f 2699/4516/1 2771/4517/1 2697/4518/1
f 2776/4519/3 2773/4520/3 2771/4521/3
f 2723/4522/1 2789/4523/1 2788/4524/1
f 2733/4525/7 2723/4526/7 2788/4527/7
f 2746/4528/1 2798/4529/1 2745/4530/1
f 906/4531/5 857/4532/5 885/4533/5
f 904/4534/2 825/4535/2 812/4536/2
f 2803/4537/7 2766/4538/7 2763/4539/7
f 2778/4540/1 2809/4541/1 2773/4542/1
f 2769/4543/2 2805/4544/2 2919/4545/2
f 1840/4546/4 1819/4547/4 1778/4548/4
f 1819/4547/5 1816/4549/5 1778/4548/5
f 2691/4550/7 2677/4551/7 2681/4552/7
f 2786/4553/7 2783/4554/7 2780/4555/7
f 2807/4556/5 2704/4557/5 2771/4558/5
f 2817/4559/5 2850/4560/5 2847/4561/5
f 4508/4562/2 4545/4563/2 4517/4564/2
f 2809/4565/7 2847/4566/7 2807/4567/7
f 34/4568/7 4/4569/7 35/4570/7
f 3077/4571/5 3203/4572/5 3174/4573/5
f 2836/4574/5 2892/4575/5 2834/4576/5
f 854/4577/1 773/4578/1 853/4579/1
f 873/4580/3 872/4581/3 901/4270/3
f 2853/4582/7 2840/4583/7 2902/4474/7
f 1846/4584/1 2215/4585/1 2152/4586/1
f 3077/4587/1 2942/4588/1 3084/4589/1
f 805/4590/1 832/4591/1 849/4592/1
f 4342/4593/2 4341/4594/2 4405/4595/2
f 4202/4596/2 4179/4597/2 4377/4598/2
f 924/4599/3 922/4600/3 923/4601/3
f 442/4602/4 362/4603/4 339/4604/4
f 2892/3756/3 2889/4605/3 2915/4606/3
f 2899/4607/7 2897/4608/7 2896/4609/7
f 2930/4610/2 2906/4611/2 2905/4612/2
f 2929/4613/3 2930/4614/3 2924/4615/3
f 946/4616/1 968/4617/1 1010/4618/1
f 2859/4619/4 3007/4620/4 3126/4621/4
f 2988/4622/1 2828/4623/1 2945/4624/1
f 2969/4625/5 2889/4626/5 2970/4627/5
f 2957/4628/3 2953/4629/3 2955/4415/3
f 4525/4630/5 4450/4631/5 4526/4632/5
f 2401/4367/1 2379/4366/1 2196/4633/1
f 2965/4634/4 2918/4635/4 2912/4636/4
f 4508/4637/4 4427/4638/4 4504/4639/4
f 2926/4640/7 2921/4641/7 2919/4642/7
f 2976/4643/2 2936/4644/2 2935/4645/2
f 2974/4646/3 2976/4647/3 2973/4648/3
f 2158/4649/1 2157/4650/1 2217/4651/1
f 2982/4652/3 2984/4653/3 2981/4654/3
f 2612/4454/2 2373/4655/2 2456/4656/2
f 4862/4657/2 4799/4658/2 4710/4659/2
f 2910/4660/2 2864/4661/2 3149/4662/2
f 1134/4663/4 1251/4664/4 1260/4665/4
f 2999/4666/3 3001/4667/3 2997/4668/3
f 1470/2330/4 1466/4669/4 1458/4670/4
f 3021/4671/1 3003/4672/1 2970/4673/1
f 3116/4674/4 3590/4675/4 3376/4676/4
f 3257/4677/5 3303/4678/5 3254/4679/5
f 397/3008/4 337/4680/4 355/4681/4
f 3032/4682/1 2993/4683/1 3036/4684/1
f 2450/4685/5 2325/4686/5 3153/4687/5
f 2905/4688/4 2819/4689/4 2853/4690/4
f 3012/4691/3 3014/4692/3 3010/4693/3
f 1065/3555/1 1037/4694/1 1054/3553/1
f 3147/4695/3 3151/4696/3 3153/4697/3
f 3543/4698/2 3505/4699/2 3541/4700/2
f 405/4701/1 340/4702/1 365/4703/1
f 3032/4691/3 3028/4704/3 3031/4705/3
f 3040/4706/3 3039/4707/3 3036/4708/3
f 3044/4709/3 3053/4710/3 3054/4711/3
f 3058/4712/2 3012/4713/2 3010/4714/2
f 1308/4715/1 1198/4716/1 1303/4717/1
f 1515/4718/5 1564/4719/5 1562/4720/5
f 3231/4721/5 3021/4722/5 3068/4723/5
f 1276/4724/4 1213/4725/4 1274/4726/4
f 3399/4727/1 3283/4728/1 3284/4729/1
f 3075/4730/3 3079/4731/3 3080/4732/3
f 3092/4733/4 3034/4734/4 3032/4735/4
f 3073/4736/2 3071/4737/2 3122/4738/2
f 3039/4734/5 3094/4739/5 3036/4740/5
f 1048/4741/2 1061/4742/2 1099/4743/2
f 3111/4744/3 3109/4745/3 3107/4746/3
f 4154/4747/5 4331/4748/5 4184/4749/5
f 4612/4750/3 4608/4751/3 4614/4752/3
f 1608/4753/4 1517/4754/4 1554/4755/4
f 3049/4756/3 3051/4757/3 3061/4758/3
f 1386/4759/2 1261/4760/2 1385/4761/2
f 3054/4762/1 2958/4763/1 3044/4764/1
f 87/4765/1 122/4766/1 144/4767/1
f 3170/4768/5 3120/4769/5 3122/4770/5
f 3167/4714/2 3170/4771/2 3128/4772/2
f 3128/4773/7 3122/4774/7 3125/4775/7
f 3120/4776/3 3167/4777/3 3119/4778/3
f 3126/4621/4 3173/4779/4 3130/4780/4
f 1623/4781/4 1645/4782/4 1609/4783/4
f 4617/4784/4 4530/4785/4 4671/4786/4
f 4595/4787/1 4640/4788/1 4652/4789/1
f 1335/4790/3 1334/4791/3 1322/4792/3
f 3760/4793/4 3755/4794/4 3864/4795/4
f 4382/4796/5 4112/4797/5 4295/4798/5
f 3167/4799/5 3189/4800/5 3119/4801/5
f 3185/3330/2 3471/4802/2 3151/3331/2
f 886/4803/1 859/4804/1 839/4805/1
f 3210/4806/3 3206/4807/3 3209/4808/3
f 1261/4809/7 1255/4810/7 1253/4811/7
f 4160/4812/1 4111/4813/1 4206/4814/1
f 3229/4815/3 3233/4816/3 3226/4817/3
f 3194/4818/2 3242/4819/2 3193/4820/2
f 3193/4821/7 3190/4822/7 3189/4823/7
f 2997/4824/4 2953/4825/4 3053/4826/4
f 2795/4827/2 2664/4828/2 2607/4829/2
f 3365/4830/5 3107/4831/5 3161/4832/5
f 1039/4833/7 1005/4834/7 1024/4835/7
f 1521/4836/5 1534/3836/5 1492/4837/5
f 3841/4838/1 3827/4839/1 3769/4840/1
f 3218/4841/1 3263/4842/1 3262/4843/1
f 3228/4844/7 3218/4845/7 3262/4846/7
f 3265/4847/1 3261/4848/1 3219/4849/1
f 3223/4850/7 3265/4851/7 3219/4852/7
f 3333/4853/4 3273/4854/4 3327/4855/4
f 2970/4627/5 3219/4856/5 3254/4679/5
f 3234/4857/1 3279/4858/1 3233/4859/1
f 3273/4860/3 3276/4861/3 3279/4862/3
f 3289/4863/2 3292/4864/2 3197/4865/2
f 3197/4866/7 3240/4867/7 3194/4868/7
f 4309/4869/1 4276/4870/1 4344/4871/1
f 1277/4872/3 1276/4873/3 1303/4874/3
f 833/4875/1 803/4876/1 815/4877/1
f 3215/4878/1 3311/4879/1 3308/4880/1
f 3263/4881/7 3215/4882/7 3308/4883/7
f 3287/4884/7 3238/4885/7 3236/4886/7
f 3312/4887/1 3306/4888/1 3257/4889/1
f 3261/4890/7 3312/4891/7 3257/4892/7
f 3318/4893/3 3325/4894/3 3316/4895/3
f 3329/4896/2 3271/4897/2 3269/4898/2
f 3323/4899/3 3329/4900/3 3321/4901/3
f 3329/4902/5 3275/4903/5 3436/4904/5
f 1652/4905/2 1688/4906/2 1942/4907/2
f 3281/4908/1 3341/4880/1 3276/4909/1
f 3337/4910/3 3338/4911/3 3341/4912/3
f 3295/4913/7 3291/4914/7 3289/4915/7
f 3173/4779/4 3347/4916/4 3349/4917/4
f 3428/4918/1 3213/4919/1 3420/4920/1
f 3358/4921/4 3154/4922/4 3091/4923/4
f 3406/4924/2 3295/4925/2 3404/4926/2
f 3206/4419/4 3426/4927/4 3366/4928/4
f 3372/4929/4 3311/4930/4 3368/4931/4
f 3311/4932/7 3255/4933/7 3368/4934/7
f 3306/4935/7 3374/4936/7 3303/4937/7
f 3423/4938/4 3213/4939/4 3210/4940/4
f 3380/4941/2 3318/4942/2 3316/4943/2
f 3384/4868/3 3380/4944/3 3382/4945/3
f 1501/3970/1 1513/4946/1 1500/4947/1
f 3388/4948/2 3323/4949/2 3321/4950/2
f 3379/4951/3 3388/4952/3 3376/4953/3
f 3929/4954/1 3927/4955/1 3931/4956/1
f 3399/4957/3 3396/4958/3 3394/4959/3
f 1859/4960/1 1878/4961/1 2047/4962/1
f 3403/4963/7 3347/4964/7 3344/4965/7
f 3471/4966/7 3508/4967/7 3511/4968/7
f 3881/4969/2 3900/4970/2 4052/4971/2
f 3440/4972/3 3444/4973/3 3446/4974/3
f 214/4975/1 307/4976/1 266/4977/1
f 3400/4978/1 3442/4979/1 3396/4980/1
f 3452/4981/3 3449/4982/3 3442/4983/3
f 3460/4984/2 3463/4985/2 3409/4986/2
f 3409/4987/7 3406/4988/7 3404/4989/7
f 3424/4990/5 3482/4991/5 3481/4992/5
f 3365/4993/7 3481/4994/7 3362/4995/7
f 3486/4996/1 3477/4997/1 3513/4998/1
f 3489/4999/1 3484/5000/1 3424/5001/1
f 3438/5002/5 3494/5003/5 3436/4904/5
f 216/5004/4 162/5005/4 217/5006/4
f 3444/5007/1 3503/5008/1 3597/5009/1
f 3063/5010/4 2963/5011/4 3057/5012/4
f 3507/5013/7 3466/5014/7 3471/5015/7
f 4665/5016/1 4653/5017/1 4678/5018/1
f 3484/5019/7 3519/5020/7 3482/5021/7
f 3522/5022/3 3518/5023/3 3515/5024/3
f 3513/5025/3 3526/5026/3 3528/5027/3
f 3534/5028/3 3540/5029/3 3531/5030/3
f 3190/5031/5 3454/5032/5 3284/5033/5
f 3537/5034/3 3546/5035/3 3536/4936/3
f 3553/5036/3 3551/5037/3 3543/5038/3
f 3544/5039/3 3558/5040/3 3557/5041/3
f 3518/5042/5 3575/5043/5 3515/5044/5
f 3575/5045/3 3574/5046/3 3572/4745/3
f 1148/5047/1 1111/5048/1 1084/5049/1
f 3524/5050/1 3578/5051/1 3518/5052/1
f 3529/5053/1 3586/5054/1 3526/5055/1
f 3580/4668/3 3584/5056/3 3586/5057/3
f 4200/5058/1 4177/5059/1 4201/5060/1
f 3638/5061/3 3627/5062/3 3629/5063/3
f 3614/5064/2 3534/5065/2 3531/5066/2
f 3607/5067/3 3614/5068/3 3606/4731/3
f 3611/5069/3 3618/5070/3 3609/5071/3
f 3615/5072/4 3541/5073/4 3534/5074/4
f 3624/5075/3 3621/5076/3 3615/5077/3
f 3643/5078/1 3566/5079/1 3570/5080/1
f 3546/5081/5 3618/5082/5 3536/5083/5
f 3618/5084/3 3633/5085/3 3630/5086/3
f 3627/5087/4 3554/5088/4 3553/5089/4
f 3558/5090/5 3629/5091/5 3557/5092/5
f 4149/5093/2 4147/5094/2 4148/5095/2
f 686/5096/2 745/5097/2 786/5098/2
f 4481/5099/5 4323/5100/5 4251/5101/5
f 3591/5102/3 3578/5103/3 3582/5104/3
f 4154/5105/2 4183/5106/2 4194/5107/2
f 3601/5108/7 3594/5109/7 3659/5110/7
f 3599/5111/7 3660/5112/7 3595/5113/7
f 3670/5114/2 3607/5115/2 3606/5116/2
f 3665/5117/3 3670/5118/3 3662/5119/3
f 3674/5120/2 3611/5121/2 3609/5122/2
f 3668/5123/3 3674/5124/3 3666/5125/3
f 4391/5126/1 4449/5127/1 4525/5128/1
f 4382/5129/3 4381/5130/3 4380/5131/3
f 3570/5132/3 3566/5133/3 3564/5134/3
f 393/2657/5 326/5135/5 348/2655/5
f 3456/5136/2 3349/5137/2 3403/5138/2
f 3690/5139/3 3694/5140/3 3696/5141/3
f 3702/5142/3 3701/5143/3 3692/5144/3
f 3113/5145/1 3365/5146/1 3252/5147/1
f 3648/5148/7 3647/5149/7 3645/5150/7
f 3762/5151/2 3712/5152/2 3648/5153/2
f 3656/5154/5 3717/5155/5 3653/4314/5
f 3505/5156/7 3413/5157/7 3458/5158/7
f 1062/3542/5 1061/5159/5 1048/5160/5
f 4360/5161/7 4320/5162/7 4314/5163/7
f 3760/5164/2 3711/5165/2 3753/5166/2
f 3753/5167/7 3709/5168/7 3707/5169/7
f 3749/5170/1 3688/5171/1 3946/5172/1
f 3722/5173/1 3781/5174/1 3778/5175/1
f 3727/5176/7 3722/5177/7 3778/5178/7
f 3783/5179/1 3776/5180/1 3725/5181/1
f 3721/5182/7 3783/5183/7 3725/5184/7
f 3795/5185/3 3786/5186/3 3793/5187/3
f 3799/5188/3 3790/5189/3 3798/5190/3
f 3674/5191/5 3876/5192/5 3893/5193/5
f 3748/5194/1 3683/5195/1 3685/5196/1
f 3808/5197/3 3755/5198/3 3812/5199/3
f 4452/5200/3 4441/5201/3 4458/5202/3
f 3817/5203/3 3814/5204/3 3811/5205/3
f 3820/5206/7 3758/5207/7 3760/5208/7
f 3822/5209/2 3825/5210/2 3768/5211/2
f 3768/5212/7 3764/5213/7 3762/5214/7
f 3811/5215/1 3705/5216/1 3817/5217/1
f 1829/5218/2 1759/5219/2 1757/5220/2
f 3781/5221/7 3769/5222/7 3827/5223/7
f 3828/5224/1 3826/5225/1 3771/5226/1
f 3776/5227/7 3828/5228/7 3771/5229/7
f 3852/5230/2 3830/5231/2 3793/5232/2
f 4384/5233/4 4398/5234/4 4299/5235/4
f 2002/5236/1 2028/5237/1 2000/5238/1
f 4011/5239/4 3641/5240/4 3568/5241/4
f 3837/5242/3 3836/5243/3 3835/5244/3
f 4430/4597/3 4428/5245/3 4431/5246/3
f 3826/5247/7 3824/5248/7 3822/5249/7
f 3840/5250/3 3842/5251/3 3839/5252/3
f 3841/5253/3 3844/5254/3 3845/5255/3
f 3781/5256/4 3844/5257/4 3847/5258/4
f 3848/5259/3 3851/5260/3 3847/5118/3
f 3850/5261/3 3853/5262/3 3849/5263/3
f 3423/5264/7 3419/5265/7 3474/5266/7
f 4588/5267/2 4627/5268/2 4628/5269/2
f 4422/5270/4 4363/5271/4 4357/5272/4
f 3866/5273/2 3840/5274/2 3839/5275/2
f 3863/5276/3 3866/5227/3 3862/5229/3
f 3843/5277/1 3868/5278/1 3842/5279/1
f 3871/5280/3 3870/5281/3 3868/5282/3
f 3846/5283/1 3874/5284/1 3844/5285/1
f 3873/5286/2 3848/5287/2 3847/5288/2
f 3869/5289/3 3873/5290/3 3874/5291/3
f 1084/5292/4 1055/5293/4 1080/5294/4
f 1998/5295/5 2027/4182/5 2024/5296/5
f 3856/5297/4 3895/5298/4 3904/5299/4
f 1415/5300/5 1396/5301/5 1417/5302/5
f 3879/5303/2 3900/4970/2 3880/5304/2
f 4812/5305/2 4939/5306/2 4941/5307/2
f 3832/5308/2 3807/5309/2 3739/5310/2
f 3885/5311/2 3863/5312/2 3862/5313/2
f 3886/5314/3 3885/5315/3 3884/5316/3
f 3511/5317/5 3544/5318/5 3471/5319/5
f 3889/5320/2 3850/5321/2 3849/5322/2
f 3872/5323/1 3888/5324/1 3870/5325/1
f 3890/5326/3 3889/5327/3 3888/5328/3
f 1764/3952/5 1763/5329/5 1690/5330/5
f 3878/5331/5 3896/5332/5 3876/5333/5
f 3558/5334/2 3511/5335/2 3554/5336/2
f 4903/5337/3 4898/5338/3 4907/5339/3
f 3899/5340/5 3894/5341/5 3896/5342/5
f 1735/5343/2 1679/5344/2 1732/5345/2
f 4339/5346/11 4394/5347/11 4439/5348/11
f 2071/5349/1 2077/5350/1 2081/5351/1
f 616/5352/2 584/5353/2 602/5354/2
f 3909/5355/3 3907/5356/3 3908/5357/3
f 4915/5358/1 4960/5359/1 5005/5360/1
f 4945/5361/3 4933/5362/3 4936/5363/3
f 3/5364/1 39/5365/1 2/5366/1
f 101/5367/1 77/5368/1 135/5369/1
f 3926/5370/5 3912/5371/5 3888/5372/5
f 1609/5373/1 1557/5374/1 1606/2653/1
f 875/5375/2 820/5376/2 834/5377/2
f 4330/5378/3 4333/5379/3 4332/5380/3
f 4481/5381/3 4471/5382/3 4472/5383/3
f 4757/5384/1 4858/5385/1 4994/5386/1
f 3572/5387/5 3688/5388/5 3749/5389/5
f 3940/5263/5 3934/5390/5 3932/5391/5
f 3932/5392/1 3928/5393/1 3915/5394/1
f 3742/5395/2 3879/5303/2 3880/5304/2
f 3957/5396/4 3936/5397/4 3930/5398/4
f 3964/5399/3 3967/5400/3 3961/5401/3
f 3974/5402/5 3972/5403/5 3969/5404/5
f 3966/5405/4 3976/5406/4 3937/5407/4
f 3977/5408/2 3942/5409/2 3976/5410/2
f 3976/5411/7 3938/5412/7 3937/5413/7
f 3981/5414/5 3970/5415/5 3939/5416/5
f 3979/5417/2 3981/5418/2 3919/5419/2
f 3919/5420/7 3939/5421/7 3918/5422/7
f 4541/5423/4 4516/5424/4 4503/5425/4
f 4623/5426/2 4715/5427/2 4770/5428/2
f 3986/5429/4 3950/5430/4 3948/5431/4
f 3937/5432/2 3936/5433/2 3966/5434/2
f 3917/2983/7 3932/5435/7 3915/5436/7
f 4621/5437/3 4619/5438/3 4623/5439/3
f 3968/5440/1 3995/5441/1 3967/5442/1
f 3972/5443/3 3996/5444/3 3995/5445/3
f 4001/5446/7 3978/5447/7 3977/5448/7
f 3998/5449/2 4000/5450/2 3997/5451/2
f 4007/5452/5 3998/5453/5 3997/5454/5
f 3805/5455/4 3807/5456/4 3897/5457/4
f 4021/5458/1 4018/5459/1 4023/5460/1
f 3933/5461/7 3934/5462/7 3969/5463/7
f 3985/5464/1 4013/5465/1 3984/5466/1
f 3947/3017/5 3988/5467/5 4017/5468/5
f 422/5469/4 322/5470/4 296/5471/4
f 4065/5472/1 4056/5473/1 4108/5474/1
f 3466/5475/5 3409/5476/5 3295/5477/5
f 4026/5478/1 4024/5479/1 3988/5480/1
f 3973/5481/1 4034/5482/1 3996/5483/1
f 4036/5484/3 4035/5485/3 4034/5486/3
f 4742/5487/4 4626/5488/4 4690/5489/4
f 2206/5490/2 2205/5491/2 2273/5492/2
f 3997/5493/7 3980/5494/7 3944/5495/7
f 4108/5496/4 4056/5497/4 4054/5498/4
f 4106/5499/1 4105/5500/1 4104/5501/1
f 4043/5502/2 4045/5503/2 4042/5504/2
f 4017/5505/7 4024/5506/7 4068/5507/7
f 4122/5508/3 4119/5509/3 4120/5510/3
f 4604/5511/4 4826/5512/4 4785/5513/4
f 4053/5514/5 3905/5515/5 3898/5516/5
f 4074/5517/2 4029/5518/2 4028/5519/2
f 4078/5520/4 4076/5521/4 4072/5522/4
f 4037/5523/1 4081/5524/1 4035/5525/1
f 4119/5526/1 4067/5527/1 4069/5472/1
f 4040/5528/2 4008/5529/2 4039/5530/2
f 4084/5531/3 4081/5532/3 4082/5533/3
f 2306/2775/1 2566/5534/1 2510/5535/1
f 4087/5536/3 4090/5537/3 4086/5485/3
f 4091/5538/4 4097/5539/4 4096/5540/4
f 1143/5541/4 1106/5542/4 1107/5543/4
f 3071/5544/5 2976/5545/5 3027/5546/5
f 4157/5547/2 4258/5548/2 4290/5549/2
f 4110/5550/3 4108/5551/3 4109/5552/3
f 4114/5553/3 4113/5554/3 4112/5555/3
f 4690/5556/2 4649/5557/2 4714/5558/2
f 4108/5559/3 4116/5560/3 4117/5561/3
f 3057/5562/2 2997/5563/2 3053/5564/2
f 4121/5523/2 4071/5565/2 4070/5566/2
f 4156/5567/3 4152/5568/3 4154/5569/3
f 4107/5570/7 4151/5571/7 4105/5572/7
f 4084/5573/1 4129/5574/1 4083/5575/1
f 4131/5576/3 4130/5577/3 4129/5578/3
f 4089/5579/1 4135/5580/1 4090/5581/1
f 4139/5582/3 4138/5583/3 4135/5584/3
f 2763/5585/4 2643/5586/4 2765/5587/4
f 4137/5588/3 4136/5589/3 4142/5590/3
f 4138/5591/3 4145/5592/3 4144/5593/3
f 4743/5594/1 4717/5595/1 4781/5596/1
f 2780/5597/2 2587/5598/2 2715/5599/2
f 855/5600/1 790/5601/1 792/5602/1
f 1050/5603/2 1075/5604/2 1052/5605/2
f 4077/5606/4 4209/5607/4 4211/5608/4
f 4160/5609/4 4118/5610/4 4108/5611/4
f 4129/5612/5 4081/5613/5 4083/5614/5
f 4116/4282/4 4163/5615/4 4162/5616/4
f 4118/5617/1 4163/5618/1 4116/5619/1
f 3143/5620/5 3248/5621/5 3180/5622/5
f 801/5623/4 641/5624/4 923/5625/4
f 4320/5626/1 4247/5627/1 4317/5628/1
f 4163/5629/7 4160/5630/7 4187/5631/7
f 4062/5632/1 4292/5633/1 4335/5634/1
f 4895/5635/7 4835/5636/7 4836/5637/7
f 342/5638/1 224/5639/1 367/5640/1
f 4147/5641/7 4102/5642/7 4100/5643/7
f 4241/5644/5 4310/5645/5 4234/5646/5
f 1071/5647/2 1013/5648/2 1070/5649/2
f 4206/5650/4 4195/5651/4 4196/5652/4
f 504/5653/1 477/5654/1 535/5655/1
f 3721/5656/1 3656/5657/1 3660/5658/1
f 1058/5659/1 1088/5660/1 989/5661/1
f 4210/5662/3 4211/5663/3 4209/5664/3
f 4636/5665/7 4589/5666/7 4633/5667/7
f 3114/5668/4 3065/5669/4 3063/5670/4
f 3853/5671/2 3799/5672/2 3798/5673/2
f 4202/4596/2 4221/5674/2 4203/5675/2
f 4581/5676/4 4576/5677/4 4622/5678/4
f 2883/5679/3 2882/5680/3 2885/5681/3
f 1519/5682/4 1591/5683/4 1593/5684/4
f 4125/5685/5 4167/5686/5 4081/5613/5
f 4228/5687/2 4210/5688/2 4209/5689/2
f 4207/5690/3 4223/5691/3 4230/5692/3
f 1482/5693/1 1475/5694/1 1556/5695/1
f 4244/5696/3 4239/5697/3 4248/5698/3
f 3005/5699/2 3022/5700/2 3025/5701/2
f 4718/5702/5 4639/5703/5 4665/5704/5
f 3233/5705/4 3236/5706/4 2919/5707/4
f 4790/5708/1 4697/5709/1 4788/5710/1
f 677/3118/2 708/5711/2 724/5712/2
f 4265/5713/4 4223/5714/4 4208/5715/4
f 4268/5716/2 4226/5717/2 4223/5718/2
f 4269/5719/3 4268/5720/3 4265/5721/3
f 4300/5722/2 4265/5723/2 4207/5724/2
f 4274/5725/3 4276/5726/3 4277/5727/3
f 4233/5728/5 4280/5729/5 4232/5730/5
f 4232/5731/1 4275/5732/1 4231/5733/1
f 4280/5316/3 4279/5734/3 4275/5735/3
f 3275/5736/3 3271/5737/3 3283/5738/3
f 4312/5739/4 4239/5740/4 4238/5741/4
f 4313/5742/2 4354/5743/2 4419/5744/2
f 4266/5745/3 4267/5746/3 4272/5747/3
f 3812/5748/1 3699/5749/1 3808/5750/1
f 4286/5751/1 4201/5060/1 4329/5752/1
f 1613/5753/4 1628/5754/4 1664/5755/4
f 4631/5756/2 4592/5757/2 4590/5758/2
f 4288/5759/4 4259/5760/4 4256/5761/4
f 2033/5762/5 2243/5763/5 2354/5764/5
f 4259/5765/7 4257/5766/7 4256/5767/7
f 1088/5768/4 1210/5769/4 1155/5770/4
f 4648/5771/5 4618/5772/5 4621/5773/5
f 4258/5774/1 4296/5775/1 4264/5776/1
f 4297/5777/3 4300/5778/3 4302/5779/3
f 4062/5780/5 4063/5781/5 4115/5782/5
f 27/5783/2 129/5784/2 93/5785/2
f 4304/5786/2 4266/5787/2 4303/5788/2
f 4529/5789/5 4488/5790/5 4409/5791/5
f 4274/5792/4 4308/5793/4 4278/5794/4
f 1769/5795/1 1801/5796/1 1798/5797/1
f 1810/5387/1 1697/5798/1 1802/5799/1
f 4253/5800/1 4326/5801/1 4255/5802/1
f 877/5803/2 835/5804/2 821/5805/2
f 4578/5806/4 4538/5807/4 4575/5808/4
f 4292/5809/7 4288/5810/7 4287/5811/7
f 4335/5812/4 4290/5813/4 4110/5814/4
f 4361/5815/1 4464/5816/1 4467/5817/1
f 4298/5818/1 4338/5819/1 4295/5820/1
f 4386/5821/1 4296/5822/1 4378/5823/1
f 4310/5645/5 4349/5824/5 4347/5825/5
f 4333/5826/1 4261/5827/1 4382/5828/1
f 4352/5829/7 4312/5830/7 4311/5831/7
f 4351/5832/3 4353/5833/3 4350/5834/3
f 4349/5835/3 4355/5836/3 4348/5837/3
f 4362/5838/4 4360/5839/4 4359/5840/4
f 4357/5841/3 4361/5842/3 4362/5836/3
f 4368/5843/5 4366/5838/5 4365/5840/5
f 4365/5844/1 4358/5845/1 4315/5846/1
f 4342/5847/7 4304/5848/7 4303/5849/7
f 4366/5850/3 4364/5851/3 4358/5852/3
f 4134/5853/4 4191/5854/4 4213/5855/4
f 1008/3404/4 1055/5293/4 1011/5856/4
f 1930/5857/4 1910/5858/4 1909/4128/4
f 4321/5859/1 4250/5860/1 4323/5861/1
f 518/5862/4 551/5863/4 674/5864/4
f 4329/5865/7 4325/5866/7 4328/5867/7
f 4386/5868/3 4384/5869/3 4385/5870/3
f 3886/5871/1 3814/5872/1 3819/5873/1
f 2322/5874/2 2350/5875/2 2539/5876/2
f 3709/5877/2 3382/5878/2 3707/5438/2
f 4396/5879/3 4395/5880/3 4394/5881/3
f 1/5882/12 23/5883/12 49/5884/12
f 4405/5885/3 4400/5886/3 4401/5887/3
f 4343/5888/5 4408/5889/5 4341/5890/5
f 1778/5891/1 1777/5892/1 1756/5893/1
f 4344/5894/1 4412/5895/1 4345/5896/1
f 4604/5897/1 4548/5898/1 4549/5899/1
f 4414/5900/5 4418/5901/5 4495/5902/5
f 4587/5903/2 4586/5904/2 4623/5905/2
f 3864/5906/3 3860/4658/3 3865/5907/3
f 4417/5908/2 4349/5909/2 4348/5910/2
f 4355/5911/5 4417/5912/5 4348/5913/5
f 4284/5914/4 4419/5915/4 4422/5270/4
f 378/5916/3 369/5917/3 370/5918/3
f 1863/3232/5 1693/5919/5 1696/5920/5
f 1102/5921/2 1388/5922/2 1589/5923/2
f 4411/5924/4 4235/5925/4 4345/5926/4
f 4095/5498/2 4094/5927/2 4138/5928/2
f 4435/5929/4 4387/5930/4 4386/5931/4
f 4388/5932/5 4436/5933/5 4378/5934/5
f 4522/5935/5 4381/5936/5 4391/5937/5
f 4395/5938/5 4440/5939/5 4394/5940/5
f 4387/5941/1 4442/5942/1 4384/5943/1
f 4389/5944/1 4437/5945/1 4388/5946/1
f 4397/5947/1 4441/5948/1 4395/5949/1
f 2096/5950/7 2100/5951/7 2178/5952/7
f 4127/5953/4 4170/5954/4 4142/5955/4
f 4534/5956/5 4572/5957/5 4646/5958/5
f 4421/5778/7 4418/5959/7 4417/5779/7
f 4473/5960/3 4477/5961/3 4467/5962/3
f 4434/5963/3 4437/5964/3 4444/5965/3
f 3991/5966/7 3986/5967/7 3990/5968/7
f 4402/5969/3 4399/5970/3 4403/5971/3
f 4045/5972/7 4006/5973/7 4009/5974/7
f 754/5975/1 680/5976/1 576/5977/1
f 2392/5978/1 2482/5979/1 2727/5980/1
f 4451/5981/5 4482/5982/5 4438/5983/5
f 4482/5984/3 4450/5985/3 4449/5986/3
f 4485/5987/4 4455/2358/4 4443/5988/4
f 4486/5989/3 4484/5990/3 4485/5991/3
f 4457/5992/5 4489/5987/5 4452/5988/5
f 4452/5993/1 4483/5994/1 4451/5995/1
f 4281/5996/1 4413/5997/1 4532/2589/1
f 4489/5998/3 4488/5999/3 4483/6000/3
f 2061/6001/2 2147/6002/2 2276/6003/2
f 4496/6004/3 4462/6005/3 4461/5842/3
f 4501/6006/4 4473/6007/4 4468/6008/4
f 4475/6009/7 4469/6010/7 4473/6011/7
f 4498/6012/3 4500/6013/3 4501/6014/3
f 4476/6015/5 4506/6016/5 4471/6017/5
f 4471/6018/1 4499/6019/1 4470/6020/1
f 4506/6021/3 4505/6022/3 4499/6023/3
f 4447/6024/4 4523/6025/4 4448/6026/4
f 4447/6027/1 4390/6028/1 4524/6029/1
f 2368/6030/2 2450/6031/2 2739/6032/2
f 4404/6033/4 4487/4496/4 4410/6034/4
f 4533/6035/2 4492/6036/2 4615/6037/2
f 4493/6038/2 4496/6039/2 4461/6040/2
f 4568/6041/4 4565/6042/4 4603/6043/4
f 4376/6044/3 4374/6045/3 4377/6046/3
f 4493/6047/5 4462/6048/5 4539/6049/5
f 4516/6050/7 4504/6051/7 4503/6052/7
f 2267/6053/2 2566/6054/2 2510/6055/2
f 4520/6056/1 4380/6057/1 4521/6058/1
f 4486/6059/1 4444/6060/1 4523/6061/1
f 4792/6062/3 4797/6063/3 4986/6064/3
f 4019/6065/1 3910/6066/1 4014/4919/1
f 2527/6067/1 2435/6068/1 2473/6069/1
f 4180/5867/7 4148/3869/7 4179/3868/7
f 4791/6070/2 4848/6071/2 4907/6072/2
f 4546/6073/5 4542/6074/5 4515/6075/5
f 4517/6076/7 4515/6077/7 4514/6078/7
f 245/6079/7 258/6080/7 244/6081/7
f 4553/6082/1 4550/2394/1 4551/6083/1
f 4554/6084/5 4552/6085/5 4553/6086/5
f 4559/6087/4 4557/6088/4 4556/6089/4
f 3865/6090/4 3860/6091/4 3901/6092/4
f 3979/6093/5 3920/6094/5 3943/6095/5
f 4511/6096/7 4512/6097/7 4557/6098/7
f 4563/6099/5 4561/6100/5 4560/6101/5
f 4560/6102/1 4555/6103/1 4554/6104/1
f 4557/6105/1 4565/6104/1 4564/6106/1
f 4566/6107/1 4562/6108/1 4563/6109/1
f 631/6110/1 604/6111/1 630/6112/1
f 4225/6113/2 4224/6114/2 4271/6115/2
f 4576/6116/1 4574/6117/1 4620/6118/1
f 1643/6119/1 1947/4053/1 1969/6120/1
f 729/6121/2 590/6122/2 669/6123/2
f 4581/6124/4 4579/6125/4 4577/6126/4
f 4580/6127/2 4582/6128/2 4579/6116/2
f 4561/6129/5 4600/6130/5 4599/6131/5
f 3379/6132/2 3492/6133/2 3645/6134/2
f 4555/6135/7 4599/4707/7 4552/6136/7
f 4600/6137/3 4598/6138/3 4597/6139/3
f 4565/6140/7 4559/6141/7 4602/6142/7
f 4607/6143/1 4601/6144/1 4561/6145/1
f 4562/6146/7 4607/6147/7 4561/6148/7
f 4477/6149/2 4215/6150/2 4171/6151/2
f 4849/6152/2 4792/6153/2 5004/6154/2
f 4583/6155/3 4581/6156/3 4622/6157/3
f 900/6158/3 866/6159/3 868/6160/3
f 4626/6161/3 4625/6162/3 4583/6163/3
f 4623/6164/3 4631/6165/3 4630/6166/3
f 4628/6167/4 4633/6168/4 4589/6169/4
f 4588/6170/4 4584/6171/4 4583/6172/4
f 4636/6173/5 4629/6174/5 4590/6175/5
f 4644/6176/4 4611/6177/4 4609/6178/4
f 1921/6179/5 1951/4056/5 1919/6180/5
f 829/6181/1 769/6182/1 705/6183/1
f 1985/6184/1 2019/6185/1 1948/6186/1
f 956/6187/1 798/6188/1 882/6189/1
f 4709/6190/5 4771/6191/5 4867/6192/5
f 4623/6193/5 4586/6194/5 4592/6195/5
f 4655/6196/5 4641/4277/5 4656/6197/5
f 3963/6198/1 3960/6199/1 3926/6200/1
f 4656/6197/5 4614/6201/5 4668/6202/5
f 3327/6203/2 3226/6204/2 3325/5563/2
f 4660/6205/4 4672/6206/4 4673/6207/4
f 4706/6208/5 4661/6209/5 4674/6210/5
f 4663/6211/5 4675/2763/5 4674/2762/5
f 4232/6212/3 4224/6213/3 4225/6214/3
f 1002/6215/4 949/6216/4 1003/6217/4
f 4635/6218/2 4633/6219/2 4634/6220/2
f 4681/6221/4 4684/6222/4 4669/6223/4
f 4141/6224/4 4171/6225/4 4215/6226/4
f 87/6227/5 86/6228/5 65/6229/5
f 4686/6230/4 4687/6231/4 4672/6206/4
f 3994/6232/5 3964/6233/5 4071/6234/5
f 4854/6235/3 4852/6236/3 4856/6237/3
f 958/6238/5 929/6239/5 931/6240/5
f 4695/6241/4 4681/6221/4 4680/6242/4
f 4683/6243/5 4699/6244/5 4698/6245/5
f 4689/6246/5 4706/6247/5 4675/6248/5
f 2175/6249/4 2256/6250/4 2329/6251/4
f 3458/6252/4 3353/6253/4 3349/4917/4
f 1045/6254/5 1046/6255/5 1082/6256/5
f 4693/6257/1 4717/5595/1 4716/6258/1
f 4730/6259/3 4722/4289/3 4732/6260/3
f 4733/6261/1 4738/6262/1 4988/6263/1
f 3864/6264/2 3767/6265/2 3820/6266/2
f 4732/6267/4 4724/6268/4 4731/6269/4
f 4704/6270/4 4705/6271/4 4760/6272/4
f 4713/6273/4 4741/6274/4 4714/6275/4
f 4466/6276/5 4499/6277/5 4420/6278/5
f 1126/6279/2 1072/6280/2 1095/6281/2
f 4784/6282/5 4679/6283/5 4694/2230/5
f 3543/6284/4 3508/6285/4 3469/6286/4
f 4721/6287/7 4697/6288/7 4744/6289/7
f 4700/6290/7 4749/6291/7 4699/6292/7
f 4746/6293/3 4750/6294/3 4745/2767/3
f 4722/6295/2 4751/6296/2 4796/6297/2
f 4811/6298/7 4804/6299/7 4803/6300/7
f 4725/6301/5 4755/6302/5 4732/6303/5
f 3094/6304/3 3091/6305/3 3092/6306/3
f 4728/6307/2 4726/6308/2 4987/6309/2
f 4759/6310/2 4705/6311/2 4758/6312/2
f 4758/6313/7 4736/6314/7 4735/6287/7
f 4706/6315/7 4740/6316/7 4737/6317/7
f 803/4876/1 770/6318/1 710/6319/1
f 814/6320/1 833/4875/1 846/6321/1
f 846/6321/1 802/6322/1 777/6323/1
f 814/6320/2 846/6321/2 777/6323/2
f 4739/6324/3 4757/6325/3 4990/6326/3
f 4747/6327/3 4795/6328/3 4791/6329/3
f 4730/6330/1 4755/6331/1 4753/6332/1
f 294/6333/2 205/6334/2 235/6335/2
f 4791/6336/4 4751/6337/4 4746/6338/4
f 3877/6339/2 3803/6340/2 3833/6341/2
f 4798/6342/7 4760/6343/7 4759/6344/7
f 4710/6345/7 4764/6346/7 4763/6347/7
f 4931/6348/7 4923/6349/7 4922/6350/7
f 4767/6351/5 4800/6352/5 4711/6353/5
f 4802/6354/7 4769/6355/7 4768/6356/7
f 4860/6357/2 4766/6358/2 4798/6359/2
f 4777/6360/7 4771/6361/7 4770/6362/7
f 4805/6363/4 4810/6364/4 4773/6365/4
f 4813/6366/5 4806/6367/5 4776/6368/5
f 3994/6369/1 3992/6370/1 3954/6371/1
f 4859/6372/3 4857/6373/3 4994/6374/3
f 4827/6375/2 4830/6376/2 4784/6377/2
f 4832/6378/4 4786/6379/4 4785/5513/4
f 4883/6380/1 4951/6381/1 5000/6382/1
f 4786/6383/1 4839/6384/1 4837/6385/1
f 4790/6386/7 4786/6387/7 4837/6388/7
f 4844/6389/1 4836/6390/1 4787/6391/1
f 4789/6392/7 4844/6393/7 4787/6394/7
f 4965/6395/3 4957/6396/3 4962/6397/3
f 4840/6398/3 4847/6399/3 4838/6400/3
f 4882/6401/1 4997/6402/1 4821/6403/1
f 4814/6404/1 5008/6405/1 4879/6406/1
f 3200/6407/2 3248/6408/2 3251/6409/2
f 4846/6410/3 4849/6411/3 4843/6412/3
f 4793/6413/1 4699/6414/1 4749/6415/1
f 4762/6416/5 4855/6417/5 4761/6418/5
f 4115/6419/1 4063/6420/1 4066/6421/1
f 206/6422/2 170/6423/2 150/6424/2
f 4803/4357/1 4874/6425/1 4872/4358/1
f 4875/6426/1 4871/6427/1 4808/6428/1
f 2289/6429/4 2232/4269/4 2292/6430/4
f 1502/6431/5 1518/6432/5 1516/6433/5
f 4888/6434/2 4890/6435/2 4831/6436/2
f 4831/2456/7 4829/6437/7 4827/6438/7
f 4947/6439/1 4878/6440/1 4880/6441/1
f 4754/6442/1 4761/6443/1 4855/6444/1
f 4832/6445/1 4894/6446/1 4893/6447/1
f 4367/6448/1 4370/6449/1 4472/6450/1
f 4895/6451/1 4892/6452/1 4833/6453/1
f 4902/6454/2 4840/6455/2 4838/6456/2
f 4885/6457/2 4826/6458/2 4825/6459/2
f 4904/6460/2 4846/6461/2 4843/6462/2
f 4903/6456/4 4848/6463/4 4840/6464/4
f 4849/6465/5 4904/6466/5 4843/6467/5
f 4863/6468/7 4800/6469/7 4865/6470/7
f 4912/6471/3 4918/6472/3 4909/6473/3
f 4922/6474/2 4864/6475/2 4921/6476/2
f 4924/6477/2 4926/6462/2 4865/6478/2
f 4911/6479/3 4910/6480/3 4914/6481/3
f 6/6482/5 13/6483/5 25/6484/5
f 4866/6485/1 4931/6486/1 4929/6487/1
f 4874/6488/7 4866/6489/7 4929/6490/7
f 4934/6491/1 4928/6492/1 4867/6493/1
f 4871/6494/7 4934/6495/7 4867/6496/7
f 4953/6497/3 4954/6498/3 4952/6499/3
f 4887/6500/4 5039/6501/4 5038/6502/4
f 4950/6503/1 5048/6504/1 4887/6505/1
f 5040/6506/3 5047/6507/3 4950/6508/3
f 4949/6509/3 4984/6510/3 5020/6511/3
f 4955/6512/2 4898/6513/2 4897/6514/2
f 310/6515/4 401/6516/4 364/6517/4
f 4937/6518/3 4932/6519/3 4938/6520/3
f 4892/6521/7 4889/6522/7 4888/6523/7
f 4911/6524/1 4959/6525/1 4958/6526/1
f 2160/6527/7 2073/6528/7 2158/6529/7
f 4958/6530/4 4919/6531/4 4912/6532/4
f 4962/6533/5 4914/6534/5 4920/6535/5
f 4919/6536/1 4961/6537/1 4918/6538/1
f 4963/6539/2 5027/6540/2 5028/6541/2
f 4964/6542/3 5042/6543/3 5043/6544/3
f 4968/6545/4 4931/6546/4 4922/6547/4
f 4968/6548/2 4938/6549/2 4930/6550/2
f 4854/6551/1 4913/6552/1 4910/6553/1
f 4942/6554/2 5044/6555/2 4964/6556/2
f 4940/6557/2 5031/6558/2 5032/6559/2
f 4969/6560/4 4939/6561/4 4938/6562/4
f 4009/6563/5 3921/2242/5 4049/6564/5
f 4945/6565/5 4970/6566/5 4944/6567/5
f 5/2227/1 4/8322/1 3/2228/1
f 4836/8323/5 4835/8324/5 4694/2230/5
f 4694/2230/5 4682/8325/5 4698/8326/5
f 4699/2231/5 4789/8327/5 4787/2232/5
f 4694/2230/5 4698/8326/5 4699/2231/5
f 4787/2232/5 4836/8323/5 4694/2230/5
f 4942/2233/3 4943/8328/3 5046/2234/3
f 4940/2236/3 5035/8329/3 5036/2237/3
f 8/2239/2 10/8330/2 9/2240/2
f 3921/2242/5 3920/8331/5 3902/8332/5
f 3894/2243/5 3906/8333/5 3945/2244/5
f 3921/2242/5 3902/8332/5 3894/2243/5
f 12/2245/2 13/8334/2 14/2246/2
f 10/2248/4 16/8335/4 15/2249/4
f 18/2251/5 17/8336/5 12/2252/5
f 637/2256/5 634/8337/5 510/2254/5
f 510/2254/5 519/8338/5 555/2255/5
f 135/2257/4 77/8339/4 114/2258/4
f 26/2260/7 16/8340/7 10/2261/7
f 11/2263/7 14/8341/7 6/8342/7
f 11/2263/7 6/8342/7 5/8343/7
f 15/8344/7 18/8345/7 11/2263/7
f 1/8346/7 7/8347/7 9/2265/7
f 9/2265/7 15/8344/7 11/2263/7
f 11/2263/7 5/8343/7 2/2264/7
f 2/2264/7 1/8346/7 9/2265/7
f 17/2266/7 28/8348/7 13/2267/7
f 31/2269/4 30/8349/4 3/2270/4
f 34/2272/1 33/2342/1 32/2273/1
f 55/2275/2 28/8350/2 17/8351/2
f 17/8351/2 18/8352/2 15/8353/2
f 16/8354/2 27/5783/2 72/8355/2
f 17/8351/2 15/8353/2 16/8354/2
f 111/8356/2 74/8357/2 55/2275/2
f 55/2275/2 17/8351/2 16/8354/2
f 16/8354/2 72/8355/2 73/2276/2
f 73/2276/2 95/8358/2 96/2277/2
f 96/2277/2 109/8359/2 111/8356/2
f 55/2275/2 16/8354/2 73/2276/2
f 96/2277/2 111/8356/2 55/2275/2
f 20/2278/5 37/8360/5 36/2279/5
f 48/2281/7 41/8361/7 21/8362/7
f 48/2281/7 21/8362/7 22/8363/7
f 25/2283/7 52/8364/7 48/2281/7
f 48/2281/7 22/8363/7 24/2282/7
f 19/2284/1 38/8365/1 46/2285/1
f 45/2287/2 47/8366/2 23/2288/2
f 44/2290/7 23/8367/7 19/2291/7
f 64/2293/5 104/8368/5 87/8369/5
f 42/2294/5 41/8370/5 48/2295/5
f 64/2293/5 87/8369/5 42/2294/5
f 48/2295/5 66/2344/5 64/2293/5
f 97/2298/7 100/8371/7 73/2296/7
f 72/2297/7 71/8372/7 97/2298/7
f 52/2299/5 51/8373/5 50/2300/5
f 54/2302/2 53/8374/2 52/2303/2
f 357/8375/1 354/8376/1 304/8377/1
f 279/8378/1 263/8379/1 280/8380/1
f 357/8375/1 304/8377/1 279/8378/1
f 439/2307/1 435/8381/1 357/8375/1
f 662/8382/1 661/8383/1 439/2307/1
f 609/8384/1 662/8382/1 439/2307/1
f 439/2307/1 357/8375/1 279/8378/1
f 279/8378/1 280/8380/1 305/2305/1
f 305/2305/1 334/8385/1 358/2306/1
f 358/2306/1 441/8386/1 558/8387/1
f 558/8387/1 609/8384/1 439/2307/1
f 439/2307/1 279/8378/1 305/2305/1
f 358/2306/1 558/8387/1 439/2307/1
f 4970/2308/3 4975/8388/3 4974/8389/3
f 4964/8390/3 5043/2309/3 5007/2309/3
f 4970/2308/3 4974/8389/3 4964/8390/3
f 4960/2310/3 4971/8391/3 4970/2308/3
f 5007/2309/3 5006/8392/3 4960/2310/3
f 4970/2308/3 4964/8390/3 5007/2309/3
f 2131/2311/7 2144/8393/7 2055/8394/7
f 2050/2312/7 2047/8395/7 2128/2313/7
f 2131/2311/7 2055/8394/7 2050/2312/7
f 39/2314/7 30/2339/7 31/2315/7
f 40/2317/5 61/8396/5 60/2318/5
f 37/2320/7 40/8397/7 59/2321/7
f 46/2323/7 38/2329/7 39/2324/7
f 68/2317/2 69/2319/2 49/2326/2
f 67/2328/7 49/2334/7 47/2329/7
f 1511/3809/4 1497/8398/4 1449/3684/4
f 1449/3684/4 1448/3683/4 1470/2330/4
f 1458/4670/4 1491/8399/4 1505/8400/4
f 1511/3809/4 1449/3684/4 1470/2330/4
f 1470/2330/4 1458/4670/4 1505/8400/4
f 1470/2330/4 1505/8400/4 1508/2331/4
f 1509/2332/4 1511/3809/4 1470/2330/4
f 55/2328/7 74/8401/7 53/2333/7
f 5002/2337/2 4956/8402/2 4901/2335/2
f 4900/2336/2 5003/8403/2 5002/2337/2
f 61/2338/7 65/8404/7 84/2339/7
f 82/2341/1 81/8405/1 32/2273/1
f 33/2342/1 34/2272/1 35/8406/1
f 82/2341/1 32/2273/1 33/2342/1
f 84/8407/1 83/8408/1 82/2341/1
f 36/2343/1 59/8409/1 60/8410/1
f 60/8410/1 84/8407/1 82/2341/1
f 33/2342/1 35/8406/1 36/2343/1
f 36/2343/1 60/8410/1 82/2341/1
f 129/2348/4 92/8411/4 68/2346/4
f 90/2347/4 126/8412/4 129/2348/4
f 92/2349/7 70/8413/7 69/2350/7
f 76/2354/4 75/8414/4 57/2352/4
f 57/2352/4 39/8415/4 56/2353/4
f 56/2353/2 58/8416/2 76/2354/2
f 94/2355/4 98/8417/4 97/2356/4
f 100/2358/5 99/8418/5 95/2359/5
f 88/2360/7 75/8419/7 76/2361/7
f 4992/2365/1 4993/8420/1 4857/2363/1
f 4857/2363/1 4859/8421/1 4916/2364/1
f 105/2366/1 106/2327/1 104/2326/1
f 50/2368/2 107/8422/2 108/2369/2
f 89/2371/7 108/8423/7 105/2372/7
f 86/2374/1 141/8424/1 138/8425/1
f 86/2374/1 138/8425/1 119/8426/1
f 82/2376/1 83/8427/1 86/2374/1
f 78/8428/1 81/8429/1 82/2376/1
f 86/2374/1 119/8426/1 85/2375/1
f 85/2375/1 78/8428/1 82/2376/1
f 112/2377/7 98/8430/7 94/2378/7
f 99/2380/7 113/8431/7 96/2381/7
f 4283/2383/2 4238/8432/2 4237/2384/2
f 4237/2384/2 4311/8433/2 4312/2385/2
f 468/8434/5 486/2938/5 546/2386/5
f 546/2386/5 543/8435/5 467/2387/5
f 467/2387/5 444/8436/5 448/2388/5
f 448/2388/2 468/8434/2 546/2386/2
f 4456/8437/2 4403/8438/2 4399/2389/2
f 4399/2389/2 4398/8439/2 4454/8440/2
f 4455/2390/2 4484/8441/2 4487/2391/2
f 4399/2389/2 4454/8440/2 4455/2390/2
f 4487/2391/2 4456/8437/2 4399/2389/2
f 4718/8442/1 4717/5595/1 4693/6257/1
f 4716/6258/1 4743/5594/1 4780/8443/1
f 4716/6258/1 4780/8443/1 4779/8444/1
f 4651/8445/1 4638/8446/1 4652/4789/1
f 4651/8445/1 4652/4789/1 4664/8447/1
f 4716/6258/1 4779/8444/1 4650/8448/1
f 4693/6257/1 4716/6258/1 4650/8448/1
f 4650/8448/1 4651/8445/1 4664/8447/1
f 4693/6257/1 4650/8448/1 4664/8447/1
f 4599/8449/1 4600/8450/1 4597/8451/1
f 4552/8452/1 4599/8449/1 4597/8451/1
f 4718/8442/1 4693/6257/1 4664/8447/1
f 4718/8442/1 4664/8447/1 4640/4788/1
f 4550/2394/1 4552/8452/1 4597/8451/1
f 4597/8451/1 4718/8442/1 4640/4788/1
f 4597/8451/1 4640/4788/1 4596/8453/1
f 4547/8454/1 4551/6083/1 4550/2394/1
f 4550/2394/1 4597/8451/1 4596/8453/1
f 4550/2394/1 4596/8453/1 4595/4787/1
f 4593/2393/1 4547/8454/1 4550/2394/1
f 4550/2394/1 4595/4787/1 4594/2392/1
f 115/2395/7 114/8455/7 77/8456/7
f 78/2396/7 85/8457/7 118/2397/7
f 115/2395/7 77/8456/7 78/2396/7
f 104/2398/7 106/2411/7 121/2399/7
f 120/2403/7 124/8458/7 90/2401/7
f 91/2402/7 102/8459/7 120/2403/7
f 125/2404/2 126/8460/2 90/2405/2
f 110/2407/2 128/8461/2 127/2408/2
f 51/2410/7 127/8462/7 107/2411/7
f 865/2414/5 945/8463/5 941/2412/5
f 843/2413/5 842/8464/5 865/2414/5
f 175/2415/7 174/8465/7 163/8466/7
f 175/2415/7 163/8466/7 164/8467/7
f 166/2417/7 176/8468/7 175/2415/7
f 175/2415/7 164/8467/7 165/2416/7
f 4563/2418/7 4560/8469/7 4554/8470/7
f 4554/8470/7 4521/8471/7 4522/8472/7
f 4525/8473/7 4526/8474/7 4528/2419/7
f 4554/8470/7 4522/8472/7 4525/8473/7
f 4533/8475/7 4566/8476/7 4563/2418/7
f 4563/2418/7 4554/8470/7 4525/8473/7
f 4528/2419/7 4529/8477/7 4532/2420/7
f 4563/2418/7 4525/8473/7 4528/2419/7
f 4532/2420/7 4533/8475/7 4563/2418/7
f 145/2421/7 129/8478/7 126/2422/7
f 111/2424/7 148/8479/7 128/2425/7
f 118/2427/1 117/8480/1 116/2428/1
f 149/2430/7 131/8481/7 130/2431/7
f 134/2433/7 157/8482/7 111/2434/7
f 154/2436/4 159/8483/4 158/2437/4
f 161/2439/5 160/2438/5 155/2440/5
f 158/2442/7 161/8484/7 133/2443/7
f 224/2445/1 168/8485/1 140/2446/1
f 140/2448/7 135/8486/7 136/2449/7
f 224/8487/4 223/8488/4 195/2451/4
f 198/8489/4 183/8490/4 146/8491/4
f 168/8492/4 224/8487/4 195/2451/4
f 195/2451/4 198/8489/4 146/8491/4
f 125/2452/4 124/8493/4 120/8494/4
f 195/2451/4 146/8491/4 125/2452/4
f 143/2453/4 168/8492/4 195/2451/4
f 125/2452/4 120/8494/4 143/2453/4
f 138/2454/7 141/8495/7 167/2455/7
f 143/2457/7 139/8496/7 140/2458/7
f 142/2460/7 144/8497/7 169/2461/7
f 186/2463/2 148/8498/2 111/2464/2
f 160/2466/7 173/8499/7 156/2467/7
f 175/2471/1 192/8500/1 191/2469/1
f 191/2469/1 190/8501/1 174/2470/1
f 196/2472/1 194/8502/1 141/2473/1
f 147/8503/4 184/8504/4 205/2476/4
f 205/2476/4 150/8505/4 149/2477/4
f 149/2477/4 129/8506/4 151/2475/4
f 151/2475/4 147/8503/4 205/2476/4
f 213/2480/4 212/8507/4 163/2478/4
f 163/2478/4 174/8508/4 190/2479/4
f 2364/2481/2 2366/8509/2 2334/2482/2
f 2334/2482/2 2259/8510/2 2287/2692/2
f 2332/2483/2 2376/8511/2 2373/4655/2
f 2334/2482/2 2287/2692/2 2332/2483/2
f 2332/2483/2 2373/4655/2 2364/2481/2
f 4377/8512/5 4374/8513/5 4327/8514/5
f 4377/8512/5 4327/8514/5 4329/8515/5
f 4221/8516/5 4377/8512/5 4329/8515/5
f 4221/8516/5 4329/8515/5 4201/8517/5
f 4149/2486/5 4180/8518/5 4203/8519/5
f 4203/8519/5 4221/8516/5 4201/8517/5
f 4178/2484/5 4174/8520/5 4102/2485/5
f 4203/8519/5 4201/8517/5 4178/2484/5
f 4102/2485/5 4150/8521/5 4149/2486/5
f 4149/2486/5 4203/8519/5 4178/2484/5
f 199/2487/2 200/8522/2 201/2488/2
f 188/2490/7 207/8523/7 186/2491/7
f 276/2493/5 274/8524/5 188/2494/5
f 189/2496/7 211/8525/7 188/2497/7
f 3702/2499/1 3692/8526/1 3590/2500/1
f 194/2502/7 196/8527/7 220/2503/7
f 195/2505/1 223/8528/1 229/2506/1
f 3744/2510/1 4010/8529/1 4015/8530/1
f 3909/2508/1 3908/8531/1 3750/2509/1
f 3744/2510/1 4015/8530/1 3909/2508/1
f 204/2511/7 234/8532/7 200/2512/7
f 235/2514/7 205/8533/7 184/2515/7
f 236/2517/7 208/8534/7 206/2518/7
f 240/2520/2 242/3352/2 210/2521/2
f 217/2371/7 212/8535/7 213/2523/7
f 339/2525/1 247/8536/1 217/2526/1
f 215/2528/7 218/8537/7 246/2529/7
f 224/2531/7 216/8538/7 217/2532/7
f 341/4059/4 371/8539/4 382/8540/4
f 382/8540/4 343/8541/4 313/8542/4
f 313/8542/4 293/2606/4 308/2534/4
f 231/8543/4 254/2605/4 232/8544/4
f 382/8540/4 313/8542/4 308/2534/4
f 231/8543/4 232/8544/4 228/8545/4
f 341/4059/4 382/8540/4 308/2534/4
f 308/2534/4 231/8543/4 228/8545/4
f 229/2535/4 248/8546/4 342/2536/4
f 308/2534/5 228/8545/5 229/2535/5
f 342/2536/4 341/4059/4 308/2534/4
f 229/2537/7 223/2592/7 224/2538/7
f 305/2540/5 280/3959/5 266/2541/5
f 227/2543/7 230/8547/7 250/2544/7
f 145/2548/2 182/8548/2 184/2546/2
f 147/2547/2 129/8549/2 145/2548/2
f 260/2549/4 259/8550/4 244/2550/4
f 245/2552/5 264/8551/5 263/2553/5
f 152/8552/2 154/8553/2 132/8554/2
f 133/8555/2 155/8556/2 156/2555/2
f 150/8557/2 152/8552/2 132/8554/2
f 131/8558/2 149/8559/2 150/8557/2
f 98/8560/2 112/8561/2 131/8558/2
f 100/8562/2 97/8563/2 98/8560/2
f 134/8564/2 113/8565/2 99/2557/2
f 99/2557/2 100/8562/2 98/8560/2
f 131/8558/2 150/8557/2 132/8554/2
f 99/2557/2 98/8560/2 131/8558/2
f 188/2556/2 157/8566/2 134/8564/2
f 99/2557/2 131/8558/2 132/8554/2
f 99/2557/2 132/8554/2 133/8555/2
f 188/2556/2 134/8564/2 99/2557/2
f 171/8567/2 187/8568/2 188/2556/2
f 99/2557/2 133/8555/2 156/2555/2
f 156/2555/2 171/8567/2 188/2556/2
f 295/2558/4 296/8569/4 236/2559/4
f 58/2561/1 56/8570/1 31/8571/1
f 32/2562/1 78/8572/1 77/2563/1
f 58/2561/1 31/8571/1 32/2562/1
f 265/2564/7 259/8573/7 260/2565/7
f 2634/2567/4 2753/8574/4 2955/8575/4
f 2955/8575/4 2953/4825/4 2878/8576/4
f 2878/8576/4 2880/8577/4 2802/8578/4
f 2799/8579/4 2755/8580/4 2631/2568/4
f 2878/8576/4 2802/8578/4 2799/8579/4
f 2634/2567/4 2955/8575/4 2878/8576/4
f 2463/2569/4 2505/8581/4 2634/2567/4
f 2504/8582/4 2461/4372/4 2463/2569/4
f 2878/8576/4 2799/8579/4 2631/2568/4
f 2631/2568/4 2504/8582/4 2463/2569/4
f 2634/2567/4 2878/8576/4 2631/2568/4
f 264/2570/7 266/8583/7 280/2571/7
f 4013/2575/5 4012/8584/5 3835/2573/5
f 3835/2573/5 3836/8585/5 3984/2574/5
f 340/2578/5 220/8586/5 196/8587/5
f 196/8587/2 221/8588/2 267/2576/2
f 291/2577/5 310/8589/5 340/2578/5
f 340/2578/5 196/8587/5 267/2576/5
f 1895/8590/2 1825/8591/2 1822/8592/2
f 1895/8590/2 1822/8592/2 1910/8593/2
f 1936/8594/2 1895/8590/2 1910/8593/2
f 1936/8594/2 1910/8593/2 1971/8595/2
f 1959/8596/2 1936/8594/2 1971/8595/2
f 2410/2579/2 2649/8597/2 2590/8598/2
f 1959/8596/2 1971/8595/2 2410/2579/2
f 2152/8599/2 1959/8596/2 2410/2579/2
f 2410/2579/2 2590/8598/2 2540/8600/2
f 2410/2579/2 2540/8600/2 2383/8601/2
f 2213/2581/2 2152/8599/2 2410/2579/2
f 2410/2579/2 2383/8601/2 2215/2580/2
f 292/8602/5 251/3420/5 253/8603/5
f 281/8604/5 271/8605/5 273/8606/5
f 292/8602/5 253/8603/5 281/8604/5
f 370/8607/2 312/8608/2 292/8602/2
f 425/8609/5 424/8610/5 381/2584/5
f 381/2584/5 370/8607/5 292/8602/5
f 281/8604/5 273/8606/5 316/2582/5
f 381/2584/5 292/8602/5 281/8604/5
f 344/2583/5 425/8609/5 381/2584/5
f 381/2584/5 281/8604/5 316/2582/5
f 317/2585/4 383/8611/4 384/8612/4
f 384/8612/4 321/8613/4 294/2586/4
f 294/2586/4 235/8614/4 182/8615/4
f 233/8616/4 255/8617/4 282/2587/4
f 294/2586/4 182/8615/4 233/8616/4
f 317/2585/4 384/8612/4 294/2586/4
f 282/2587/4 314/8618/4 317/2585/4
f 294/2586/4 233/8616/4 282/2587/4
f 285/2588/5 242/8619/5 257/2589/5
f 276/2591/7 288/8620/7 275/2592/7
f 299/2593/4 256/8621/4 238/2594/4
f 79/2596/3 80/8622/3 77/8623/3
f 78/2597/3 85/8624/3 103/2598/3
f 79/2596/3 77/8623/3 78/2597/3
f 183/2601/4 182/8625/4 145/2599/4
f 145/2599/4 125/8626/4 146/2600/4
f 3435/2602/1 3432/8627/1 3303/2603/1
f 254/2605/4 231/8543/4 308/2534/4
f 3221/8628/1 3228/8629/1 2883/2607/1
f 2883/2607/1 2885/8630/1 3019/8631/1
f 2883/2607/1 3019/8631/1 3065/2608/1
f 3163/2609/1 3221/8628/1 2883/2607/1
f 514/2610/2 483/8632/2 482/8633/2
f 497/8634/2 512/8635/2 513/2611/2
f 514/2610/2 482/8633/2 497/8634/2
f 555/8636/2 519/8637/2 514/2610/2
f 526/3833/2 555/8636/2 514/2610/2
f 514/2610/2 497/8634/2 513/2611/2
f 513/2611/2 518/8638/2 554/8639/2
f 554/8639/2 539/3832/2 525/2612/2
f 525/2612/2 526/3833/2 514/2610/2
f 513/2611/2 554/8639/2 525/2612/2
f 289/2613/7 302/8640/7 287/2614/7
f 139/2616/1 143/8641/1 120/2617/1
f 273/2619/2 234/8642/2 204/8643/2
f 273/2619/2 204/8643/2 272/8644/2
f 315/2621/2 316/8645/2 273/2619/2
f 273/2619/2 272/8644/2 283/2620/2
f 297/8646/1 295/8647/1 205/8648/1
f 206/8649/1 170/8650/1 209/2622/1
f 237/8651/1 297/8646/1 205/8648/1
f 284/8652/1 286/8653/1 241/2624/1
f 241/2624/1 237/8651/1 205/8648/1
f 241/2624/1 205/8648/1 206/8649/1
f 274/8654/1 284/8652/1 241/2624/1
f 187/2623/1 188/8655/1 274/8654/1
f 209/2622/1 171/8656/1 187/2623/1
f 241/2624/1 206/8649/1 209/2622/1
f 187/2623/1 274/8654/1 241/2624/1
f 321/2625/7 296/8657/7 295/2626/7
f 357/2628/5 435/8658/5 434/2629/5
f 322/2631/7 299/8659/7 298/2632/7
f 324/2634/4 328/8660/4 327/2635/4
f 123/2639/5 122/8661/5 121/8662/5
f 106/2637/5 105/8663/5 108/8664/5
f 123/2639/5 121/8662/5 106/2637/5
f 106/2637/5 108/8664/5 107/2638/5
f 330/2640/5 329/8665/5 325/2641/5
f 3959/2643/7 3953/8666/7 3950/2644/7
f 3950/2644/7 3989/8667/7 3958/2645/7
f 306/2646/7 307/8668/7 334/2647/7
f 336/2649/4 217/8669/4 243/2650/4
f 4518/2652/4 4390/8670/4 4380/2653/4
f 330/2655/7 301/8671/7 300/2656/7
f 343/2661/7 317/6004/7 314/2662/7
f 320/2664/7 344/8672/7 316/2665/7
f 188/2667/5 185/8673/5 111/2668/5
f 346/2670/7 328/8674/7 324/2671/7
f 329/2672/7 348/8675/7 326/2673/7
f 351/2675/4 350/8676/4 333/2676/4
f 4883/2680/5 4882/8677/5 4821/2678/5
f 4821/2678/5 4823/8678/5 4822/2679/5
f 4662/8679/2 4619/8680/2 4618/8681/2
f 4662/8679/2 4618/8681/2 4647/2681/2
f 4737/8682/2 4740/8683/2 4703/2683/2
f 4703/2683/2 4662/8679/2 4647/2681/2
f 4661/2682/2 4737/8682/2 4703/2683/2
f 304/2684/5 354/8684/5 353/2685/5
f 337/2687/7 331/8685/7 332/2688/7
f 2259/8510/2 2185/8686/2 2183/2690/2
f 2183/2690/2 2258/8687/2 2286/2691/2
f 2286/2691/2 2400/8688/2 2332/2483/2
f 2287/2692/2 2259/8510/2 2183/2690/2
f 2286/2691/2 2332/2483/2 2287/2692/2
f 339/2693/7 336/8689/7 337/2687/7
f 396/2695/1 398/8690/1 360/2696/1
f 338/2698/7 340/8691/7 361/2699/7
f 359/2701/1 335/8692/1 361/2702/1
f 310/2704/7 311/8693/7 365/2705/7
f 371/2707/3 367/8694/3 362/8695/3
f 368/8696/3 372/8697/3 376/2708/3
f 371/2707/3 362/8695/3 368/8696/3
f 383/8698/3 382/8699/3 371/2707/3
f 379/8700/3 383/8698/3 371/2707/3
f 371/2707/3 368/8696/3 376/2708/3
f 375/2709/3 379/8700/3 371/2707/3
f 433/2710/4 432/8701/4 356/2711/4
f 4711/2713/5 4800/8702/5 4862/8703/5
f 4710/2714/5 4763/8704/5 4706/8705/5
f 4711/2713/5 4862/8703/5 4710/2714/5
f 4709/6190/5 4767/8706/5 4711/2713/5
f 4710/2714/5 4706/8705/5 4707/2715/5
f 4707/2715/5 4709/6190/5 4711/2713/5
f 433/2719/1 394/8707/1 351/8708/1
f 351/8708/1 349/8709/1 352/8710/1
f 353/8711/1 395/8712/1 434/2720/1
f 351/8708/1 352/8710/1 353/8711/1
f 521/8713/1 464/8714/1 433/2719/1
f 433/2719/1 351/8708/1 353/8711/1
f 434/2720/1 465/8715/1 466/2721/1
f 433/2719/1 353/8711/1 434/2720/1
f 466/2721/1 521/8713/1 433/2719/1
f 356/2722/7 350/8716/7 351/2723/7
f 354/2725/7 357/8717/7 395/2726/7
f 404/2553/2 406/2732/2 366/2728/2
f 405/2729/3 406/8718/3 404/2730/3
f 407/2732/2 408/8719/2 372/2733/2
f 403/2734/3 408/8720/3 407/2735/3
f 369/2737/5 411/8721/5 404/2738/5
f 404/2740/3 411/8722/3 409/2741/3
f 412/2743/3 417/8723/3 415/2744/3
f 380/2746/5 420/8724/5 419/2747/5
f 378/2749/1 419/8725/1 414/2750/1
f 419/2752/3 420/8726/3 418/2753/3
f 381/2755/1 424/8727/1 420/2756/1
f 424/2758/3 425/8728/3 423/2759/3
f 227/2761/1 179/8729/1 197/2762/1
f 2319/2764/1 1871/8730/1 1874/8731/1
f 2319/2764/1 1874/8731/1 1907/8732/1
f 2572/8733/1 2581/8734/1 2319/2764/1
f 2529/8735/1 2572/8733/1 2319/2764/1
f 2319/2764/1 1907/8732/1 1932/8736/1
f 2319/2764/1 1932/8736/1 2280/8737/1
f 2436/8738/1 2529/8735/1 2319/2764/1
f 2348/2766/1 2436/8738/1 2319/2764/1
f 2319/2764/1 2280/8737/1 2316/2765/1
f 390/2767/7 429/8739/7 387/2768/7
f 1793/2770/2 1745/8740/2 1719/3567/2
f 1719/3567/2 1691/3568/2 1640/2771/2
f 1640/2771/2 1654/8741/2 1789/8742/2
f 1790/2772/2 1835/8743/2 1793/2770/2
f 1640/2771/2 1789/8742/2 1790/2772/2
f 1793/2770/2 1719/3567/2 1640/2771/2
f 505/2773/5 390/8744/5 431/2774/5
f 393/2776/7 431/8745/7 390/2777/7
f 415/2779/4 421/8746/4 384/8747/4
f 379/2780/4 375/8748/4 416/2781/4
f 415/2779/4 384/8747/4 379/2780/4
f 4629/2782/3 4635/8749/3 4634/2783/3
f 4220/2785/2 4199/8750/2 4176/8751/2
f 4174/8752/2 4173/8753/2 4218/2786/2
f 4220/2785/2 4176/8751/2 4174/8752/2
f 4373/2787/2 4325/8754/2 4220/2785/2
f 4220/2785/2 4174/8752/2 4218/2786/2
f 398/2788/7 396/8755/7 397/2789/7
f 359/2791/7 400/8756/7 441/2792/7
f 385/2794/2 296/8757/2 321/8758/2
f 384/2795/2 421/8759/2 422/2796/2
f 385/2794/2 321/8758/2 384/2795/2
f 446/2797/2 447/8760/2 403/2798/2
f 443/2800/3 447/8761/3 446/2801/3
f 445/2803/3 449/8762/3 448/2804/3
f 450/2806/3 454/8763/3 452/2807/3
f 420/2809/1 456/8764/1 451/2810/1
f 456/2812/3 457/8765/3 455/2813/3
f 458/2815/7 427/2952/7 422/2816/7
f 459/2818/7 430/2843/7 428/2819/7
f 437/2821/7 432/8766/7 433/2822/7
f 435/2824/7 439/8767/7 465/2825/7
f 623/8768/1 614/8769/1 647/2828/1
f 647/2828/1 791/8770/1 789/8771/1
f 647/2828/1 789/8771/1 738/2829/1
f 728/2827/1 623/8768/1 647/2828/1
f 494/2830/4 497/8772/4 482/2831/4
f 454/2833/1 470/8773/1 473/2834/1
f 470/2836/3 474/8774/3 472/2837/3
f 457/2839/1 476/8775/1 471/2840/1
f 476/2818/3 477/8776/3 475/2842/3
f 195/8777/7 228/8778/7 232/2844/7
f 232/2844/7 182/8779/7 183/2845/7
f 198/2846/7 195/8777/7 232/2844/7
f 2477/8780/5 2413/8781/5 2414/8782/5
f 2477/8780/5 2414/8782/5 2416/4327/5
f 2655/2849/5 2652/8783/5 2536/8784/5
f 2536/8784/5 2477/8780/5 2416/4327/5
f 2536/8784/5 2416/4327/5 2418/2847/5
f 2731/8785/5 2716/8786/5 2655/2849/5
f 2655/2849/5 2536/8784/5 2418/2847/5
f 2386/4326/5 2352/4328/5 2354/5764/5
f 2386/4326/5 2354/5764/5 2356/8787/5
f 2356/8787/5 2390/8788/5 2420/8789/5
f 2356/8787/5 2420/8789/5 2546/8790/5
f 2418/2847/5 2386/4326/5 2356/8787/5
f 2657/2848/5 2597/8791/5 2731/8785/5
f 2418/2847/5 2356/8787/5 2546/8790/5
f 2657/2848/5 2731/8785/5 2655/2849/5
f 2418/2847/5 2546/8790/5 2657/2848/5
f 482/2850/7 483/8792/7 463/2851/7
f 501/2853/4 503/8793/4 489/8794/4
f 488/2854/4 469/8795/4 487/2855/4
f 501/2853/4 489/8794/4 488/2854/4
f 492/2856/2 491/8796/2 481/2857/2
f 74/2859/5 111/8797/5 110/2860/5
f 491/2862/4 513/8798/4 512/2863/4
f 512/2865/7 497/2889/7 494/2866/7
f 173/2229/5 189/2228/5 187/2868/5
f 171/2869/5 156/8799/5 173/2229/5
f 534/8800/1 536/8801/1 472/2870/1
f 472/2870/1 474/8802/1 489/2871/1
f 503/2872/1 534/8800/1 472/2870/1
f 383/2873/2 317/8803/2 343/2874/2
f 279/8804/1 304/8805/1 303/8806/1
f 279/8804/1 303/8806/1 278/4072/1
f 258/2877/1 262/8807/1 263/2878/1
f 263/2878/1 279/8804/1 278/4072/1
f 261/2876/1 260/8808/1 258/2877/1
f 263/2878/1 278/4072/1 261/2876/1
f 620/2879/4 459/8809/4 427/2880/4
f 511/2882/7 517/8810/7 506/2883/7
f 518/2885/7 513/8811/7 491/2886/7
f 514/2888/7 519/8812/7 510/2889/7
f 1306/2891/1 1302/8813/1 1197/2892/1
f 4807/8814/2 4808/8815/2 4809/8816/2
f 4777/8817/2 4677/8818/2 4692/8819/2
f 4807/8814/2 4809/8816/2 4777/8817/2
f 4776/8820/2 4806/8821/2 4807/8814/2
f 4776/8820/2 4807/8814/2 4777/8817/2
f 4777/8817/2 4692/8819/2 4691/2894/2
f 4691/2894/2 4742/8822/2 4772/8823/2
f 4772/8823/2 4802/8824/2 4803/8825/2
f 4804/8826/2 4805/8827/2 4773/2895/2
f 4772/8823/2 4803/8825/2 4804/8826/2
f 4776/8820/2 4777/8817/2 4691/2894/2
f 4775/8828/2 4776/8820/2 4691/2894/2
f 4691/2894/2 4772/8823/2 4804/8826/2
f 4691/2894/2 4804/8826/2 4773/2895/2
f 4774/2896/2 4775/8828/2 4691/2894/2
f 466/2897/5 465/8829/5 439/2898/5
f 439/2898/5 661/8830/5 660/2899/5
f 660/2899/5 515/8831/5 466/2897/5
f 456/8832/5 420/8833/5 423/8834/5
f 320/8835/5 315/8836/5 283/8837/5
f 457/8838/5 456/8832/5 423/8834/5
f 320/8835/5 283/8837/5 272/8839/5
f 476/8840/5 457/8838/5 423/8834/5
f 320/8835/5 272/8839/5 204/2900/5
f 476/8840/2 423/8834/2 320/8835/2
f 477/8841/5 476/8840/5 320/8835/5
f 204/2900/5 199/8842/5 181/2901/5
f 477/8841/5 320/8835/5 204/2900/5
f 571/8843/5 548/8844/5 537/8845/5
f 655/8846/5 593/8847/5 571/8843/5
f 705/8848/5 704/8849/5 656/8850/5
f 656/8850/5 655/8846/5 571/8843/5
f 656/8850/5 571/8843/5 537/8845/5
f 705/8848/5 656/8850/5 537/8845/5
f 891/8851/5 839/8852/5 831/8853/5
f 916/8854/5 912/8855/5 892/8856/5
f 892/8856/5 891/8851/5 831/8853/5
f 892/8856/2 831/8853/2 705/8848/2
f 595/8857/5 916/8854/5 892/8856/5
f 573/8858/5 595/8857/5 892/8856/5
f 892/8856/4 705/8848/4 537/8845/4
f 573/8858/5 892/8856/5 537/8845/5
f 517/8859/5 553/8860/5 550/8861/5
f 550/8861/5 573/8858/5 537/8845/5
f 550/8861/5 537/8845/5 477/8841/5
f 506/8862/5 517/8859/5 550/8861/5
f 387/8863/5 429/8864/5 506/8862/5
f 275/8865/5 288/8866/5 387/8863/5
f 186/8867/5 207/8868/5 275/8865/5
f 128/2902/5 148/8869/5 186/8867/5
f 107/2638/5 127/8870/5 128/2902/5
f 144/8871/5 122/8661/5 123/2639/5
f 123/2639/5 107/2638/5 128/2902/5
f 128/2902/5 186/8867/5 275/8865/5
f 387/8863/5 506/8862/5 550/8861/5
f 128/2902/5 275/8865/5 387/8863/5
f 144/8871/5 123/2639/5 128/2902/5
f 196/8872/5 169/8873/5 144/8871/5
f 227/8874/5 226/8875/5 196/8872/5
f 179/8876/5 227/8874/5 196/8872/5
f 387/8863/5 550/8861/5 477/8841/5
f 387/8863/5 477/8841/5 204/2900/5
f 179/8876/5 196/8872/5 144/8871/5
f 181/2901/5 179/8876/5 144/8871/5
f 128/2902/5 387/8863/5 204/2900/5
f 181/2901/5 144/8871/5 128/2902/5
f 3971/8877/2 3975/8878/2 3974/8879/2
f 3940/2903/2 3941/8880/2 3917/2904/2
f 3971/8877/2 3974/8879/2 3940/2903/2
f 3939/2905/2 3970/8881/2 3971/8877/2
f 3917/2904/2 3918/8882/2 3939/2905/2
f 3939/2905/2 3971/8877/2 3940/2903/2
f 955/2906/1 881/6025/1 836/2907/1
f 530/8883/4 531/8884/4 522/8885/4
f 498/2909/4 499/8886/4 485/2910/4
f 530/8883/4 522/8885/4 498/2909/4
f 542/2911/4 545/8887/4 530/8883/4
f 485/2910/4 484/8888/4 542/2911/4
f 542/2911/4 530/8883/4 498/2909/4
f 1000/8889/5 1141/8890/5 1138/3584/5
f 1000/8889/5 1138/3584/5 1074/3543/5
f 996/3463/5 1000/8889/5 1074/3543/5
f 1062/3542/5 1048/5160/5 994/8891/5
f 996/3463/5 1074/3543/5 1062/3542/5
f 937/8892/5 978/3462/5 976/3464/5
f 996/3463/5 1062/3542/5 994/8891/5
f 976/3464/5 996/3463/5 994/8891/5
f 962/2912/2 885/4533/2 857/4532/2
f 976/3464/5 994/8891/5 962/2912/5
f 844/8893/5 943/8894/5 937/8892/5
f 937/8892/5 976/3464/5 962/2912/5
f 857/4532/5 856/8895/5 765/8896/5
f 795/8897/5 844/8893/5 937/8892/5
f 657/8898/5 775/8899/5 795/8897/5
f 675/8900/5 636/8901/5 657/8898/5
f 793/8902/5 722/8903/5 706/8904/5
f 706/8904/5 675/8900/5 657/8898/5
f 657/8898/5 795/8897/5 937/8892/5
f 857/4532/5 765/8896/5 767/8905/5
f 767/8905/5 749/8906/5 750/8907/5
f 750/8907/5 769/8908/5 829/8909/5
f 827/8910/4 859/8911/4 886/2913/4
f 750/8907/5 829/8909/5 827/8910/5
f 857/4532/5 767/8905/5 750/8907/5
f 793/8902/5 706/8904/5 657/8898/5
f 840/8912/2 800/8913/2 793/8902/2
f 840/8912/5 793/8902/5 657/8898/5
f 962/2912/5 857/4532/5 750/8907/5
f 962/2912/5 750/8907/5 827/8910/5
f 915/8914/5 840/8912/5 657/8898/5
f 886/2913/5 890/8915/5 910/2914/5
f 915/8914/5 657/8898/5 937/8892/5
f 910/2914/5 915/8914/5 937/8892/5
f 962/2912/5 827/8910/5 886/2913/5
f 910/2914/5 937/8892/5 962/2912/5
f 4141/2917/2 4143/8916/2 4098/2915/2
f 4098/2915/2 4096/8917/2 4097/2916/2
f 4097/2916/2 4136/8918/2 4141/2917/2
f 536/2918/7 534/8919/7 532/2919/7
f 535/2921/7 537/8920/7 548/2922/7
f 233/8921/2 182/8922/2 232/8923/2
f 233/8921/2 232/8923/2 254/8924/2
f 255/2924/2 233/8921/2 254/8924/2
f 293/2925/2 313/8925/2 314/8926/2
f 255/2924/2 254/8924/2 293/2925/2
f 293/2925/2 314/8926/2 282/2926/2
f 550/2927/3 553/8927/3 552/2928/3
f 561/2930/7 545/8928/7 542/2931/7
f 546/2933/7 563/8929/7 544/2934/7
f 448/2388/5 410/8930/5 409/8931/5
f 409/8931/5 373/8932/5 374/8933/5
f 516/8934/5 524/4273/5 523/2936/5
f 409/8931/5 374/8933/5 516/8934/5
f 468/8434/5 448/2388/5 409/8931/5
f 562/8935/5 546/2386/5 486/2938/5
f 486/2938/5 468/8434/5 409/8931/5
f 409/8931/5 516/8934/5 523/2936/5
f 523/2936/5 565/8936/5 564/8937/5
f 564/8937/5 583/8938/5 581/2937/5
f 581/2937/5 562/8935/5 486/2938/5
f 486/2938/5 409/8931/5 523/2936/5
f 523/2936/5 564/8937/5 581/2937/5
f 2994/8939/5 3043/8940/5 3040/8941/5
f 2994/8939/5 3040/8941/5 2993/8942/5
f 2619/8943/4 2951/8944/4 2994/8939/4
f 2369/2941/5 2378/8945/5 2499/8946/5
f 2499/8946/2 2619/8943/2 2994/8939/2
f 2994/8939/5 2993/8942/5 2949/2939/5
f 2949/2939/4 2562/8947/4 2497/2940/4
f 2497/2940/5 2116/8948/5 2042/8949/5
f 2042/8949/5 2294/8950/5 2369/2941/5
f 2499/8946/5 2994/8939/5 2949/2939/5
f 2497/2940/5 2042/8949/5 2369/2941/5
f 2369/2941/5 2499/8946/5 2949/2939/5
f 552/2942/5 574/8951/5 572/2943/5
f 585/2945/2 587/8952/2 588/2946/2
f 565/2948/7 588/8953/7 586/2949/7
f 570/2951/7 568/8954/7 566/2952/7
f 569/2953/7 571/8955/7 593/2954/7
f 574/2956/7 595/8956/7 573/2957/7
f 598/2834/4 597/8957/4 578/2959/4
f 578/2960/7 579/8958/7 599/2961/7
f 4003/2963/2 4004/8959/2 3982/2964/2
f 3982/2964/2 4001/8960/2 4002/2965/2
f 256/2968/7 257/8961/7 242/8962/7
f 256/2968/15 242/8962/15 240/2966/15
f 239/2967/7 238/8963/7 256/2968/7
f 134/2969/5 109/8964/5 96/2970/5
f 583/2972/5 600/8965/5 580/2973/5
f 602/2975/7 584/8966/7 582/2976/7
f 590/2978/7 603/8967/7 587/2979/7
f 3994/2983/7 4025/8968/7 3988/8699/7
f 3951/2981/7 3952/8969/7 3992/2982/7
f 3994/2983/7 3988/8699/7 3951/2981/7
f 619/8970/1 427/8971/1 428/2984/1
f 388/8972/1 345/8973/1 325/8974/1
f 671/8975/1 619/8970/1 428/2984/1
f 428/2984/1 388/8972/1 325/8974/1
f 325/8974/1 326/8976/1 389/2985/1
f 389/2985/1 390/8977/1 505/8978/1
f 389/2985/1 505/8978/1 549/8979/1
f 428/2984/1 325/8974/1 389/2985/1
f 490/8980/1 673/8981/1 671/8975/1
f 478/8982/1 490/8980/1 671/8975/1
f 389/2985/1 549/8979/1 572/8983/1
f 572/8983/1 632/8984/1 635/8985/1
f 509/8986/1 508/8987/1 462/8988/1
f 572/8983/1 635/8985/1 509/8986/1
f 478/8982/1 671/8975/1 428/2984/1
f 493/8989/1 495/8990/1 480/8991/1
f 480/8991/1 478/8982/1 428/2984/1
f 389/2985/1 572/8983/1 509/8986/1
f 389/2985/1 509/8986/1 462/8988/1
f 493/8989/1 480/8991/1 428/2984/1
f 389/2985/1 462/8988/1 460/2986/1
f 460/2986/1 493/8989/1 428/2984/1
f 577/2987/7 597/3060/7 598/2988/7
f 1060/2990/1 1089/8992/1 1087/8993/1
f 1060/2990/1 1087/8993/1 1059/8994/1
f 1029/2992/1 1031/8995/1 1060/2990/1
f 1060/2990/1 1059/8994/1 1047/2991/1
f 304/2712/7 352/8996/7 349/2993/7
f 349/2993/7 333/8997/7 303/2994/7
f 818/8998/5 786/8999/5 788/2995/5
f 763/3931/5 746/3850/5 726/9000/5
f 788/2995/5 763/3931/5 726/9000/5
f 726/9000/5 714/3849/5 689/9001/5
f 689/9001/5 663/9002/5 665/9003/5
f 611/9004/5 580/9005/5 613/9006/5
f 726/9000/5 689/9001/5 665/9003/5
f 665/9003/5 611/9004/5 613/9006/5
f 613/9006/2 623/9007/2 728/9008/2
f 738/9009/5 789/9010/5 811/2996/5
f 613/9006/5 728/9008/5 738/9009/5
f 726/9000/5 665/9003/5 613/9006/5
f 788/2995/5 726/9000/5 613/9006/5
f 788/2995/5 613/9006/5 738/9009/5
f 810/2997/5 821/3234/5 818/8998/5
f 788/2995/5 738/9009/5 811/2996/5
f 810/2997/5 818/8998/5 788/2995/5
f 4002/3000/7 4038/9011/7 4008/2998/7
f 4008/2998/7 4004/9012/7 4003/2999/7
f 600/3001/5 615/9013/5 614/3002/5
f 655/3004/1 650/9014/1 567/3005/1
f 425/3007/2 344/9015/2 320/3008/2
f 556/9016/5 527/9017/5 520/3010/5
f 520/3010/4 437/9018/4 464/9019/4
f 464/9019/5 521/9020/5 528/3011/5
f 528/3011/2 540/9021/2 680/2525/2
f 680/2525/4 679/9022/4 575/3012/4
f 575/3012/2 556/9016/2 520/3010/2
f 520/3010/4 464/9019/4 528/3011/4
f 528/3011/4 680/2525/4 575/3012/4
f 4457/3013/2 4458/9023/2 4401/9024/2
f 4400/3014/2 4406/9025/2 4488/3015/2
f 4457/3013/2 4401/9024/2 4400/3014/2
f 4488/3015/2 4490/9026/2 4457/3013/2
f 3814/9027/5 3884/9028/5 3912/5371/5
f 3814/9027/5 3912/5371/5 3883/4110/5
f 3692/3018/5 3701/9029/5 3811/9030/5
f 3811/9030/5 3814/9027/5 3883/4110/5
f 3811/9030/5 3883/4110/5 3859/4109/5
f 3578/9031/5 3590/9032/5 3692/3018/5
f 3692/3018/5 3811/9030/5 3859/4109/5
f 3692/3018/5 3859/4109/5 3858/9033/5
f 3946/9034/5 3578/9031/5 3692/3018/5
f 3911/9035/5 3949/9036/5 3947/3017/5
f 3947/3017/5 3946/9034/5 3692/3018/5
f 3692/3018/4 3858/9033/4 3882/3016/4
f 3882/3016/5 3911/9035/5 3947/3017/5
f 628/3019/7 605/9037/7 617/3020/7
f 389/9038/2 390/9039/2 302/9040/2
f 289/9041/2 257/9042/2 256/9043/2
f 326/9044/2 389/9038/2 302/9040/2
f 301/9045/2 325/9046/2 326/9044/2
f 323/3024/2 324/9047/2 300/9048/2
f 301/9045/2 326/9044/2 302/9040/2
f 300/9048/2 301/9045/2 302/9040/2
f 289/9041/2 256/9043/2 299/3022/2
f 300/9048/2 302/9040/2 289/9041/2
f 300/9048/2 289/9041/2 299/3022/2
f 299/3022/2 322/9049/2 427/3023/2
f 427/3023/2 428/9050/2 388/9051/2
f 427/3023/2 388/9051/2 345/9052/2
f 323/3024/2 300/9048/2 299/3022/2
f 427/3023/2 345/9052/2 323/3024/2
f 633/3025/7 620/9053/7 619/3026/7
f 481/2857/2 496/9054/2 494/9055/2
f 481/2857/2 494/9055/2 461/9056/2
f 479/2858/2 481/2857/2 461/9056/2
f 463/9057/2 507/9058/2 510/9059/2
f 510/9059/2 634/9060/2 636/9061/2
f 672/9062/2 674/9063/2 594/9064/2
f 672/9062/2 594/9064/2 551/9065/2
f 672/9062/2 551/9065/2 492/2856/2
f 672/9062/2 492/2856/2 479/2858/2
f 913/9066/2 914/9067/2 730/9068/2
f 620/9069/2 633/9070/2 913/9066/2
f 430/9071/2 459/9072/2 620/9069/2
f 392/2718/2 391/2717/2 430/9071/2
f 346/9073/2 347/2716/2 392/2718/2
f 330/9074/2 327/9075/2 328/9076/2
f 328/9076/2 346/9073/2 392/2718/2
f 430/9071/2 620/9069/2 913/9066/2
f 913/9066/2 730/9068/2 721/9077/2
f 913/9066/2 721/9077/2 672/9062/2
f 330/9074/2 328/9076/2 392/2718/2
f 393/9078/2 348/9079/2 329/9080/2
f 329/9080/2 330/9074/2 392/2718/2
f 430/9071/2 913/9066/2 672/9062/2
f 430/9071/2 672/9062/2 479/2858/2
f 393/9078/2 329/9080/2 392/2718/2
f 392/2718/2 430/9071/2 479/2858/2
f 392/2718/2 479/2858/2 461/9056/2
f 511/9081/2 431/9082/2 393/9078/2
f 393/9078/2 392/2718/2 461/9056/2
f 393/9078/2 461/9056/2 463/9057/2
f 553/9083/2 517/9084/2 511/9081/2
f 511/9081/2 393/9078/2 463/9057/2
f 511/9081/2 463/9057/2 510/9059/2
f 552/9085/2 553/9083/2 511/9081/2
f 916/3030/2 595/9086/2 574/9087/2
f 552/9085/2 511/9081/2 510/9059/2
f 574/9087/2 552/9085/2 510/9059/2
f 574/9087/2 510/9059/2 636/9061/2
f 840/9088/2 915/9089/2 916/3030/2
f 800/9090/2 840/9088/2 916/3030/2
f 916/3030/2 574/9087/2 636/9061/2
f 916/3030/2 636/9061/2 675/9091/2
f 793/9092/2 800/9090/2 916/3030/2
f 722/3029/2 793/9092/2 916/3030/2
f 916/3030/2 675/9091/2 706/3028/2
f 638/3031/5 599/9093/5 579/3032/5
f 4093/9094/7 4095/9095/7 4044/9096/7
f 4043/9097/7 4042/9098/7 4049/9099/7
f 4093/9094/7 4044/9096/7 4043/9097/7
f 4098/3036/7 4103/9100/7 4093/9094/7
f 4091/9101/7 4096/3240/7 4098/3036/7
f 4040/9102/7 4039/9103/7 4091/9101/7
f 4046/9104/7 4041/9105/7 4040/9102/7
f 4050/9106/7 4047/9107/7 4046/9104/7
f 4046/9104/7 4040/9102/7 4091/9101/7
f 4093/9094/7 4043/9097/7 4049/9099/7
f 4049/9099/7 4048/9108/7 4053/9109/7
f 4093/9094/7 4049/9099/7 4053/9109/7
f 4046/9104/7 4091/9101/7 4098/3036/7
f 4050/9106/7 4046/9104/7 4098/3036/7
f 4098/3036/7 4093/9094/7 4053/9109/7
f 4098/3036/7 4053/9109/7 4052/3034/7
f 4051/3035/7 4050/9106/7 4098/3036/7
f 644/3037/3 622/9110/3 645/3038/3
f 615/3040/7 627/9111/7 647/3041/7
f 649/3043/3 653/9112/3 652/3044/3
f 655/3046/3 656/9113/3 654/2953/3
f 219/9114/4 225/9115/4 178/9116/4
f 180/9117/4 203/9118/4 202/9119/4
f 194/9120/4 219/9114/4 178/9116/4
f 141/9121/4 194/9120/4 178/9116/4
f 51/9122/4 50/9123/4 142/9124/4
f 142/9124/4 141/9121/4 178/9116/4
f 142/9124/4 178/9116/4 180/9117/4
f 110/9125/4 51/9122/4 142/9124/4
f 185/9126/4 111/9127/4 110/9125/4
f 274/9128/4 188/9129/4 185/9126/4
f 386/9130/4 287/9131/4 284/9132/4
f 284/9132/4 274/9128/4 185/9126/4
f 185/9126/4 110/9125/4 142/9124/4
f 185/9126/4 142/9124/4 180/9117/4
f 185/9126/4 180/9117/4 202/9119/4
f 202/9119/4 319/9133/4 318/9134/4
f 426/9135/4 418/9136/4 451/9137/4
f 185/9126/4 202/9119/4 318/9134/4
f 426/9135/4 451/9137/4 455/9138/4
f 284/9132/4 185/9126/4 318/9134/4
f 426/9135/4 455/9138/4 471/9139/4
f 284/9132/2 318/9134/2 426/9135/2
f 505/9140/4 390/9141/4 386/9130/4
f 386/9130/4 284/9132/4 426/9135/4
f 426/9135/4 471/9139/4 475/9142/4
f 475/9142/4 504/9143/4 535/9144/4
f 535/9144/4 533/9145/4 569/9146/4
f 569/9146/4 567/9147/4 650/9148/4
f 654/9149/4 699/9150/4 703/9151/4
f 569/9146/4 650/9148/4 654/9149/4
f 535/9144/4 569/9146/4 654/9149/4
f 535/9144/4 654/9149/4 703/9151/4
f 386/9130/4 426/9135/4 475/9142/4
f 535/9144/2 703/9151/2 769/9152/2
f 505/9140/4 386/9130/4 475/9142/4
f 505/9140/4 475/9142/4 535/9144/4
f 572/9153/4 549/9154/4 505/9140/4
f 675/9155/4 636/9156/4 632/9157/4
f 572/9153/4 505/9140/4 535/9144/4
f 706/9158/4 675/9155/4 632/9157/4
f 632/9157/4 572/9153/4 535/9144/4
f 632/9157/4 535/9144/4 769/9152/4
f 722/9159/4 706/9158/4 632/9157/4
f 800/3049/2 793/9160/2 722/9159/2
f 915/9161/4 840/9162/4 800/3049/4
f 890/3048/4 910/9163/4 915/9161/4
f 859/9164/4 886/9165/4 890/3048/4
f 829/3047/4 827/9166/4 859/9164/4
f 632/9157/4 769/9152/4 829/3047/4
f 800/3049/4 722/9159/4 632/9157/4
f 890/3048/4 915/9161/4 800/3049/4
f 829/3047/4 859/9164/4 890/3048/4
f 800/3049/4 632/9157/4 829/3047/4
f 688/3050/4 684/9167/4 712/4343/4
f 713/9168/4 727/4342/4 715/3051/4
f 688/3050/4 712/4343/4 713/9168/4
f 622/3052/4 644/9169/4 688/3050/4
f 612/9170/4 610/9171/4 622/3052/4
f 715/3051/5 621/9172/5 612/9170/5
f 688/3050/4 713/9168/4 715/3051/4
f 715/3051/4 612/9170/4 622/3052/4
f 687/3053/2 688/9173/2 644/3054/2
f 637/3056/7 657/9174/7 636/3057/7
f 639/3059/7 642/9175/7 659/3060/7
f 130/3061/4 131/9176/4 112/3062/4
f 664/3064/3 666/9177/3 665/3065/3
f 723/3067/2 709/9178/2 676/3068/2
f 648/3070/7 646/3308/7 621/3071/7
f 694/3456/4 628/9179/4 616/9180/4
f 625/3138/4 626/9181/4 648/3073/4
f 694/3456/4 616/9180/4 625/3138/4
f 691/3074/4 716/9182/4 693/3075/4
f 693/3075/4 694/3456/4 625/3138/4
f 648/3073/4 667/9183/4 692/9184/4
f 693/3075/4 625/3138/4 648/3073/4
f 648/3073/4 692/9184/4 691/3074/4
f 697/3076/4 717/9185/4 740/3077/4
f 641/3079/7 640/9186/7 658/3080/7
f 658/3084/4 640/9187/4 607/3082/4
f 607/3082/4 577/9188/4 606/3083/4
f 661/3085/7 662/9189/7 681/3086/7
f 684/3088/3 688/9190/3 687/3089/3
f 689/2947/2 690/2946/2 664/3091/2
f 686/3093/3 690/9191/3 689/3094/3
f 3736/3096/2 3668/9192/2 3666/9193/2
f 3734/3097/2 3790/9194/2 3791/3098/2
f 3736/3096/2 3666/9193/2 3734/3097/2
f 695/3099/4 697/9195/4 670/3100/4
f 697/3102/3 702/9196/3 700/3103/3
f 3344/3105/2 3347/9197/2 3245/3106/2
f 704/3108/3 705/9198/3 703/3109/3
f 4103/3113/5 4146/9199/5 4138/3111/5
f 4094/3112/5 4093/9200/5 4103/3113/5
f 707/3114/7 676/9201/7 674/3115/7
f 709/3117/2 708/5711/2 677/3118/2
f 2711/3120/1 2580/9202/1 2584/3121/1
f 683/3123/7 679/3197/7 680/3124/7
f 748/9203/1 764/9204/1 772/9205/1
f 692/3126/1 667/9206/1 621/9207/1
f 748/9203/1 772/9205/1 692/3126/1
f 727/3128/1 748/9203/1 692/3126/1
f 692/3126/1 621/9207/1 715/3127/1
f 4806/9208/7 4812/9209/7 4877/3129/7
f 4877/3129/7 4875/9210/7 4808/3130/7
f 4807/3131/7 4806/9208/7 4877/3129/7
f 544/3132/5 563/9211/5 666/9212/5
f 664/9213/5 690/9214/5 686/9215/5
f 544/3132/5 666/9212/5 664/9213/5
f 404/9216/5 449/9217/5 445/3134/5
f 819/9218/5 835/9219/5 880/9220/5
f 880/9220/5 879/9221/5 852/3294/5
f 851/3296/5 873/3295/5 901/9222/5
f 819/9218/5 880/9220/5 852/3294/5
f 851/3296/5 901/9222/5 797/9223/5
f 819/9218/5 852/3294/5 851/3296/5
f 686/9215/5 819/9218/5 851/3296/5
f 851/3296/5 797/9223/5 787/9224/5
f 762/9225/5 761/9226/5 681/9227/5
f 851/3296/4 787/9224/4 762/9225/4
f 686/9215/5 851/3296/5 762/9225/5
f 762/9225/5 681/9227/5 662/9228/5
f 662/9228/5 609/3445/5 560/3133/5
f 560/3133/5 558/3446/5 441/9229/5
f 400/9230/5 361/9231/5 340/9232/5
f 560/3133/5 441/9229/5 400/9230/5
f 762/9225/5 662/9228/5 560/3133/5
f 686/9215/5 762/9225/5 560/3133/5
f 400/9230/5 340/9232/5 401/9233/5
f 401/9233/5 404/9216/5 445/3134/5
f 664/9213/5 686/9215/5 560/3133/5
f 400/9230/5 401/9233/5 445/3134/5
f 544/3132/5 664/9213/5 560/3133/5
f 560/3133/5 400/9230/5 445/3134/5
f 471/3135/5 413/3667/5 414/3136/5
f 414/3136/5 418/9234/5 451/3137/5
f 451/3137/5 455/9235/5 471/3135/5
f 601/3140/4 626/9181/4 625/3138/4
f 625/3138/4 616/9180/4 602/3139/4
f 3860/3141/1 3861/9236/1 3755/3142/1
f 720/3144/7 739/9237/7 729/3145/7
f 893/9238/2 894/9239/2 863/9240/2
f 893/9238/2 863/9240/2 860/9241/2
f 940/9242/2 920/9243/2 917/9244/2
f 844/9245/2 843/9246/2 941/9247/2
f 942/9248/2 943/9249/2 844/9245/2
f 980/9250/2 966/9251/2 942/9248/2
f 1022/9252/2 1036/3523/2 980/9250/2
f 979/9253/2 1022/9252/2 980/9250/2
f 980/9250/2 942/9248/2 844/9245/2
f 980/9250/2 844/9245/2 941/9247/2
f 939/3149/2 979/9253/2 980/9250/2
f 731/9254/2 938/9255/2 939/3149/2
f 732/9256/2 731/9254/2 939/3149/2
f 980/9250/2 941/9247/2 940/9242/2
f 980/9250/2 940/9242/2 917/9244/2
f 733/3148/2 732/9256/2 939/3149/2
f 725/9257/2 724/5712/2 733/3148/2
f 795/3211/2 775/9258/2 734/9259/2
f 734/9259/2 725/9257/2 733/3148/2
f 939/3149/2 980/9250/2 917/9244/2
f 939/3149/2 917/9244/2 893/9238/2
f 795/3211/2 734/9259/2 733/3148/2
f 794/9260/2 795/3211/2 733/3148/2
f 939/3149/2 893/9238/2 860/9241/2
f 841/3147/2 794/9260/2 733/3148/2
f 939/3149/2 860/9241/2 841/3147/2
f 3904/5299/4 3895/5298/4 3892/9261/4
f 3903/3150/4 3901/6092/4 3913/9262/4
f 3904/5299/4 3892/9261/4 3903/3150/4
f 4046/3152/4 3922/9263/4 3904/5299/4
f 4008/9264/4 4041/9265/4 4046/3152/4
f 3982/9266/4 4004/9267/4 4008/9264/4
f 3942/3151/4 3978/9268/4 3982/9266/4
f 3916/9269/4 3938/9270/4 3942/3151/4
f 3903/3150/4 3913/9262/4 3914/9271/4
f 3903/3150/4 3914/9271/4 3916/9269/4
f 4046/3152/4 3904/5299/4 3903/3150/4
f 3982/9266/4 4008/9264/4 4046/3152/4
f 3903/3150/4 3916/9269/4 3942/3151/4
f 3942/3151/4 3982/9266/4 4046/3152/4
f 740/3077/4 717/9185/4 695/3153/4
f 695/3153/4 718/9272/4 812/3154/4
f 812/3154/4 774/3239/4 740/3077/4
f 754/3155/3 755/9273/3 752/3156/3
f 761/3158/3 762/9274/3 760/3159/3
f 2830/9275/1 2828/4623/1 2798/4529/1
f 2830/9275/1 2798/4529/1 2749/9276/1
f 2945/4624/1 2869/9277/1 2874/9278/1
f 2874/9278/1 2830/9275/1 2749/9276/1
f 2750/4384/1 2668/4456/1 2669/9279/1
f 2874/9278/1 2749/9276/1 2750/4384/1
f 2949/9280/1 2945/4624/1 2874/9278/1
f 2557/3163/1 2562/4407/1 2949/9280/1
f 2874/9278/1 2750/4384/1 2669/9279/1
f 2949/9280/1 2874/9278/1 2669/9279/1
f 2116/9281/1 2497/9282/1 2494/4406/1
f 2108/3802/1 2109/9283/1 2116/9281/1
f 2113/4174/1 2108/3802/1 2116/9281/1
f 2192/9284/1 2113/4174/1 2116/9281/1
f 2292/9285/1 2232/3800/1 2190/4175/1
f 2192/9284/1 2116/9281/1 2494/4406/1
f 2292/9285/1 2190/4175/1 2192/9284/1
f 2745/4530/1 2335/9286/1 2292/9285/1
f 2665/4385/1 2746/4528/1 2745/4530/1
f 2559/4386/1 2665/4385/1 2745/4530/1
f 2745/4530/1 2292/9285/1 2192/9284/1
f 2745/4530/1 2192/9284/1 2494/4406/1
f 2745/4530/1 2494/4406/1 2555/3162/1
f 2949/9280/1 2669/9279/1 2616/3161/1
f 2559/4386/1 2745/4530/1 2555/3162/1
f 2557/3163/1 2949/9280/1 2616/3161/1
f 2616/3161/1 2559/4386/1 2555/3162/1
f 783/3164/1 760/9287/1 762/3165/1
f 4006/3167/2 4007/9288/2 3944/3168/2
f 766/3170/3 768/9289/3 767/3171/3
f 507/3173/5 463/9290/5 483/3174/5
f 783/3176/5 782/9291/5 759/3177/5
f 346/9292/4 323/9293/4 345/3179/4
f 345/3179/2 388/9294/2 428/3180/2
f 428/3180/4 430/9295/4 391/9296/4
f 347/3181/4 346/9292/4 345/3179/4
f 428/3180/4 391/9296/4 347/3181/4
f 4829/9297/5 4890/9298/5 4889/9299/5
f 4896/3182/5 4895/9300/5 4845/3183/5
f 4845/3183/5 4844/9301/5 4793/9302/5
f 4793/9302/5 4749/9303/5 4727/9304/5
f 4727/9304/5 4658/9305/5 4659/9306/5
f 4659/9306/5 4646/5958/5 4662/9307/5
f 4662/9307/5 4703/9308/5 4739/9309/5
f 4739/9309/5 4738/9310/5 4734/9311/5
f 4728/9312/5 4797/9313/5 4794/9314/5
f 4662/9307/5 4739/9309/5 4734/9311/5
f 4662/9307/5 4734/9311/5 4728/9312/5
f 4727/9304/5 4659/9306/5 4662/9307/5
f 4793/9302/5 4727/9304/5 4662/9307/5
f 4662/9307/5 4728/9312/5 4794/9314/5
f 4794/9314/5 4850/9315/5 4846/3184/5
f 4846/3184/5 4905/9316/5 4901/9317/5
f 4901/9317/5 4956/9318/5 4951/9319/5
f 4951/9319/5 4828/9320/5 4830/9321/5
f 4951/9319/5 4830/9321/5 4829/9297/5
f 4846/3184/5 4901/9317/5 4951/9319/5
f 4662/9307/5 4794/9314/5 4846/3184/5
f 4793/9302/5 4662/9307/5 4846/3184/5
f 4951/9319/5 4829/9297/5 4889/9299/5
f 4951/9319/5 4889/9299/5 4896/3182/5
f 4845/3183/5 4793/9302/5 4846/3184/5
f 4846/3184/5 4951/9319/5 4896/3182/5
f 359/9322/5 358/9323/5 334/9324/5
f 307/3185/5 246/9325/5 218/9326/5
f 335/3187/5 359/9322/5 334/9324/5
f 222/3186/5 338/9327/5 335/3187/5
f 307/3185/5 218/9326/5 222/3186/5
f 335/3187/5 334/9324/5 307/3185/5
f 764/3188/3 773/9037/3 771/3189/3
f 1671/3193/7 1679/9328/7 1650/3191/7
f 1649/3192/7 1647/6481/7 1671/3193/7
f 791/3194/3 792/9329/3 790/3195/3
f 784/3197/7 779/9330/7 780/3198/7
f 783/3199/7 787/9331/7 797/3200/7
f 2486/9332/2 2487/9333/2 2454/9334/2
f 2448/9335/2 2426/9336/2 2447/3202/2
f 2486/9332/2 2454/9334/2 2448/9335/2
f 2486/9332/2 2448/9335/2 2447/3202/2
f 2447/3202/2 2984/9337/2 2987/9338/2
f 2447/3202/2 2987/9338/2 2792/9339/2
f 2604/3204/2 2486/9332/2 2447/3202/2
f 2447/3202/2 2792/9339/2 2662/3203/2
f 2471/3205/5 2517/4426/5 2515/9340/5
f 2469/3206/5 2404/9341/5 2406/3207/5
f 2471/3205/5 2515/9340/5 2469/3206/5
f 2406/3207/5 2432/4427/5 2471/3205/5
f 2761/3208/7 2757/3506/7 2755/3209/7
f 843/9246/2 844/9245/2 795/3211/2
f 795/3211/2 794/9260/2 841/3147/2
f 842/3212/2 843/9246/2 795/3211/2
f 2861/9342/3 2909/9343/3 2908/9344/3
f 2861/9342/3 2908/9344/3 2856/3213/3
f 2905/9345/3 2906/9346/3 2859/3215/3
f 2859/3215/3 2861/9342/3 2856/3213/3
f 2858/3214/3 2905/9345/3 2859/3215/3
f 4376/3216/4 4179/9347/4 4148/9348/4
f 4148/9348/4 4147/9349/4 4100/9350/4
f 4100/9350/4 4173/9351/4 4177/3217/4
f 4148/9348/4 4100/9350/4 4177/3217/4
f 4325/9352/4 4373/9353/4 4376/3216/4
f 4328/9354/4 4325/9352/4 4376/3216/4
f 4376/3216/4 4148/9348/4 4177/3217/4
f 4286/3218/4 4328/9354/4 4376/3216/4
f 804/3219/7 807/9355/7 815/3220/7
f 3372/3222/1 3368/9356/1 3255/9357/1
f 3366/3223/1 3426/9358/1 3433/3224/1
f 3372/3222/1 3255/9357/1 3366/3223/1
f 712/9359/2 684/9360/2 682/3225/2
f 682/3225/2 816/3803/2 817/9361/2
f 682/3225/2 817/9361/2 809/3226/2
f 785/3227/2 712/9359/2 682/3225/2
f 2021/9362/5 2052/9363/5 2049/9364/5
f 2049/9364/5 1985/9365/5 1951/4056/5
f 2049/9364/5 1951/4056/5 1953/9366/5
f 1996/9367/5 2021/9362/5 2049/9364/5
f 1955/9368/5 2000/9369/5 1998/5295/5
f 1996/9367/5 2049/9364/5 1953/9366/5
f 1955/9368/5 1998/5295/5 1996/9367/5
f 1888/9370/5 1889/9371/5 1928/9372/5
f 1928/9372/5 1955/9368/5 1996/9367/5
f 1928/9372/5 1996/9367/5 1953/9366/5
f 1855/3233/5 1868/9373/5 1888/9370/5
f 1888/9370/5 1928/9372/5 1953/9366/5
f 1924/4055/5 1922/4057/5 1905/3231/5
f 1888/9370/5 1953/9366/5 1924/4055/5
f 1837/9374/5 1805/9375/5 1855/3233/5
f 1855/3233/5 1888/9370/5 1924/4055/5
f 1905/3231/5 1900/9376/5 1863/3232/5
f 1855/3233/5 1924/4055/5 1905/3231/5
f 1863/3232/5 1837/9374/5 1855/3233/5
f 811/2996/5 823/9377/5 821/3234/5
f 3039/9378/2 3043/9379/2 2994/9380/2
f 3039/9378/2 2994/9380/2 2990/9381/2
f 3091/9382/2 3096/9383/2 3039/9378/2
f 2868/9384/2 3028/9385/2 3034/9386/2
f 3034/9386/2 3091/9382/2 3039/9378/2
f 3034/9386/2 3039/9378/2 2990/9381/2
f 2871/9387/2 2868/9384/2 3034/9386/2
f 2871/9387/2 3034/9386/2 2990/9381/2
f 2871/9387/2 2990/9381/2 2946/9388/2
f 2876/3237/2 2871/9387/2 2946/9388/2
f 2951/9389/2 2619/9390/2 2618/9391/2
f 2951/9389/2 2618/9391/2 2671/9392/2
f 2876/3237/2 2946/9388/2 2951/9389/2
f 2743/3236/2 2827/9393/2 2832/9394/2
f 2876/3237/2 2951/9389/2 2671/9392/2
f 2743/3236/2 2832/9394/2 2876/3237/2
f 2496/9395/2 2492/9396/2 2743/3236/2
f 2673/3235/2 2560/9397/2 2496/9395/2
f 2876/3237/2 2671/9392/2 2673/3235/2
f 2673/3235/2 2496/9395/2 2743/3236/2
f 826/3238/4 828/9398/4 774/3239/4
f 774/3239/4 812/3154/4 825/3240/4
f 619/3241/2 427/9399/2 458/3242/2
f 779/3246/1 784/9400/1 752/3244/1
f 752/3244/1 755/9401/1 758/3245/1
f 834/3247/7 820/3301/7 817/3248/7
f 821/3250/7 835/9402/7 819/3251/7
f 2926/3256/1 2902/9403/1 2840/3257/1
f 653/9404/5 649/9405/5 630/9406/5
f 630/9406/5 619/9407/5 671/3259/5
f 671/3259/5 672/9408/5 721/9409/5
f 730/9410/5 914/9411/5 909/9412/5
f 671/3259/5 721/9409/5 730/9410/5
f 653/9404/5 630/9406/5 671/3259/5
f 702/9413/5 697/9414/5 670/9415/5
f 670/9415/5 653/9404/5 671/3259/5
f 671/3259/5 730/9410/5 909/9412/5
f 889/3260/5 884/9416/5 858/9417/5
f 671/3259/5 909/9412/5 889/3260/5
f 702/9413/5 670/9415/5 671/3259/5
f 774/9418/5 740/9419/5 702/9413/5
f 858/9417/5 826/9420/5 828/3261/5
f 774/9418/5 702/9413/5 671/3259/5
f 889/3260/5 858/9417/5 828/3261/5
f 828/3261/5 774/9418/5 671/3259/5
f 830/3262/7 828/9421/7 826/3263/7
f 829/3265/7 831/9422/7 839/3266/7
f 630/9423/4 604/9424/4 591/9425/4
f 591/9425/4 589/4240/4 605/9426/4
f 629/3268/4 668/9427/4 670/3269/4
f 591/9425/4 605/9426/4 629/3268/4
f 649/3270/2 630/9423/2 591/9425/2
f 670/3269/4 653/9428/4 649/3270/4
f 649/3270/4 591/9425/4 629/3268/4
f 764/3271/4 748/9429/4 747/4341/4
f 747/4341/4 785/9430/4 809/3272/4
f 809/3272/4 822/3253/4 824/3255/4
f 824/3255/4 836/3254/4 853/9431/4
f 853/9431/4 773/9432/4 764/3271/4
f 764/3271/4 747/4341/4 809/3272/4
f 824/3255/4 853/9431/4 764/3271/4
f 1426/9433/2 1383/9434/2 1381/9435/2
f 1426/9433/2 1381/9435/2 1423/9436/2
f 1471/9437/2 1426/9433/2 1423/9436/2
f 1471/9437/2 1423/9436/2 1739/9438/2
f 1498/9439/2 1471/9437/2 1739/9438/2
f 1498/9439/2 1739/9438/2 1913/9440/2
f 1527/9441/2 1498/9439/2 1913/9440/2
f 1979/3273/2 2090/9442/2 2092/9443/2
f 1527/9441/2 1913/9440/2 1979/3273/2
f 1543/9444/2 1527/9441/2 1979/3273/2
f 1979/3273/2 2092/9443/2 1980/9445/2
f 1979/3273/2 1980/9445/2 1903/9446/2
f 1575/9447/2 1543/9444/2 1979/3273/2
f 1636/9448/2 1575/9447/2 1979/3273/2
f 1979/3273/2 1903/9446/2 1832/3274/2
f 1741/3275/2 1636/9448/2 1979/3273/2
f 997/3276/4 963/9449/4 975/9450/4
f 975/9450/4 908/3448/4 961/3277/4
f 961/3277/4 1033/9451/4 1049/9452/4
f 1034/3278/4 1019/3481/4 1017/3480/4
f 961/3277/4 1049/9452/4 1034/3278/4
f 997/3276/4 975/9450/4 961/3277/4
f 1034/3278/4 1017/3480/4 997/3276/4
f 4182/3279/1 4204/3356/1 4151/3280/1
f 4151/3280/1 4153/9453/1 4184/3281/1
f 697/3284/1 701/9454/1 652/3282/1
f 652/3282/1 653/9455/1 670/3283/1
f 860/3285/4 862/9456/4 861/3286/4
f 863/3288/3 864/9457/3 862/3289/3
f 807/3293/5 847/9458/5 899/3291/5
f 899/3291/5 898/9459/5 846/9460/5
f 833/3292/5 815/9461/5 807/3293/5
f 899/3291/5 846/9460/5 833/3292/5
f 852/3294/5 874/9462/5 873/3295/5
f 817/9463/5 820/9464/5 876/9465/5
f 870/9466/5 903/9467/5 900/9468/5
f 817/9463/5 876/9465/5 870/9466/5
f 712/9469/5 785/9470/5 809/9471/5
f 817/9463/5 870/9466/5 900/9468/5
f 712/9469/5 809/9471/5 817/9463/5
f 644/9472/5 688/9473/5 684/9474/5
f 712/9469/5 817/9463/5 900/9468/5
f 684/9474/5 712/9469/5 900/9468/5
f 900/9468/5 781/9475/5 779/9476/5
f 900/9468/5 779/9476/5 758/9477/5
f 684/9474/5 900/9468/5 758/9477/5
f 684/9474/5 758/9477/5 755/9478/5
f 610/9479/5 622/9480/5 644/9472/5
f 684/9474/5 755/9478/5 744/9481/5
f 545/9482/5 610/9479/5 644/9472/5
f 684/9474/5 744/9481/5 679/9483/5
f 545/9482/5 644/9472/5 684/9474/5
f 443/3299/5 484/9484/5 542/9485/5
f 542/9485/5 545/9482/5 684/9474/5
f 684/9474/5 679/9483/5 575/9486/5
f 684/9474/5 575/9486/5 556/9487/5
f 443/3299/5 542/9485/5 684/9474/5
f 403/9488/5 447/9489/5 443/3299/5
f 372/9490/5 408/9491/5 403/9488/5
f 217/9492/5 216/9493/5 363/9494/5
f 363/9494/5 372/9490/5 403/9488/5
f 443/3299/5 684/9474/5 556/9487/5
f 363/9494/5 403/9488/5 443/3299/5
f 336/9495/5 217/9492/5 363/9494/5
f 396/9496/5 337/9497/5 336/9495/5
f 520/9498/5 437/9499/5 438/3298/5
f 438/3298/5 396/9496/5 336/9495/5
f 336/9495/5 363/9494/5 443/3299/5
f 443/3299/5 556/9487/5 527/3297/5
f 527/3297/5 520/9498/5 438/3298/5
f 438/3298/5 336/9495/5 443/3299/5
f 870/3247/3 876/9500/3 875/3300/3
f 879/3302/3 880/9501/3 877/3303/3
f 842/3305/7 841/9502/7 861/3306/7
f 854/3308/7 853/9503/7 836/3309/7
f 799/3310/7 855/9504/7 882/3311/7
f 916/3313/3 915/9505/3 910/3314/3
f 884/3316/3 889/9506/3 887/3317/3
f 891/3319/3 892/9507/3 890/3320/3
f 4684/9508/1 4719/9509/1 4721/9510/1
f 4412/3322/1 4410/9511/1 4491/9512/1
f 4491/9512/1 4513/9513/1 4531/9514/1
f 4412/3322/1 4491/9512/1 4531/9514/1
f 4684/9508/1 4721/9510/1 4412/3322/1
f 4669/9515/1 4684/9508/1 4412/3322/1
f 4412/3322/1 4531/9514/1 4571/3323/1
f 4616/3324/1 4669/9515/1 4412/3322/1
f 894/3325/4 895/9516/4 864/3326/4
f 1835/8743/2 1790/2772/2 1789/8742/2
f 1789/8742/2 2097/9517/2 2100/9518/2
f 2100/9518/2 1549/9519/2 1589/5923/2
f 2100/9518/2 1589/5923/2 1595/9520/2
f 1835/8743/2 1789/8742/2 2100/9518/2
f 1745/8740/2 1793/2770/2 1835/8743/2
f 1640/2771/2 1691/3568/2 1721/3329/2
f 1745/8740/2 1835/8743/2 2100/9518/2
f 1721/3329/2 1745/8740/2 2100/9518/2
f 1547/9521/2 1531/9522/2 1530/9523/2
f 1530/9523/2 1654/8741/2 1640/2771/2
f 1721/3329/2 2100/9518/2 1595/9520/2
f 1618/3328/2 1547/9521/2 1530/9523/2
f 1721/3329/2 1595/9520/2 1618/3328/2
f 1618/3328/2 1530/9523/2 1640/2771/2
f 898/3333/3 899/9524/3 897/3334/3
f 985/3336/1 969/9525/1 953/9526/1
f 985/3336/1 953/9526/1 950/9527/1
f 1011/3338/1 1012/3427/1 985/3336/1
f 985/3336/1 950/9527/1 984/3337/1
f 869/3339/4 875/9528/4 834/9529/4
f 834/9529/4 816/9530/4 848/3340/4
f 848/3340/4 866/9531/4 902/3341/4
f 869/3339/4 834/9529/4 848/3340/4
f 902/3342/2 903/9532/2 870/3343/2
f 2103/9533/7 2118/9534/7 2047/9535/7
f 2047/9535/7 2039/9536/7 2041/3345/7
f 2103/9533/7 2047/9535/7 2041/3345/7
f 2109/3347/7 2102/9537/7 2103/9533/7
f 2042/9538/7 2116/9539/7 2109/3347/7
f 2014/9540/7 2042/9538/7 2109/3347/7
f 2109/3347/7 2103/9533/7 2041/3345/7
f 2013/3346/7 2014/9540/7 2109/3347/7
f 749/3348/2 767/3410/2 768/3349/2
f 768/3349/2 739/9541/2 720/3350/2
f 386/9542/2 387/9543/2 288/9544/2
f 276/9545/2 211/9546/2 189/9547/2
f 287/9548/2 386/9542/2 288/9544/2
f 242/3352/2 285/9549/2 287/9548/2
f 238/9550/2 239/2522/2 210/2521/2
f 296/9551/2 298/9552/2 238/9550/2
f 208/9553/2 236/9554/2 296/9551/2
f 159/9555/2 172/9556/2 208/9553/2
f 161/9557/2 158/9558/2 159/9555/2
f 189/9547/2 173/9559/2 160/3351/2
f 160/3351/2 161/9557/2 159/9555/2
f 208/9553/2 296/9551/2 238/9550/2
f 208/9553/2 238/9550/2 210/2521/2
f 160/3351/2 159/9555/2 208/9553/2
f 276/9545/2 189/9547/2 160/3351/2
f 287/9548/2 288/9544/2 276/9545/2
f 242/3352/2 287/9548/2 276/9545/2
f 160/3351/2 208/9553/2 210/2521/2
f 242/3352/2 276/9545/2 160/3351/2
f 3221/9560/4 3163/9561/4 3114/3353/4
f 3114/3353/2 3186/9562/2 3215/3354/2
f 3215/3354/4 3258/9563/4 3218/3355/4
f 3218/3355/4 3221/9560/4 3114/3353/4
f 4331/3357/1 4330/9564/1 4204/3356/1
f 4204/3356/1 4182/3279/1 4184/3281/1
f 889/3343/1 909/9532/1 911/3358/1
f 892/3360/1 912/9565/1 910/3361/1
f 917/3287/4 919/3286/4 918/3363/4
f 918/3365/7 895/9566/7 894/3366/7
f 920/3368/3 921/9567/3 919/3369/3
f 897/3371/5 925/9568/5 924/3372/5
f 2912/3374/2 2882/9569/2 2880/3375/2
f 2880/3375/2 3001/9570/2 2966/3376/2
f 4996/3377/3 4995/9571/3 4882/5898/3
f 4882/5898/3 4883/9572/3 4881/3378/3
f 4881/3378/3 4887/9573/3 5048/3379/3
f 5048/3379/3 5033/9574/3 4996/3377/3
f 4996/3377/3 4882/5898/3 4881/3378/3
f 5009/3382/3 4982/9575/3 4983/9576/3
f 4983/9576/3 4886/9577/3 4880/3380/3
f 4880/3380/3 4878/9578/3 4879/3381/3
f 4879/3381/3 5008/9579/3 5009/3382/3
f 5009/3382/3 4983/9576/3 4880/3380/3
f 665/9580/2 666/9581/2 563/3383/2
f 563/3383/2 546/9582/2 562/9583/2
f 563/3383/2 562/9583/2 580/3384/2
f 611/3385/2 665/9580/2 563/3383/2
f 885/3386/7 932/9584/7 907/3387/7
f 935/3389/3 939/9585/3 938/3390/3
f 937/3392/3 943/9586/3 942/3393/3
f 940/3327/4 944/3326/4 921/3395/4
f 941/3397/3 945/9587/3 944/3398/3
f 948/3400/3 949/9588/3 946/3401/3
f 1009/3403/4 1042/9589/4 1043/9590/4
f 1008/3404/4 967/9591/4 926/9592/4
f 926/9592/4 903/9593/4 900/3405/4
f 900/3405/4 868/9594/4 947/9595/4
f 900/3405/4 947/9595/4 946/9596/4
f 1008/3404/4 926/9592/4 900/3405/4
f 1009/3403/4 1043/9590/4 1008/3404/4
f 900/3405/4 946/9596/4 1009/3403/4
f 390/3406/5 386/9597/5 287/3407/5
f 506/3409/2 429/3349/2 390/3410/2
f 2035/3412/5 2071/9598/5 2033/5762/5
f 2033/5762/5 2030/9599/5 1988/4083/5
f 2033/5762/5 1988/4083/5 1989/9600/5
f 1965/3414/5 2037/9601/5 2035/3412/5
f 2035/3412/5 2033/5762/5 1989/9600/5
f 1977/3413/5 1974/9602/5 1962/4017/5
f 2035/3412/4 1989/9600/4 1977/3413/4
f 1977/3413/5 1962/4017/5 1965/3414/5
f 1022/9603/2 979/9604/2 939/3415/2
f 939/3415/4 935/9580/4 965/9605/4
f 939/3415/4 965/9605/4 998/9606/4
f 1036/9607/5 1022/9603/5 939/3415/5
f 1103/3417/4 1102/9608/4 1036/9607/4
f 1052/9609/4 1075/9610/4 1103/3417/4
f 1021/9611/5 1052/9609/5 1103/3417/5
f 1103/3417/4 1036/9607/4 939/3415/4
f 939/3415/4 998/9606/4 1020/3416/4
f 1020/3416/2 1021/9611/2 1103/3417/2
f 366/3418/5 406/9612/5 405/9613/5
f 405/9613/5 365/9614/5 311/9615/5
f 311/9615/5 250/9616/5 230/3419/5
f 230/3419/5 197/9617/5 201/9618/5
f 200/9619/5 234/9620/5 273/8606/5
f 230/3419/5 201/9618/5 200/9619/5
f 366/3418/5 405/9613/5 311/9615/5
f 230/3419/5 200/9619/5 273/8606/5
f 271/8605/5 281/8604/5 253/8603/5
f 230/3419/5 273/8606/5 271/8605/5
f 366/3418/5 311/9615/5 230/3419/5
f 312/8608/5 370/8607/5 366/3418/5
f 251/3420/2 292/8602/2 312/8608/2
f 230/3419/5 271/8605/5 253/8603/5
f 251/3420/5 312/8608/5 366/3418/5
f 230/3419/5 253/8603/5 251/3420/5
f 206/3423/4 208/9621/4 172/3421/4
f 172/3421/4 153/9622/4 170/3422/4
f 4248/3424/4 4242/9623/4 4284/5914/4
f 4285/3425/4 4316/9624/4 4317/3426/4
f 4248/3424/4 4284/5914/4 4285/3425/4
f 884/3429/1 888/9625/1 838/3427/1
f 838/3427/1 826/3338/1 858/3428/1
f 993/3432/5 1016/9626/5 1060/9627/5
f 1060/9627/5 1031/9628/5 991/3430/5
f 991/3430/5 958/6238/5 931/6240/5
f 931/6240/5 929/6239/5 883/9629/5
f 907/3431/5 932/9630/5 995/9631/5
f 931/6240/5 883/9629/5 907/3431/5
f 993/3432/5 1060/9627/5 991/3430/5
f 991/3430/5 931/6240/5 907/3431/5
f 907/3431/5 995/9631/5 993/3432/5
f 955/3433/7 952/9632/7 953/3434/7
f 3080/3436/1 2908/9633/1 2909/3437/1
f 954/3439/7 956/9634/7 970/3440/7
f 974/3442/7 961/3565/7 960/3443/7
f 909/9635/4 889/9636/4 884/3447/4
f 884/3447/5 858/9637/5 826/9638/5
f 826/9638/4 825/9639/4 837/9640/4
f 905/9641/4 960/9642/4 961/3277/4
f 826/9638/4 837/9640/4 905/9641/4
f 933/3449/4 909/9635/4 884/3447/4
f 884/3447/4 826/9638/4 905/9641/4
f 905/9641/4 961/3277/4 908/3448/4
f 975/9450/4 964/9643/4 933/3449/4
f 884/3447/4 905/9641/4 908/3448/4
f 908/3448/4 975/9450/4 933/3449/4
f 3014/3452/2 3017/9644/2 2915/3450/2
f 2915/3450/2 2914/9645/2 2961/3451/2
f 1086/9646/5 1069/9647/5 1068/9648/5
f 1086/9646/5 1068/9648/5 1046/6255/5
f 1059/9649/5 1087/9650/5 1086/9646/5
f 1028/9651/5 1029/9652/5 1047/9653/5
f 1047/9653/5 1059/9649/5 1086/9646/5
f 1086/9646/5 1046/6255/5 1027/9654/5
f 1026/9655/5 1045/6254/5 1057/3453/5
f 1047/9653/5 1086/9646/5 1027/9654/5
f 1028/9651/5 1047/9653/5 1027/9654/5
f 798/9656/5 954/9657/5 951/9658/5
f 951/9658/5 1028/9651/5 1027/9654/5
f 951/9658/5 1027/9654/5 1026/9655/5
f 823/9659/5 798/9656/5 951/9658/5
f 877/3455/5 821/9660/5 823/9659/5
f 871/9661/5 878/9662/5 877/3455/5
f 983/3454/5 899/9663/5 872/9664/5
f 983/3454/5 872/9664/5 871/9661/5
f 1066/9665/4 1007/9666/4 983/3454/4
f 1057/3453/5 1067/9667/5 1066/9665/5
f 951/9658/5 1026/9655/5 1057/3453/5
f 877/3455/5 823/9659/5 951/9658/5
f 983/3454/5 871/9661/5 877/3455/5
f 1057/3453/5 1066/9665/5 983/3454/5
f 877/3455/5 951/9658/5 1057/3453/5
f 986/9668/4 988/9669/4 973/9670/4
f 957/9671/4 904/9672/4 694/3456/4
f 986/9668/4 973/9670/4 957/9671/4
f 881/9673/4 955/9674/4 971/3458/4
f 971/3458/4 986/9668/4 957/9671/4
f 694/3456/4 693/3075/4 716/9182/4
f 716/9182/4 691/3074/4 692/9184/4
f 692/9184/4 772/9675/4 771/3457/4
f 854/9676/4 881/9673/4 971/3458/4
f 716/9182/4 692/9184/4 771/3457/4
f 771/3457/5 854/9676/5 971/3458/5
f 971/3458/4 957/9671/4 694/3456/4
f 694/3456/4 716/9182/4 771/3457/4
f 3744/3459/1 3750/9677/1 3643/3460/1
f 978/3462/5 1000/8889/5 996/3463/5
f 983/3465/1 1007/3486/1 1006/3466/1
f 1011/3471/3 989/9678/3 987/3472/3
f 956/9679/5 882/9680/5 855/3474/5
f 792/9681/5 791/9682/5 647/9683/5
f 792/9681/5 647/9683/5 627/9684/5
f 627/9684/5 586/9685/5 588/9686/5
f 587/9687/5 603/9688/5 729/3475/5
f 627/9684/5 588/9686/5 587/9687/5
f 855/3474/7 792/9681/7 627/9684/7
f 1030/9689/5 970/9690/5 956/9679/5
f 855/3474/5 627/9684/5 587/9687/5
f 1030/9689/5 956/9679/5 855/3474/5
f 991/3430/5 1031/9628/5 1030/9689/5
f 766/3476/5 883/9629/5 929/6239/5
f 929/6239/5 991/3430/5 1030/9689/5
f 855/3474/5 587/9687/5 729/3475/5
f 929/6239/5 1030/9689/5 855/3474/5
f 739/9691/5 768/9692/5 766/3476/5
f 766/3476/5 929/6239/5 855/3474/5
f 729/3475/5 739/9691/5 766/3476/5
f 399/9693/4 338/9694/4 335/9695/4
f 399/9693/4 335/9695/4 359/9696/4
f 448/9697/4 410/9698/4 399/9693/4
f 543/9699/4 467/9700/4 444/9701/4
f 444/9701/4 448/9697/4 399/9693/4
f 399/9693/4 359/9696/4 440/9702/4
f 440/9702/4 439/9703/4 661/9704/4
f 440/9702/4 661/9704/4 760/9705/4
f 444/9701/4 399/9693/4 440/9702/4
f 559/9706/2 543/9699/2 444/9701/2
f 611/9707/4 580/9708/4 559/9706/4
f 663/9709/4 665/9710/4 611/9707/4
f 685/9711/4 689/9712/4 663/9709/4
f 786/9713/4 745/9714/4 737/9715/4
f 685/9711/4 663/9709/4 611/9707/4
f 818/3479/2 786/9713/2 737/9715/2
f 685/9711/4 611/9707/4 559/9706/4
f 685/9711/4 559/9706/4 444/9701/4
f 444/9701/4 440/9702/4 760/9705/4
f 444/9701/4 760/9705/4 783/9716/4
f 685/9711/4 444/9701/4 783/9716/4
f 808/9717/4 807/9718/4 847/9719/4
f 685/9711/4 783/9716/4 808/9717/4
f 737/9715/4 685/9711/4 808/9717/4
f 808/9717/4 847/9719/4 850/3477/4
f 850/3477/4 872/9720/4 871/9721/4
f 878/3478/4 877/9722/4 821/9723/4
f 850/3477/4 871/9721/4 878/3478/4
f 737/9715/4 808/9717/4 850/3477/4
f 878/3478/4 821/9723/4 818/3479/4
f 818/3479/4 737/9715/4 850/3477/4
f 1024/9724/1 1005/9725/1 981/4308/1
f 981/4308/1 982/3467/1 1006/3466/1
f 1109/9726/1 1194/9727/1 1189/9728/1
f 1109/9726/1 1189/9728/1 1041/9729/1
f 1066/9730/1 1109/9726/1 1041/9729/1
f 1025/3487/1 1024/9724/1 981/4308/1
f 1066/9730/1 1041/9729/1 1025/3487/1
f 1025/3487/1 981/4308/1 1006/3466/1
f 1007/3486/1 1066/9730/1 1025/3487/1
f 2765/3488/1 2684/9731/1 2637/3489/1
f 1030/3491/3 1031/9732/3 1029/3492/3
f 1014/3494/3 1033/9733/3 1032/3495/3
f 1032/3497/2 1033/2654/2 961/2653/2
f 1009/3499/7 1010/9734/7 1023/3500/7
f 4110/3502/1 4109/9735/1 4054/3503/1
f 4054/3503/1 4057/9736/1 4058/9737/1
f 4155/3504/1 4156/9738/1 4291/9739/1
f 4054/3503/1 4058/9737/1 4155/3504/1
f 4155/3504/1 4291/9739/1 4110/3502/1
f 194/3505/5 193/3122/5 167/3506/5
f 3089/3508/3 3086/9740/3 3077/3509/3
f 4965/6395/3 4966/9741/3 4963/3511/3
f 4963/3511/3 4973/9742/3 4972/9743/3
f 4969/3512/3 4968/9744/3 4967/3513/3
f 4963/3511/3 4972/9743/3 4969/3512/3
f 4967/3513/3 4965/6395/3 4963/3511/3
f 2938/3514/3 2935/9745/3 2936/3515/3
f 2936/3515/3 2942/9746/3 2940/3516/3
f 2393/3517/1 2224/9747/1 2226/3518/1
f 1051/3520/4 1050/9748/4 1018/3521/4
f 1076/3525/2 1105/9749/2 966/9251/2
f 966/9251/16 980/9250/16 1036/3523/16
f 1036/3523/2 1102/5921/2 1104/3524/2
f 1076/3525/2 966/9251/2 1036/3523/2
f 5029/3528/2 4976/9750/2 2441/9751/2
f 5029/3528/2 2441/9751/2 2409/9752/2
f 1928/9753/2 1889/9754/2 5029/3528/2
f 1955/9755/2 1928/9753/2 5029/3528/2
f 5029/3528/2 2409/9752/2 2063/9756/2
f 5029/3528/2 2063/9756/2 2028/3526/2
f 2000/3527/2 1955/9755/2 5029/3528/2
f 3246/3529/5 3197/9757/5 3198/3530/5
f 3198/3530/5 3203/9758/5 3251/3531/5
f 1116/9759/5 1113/9760/5 1089/9761/5
f 1089/9761/5 1060/9627/5 1016/9626/5
f 1016/9626/5 993/3432/5 995/9631/5
f 995/9631/5 1099/3581/5 1093/3582/5
f 1016/9626/5 995/9631/5 1093/3582/5
f 1089/9761/5 1016/9626/5 1093/3582/5
f 1089/9761/5 1093/3582/5 1120/3532/5
f 1151/9762/5 1149/9763/5 1116/9759/5
f 1116/9759/5 1089/9761/5 1120/3532/5
f 1124/9764/5 1175/9765/5 1174/9766/5
f 1151/9762/5 1116/9759/5 1120/3532/5
f 1120/3532/5 1124/9764/5 1174/9766/5
f 1174/9766/5 1258/9767/5 1255/9768/5
f 1255/9768/5 1296/9769/5 1386/9770/5
f 1386/9770/5 1380/9771/5 1331/9772/5
f 1331/9772/5 1329/9773/5 1288/9774/5
f 1288/9774/5 1287/9775/5 1245/9776/5
f 1245/9776/5 1243/9777/5 1169/9778/5
f 1161/3533/5 1228/9779/5 1221/3534/5
f 1221/3534/5 1318/9780/5 1312/9781/5
f 1312/9781/5 1367/9782/5 1362/9783/5
f 1362/9783/5 1360/9784/5 1306/9785/5
f 1306/9785/5 1271/9786/5 1207/9787/5
f 1207/9787/5 1205/9788/5 1151/9762/5
f 1120/3532/5 1174/9766/5 1255/9768/5
f 1255/9768/5 1386/9770/5 1331/9772/5
f 1331/9772/5 1288/9774/5 1245/9776/5
f 1255/9768/5 1331/9772/5 1245/9776/5
f 1207/9787/5 1151/9762/5 1120/3532/5
f 1312/9781/5 1362/9783/5 1306/9785/5
f 1306/9785/5 1207/9787/5 1120/3532/5
f 1120/3532/5 1255/9768/5 1245/9776/5
f 1120/3532/5 1245/9776/5 1169/9778/5
f 1312/9781/5 1306/9785/5 1120/3532/5
f 1221/3534/5 1312/9781/5 1120/3532/5
f 1120/3532/5 1169/9778/5 1161/3533/5
f 4544/3535/7 4541/9789/7 4540/9790/7
f 4540/9790/7 4537/9791/7 4536/9792/7
f 4573/9793/7 4576/9794/7 4577/9795/7
f 4540/9790/7 4536/9792/7 4573/9793/7
f 4540/9790/7 4573/9793/7 4577/9795/7
f 4577/9795/7 4579/9796/7 4582/9797/7
f 4582/9797/7 4588/9798/7 4591/3536/7
f 4591/3536/7 4592/9799/7 4585/9800/7
f 4585/9800/7 4587/9801/7 4495/9802/7
f 4495/9802/7 4493/9803/7 4539/9804/7
f 4539/9804/7 4538/9805/7 4543/9806/7
f 4543/9806/7 4542/9807/7 4545/3537/7
f 4544/3535/7 4540/9790/7 4577/9795/7
f 4544/3535/7 4577/9795/7 4582/9797/7
f 4591/3536/7 4585/9800/7 4495/9802/7
f 4495/9802/7 4539/9804/7 4543/9806/7
f 4591/3536/7 4495/9802/7 4543/9806/7
f 4544/3535/7 4582/9797/7 4591/3536/7
f 4591/3536/7 4543/9806/7 4545/3537/7
f 2222/9808/4 2224/4188/4 2393/9809/4
f 2222/9808/4 2393/9809/4 2392/9810/4
f 2174/9811/4 2169/4167/4 2222/9808/4
f 2984/9812/4 2447/9813/4 2422/9814/4
f 2422/9814/4 2174/9811/4 2222/9808/4
f 2422/9814/4 2222/9808/4 2392/9810/4
f 2981/9815/4 2984/9812/4 2422/9814/4
f 3080/9816/4 3079/9817/4 2981/9815/4
f 2821/9818/4 2856/9819/4 2908/3540/4
f 2908/3540/4 3080/9816/4 2981/9815/4
f 2981/9815/4 2422/9814/4 2392/9810/4
f 2733/3538/4 2788/9820/4 2789/3539/4
f 2981/9815/4 2392/9810/4 2733/3538/4
f 2789/3539/4 2821/9818/4 2908/3540/4
f 2908/3540/4 2981/9815/4 2733/3538/4
f 923/3544/1 678/9821/1 658/9822/1
f 658/9822/1 606/9823/1 598/9824/1
f 598/9824/1 596/9825/1 599/9826/1
f 638/9827/1 659/9828/1 710/6319/1
f 598/9824/1 599/9826/1 638/9827/1
f 896/9829/1 924/9830/1 923/3544/1
f 846/6321/1 898/9831/1 896/9829/1
f 802/6322/1 846/6321/1 896/9829/1
f 658/9822/1 598/9824/1 638/9827/1
f 638/9827/1 710/6319/1 736/3983/1
f 638/9827/1 736/3983/1 735/9832/1
f 802/6322/1 896/9829/1 923/3544/1
f 743/3982/1 770/6318/1 777/6323/1
f 777/6323/1 802/6322/1 923/3544/1
f 658/9822/1 638/9827/1 735/9832/1
f 923/3544/1 658/9822/1 735/9832/1
f 776/3546/1 743/3982/1 777/6323/1
f 923/3544/1 735/9832/1 742/3545/1
f 776/3546/1 777/6323/1 923/3544/1
f 977/9833/5 936/9834/5 942/9835/5
f 966/3547/2 1105/9836/2 1181/9837/2
f 977/9833/5 942/9835/5 966/3547/5
f 1001/9838/5 977/9833/5 966/3547/5
f 966/3547/5 1181/9837/5 1177/9839/5
f 1139/3548/2 1053/9840/2 1035/3549/2
f 966/3547/5 1177/9839/5 1139/3548/5
f 1035/3549/5 1001/9838/5 966/3547/5
f 1575/3550/5 1636/9841/5 1574/3551/5
f 1574/3551/5 1541/9842/5 1543/3552/5
f 1054/3553/1 1079/3562/1 1078/3554/1
f 586/3558/1 627/9843/1 615/9844/1
f 586/3558/1 615/9844/1 600/3556/1
f 583/3557/1 564/9845/1 586/3558/1
f 4814/3561/4 4879/9846/4 4878/3559/4
f 4816/3560/4 4815/9847/4 4814/3561/4
f 1346/9848/1 1343/9849/1 1268/9850/1
f 1185/9851/1 1064/9852/1 1065/3555/1
f 1346/9848/1 1268/9850/1 1185/9851/1
f 1480/9853/1 1477/9854/1 1346/9848/1
f 1349/9855/1 1430/9856/1 1480/9853/1
f 1270/9857/1 1353/9858/1 1349/9855/1
f 1188/3564/1 1270/9857/1 1349/9855/1
f 1349/9855/1 1480/9853/1 1346/9848/1
f 1346/9848/1 1185/9851/1 1065/3555/1
f 1346/9848/1 1065/3555/1 1078/3554/1
f 1188/3564/1 1349/9855/1 1346/9848/1
f 1054/3553/1 1039/9859/1 1040/3563/1
f 1346/9848/1 1078/3554/1 1079/3562/1
f 1079/3562/1 1054/3553/1 1040/3563/1
f 1188/3564/1 1346/9848/1 1079/3562/1
f 1095/3565/7 1072/9860/7 1071/3566/7
f 1719/3567/2 1745/8740/2 1721/3329/2
f 978/9861/2 937/9862/2 936/9863/2
f 978/9861/2 936/9863/2 977/9864/2
f 1000/9865/2 978/9861/2 977/9864/2
f 1000/9865/2 977/9864/2 999/9866/2
f 1177/9867/2 1178/9868/2 1141/3571/2
f 1141/3571/2 1000/9865/2 999/9866/2
f 1141/3571/2 999/9866/2 1001/6055/2
f 1139/9869/2 1177/9867/2 1141/3571/2
f 1053/3570/2 1139/9869/2 1141/3571/2
f 1141/3571/2 1001/6055/2 1035/3569/2
f 1088/3572/7 1085/9870/7 1084/3573/7
f 1113/3575/1 1116/9871/1 1069/3576/1
f 1087/3578/7 1089/9872/7 1113/3579/7
f 1099/3581/5 1124/9764/5 1120/3532/5
f 1176/9873/5 1173/9874/5 1131/3583/5
f 1131/3583/5 1121/9875/5 1097/9876/5
f 1097/9876/5 1061/5159/5 1073/3541/5
f 1073/3541/5 1074/3543/5 1138/3584/5
f 1138/3584/5 1141/8890/5 1178/9877/5
f 1178/9877/5 1176/9873/5 1131/3583/5
f 1131/3583/5 1097/9876/5 1073/3541/5
f 1138/3584/5 1178/9877/5 1131/3583/5
f 1183/9878/2 1077/9879/2 1063/3585/2
f 1038/9880/4 1023/9881/4 1037/3586/4
f 1185/3587/4 1183/9878/4 1063/3585/4
f 1063/3585/4 1038/9880/4 1037/3586/4
f 1037/3586/2 1064/9882/2 1185/3587/2
f 1189/3590/5 1188/9883/5 1040/3588/5
f 1040/3588/5 1025/9884/5 1041/3589/5
f 1149/3591/1 1151/3575/1 1083/3577/1
f 1069/3593/7 1116/9885/7 1149/3594/7
f 1030/3596/1 1028/9886/1 951/3597/1
f 1158/3599/3 1165/9887/3 1164/3600/3
f 1161/3602/3 1169/9888/3 1167/3603/3
f 1172/3605/2 1136/9889/2 1130/3606/2
f 1171/3608/7 1130/3706/7 1128/3609/7
f 1173/3603/2 1174/9888/2 1175/3611/2
f 1131/3613/7 1175/9890/7 1124/3614/7
f 4210/3618/4 4229/9891/4 4277/3616/4
f 4277/3616/4 4276/9892/4 4212/3617/4
f 585/9893/4 565/9894/4 564/9895/4
f 564/9895/4 583/9896/4 600/9897/4
f 615/9898/4 614/9899/4 623/9900/4
f 585/9893/4 564/9895/4 600/9897/4
f 615/9898/4 623/9900/4 728/9901/4
f 585/9893/4 600/9897/4 615/9898/4
f 669/9902/4 590/9903/4 585/9893/4
f 719/9904/4 696/9905/4 669/9902/4
f 749/9906/4 720/9907/4 719/9904/4
f 765/9908/4 767/9909/4 749/9906/4
f 906/9910/4 856/9911/4 765/9908/4
f 962/9912/4 885/9913/4 906/9910/4
f 930/9914/4 962/9912/4 906/9910/4
f 765/9908/4 749/9906/4 719/9904/4
f 930/9914/4 906/9910/4 765/9908/4
f 928/9915/4 930/9914/4 765/9908/4
f 765/9908/5 719/9904/5 669/9902/5
f 669/9902/4 585/9893/4 615/9898/4
f 615/9898/4 728/9901/4 738/9916/4
f 738/9916/4 789/9917/4 790/9918/4
f 799/9919/4 798/9920/4 954/9921/4
f 615/9898/4 738/9916/4 790/9918/4
f 615/9898/4 790/9918/4 799/9919/4
f 765/9908/4 669/9902/4 615/9898/4
f 928/9915/4 765/9908/4 615/9898/4
f 928/9915/7 615/9898/7 799/9919/7
f 928/9915/4 799/9919/4 954/9921/4
f 954/9921/4 951/9922/4 1028/9923/4
f 1029/9924/2 1047/9925/2 1059/9926/2
f 954/9921/4 1028/9923/4 1029/9924/4
f 990/9927/4 928/9915/4 954/9921/4
f 994/9928/4 992/9929/4 1015/9930/4
f 1015/9930/4 990/9927/4 954/9921/4
f 1015/9930/4 954/9921/4 1029/9924/4
f 1048/9931/4 994/9928/4 1015/9930/4
f 1097/9932/4 1061/9933/4 1048/9931/4
f 1092/9934/4 1097/9932/4 1048/9931/4
f 1048/9931/4 1015/9930/4 1029/9924/4
f 1048/9931/4 1029/9924/4 1059/9926/4
f 1092/9934/4 1048/9931/4 1059/9926/4
f 1087/9935/4 1086/9936/4 1069/9937/4
f 1092/9934/4 1059/9926/4 1087/9935/4
f 1118/3621/4 1092/9934/4 1087/9935/4
f 1069/9937/4 1068/9938/4 1083/9939/4
f 1118/3621/4 1087/9935/4 1069/9937/4
f 1173/9940/4 1131/9941/4 1121/9942/4
f 1118/3621/4 1069/9937/4 1083/9939/4
f 1173/9940/4 1121/9942/4 1118/3621/4
f 1253/9943/4 1176/9944/4 1173/9940/4
f 1385/9945/4 1261/9946/4 1253/9943/4
f 1328/9947/4 1377/9948/4 1385/9945/4
f 1285/9949/4 1323/9950/4 1328/9947/4
f 1242/9951/4 1280/9952/4 1285/9949/4
f 1167/3620/4 1234/9953/4 1242/9951/4
f 1219/9954/4 1226/9955/4 1160/3619/4
f 1314/9956/4 1316/9957/4 1219/9954/4
f 1363/9958/4 1365/9959/4 1310/9960/4
f 1310/9960/4 1314/9956/4 1219/9954/4
f 1357/9961/4 1363/9958/4 1310/9960/4
f 1298/9962/4 1355/9963/4 1357/9961/4
f 1200/9964/4 1197/9965/4 1302/9966/4
f 1302/9966/4 1298/9962/4 1357/9961/4
f 1357/9961/4 1310/9960/4 1219/9954/4
f 1357/9961/4 1219/9954/4 1160/3619/4
f 1200/9964/4 1302/9966/4 1357/9961/4
f 1083/9939/4 1082/9967/4 1200/9964/4
f 1253/9943/4 1173/9940/4 1118/3621/4
f 1328/9947/4 1385/9945/4 1253/9943/4
f 1242/9951/17 1285/9949/17 1328/9947/17
f 1242/9951/4 1328/9947/4 1253/9943/4
f 1118/3621/4 1083/9939/4 1200/9964/4
f 1200/9964/4 1357/9961/4 1160/3619/4
f 1167/3620/4 1242/9951/4 1253/9943/4
f 1118/3621/4 1200/9964/4 1160/3619/4
f 1167/3620/4 1253/9943/4 1118/3621/4
f 1205/3622/1 1207/9968/1 1200/3623/1
f 1083/3625/7 1151/9969/7 1205/3626/7
f 1146/3628/1 1203/9970/1 1213/3629/1
f 1154/3631/7 1148/9971/7 1146/3632/7
f 1223/3634/2 1225/9972/2 1158/3635/2
f 1217/3637/3 1225/9973/3 1223/3638/3
f 1221/3640/3 1228/9974/3 1226/3641/3
f 1165/3643/1 1231/9975/1 1237/3639/1
f 1231/3634/3 1240/9976/3 1236/3645/3
f 1169/3647/1 1243/9977/1 1234/3648/1
f 1243/3650/3 1245/9978/3 1242/3651/3
f 1250/3653/2 1251/9979/2 1134/3654/2
f 1248/3656/7 1134/9980/7 1136/3657/7
f 1253/3657/2 1255/9980/2 1258/3659/2
f 1176/3661/7 1258/9981/7 1174/3662/7
f 1263/3664/7 1102/9982/7 1103/3665/7
f 500/9983/5 516/8934/5 374/8933/5
f 374/8933/5 377/9984/5 413/3667/5
f 471/3135/5 475/9985/5 504/3668/5
f 500/9983/5 374/8933/5 413/3667/5
f 413/3667/5 471/3135/5 504/3668/5
f 502/3669/5 500/9983/5 413/3667/5
f 1043/9986/1 1042/9987/1 1023/9988/1
f 1043/9986/1 1023/9988/1 1044/9989/1
f 1056/9990/1 1043/9986/1 1044/9989/1
f 1056/9990/1 1044/9989/1 1038/9991/1
f 1080/9992/1 1056/9990/1 1038/9991/1
f 1080/9992/1 1038/9991/1 1063/9993/1
f 1107/9994/1 1080/9992/1 1063/9993/1
f 1107/9994/1 1063/9993/1 1081/3670/1
f 1183/9995/1 1192/9996/1 1143/3672/1
f 1143/3672/1 1107/9994/1 1081/3670/1
f 1077/3671/1 1183/9995/1 1143/3672/1
f 1181/3673/7 1266/9997/7 1178/3674/7
f 1192/3676/7 1183/9998/7 1185/3677/7
f 1189/3679/7 1194/9999/7 1270/3680/7
f 1524/3810/4 1509/2332/4 1508/2331/4
f 1524/3810/4 1508/2331/4 1526/10000/4
f 1572/10001/4 1524/3810/4 1526/10000/4
f 1566/10002/4 1615/10003/4 1684/10004/4
f 1572/10001/4 1526/10000/4 1566/10002/4
f 1449/3684/2 1497/8398/2 1540/3811/2
f 1572/10001/4 1566/10002/4 1684/10004/4
f 1684/10004/4 1759/10005/4 1829/4002/4
f 1718/4001/4 1739/10006/4 1423/3682/4
f 1684/10004/4 1829/4002/4 1718/4001/4
f 1572/10001/4 1684/10004/4 1718/4001/4
f 1395/10007/4 1375/3737/4 1320/3739/4
f 1320/3739/4 1322/3738/4 1283/10008/4
f 1279/10009/4 1240/10010/4 1231/10011/4
f 1320/3739/4 1283/10008/4 1279/10009/4
f 1395/10007/4 1320/3739/4 1279/10009/4
f 1231/10011/4 1165/10012/4 1158/10013/4
f 1395/10007/4 1279/10009/4 1231/10011/4
f 1393/10014/4 1395/10007/4 1231/10011/4
f 1231/10011/4 1158/10013/4 1225/10015/4
f 1225/10015/4 1217/10016/4 1278/10017/4
f 1231/10011/4 1225/10015/4 1278/10017/4
f 1393/10014/4 1231/10011/4 1278/10017/4
f 1393/10014/4 1278/10017/4 1277/10018/4
f 1393/10014/4 1277/10018/4 1303/10019/4
f 1198/10020/4 1203/10021/4 1146/10022/4
f 1146/10022/4 1148/10023/4 1084/5292/4
f 1084/5292/4 1080/5294/4 1107/5543/4
f 1106/5542/4 1143/5541/4 1192/10024/4
f 1084/5292/4 1107/5543/4 1106/5542/4
f 1198/10020/4 1146/10022/4 1084/5292/4
f 1198/10020/4 1084/5292/4 1106/5542/4
f 1192/10024/4 1268/10025/4 1343/10026/4
f 1198/10020/4 1106/5542/4 1192/10024/4
f 1303/10019/4 1198/10020/4 1192/10024/4
f 1192/10024/4 1343/10026/4 1342/10027/4
f 1342/10027/4 1482/10028/4 1406/10029/4
f 1408/10030/4 1433/10031/4 1410/3766/4
f 1342/10027/4 1406/10029/4 1408/10030/4
f 1303/10019/4 1192/10024/4 1342/10027/4
f 1303/10019/4 1342/10027/4 1408/10030/4
f 1408/10030/4 1410/3766/4 1390/3765/4
f 1303/10019/4 1408/10030/4 1390/3765/4
f 1393/10014/4 1303/10019/4 1390/3765/4
f 1393/10014/4 1390/3765/4 1394/3767/4
f 1393/10014/4 1394/3767/4 1442/10032/4
f 1442/10032/4 1460/10033/4 1458/4670/4
f 1458/4670/4 1466/4669/4 1448/3683/4
f 1442/10032/4 1458/4670/4 1448/3683/4
f 1414/10034/4 1393/10014/4 1442/10032/4
f 1572/10001/4 1718/4001/4 1423/3682/4
f 1540/3811/4 1572/10001/4 1423/3682/4
f 1423/3682/4 1414/10034/4 1442/10032/4
f 1423/3682/4 1442/10032/4 1448/3683/4
f 1449/3684/4 1540/3811/4 1423/3682/4
f 1200/3685/7 1207/10035/7 1271/3686/7
f 1213/3688/7 1203/10036/7 1198/3689/7
f 1275/3691/2 1278/10037/2 1217/3692/2
f 1240/3694/1 1279/3607/1 1282/3606/1
f 1279/3696/3 1283/10038/3 1281/3697/3
f 1245/3699/1 1287/10039/1 1280/3700/1
f 1287/3702/3 1288/10040/3 1285/3703/3
f 1291/3705/7 1260/10041/7 1251/3706/7
f 1295/3707/2 1260/10042/2 1291/10043/2
f 1292/3708/2 1337/10044/2 1340/3709/2
f 1295/3707/2 1291/10043/2 1292/3708/2
f 1283/3710/1 1322/10045/1 1326/3653/1
f 1288/3711/1 1329/10046/1 1323/3712/1
f 1329/3714/3 1331/10047/3 1328/3715/3
f 1180/3720/4 1050/10048/4 1051/10049/4
f 1049/9452/4 1033/9451/4 1014/10050/4
f 1180/3720/4 1051/10049/4 1049/9452/4
f 1387/10051/4 1263/10052/4 1180/3720/4
f 1414/10034/4 1423/3682/4 1381/3722/4
f 1381/3722/4 1387/10051/4 1180/3720/4
f 1180/3720/4 1049/9452/4 1014/10050/4
f 1014/10050/4 1071/10053/4 1072/10054/4
f 1072/10054/4 1128/10055/4 1130/10056/4
f 1130/10056/4 1136/10057/4 1134/4663/4
f 1130/10056/18 1134/4663/18 1260/4665/18
f 1014/10050/4 1072/10054/4 1130/10056/4
f 1393/10014/4 1414/10034/4 1381/3722/4
f 1373/10058/4 1395/10007/4 1393/10014/4
f 1335/10059/4 1322/3738/4 1373/10058/4
f 1340/10060/4 1335/10059/4 1373/10058/4
f 1373/10058/4 1393/10014/4 1381/3722/4
f 1180/3720/4 1014/10050/4 1130/10056/4
f 1180/3720/4 1130/10056/4 1260/4665/4
f 1340/10060/4 1373/10058/4 1381/3722/4
f 1180/3720/4 1260/4665/4 1295/3721/4
f 1295/3721/4 1340/10060/4 1381/3722/4
f 1346/3723/3 1348/10061/3 1342/3724/3
f 1316/3726/2 1318/10062/2 1221/3727/2
f 1353/3729/3 1355/10063/3 1351/3730/3
f 1360/3732/1 1362/3699/1 1355/3701/1
f 1302/3734/7 1306/10064/7 1360/3735/7
f 1375/3737/4 1373/10058/4 1322/3738/4
f 1331/3740/1 1380/10065/1 1377/3741/1
f 1383/3742/3 1388/4120/3 1387/3743/3
f 3178/10066/2 3134/10067/2 3133/3744/2
f 3133/3744/2 3410/10068/2 3414/10069/2
f 3133/3744/2 3414/10069/2 3355/3745/2
f 3204/3746/2 3178/10066/2 3133/3744/2
f 3356/10070/1 3417/10071/1 3423/10072/1
f 3210/3747/1 3209/10073/1 3099/10074/1
f 3356/10070/1 3423/10072/1 3210/3747/1
f 3297/10075/1 3356/10070/1 3210/3747/1
f 3210/3747/1 3099/10074/1 3103/3748/1
f 3103/3748/1 3104/10076/1 3154/3749/1
f 3154/3749/1 3297/10075/1 3210/3747/1
f 1312/3752/3 1318/10077/3 1316/3750/3
f 1314/3751/3 1310/10078/3 1312/3752/3
f 1362/3758/3 1367/10079/3 1365/10080/3
f 1362/3758/3 1365/10080/3 1363/3756/3
f 1357/3757/3 1355/5447/3 1362/3758/3
f 1399/3759/3 1403/10081/3 1402/3760/3
f 1385/3762/3 1377/10082/3 1380/3763/3
f 4250/3768/3 4249/10083/3 4243/10084/3
f 4240/3769/3 4241/10085/3 4245/3770/3
f 4250/3768/3 4243/10084/3 4240/3769/3
f 4245/3770/3 4252/10086/3 4250/3768/3
f 528/3772/1 521/8713/1 466/2721/1
f 466/2721/1 515/10087/1 529/3771/1
f 4031/3773/3 4028/10088/3 4029/3774/3
f 3831/3776/4 3832/10089/4 3615/10090/4
f 3615/10090/4 3607/10091/4 3673/3777/4
f 3673/3777/4 3665/10092/4 3732/10093/4
f 3787/3778/4 3795/10094/4 3830/10095/4
f 3673/3777/4 3732/10093/4 3787/3778/4
f 3831/3776/4 3615/10090/4 3673/3777/4
f 3787/3778/4 3830/10095/4 3831/3776/4
f 3936/3779/4 3935/10096/4 3929/3780/4
f 3432/3782/7 3435/10097/7 3489/3783/7
f 4106/3788/7 4104/10098/7 4058/3789/7
f 88/3791/4 101/10099/4 140/10100/4
f 140/10100/4 139/10101/4 102/3792/4
f 102/3792/4 91/4158/4 63/3793/4
f 88/3791/4 140/10100/4 102/3792/4
f 3719/3797/4 3654/10102/4 3651/3798/4
f 2232/3800/1 2231/10103/1 2102/3801/1
f 2102/3801/1 2109/9283/1 2108/3802/1
f 2108/3802/1 2190/4175/1 2232/3800/1
f 1749/10104/2 1604/10105/2 1430/10106/2
f 1430/10106/5 1349/9361/5 1351/3803/5
f 1351/3803/2 1514/10107/2 1660/10108/2
f 1351/3803/5 1660/10108/5 1750/10109/5
f 1749/10104/5 1430/10106/5 1351/3803/5
f 1898/10110/2 1801/10111/2 1770/10112/2
f 1770/10112/5 1749/10104/5 1351/3803/5
f 1351/3803/4 1750/10109/4 1772/10113/4
f 1772/10113/4 1862/10114/4 1883/3804/4
f 1883/3804/5 1948/10115/5 2019/10116/5
f 2019/10116/5 2044/10117/5 2042/10118/5
f 1983/3805/2 1898/10110/2 1770/10112/2
f 2019/10116/5 2042/10118/5 1983/3805/5
f 1351/3803/5 1772/10113/5 1883/3804/5
f 1883/3804/5 2019/10116/5 1983/3805/5
f 1983/3805/5 1770/10112/5 1351/3803/5
f 4549/10119/4 4548/10120/4 4547/10121/4
f 4593/3807/2 4650/10122/2 4779/3808/2
f 4549/10119/4 4547/10121/4 4593/3807/4
f 4779/3808/4 4778/10123/4 4637/3806/4
f 4637/3806/4 4549/10119/4 4593/3807/4
f 1511/3809/4 1509/2332/4 1524/3810/4
f 1524/3810/4 1572/10001/4 1540/3811/4
f 1540/3811/4 1497/8398/4 1511/3809/4
f 3885/3812/5 3862/10124/5 3866/3813/5
f 3866/3813/5 3839/10125/5 3842/3814/5
f 3842/3814/5 3868/10126/5 3885/3812/5
f 3501/3818/4 3503/10127/4 3448/10128/4
f 3440/3819/4 3393/3862/4 3498/3820/4
f 3501/3818/4 3448/10128/4 3440/3819/4
f 2007/10129/4 2004/10130/4 1966/10131/4
f 1945/10132/2 1914/10133/2 1878/10134/2
f 2007/10129/4 1966/10131/4 1945/10132/4
f 1513/10135/2 1620/10136/2 1643/10137/2
f 1643/10137/4 2007/10129/4 1945/10132/4
f 1878/10134/2 1859/10138/2 1794/10139/2
f 1643/10137/4 1945/10132/4 1878/10134/4
f 1477/10140/4 1500/10141/4 1513/10135/4
f 1513/10135/4 1643/10137/4 1878/10134/4
f 1513/10135/4 1878/10134/4 1794/10139/4
f 1346/3823/4 1477/10140/4 1513/10135/4
f 1475/10142/4 1348/10143/4 1346/3823/4
f 1606/10144/4 1557/10145/4 1552/10146/4
f 1552/10146/4 1475/10142/4 1346/3823/4
f 1346/3823/4 1513/10135/4 1794/10139/4
f 1346/3823/4 1794/10139/4 1723/10147/4
f 1597/3822/4 1606/10144/4 1552/10146/4
f 1346/3823/4 1723/10147/4 1656/10148/4
f 1656/10148/4 1642/10149/4 1619/3821/4
f 1597/3822/4 1552/10146/4 1346/3823/4
f 1346/3823/4 1656/10148/4 1619/3821/4
f 1552/3735/3 1557/10064/3 1554/3824/3
f 42/3826/1 65/10150/1 61/10151/1
f 40/10152/1 37/10153/1 20/3827/1
f 42/3826/1 61/10151/1 40/10152/1
f 21/3828/1 41/10154/1 42/3826/1
f 5/10155/1 6/10156/1 21/3828/1
f 20/3827/1 4/10157/1 5/10155/1
f 42/3826/1 40/10152/1 20/3827/1
f 20/3827/1 5/10155/1 21/3828/1
f 4611/10158/3 4610/10159/3 4603/3829/3
f 4603/3829/3 4604/10160/3 4605/3830/3
f 4609/3831/3 4611/10158/3 4603/3829/3
f 539/3832/2 538/10161/2 526/3833/2
f 1535/3834/5 1579/10162/5 1578/3835/5
f 710/10163/5 659/10164/5 642/3837/5
f 642/3837/4 751/10165/4 778/3838/4
f 778/3838/5 804/10166/5 803/3839/5
f 803/3839/5 710/10163/5 642/3837/5
f 3931/3840/7 3927/10167/7 3925/3841/7
f 3925/3841/7 3956/10168/7 3930/3842/7
f 4891/3843/7 4885/10169/7 4884/3844/7
f 1648/10170/5 1669/10171/5 1666/10172/5
f 1666/10172/5 1629/10173/5 1614/10174/5
f 1614/10174/5 1581/10175/5 1584/10176/5
f 1584/10176/5 1568/10177/5 1570/10178/5
f 1584/10176/5 1570/10178/5 1585/10179/5
f 1666/10172/5 1614/10174/5 1584/10176/5
f 1648/10170/5 1666/10172/5 1584/10176/5
f 1584/10176/5 1585/10179/5 1616/3864/5
f 1631/3846/5 1653/10180/5 1690/5330/5
f 1584/10176/5 1616/3864/5 1631/3846/5
f 1651/3848/5 1648/10170/5 1584/10176/5
f 1710/10181/5 1705/10182/5 1651/3848/5
f 1686/3847/5 1716/10183/5 1711/10184/5
f 1711/10184/5 1710/10181/5 1651/3848/5
f 1651/3848/5 1584/10176/5 1631/3846/5
f 1631/3846/5 1690/5330/5 1686/3847/5
f 1686/3847/5 1711/10184/5 1651/3848/5
f 737/3851/5 685/10185/5 689/9001/5
f 714/3849/5 726/9000/5 746/3850/5
f 737/3851/5 689/9001/5 714/3849/5
f 746/3850/5 745/3930/5 737/3851/5
f 1705/3852/2 1708/10186/2 1682/3853/2
f 4087/10187/5 4132/10188/5 4131/10189/5
f 4084/10190/5 4082/10191/5 4037/10192/5
f 4087/10187/5 4131/10189/5 4084/10190/5
f 4140/10193/5 4139/10194/5 4089/3856/5
f 4087/10187/5 4084/10190/5 4037/10192/5
f 4095/10195/5 4140/10193/5 4089/3856/5
f 4089/3856/5 4087/10187/5 4037/10192/5
f 4037/10192/5 4036/10196/5 3973/3854/5
f 3973/3854/5 3975/10197/5 4000/10198/5
f 3999/10199/5 4045/10200/5 4044/3855/5
f 3973/3854/5 4000/10198/5 3999/10199/5
f 4089/3856/5 4037/10192/5 3973/3854/5
f 4044/3855/5 4095/10195/5 4089/3856/5
f 3973/3854/5 3999/10199/5 4044/3855/5
f 1609/3857/7 1606/10201/7 1597/3858/7
f 3393/3862/4 3440/3819/4 3343/3860/4
f 3337/3861/4 3333/4853/4 3393/3862/4
f 1617/3863/5 1634/10202/5 1631/3846/5
f 758/3865/4 755/3178/4 754/10203/4
f 757/3866/4 780/10204/4 779/3176/4
f 758/3865/4 754/10203/4 757/3866/4
f 4174/3867/3 4178/10205/3 4177/3868/3
f 3603/3870/1 3599/10206/1 3449/3871/1
f 1644/3873/1 1643/6119/1 1620/10207/1
f 1620/10207/1 1599/10208/1 1622/3874/1
f 1622/3874/1 1602/3969/1 1604/3968/1
f 1604/3968/1 1749/10209/1 1746/3875/1
f 1746/3875/1 1658/10210/1 1644/3873/1
f 1644/3873/1 1620/10207/1 1622/3874/1
f 1622/3874/1 1604/3968/1 1746/3875/1
f 4074/3876/3 4070/10211/3 4071/3877/3
f 1647/3879/1 1667/10212/1 1673/3880/1
f 1676/3882/1 1678/10213/1 1669/3883/1
f 830/10214/4 838/10215/4 888/10216/4
f 887/10217/4 911/10218/4 913/10219/4
f 830/10214/4 888/10216/4 887/10217/4
f 652/3887/4 701/10220/4 700/3885/4
f 700/3885/4 830/10214/4 887/10217/4
f 887/10217/4 913/10219/4 633/3886/4
f 633/3886/4 618/4381/4 631/10221/4
f 631/10221/4 651/10222/4 652/3887/4
f 700/3885/4 887/10217/4 633/3886/4
f 633/3886/4 631/10221/4 652/3887/4
f 2731/3888/7 2737/10223/7 2719/3889/7
f 626/3891/1 601/10224/1 582/10225/1
f 624/3892/1 646/10226/1 648/3893/1
f 626/3891/1 582/10225/1 624/3892/1
f 1355/10227/5 1353/10228/5 1270/10229/5
f 1194/3894/5 1109/10230/5 1082/6256/5
f 1298/3896/5 1355/10227/5 1270/10229/5
f 1197/3895/5 1302/10231/5 1298/3896/5
f 1082/6256/5 1200/10232/5 1197/3895/5
f 1298/3896/5 1270/10229/5 1194/3894/5
f 1194/3894/5 1082/6256/5 1197/3895/5
f 1673/3897/7 1667/10233/7 1664/3898/7
f 2811/3900/1 2709/10234/1 2713/3901/1
f 2713/3901/1 2844/10235/1 2853/3902/1
f 1669/3903/7 1678/10236/7 1703/3904/7
f 1732/3906/4 1679/10237/4 1671/10238/4
f 1673/10239/4 1702/10240/4 1729/3907/4
f 1732/3906/4 1671/10238/4 1673/10239/4
f 1827/3908/4 1757/10241/4 1732/3906/4
f 1729/3907/4 1822/10242/4 1827/3908/4
f 1732/3906/4 1673/10239/4 1729/3907/4
f 1651/3909/7 1682/10243/7 1676/3910/7
f 1724/3917/1 1729/10244/1 1702/3915/1
f 1702/3915/1 1664/10245/1 1700/3916/1
f 1710/3918/7 1737/10246/7 1708/3919/7
f 3355/10247/4 3414/10248/4 3469/3922/4
f 3469/3922/4 3141/10249/4 3134/3923/4
f 3134/3923/2 3178/10250/2 3204/3921/2
f 3204/3921/4 3355/10247/4 3469/3922/4
f 1729/3924/7 1724/10251/7 1697/3925/7
f 1727/3927/7 1731/10252/7 1756/3928/7
f 788/2995/5 786/8999/5 745/3930/5
f 1757/3932/7 1714/10253/7 1735/3933/7
f 4216/10254/5 4144/10255/5 4145/10256/5
f 4216/10254/5 4145/10256/5 4176/3935/5
f 4433/10257/5 4429/10258/5 4253/3937/5
f 4253/3937/5 4216/10254/5 4176/3935/5
f 4199/3936/5 4433/10257/5 4253/3937/5
f 4917/10259/5 4916/10260/5 4859/10261/5
f 4859/10261/5 4858/10262/5 4739/10263/5
f 4739/10263/5 4740/10264/5 4765/10265/5
f 4764/10266/5 4799/10267/5 4863/10268/5
f 4739/10263/5 4765/10265/5 4764/10266/5
f 4917/10259/5 4859/10261/5 4739/10263/5
f 4971/3940/5 4960/10269/5 4917/10259/5
f 4877/10270/5 4946/10271/5 4936/3939/5
f 4917/10259/5 4739/10263/5 4764/10266/5
f 4863/10268/5 4926/10272/5 4925/10273/5
f 4917/10259/5 4764/10266/5 4863/10268/5
f 4876/10274/5 4875/10275/5 4877/10270/5
f 4935/3938/5 4934/10276/5 4876/10274/5
f 4917/10259/5 4863/10268/5 4925/10273/5
f 4971/3940/5 4917/10259/5 4925/10273/5
f 4876/10274/5 4877/10270/5 4936/3939/5
f 4971/3940/5 4925/10273/5 4935/3938/5
f 4935/3938/5 4876/10274/5 4936/3939/5
f 1820/3941/4 1822/10242/4 1729/3907/4
f 1729/3907/4 1754/10277/4 1810/10278/4
f 1808/3942/4 1857/10279/4 1820/3941/4
f 1729/3907/4 1810/10278/4 1808/3942/4
f 4299/3945/7 4340/10280/7 4306/3943/7
f 4306/3943/7 4301/10281/7 4300/3944/7
f 4503/3946/2 4504/10282/2 4427/10283/2
f 4427/10283/2 4426/10284/2 4474/3947/2
f 4474/3947/2 4473/10285/2 4500/10286/2
f 4502/3948/2 4540/10287/2 4541/10288/2
f 4474/3947/2 4500/10286/2 4502/3948/2
f 4503/3946/2 4427/10283/2 4474/3947/2
f 4502/3948/2 4541/10288/2 4503/3946/2
f 1847/3951/2 1850/10289/2 1737/3949/2
f 1737/3949/2 1710/10290/2 1830/3950/2
f 1764/3952/5 1783/10291/5 1781/3953/5
f 1489/3955/4 1488/10292/4 1485/3796/4
f 1485/3796/4 1487/3795/4 1483/3956/4
f 1483/3956/4 1517/4754/4 1489/3955/4
f 3719/3959/1 3727/10293/1 3659/3957/1
f 3659/3957/1 3594/10294/1 3654/3958/1
f 1802/3960/3 1812/10295/3 1808/3961/3
f 3361/10296/2 3356/10297/2 3417/10298/2
f 3417/10298/2 3423/10299/2 3478/10300/2
f 3478/10300/2 3477/10301/2 3513/10302/2
f 3514/10303/2 3566/10304/2 3570/10305/2
f 3478/10300/2 3513/10302/2 3514/10303/2
f 3361/10296/2 3417/10298/2 3478/10300/2
f 3154/10306/2 3297/10307/2 3300/10308/2
f 3361/10296/2 3478/10300/2 3514/10303/2
f 3159/10309/2 3154/10306/2 3300/10308/2
f 3361/10296/2 3514/10303/2 3570/10305/2
f 3161/10310/2 3159/10309/2 3300/10308/2
f 3361/10296/2 3570/10305/2 3641/10311/2
f 3161/10310/2 3300/10308/2 3361/10296/2
f 3252/10312/2 3161/10310/2 3361/10296/2
f 3361/10296/2 3641/10311/2 3744/3963/2
f 3744/3963/2 4010/10313/2 4013/10314/2
f 3744/3963/2 4013/10314/2 3984/10315/2
f 3252/10312/2 3361/10296/2 3744/3963/2
f 3484/3965/2 3424/10316/2 3365/10317/2
f 3365/10317/2 3252/10312/2 3744/3963/2
f 3744/3963/2 3984/10315/2 3836/10318/2
f 3836/10318/2 3838/10319/2 3749/10320/2
f 3687/10321/2 3688/10322/2 3574/3964/2
f 3836/10318/2 3749/10320/2 3687/10321/2
f 3484/3965/2 3365/10317/2 3744/3963/2
f 3574/3964/2 3578/10323/2 3518/10324/2
f 3744/3963/2 3836/10318/2 3687/10321/2
f 3574/3964/2 3518/10324/2 3484/3965/2
f 3744/3963/2 3687/10321/2 3574/3964/2
f 1816/3493/3 1819/3492/3 1814/3966/3
f 1501/3970/1 1500/4947/1 1477/9854/1
f 1480/9853/1 1430/9856/1 1604/3968/1
f 1501/3970/1 1477/9854/1 1480/9853/1
f 1620/10207/1 1513/4946/1 1501/3970/1
f 1602/3969/1 1622/3874/1 1599/10208/1
f 1599/10208/1 1620/10207/1 1501/3970/1
f 1501/3970/1 1480/9853/1 1604/3968/1
f 1602/3969/1 1599/10208/1 1501/3970/1
f 1825/3971/3 1829/10325/3 1827/3972/3
f 1852/3975/5 1830/10326/5 1781/3953/5
f 1781/3953/5 1784/10327/5 1786/10328/5
f 1854/3974/5 1877/10329/5 1942/4019/5
f 1781/3953/5 1786/10328/5 1854/3974/5
f 1854/3974/5 1942/4019/5 1852/3975/5
f 3690/3976/1 3696/4996/1 3584/3977/1
f 1546/10330/2 1499/10331/2 1474/10332/2
f 1428/10333/5 1398/10334/5 1402/10335/5
f 1546/10330/4 1474/10332/4 1428/10333/4
f 1652/3981/5 1637/10336/5 1587/10337/5
f 1546/10330/5 1428/10333/5 1402/10335/5
f 1652/3981/5 1587/10337/5 1546/10330/5
f 1652/3981/5 1546/10330/5 1402/10335/5
f 1402/10335/2 1549/10338/2 2100/3979/2
f 2100/3979/5 2094/10339/5 1767/10340/5
f 2100/3979/5 1767/10340/5 1743/10341/5
f 1652/3981/5 1402/10335/5 2100/3979/5
f 2100/3979/5 1743/10341/5 1688/3980/5
f 743/3982/1 776/3546/1 742/3545/1
f 742/3545/1 735/9832/1 736/3983/1
f 212/10342/1 217/10343/1 162/10344/1
f 136/10345/1 114/10346/1 115/2429/1
f 163/10347/1 212/10342/1 162/10344/1
f 164/10348/1 163/10347/1 162/10344/1
f 136/10345/1 115/2429/1 116/2428/1
f 164/10348/1 162/10344/1 136/10345/1
f 165/10349/1 164/10348/1 136/10345/1
f 136/10345/1 116/2428/1 117/8480/1
f 137/3984/1 167/10350/1 193/10351/1
f 136/10345/1 117/8480/1 137/3984/1
f 166/3986/1 165/10349/1 136/10345/1
f 218/3985/1 215/10352/1 177/10353/1
f 166/3986/1 136/10345/1 137/3984/1
f 218/3985/1 177/10353/1 166/3986/1
f 137/3984/1 193/10351/1 218/3985/1
f 3446/3987/1 3338/10354/1 3343/3988/1
f 1844/3990/3 1850/10355/3 1847/3991/3
f 1868/3993/1 1814/10356/1 1819/10357/1
f 1840/3994/1 1891/10358/1 1888/3995/1
f 1868/3993/1 1819/10357/1 1840/3994/1
f 1814/10359/5 1868/9373/5 1855/3233/5
f 1855/3233/2 1805/9375/2 1775/10360/2
f 1806/10361/5 1814/10359/5 1855/3233/5
f 1726/10362/2 1777/10363/2 1806/10361/2
f 1666/10172/5 1727/10364/5 1726/10362/5
f 1629/10173/5 1666/10172/5 1726/10362/5
f 1726/10362/5 1806/10361/5 1855/3233/5
f 1726/10362/5 1855/3233/5 1775/10360/5
f 1614/10174/5 1629/10173/5 1726/10362/5
f 1568/10177/5 1584/10176/5 1581/10175/5
f 1614/10174/5 1726/10362/5 1775/10360/5
f 1537/10365/5 1568/10177/5 1581/10175/5
f 1614/10174/5 1775/10360/5 1696/5920/5
f 1537/10365/5 1581/10175/5 1614/10174/5
f 1521/4836/5 1522/10366/5 1537/10365/5
f 1535/3834/5 1521/4836/5 1537/10365/5
f 1614/10174/5 1696/5920/5 1626/10367/5
f 1579/10162/5 1535/3834/5 1537/10365/5
f 1579/10162/5 1537/10365/5 1614/10174/5
f 1626/10367/2 1646/10368/2 1693/5919/2
f 1579/10162/5 1614/10174/5 1626/10367/5
f 1578/3835/5 1579/10162/5 1626/10367/5
f 1626/10367/5 1693/5919/5 1752/10369/5
f 1752/10369/5 1560/10370/5 1562/4720/5
f 1564/4719/5 1515/4718/5 1516/6433/5
f 1626/10367/5 1752/10369/5 1562/4720/5
f 1534/3836/5 1578/3835/5 1626/10367/5
f 1462/10371/5 1492/4837/5 1520/10372/5
f 1520/10372/5 1534/3836/5 1626/10367/5
f 1626/10367/5 1562/4720/5 1564/4719/5
f 1564/4719/5 1516/6433/5 1518/6432/5
f 1518/6432/5 1504/10373/5 1455/3787/5
f 1455/3787/5 1437/3786/5 1440/10374/5
f 1443/10375/5 1445/10376/5 1417/5302/5
f 1455/3787/5 1440/10374/5 1443/10375/5
f 1626/10367/5 1564/4719/5 1518/6432/5
f 1518/6432/5 1455/3787/5 1443/10375/5
f 1417/5302/5 1397/10377/5 1421/10378/5
f 1518/6432/5 1443/10375/5 1417/5302/5
f 1520/10372/5 1626/10367/5 1518/6432/5
f 1462/10371/5 1520/10372/5 1518/6432/5
f 1417/5302/5 1421/10378/5 1420/10379/5
f 1462/10371/5 1518/6432/5 1417/5302/5
f 1494/10380/5 1493/10381/5 1463/3998/5
f 1463/3998/5 1462/10371/5 1417/5302/5
f 1417/5302/5 1420/10379/5 1468/3996/5
f 1468/3996/5 1496/10382/5 1495/3997/5
f 1495/3997/5 1494/10380/5 1463/3998/5
f 1463/3998/5 1417/5302/5 1468/3996/5
f 4145/10383/2 4146/10384/2 4103/10385/2
f 4143/8916/2 4141/2917/2 4430/10386/2
f 4433/10387/2 4199/8750/2 4220/2785/2
f 4220/2785/2 4325/8754/2 4327/10388/2
f 4433/10387/2 4220/2785/2 4327/10388/2
f 4098/2915/2 4143/8916/2 4430/10386/2
f 4174/8752/2 4176/8751/2 4145/10383/2
f 4102/10389/2 4174/8752/2 4145/10383/2
f 4433/10387/2 4327/10388/2 4374/10390/2
f 4433/10387/2 4374/10390/2 4373/2787/2
f 4102/10389/2 4145/10383/2 4103/10385/2
f 4218/2786/2 4173/8753/2 4100/3999/2
f 4100/3999/2 4102/10389/2 4103/10385/2
f 4430/10386/2 4433/10387/2 4373/2787/2
f 4430/10386/2 4373/2787/2 4218/2786/2
f 4100/3999/2 4103/10385/2 4098/2915/2
f 4098/2915/2 4430/10386/2 4218/2786/2
f 1825/10391/4 1895/10392/4 1913/4000/4
f 1913/4000/4 1739/10006/4 1718/4001/4
f 1829/4002/4 1825/10391/4 1913/4000/4
f 215/4005/5 214/10393/5 176/4003/5
f 176/4003/5 166/10394/5 177/4004/5
f 1471/10395/5 1498/10396/5 1527/4006/5
f 1575/10397/4 1636/10398/4 1741/10399/4
f 1426/10400/4 1471/10395/4 1527/4006/4
f 1527/4006/2 1575/10397/2 1741/10399/2
f 1741/10399/2 1832/10401/2 1903/10402/2
f 1980/4007/4 2092/10403/4 2097/10404/4
f 1741/10399/4 1903/10402/4 1980/4007/4
f 1527/4006/5 1741/10399/5 1980/4007/5
f 1980/4007/4 2097/10404/4 1789/10405/4
f 1789/10405/2 1654/10406/2 1530/4008/2
f 1530/4008/4 1388/10407/4 1383/10408/4
f 1530/4008/4 1383/10408/4 1426/10400/4
f 1980/4007/4 1789/10405/4 1530/4008/4
f 1530/4008/4 1426/10400/4 1527/4006/4
f 1857/4009/1 1808/10409/1 1812/4010/1
f 1812/4010/1 1866/5343/1 1873/4011/1
f 63/4012/1 62/10410/1 39/8415/1
f 57/2352/1 75/8414/1 88/4013/1
f 63/4012/1 39/8415/1 57/2352/1
f 1866/4014/3 1874/10411/3 1871/4015/3
f 2088/10412/5 2075/10413/5 2037/9601/5
f 2088/10412/5 2037/9601/5 1965/3414/5
f 1942/4019/5 2096/10414/5 2088/10412/5
f 1841/4018/5 1847/10415/5 1852/3975/5
f 1942/4019/5 2088/10412/5 1965/3414/5
f 1962/4017/5 1974/9602/5 1972/4084/5
f 1942/4019/5 1965/3414/5 1962/4017/5
f 1841/4018/5 1852/3975/5 1942/4019/5
f 1962/4017/5 1972/4084/5 1841/4018/5
f 1941/10416/4 1979/10417/4 1913/4000/4
f 1913/4000/4 1895/10392/4 1936/4020/4
f 1936/4020/4 1959/10418/4 1961/10419/4
f 1938/4021/4 1941/10416/4 1913/4000/4
f 1936/4020/4 1961/10419/4 1938/4021/4
f 1891/4022/3 1894/10420/3 1889/4023/3
f 484/4025/2 443/10421/2 442/4026/2
f 442/4026/2 541/10422/2 542/4027/2
f 3732/4028/2 3665/10423/2 3662/10424/2
f 3731/4029/2 3786/10425/2 3787/4030/2
f 3732/4028/2 3662/10424/2 3731/4029/2
f 704/4031/1 699/10426/1 654/4032/1
f 2850/4034/1 2904/10427/1 2899/10428/1
f 2841/4035/1 2807/10429/1 2847/4036/1
f 2850/4034/1 2899/10428/1 2841/4035/1
f 4773/10430/7 4810/8797/7 4813/4037/7
f 4813/4037/7 4776/10431/7 4775/4038/7
f 4774/4039/7 4773/10430/7 4813/4037/7
f 4715/4040/5 4630/10432/5 4631/4041/5
f 4631/4041/5 4677/10433/5 4777/4042/5
f 4777/4042/5 4770/10434/5 4715/4040/5
f 4368/4043/7 4365/10435/7 4315/10436/7
f 4315/10436/7 4318/10437/7 4321/4044/7
f 4321/4044/7 4323/10438/7 4370/4045/7
f 4368/4043/7 4315/10436/7 4321/4044/7
f 201/4046/7 197/10439/7 179/4047/7
f 4726/4049/3 4728/10440/3 4734/10441/3
f 4733/4050/3 4988/10442/3 4989/4051/3
f 4726/4049/3 4734/10441/3 4733/4050/3
f 1994/4052/1 2014/10443/1 2013/10444/1
f 1991/10445/1 1969/6120/1 1947/4053/1
f 1994/4052/1 2013/10444/1 1991/10445/1
f 1898/4054/1 1983/4126/1 1994/4052/1
f 1947/4053/1 1881/10446/1 1898/4054/1
f 1994/4052/1 1991/10445/1 1947/4053/1
f 1924/4055/5 1953/9366/5 1951/4056/5
f 367/4058/4 371/8539/4 341/4059/4
f 3103/4062/3 3099/5134/3 3100/4060/3
f 3100/4060/3 3091/10447/3 3104/4061/3
f 1515/4718/5 1562/4720/5 1560/10370/5
f 1560/10370/5 1451/10448/5 1391/4063/5
f 1391/4063/5 1370/10449/5 1371/10450/5
f 1391/4063/5 1371/10450/5 1392/10451/5
f 1515/4718/5 1560/10370/5 1391/4063/5
f 1502/6431/5 1516/6433/5 1515/4718/5
f 1455/3787/5 1504/10373/5 1502/6431/5
f 1435/3785/5 1455/3787/5 1502/6431/5
f 1502/6431/5 1515/4718/5 1391/4063/5
f 1391/4063/5 1392/10451/5 1412/4064/5
f 1415/5300/5 1445/10376/5 1443/10375/5
f 1412/4064/5 1415/5300/5 1443/10375/5
f 1412/4064/5 1443/10375/5 1440/10374/5
f 1435/3785/5 1502/6431/5 1391/4063/5
f 1412/4064/5 1440/10374/5 1437/3786/5
f 1437/3786/5 1435/3785/5 1391/4063/5
f 828/10452/1 830/10453/1 700/4065/1
f 700/4065/1 702/10454/1 740/4066/1
f 774/4067/1 828/10452/1 700/4065/1
f 4460/10455/2 4538/10456/2 4539/10457/2
f 4460/10455/2 4539/10457/2 4462/10458/2
f 4240/10459/2 4243/10460/2 4420/4070/2
f 4420/4070/2 4460/10455/2 4462/10458/2
f 4420/4070/2 4462/10458/2 4421/10461/2
f 4241/4069/2 4240/10459/2 4420/4070/2
f 4355/4068/2 4356/10462/2 4241/4069/2
f 4420/4070/2 4421/10461/2 4355/4068/2
f 679/10463/1 683/10464/1 436/10465/1
f 397/10466/1 355/10467/1 332/4071/1
f 575/10468/1 679/10463/1 436/10465/1
f 556/10469/1 575/10468/1 436/10465/1
f 527/10470/1 556/10469/1 436/10465/1
f 520/10471/1 527/10470/1 436/10465/1
f 437/10472/1 520/10471/1 436/10465/1
f 356/4073/1 432/10473/1 437/10472/1
f 333/10474/1 350/10475/1 356/4073/1
f 278/4072/1 303/8806/1 333/10474/1
f 260/8808/1 261/2876/1 278/4072/1
f 332/4071/1 277/10476/1 260/8808/1
f 437/10472/1 436/10465/1 397/10466/1
f 332/4071/1 260/8808/1 278/4072/1
f 437/10472/1 397/10466/1 332/4071/1
f 278/4072/1 333/10474/1 356/4073/1
f 356/4073/1 437/10472/1 332/4071/1
f 2209/10477/4 2206/4096/4 2273/10478/4
f 2273/10478/4 2270/10479/4 2466/10480/4
f 2466/10480/2 2510/10481/2 2566/4074/2
f 2566/4074/4 2757/10482/4 2761/10483/4
f 2637/10484/4 2640/10485/4 2569/10486/4
f 2566/4074/4 2761/10483/4 2637/10484/4
f 2273/10478/4 2466/10480/4 2566/4074/4
f 2151/10487/4 2148/10488/4 2209/10477/4
f 2209/10477/4 2273/10478/4 2566/4074/4
f 2566/4074/4 2637/10484/4 2569/10486/4
f 2566/4074/4 2569/10486/4 2571/4422/4
f 2151/10487/4 2209/10477/4 2566/4074/4
f 2316/4076/4 2280/10489/4 2211/10490/4
f 2211/10490/4 2151/10487/4 2566/4074/4
f 2566/4074/4 2571/4422/4 2514/4075/4
f 2514/4075/4 2520/4421/4 2436/10491/4
f 2436/10491/5 2348/10492/5 2316/4076/5
f 2316/4076/4 2211/10490/4 2566/4074/4
f 2514/4075/4 2436/10491/4 2316/4076/4
f 1731/10493/5 1703/10494/5 1678/10495/5
f 1678/10495/5 1676/10496/5 1682/10497/5
f 1708/4077/5 1737/10498/5 1850/10499/5
f 1678/10495/5 1682/10497/5 1708/4077/5
f 1778/4548/5 1756/10500/5 1731/10493/5
f 1731/10493/5 1678/10495/5 1708/4077/5
f 1708/4077/5 1850/10499/5 1844/4340/5
f 1935/10501/5 1957/4339/5 2002/4078/5
f 1708/4077/5 1844/4340/5 1935/10501/5
f 1778/4548/5 1731/10493/5 1708/4077/5
f 1894/4079/5 1891/10502/5 1840/4546/5
f 1840/4546/5 1778/4548/5 1708/4077/5
f 1708/4077/5 1935/10501/5 2002/4078/5
f 1894/4079/5 1840/4546/5 1708/4077/5
f 3843/10503/5 3840/10504/5 3824/10505/5
f 3829/10506/5 3828/10507/5 3785/4080/5
f 3843/10503/5 3824/10505/5 3829/10506/5
f 3872/10508/5 3871/10509/5 3843/10503/5
f 3891/10510/5 3890/10511/5 3872/10508/5
f 3799/4082/5 3854/10512/5 3850/10513/5
f 3850/10513/5 3891/10510/5 3872/10508/5
f 3872/10508/5 3843/10503/5 3829/10506/5
f 3785/4080/5 3783/10514/5 3728/10515/5
f 3872/10508/5 3829/10506/5 3785/4080/5
f 3799/4082/5 3850/10513/5 3872/10508/5
f 3736/4081/5 3791/10516/5 3799/4082/5
f 3785/4080/5 3728/10515/5 3736/4081/5
f 3799/4082/5 3872/10508/5 3785/4080/5
f 1977/3413/5 1989/9600/5 1988/4083/5
f 4921/4085/7 4864/10517/7 4861/4086/7
f 707/10518/4 672/10519/4 721/10520/4
f 721/10520/5 730/10521/5 914/4088/5
f 914/4088/4 909/9635/4 933/3449/4
f 933/3449/4 964/9643/4 963/9449/4
f 934/4089/4 938/10522/4 731/10523/4
f 933/3449/4 963/9449/4 934/4089/4
f 707/10518/4 721/10520/4 914/4088/4
f 914/4088/4 933/3449/4 934/4089/4
f 934/4089/4 731/10523/4 723/4090/4
f 723/4090/4 707/10518/4 914/4088/4
f 4404/4091/2 4306/10524/2 4340/4092/2
f 2151/10487/4 2211/10490/4 2280/10489/4
f 1932/4094/4 1927/10525/4 1917/10526/4
f 2151/10487/4 2280/10489/4 1932/4094/4
f 2206/4096/4 2209/10477/4 2148/10488/4
f 2148/10488/4 2151/10487/4 1932/4094/4
f 1932/4094/4 1917/10526/4 2047/10527/4
f 1932/4094/4 2047/10527/4 2050/10528/4
f 2206/4096/4 2148/10488/4 1932/4094/4
f 1932/4094/4 2050/10528/4 2055/4095/4
f 2008/4097/3 2010/10529/3 2004/4098/3
f 4815/10530/7 4824/10531/7 4825/10532/7
f 4783/10533/7 4778/10534/7 4779/10535/7
f 4815/10530/7 4825/10532/7 4783/10533/7
f 5010/10536/7 4814/10537/7 4815/10530/7
f 5011/10538/7 5010/10536/7 4815/10530/7
f 4815/10530/7 4783/10533/7 4779/10535/7
f 5011/10538/7 4815/10530/7 4779/10535/7
f 4821/10539/7 4997/10540/7 4998/4102/7
f 4998/4102/7 5011/10538/7 4779/10535/7
f 4998/4102/7 4779/10535/7 4780/10541/7
f 4823/4101/7 4821/10539/7 4998/4102/7
f 4830/10542/7 4828/10543/7 4823/4101/7
f 4781/4100/7 4782/10544/7 4784/10545/7
f 4784/10545/7 4830/10542/7 4823/4101/7
f 4998/4102/7 4780/10541/7 4781/4100/7
f 4781/4100/7 4784/10545/7 4823/4101/7
f 571/4103/1 569/10546/1 533/4104/1
f 5001/4108/3 5040/4108/3 4950/10547/3
f 4950/10547/3 5037/4106/3 4999/4106/3
f 4999/4106/3 4985/10548/3 4951/4107/3
f 4951/4107/3 4956/10549/3 5002/10550/3
f 5001/4108/3 4950/10547/3 4999/4106/3
f 4951/4107/3 5002/10550/3 5001/4108/3
f 3883/4110/5 3911/9035/5 3882/3016/5
f 3882/3016/5 3858/9033/5 3859/4109/5
f 2041/4111/4 2039/10551/4 2010/4112/4
f 4803/10552/4 4802/10553/4 4768/10554/4
f 4768/10554/4 4741/6274/4 4713/6273/4
f 4713/6273/4 4714/6275/4 4583/10555/4
f 4713/6273/4 4583/10555/4 4620/10556/4
f 4868/10557/4 4803/10552/4 4768/10554/4
f 4768/10554/4 4713/6273/4 4620/10556/4
f 4574/10558/4 4573/10559/4 4536/4114/4
f 4868/10557/4 4768/10554/4 4620/10556/4
f 4620/10556/4 4574/10558/4 4536/4114/4
f 4536/4114/4 4354/10560/4 4351/10561/4
f 4416/10562/4 4660/6205/4 4673/6207/4
f 4536/4114/4 4351/10561/4 4416/10562/4
f 4866/4116/4 4868/10557/4 4620/10556/4
f 4536/4114/4 4416/10562/4 4673/6207/4
f 4866/4116/4 4620/10556/4 4536/4114/4
f 4923/10563/4 4927/10564/4 4866/4116/4
f 4766/10565/4 4861/10566/4 4864/10567/4
f 4864/10567/4 4923/10563/4 4866/4116/4
f 4673/6207/4 4687/6231/4 4688/10568/4
f 4688/10568/4 4686/6230/4 4702/10569/4
f 4688/10568/4 4702/10569/4 4704/6270/4
f 4673/6207/4 4688/10568/4 4704/6270/4
f 4712/4115/4 4766/10565/4 4864/10567/4
f 4673/6207/4 4704/6270/4 4712/4115/4
f 4712/4115/4 4864/10567/4 4866/4116/4
f 4536/4114/4 4673/6207/4 4712/4115/4
f 2057/4117/1 2059/10570/1 2052/4118/1
f 2023/4120/7 2061/10571/7 2057/4121/7
f 275/4122/2 207/10572/2 188/4123/2
f 2042/4125/1 2014/10443/1 1994/4052/1
f 1871/4127/4 2319/10573/4 2317/10574/4
f 2317/10574/4 2346/10575/4 2381/10576/4
f 2381/10576/4 2410/10577/4 1971/10578/4
f 2317/10574/4 2381/10576/4 1971/10578/4
f 1857/10279/4 1873/10579/4 1871/4127/4
f 2317/10574/4 1971/10578/4 1930/5857/4
f 1909/4128/4 1910/5858/4 1822/10242/4
f 2317/10574/7 1930/5857/7 1909/4128/7
f 1820/3941/4 1857/10279/4 1871/4127/4
f 1871/4127/4 2317/10574/4 1909/4128/4
f 1909/4128/4 1822/10242/4 1820/3941/4
f 2086/4129/5 2083/10580/5 2081/4130/5
f 4834/4132/7 4832/10581/7 4893/4133/7
f 2075/4118/2 2083/10582/2 2086/4135/2
f 2037/4136/7 2086/10583/7 2080/4137/7
f 4928/4139/7 4935/10584/7 4925/4140/7
f 2515/10585/2 2677/10586/2 2679/10422/2
f 2512/4142/2 2304/10587/2 2302/10588/2
f 2515/10585/2 2679/10422/2 2512/4142/2
f 2469/10589/2 2515/10585/2 2512/4142/2
f 2512/4142/2 2302/10588/2 2338/4143/2
f 2404/4144/2 2469/10589/2 2512/4142/2
f 2049/4145/5 2126/10590/5 2124/4146/5
f 2044/4148/7 2049/10591/7 2122/4149/7
f 2134/4151/4 2133/4220/4 2131/4152/4
f 2137/4154/1 2139/10592/1 2126/4155/1
f 45/10593/4 44/10594/4 43/10595/4
f 46/4157/4 62/10596/4 63/3793/4
f 45/10593/4 43/10595/4 46/4157/4
f 68/4159/4 67/10597/4 45/10593/4
f 91/4158/4 90/10598/4 68/4159/4
f 46/4157/4 63/3793/4 91/4158/4
f 68/4159/4 45/10593/4 46/4157/4
f 4992/2695/3 4916/10599/3 4917/4160/3
f 4915/4161/3 5005/10600/3 4992/2695/3
f 5004/4164/3 5003/5006/3 4900/4162/3
f 4900/4162/3 4901/10601/3 4905/10602/3
f 4904/4163/3 4908/10603/3 5004/4164/3
f 4900/4162/3 4905/10602/3 4904/4163/3
f 2174/9811/4 2171/10604/4 2160/4165/4
f 2163/4166/4 2224/4188/4 2222/9808/4
f 2169/4167/4 2174/9811/4 2160/4165/4
f 2163/4166/4 2222/9808/4 2169/4167/4
f 4818/10605/2 4816/10606/2 4878/10607/2
f 4878/10607/2 4880/10608/2 4817/10609/2
f 4819/4168/2 4881/10610/2 4883/4169/2
f 4818/10605/2 4878/10607/2 4817/10609/2
f 4779/10611/2 4818/10605/2 4817/10609/2
f 4820/4170/2 4781/10612/2 4780/10613/2
f 4780/10613/2 4779/10611/2 4817/10609/2
f 4780/10613/2 4817/10609/2 4819/4168/2
f 4883/4169/2 4822/10614/2 4820/4170/2
f 4820/4170/2 4780/10613/2 4819/4168/2
f 3959/4171/1 3958/10615/1 3956/4172/1
f 3956/4172/1 3925/10616/1 3953/4173/1
f 2113/4174/1 2192/9284/1 2190/4175/1
f 865/4176/2 861/10617/2 862/10618/2
f 865/4176/2 862/10618/2 864/10619/2
f 944/10620/2 945/10621/2 865/4176/2
f 918/10622/2 919/10623/2 921/4178/2
f 921/4178/2 944/10620/2 865/4176/2
f 865/4176/2 864/10619/2 895/4177/2
f 895/4177/2 918/10622/2 921/4178/2
f 2126/4179/7 2139/10624/7 2196/4130/7
f 2441/10625/5 2439/10626/5 2407/10627/5
f 2407/10627/5 2343/4337/5 2314/4181/5
f 2314/4181/5 2312/4336/5 2277/10628/5
f 2277/10628/5 2276/10629/5 2147/10630/5
f 2147/10630/5 2024/5296/5 2027/4182/5
f 2027/4182/5 2063/10631/5 2409/4183/5
f 2409/4183/5 2441/10625/5 2407/10627/5
f 2314/4181/5 2277/10628/5 2147/10630/5
f 2409/4183/5 2407/10627/5 2314/4181/5
f 2314/4181/5 2147/10630/5 2027/4182/5
f 2224/4188/4 2163/4166/4 2160/4165/4
f 2160/4165/4 2158/10632/4 2245/4187/4
f 4482/4191/1 4449/10633/1 4392/4189/1
f 4392/4189/1 4393/6414/1 4438/4190/1
f 2232/4192/3 2234/10634/3 2229/4193/3
f 698/4197/5 720/10635/5 719/4195/5
f 696/4196/5 669/10636/5 698/4197/5
f 2691/10637/5 2689/10638/5 2648/10639/5
f 2648/10639/5 2699/10640/5 2706/10641/5
f 2706/10641/5 2838/10642/5 2836/4574/5
f 2834/4576/5 2892/4575/5 2915/10643/5
f 2706/10641/5 2836/4574/5 2834/4576/5
f 2691/10637/5 2648/10639/5 2706/10641/5
f 2465/10644/5 2512/10645/5 2679/10646/5
f 2691/10637/5 2706/10641/5 2834/4576/5
f 2679/10646/5 2691/10637/5 2834/4576/5
f 2915/10643/5 3017/10647/5 3012/10648/5
f 2679/10646/5 2834/4576/5 2915/10643/5
f 2465/10644/5 2679/10646/5 2915/10643/5
f 3012/10648/5 3061/10649/5 3051/10650/5
f 2465/10644/5 2915/10643/5 3012/10648/5
f 2300/4200/2 2341/4376/2 2430/4375/2
f 2465/10644/5 3012/10648/5 3051/10650/5
f 2300/4200/4 2430/4375/4 2465/10644/4
f 2061/10651/5 2310/10652/5 2304/4199/5
f 2300/4200/5 2465/10644/5 3051/10650/5
f 2059/10653/5 2057/10654/5 2061/10651/5
f 2142/4280/5 2059/10653/5 2061/10651/5
f 3051/10650/5 2502/10655/5 2429/10656/5
f 2340/10657/5 2298/4368/5 2265/10658/5
f 2300/4200/5 3051/10650/5 2429/10656/5
f 2429/10656/5 2340/10657/5 2265/10658/5
f 2202/4198/5 2142/4280/5 2061/10651/5
f 2300/4200/5 2429/10656/5 2265/10658/5
f 2202/4198/5 2061/10651/5 2304/4199/5
f 2300/4200/5 2265/10658/5 2202/4198/5
f 153/4203/7 172/10659/7 159/4201/7
f 159/4201/7 154/10660/7 152/4202/7
f 4938/10661/1 4932/10662/1 4868/10663/1
f 4869/10664/1 4804/10665/1 4805/10666/1
f 4938/10661/1 4868/10663/1 4869/10664/1
f 4979/4206/1 5035/10667/1 4940/10668/1
f 4940/10668/1 4938/10661/1 4869/10664/1
f 4805/10666/1 4773/10669/1 4774/10670/1
f 4940/10668/1 4869/10664/1 4805/10666/1
f 4979/4206/1 4940/10668/1 4805/10666/1
f 4805/10666/1 4774/10670/1 4775/10671/1
f 4775/10671/1 4776/10672/1 4806/4204/1
f 4806/4204/1 4807/10673/1 4870/10674/1
f 4870/10674/1 4871/10675/1 4933/10676/1
f 4870/10674/1 4933/10676/1 4944/10677/1
f 4805/10666/1 4775/10671/1 4806/4204/1
f 4806/4204/1 4870/10674/1 4944/10677/1
f 4942/10678/1 5045/10679/1 4977/4205/1
f 4806/4204/1 4944/10677/1 4942/10678/1
f 4979/4206/1 4805/10666/1 4806/4204/1
f 4806/4204/1 4942/10678/1 4977/4205/1
f 2242/4207/3 2226/10680/3 2224/4208/3
f 2249/4210/3 2251/10681/3 2248/4211/3
f 4970/4215/2 4971/10682/2 4936/4213/2
f 4933/4214/2 4944/10683/2 4970/4215/2
f 2047/10684/4 2118/10685/4 2564/4216/4
f 2564/4216/4 2507/10686/4 2459/10687/4
f 2564/4216/4 2459/10687/4 2236/10688/4
f 2120/4218/4 2047/10684/4 2564/4216/4
f 2564/4216/4 2236/10688/4 2194/4217/4
f 2199/4371/4 2205/10689/4 2144/4219/4
f 2144/4219/4 2131/4152/4 2133/4220/4
f 2133/4220/4 2134/4151/4 2200/4221/4
f 2200/4221/4 2199/4371/4 2144/4219/4
f 2263/4222/4 2261/10690/4 2238/4223/4
f 3916/4225/7 3914/10691/7 3929/4226/7
f 2270/4228/3 2273/10692/3 2271/4229/3
f 2229/4233/4 2105/10693/4 2103/4231/4
f 2103/4231/4 2102/10694/4 2231/4232/4
f 607/10695/1 640/10696/1 641/10697/1
f 607/10695/1 641/10697/1 608/10698/1
f 578/10699/1 597/10700/1 577/10701/1
f 577/10701/1 607/10695/1 608/10698/1
f 577/10701/1 608/10698/1 576/5977/1
f 578/10699/1 577/10701/1 576/5977/1
f 557/10702/1 540/10703/1 528/3772/1
f 578/10699/1 576/5977/1 557/10702/1
f 642/10704/1 639/10705/1 579/10706/1
f 579/10706/1 578/10699/1 557/10702/1
f 557/10702/1 528/3772/1 529/3771/1
f 660/10707/1 681/10708/1 761/10709/1
f 660/10707/1 761/10709/1 759/10710/1
f 557/10702/1 529/3771/1 515/10087/1
f 579/10706/1 557/10702/1 515/10087/1
f 579/10706/1 515/10087/1 660/10707/1
f 642/10704/1 579/10706/1 660/10707/1
f 642/10704/1 660/10707/1 759/10710/1
f 751/10711/1 642/10704/1 759/10710/1
f 782/4234/1 797/10712/1 901/4235/1
f 751/10711/1 759/10710/1 782/4234/1
f 807/4236/1 804/10713/1 778/10714/1
f 778/10714/1 751/10711/1 782/4234/1
f 901/4235/1 899/10715/1 847/10716/1
f 807/4236/1 778/10714/1 782/4234/1
f 901/4235/1 847/10716/1 807/4236/1
f 2593/4237/1 2659/10717/1 2657/10718/1
f 2593/4237/1 2657/10718/1 2546/10719/1
f 2248/10720/1 2251/10721/1 2593/4237/1
f 2356/10722/1 2248/10720/1 2593/4237/1
f 2593/4237/1 2546/10719/1 2420/4238/1
f 2390/4239/1 2356/10722/1 2593/4237/1
f 488/2854/4 489/8794/4 474/10723/4
f 470/10724/4 454/10725/4 450/10726/4
f 488/2854/4 474/10723/4 470/10724/4
f 469/8795/4 488/2854/4 470/10724/4
f 450/10726/4 417/10727/4 412/10728/4
f 469/8795/4 470/10724/4 450/10726/4
f 469/8795/4 450/10726/4 412/10728/4
f 412/10728/4 376/10729/4 372/10730/4
f 408/10731/4 403/10732/4 447/10733/4
f 412/10728/4 372/10730/4 408/10731/4
f 469/8795/4 412/10728/4 408/10731/4
f 447/10733/4 443/10734/4 484/8888/4
f 469/8795/4 408/10731/4 447/10733/4
f 487/2855/4 469/8795/4 447/10733/4
f 447/10733/4 484/8888/4 485/2910/4
f 499/8886/4 498/2909/4 522/8885/4
f 447/10733/4 485/2910/4 499/8886/4
f 487/2855/4 447/10733/4 499/8886/4
f 499/8886/4 522/8885/4 531/8884/4
f 531/8884/4 530/8883/4 545/8887/4
f 545/8887/4 610/9171/4 612/9170/4
f 612/9170/4 621/9172/4 646/10735/4
f 646/10735/2 624/10736/2 582/10737/2
f 584/10738/4 617/10739/4 605/9426/4
f 612/9170/4 646/10735/4 582/10737/4
f 584/10738/4 605/9426/4 589/4240/4
f 545/8887/4 612/9170/4 582/10737/4
f 545/8887/4 582/10737/4 584/10738/4
f 487/2855/4 499/8886/4 531/8884/4
f 531/8884/4 545/8887/4 584/10738/4
f 589/4240/4 591/9425/4 566/10740/4
f 531/8884/4 584/10738/4 589/4240/4
f 501/2853/4 487/2855/4 531/8884/4
f 534/10741/4 503/8793/4 501/2853/4
f 566/10740/4 568/10742/4 532/4241/4
f 532/4241/4 534/10741/4 501/2853/4
f 501/2853/4 531/8884/4 589/4240/4
f 589/4240/4 566/10740/4 532/4241/4
f 221/10743/1 226/10744/1 250/4243/1
f 250/4243/1 311/10745/1 310/10746/1
f 250/4243/1 310/10746/1 291/4244/1
f 267/4242/1 221/10743/1 250/4243/1
f 4841/4245/5 4748/10747/5 4747/4246/5
f 4747/4246/5 4907/10748/5 4842/4247/5
f 4745/10749/4 4750/10750/4 4720/10751/4
f 4670/10752/4 4671/4786/4 4530/4785/4
f 4745/10749/4 4720/10751/4 4670/10752/4
f 4838/4250/4 4847/10753/4 4745/10749/4
f 4897/10754/4 4902/10755/4 4838/4250/4
f 4947/10756/4 4954/10757/4 4897/10754/4
f 4825/10758/4 4824/10759/4 4947/10756/4
f 4884/10760/4 4825/10758/4 4947/10756/4
f 4947/10756/4 4897/10754/4 4838/4250/4
f 4838/4250/4 4745/10749/4 4670/10752/4
f 4894/10761/4 4884/10760/4 4947/10756/4
f 4839/10762/4 4893/10763/4 4894/10761/4
f 4790/4249/4 4837/10764/4 4839/10762/4
f 4721/4248/4 4744/10765/4 4790/4249/4
f 4411/5924/4 4412/10766/4 4721/4248/4
f 4617/4784/4 4415/10767/4 4411/5924/4
f 4535/10768/4 4617/4784/4 4411/5924/4
f 4530/4785/4 4535/10768/4 4411/5924/4
f 4894/10761/19 4947/10756/19 4838/4250/19
f 4839/10762/4 4894/10761/4 4838/4250/4
f 4670/10752/4 4530/4785/4 4411/5924/4
f 4670/10752/4 4411/5924/4 4721/4248/4
f 4790/4249/4 4839/10762/4 4838/4250/4
f 4838/4250/4 4670/10752/4 4721/4248/4
f 2628/10769/1 2626/10770/1 2622/10771/1
f 2564/10772/1 2118/10773/1 2103/10774/1
f 2628/10769/1 2622/10771/1 2564/10772/1
f 2955/10775/1 2753/10776/1 2676/10777/1
f 2628/10769/1 2564/10772/1 2103/10774/1
f 2957/10778/1 2955/10775/1 2676/10777/1
f 2676/10777/1 2628/10769/1 2103/10774/1
f 2676/10777/1 2103/10774/1 2105/10779/1
f 2957/10778/1 2676/10777/1 2105/10779/1
f 2229/10780/1 2234/10781/1 2289/10782/1
f 2957/10778/1 2105/10779/1 2229/10780/1
f 3034/10783/1 3091/10784/1 3100/4253/1
f 3028/10785/1 3034/10783/1 3100/4253/1
f 3100/4253/1 2957/10778/1 2229/10780/1
f 2229/10780/1 2289/10782/1 2296/10786/1
f 3100/4253/1 2229/10780/1 2296/10786/1
f 2868/10787/1 3028/10785/1 3100/4253/1
f 2827/10788/1 2868/10787/1 3100/4253/1
f 3100/4253/1 2296/10786/1 2492/4251/1
f 2743/4252/1 2827/10788/1 3100/4253/1
f 4416/10789/2 4351/10790/2 4350/10791/2
f 4416/10789/2 4350/10791/2 4415/10792/2
f 4660/10793/2 4416/10789/2 4415/10792/2
f 4660/10793/2 4415/10792/2 4617/10794/2
f 4672/10795/2 4660/10793/2 4617/10794/2
f 4701/4254/2 4735/10796/2 4736/10797/2
f 4672/10795/2 4617/10794/2 4701/4254/2
f 4686/4256/2 4672/10795/2 4701/4254/2
f 4701/4254/2 4736/10797/2 4702/4255/2
f 2304/4257/3 2310/10798/3 2308/4258/3
f 222/4260/1 193/10799/1 220/4261/1
f 220/4261/1 340/10800/1 338/4262/1
f 543/4265/2 544/10801/2 445/4263/2
f 445/4263/2 444/10802/2 467/4264/2
f 2296/4266/7 2289/10803/7 2292/4267/7
f 2052/4269/7 2059/10804/7 2137/4270/7
f 590/4272/5 585/10805/5 565/8936/5
f 565/8936/5 523/2936/5 524/4273/5
f 524/4273/5 516/8934/5 500/9983/5
f 502/3669/5 504/3668/5 535/10806/5
f 524/4273/5 500/9983/5 502/3669/5
f 590/4272/5 565/8936/5 524/4273/5
f 698/4197/5 669/10636/5 590/4272/5
f 750/8907/5 749/8906/5 720/10635/5
f 750/8907/5 720/10635/5 698/4197/5
f 703/10807/5 769/8908/5 750/8907/5
f 650/10808/5 654/10809/5 699/10810/5
f 699/10810/5 703/10807/5 750/8907/5
f 750/8907/5 698/4197/5 590/4272/5
f 524/4273/5 502/3669/5 535/10806/5
f 650/10808/5 699/10810/5 750/8907/5
f 533/4274/5 569/10811/5 567/10812/5
f 650/10808/5 750/8907/5 590/4272/5
f 567/10812/5 650/10808/5 590/4272/5
f 524/4273/5 535/10806/5 533/4274/5
f 533/4274/5 567/10812/5 590/4272/5
f 4654/10813/5 4653/10814/5 4601/4275/5
f 4606/4276/5 4612/10815/5 4642/10816/5
f 4641/4277/5 4654/10813/5 4601/4275/5
f 4606/4276/5 4642/10816/5 4641/4277/5
f 2142/4280/5 2202/4198/5 2265/10658/5
f 2141/4278/5 2139/4370/5 2137/4279/5
f 2142/4280/5 2265/10658/5 2141/4278/5
f 2137/4279/5 2059/10653/5 2142/4280/5
f 4027/4281/4 4030/10817/4 3958/10818/4
f 3958/10818/4 3989/10819/4 3990/10820/4
f 3990/10820/4 4021/10821/4 4022/10822/4
f 4022/10822/4 4065/10823/4 4117/10824/4
f 4116/4282/4 4162/5616/4 4078/10825/4
f 4022/10822/4 4117/10824/4 4116/4282/4
f 4027/4281/4 3958/10818/4 3990/10820/4
f 3990/10820/4 4022/10822/4 4116/4282/4
f 4116/4282/4 4078/10825/4 4072/4283/4
f 4072/4283/4 4073/10826/4 4027/4281/4
f 4027/4281/4 3990/10820/4 4116/4282/4
f 561/4286/2 645/10827/2 622/4284/2
f 610/4285/2 545/10828/2 561/4286/2
f 2328/4287/5 2362/10829/5 2357/3230/5
f 3960/4289/7 3963/10830/7 3993/4290/7
f 3993/4290/7 3954/10831/7 3955/4291/7
f 290/4292/4 265/10832/4 277/4293/4
f 277/4293/4 332/10833/4 331/4294/4
f 4754/4295/3 4752/10834/3 4753/4296/3
f 4753/4296/3 4755/10835/3 4756/4297/3
f 2282/4298/4 2256/6250/4 2254/10836/4
f 2254/10836/4 2425/10837/4 2426/4299/4
f 2426/4299/4 2448/10838/4 2452/4300/4
f 2452/4300/4 2329/6251/4 2282/4298/4
f 2282/4298/4 2254/10836/4 2426/4299/4
f 138/10839/5 137/10840/5 117/4301/5
f 117/4301/5 118/10841/5 85/4302/5
f 119/4303/5 138/10839/5 117/4301/5
f 4032/4304/2 3964/10842/2 3961/4305/2
f 948/10843/1 947/10844/1 868/10845/1
f 868/10845/1 849/4592/1 845/10846/1
f 868/10845/1 845/10846/1 922/10847/1
f 1004/3484/1 1003/3483/1 948/10843/1
f 948/10843/1 868/10845/1 922/10847/1
f 925/4307/1 897/10848/1 899/10715/1
f 948/10843/1 922/10847/1 925/4307/1
f 1005/9725/1 1004/3484/1 948/10843/1
f 981/4308/1 1005/9725/1 948/10843/1
f 925/4307/1 899/10715/1 983/3465/1
f 981/4308/1 948/10843/1 925/4307/1
f 925/4307/1 983/3465/1 982/3467/1
f 2175/4309/2 2090/10849/2 2171/10850/2
f 2174/4310/2 2422/10851/2 2425/10852/2
f 2175/4309/2 2171/10850/2 2174/4310/2
f 2174/4310/2 2425/10852/2 2254/4311/2
f 3768/4312/5 3762/10853/5 3648/10854/5
f 3648/10854/5 3645/10855/5 3492/10856/5
f 3648/10854/5 3492/10856/5 3494/5003/5
f 3826/10857/5 3822/10858/5 3768/4312/5
f 3768/4312/5 3648/10854/5 3494/5003/5
f 3768/4312/5 3494/5003/5 3496/4313/5
f 3771/10859/5 3826/10857/5 3768/4312/5
f 3725/10860/5 3776/10861/5 3771/10859/5
f 3717/5155/5 3725/10860/5 3771/10859/5
f 3438/5002/5 3334/10862/5 3275/4903/5
f 3275/4903/5 3283/10863/5 3394/10864/5
f 3394/10864/5 3396/10865/5 3442/10866/5
f 3442/10866/5 3449/10867/5 3599/10868/5
f 3595/10869/5 3656/5154/5 3653/4314/5
f 3442/10866/5 3599/10868/5 3595/10869/5
f 3438/5002/5 3275/4903/5 3394/10864/5
f 3394/10864/5 3442/10866/5 3595/10869/5
f 3653/4314/5 3717/5155/5 3771/10859/5
f 3394/10864/5 3595/10869/5 3653/4314/5
f 3496/4313/5 3438/5002/5 3394/10864/5
f 3653/4314/5 3771/10859/5 3768/4312/5
f 3496/4313/5 3394/10864/5 3653/4314/5
f 2388/4112/3 2396/10870/3 2392/4315/3
f 2545/4317/4 2723/4404/4 2727/10871/4
f 2480/10872/4 2383/10873/4 2540/10874/4
f 2540/10874/4 2590/10875/4 2587/10876/4
f 2540/10874/4 2587/10876/4 2542/4319/4
f 2482/4318/4 2480/10872/4 2540/10874/4
f 2545/4317/4 2727/10871/4 2482/4318/4
f 2482/4318/4 2540/10874/4 2542/4319/4
f 4015/4320/4 4014/10877/4 3910/4321/4
f 4568/4325/2 4610/10878/2 4611/4323/2
f 4570/4324/2 4569/10879/2 4568/4325/2
f 2386/4326/5 2418/2847/5 2416/4327/5
f 570/4329/1 547/10880/1 532/4330/1
f 2827/10881/4 2743/10882/4 2492/10883/4
f 2492/10883/4 2296/10884/4 2335/10885/4
f 2745/4333/5 2798/10886/5 2828/4334/5
f 2492/10883/4 2335/10885/4 2745/4333/4
f 2868/4332/2 2827/10881/2 2492/10883/2
f 3031/10887/4 3028/10888/4 2868/4332/4
f 3009/10889/4 3031/10887/4 2868/4332/4
f 2868/4332/4 2492/10883/4 2745/4333/4
f 2828/4334/4 3009/10889/4 2868/4332/4
f 2524/10890/5 2522/10891/5 2432/4427/5
f 2406/3207/5 2404/9341/5 2338/10892/5
f 2524/10890/5 2432/4427/5 2406/3207/5
f 2343/4337/2 2407/10627/2 2435/10893/2
f 2435/10893/5 2524/10890/5 2406/3207/5
f 2406/3207/5 2338/10892/5 2302/10894/5
f 2308/4335/5 2276/10629/5 2277/10628/5
f 2406/3207/5 2302/10894/5 2308/4335/5
f 2343/4337/5 2435/10893/5 2406/3207/5
f 2312/4336/5 2314/4181/5 2343/4337/5
f 2308/4335/5 2277/10628/5 2312/4336/5
f 2343/4337/5 2406/3207/5 2308/4335/5
f 1844/4340/5 2479/10895/5 2474/4338/5
f 2474/4338/2 2443/10896/2 2065/10897/2
f 2065/10897/5 2002/4078/5 1957/4339/5
f 1957/4339/5 1935/10501/5 1844/4340/5
f 2474/4338/5 2065/10897/5 1957/4339/5
f 747/4341/4 748/9429/4 727/4342/4
f 727/4342/4 713/9168/4 712/4343/4
f 712/4343/4 785/9430/4 747/4341/4
f 4526/4344/1 4450/10898/1 4483/4345/1
f 2447/4347/7 2426/10899/7 2425/3694/7
f 2535/4348/5 2532/10900/5 2473/10901/5
f 2473/10901/5 2443/10896/5 2474/4338/5
f 2474/4338/5 2479/10895/5 2539/4349/5
f 2535/4348/5 2473/10901/5 2474/4338/5
f 2454/4350/3 2456/10902/3 2452/4351/3
f 1013/4355/4 1032/10903/4 974/4353/4
f 974/4353/4 959/10904/4 972/4354/4
f 2441/4356/7 2443/10905/7 2473/4357/7
f 2487/4359/4 2489/10906/4 2456/4360/4
f 914/4362/3 913/10907/3 911/4363/3
f 2401/4367/1 2499/10908/1 2378/4365/1
f 2378/4365/1 2369/10909/1 2379/4366/1
f 2298/4368/2 2340/10657/2 2429/10656/2
f 2429/10656/5 2502/10655/5 2196/4369/5
f 2139/4370/5 2141/4278/5 2265/10658/5
f 2298/4368/5 2429/10656/5 2196/4369/5
f 2139/4370/5 2265/10658/5 2298/4368/5
f 2267/10910/4 2271/10911/4 2205/10689/4
f 2199/4371/4 2200/4221/4 2240/4224/4
f 2267/10910/4 2205/10689/4 2199/4371/4
f 2631/2568/4 2755/8580/4 2267/10910/4
f 2461/4372/2 2504/8582/2 2631/2568/2
f 2263/4222/4 2463/2569/4 2461/4372/4
f 2261/10690/4 2263/4222/4 2461/4372/4
f 2461/4372/4 2631/2568/4 2267/10910/4
f 2199/4371/4 2240/4224/4 2238/4223/4
f 2238/4223/4 2261/10690/4 2461/4372/4
f 2461/4372/4 2267/10910/4 2199/4371/4
f 2154/4184/4 2157/4186/4 2070/10912/4
f 2073/10913/4 2090/10914/4 1979/10417/4
f 2070/10912/4 2073/10913/4 1979/10417/4
f 1979/10417/4 1941/10416/4 1938/4021/4
f 1961/10419/4 1959/10418/4 2152/4373/4
f 1979/10417/4 1938/4021/4 1961/10419/4
f 2154/4184/4 2070/10912/4 1979/10417/4
f 2242/10915/4 2217/4185/4 2154/4184/4
f 2388/4374/4 2226/10916/4 2242/10915/4
f 2482/4318/4 2396/10917/4 2388/4374/4
f 2383/10873/4 2480/10872/4 2482/4318/4
f 2152/4373/5 2215/10918/5 2383/10873/5
f 1979/10417/4 1961/10419/4 2152/4373/4
f 2388/4374/4 2242/10915/4 2154/4184/4
f 2154/4184/4 1979/10417/4 2152/4373/4
f 2152/4373/4 2383/10873/4 2482/4318/4
f 2388/4374/4 2154/4184/4 2152/4373/4
f 2304/4199/5 2512/10645/5 2465/10644/5
f 2304/4199/5 2465/10644/5 2430/4375/5
f 2341/4376/5 2300/4200/5 2304/4199/5
f 2532/4377/3 2535/10919/3 2530/4356/3
f 883/4378/2 766/10920/2 765/10921/2
f 856/4379/2 906/10922/2 907/4380/2
f 883/4378/2 765/10921/2 856/4379/2
f 618/4381/4 458/10923/4 421/4382/4
f 421/4382/4 415/10924/4 453/10925/4
f 452/10926/4 473/10927/4 472/10928/4
f 421/4382/4 453/10925/4 452/10926/4
f 592/10929/4 631/10221/4 618/4381/4
f 536/4383/4 547/10930/4 570/10931/4
f 570/10931/4 592/10929/4 618/4381/4
f 421/4382/4 452/10926/4 472/10928/4
f 536/4383/4 570/10931/4 618/4381/4
f 421/4382/2 472/10928/2 536/4383/2
f 2750/4384/1 2749/9276/1 2665/4385/1
f 2552/4387/7 2489/10932/7 2487/4388/7
f 4658/4390/1 4727/10933/1 4700/8682/1
f 4658/4390/1 4700/8682/1 4683/10934/1
f 4614/8681/1 4615/10935/1 4658/4390/1
f 4645/2681/1 4614/8681/1 4658/4390/1
f 4658/4390/1 4683/10934/1 4657/4391/1
f 2530/4392/5 2577/10936/5 2576/4393/5
f 2649/4395/4 2410/10577/4 2381/10576/4
f 2346/10575/4 2317/10574/4 2319/10573/4
f 2381/10576/4 2346/10575/4 2319/10573/4
f 2319/10573/4 2581/10937/4 2580/10938/4
f 2580/10938/4 2711/10939/4 2709/4396/4
f 2709/4396/4 2811/10940/4 2819/4689/4
f 2819/4689/4 2858/10941/4 2856/9819/4
f 2821/9818/4 2789/3539/4 2780/4397/4
f 2819/4689/4 2856/9819/4 2821/9818/4
f 2319/10573/4 2580/10938/4 2709/4396/4
f 2649/4395/4 2381/10576/4 2319/10573/4
f 2780/4397/4 2715/10942/4 2649/4395/4
f 2819/4689/4 2821/9818/4 2780/4397/4
f 2649/4395/4 2319/10573/4 2709/4396/4
f 2709/4396/4 2819/4689/4 2780/4397/4
f 2572/4398/3 2584/10943/3 2580/4399/3
f 2535/4401/1 2586/10944/1 2577/4402/1
f 2783/10945/4 2786/10946/4 2723/4404/4
f 2723/4404/4 2545/4317/4 2542/4319/4
f 2542/4319/2 2587/10876/2 2782/4405/2
f 2782/4405/4 2783/10945/4 2723/4404/4
f 2557/3163/1 2555/3162/1 2494/4406/1
f 2494/4406/1 2497/9282/1 2562/4407/1
f 2626/4408/4 2624/10947/4 2505/4409/4
f 2505/4411/7 2507/10948/7 2564/4412/7
f 2628/4414/3 2630/4628/3 2624/4415/3
f 3255/10949/4 3304/10950/4 3215/3354/4
f 3186/9562/4 3114/3353/4 3057/5012/4
f 3255/10949/4 3215/3354/4 3186/9562/4
f 3214/10951/4 3255/10949/4 3186/9562/4
f 3186/9562/4 3057/5012/4 3044/4417/4
f 3044/4417/4 2958/10952/4 2957/10953/4
f 2957/10953/4 3100/10954/4 3099/4418/4
f 3099/4418/4 3209/10955/4 3206/4419/4
f 3206/4419/4 3214/10951/4 3186/9562/4
f 3044/4417/4 2957/10953/4 3099/4418/4
f 3206/4419/4 3186/9562/4 3044/4417/4
f 2569/10486/4 2572/10956/4 2529/4420/4
f 2529/4420/4 2436/10491/4 2520/4421/4
f 2520/4421/4 2514/4075/4 2571/4422/4
f 2571/4422/4 2569/10486/4 2529/4420/4
f 3991/4423/1 3990/10957/1 3989/4424/1
f 3989/4424/1 3950/10958/1 3987/4425/1
f 2681/4428/5 2677/10959/5 2515/9340/5
f 2517/4426/5 2471/3205/5 2432/4427/5
f 2681/4428/5 2515/9340/5 2517/4426/5
f 2432/4427/4 2522/10891/4 2681/4428/4
f 2569/4429/1 2640/10960/1 2643/4430/1
f 2581/4432/7 2572/10961/7 2569/4433/7
f 2645/4435/1 2648/10962/1 2524/4436/1
f 2577/4438/7 2586/10963/7 2645/4439/7
f 2838/4441/2 2706/10964/2 2704/4442/2
f 2704/4442/2 2896/10965/2 2897/4443/2
f 2659/4447/3 2599/10966/3 2597/4448/3
f 4105/10967/4 4151/10968/4 4204/10969/4
f 4330/4450/4 4332/10970/4 4292/10971/4
f 4330/4450/4 4292/10971/4 4287/10972/4
f 4105/10967/4 4204/10969/4 4330/4450/4
f 4058/10973/4 4104/10974/4 4105/10967/4
f 4152/4452/4 4155/10975/4 4058/10973/4
f 4152/4452/4 4058/10973/4 4105/10967/4
f 4330/4450/4 4287/10972/4 4193/10976/4
f 4330/4450/4 4193/10976/4 4181/4451/4
f 4152/4452/4 4105/10967/4 4330/4450/4
f 2824/4453/2 2553/10977/2 2612/4454/2
f 2616/3161/1 2669/9279/1 2668/4456/1
f 2676/4457/4 2635/10978/4 2630/4458/4
f 2630/4460/1 2635/10979/1 2634/4461/1
f 2643/4463/7 2640/10980/7 2637/4464/7
f 2689/4466/1 2691/10981/1 2681/4467/1
f 2524/4469/7 2648/10982/7 2689/4470/7
f 2688/4472/3 2695/10983/3 2694/4473/3
f 2702/4475/4 2584/10984/4 2572/10985/4
f 2695/10986/4 2688/10987/4 2766/10988/4
f 2702/4475/4 2572/10985/4 2695/10986/4
f 2844/10989/4 2713/10990/4 2702/4475/4
f 2921/10991/4 2922/10992/4 2840/4477/4
f 2840/4477/4 2844/10989/4 2702/4475/4
f 2702/4475/4 2695/10986/4 2766/10988/4
f 2769/4476/4 2921/10991/4 2840/4477/4
f 2702/4475/4 2766/10988/4 2769/4476/4
f 2706/4478/3 2699/10993/3 2697/4479/3
f 2702/4481/3 2713/10994/3 2709/4482/3
f 2694/4484/2 2695/10995/2 2572/4485/2
f 2715/4487/7 2587/10996/7 2590/4488/7
f 2716/4479/2 2719/10993/2 2720/4490/2
f 2655/4492/7 2720/10997/7 2653/4493/7
f 4527/4495/4 4512/10998/4 4487/4496/4
f 2134/10999/1 2128/11000/1 2047/11001/1
f 2134/10999/1 2047/11001/1 2120/11002/1
f 2200/11003/1 2134/10999/1 2120/11002/1
f 2200/11003/1 2120/11002/1 2194/11004/1
f 2240/11005/1 2200/11003/1 2194/11004/1
f 2240/11005/1 2194/11004/1 2236/11006/1
f 2263/4500/1 2240/11005/1 2236/11006/1
f 2459/4498/1 2507/11007/1 2505/11008/1
f 2263/4500/1 2236/11006/1 2459/4498/1
f 2459/4498/1 2505/11008/1 2463/4499/1
f 2599/4501/1 2737/11009/1 2731/4502/1
f 1731/4504/1 1727/11010/1 1666/4505/1
f 2634/4507/7 2635/11011/7 2676/4508/7
f 3079/4510/2 3083/11012/2 2982/4511/2
f 2763/4513/2 2766/11013/2 2688/4514/2
f 2699/4516/1 2776/11014/1 2771/4517/1
f 2776/4519/3 2778/4540/3 2773/4520/3
f 2723/4522/1 2786/11015/1 2789/4523/1
f 2733/4525/7 2727/11016/7 2723/4526/7
f 2746/4528/1 2749/9276/1 2798/4529/1
f 906/4531/5 856/8895/5 857/4532/5
f 629/11017/2 605/11018/2 628/11019/2
f 629/11017/2 628/11019/2 694/11020/2
f 668/11021/2 629/11017/2 694/11020/2
f 904/4534/2 959/11022/2 960/11023/2
f 668/11021/2 694/11020/2 904/4534/2
f 695/11024/2 668/11021/2 904/4534/2
f 904/4534/2 960/11023/2 905/11025/2
f 904/4534/2 905/11025/2 837/11026/2
f 718/11027/2 695/11024/2 904/4534/2
f 812/4536/2 718/11027/2 904/4534/2
f 904/4534/2 837/11026/2 825/4535/2
f 2803/4537/7 2769/11028/7 2766/4538/7
f 2778/4540/1 2815/11029/1 2809/4541/1
f 2919/4545/2 2921/11030/2 2769/4543/2
f 2769/4543/2 2803/11031/2 2805/4544/2
f 2691/4550/7 2679/11032/7 2677/4551/7
f 2780/4555/7 2789/11033/7 2786/4553/7
f 2783/4554/7 2782/11034/7 2780/4555/7
f 2807/4556/5 2841/11035/5 2899/11036/5
f 2899/11036/5 2896/11037/5 2704/4557/5
f 2704/4557/5 2697/11038/5 2771/4558/5
f 2771/4558/5 2773/11039/5 2809/11040/5
f 2807/4556/5 2899/11036/5 2704/4557/5
f 2771/4558/5 2809/11040/5 2807/4556/5
f 2817/4559/5 2851/11041/5 2850/4560/5
f 4509/11042/2 4510/11043/2 4480/11044/2
f 4481/11045/2 4138/11046/2 4144/11047/2
f 4481/11045/2 4144/11047/2 4216/11048/2
f 4481/11045/2 4216/11048/2 4253/11049/2
f 4481/11045/2 4253/11049/2 4429/11050/2
f 4480/11044/2 4481/11045/2 4429/11050/2
f 4431/11051/2 4428/11052/2 4508/4562/2
f 4480/11044/2 4429/11050/2 4431/11051/2
f 4509/11042/2 4480/11044/2 4431/11051/2
f 4508/4562/2 4516/11053/2 4544/11054/2
f 4509/11042/2 4431/11051/2 4508/4562/2
f 4545/4563/2 4546/11055/2 4517/4564/2
f 4517/4564/2 4509/11042/2 4508/4562/2
f 4508/4562/2 4544/11054/2 4545/4563/2
f 2809/4565/7 2815/11056/7 2847/4566/7
f 34/4568/7 29/11057/7 3/11058/7
f 4/4569/7 20/11059/7 35/4570/7
f 34/4568/7 3/11058/7 4/4569/7
f 3174/4573/2 3027/5546/2 2938/11060/2
f 2938/11060/5 2940/11061/5 3077/4571/5
f 3077/4571/5 3183/11062/5 3203/4572/5
f 3203/4572/5 3198/11063/5 3174/4573/5
f 3174/4573/5 2938/11060/5 3077/4571/5
f 2836/4574/5 2894/11064/5 2892/4575/5
f 854/4577/1 771/11065/1 773/4578/1
f 873/4580/3 874/10804/3 871/11066/3
f 872/4581/3 899/11067/3 901/4270/3
f 873/4580/3 871/11066/3 872/4581/3
f 2853/4582/7 2844/11068/7 2840/4583/7
f 1895/11069/1 1825/11070/1 1846/4584/1
f 1846/4584/1 2591/11071/1 2590/11072/1
f 1846/4584/1 2590/11072/1 2540/11073/1
f 1936/11074/1 1895/11069/1 1846/4584/1
f 1959/11075/1 1936/11074/1 1846/4584/1
f 1846/4584/1 2540/11073/1 2383/11076/1
f 1846/4584/1 2383/11076/1 2215/4585/1
f 2152/4586/1 1959/11075/1 1846/4584/1
f 3077/4587/1 2940/11077/1 2942/4588/1
f 868/10845/1 867/11078/1 805/4590/1
f 805/4590/1 806/11079/1 813/11080/1
f 832/4591/1 845/10846/1 849/4592/1
f 805/4590/1 813/11080/1 832/4591/1
f 849/4592/1 868/10845/1 805/4590/1
f 4405/4595/2 4407/11081/2 4342/4593/2
f 4342/4593/2 4307/11082/2 4341/4594/2
f 4202/4596/2 4203/5675/2 4180/11083/2
f 4179/4597/2 4376/11084/2 4377/4598/2
f 4377/4598/2 4221/5674/2 4202/4596/2
f 4202/4596/2 4180/11083/2 4179/4597/2
f 924/4599/3 925/11085/3 922/4600/3
f 784/11086/4 796/11087/4 805/11088/4
f 805/11088/4 867/11089/4 866/9531/4
f 848/3340/4 816/9530/4 682/11090/4
f 805/11088/4 866/9531/4 848/3340/4
f 784/11086/4 805/11088/4 848/3340/4
f 682/11090/4 687/11091/4 643/11092/4
f 784/11086/4 848/3340/4 682/11090/4
f 711/11093/4 753/11094/4 752/11095/4
f 752/11095/4 784/11086/4 682/11090/4
f 643/11092/4 645/11096/4 561/11097/4
f 682/11090/4 643/11092/4 561/11097/4
f 682/11090/4 561/11097/4 541/11098/4
f 683/11099/4 711/11093/4 752/11095/4
f 398/11100/4 436/11101/4 683/11099/4
f 339/4604/4 360/11102/4 398/11100/4
f 224/11103/4 247/11104/4 339/4604/4
f 407/11105/4 368/11106/4 362/4603/4
f 362/4603/4 224/11103/4 339/4604/4
f 339/4604/4 398/11100/4 683/11099/4
f 683/11099/4 752/11095/4 682/11090/4
f 682/11090/4 541/11098/4 442/4602/4
f 442/4602/4 446/11107/4 402/11108/4
f 402/11108/4 407/11105/4 362/4603/4
f 339/4604/4 683/11099/4 682/11090/4
f 442/4602/4 402/11108/4 362/4603/4
f 339/4604/4 682/11090/4 442/4602/4
f 2892/3756/3 2894/11109/3 2887/11110/3
f 2889/4605/3 2914/11111/3 2915/4606/3
f 2892/3756/3 2887/11110/3 2889/4605/3
f 2899/4607/7 2904/11112/7 2897/4608/7
f 2930/4610/2 2932/11113/2 2906/4611/2
f 2929/4613/3 2932/11114/3 2930/4614/3
f 1010/4618/1 1009/11115/1 946/4616/1
f 946/4616/1 949/11116/1 968/4617/1
f 2552/11117/4 2486/11118/4 2604/11119/4
f 2662/11120/4 2792/11121/4 2987/11122/4
f 2552/11117/4 2604/11119/4 2662/11120/4
f 3145/11123/4 2795/11124/4 2607/11125/4
f 2607/11125/4 2552/11117/4 2662/11120/4
f 2987/11122/4 2982/11126/4 3083/11127/4
f 2607/11125/4 2662/11120/4 2987/11122/4
f 3413/11128/4 3410/11129/4 3133/11130/4
f 3176/11131/4 3349/4917/4 3353/6253/4
f 3353/6253/4 3413/11128/4 3133/11130/4
f 3145/11123/4 2607/11125/4 2987/11122/4
f 3145/11123/4 2987/11122/4 3083/11127/4
f 3176/11131/4 3353/6253/4 3133/11130/4
f 3133/11130/4 3145/11123/4 3083/11127/4
f 3075/11132/4 2909/11133/4 2861/11134/4
f 3133/11130/4 3083/11127/4 3075/11132/4
f 3130/4780/4 3176/11131/4 3133/11130/4
f 3245/11135/4 3173/4779/4 3126/4621/4
f 3130/4780/4 3133/11130/4 3075/11132/4
f 3238/11136/4 3245/11135/4 3126/4621/4
f 3126/4621/4 3130/4780/4 3075/11132/4
f 3075/11132/4 2861/11134/4 2859/4619/4
f 2859/4619/4 2906/11137/4 2932/11138/4
f 2932/11138/4 2929/11139/4 3007/4620/4
f 3007/4620/2 3025/11140/2 3238/11136/2
f 3126/4621/4 3075/11132/4 2859/4619/4
f 3007/4620/4 3238/11136/4 3126/4621/4
f 2859/4619/4 2932/11138/4 3007/4620/4
f 2988/4622/1 3009/11141/1 2828/4623/1
f 2828/4623/1 2830/9275/1 2874/9278/1
f 2828/4623/1 2874/9278/1 2869/9277/1
f 2949/9280/1 2993/4683/1 2988/4622/1
f 2828/4623/1 2869/9277/1 2945/4624/1
f 2945/4624/1 2949/9280/1 2988/4622/1
f 2969/4625/5 2961/11142/5 2914/11143/5
f 2889/4626/5 2887/11144/5 2970/4627/5
f 2969/4625/5 2914/11143/5 2889/4626/5
f 2957/4628/3 2958/11145/3 2953/4629/3
f 4525/4630/5 4449/11146/5 4450/4631/5
f 3096/11147/1 3039/11148/1 3043/11149/1
f 3157/3816/1 3091/11150/1 3096/11147/1
f 3419/11151/1 3358/3815/1 3299/3817/1
f 3299/3817/1 3157/3816/1 3096/11147/1
f 3299/3817/1 3096/11147/1 3043/11149/1
f 3564/11152/1 3473/11153/1 3419/11151/1
f 3564/11152/1 3419/11151/1 3299/3817/1
f 3685/5196/1 3683/5195/1 3568/11154/1
f 3568/11154/1 3564/11152/1 3299/3817/1
f 3685/5196/1 3568/11154/1 3299/3817/1
f 4011/11155/1 3745/11156/1 3748/5194/1
f 3685/5196/1 3299/3817/1 3043/11149/1
f 3748/5194/1 3685/5196/1 3043/11149/1
f 3835/11157/1 4012/11158/1 4011/11155/1
f 3572/11159/1 3837/11160/1 3835/11157/1
f 3515/11161/1 3575/11162/1 3572/11159/1
f 3519/11163/1 3522/11164/1 3515/11161/1
f 3362/11165/1 3481/11166/1 3482/11167/1
f 3482/11167/1 3519/11163/1 3515/11161/1
f 3572/11159/1 3835/11157/1 4011/11155/1
f 3482/11167/1 3515/11161/1 3572/11159/1
f 3362/11165/1 3482/11167/1 3572/11159/1
f 3572/11159/1 4011/11155/1 3748/5194/1
f 3362/11165/1 3572/11159/1 3748/5194/1
f 3046/11168/1 3111/11169/1 3107/11170/1
f 3107/11170/1 3362/11165/1 3748/5194/1
f 3107/11170/1 3748/5194/1 3043/11149/1
f 2502/11171/1 3051/11172/1 3046/11168/1
f 3046/11168/1 3107/11170/1 3043/11149/1
f 3046/11168/1 3043/11149/1 2994/11173/1
f 2196/4633/1 2502/11171/1 3046/11168/1
f 2042/11174/1 2122/11175/1 2124/11176/1
f 2196/4633/1 3046/11168/1 2994/11173/1
f 2196/4633/1 2994/11173/1 2951/11177/1
f 2294/11178/1 2042/11174/1 2124/11176/1
f 2619/11179/1 2499/10908/1 2401/4367/1
f 2379/4366/1 2369/10909/1 2294/11178/1
f 2951/11177/1 2619/11179/1 2401/4367/1
f 2379/4366/1 2294/11178/1 2124/11176/1
f 2196/4633/1 2951/11177/1 2401/4367/1
f 2379/4366/1 2124/11176/1 2196/4633/1
f 2965/4634/4 2963/5011/4 2918/4635/4
f 4508/4637/4 4428/11180/4 4427/4638/4
f 2926/4640/7 2922/11181/7 2921/4641/7
f 2976/4643/2 2978/11182/2 2936/4644/2
f 2974/4646/3 2978/11183/3 2976/4647/3
f 2242/11184/1 2245/11185/1 2158/4649/1
f 2158/4649/1 2070/11186/1 2157/4650/1
f 2217/4651/1 2242/11184/1 2158/4649/1
f 2982/4652/3 2987/11187/3 2984/4653/3
f 2614/11188/2 2795/4827/2 3145/11189/2
f 3145/11189/2 3149/4662/2 2864/4661/2
f 2866/11190/2 2910/4660/2 2824/4453/2
f 2614/11188/2 3145/11189/2 2864/4661/2
f 2864/4661/2 2866/11190/2 2824/4453/2
f 2864/4661/2 2824/4453/2 2741/4455/2
f 2610/11191/2 2664/4828/2 2614/11188/2
f 2614/11188/2 2864/4661/2 2741/4455/2
f 2612/4454/2 2553/10977/2 2188/11192/2
f 2614/11188/2 2741/4455/2 2612/4454/2
f 2552/11193/2 2607/4829/2 2610/11191/2
f 2610/11191/2 2614/11188/2 2612/4454/2
f 2188/11192/2 2185/8686/2 2259/8510/2
f 2188/11192/2 2259/8510/2 2334/2482/2
f 2552/11193/2 2610/11191/2 2612/4454/2
f 2489/11194/2 2552/11193/2 2612/4454/2
f 2188/11192/2 2334/2482/2 2366/8509/2
f 2366/8509/2 2364/2481/2 2373/4655/2
f 2376/8511/2 2400/8688/2 2286/2691/2
f 2376/8511/2 2286/2691/2 2258/8687/2
f 2329/11195/2 2452/11196/2 2456/4656/2
f 2376/8511/2 2258/8687/2 2329/11195/2
f 2376/8511/2 2329/11195/2 2456/4656/2
f 2456/4656/2 2489/11194/2 2612/4454/2
f 2612/4454/2 2188/11192/2 2366/8509/2
f 2373/4655/2 2376/8511/2 2456/4656/2
f 2612/4454/2 2366/8509/2 2373/4655/2
f 4862/4657/2 4863/11197/2 4799/4658/2
f 3149/4662/2 3153/11198/2 2910/4660/2
f 2910/4660/2 2866/11190/2 2864/4661/2
f 2999/4666/3 2966/11199/3 3001/4667/3
f 3021/4671/1 3231/11200/1 3223/11201/1
f 3021/4671/1 3223/11201/1 3164/11202/1
f 2887/11203/1 2894/11204/1 3021/4671/1
f 2970/4673/1 2887/11203/1 3021/4671/1
f 3021/4671/1 3164/11202/1 3003/4672/1
f 2734/11205/4 2596/11206/4 2551/11207/4
f 2551/11207/4 2450/11208/4 2368/11209/4
f 2368/11209/4 2420/11210/4 2546/11211/4
f 2368/11209/4 2546/11211/4 2548/11212/4
f 2551/11207/4 2368/11209/4 2548/11212/4
f 2551/11207/4 2548/11212/4 2597/11213/4
f 3086/11214/4 2793/11215/4 2734/11205/4
f 2734/11205/4 2551/11207/4 2597/11213/4
f 2734/11205/4 2597/11213/4 2731/11216/4
f 3077/11217/4 3086/11214/4 2734/11205/4
f 2940/11218/4 3077/11217/4 2734/11205/4
f 2734/11205/4 2731/11216/4 2716/11219/4
f 2716/11219/4 2655/11220/4 2652/11221/4
f 2652/11221/4 2536/11222/4 2530/11223/4
f 2577/11224/4 2576/11225/4 2524/11226/4
f 2652/11221/4 2530/11223/4 2577/11224/4
f 2940/11218/4 2734/11205/4 2716/11219/4
f 2716/11219/4 2652/11221/4 2577/11224/4
f 2577/11224/4 2524/11226/4 2697/11227/4
f 2697/11227/4 2771/11228/4 2773/11229/4
f 2773/11229/4 2809/11230/4 2814/11231/4
f 2846/11232/4 2841/11233/4 2899/11234/4
f 2899/11234/4 2896/11235/4 3067/11236/4
f 3116/4674/4 3164/11237/4 3223/11238/4
f 2899/11234/4 3067/11236/4 3116/4674/4
f 3223/11238/4 3219/11239/4 3261/11240/4
f 3261/11240/4 3257/11241/4 3306/11242/4
f 3306/11242/4 3303/11243/4 3432/11244/4
f 3432/11244/4 3424/11245/4 3484/11246/4
f 3518/11247/4 3578/11248/4 3590/4675/4
f 3432/11244/4 3484/11246/4 3518/11247/4
f 3261/11240/4 3306/11242/4 3432/11244/4
f 3223/11238/4 3261/11240/4 3432/11244/4
f 3432/11244/4 3518/11247/4 3590/4675/4
f 3590/4675/4 3692/11249/4 3701/11250/4
f 3701/11250/4 3811/11251/4 3814/11252/4
f 3814/11252/4 3884/11253/4 3885/11254/4
f 3862/11255/4 3866/11256/4 3839/11257/4
f 3814/11252/4 3885/11254/4 3862/11255/4
f 3590/4675/4 3701/11250/4 3814/11252/4
f 3223/11238/4 3432/11244/4 3590/4675/4
f 3116/4674/4 3223/11238/4 3590/4675/4
f 3814/11252/4 3862/11255/4 3839/11257/4
f 2577/11224/4 2697/11227/4 2773/11229/4
f 2940/11218/4 2716/11219/4 2577/11224/4
f 2940/11218/4 2577/11224/4 2773/11229/4
f 2940/11218/4 2773/11229/4 2814/11231/4
f 2938/11258/4 2940/11218/4 2814/11231/4
f 2938/11258/4 2814/11231/4 2846/11232/4
f 2973/11259/4 2976/11260/4 2935/11261/4
f 2935/11261/4 2938/11258/4 2846/11232/4
f 3590/4675/4 3814/11252/4 3839/11257/4
f 3842/11262/4 3868/11263/4 3870/11264/4
f 2935/11261/4 2846/11232/4 2899/11234/4
f 3119/11265/4 3071/11266/4 2973/11259/4
f 2973/11259/4 2935/11261/4 2899/11234/4
f 2973/11259/4 2899/11234/4 3116/4674/4
f 3119/11265/4 2973/11259/4 3116/4674/4
f 3870/11264/4 3888/11267/4 3889/11268/4
f 3849/11269/4 3853/11270/4 3798/11271/4
f 3870/11264/4 3889/11268/4 3849/11269/4
f 3842/11262/4 3870/11264/4 3849/11269/4
f 3798/11271/4 3790/11272/4 3734/11273/4
f 3842/11262/4 3849/11269/4 3798/11271/4
f 3189/11274/4 3119/11265/4 3116/4674/4
f 3194/11275/4 3193/11276/4 3189/11274/4
f 3289/11277/4 3197/11278/4 3194/11275/4
f 3404/11279/4 3295/11280/4 3289/11277/4
f 3283/11281/4 3394/11282/4 3396/11283/4
f 3396/11283/4 3404/11279/4 3289/11277/4
f 3289/11277/20 3194/11275/20 3189/11274/20
f 3839/11257/4 3842/11262/4 3798/11271/4
f 3798/11271/4 3734/11273/4 3721/11284/4
f 3721/11284/4 3725/11285/4 3776/11286/4
f 3776/11286/4 3771/11287/4 3826/11288/4
f 3822/11289/4 3768/11290/4 3762/11291/4
f 3762/11291/4 3648/11292/4 3645/11293/4
f 3645/11293/2 3492/11294/2 3376/4676/2
f 3376/4676/4 3388/11295/4 3321/11296/4
f 3321/11296/4 3329/11297/4 3269/11298/4
f 3798/11271/4 3721/11284/4 3776/11286/4
f 3396/11283/4 3289/11277/4 3189/11274/4
f 3283/11281/4 3396/11283/4 3189/11274/4
f 3839/11257/4 3798/11271/4 3776/11286/4
f 3839/11257/4 3776/11286/4 3826/11288/4
f 3283/11281/4 3189/11274/4 3116/4674/4
f 3275/11299/4 3283/11281/4 3116/4674/4
f 3839/11257/4 3826/11288/4 3822/11289/4
f 3839/11257/4 3822/11289/4 3762/11291/4
f 3269/11298/4 3275/11299/4 3116/4674/4
f 3321/11296/4 3269/11298/4 3116/4674/4
f 3590/4675/4 3839/11257/4 3762/11291/4
f 3590/4675/4 3762/11291/4 3645/11293/4
f 3376/4676/4 3321/11296/4 3116/4674/4
f 3590/4675/4 3645/11293/4 3376/4676/4
f 3257/4677/5 3306/11300/5 3303/4678/5
f 397/3008/4 396/9015/4 337/4680/4
f 3032/4682/1 3031/11301/1 3009/11141/1
f 3009/11141/1 2988/4622/1 2993/4683/1
f 2993/4683/1 3040/11302/1 3036/4684/1
f 3036/4684/1 3094/11303/1 3092/11304/1
f 3032/4682/1 3009/11141/1 2993/4683/1
f 3036/4684/1 3092/11304/1 3032/4682/1
f 3138/11305/5 3183/11062/5 3077/4571/5
f 3138/11305/5 3077/4571/5 3086/11306/5
f 2553/11307/5 2824/11308/5 2910/11309/5
f 2178/11310/5 2188/11311/5 2553/11307/5
f 2179/11312/5 2178/11310/5 2553/11307/5
f 2179/11312/5 2553/11307/5 2910/11309/5
f 2283/11313/5 2179/11312/5 2910/11309/5
f 3153/4687/5 3138/11305/5 3086/11306/5
f 3153/4687/5 3086/11306/5 2793/11314/5
f 2283/11313/5 2910/11309/5 3153/4687/5
f 2450/4685/5 2368/11315/5 2325/4686/5
f 2325/4686/5 2283/11313/5 3153/4687/5
f 3153/4687/5 2793/11314/5 2450/4685/5
f 2902/11316/4 2926/11317/4 3005/11318/4
f 2924/11319/4 2930/11320/4 2905/4688/4
f 2902/11316/4 3005/11318/4 2924/11319/4
f 2819/4689/4 2811/10940/4 2853/4690/4
f 2853/4690/4 2902/11316/4 2924/11319/4
f 2905/4688/4 2858/10941/4 2819/4689/4
f 2853/4690/4 2924/11319/4 2905/4688/4
f 3012/4691/3 3017/4705/3 3014/4692/3
f 1065/3555/1 1064/9852/1 1037/4694/1
f 1037/4694/1 1039/9859/1 1054/3553/1
f 3145/11321/3 3133/11322/3 3134/11323/3
f 3145/11321/3 3134/11323/3 3141/11324/3
f 3149/11325/3 3145/11321/3 3141/11324/3
f 3149/11325/3 3141/11324/3 3147/4695/3
f 3136/11326/3 3138/11327/3 3153/4697/3
f 3143/11328/3 3136/11326/3 3153/4697/3
f 3153/4697/3 3149/11325/3 3147/4695/3
f 3151/4696/3 3143/11328/3 3153/4697/3
f 3546/11329/2 3548/11330/2 3507/11331/2
f 3507/11331/2 3471/11332/2 3544/11333/2
f 3544/11333/2 3557/11334/2 3629/11335/2
f 3627/11336/2 3553/11337/2 3543/4698/2
f 3507/11331/21 3544/11333/21 3629/11335/21
f 3546/11329/2 3507/11331/2 3629/11335/2
f 3633/11338/2 3634/11339/2 3546/11329/2
f 3742/5395/2 3834/11340/2 3633/11338/2
f 3680/11341/2 3742/5395/2 3633/11338/2
f 3633/11338/2 3546/11329/2 3629/11335/2
f 3680/11341/2 3633/11338/2 3629/11335/2
f 3625/11342/2 3805/11343/2 3678/11344/2
f 3678/11344/2 3680/11341/2 3629/11335/2
f 3678/11344/2 3629/11335/2 3627/11336/2
f 3541/4700/2 3621/11345/2 3625/11342/2
f 3625/11342/2 3678/11344/2 3627/11336/2
f 3543/4698/2 3469/11346/2 3505/4699/2
f 3625/11342/2 3627/11336/2 3543/4698/2
f 3505/4699/2 3540/11347/2 3541/4700/2
f 3541/4700/2 3625/11342/2 3543/4698/2
f 405/4701/1 401/11348/1 340/4702/1
f 3032/4691/3 3034/11349/3 3028/4704/3
f 3040/4706/3 3043/11350/3 3039/4707/3
f 3044/4709/3 3057/11351/3 3053/4710/3
f 3058/4712/2 3061/11352/2 3012/4713/2
f 1308/4715/1 1274/11353/1 1198/4716/1
f 1274/4726/4 1308/11354/4 1276/4724/4
f 1276/4724/4 1210/5769/4 1213/4725/4
f 3399/4727/1 3394/11355/1 3283/4728/1
f 3075/4730/3 3083/5067/3 3079/4731/3
f 3092/4733/4 3091/11356/4 3034/4734/4
f 3073/4736/2 2974/11357/2 2973/11358/2
f 3071/4737/2 3125/11359/2 3122/4738/2
f 3073/4736/2 2973/11358/2 3071/4737/2
f 3039/4734/5 3096/11356/5 3094/4739/5
f 995/11360/2 932/11361/2 885/11362/2
f 995/11360/2 885/11362/2 962/11363/2
f 1121/11364/2 1124/11365/2 1099/4743/2
f 1099/4743/2 995/11360/2 962/11363/2
f 1099/4743/2 962/11363/2 994/11366/2
f 1097/11367/2 1121/11364/2 1099/4743/2
f 1061/4742/2 1097/11367/2 1099/4743/2
f 1099/4743/2 994/11366/2 1048/4741/2
f 3111/4744/3 3113/5045/3 3109/4745/3
f 4184/4749/5 4153/11368/5 4107/11369/5
f 4107/11369/5 4106/11370/5 4060/11371/5
f 4060/11371/5 4156/11372/5 4154/4747/5
f 4257/11373/5 4261/11374/5 4333/11375/5
f 4107/11369/5 4060/11371/5 4154/4747/5
f 4257/11373/5 4333/11375/5 4331/4748/5
f 4184/4749/5 4107/11369/5 4154/4747/5
f 4154/4747/5 4257/11373/5 4331/4748/5
f 4606/11376/3 4601/11377/3 4608/4751/3
f 4608/4751/3 4615/11378/3 4614/4752/3
f 4612/4750/3 4606/11376/3 4608/4751/3
f 1662/11379/4 1628/5754/4 1608/4753/4
f 1612/11380/4 1613/5753/4 1593/5684/4
f 1608/4753/4 1612/11380/4 1593/5684/4
f 1591/5683/4 1519/5682/4 1488/10292/4
f 1608/4753/4 1593/5684/4 1591/5683/4
f 1802/11381/4 1697/3912/4 1662/11379/4
f 1608/4753/4 1591/5683/4 1488/10292/4
f 1802/11381/4 1662/11379/4 1608/4753/4
f 1866/11382/4 1812/11383/4 1802/11381/4
f 1907/11384/4 1874/11385/4 1866/11382/4
f 1917/10526/4 1927/10525/4 1907/11384/4
f 1609/4783/4 1645/4782/4 1917/10526/4
f 1482/10028/4 1556/11386/4 1554/4755/4
f 1609/4783/4 1917/10526/4 1907/11384/4
f 1406/10029/4 1482/10028/4 1554/4755/4
f 1609/4783/4 1907/11384/4 1866/11382/4
f 1609/4783/4 1866/11382/4 1802/11381/4
f 1408/10030/4 1406/10029/4 1554/4755/4
f 1554/4755/4 1609/4783/4 1802/11381/4
f 1554/4755/4 1802/11381/4 1608/4753/4
f 1432/11387/4 1408/10030/4 1554/4755/4
f 1483/3956/4 1432/11387/4 1554/4755/4
f 1488/10292/4 1489/3955/4 1517/4754/4
f 1517/4754/4 1483/3956/4 1554/4755/4
f 1608/4753/4 1488/10292/4 1517/4754/4
f 3061/4758/3 3058/11388/3 3049/4756/3
f 3049/4756/3 3046/6429/3 3051/4757/3
f 1386/4759/2 1296/11389/2 1261/4760/2
f 3054/4762/1 2953/11390/1 2958/4763/1
f 144/4767/1 142/11391/1 87/4765/1
f 87/4765/1 121/11392/1 122/4766/1
f 3170/4768/5 3168/11393/5 3120/4769/5
f 3167/4714/2 3168/4713/2 3170/4771/2
f 3128/4773/7 3170/11394/7 3122/4774/7
f 3120/4776/3 3168/11395/3 3167/4777/3
f 4685/11396/4 4701/11397/4 4617/4784/4
f 4617/4784/4 4535/10768/4 4530/4785/4
f 4671/4786/4 4685/11396/4 4617/4784/4
f 4651/8445/1 4650/8448/1 4593/2393/1
f 4651/8445/1 4593/2393/1 4594/2392/1
f 4638/8446/1 4651/8445/1 4594/2392/1
f 4595/4787/1 4596/8453/1 4640/4788/1
f 4638/8446/1 4594/2392/1 4595/4787/1
f 4640/4788/1 4664/8447/1 4652/4789/1
f 4652/4789/1 4638/8446/1 4595/4787/1
f 1335/4790/3 1340/11398/3 1337/11399/3
f 1334/4791/3 1326/11400/3 1322/4792/3
f 1335/4790/3 1337/11399/3 1334/4791/3
f 3760/4793/4 3753/11401/4 3707/11402/4
f 3755/4794/4 3861/11403/4 3864/4795/4
f 3760/4793/4 3707/11402/4 3755/4794/4
f 3864/4795/4 3820/11404/4 3760/4793/4
f 4338/11405/5 4383/11406/5 4382/4796/5
f 4382/4796/5 4263/11407/5 4112/4797/5
f 4112/4797/5 4113/11408/5 4295/4798/5
f 4295/4798/5 4338/11405/5 4382/4796/5
f 3167/4799/5 3193/11409/5 3189/4800/5
f 3185/3330/2 3147/3332/2 3141/11410/2
f 3141/11410/2 3469/11411/2 3471/4802/2
f 3471/4802/2 3143/11412/2 3151/3331/2
f 3185/3330/2 3141/11410/2 3471/4802/2
f 839/4805/1 891/11413/1 886/4803/1
f 859/4804/1 827/11414/1 839/4805/1
f 3210/4806/3 3213/11415/3 3206/4807/3
f 1261/4809/7 1296/11416/7 1255/4810/7
f 4196/11417/1 4187/11418/1 4160/4812/1
f 4160/4812/1 4108/11419/1 4111/4813/1
f 4111/4813/1 4258/11420/1 4264/11421/1
f 4206/4814/1 4196/11417/1 4160/4812/1
f 4111/4813/1 4264/11421/1 4206/4814/1
f 3229/4815/3 3234/11422/3 3233/4816/3
f 3194/4818/2 3240/2811/2 3242/4819/2
f 3193/4821/7 3242/11423/7 3190/4822/7
f 2997/4824/4 3001/11424/4 2880/8577/4
f 2880/8577/4 2878/8576/4 2953/4825/4
f 2953/4825/4 3054/11425/4 3053/4826/4
f 2997/4824/4 2880/8577/4 2953/4825/4
f 2795/4827/2 2614/11188/2 2664/4828/2
f 2664/4828/2 2610/11191/2 2607/4829/2
f 3161/4832/5 3252/11426/5 3365/4830/5
f 3365/4830/5 3362/11427/5 3107/4831/5
f 3107/4831/5 3109/11428/5 3161/4832/5
f 1039/4833/7 1037/11429/7 1023/11430/7
f 1039/4833/7 1023/11430/7 1004/11431/7
f 1025/11432/7 1040/11433/7 1039/4833/7
f 1024/4835/22 1025/11432/22 1039/4833/22
f 1039/4833/7 1004/11431/7 1005/4834/7
f 1389/3755/5 1363/3754/5 1365/11434/5
f 1365/11434/5 1310/11435/5 1314/11436/5
f 1316/11437/5 1219/11438/5 1226/11439/5
f 1365/11434/5 1314/11436/5 1316/11437/5
f 1355/11440/5 1357/3753/5 1389/3755/5
f 1389/3755/5 1365/11434/5 1316/11437/5
f 1226/11439/5 1160/11441/5 1167/11442/5
f 1316/11437/5 1226/11439/5 1167/11442/5
f 1234/11443/5 1242/11444/5 1280/11445/5
f 1316/11437/5 1167/11442/5 1234/11443/5
f 1451/10448/5 1355/11440/5 1389/3755/5
f 1316/11437/5 1234/11443/5 1280/11445/5
f 1451/10448/5 1389/3755/5 1316/11437/5
f 1370/10449/5 1391/4063/5 1451/10448/5
f 1396/5301/5 1392/10451/5 1371/10450/5
f 1370/10449/2 1451/10448/2 1316/11437/2
f 1397/10377/5 1396/5301/5 1371/10450/5
f 1371/10450/5 1370/10449/5 1316/11437/5
f 1316/11437/5 1280/11445/5 1285/11446/5
f 1323/11447/5 1328/11448/5 1377/11449/5
f 1316/11437/5 1285/11446/5 1323/11447/5
f 1397/10377/5 1371/10450/5 1316/11437/5
f 1421/10378/5 1397/10377/5 1316/11437/5
f 1316/11437/5 1323/11447/5 1377/11449/5
f 1421/10378/5 1316/11437/5 1377/11449/5
f 1421/10378/5 1377/11449/5 1385/11450/5
f 1261/11451/5 1253/11452/5 1176/11453/5
f 1420/10379/5 1421/10378/5 1385/11450/5
f 1261/11451/5 1176/11453/5 1178/11454/5
f 1468/3996/5 1420/10379/5 1385/11450/5
f 1261/11451/5 1178/11454/5 1266/11455/5
f 1496/10382/5 1468/3996/5 1385/11450/5
f 1385/11450/5 1261/11451/5 1266/11455/5
f 1266/11455/5 1403/11456/5 1399/11457/5
f 1399/11457/5 1653/10180/5 1634/10202/5
f 1617/3863/5 1616/3864/5 1585/10179/5
f 1399/11457/5 1634/10202/5 1617/3863/5
f 1385/11450/5 1266/11455/5 1399/11457/5
f 1494/10380/5 1495/3997/5 1496/10382/5
f 1496/10382/5 1385/11450/5 1399/11457/5
f 1399/11457/5 1617/3863/5 1585/10179/5
f 1399/11457/5 1585/10179/5 1570/10178/5
f 1496/10382/5 1399/11457/5 1570/10178/5
f 1568/10177/5 1537/10365/5 1522/10366/5
f 1496/10382/5 1570/10178/5 1568/10177/5
f 1494/10380/5 1496/10382/5 1568/10177/5
f 1494/10380/5 1568/10177/5 1522/10366/5
f 1462/10371/5 1463/3998/5 1493/10381/5
f 1493/10381/5 1494/10380/5 1522/10366/5
f 1521/4836/5 1535/3834/5 1534/3836/5
f 1493/10381/5 1522/10366/5 1521/4836/5
f 1492/4837/5 1462/10371/5 1493/10381/5
f 1534/3836/5 1520/10372/5 1492/4837/5
f 1492/4837/5 1493/10381/5 1521/4836/5
f 3841/4838/1 3845/11458/1 3827/4839/1
f 3218/4841/1 3258/11459/1 3263/4842/1
f 3228/4844/7 3221/11460/7 3218/4845/7
f 3265/4847/1 3267/11461/1 3261/4848/1
f 3223/4850/7 3231/11462/7 3265/4851/7
f 3333/4853/4 3337/3861/4 3281/11463/4
f 3273/4854/4 3234/11464/4 3229/11465/4
f 3333/4853/4 3281/11463/4 3273/4854/4
f 3327/4855/4 3393/3862/4 3333/4853/4
f 3273/4854/4 3229/11465/4 3327/4855/4
f 3111/11466/5 3046/11467/5 3049/11468/5
f 3058/11469/5 3010/11470/5 3014/11471/5
f 3111/11466/5 3049/11468/5 3058/11469/5
f 3113/11472/5 3111/11466/5 3058/11469/5
f 3014/11471/5 2961/11142/5 2969/4625/5
f 3113/11472/5 3058/11469/5 3014/11471/5
f 3303/4678/5 3432/11473/5 3424/11474/5
f 3254/4679/5 3303/4678/5 3424/11474/5
f 3424/11474/5 3113/11472/5 3014/11471/5
f 3014/11471/5 2969/4625/5 2970/4627/5
f 2970/4627/5 3003/11475/5 3164/11476/5
f 3164/11476/5 3223/11477/5 3219/4856/5
f 3219/4856/5 3261/11478/5 3257/4677/5
f 3254/4679/5 3424/11474/5 3014/11471/5
f 3219/4856/5 3257/4677/5 3254/4679/5
f 2970/4627/5 3164/11476/5 3219/4856/5
f 3254/4679/5 3014/11471/5 2970/4627/5
f 3234/4857/1 3273/11479/1 3279/4858/1
f 3273/4860/3 3281/11480/3 3276/4861/3
f 3289/4863/2 3291/11481/2 3292/4864/2
f 3197/4866/7 3292/11482/7 3240/4867/7
f 4309/4869/1 4211/11483/1 4212/11484/1
f 4276/4870/1 4278/11485/1 4308/11486/1
f 4309/4869/1 4212/11484/1 4276/4870/1
f 4344/4871/1 4345/11487/1 4309/4869/1
f 4276/4870/1 4308/11486/1 4344/4871/1
f 1277/4872/3 1278/5679/3 1275/11488/3
f 1276/4873/3 1308/11489/3 1303/4874/3
f 1277/4872/3 1275/11488/3 1276/4873/3
f 833/4875/1 814/6320/1 803/4876/1
f 3215/4878/1 3304/11490/1 3311/4879/1
f 3263/4881/7 3258/5197/7 3215/4882/7
f 3287/4884/7 3245/11491/7 3238/4885/7
f 3312/4887/1 3315/11492/1 3306/4888/1
f 3261/4890/7 3267/4934/7 3312/4891/7
f 3318/4893/3 3327/11493/3 3325/4894/3
f 3329/4896/2 3331/11494/2 3271/4897/2
f 3323/4899/3 3331/11495/3 3329/4900/3
f 3494/5003/5 3492/10856/5 3376/11496/5
f 3388/11497/5 3321/11498/5 3329/4902/5
f 3494/5003/5 3376/11496/5 3388/11497/5
f 3334/10862/5 3438/5002/5 3436/4904/5
f 3436/4904/2 3494/5003/2 3388/11497/2
f 3329/4902/5 3269/11499/5 3275/4903/5
f 3436/4904/5 3388/11497/5 3329/4902/5
f 3275/4903/5 3334/10862/5 3436/4904/5
f 1653/11500/2 1399/11501/2 1398/11502/2
f 1653/11500/2 1398/11502/2 1428/11503/2
f 1690/11504/2 1653/11500/2 1428/11503/2
f 1690/11504/2 1428/11503/2 1474/11505/2
f 1877/11506/2 1690/11504/2 1474/11505/2
f 1877/11506/2 1474/11505/2 1499/11507/2
f 2094/11508/2 2096/11509/2 1942/4907/2
f 1942/4907/2 1877/11506/2 1499/11507/2
f 1942/4907/2 1499/11507/2 1546/11510/2
f 1767/11511/2 2094/11508/2 1942/4907/2
f 1743/11512/2 1767/11511/2 1942/4907/2
f 1942/4907/2 1546/11510/2 1587/11513/2
f 1942/4907/2 1587/11513/2 1637/11514/2
f 1688/4906/2 1743/11512/2 1942/4907/2
f 1942/4907/2 1637/11514/2 1652/4905/2
f 3281/4908/1 3337/4878/1 3341/4880/1
f 3337/4910/3 3343/11515/3 3338/4911/3
f 3295/4913/7 3351/11516/7 3291/4914/7
f 3349/4917/4 3176/11131/4 3130/4780/4
f 3173/4779/2 3245/11135/2 3347/4916/2
f 3349/4917/4 3130/4780/4 3173/4779/4
f 3428/4918/1 3206/6065/1 3213/4919/1
f 3358/4921/4 3419/11517/4 3417/11518/4
f 3356/11519/5 3297/11520/5 3154/4922/5
f 3358/4921/4 3417/11518/4 3356/11519/4
f 3091/4923/2 3157/11521/2 3358/4921/2
f 3154/4922/4 3104/11522/4 3091/4923/4
f 3358/4921/4 3356/11519/4 3154/4922/4
f 3406/4924/2 3351/11523/2 3295/4925/2
f 3255/10949/4 3214/10951/4 3206/4419/4
f 3206/4419/4 3428/11524/4 3426/4927/4
f 3366/4928/4 3255/10949/4 3206/4419/4
f 3372/4929/4 3370/11525/4 3311/4930/4
f 3311/4932/7 3304/11526/7 3255/4933/7
f 3306/4935/7 3315/5034/7 3374/4936/7
f 3423/4938/4 3420/11527/4 3213/4939/4
f 3380/4941/2 3387/11528/2 3318/4942/2
f 3384/4868/3 3387/11529/3 3380/4944/3
f 3388/4948/2 3390/11530/2 3323/4949/2
f 3379/4951/3 3390/11531/3 3388/4952/3
f 3931/4956/1 3930/11532/1 3929/4954/1
f 3929/4954/1 3914/11533/1 3927/4955/1
f 3399/4957/3 3400/11534/3 3396/4958/3
f 1645/11535/1 1623/11536/1 1597/11537/1
f 1645/11535/1 1597/11537/1 1619/11538/1
f 1917/11539/1 1645/11535/1 1619/11538/1
f 1917/11539/1 1619/11538/1 1642/11540/1
f 2010/11541/1 2039/11542/1 2047/4962/1
f 2004/11543/1 2010/11541/1 2047/4962/1
f 2047/4962/1 1917/11539/1 1642/11540/1
f 2047/4962/1 1642/11540/1 1656/11544/1
f 1966/11545/1 2004/11543/1 2047/4962/1
f 1945/11546/1 1966/11545/1 2047/4962/1
f 2047/4962/1 1656/11544/1 1723/11547/1
f 2047/4962/1 1723/11547/1 1794/11548/1
f 1914/11549/1 1945/11546/1 2047/4962/1
f 1878/4961/1 1914/11549/1 2047/4962/1
f 2047/4962/1 1794/11548/1 1859/4960/1
f 3403/4963/7 3349/11550/7 3347/4964/7
f 3471/4966/7 3469/11551/7 3508/4967/7
f 4052/4971/2 4053/11552/2 3881/4969/2
f 3881/4969/2 3880/5304/2 3900/4970/2
f 3440/4972/3 3448/11553/3 3444/4973/3
f 331/4694/1 337/11554/1 243/11555/1
f 213/11556/1 190/8501/1 191/2469/1
f 290/11557/1 331/4694/1 243/11555/1
f 244/11558/1 259/11559/1 265/11560/1
f 265/11560/1 290/11557/1 243/11555/1
f 265/11560/1 243/11555/1 213/11556/1
f 244/11558/1 265/11560/1 213/11556/1
f 244/11558/1 213/11556/1 191/2469/1
f 266/4977/1 264/11561/1 245/11562/1
f 245/11562/1 244/11558/1 191/2469/1
f 192/8500/1 175/2471/1 176/11563/1
f 245/11562/1 191/2469/1 192/8500/1
f 307/4976/1 306/11564/1 266/4977/1
f 266/4977/1 245/11562/1 192/8500/1
f 192/8500/1 176/11563/1 214/4975/1
f 214/4975/1 246/11565/1 307/4976/1
f 266/4977/1 192/8500/1 214/4975/1
f 3400/4978/1 3452/11566/1 3442/4979/1
f 3452/4981/3 3454/11567/3 3449/4982/3
f 3460/4984/2 3461/4980/2 3463/4985/2
f 3409/4987/7 3463/11568/7 3406/4988/7
f 3424/4990/5 3484/11569/5 3482/4991/5
f 3365/4993/7 3424/11570/7 3481/4994/7
f 3513/4998/1 3528/11571/1 3486/4996/1
f 3486/4996/1 3474/3976/1 3477/4997/1
f 3489/4999/1 3490/11572/1 3484/5000/1
f 3438/5002/5 3496/4313/5 3494/5003/5
f 216/5004/4 140/11573/4 162/5005/4
f 3597/5009/1 3601/11574/1 3444/5007/1
f 3444/5007/1 3448/11575/1 3503/5008/1
f 3063/5010/4 3065/11576/4 3019/11577/4
f 2885/9323/4 2882/11578/4 2912/4636/4
f 2885/9323/4 2912/4636/4 2918/4635/4
f 3063/5010/4 3019/11577/4 2885/9323/4
f 3057/5012/4 3114/3353/4 3063/5010/4
f 2966/11579/4 2999/11580/4 3057/5012/4
f 2965/4634/4 2966/11579/4 3057/5012/4
f 2885/9323/4 2918/4635/4 2963/5011/4
f 2963/5011/4 2965/4634/4 3057/5012/4
f 3063/5010/4 2885/9323/4 2963/5011/4
f 3507/5013/7 3461/11581/7 3460/11582/7
f 3466/5014/7 3465/11583/7 3471/5015/7
f 3507/5013/7 3460/11582/7 3466/5014/7
f 4639/11584/1 4598/11585/1 4601/11586/1
f 4639/11584/1 4601/11586/1 4653/5017/1
f 4784/11587/1 4782/11588/1 4665/5016/1
f 4665/5016/1 4639/11584/1 4653/5017/1
f 4678/5018/1 4784/11587/1 4665/5016/1
f 3484/5019/7 3490/11589/7 3519/5020/7
f 3522/5022/3 3524/11590/3 3518/5023/3
f 3513/5025/3 3529/11591/3 3526/5026/3
f 3534/5028/3 3541/11592/3 3540/5029/3
f 3522/11593/5 3519/11594/5 3490/11595/5
f 3490/11595/5 3489/11596/5 3435/11597/5
f 3435/11597/5 3374/11598/5 3315/11599/5
f 3315/11599/5 3312/11600/5 3267/11601/5
f 3267/11601/5 3265/11602/5 3231/4721/5
f 3068/4723/5 3021/4722/5 2894/11064/5
f 3068/4723/5 2894/11064/5 2836/4574/5
f 2836/4574/5 2838/10642/5 2897/11603/5
f 2904/11604/5 2850/4560/5 2851/11041/5
f 3068/4723/5 2836/4574/5 2897/11603/5
f 3068/4723/5 2897/11603/5 2904/11604/5
f 3068/4723/5 2904/11604/5 2851/11041/5
f 2817/4559/5 2815/11605/5 2778/11606/5
f 2778/11606/5 2776/11607/5 2699/10640/5
f 2699/10640/5 2648/10639/5 2645/11608/5
f 2586/11609/5 2535/11610/5 2539/11611/5
f 2699/10640/5 2645/11608/5 2586/11609/5
f 2778/11606/5 2699/10640/5 2586/11609/5
f 2586/11609/5 2539/11611/5 2653/11612/5
f 2653/11612/5 2720/11613/5 2719/11614/5
f 2586/11609/5 2653/11612/5 2719/11614/5
f 2817/4559/5 2778/11606/5 2586/11609/5
f 2817/4559/5 2586/11609/5 2719/11614/5
f 2817/4559/5 2719/11614/5 2737/11615/5
f 2851/11041/5 2817/4559/5 2737/11615/5
f 2599/4445/5 2593/4444/5 2251/11616/5
f 2251/11616/5 2249/11617/5 2220/11618/5
f 2165/11619/5 2081/11620/5 2166/11621/5
f 2251/11616/5 2220/11618/5 2165/11619/5
f 2251/11616/5 2165/11619/5 2166/11621/5
f 2166/11621/5 2182/11622/5 2328/4287/5
f 2166/11621/5 2328/4287/5 2323/4288/5
f 3435/11597/5 3315/11599/5 3267/11601/5
f 3522/11593/5 3490/11595/5 3435/11597/5
f 3591/11623/5 3582/11624/5 3524/11625/5
f 3524/11625/5 3522/11593/5 3435/11597/5
f 3435/11597/5 3267/11601/5 3231/4721/5
f 3591/11623/5 3524/11625/5 3435/11597/5
f 3705/11626/5 3702/11627/5 3591/11623/5
f 3819/11628/5 3817/11629/5 3705/11626/5
f 3887/11630/5 3886/11631/5 3819/11628/5
f 3840/10504/5 3867/11632/5 3863/11633/5
f 3863/11633/5 3887/11630/5 3819/11628/5
f 3819/11628/5 3705/11626/5 3591/11623/5
f 3591/11623/5 3435/11597/5 3231/4721/5
f 3591/11623/5 3231/4721/5 3068/4723/5
f 3840/10504/5 3863/11633/5 3819/11628/5
f 2251/11616/5 2166/11621/5 2323/4288/5
f 2251/11616/5 2323/4288/5 2357/3230/5
f 2599/4445/5 2251/11616/5 2357/3230/5
f 2397/3229/5 2371/3228/5 2362/10829/5
f 2599/4445/4 2357/3230/4 2397/3229/4
f 2599/4445/5 2397/3229/5 2362/10829/5
f 2362/10829/5 2605/2658/5 2602/2660/5
f 2602/2660/5 2739/2659/5 3089/11634/5
f 3089/11634/5 3084/11635/5 2942/11636/5
f 2936/11637/5 2978/11638/5 2974/11639/5
f 2602/2660/5 3089/11634/5 2942/11636/5
f 2602/2660/5 2942/11636/5 2936/11637/5
f 2599/4445/5 2362/10829/5 2602/2660/5
f 2737/11615/5 2599/4445/5 2602/2660/5
f 2602/2660/5 2936/11637/5 2974/11639/5
f 2974/11639/5 3073/11640/5 3120/11641/5
f 3190/5031/5 3242/11642/5 3240/11643/5
f 3240/11643/5 3292/11644/5 3291/11645/5
f 3291/11645/5 3351/11646/5 3406/11647/5
f 3406/11647/5 3463/11648/5 3461/11649/5
f 3461/11649/5 3507/11650/5 3548/11651/5
f 3537/11652/5 3619/11653/5 3611/11654/5
f 3461/11649/5 3548/11651/5 3537/11652/5
f 3240/11643/5 3291/11645/5 3406/11647/5
f 3406/11647/5 3461/11649/5 3537/11652/5
f 3611/11654/5 3676/11655/5 3668/11656/5
f 3406/11647/5 3537/11652/5 3611/11654/5
f 3190/5031/5 3240/11643/5 3406/11647/5
f 3190/5031/5 3406/11647/5 3611/11654/5
f 3668/11656/5 3736/4081/5 3728/10515/5
f 2737/11615/5 2602/2660/5 2974/11639/5
f 3840/10504/5 3819/11628/5 3591/11623/5
f 3825/11657/5 3824/10505/5 3840/10504/5
f 3647/11658/5 3712/11659/5 3764/11660/5
f 3764/11660/5 3825/11657/5 3840/10504/5
f 2851/11041/5 2737/11615/5 2974/11639/5
f 3068/4723/5 2851/11041/5 2974/11639/5
f 3764/11660/5 3840/10504/5 3591/11623/5
f 3647/11658/5 3764/11660/5 3591/11623/5
f 3068/4723/5 2974/11639/5 3120/11641/5
f 3379/11661/5 3647/11658/5 3591/11623/5
f 3323/11662/5 3390/11663/5 3379/11661/5
f 3271/11664/5 3331/11665/5 3323/11662/5
f 3400/11666/5 3399/11667/5 3284/5033/5
f 3454/5032/5 3452/11668/5 3400/11666/5
f 3728/10515/5 3660/11669/5 3603/11670/5
f 3454/5032/5 3400/11666/5 3284/5033/5
f 3668/11656/5 3728/10515/5 3603/11670/5
f 3668/11656/5 3603/11670/5 3454/5032/5
f 3068/4723/5 3120/11641/5 3190/5031/5
f 3379/11661/5 3591/11623/5 3068/4723/5
f 3323/11662/5 3379/11661/5 3068/4723/5
f 3323/11662/5 3068/4723/5 3190/5031/5
f 3271/11664/5 3323/11662/5 3190/5031/5
f 3611/11654/5 3668/11656/5 3454/5032/5
f 3284/5033/5 3271/11664/5 3190/5031/5
f 3190/5031/5 3611/11654/5 3454/5032/5
f 3537/5034/3 3548/11671/3 3546/5035/3
f 3553/5036/3 3554/11672/3 3551/5037/3
f 3544/5039/3 3560/11673/3 3558/5040/3
f 3518/5042/5 3578/11674/5 3575/5043/5
f 3575/5045/3 3578/11675/3 3574/5046/3
f 1148/5047/1 1154/11676/1 1111/5048/1
f 3524/5050/1 3582/11677/1 3578/5051/1
f 3529/5053/1 3580/11678/1 3586/5054/1
f 3580/4668/3 3588/4667/3 3584/5056/3
f 4200/5058/1 4286/5751/1 4177/5059/1
f 4177/5059/1 4178/11679/1 4201/5060/1
f 3638/5061/3 3636/11680/3 3627/5062/3
f 3614/5064/2 3615/11681/2 3534/5065/2
f 3607/5067/3 3615/11682/3 3614/5068/3
f 3611/5069/3 3619/11683/3 3618/5070/3
f 3615/5072/4 3621/11684/4 3541/5073/4
f 3624/5075/3 3625/11685/3 3621/5076/3
f 3570/5080/1 3641/11686/1 3643/5078/1
f 3643/5078/1 3562/11687/1 3566/5079/1
f 3546/5081/5 3634/11688/5 3618/5082/5
f 3618/5084/3 3634/11689/3 3633/5085/3
f 3627/5087/4 3636/11690/4 3554/5088/4
f 3558/5090/5 3638/11691/5 3629/5091/5
f 4149/5093/2 4150/11692/2 4147/5094/2
f 818/11693/2 819/11694/2 686/5096/2
f 686/5096/2 685/11695/2 737/11696/2
f 686/5096/2 737/11696/2 745/5097/2
f 786/5098/2 818/11693/2 686/5096/2
f 4397/11697/5 4396/11698/5 4339/11699/5
f 4298/11700/5 4066/11701/5 4068/11702/5
f 4397/11697/5 4339/11699/5 4298/11700/5
f 4458/11703/5 4453/11704/5 4397/11697/5
f 4342/11705/5 4407/11706/5 4401/11707/5
f 4401/11707/5 4458/11703/5 4397/11697/5
f 4298/11700/5 4068/11702/5 4067/11708/5
f 4298/11700/5 4067/11708/5 4119/11709/5
f 4401/11707/5 4397/11697/5 4298/11700/5
f 4305/11710/5 4342/11705/5 4401/11707/5
f 4225/11711/5 4267/11712/5 4273/11713/5
f 4305/11710/5 4401/11707/5 4298/11700/5
f 4222/11714/5 4225/11711/5 4273/11713/5
f 4273/11713/5 4305/11710/5 4298/11700/5
f 4121/11715/5 4070/11716/5 4074/11717/5
f 4074/11717/5 4028/11718/5 4031/11719/5
f 4031/11719/5 3961/11720/5 3967/11721/5
f 3995/11722/5 3996/11723/5 4034/11724/5
f 4031/11719/5 3967/11721/5 3995/11722/5
f 4121/11715/23 4074/11717/23 4031/11719/23
f 4222/11714/5 4273/11713/5 4298/11700/5
f 4161/11725/5 4222/11714/5 4298/11700/5
f 4031/11719/5 3995/11722/5 4034/11724/5
f 4034/11724/5 4035/11726/5 4081/5613/5
f 4167/5686/5 4129/5612/5 4130/11727/5
f 4034/11724/5 4081/5613/5 4167/5686/5
f 4121/11715/5 4031/11719/5 4034/11724/5
f 4161/11725/5 4298/11700/5 4119/11709/5
f 4190/11728/5 4188/11729/5 4164/11730/5
f 4164/11730/5 4161/11725/5 4119/11709/5
f 4121/11715/5 4034/11724/5 4167/5686/5
f 4164/11730/5 4119/11709/5 4121/11715/5
f 4192/11731/5 4190/11728/5 4164/11730/5
f 4192/11731/5 4164/11730/5 4121/11715/5
f 4192/11731/5 4121/11715/5 4167/5686/5
f 4192/11731/5 4167/5686/5 4130/11727/5
f 4130/11727/5 4086/11732/5 4090/11733/5
f 4135/11734/5 4138/11735/5 4481/5099/5
f 4130/11727/5 4090/11733/5 4135/11734/5
f 4214/11736/5 4192/11731/5 4130/11727/5
f 4323/5100/5 4252/11737/5 4251/5101/5
f 4214/11736/5 4130/11727/5 4135/11734/5
f 4214/11736/5 4135/11734/5 4481/5099/5
f 4481/5099/5 4472/11738/5 4370/11739/5
f 4481/5099/5 4370/11739/5 4323/5100/5
f 4251/5101/5 4214/11736/5 4481/5099/5
f 3591/5102/3 3590/11740/3 3578/5103/3
f 4193/11741/2 4287/11742/2 4288/11743/2
f 4256/11744/2 4257/11745/2 4154/5105/2
f 4193/11741/2 4288/11743/2 4256/11744/2
f 4194/5107/2 4193/11741/2 4256/11744/2
f 4154/5105/2 4152/11746/2 4181/11747/2
f 4154/5105/2 4181/11747/2 4183/5106/2
f 4194/5107/2 4256/11744/2 4154/5105/2
f 3601/5108/7 3597/11748/7 3594/5109/7
f 3599/5111/7 3603/11749/7 3660/5112/7
f 3670/5114/2 3673/11750/2 3607/5115/2
f 3665/5117/3 3673/5259/3 3670/5118/3
f 3674/5120/2 3676/11751/2 3611/5121/2
f 3668/5123/3 3676/11752/3 3674/5124/3
f 4525/5128/1 4522/11753/1 4391/5126/1
f 4391/5126/1 4392/11754/1 4449/5127/1
f 4389/11755/3 4388/11756/3 4378/11757/3
f 4378/11757/3 4379/11758/3 4382/5129/3
f 4383/11759/3 4393/11760/3 4392/11761/3
f 4390/11762/3 4389/11755/3 4378/11757/3
f 4380/5131/3 4390/11762/3 4378/11757/3
f 4382/5129/3 4383/11759/3 4392/11761/3
f 4392/11761/3 4391/11763/3 4381/5130/3
f 4380/5131/3 4378/11757/3 4382/5129/3
f 4382/5129/3 4392/11761/3 4381/5130/3
f 3564/5134/3 3568/4061/3 3570/5132/3
f 3566/5133/3 3562/11764/3 3564/5134/3
f 393/2657/5 389/11765/5 326/5135/5
f 3456/5136/2 3458/11766/2 3349/5137/2
f 3690/5139/3 3699/11767/3 3694/5140/3
f 3702/5142/3 3705/11768/3 3701/5143/3
f 3161/11769/1 3109/11770/1 3113/5145/1
f 3113/5145/1 3424/11771/1 3365/5146/1
f 3252/5147/1 3161/11769/1 3113/5145/1
f 3648/5148/7 3712/11772/7 3647/5149/7
f 3762/5151/2 3764/11773/2 3712/5152/2
f 3656/5154/5 3721/11774/5 3717/5155/5
f 3505/5156/7 3469/11775/7 3414/11776/7
f 3505/5156/7 3414/11776/7 3410/11777/7
f 3458/5158/7 3456/11778/7 3505/5156/7
f 3505/5156/7 3410/11777/7 3413/5157/7
f 4360/5161/7 4369/11779/7 4319/6046/7
f 4320/5162/7 4317/11780/7 4316/11781/7
f 4360/5161/7 4319/6046/7 4320/5162/7
f 4314/5163/7 4359/11782/7 4360/5161/7
f 4320/5162/7 4316/11781/7 4314/5163/7
f 3760/5164/2 3758/11783/2 3711/5165/2
f 3753/5167/7 3711/11784/7 3709/5168/7
f 3985/11785/1 3984/11786/1 3836/11787/1
f 3985/11785/1 3836/11787/1 3838/11788/1
f 3574/11789/1 3578/11790/1 3946/5172/1
f 3946/5172/1 3985/11785/1 3838/11788/1
f 3946/5172/1 3838/11788/1 3749/5170/1
f 3688/5171/1 3574/11789/1 3946/5172/1
f 3722/5173/1 3773/11791/1 3781/5174/1
f 3727/5176/7 3719/11792/7 3722/5177/7
f 3783/5179/1 3785/11793/1 3776/5180/1
f 3721/5182/7 3728/11794/7 3783/5183/7
f 3795/5185/3 3787/5213/3 3786/5186/3
f 3799/5188/3 3791/11795/3 3790/5189/3
f 3889/11796/5 3849/11797/5 3853/11798/5
f 3853/11798/5 3798/11799/5 3790/11800/5
f 3734/11801/5 3666/11802/5 3674/5191/5
f 3790/11800/5 3734/11801/5 3674/5191/5
f 3674/5191/5 3609/11803/5 3618/3258/5
f 3803/11804/5 3878/11805/5 3876/5192/5
f 3674/5191/5 3618/3258/5 3803/11804/5
f 3853/11798/5 3790/11800/5 3674/5191/5
f 3893/5193/5 3889/11796/5 3853/11798/5
f 3876/5192/5 3894/11806/5 3893/5193/5
f 3674/5191/5 3803/11804/5 3876/5192/5
f 3893/5193/5 3853/11798/5 3674/5191/5
f 3748/5194/1 3745/11156/1 3683/5195/1
f 3808/5197/3 3757/11807/3 3755/5198/3
f 4452/5200/3 4451/11808/3 4438/11809/3
f 4438/11809/3 4439/11810/3 4440/11811/3
f 4441/5201/3 4453/11812/3 4458/5202/3
f 4438/11809/3 4440/11811/3 4441/5201/3
f 4458/5202/3 4457/11813/3 4452/5200/3
f 4452/5200/3 4438/11809/3 4441/5201/3
f 3817/5203/3 3819/11814/3 3814/5204/3
f 3820/5206/7 3767/11815/7 3758/5207/7
f 3822/5209/2 3824/11816/2 3825/5210/2
f 3768/5212/7 3825/5186/7 3764/5213/7
f 3811/5215/1 3701/6425/1 3705/5216/1
f 1757/5220/2 1827/11817/2 1829/5218/2
f 1759/5219/2 1714/11818/2 1757/5220/2
f 3781/5221/7 3773/11819/7 3769/5222/7
f 3828/5224/1 3829/11820/1 3826/5225/1
f 3776/5227/7 3785/11821/7 3828/5228/7
f 3793/5232/2 3851/11822/2 3852/5230/2
f 3830/5231/2 3795/11823/2 3793/5232/2
f 4198/11824/4 4197/11825/4 4165/11826/4
f 4165/11826/4 4163/5615/4 4187/11827/4
f 4187/11827/4 4196/5652/4 4195/5651/4
f 4205/11828/4 4206/5650/4 4264/11829/4
f 4165/11826/4 4187/11827/4 4195/5651/4
f 4205/11828/4 4264/11829/4 4296/11830/4
f 4165/11826/4 4195/5651/4 4205/11828/4
f 4207/11831/4 4198/11824/4 4165/11826/4
f 4402/11832/4 4340/11833/4 4299/5235/4
f 4299/5235/4 4207/11831/4 4165/11826/4
f 4205/11828/4 4296/11830/4 4385/11834/4
f 4299/5235/4 4165/11826/4 4205/11828/4
f 4398/5234/4 4402/11832/4 4299/5235/4
f 4442/11835/4 4454/11836/4 4398/5234/4
f 4205/11828/4 4385/11834/4 4384/5233/4
f 4384/5233/4 4442/11835/4 4398/5234/4
f 4299/5235/4 4205/11828/4 4384/5233/4
f 2065/11837/1 2443/11838/1 2441/11839/1
f 2065/11837/1 2441/11839/1 2409/11840/1
f 1889/11841/1 1894/11842/1 2002/5236/1
f 2002/5236/1 2065/11837/1 2409/11840/1
f 2002/5236/1 2409/11840/1 2063/11843/1
f 1928/11844/1 1889/11841/1 2002/5236/1
f 1955/11845/1 1928/11844/1 2002/5236/1
f 2002/5236/1 2063/11843/1 2028/5237/1
f 2000/5238/1 1955/11845/1 2002/5236/1
f 3683/11846/2 3745/11847/2 4011/5239/2
f 4011/5239/4 4010/11848/4 3744/11849/4
f 3641/5240/4 3570/11850/4 3568/5241/4
f 4011/5239/4 3744/11849/4 3641/5240/4
f 3568/5241/4 3683/11846/4 4011/5239/4
f 3837/5242/3 3838/11851/3 3836/5243/3
f 4429/11852/3 4433/11084/3 4430/4597/3
f 4430/4597/3 4424/11853/3 4425/11854/3
f 4425/11854/3 4426/11855/3 4427/11856/3
f 4425/11854/3 4427/11856/3 4428/5245/3
f 4431/5246/3 4429/11852/3 4430/4597/3
f 4430/4597/3 4425/11854/3 4428/5245/3
f 3826/5247/7 3829/11857/7 3824/5248/7
f 3840/5250/3 3843/11858/3 3842/5251/3
f 3841/5253/3 3846/11859/3 3844/5254/3
f 3793/11860/4 3786/11861/4 3731/11862/4
f 3727/11863/4 3778/11864/4 3781/5256/4
f 3793/11860/4 3731/11862/4 3727/11863/4
f 3847/5258/4 3851/11865/4 3793/11860/4
f 3874/11866/4 3873/11867/4 3847/5258/4
f 3827/11868/4 3845/11869/4 3844/5257/4
f 3844/5257/4 3874/11866/4 3847/5258/4
f 3847/5258/4 3793/11860/4 3727/11863/4
f 3781/5256/4 3827/11868/4 3844/5257/4
f 3847/5258/4 3727/11863/4 3781/5256/4
f 3848/5259/3 3852/11870/3 3851/5260/3
f 3850/5261/3 3854/11871/3 3853/5262/3
f 3486/11872/7 3433/11873/7 3426/11874/7
f 3428/11875/7 3420/11876/7 3423/5264/7
f 3486/11872/7 3426/11874/7 3428/11875/7
f 3419/5265/7 3473/11877/7 3474/5266/7
f 3474/5266/7 3486/11872/7 3428/11875/7
f 3423/5264/7 3417/11878/7 3419/5265/7
f 3474/5266/7 3428/11875/7 3423/5264/7
f 4589/11879/2 4590/5758/2 4591/11880/2
f 4588/5267/2 4625/11881/2 4627/5268/2
f 4627/5268/2 4742/8822/2 4691/2894/2
f 4691/2894/2 4692/8819/2 4677/8818/2
f 4677/8818/2 4631/5756/2 4629/11882/2
f 4677/8818/2 4629/11882/2 4628/5269/2
f 4627/5268/2 4691/2894/2 4677/8818/2
f 4589/11879/2 4591/11880/2 4588/5267/2
f 4627/5268/2 4677/8818/2 4628/5269/2
f 4628/5269/2 4589/11879/2 4588/5267/2
f 4422/5270/4 4464/11883/4 4363/5271/4
f 3866/5273/2 3867/11884/2 3840/5274/2
f 3863/5276/3 3867/11885/3 3866/5227/3
f 3843/5277/1 3871/11886/1 3868/5278/1
f 3871/5280/3 3872/11887/3 3870/5281/3
f 3846/5283/1 3869/11888/1 3874/5284/1
f 3873/5286/2 3875/11889/2 3848/5287/2
f 3869/5289/3 3875/11890/3 3873/5290/3
f 1084/5292/4 1085/11891/4 1058/11892/4
f 1055/5293/4 1056/11893/4 1080/5294/4
f 1084/5292/4 1058/11892/4 1055/5293/4
f 2023/11894/5 2021/9362/5 1996/9367/5
f 1998/5295/5 2000/9369/5 2028/11895/5
f 2023/11894/5 1996/9367/5 1998/5295/5
f 2024/5296/5 2147/10630/5 2023/11894/5
f 2028/11895/5 2063/10631/5 2027/4182/5
f 2024/5296/5 2023/11894/5 1998/5295/5
f 1998/5295/5 2028/11895/5 2027/4182/5
f 3904/5299/4 3922/9263/4 3856/5297/4
f 3856/5297/4 3855/11896/4 3895/5298/4
f 1415/5300/5 1412/4064/5 1392/10451/5
f 1396/5301/5 1397/10377/5 1417/5302/5
f 1415/5300/5 1392/10451/5 1396/5301/5
f 4978/11897/2 5046/11898/2 4943/11899/2
f 4943/11899/2 4974/11900/2 4975/11901/2
f 4945/11902/2 4946/11903/2 4877/11904/2
f 4943/11899/2 4975/11901/2 4945/11902/2
f 4978/11897/2 4943/11899/2 4945/11902/2
f 4945/11902/2 4877/11904/2 4812/5305/2
f 4812/5305/2 4813/11905/2 4810/11906/2
f 4811/11907/2 4873/11908/2 4937/11909/2
f 4812/5305/2 4810/11906/2 4811/11907/2
f 4978/11897/2 4945/11902/2 4812/5305/2
f 4941/5307/2 5036/11910/2 4980/11911/2
f 4980/11911/2 4978/11897/2 4812/5305/2
f 4812/5305/2 4811/11907/2 4937/11909/2
f 4939/5306/2 4972/11912/2 4973/11913/2
f 4812/5305/2 4937/11909/2 4939/5306/2
f 4941/5307/2 4980/11911/2 4812/5305/2
f 4939/5306/2 4973/11913/2 4941/5307/2
f 3922/11914/2 4046/11915/2 4047/11916/2
f 3922/11914/2 4047/11916/2 3923/11917/2
f 3856/11918/2 3922/11914/2 3923/11917/2
f 3856/11918/2 3923/11917/2 3897/11919/2
f 3624/11920/2 3615/11921/2 3832/5308/2
f 3832/5308/2 3856/11918/2 3897/11919/2
f 3832/5308/2 3897/11919/2 3857/11922/2
f 3739/5310/2 3624/11920/2 3832/5308/2
f 3832/5308/2 3857/11922/2 3807/5309/2
f 3885/5311/2 3887/11923/2 3863/5312/2
f 3886/5314/3 3887/11924/3 3885/5315/3
f 3511/5317/5 3560/11925/5 3544/5318/5
f 3889/5320/2 3891/11926/2 3850/5321/2
f 3872/5323/1 3890/11927/1 3888/5324/1
f 3890/5326/3 3891/11928/3 3889/5327/3
f 1854/3974/4 1786/10328/4 1784/10327/4
f 1854/3974/5 1784/10327/5 1783/10291/5
f 1716/10183/5 1686/3847/5 1690/5330/5
f 1830/10326/5 1710/10181/5 1711/10184/5
f 1830/10326/5 1711/10184/5 1716/10183/5
f 1760/3954/5 1781/3953/5 1830/10326/5
f 1760/3954/5 1830/10326/5 1716/10183/5
f 1877/10329/5 1854/3974/5 1783/10291/5
f 1877/10329/5 1783/10291/5 1764/3952/5
f 1760/3954/5 1716/10183/5 1690/5330/5
f 1763/5329/5 1760/3954/5 1690/5330/5
f 1690/5330/5 1877/10329/5 1764/3952/5
f 3878/5331/5 3899/11929/5 3896/5332/5
f 3558/5334/2 3560/11930/2 3511/5335/2
f 3511/5335/2 3508/11931/2 3551/11932/2
f 3554/5336/2 3636/11933/2 3638/11934/2
f 3511/5335/2 3551/11932/2 3554/5336/2
f 3554/5336/2 3638/11934/2 3558/5334/2
f 4903/5337/3 4902/11935/3 4897/11936/3
f 4898/5338/3 4899/11322/3 4842/11937/3
f 4903/5337/3 4897/11936/3 4898/5338/3
f 4907/5339/3 4906/11938/3 4903/5337/3
f 4898/5338/3 4842/11937/3 4907/5339/3
f 3899/5340/5 3906/11939/5 3894/5341/5
f 1735/5343/2 1650/4010/2 1679/5344/2
f 4383/11940/1 4338/11941/1 4339/5346/1
f 4339/5346/1 4396/11942/1 4394/5347/1
f 4394/5347/1 4440/11943/1 4439/5348/1
f 4439/5348/1 4383/11940/1 4339/5346/1
f 2220/11944/1 2249/11945/1 2243/11946/1
f 2220/11944/1 2243/11946/1 2219/11947/1
f 2165/11948/1 2220/11944/1 2219/11947/1
f 2165/11948/1 2219/11947/1 2071/5349/1
f 2035/11949/1 2080/11950/1 2081/5351/1
f 2081/5351/1 2165/11948/1 2071/5349/1
f 2077/5350/1 2035/11949/1 2081/5351/1
f 616/5352/2 617/11951/2 584/5353/2
f 3909/5355/3 3910/11952/3 3907/5356/3
f 4915/5358/1 4917/11953/1 4960/5359/1
f 4960/5359/1 5006/2337/1 5005/5360/1
f 4936/5363/3 4946/11954/3 4945/5361/3
f 4945/5361/3 4944/11955/3 4933/5362/3
f 3/5364/1 30/11956/1 39/5365/1
f 39/5365/1 1/11957/1 2/5366/1
f 135/5369/1 140/11958/1 101/5367/1
f 101/5367/1 76/11959/1 77/5368/1
f 3902/11960/5 3919/11961/5 3918/11962/5
f 3902/11960/5 3918/11962/5 3917/11963/5
f 3889/11796/5 3893/5193/5 3902/11960/5
f 3868/10126/5 3870/11964/5 3888/5372/5
f 3888/5372/5 3889/11796/5 3902/11960/5
f 3902/11960/5 3917/11963/5 3915/11965/5
f 3915/11965/5 3928/11966/5 3926/5370/5
f 3926/5370/5 3955/11967/5 3954/11968/5
f 3954/11968/5 3952/11969/5 3951/11970/5
f 3951/11970/5 3911/9035/5 3912/5371/5
f 3912/5371/5 3884/9028/5 3885/3812/5
f 3885/3812/5 3868/10126/5 3888/5372/5
f 3888/5372/5 3902/11960/5 3915/11965/5
f 3926/5370/5 3954/11968/5 3951/11970/5
f 3888/5372/5 3915/11965/5 3926/5370/5
f 3912/5371/5 3885/3812/5 3888/5372/5
f 3926/5370/5 3951/11970/5 3912/5371/5
f 1609/5373/1 1554/11971/1 1557/5374/1
f 875/5375/2 876/11972/2 820/5376/2
f 4330/5378/3 4331/11973/3 4333/5379/3
f 4481/5381/3 4480/11974/3 4479/11975/3
f 4481/5381/3 4479/11975/3 4476/11976/3
f 4470/11977/3 4466/11978/3 4472/5383/3
f 4481/5381/3 4476/11976/3 4471/5382/3
f 4471/5382/3 4470/11977/3 4472/5383/3
f 4994/5386/1 4991/11979/1 4757/5384/1
f 4757/5384/1 4739/11980/1 4858/5385/1
f 3838/11981/5 3837/11982/5 3572/5387/5
f 3572/5387/5 3574/11983/5 3688/5388/5
f 3749/5389/5 3838/11981/5 3572/5387/5
f 3932/5391/5 3941/5261/5 3940/5263/5
f 3934/5390/5 3933/11984/5 3932/5391/5
f 3932/5392/1 3933/11985/1 3928/5393/1
f 3742/5395/2 3680/11341/2 3678/11344/2
f 3678/11344/2 3805/11343/2 4050/11986/2
f 4051/11987/2 4052/4971/2 3900/4970/2
f 3678/11344/2 4050/11986/2 4051/11987/2
f 3881/4969/2 3834/11340/2 3742/5395/2
f 3742/5395/2 3678/11344/2 4051/11987/2
f 4051/11987/2 3900/4970/2 3879/5303/2
f 3880/5304/2 3881/4969/2 3742/5395/2
f 3742/5395/2 4051/11987/2 3879/5303/2
f 3957/5396/4 3965/11988/4 3936/5397/4
f 3964/5399/3 3968/11989/3 3967/5400/3
f 3974/5402/5 3973/11990/5 3972/5403/5
f 3966/5405/4 3977/11991/4 3976/5406/4
f 3977/5408/2 3978/11992/2 3942/5409/2
f 3976/5411/7 3942/11993/7 3938/5412/7
f 3981/5414/5 3980/11994/5 3970/5415/5
f 3979/5417/2 3980/11995/2 3981/5418/2
f 3919/5420/7 3981/11996/7 3939/5421/7
f 4541/5423/4 4544/11997/4 4516/5424/4
f 4770/5428/2 4771/11998/2 4623/5426/2
f 4623/5426/2 4630/11999/2 4715/5427/2
f 3986/5429/4 3987/12000/4 3950/5430/4
f 3937/5432/2 3938/12001/2 3916/12002/2
f 3916/12002/2 3935/12003/2 3936/5433/2
f 3936/5433/2 3965/12004/2 3966/5434/2
f 3937/5432/2 3916/12002/2 3936/5433/2
f 3917/2983/7 3941/12005/7 3932/5435/7
f 4621/5437/3 4618/12006/3 4619/5438/3
f 4619/5438/3 4624/5878/3 4623/5439/3
f 3968/5440/1 3972/12007/1 3995/5441/1
f 3972/5443/3 3973/12008/3 3996/5444/3
f 3966/12009/7 3965/12010/7 4001/5446/7
f 4001/5446/7 3982/12011/7 3978/5447/7
f 3977/5448/7 3966/12009/7 4001/5446/7
f 3998/5449/2 3999/12012/2 4000/5450/2
f 4007/5452/5 4006/12013/5 3998/5453/5
f 4047/12014/4 4050/12015/4 3805/5455/4
f 3805/5455/4 3625/12016/4 3624/12017/4
f 3805/5455/4 3624/12017/4 3739/12018/4
f 3923/12019/4 4047/12014/4 3805/5455/4
f 3807/5456/2 3857/12020/2 3897/5457/2
f 3897/5457/4 3923/12019/4 3805/5455/4
f 3805/5455/4 3739/12018/4 3807/5456/4
f 4023/5460/1 4022/12021/1 4021/5458/1
f 4021/5458/1 3986/12022/1 4018/5459/1
f 3962/12023/7 3926/12024/7 3928/6441/7
f 3962/12023/7 3928/6441/7 3933/5461/7
f 3940/12025/7 3974/12026/7 3969/5463/7
f 3969/5463/7 3962/12023/7 3933/5461/7
f 3934/5462/7 3940/12025/7 3969/5463/7
f 3985/5464/1 4016/12027/1 4013/5465/1
f 4016/12028/2 3985/12029/2 3946/9034/2
f 3947/3017/5 3949/9036/5 3951/11970/5
f 4016/12028/5 3946/9034/5 3947/3017/5
f 3988/5467/5 4020/12030/5 4017/5468/5
f 4017/5468/5 4016/12028/5 3947/3017/5
f 3947/3017/5 3951/11970/5 3988/5467/5
f 296/5471/4 385/12031/4 422/5469/4
f 422/5469/4 427/12032/4 322/5470/4
f 4108/5474/1 4117/12033/1 4065/5472/1
f 4065/5472/1 4055/6348/1 4056/5473/1
f 3295/5477/5 3289/12034/5 3197/9757/5
f 3246/3529/5 3251/3531/5 3466/5475/5
f 3295/5477/5 3197/9757/5 3246/3529/5
f 3409/5476/5 3404/12035/5 3295/5477/5
f 3466/5475/5 3460/12036/5 3409/5476/5
f 3295/5477/5 3246/3529/5 3466/5475/5
f 3988/5480/1 4025/12037/1 4026/5478/1
f 4024/5479/1 4020/12038/1 3988/5480/1
f 3973/5481/1 4036/12039/1 4034/5482/1
f 4036/5484/3 4037/5536/3 4035/5485/3
f 4769/12040/4 4772/12041/4 4742/5487/4
f 4742/5487/4 4627/12042/4 4626/5488/4
f 4626/5488/2 4649/12043/2 4690/5489/2
f 4690/5489/4 4769/12040/4 4742/5487/4
f 2206/5490/2 2055/12044/2 2144/12045/2
f 2205/5491/2 2271/12046/2 2273/5492/2
f 2206/5490/2 2144/12045/2 2205/5491/2
f 3997/5493/7 4000/12047/7 3975/2904/7
f 3971/12048/7 3970/8880/7 3980/5494/7
f 3997/5493/7 3975/2904/7 3971/12048/7
f 3944/5495/7 4007/12049/7 3997/5493/7
f 3980/5494/7 3979/12050/7 3944/5495/7
f 3997/5493/7 3971/12048/7 3980/5494/7
f 4054/5498/4 4109/12051/4 4108/5496/4
f 4056/5497/4 4055/12052/4 4054/5498/4
f 4106/5499/1 4107/12053/1 4105/5500/1
f 4043/5502/2 4044/8468/2 4045/5503/2
f 4045/5503/2 4009/12054/2 4042/5504/2
f 4019/12055/7 4014/12056/7 4015/12057/7
f 4015/12057/7 4010/12058/7 4011/12059/7
f 4012/12060/7 4013/12061/7 4016/12062/7
f 4019/12055/7 4015/12057/7 4011/12059/7
f 4023/12063/7 4018/12064/7 4019/12055/7
f 4065/12065/7 4022/12066/7 4023/12063/7
f 4057/12067/7 4054/9798/7 4055/12068/7
f 4055/12068/7 4065/12065/7 4023/12063/7
f 4023/12063/7 4019/12055/7 4011/12059/7
f 4055/12068/7 4023/12063/7 4011/12059/7
f 4062/9799/7 4057/12067/7 4055/12068/7
f 4068/5507/7 4066/12069/7 4064/12070/7
f 4062/9799/7 4055/12068/7 4011/12059/7
f 4062/9799/7 4011/12059/7 4012/12060/7
f 4064/12070/7 4062/9799/7 4012/12060/7
f 4064/12070/7 4012/12060/7 4016/12062/7
f 4026/12071/7 4069/12072/7 4068/5507/7
f 4068/5507/7 4064/12070/7 4016/12062/7
f 4017/5505/7 4020/12073/7 4024/5506/7
f 4068/5507/7 4016/12062/7 4017/5505/7
f 4024/5506/7 4026/12071/7 4068/5507/7
f 4122/5508/3 4121/12074/3 4119/5509/3
f 4697/12075/4 4719/12076/4 4684/6222/4
f 4684/6222/4 4696/12077/4 4695/6241/4
f 4680/6242/4 4681/6221/4 4669/6223/4
f 4697/12075/4 4684/6222/4 4695/6241/4
f 4680/6242/4 4669/6223/4 4616/12078/4
f 4788/12079/4 4697/12075/4 4695/6241/4
f 4680/6242/4 4616/12078/4 4613/12080/4
f 4786/6379/4 4788/12079/4 4695/6241/4
f 4680/6242/4 4613/12080/4 4571/12081/4
f 4786/6379/4 4695/6241/4 4680/6242/4
f 4891/12082/4 4832/6378/4 4785/5513/4
f 4785/5513/4 4786/6379/4 4680/6242/4
f 4680/6242/4 4571/12081/4 4531/12083/4
f 4531/12083/4 4569/12084/4 4570/12085/4
f 4531/12083/4 4570/12085/4 4643/12086/4
f 4680/6242/4 4531/12083/4 4643/12086/4
f 4644/12087/4 4609/12088/4 4605/12089/4
f 4680/6242/4 4643/12086/4 4644/12087/4
f 4885/12090/4 4891/12082/4 4785/5513/4
f 4785/5513/4 4680/6242/4 4644/12087/4
f 4644/12087/4 4605/12089/4 4604/5511/4
f 4604/5511/4 4783/12091/4 4826/5512/4
f 4826/5512/4 4885/12090/4 4785/5513/4
f 4785/5513/4 4644/12087/4 4604/5511/4
f 3877/12092/2 3833/12093/2 3630/12094/2
f 3630/12094/5 3633/12095/5 3834/12096/5
f 3834/12096/2 3881/12097/2 4053/5514/2
f 4053/5514/5 4048/12098/5 3983/12099/5
f 4053/5514/5 3983/12099/5 3924/12100/5
f 3630/12094/5 3834/12096/5 4053/5514/5
f 3877/12092/5 3630/12094/5 4053/5514/5
f 4053/5514/5 3924/12100/5 3905/5515/5
f 3898/5516/5 3877/12092/5 4053/5514/5
f 4074/5517/2 4075/12101/2 4029/5518/2
f 4078/5520/4 4077/12102/4 4076/5521/4
f 4037/5523/1 4082/12103/1 4081/5524/1
f 4069/5472/1 4120/12033/1 4119/5526/1
f 4067/5527/1 4068/12104/1 4069/5472/1
f 4040/5528/2 4041/12105/2 4008/5529/2
f 4008/5529/2 4038/12106/2 4039/5530/2
f 4084/5531/3 4083/12107/3 4081/5532/3
f 2466/12108/1 2270/2773/1 2306/2775/1
f 2306/2775/1 2759/12109/1 2757/12110/1
f 2306/2775/1 2757/12110/1 2566/5534/1
f 2510/5535/1 2466/12108/1 2306/2775/1
f 4087/5536/3 4089/12111/3 4090/5537/3
f 3174/4573/5 3197/12112/5 3194/12113/5
f 3174/4573/5 3194/12113/5 3167/12114/5
f 2935/12115/5 2938/11060/5 3027/5546/5
f 3027/5546/5 3174/4573/5 3167/12114/5
f 3128/12116/5 3125/12117/5 3071/5544/5
f 3027/5546/5 3167/12114/5 3128/12116/5
f 2976/5545/5 2935/12115/5 3027/5546/5
f 3071/5544/5 2973/12118/5 2976/5545/5
f 3027/5546/5 3128/12116/5 3071/5544/5
f 4113/12119/2 4115/12120/2 4063/12121/2
f 4063/12121/2 4061/12122/2 4158/12123/2
f 4113/12119/2 4063/12121/2 4158/12123/2
f 4337/12124/2 4338/12125/2 4295/12126/2
f 4295/12126/2 4113/12119/2 4158/12123/2
f 4295/12126/2 4158/12123/2 4186/12127/2
f 4262/12128/2 4337/12124/2 4295/12126/2
f 4293/12129/2 4294/12130/2 4260/12131/2
f 4262/12128/2 4295/12126/2 4186/12127/2
f 4260/12131/2 4262/12128/2 4186/12127/2
f 4260/12131/2 4186/12127/2 4185/12132/2
f 4334/12133/2 4336/12134/2 4293/12129/2
f 4293/12129/2 4260/12131/2 4185/12132/2
f 4157/5547/2 4059/12135/2 4056/12136/2
f 4334/12133/2 4293/12129/2 4185/12132/2
f 4056/12136/2 4108/12137/2 4111/12138/2
f 4157/5547/2 4056/12136/2 4111/12138/2
f 4334/12133/2 4185/12132/2 4157/5547/2
f 4290/5549/2 4334/12133/2 4157/5547/2
f 4157/5547/2 4111/12138/2 4258/5548/2
f 4110/5550/3 4111/12139/3 4108/5551/3
f 4114/5553/3 4115/12140/3 4113/5554/3
f 4741/12141/2 4768/12142/2 4769/12143/2
f 4741/12141/2 4769/12143/2 4690/5556/2
f 4626/12144/2 4583/12145/2 4714/5558/2
f 4714/5558/2 4741/12141/2 4690/5556/2
f 4649/5557/2 4626/12144/2 4714/5558/2
f 4108/5559/3 4118/12146/3 4116/5560/3
f 3057/5562/2 2999/6203/2 2997/5563/2
f 4121/5523/2 4122/12147/2 4071/5565/2
f 4156/5567/3 4155/12148/3 4152/5568/3
f 4107/5570/7 4153/12149/7 4151/5571/7
f 4084/5573/1 4131/5566/1 4129/5574/1
f 4131/5576/3 4132/5727/3 4130/5577/3
f 4089/5579/1 4139/12150/1 4135/5580/1
f 4139/5582/3 4140/12151/3 4138/5583/3
f 2685/12152/4 2694/12153/4 2581/10937/4
f 2581/10937/4 2641/12154/4 2643/5586/4
f 2643/5586/4 2684/12155/4 2765/5587/4
f 2805/12156/4 2803/12157/4 2763/5585/4
f 2685/12152/4 2581/10937/4 2643/5586/4
f 2765/5587/4 2805/12156/4 2763/5585/4
f 2763/5585/2 2685/12152/2 2643/5586/2
f 4137/5588/3 4141/12158/3 4136/5589/3
f 4138/5591/3 4146/12159/3 4145/5592/3
f 4781/5596/1 4780/8443/1 4743/5594/1
f 4717/5595/1 4718/8442/1 4781/5596/1
f 2780/5597/2 2782/12160/2 2587/5598/2
f 855/5600/1 799/12161/1 790/5601/1
f 965/12162/2 935/12163/2 934/12164/2
f 965/12162/2 934/12164/2 963/12165/2
f 998/12166/2 965/12162/2 963/12165/2
f 998/12166/2 963/12165/2 997/12167/2
f 1021/12168/2 998/12166/2 997/12167/2
f 1021/12168/2 997/12167/2 1018/12169/2
f 1052/5605/2 1021/12168/2 1018/12169/2
f 1050/5603/2 1180/12170/2 1103/12171/2
f 1052/5605/2 1018/12169/2 1050/5603/2
f 1050/5603/2 1103/12171/2 1075/5604/2
f 4080/12172/4 4079/12173/4 4076/12174/4
f 4080/12172/4 4076/12174/4 4077/5606/4
f 4126/12175/4 4127/5953/4 4033/12176/4
f 4123/12177/4 4126/12175/4 4033/12176/4
f 4123/12177/4 4033/12176/4 4080/12172/4
f 4244/12178/4 4170/5954/4 4169/12179/4
f 4169/12179/4 4123/12177/4 4080/12172/4
f 4169/12179/4 4080/12172/4 4077/5606/4
f 4237/12180/4 4244/12178/4 4169/12179/4
f 4353/12181/4 4352/12182/4 4311/12183/4
f 4237/12180/4 4169/12179/4 4077/5606/4
f 4350/12184/4 4353/12181/4 4311/12183/4
f 4311/12183/4 4237/12180/4 4077/5606/4
f 4078/10825/4 4163/5615/4 4165/11826/4
f 4282/12185/4 4350/12184/4 4311/12183/4
f 4236/12186/4 4282/12185/4 4311/12183/4
f 4077/5606/4 4078/10825/4 4165/11826/4
f 4197/11825/2 4198/11824/2 4207/11831/2
f 4077/5606/4 4165/11826/4 4197/11825/4
f 4236/12186/4 4311/12183/4 4077/5606/4
f 4211/5608/4 4309/12187/4 4235/5925/4
f 4235/5925/4 4236/12186/4 4077/5606/4
f 4077/5606/4 4197/11825/4 4207/11831/4
f 4207/11831/4 4228/12188/4 4209/5607/4
f 4211/5608/4 4235/5925/4 4077/5606/4
f 4077/5606/4 4207/11831/4 4209/5607/4
f 4160/5609/4 4159/12189/4 4118/5610/4
f 4129/5612/5 4125/5685/5 4081/5613/5
f 4118/5617/1 4159/12190/1 4163/5618/1
f 3180/5622/5 3136/12191/5 3143/5620/5
f 3143/5620/5 3471/12192/5 3465/12193/5
f 3248/5621/5 3200/12194/5 3180/5622/5
f 3143/5620/5 3465/12193/5 3248/5621/5
f 923/5625/4 922/12195/4 845/12196/4
f 845/12196/5 832/12197/5 813/12198/5
f 923/5625/4 845/12196/4 813/12198/4
f 641/5624/4 678/12199/4 923/5625/4
f 756/12200/4 741/12201/4 641/5624/4
f 923/5625/4 813/12198/4 801/5623/4
f 801/5623/5 756/12200/5 641/5624/5
f 4320/5626/1 4319/12202/1 4246/12203/1
f 4247/5627/1 4248/12204/1 4317/5628/1
f 4320/5626/1 4246/12203/1 4247/5627/1
f 4163/5629/7 4159/12205/7 4160/5630/7
f 4060/12206/1 4058/9737/1 4057/9736/1
f 4062/5632/1 4114/12207/1 4112/12208/1
f 4112/12208/1 4263/12209/1 4261/5827/1
f 4259/12210/1 4289/12211/1 4292/5633/1
f 4112/12208/1 4261/5827/1 4259/12210/1
f 4060/12206/1 4057/9736/1 4062/5632/1
f 4335/5634/1 4291/9739/1 4156/9738/1
f 4156/9738/1 4060/12206/1 4062/5632/1
f 4062/5632/1 4112/12208/1 4259/12210/1
f 4292/5633/1 4332/12212/1 4335/5634/1
f 4062/5632/1 4259/12210/1 4292/5633/1
f 4335/5634/1 4156/9738/1 4062/5632/1
f 4836/5637/7 4845/12213/7 4895/5635/7
f 4895/5635/7 4833/12214/7 4835/5636/7
f 342/5638/1 248/12215/1 224/5639/1
f 224/5639/1 362/12216/1 367/5640/1
f 4147/5641/7 4150/12217/7 4102/5642/7
f 4222/11714/5 4161/11725/5 4164/11730/5
f 4188/11729/5 4190/11728/5 4192/11731/5
f 4222/11714/5 4164/11730/5 4188/11729/5
f 4225/11711/5 4222/11714/5 4188/11729/5
f 4188/11729/5 4192/11731/5 4214/11736/5
f 4214/11736/5 4251/5101/5 4245/12218/5
f 4241/5644/5 4356/12219/5 4349/5824/5
f 4214/11736/5 4245/12218/5 4241/5644/5
f 4225/11711/5 4188/11729/5 4214/11736/5
f 4347/5825/5 4346/12220/5 4234/5646/5
f 4234/5646/5 4225/11711/5 4214/11736/5
f 4241/5644/5 4349/5824/5 4310/5645/5
f 4234/5646/5 4214/11736/5 4241/5644/5
f 4310/5645/5 4347/5825/5 4234/5646/5
f 1071/5647/2 1014/12221/2 1013/5648/2
f 4206/5650/4 4205/11828/4 4195/5651/4
f 504/5653/1 475/12222/1 477/5654/1
f 477/5654/1 537/12223/1 535/5655/1
f 3660/5658/1 3728/12224/1 3721/5656/1
f 3656/5657/1 3595/12225/1 3660/5658/1
f 1058/5659/1 1085/12226/1 1088/5660/1
f 1088/5660/1 987/12227/1 989/5661/1
f 4210/5662/3 4212/12228/3 4211/5663/3
f 4636/5665/7 4590/12229/7 4589/5666/7
f 3114/5668/4 3163/12230/4 3065/5669/4
f 3853/5671/2 3854/12231/2 3799/5672/2
f 4581/5676/4 4577/12232/4 4576/5677/4
f 2883/5679/3 2880/4874/3 2882/5680/3
f 4125/5685/5 4129/5612/5 4167/5686/5
f 4228/5687/2 4229/12233/2 4210/5688/2
f 4229/12234/3 4228/12235/3 4207/5690/3
f 4207/5690/3 4208/12236/3 4223/5691/3
f 4223/5691/3 4226/12237/3 4230/5692/3
f 4230/5692/3 4229/12234/3 4207/5690/3
f 1482/5693/1 1342/12238/1 1348/12239/1
f 1475/5694/1 1552/12240/1 1556/5695/1
f 1482/5693/1 1348/12239/1 1475/5694/1
f 4247/12241/3 4246/12242/3 4244/5696/3
f 4244/5696/3 4237/12243/3 4238/12244/3
f 4239/5697/3 4242/12245/3 4248/5698/3
f 4244/5696/3 4238/12244/3 4239/5697/3
f 4248/5698/3 4247/12241/3 4244/5696/3
f 3007/12246/2 2929/12247/2 2924/12248/2
f 3007/12246/2 2924/12248/2 3005/5699/2
f 3236/12249/2 3238/12250/2 3025/5701/2
f 3025/5701/2 3007/12246/2 3005/5699/2
f 3022/5700/2 3236/12249/2 3025/5701/2
f 4665/5704/5 4782/5335/5 4781/12251/5
f 4718/5702/5 4597/12252/5 4598/3009/5
f 4665/5704/5 4781/12251/5 4718/5702/5
f 4718/5702/5 4598/3009/5 4639/5703/5
f 3316/12253/4 3325/12254/4 3226/12255/4
f 3233/5705/4 3279/12256/4 3276/12257/4
f 3276/12257/4 3341/12258/4 3338/12259/4
f 3338/12259/4 3446/12260/4 3444/12261/4
f 3601/12262/4 3659/12263/4 3727/12264/4
f 3601/12262/4 3727/12264/4 3731/12265/4
f 3662/12266/4 3670/12267/4 3606/12268/4
f 3601/12262/4 3731/12265/4 3662/12266/4
f 3444/12261/4 3601/12262/4 3662/12266/4
f 3606/12268/4 3614/12269/4 3531/12270/4
f 3444/12261/4 3662/12266/4 3606/12268/4
f 3233/5705/24 3276/12257/24 3338/12259/24
f 3338/12259/4 3444/12261/4 3606/12268/4
f 3531/12270/4 3540/12271/4 3505/12272/4
f 3382/12273/4 3380/12274/4 3316/12253/4
f 3812/12275/4 3755/12276/4 3707/12277/4
f 3382/12273/4 3316/12253/4 3226/12255/4
f 3812/12275/4 3707/12277/4 3382/12273/4
f 3584/12278/4 3696/12279/4 3694/12280/4
f 3694/12280/4 3812/12275/4 3382/12273/4
f 3584/12278/4 3694/12280/4 3382/12273/4
f 3526/12281/4 3586/12282/4 3584/12278/4
f 3486/12283/4 3528/12284/4 3526/12281/4
f 3370/11525/4 3372/4929/4 3433/12285/4
f 3433/12285/4 3486/12283/4 3526/12281/4
f 3526/12281/4 3584/12278/4 3382/12273/4
f 3526/12281/4 3382/12273/4 3226/12255/4
f 3370/11525/4 3433/12285/4 3526/12281/4
f 3263/12286/4 3308/12287/4 3311/4930/4
f 3370/11525/4 3526/12281/4 3226/12255/4
f 3263/12286/4 3311/4930/4 3370/11525/4
f 3228/12288/4 3262/12289/4 3263/12286/4
f 2802/8578/4 2880/8577/4 2883/12290/4
f 3228/12288/4 3263/12286/4 3370/11525/4
f 2755/8580/4 2802/8578/4 2883/12290/4
f 3228/12288/4 3370/11525/4 3226/12255/4
f 2765/5587/4 2755/8580/4 2883/12290/4
f 2883/12290/4 3228/12288/4 3226/12255/4
f 2883/12290/4 3226/12255/4 3233/5705/4
f 2805/12156/4 2765/5587/4 2883/12290/4
f 3005/11318/4 2926/11317/4 2919/5707/4
f 2919/5707/4 2805/12156/4 2883/12290/4
f 3606/12268/4 3531/12270/4 3505/12272/4
f 3456/12291/4 3403/12292/4 3344/12293/4
f 3606/12268/4 3505/12272/4 3456/12291/4
f 3338/12259/4 3606/12268/4 3456/12291/4
f 3344/12293/4 3287/12294/4 3236/5706/4
f 3338/12259/4 3456/12291/4 3344/12293/4
f 2919/5707/4 2883/12290/4 3233/5705/4
f 3022/12295/4 3005/11318/4 2919/5707/4
f 3338/12259/4 3344/12293/4 3236/5706/4
f 3236/5706/4 3022/12295/4 2919/5707/4
f 3233/5705/4 3338/12259/4 3236/5706/4
f 4790/5708/1 4744/12296/1 4697/5709/1
f 637/12297/2 555/8636/2 526/3833/2
f 637/12297/2 526/3833/2 538/10161/2
f 775/9258/2 657/12298/2 637/12297/2
f 725/9257/2 734/9259/2 775/9258/2
f 732/9256/2 733/3148/2 724/5712/2
f 725/9257/2 775/9258/2 637/12297/2
f 731/9254/2 732/9256/2 724/5712/2
f 724/5712/2 725/9257/2 637/12297/2
f 637/12297/2 538/10161/2 539/3832/2
f 539/3832/2 554/8639/2 676/3119/2
f 539/3832/2 676/3119/2 677/3118/2
f 724/5712/2 637/12297/2 539/3832/2
f 708/5711/2 723/12299/2 731/9254/2
f 724/5712/2 539/3832/2 677/3118/2
f 708/5711/2 731/9254/2 724/5712/2
f 4265/5713/4 4268/12300/4 4223/5714/4
f 4268/5716/2 4270/12301/2 4226/5717/2
f 4269/5719/3 4270/12302/3 4268/5720/3
f 4300/5722/2 4301/12303/2 4269/12304/2
f 4265/5723/2 4208/12305/2 4207/5724/2
f 4300/5722/2 4269/12304/2 4265/5723/2
f 4207/5724/2 4299/12306/2 4300/5722/2
f 4274/5725/3 4278/12307/3 4276/5726/3
f 4233/5728/5 4281/12308/5 4280/5729/5
f 4232/5731/1 4280/12309/1 4275/5732/1
f 4280/5316/3 4281/5315/3 4279/5734/3
f 3275/5736/3 3269/12310/3 3271/5737/3
f 3271/5737/3 3284/12311/3 3283/5738/3
f 4238/5741/5 4283/12312/5 4312/5739/5
f 4312/5739/4 4313/12313/4 4239/5740/4
f 4284/12314/2 4242/12315/2 4239/12316/2
f 4313/5742/2 4352/12317/2 4353/12318/2
f 4284/12314/2 4239/12316/2 4313/5742/2
f 4536/12319/2 4537/12320/2 4419/5744/2
f 4419/5744/2 4284/12314/2 4313/5742/2
f 4313/5742/2 4353/12318/2 4354/5743/2
f 4354/5743/2 4536/12319/2 4419/5744/2
f 4266/5745/3 4273/12321/3 4267/5746/3
f 4267/5746/3 4271/12322/3 4272/5747/3
f 3812/5748/1 3694/12323/1 3699/5749/1
f 4329/5752/1 4328/12324/1 4286/5751/1
f 4286/5751/1 4200/5058/1 4201/5060/1
f 1491/8399/4 1460/10033/4 1442/10032/4
f 1442/10032/4 1394/3767/4 1410/3766/4
f 1410/3766/4 1433/10031/4 1432/11387/4
f 1432/11387/4 1483/3956/4 1453/3794/4
f 1485/3796/2 1488/10292/2 1519/5682/2
f 1410/3766/4 1432/11387/4 1453/3794/4
f 1485/3796/4 1519/5682/4 1593/5684/4
f 1410/3766/4 1453/3794/4 1485/3796/4
f 1491/8399/4 1442/10032/4 1410/3766/4
f 1526/10000/4 1508/2331/4 1505/8400/4
f 1505/8400/4 1491/8399/4 1410/3766/4
f 1505/8400/4 1410/3766/4 1485/3796/4
f 1615/10003/4 1526/10000/4 1505/8400/4
f 1714/12325/4 1759/10005/4 1684/10004/4
f 1650/12326/4 1735/12327/4 1714/12325/4
f 1650/12326/4 1714/12325/4 1684/10004/4
f 1615/10003/4 1505/8400/4 1485/3796/4
f 1650/12326/4 1684/10004/4 1615/10003/4
f 1649/12328/4 1650/12326/4 1615/10003/4
f 1615/10003/4 1485/3796/4 1593/5684/4
f 1615/10003/4 1593/5684/4 1613/5753/4
f 1647/12329/4 1649/12328/4 1615/10003/4
f 1664/5755/4 1667/12330/4 1647/12329/4
f 1697/3912/4 1700/3914/4 1664/5755/4
f 1628/5754/4 1662/11379/4 1697/3912/4
f 1612/11380/4 1608/4753/4 1628/5754/4
f 1647/12329/4 1615/10003/4 1613/5753/4
f 1613/5753/4 1612/11380/4 1628/5754/4
f 1628/5754/4 1697/3912/4 1664/5755/4
f 1664/5755/4 1647/12329/4 1613/5753/4
f 4631/5756/2 4632/12331/2 4592/5757/2
f 4592/5757/2 4591/11880/2 4590/5758/2
f 4590/5758/2 4629/11882/2 4631/5756/2
f 4288/5759/4 4289/12332/4 4259/5760/4
f 2414/8782/5 2413/8781/5 2350/12333/5
f 2322/12334/5 2067/12335/5 2030/9599/5
f 2414/8782/5 2350/12333/5 2322/12334/5
f 2352/4328/5 2414/8782/5 2322/12334/5
f 2322/12334/5 2030/9599/5 2033/5762/5
f 2033/5762/5 2071/9598/5 2219/12336/5
f 2243/5763/5 2248/12337/5 2356/8787/5
f 2033/5762/5 2219/12336/5 2243/5763/5
f 2352/4328/5 2322/12334/5 2033/5762/5
f 2243/5763/5 2356/8787/5 2354/5764/5
f 2354/5764/2 2352/4328/2 2033/5762/2
f 4259/5765/7 4261/12338/7 4257/5766/7
f 959/12339/4 904/9672/4 957/9671/4
f 959/12339/4 957/9671/4 973/9670/4
f 1013/12340/5 972/12341/5 959/12339/5
f 1126/12342/4 1095/12343/4 1070/12344/4
f 1070/12344/4 1013/12340/4 959/12339/4
f 959/12339/4 973/9670/4 988/9669/4
f 986/9668/4 971/3458/4 955/9674/4
f 1070/12344/4 959/12339/4 988/9669/4
f 986/9668/4 955/9674/4 969/12345/4
f 1070/12344/4 988/9669/4 986/9668/4
f 1172/12346/4 1171/12347/4 1126/12342/4
f 1126/12342/19 1070/12344/19 986/9668/19
f 986/9668/4 969/12345/4 985/3468/4
f 986/9668/4 985/3468/4 987/3470/4
f 1126/12342/4 986/9668/4 987/3470/4
f 1088/5768/4 1111/12348/4 1154/12349/4
f 1126/12342/4 987/3470/4 1088/5768/4
f 1250/12350/4 1248/12351/4 1172/12346/4
f 1172/12346/4 1126/12342/4 1088/5768/4
f 1154/12349/4 1208/12352/4 1213/4725/4
f 1250/12350/4 1172/12346/4 1088/5768/4
f 1292/3717/4 1291/12353/4 1250/12350/4
f 1326/12354/4 1334/3718/4 1292/3717/4
f 1236/12355/4 1282/12356/4 1281/12357/4
f 1281/12357/4 1326/12354/4 1292/3717/4
f 1292/3717/4 1250/12350/4 1088/5768/4
f 1154/12349/4 1213/4725/4 1210/5769/4
f 1236/12355/4 1281/12357/4 1292/3717/4
f 1164/12358/4 1237/12359/4 1236/12355/4
f 1215/12360/4 1223/12361/4 1155/5770/4
f 1164/12358/4 1236/12355/4 1292/3717/4
f 1164/12358/4 1292/3717/4 1088/5768/4
f 1088/5768/4 1154/12349/4 1210/5769/4
f 1210/5769/4 1276/4724/4 1275/12362/4
f 1210/5769/4 1275/12362/4 1215/12360/4
f 1155/5770/4 1164/12358/4 1088/5768/4
f 1210/5769/4 1215/12360/4 1155/5770/4
f 4648/5771/5 4647/12363/5 4618/5772/5
f 4258/5774/1 4290/12364/1 4296/5775/1
f 4297/5777/3 4301/12365/3 4300/5778/3
f 4115/5782/5 4114/12366/5 4062/5780/5
f 4062/5780/5 4064/12367/5 4063/5781/5
f 27/5783/2 16/8354/2 26/12368/2
f 70/12369/2 92/12370/2 129/5784/2
f 27/5783/2 26/12368/2 70/12369/2
f 71/12371/2 72/8355/2 27/5783/2
f 93/5785/2 94/12372/2 71/12371/2
f 129/5784/2 130/12373/2 93/5785/2
f 27/5783/2 70/12369/2 129/5784/2
f 93/5785/2 71/12371/2 27/5783/2
f 4304/5786/2 4305/12374/2 4273/12375/2
f 4266/5787/2 4272/12376/2 4303/5788/2
f 4304/5786/2 4273/12375/2 4266/5787/2
f 4343/5888/5 4341/5890/5 4307/12377/5
f 4307/12377/5 4303/12378/5 4272/12379/5
f 4271/12380/5 4227/12381/5 4231/12382/5
f 4307/12377/5 4272/12379/5 4271/12380/5
f 4343/5888/5 4307/12377/5 4271/12380/5
f 4271/12380/5 4231/12382/5 4275/12383/5
f 4275/12383/5 4279/12384/5 4529/5789/5
f 4529/5789/5 4528/12385/5 4483/12386/5
f 4488/5790/5 4406/12387/5 4405/12388/5
f 4529/5789/5 4483/12386/5 4488/5790/5
f 4343/5888/5 4271/12380/5 4275/12383/5
f 4409/5791/2 4343/5888/2 4275/12383/2
f 4488/5790/5 4405/12388/5 4408/5889/5
f 4409/5791/5 4275/12383/5 4529/5789/5
f 4488/5790/5 4408/5889/5 4409/5791/5
f 1798/5797/1 1797/12389/1 1769/5795/1
f 1769/5795/1 1770/12390/1 1801/5796/1
f 1810/5387/1 1754/12391/1 1697/5798/1
f 4101/12392/1 4099/12393/1 4051/12394/1
f 4052/12395/1 4053/12396/1 4092/12397/1
f 4101/12392/1 4051/12394/1 4052/12395/1
f 4219/12398/1 4172/12399/1 4175/12400/1
f 4101/12392/1 4052/12395/1 4092/12397/1
f 4255/5802/1 4219/12398/1 4175/12400/1
f 4175/12400/1 4101/12392/1 4092/12397/1
f 4092/12397/1 4094/12401/1 4138/12402/1
f 4092/12397/1 4138/12402/1 4144/12403/1
f 4175/12400/1 4092/12397/1 4144/12403/1
f 4175/12400/1 4144/12403/1 4216/12404/1
f 4215/12405/1 4217/12406/1 4255/5802/1
f 4255/5802/1 4175/12400/1 4216/12404/1
f 4253/5800/1 4429/12407/1 4431/12408/1
f 4255/5802/1 4216/12404/1 4253/5800/1
f 4424/12409/1 4215/12405/1 4255/5802/1
f 4371/12410/1 4425/12411/1 4424/12409/1
f 4324/12412/1 4372/12413/1 4371/12410/1
f 4324/12412/1 4371/12410/1 4424/12409/1
f 4431/12408/1 4432/12414/1 4375/12415/1
f 4253/5800/1 4431/12408/1 4375/12415/1
f 4324/12412/1 4424/12409/1 4255/5802/1
f 4253/5800/1 4375/12415/1 4326/5801/1
f 4326/5801/1 4324/12412/1 4255/5802/1
f 877/5803/2 880/12416/2 835/5804/2
f 4578/5806/4 4543/12417/4 4538/5807/4
f 4292/5809/7 4289/12418/7 4288/5810/7
f 4335/5812/4 4379/12419/4 4378/12420/4
f 4335/5812/4 4378/12420/4 4334/12421/4
f 4110/5814/4 4291/12422/4 4335/5812/4
f 4258/12423/4 4111/12424/4 4110/5814/4
f 4335/5812/4 4334/12421/4 4290/5813/4
f 4290/5813/4 4258/12423/4 4110/5814/4
f 4467/5817/1 4369/12425/1 4360/12426/1
f 4361/5815/1 4363/12427/1 4464/5816/1
f 4467/5817/1 4360/12426/1 4361/5815/1
f 4298/5818/1 4339/12428/1 4338/5819/1
f 4386/5821/1 4385/12429/1 4296/5822/1
f 4296/5822/1 4290/12430/1 4334/12431/1
f 4378/5823/1 4436/12432/1 4435/12433/1
f 4296/5822/1 4334/12431/1 4378/5823/1
f 4378/5823/1 4435/12433/1 4386/5821/1
f 4382/5828/1 4379/12434/1 4335/5634/1
f 4382/5828/1 4335/5634/1 4332/12212/1
f 4261/5827/1 4263/12209/1 4382/5828/1
f 4382/5828/1 4332/12212/1 4333/5826/1
f 4352/5829/7 4313/12435/7 4312/5830/7
f 4351/5832/3 4354/12436/3 4353/5833/3
f 4349/5835/3 4356/5841/3 4355/5836/3
f 4362/5838/4 4361/12437/4 4360/5839/4
f 4357/5841/3 4363/6004/3 4361/5842/3
f 4368/5843/5 4367/12438/5 4366/5838/5
f 4365/5844/1 4366/12439/1 4358/5845/1
f 4303/5849/7 4307/12440/7 4342/5847/7
f 4342/5847/7 4305/12441/7 4304/5848/7
f 4366/5850/3 4367/12442/3 4364/5851/3
f 4253/12443/5 4216/12444/5 4144/12445/5
f 4133/12446/4 4088/12447/4 4085/12448/4
f 4253/12443/4 4144/12445/4 4133/12446/4
f 4423/12449/4 4429/12450/4 4253/12443/4
f 4471/12451/4 4476/12452/4 4423/12449/4
f 4322/12453/4 4321/12454/4 4471/12451/4
f 4322/12453/4 4471/12451/4 4423/12449/4
f 4253/12443/4 4133/12446/4 4085/12448/4
f 4253/12443/4 4085/12448/4 4134/5853/4
f 4322/12453/4 4423/12449/4 4253/12443/4
f 4254/12455/4 4322/12453/4 4253/12443/4
f 4128/12456/4 4124/12457/4 4168/12458/4
f 4168/12458/4 4166/12459/4 4189/12460/4
f 4168/12458/4 4189/12460/4 4191/5854/4
f 4134/5853/4 4128/12456/4 4168/12458/4
f 4213/5855/4 4254/12455/4 4253/12443/4
f 4134/5853/4 4168/12458/4 4191/5854/4
f 4213/5855/4 4253/12443/4 4134/5853/4
f 927/12461/4 953/12462/4 952/12463/4
f 952/12463/4 836/3254/4 822/3253/4
f 809/3272/4 817/12464/4 820/12465/4
f 876/12466/4 870/12467/4 903/9593/4
f 822/3253/4 809/3272/4 820/12465/4
f 876/12466/4 903/9593/4 926/9592/4
f 822/3253/4 820/12465/4 876/12466/4
f 927/12461/4 952/12463/4 822/3253/4
f 927/12461/4 822/3253/4 876/12466/4
f 876/12466/4 926/9592/4 967/9591/4
f 1008/3404/4 1043/9590/4 1056/11893/4
f 876/12466/4 967/9591/4 1008/3404/4
f 984/12468/4 927/12461/4 876/12466/4
f 1058/11892/4 989/12469/4 1011/5856/4
f 1011/5856/4 984/12468/4 876/12466/4
f 1008/3404/4 1056/11893/4 1055/5293/4
f 1011/5856/4 876/12466/4 1008/3404/4
f 1055/5293/4 1058/11892/4 1011/5856/4
f 1930/5857/4 1971/10578/4 1910/5858/4
f 4321/5859/1 4318/12470/1 4249/12471/1
f 4250/5860/1 4252/12472/1 4323/5861/1
f 4321/5859/1 4249/12471/1 4250/5860/1
f 676/12473/2 554/12474/2 518/5862/2
f 518/5862/4 492/12475/4 551/5863/4
f 551/5863/5 594/12476/5 674/5864/5
f 674/5864/4 676/12473/4 518/5862/4
f 4329/5865/7 4327/12477/7 4325/5866/7
f 4386/5868/3 4387/12478/3 4384/5869/3
f 3886/5871/1 3884/12479/1 3814/5872/1
f 2479/12480/2 1844/12481/2 1841/12482/2
f 2479/12480/2 1841/12482/2 1972/12483/2
f 2652/9022/2 2653/12484/2 2539/5876/2
f 2539/5876/2 2479/12480/2 1972/12483/2
f 2539/5876/2 1972/12483/2 1988/12485/2
f 2536/12486/2 2652/9022/2 2539/5876/2
f 2477/12487/2 2536/12486/2 2539/5876/2
f 2539/5876/2 1988/12485/2 2030/12488/2
f 2539/5876/2 2030/12488/2 2067/12489/2
f 2413/12490/2 2477/12487/2 2539/5876/2
f 2350/5875/2 2413/12490/2 2539/5876/2
f 2539/5876/2 2067/12489/2 2322/5874/2
f 3709/5877/2 3384/12491/2 3382/5878/2
f 4396/5879/3 4397/12492/3 4395/5880/3
f 69/12493/4 70/12494/4 26/12495/4
f 8/12496/4 7/12497/4 1/5882/4
f 69/12493/4 26/12495/4 8/12496/4
f 23/5883/4 47/12498/4 49/5884/4
f 49/5884/2 69/12493/2 8/12496/2
f 1/5882/4 39/12499/4 38/12500/4
f 1/5882/4 38/12500/4 19/12501/4
f 49/5884/4 8/12496/4 1/5882/4
f 1/5882/4 19/12501/4 23/5883/4
f 4401/5887/3 4407/12502/3 4405/5885/3
f 4405/5885/3 4406/12503/3 4400/5886/3
f 4343/5888/5 4409/5791/5 4408/5889/5
f 1778/5891/1 1816/12504/1 1806/12505/1
f 1777/5892/1 1726/12506/1 1756/5893/1
f 1778/5891/1 1806/12505/1 1777/5892/1
f 4344/5894/1 4410/12507/1 4412/5895/1
f 4604/5897/1 4603/12508/1 4602/12509/1
f 4559/12510/1 4556/12511/1 4548/5898/1
f 4604/5897/1 4602/12509/1 4559/12510/1
f 4778/12512/1 4783/12513/1 4604/5897/1
f 4637/12514/1 4778/12512/1 4604/5897/1
f 4604/5897/1 4559/12510/1 4548/5898/1
f 4549/5899/1 4637/12514/1 4604/5897/1
f 4572/5957/2 4494/12515/2 4459/12516/2
f 4414/5900/5 4413/12517/5 4346/12518/5
f 4619/12519/5 4572/5957/5 4459/12516/5
f 4414/5900/5 4346/12518/5 4349/12520/5
f 4619/12519/5 4459/12516/5 4414/5900/5
f 4587/12521/5 4624/12522/5 4619/12519/5
f 4495/5902/5 4587/12521/5 4619/12519/5
f 4414/5900/5 4349/12520/5 4418/5901/5
f 4418/5901/5 4463/12523/5 4497/12524/5
f 4418/5901/5 4497/12524/5 4496/12525/5
f 4495/5902/5 4619/12519/5 4414/5900/5
f 4418/5901/4 4496/12525/4 4495/5902/4
f 4623/5905/2 4624/12526/2 4587/5903/2
f 4587/5903/2 4585/12527/2 4586/5904/2
f 3864/5906/3 3861/4659/3 3860/4658/3
f 4417/5908/2 4418/12528/2 4349/5909/2
f 4355/5911/5 4421/12529/5 4417/5912/5
f 4314/12530/4 4316/9624/4 4285/3425/4
f 4419/5915/4 4537/12531/4 4540/12532/4
f 4540/12532/4 4502/12533/4 4498/12534/4
f 4498/12534/4 4469/12535/4 4464/11883/4
f 4540/12532/4 4498/12534/4 4464/11883/4
f 4314/12530/4 4285/3425/4 4284/5914/4
f 4357/5272/4 4314/12530/4 4284/5914/4
f 4419/5915/4 4540/12532/4 4464/11883/4
f 4422/5270/4 4357/5272/4 4284/5914/4
f 4419/5915/4 4464/11883/4 4422/5270/4
f 378/5916/3 377/12536/3 374/12537/3
f 374/12537/3 373/12538/3 369/5917/3
f 369/5917/3 364/12539/3 366/12540/3
f 370/5918/3 381/12541/3 380/12542/3
f 369/5917/3 366/12540/3 370/5918/3
f 378/5916/3 374/12537/3 369/5917/3
f 370/5918/3 380/12542/3 378/5916/3
f 1884/12543/5 1921/6179/5 1919/6180/5
f 1919/6180/5 1752/10369/5 1693/5919/5
f 1646/10368/5 1626/10367/5 1696/5920/5
f 1884/12543/5 1919/6180/5 1693/5919/5
f 1693/5919/5 1646/10368/5 1696/5920/5
f 1696/5920/5 1775/10360/5 1805/9375/5
f 1696/5920/5 1805/9375/5 1837/9374/5
f 1863/3232/5 1884/12543/5 1693/5919/5
f 1696/5920/5 1837/9374/5 1863/3232/5
f 1181/12544/2 1105/9749/2 1076/3525/2
f 1181/12544/2 1076/3525/2 1104/3524/2
f 1403/12545/2 1266/12546/2 1181/12544/2
f 1589/5923/2 1549/9519/2 1402/12547/2
f 1402/12547/2 1403/12545/2 1181/12544/2
f 1402/12547/2 1181/12544/2 1104/3524/2
f 1618/3328/2 1595/9520/2 1589/5923/2
f 1589/5923/2 1402/12547/2 1104/3524/2
f 1102/5921/2 1263/12548/2 1387/12549/2
f 1589/5923/2 1104/3524/2 1102/5921/2
f 1547/9521/2 1618/3328/2 1589/5923/2
f 1388/5922/2 1530/9523/2 1531/9522/2
f 1531/9522/2 1547/9521/2 1589/5923/2
f 1102/5921/2 1387/12549/2 1388/5922/2
f 1388/5922/2 1531/9522/2 1589/5923/2
f 4411/5924/4 4415/10767/4 4350/12184/4
f 4282/12185/4 4236/12186/4 4235/5925/4
f 4411/5924/4 4350/12184/4 4282/12185/4
f 4345/5926/4 4412/10766/4 4411/5924/4
f 4235/5925/4 4309/12187/4 4345/5926/4
f 4411/5924/4 4282/12185/4 4235/5925/4
f 4138/5928/2 4140/12051/2 4095/5498/2
f 4095/5498/2 4093/12550/2 4094/5927/2
f 4435/5929/4 4434/12551/4 4387/5930/4
f 4388/5932/5 4437/12552/5 4436/5933/5
f 4522/5935/5 4521/12553/5 4381/5936/5
f 4395/5938/5 4441/12554/5 4440/5939/5
f 4387/5941/1 4434/12555/1 4442/5942/1
f 4389/5944/1 4445/12556/1 4437/5945/1
f 4397/5947/1 4453/12557/1 4441/5948/1
f 2166/12558/7 2083/12559/7 2075/12560/7
f 2166/12558/7 2075/12560/7 2088/12561/7
f 2178/5952/7 2182/12562/7 2166/12558/7
f 2185/12563/7 2188/12564/7 2178/5952/7
f 2092/12565/7 2090/9283/7 2183/3801/7
f 2097/12566/7 2092/12565/7 2183/3801/7
f 2183/3801/7 2185/12563/7 2178/5952/7
f 2166/12558/7 2088/12561/7 2096/5950/7
f 2096/5950/7 2094/12567/7 2100/5951/7
f 2100/5951/7 2097/12566/7 2183/3801/7
f 2178/5952/7 2166/12558/7 2096/5950/7
f 2100/5951/7 2183/3801/7 2178/5952/7
f 4142/5955/4 4136/12568/4 4097/5539/4
f 4097/5539/4 4091/5538/4 4039/12569/4
f 4039/12569/4 4038/12570/4 4002/12571/4
f 4002/12571/4 4001/12572/4 3965/11988/4
f 3957/5396/4 3930/5398/4 3956/12573/4
f 4002/12571/4 3965/11988/4 3957/5396/4
f 4142/5955/4 4097/5539/4 4039/12569/4
f 4039/12569/4 4002/12571/4 3957/5396/4
f 3957/5396/4 3956/12573/4 3958/10818/4
f 4030/10817/4 4027/4281/4 4073/10826/4
f 3957/5396/4 3958/10818/4 4030/10817/4
f 4142/5955/4 4039/12569/4 3957/5396/4
f 4369/12574/4 4467/12575/4 4477/12576/4
f 4319/12577/4 4369/12574/4 4477/12576/4
f 4030/10817/4 4073/10826/4 4079/12173/4
f 4079/12173/4 4080/12172/4 4033/12176/4
f 4030/10817/4 4079/12173/4 4033/12176/4
f 4319/12577/4 4477/12576/4 4142/5955/4
f 4170/5954/4 4244/12178/4 4246/12578/4
f 4246/12578/4 4319/12577/4 4142/5955/4
f 3957/5396/4 4030/10817/4 4033/12176/4
f 3957/5396/4 4033/12176/4 4127/5953/4
f 4170/5954/4 4246/12578/4 4142/5955/4
f 4123/12177/4 4169/12179/4 4170/5954/4
f 4126/12175/4 4123/12177/4 4170/5954/4
f 4142/5955/4 3957/5396/4 4127/5953/4
f 4127/5953/4 4126/12175/4 4170/5954/4
f 4534/5956/5 4492/6036/5 4413/12517/5
f 4413/12517/5 4414/5900/5 4459/12516/5
f 4413/12517/5 4459/12516/5 4494/12515/5
f 4658/9305/5 4615/6037/5 4534/5956/5
f 4534/5956/5 4413/12517/5 4494/12515/5
f 4572/5957/5 4619/12519/5 4662/9307/5
f 4534/5956/5 4494/12515/5 4572/5957/5
f 4659/9306/5 4658/9305/5 4534/5956/5
f 4572/5957/5 4662/9307/5 4646/5958/5
f 4646/5958/2 4659/9306/2 4534/5956/2
f 4421/5778/7 4463/12579/7 4418/5959/7
f 4473/5960/3 4474/12580/3 4478/12581/3
f 4467/5962/3 4464/12582/3 4469/12583/3
f 4467/5962/3 4469/12583/3 4468/12584/3
f 4473/5960/3 4478/12581/3 4477/5961/3
f 4467/5962/3 4468/12584/3 4473/5960/3
f 4455/12585/3 4454/12586/3 4442/12587/3
f 4434/5963/3 4435/12588/3 4436/12589/3
f 4443/12590/3 4455/12585/3 4442/12587/3
f 4445/12591/3 4446/12592/3 4444/5965/3
f 4444/5965/3 4443/12590/3 4442/12587/3
f 4434/5963/3 4436/12589/3 4437/5964/3
f 4444/5965/3 4442/12587/3 4434/5963/3
f 4437/5964/3 4445/12591/3 4444/5965/3
f 3991/5966/7 3987/12593/7 3986/5967/7
f 3986/5967/7 4021/12594/7 3990/5968/7
f 4403/5971/3 4404/12595/3 4402/5969/3
f 4402/5969/3 4398/12596/3 4399/5970/3
f 4045/5972/7 3999/12597/7 3998/12598/7
f 4006/5973/7 4005/12599/7 4009/5974/7
f 4045/5972/7 3998/12598/7 4006/5973/7
f 806/11079/1 805/4590/1 796/12600/1
f 806/11079/1 796/12600/1 780/12601/1
f 801/12602/1 813/11080/1 806/11079/1
f 756/12603/1 801/12602/1 806/11079/1
f 756/12603/1 806/11079/1 780/12601/1
f 741/12604/1 756/12603/1 780/12601/1
f 741/12604/1 780/12601/1 757/12605/1
f 641/10697/1 741/12604/1 757/12605/1
f 754/5975/1 753/12606/1 711/12607/1
f 641/10697/1 757/12605/1 754/5975/1
f 608/10698/1 641/10697/1 754/5975/1
f 754/5975/1 711/12607/1 680/5976/1
f 680/5976/1 540/10703/1 557/10702/1
f 576/5977/1 608/10698/1 754/5975/1
f 680/5976/1 557/10702/1 576/5977/1
f 2727/5980/1 2733/12608/1 2392/5978/1
f 2392/5978/1 2396/12609/1 2482/5979/1
f 4451/5981/5 4483/12610/5 4482/5982/5
f 4482/5984/3 4483/12611/3 4450/5985/3
f 4485/5987/4 4484/12612/4 4455/2358/4
f 4486/5989/3 4487/12613/3 4484/5990/3
f 4457/5992/5 4490/12614/5 4489/5987/5
f 4452/5993/1 4489/12615/1 4483/5994/1
f 4281/5996/1 4233/12616/1 4234/12617/1
f 4281/5996/1 4234/12617/1 4346/12618/1
f 4529/12619/1 4279/12620/1 4281/5996/1
f 4492/12621/1 4533/12622/1 4532/2589/1
f 4532/2589/1 4529/12619/1 4281/5996/1
f 4281/5996/1 4346/12618/1 4413/5997/1
f 4413/5997/1 4492/12621/1 4532/2589/1
f 4489/5998/3 4490/12623/3 4488/5999/3
f 2308/12624/2 2310/12625/2 2061/6001/2
f 2061/6001/2 2023/12626/2 2147/6002/2
f 2276/6003/2 2308/12624/2 2061/6001/2
f 4496/6004/3 4497/12627/3 4462/6005/3
f 4501/6006/4 4500/12628/4 4473/6007/4
f 4475/6009/7 4465/11780/7 4464/12629/7
f 4469/6010/7 4468/12630/7 4473/6011/7
f 4475/6009/7 4464/12629/7 4469/6010/7
f 4473/6011/7 4474/12631/7 4475/6009/7
f 4498/6012/3 4502/12632/3 4500/6013/3
f 4476/6015/5 4507/12633/5 4506/6016/5
f 4471/6018/1 4506/12634/1 4499/6019/1
f 4506/6021/3 4507/12635/3 4505/6022/3
f 4448/6026/4 4446/12636/4 4445/12637/4
f 4447/6024/4 4524/12638/4 4523/6025/4
f 4448/6026/4 4445/12637/4 4447/6024/4
f 4447/6027/1 4389/12639/1 4390/6028/1
f 4390/6028/1 4518/12640/1 4524/6029/1
f 2328/12641/2 2182/12642/2 2178/12643/2
f 2328/12641/2 2178/12643/2 2179/12644/2
f 2362/12645/2 2328/12641/2 2179/12644/2
f 2362/12645/2 2179/12644/2 2283/12646/2
f 2605/12647/2 2362/12645/2 2283/12646/2
f 2605/12647/2 2283/12646/2 2325/12648/2
f 3086/12649/2 3089/12650/2 2739/6032/2
f 2739/6032/2 2605/12647/2 2325/12648/2
f 2739/6032/2 2325/12648/2 2360/12651/2
f 2793/12652/2 3086/12649/2 2739/6032/2
f 2450/6031/2 2793/12652/2 2739/6032/2
f 2739/6032/2 2360/12651/2 2368/6030/2
f 4344/12653/4 4308/5793/4 4274/5792/4
f 4274/5792/4 4230/12654/4 4226/12655/4
f 4270/12656/4 4269/12657/4 4301/12658/4
f 4274/5792/4 4226/12655/4 4270/12656/4
f 4410/6034/4 4344/12653/4 4274/5792/4
f 4513/12659/2 4491/12660/2 4410/6034/2
f 4487/4496/4 4512/10998/4 4511/12661/4
f 4511/12661/4 4513/12659/4 4410/6034/4
f 4410/6034/4 4274/5792/4 4270/12656/4
f 4270/12656/4 4301/12658/4 4306/12662/4
f 4404/6033/4 4403/12663/4 4456/12664/4
f 4410/6034/4 4270/12656/4 4306/12662/4
f 4404/6033/4 4456/12664/4 4487/4496/4
f 4410/6034/4 4306/12662/4 4404/6033/4
f 4487/4496/4 4511/12661/4 4410/6034/4
f 4615/6037/5 4608/12665/5 4607/12666/5
f 4567/12667/5 4566/12668/5 4533/6035/5
f 4615/6037/5 4607/12666/5 4567/12667/5
f 4492/6036/5 4534/5956/5 4615/6037/5
f 4615/6037/5 4567/12667/5 4533/6035/5
f 4493/6038/2 4495/12669/2 4496/6039/2
f 4603/6043/4 4610/12670/4 4568/6041/4
f 4568/6041/4 4564/12671/4 4565/6042/4
f 4565/6042/4 4602/12672/4 4603/6043/4
f 4376/6044/3 4373/12673/3 4374/6045/3
f 4493/6047/5 4461/12674/5 4462/6048/5
f 4516/6050/7 4508/12675/7 4504/6051/7
f 2466/12676/2 2270/12677/2 2267/6053/2
f 2267/6053/2 2755/10685/2 2757/10684/2
f 2267/6053/2 2757/10684/2 2566/6054/2
f 2510/6055/2 2466/12676/2 2267/6053/2
f 4520/6056/1 4519/12678/1 4380/6057/1
f 4380/6057/1 4381/10833/1 4521/6058/1
f 4486/6059/1 4485/12679/1 4443/12680/1
f 4444/6060/1 4446/12681/1 4448/12682/1
f 4486/6059/1 4443/12680/1 4444/6060/1
f 4523/6061/1 4527/12683/1 4486/6059/1
f 4444/6060/1 4448/12682/1 4523/6061/1
f 4792/6062/3 4794/12684/3 4797/6063/3
f 4797/6063/3 4987/12685/3 4986/6064/3
f 4019/6065/1 3907/12686/1 3910/6066/1
f 2473/6069/1 2532/12687/1 2527/6067/1
f 2435/6068/1 2439/12688/1 2473/6069/1
f 4180/5867/7 4149/5866/7 4148/3869/7
f 4791/6070/2 4746/12689/2 4745/12690/2
f 4745/12690/2 4847/12691/2 4848/6071/2
f 4848/6071/2 4906/12692/2 4907/6072/2
f 4907/6072/2 4747/12693/2 4791/6070/2
f 4791/6070/2 4745/12690/2 4848/6071/2
f 4546/6073/5 4545/12694/5 4542/6074/5
f 4517/6076/7 4546/12695/7 4515/6077/7
f 245/6079/7 262/12696/7 258/6080/7
f 4553/6082/1 4552/8452/1 4550/2394/1
f 4554/6084/5 4555/12697/5 4552/6085/5
f 4559/6087/4 4558/12698/4 4557/6088/4
f 3831/3776/4 3830/10095/4 3852/12699/4
f 3852/12699/4 3848/12700/4 3875/12701/4
f 3869/12702/4 3846/12703/4 3841/12704/4
f 3769/12705/4 3773/12706/4 3722/12707/4
f 3769/12705/4 3722/12707/4 3714/3799/4
f 3769/12705/4 3714/3799/4 3651/3798/4
f 3651/3798/4 3654/10102/4 3594/12708/4
f 3594/12708/4 3597/12709/4 3503/10127/4
f 3594/12708/4 3503/10127/4 3501/3818/4
f 3841/12704/2 3769/12705/2 3651/3798/2
f 3651/3798/4 3594/12708/4 3501/3818/4
f 3498/3820/4 3393/3862/4 3327/4855/4
f 3651/3798/4 3501/3818/4 3498/3820/4
f 3651/3798/4 3498/3820/4 3327/4855/4
f 3327/4855/4 3318/12710/4 3387/12711/4
f 3387/12711/4 3384/12712/4 3709/12713/4
f 3711/12714/4 3758/12715/4 3767/12716/4
f 3387/12711/4 3709/12713/4 3711/12714/4
f 3651/3798/4 3327/4855/4 3387/12711/4
f 3841/12704/4 3651/3798/4 3387/12711/4
f 3387/12711/4 3711/12714/4 3767/12716/4
f 3841/12704/4 3387/12711/4 3767/12716/4
f 3841/12704/4 3767/12716/4 3865/6090/4
f 3860/6091/4 3757/12717/4 3808/12718/4
f 3869/12702/4 3841/12704/4 3865/6090/4
f 3832/10089/4 3831/3776/4 3852/12699/4
f 3855/11896/4 3856/5297/4 3832/10089/4
f 3892/9261/4 3895/5298/4 3855/11896/4
f 3901/6092/4 3903/3150/4 3892/9261/4
f 3927/12719/4 3914/9271/4 3913/9262/4
f 3925/12720/4 3927/12719/4 3913/9262/4
f 3950/5430/4 3953/12721/4 3925/12720/4
f 3948/5431/4 3950/5430/4 3925/12720/4
f 3948/5431/4 3925/12720/4 3913/9262/4
f 4019/12722/4 4018/12723/4 3986/5429/4
f 3948/5431/4 3913/9262/4 3901/6092/4
f 4019/12722/4 3986/5429/4 3948/5431/4
f 3750/12724/4 3908/12725/4 3907/12726/4
f 3907/12726/4 4019/12722/4 3948/5431/4
f 3907/12726/4 3948/5431/4 3901/6092/4
f 3643/12727/4 3750/12724/4 3907/12726/4
f 3473/12728/4 3564/12729/4 3562/12730/4
f 3562/12730/4 3643/12727/4 3907/12726/4
f 3562/12730/4 3907/12726/4 3901/6092/4
f 3477/12731/4 3474/12732/4 3473/12728/4
f 3580/12733/4 3529/12734/4 3513/12735/4
f 3513/12735/4 3477/12731/4 3473/12728/4
f 3473/12728/4 3562/12730/4 3901/6092/4
f 3855/11896/4 3832/10089/4 3852/12699/4
f 3855/11896/4 3852/12699/4 3875/12701/4
f 3513/12735/4 3473/12728/4 3901/6092/4
f 3690/12736/4 3588/12737/4 3580/12733/4
f 3580/12733/4 3513/12735/4 3901/6092/4
f 3892/9261/4 3855/11896/4 3875/12701/4
f 3892/9261/4 3875/12701/4 3869/12702/4
f 3690/12736/4 3580/12733/4 3901/6092/4
f 3808/12718/4 3699/12738/4 3690/12736/4
f 3808/12718/4 3690/12736/4 3901/6092/4
f 3901/6092/4 3892/9261/4 3869/12702/4
f 3901/6092/4 3869/12702/4 3865/6090/4
f 3860/6091/4 3808/12718/4 3901/6092/4
f 3943/6095/5 3944/12739/5 3979/6093/5
f 3979/6093/5 3919/12740/5 3920/6094/5
f 4527/12741/7 4523/12742/7 4524/12743/7
f 4524/12743/7 4518/12744/7 4519/12745/7
f 4520/12746/7 4554/12747/7 4553/12748/7
f 4527/12741/25 4524/12743/25 4519/12745/25
f 4519/12745/7 4520/12746/7 4553/12748/7
f 4551/12749/7 4547/12750/7 4548/12751/7
f 4519/12745/7 4553/12748/7 4551/12749/7
f 4519/12745/7 4551/12749/7 4548/12751/7
f 4548/12751/7 4556/12752/7 4557/6098/7
f 4557/6098/7 4564/12753/7 4568/12754/7
f 4569/12755/7 4531/12756/7 4513/12757/7
f 4557/6098/7 4568/12754/7 4569/12755/7
f 4519/12745/7 4548/12751/7 4557/6098/7
f 4527/12741/7 4519/12745/7 4557/6098/7
f 4557/6098/7 4569/12755/7 4513/12757/7
f 4557/6098/7 4513/12757/7 4511/6096/7
f 4512/6097/7 4527/12741/7 4557/6098/7
f 4563/6099/5 4562/12758/5 4561/6100/5
f 4560/6102/1 4561/12759/1 4555/6103/1
f 4557/6105/1 4558/6102/1 4565/6104/1
f 4566/6107/1 4567/12760/1 4562/6108/1
f 631/6110/1 592/3436/1 566/3438/1
f 631/6110/1 566/3438/1 591/12761/1
f 649/12762/1 651/12763/1 631/6110/1
f 630/6112/1 649/12762/1 631/6110/1
f 631/6110/1 591/12761/1 604/6111/1
f 4271/6115/2 4267/12764/2 4225/6113/2
f 4224/6114/2 4227/12765/2 4271/6115/2
f 4620/6118/1 4622/6127/1 4576/6116/1
f 4576/6116/1 4573/12766/1 4574/6117/1
f 2008/12767/1 2007/12768/1 1643/6119/1
f 1643/6119/1 1644/3873/1 1658/10210/1
f 1746/3875/1 1749/10209/1 1770/12390/1
f 1643/6119/1 1658/10210/1 1746/3875/1
f 2013/10444/1 2041/12769/1 2008/12767/1
f 1746/3875/1 1770/12390/1 1769/5795/1
f 1643/6119/1 1746/3875/1 1769/5795/1
f 1991/10445/1 2013/10444/1 2008/12767/1
f 1969/6120/1 1991/10445/1 2008/12767/1
f 1643/6119/1 1769/5795/1 1797/12389/1
f 1798/5797/1 1801/5796/1 1898/4054/1
f 1798/5797/1 1898/4054/1 1881/10446/1
f 1798/5797/1 1881/10446/1 1947/4053/1
f 1797/12389/1 1798/5797/1 1947/4053/1
f 1969/6120/1 2008/12767/1 1643/6119/1
f 1643/6119/1 1797/12389/1 1947/4053/1
f 696/12770/2 719/10408/2 729/6121/2
f 729/6121/2 603/12771/2 590/6122/2
f 669/6123/2 696/12770/2 729/6121/2
f 4581/6124/4 4580/12772/4 4579/6125/4
f 4580/6127/2 4583/12773/2 4582/6128/2
f 4561/6129/5 4601/12774/5 4600/6130/5
f 3645/6134/2 3647/12775/2 3379/6132/2
f 3379/6132/2 3376/12776/2 3492/6133/2
f 4555/6135/7 4561/12777/7 4599/4707/7
f 4600/6137/3 4601/12778/3 4598/6138/3
f 4565/6140/7 4558/12779/7 4559/6141/7
f 4607/6143/1 4608/12780/1 4601/6144/1
f 4562/6146/7 4567/12781/7 4607/6147/7
f 4477/6149/2 4478/12782/2 4425/12783/2
f 4477/6149/2 4425/12783/2 4424/12784/2
f 4137/12785/2 4142/12786/2 4477/6149/2
f 4171/6151/2 4137/12785/2 4477/6149/2
f 4477/6149/2 4424/12784/2 4215/6150/2
f 4849/6152/2 4850/12787/2 4794/12788/2
f 4792/6153/2 4986/12789/2 5004/6154/2
f 4849/6152/2 4794/12788/2 4792/6153/2
f 5004/6154/2 4908/12790/2 4849/6152/2
f 4622/6157/3 4620/12791/3 4583/6155/3
f 4583/6155/3 4580/12792/3 4581/6156/3
f 900/6158/3 903/12793/3 902/12794/3
f 866/6159/3 867/12795/3 868/6160/3
f 900/6158/3 902/12794/3 866/6159/3
f 4626/6161/3 4627/12796/3 4625/6162/3
f 4623/6164/3 4632/12797/3 4631/6165/3
f 4628/6167/4 4634/12798/4 4633/6168/4
f 4583/6172/4 4625/12799/4 4588/6170/4
f 4588/6170/4 4582/12800/4 4584/6171/4
f 4636/6173/5 4635/12801/5 4629/6174/5
f 4644/6176/4 4643/12802/4 4611/6177/4
f 1921/6179/5 1884/12543/5 1900/9376/5
f 1900/9376/5 1905/3231/5 1951/4056/5
f 1951/4056/5 1985/9365/5 1919/6180/5
f 1921/6179/5 1900/9376/5 1951/4056/5
f 705/6183/1 831/12803/1 829/6181/1
f 769/6182/1 703/12804/1 705/6183/1
f 1514/12805/1 1351/12806/1 1355/12807/1
f 1514/12805/1 1355/12807/1 1451/12808/1
f 1660/4906/1 1514/12805/1 1451/12808/1
f 1660/4906/1 1451/12808/1 1560/12809/1
f 1750/11511/1 1660/4906/1 1560/12809/1
f 1750/11511/1 1560/12809/1 1752/12810/1
f 1772/12811/1 1750/11511/1 1752/12810/1
f 1772/12811/1 1752/12810/1 1919/12812/1
f 1862/12813/1 1772/12811/1 1919/12812/1
f 1985/6184/1 2049/12814/1 2044/11508/1
f 1862/12813/1 1919/12812/1 1985/6184/1
f 1883/12815/1 1862/12813/1 1985/6184/1
f 1985/6184/1 2044/11508/1 2019/6185/1
f 1948/6186/1 1883/12815/1 1985/6184/1
f 956/6187/1 954/12816/1 798/6188/1
f 4924/12817/5 4865/12818/5 4801/12819/5
f 4801/12819/5 4767/8706/5 4709/6190/5
f 4709/6190/5 4707/2715/5 4708/12820/5
f 4689/12821/5 4676/12822/5 4663/12823/5
f 4709/6190/5 4708/12820/5 4689/12821/5
f 4928/12824/5 4924/12817/5 4801/12819/5
f 4709/6190/5 4689/12821/5 4663/12823/5
f 4928/12824/5 4801/12819/5 4709/6190/5
f 4808/12825/5 4871/12826/5 4867/6192/5
f 4867/6192/5 4928/12824/5 4709/6190/5
f 4663/12823/5 4661/12827/5 4647/12363/5
f 4663/12823/5 4647/12363/5 4648/5771/5
f 4648/5771/5 4621/5773/5 4623/12828/5
f 4771/6191/5 4809/12829/5 4808/12825/5
f 4648/5771/5 4623/12828/5 4771/6191/5
f 4709/6190/5 4663/12823/5 4648/5771/5
f 4771/6191/5 4808/12825/5 4867/6192/5
f 4709/6190/5 4648/5771/5 4771/6191/5
f 4592/6195/5 4632/12830/5 4623/6193/5
f 4586/6194/5 4585/12831/5 4592/6195/5
f 4655/6196/5 4654/10813/5 4641/4277/5
f 4641/4277/5 4642/10816/5 4656/6197/5
f 3926/6200/1 3962/12832/1 3963/6198/1
f 3960/6199/1 3955/12833/1 3926/6200/1
f 4679/6283/5 4678/12834/5 4653/10814/5
f 4679/6283/5 4653/10814/5 4654/10813/5
f 4666/12835/2 4679/6283/2 4654/10813/2
f 4666/12835/5 4654/10813/5 4655/6196/5
f 4667/12836/5 4666/12835/5 4655/6196/5
f 4656/6197/5 4642/10816/5 4612/10815/5
f 4667/12836/5 4655/6196/5 4656/6197/5
f 4645/12837/5 4657/12838/5 4668/6202/5
f 4668/6202/5 4667/12836/5 4656/6197/5
f 4656/6197/5 4612/10815/5 4614/6201/5
f 4614/6201/5 4645/12837/5 4668/6202/5
f 3327/6203/2 3229/12839/2 3226/6204/2
f 4674/6210/5 4675/12840/5 4706/6208/5
f 4706/6208/5 4737/12841/5 4661/6209/5
f 4663/6211/5 4676/12842/5 4675/2763/5
f 4225/6214/3 4234/12843/3 4233/12844/3
f 4232/6212/3 4231/12845/3 4227/12846/3
f 4225/6214/3 4233/12844/3 4232/6212/3
f 4232/6212/3 4227/12846/3 4224/6213/3
f 1023/12847/4 1010/12848/4 1002/6215/4
f 1002/6215/2 968/12849/2 949/6216/2
f 949/6216/4 948/12850/4 1003/6217/4
f 1003/6217/4 1023/12847/4 1002/6215/4
f 4635/6218/2 4636/12851/2 4633/6219/2
f 4681/6221/4 4696/12077/4 4684/6222/4
f 4424/12852/4 4430/12853/4 4141/6224/4
f 4141/6224/4 4137/12854/4 4171/6225/4
f 4215/6226/4 4424/12852/4 4141/6224/4
f 87/6227/5 142/12855/5 141/12856/5
f 86/6228/5 84/12857/5 65/6229/5
f 87/6227/5 141/12856/5 86/6228/5
f 4686/6230/4 4688/10568/4 4687/6231/4
f 4071/6234/5 4122/12858/5 4120/12859/5
f 4120/12859/5 4069/12860/5 4026/12861/5
f 4026/12861/5 4025/12862/5 3994/6232/5
f 3994/6232/5 3993/12863/5 3963/12864/5
f 3963/12864/5 3962/12865/5 3969/12866/5
f 3969/12866/5 3968/12867/5 3964/6233/5
f 3964/6233/5 4032/12868/5 4029/12869/5
f 4029/12869/5 4075/12870/5 4071/6234/5
f 4071/6234/5 4120/12859/5 4026/12861/5
f 3994/6232/5 3963/12864/5 3969/12866/5
f 4071/6234/5 4026/12861/5 3994/6232/5
f 3964/6233/5 4029/12869/5 4071/6234/5
f 3994/6232/5 3969/12866/5 3964/6233/5
f 4853/12871/3 4851/12872/3 4852/6236/3
f 4852/6236/3 4855/12873/3 4856/6237/3
f 4854/6235/3 4853/12871/3 4852/6236/3
f 958/6238/5 991/3430/5 929/6239/5
f 4683/6243/5 4700/12874/5 4699/6244/5
f 4689/6246/5 4707/12875/5 4706/6247/5
f 2329/6251/4 2258/12876/4 2183/12877/4
f 2183/12877/4 2090/12878/4 2175/6249/4
f 2175/6249/4 2254/10836/4 2256/6250/4
f 2256/6250/4 2282/4298/4 2329/6251/4
f 2329/6251/4 2183/12877/4 2175/6249/4
f 3458/6252/4 3413/11128/4 3353/6253/4
f 1082/6256/5 1109/10230/5 1066/9665/5
f 1067/9667/5 1057/3453/5 1045/6254/5
f 1082/6256/5 1066/9665/5 1067/9667/5
f 1046/6255/5 1083/12879/5 1082/6256/5
f 1026/9655/5 1027/9654/5 1046/6255/5
f 1082/6256/5 1067/9667/5 1045/6254/5
f 1045/6254/5 1026/9655/5 1046/6255/5
f 4730/6259/3 4729/12880/3 4720/10830/3
f 4722/4289/3 4723/4291/3 4732/6260/3
f 4730/6259/3 4720/10830/3 4722/4289/3
f 4733/6261/1 4734/12881/1 4738/6262/1
f 4738/6262/1 4990/12882/1 4988/6263/1
f 3864/6264/2 3865/12883/2 3767/6265/2
f 4732/6267/4 4725/12884/4 4724/6268/4
f 4760/6272/4 4766/10565/4 4712/4115/4
f 4704/6270/4 4702/10569/4 4736/12885/4
f 4760/6272/4 4712/4115/4 4704/6270/4
f 4704/6270/4 4736/12885/4 4705/6271/4
f 4243/12886/5 4249/12887/5 4318/12888/5
f 4243/12886/5 4318/12888/5 4315/12889/5
f 4538/12890/5 4460/12891/5 4420/6278/5
f 4420/6278/5 4243/12886/5 4315/12889/5
f 4358/12892/5 4364/12893/5 4466/6276/5
f 4420/6278/5 4315/12889/5 4358/12892/5
f 4543/12894/5 4538/12890/5 4420/6278/5
f 4499/6277/5 4505/12895/5 4543/12894/5
f 4466/6276/5 4470/12896/5 4499/6277/5
f 4420/6278/5 4358/12892/5 4466/6276/5
f 4499/6277/5 4543/12894/5 4420/6278/5
f 1126/6279/2 1128/12897/2 1072/6280/2
f 4833/12898/5 4892/12899/5 4888/12900/5
f 4831/12901/5 4827/12902/5 4784/6282/5
f 4833/12898/5 4888/12900/5 4831/12901/5
f 4694/2230/5 4835/8324/5 4833/12898/5
f 4657/12838/5 4683/12903/5 4682/8325/5
f 4694/2230/5 4833/12898/5 4831/12901/5
f 4668/6202/5 4657/12838/5 4682/8325/5
f 4694/2230/5 4831/12901/5 4784/6282/5
f 4668/6202/5 4682/8325/5 4694/2230/5
f 4679/6283/5 4666/12835/5 4667/12836/5
f 4667/12836/5 4668/6202/5 4694/2230/5
f 4784/6282/5 4678/12834/5 4679/6283/5
f 4679/6283/5 4667/12836/5 4694/2230/5
f 3543/6284/4 3551/12904/4 3508/6285/4
f 4721/6287/7 4719/6314/7 4697/6288/7
f 4700/6290/7 4727/12905/7 4749/6291/7
f 4746/6293/3 4751/12906/3 4750/6294/3
f 4722/6295/2 4720/12907/2 4750/12908/2
f 4751/6296/2 4795/12909/2 4796/6297/2
f 4722/6295/2 4750/12908/2 4751/6296/2
f 4796/6297/2 4723/12910/2 4722/6295/2
f 4872/12631/7 4873/12911/7 4811/6298/7
f 4811/6298/7 4805/12912/7 4804/6299/7
f 4803/6300/7 4872/12631/7 4811/6298/7
f 4725/6301/5 4756/12913/5 4755/6302/5
f 3094/6304/3 3096/12914/3 3091/6305/3
f 4987/6309/2 4797/12915/2 4728/6307/2
f 4726/6308/2 4989/12916/2 4987/6309/2
f 4759/6310/2 4760/12917/2 4705/6311/2
f 4758/6313/7 4705/12918/7 4736/6314/7
f 4706/6315/7 4765/12919/7 4740/6316/7
f 803/4876/1 814/6320/1 777/6323/1
f 770/6318/1 743/3982/1 736/3983/1
f 803/4876/1 777/6323/1 770/6318/1
f 770/6318/1 736/3983/1 710/6319/1
f 4990/6326/3 4738/12920/3 4739/6324/3
f 4757/6325/3 4991/12921/3 4990/6326/3
f 4747/6327/3 4796/12922/3 4795/6328/3
f 4753/6332/1 4729/12923/1 4730/6330/1
f 4730/6330/1 4732/12924/1 4755/6331/1
f 294/6333/2 295/12925/2 205/6334/2
f 4791/6336/4 4795/12926/4 4751/6337/4
f 3983/12927/2 4048/12928/2 4049/12929/2
f 3983/12927/2 4049/12929/2 3945/12930/2
f 3924/12931/2 3983/12927/2 3945/12930/2
f 3924/12931/2 3945/12930/2 3906/12932/2
f 3905/12933/2 3924/12931/2 3906/12932/2
f 3905/12933/2 3906/12932/2 3899/12934/2
f 3898/12935/2 3905/12933/2 3899/12934/2
f 3898/12935/2 3899/12934/2 3878/12936/2
f 3877/6339/2 3898/12935/2 3878/12936/2
f 3803/6340/2 3618/12937/2 3630/12938/2
f 3877/6339/2 3878/12936/2 3803/6340/2
f 3803/6340/2 3630/12938/2 3833/6341/2
f 4798/6342/7 4766/12939/7 4760/6343/7
f 4710/6345/7 4799/12940/7 4764/6346/7
f 4931/6348/7 4927/12941/7 4923/6349/7
f 4767/6351/5 4801/12942/5 4800/6352/5
f 4802/6354/7 4772/12943/7 4769/6355/7
f 4860/6357/2 4861/12944/2 4766/6358/2
f 4777/6360/7 4809/12945/7 4771/6361/7
f 4805/6363/4 4811/12946/4 4810/6364/4
f 4813/6366/5 4812/12947/5 4806/6367/5
f 3954/6371/1 3993/12948/1 3994/6369/1
f 3992/6370/1 3952/12949/1 3954/6371/1
f 4994/6374/3 4858/12950/3 4859/6372/3
f 4857/6373/3 4993/12951/3 4994/6374/3
f 4827/6375/2 4829/12952/2 4830/6376/2
f 4832/6378/4 4834/12953/4 4786/6379/4
f 5039/6382/1 4881/12954/1 4883/6380/1
f 4822/12955/1 4823/12956/1 4828/12957/1
f 5000/6382/2 5039/6382/2 4883/6380/2
f 4883/6380/1 4822/12955/1 4828/12957/1
f 4951/6381/1 4985/12958/1 5000/6382/1
f 4883/6380/1 4828/12957/1 4951/6381/1
f 4786/6383/1 4834/12959/1 4839/6384/1
f 4790/6386/7 4788/12960/7 4786/6387/7
f 4844/6389/1 4845/12961/1 4836/6390/1
f 4789/6392/7 4793/12962/7 4844/6393/7
f 4965/6395/3 4967/3513/3 4961/12963/3
f 4957/6396/3 4958/12964/3 4959/12965/3
f 4965/6395/3 4961/12963/3 4957/6396/3
f 4962/6397/3 4966/9741/3 4965/6395/3
f 4957/6396/3 4959/12965/3 4962/6397/3
f 4840/6398/3 4848/12966/3 4847/6399/3
f 4882/6401/1 4995/12967/1 4997/6402/1
f 4814/6404/1 5010/12968/1 5008/6405/1
f 3183/12969/2 3138/12970/2 3136/12971/2
f 3183/12969/2 3136/12971/2 3180/12972/2
f 3203/12973/2 3183/12969/2 3180/12972/2
f 3203/12973/2 3180/12972/2 3200/6407/2
f 3465/12974/2 3466/12975/2 3251/6409/2
f 3251/6409/2 3203/12973/2 3200/6407/2
f 3248/6408/2 3465/12974/2 3251/6409/2
f 4846/6410/3 4850/12976/3 4849/6411/3
f 4793/6413/1 4789/4191/1 4699/6414/1
f 4762/6416/5 4856/12977/5 4855/6417/5
f 4066/6421/1 4298/11790/1 4295/12978/1
f 4295/12978/1 4113/12979/1 4115/6419/1
f 4063/6420/1 4064/12980/1 4066/6421/1
f 4066/6421/1 4295/12978/1 4115/6419/1
f 150/6424/2 205/12981/2 206/6422/2
f 170/6423/2 153/12982/2 150/6424/2
f 4803/4357/1 4868/5216/1 4874/6425/1
f 4875/6426/1 4876/12983/1 4871/6427/1
f 2289/6429/4 2234/12984/4 2232/4269/4
f 1502/6431/5 1504/10373/5 1518/6432/5
f 4888/6434/2 4889/12985/2 4890/6435/2
f 4831/2456/7 4890/12986/7 4829/6437/7
f 4947/6439/1 4824/12987/1 4815/12988/1
f 4947/6439/1 4815/12988/1 4816/12989/1
f 4880/6441/1 4948/12990/1 4947/6439/1
f 4947/6439/1 4816/12989/1 4878/6440/1
f 4855/6444/1 4852/12991/1 4752/12992/1
f 4754/6442/1 4756/12993/1 4761/6443/1
f 4855/6444/1 4752/12992/1 4754/6442/1
f 4832/6445/1 4891/12994/1 4894/6446/1
f 4472/6450/1 4466/12995/1 4364/12996/1
f 4367/6448/1 4368/12997/1 4370/6449/1
f 4472/6450/1 4364/12996/1 4367/6448/1
f 4895/6451/1 4896/12998/1 4892/6452/1
f 4902/6454/2 4903/12999/2 4840/6455/2
f 4825/6459/2 4884/13000/2 4885/6457/2
f 4826/6458/2 4783/13001/2 4825/6459/2
f 4904/6460/2 4905/13002/2 4846/6461/2
f 4903/6456/4 4906/6455/4 4848/6463/4
f 4849/6465/5 4908/13003/5 4904/6466/5
f 4865/6470/7 4926/13004/7 4863/6468/7
f 4863/6468/7 4862/13005/7 4800/6469/7
f 4912/6471/3 4919/13006/3 4918/6472/3
f 4922/6474/2 4923/13007/2 4864/6475/2
f 4924/6477/2 4925/6460/2 4926/6462/2
f 4911/6479/3 4909/13008/3 4910/6480/3
f 4910/6480/3 4913/13009/3 4914/6481/3
f 22/13010/5 21/13011/5 6/6482/5
f 6/6482/5 14/13012/5 13/6483/5
f 13/6483/5 28/13013/5 55/13014/5
f 55/13014/5 54/13015/5 25/6484/5
f 24/13016/5 22/13010/5 6/6482/5
f 13/6483/5 55/13014/5 25/6484/5
f 25/6484/5 24/13016/5 6/6482/5
f 4866/6485/1 4927/13017/1 4931/6486/1
f 4874/6488/7 4868/13018/7 4866/6489/7
f 4934/6491/1 4935/13019/1 4928/6492/1
f 4871/6494/7 4876/13020/7 4934/6495/7
f 4953/6497/3 4955/13021/3 4954/6498/3
f 4954/6498/3 4947/13022/3 4948/13023/3
f 4954/6498/3 4948/13023/3 4949/13024/3
f 5021/6499/2 5022/6497/2 4953/6497/2
f 4954/6498/3 4949/13024/3 4952/6499/3
f 4952/6499/3 5021/6499/3 4953/6497/3
f 5037/13025/4 4950/13026/4 4887/6500/4
f 4887/6500/4 4881/13027/4 5039/6501/4
f 5038/6502/4 5037/13025/4 4887/6500/4
f 4950/6503/1 5047/13028/1 5048/6504/1
f 5040/6506/3 5041/13029/3 5047/6507/3
f 5021/13030/3 4952/13030/3 4949/6509/3
f 4949/6509/3 4981/13031/3 4984/6510/3
f 5020/6511/7 5021/13030/7 4949/6509/7
f 4897/6514/2 4954/13032/2 4955/6512/2
f 4955/6512/2 4899/13033/2 4898/6513/2
f 364/6517/4 369/13034/4 309/13035/4
f 309/13035/4 269/13036/4 252/13037/4
f 270/13038/4 283/13039/4 272/13040/4
f 364/6517/4 309/13035/4 252/13037/4
f 252/13037/4 270/13038/4 272/13040/4
f 272/13040/4 204/13041/4 199/13042/4
f 199/13042/4 181/13043/4 179/13044/4
f 179/13044/5 227/13045/5 249/13046/5
f 268/13047/4 267/13048/4 291/13049/4
f 179/13044/7 249/13046/7 268/13047/7
f 272/13040/4 199/13042/4 179/13044/4
f 252/13037/4 272/13040/4 179/13044/4
f 268/13047/4 291/13049/4 310/6515/4
f 252/13037/4 179/13044/4 268/13047/4
f 401/6516/4 404/13050/4 364/6517/4
f 364/6517/4 252/13037/4 268/13047/4
f 310/6515/4 340/13051/4 401/6516/4
f 364/6517/4 268/13047/4 310/6515/4
f 4938/6520/3 4939/13052/3 4937/6518/3
f 4937/6518/3 4930/13053/3 4932/6519/3
f 4892/6521/7 4896/13054/7 4889/6522/7
f 4958/6526/1 4912/13055/1 4911/6524/1
f 4911/6524/1 4914/13056/1 4959/6525/1
f 2160/6527/7 2171/13057/7 2090/13058/7
f 2073/6528/7 2070/13059/7 2158/6529/7
f 2160/6527/7 2090/13058/7 2073/6528/7
f 4958/6530/4 4957/13060/4 4919/6531/4
f 4962/6533/5 4959/13061/5 4914/6534/5
f 4919/6536/1 4957/13062/1 4961/6537/1
f 5028/6541/3 5030/13063/3 5031/13064/3
f 4963/6539/3 4962/6540/3 5027/6540/3
f 5028/6541/3 5031/13064/3 4963/6539/3
f 4964/6542/3 5044/13065/3 5042/6543/3
f 4735/13066/4 4701/11397/4 4685/11396/4
f 4685/11396/4 4671/4786/4 4670/10752/4
f 4670/10752/4 4720/10751/4 4729/13067/4
f 4729/13067/4 4753/13068/4 4752/13069/4
f 4752/13069/4 4852/13070/4 4851/13071/4
f 4851/13071/4 4910/13072/4 4909/13073/4
f 4918/13074/4 4961/13075/4 4967/13076/4
f 4851/13071/4 4909/13073/4 4918/13074/4
f 4752/13069/4 4851/13071/4 4918/13074/4
f 4918/13074/4 4967/13076/4 4968/6545/4
f 4930/13077/4 4937/13078/4 4873/13079/4
f 4685/11396/4 4670/10752/4 4729/13067/4
f 4759/13080/4 4758/13081/4 4735/13066/4
f 4735/13066/4 4685/11396/4 4729/13067/4
f 4735/13066/4 4729/13067/4 4752/13069/4
f 4860/13082/4 4798/13083/4 4759/13080/4
f 4759/13080/4 4735/13066/4 4752/13069/4
f 4873/13079/4 4872/13084/4 4874/13085/4
f 4874/13085/4 4929/13086/4 4931/6546/4
f 4922/6547/4 4921/13087/4 4860/13082/4
f 4860/13082/4 4759/13080/4 4752/13069/4
f 4930/13077/4 4873/13079/4 4874/13085/4
f 4930/13077/4 4874/13085/4 4931/6546/4
f 4860/13082/4 4752/13069/4 4918/13074/4
f 4922/6547/4 4860/13082/4 4918/13074/4
f 4968/6545/4 4930/13077/4 4931/6546/4
f 4922/6547/4 4918/13074/4 4968/6545/4
f 4968/6548/2 4969/13088/2 4938/6549/2
f 4910/6553/1 4851/13089/1 4854/6551/1
f 4854/6551/1 4856/13090/1 4913/6552/1
f 4942/6554/2 5045/6449/2 5044/6555/2
f 5032/6559/2 5034/13091/2 5035/13092/2
f 4940/6557/2 4963/5936/2 5031/6558/2
f 5032/6559/2 5035/13092/2 4940/6557/2
f 4969/6560/4 4972/13093/4 4939/6561/4
f 4009/6563/5 4005/13094/5 3944/13095/5
f 3944/13095/5 3943/13096/5 3921/2242/5
f 3921/2242/5 3945/2244/5 4049/6564/5
f 4049/6564/5 4042/13097/5 4009/6563/5
f 4009/6563/5 3944/13095/5 3921/2242/5
f 4945/6565/5 4975/13098/5 4970/6566/5
