# Blender 4.4.3
# www.blender.org
mtllib voxel_shotogatana_in_sheath.mtl
o InSheath
v -0.004808 -0.098866 0.006000
v 0.007192 -0.098866 0.006000
v 0.043432 0.025938 0.006000
v -0.006900 0.102488 2.084210
v -0.029048 0.038344 0.006000
v 0.031192 0.038344 0.006000
v 0.043432 0.038344 0.006000
v -0.006900 0.102488 2.070410
v -0.004808 0.050750 0.006000
v 0.019192 0.050750 0.006000
v -0.006900 0.102488 2.056610
v -0.029048 -0.086212 0.018000
v -0.041048 -0.073806 0.018000
v -0.041048 -0.086212 0.018000
v -0.041048 -0.073806 0.030240
v -0.041048 -0.086212 0.030240
v -0.029048 -0.086212 0.030240
v 0.055432 -0.073806 0.030240
v 0.055432 0.025938 0.030240
v -0.029048 -0.086212 0.042240
v -0.041048 -0.073806 0.042240
v -0.041048 -0.036340 0.042240
v 0.055432 -0.036340 0.042240
v -0.041048 0.000878 0.042240
v -0.041048 0.013532 0.042240
v 0.007192 -0.098866 0.054240
v 0.031192 -0.098866 0.054240
v -0.041048 -0.086212 0.042240
v -0.041048 -0.073806 0.078480
v -0.041048 -0.036340 0.078480
v -0.041048 0.000878 0.054240
v -0.041048 -0.036340 0.054240
v -0.041048 0.038344 0.090480
v -0.041048 0.013532 0.090480
v -0.041048 0.000878 0.078480
v -0.041048 0.013532 0.054240
v -0.029048 0.038344 0.090480
v -0.029048 0.038344 0.066240
v -0.041048 0.038344 0.054240
v -0.029048 0.038344 0.054240
v -0.029048 0.050750 0.054240
v -0.017048 0.038344 0.054240
v -0.017048 0.050750 0.054240
v 0.019192 0.050750 0.054240
v 0.007192 0.050750 0.054240
v 0.007192 0.063404 0.054240
v 0.019192 0.063404 0.054240
v 0.007192 -0.111272 0.090480
v 0.007192 -0.098866 0.090480
v 0.007192 -0.098866 0.078480
v -0.029048 -0.086212 0.090480
v -0.029048 -0.073806 0.090480
v -0.020700 0.088688 1.932110
v -0.020700 0.088688 1.945910
v -0.029048 -0.073806 0.078480
v -0.041048 -0.036340 0.066240
v -0.041048 0.000878 0.066240
v 0.055432 -0.023934 0.066240
v 0.055432 -0.011528 0.066240
v 0.055432 0.000878 0.066240
v -0.017048 0.038344 0.066240
v -0.017048 0.050750 0.066240
v -0.041048 -0.086212 0.078480
v -0.029048 -0.086212 0.078480
v 0.055432 -0.036340 0.090480
v -0.029048 0.050750 0.066240
v 0.007192 0.050750 0.078480
v 0.019192 0.050750 0.078480
v 0.007192 0.063404 0.078480
v -0.020700 0.088688 1.918310
v 0.019192 -0.098866 0.090480
v 0.043432 0.025938 0.090480
v -0.029048 0.050750 0.090480
v -0.017048 0.038344 0.090480
v -0.017048 0.050750 0.090480
v 0.019192 0.063404 0.078480
v 0.019192 -0.111272 0.090480
v 0.055432 -0.036340 0.102480
v -0.041048 -0.061400 0.114480
v -0.029048 -0.073806 0.126720
v -0.029048 -0.086212 0.126720
v -0.041048 -0.073806 0.126720
v -0.004808 -0.211016 0.126720
v -0.004808 -0.198610 0.126720
v -0.004808 -0.211016 0.138720
v 0.019192 -0.211016 0.138720
v 0.019192 -0.211016 0.126720
v 0.019192 -0.198610 0.126720
v 0.007192 -0.211016 0.138720
v 0.019192 -0.198610 0.138720
v -0.004808 -0.173550 0.126720
v -0.004808 -0.173550 0.138720
v 0.019192 -0.173550 0.138720
v 0.019192 -0.173550 0.126720
v -0.004808 -0.161144 0.126720
v -0.004808 -0.161144 0.138720
v 0.019192 -0.161144 0.126720
v 0.019192 -0.161144 0.138720
v -0.004808 -0.148738 0.126720
v -0.004808 -0.148738 0.138720
v 0.007192 -0.148738 0.138720
v 0.019192 -0.148738 0.138720
v 0.019192 -0.148738 0.126720
v -0.041048 -0.086212 0.126720
v -0.004808 -0.223422 0.138720
v -0.004808 -0.223422 0.150720
v 0.019192 -0.223422 0.150720
v 0.019192 -0.223422 0.138720
v 0.007192 -0.211016 0.150720
v 0.019192 -0.211016 0.150720
v -0.017048 -0.211016 0.138720
v 0.019192 -0.198610 0.150720
v -0.017048 -0.185956 0.150720
v -0.004808 -0.185956 0.150720
v 0.019192 -0.185956 0.150720
v 0.031192 -0.198610 0.138720
v 0.031192 -0.198610 0.150720
v 0.031192 -0.185956 0.150720
v -0.017048 -0.173550 0.150720
v -0.004808 -0.173550 0.150720
v 0.019192 -0.161144 0.150720
v 0.031192 -0.161144 0.150720
v 0.031192 -0.161144 0.138720
v -0.017048 -0.148738 0.138720
v -0.017048 -0.148738 0.150720
v -0.004808 -0.148738 0.150720
v -0.004808 -0.136084 0.150720
v 0.007192 -0.136084 0.138720
v 0.007192 -0.136084 0.150720
v 0.019192 -0.136084 0.150720
v 0.019192 -0.136084 0.138720
v -0.004808 -0.123678 0.138720
v -0.004808 -0.123678 0.150720
v 0.007192 -0.123678 0.150720
v 0.007192 -0.123678 0.138720
v -0.004808 -0.111272 0.150720
v 0.007192 -0.111272 0.150720
v -0.041048 0.038344 0.150720
v -0.004808 -0.223422 0.162720
v 0.007192 -0.223422 0.162720
v -0.017048 -0.198610 0.162720
v -0.004808 -0.198610 0.162720
v 0.019192 -0.198610 0.162720
v 0.031192 -0.211016 0.150720
v 0.031192 -0.198610 0.162720
v -0.017048 -0.185956 0.162720
v -0.004808 -0.185956 0.162720
v 0.019192 -0.185956 0.162720
v 0.031192 -0.185956 0.162720
v -0.004808 -0.173550 0.162720
v 0.007192 -0.173550 0.162720
v 0.019192 -0.173550 0.162720
v -0.017048 -0.173550 0.162720
v 0.019192 -0.161144 0.162720
v -0.017048 -0.148738 0.162720
v -0.004808 -0.148738 0.162720
v 0.019192 -0.148738 0.162720
v 0.031192 -0.161144 0.162720
v 0.031192 -0.148738 0.162720
v -0.017048 -0.136084 0.150720
v -0.017048 -0.136084 0.162720
v -0.004808 -0.136084 0.162720
v 0.019192 -0.136084 0.162720
v 0.031192 -0.136084 0.162720
v 0.031192 -0.136084 0.150720
v -0.004808 -0.123678 0.162720
v 0.007192 -0.123678 0.162720
v 0.019192 -0.123678 0.162720
v 0.019192 -0.123678 0.150720
v 0.007192 -0.111272 0.162720
v 0.019192 -0.111272 0.162720
v -0.004808 -0.235828 0.162720
v -0.004808 -0.223422 0.174960
v -0.004808 -0.235828 0.174960
v 0.007192 -0.235828 0.162720
v 0.007192 -0.235828 0.174960
v 0.007192 -0.223422 0.174960
v -0.004808 -0.185956 0.174960
v 0.019192 -0.185956 0.174960
v -0.004808 -0.173550 0.174960
v 0.019192 -0.173550 0.174960
v -0.004808 -0.148738 0.174960
v 0.019192 -0.148738 0.174960
v -0.017048 -0.136084 0.174960
v -0.017048 -0.148738 0.174960
v -0.004808 -0.136084 0.174960
v 0.019192 -0.136084 0.174960
v 0.031192 -0.148738 0.174960
v 0.031192 -0.136084 0.174960
v -0.017048 -0.123678 0.162720
v -0.017048 -0.123678 0.174960
v -0.004808 -0.123678 0.174960
v 0.019192 -0.123678 0.174960
v 0.031192 -0.123678 0.174960
v 0.031192 -0.123678 0.162720
v -0.004808 -0.111272 0.174960
v 0.019192 -0.111272 0.174960
v -0.004808 -0.223422 0.186960
v 0.019192 -0.223422 0.186960
v -0.017048 -0.198610 0.186960
v -0.004808 -0.198610 0.186960
v 0.019192 -0.198610 0.186960
v 0.031192 -0.198610 0.186960
v -0.004808 -0.173550 0.186960
v 0.019192 -0.173550 0.186960
v -0.004808 -0.136084 0.186960
v -0.004808 -0.148738 0.186960
v 0.019192 -0.148738 0.186960
v 0.019192 -0.136084 0.186960
v -0.017048 -0.123678 0.186960
v -0.017048 -0.136084 0.186960
v -0.004808 -0.123678 0.186960
v 0.019192 -0.123678 0.186960
v 0.031192 -0.136084 0.186960
v 0.031192 -0.123678 0.186960
v -0.017048 -0.111272 0.174960
v 0.031192 -0.111272 0.174960
v 0.043432 0.025938 0.186960
v -0.017048 -0.248482 0.186960
v -0.017048 -0.235828 0.198960
v -0.017048 -0.248482 0.198960
v -0.004808 -0.248482 0.198960
v 0.007192 -0.248482 0.186960
v 0.007192 -0.248482 0.198960
v 0.007192 -0.235828 0.198960
v 0.007192 -0.235828 0.186960
v -0.017048 -0.223422 0.186960
v -0.017048 -0.223422 0.198960
v -0.004808 -0.223422 0.198960
v 0.019192 -0.235828 0.198960
v 0.019192 -0.223422 0.198960
v 0.031192 -0.235828 0.186960
v 0.031192 -0.235828 0.198960
v 0.031192 -0.223422 0.198960
v 0.031192 -0.223422 0.186960
v -0.004808 -0.211016 0.198960
v 0.019192 -0.211016 0.198960
v -0.017048 -0.211016 0.198960
v 0.031192 -0.211016 0.198960
v -0.017048 -0.173550 0.186960
v -0.017048 -0.173550 0.198960
v -0.004808 -0.173550 0.198960
v 0.019192 -0.173550 0.198960
v 0.031192 -0.173550 0.198960
v 0.031192 -0.173550 0.186960
v -0.004808 -0.148738 0.198960
v 0.019192 -0.148738 0.198960
v -0.004808 -0.136084 0.198960
v 0.019192 -0.136084 0.198960
v -0.017048 -0.111272 0.198960
v -0.004808 -0.111272 0.198960
v 0.019192 -0.111272 0.198960
v 0.031192 -0.111272 0.198960
v -0.004808 -0.098866 0.198960
v 0.019192 -0.098866 0.198960
v -0.017048 -0.098866 0.198960
v 0.031192 -0.098866 0.198960
v -0.029048 -0.248482 0.198960
v -0.004808 -0.248482 0.210960
v 0.019192 -0.248482 0.210960
v 0.019192 -0.248482 0.198960
v 0.043432 -0.248482 0.198960
v -0.029048 -0.211016 0.198960
v -0.017048 -0.211016 0.210960
v 0.031192 -0.211016 0.210960
v 0.043432 -0.211016 0.198960
v -0.017048 -0.148738 0.198960
v -0.017048 -0.148738 0.210960
v -0.004808 -0.148738 0.210960
v 0.019192 -0.148738 0.210960
v 0.031192 -0.148738 0.210960
v 0.031192 -0.148738 0.198960
v -0.004808 -0.136084 0.210960
v 0.019192 -0.136084 0.210960
v -0.017048 -0.248482 0.223200
v 0.007192 -0.248482 0.210960
v 0.043432 -0.248482 0.223200
v -0.017048 -0.148738 0.223200
v 0.031192 -0.148738 0.223200
v -0.017048 -0.136084 0.210960
v -0.017048 -0.136084 0.223200
v -0.004808 -0.136084 0.223200
v 0.019192 -0.136084 0.223200
v 0.031192 -0.136084 0.223200
v 0.031192 -0.136084 0.210960
v -0.004808 -0.123678 0.223200
v 0.019192 -0.123678 0.223200
v -0.017048 -0.123678 0.223200
v 0.031192 -0.123678 0.223200
v 0.031192 -0.098866 0.223200
v -0.017048 -0.086212 0.223200
v -0.029048 -0.086212 0.223200
v -0.029048 -0.248482 0.235200
v -0.017048 -0.248482 0.235200
v -0.017048 -0.235828 0.235200
v 0.031192 -0.248482 0.235200
v 0.031192 -0.235828 0.235200
v 0.043432 -0.248482 0.235200
v -0.029048 -0.211016 0.235200
v -0.017048 -0.211016 0.235200
v 0.031192 -0.211016 0.235200
v 0.043432 -0.211016 0.235200
v -0.004808 -0.173550 0.235200
v -0.029048 -0.148738 0.223200
v 0.043432 -0.148738 0.223200
v -0.029048 -0.098866 0.235200
v -0.017048 -0.098866 0.235200
v 0.043432 -0.098866 0.223200
v -0.029048 -0.086212 0.235200
v -0.017048 -0.086212 0.235200
v 0.055432 0.000878 0.235200
v -0.017048 -0.248482 0.247200
v -0.004808 -0.248482 0.247200
v -0.004808 -0.235828 0.247200
v 0.019192 -0.248482 0.247200
v 0.019192 -0.235828 0.247200
v 0.007192 -0.235828 0.247200
v 0.031192 -0.248482 0.247200
v 0.019192 -0.211016 0.247200
v 0.007192 -0.211016 0.247200
v -0.004808 -0.173550 0.247200
v 0.007192 -0.173550 0.235200
v 0.007192 -0.173550 0.247200
v -0.017048 -0.161144 0.247200
v -0.004808 -0.161144 0.247200
v 0.007192 -0.161144 0.247200
v 0.019192 -0.161144 0.247200
v 0.031192 -0.161144 0.247200
v -0.041048 -0.023934 0.247200
v -0.029048 0.038344 0.247200
v 0.031192 0.038344 0.259200
v 0.043432 0.025938 0.259200
v -0.004808 -0.235828 0.259200
v -0.004808 -0.248482 0.259200
v 0.007192 -0.235828 0.259200
v 0.019192 -0.248482 0.259200
v 0.007192 -0.211016 0.259200
v 0.019192 -0.211016 0.259200
v 0.055432 -0.036340 0.259200
v -0.041048 -0.023934 0.259200
v -0.041048 -0.011528 0.259200
v 0.055432 -0.011528 0.259200
v 0.055432 0.000878 0.259200
v 0.055432 0.013532 0.259200
v -0.041048 0.038344 0.259200
v -0.029048 0.038344 0.283440
v -0.029048 0.038344 0.259200
v -0.029048 0.025938 0.283440
v 0.019192 0.050750 0.259200
v 0.031192 0.050750 0.259200
v 0.007192 0.050750 0.259200
v 0.007192 0.063404 0.259200
v 0.019192 0.063404 0.259200
v 0.007192 -0.173550 0.271440
v 0.007192 -0.161144 0.271440
v 0.019192 -0.161144 0.271440
v -0.041048 -0.086212 0.271440
v 0.055432 -0.061400 0.271440
v 0.055432 -0.036340 0.271440
v -0.041048 -0.011528 0.271440
v -0.041048 0.013532 0.271440
v -0.041048 0.038344 0.271440
v 0.043432 0.025938 0.271440
v 0.055432 0.025938 0.271440
v 0.031192 0.038344 0.283440
v 0.043432 0.025938 0.283440
v 0.007192 0.050750 0.271440
v 0.031192 0.038344 0.271440
v 0.031192 0.050750 0.271440
v 0.019192 0.050750 0.271440
v 0.007192 0.063404 0.271440
v 0.019192 -0.173550 0.271440
v -0.041048 -0.061400 0.295440
v -0.041048 -0.073806 0.295440
v 0.055432 -0.048994 0.283440
v -0.041048 -0.011528 0.295440
v -0.041048 -0.023934 0.295440
v -0.041048 -0.011528 0.283440
v -0.041048 0.025938 0.283440
v -0.041048 0.038344 0.283440
v 0.019192 0.050750 0.283440
v 0.007192 0.050750 0.283440
v 0.007192 0.063404 0.283440
v 0.019192 0.063404 0.283440
v 0.019192 0.063404 0.271440
v -0.041048 -0.086212 0.295440
v -0.029048 -0.086212 0.295440
v 0.043432 -0.086212 0.295440
v 0.043432 -0.073806 0.295440
v 0.055432 -0.073806 0.295440
v -0.041048 -0.048994 0.295440
v 0.055432 -0.048994 0.295440
v 0.055432 -0.048994 0.307440
v 0.055432 -0.036340 0.307440
v -0.017048 -0.148738 0.307440
v -0.017048 -0.161144 0.307440
v -0.029048 -0.148738 0.307440
v -0.029048 -0.098866 0.307440
v -0.041048 -0.086212 0.307440
v -0.029048 -0.086212 0.307440
v -0.029048 -0.086212 0.319680
v 0.055432 -0.086212 0.295440
v -0.041048 0.000878 0.307440
v -0.041048 0.025938 0.307440
v -0.029048 0.025938 0.307440
v -0.029048 0.038344 0.307440
v 0.031192 0.050750 0.307440
v -0.029048 -0.161144 0.307440
v -0.041048 -0.086212 0.319680
v 0.043432 -0.086212 0.319680
v 0.043432 -0.073806 0.319680
v 0.055432 -0.086212 0.319680
v 0.055432 -0.073806 0.319680
v -0.041048 0.025938 0.319680
v -0.029048 0.025938 0.319680
v -0.041048 0.038344 0.307440
v -0.041048 0.038344 0.319680
v -0.029048 0.038344 0.319680
v 0.019192 0.050750 0.319680
v 0.031192 -0.161144 0.331680
v 0.031192 -0.148738 0.331680
v 0.043432 -0.148738 0.331680
v 0.043432 -0.086212 0.331680
v 0.043432 -0.073806 0.331680
v 0.055432 -0.073806 0.331680
v 0.043432 -0.161144 0.331680
v 0.055432 -0.086212 0.331680
v -0.029048 -0.148738 0.355680
v -0.041048 -0.086212 0.355680
v -0.029048 -0.148738 0.367920
v -0.029048 -0.161144 0.367920
v -0.029048 -0.148738 0.379920
v 0.031192 0.038344 0.379920
v 0.031192 0.050750 0.379920
v -0.029048 -0.098866 0.379920
v -0.017048 -0.098866 0.379920
v -0.017048 -0.086212 0.379920
v -0.029048 -0.086212 0.379920
v -0.029048 -0.098866 0.391920
v -0.017048 -0.098866 0.391920
v -0.029048 -0.086212 0.391920
v -0.017048 -0.086212 0.391920
v 0.055432 -0.048994 0.391920
v -0.004808 -0.161144 0.403920
v -0.004808 -0.173550 0.403920
v -0.017048 -0.161144 0.403920
v 0.007192 0.050750 0.416160
v -0.017048 -0.173550 0.403920
v -0.029048 -0.098866 0.416160
v -0.017048 -0.098866 0.416160
v -0.017048 -0.086212 0.416160
v -0.029048 -0.086212 0.416160
v 0.055432 -0.086212 0.416160
v 0.055432 -0.036340 0.416160
v 0.019192 0.050750 0.416160
v 0.019192 -0.173550 0.428160
v 0.019192 -0.161144 0.428160
v 0.031192 -0.161144 0.428160
v -0.029048 -0.086212 0.440160
v -0.029048 -0.098866 0.440160
v -0.017048 -0.098866 0.440160
v -0.017048 -0.086212 0.440160
v -0.041048 -0.086212 0.428160
v 0.031192 0.038344 0.428160
v -0.004808 0.050750 0.428160
v 0.007192 0.050750 0.440160
v 0.019192 0.050750 0.452160
v 0.031192 0.050750 0.428160
v 0.019192 0.050750 0.428160
v 0.031192 -0.173550 0.428160
v -0.029048 -0.111272 0.440160
v -0.017048 -0.111272 0.440160
v 0.031192 -0.111272 0.440160
v 0.043432 -0.111272 0.440160
v 0.031192 -0.098866 0.440160
v 0.043432 -0.098866 0.440160
v 0.031192 -0.086212 0.440160
v 0.043432 -0.086212 0.440160
v 0.055432 0.025938 0.440160
v -0.004808 0.050750 0.440160
v 0.031192 0.050750 0.440160
v 0.019192 0.050750 0.440160
v -0.004808 0.063404 0.440160
v 0.007192 0.063404 0.440160
v 0.031192 -0.098866 0.452160
v -0.029048 -0.086212 0.464400
v 0.031192 -0.086212 0.464400
v 0.043432 -0.086212 0.464400
v 0.055432 -0.073806 0.452160
v 0.055432 -0.036340 0.452160
v 0.055432 0.000878 0.452160
v -0.029048 0.025938 0.452160
v 0.043432 0.025938 0.452160
v 0.031192 0.038344 0.452160
v 0.007192 0.050750 0.464400
v -0.004808 0.050750 0.464400
v 0.031192 -0.111272 0.464400
v -0.017048 -0.098866 0.464400
v 0.031192 -0.098866 0.464400
v -0.017048 -0.086212 0.464400
v 0.031192 -0.098866 0.488400
v 0.031192 -0.086212 0.488400
v 0.055432 -0.086212 0.476400
v 0.055432 -0.073806 0.476400
v 0.043432 -0.086212 0.476400
v 0.055432 -0.036340 0.476400
v -0.041048 0.013532 0.464400
v -0.041048 0.025938 0.464400
v -0.029048 0.025938 0.464400
v 0.043432 0.025938 0.464400
v 0.055432 0.025938 0.464400
v 0.031192 0.038344 0.464400
v 0.031192 0.050750 0.464400
v -0.017048 -0.098866 0.476400
v -0.029048 -0.098866 0.464400
v -0.029048 -0.086212 0.476400
v -0.029048 -0.098866 0.476400
v -0.017048 -0.086212 0.476400
v 0.031192 -0.086212 0.476400
v 0.043432 0.025938 0.476400
v 0.055432 0.025938 0.476400
v -0.041048 0.025938 0.488400
v -0.029048 0.025938 0.488400
v 0.031192 0.038344 0.476400
v 0.007192 0.050750 0.476400
v 0.031192 0.038344 0.488400
v 0.031192 0.050750 0.476400
v 0.031192 0.050750 0.488400
v -0.017048 -0.161144 0.488400
v -0.017048 -0.173550 0.488400
v -0.004808 -0.173550 0.488400
v -0.004808 -0.161144 0.488400
v 0.019192 -0.173550 0.488400
v 0.019192 -0.161144 0.488400
v 0.031192 -0.173550 0.488400
v 0.031192 -0.161144 0.488400
v 0.031192 -0.111272 0.488400
v -0.041048 -0.086212 0.488400
v 0.055432 -0.086212 0.488400
v 0.055432 -0.073806 0.488400
v -0.041048 -0.048994 0.488400
v -0.041048 0.000878 0.488400
v -0.017048 0.038344 0.488400
v -0.017048 0.050750 0.488400
v 0.007192 0.050750 0.488400
v -0.004808 -0.260888 0.488400
v -0.004808 -0.248482 0.500400
v -0.004808 -0.260888 0.500400
v 0.019192 -0.260888 0.488400
v 0.019192 -0.260888 0.500400
v 0.019192 -0.248482 0.500400
v -0.004808 -0.161144 0.500400
v 0.019192 -0.161144 0.500400
v -0.029048 -0.161144 0.500400
v -0.017048 -0.161144 0.500400
v -0.017048 -0.148738 0.500400
v -0.004808 -0.148738 0.500400
v 0.019192 -0.148738 0.500400
v 0.031192 -0.161144 0.500400
v 0.031192 -0.148738 0.500400
v 0.043432 -0.161144 0.500400
v -0.029048 -0.136084 0.500400
v -0.017048 -0.136084 0.500400
v 0.031192 -0.136084 0.500400
v 0.043432 -0.136084 0.500400
v -0.017048 -0.111272 0.500400
v 0.031192 -0.111272 0.500400
v 0.019192 -0.111272 0.500400
v -0.041048 -0.061400 0.500400
v -0.041048 -0.086212 0.500400
v 0.055432 -0.036340 0.500400
v -0.017048 0.038344 0.500400
v 0.031192 0.038344 0.500400
v -0.017048 0.050750 0.500400
v 0.007192 0.050750 0.500400
v -0.017048 -0.260888 0.500400
v -0.017048 -0.248482 0.512640
v -0.017048 -0.260888 0.512640
v 0.019192 -0.248482 0.512640
v 0.031192 -0.248482 0.500400
v 0.043432 -0.260888 0.500400
v 0.043432 -0.248482 0.500400
v -0.017048 -0.235828 0.512640
v 0.019192 -0.211016 0.512640
v 0.031192 -0.211016 0.500400
v 0.031192 -0.211016 0.512640
v 0.043432 -0.223422 0.500400
v 0.043432 -0.211016 0.500400
v 0.031192 -0.211016 0.524640
v -0.004808 -0.148738 0.512640
v 0.019192 -0.148738 0.512640
v -0.017048 -0.136084 0.512640
v -0.017048 -0.148738 0.512640
v 0.031192 -0.148738 0.512640
v 0.031192 -0.136084 0.512640
v -0.029048 -0.136084 0.512640
v 0.043432 -0.136084 0.512640
v -0.029048 -0.111272 0.512640
v -0.017048 -0.111272 0.512640
v 0.031192 -0.111272 0.512640
v 0.043432 -0.111272 0.512640
v -0.017048 -0.098866 0.512640
v -0.004808 -0.098866 0.512640
v 0.019192 -0.098866 0.512640
v 0.031192 -0.098866 0.512640
v -0.017048 -0.086212 0.512640
v -0.041048 -0.073806 0.500400
v -0.029048 -0.086212 0.512640
v -0.029048 -0.260888 0.512640
v -0.029048 -0.235828 0.512640
v -0.029048 -0.098866 0.512640
v -0.029048 -0.086212 0.524640
v -0.029048 -0.098866 0.524640
v -0.017048 -0.098866 0.524640
v -0.017048 -0.086212 0.524640
v -0.041048 -0.061400 0.524640
v 0.055432 0.025938 0.524640
v 0.031192 -0.211016 0.536640
v -0.017048 -0.198610 0.536640
v -0.004808 -0.198610 0.536640
v 0.019192 -0.211016 0.536640
v -0.004808 -0.185956 0.536640
v -0.017048 -0.161144 0.536640
v -0.004808 -0.161144 0.536640
v -0.004808 -0.148738 0.536640
v 0.007192 -0.161144 0.536640
v 0.019192 -0.148738 0.536640
v -0.004808 -0.136084 0.536640
v 0.019192 -0.136084 0.536640
v 0.043432 0.025938 0.536640
v 0.031192 0.038344 0.536640
v 0.019192 0.038344 0.536640
v 0.019192 0.050750 0.536640
v 0.031192 0.050750 0.536640
v -0.029048 -0.260888 0.548640
v -0.017048 -0.248482 0.548640
v 0.031192 -0.248482 0.548640
v 0.043432 -0.260888 0.548640
v -0.029048 -0.235828 0.548640
v -0.017048 -0.235828 0.548640
v 0.043432 -0.235828 0.548640
v -0.017048 -0.223422 0.548640
v -0.004808 -0.223422 0.548640
v 0.031192 -0.223422 0.548640
v 0.019192 -0.223422 0.536640
v 0.019192 -0.223422 0.548640
v 0.031192 -0.211016 0.548640
v 0.043432 -0.211016 0.548640
v -0.017048 -0.198610 0.548640
v -0.004808 -0.198610 0.548640
v 0.019192 -0.198610 0.548640
v 0.031192 -0.198610 0.548640
v 0.007192 -0.198610 0.536640
v 0.019192 -0.173550 0.548640
v 0.031192 -0.173550 0.548640
v -0.004808 -0.161144 0.548640
v 0.007192 -0.161144 0.548640
v 0.019192 -0.161144 0.548640
v 0.031192 -0.161144 0.548640
v -0.004808 -0.148738 0.548640
v 0.019192 -0.148738 0.548640
v -0.004808 -0.136084 0.548640
v 0.019192 -0.136084 0.548640
v -0.017048 -0.086212 0.548640
v -0.017048 -0.098866 0.548640
v -0.029048 -0.086212 0.548640
v -0.017048 -0.248482 0.560880
v 0.031192 -0.248482 0.560880
v -0.017048 -0.223422 0.560880
v -0.004808 -0.223422 0.560880
v 0.019192 -0.223422 0.560880
v 0.031192 -0.223422 0.560880
v 0.019192 -0.211016 0.560880
v 0.019192 -0.198610 0.560880
v 0.019192 -0.185956 0.560880
v 0.031192 -0.198610 0.560880
v 0.031192 -0.185956 0.560880
v -0.004808 -0.173550 0.560880
v 0.007192 -0.173550 0.560880
v 0.019192 -0.173550 0.560880
v 0.031192 -0.173550 0.560880
v -0.004808 -0.161144 0.560880
v 0.019192 -0.161144 0.560880
v 0.019192 -0.136084 0.560880
v -0.029048 -0.098866 0.548640
v -0.041048 0.025938 0.560880
v 0.019192 0.038344 0.560880
v 0.031192 0.038344 0.560880
v 0.019192 0.050750 0.560880
v 0.019192 -0.198610 0.572880
v 0.031192 -0.211016 0.560880
v 0.031192 -0.198610 0.572880
v -0.004808 -0.185956 0.572880
v 0.007192 -0.185956 0.572880
v 0.019192 -0.185956 0.572880
v 0.031192 -0.185956 0.572880
v -0.004808 -0.173550 0.572880
v 0.007192 -0.173550 0.572880
v -0.004808 -0.148738 0.572880
v 0.019192 -0.148738 0.572880
v 0.019192 -0.111272 0.572880
v -0.029048 -0.086212 0.572880
v -0.029048 -0.098866 0.572880
v -0.017048 -0.098866 0.572880
v -0.017048 -0.086212 0.572880
v 0.031192 0.038344 0.572880
v 0.019192 0.038344 0.572880
v 0.019192 0.050750 0.572880
v 0.031192 0.050750 0.572880
v 0.031192 0.050750 0.560880
v 0.007192 -0.173550 0.584880
v 0.019192 -0.173550 0.584880
v -0.004808 -0.161144 0.572880
v -0.004808 -0.161144 0.584880
v 0.019192 -0.161144 0.572880
v 0.019192 -0.161144 0.584880
v -0.004808 -0.123678 0.584880
v 0.019192 -0.123678 0.584880
v -0.004808 -0.111272 0.584880
v 0.019192 -0.111272 0.584880
v -0.017048 -0.086212 0.584880
v -0.017048 -0.098866 0.584880
v -0.029048 -0.086212 0.584880
v 0.019192 -0.198610 0.596880
v 0.031192 -0.198610 0.596880
v -0.004808 -0.185956 0.596880
v 0.007192 -0.185956 0.596880
v 0.019192 -0.185956 0.596880
v 0.007192 -0.173550 0.596880
v -0.004808 -0.173550 0.584880
v -0.004808 -0.173550 0.596880
v -0.029048 -0.098866 0.584880
v -0.029048 -0.086212 0.596880
v -0.041048 -0.073806 0.596880
v -0.041048 -0.086212 0.596880
v -0.029048 -0.073806 0.596880
v 0.043432 -0.086212 0.596880
v 0.043432 -0.073806 0.596880
v 0.055432 -0.086212 0.596880
v 0.055432 -0.073806 0.596880
v 0.055432 -0.061400 0.596880
v 0.019192 0.038344 0.596880
v 0.031192 0.038344 0.596880
v 0.019192 0.050750 0.596880
v -0.004808 -0.211016 0.609120
v -0.004808 -0.223422 0.609120
v 0.007192 -0.211016 0.609120
v 0.019192 -0.223422 0.609120
v 0.019192 -0.211016 0.609120
v 0.019192 -0.198610 0.609120
v 0.031192 -0.211016 0.609120
v 0.031192 -0.198610 0.609120
v 0.031192 -0.185956 0.596880
v -0.004808 -0.136084 0.609120
v 0.019192 -0.136084 0.609120
v -0.004808 -0.123678 0.609120
v 0.019192 -0.123678 0.609120
v -0.029048 -0.086212 0.609120
v -0.029048 -0.098866 0.609120
v -0.017048 -0.098866 0.609120
v -0.017048 -0.086212 0.609120
v -0.029048 -0.073806 0.609120
v -0.041048 -0.073806 0.609120
v 0.055432 -0.048994 0.609120
v 0.031192 0.038344 0.609120
v 0.019192 0.038344 0.609120
v 0.019192 0.050750 0.609120
v 0.031192 0.050750 0.609120
v 0.031192 0.050750 0.596880
v 0.019192 -0.198610 0.621120
v 0.019192 -0.185956 0.621120
v 0.031192 -0.198610 0.621120
v 0.031192 -0.185956 0.621120
v -0.004808 -0.161144 0.621120
v 0.019192 -0.161144 0.621120
v -0.004808 -0.136084 0.621120
v 0.019192 -0.136084 0.621120
v -0.041048 -0.086212 0.609120
v 0.043432 -0.086212 0.621120
v 0.043432 -0.073806 0.621120
v 0.055432 -0.073806 0.621120
v 0.055432 -0.048994 0.621120
v -0.041048 0.025938 0.621120
v 0.019192 0.038344 0.621120
v 0.031192 0.038344 0.621120
v 0.019192 0.050750 0.621120
v -0.004808 -0.211016 0.633120
v 0.019192 -0.211016 0.633120
v -0.004808 -0.161144 0.633120
v 0.019192 -0.161144 0.633120
v -0.017048 -0.086212 0.633120
v -0.017048 -0.098866 0.633120
v -0.029048 -0.086212 0.633120
v 0.055432 -0.086212 0.621120
v 0.055432 -0.048994 0.633120
v 0.055432 -0.048994 0.645120
v 0.031192 0.050750 0.621120
v -0.029048 -0.098866 0.633120
v -0.029048 -0.086212 0.645120
v -0.029048 -0.098866 0.645120
v -0.017048 -0.098866 0.645120
v -0.017048 -0.086212 0.645120
v 0.043432 0.025938 0.645120
v -0.017048 0.038344 0.645120
v 0.031192 0.038344 0.645120
v -0.017048 0.050750 0.645120
v -0.004808 0.038344 0.645120
v -0.004808 0.050750 0.645120
v 0.019192 0.038344 0.645120
v 0.019192 0.050750 0.645120
v 0.031192 0.050750 0.645120
v 0.055432 0.000878 0.657360
v 0.019192 0.025938 0.645120
v -0.041048 -0.073806 0.669360
v -0.017048 0.038344 0.669360
v -0.004808 0.038344 0.669360
v -0.004808 0.050750 0.669360
v -0.029048 -0.086212 0.681360
v -0.041048 -0.048994 0.681360
v -0.041048 -0.023934 0.681360
v -0.041048 0.013532 0.681360
v 0.043432 0.025938 0.681360
v 0.019192 0.038344 0.681360
v 0.019192 0.025938 0.681360
v 0.043432 0.038344 0.681360
v -0.017048 0.050750 0.669360
v -0.017048 -0.086212 0.693360
v 0.031192 -0.086212 0.693360
v -0.041048 -0.073806 0.705600
v -0.029048 -0.086212 0.705600
v -0.029048 -0.086212 0.693360
v -0.017048 -0.086212 0.705600
v 0.055432 -0.086212 0.693360
v 0.055432 -0.073806 0.693360
v -0.041048 -0.048994 0.693360
v -0.041048 -0.036340 0.693360
v -0.041048 -0.011528 0.693360
v -0.041048 0.025938 0.693360
v 0.043432 0.025938 0.693360
v 0.019192 0.038344 0.693360
v 0.019192 0.025938 0.693360
v 0.043432 0.038344 0.693360
v 0.031192 0.038344 0.693360
v 0.019192 0.050750 0.693360
v 0.031192 -0.086212 0.705600
v 0.055432 -0.086212 0.705600
v 0.055432 -0.086212 0.717600
v 0.055432 -0.073806 0.717600
v 0.055432 -0.073806 0.705600
v -0.041048 -0.048994 0.705600
v -0.041048 -0.048994 0.717600
v -0.041048 -0.011528 0.717600
v 0.055432 -0.011528 0.705600
v 0.055432 0.000878 0.705600
v 0.055432 0.025938 0.705600
v -0.017048 0.038344 0.705600
v -0.017048 0.050750 0.705600
v -0.004808 0.038344 0.705600
v -0.004808 0.050750 0.705600
v 0.031192 0.050750 0.693360
v -0.004808 -0.098866 0.717600
v 0.007192 -0.111272 0.717600
v 0.055432 -0.011528 0.717600
v 0.055432 -0.011528 0.729600
v 0.055432 0.000878 0.729600
v 0.043432 0.025938 0.729600
v 0.055432 0.013532 0.729600
v 0.055432 0.025938 0.729600
v -0.017048 0.038344 0.717600
v -0.004808 0.038344 0.717600
v -0.004808 0.050750 0.717600
v 0.007192 0.050750 0.717600
v 0.019192 0.050750 0.717600
v -0.004808 -0.111272 0.741600
v 0.007192 -0.111272 0.741600
v 0.007192 -0.111272 0.765840
v 0.043432 -0.086212 0.729600
v 0.043432 -0.073806 0.729600
v 0.055432 -0.086212 0.729600
v 0.055432 -0.073806 0.729600
v -0.041048 -0.048994 0.729600
v 0.055432 -0.048994 0.729600
v -0.041048 -0.023934 0.729600
v -0.041048 -0.011528 0.729600
v -0.041048 0.000878 0.729600
v -0.029048 0.025938 0.729600
v -0.017048 0.038344 0.729600
v -0.017048 0.050750 0.717600
v -0.017048 0.050750 0.729600
v 0.007192 0.050750 0.729600
v 0.019192 0.050750 0.765840
v 0.007192 0.050750 0.765840
v 0.055432 -0.061400 0.741600
v -0.041048 -0.023934 0.741600
v 0.055432 -0.061400 0.753840
v 0.055432 -0.023934 0.753840
v 0.055432 -0.023934 0.741600
v 0.055432 -0.011528 0.741600
v -0.041048 0.000878 0.741600
v -0.020700 -0.091312 0.065810
v 0.055432 -0.011528 0.753840
v 0.055432 0.000878 0.753840
v -0.041048 0.013532 0.741600
v 0.043432 0.025938 0.741600
v 0.055432 0.000878 0.741600
v 0.055432 0.025938 0.741600
v -0.041048 0.025938 0.741600
v -0.017048 0.038344 0.741600
v -0.017048 0.050750 0.741600
v -0.004808 0.038344 0.741600
v -0.004808 0.050750 0.741600
v -0.041048 -0.073806 0.753840
v -0.041048 -0.086212 0.753840
v 0.043432 -0.086212 0.753840
v 0.043432 -0.073806 0.753840
v -0.041048 -0.061400 0.753840
v 0.055432 -0.073806 0.753840
v -0.041048 -0.036340 0.753840
v 0.048300 -0.077212 0.024110
v -0.041048 -0.023934 0.753840
v -0.041048 0.013532 0.753840
v -0.017048 0.038344 0.753840
v -0.004808 0.038344 0.753840
v 0.034500 -0.091312 -0.003490
v -0.004808 0.050750 0.753840
v -0.020700 -0.091312 -0.003490
v 0.031192 0.050750 0.753840
v 0.019192 0.050750 0.753840
v 0.048300 -0.077212 -0.003490
v -0.041048 -0.086212 0.765840
v -0.034500 -0.077212 -0.003490
v 0.043432 -0.086212 0.765840
v 0.043432 -0.073806 0.765840
v 0.055432 -0.086212 0.753840
v 0.055432 -0.086212 0.765840
v 0.055432 -0.073806 0.765840
v 0.055432 -0.061400 0.777840
v 0.055432 -0.048994 0.777840
v 0.103800 0.019388 0.010310
v 0.103800 0.019388 -0.003490
v 0.055432 -0.048994 0.753840
v 0.090000 0.019388 0.010310
v -0.041048 0.000878 0.753840
v 0.090000 0.019388 -0.003490
v 0.055432 0.000878 0.765840
v -0.017048 0.050750 0.753840
v 0.090000 0.033188 -0.003490
v -0.041048 -0.073806 0.777840
v 0.090000 0.033188 0.010310
v -0.041048 -0.061400 0.777840
v 0.075900 0.019388 0.010310
v 0.075900 0.033188 0.010310
v 0.055432 -0.073806 0.777840
v 0.075900 0.033188 -0.003490
v -0.017048 0.038344 0.777840
v -0.017048 0.050750 0.777840
v 0.075900 0.019388 -0.003490
v -0.004808 0.038344 0.777840
v -0.004808 0.050750 0.777840
v 0.019192 0.050750 0.777840
v 0.031192 0.050750 0.777840
v -0.041048 -0.073806 0.789840
v -0.041048 -0.086212 0.789840
v -0.041048 -0.061400 0.802080
v -0.090000 0.019388 0.010310
v -0.090000 0.019388 -0.003490
v -0.041048 -0.073806 0.802080
v 0.103800 0.046988 0.010310
v -0.041048 -0.086212 0.802080
v 0.103800 0.046988 -0.003490
v 0.055432 -0.061400 0.789840
v 0.048300 0.046988 -0.003490
v -0.041048 -0.048994 0.789840
v 0.048300 0.046988 0.010310
v -0.041048 -0.061400 0.789840
v -0.017048 0.038344 0.802080
v -0.004808 0.038344 0.789840
v -0.034500 0.046988 0.010310
v -0.017048 0.038344 0.789840
v -0.034500 0.046988 -0.003490
v 0.031192 0.038344 0.789840
v -0.062100 0.046988 0.010310
v -0.004808 0.050750 0.789840
v -0.062100 0.046988 -0.003490
v 0.019192 0.050750 0.789840
v -0.090000 0.046988 -0.003490
v -0.029048 -0.086212 0.802080
v 0.043432 -0.073806 0.814080
v -0.090000 0.046988 0.010310
v 0.055432 -0.061400 0.814080
v 0.117600 0.046988 0.010310
v 0.117600 0.046988 -0.003490
v -0.041048 -0.048994 0.814080
v 0.090000 0.060788 0.010310
v -0.041048 -0.061400 0.814080
v 0.090000 0.060788 -0.003490
v 0.055432 -0.061400 0.802080
v -0.041048 -0.036340 0.802080
v 0.075900 0.060788 0.010310
v 0.075900 0.060788 -0.003490
v -0.041048 -0.048994 0.802080
v -0.041048 -0.023934 0.802080
v 0.034500 0.046988 0.010310
v 0.034500 0.046988 -0.003490
v -0.017048 0.050750 0.789840
v -0.017048 0.050750 0.814080
v -0.017048 0.038344 0.814080
v -0.004808 0.038344 0.814080
v -0.048300 0.060788 -0.003490
v -0.062100 0.060788 0.010310
v -0.004808 0.050750 0.814080
v -0.004808 0.050750 0.802080
v -0.062100 0.060788 -0.003490
v -0.075900 0.060788 0.010310
v 0.019192 0.050750 0.802080
v 0.019192 0.050750 0.814080
v -0.075900 0.060788 -0.003490
v -0.103800 0.046988 0.010310
v -0.041048 -0.073806 0.826080
v -0.103800 0.046988 -0.003490
v -0.041048 -0.023934 0.814080
v -0.041048 -0.011528 0.814080
v 0.117600 0.074588 0.010310
v 0.055432 -0.011528 0.814080
v 0.117600 0.074588 -0.003490
v 0.103800 0.074588 -0.003490
v 0.055432 0.000878 0.814080
v 0.090000 0.074588 0.010310
v -0.041048 0.025938 0.814080
v -0.004808 -0.111272 0.838080
v 0.075900 0.074588 0.010310
v 0.007192 -0.111272 0.838080
v 0.075900 0.074588 -0.003490
v 0.034500 0.074588 -0.003490
v 0.055432 -0.061400 0.826080
v -0.041048 -0.048994 0.826080
v 0.034500 0.074588 0.010310
v -0.020700 0.074588 0.010310
v -0.041048 -0.036340 0.814080
v -0.041048 -0.011528 0.826080
v -0.020700 0.074588 -0.003490
v -0.048300 0.074588 -0.003490
v 0.055432 -0.011528 0.826080
v -0.062100 0.074588 -0.003490
v 0.055432 -0.011528 0.838080
v 0.055432 0.000878 0.838080
v -0.062100 0.074588 0.010310
v 0.055432 0.000878 0.826080
v -0.075900 0.074588 0.010310
v -0.029048 0.025938 0.826080
v -0.075900 0.074588 -0.003490
v -0.090000 0.074588 0.010310
v 0.043432 0.025938 0.826080
v 0.055432 0.025938 0.826080
v -0.103800 0.074588 -0.003490
v -0.103800 0.074588 0.010310
v -0.017048 0.038344 0.826080
v -0.004808 0.038344 0.826080
v -0.090000 0.074588 -0.003490
v -0.004808 0.050750 0.826080
v 0.090000 0.088688 0.010310
v 0.090000 0.088688 -0.003490
v 0.031192 0.050750 0.826080
v 0.007192 -0.111272 0.862320
v 0.020700 0.074588 0.010310
v 0.020700 0.074588 -0.003490
v 0.055432 -0.048994 0.838080
v -0.006900 0.074588 0.010310
v 0.055432 -0.036340 0.838080
v -0.006900 0.074588 -0.003490
v -0.041048 -0.011528 0.850320
v -0.062100 0.088688 -0.003490
v -0.041048 -0.023934 0.850320
v -0.041048 -0.011528 0.838080
v -0.090000 0.088688 -0.003490
v 0.043432 0.025938 0.838080
v -0.075900 0.088688 -0.003490
v 0.103800 0.088688 0.010310
v 0.055432 0.025938 0.838080
v -0.017048 0.050750 0.826080
v 0.103800 0.102488 -0.003490
v 0.103800 0.088688 -0.003490
v -0.041048 -0.073806 0.850320
v -0.041048 -0.086212 0.850320
v 0.090000 0.102488 -0.003490
v -0.041048 -0.061400 0.850320
v 0.020700 0.102488 -0.003490
v 0.055432 -0.061400 0.850320
v 0.020700 0.102488 0.010310
v 0.055432 -0.036340 0.850320
v -0.062100 0.102488 -0.003490
v -0.075900 0.102488 -0.003490
v 0.055432 0.000878 0.850320
v -0.041048 0.013532 0.850320
v 0.103800 0.116288 0.010310
v -0.029048 0.025938 0.850320
v 0.103800 0.116288 -0.003490
v 0.090000 0.116288 -0.003490
v -0.017048 0.038344 0.850320
v 0.075900 0.116288 0.010310
v -0.017048 0.050750 0.850320
v 0.075900 0.116288 -0.003490
v -0.004808 0.038344 0.850320
v -0.004808 0.050750 0.850320
v 0.020700 0.116288 0.010310
v 0.020700 0.116288 -0.003490
v -0.041048 -0.073806 0.886320
v 0.006900 0.102488 0.010310
v -0.041048 -0.073806 0.874320
v 0.006900 0.102488 -0.003490
v -0.041048 -0.086212 0.874320
v 0.006900 0.116288 -0.003490
v -0.029048 -0.073806 0.898560
v 0.055432 -0.061400 0.886320
v 0.006900 0.116288 0.010310
v 0.055432 -0.061400 0.874320
v -0.006900 0.116288 0.010310
v 0.055432 -0.048994 0.886320
v -0.006900 0.116288 -0.003490
v -0.020700 0.116288 0.010310
v 0.055432 -0.048994 0.874320
v -0.020700 0.116288 -0.003490
v 0.055432 -0.061400 0.862320
v -0.062100 0.116288 0.010310
v 0.055432 -0.048994 0.862320
v -0.062100 0.116288 -0.003490
v 0.055432 -0.036340 0.862320
v -0.090000 0.116288 0.010310
v 0.055432 -0.023934 0.850320
v 0.075900 0.130088 0.010310
v 0.055432 -0.011528 0.850320
v 0.055432 0.000878 0.862320
v 0.020700 0.130088 0.010310
v 0.020700 0.130088 -0.003490
v 0.055432 0.013532 0.862320
v -0.029048 0.025938 0.862320
v -0.020700 0.130088 0.010310
v 0.055432 0.025938 0.862320
v -0.020700 0.130088 -0.003490
v -0.017048 0.038344 0.862320
v -0.062100 0.130088 0.010310
v 0.075900 -0.174112 -0.003490
v -0.004808 0.038344 0.862320
v 0.075900 -0.160312 -0.003490
v -0.004808 0.050750 0.862320
v -0.062100 -0.174112 -0.003490
v 0.019192 0.050750 0.862320
v -0.062100 -0.160312 -0.003490
v -0.004808 -0.098866 0.874320
v 0.090000 -0.160312 -0.003490
v -0.029048 -0.086212 0.874320
v 0.090000 -0.146512 -0.003490
v -0.029048 -0.073806 0.874320
v 0.055432 -0.036340 0.874320
v -0.090000 -0.160312 -0.003490
v 0.103800 -0.146512 -0.003490
v -0.041048 0.013532 0.874320
v -0.029048 0.025938 0.874320
v 0.103800 -0.132712 -0.003490
v 0.090000 -0.132712 -0.003490
v -0.017048 0.038344 0.874320
v -0.090000 -0.132712 -0.003490
v 0.031192 0.038344 0.886320
v -0.017048 0.050750 0.862320
v 0.117600 -0.132712 -0.003490
v 0.117600 -0.118912 -0.003490
v -0.017048 0.050750 0.886320
v 0.103800 -0.118912 -0.003490
v -0.017048 0.038344 0.886320
v 0.090000 -0.118912 -0.003490
v -0.004808 0.038344 0.886320
v 0.075900 -0.118912 -0.003490
v -0.004808 0.050750 0.886320
v -0.062100 -0.118912 -0.003490
v 0.019192 0.050750 0.874320
v -0.075900 -0.118912 -0.003490
v 0.031192 0.050750 0.886320
v -0.117600 -0.132712 -0.003490
v 0.019192 0.050750 0.886320
v -0.004808 -0.111272 0.886320
v -0.117600 -0.118912 -0.003490
v 0.131400 -0.118912 -0.003490
v -0.041048 -0.073806 0.898560
v 0.055432 -0.036340 0.886320
v 0.131400 -0.105112 -0.003490
v -0.041048 0.000878 0.886320
v 0.090000 -0.105112 -0.003490
v -0.041048 0.013532 0.886320
v 0.075900 -0.105112 -0.003490
v -0.062100 -0.105112 -0.003490
v 0.055432 0.013532 0.886320
v -0.075900 -0.105112 -0.003490
v -0.041048 0.025938 0.898560
v -0.117600 -0.105112 -0.003490
v -0.041048 0.013532 0.898560
v 0.145200 -0.105112 -0.003490
v -0.017048 0.038344 0.898560
v -0.004808 0.038344 0.898560
v -0.131400 -0.105112 -0.003490
v -0.004808 -0.098866 0.922560
v -0.131400 -0.049612 -0.003490
v -0.145200 -0.049612 -0.003490
v 0.019192 -0.098866 0.910560
v -0.041048 0.000878 0.898560
v -0.131400 0.005588 -0.003490
v -0.145200 0.005588 -0.017290
v -0.004808 0.050750 0.898560
v -0.145200 0.005588 -0.003490
v -0.041048 -0.048994 0.910560
v -0.131400 0.005588 -0.017290
v 0.055432 -0.023934 0.910560
v 0.145200 0.019388 -0.003490
v -0.041048 0.000878 0.934560
v -0.131400 0.019388 -0.017290
v -0.041048 0.000878 0.910560
v -0.017048 0.038344 0.910560
v 0.145200 0.033188 -0.017290
v 0.131400 0.033188 -0.003490
v -0.017048 0.050750 0.898560
v 0.145200 0.060788 -0.003490
v 0.019192 -0.111272 0.922560
v 0.145200 0.060788 -0.017290
v -0.029048 -0.073806 0.922560
v 0.131400 0.060788 -0.003490
v -0.041048 -0.048994 0.922560
v 0.090000 0.060788 -0.017290
v -0.041048 -0.048994 0.934560
v 0.075900 0.060788 -0.017290
v 0.055432 -0.036340 0.922560
v 0.055432 -0.023934 0.922560
v -0.062100 0.060788 -0.017290
v -0.017048 0.025938 0.922560
v -0.075900 0.060788 -0.017290
v -0.117600 0.060788 -0.003490
v -0.017048 0.038344 0.922560
v -0.017048 0.038344 0.934560
v -0.131400 0.060788 -0.003490
v 0.131400 0.074588 -0.003490
v 0.043432 0.025938 0.934560
v -0.017048 0.050750 0.922560
v 0.117600 0.074588 -0.017290
v 0.103800 0.074588 -0.017290
v -0.004808 0.038344 0.922560
v -0.004808 0.050750 0.922560
v 0.075900 0.074588 -0.017290
v 0.007192 0.050750 0.922560
v -0.006900 0.074588 -0.017290
v -0.004808 -0.098866 0.934560
v -0.062100 0.074588 -0.017290
v -0.004808 -0.111272 0.934560
v -0.075900 0.074588 -0.017290
v -0.103800 0.074588 -0.017290
v 0.007192 -0.111272 0.934560
v 0.007192 -0.098866 0.934560
v -0.117600 0.074588 -0.017290
v -0.029048 -0.073806 0.946800
v 0.117600 0.088688 -0.003490
v 0.090000 0.088688 -0.017290
v 0.055432 -0.036340 0.934560
v 0.055432 -0.036340 0.946800
v -0.090000 0.088688 -0.017290
v 0.055432 -0.023934 0.946800
v -0.103800 0.088688 -0.017290
v -0.117600 0.088688 -0.017290
v 0.055432 0.025938 0.934560
v -0.117600 0.088688 -0.003490
v -0.004808 0.025938 0.922560
v -0.004808 0.038344 0.934560
v 0.103800 0.102488 -0.017290
v 0.090000 0.102488 -0.017290
v -0.004808 0.050750 0.934560
v 0.090000 0.116288 -0.017290
v 0.019192 0.050750 0.934560
v -0.029048 -0.073806 0.958800
v 0.075900 0.116288 -0.017290
v -0.006900 0.116288 -0.017290
v -0.041048 -0.048994 0.946800
v 0.043432 0.025938 0.946800
v -0.062100 0.116288 -0.017290
v 0.043432 0.025938 0.958800
v 0.006900 0.130088 -0.017290
v 0.055432 0.025938 0.946800
v -0.006900 0.130088 -0.017290
v 0.075900 -0.160312 -0.031090
v 0.055432 0.025938 0.958800
v 0.075900 -0.174112 -0.031090
v -0.017048 0.050750 0.934560
v -0.062100 -0.174112 -0.031090
v -0.004808 0.050750 0.958800
v 0.007192 0.050750 0.958800
v -0.062100 -0.160312 -0.031090
v -0.004808 -0.098866 0.958800
v 0.090000 -0.146512 -0.031090
v 0.055432 -0.061400 0.958800
v 0.090000 -0.160312 -0.031090
v -0.075900 -0.160312 -0.031090
v -0.041048 -0.048994 0.958800
v -0.090000 -0.160312 -0.031090
v -0.041048 -0.036340 0.958800
v 0.103800 -0.132712 -0.031090
v -0.041048 -0.011528 0.958800
v 0.103800 -0.146512 -0.031090
v 0.055432 -0.023934 0.958800
v 0.055432 0.000878 0.970800
v 0.090000 -0.132712 -0.031090
v -0.090000 -0.132712 -0.031090
v -0.041048 0.000878 0.958800
v -0.017048 -0.086212 0.982800
v 0.117600 -0.118912 -0.031090
v 0.117600 -0.132712 -0.031090
v -0.017048 -0.098866 0.982800
v -0.004808 -0.098866 0.982800
v 0.103800 -0.118912 -0.031090
v -0.029048 -0.073806 0.970800
v 0.090000 -0.118912 -0.031090
v 0.075900 -0.118912 -0.031090
v 0.043432 -0.073806 0.970800
v -0.041048 -0.048994 0.995040
v -0.062100 -0.118912 -0.031090
v -0.075900 -0.118912 -0.031090
v -0.041048 -0.061400 0.995040
v -0.117600 -0.132712 -0.031090
v -0.041048 -0.023934 0.958800
v 0.131400 -0.105112 -0.031090
v -0.041048 0.000878 0.982800
v 0.131400 -0.118912 -0.031090
v -0.041048 -0.011528 0.982800
v 0.090000 -0.105112 -0.031090
v -0.041048 0.013532 0.970800
v 0.075900 -0.105112 -0.031090
v -0.041048 0.000878 0.970800
v 0.006900 -0.105112 -0.031090
v 0.043432 0.025938 0.970800
v 0.055432 0.025938 0.970800
v -0.006900 -0.105112 -0.031090
v -0.041048 0.025938 0.970800
v -0.062100 -0.105112 -0.031090
v -0.029048 0.025938 0.970800
v -0.075900 -0.105112 -0.031090
v -0.117600 -0.105112 -0.031090
v -0.004808 -0.098866 0.995040
v 0.043432 -0.073806 0.982800
v 0.145200 -0.105112 -0.031090
v -0.041048 -0.048994 0.982800
v 0.034500 -0.091312 -0.031090
v -0.041048 0.025938 0.982800
v 0.006900 -0.091312 -0.031090
v -0.006900 -0.091312 -0.031090
v -0.029048 0.025938 0.982800
v 0.055432 0.013532 0.970800
v -0.020700 -0.091312 -0.031090
v -0.131400 -0.105112 -0.031090
v 0.007192 0.050750 0.995040
v 0.043432 -0.073806 0.995040
v -0.020700 -0.077212 -0.031090
v -0.034500 -0.077212 -0.031090
v 0.055432 -0.048994 0.995040
v 0.055432 -0.023934 0.995040
v 0.145200 -0.063412 -0.031090
v -0.041048 -0.011528 0.995040
v 0.048300 -0.063412 -0.031090
v -0.041048 -0.011528 1.007040
v 0.034500 -0.063412 -0.031090
v -0.041048 -0.023934 1.019040
v -0.131400 -0.049612 -0.031090
v -0.034500 -0.035812 -0.031090
v 0.055432 -0.011528 0.995040
v 0.043432 0.025938 0.995040
v -0.145200 -0.049612 -0.031090
v 0.117600 -0.008212 -0.031090
v -0.004808 0.050750 0.995040
v -0.017048 -0.086212 1.019040
v 0.103800 -0.008212 -0.031090
v -0.017048 -0.098866 1.019040
v -0.075900 -0.008212 -0.031090
v 0.117600 0.005588 -0.031090
v -0.004808 -0.098866 1.019040
v 0.075900 0.005588 -0.031090
v 0.043432 -0.073806 1.007040
v -0.041048 -0.073806 1.007040
v -0.075900 0.005588 -0.031090
v 0.055432 -0.048994 1.007040
v -0.103800 0.005588 -0.031090
v 0.062100 0.019388 -0.031090
v 0.055432 -0.011528 1.007040
v 0.048300 0.019388 -0.031090
v 0.055432 -0.011528 1.019040
v 0.055432 0.000878 1.019040
v -0.131400 0.019388 -0.031090
v 0.043432 0.025938 1.055280
v -0.145200 0.019388 -0.031090
v -0.004808 0.063404 0.995040
v -0.145200 0.019388 -0.017290
v 0.034500 0.033188 -0.031090
v 0.007192 0.063404 0.995040
v 0.043432 -0.073806 1.031040
v 0.034500 0.019388 -0.031090
v 0.075900 0.046988 -0.031090
v -0.041048 -0.073806 1.019040
v 0.043432 -0.073806 1.019040
v 0.048300 0.046988 -0.031090
v -0.034500 0.033188 -0.031090
v 0.055432 -0.073806 1.019040
v -0.041048 -0.048994 1.019040
v 0.034500 0.046988 -0.031090
v 0.055432 -0.048994 1.019040
v -0.020700 0.046988 -0.031090
v -0.020700 0.033188 -0.031090
v 0.055432 -0.048994 1.031040
v 0.055432 -0.036340 1.031040
v 0.145200 0.060788 -0.031090
v 0.131400 0.060788 -0.031090
v 0.055432 -0.036340 1.007040
v 0.090000 0.060788 -0.031090
v -0.041048 -0.011528 1.019040
v -0.041048 0.000878 1.019040
v 0.075900 0.060788 -0.031090
v -0.041048 0.025938 1.019040
v -0.006900 0.046988 -0.031090
v -0.020700 0.074588 -0.031090
v -0.029048 0.025938 1.019040
v -0.062100 0.060788 -0.031090
v 0.007192 -0.098866 1.031040
v 0.007192 -0.111272 1.031040
v -0.075900 0.060788 -0.031090
v 0.019192 -0.111272 1.031040
v -0.117600 0.060788 -0.031090
v -0.131400 0.060788 -0.031090
v 0.019192 -0.098866 1.031040
v -0.029048 -0.073806 1.043280
v 0.131400 0.074588 -0.031090
v -0.041048 -0.061400 1.031040
v 0.117600 0.074588 -0.031090
v 0.103800 0.074588 -0.031090
v -0.041048 -0.073806 1.031040
v 0.090000 0.074588 -0.031090
v 0.055432 -0.073806 1.031040
v 0.075900 0.074588 -0.031090
v -0.041048 -0.023934 1.031040
v -0.062100 0.074588 -0.031090
v -0.041048 0.000878 1.031040
v 0.055432 0.000878 1.043280
v -0.075900 0.074588 -0.031090
v -0.041048 0.025938 1.031040
v -0.103800 0.074588 -0.031090
v -0.117600 0.074588 -0.031090
v -0.029048 0.025938 1.031040
v 0.117600 0.088688 -0.031090
v 0.055432 0.000878 1.031040
v 0.103800 0.088688 -0.031090
v 0.043432 0.025938 1.031040
v 0.055432 0.025938 1.031040
v 0.090000 0.088688 -0.031090
v -0.090000 0.088688 -0.031090
v -0.029048 0.025938 1.043280
v -0.103800 0.088688 -0.031090
v -0.004808 0.050750 1.031040
v 0.007192 0.050750 1.031040
v 0.103800 0.116288 -0.017290
v 0.019192 0.050750 1.031040
v 0.103800 0.116288 -0.031090
v -0.004808 0.063404 1.031040
v 0.075900 0.116288 -0.031090
v 0.007192 0.063404 1.031040
v -0.062100 0.116288 -0.031090
v -0.004808 -0.098866 1.043280
v -0.075900 0.116288 -0.031090
v -0.090000 0.116288 -0.031090
v -0.041048 -0.061400 1.055280
v 0.075900 0.130088 -0.031090
v -0.041048 -0.011528 1.031040
v -0.041048 0.000878 1.055280
v 0.048300 0.130088 -0.031090
v 0.034500 0.130088 -0.031090
v -0.041048 -0.011528 1.055280
v 0.006900 0.130088 -0.031090
v -0.041048 0.013532 1.031040
v -0.041048 0.000878 1.043280
v -0.006900 0.130088 -0.031090
v -0.062100 0.130088 -0.031090
v -0.017048 0.050750 1.067280
v 0.006900 0.143888 -0.017290
v -0.017048 0.038344 1.067280
v 0.006900 0.143888 -0.031090
v -0.004808 0.050750 1.043280
v -0.006900 0.143888 -0.031090
v -0.004808 0.050750 1.067280
v -0.006900 0.143888 -0.017290
v 0.019192 0.050750 1.043280
v -0.020700 0.019388 -0.044890
v -0.004808 0.063404 1.043280
v 0.019192 0.063404 1.031040
v -0.034500 0.019388 -0.044890
v -0.020700 0.033188 -0.044890
v 0.019192 0.063404 1.043280
v -0.034500 0.033188 -0.044890
v 0.007192 0.063404 1.043280
v 0.007192 0.050750 1.043280
v 0.034500 -0.077212 -0.058690
v 0.034500 -0.063412 -0.058690
v -0.017048 -0.086212 1.055280
v 0.048300 -0.063412 -0.058690
v -0.017048 -0.098866 1.055280
v -0.004808 -0.098866 1.055280
v -0.020700 0.019388 -0.058690
v -0.034500 0.019388 -0.058690
v -0.004808 -0.086212 1.055280
v -0.004808 -0.098866 1.067280
v -0.020700 0.033188 -0.058690
v 0.007192 -0.098866 1.067280
v 0.048300 -0.077212 -0.058690
v -0.034500 0.033188 -0.058690
v -0.004808 -0.086212 1.067280
v 0.043432 -0.073806 1.055280
v 0.006900 -0.091312 -0.127990
v 0.006900 -0.105112 -0.127990
v 0.055432 -0.061400 1.055280
v -0.006900 -0.105112 -0.127990
v -0.041048 -0.036340 1.055280
v 0.055432 -0.036340 1.055280
v -0.006900 -0.091312 -0.127990
v -0.041048 -0.023934 1.055280
v 0.034500 -0.077212 -0.127990
v 0.034500 -0.091312 -0.127990
v 0.055432 0.013532 1.055280
v 0.007192 -0.098866 1.079280
v 0.048300 -0.063412 -0.127990
v -0.041048 -0.061400 1.079280
v 0.048300 -0.077212 -0.127990
v -0.041048 -0.048994 1.079280
v 0.034500 -0.063412 -0.127990
v 0.055432 -0.061400 1.079280
v 0.020700 -0.091312 -0.141790
v 0.034500 0.019388 -0.141790
v 0.055432 -0.061400 1.067280
v 0.055432 -0.036340 1.067280
v 0.034500 0.046988 -0.141790
v 0.055432 -0.048994 1.079280
v 0.020700 0.046988 -0.141790
v 0.055432 -0.036340 1.079280
v -0.006900 -0.091312 -0.155590
v -0.041048 -0.023934 1.079280
v -0.020700 -0.077212 -0.155590
v -0.041048 -0.036340 1.079280
v 0.034500 0.046988 -0.169390
v 0.055432 -0.023934 1.079280
v 0.034500 0.019388 -0.169390
v -0.020700 0.033188 -0.155590
v 0.055432 -0.011528 1.079280
v -0.041048 -0.023934 1.067280
v 0.020700 0.046988 -0.169390
v -0.041048 0.013532 1.067280
v -0.006900 0.046988 -0.155590
v 0.034500 -0.077212 -0.169390
v 0.055432 0.013532 1.091520
v 0.007192 0.050750 1.067280
v -0.020700 -0.091312 -0.183190
v -0.041048 0.000878 1.079280
v -0.020700 -0.077212 -0.183190
v 0.055432 0.013532 1.079280
v 0.034500 -0.063412 -0.169390
v -0.017048 0.038344 1.079280
v 0.048300 -0.063412 -0.169390
v -0.017048 0.050750 1.079280
v 0.048300 0.019388 -0.169390
v 0.007192 0.050750 1.079280
v 0.034500 0.033188 -0.169390
v 0.031192 -0.086212 1.091520
v -0.020700 0.033188 -0.196990
v -0.041048 -0.048994 1.103520
v -0.006900 0.046988 -0.196990
v 0.048300 -0.077212 -0.169390
v 0.055432 -0.048994 1.091520
v -0.041048 -0.036340 1.091520
v 0.048300 0.033188 -0.169390
v -0.041048 -0.048994 1.091520
v 0.034500 -0.077212 -0.196990
v 0.048300 -0.063412 -0.196990
v 0.055432 -0.036340 1.091520
v 0.048300 -0.077212 -0.196990
v -0.041048 -0.036340 1.103520
v 0.055432 -0.023934 1.091520
v 0.034500 -0.063412 -0.196990
v 0.006900 0.046988 -0.196990
v -0.041048 -0.011528 1.079280
v 0.055432 -0.011528 1.091520
v 0.006900 0.060788 -0.196990
v -0.004808 0.050750 1.091520
v -0.006900 0.060788 -0.196990
v 0.034500 -0.077212 -0.238390
v 0.007192 0.050750 1.091520
v 0.034500 -0.091312 -0.238390
v 0.007192 0.063404 1.091520
v 0.020700 -0.091312 -0.238390
v 0.031192 -0.098866 1.115520
v 0.020700 -0.077212 -0.238390
v 0.031192 -0.086212 1.115520
v 0.019192 -0.098866 1.115520
v 0.020700 0.033188 -0.238390
v 0.020700 0.046988 -0.238390
v 0.019192 -0.086212 1.115520
v -0.029048 -0.073806 1.103520
v 0.006900 0.046988 -0.238390
v -0.029048 -0.086212 1.103520
v 0.006900 0.060788 -0.238390
v 0.020700 0.060788 -0.238390
v -0.017048 -0.086212 1.103520
v -0.017048 -0.073806 1.103520
v -0.006900 -0.091312 -0.265990
v 0.031192 -0.086212 1.103520
v -0.006900 -0.077212 -0.265990
v -0.020700 -0.091312 -0.265990
v 0.055432 -0.048994 1.115520
v 0.055432 -0.048994 1.103520
v -0.020700 -0.077212 -0.265990
v 0.055432 -0.023934 1.139760
v -0.020700 -0.077212 -0.279790
v -0.020700 -0.063412 -0.279790
v 0.055432 -0.011528 1.139760
v 0.055432 -0.011528 1.127520
v -0.034500 -0.077212 -0.279790
v 0.055432 0.000878 1.127520
v -0.034500 -0.063412 -0.279790
v 0.055432 0.000878 1.103520
v -0.020700 0.033188 -0.279790
v -0.034500 0.033188 -0.279790
v 0.055432 0.013532 1.103520
v -0.004808 0.063404 1.091520
v -0.020700 0.046988 -0.279790
v -0.034500 0.046988 -0.279790
v 0.043432 -0.086212 1.127520
v -0.020700 0.033188 -0.307690
v 0.043432 -0.073806 1.127520
v 0.031192 -0.086212 1.127520
v -0.034500 0.033188 -0.307690
v -0.006900 0.046988 -0.307690
v 0.031192 -0.073806 1.127520
v 0.055432 -0.061400 1.127520
v -0.020700 0.046988 -0.307690
v 0.055432 0.000878 1.115520
v -0.034500 0.046988 -0.307690
v -0.006900 0.060788 -0.307690
v 0.055432 0.013532 1.115520
v 0.043432 0.025938 1.115520
v -0.006900 0.046988 -0.321490
v 0.055432 0.025938 1.115520
v -0.020700 0.046988 -0.321490
v 0.043432 0.038344 1.115520
v -0.006900 0.060788 -0.321490
v -0.020700 0.060788 -0.321490
v -0.004808 -0.086212 1.127520
v 0.019192 -0.098866 1.127520
v -0.020700 0.060788 -0.307690
v -0.041048 -0.061400 1.139760
v 0.020700 -0.077212 -0.335290
v -0.041048 -0.073806 1.139760
v 0.020700 -0.091312 -0.335290
v 0.006900 -0.091312 -0.335290
v -0.029048 -0.073806 1.139760
v 0.006900 -0.077212 -0.335290
v 0.055432 -0.023934 1.127520
v 0.055432 0.013532 1.127520
v -0.020700 0.033188 -0.335290
v -0.041048 0.025938 1.163760
v -0.034500 0.033188 -0.335290
v -0.006900 0.046988 -0.335290
v -0.041048 0.013532 1.163760
v -0.020700 0.046988 -0.335290
v -0.029048 0.025938 1.163760
v 0.055432 0.013532 1.139760
v -0.006900 0.060788 -0.335290
v 0.034500 0.046988 -0.349090
v 0.031192 0.038344 1.127520
v 0.043432 0.038344 1.127520
v 0.020700 0.046988 -0.349090
v 0.055432 0.038344 1.115520
v -0.034500 0.046988 -0.335290
v 0.007192 -0.098866 1.151760
v 0.020700 0.060788 -0.349090
v -0.017048 -0.073806 1.139760
v -0.020700 0.060788 -0.335290
v 0.034500 0.060788 -0.349090
v 0.031192 -0.073806 1.139760
v 0.043432 -0.073806 1.139760
v 0.006900 -0.077212 -0.376690
v 0.006900 -0.091312 -0.376690
v 0.055432 -0.061400 1.151760
v -0.006900 -0.091312 -0.376690
v 0.043432 -0.073806 1.151760
v -0.006900 -0.077212 -0.376690
v 0.055432 -0.061400 1.139760
v 0.055432 -0.048994 1.139760
v 0.048300 0.033188 -0.418090
v 0.031192 0.038344 1.139760
v 0.034500 0.033188 -0.418090
v 0.034500 0.046988 -0.418090
v 0.043432 0.038344 1.139760
v 0.020700 0.033188 -0.418090
v 0.043432 0.038344 1.163760
v 0.020700 0.046988 -0.418090
v 0.019192 0.050750 1.163760
v -0.020700 0.046988 -0.418090
v 0.031192 0.038344 1.163760
v -0.017048 -0.073806 1.175760
v 0.034500 -0.063412 -0.431890
v 0.020700 -0.077212 -0.431890
v -0.041048 -0.073806 1.151760
v -0.017048 -0.073806 1.151760
v -0.006900 -0.077212 -0.431890
v -0.041048 0.000878 1.163760
v -0.020700 -0.077212 -0.431890
v -0.041048 -0.011528 1.163760
v -0.020700 -0.063412 -0.431890
v 0.048300 -0.049612 -0.431890
v 0.031192 0.038344 1.151760
v 0.048300 -0.063412 -0.431890
v 0.043432 0.038344 1.151760
v 0.007192 -0.098866 1.248240
v 0.034500 -0.049612 -0.431890
v 0.031192 -0.086212 1.163760
v 0.048300 0.046988 -0.418090
v 0.034500 0.046988 -0.431890
v 0.031192 -0.073806 1.163760
v 0.043432 -0.073806 1.163760
v 0.034500 0.060788 -0.431890
v 0.055432 -0.061400 1.163760
v 0.006900 0.060788 -0.431890
v 0.043432 -0.086212 1.163760
v -0.006900 0.060788 -0.431890
v 0.034500 -0.049612 -0.445690
v 0.055432 -0.036340 1.175760
v -0.041048 -0.023934 1.175760
v 0.020700 -0.077212 -0.459790
v -0.041048 -0.011528 1.175760
v -0.020700 -0.063412 -0.459790
v 0.055432 -0.011528 1.175760
v 0.034500 0.046988 -0.445690
v -0.041048 0.013532 1.175760
v -0.020700 0.046988 -0.445690
v -0.041048 0.025938 1.188000
v 0.034500 0.060788 -0.445690
v -0.041048 0.013532 1.188000
v 0.006900 0.060788 -0.445690
v -0.006900 0.060788 -0.459790
v -0.029048 0.025938 1.175760
v 0.006900 0.060788 -0.459790
v -0.041048 0.025938 1.175760
v 0.006900 0.060788 -0.473590
v 0.055432 0.025938 1.175760
v -0.006900 0.060788 -0.473590
v -0.029048 0.038344 1.175760
v 0.034500 -0.063412 -0.487390
v 0.031192 0.038344 1.175760
v 0.034500 -0.077212 -0.487390
v 0.043432 0.038344 1.175760
v 0.019192 0.050750 1.175760
v 0.020700 -0.077212 -0.487390
v 0.020700 -0.063412 -0.487390
v 0.031192 0.050750 1.175760
v 0.019192 0.050750 1.188000
v -0.006900 -0.077212 -0.487390
v 0.031192 -0.086212 1.188000
v -0.006900 -0.063412 -0.487390
v -0.020700 -0.077212 -0.487390
v 0.031192 -0.073806 1.188000
v -0.020700 -0.063412 -0.487390
v 0.043432 -0.086212 1.188000
v 0.006900 0.074588 -0.473590
v 0.043432 -0.073806 1.188000
v -0.006900 0.074588 -0.473590
v -0.041048 -0.061400 1.188000
v -0.029048 -0.073806 1.188000
v -0.020700 -0.063412 -0.501190
v 0.055432 -0.073806 1.188000
v -0.020700 -0.049612 -0.501190
v -0.034500 -0.063412 -0.501190
v 0.055432 -0.061400 1.188000
v -0.034500 -0.049612 -0.501190
v -0.041048 -0.048994 1.188000
v 0.055432 -0.036340 1.188000
v 0.034500 0.046988 -0.501190
v 0.020700 0.060788 -0.501190
v -0.041048 0.000878 1.175760
v 0.006900 0.060788 -0.501190
v 0.055432 0.025938 1.188000
v 0.006900 0.074588 -0.501190
v -0.041048 0.038344 1.175760
v 0.020700 0.060788 -0.528790
v 0.043432 0.038344 1.188000
v -0.006900 0.060788 -0.514990
v 0.043432 0.050750 1.175760
v 0.020700 0.074588 -0.501190
v 0.043432 0.050750 1.188000
v 0.020700 0.074588 -0.514990
v -0.041048 -0.061400 1.224240
v -0.041048 -0.073806 1.224240
v 0.006900 0.074588 -0.514990
v -0.029048 -0.073806 1.224240
v -0.020700 -0.063412 -0.528790
v -0.020700 -0.049612 -0.528790
v 0.043432 -0.073806 1.200000
v -0.034500 -0.049612 -0.528790
v 0.055432 -0.061400 1.200000
v 0.020700 -0.063412 -0.542590
v -0.041048 -0.036340 1.200000
v 0.020700 -0.077212 -0.542590
v -0.041048 -0.023934 1.200000
v 0.006900 -0.077212 -0.542590
v 0.055432 -0.011528 1.200000
v 0.006900 -0.063412 -0.542590
v 0.055432 0.000878 1.200000
v -0.020700 -0.063412 -0.542590
v -0.041048 0.013532 1.212000
v -0.020700 -0.049612 -0.542590
v 0.043432 0.038344 1.200000
v 0.031192 0.038344 1.200000
v -0.034500 -0.063412 -0.528790
v -0.034500 -0.063412 -0.542590
v 0.031192 0.050750 1.200000
v 0.043432 0.050750 1.200000
v -0.034500 -0.049612 -0.542590
v -0.020700 0.046988 -0.542590
v -0.017048 -0.073806 1.212000
v -0.034500 0.046988 -0.542590
v -0.029048 -0.073806 1.212000
v 0.020700 0.060788 -0.542590
v 0.031192 -0.073806 1.236240
v 0.043432 -0.073806 1.236240
v -0.020700 0.060788 -0.542590
v 0.020700 0.074588 -0.542590
v 0.055432 -0.061400 1.212000
v 0.006900 -0.063412 -0.556390
v -0.041048 -0.048994 1.212000
v 0.006900 -0.077212 -0.556390
v -0.041048 -0.036340 1.212000
v -0.041048 -0.023934 1.224240
v -0.006900 -0.063412 -0.556390
v 0.020700 -0.063412 -0.556390
v -0.041048 -0.036340 1.224240
v -0.041048 -0.023934 1.212000
v -0.034500 0.060788 -0.542590
v 0.055432 -0.011528 1.212000
v 0.020700 -0.077212 -0.556390
v 0.055432 -0.011528 1.224240
v -0.006900 -0.063412 -0.583990
v 0.055432 0.000878 1.224240
v 0.006900 -0.077212 -0.583990
v 0.055432 0.000878 1.212000
v 0.006900 -0.063412 -0.583990
v 0.020700 0.060788 -0.570190
v -0.029048 0.038344 1.212000
v 0.031192 0.038344 1.212000
v 0.020700 0.074588 -0.570190
v 0.020700 -0.063412 -0.583990
v 0.043432 0.038344 1.212000
v 0.019192 0.050750 1.212000
v 0.020700 -0.077212 -0.583990
v 0.031192 0.050750 1.212000
v -0.020700 0.046988 -0.583990
v 0.055432 -0.073806 1.224240
v -0.034500 0.046988 -0.583990
v 0.043432 -0.073806 1.224240
v -0.020700 0.060788 -0.583990
v -0.041048 0.000878 1.224240
v -0.034500 0.060788 -0.583990
v 0.020700 0.074588 -0.597790
v -0.041048 0.013532 1.224240
v 0.020700 0.060788 -0.597790
v -0.041048 0.025938 1.224240
v -0.041048 0.038344 1.224240
v 0.006900 0.074588 -0.611590
v -0.020700 0.046988 -0.597790
v -0.029048 0.038344 1.224240
v -0.034500 0.046988 -0.597790
v 0.043432 0.038344 1.224240
v 0.055432 0.038344 1.224240
v 0.034500 0.060788 -0.597790
v -0.006900 0.060788 -0.597790
v 0.019192 0.050750 1.248240
v 0.043432 0.050750 1.212000
v -0.020700 0.060788 -0.597790
v 0.019192 0.050750 1.236240
v -0.006900 0.074588 -0.597790
v 0.006900 0.074588 -0.597790
v 0.007192 0.063404 1.236240
v 0.006900 -0.063412 -0.611590
v -0.041048 -0.061400 1.260240
v -0.041048 -0.073806 1.260240
v 0.006900 -0.077212 -0.611590
v -0.006900 -0.077212 -0.611590
v -0.029048 -0.073806 1.260240
v -0.006900 -0.063412 -0.611590
v -0.041048 -0.036340 1.236240
v 0.055432 -0.036340 1.236240
v -0.020700 0.060788 -0.611590
v -0.034500 0.060788 -0.597790
v -0.041048 0.013532 1.260240
v 0.034500 0.074588 -0.597790
v -0.041048 0.025938 1.248240
v -0.041048 0.025938 1.236240
v -0.020700 0.074588 -0.597790
v -0.041048 0.013532 1.236240
v -0.020700 0.074588 -0.611590
v 0.043432 0.038344 1.236240
v 0.034500 -0.049612 -0.653290
v 0.055432 0.038344 1.236240
v -0.020700 -0.049612 -0.653290
v 0.048300 -0.035812 -0.653290
v -0.029048 0.038344 1.248240
v 0.031192 -0.073806 1.248240
v 0.048300 -0.049612 -0.653290
v 0.043432 -0.073806 1.248240
v 0.034500 -0.035812 -0.653290
v -0.041048 -0.036340 1.260240
v -0.020700 -0.035812 -0.653290
v -0.034500 -0.049612 -0.653290
v -0.041048 -0.036340 1.248240
v 0.055432 -0.011528 1.248240
v -0.034500 -0.035812 -0.653290
v -0.020700 0.046988 -0.653290
v 0.055432 0.013532 1.248240
v -0.034500 0.046988 -0.653290
v 0.055432 0.025938 1.248240
v -0.017048 0.038344 1.248240
v -0.020700 0.060788 -0.653290
v -0.034500 0.060788 -0.653290
v -0.017048 0.050750 1.248240
v -0.004808 0.063404 1.248240
v -0.020700 -0.049612 -0.667090
v -0.020700 -0.035812 -0.667090
v 0.007192 -0.098866 1.296480
v 0.007192 -0.086212 1.296480
v -0.034500 -0.035812 -0.667090
v -0.029048 -0.061400 1.260240
v 0.048300 0.046988 -0.667090
v 0.043432 -0.073806 1.272480
v 0.034500 0.046988 -0.667090
v 0.055432 -0.048994 1.272480
v -0.020700 0.046988 -0.667090
v 0.055432 -0.036340 1.272480
v -0.034500 0.046988 -0.667090
v -0.041048 -0.036340 1.272480
v 0.034500 0.060788 -0.667090
v 0.055432 -0.011528 1.260240
v -0.020700 0.060788 -0.667090
v -0.034500 -0.049612 -0.667090
v -0.041048 0.000878 1.272480
v -0.041048 0.038344 1.272480
v 0.048300 0.060788 -0.667090
v -0.034500 0.060788 -0.667090
v -0.041048 0.038344 1.284480
v -0.041048 0.000878 1.284480
v 0.006900 0.074588 -0.694690
v -0.029048 0.038344 1.284480
v -0.006900 0.074588 -0.694690
v 0.034500 0.060788 -0.708490
v -0.029048 0.038344 1.272480
v 0.034500 0.074588 -0.708490
v 0.055432 0.025938 1.260240
v 0.006900 0.074588 -0.722290
v 0.055432 0.000878 1.272480
v 0.055432 0.000878 1.284480
v 0.020700 0.060788 -0.722290
v 0.055432 0.025938 1.284480
v 0.020700 0.074588 -0.722290
v 0.055432 0.025938 1.272480
v 0.006900 0.088688 -0.694690
v 0.055432 0.013532 1.272480
v -0.006900 0.088688 -0.694690
v 0.055432 0.013532 1.260240
v 0.034500 -0.049612 -0.722290
v 0.034500 -0.063412 -0.722290
v -0.029048 0.050750 1.248240
v 0.020700 -0.063412 -0.722290
v -0.017048 0.050750 1.272480
v -0.017048 -0.073806 1.272480
v 0.020700 -0.049612 -0.722290
v -0.006900 -0.063412 -0.722290
v 0.055432 -0.061400 1.272480
v -0.006900 -0.049612 -0.722290
v 0.043432 0.038344 1.272480
v -0.020700 -0.063412 -0.722290
v -0.029048 0.050750 1.272480
v -0.020700 -0.049612 -0.722290
v 0.019192 0.063404 1.272480
v -0.020700 -0.035812 -0.722290
v -0.004808 -0.086212 1.284480
v -0.034500 -0.049612 -0.722290
v -0.004808 -0.098866 1.284480
v 0.007192 -0.098866 1.284480
v -0.034500 -0.035812 -0.722290
v 0.006900 0.088688 -0.722290
v 0.007192 -0.086212 1.284480
v -0.020700 -0.049612 -0.736090
v -0.029048 -0.061400 1.308480
v -0.017048 -0.073806 1.308480
v -0.020700 -0.035812 -0.736090
v -0.034500 -0.035812 -0.736090
v 0.043432 -0.073806 1.296480
v 0.043432 -0.061400 1.296480
v 0.020700 0.088688 -0.722290
v 0.055432 -0.073806 1.284480
v -0.034500 -0.049612 -0.736090
v -0.020700 -0.049612 -0.763690
v 0.055432 -0.061400 1.284480
v 0.043432 -0.073806 1.284480
v -0.020700 -0.035812 -0.763690
v -0.034500 -0.049612 -0.763690
v 0.043432 -0.061400 1.284480
v 0.067432 -0.061400 1.272480
v -0.034500 -0.035812 -0.763690
v 0.067432 -0.048994 1.272480
v -0.020700 0.060788 -0.777490
v 0.055432 -0.061400 1.296480
v -0.034500 0.060788 -0.777490
v 0.055432 -0.036340 1.284480
v -0.020700 0.074588 -0.777490
v 0.067432 -0.036340 1.284480
v -0.020700 0.060788 -0.791590
v -0.034500 0.060788 -0.791590
v 0.067432 -0.036340 1.272480
v 0.055432 -0.011528 1.284480
v -0.006900 0.074588 -0.791590
v -0.020700 0.074588 -0.791590
v 0.055432 -0.023934 1.284480
v -0.041048 0.000878 1.296480
v -0.034500 0.074588 -0.791590
v -0.041048 -0.011528 1.296480
v -0.034500 0.074588 -0.777490
v 0.055432 0.038344 1.284480
v -0.006900 0.088688 -0.791590
v 0.020700 -0.049612 -0.805390
v -0.004808 0.050750 1.284480
v 0.020700 -0.063412 -0.805390
v 0.019192 0.050750 1.296480
v 0.006900 -0.063412 -0.805390
v 0.031192 0.050750 1.296480
v 0.006900 -0.049612 -0.805390
v -0.017048 -0.073806 1.296480
v -0.020700 0.060788 -0.805390
v -0.017048 -0.086212 1.296480
v -0.006900 0.074588 -0.805390
v -0.041048 -0.048994 1.296480
v -0.020700 0.074588 -0.805390
v -0.041048 -0.023934 1.296480
v 0.055432 -0.023934 1.296480
v -0.006900 0.088688 -0.805390
v -0.020700 0.088688 -0.805390
v 0.067432 -0.023934 1.296480
v -0.020700 0.088688 -0.791590
v 0.067432 -0.023934 1.284480
v 0.055432 -0.011528 1.296480
v 0.048300 0.060788 -0.819190
v 0.055432 0.013532 1.284480
v -0.020700 0.060788 -0.819190
v -0.034500 0.060788 -0.819190
v -0.029048 0.038344 1.296480
v 0.043432 0.038344 1.296480
v 0.034500 0.074588 -0.819190
v 0.019192 0.063404 1.296480
v 0.020700 0.074588 -0.819190
v -0.006900 0.074588 -0.819190
v 0.007192 -0.086212 1.320720
v -0.017048 -0.086212 1.308480
v -0.020700 0.074588 -0.819190
v 0.043432 -0.061400 1.332720
v 0.020700 0.088688 -0.819190
v 0.055432 -0.061400 1.320720
v -0.006900 0.088688 -0.819190
v -0.041048 -0.011528 1.308480
v 0.006900 -0.049612 -0.832990
v 0.055432 -0.011528 1.308480
v 0.006900 -0.063412 -0.832990
v 0.067432 -0.011528 1.308480
v -0.006900 -0.063412 -0.832990
v -0.006900 -0.049612 -0.832990
v 0.067432 -0.011528 1.296480
v -0.041048 0.000878 1.308480
v -0.034500 0.005588 -0.832990
v 0.055432 0.000878 1.308480
v -0.034500 0.074588 -0.819190
v 0.034500 0.088688 -0.819190
v -0.041048 0.013532 1.308480
v 0.043432 0.038344 1.308480
v -0.020700 0.088688 -0.819190
v 0.055432 0.038344 1.308480
v -0.034500 0.005588 -0.860590
v 0.031192 0.063404 1.296480
v -0.034500 0.019388 -0.860590
v 0.034500 -0.035812 -0.860590
v -0.017048 -0.073806 1.332720
v 0.034500 -0.049612 -0.860590
v -0.017048 -0.086212 1.332720
v -0.017048 -0.086212 1.320720
v -0.020700 -0.049612 -0.860590
v -0.017048 -0.073806 1.320720
v -0.020700 -0.035812 -0.860590
v -0.041048 -0.048994 1.320720
v -0.034500 -0.035812 -0.860590
v -0.034500 -0.008212 -0.860590
v 0.067432 -0.061400 1.320720
v 0.048300 0.033188 -0.860590
v -0.041048 -0.023934 1.320720
v 0.067432 -0.023934 1.320720
v 0.048300 0.060788 -0.860590
v 0.034500 0.060788 -0.860590
v 0.055432 0.000878 1.320720
v 0.020700 0.060788 -0.860590
v 0.067432 0.000878 1.320720
v 0.020700 0.074588 -0.860590
v 0.067432 0.000878 1.308480
v 0.055432 0.013532 1.320720
v -0.020700 0.074588 -0.860590
v -0.034500 0.074588 -0.860590
v 0.043432 0.038344 1.320720
v 0.034500 0.088688 -0.860590
v 0.055432 0.038344 1.320720
v 0.034500 -0.035812 -0.874390
v 0.043432 0.038344 1.332720
v 0.034500 -0.049612 -0.874390
v -0.004808 0.063404 1.320720
v -0.020700 -0.049612 -0.874390
v -0.041048 -0.048994 1.356720
v 0.034500 0.074588 -0.874390
v -0.041048 -0.023934 1.332720
v -0.041048 0.013532 1.332720
v -0.034500 0.074588 -0.874390
v -0.034500 -0.035812 -0.874390
v 0.055432 0.013532 1.332720
v 0.067432 0.013532 1.332720
v 0.048300 0.060788 -0.874390
v 0.067432 0.013532 1.320720
v 0.034500 0.060788 -0.874390
v -0.020700 -0.035812 -0.874390
v 0.055432 0.025938 1.332720
v -0.041048 0.038344 1.332720
v 0.034500 0.088688 -0.874390
v -0.029048 0.038344 1.332720
v -0.006900 0.088688 -0.874390
v -0.017048 0.050750 1.332720
v -0.020700 0.088688 -0.874390
v 0.019192 0.063404 1.332720
v -0.020700 0.074588 -0.874390
v 0.048300 -0.035812 -0.874390
v 0.007192 -0.086212 1.344720
v 0.007192 -0.098866 1.344720
v 0.019192 -0.098866 1.344720
v 0.019192 -0.086212 1.344720
v -0.017048 -0.073806 1.344720
v -0.017048 -0.086212 1.344720
v -0.004808 -0.086212 1.344720
v 0.043432 -0.061400 1.368960
v 0.043432 -0.061400 1.344720
v 0.055432 -0.061400 1.344720
v 0.067432 -0.061400 1.344720
v -0.041048 -0.023934 1.344720
v -0.041048 -0.048994 1.344720
v -0.041048 0.013532 1.344720
v -0.041048 0.025938 1.356720
v -0.041048 0.013532 1.356720
v 0.067432 0.025938 1.332720
v -0.017048 0.050750 1.368960
v -0.004808 0.050750 1.344720
v -0.017048 0.050750 1.344720
v -0.004808 0.063404 1.344720
v -0.004808 -0.086212 1.368960
v -0.004808 -0.073806 1.368960
v 0.067432 -0.061400 1.356720
v 0.067432 -0.036340 1.356720
v 0.055432 0.025938 1.356720
v 0.067432 0.025938 1.356720
v -0.041048 0.038344 1.356720
v 0.055432 0.038344 1.356720
v -0.017048 0.063404 1.344720
v -0.017048 0.063404 1.368960
v -0.004808 0.050750 1.368960
v -0.004808 0.063404 1.368960
v -0.004808 0.063404 1.356720
v -0.017048 -0.073806 1.368960
v -0.017048 -0.086212 1.368960
v 0.019192 -0.086212 1.368960
v -0.041048 -0.048994 1.368960
v 0.067432 -0.061400 1.380960
v 0.067432 -0.048994 1.380960
v 0.067432 -0.048994 1.356720
v 0.055432 -0.061400 1.380960
v 0.067432 0.038344 1.356720
v 0.031192 -0.086212 1.380960
v 0.019192 -0.086212 1.380960
v 0.055432 -0.048994 1.380960
v -0.017048 0.050750 1.380960
v -0.004808 0.050750 1.380960
v -0.004808 0.063404 1.380960
v 0.007192 0.063404 1.380960
v 0.019192 0.063404 1.380960
v -0.029048 -0.061400 1.392960
v -0.029048 -0.073806 1.392960
v -0.017048 -0.073806 1.392960
v -0.017048 -0.061400 1.392960
v 0.067432 -0.048994 1.404960
v 0.067432 -0.036340 1.404960
v 0.067432 -0.023934 1.392960
v -0.041048 -0.011528 1.392960
v 0.067432 0.000878 1.392960
v -0.041048 0.038344 1.392960
v -0.029048 0.038344 1.392960
v 0.043432 0.038344 1.392960
v 0.055432 0.038344 1.392960
v 0.031192 0.050750 1.392960
v 0.043432 0.050750 1.392960
v -0.017048 0.063404 1.380960
v 0.007192 0.075810 1.380960
v 0.007192 0.075810 1.404960
v 0.007192 0.063404 1.404960
v 0.019192 0.075810 1.380960
v 0.019192 -0.086212 1.417200
v 0.019192 -0.073806 1.417200
v -0.017048 -0.061400 1.404960
v -0.017048 -0.073806 1.404960
v -0.041048 -0.048994 1.404960
v -0.029048 -0.061400 1.404960
v -0.029048 -0.048994 1.404960
v -0.041048 -0.036340 1.404960
v -0.041048 -0.011528 1.404960
v 0.067432 -0.011528 1.404960
v 0.067432 -0.011528 1.392960
v -0.041048 0.038344 1.417200
v -0.029048 0.038344 1.404960
v -0.029048 0.038344 1.417200
v 0.067432 0.025938 1.404960
v 0.055432 0.038344 1.404960
v 0.055432 0.050750 1.392960
v 0.031192 0.050750 1.429200
v -0.004808 -0.073806 1.417200
v 0.031192 -0.086212 1.417200
v 0.031192 -0.073806 1.417200
v -0.029048 -0.073806 1.404960
v -0.029048 -0.061400 1.417200
v -0.029048 -0.073806 1.417200
v -0.017048 -0.073806 1.417200
v -0.017048 -0.061400 1.417200
v -0.041048 -0.048994 1.417200
v -0.041048 -0.061400 1.417200
v -0.029048 -0.048994 1.417200
v -0.041048 -0.036340 1.429200
v -0.041048 -0.048994 1.429200
v 0.067432 -0.048994 1.417200
v -0.041048 -0.011528 1.417200
v 0.067432 -0.011528 1.417200
v -0.041048 0.000878 1.404960
v -0.041048 0.000878 1.429200
v -0.041048 -0.011528 1.429200
v -0.041048 0.000878 1.417200
v 0.067432 0.025938 1.417200
v 0.055432 0.038344 1.429200
v 0.067432 0.025938 1.429200
v 0.067432 0.038344 1.429200
v -0.029048 0.038344 1.429200
v 0.031192 0.050750 1.417200
v 0.055432 0.038344 1.417200
v 0.055432 0.050750 1.417200
v -0.004808 0.063404 1.417200
v 0.007192 0.063404 1.417200
v 0.007192 0.075810 1.417200
v 0.007192 0.075810 1.429200
v -0.041048 -0.023934 1.429200
v 0.067432 -0.011528 1.429200
v 0.067432 0.013532 1.429200
v -0.041048 0.013532 1.429200
v 0.055432 0.050750 1.429200
v -0.004808 0.075810 1.417200
v -0.004808 -0.073806 1.453200
v 0.007192 -0.086212 1.453200
v 0.019192 -0.086212 1.453200
v 0.019192 -0.073806 1.441200
v 0.055432 -0.048994 1.441200
v 0.067432 -0.036340 1.441200
v 0.067432 -0.011528 1.441200
v 0.067432 0.000878 1.441200
v 0.067432 0.000878 1.429200
v -0.041048 0.013532 1.453200
v -0.041048 0.000878 1.453200
v 0.055432 0.038344 1.453200
v 0.055432 0.038344 1.465440
v 0.067432 0.013532 1.453200
v 0.067432 0.038344 1.453200
v 0.067432 0.025938 1.453200
v 0.067432 0.038344 1.465440
v 0.043432 0.050750 1.429200
v -0.004808 0.063404 1.441200
v -0.004808 0.075810 1.441200
v 0.055432 -0.048994 1.453200
v 0.067432 -0.048994 1.453200
v -0.041048 -0.023934 1.453200
v 0.067432 0.000878 1.453200
v -0.041048 0.013532 1.465440
v -0.041048 0.038344 1.465440
v -0.029048 0.038344 1.465440
v 0.031192 0.050750 1.465440
v -0.004808 -0.073806 1.465440
v -0.029048 -0.061400 1.465440
v 0.067432 -0.036340 1.465440
v 0.067432 -0.011528 1.465440
v -0.041048 0.000878 1.477440
v -0.041048 -0.011528 1.477440
v 0.067432 0.000878 1.465440
v 0.067432 0.000878 1.477440
v 0.067432 0.025938 1.477440
v -0.029048 0.050750 1.465440
v -0.004808 -0.073806 1.489440
v -0.004808 -0.086212 1.489440
v 0.007192 -0.086212 1.489440
v 0.007192 -0.073806 1.489440
v -0.004808 -0.073806 1.477440
v 0.031192 -0.073806 1.477440
v 0.031192 -0.061400 1.477440
v 0.043432 -0.073806 1.477440
v 0.043432 -0.061400 1.477440
v -0.041048 -0.048994 1.477440
v -0.041048 -0.061400 1.477440
v -0.029048 -0.061400 1.477440
v -0.029048 -0.048994 1.477440
v -0.029048 -0.061400 1.489440
v -0.029048 -0.048994 1.489440
v -0.041048 -0.036340 1.477440
v 0.067432 -0.036340 1.477440
v -0.041048 -0.023934 1.477440
v -0.041048 0.038344 1.477440
v -0.041048 0.038344 1.489440
v -0.041048 -0.011528 1.489440
v -0.041048 0.000878 1.489440
v -0.041048 0.050750 1.465440
v -0.017048 0.050750 1.489440
v -0.029048 0.050750 1.489440
v 0.031192 0.050750 1.477440
v 0.043432 0.050750 1.477440
v -0.004808 0.063404 1.477440
v 0.031192 0.063404 1.477440
v -0.004808 -0.073806 1.501440
v 0.043432 -0.061400 1.501440
v 0.043432 -0.048994 1.501440
v 0.055432 -0.061400 1.489440
v 0.055432 -0.048994 1.489440
v 0.043432 -0.061400 1.489440
v 0.043432 -0.048994 1.489440
v -0.041048 -0.048994 1.489440
v 0.067432 -0.048994 1.489440
v 0.067432 -0.036340 1.489440
v 0.067432 0.000878 1.489440
v 0.067432 0.025938 1.489440
v 0.067432 0.025938 1.501440
v -0.041048 0.038344 1.525680
v -0.029048 0.050750 1.525680
v -0.017048 0.063404 1.489440
v 0.043432 0.063404 1.477440
v -0.041048 -0.023934 1.501440
v -0.041048 0.013532 1.489440
v 0.067432 0.013532 1.513680
v 0.067432 0.013532 1.489440
v 0.067432 0.013532 1.501440
v -0.029048 0.050750 1.513680
v -0.029048 0.063404 1.489440
v -0.017048 0.063404 1.501440
v -0.004808 0.063404 1.501440
v -0.041048 -0.048994 1.513680
v 0.067432 0.025938 1.513680
v 0.055432 0.038344 1.513680
v 0.067432 0.038344 1.513680
v -0.029048 0.063404 1.513680
v -0.017048 0.050750 1.513680
v -0.017048 0.063404 1.513680
v -0.004808 0.063404 1.525680
v -0.017048 0.050750 1.525680
v -0.017048 0.063404 1.525680
v 0.031192 0.063404 1.513680
v -0.004808 0.063404 1.513680
v 0.019192 0.063404 1.525680
v 0.019192 0.075810 1.525680
v 0.007192 0.075810 1.525680
v 0.019192 -0.073806 1.525680
v -0.041048 -0.023934 1.525680
v -0.041048 0.000878 1.525680
v 0.067432 0.000878 1.525680
v -0.041048 0.013532 1.525680
v 0.067432 0.013532 1.525680
v -0.041048 0.025938 1.525680
v 0.067432 0.025938 1.561920
v 0.067432 0.038344 1.561920
v 0.067432 0.050750 1.549680
v 0.067432 0.038344 1.525680
v 0.055432 0.038344 1.525680
v 0.055432 0.050750 1.525680
v 0.031192 0.063404 1.525680
v 0.031192 0.063404 1.537680
v -0.004808 0.075810 1.525680
v 0.007192 -0.073806 1.537680
v 0.007192 -0.086212 1.537680
v 0.019192 -0.086212 1.537680
v 0.019192 -0.073806 1.537680
v -0.017048 -0.061400 1.537680
v -0.017048 -0.073806 1.537680
v -0.004808 -0.073806 1.537680
v -0.004808 -0.061400 1.537680
v 0.019192 -0.073806 1.549680
v 0.067432 -0.048994 1.537680
v 0.067432 -0.036340 1.537680
v 0.067432 0.000878 1.537680
v 0.067432 0.000878 1.549680
v 0.067432 0.013532 1.549680
v -0.041048 0.025938 1.537680
v 0.067432 0.013532 1.537680
v 0.067432 0.025938 1.537680
v -0.041048 0.025938 1.549680
v -0.041048 0.038344 1.573920
v -0.041048 0.038344 1.561920
v 0.055432 0.050750 1.561920
v 0.055432 0.050750 1.549680
v 0.067432 0.050750 1.525680
v -0.029048 0.063404 1.525680
v 0.031192 0.075810 1.525680
v -0.004808 -0.061400 1.549680
v -0.017048 -0.061400 1.561920
v -0.017048 -0.061400 1.549680
v -0.041048 -0.048994 1.549680
v -0.017048 0.063404 1.549680
v -0.004808 0.063404 1.549680
v -0.004808 0.075810 1.549680
v 0.055432 -0.048994 1.561920
v 0.055432 -0.036340 1.561920
v 0.067432 -0.048994 1.561920
v 0.067432 -0.036340 1.561920
v -0.041048 0.000878 1.561920
v 0.067432 0.013532 1.561920
v 0.031192 0.063404 1.561920
v -0.017048 0.075810 1.549680
v 0.019192 0.075810 1.561920
v 0.031192 0.075810 1.561920
v 0.067432 -0.036340 1.573920
v 0.067432 -0.011528 1.573920
v 0.067432 0.013532 1.573920
v 0.067432 0.025938 1.573920
v 0.043432 0.050750 1.573920
v 0.067432 0.050750 1.573920
v 0.019192 0.075810 1.585920
v -0.029048 -0.048994 1.597920
v -0.029048 -0.061400 1.597920
v -0.017048 -0.061400 1.597920
v -0.017048 -0.048994 1.597920
v 0.067432 0.000878 1.573920
v -0.041048 0.013532 1.585920
v -0.041048 0.025938 1.585920
v 0.067432 0.050750 1.610160
v 0.067432 0.050750 1.585920
v -0.041048 0.050750 1.585920
v -0.029048 0.050750 1.585920
v 0.043432 0.050750 1.585920
v 0.007192 0.075810 1.585920
v 0.019192 -0.073806 1.597920
v 0.019192 -0.061400 1.597920
v 0.031192 -0.073806 1.597920
v 0.031192 -0.061400 1.597920
v 0.067432 0.013532 1.597920
v -0.041048 0.025938 1.597920
v -0.041048 0.025938 1.610160
v 0.043432 0.050750 1.597920
v 0.067432 0.050750 1.597920
v 0.055432 0.050750 1.610160
v 0.043432 0.050750 1.610160
v 0.043432 0.063404 1.610160
v 0.007192 0.088216 1.585920
v 0.019192 0.088216 1.585920
v 0.019192 -0.061400 1.610160
v 0.031192 -0.061400 1.610160
v -0.041048 -0.011528 1.610160
v -0.041048 0.013532 1.610160
v 0.067432 0.013532 1.610160
v 0.067432 0.025938 1.610160
v 0.031192 -0.061400 1.634160
v -0.041048 0.000878 1.610160
v -0.041048 0.000878 1.622160
v -0.041048 0.000878 1.634160
v 0.067432 0.013532 1.634160
v 0.067432 0.025938 1.634160
v -0.029048 0.050750 1.622160
v 0.067432 0.038344 1.634160
v -0.017048 0.063404 1.622160
v 0.055432 0.063404 1.610160
v -0.017048 0.075810 1.622160
v 0.007192 0.075810 1.622160
v -0.041048 -0.023934 1.634160
v 0.067432 -0.023934 1.634160
v -0.041048 0.038344 1.634160
v -0.041048 0.050750 1.634160
v -0.029048 0.050750 1.634160
v -0.029048 0.050750 1.646160
v -0.017048 0.063404 1.646160
v -0.017048 0.075810 1.646160
v 0.007192 0.063404 1.634160
v -0.004808 0.063404 1.634160
v 0.007192 0.075810 1.634160
v -0.017048 0.075810 1.634160
v -0.004808 0.075810 1.634160
v -0.004808 0.075810 1.646160
v 0.019192 0.075810 1.634160
v 0.007192 0.088216 1.634160
v 0.019192 0.088216 1.634160
v 0.031192 -0.061400 1.658400
v 0.031192 -0.048994 1.658400
v 0.043432 -0.061400 1.646160
v 0.043432 -0.048994 1.646160
v 0.031192 -0.061400 1.646160
v 0.031192 -0.048994 1.646160
v 0.055432 -0.036340 1.646160
v -0.041048 -0.023934 1.646160
v 0.067432 -0.023934 1.646160
v 0.067432 0.025938 1.646160
v 0.055432 0.050750 1.646160
v 0.067432 0.050750 1.646160
v 0.019192 0.075810 1.646160
v -0.004808 0.088216 1.634160
v -0.004808 0.088216 1.646160
v 0.019192 0.088216 1.646160
v -0.041048 -0.036340 1.658400
v -0.041048 -0.048994 1.658400
v -0.029048 -0.048994 1.658400
v -0.029048 -0.036340 1.658400
v 0.055432 -0.036340 1.658400
v -0.041048 -0.023934 1.658400
v 0.067432 -0.023934 1.658400
v 0.067432 0.000878 1.658400
v -0.041048 0.000878 1.670400
v -0.041048 -0.011528 1.670400
v 0.055432 0.050750 1.658400
v 0.067432 0.050750 1.658400
v 0.019192 0.075810 1.670400
v 0.031192 0.063404 1.670400
v 0.031192 0.075810 1.670400
v 0.019192 0.075810 1.658400
v -0.041048 0.013532 1.670400
v 0.055432 0.050750 1.670400
v 0.067432 0.050750 1.670400
v 0.043432 0.063404 1.670400
v 0.007192 0.088216 1.670400
v -0.004808 -0.061400 1.682400
v -0.004808 -0.073806 1.682400
v 0.007192 -0.073806 1.682400
v 0.007192 -0.061400 1.682400
v -0.004808 -0.048994 1.682400
v -0.029048 -0.036340 1.682400
v -0.041048 -0.036340 1.682400
v -0.041048 -0.011528 1.682400
v -0.041048 0.013532 1.682400
v 0.055432 0.050750 1.682400
v 0.043432 0.075810 1.670400
v -0.004808 0.088216 1.682400
v 0.007192 0.088216 1.682400
v 0.007192 0.088216 1.694400
v 0.007192 -0.061400 1.694400
v -0.017048 -0.048994 1.706640
v -0.004808 -0.061400 1.706640
v 0.007192 -0.048994 1.682400
v -0.004808 -0.061400 1.694400
v -0.029048 -0.036340 1.694400
v 0.043432 -0.048994 1.694400
v 0.043432 -0.036340 1.694400
v 0.055432 -0.048994 1.694400
v 0.055432 -0.036340 1.694400
v -0.041048 -0.036340 1.694400
v -0.041048 0.013532 1.694400
v 0.067432 0.013532 1.694400
v 0.067432 0.025938 1.694400
v 0.067432 0.038344 1.694400
v 0.067432 0.050750 1.694400
v 0.007192 -0.061400 1.718640
v 0.007192 -0.073806 1.718640
v 0.019192 -0.073806 1.718640
v 0.019192 -0.061400 1.718640
v 0.067432 -0.023934 1.706640
v 0.067432 0.000878 1.706640
v -0.041048 0.050750 1.706640
v -0.029048 0.050750 1.706640
v -0.029048 0.063404 1.706640
v -0.004808 0.088216 1.706640
v 0.007192 0.088216 1.706640
v 0.007192 -0.048994 1.718640
v 0.055432 0.050750 1.730640
v 0.067432 0.050750 1.730640
v -0.041048 0.063404 1.706640
v 0.019192 0.075810 1.718640
v 0.031192 0.075810 1.718640
v 0.007192 0.088216 1.718640
v 0.019192 0.088216 1.718640
v 0.067432 0.000878 1.730640
v -0.041048 0.013532 1.730640
v 0.067432 0.013532 1.730640
v -0.041048 0.025938 1.730640
v -0.041048 0.038344 1.730640
v -0.041048 0.063404 1.730640
v -0.029048 0.063404 1.730640
v -0.017048 0.063404 1.730640
v 0.055432 0.063404 1.730640
v -0.017048 0.075810 1.730640
v -0.004808 0.088216 1.742640
v 0.007192 0.088216 1.742640
v 0.031192 0.088216 1.718640
v -0.017048 -0.048994 1.742640
v -0.017048 -0.061400 1.742640
v -0.004808 -0.061400 1.742640
v -0.004808 -0.048994 1.742640
v 0.019192 -0.061400 1.742640
v 0.031192 -0.048994 1.742640
v 0.067432 0.000878 1.742640
v -0.041048 0.013532 1.754880
v 0.067432 0.038344 1.742640
v 0.067432 0.063404 1.730640
v -0.029048 0.075810 1.730640
v 0.019192 0.088216 1.754880
v 0.007192 0.088216 1.754880
v -0.004808 -0.061400 1.754880
v 0.019192 -0.061400 1.754880
v 0.019192 -0.061400 1.766880
v 0.055432 -0.036340 1.754880
v 0.055432 -0.023934 1.754880
v 0.067432 -0.036340 1.754880
v 0.067432 -0.023934 1.754880
v -0.041048 0.013532 1.766880
v -0.041048 0.000878 1.766880
v 0.067432 0.013532 1.766880
v -0.004808 -0.048994 1.766880
v 0.007192 -0.061400 1.766880
v -0.029048 -0.036340 1.766880
v -0.029048 -0.048994 1.766880
v -0.017048 -0.048994 1.766880
v -0.017048 -0.036340 1.766880
v -0.017048 0.075810 1.766880
v -0.004808 0.075810 1.766880
v -0.004808 0.088216 1.766880
v -0.004808 -0.061400 1.778880
v 0.007192 -0.061400 1.778880
v 0.007192 -0.061400 1.803120
v 0.019192 -0.061400 1.803120
v 0.019192 -0.048994 1.803120
v 0.031192 -0.061400 1.778880
v 0.031192 -0.048994 1.778880
v 0.019192 -0.061400 1.778880
v 0.019192 -0.048994 1.778880
v 0.067432 -0.011528 1.778880
v 0.067432 0.000878 1.778880
v 0.067432 0.063404 1.778880
v -0.017048 0.088216 1.766880
v 0.007192 0.088216 1.778880
v 0.019192 0.088216 1.778880
v -0.004808 -0.048994 1.803120
v -0.004808 -0.061400 1.803120
v -0.041048 -0.023934 1.790880
v -0.041048 -0.036340 1.790880
v -0.029048 -0.036340 1.790880
v -0.029048 -0.023934 1.790880
v 0.055432 -0.023934 1.790880
v 0.067432 -0.023934 1.790880
v 0.067432 -0.011528 1.790880
v 0.067432 -0.011528 1.803120
v 0.067432 0.000878 1.803120
v -0.041048 0.013532 1.790880
v 0.067432 0.000878 1.790880
v 0.067432 0.013532 1.790880
v 0.043432 0.063404 1.790880
v 0.055432 0.063404 1.790880
v 0.031192 0.075810 1.790880
v 0.043432 0.075810 1.790880
v 0.007192 0.100622 1.778880
v 0.019192 0.100622 1.778880
v 0.055432 0.063404 1.803120
v 0.031192 0.075810 1.815120
v 0.055432 0.075810 1.790880
v 0.055432 0.075810 1.803120
v 0.031192 0.075810 1.803120
v -0.004808 0.088216 1.803120
v 0.007192 0.088216 1.803120
v 0.007192 0.100622 1.803120
v -0.029048 0.063404 1.815120
v 0.055432 0.063404 1.815120
v 0.055432 0.075810 1.815120
v -0.004808 0.100622 1.803120
v 0.031192 -0.048994 1.827120
v 0.031192 -0.036340 1.827120
v 0.043432 -0.048994 1.827120
v 0.043432 -0.036340 1.827120
v 0.067432 -0.011528 1.827120
v 0.067432 0.000878 1.827120
v 0.067432 0.025938 1.827120
v 0.055432 0.063404 1.827120
v 0.031192 0.075810 1.827120
v 0.055432 0.075810 1.827120
v 0.043432 0.075810 1.827120
v -0.004808 0.088216 1.827120
v 0.031192 0.088216 1.827120
v 0.007192 0.100622 1.827120
v -0.004808 -0.048994 1.839120
v -0.004808 -0.061400 1.839120
v 0.007192 -0.061400 1.839120
v 0.007192 -0.048994 1.839120
v 0.043432 -0.036340 1.839120
v 0.043432 -0.023934 1.839120
v 0.055432 -0.036340 1.839120
v 0.055432 -0.023934 1.839120
v -0.041048 0.013532 1.839120
v -0.041048 0.025938 1.839120
v -0.041048 0.050750 1.839120
v -0.041048 0.063404 1.839120
v -0.029048 0.063404 1.839120
v -0.029048 0.075810 1.839120
v 0.043432 0.075810 1.839120
v 0.031192 0.075810 1.839120
v 0.031192 0.088216 1.839120
v 0.043432 0.088216 1.839120
v 0.043432 0.088216 1.827120
v -0.004808 0.100622 1.839120
v 0.007192 0.100622 1.839120
v 0.019192 0.088216 1.851360
v 0.019192 0.100622 1.851360
v 0.007192 0.100622 1.851360
v -0.017048 -0.036340 1.851360
v -0.017048 -0.048994 1.851360
v -0.004808 -0.048994 1.851360
v -0.004808 -0.036340 1.851360
v -0.029048 -0.023934 1.851360
v -0.041048 -0.011528 1.851360
v -0.041048 0.000878 1.851360
v -0.041048 0.013532 1.851360
v -0.041048 0.050750 1.851360
v 0.067432 0.025938 1.851360
v 0.067432 0.063404 1.851360
v -0.041048 0.075810 1.839120
v 0.031192 0.075810 1.851360
v 0.043432 0.075810 1.851360
v -0.004808 0.088216 1.851360
v 0.031192 0.088216 1.851360
v -0.004808 0.100622 1.851360
v 0.007192 -0.048994 1.875360
v 0.007192 -0.061400 1.875360
v 0.019192 -0.061400 1.875360
v 0.019192 -0.048994 1.875360
v -0.041048 -0.011528 1.875360
v -0.041048 -0.011528 1.863360
v -0.041048 0.025938 1.851360
v 0.067432 0.025938 1.863360
v 0.067432 0.038344 1.875360
v 0.067432 0.050750 1.875360
v -0.029048 0.075810 1.863360
v -0.004808 0.088216 1.863360
v 0.019192 0.088216 1.863360
v 0.043432 0.088216 1.851360
v -0.004808 0.100622 1.863360
v 0.019192 0.088216 1.875360
v 0.019192 0.100622 1.863360
v 0.019192 0.100622 1.875360
v 0.007192 0.100622 1.875360
v -0.004808 -0.036340 1.875360
v -0.004808 -0.048994 1.875360
v -0.017048 -0.036340 1.875360
v 0.067432 0.000878 1.875360
v -0.041048 0.038344 1.875360
v 0.055432 0.063404 1.875360
v -0.041048 0.075810 1.887360
v -0.029048 0.075810 1.887360
v -0.017048 0.075810 1.875360
v -0.029048 0.075810 1.875360
v -0.017048 0.088216 1.875360
v 0.031192 0.088216 1.875360
v -0.004808 0.100622 1.875360
v -0.017048 -0.048994 1.875360
v -0.017048 -0.036340 1.887360
v -0.017048 -0.048994 1.887360
v -0.004808 -0.048994 1.887360
v -0.004808 -0.036340 1.887360
v -0.029048 -0.023934 1.887360
v -0.029048 -0.036340 1.887360
v -0.017048 -0.023934 1.887360
v -0.041048 -0.011528 1.887360
v -0.041048 -0.023934 1.887360
v 0.067432 -0.023934 1.887360
v -0.041048 0.038344 1.899600
v -0.029048 0.088216 1.875360
v -0.004808 0.100622 1.899600
v 0.007192 0.100622 1.899600
v 0.031192 0.100622 1.899600
v 0.031192 0.100622 1.875360
v 0.019192 0.100622 1.899600
v 0.055432 -0.023934 1.899600
v 0.055432 -0.011528 1.899600
v 0.067432 -0.023934 1.899600
v 0.067432 0.000878 1.899600
v 0.067432 -0.011528 1.899600
v 0.055432 0.063404 1.899600
v 0.067432 0.063404 1.899600
v 0.055432 0.075810 1.899600
v -0.004808 0.088216 1.911600
v 0.019192 0.100622 1.911600
v 0.007192 0.100622 1.911600
v 0.019192 -0.048994 1.911600
v 0.019192 -0.036340 1.911600
v 0.031192 -0.048994 1.911600
v 0.031192 -0.036340 1.911600
v -0.041048 0.038344 1.911600
v 0.067432 0.075810 1.899600
v -0.041048 0.000878 1.923600
v -0.041048 0.013532 1.923600
v -0.041048 0.025938 1.923600
v -0.041048 0.038344 1.923600
v -0.004808 0.100622 1.923600
v -0.017048 -0.023934 1.935600
v 0.031192 -0.036340 1.935600
v 0.031192 -0.023934 1.935600
v 0.043432 -0.036340 1.935600
v 0.043432 -0.023934 1.935600
v -0.029048 -0.023934 1.935600
v -0.041048 0.000878 1.947840
v -0.041048 0.000878 1.935600
v 0.067432 0.025938 1.935600
v 0.067432 0.050750 1.935600
v 0.043432 0.075810 1.935600
v 0.055432 0.075810 1.935600
v 0.031192 0.088216 1.935600
v 0.043432 0.088216 1.935600
v -0.017048 0.100622 1.923600
v -0.017048 0.100622 1.935600
v 0.031192 0.100622 1.935600
v -0.041048 -0.011528 1.959840
v -0.041048 -0.023934 1.959840
v -0.029048 -0.023934 1.959840
v 0.031192 -0.023934 1.959840
v 0.043432 -0.023934 1.959840
v 0.067432 0.013532 1.947840
v 0.067432 0.025938 1.947840
v 0.067432 0.025938 1.959840
v 0.067432 0.050750 1.959840
v 0.067432 0.050750 1.947840
v 0.055432 0.075810 1.947840
v 0.067432 0.075810 1.947840
v -0.017048 0.088216 1.947840
v 0.031192 0.088216 1.947840
v 0.055432 0.088216 1.935600
v 0.055432 0.088216 1.947840
v -0.017048 0.100622 1.947840
v 0.007192 0.100622 1.947840
v 0.019192 0.100622 1.947840
v -0.029048 -0.011528 1.959840
v 0.043432 0.088216 1.959840
v 0.007192 0.113276 1.947840
v 0.019192 0.113276 1.947840
v -0.004808 -0.036340 1.971840
v -0.017048 -0.023934 1.971840
v -0.017048 -0.036340 1.971840
v -0.004808 -0.023934 1.971840
v -0.029048 -0.011528 1.971840
v 0.067432 0.025938 1.971840
v 0.067432 0.050750 1.971840
v -0.017048 0.088216 1.971840
v 0.031192 0.088216 1.971840
v 0.043432 0.088216 1.971840
v 0.055432 0.075810 1.983840
v 0.043432 0.088216 1.983840
v -0.004808 0.100622 1.971840
v 0.007192 0.100622 1.971840
v 0.031192 0.100622 1.971840
v 0.007192 0.113276 1.971840
v -0.004808 -0.036340 1.983840
v -0.004808 -0.048994 1.983840
v 0.007192 -0.048994 1.983840
v 0.007192 -0.036340 1.983840
v 0.067432 0.025938 1.996080
v -0.041048 0.038344 1.983840
v -0.041048 0.063404 1.983840
v -0.041048 0.050750 1.983840
v -0.041048 0.075810 1.983840
v -0.029048 0.075810 1.983840
v -0.029048 0.088216 1.983840
v -0.017048 0.088216 1.983840
v -0.017048 0.088216 1.996080
v -0.004808 0.100622 1.996080
v 0.043432 0.100622 1.971840
v -0.004808 0.113276 1.971840
v 0.043432 -0.023934 2.008080
v 0.043432 -0.011528 2.008080
v 0.055432 -0.023934 2.008080
v 0.055432 -0.011528 2.008080
v 0.067432 -0.011528 1.996080
v 0.067432 0.000878 1.996080
v 0.067432 0.075810 1.996080
v -0.041048 0.088216 1.983840
v -0.041048 0.088216 1.996080
v 0.019192 0.100622 2.008080
v 0.043432 0.088216 2.008080
v 0.043432 0.100622 2.008080
v 0.007192 0.113276 1.996080
v 0.019192 0.113276 1.996080
v 0.007192 -0.036340 2.008080
v 0.007192 -0.048994 2.008080
v 0.019192 -0.048994 2.008080
v 0.019192 -0.036340 2.008080
v 0.007192 -0.023934 2.008080
v 0.019192 -0.023934 2.008080
v 0.067432 -0.011528 2.008080
v 0.067432 0.000878 2.008080
v -0.041048 0.013532 2.008080
v 0.067432 0.000878 2.020080
v 0.067432 0.025938 2.020080
v 0.067432 0.025938 2.008080
v -0.029048 0.088216 1.996080
v -0.029048 0.088216 2.008080
v 0.019192 0.100622 2.020080
v -0.041048 0.000878 2.020080
v -0.041048 0.013532 2.020080
v -0.041048 0.050750 2.032080
v -0.029048 0.088216 2.032080
v -0.017048 0.088216 2.020080
v -0.029048 0.088216 2.020080
v 0.043432 0.088216 2.020080
v 0.043432 0.100622 2.020080
v 0.019192 -0.036340 2.032080
v 0.019192 -0.023934 2.032080
v 0.031192 -0.036340 2.032080
v 0.031192 -0.023934 2.032080
v -0.029048 -0.011528 2.032080
v -0.041048 0.013532 2.068320
v 0.067432 0.038344 2.032080
v 0.067432 0.050750 2.032080
v -0.041048 0.063404 2.032080
v 0.067432 0.063404 2.032080
v 0.055432 0.075810 2.032080
v 0.067432 0.075810 2.032080
v 0.055432 0.088216 2.032080
v 0.031192 0.100622 2.020080
v 0.043432 0.088216 2.068320
v 0.031192 0.100622 2.068320
v 0.019192 0.100622 2.044320
v 0.019192 0.113276 2.044320
v -0.004808 -0.023934 2.044320
v 0.007192 -0.036340 2.044320
v -0.029048 -0.011528 2.044320
v -0.029048 -0.023934 2.044320
v 0.019192 -0.023934 2.080320
v 0.031192 -0.023934 2.080320
v 0.043432 -0.011528 2.044320
v -0.029048 -0.011528 2.056320
v 0.067432 0.063404 2.056320
v -0.041048 0.063404 2.056320
v -0.041048 0.075810 2.044320
v -0.041048 0.063404 2.044320
v 0.067432 0.075810 2.044320
v -0.029048 0.088216 2.044320
v -0.017048 0.088216 2.044320
v 0.043432 0.088216 2.044320
v 0.055432 0.088216 2.044320
v 0.067432 0.075810 2.056320
v 0.067432 0.088216 2.032080
v 0.055432 0.088216 2.056320
v -0.017048 0.100622 2.044320
v 0.031192 0.100622 2.044320
v -0.004808 -0.023934 2.068320
v -0.004808 -0.036340 2.068320
v 0.007192 -0.036340 2.068320
v 0.007192 -0.023934 2.068320
v 0.019192 -0.023934 2.092560
v 0.007192 -0.036340 2.092560
v 0.007192 -0.023934 2.092560
v -0.029048 -0.023934 2.056320
v -0.004808 -0.023934 2.056320
v -0.017048 -0.011528 2.056320
v -0.017048 -0.023934 2.056320
v -0.041048 0.038344 2.056320
v -0.041048 0.075810 2.068320
v -0.029048 0.100622 2.044320
v -0.004808 0.100622 2.056320
v 0.019192 0.113276 2.056320
v 0.031192 0.113276 2.044320
v -0.004808 -0.023934 2.080320
v -0.029048 -0.011528 2.068320
v 0.055432 -0.011528 2.068320
v 0.055432 0.000878 2.068320
v 0.067432 -0.011528 2.068320
v 0.067432 0.000878 2.068320
v -0.041048 0.038344 2.068320
v -0.041048 0.050750 2.068320
v 0.067432 0.063404 2.068320
v 0.019192 0.113276 2.080320
v 0.031192 0.113276 2.068320
v 0.019192 0.113276 2.068320
v -0.041048 -0.011528 2.080320
v -0.029048 -0.011528 2.080320
v -0.029048 -0.011528 2.092560
v -0.041048 0.050750 2.104560
v -0.041048 0.038344 2.104560
v -0.041048 0.063404 2.092560
v -0.041048 0.050750 2.092560
v 0.067432 0.063404 2.104560
v 0.067432 0.075810 2.104560
v -0.017048 0.100622 2.080320
v 0.031192 0.100622 2.080320
v -0.041048 -0.011528 2.092560
v -0.041048 0.038344 2.092560
v 0.067432 0.063404 2.092560
v -0.041048 0.075810 2.092560
v 0.043432 0.088216 2.092560
v 0.055432 0.088216 2.092560
v -0.017048 0.100622 2.104560
v -0.017048 0.100622 2.092560
v 0.043432 0.100622 2.092560
v -0.004808 0.113276 2.092560
v -0.017048 -0.011528 2.104560
v -0.017048 -0.023934 2.104560
v 0.031192 -0.023934 2.104560
v 0.031192 -0.011528 2.104560
v 0.043432 -0.023934 2.104560
v 0.043432 -0.011528 2.104560
v -0.041048 0.000878 2.104560
v -0.041048 -0.011528 2.104560
v -0.029048 -0.011528 2.104560
v -0.029048 0.000878 2.104560
v 0.067432 0.038344 2.104560
v -0.041048 0.075810 2.104560
v -0.041048 0.075810 2.116560
v 0.055432 0.088216 2.104560
v 0.067432 0.088216 2.104560
v 0.031192 0.100622 2.104560
v 0.055432 0.100622 2.104560
v 0.055432 0.100622 2.092560
v -0.017048 0.113276 2.092560
v -0.017048 0.113276 2.116560
v -0.017048 0.100622 2.116560
v -0.004808 0.113276 2.116560
v 0.007192 0.113276 2.104560
v 0.007192 0.113276 2.116560
v 0.019192 0.113276 2.104560
v -0.017048 -0.011528 2.140800
v -0.017048 -0.023934 2.140800
v -0.004808 -0.023934 2.140800
v -0.029048 0.000878 2.116560
v -0.029048 -0.011528 2.116560
v 0.043432 -0.011528 2.116560
v 0.055432 -0.011528 2.116560
v -0.041048 0.000878 2.116560
v -0.041048 0.013532 2.128560
v 0.067432 0.050750 2.104560
v -0.041048 0.063404 2.104560
v 0.031192 0.100622 2.128560
v 0.031192 0.088216 2.128560
v 0.055432 0.088216 2.128560
v 0.055432 0.100622 2.128560
v 0.019192 0.113276 2.116560
v 0.007192 0.125682 2.104560
v 0.007192 0.125682 2.116560
v 0.019192 0.125682 2.104560
v 0.031192 -0.011528 2.128560
v -0.041048 -0.011528 2.116560
v -0.041048 0.000878 2.128560
v -0.041048 -0.011528 2.128560
v -0.029048 -0.011528 2.128560
v -0.029048 0.000878 2.128560
v 0.043432 -0.011528 2.128560
v 0.055432 0.000878 2.140800
v 0.043432 -0.011528 2.140800
v 0.067432 0.013532 2.128560
v -0.041048 0.075810 2.140800
v -0.041048 0.088216 2.128560
v -0.041048 0.075810 2.128560
v -0.029048 0.088216 2.128560
v 0.067432 0.088216 2.128560
v -0.029048 0.100622 2.128560
v -0.017048 0.100622 2.128560
v 0.043432 0.100622 2.128560
v 0.043432 0.088216 2.128560
v -0.017048 0.113276 2.128560
v 0.007192 0.113276 2.128560
v -0.004808 0.113276 2.128560
v 0.019192 0.113276 2.128560
v 0.031192 0.113276 2.128560
v 0.007192 0.125682 2.128560
v 0.019192 0.113276 2.140800
v 0.007192 0.125682 2.140800
v 0.007192 -0.023934 2.140800
v 0.007192 -0.036340 2.140800
v 0.019192 -0.036340 2.140800
v 0.019192 -0.023934 2.140800
v 0.067432 0.000878 2.140800
v 0.067432 0.013532 2.140800
v 0.067432 0.013532 2.152800
v -0.041048 0.063404 2.152800
v -0.041048 0.050750 2.152800
v 0.067432 0.063404 2.140800
v -0.041048 0.100622 2.128560
v -0.041048 0.100622 2.140800
v -0.017048 0.100622 2.140800
v 0.043432 0.100622 2.140800
v 0.043432 0.113276 2.128560
v 0.043432 0.113276 2.140800
v 0.031192 0.100622 2.140800
v 0.031192 0.113276 2.140800
v -0.004808 0.125682 2.128560
v -0.017048 -0.011528 2.152800
v -0.017048 -0.023934 2.152800
v -0.004808 -0.023934 2.152800
v -0.004808 -0.011528 2.152800
v 0.019192 -0.023934 2.152800
v 0.043432 -0.011528 2.152800
v 0.043432 0.000878 2.152800
v 0.055432 -0.011528 2.152800
v 0.055432 0.000878 2.152800
v 0.067432 0.063404 2.152800
v 0.067432 0.075810 2.152800
v -0.041048 0.088216 2.152800
v -0.041048 0.100622 2.152800
v -0.017048 0.100622 2.152800
v 0.031192 0.100622 2.152800
v 0.043432 0.100622 2.152800
v 0.031192 0.113276 2.152800
v 0.043432 0.113276 2.152800
v 0.031192 0.113276 2.176800
v -0.004808 -0.023934 2.164800
v -0.041048 0.000878 2.164800
v -0.041048 0.025938 2.164800
v -0.041048 0.038344 2.164800
v -0.041048 0.050750 2.164800
v -0.041048 0.063404 2.176800
v -0.041048 0.050750 2.176800
v -0.041048 0.063404 2.164800
v 0.055432 0.088216 2.164800
v 0.067432 0.063404 2.176800
v 0.067432 0.075810 2.176800
v 0.067432 0.075810 2.164800
v 0.067432 0.088216 2.164800
v -0.041048 0.088216 2.164800
v -0.041048 0.075810 2.176800
v -0.029048 0.100622 2.152800
v -0.029048 0.100622 2.189040
v 0.055432 0.100622 2.164800
v -0.004808 -0.011528 2.176800
v -0.004808 -0.023934 2.176800
v -0.004808 -0.023934 2.201040
v 0.019192 -0.023934 2.201040
v 0.019192 -0.011528 2.201040
v -0.004808 -0.011528 2.201040
v 0.067432 0.013532 2.176800
v 0.067432 0.025938 2.176800
v 0.067432 0.038344 2.176800
v 0.067432 0.050750 2.176800
v 0.055432 0.088216 2.176800
v 0.067432 0.088216 2.176800
v -0.017048 0.100622 2.176800
v -0.029048 0.100622 2.176800
v 0.055432 0.100622 2.176800
v 0.055432 0.100622 2.189040
v -0.017048 0.113276 2.176800
v -0.004808 0.113276 2.176800
v 0.019192 0.113276 2.176800
v -0.004808 0.125682 2.176800
v 0.019192 0.125682 2.176800
v 0.031192 -0.023934 2.201040
v 0.031192 -0.011528 2.201040
v -0.029048 0.000878 2.201040
v -0.029048 -0.011528 2.201040
v -0.017048 -0.011528 2.201040
v -0.017048 0.000878 2.201040
v 0.055432 0.000878 2.189040
v 0.055432 0.013532 2.189040
v 0.067432 0.000878 2.189040
v 0.067432 0.013532 2.189040
v 0.055432 0.013532 2.201040
v 0.067432 0.013532 2.201040
v 0.067432 0.025938 2.201040
v 0.067432 0.025938 2.189040
v -0.041048 0.050750 2.201040
v -0.041048 0.038344 2.201040
v 0.067432 0.050750 2.189040
v -0.041048 0.050750 2.189040
v -0.041048 0.075810 2.189040
v -0.041048 0.088216 2.201040
v -0.041048 0.075810 2.201040
v 0.067432 0.100622 2.176800
v -0.029048 0.113276 2.176800
v -0.017048 0.113276 2.213040
v -0.004808 0.113276 2.189040
v -0.017048 0.113276 2.189040
v -0.004808 0.113276 2.201040
v 0.031192 0.125682 2.176800
v 0.067432 0.050750 2.213040
v 0.067432 0.088216 2.213040
v 0.019192 0.125682 2.213040
v 0.007192 -0.023934 2.201040
v 0.019192 -0.023934 2.273280
v 0.019192 -0.011528 2.273280
v 0.007192 -0.023934 2.273280
v 0.007192 -0.011528 2.273280
v -0.041048 0.025938 2.213040
v -0.041048 0.038344 2.213040
v -0.041048 0.050750 2.225040
v -0.041048 0.063404 2.213040
v -0.041048 0.050750 2.213040
v -0.041048 0.075810 2.213040
v -0.041048 0.088216 2.213040
v -0.041048 0.088216 2.225040
v -0.029048 0.100622 2.225040
v 0.043432 0.100622 2.213040
v 0.067432 0.100622 2.213040
v -0.041048 0.038344 2.237280
v -0.041048 0.063404 2.249280
v 0.043432 0.100622 2.225040
v 0.067432 0.100622 2.225040
v 0.019192 0.125682 2.237280
v -0.004808 -0.011528 2.249280
v -0.004808 -0.023934 2.249280
v 0.007192 -0.023934 2.249280
v 0.007192 -0.011528 2.249280
v 0.031192 -0.011528 2.237280
v 0.031192 0.000878 2.237280
v 0.043432 -0.011528 2.237280
v 0.043432 0.000878 2.237280
v -0.041048 0.013532 2.237280
v -0.041048 0.000878 2.237280
v -0.029048 0.000878 2.237280
v -0.029048 0.013532 2.237280
v -0.041048 0.063404 2.237280
v 0.067432 0.063404 2.237280
v -0.041048 0.088216 2.237280
v 0.043432 0.100622 2.237280
v 0.055432 0.100622 2.237280
v 0.067432 0.100622 2.237280
v -0.017048 0.113276 2.237280
v -0.004808 0.113276 2.237280
v 0.043432 0.113276 2.237280
v -0.004808 0.125682 2.237280
v 0.019192 0.113276 2.249280
v 0.019192 0.125682 2.249280
v -0.041048 0.088216 2.261280
v -0.041048 0.100622 2.249280
v -0.041048 0.088216 2.249280
v -0.029048 0.100622 2.249280
v 0.055432 0.113276 2.237280
v -0.017048 0.125682 2.237280
v 0.007192 0.125682 2.249280
v -0.004808 -0.011528 2.273280
v 0.007192 -0.011528 2.261280
v -0.004808 -0.011528 2.261280
v 0.067432 0.075810 2.261280
v 0.055432 0.100622 2.261280
v 0.067432 0.100622 2.261280
v 0.007192 0.138088 2.249280
v 0.019192 0.138088 2.249280
v -0.029048 0.013532 2.273280
v 0.043432 0.000878 2.273280
v 0.043432 0.013532 2.273280
v 0.055432 0.000878 2.273280
v 0.055432 0.013532 2.273280
v -0.041048 0.075810 2.273280
v 0.067432 0.088216 2.261280
v -0.029048 0.113276 2.285520
v -0.029048 0.100622 2.285520
v 0.031192 0.113276 2.273280
v 0.043432 0.113276 2.273280
v -0.004808 0.125682 2.273280
v 0.007192 0.125682 2.273280
v 0.031192 0.125682 2.273280
v 0.007192 0.138088 2.273280
v -0.017048 0.000878 2.285520
v -0.017048 -0.011528 2.285520
v -0.004808 -0.011528 2.285520
v -0.004808 0.000878 2.285520
v 0.007192 -0.011528 2.285520
v 0.019192 -0.011528 2.285520
v -0.041048 0.025938 2.297520
v -0.041048 0.013532 2.297520
v 0.067432 0.025938 2.285520
v 0.067432 0.050750 2.285520
v 0.067432 0.075810 2.285520
v -0.041048 0.100622 2.285520
v 0.043432 0.125682 2.273280
v -0.004808 0.138088 2.273280
v -0.004808 -0.011528 2.297520
v 0.007192 -0.011528 2.297520
v 0.007192 -0.011528 2.309520
v 0.067432 0.025938 2.297520
v 0.067432 0.038344 2.297520
v -0.041048 0.075810 2.297520
v -0.041048 0.088216 2.297520
v 0.055432 0.100622 2.297520
v 0.055432 0.100622 2.309520
v 0.067432 0.100622 2.309520
v -0.041048 0.100622 2.297520
v -0.041048 0.113276 2.285520
v -0.041048 0.113276 2.297520
v -0.017048 0.113276 2.297520
v -0.004808 0.000878 2.309520
v 0.031192 -0.011528 2.321520
v 0.031192 0.000878 2.321520
v 0.019192 -0.011528 2.321520
v 0.019192 0.000878 2.321520
v -0.029048 0.013532 2.309520
v -0.029048 0.000878 2.309520
v 0.055432 0.013532 2.309520
v 0.055432 0.025938 2.309520
v 0.067432 0.013532 2.309520
v 0.067432 0.025938 2.309520
v 0.055432 0.025938 2.321520
v 0.067432 0.025938 2.321520
v 0.067432 0.038344 2.321520
v -0.041048 0.075810 2.309520
v -0.041048 0.100622 2.309520
v -0.041048 0.088216 2.309520
v -0.041048 0.088216 2.321520
v -0.041048 0.113276 2.309520
v -0.017048 0.113276 2.309520
v 0.055432 0.113276 2.309520
v -0.004808 0.000878 2.321520
v 0.007192 -0.011528 2.321520
v -0.029048 0.013532 2.321520
v -0.029048 0.000878 2.321520
v -0.017048 0.013532 2.321520
v -0.017048 0.000878 2.321520
v -0.041048 0.025938 2.321520
v 0.055432 0.025938 2.333760
v -0.041048 0.038344 2.321520
v -0.041048 0.050750 2.321520
v 0.055432 0.100622 2.321520
v 0.067432 0.100622 2.321520
v -0.029048 0.113276 2.321520
v -0.017048 0.113276 2.321520
v 0.055432 0.113276 2.321520
v 0.055432 0.113276 2.345760
v -0.017048 0.125682 2.321520
v -0.004808 0.000878 2.345760
v -0.004808 -0.011528 2.345760
v 0.007192 -0.011528 2.345760
v 0.007192 0.000878 2.345760
v 0.019192 0.000878 2.357760
v 0.007192 -0.011528 2.357760
v 0.007192 0.000878 2.357760
v -0.041048 0.025938 2.345760
v -0.041048 0.013532 2.345760
v -0.041048 0.025938 2.333760
v 0.067432 0.050750 2.333760
v -0.041048 0.063404 2.333760
v 0.067432 0.075810 2.333760
v -0.041048 0.088216 2.333760
v 0.067432 0.088216 2.333760
v -0.029048 0.113276 2.333760
v 0.067432 0.113276 2.333760
v 0.067432 0.113276 2.321520
v -0.029048 0.125682 2.321520
v -0.029048 0.125682 2.333760
v -0.017048 0.113276 2.333760
v -0.017048 0.125682 2.333760
v 0.019192 0.125682 2.333760
v 0.019192 0.113276 2.333760
v 0.031192 0.113276 2.333760
v 0.031192 0.125682 2.333760
v 0.019192 0.138088 2.333760
v 0.019192 0.000878 2.345760
v 0.043432 0.000878 2.345760
v 0.043432 0.013532 2.345760
v 0.067432 0.025938 2.357760
v 0.067432 0.038344 2.357760
v 0.067432 0.063404 2.333760
v -0.041048 0.075810 2.333760
v -0.041048 0.063404 2.369760
v -0.041048 0.063404 2.357760
v 0.067432 0.088216 2.357760
v 0.067432 0.088216 2.345760
v -0.041048 0.088216 2.357760
v 0.067432 0.113276 2.345760
v -0.029048 0.113276 2.345760
v -0.017048 0.113276 2.345760
v -0.017048 0.125682 2.345760
v -0.004808 0.125682 2.345760
v 0.031192 0.125682 2.357760
v 0.043432 0.113276 2.357760
v 0.043432 0.125682 2.357760
v 0.031192 0.138088 2.333760
v 0.019192 0.138088 2.357760
v -0.017048 0.013532 2.382000
v -0.017048 0.000878 2.382000
v -0.004808 0.000878 2.382000
v -0.004808 0.013532 2.382000
v 0.043432 0.000878 2.357760
v 0.043432 0.013532 2.357760
v -0.041048 0.025938 2.357760
v -0.041048 0.013532 2.357760
v -0.029048 0.013532 2.357760
v -0.029048 0.025938 2.357760
v 0.067432 0.100622 2.357760
v 0.067432 0.100622 2.345760
v -0.029048 0.113276 2.357760
v 0.055432 0.113276 2.357760
v 0.067432 0.100622 2.369760
v 0.055432 0.113276 2.369760
v -0.029048 0.125682 2.345760
v -0.029048 0.125682 2.357760
v -0.004808 0.125682 2.357760
v 0.031192 0.000878 2.369760
v 0.031192 0.013532 2.369760
v 0.043432 0.000878 2.369760
v 0.043432 0.013532 2.369760
v 0.055432 0.025938 2.369760
v -0.041048 0.088216 2.369760
v -0.041048 0.100622 2.382000
v -0.041048 0.088216 2.382000
v -0.029048 0.100622 2.382000
v -0.029048 0.113276 2.369760
v -0.029048 0.125682 2.369760
v -0.004808 0.125682 2.369760
v 0.055432 0.125682 2.357760
v -0.004808 0.138088 2.369760
v 0.043432 0.013532 2.382000
v 0.043432 0.025938 2.382000
v 0.055432 0.013532 2.382000
v 0.055432 0.025938 2.382000
v 0.055432 0.075810 2.394000
v 0.055432 0.063404 2.394000
v 0.067432 0.063404 2.394000
v 0.067432 0.075810 2.394000
v 0.055432 0.100622 2.382000
v 0.067432 0.100622 2.382000
v -0.041048 0.113276 2.382000
v -0.029048 0.113276 2.382000
v 0.055432 0.113276 2.382000
v 0.067432 0.113276 2.382000
v -0.029048 0.125682 2.382000
v -0.004808 0.125682 2.382000
v -0.017048 0.125682 2.382000
v -0.017048 0.113276 2.382000
v 0.031192 0.125682 2.382000
v 0.031192 0.113276 2.382000
v 0.055432 0.125682 2.382000
v -0.004808 0.138088 2.382000
v 0.007192 0.125682 2.382000
v 0.007192 0.138088 2.382000
v 0.019192 0.125682 2.382000
v 0.019192 0.138088 2.382000
v 0.031192 0.138088 2.382000
v 0.007192 0.000878 2.394000
v 0.007192 -0.011528 2.394000
v 0.019192 -0.011528 2.394000
v 0.019192 0.000878 2.394000
v -0.004808 0.013532 2.394000
v 0.019192 0.013532 2.394000
v 0.031192 0.000878 2.394000
v 0.031192 0.013532 2.394000
v -0.029048 0.025938 2.394000
v -0.029048 0.013532 2.394000
v -0.017048 0.013532 2.394000
v -0.017048 0.025938 2.394000
v 0.031192 0.025938 2.394000
v 0.043432 0.013532 2.394000
v 0.043432 0.025938 2.394000
v -0.041048 0.038344 2.394000
v -0.041048 0.025938 2.394000
v -0.029048 0.038344 2.394000
v 0.043432 0.038344 2.394000
v 0.055432 0.038344 2.394000
v 0.067432 0.025938 2.394000
v 0.055432 0.050750 2.394000
v -0.041048 0.088216 2.394000
v -0.029048 0.088216 2.394000
v 0.055432 0.088216 2.394000
v -0.041048 0.100622 2.394000
v -0.029048 0.100622 2.394000
v 0.055432 0.100622 2.394000
v 0.067432 0.100622 2.394000
v -0.017048 0.100622 2.382000
v -0.017048 0.100622 2.394000
v -0.017048 0.113276 2.394000
v 0.031192 0.113276 2.394000
v 0.043432 0.100622 2.394000
v 0.043432 0.113276 2.394000
v 0.055432 0.113276 2.394000
v -0.017048 0.125682 2.394000
v -0.004808 0.113276 2.394000
v -0.004808 0.125682 2.394000
v 0.007192 0.125682 2.394000
v 0.019192 0.125682 2.394000
v 0.007192 0.138088 2.394000
v 0.019192 0.138088 2.394000
v -0.004808 0.013532 2.406000
v -0.004808 0.000878 2.406000
v 0.019192 0.000878 2.406000
v 0.019192 0.013532 2.406000
v 0.031192 0.025938 2.406000
v 0.031192 0.013532 2.406000
v -0.017048 0.025938 2.406000
v -0.017048 0.013532 2.406000
v -0.029048 0.038344 2.406000
v -0.029048 0.025938 2.406000
v -0.017048 0.038344 2.406000
v 0.007192 0.038344 2.406000
v 0.007192 0.025938 2.406000
v 0.043432 0.025938 2.406000
v 0.043432 0.038344 2.406000
v -0.041048 0.038344 2.406000
v -0.004808 0.050750 2.406000
v -0.004808 0.038344 2.406000
v 0.007192 0.050750 2.406000
v 0.031192 0.050750 2.406000
v 0.055432 0.038344 2.406000
v -0.029048 0.063404 2.406000
v -0.017048 0.063404 2.406000
v -0.004808 0.063404 2.406000
v -0.004808 0.088216 2.406000
v 0.007192 0.088216 2.406000
v 0.031192 0.088216 2.406000
v 0.043432 0.088216 2.406000
v -0.029048 0.075810 2.406000
v -0.004808 0.075810 2.406000
v -0.041048 0.088216 2.406000
v -0.029048 0.088216 2.406000
v -0.017048 0.075810 2.406000
v -0.004808 0.100622 2.406000
v 0.007192 0.113276 2.406000
v 0.031192 0.113276 2.406000
v 0.043432 0.100622 2.406000
v 0.055432 0.100622 2.406000
v -0.029048 0.113276 2.406000
v -0.017048 0.113276 2.406000
v -0.004808 0.113276 2.406000
v 0.043432 0.113276 2.406000
v -0.004808 0.125682 2.406000
v 0.031192 0.125682 2.406000
v 0.048300 0.025938 0.006000
v 0.048300 0.038344 0.006000
v -0.029048 -0.077212 -0.003490
v -0.029048 -0.077212 0.018000
v -0.029048 -0.086212 -0.003490
v -0.041048 -0.073806 -0.003490
v -0.034500 -0.073806 -0.003490
v -0.034500 -0.073806 0.018000
v -0.034500 -0.077212 0.018000
v -0.029048 -0.077212 0.030240
v -0.034500 -0.077212 0.030240
v -0.034500 -0.073806 0.030240
v 0.019192 0.050750 -0.003490
v 0.019192 0.063404 -0.003490
v -0.029048 -0.077212 0.042240
v -0.034500 -0.073806 0.042240
v -0.034500 -0.077212 0.042240
v -0.004808 -0.098866 -0.003490
v -0.004808 -0.111272 -0.003490
v -0.004808 0.088688 1.918310
v -0.004808 0.088216 1.918310
v -0.004808 0.088688 1.923600
v 0.007192 -0.111272 -0.003490
v 0.043432 -0.086212 -0.003490
v 0.043432 -0.073806 -0.003490
v 0.043432 -0.077212 -0.003490
v 0.043432 -0.073806 0.024110
v 0.043432 -0.077212 0.024110
v -0.029048 0.046988 0.010310
v -0.029048 0.050750 0.010310
v -0.029048 0.046988 -0.003490
v -0.029048 0.050750 -0.003490
v -0.029048 0.038344 -0.003490
v 0.031192 -0.086212 0.065810
v 0.031192 -0.086212 -0.003490
v 0.034500 -0.086212 -0.003490
v 0.034500 -0.086212 0.065810
v -0.020700 0.050750 -0.003490
v -0.004808 0.050750 -0.003490
v -0.020700 0.050750 0.010310
v -0.004808 0.063404 -0.003490
v -0.029048 0.100622 2.176800
v -0.017048 0.088688 1.923600
v -0.017048 0.088688 1.932110
v -0.017048 0.088216 1.945910
v -0.017048 0.088688 1.945910
v 0.007192 -0.036340 2.068320
v -0.020700 -0.086212 -0.003490
v -0.017048 -0.086212 0.065810
v -0.017048 -0.086212 -0.003490
v -0.020700 -0.086212 0.065810
v 0.031192 0.038344 -0.003490
v 0.031192 0.050750 -0.003490
v -0.041048 0.038344 0.010310
v -0.039656 0.038344 0.010310
v -0.034500 0.038344 -0.003490
v -0.034500 0.038344 0.010310
v 0.031192 -0.091312 -0.003490
v 0.031192 -0.098866 -0.003490
v 0.031192 -0.091312 0.065810
v 0.048300 -0.073806 -0.003490
v 0.048300 -0.073806 0.024110
v 0.055432 -0.073806 -0.003490
v 0.048300 0.038344 -0.003490
v -0.017048 -0.098866 -0.003490
v -0.041048 0.038344 1.404960
v 0.043432 -0.061400 1.489440
v -0.017048 -0.091312 -0.003490
v -0.017048 -0.091312 0.065810
v -0.004808 0.102488 2.084210
v -0.004808 0.102488 2.092560
v -0.004808 0.102488 2.056610
v -0.004808 0.100622 2.056610
v -0.004808 0.102488 2.070410
v -0.006900 0.100622 2.092560
v -0.006900 0.102488 2.092560
v -0.006900 0.100622 2.077874
v -0.006900 0.100622 2.056610
v 0.067432 0.013532 2.189040
v 0.048300 0.025938 0.010310
v 0.055432 0.025938 0.010310
v 0.067432 0.013532 2.198803
v 0.067432 0.013532 2.195130
v 0.067432 0.013532 2.195100
v -0.020700 0.088216 1.945910
v -0.020700 0.088216 1.918310
v 0.055432 0.019388 0.010310
v -0.075900 -0.108543 -0.003490
v -0.075900 -0.118763 -0.003490
v 0.007192 -0.098866 -0.003490
v -0.041048 0.065885 2.181648
v -0.041048 0.067539 2.180840
v -0.041048 -0.042604 1.091520
v -0.041048 -0.073806 0.753840
v -0.041048 0.019388 0.010310
v -0.041048 0.019388 -0.003490
v -0.041048 0.036462 0.010310
v -0.041048 0.037554 0.010310
v -0.041048 0.069669 2.189040
v -0.041048 0.075810 2.188920
v -0.041048 0.075810 2.188920
v -0.041048 0.075810 2.189040
v -0.041048 -0.048994 1.091520
v -0.041048 -0.048994 1.091520
v 0.067432 0.013532 2.198803
v 0.067432 0.013532 2.195130
v 0.067432 0.013532 2.195100
v 0.067432 0.005096 1.782880
v 0.067432 0.000878 1.790880
v 0.067432 0.013532 2.182860
v 0.067432 0.013532 2.182860
v 0.067432 0.000878 1.799107
v 0.067432 0.000878 1.790880
v 0.067432 0.000878 1.797061
v 0.067432 0.000878 1.797061
v 0.067432 0.000878 1.799107
v -0.062100 0.051588 0.010310
v -0.062100 0.046988 0.010310
v -0.062100 0.046988 0.010310
v -0.048300 0.046988 0.010310
v -0.055200 0.046988 0.010310
v -0.062100 0.046988 0.010310
v 0.055432 -0.023934 1.127520
v 0.055432 0.019388 -0.003490
v 0.055432 -0.043485 -0.003490
v 0.055432 -0.073751 0.693334
v 0.055432 -0.073806 0.709019
v 0.055432 -0.011528 0.717600
v 0.055432 -0.073806 0.693440
v 0.055432 -0.073806 0.705600
v 0.055432 -0.073806 0.693440
v 0.055432 -0.073806 0.709019
v -0.077908 -0.109042 -0.003490
vn -1.0000 -0.0000 -0.0000
vn 1.0000 -0.0000 -0.0000
vn -0.0000 -1.0000 -0.0000
vn -0.0000 -0.0000 -1.0000
vn -0.0000 -0.0000 1.0000
vn -0.0000 1.0000 -0.0000
vn -0.0000 0.0001 -1.0000
vn -0.0001 -1.0000 -0.0000
vn -0.0001 1.0000 -0.0000
vn -0.0000 -0.0001 1.0000
vn -0.1240 -0.9920 0.0238
vn 1.0000 -0.0000 0.0001
vn 1.0000 -0.0000 -0.0001
vn 0.9700 -0.0000 0.2430
vn 0.9789 -0.0000 -0.2041
vn 0.9398 -0.0000 0.3417
vn 0.0001 1.0000 -0.0000
vn -0.0000 0.6256 0.7802
vn -0.0000 -0.4472 -0.8944
vn 0.1414 0.9899 -0.0000
vn 0.0022 -1.0000 -0.0000
vn -0.0005 1.0000 -0.0000
vt 0.434575 0.812076
vt 0.438725 0.814151
vt 0.434575 0.814151
vt 0.042474 0.937076
vt 0.046666 0.937076
vt 0.050816 0.939151
vt 0.447086 0.909974
vt 0.449161 0.903707
vt 0.454994 0.908779
vt 0.820804 0.871989
vt 0.822921 0.886598
vt 0.820804 0.886598
vt 0.829147 0.577941
vt 0.827071 0.580016
vt 0.824996 0.580016
vt 0.288870 0.139139
vt 0.304768 0.123241
vt 0.288870 0.123241
vt 0.488711 0.075228
vt 0.480762 0.078453
vt 0.488711 0.078453
vt 0.045006 0.776632
vt 0.048723 0.778138
vt 0.045006 0.778137
vt 0.816654 0.545006
vt 0.817787 0.548723
vt 0.816654 0.548723
vt 0.367857 0.909974
vt 0.372007 0.920391
vt 0.363665 0.920391
vt 0.234365 0.784974
vt 0.234365 0.783926
vt 0.236440 0.784974
vt 0.232249 0.787049
vt 0.230173 0.787049
vt 0.234365 0.782858
vt 0.232249 0.782858
vt 0.236440 0.782858
vt 0.888943 0.050202
vt 0.887810 0.052277
vt 0.887810 0.051707
vt 0.480762 0.123082
vt 0.472813 0.128849
vt 0.476424 0.128849
vt 0.445010 0.926658
vt 0.453352 0.924542
vt 0.454994 0.924542
vt 0.445010 0.924542
vt 0.440819 0.926658
vt 0.440819 0.924542
vt 0.824996 0.554990
vt 0.829146 0.545006
vt 0.824996 0.559181
vt 0.052914 0.776632
vt 0.050839 0.778138
vt 0.050839 0.776632
vt 0.816654 0.552915
vt 0.817786 0.550839
vt 0.817787 0.552915
vt 0.878525 0.023059
vt 0.336883 0.019266
vt 0.874334 0.020984
vt 0.472813 0.115133
vt 0.477150 0.123082
vt 0.477150 0.120899
vt 0.054990 0.784974
vt 0.052914 0.791200
vt 0.052914 0.784974
vt 0.425118 0.203050
vt 0.433067 0.210999
vt 0.433067 0.203050
vt 0.425118 0.186834
vt 0.433067 0.194942
vt 0.433067 0.186834
vt 0.071674 0.770365
vt 0.073749 0.770365
vt 0.075866 0.772440
vt 0.203090 0.907858
vt 0.203090 0.916200
vt 0.200973 0.909974
vt 0.203090 0.918316
vt 0.205165 0.916200
vt 0.057065 0.797467
vt 0.054990 0.799542
vt 0.054990 0.797467
vt 0.472813 0.138821
vt 0.480762 0.146770
vt 0.480762 0.138821
vt 0.442935 0.912049
vt 0.442935 0.914124
vt 0.958338 0.069359
vt 0.958338 0.067283
vt 0.960413 0.061016
vt 0.465023 0.210999
vt 0.472972 0.203050
vt 0.465023 0.203050
vt 0.376181 0.805809
vt 0.377341 0.805888
vt 0.374105 0.807884
vt 0.472813 0.059171
vt 0.480762 0.067120
vt 0.480762 0.059171
vt 0.312717 0.195260
vt 0.320666 0.187152
vt 0.312717 0.187152
vt 0.880601 0.048085
vt 0.878525 0.046010
vt 0.880601 0.046010
vt 0.822921 0.582091
vt 0.829147 0.586283
vt 0.822921 0.588358
vt 0.011250 0.011250
vt 0.441016 0.075387
vt 0.051250 0.011250
vt 0.226023 0.801658
vt 0.230173 0.799542
vt 0.232249 0.799542
vt 0.818729 0.932500
vt 0.820804 0.940842
vt 0.818729 0.944992
vt 0.374082 0.897440
vt 0.369932 0.899515
vt 0.369932 0.897440
vt 0.059181 0.791200
vt 0.071674 0.797467
vt 0.061257 0.793316
vt 0.393162 0.155037
vt 0.401112 0.170935
vt 0.401112 0.155037
vt 0.952071 0.058941
vt 0.954147 0.058941
vt 0.949996 0.061016
vt 0.417328 0.043113
vt 0.425277 0.059171
vt 0.425277 0.043113
vt 0.409567 0.924542
vt 0.827071 0.567523
vt 0.824996 0.569599
vt 0.822921 0.569599
vt 0.882676 0.031401
vt 0.878525 0.029326
vt 0.882676 0.029326
vt 0.882676 0.037668
vt 0.878525 0.035593
vt 0.882676 0.035593
vt 0.425118 0.131031
vt 0.425118 0.138980
vt 0.433067 0.146929
vt 0.433226 0.211158
vt 0.441175 0.203209
vt 0.433226 0.203209
vt 0.057065 0.791200
vt 0.059181 0.784974
vt 0.052914 0.793316
vt 0.047393 0.797335
vt 0.048723 0.778707
vt 0.344991 0.043272
vt 0.344991 0.035323
vt 0.378256 0.795391
vt 0.378256 0.793316
vt 0.380331 0.791200
vt 0.365763 0.793316
vt 0.371989 0.789124
vt 0.378256 0.791200
vt 0.827071 0.569599
vt 0.822921 0.571674
vt 0.880601 0.029326
vt 0.878525 0.027251
vt 0.882676 0.027251
vt 0.054990 0.793316
vt 0.884792 0.029326
vt 0.829147 0.569599
vt 0.827071 0.571674
vt 0.401271 0.187470
vt 0.409220 0.179362
vt 0.401271 0.179362
vt 0.818729 0.609234
vt 0.820804 0.630068
vt 0.818729 0.632143
vt 0.296819 0.195260
vt 0.304768 0.203209
vt 0.304768 0.195260
vt 0.818729 0.726023
vt 0.818729 0.736440
vt 0.816654 0.723906
vt 0.296819 0.179044
vt 0.304768 0.187152
vt 0.304768 0.179044
vt 0.880601 0.041860
vt 0.880601 0.039743
vt 0.882676 0.039743
vt 0.384895 0.083177
vt 0.376946 0.019266
vt 0.368838 0.019266
vt 0.480921 0.035482
vt 0.488870 0.043432
vt 0.488870 0.035482
vt 0.430401 0.895365
vt 0.428326 0.893290
vt 0.430401 0.893290
vt 0.296819 0.203209
vt 0.304768 0.211158
vt 0.947921 0.019306
vt 0.945804 0.023456
vt 0.945804 0.019306
vt 0.878525 0.031401
vt 0.824996 0.573749
vt 0.827071 0.577941
vt 0.878525 0.031401
vt 0.876450 0.029326
vt 0.011250 0.051250
vt 0.376787 0.171413
vt 0.384895 0.163304
vt 0.376787 0.163304
vt 0.360730 0.195260
vt 0.352781 0.203209
vt 0.360730 0.203209
vt 0.288870 0.187152
vt 0.296819 0.195260
vt 0.296819 0.187152
vt 0.073749 0.759948
vt 0.071674 0.762023
vt 0.071674 0.759948
vt 0.426233 0.797467
vt 0.428308 0.799542
vt 0.422041 0.799542
vt 0.442917 0.795391
vt 0.451259 0.793316
vt 0.447068 0.795391
vt 0.447068 0.797467
vt 0.449184 0.795391
vt 0.449184 0.801658
vt 0.818729 0.947068
vt 0.820804 0.957526
vt 0.818729 0.953335
vt 0.409220 0.171253
vt 0.401271 0.179362
vt 0.400953 0.203209
vt 0.393004 0.195260
vt 0.393004 0.203209
vt 0.472972 0.106865
vt 0.480921 0.098916
vt 0.472972 0.098916
vt 0.884792 0.041860
vt 0.884792 0.039743
vt 0.441175 0.195260
vt 0.428326 0.895365
vt 0.426251 0.893290
vt 0.344991 0.195419
vt 0.337042 0.203368
vt 0.344991 0.203368
vt 0.880601 0.043935
vt 0.878525 0.041860
vt 0.441175 0.170935
vt 0.428326 0.897440
vt 0.426251 0.895365
vt 0.882676 0.046010
vt 0.882676 0.043935
vt 0.352940 0.107183
vt 0.824996 0.561257
vt 0.360889 0.099234
vt 0.069599 0.755756
vt 0.073749 0.753681
vt 0.075866 0.753681
vt 0.829147 0.630068
vt 0.831263 0.632143
vt 0.829147 0.632143
vt 0.426251 0.878681
vt 0.424134 0.876606
vt 0.426251 0.876606
vt 0.822921 0.575866
vt 0.822921 0.573749
vt 0.880601 0.025176
vt 0.882676 0.025176
vt 0.472972 0.114815
vt 0.480921 0.106866
vt 0.472972 0.106866
vt 0.829147 0.554990
vt 0.393004 0.059171
vt 0.827071 0.561257
vt 0.344991 0.155037
vt 0.353099 0.138980
vt 0.344991 0.138980
vt 0.403300 0.901632
vt 0.454994 0.903137
vt 0.450221 0.903138
vt 0.409220 0.171253
vt 0.401112 0.163145
vt 0.401112 0.171253
vt 0.417010 0.075069
vt 0.425118 0.083177
vt 0.425118 0.075069
vt 0.449124 0.027374
vt 0.441175 0.019266
vt 0.441175 0.027374
vt 0.449124 0.043590
vt 0.457074 0.051699
vt 0.457074 0.043590
vt 0.884792 0.043935
vt 0.882676 0.041860
vt 0.449124 0.027374
vt 0.441175 0.035482
vt 0.449124 0.035482
vt 0.878525 0.043935
vt 0.876450 0.041860
vt 0.163437 0.793316
vt 0.165512 0.789124
vt 0.165512 0.795391
vt 0.077941 0.766173
vt 0.075866 0.768290
vt 0.075866 0.766173
vt 0.424134 0.893290
vt 0.422059 0.891173
vt 0.424134 0.891173
vt 0.488870 0.027533
vt 0.464864 0.067279
vt 0.472813 0.059171
vt 0.464864 0.059171
vt 0.488870 0.043590
vt 0.480921 0.051540
vt 0.488870 0.051540
vt 0.472972 0.170776
vt 0.480921 0.162827
vt 0.472972 0.162827
vt 0.884792 0.046010
vt 0.876450 0.043935
vt 0.304768 0.203368
vt 0.422059 0.876606
vt 0.419984 0.874489
vt 0.422059 0.874489
vt 0.422059 0.878681
vt 0.419984 0.876606
vt 0.457074 0.195260
vt 0.449124 0.203209
vt 0.457074 0.203209
vt 0.441016 0.059171
vt 0.448965 0.067279
vt 0.448965 0.059171
vt 0.465023 0.195260
vt 0.465023 0.203209
vt 0.046648 0.797467
vt 0.047393 0.798912
vt 0.947921 0.567500
vt 0.945804 0.550816
vt 0.947921 0.561275
vt 0.433067 0.162827
vt 0.425118 0.146929
vt 0.425118 0.162827
vt 0.259409 0.922467
vt 0.317804 0.922467
vt 0.324029 0.924542
vt 0.261485 0.899515
vt 0.221849 0.901632
vt 0.221849 0.899515
vt 0.417010 0.099075
vt 0.408902 0.083177
vt 0.408902 0.099075
vt 0.426251 0.887023
vt 0.428326 0.884948
vt 0.426251 0.889098
vt 0.130068 0.797467
vt 0.157170 0.797467
vt 0.132144 0.799542
vt 0.251049 0.793316
vt 0.248933 0.791200
vt 0.255200 0.787049
vt 0.228098 0.789124
vt 0.226023 0.791200
vt 0.223906 0.791200
vt 0.246858 0.793316
vt 0.246858 0.795391
vt 0.223906 0.795391
vt 0.441016 0.146929
vt 0.448965 0.155037
vt 0.448965 0.146929
vt 0.472972 0.027374
vt 0.465023 0.035323
vt 0.472972 0.035323
vt 0.884792 0.048085
vt 0.878525 0.048085
vt 0.876450 0.046010
vt 0.949996 0.584184
vt 0.947921 0.577959
vt 0.952071 0.571692
vt 0.947921 0.586301
vt 0.949996 0.586301
vt 0.080016 0.749489
vt 0.086283 0.755756
vt 0.080016 0.755756
vt 0.415792 0.874489
vt 0.419984 0.880756
vt 0.413717 0.874489
vt 0.368679 0.171412
vt 0.376787 0.163304
vt 0.368679 0.163304
vt 0.449124 0.099075
vt 0.457073 0.090967
vt 0.449124 0.090967
vt 0.417909 0.893290
vt 0.419984 0.893290
vt 0.415792 0.895365
vt 0.943729 0.909567
vt 0.941654 0.907450
vt 0.941654 0.905375
vt 0.833338 0.627993
vt 0.831263 0.625918
vt 0.831263 0.621726
vt 0.320825 0.027215
vt 0.320825 0.043272
vt 0.947921 0.874082
vt 0.949996 0.878274
vt 0.947921 0.878274
vt 0.947921 0.953352
vt 0.945173 0.952607
vt 0.945804 0.945010
vt 0.119651 0.799542
vt 0.121726 0.801658
vt 0.045006 0.799542
vt 0.422041 0.787049
vt 0.426233 0.787049
vt 0.426233 0.789124
vt 0.301120 0.918316
vt 0.292778 0.920391
vt 0.296928 0.912049
vt 0.301120 0.907858
vt 0.303195 0.909974
vt 0.301120 0.909974
vt 0.309462 0.909974
vt 0.309462 0.914124
vt 0.307345 0.914124
vt 0.886868 0.050202
vt 0.954147 0.075625
vt 0.958338 0.077701
vt 0.954147 0.077701
vt 0.417169 0.019266
vt 0.425277 0.035164
vt 0.425277 0.019266
vt 0.425118 0.203527
vt 0.874334 0.039743
vt 0.465023 0.051699
vt 0.465023 0.043590
vt 0.328934 0.123241
vt 0.344832 0.139139
vt 0.344832 0.123241
vt 0.130068 0.782858
vt 0.119651 0.776632
vt 0.130068 0.776632
vt 0.385054 0.179362
vt 0.820804 0.569599
vt 0.424158 0.807884
vt 0.430383 0.807884
vt 0.440842 0.810000
vt 0.422041 0.807884
vt 0.947921 0.025573
vt 0.947921 0.029723
vt 0.441016 0.075069
vt 0.433067 0.059171
vt 0.433067 0.075069
vt 0.304768 0.043272
vt 0.296819 0.043272
vt 0.288870 0.075228
vt 0.061257 0.799542
vt 0.057065 0.799542
vt 0.822921 0.615459
vt 0.827071 0.619651
vt 0.827071 0.630068
vt 0.386598 0.805809
vt 0.380331 0.807884
vt 0.382114 0.805887
vt 0.312717 0.170935
vt 0.320666 0.155037
vt 0.312717 0.155037
vt 0.090433 0.749489
vt 0.088358 0.751606
vt 0.088358 0.749489
vt 0.368679 0.203686
vt 0.376628 0.211635
vt 0.376628 0.203686
vt 0.376787 0.203686
vt 0.384736 0.211635
vt 0.384736 0.203686
vt 0.835413 0.774000
vt 0.833338 0.769809
vt 0.833338 0.767734
vt 0.090433 0.751606
vt 0.088358 0.755756
vt 0.203072 0.797467
vt 0.205147 0.799542
vt 0.200997 0.797467
vt 0.278169 0.903707
vt 0.276094 0.903707
vt 0.321954 0.901632
vt 0.360730 0.187152
vt 0.368679 0.195260
vt 0.368679 0.187152
vt 0.465023 0.114815
vt 0.820804 0.598775
vt 0.818729 0.598775
vt 0.092550 0.797467
vt 0.090433 0.797467
vt 0.092550 0.793316
vt 0.822921 0.650944
vt 0.827071 0.642602
vt 0.827071 0.650944
vt 0.952071 0.909567
vt 0.949996 0.907450
vt 0.952071 0.907450
vt 0.409567 0.926658
vt 0.407450 0.924542
vt 0.393004 0.211158
vt 0.184289 0.920391
vt 0.184289 0.922467
vt 0.182214 0.920391
vt 0.178064 0.918316
vt 0.182214 0.918316
vt 0.360730 0.219107
vt 0.368679 0.211158
vt 0.360730 0.211158
vt 0.290685 0.780782
vt 0.311519 0.778707
vt 0.311519 0.780782
vt 0.952071 0.899108
vt 0.952071 0.905375
vt 0.949996 0.882424
vt 0.952071 0.878274
vt 0.952071 0.876199
vt 0.954147 0.878274
vt 0.952071 0.882424
vt 0.952071 0.880349
vt 0.954147 0.880349
vt 0.407450 0.926658
vt 0.405375 0.924542
vt 0.352781 0.195260
vt 0.352781 0.187152
vt 0.456915 0.059171
vt 0.397015 0.789124
vt 0.386598 0.789124
vt 0.399132 0.787049
vt 0.382424 0.924542
vt 0.405375 0.926658
vt 0.378274 0.924542
vt 0.831263 0.861572
vt 0.831263 0.863647
vt 0.829147 0.880331
vt 0.448965 0.083495
vt 0.831263 0.602967
vt 0.829147 0.602967
vt 0.960413 0.680139
vt 0.956263 0.682214
vt 0.956263 0.680139
vt 0.874334 0.052277
vt 0.872258 0.050202
vt 0.874334 0.050202
vt 0.425118 0.075228
vt 0.425118 0.059171
vt 0.886868 0.039743
vt 0.884792 0.037668
vt 0.886868 0.037668
vt 0.441175 0.043113
vt 0.051250 0.051250
vt 0.360730 0.219107
vt 0.816654 0.600892
vt 0.816654 0.598775
vt 0.457074 0.211158
vt 0.400953 0.219107
vt 0.393004 0.219107
vt 0.480762 0.123082
vt 0.488711 0.115133
vt 0.480762 0.115133
vt 0.088358 0.762023
vt 0.115459 0.764098
vt 0.088358 0.764098
vt 0.876450 0.083570
vt 0.874334 0.081454
vt 0.399108 0.903707
vt 0.397033 0.901632
vt 0.399108 0.901632
vt 0.833338 0.600892
vt 0.831263 0.600892
vt 0.248951 0.905782
vt 0.248951 0.909974
vt 0.246876 0.905782
vt 0.244800 0.916200
vt 0.242684 0.914124
vt 0.244800 0.914124
vt 0.424134 0.897440
vt 0.426251 0.897440
vt 0.419984 0.899515
vt 0.424134 0.884948
vt 0.422059 0.887023
vt 0.422059 0.882831
vt 0.328934 0.139139
vt 0.337042 0.155037
vt 0.337042 0.139139
vt 0.263542 0.780782
vt 0.286493 0.778707
vt 0.286493 0.780782
vt 0.876450 0.039743
vt 0.874334 0.037668
vt 0.876450 0.037668
vt 0.949996 0.638428
vt 0.949996 0.636353
vt 0.952071 0.634237
vt 0.947921 0.636353
vt 0.428326 0.882831
vt 0.426251 0.882831
vt 0.417909 0.880756
vt 0.248951 0.922467
vt 0.251067 0.924542
vt 0.248951 0.924542
vt 0.280226 0.797467
vt 0.276076 0.797467
vt 0.280226 0.795391
vt 0.080016 0.751606
vt 0.077941 0.753681
vt 0.077941 0.749489
vt 0.267734 0.791200
vt 0.265658 0.791200
vt 0.269809 0.789124
vt 0.818729 0.884523
vt 0.820804 0.880331
vt 0.954147 0.888691
vt 0.954147 0.901225
vt 0.419984 0.891173
vt 0.419984 0.887023
vt 0.136335 0.776632
vt 0.140486 0.774515
vt 0.140486 0.776632
vt 0.958338 0.675947
vt 0.960413 0.675947
vt 0.956263 0.678064
vt 0.134237 0.920391
vt 0.138428 0.914124
vt 0.138428 0.916200
vt 0.111309 0.766173
vt 0.121726 0.772440
vt 0.113384 0.774515
vt 0.457074 0.035482
vt 0.465023 0.027374
vt 0.457074 0.027374
vt 0.337042 0.187311
vt 0.344991 0.187311
vt 0.943729 0.632161
vt 0.945804 0.648846
vt 0.945804 0.655113
vt 0.943729 0.630086
vt 0.941654 0.628011
vt 0.393004 0.187470
vt 0.385054 0.187470
vt 0.954147 0.665530
vt 0.952071 0.669722
vt 0.954147 0.657188
vt 0.092526 0.926658
vt 0.096718 0.926658
vt 0.090451 0.928734
vt 0.121726 0.774515
vt 0.117576 0.776632
vt 0.117576 0.774515
vt 0.465023 0.019266
vt 0.457074 0.019266
vt 0.417169 0.043113
vt 0.425118 0.035164
vt 0.417169 0.035164
vt 0.827071 0.740591
vt 0.824996 0.769809
vt 0.824996 0.767734
vt 0.436650 0.805809
vt 0.442917 0.807884
vt 0.440842 0.807884
vt 0.956263 0.038065
vt 0.954147 0.040140
vt 0.954147 0.038065
vt 0.816654 0.596700
vt 0.818729 0.586283
vt 0.360889 0.075228
vt 0.211432 0.909974
vt 0.209315 0.914124
vt 0.207240 0.916200
vt 0.205165 0.914124
vt 0.165512 0.784974
vt 0.169704 0.782858
vt 0.171779 0.782858
vt 0.831263 0.759391
vt 0.833338 0.757316
vt 0.831263 0.761467
vt 0.100892 0.797467
vt 0.196805 0.795391
vt 0.213489 0.795391
vt 0.456915 0.075387
vt 0.464864 0.083495
vt 0.464864 0.075387
vt 0.132144 0.764098
vt 0.140486 0.751606
vt 0.140486 0.753681
vt 0.367857 0.922467
vt 0.369932 0.922467
vt 0.369932 0.924542
vt 0.943729 0.602985
vt 0.945804 0.600868
vt 0.945804 0.605060
vt 0.941654 0.586301
vt 0.943729 0.605060
vt 0.943729 0.607135
vt 0.127993 0.774515
vt 0.125918 0.776632
vt 0.125918 0.774515
vt 0.480921 0.195101
vt 0.472972 0.203050
vt 0.480921 0.203050
vt 0.304768 0.195419
vt 0.312717 0.187311
vt 0.304768 0.187311
vt 0.465023 0.099075
vt 0.465023 0.090967
vt 0.328934 0.027215
vt 0.320825 0.019266
vt 0.130068 0.795391
vt 0.125918 0.795391
vt 0.125918 0.793316
vt 0.417169 0.187470
vt 0.425118 0.179362
vt 0.417169 0.179362
vt 0.433067 0.043113
vt 0.433067 0.035164
vt 0.831263 0.627993
vt 0.833338 0.630068
vt 0.878525 0.020984
vt 0.344991 0.067279
vt 0.360889 0.067279
vt 0.954147 0.029723
vt 0.956263 0.033915
vt 0.954147 0.031798
vt 0.296660 0.139139
vt 0.304768 0.155037
vt 0.304768 0.139139
vt 0.136353 0.909974
vt 0.119669 0.912049
vt 0.119669 0.909974
vt 0.945804 0.867857
vt 0.949996 0.869932
vt 0.945804 0.869932
vt 0.320825 0.075228
vt 0.884792 0.020984
vt 0.312717 0.131190
vt 0.134260 0.766173
vt 0.132144 0.768290
vt 0.132144 0.766173
vt 0.441175 0.170935
vt 0.433067 0.179044
vt 0.441175 0.179044
vt 0.367857 0.893290
vt 0.365740 0.891173
vt 0.367857 0.891173
vt 0.472813 0.146929
vt 0.464864 0.138821
vt 0.464864 0.146929
vt 0.820804 0.632143
vt 0.818729 0.634260
vt 0.886868 0.020984
vt 0.345150 0.171094
vt 0.337042 0.179203
vt 0.345150 0.179203
vt 0.952071 0.031798
vt 0.954147 0.033915
vt 0.947921 0.033915
vt 0.952071 0.035990
vt 0.947921 0.035990
vt 0.288870 0.155037
vt 0.288870 0.162986
vt 0.296819 0.170935
vt 0.136335 0.774515
vt 0.134260 0.776632
vt 0.134260 0.774515
vt 0.457073 0.107183
vt 0.457073 0.099075
vt 0.457074 0.187152
vt 0.465023 0.195260
vt 0.465023 0.187152
vt 0.234342 0.905782
vt 0.234342 0.907858
vt 0.226000 0.905782
vt 0.251067 0.924542
vt 0.273977 0.926658
vt 0.409567 0.874489
vt 0.411642 0.876606
vt 0.411642 0.880756
vt 0.400953 0.091126
vt 0.408902 0.059171
vt 0.400953 0.059171
vt 0.818729 0.871989
vt 0.818729 0.880331
vt 0.816654 0.871989
vt 0.134260 0.747414
vt 0.134260 0.751606
vt 0.433067 0.146929
vt 0.441016 0.162827
vt 0.441016 0.146929
vt 0.945804 0.033915
vt 0.947921 0.031798
vt 0.945804 0.038065
vt 0.465023 0.162827
vt 0.472972 0.170777
vt 0.954147 0.019306
vt 0.954147 0.015114
vt 0.956263 0.013039
vt 0.109234 0.766173
vt 0.107117 0.766173
vt 0.109234 0.764098
vt 0.098775 0.766173
vt 0.086283 0.774515
vt 0.833338 0.774000
vt 0.835413 0.780226
vt 0.833338 0.778151
vt 0.954147 0.027648
vt 0.952071 0.029723
vt 0.952071 0.027648
vt 0.952071 0.803195
vt 0.947921 0.805270
vt 0.947921 0.801120
vt 0.954147 0.811537
vt 0.945804 0.807345
vt 0.947921 0.807345
vt 0.831263 0.648828
vt 0.831263 0.653019
vt 0.829147 0.665512
vt 0.872258 0.056427
vt 0.870183 0.058544
vt 0.870183 0.056427
vt 0.144677 0.776632
vt 0.132144 0.780782
vt 0.136335 0.780782
vt 0.130068 0.791200
vt 0.132144 0.778707
vt 0.945804 0.015114
vt 0.952071 0.019306
vt 0.449184 0.803733
vt 0.453335 0.801658
vt 0.457526 0.805809
vt 0.455410 0.801658
vt 0.459601 0.797467
vt 0.393004 0.170935
vt 0.401112 0.179044
vt 0.320666 0.195260
vt 0.312717 0.203368
vt 0.320666 0.203368
vt 0.296819 0.203368
vt 0.288870 0.195260
vt 0.288870 0.203368
vt 0.831263 0.938725
vt 0.831263 0.951259
vt 0.829147 0.947068
vt 0.336883 0.195260
vt 0.328934 0.203368
vt 0.336883 0.203368
vt 0.954147 0.025573
vt 0.952071 0.025573
vt 0.359514 0.889098
vt 0.357398 0.887023
vt 0.359514 0.887023
vt 0.465023 0.179044
vt 0.457074 0.179044
vt 0.380331 0.787049
vt 0.371989 0.784974
vt 0.386598 0.784974
vt 0.943729 0.029723
vt 0.945804 0.029723
vt 0.945804 0.031798
vt 0.947829 0.832195
vt 0.952125 0.843022
vt 0.952125 0.847318
vt 0.949977 0.821411
vt 0.947829 0.814924
vt 0.952125 0.817115
vt 0.954274 0.810627
vt 0.952125 0.814924
vt 0.952125 0.812775
vt 0.947829 0.819263
vt 0.949977 0.827899
vt 0.947829 0.823559
vt 0.480921 0.186993
vt 0.472972 0.179044
vt 0.472972 0.186993
vt 0.472972 0.019425
vt 0.465023 0.027374
vt 0.393004 0.187152
vt 0.400953 0.195260
vt 0.400953 0.187152
vt 0.818729 0.559181
vt 0.818729 0.561257
vt 0.816654 0.567523
vt 0.441016 0.043113
vt 0.441016 0.035164
vt 0.303177 0.791200
vt 0.309444 0.793316
vt 0.303177 0.793316
vt 0.457074 0.170935
vt 0.465023 0.179044
vt 0.465023 0.170935
vt 0.425277 0.114974
vt 0.425277 0.107024
vt 0.417169 0.099075
vt 0.188481 0.926658
vt 0.190556 0.926658
vt 0.184289 0.928733
vt 0.822921 0.690538
vt 0.824996 0.690538
vt 0.824996 0.694730
vt 0.824996 0.678046
vt 0.824996 0.673854
vt 0.822921 0.673854
vt 0.824996 0.669704
vt 0.334488 0.922467
vt 0.309462 0.920391
vt 0.311537 0.920391
vt 0.282319 0.920391
vt 0.276094 0.920391
vt 0.271902 0.920391
vt 0.820804 0.774000
vt 0.820804 0.771884
vt 0.356510 0.923654
vt 0.356211 0.923355
vt 0.356510 0.923355
vt 0.465023 0.178726
vt 0.465023 0.170777
vt 0.409220 0.195578
vt 0.417169 0.203527
vt 0.417169 0.195578
vt 0.952071 0.690556
vt 0.949996 0.690556
vt 0.945804 0.673872
vt 0.947921 0.709315
vt 0.949996 0.707240
vt 0.949996 0.709315
vt 0.146753 0.774515
vt 0.144677 0.774515
vt 0.441175 0.035164
vt 0.433226 0.019266
vt 0.433226 0.035164
vt 0.094625 0.795391
vt 0.098775 0.797467
vt 0.094625 0.797467
vt 0.488711 0.067120
vt 0.480762 0.075069
vt 0.488711 0.075069
vt 0.822921 0.728098
vt 0.824996 0.723906
vt 0.822921 0.730173
vt 0.822921 0.721831
vt 0.822921 0.717681
vt 0.824996 0.707222
vt 0.822921 0.711414
vt 0.820804 0.657170
vt 0.820804 0.655095
vt 0.457074 0.170935
vt 0.465023 0.162827
vt 0.457074 0.162827
vt 0.312717 0.203368
vt 0.320666 0.211317
vt 0.320666 0.203368
vt 0.296819 0.211317
vt 0.943729 0.905375
vt 0.941654 0.901225
vt 0.943729 0.901225
vt 0.954147 0.021381
vt 0.952071 0.023456
vt 0.952071 0.021381
vt 0.296910 0.787049
vt 0.292760 0.789124
vt 0.292760 0.787049
vt 0.290685 0.789124
vt 0.292760 0.791200
vt 0.290685 0.791200
vt 0.456915 0.123082
vt 0.464864 0.114974
vt 0.456915 0.114974
vt 0.368679 0.203209
vt 0.401271 0.187470
vt 0.409220 0.187470
vt 0.061257 0.778707
vt 0.059181 0.776632
vt 0.067524 0.776632
vt 0.818729 0.648828
vt 0.816654 0.650944
vt 0.816654 0.648828
vt 0.330278 0.801658
vt 0.330278 0.803733
vt 0.328203 0.803733
vt 0.351172 0.924542
vt 0.349056 0.922467
vt 0.351172 0.922467
vt 0.401271 0.203527
vt 0.401271 0.195578
vt 0.418759 0.197168
vt 0.423528 0.201937
vt 0.423528 0.197168
vt 0.829147 0.650944
vt 0.827071 0.653019
vt 0.954147 0.023456
vt 0.226000 0.922467
vt 0.219774 0.920391
vt 0.223924 0.920391
vt 0.949996 0.661380
vt 0.947921 0.663455
vt 0.949996 0.659263
vt 0.328934 0.211317
vt 0.336883 0.203368
vt 0.328934 0.203368
vt 0.321936 0.782858
vt 0.346963 0.780782
vt 0.346963 0.782858
vt 0.349056 0.924542
vt 0.346981 0.922467
vt 0.167605 0.928733
vt 0.169722 0.930809
vt 0.165530 0.928733
vt 0.947921 0.021381
vt 0.472972 0.027374
vt 0.480921 0.019425
vt 0.098793 0.928734
vt 0.100868 0.928733
vt 0.102985 0.930809
vt 0.385054 0.203527
vt 0.393004 0.195578
vt 0.385054 0.195578
vt 0.157170 0.774515
vt 0.155095 0.776632
vt 0.155095 0.774515
vt 0.945804 0.040140
vt 0.943729 0.042257
vt 0.943729 0.040140
vt 0.409220 0.139139
vt 0.401112 0.123082
vt 0.401112 0.147088
vt 0.351172 0.903707
vt 0.346981 0.901632
vt 0.351172 0.901632
vt 0.441175 0.179044
vt 0.449124 0.170935
vt 0.368679 0.195737
vt 0.376628 0.203686
vt 0.376628 0.195737
vt 0.346981 0.924542
vt 0.342830 0.922467
vt 0.278151 0.782858
vt 0.276076 0.787049
vt 0.274000 0.787049
vt 0.417010 0.083177
vt 0.425118 0.099075
vt 0.203090 0.901632
vt 0.209315 0.903707
vt 0.205165 0.903707
vt 0.261485 0.907858
vt 0.259409 0.912049
vt 0.259409 0.905782
vt 0.265635 0.912049
vt 0.349079 0.793316
vt 0.351154 0.791200
vt 0.351154 0.793316
vt 0.337042 0.179202
vt 0.820804 0.665512
vt 0.818729 0.667629
vt 0.818729 0.665512
vt 0.833338 0.911624
vt 0.831263 0.917891
vt 0.831263 0.915816
vt 0.822921 0.938725
vt 0.824996 0.936650
vt 0.824996 0.938725
vt 0.827071 0.938725
vt 0.827071 0.940842
vt 0.824996 0.940842
vt 0.943729 0.544590
vt 0.947921 0.546665
vt 0.943729 0.546665
vt 0.956263 0.836563
vt 0.952071 0.834488
vt 0.954147 0.834488
vt 0.833338 0.665512
vt 0.829147 0.667629
vt 0.425913 0.186023
vt 0.432272 0.179536
vt 0.425913 0.179536
vt 0.384736 0.195737
vt 0.376787 0.195737
vt 0.332372 0.920391
vt 0.328221 0.920391
vt 0.328221 0.918316
vt 0.169704 0.797467
vt 0.167628 0.799542
vt 0.167628 0.797467
vt 0.474164 0.036675
vt 0.479728 0.042239
vt 0.479728 0.036675
vt 0.328221 0.914124
vt 0.328221 0.907858
vt 0.330296 0.914124
vt 0.407474 0.797467
vt 0.407474 0.799542
vt 0.403282 0.797467
vt 0.411624 0.791200
vt 0.419966 0.795391
vt 0.419966 0.797467
vt 0.949367 0.829985
vt 0.947915 0.829985
vt 0.946433 0.828532
vt 0.456915 0.067279
vt 0.884792 0.027251
vt 0.884792 0.025176
vt 0.886868 0.023059
vt 0.274000 0.801658
vt 0.261467 0.801658
vt 0.267734 0.799542
vt 0.382448 0.807884
vt 0.386598 0.810000
vt 0.382448 0.810000
vt 0.326146 0.916200
vt 0.313910 0.185935
vt 0.319474 0.180260
vt 0.313910 0.180260
vt 0.833338 0.671779
vt 0.831263 0.675971
vt 0.831263 0.671779
vt 0.161380 0.907858
vt 0.138428 0.909974
vt 0.138428 0.907858
vt 0.175971 0.797467
vt 0.173854 0.799542
vt 0.173854 0.797467
vt 0.472972 0.035323
vt 0.480921 0.027374
vt 0.472972 0.027374
vt 0.958338 0.042257
vt 0.956263 0.044332
vt 0.956263 0.042257
vt 0.324029 0.907858
vt 0.319879 0.905782
vt 0.324029 0.905782
vt 0.448965 0.075387
vt 0.363647 0.780782
vt 0.369914 0.782858
vt 0.363647 0.782858
vt 0.457526 0.810000
vt 0.459601 0.807884
vt 0.461677 0.805809
vt 0.290062 0.185935
vt 0.295627 0.180260
vt 0.290062 0.180260
vt 0.388673 0.782858
vt 0.392865 0.784974
vt 0.388673 0.784974
vt 0.417169 0.043272
vt 0.409220 0.019266
vt 0.409220 0.043272
vt 0.945804 0.817804
vt 0.947921 0.819879
vt 0.945804 0.819879
vt 0.303177 0.799542
vt 0.307369 0.801658
vt 0.303177 0.801658
vt 0.182196 0.797467
vt 0.180121 0.799542
vt 0.180121 0.797467
vt 0.365740 0.899515
vt 0.294853 0.897440
vt 0.355323 0.897440
vt 0.182196 0.799542
vt 0.184313 0.797467
vt 0.186388 0.797467
vt 0.947921 0.815687
vt 0.947921 0.813612
vt 0.448965 0.114974
vt 0.448965 0.123082
vt 0.831263 0.678046
vt 0.829147 0.738515
vt 0.829147 0.736440
vt 0.184313 0.780782
vt 0.186388 0.782858
vt 0.184313 0.782858
vt 0.188463 0.778707
vt 0.186388 0.780782
vt 0.253142 0.901632
vt 0.259409 0.903707
vt 0.257293 0.903707
vt 0.330126 0.185935
vt 0.335690 0.180260
vt 0.330126 0.180260
vt 0.305270 0.918316
vt 0.307345 0.916200
vt 0.311537 0.914124
vt 0.313612 0.916200
vt 0.311537 0.916200
vt 0.313612 0.914124
vt 0.311537 0.905782
vt 0.321954 0.916200
vt 0.188463 0.797467
vt 0.186388 0.799542
vt 0.309462 0.916200
vt 0.105060 0.932884
vt 0.107135 0.932884
vt 0.109210 0.935000
vt 0.456915 0.131190
vt 0.448965 0.131190
vt 0.954147 0.746876
vt 0.952071 0.744800
vt 0.952071 0.740609
vt 0.198880 0.793316
vt 0.196805 0.793316
vt 0.198880 0.791200
vt 0.200997 0.795391
vt 0.186388 0.795391
vt 0.192655 0.793316
vt 0.190538 0.789124
vt 0.192655 0.789124
vt 0.057065 0.784974
vt 0.054990 0.791200
vt 0.360730 0.179044
vt 0.352781 0.179044
vt 0.192655 0.780782
vt 0.196805 0.778707
vt 0.198880 0.778707
vt 0.303195 0.907858
vt 0.301120 0.905782
vt 0.303195 0.905782
vt 0.822921 0.926233
vt 0.824996 0.934575
vt 0.822921 0.934575
vt 0.194730 0.797467
vt 0.192655 0.799542
vt 0.192655 0.797467
vt 0.943729 0.042257
vt 0.941654 0.044332
vt 0.941654 0.042257
vt 0.194730 0.799542
vt 0.196805 0.797467
vt 0.198880 0.797467
vt 0.945804 0.801120
vt 0.945804 0.805270
vt 0.456915 0.155037
vt 0.448965 0.146929
vt 0.448965 0.155037
vt 0.945804 0.799003
vt 0.360730 0.187152
vt 0.368679 0.179044
vt 0.138410 0.764098
vt 0.142602 0.762023
vt 0.140486 0.764098
vt 0.943729 0.742684
vt 0.943729 0.744800
vt 0.941654 0.742684
vt 0.943729 0.911642
vt 0.941654 0.909567
vt 0.943729 0.942935
vt 0.943729 0.945010
vt 0.942787 0.952607
vt 0.449124 0.195260
vt 0.200997 0.793316
vt 0.200997 0.791200
vt 0.198880 0.799542
vt 0.248933 0.778707
vt 0.244782 0.778707
vt 0.271884 0.776632
vt 0.952071 0.033915
vt 0.949996 0.680139
vt 0.952071 0.671797
vt 0.952071 0.680139
vt 0.456915 0.146929
vt 0.448965 0.138821
vt 0.313594 0.780782
vt 0.336545 0.780782
vt 0.829147 0.853230
vt 0.831263 0.830278
vt 0.835413 0.788568
vt 0.134237 0.930809
vt 0.146771 0.932884
vt 0.132162 0.932884
vt 0.441175 0.187152
vt 0.449124 0.179044
vt 0.948855 0.039207
vt 0.949062 0.038999
vt 0.949062 0.039207
vt 0.040399 0.935000
vt 0.038323 0.935000
vt 0.945804 0.792778
vt 0.947921 0.794853
vt 0.945804 0.794853
vt 0.207222 0.797467
vt 0.205147 0.797467
vt 0.117552 0.928733
vt 0.119669 0.928733
vt 0.117552 0.930809
vt 0.457074 0.027374
vt 0.449124 0.019266
vt 0.449124 0.027374
vt 0.822921 0.846963
vt 0.822921 0.840737
vt 0.824996 0.842812
vt 0.827071 0.846963
vt 0.827071 0.842812
vt 0.829147 0.828203
vt 0.818729 0.803177
vt 0.820804 0.813594
vt 0.820804 0.815711
vt 0.818729 0.788568
vt 0.818729 0.790685
vt 0.816654 0.790685
vt 0.207222 0.774515
vt 0.223906 0.772440
vt 0.223906 0.774515
vt 0.947921 0.788586
vt 0.947921 0.782319
vt 0.952071 0.801120
vt 0.949996 0.794853
vt 0.952071 0.792778
vt 0.213489 0.793316
vt 0.215564 0.791200
vt 0.090433 0.787049
vt 0.096700 0.780782
vt 0.096700 0.782858
vt 0.217681 0.789124
vt 0.221831 0.791200
vt 0.215564 0.795391
vt 0.878525 0.037668
vt 0.217681 0.801658
vt 0.223906 0.799542
vt 0.167628 0.776632
vt 0.215564 0.774515
vt 0.221831 0.774515
vt 0.949996 0.776094
vt 0.949996 0.782319
vt 0.464864 0.123082
vt 0.276094 0.907858
vt 0.278169 0.907858
vt 0.280244 0.909974
vt 0.376199 0.916200
vt 0.378274 0.920391
vt 0.374082 0.920391
vt 0.267752 0.914124
vt 0.267752 0.912049
vt 0.278169 0.914124
vt 0.950930 0.039207
vt 0.951137 0.038999
vt 0.951137 0.039207
vt 0.952071 0.945010
vt 0.952071 0.940819
vt 0.954147 0.954994
vt 0.278169 0.903707
vt 0.303177 0.782858
vt 0.301102 0.780782
vt 0.321936 0.780782
vt 0.440842 0.791200
vt 0.426233 0.791200
vt 0.432500 0.793316
vt 0.432500 0.791200
vt 0.223906 0.793316
vt 0.282319 0.926658
vt 0.276094 0.924542
vt 0.282319 0.924542
vt 0.947921 0.773977
vt 0.949996 0.773977
vt 0.442368 0.188368
vt 0.447932 0.194044
vt 0.447932 0.188368
vt 0.449124 0.195260
vt 0.449124 0.187152
vt 0.946757 0.041305
vt 0.946969 0.041093
vt 0.946969 0.041305
vt 0.945804 0.538323
vt 0.945804 0.540399
vt 0.943729 0.542474
vt 0.876450 0.031401
vt 0.433067 0.131031
vt 0.441016 0.131031
vt 0.878525 0.039743
vt 0.271902 0.909974
vt 0.269827 0.905782
vt 0.271902 0.905782
vt 0.161380 0.922467
vt 0.165530 0.924542
vt 0.161380 0.924542
vt 0.378274 0.899515
vt 0.376199 0.899515
vt 0.415792 0.899515
vt 0.171779 0.799542
vt 0.171779 0.797467
vt 0.949996 0.769827
vt 0.947921 0.769827
vt 0.945804 0.767752
vt 0.351154 0.782858
vt 0.349079 0.780782
vt 0.353230 0.780782
vt 0.077941 0.762023
vt 0.080016 0.766173
vt 0.269827 0.909974
vt 0.280244 0.914124
vt 0.945389 0.042672
vt 0.944144 0.043917
vt 0.944144 0.042672
vt 0.409220 0.051222
vt 0.401112 0.043272
vt 0.401112 0.059171
vt 0.456915 0.155037
vt 0.953005 0.041305
vt 0.953213 0.041093
vt 0.953213 0.041305
vt 0.816654 0.559181
vt 0.251067 0.909974
vt 0.833338 0.550839
vt 0.831263 0.596700
vt 0.832105 0.549779
vt 0.198898 0.916200
vt 0.196823 0.916200
vt 0.188481 0.907858
vt 0.288568 0.784974
vt 0.288568 0.803733
vt 0.284418 0.801658
vt 0.288568 0.801658
vt 0.827071 0.778151
vt 0.829147 0.746858
vt 0.829147 0.751049
vt 0.827071 0.782342
vt 0.829147 0.784418
vt 0.827071 0.784418
vt 0.410412 0.186253
vt 0.415977 0.180578
vt 0.410412 0.180578
vt 0.111309 0.776632
vt 0.086283 0.776632
vt 0.820804 0.742707
vt 0.818729 0.742707
vt 0.261485 0.918316
vt 0.259409 0.916200
vt 0.261485 0.916200
vt 0.253142 0.903707
vt 0.248951 0.901632
vt 0.488711 0.155037
vt 0.480762 0.147088
vt 0.480762 0.155037
vt 0.144695 0.918316
vt 0.155113 0.924542
vt 0.155113 0.926658
vt 0.182214 0.914124
vt 0.184289 0.918316
vt 0.182214 0.916200
vt 0.144695 0.914124
vt 0.144695 0.916200
vt 0.143273 0.916200
vt 0.167605 0.916200
vt 0.161380 0.920391
vt 0.146771 0.916200
vt 0.143627 0.916200
vt 0.142579 0.916200
vt 0.146079 0.916905
vt 0.831263 0.740591
vt 0.829147 0.742707
vt 0.829147 0.740591
vt 0.257293 0.912049
vt 0.257293 0.907858
vt 0.230173 0.793316
vt 0.232249 0.791200
vt 0.246858 0.791200
vt 0.232249 0.789124
vt 0.228098 0.774515
vt 0.267734 0.774515
vt 0.240591 0.776632
vt 0.820804 0.744782
vt 0.816654 0.744782
vt 0.954147 0.755218
vt 0.956263 0.757293
vt 0.954147 0.757293
vt 0.947921 0.765635
vt 0.949996 0.740609
vt 0.949996 0.765635
vt 0.449124 0.162827
vt 0.947921 0.038065
vt 0.952071 0.038065
vt 0.207222 0.799542
vt 0.232249 0.797467
vt 0.261467 0.799542
vt 0.328203 0.799542
vt 0.319861 0.799542
vt 0.328203 0.797467
vt 0.397033 0.891173
vt 0.954147 0.044332
vt 0.954147 0.042257
vt 0.169704 0.789124
vt 0.171779 0.791200
vt 0.173854 0.793316
vt 0.075866 0.762023
vt 0.073749 0.766173
vt 0.073749 0.762023
vt 0.488711 0.146770
vt 0.956263 0.751067
vt 0.954147 0.751067
vt 0.952071 0.748951
vt 0.876450 0.073112
vt 0.874334 0.071036
vt 0.876450 0.071036
vt 0.044590 0.935000
vt 0.042474 0.935000
vt 0.359514 0.872414
vt 0.367857 0.874489
vt 0.367857 0.878681
vt 0.954147 0.642579
vt 0.958338 0.640504
vt 0.958338 0.642579
vt 0.457074 0.027374
vt 0.336883 0.187152
vt 0.328934 0.195260
vt 0.945804 0.021381
vt 0.359514 0.878681
vt 0.357398 0.880756
vt 0.349056 0.878681
vt 0.947921 0.738533
vt 0.952071 0.734342
vt 0.246876 0.924542
vt 0.244800 0.922467
vt 0.246876 0.922467
vt 0.265658 0.799542
vt 0.288568 0.797467
vt 0.411642 0.889098
vt 0.407450 0.887023
vt 0.411642 0.887023
vt 0.259391 0.793316
vt 0.261467 0.795391
vt 0.259391 0.795391
vt 0.263542 0.793316
vt 0.255200 0.784974
vt 0.257316 0.784974
vt 0.253124 0.787049
vt 0.255200 0.782858
vt 0.261467 0.784974
vt 0.259391 0.784974
vt 0.269809 0.791200
vt 0.271884 0.789124
vt 0.271884 0.791200
vt 0.244800 0.905782
vt 0.488711 0.131031
vt 0.433226 0.179044
vt 0.433226 0.187152
vt 0.263542 0.778707
vt 0.257316 0.780782
vt 0.257316 0.778707
vt 0.433226 0.059012
vt 0.433226 0.051063
vt 0.359514 0.880756
vt 0.359514 0.876606
vt 0.326146 0.914124
vt 0.305270 0.907858
vt 0.305270 0.905782
vt 0.307345 0.905782
vt 0.309462 0.907858
vt 0.292778 0.909974
vt 0.294853 0.912049
vt 0.290661 0.909974
vt 0.324029 0.912049
vt 0.317804 0.905782
vt 0.332372 0.914124
vt 0.824996 0.732249
vt 0.824996 0.744782
vt 0.822921 0.767734
vt 0.824996 0.730173
vt 0.827071 0.723906
vt 0.943729 0.044332
vt 0.941654 0.046407
vt 0.941654 0.044332
vt 0.403282 0.799542
vt 0.401207 0.801658
vt 0.399132 0.801658
vt 0.399132 0.803734
vt 0.265658 0.797467
vt 0.369932 0.887023
vt 0.367857 0.889098
vt 0.352940 0.138980
vt 0.352940 0.131031
vt 0.472813 0.075228
vt 0.480762 0.067279
vt 0.472813 0.067279
vt 0.296819 0.162986
vt 0.949996 0.040140
vt 0.947921 0.042257
vt 0.947921 0.040140
vt 0.958338 0.044332
vt 0.956263 0.046407
vt 0.956263 0.044332
vt 0.312717 0.171094
vt 0.304768 0.155196
vt 0.304768 0.171094
vt 0.361590 0.922467
vt 0.357398 0.924542
vt 0.357398 0.922467
vt 0.958338 0.732266
vt 0.960413 0.734342
vt 0.958338 0.734342
vt 0.943729 0.738533
vt 0.945804 0.734342
vt 0.945804 0.738533
vt 0.130068 0.762023
vt 0.132144 0.747414
vt 0.132144 0.749489
vt 0.958338 0.730191
vt 0.960413 0.732266
vt 0.872258 0.060619
vt 0.872258 0.058544
vt 0.954147 0.869932
vt 0.954147 0.867857
vt 0.956263 0.953352
vt 0.958338 0.728116
vt 0.960413 0.730191
vt 0.872258 0.062694
vt 0.870183 0.060619
vt 0.232266 0.918316
vt 0.232266 0.916200
vt 0.234342 0.918316
vt 0.226000 0.918316
vt 0.228116 0.916200
vt 0.240609 0.922467
vt 0.232266 0.920391
vt 0.234342 0.920391
vt 0.878525 0.075228
vt 0.878525 0.073112
vt 0.958338 0.726000
vt 0.960413 0.728116
vt 0.872258 0.064770
vt 0.870183 0.062694
vt 0.263542 0.784974
vt 0.269809 0.787049
vt 0.248933 0.789124
vt 0.290685 0.782858
vt 0.292760 0.782858
vt 0.269809 0.782858
vt 0.346963 0.805809
vt 0.340737 0.805809
vt 0.230191 0.912049
vt 0.228116 0.914124
vt 0.226000 0.912049
vt 0.958338 0.723924
vt 0.960413 0.726000
vt 0.872258 0.066886
vt 0.870183 0.064770
vt 0.228116 0.922467
vt 0.232266 0.922467
vt 0.952071 0.040140
vt 0.949996 0.042257
vt 0.198898 0.903707
vt 0.230191 0.905782
vt 0.221849 0.905782
vt 0.440819 0.899515
vt 0.438743 0.899515
vt 0.454994 0.897440
vt 0.872258 0.068961
vt 0.870183 0.066886
vt 0.947921 0.721849
vt 0.952071 0.730191
vt 0.947921 0.726000
vt 0.956263 0.713507
vt 0.954147 0.713507
vt 0.958338 0.709315
vt 0.282342 0.799542
vt 0.278151 0.801658
vt 0.278151 0.799542
vt 0.945804 0.717657
vt 0.947921 0.719774
vt 0.884792 0.075228
vt 0.882676 0.073112
vt 0.884792 0.073112
vt 0.945804 0.044332
vt 0.945804 0.042257
vt 0.465023 0.186993
vt 0.282342 0.776632
vt 0.299027 0.778707
vt 0.296910 0.778707
vt 0.219774 0.907858
vt 0.215582 0.905782
vt 0.219774 0.905782
vt 0.822921 0.546648
vt 0.384895 0.083177
vt 0.822921 0.545006
vt 0.872258 0.071036
vt 0.870183 0.068961
vt 0.434202 0.097940
vt 0.440040 0.092102
vt 0.434202 0.092102
vt 0.175947 0.926658
vt 0.167605 0.924542
vt 0.960413 0.046407
vt 0.958338 0.048483
vt 0.958338 0.046407
vt 0.425118 0.131031
vt 0.433067 0.114974
vt 0.425118 0.114974
vt 0.284418 0.799542
vt 0.282342 0.801658
vt 0.472972 0.090967
vt 0.480921 0.098916
vt 0.480921 0.090967
vt 0.211432 0.907858
vt 0.215582 0.907858
vt 0.829147 0.790685
vt 0.827071 0.790685
vt 0.433067 0.170935
vt 0.943729 0.692631
vt 0.945804 0.694748
vt 0.945804 0.696823
vt 0.945804 0.686406
vt 0.947921 0.698898
vt 0.947921 0.705165
vt 0.954147 0.690556
vt 0.954147 0.692631
vt 0.052914 0.778707
vt 0.059181 0.778707
vt 0.880601 0.077303
vt 0.880601 0.075228
vt 0.288568 0.778707
vt 0.075866 0.759948
vt 0.073749 0.757831
vt 0.077941 0.757831
vt 0.874334 0.073112
vt 0.941654 0.709315
vt 0.943729 0.707240
vt 0.943729 0.709315
vt 0.952071 0.044332
vt 0.952071 0.042257
vt 0.290685 0.778707
vt 0.288568 0.780782
vt 0.337042 0.211317
vt 0.943729 0.046407
vt 0.954147 0.707240
vt 0.956263 0.707240
vt 0.061275 0.916200
vt 0.075842 0.918316
vt 0.073767 0.918316
vt 0.882676 0.077303
vt 0.882676 0.075228
vt 0.296910 0.791200
vt 0.292760 0.793316
vt 0.954147 0.700973
vt 0.203090 0.920391
vt 0.207240 0.920391
vt 0.203090 0.922467
vt 0.196823 0.905782
vt 0.205165 0.907858
vt 0.205165 0.909974
vt 0.146753 0.762023
vt 0.144677 0.759948
vt 0.148828 0.762023
vt 0.096700 0.778707
vt 0.092550 0.776632
vt 0.096700 0.776632
vt 0.077959 0.937076
vt 0.061275 0.935000
vt 0.077959 0.935000
vt 0.244800 0.924542
vt 0.230191 0.922467
vt 0.290685 0.797467
vt 0.288568 0.791200
vt 0.954147 0.046407
vt 0.301102 0.787049
vt 0.301102 0.789124
vt 0.301102 0.791200
vt 0.309444 0.787049
vt 0.303177 0.789124
vt 0.305252 0.787049
vt 0.941654 0.048483
vt 0.198898 0.909974
vt 0.200973 0.914124
vt 0.888943 0.073112
vt 0.886868 0.071036
vt 0.888943 0.071036
vt 0.947921 0.044332
vt 0.465023 0.035482
vt 0.945804 0.040140
vt 0.956263 0.048483
vt 0.956263 0.046407
vt 0.071692 0.924542
vt 0.067500 0.926658
vt 0.059158 0.920391
vt 0.075842 0.918316
vt 0.074794 0.918316
vt 0.074154 0.918316
vt 0.074789 0.918316
vt 0.076911 0.918316
vt 0.077959 0.918316
vt 0.075842 0.916200
vt 0.876450 0.075228
vt 0.876450 0.073112
vt 0.196823 0.920391
vt 0.194748 0.918316
vt 0.196823 0.918316
vt 0.417328 0.059171
vt 0.409220 0.043272
vt 0.409220 0.059171
vt 0.886868 0.075228
vt 0.884792 0.073112
vt 0.886868 0.073112
vt 0.142579 0.928733
vt 0.144695 0.928733
vt 0.157188 0.930809
vt 0.960413 0.682214
vt 0.958338 0.686406
vt 0.958338 0.684289
vt 0.956263 0.698898
vt 0.418759 0.189091
vt 0.423528 0.193956
vt 0.423528 0.189091
vt 0.171797 0.922467
vt 0.182214 0.924542
vt 0.180139 0.924542
vt 0.943729 0.690556
vt 0.945804 0.692631
vt 0.309444 0.799542
vt 0.307369 0.799542
vt 0.949996 0.044332
vt 0.945804 0.046407
vt 0.945804 0.571692
vt 0.943729 0.559158
vt 0.945804 0.567500
vt 0.872258 0.073112
vt 0.870183 0.071036
vt 0.368679 0.195737
vt 0.376628 0.187629
vt 0.368679 0.187629
vt 0.878525 0.077303
vt 0.822921 0.811519
vt 0.820804 0.811519
vt 0.960413 0.690556
vt 0.960413 0.686406
vt 0.094625 0.789124
vt 0.096700 0.789124
vt 0.150944 0.778707
vt 0.161362 0.778707
vt 0.175971 0.778707
vt 0.175971 0.776632
vt 0.207240 0.922467
vt 0.213507 0.924542
vt 0.102985 0.926658
vt 0.102985 0.928734
vt 0.827071 0.857421
vt 0.824996 0.863647
vt 0.824996 0.857421
vt 0.822921 0.849079
vt 0.824996 0.851154
vt 0.822921 0.853230
vt 0.960413 0.048483
vt 0.958338 0.050599
vt 0.441016 0.090967
vt 0.433067 0.090967
vt 0.309444 0.801658
vt 0.328203 0.799542
vt 0.330278 0.799542
vt 0.188481 0.909974
vt 0.184289 0.909974
vt 0.194748 0.920391
vt 0.192631 0.918316
vt 0.190556 0.916200
vt 0.190556 0.918316
vt 0.188481 0.920391
vt 0.188481 0.918316
vt 0.884792 0.077303
vt 0.357398 0.874489
vt 0.357398 0.878681
vt 0.278151 0.774515
vt 0.274000 0.776632
vt 0.360730 0.155037
vt 0.360730 0.162986
vt 0.368679 0.170935
vt 0.259409 0.918316
vt 0.257293 0.918316
vt 0.288586 0.912049
vt 0.286511 0.916200
vt 0.282319 0.914124
vt 0.273977 0.916200
vt 0.251067 0.920391
vt 0.305252 0.801658
vt 0.309444 0.803733
vt 0.125895 0.932884
vt 0.119669 0.932884
vt 0.161362 0.799542
vt 0.157170 0.799542
vt 0.198898 0.926658
vt 0.207240 0.924542
vt 0.209315 0.924542
vt 0.822921 0.778151
vt 0.820804 0.782342
vt 0.820804 0.778151
vt 0.952071 0.046407
vt 0.943729 0.048483
vt 0.161362 0.797467
vt 0.355323 0.922467
vt 0.880601 0.079379
vt 0.822921 0.715564
vt 0.820804 0.721831
vt 0.184289 0.907858
vt 0.169722 0.909974
vt 0.167605 0.909974
vt 0.455410 0.814151
vt 0.453335 0.812076
vt 0.455410 0.812076
vt 0.171797 0.918316
vt 0.169722 0.920391
vt 0.874334 0.075228
vt 0.419966 0.805809
vt 0.422041 0.803734
vt 0.424137 0.803734
vt 0.417891 0.799542
vt 0.424158 0.799542
vt 0.417891 0.801658
vt 0.422740 0.802350
vt 0.422880 0.802073
vt 0.424158 0.803734
vt 0.424158 0.802706
vt 0.426233 0.803734
vt 0.949996 0.673872
vt 0.945804 0.671797
vt 0.947921 0.671797
vt 0.947921 0.669722
vt 0.954147 0.048483
vt 0.167605 0.905782
vt 0.169722 0.907858
vt 0.167605 0.907858
vt 0.949996 0.671797
vt 0.941654 0.050599
vt 0.207222 0.782858
vt 0.211414 0.789124
vt 0.211414 0.791200
vt 0.207222 0.791200
vt 0.217681 0.780782
vt 0.203072 0.782858
vt 0.219756 0.778707
vt 0.167605 0.912049
vt 0.169722 0.912049
vt 0.102985 0.909974
vt 0.115477 0.912049
vt 0.328203 0.791200
vt 0.326128 0.791200
vt 0.328203 0.787049
vt 0.324053 0.793316
vt 0.334470 0.789124
vt 0.344887 0.803733
vt 0.359496 0.801658
vt 0.363647 0.801658
vt 0.077941 0.770365
vt 0.080016 0.768290
vt 0.082091 0.768290
vt 0.328934 0.075228
vt 0.337042 0.107183
vt 0.337042 0.091285
vt 0.882676 0.079379
vt 0.365763 0.799542
vt 0.369914 0.797467
vt 0.363647 0.795391
vt 0.365763 0.795391
vt 0.351172 0.884948
vt 0.353247 0.887023
vt 0.346981 0.889098
vt 0.947921 0.046407
vt 0.833338 0.648828
vt 0.876450 0.077303
vt 0.945804 0.582109
vt 0.943729 0.577959
vt 0.945804 0.577959
vt 0.342812 0.778707
vt 0.342812 0.780782
vt 0.824996 0.836545
vt 0.822921 0.838620
vt 0.822921 0.836545
vt 0.188481 0.916200
vt 0.952071 0.617552
vt 0.954147 0.613402
vt 0.954147 0.619669
vt 0.956263 0.050599
vt 0.338620 0.784974
vt 0.336545 0.789124
vt 0.336545 0.784974
vt 0.820804 0.865763
vt 0.820804 0.869914
vt 0.816654 0.838620
vt 0.196805 0.776632
vt 0.213489 0.778707
vt 0.211414 0.778707
vt 0.949996 0.046407
vt 0.441016 0.130872
vt 0.441016 0.114974
vt 0.888943 0.075228
vt 0.831263 0.753124
vt 0.831263 0.757316
vt 0.829147 0.759391
vt 0.831263 0.742707
vt 0.833338 0.751049
vt 0.831263 0.744782
vt 0.827071 0.582091
vt 0.831263 0.580016
vt 0.831263 0.584208
vt 0.824996 0.582091
vt 0.822921 0.580016
vt 0.820804 0.577941
vt 0.878525 0.079379
vt 0.945804 0.048483
vt 0.453335 0.805809
vt 0.455410 0.805809
vt 0.344887 0.795391
vt 0.344887 0.797467
vt 0.344905 0.907858
vt 0.342830 0.907858
vt 0.351172 0.905782
vt 0.340714 0.916200
vt 0.334488 0.901632
vt 0.330296 0.903707
vt 0.330296 0.901632
vt 0.331780 0.903707
vt 0.334488 0.903707
vt 0.334474 0.903707
vt 0.332372 0.903707
vt 0.334493 0.903716
vt 0.872258 0.075228
vt 0.870183 0.073112
vt 0.886868 0.077303
vt 0.211432 0.920391
vt 0.219774 0.909974
vt 0.223924 0.918316
vt 0.211432 0.914124
vt 0.213507 0.916200
vt 0.188463 0.799542
vt 0.960413 0.050599
vt 0.958338 0.052674
vt 0.175971 0.799542
vt 0.820804 0.947068
vt 0.822921 0.951259
vt 0.822921 0.957526
vt 0.943729 0.050599
vt 0.178064 0.905782
vt 0.178064 0.903707
vt 0.952071 0.048483
vt 0.947921 0.690556
vt 0.376946 0.131190
vt 0.368838 0.147247
vt 0.376946 0.147247
vt 0.884792 0.079379
vt 0.409567 0.916200
vt 0.407450 0.920391
vt 0.409567 0.914124
vt 0.436668 0.909974
vt 0.442935 0.916200
vt 0.413717 0.916200
vt 0.824996 0.853229
vt 0.822921 0.857421
vt 0.941654 0.052674
vt 0.941654 0.874082
vt 0.943729 0.874082
vt 0.943729 0.876199
vt 0.328221 0.903707
vt 0.324029 0.901632
vt 0.328221 0.901632
vt 0.332395 0.782858
vt 0.351154 0.784974
vt 0.880601 0.081454
vt 0.954147 0.753142
vt 0.956263 0.753142
vt 0.956263 0.761485
vt 0.954147 0.817804
vt 0.954147 0.801120
vt 0.958338 0.713507
vt 0.958338 0.711432
vt 0.960413 0.692631
vt 0.242707 0.778707
vt 0.232249 0.780782
vt 0.228098 0.780782
vt 0.251067 0.914124
vt 0.248951 0.920391
vt 0.958338 0.644695
vt 0.956263 0.644695
vt 0.874334 0.077303
vt 0.150921 0.912049
vt 0.144695 0.912049
vt 0.882676 0.081454
vt 0.954147 0.050599
vt 0.954147 0.638428
vt 0.956263 0.638428
vt 0.407450 0.909974
vt 0.401225 0.907858
vt 0.403300 0.907858
vt 0.407450 0.905782
vt 0.405375 0.907858
vt 0.947921 0.048483
vt 0.142579 0.905782
vt 0.146771 0.907858
vt 0.142579 0.907858
vt 0.956263 0.073509
vt 0.956263 0.071434
vt 0.958338 0.063092
vt 0.411624 0.812076
vt 0.411624 0.810000
vt 0.413699 0.812076
vt 0.365763 0.782858
vt 0.365763 0.784974
vt 0.958338 0.050599
vt 0.956263 0.052674
vt 0.956263 0.050599
vt 0.071674 0.766173
vt 0.317786 0.797467
vt 0.319861 0.795391
vt 0.324053 0.789124
vt 0.324053 0.791200
vt 0.313594 0.782858
vt 0.299027 0.793316
vt 0.296910 0.793316
vt 0.365763 0.789124
vt 0.367839 0.789124
vt 0.365763 0.791200
vt 0.130086 0.922467
vt 0.138428 0.920391
vt 0.146771 0.926658
vt 0.351154 0.805809
vt 0.369914 0.803733
vt 0.369914 0.805809
vt 0.138428 0.930809
vt 0.136353 0.928733
vt 0.138428 0.928733
vt 0.876450 0.079379
vt 0.352781 0.170935
vt 0.360889 0.179044
vt 0.360889 0.170935
vt 0.303177 0.778707
vt 0.311519 0.776632
vt 0.888943 0.077303
vt 0.136353 0.930809
vt 0.134237 0.928733
vt 0.947921 0.634237
vt 0.369914 0.784974
vt 0.305270 0.916200
vt 0.311519 0.795391
vt 0.309444 0.795391
vt 0.313594 0.795391
vt 0.315711 0.797467
vt 0.309444 0.797467
vt 0.123819 0.907858
vt 0.123819 0.909974
vt 0.472813 0.155037
vt 0.464864 0.155037
vt 0.949996 0.634237
vt 0.947921 0.632161
vt 0.949996 0.048483
vt 0.113384 0.776632
vt 0.182196 0.778707
vt 0.182196 0.780782
vt 0.180121 0.778707
vt 0.180121 0.780782
vt 0.175971 0.791200
vt 0.384895 0.091126
vt 0.827071 0.738515
vt 0.371989 0.782858
vt 0.296978 0.179044
vt 0.288870 0.170935
vt 0.288870 0.179044
vt 0.945804 0.050599
vt 0.943729 0.052674
vt 0.943729 0.050599
vt 0.958338 0.619669
vt 0.958338 0.617552
vt 0.960413 0.609210
vt 0.140504 0.926658
vt 0.142579 0.926658
vt 0.140504 0.928733
vt 0.886868 0.079379
vt 0.947921 0.625895
vt 0.949996 0.630086
vt 0.947921 0.630086
vt 0.376199 0.909974
vt 0.376199 0.903707
vt 0.382424 0.909974
vt 0.952071 0.625895
vt 0.954147 0.630086
vt 0.952071 0.630086
vt 0.878525 0.081454
vt 0.960413 0.052674
vt 0.958338 0.054749
vt 0.952071 0.050599
vt 0.401207 0.787049
vt 0.872258 0.077303
vt 0.870183 0.075228
vt 0.952071 0.623819
vt 0.949996 0.623819
vt 0.947921 0.621744
vt 0.319861 0.805809
vt 0.326128 0.803733
vt 0.956263 0.540399
vt 0.954147 0.540399
vt 0.956263 0.538323
vt 0.954147 0.546665
vt 0.954147 0.542474
vt 0.956263 0.546665
vt 0.221831 0.782858
vt 0.228098 0.784974
vt 0.223906 0.787049
vt 0.221831 0.789124
vt 0.223906 0.789124
vt 0.157188 0.903707
vt 0.175947 0.905782
vt 0.382448 0.791200
vt 0.388673 0.801658
vt 0.388673 0.803733
vt 0.384523 0.789124
vt 0.178064 0.924542
vt 0.954147 0.052674
vt 0.884792 0.081454
vt 0.882676 0.079458
vt 0.884792 0.079458
vt 0.952071 0.821954
vt 0.954147 0.819879
vt 0.954147 0.824029
vt 0.401112 0.107024
vt 0.401112 0.099075
vt 0.393004 0.131031
vt 0.831263 0.880331
vt 0.829147 0.884523
vt 0.280226 0.782858
vt 0.276076 0.793316
vt 0.278151 0.787049
vt 0.278151 0.793316
vt 0.280226 0.793316
vt 0.368838 0.131190
vt 0.384736 0.131190
vt 0.956263 0.619669
vt 0.954147 0.617552
vt 0.874334 0.079379
vt 0.194748 0.905782
vt 0.196823 0.907858
vt 0.194748 0.907858
vt 0.941654 0.054749
vt 0.397015 0.799542
vt 0.401207 0.797467
vt 0.388673 0.797467
vt 0.388673 0.799542
vt 0.432500 0.812076
vt 0.442917 0.810000
vt 0.444992 0.810000
vt 0.880601 0.083570
vt 0.215582 0.928733
vt 0.215582 0.926658
vt 0.947921 0.050599
vt 0.945804 0.052674
vt 0.304768 0.107183
vt 0.288870 0.107183
vt 0.827071 0.632143
vt 0.818729 0.640486
vt 0.820804 0.634260
vt 0.107135 0.907858
vt 0.107135 0.920391
vt 0.371989 0.803733
vt 0.388673 0.805809
vt 0.824996 0.650944
vt 0.827071 0.655095
vt 0.822921 0.655095
vt 0.148828 0.776632
vt 0.150944 0.776632
vt 0.150944 0.774515
vt 0.824996 0.796910
vt 0.824996 0.803177
vt 0.949996 0.663455
vt 0.949996 0.665530
vt 0.952071 0.657188
vt 0.949996 0.653037
vt 0.949996 0.650921
vt 0.949996 0.657188
vt 0.307369 0.782858
vt 0.312717 0.155196
vt 0.052932 0.920391
vt 0.055008 0.920391
vt 0.052932 0.922467
vt 0.096718 0.930809
vt 0.100868 0.930809
vt 0.876450 0.081454
vt 0.882676 0.083570
vt 0.125895 0.912049
vt 0.107135 0.914124
vt 0.107135 0.912049
vt 0.943729 0.611327
vt 0.941654 0.609210
vt 0.943729 0.609210
vt 0.888943 0.079379
vt 0.393004 0.131190
vt 0.384895 0.123082
vt 0.384895 0.147088
vt 0.949996 0.788586
vt 0.949996 0.050599
vt 0.215582 0.901632
vt 0.240609 0.903707
vt 0.238533 0.903707
vt 0.956263 0.054750
vt 0.109210 0.916200
vt 0.109210 0.914124
vt 0.394940 0.793316
vt 0.403282 0.793316
vt 0.447068 0.791200
vt 0.457526 0.793316
vt 0.447068 0.793316
vt 0.829147 0.642602
vt 0.816654 0.684313
vt 0.818729 0.684313
vt 0.816654 0.692655
vt 0.353230 0.807884
vt 0.357421 0.805809
vt 0.357421 0.807884
vt 0.432477 0.889098
vt 0.430401 0.889098
vt 0.430401 0.887023
vt 0.945804 0.609210
vt 0.399132 0.807884
vt 0.413699 0.805809
vt 0.413699 0.807884
vt 0.956263 0.607135
vt 0.952071 0.605060
vt 0.954147 0.605060
vt 0.954147 0.600868
vt 0.952071 0.598793
vt 0.952071 0.596718
vt 0.949996 0.609210
vt 0.952071 0.052674
vt 0.952071 0.815687
vt 0.326146 0.905782
vt 0.369932 0.901632
vt 0.369932 0.903707
vt 0.067524 0.764098
vt 0.067524 0.762023
vt 0.069599 0.764098
vt 0.086301 0.930809
vt 0.090451 0.930809
vt 0.090451 0.932884
vt 0.829147 0.897015
vt 0.827071 0.905357
vt 0.827071 0.897015
vt 0.872258 0.079379
vt 0.870183 0.077303
vt 0.822921 0.899132
vt 0.820804 0.901207
vt 0.818729 0.901207
vt 0.943729 0.054750
vt 0.380349 0.889098
vt 0.380349 0.887023
vt 0.956263 0.611327
vt 0.958338 0.602985
vt 0.956263 0.613402
vt 0.956263 0.615477
vt 0.886868 0.081454
vt 0.878525 0.083570
vt 0.949996 0.052674
vt 0.827071 0.705147
vt 0.960413 0.054750
vt 0.958338 0.056825
vt 0.958338 0.054750
vt 0.401257 0.808196
vt 0.403643 0.808196
vt 0.403282 0.787049
vt 0.407474 0.784974
vt 0.415816 0.787049
vt 0.403282 0.784974
vt 0.822921 0.903282
vt 0.824996 0.903282
vt 0.822921 0.905357
vt 0.829147 0.905357
vt 0.833338 0.874105
vt 0.829147 0.909549
vt 0.067500 0.916200
vt 0.052932 0.914124
vt 0.067500 0.914124
vt 0.943729 0.680139
vt 0.941654 0.671797
vt 0.943729 0.673872
vt 0.818729 0.905357
vt 0.816654 0.907474
vt 0.816654 0.905357
vt 0.831263 0.909549
vt 0.833338 0.903282
vt 0.831263 0.911624
vt 0.958338 0.598793
vt 0.956263 0.600868
vt 0.956263 0.596718
vt 0.958338 0.590451
vt 0.958338 0.586301
vt 0.960413 0.580034
vt 0.084184 0.912049
vt 0.094643 0.912049
vt 0.092526 0.912049
vt 0.102985 0.912049
vt 0.954147 0.054750
vt 0.441175 0.219107
vt 0.449124 0.211158
vt 0.441175 0.211158
vt 0.090451 0.924542
vt 0.090451 0.926658
vt 0.407474 0.801658
vt 0.409549 0.801658
vt 0.407474 0.803734
vt 0.956263 0.592526
vt 0.954147 0.596718
vt 0.945804 0.588376
vt 0.947921 0.592526
vt 0.945804 0.592526
vt 0.884792 0.083570
vt 0.882676 0.081766
vt 0.883037 0.081766
vt 0.415816 0.789124
vt 0.401207 0.789124
vt 0.820804 0.909549
vt 0.822921 0.915816
vt 0.820804 0.915816
vt 0.125895 0.914124
vt 0.128011 0.912049
vt 0.125895 0.916200
vt 0.115477 0.920391
vt 0.117552 0.920391
vt 0.117552 0.924542
vt 0.082109 0.928734
vt 0.082109 0.926658
vt 0.084184 0.926658
vt 0.086301 0.918316
vt 0.084184 0.918316
vt 0.084184 0.916200
vt 0.107135 0.916200
vt 0.105060 0.916200
vt 0.102985 0.922467
vt 0.105060 0.920391
vt 0.125895 0.926658
vt 0.119669 0.924542
vt 0.411624 0.789124
vt 0.409549 0.791200
vt 0.409549 0.789124
vt 0.818729 0.909549
vt 0.816654 0.911624
vt 0.816654 0.909549
vt 0.822921 0.919966
vt 0.827071 0.917891
vt 0.822921 0.922041
vt 0.818729 0.751049
vt 0.820804 0.755200
vt 0.818729 0.755200
vt 0.816654 0.757316
vt 0.818729 0.757316
vt 0.954147 0.586301
vt 0.956263 0.586301
vt 0.880601 0.085645
vt 0.457074 0.219107
vt 0.449124 0.211158
vt 0.449124 0.219107
vt 0.941654 0.056825
vt 0.941654 0.054750
vt 0.211414 0.782858
vt 0.209339 0.782858
vt 0.211414 0.784974
vt 0.215564 0.782858
vt 0.947921 0.588376
vt 0.945804 0.586301
vt 0.820804 0.715564
vt 0.818729 0.663437
vt 0.888943 0.081454
vt 0.943729 0.586301
vt 0.945804 0.590451
vt 0.945804 0.594643
vt 0.947559 0.592526
vt 0.947559 0.595066
vt 0.824996 0.811519
vt 0.827071 0.811519
vt 0.827071 0.813594
vt 0.827071 0.809444
vt 0.829147 0.801102
vt 0.952071 0.584184
vt 0.954147 0.584184
vt 0.086301 0.935000
vt 0.084184 0.932884
vt 0.086301 0.932884
vt 0.960413 0.719774
vt 0.960413 0.723924
vt 0.882676 0.085645
vt 0.947921 0.052674
vt 0.945804 0.054750
vt 0.338620 0.793316
vt 0.344887 0.793316
vt 0.956263 0.056825
vt 0.945804 0.584184
vt 0.941654 0.582109
vt 0.943729 0.582109
vt 0.084184 0.935000
vt 0.082109 0.932884
vt 0.090451 0.912049
vt 0.100868 0.914124
vt 0.286511 0.920391
vt 0.276094 0.916200
vt 0.278169 0.916200
vt 0.943729 0.550816
vt 0.941654 0.555008
vt 0.943729 0.548741
vt 0.359514 0.882831
vt 0.365740 0.880756
vt 0.831263 0.782342
vt 0.833338 0.784418
vt 0.831263 0.801102
vt 0.824996 0.959601
vt 0.822921 0.961677
vt 0.082109 0.935000
vt 0.067500 0.932884
vt 0.069617 0.932884
vt 0.337042 0.179044
vt 0.328934 0.170935
vt 0.328934 0.179044
vt 0.413699 0.791200
vt 0.820804 0.642602
vt 0.829147 0.640486
vt 0.941654 0.565425
vt 0.943729 0.565425
vt 0.943729 0.569617
vt 0.369932 0.889098
vt 0.130068 0.764098
vt 0.422041 0.812076
vt 0.424158 0.810000
vt 0.422041 0.810000
vt 0.426233 0.810000
vt 0.960413 0.058941
vt 0.960413 0.058941
vt 0.386616 0.907858
vt 0.372007 0.901632
vt 0.146753 0.764098
vt 0.153019 0.764098
vt 0.958338 0.575842
vt 0.956263 0.584184
vt 0.956263 0.582109
vt 0.872258 0.081454
vt 0.870183 0.079379
vt 0.886868 0.083570
vt 0.878525 0.085645
vt 0.952071 0.054750
vt 0.943729 0.056825
vt 0.082109 0.914124
vt 0.155113 0.918316
vt 0.159263 0.916200
vt 0.153037 0.922467
vt 0.073767 0.914124
vt 0.061275 0.912049
vt 0.073767 0.912049
vt 0.827071 0.926233
vt 0.186388 0.787049
vt 0.192655 0.787049
vt 0.186388 0.789124
vt 0.175971 0.784974
vt 0.175971 0.787049
vt 0.173854 0.791200
vt 0.171779 0.789124
vt 0.173854 0.787049
vt 0.184313 0.784974
vt 0.186388 0.784974
vt 0.184313 0.787049
vt 0.175971 0.780782
vt 0.956263 0.569617
vt 0.960413 0.571692
vt 0.956263 0.571692
vt 0.954147 0.056825
vt 0.368838 0.091126
vt 0.376787 0.115133
vt 0.376787 0.099234
vt 0.941654 0.058941
vt 0.945804 0.723924
vt 0.945804 0.721849
vt 0.947921 0.054750
vt 0.094643 0.932884
vt 0.096718 0.935000
vt 0.954147 0.582109
vt 0.952071 0.577959
vt 0.090451 0.914124
vt 0.086301 0.914124
vt 0.874334 0.083570
vt 0.884792 0.085645
vt 0.438725 0.787049
vt 0.436650 0.789124
vt 0.434575 0.789124
vt 0.132144 0.772440
vt 0.822921 0.936650
vt 0.880601 0.087721
vt 0.949996 0.054750
vt 0.956263 0.058941
vt 0.046666 0.916200
vt 0.048741 0.916200
vt 0.048741 0.918316
vt 0.956263 0.567500
vt 0.956263 0.561275
vt 0.818729 0.903282
vt 0.433067 0.178726
vt 0.425118 0.162827
vt 0.425118 0.178726
vt 0.949996 0.909567
vt 0.949996 0.940819
vt 0.947921 0.954994
vt 0.945804 0.056825
vt 0.438725 0.793316
vt 0.444992 0.791200
vt 0.236458 0.914124
vt 0.234342 0.916200
vt 0.236458 0.918316
vt 0.238533 0.918316
vt 0.236458 0.920391
vt 0.413699 0.810000
vt 0.415816 0.807884
vt 0.949996 0.561275
vt 0.947921 0.544590
vt 0.952071 0.550816
vt 0.057083 0.932884
vt 0.063350 0.932884
vt 0.055008 0.935000
vt 0.061275 0.937076
vt 0.046666 0.935000
vt 0.876450 0.085645
vt 0.882676 0.087721
vt 0.947921 0.019306
vt 0.949996 0.021381
vt 0.209315 0.920391
vt 0.332395 0.787049
vt 0.413699 0.803734
vt 0.411624 0.803734
vt 0.430383 0.805809
vt 0.438725 0.803734
vt 0.442917 0.803734
vt 0.428308 0.803734
vt 0.428308 0.805809
vt 0.434575 0.805809
vt 0.444992 0.807884
vt 0.888943 0.083570
vt 0.065425 0.939151
vt 0.050816 0.937076
vt 0.065425 0.937076
vt 0.442917 0.789124
vt 0.958338 0.061016
vt 0.958338 0.058941
vt 0.057083 0.922467
vt 0.059158 0.924542
vt 0.409549 0.803734
vt 0.390790 0.805809
vt 0.945804 0.557083
vt 0.941654 0.557083
vt 0.050816 0.928734
vt 0.040399 0.926658
vt 0.050816 0.926658
vt 0.952071 0.056825
vt 0.822921 0.944992
vt 0.945804 0.056825
vt 0.943729 0.058941
vt 0.943729 0.056825
vt 0.142602 0.795391
vt 0.163437 0.782858
vt 0.163437 0.787049
vt 0.426233 0.799542
vt 0.428308 0.801658
vt 0.434575 0.801658
vt 0.958338 0.557083
vt 0.958338 0.555008
vt 0.960413 0.555008
vt 0.831263 0.805252
vt 0.829147 0.824053
vt 0.827071 0.947068
vt 0.824996 0.953335
vt 0.824996 0.951259
vt 0.824996 0.944992
vt 0.824996 0.947068
vt 0.165530 0.926658
vt 0.144695 0.926658
vt 0.835413 0.953335
vt 0.835413 0.959601
vt 0.833338 0.957526
vt 0.344991 0.171094
vt 0.337042 0.155196
vt 0.337042 0.171094
vt 0.088376 0.914124
vt 0.096718 0.916200
vt 0.958338 0.546666
vt 0.958338 0.544590
vt 0.960413 0.548741
vt 0.872258 0.083570
vt 0.870183 0.081454
vt 0.449184 0.810000
vt 0.447068 0.812076
vt 0.447068 0.810000
vt 0.886868 0.085645
vt 0.884792 0.083570
vt 0.886868 0.083570
vt 0.457868 0.218312
vt 0.464228 0.211953
vt 0.457868 0.211953
vt 0.223906 0.780782
vt 0.223906 0.778707
vt 0.947921 0.056825
vt 0.063350 0.930809
vt 0.055008 0.932884
vt 0.956263 0.782319
vt 0.956263 0.776094
vt 0.957105 0.952607
vt 0.365763 0.787049
vt 0.355305 0.784974
vt 0.371989 0.787049
vt 0.048741 0.932884
vt 0.050816 0.930809
vt 0.048741 0.935000
vt 0.451259 0.810000
vt 0.449184 0.812076
vt 0.878525 0.087721
vt 0.952071 0.546665
vt 0.949996 0.542474
vt 0.952071 0.542474
vt 0.827071 0.953335
vt 0.827071 0.951259
vt 0.941654 0.061016
vt 0.055008 0.918316
vt 0.050816 0.920391
vt 0.044590 0.920391
vt 0.048741 0.930809
vt 0.063350 0.928734
vt 0.050816 0.924542
vt 0.046666 0.922467
vt 0.042474 0.932884
vt 0.044590 0.932884
vt 0.459601 0.793316
vt 0.457526 0.791200
vt 0.461677 0.793316
vt 0.046666 0.930809
vt 0.947921 0.548741
vt 0.945804 0.548741
vt 0.320666 0.219266
vt 0.312717 0.211317
vt 0.312717 0.219266
vt 0.290661 0.912049
vt 0.409220 0.123082
vt 0.401112 0.099075
vt 0.453335 0.791200
vt 0.453335 0.789124
vt 0.459601 0.791200
vt 0.048741 0.916200
vt 0.831263 0.955410
vt 0.829147 0.955410
vt 0.956263 0.056825
vt 0.954147 0.056825
vt 0.947921 0.063092
vt 0.945804 0.061016
vt 0.949996 0.063092
vt 0.945804 0.067283
vt 0.947921 0.069359
vt 0.945804 0.069359
vt 0.943729 0.067283
vt 0.943729 0.069359
vt 0.941654 0.071434
vt 0.342830 0.924542
vt 0.336563 0.922467
vt 0.816654 0.959601
vt 0.816654 0.953335
vt 0.453335 0.810000
vt 0.455410 0.810000
vt 0.949996 0.613402
vt 0.874334 0.085645
vt 0.874334 0.083570
vt 0.090451 0.937076
vt 0.086301 0.935000
vt 0.945804 0.058941
vt 0.835413 0.925211
vt 0.833338 0.944992
vt 0.956263 0.061016
vt 0.113402 0.920391
vt 0.117552 0.918316
vt 0.044590 0.918316
vt 0.040399 0.916200
vt 0.044590 0.916200
vt 0.943729 0.073509
vt 0.941654 0.075625
vt 0.941654 0.073509
vt 0.947921 0.575842
vt 0.960413 0.073509
vt 0.958338 0.075625
vt 0.958338 0.073509
vt 0.945804 0.542474
vt 0.945804 0.075625
vt 0.943729 0.077701
vt 0.943729 0.075625
vt 0.949996 0.077701
vt 0.947921 0.079776
vt 0.947921 0.077701
vt 0.952071 0.079776
vt 0.952071 0.077701
vt 0.949996 0.056825
vt 0.947921 0.058941
vt 0.240609 0.909974
vt 0.943729 0.061016
vt 0.042474 0.920391
vt 0.040399 0.918316
vt 0.042474 0.918316
vt 0.954147 0.061016
vt 0.941654 0.063092
vt 0.949996 0.540399
vt 0.954147 0.538323
vt 0.952071 0.540399
vt 0.453335 0.793316
vt 0.459601 0.795391
vt 0.453335 0.795391
vt 0.941654 0.540399
vt 0.941654 0.542474
vt 0.943729 0.071434
vt 0.077959 0.926658
vt 0.080034 0.928734
vt 0.077959 0.928734
vt 0.080034 0.930809
vt 0.077959 0.930809
vt 0.425277 0.099075
vt 0.433226 0.114974
vt 0.433226 0.099075
vt 0.958338 0.540399
vt 0.960413 0.542474
vt 0.958338 0.542474
vt 0.040399 0.932884
vt 0.956263 0.075625
vt 0.459601 0.810000
vt 0.457526 0.812076
vt 0.947921 0.075625
vt 0.945804 0.077701
vt 0.459601 0.812076
vt 0.457526 0.814151
vt 0.042474 0.939151
vt 0.040399 0.937076
vt 0.949996 0.079776
vt 0.038323 0.916200
vt 0.040399 0.920391
vt 0.038323 0.918316
vt 0.829147 0.959601
vt 0.827071 0.961677
vt 0.827071 0.959601
vt 0.461677 0.795391
vt 0.820804 0.959601
vt 0.818729 0.961677
vt 0.818729 0.959601
vt 0.040399 0.922467
vt 0.038323 0.920391
vt 0.831263 0.959601
vt 0.829147 0.961677
vt 0.816654 0.961677
vt 0.833338 0.959601
vt 0.831263 0.961677
vt 0.876450 0.027251
vt 0.874334 0.023059
vt 0.947921 0.065167
vt 0.947921 0.067283
vt 0.949996 0.065167
vt 0.947921 0.071434
vt 0.038323 0.922467
vt 0.040399 0.928733
vt 0.040399 0.930809
vt 0.941654 0.538323
vt 0.943729 0.540399
vt 0.947921 0.073509
vt 0.954147 0.071434
vt 0.949996 0.075625
vt 0.949996 0.071434
vt 0.954147 0.065167
vt 0.038323 0.932884
vt 0.952071 0.632161
vt 0.954147 0.634237
vt 0.461677 0.810000
vt 0.296763 0.766775
vt 0.303389 0.765770
vt 0.296763 0.765770
vt 0.122250 0.966982
vt 0.122800 0.960378
vt 0.121059 0.970479
vt 0.468694 0.772803
vt 0.462068 0.759549
vt 0.462068 0.772803
vt 0.671349 0.771266
vt 0.664722 0.758013
vt 0.664722 0.771266
vt 0.764265 0.286663
vt 0.757494 0.280037
vt 0.757494 0.299916
vt 0.543439 0.756723
vt 0.545193 0.756496
vt 0.543440 0.756497
vt 0.750867 0.605458
vt 0.757638 0.558928
vt 0.750867 0.558928
vt 0.671349 0.704856
vt 0.658096 0.724736
vt 0.664722 0.724736
vt 0.757494 0.519313
vt 0.764121 0.517559
vt 0.760034 0.517559
vt 0.764265 0.332044
vt 0.764038 0.339675
vt 0.764265 0.339675
vt 0.744385 0.771266
vt 0.737758 0.758012
vt 0.737758 0.771266
vt 0.746143 0.053156
vt 0.752770 0.000000
vt 0.746143 0.000000
vt 0.684602 0.379579
vt 0.691229 0.293290
vt 0.684602 0.346446
vt 0.531940 0.212338
vt 0.545193 0.199085
vt 0.538566 0.172578
vt 0.422308 0.600224
vt 0.415682 0.586827
vt 0.422308 0.606851
vt 0.770747 0.173724
vt 0.777374 0.160471
vt 0.770747 0.160471
vt 0.576025 0.139446
vt 0.582651 0.132819
vt 0.516242 0.112939
vt 0.691229 0.512398
vt 0.691229 0.558784
vt 0.704482 0.499145
vt 0.642434 0.738277
vt 0.635808 0.738277
vt 0.635808 0.744904
vt 0.684602 0.771410
vt 0.677975 0.758157
vt 0.677975 0.771410
vt 0.635808 0.771410
vt 0.642434 0.758157
vt 0.635808 0.758157
vt 0.170483 0.731160
vt 0.183736 0.704510
vt 0.170483 0.704510
vt 0.730988 0.207144
vt 0.737614 0.220398
vt 0.737614 0.200518
vt 0.764409 0.678206
vt 0.771035 0.674055
vt 0.764409 0.674055
vt 0.770747 0.452327
vt 0.777374 0.439074
vt 0.770747 0.439074
vt 0.609302 0.172722
vt 0.607548 0.139446
vt 0.607548 0.172722
vt 0.771035 0.645073
vt 0.768966 0.649224
vt 0.771035 0.655181
vt 0.764409 0.704712
vt 0.771035 0.717965
vt 0.771035 0.704712
vt 0.292585 0.720245
vt 0.290136 0.753522
vt 0.292585 0.753522
vt 0.771179 0.764639
vt 0.764553 0.751386
vt 0.764553 0.764639
vt 0.741767 0.724736
vt 0.744385 0.735055
vt 0.744385 0.724736
vt 0.741767 0.740932
vt 0.744385 0.746695
vt 0.744385 0.740932
vt 0.764265 0.273410
vt 0.764265 0.266783
vt 0.757494 0.266783
vt 0.764121 0.433167
vt 0.764121 0.426541
vt 0.757494 0.419914
vt 0.408911 0.772803
vt 0.402285 0.759549
vt 0.402285 0.772803
vt 0.770747 0.399314
vt 0.773085 0.412567
vt 0.773085 0.399314
vt 0.310016 0.448268
vt 0.316642 0.401738
vt 0.310016 0.401738
vt 0.576025 0.696940
vt 0.569398 0.710193
vt 0.569398 0.716964
vt 0.415538 0.772803
vt 0.408911 0.759549
vt 0.218209 0.750602
vt 0.231462 0.763856
vt 0.231462 0.750602
vt 0.595904 0.132819
vt 0.589278 0.126193
vt 0.576025 0.119566
vt 0.551820 0.345157
vt 0.551820 0.358410
vt 0.558446 0.418193
vt 0.251342 0.777253
vt 0.244715 0.764000
vt 0.244715 0.777253
vt 0.170483 0.771064
vt 0.177110 0.757811
vt 0.170483 0.757811
vt 0.697855 0.771122
vt 0.691229 0.757869
vt 0.691229 0.771122
vt 0.395802 0.586827
vt 0.389032 0.593598
vt 0.382405 0.606851
vt 0.488718 0.420875
vt 0.481947 0.414249
vt 0.488718 0.427502
vt 0.190363 0.771064
vt 0.196990 0.757811
vt 0.190363 0.757811
vt 0.752770 0.000000
vt 0.759540 0.046530
vt 0.759540 0.000000
vt 0.764553 0.764639
vt 0.757782 0.751386
vt 0.757782 0.764639
vt 0.455441 0.726273
vt 0.468694 0.660007
vt 0.455441 0.660007
vt 0.303389 0.580943
vt 0.310016 0.567690
vt 0.283510 0.567690
vt 0.336802 0.700216
vt 0.330175 0.693589
vt 0.330175 0.726722
vt 0.488718 0.759405
vt 0.495344 0.712875
vt 0.488718 0.712875
vt 0.699613 0.000000
vt 0.706240 0.053157
vt 0.712866 0.053157
vt 0.691229 0.771266
vt 0.684602 0.758013
vt 0.684602 0.771266
vt 0.724361 0.492518
vt 0.730988 0.373096
vt 0.724361 0.373096
vt 0.777374 0.193603
vt 0.770747 0.180350
vt 0.770747 0.193603
vt 0.394167 0.007351
vt 0.380934 0.006616
vt 0.379833 0.026465
vt 0.717735 0.558784
vt 0.724361 0.565410
vt 0.717735 0.552157
vt 0.764121 0.439794
vt 0.757494 0.446421
vt 0.757494 0.453047
vt 0.389032 0.726417
vt 0.389032 0.719790
vt 0.382405 0.739670
vt 0.757494 0.472783
vt 0.750867 0.452903
vt 0.757494 0.505915
vt 0.732890 0.053157
vt 0.726120 0.000000
vt 0.726120 0.053157
vt 0.196990 0.757667
vt 0.203616 0.770920
vt 0.203616 0.757667
vt 0.482235 0.752635
vt 0.475465 0.759261
vt 0.475465 0.765888
vt 0.210243 0.751040
vt 0.217013 0.704510
vt 0.210243 0.704510
vt 0.770891 0.246904
vt 0.770891 0.240277
vt 0.764265 0.253530
vt 0.724361 0.671579
vt 0.730988 0.691603
vt 0.724361 0.664953
vt 0.770747 0.240277
vt 0.777374 0.227024
vt 0.770747 0.227024
vt 0.356825 0.647203
vt 0.343572 0.648839
vt 0.356825 0.648839
vt 0.629181 0.771266
vt 0.622555 0.758013
vt 0.622555 0.771266
vt 0.744241 0.153988
vt 0.737614 0.200518
vt 0.737614 0.213771
vt 0.203616 0.770920
vt 0.210243 0.761091
vt 0.203616 0.761091
vt 0.442188 0.753211
vt 0.440434 0.755660
vt 0.442188 0.755660
vt 0.316922 0.693589
vt 0.327241 0.691954
vt 0.316922 0.691954
vt 0.333119 0.693589
vt 0.338881 0.691953
vt 0.333119 0.691954
vt 0.764121 0.359555
vt 0.757494 0.379579
vt 0.764121 0.379579
vt 0.777374 0.237940
vt 0.779009 0.240277
vt 0.779009 0.237940
vt 0.589422 0.776747
vt 0.596048 0.763494
vt 0.589422 0.763494
vt 0.330175 0.753228
vt 0.332624 0.751474
vt 0.330175 0.751474
vt 0.332624 0.726722
vt 0.330175 0.728310
vt 0.332624 0.728310
vt 0.777518 0.565698
vt 0.770891 0.572325
vt 0.777518 0.572325
vt 0.784000 0.366182
vt 0.777374 0.359555
vt 0.777374 0.366182
vt 0.777518 0.578952
vt 0.551820 0.730073
vt 0.545193 0.753579
vt 0.551820 0.753579
vt 0.363452 0.580938
vt 0.356825 0.587708
vt 0.363452 0.587708
vt 0.210243 0.751040
vt 0.196990 0.744413
vt 0.210243 0.757667
vt 0.444664 0.569423
vt 0.442188 0.573574
vt 0.448815 0.573574
vt 0.455441 0.580200
vt 0.462068 0.580200
vt 0.455441 0.575783
vt 0.445332 0.569423
vt 0.452128 0.573574
vt 0.445332 0.569044
vt 0.455441 0.573574
vt 0.251342 0.764000
vt 0.251342 0.757373
vt 0.244715 0.757373
vt 0.777518 0.585578
vt 0.770891 0.592205
vt 0.777518 0.592205
vt 0.764409 0.704712
vt 0.757782 0.711339
vt 0.757782 0.717965
vt 0.303389 0.780172
vt 0.296763 0.773546
vt 0.296763 0.780172
vt 0.777518 0.592205
vt 0.770891 0.594823
vt 0.777518 0.594822
vt 0.770747 0.107458
vt 0.777374 0.094205
vt 0.770747 0.094205
vt 0.784000 0.372808
vt 0.777374 0.366182
vt 0.777374 0.372808
vt 0.784000 0.372808
vt 0.777374 0.379435
vt 0.784000 0.379435
vt 0.777518 0.598831
vt 0.770891 0.605458
vt 0.777518 0.605458
vt 0.310016 0.780172
vt 0.303389 0.773546
vt 0.428935 0.680031
vt 0.428935 0.686657
vt 0.448815 0.693284
vt 0.764121 0.525939
vt 0.764121 0.532566
vt 0.770747 0.532566
vt 0.455441 0.606851
vt 0.455441 0.586827
vt 0.468838 0.573574
vt 0.739517 0.053157
vt 0.732890 0.000000
vt 0.183736 0.771064
vt 0.177110 0.771064
vt 0.777374 0.379435
vt 0.784000 0.386061
vt 0.784000 0.379435
vt 0.395802 0.580200
vt 0.777518 0.625337
vt 0.770891 0.631964
vt 0.777518 0.631964
vt 0.770891 0.638591
vt 0.777518 0.638591
vt 0.283510 0.773690
vt 0.276883 0.780316
vt 0.283510 0.780316
vt 0.770891 0.738133
vt 0.777518 0.744759
vt 0.777518 0.738133
vt 0.777518 0.744759
vt 0.770891 0.751386
vt 0.777518 0.751386
vt 0.764121 0.074325
vt 0.770747 0.080952
vt 0.770747 0.074325
vt 0.642434 0.758157
vt 0.629181 0.744903
vt 0.629181 0.758157
vt 0.717735 0.399891
vt 0.724361 0.439794
vt 0.724361 0.399891
vt 0.759540 0.026506
vt 0.766167 0.033133
vt 0.766167 0.026506
vt 0.777374 0.206856
vt 0.770747 0.206856
vt 0.724361 0.160759
vt 0.737614 0.140735
vt 0.525317 0.090578
vt 0.509615 0.106169
vt 0.531274 0.096340
vt 0.509615 0.013253
vt 0.502989 0.026506
vt 0.514354 0.032313
vt 0.509686 0.033277
vt 0.514594 0.033277
vt 0.516242 0.039903
vt 0.516242 0.033277
vt 0.711108 0.731506
vt 0.717735 0.731506
vt 0.717735 0.718253
vt 0.420992 0.361164
vt 0.422093 0.341314
vt 0.196990 0.770920
vt 0.203616 0.777546
vt 0.203616 0.770920
vt 0.666481 0.239132
vt 0.679734 0.245759
vt 0.673107 0.239132
vt 0.683742 0.205855
vt 0.686360 0.201704
vt 0.683742 0.201704
vt 0.770747 0.512686
vt 0.770747 0.506059
vt 0.764121 0.506059
vt 0.635808 0.758157
vt 0.629181 0.771410
vt 0.630829 0.771410
vt 0.382549 0.772947
vt 0.389176 0.766176
vt 0.382549 0.766176
vt 0.655975 0.765491
vt 0.655975 0.758864
vt 0.649205 0.752238
vt 0.363308 0.766481
vt 0.369934 0.773252
vt 0.369934 0.766481
vt 0.784000 0.419194
vt 0.777374 0.425821
vt 0.784000 0.425821
vt 0.771179 0.764639
vt 0.777806 0.771266
vt 0.777806 0.764639
vt 0.671349 0.751386
vt 0.677975 0.704856
vt 0.671349 0.704856
vt 0.664722 0.771266
vt 0.658096 0.758013
vt 0.658096 0.771266
vt 0.303389 0.733642
vt 0.316643 0.740269
vt 0.303389 0.726871
vt 0.744241 0.486036
vt 0.750868 0.439506
vt 0.750868 0.419626
vt 0.501971 0.527044
vt 0.468694 0.500538
vt 0.481947 0.513791
vt 0.462068 0.447381
vt 0.495344 0.487285
vt 0.488718 0.440755
vt 0.409055 0.520417
vt 0.395658 0.527044
vt 0.402285 0.533815
vt 0.771179 0.737845
vt 0.764553 0.724592
vt 0.764553 0.737845
vt 0.375778 0.500538
vt 0.395658 0.493911
vt 0.409055 0.440755
vt 0.422308 0.759549
vt 0.422308 0.752923
vt 0.415682 0.752923
vt 0.764121 0.100832
vt 0.770747 0.100832
vt 0.737614 0.777892
vt 0.730988 0.771266
vt 0.730988 0.777892
vt 0.764409 0.691459
vt 0.771035 0.678206
vt 0.764409 0.678206
vt 0.777374 0.080952
vt 0.770747 0.080952
vt 0.764121 0.399603
vt 0.757494 0.379579
vt 0.757494 0.399603
vt 0.560434 0.716964
vt 0.562772 0.718599
vt 0.562772 0.716964
vt 0.764121 0.127338
vt 0.770747 0.133964
vt 0.770747 0.127338
vt 0.455441 0.766176
vt 0.455441 0.772803
vt 0.363308 0.766481
vt 0.356681 0.773252
vt 0.363308 0.773252
vt 0.409055 0.527044
vt 0.415682 0.547068
vt 0.415682 0.527044
vt 0.455441 0.766320
vt 0.448815 0.752923
vt 0.448815 0.766320
vt 0.218209 0.730723
vt 0.224980 0.724096
vt 0.218209 0.724096
vt 0.784000 0.432447
vt 0.777374 0.432447
vt 0.757782 0.764639
vt 0.751012 0.751386
vt 0.751012 0.764639
vt 0.589422 0.736844
vt 0.602819 0.723590
vt 0.596192 0.716964
vt 0.475465 0.659863
vt 0.488718 0.673116
vt 0.495344 0.646610
vt 0.462068 0.513791
vt 0.481947 0.547068
vt 0.488718 0.533815
vt 0.270257 0.773545
vt 0.263630 0.760292
vt 0.263630 0.773545
vt 0.336802 0.773252
vt 0.330175 0.779878
vt 0.336802 0.779878
vt 0.784000 0.625338
vt 0.777374 0.618711
vt 0.777374 0.625338
vt 0.771179 0.771266
vt 0.777806 0.777892
vt 0.777806 0.771266
vt 0.784144 0.253530
vt 0.777518 0.246904
vt 0.777518 0.253530
vt 0.190363 0.737931
vt 0.196990 0.744558
vt 0.190363 0.731160
vt 0.697855 0.565410
vt 0.704482 0.565410
vt 0.704482 0.552157
vt 0.744385 0.758012
vt 0.751011 0.711483
vt 0.744385 0.711483
vt 0.538566 0.769976
vt 0.545193 0.776603
vt 0.545193 0.769976
vt 0.609302 0.778036
vt 0.615928 0.771410
vt 0.609302 0.771410
vt 0.744385 0.658326
vt 0.751011 0.711483
vt 0.744385 0.645073
vt 0.615928 0.771410
vt 0.622555 0.778036
vt 0.622555 0.771410
vt 0.568009 0.478524
vt 0.567128 0.498384
vt 0.571830 0.545169
vt 0.766167 0.013253
vt 0.766167 0.006627
vt 0.759540 0.006627
vt 0.642434 0.778036
vt 0.635808 0.771410
vt 0.635808 0.778036
vt 0.531940 0.756723
vt 0.538566 0.723446
vt 0.531940 0.723446
vt 0.757494 0.133964
vt 0.764121 0.107458
vt 0.757494 0.107458
vt 0.730988 0.432735
vt 0.737614 0.386205
vt 0.737614 0.366326
vt 0.784000 0.153844
vt 0.777374 0.153844
vt 0.777374 0.512686
vt 0.784000 0.506059
vt 0.777374 0.506059
vt 0.671349 0.445988
vt 0.684602 0.392832
vt 0.671349 0.386205
vt 0.764265 0.359555
vt 0.757494 0.339675
vt 0.757494 0.346302
vt 0.764121 0.499433
vt 0.770747 0.479553
vt 0.764121 0.479553
vt 0.737614 0.439362
vt 0.744241 0.386205
vt 0.744241 0.353073
vt 0.196989 0.744558
vt 0.183736 0.751184
vt 0.183736 0.757811
vt 0.488718 0.692996
vt 0.482091 0.679743
vt 0.482091 0.686369
vt 0.784000 0.452327
vt 0.777374 0.445700
vt 0.777374 0.452327
vt 0.569398 0.783229
vt 0.576025 0.776603
vt 0.569398 0.776603
vt 0.582651 0.756579
vt 0.582651 0.710193
vt 0.576025 0.696940
vt 0.750867 0.399891
vt 0.757494 0.346734
vt 0.750867 0.346734
vt 0.777374 0.532566
vt 0.784000 0.525939
vt 0.777374 0.525939
vt 0.275014 0.002202
vt 0.282364 0.015067
vt 0.281631 0.001835
vt 0.257004 0.760292
vt 0.257004 0.773545
vt 0.737614 0.153988
vt 0.744241 0.114229
vt 0.744241 0.100976
vt 0.244715 0.750746
vt 0.238089 0.697590
vt 0.238089 0.750746
vt 0.711108 0.778036
vt 0.704482 0.771410
vt 0.704482 0.778036
vt 0.609302 0.764639
vt 0.615928 0.771410
vt 0.615928 0.764639
vt 0.770747 0.425821
vt 0.777374 0.412567
vt 0.770747 0.412567
vt 0.569398 0.743470
vt 0.569398 0.730217
vt 0.562772 0.730217
vt 0.730988 0.778036
vt 0.724361 0.771410
vt 0.724361 0.778036
vt 0.649205 0.765491
vt 0.655831 0.772261
vt 0.655831 0.765491
vt 0.757494 0.399891
vt 0.750867 0.399891
vt 0.777374 0.206856
vt 0.784000 0.200230
vt 0.777374 0.200230
vt 0.629181 0.346446
vt 0.615928 0.346446
vt 0.629181 0.399603
vt 0.724361 0.778036
vt 0.717735 0.771410
vt 0.717735 0.778036
vt 0.724361 0.771410
vt 0.717735 0.758157
vt 0.717735 0.771410
vt 0.751012 0.778036
vt 0.757638 0.771410
vt 0.751012 0.771410
vt 0.363308 0.693589
vt 0.356681 0.733348
vt 0.356681 0.753228
vt 0.764265 0.778036
vt 0.757638 0.778036
vt 0.764553 0.778036
vt 0.771179 0.771410
vt 0.764553 0.771410
vt 0.642578 0.765491
vt 0.649205 0.772261
vt 0.422308 0.773091
vt 0.428935 0.759838
vt 0.422308 0.759838
vt 0.609301 0.776603
vt 0.602675 0.783230
vt 0.609301 0.783230
vt 0.677975 0.771554
vt 0.671349 0.778180
vt 0.677975 0.778180
vt 0.183736 0.771064
vt 0.190363 0.759617
vt 0.183736 0.759617
vt 0.704482 0.771122
vt 0.697855 0.757869
vt 0.697855 0.771122
vt 0.649205 0.778888
vt 0.642578 0.772261
vt 0.642578 0.778888
vt 0.655831 0.778888
vt 0.649205 0.778888
vt 0.730988 0.538904
vt 0.737614 0.645073
vt 0.737614 0.545531
vt 0.551820 0.776603
vt 0.545193 0.769976
vt 0.545193 0.776603
vt 0.475609 0.765888
vt 0.482235 0.772658
vt 0.482235 0.765888
vt 0.218209 0.717470
vt 0.224836 0.715716
vt 0.218209 0.715716
vt 0.764265 0.319796
vt 0.757494 0.299916
vt 0.757494 0.319796
vt 0.468838 0.726273
vt 0.475465 0.613477
vt 0.468838 0.613477
vt 0.501971 0.566947
vt 0.501971 0.560321
vt 0.482091 0.560321
vt 0.596048 0.776747
vt 0.602675 0.783373
vt 0.602675 0.776747
vt 0.218209 0.783735
vt 0.224836 0.777109
vt 0.218209 0.777109
vt 0.560355 0.352012
vt 0.566975 0.352306
vt 0.560649 0.345392
vt 0.684602 0.645073
vt 0.677975 0.658470
vt 0.684602 0.731506
vt 0.336802 0.481251
vt 0.330175 0.467854
vt 0.330175 0.481251
vt 0.442188 0.759838
vt 0.448815 0.773091
vt 0.448815 0.759838
vt 0.649049 0.539659
vt 0.651481 0.386836
vt 0.649509 0.420054
vt 0.757494 0.300204
vt 0.750867 0.300204
vt 0.777374 0.213483
vt 0.784000 0.206856
vt 0.777374 0.478833
vt 0.784000 0.472206
vt 0.777374 0.472206
vt 0.751012 0.758012
vt 0.744385 0.758012
vt 0.501971 0.779285
vt 0.495344 0.772658
vt 0.495344 0.779285
vt 0.772793 0.006627
vt 0.779420 -0.000000
vt 0.772793 -0.000000
vt 0.757494 0.186977
vt 0.764121 0.160471
vt 0.757494 0.160471
vt 0.495344 0.586827
vt 0.482091 0.586827
vt 0.283510 0.773689
vt 0.276883 0.760436
vt 0.276883 0.773689
vt 0.231462 0.783735
vt 0.224836 0.783735
vt 0.671349 0.751386
vt 0.664722 0.751386
vt 0.658096 0.758013
vt 0.283510 0.727159
vt 0.276883 0.627473
vt 0.276883 0.733786
vt 0.508598 0.713020
vt 0.515224 0.759405
vt 0.515224 0.713020
vt 0.336802 0.467854
vt 0.336802 0.461228
vt 0.777374 0.485460
vt 0.784000 0.478833
vt 0.310016 0.547811
vt 0.310016 0.534557
vt 0.303389 0.547811
vt 0.779420 0.013253
vt 0.772793 0.006627
vt 0.772793 0.013253
vt 0.772793 0.033133
vt 0.779420 0.026506
vt 0.772793 0.026506
vt 0.784000 0.485460
vt 0.777374 0.492086
vt 0.784000 0.492086
vt 0.777374 0.180350
vt 0.784000 0.498713
vt 0.777374 0.492086
vt 0.777374 0.498713
vt 0.764121 0.127338
vt 0.764121 0.107458
vt 0.784000 0.499433
vt 0.777374 0.499433
vt 0.309197 0.020216
vt 0.314712 0.000000
vt 0.770747 0.226736
vt 0.777374 0.220110
vt 0.770747 0.220110
vt 0.770747 0.067699
vt 0.770747 0.452327
vt 0.777374 0.458953
vt 0.777374 0.452327
vt 0.779420 0.033133
vt 0.772794 0.039759
vt 0.779420 0.039759
vt 0.777374 0.519313
vt 0.784000 0.512686
vt 0.545193 0.617278
vt 0.545193 0.730073
vt 0.551964 0.670290
vt 0.777374 0.466300
vt 0.770747 0.459674
vt 0.770747 0.466300
vt 0.382405 0.779429
vt 0.375778 0.772803
vt 0.375778 0.779429
vt 0.576025 0.776603
vt 0.576025 0.769976
vt 0.569398 0.763350
vt 0.238089 0.783879
vt 0.244715 0.777253
vt 0.238089 0.777253
vt 0.596048 0.756867
vt 0.589422 0.736844
vt 0.711252 0.764639
vt 0.704482 0.751386
vt 0.704482 0.764639
vt 0.408911 0.779429
vt 0.415538 0.772803
vt 0.408911 0.772803
vt 0.770747 0.472927
vt 0.777374 0.466300
vt 0.770747 0.466300
vt 0.770747 0.486180
vt 0.777374 0.479553
vt 0.770747 0.479553
vt 0.777374 0.486180
vt 0.770747 0.492806
vt 0.777374 0.492806
vt 0.777374 0.499433
vt 0.730988 0.087578
vt 0.730988 0.080952
vt 0.724361 0.054446
vt 0.777374 0.512686
vt 0.770747 0.506059
vt 0.770747 0.512686
vt 0.531274 0.050012
vt 0.569398 0.006627
vt 0.516242 0.013253
vt 0.777374 0.067699
vt 0.784000 0.061072
vt 0.777374 0.061072
vt 0.777374 0.525939
vt 0.770747 0.519313
vt 0.770747 0.525939
vt 0.428935 0.507164
vt 0.435561 0.513791
vt 0.435561 0.507164
vt 0.744241 0.280036
vt 0.744241 0.260157
vt 0.737614 0.260157
vt 0.558446 0.537759
vt 0.551820 0.497856
vt 0.551820 0.524506
vt 0.772794 0.013253
vt 0.772794 0.006627
vt 0.766167 0.000000
vt 0.435561 0.773379
vt 0.442188 0.766608
vt 0.435561 0.766608
vt 0.428935 0.779717
vt 0.435561 0.773091
vt 0.428935 0.773091
vt 0.784000 0.074325
vt 0.784000 0.067699
vt 0.737614 0.771266
vt 0.730988 0.758012
vt 0.730988 0.771266
vt 0.770747 0.519313
vt 0.770747 0.153844
vt 0.764121 0.160471
vt 0.770747 0.160471
vt 0.350487 0.773252
vt 0.343860 0.779878
vt 0.350487 0.779878
vt 0.270257 0.766919
vt 0.276883 0.765914
vt 0.270257 0.765914
vt 0.323548 0.773540
vt 0.330175 0.766769
vt 0.323548 0.766769
vt 0.777374 0.532566
vt 0.770747 0.525939
vt 0.770747 0.532566
vt 0.296763 0.567690
vt 0.303389 0.554437
vt 0.770747 0.539192
vt 0.524288 0.375224
vt 0.524800 0.368617
vt 0.525087 0.361993
vt 0.382405 0.752923
vt 0.382405 0.766176
vt 0.777374 0.120711
vt 0.770747 0.120711
vt 0.369934 0.779878
vt 0.363308 0.773252
vt 0.363308 0.779878
vt 0.356681 0.779878
vt 0.356681 0.773252
vt 0.283510 0.779884
vt 0.290136 0.773257
vt 0.283510 0.773257
vt 0.602675 0.776603
vt 0.609301 0.769976
vt 0.609301 0.763350
vt 0.290136 0.773546
vt 0.296763 0.766775
vt 0.290136 0.766775
vt 0.303389 0.773546
vt 0.303389 0.766775
vt 0.757494 0.240421
vt 0.750867 0.247048
vt 0.757494 0.293578
vt 0.777374 0.080952
vt 0.784000 0.087578
vt 0.784000 0.080952
vt 0.343428 0.766625
vt 0.336801 0.773396
vt 0.343428 0.773396
vt 0.336946 0.753228
vt 0.343716 0.746601
vt 0.343716 0.726722
vt 0.336802 0.780022
vt 0.343428 0.773396
vt 0.336802 0.773396
vt 0.316642 0.780028
vt 0.310016 0.773401
vt 0.310016 0.780028
vt 0.316922 0.773540
vt 0.316922 0.766769
vt 0.310016 0.766775
vt 0.350487 0.726722
vt 0.343716 0.733348
vt 0.343716 0.753228
vt 0.582651 0.768828
vt 0.581755 0.769832
vt 0.582651 0.769832
vt 0.673107 0.000000
vt 0.679734 0.066410
vt 0.679734 0.000000
vt 0.476469 0.712876
vt 0.475465 0.716885
vt 0.476469 0.716885
vt 0.764121 0.213771
vt 0.757494 0.240277
vt 0.764121 0.240277
vt 0.316642 0.680486
vt 0.290136 0.634100
vt 0.290136 0.687112
vt 0.764121 0.133964
vt 0.757494 0.133964
vt 0.757494 0.193891
vt 0.764121 0.193891
vt 0.757494 0.187265
vt 0.757494 0.539048
vt 0.757494 0.532422
vt 0.750867 0.505915
vt 0.336802 0.753228
vt 0.336802 0.759855
vt 0.438725 0.812076
vt 0.452607 0.919296
vt 0.452607 0.920391
vt 0.449161 0.920391
vt 0.454994 0.919296
vt 0.438743 0.909974
vt 0.454994 0.903707
vt 0.822921 0.871989
vt 0.824996 0.577941
vt 0.829147 0.580016
vt 0.480762 0.075228
vt 0.048723 0.776632
vt 0.817787 0.545006
vt 0.372007 0.909974
vt 0.242707 0.780782
vt 0.232249 0.784974
vt 0.246858 0.789124
vt 0.228098 0.787049
vt 0.886868 0.051707
vt 0.888943 0.052277
vt 0.476424 0.131031
vt 0.480762 0.131031
vt 0.472813 0.123082
vt 0.454994 0.926658
vt 0.824996 0.546648
vt 0.824996 0.545006
vt 0.052914 0.778138
vt 0.816654 0.550839
vt 0.336883 0.075228
vt 0.336883 0.043272
vt 0.480762 0.120899
vt 0.472813 0.123082
vt 0.425118 0.210999
vt 0.425118 0.194942
vt 0.080016 0.772440
vt 0.080016 0.774515
vt 0.046648 0.774515
vt 0.045006 0.774515
vt 0.045006 0.772440
vt 0.071674 0.772440
vt 0.075866 0.770365
vt 0.071674 0.768290
vt 0.073749 0.768290
vt 0.069599 0.766173
vt 0.069599 0.770365
vt 0.196823 0.909974
vt 0.200973 0.916200
vt 0.198898 0.920391
vt 0.207240 0.918316
vt 0.472813 0.146770
vt 0.956263 0.063092
vt 0.960413 0.069359
vt 0.958338 0.071434
vt 0.960413 0.067283
vt 0.958338 0.065167
vt 0.472972 0.210999
vt 0.363647 0.807884
vt 0.361572 0.805809
vt 0.365763 0.807884
vt 0.365763 0.805809
vt 0.367839 0.807884
vt 0.367839 0.805809
vt 0.369914 0.807884
vt 0.377341 0.805809
vt 0.378256 0.805888
vt 0.378256 0.807884
vt 0.472813 0.067120
vt 0.320666 0.195260
vt 0.820804 0.586283
vt 0.820804 0.584208
vt 0.831263 0.586283
vt 0.829147 0.588358
vt 0.827071 0.588358
vt 0.827071 0.590433
vt 0.822921 0.590433
vt 0.820804 0.588358
vt 0.441016 0.067279
vt 0.234365 0.799542
vt 0.234365 0.801658
vt 0.226023 0.799542
vt 0.816654 0.932500
vt 0.816654 0.919966
vt 0.816654 0.913699
vt 0.818729 0.913699
vt 0.818729 0.926233
vt 0.820804 0.926233
vt 0.822921 0.940842
vt 0.374082 0.899515
vt 0.065407 0.780782
vt 0.061257 0.797467
vt 0.393162 0.170935
vt 0.822921 0.567523
vt 0.441175 0.211158
vt 0.100892 0.776632
vt 0.107117 0.776632
vt 0.098775 0.776632
vt 0.088358 0.787049
vt 0.090433 0.789124
vt 0.092550 0.789124
vt 0.098775 0.791200
vt 0.098775 0.795391
vt 0.067524 0.778707
vt 0.050839 0.778707
vt 0.045006 0.794296
vt 0.045006 0.778707
vt 0.047393 0.794296
vt 0.047393 0.797152
vt 0.047393 0.797467
vt 0.344991 0.019266
vt 0.378256 0.797467
vt 0.376181 0.797467
vt 0.374105 0.797467
vt 0.384523 0.787049
vt 0.369914 0.789124
vt 0.829147 0.571674
vt 0.409220 0.187470
vt 0.820804 0.615459
vt 0.822921 0.630068
vt 0.822921 0.632143
vt 0.816654 0.698880
vt 0.816654 0.696805
vt 0.818729 0.696805
vt 0.818729 0.700997
vt 0.816654 0.700997
vt 0.818729 0.705147
vt 0.816654 0.719756
vt 0.818729 0.709339
vt 0.816654 0.721831
vt 0.818729 0.711414
vt 0.816654 0.742707
vt 0.818729 0.713489
vt 0.296819 0.187152
vt 0.393004 0.083177
vt 0.480921 0.043432
vt 0.296819 0.211158
vt 0.947921 0.023456
vt 0.822921 0.577941
vt 0.824996 0.575866
vt 0.384895 0.171413
vt 0.352781 0.195260
vt 0.428308 0.797467
vt 0.432500 0.797467
vt 0.430383 0.799542
vt 0.419966 0.799542
vt 0.428308 0.795391
vt 0.432500 0.801658
vt 0.451259 0.795391
vt 0.442917 0.793316
vt 0.449184 0.805809
vt 0.447068 0.805809
vt 0.447068 0.799542
vt 0.816654 0.942917
vt 0.818729 0.938725
vt 0.816654 0.951259
vt 0.822921 0.959601
vt 0.820804 0.961677
vt 0.401271 0.171253
vt 0.480921 0.106865
vt 0.433226 0.195260
vt 0.337042 0.195419
vt 0.441175 0.162827
vt 0.344991 0.107183
vt 0.815267 0.537568
vt 0.824996 0.545006
vt 0.352940 0.099234
vt 0.080016 0.753681
vt 0.069599 0.753681
vt 0.071674 0.753681
vt 0.073749 0.751606
vt 0.075866 0.751606
vt 0.829147 0.619651
vt 0.827071 0.592550
vt 0.824996 0.592550
vt 0.433067 0.218948
vt 0.433067 0.210999
vt 0.424134 0.878681
vt 0.880601 0.027251
vt 0.480921 0.114815
vt 0.400953 0.059171
vt 0.353099 0.155037
vt 0.450221 0.903707
vt 0.403300 0.903707
vt 0.454994 0.901632
vt 0.409220 0.163145
vt 0.449124 0.051699
vt 0.441175 0.027374
vt 0.153019 0.795391
vt 0.077941 0.768290
vt 0.422059 0.893290
vt 0.480921 0.027533
vt 0.472813 0.067279
vt 0.480921 0.043590
vt 0.480921 0.170776
vt 0.880601 0.023059
vt 0.884792 0.023059
vt 0.876450 0.025176
vt 0.419984 0.878681
vt 0.045006 0.798912
vt 0.045006 0.797467
vt 0.047393 0.799542
vt 0.949996 0.565425
vt 0.952071 0.565425
vt 0.952071 0.567500
vt 0.945804 0.552932
vt 0.943729 0.552932
vt 0.301120 0.924542
vt 0.251067 0.922467
vt 0.253142 0.922467
vt 0.311537 0.924542
vt 0.255218 0.922467
vt 0.319879 0.924542
vt 0.257293 0.922467
vt 0.334488 0.924542
vt 0.301120 0.922467
vt 0.259409 0.899515
vt 0.261485 0.901632
vt 0.426251 0.891173
vt 0.424134 0.887023
vt 0.426251 0.884948
vt 0.428326 0.889098
vt 0.130068 0.799542
vt 0.132144 0.797467
vt 0.248933 0.793316
vt 0.255200 0.793316
vt 0.228098 0.791200
vt 0.257316 0.795391
vt 0.257316 0.793316
vt 0.251049 0.795391
vt 0.248933 0.795391
vt 0.441016 0.155037
vt 0.882676 0.048085
vt 0.876450 0.048085
vt 0.952071 0.590451
vt 0.949996 0.590451
vt 0.949996 0.588376
vt 0.086283 0.749489
vt 0.413717 0.880756
vt 0.376787 0.171412
vt 0.417909 0.891173
vt 0.422059 0.895365
vt 0.415792 0.893290
vt 0.828095 0.543517
vt 0.827081 0.541197
vt 0.328934 0.139139
vt 0.833338 0.596700
vt 0.775421 0.502518
vt 0.799038 0.522727
vt 0.328934 0.115133
vt 0.833338 0.602967
vt 0.833338 0.617576
vt 0.949996 0.874082
vt 0.949996 0.872007
vt 0.954147 0.872007
vt 0.954147 0.874082
vt 0.943729 0.938743
vt 0.945804 0.938743
vt 0.945804 0.942935
vt 0.947921 0.880349
vt 0.943729 0.952607
vt 0.947921 0.954994
vt 0.945173 0.954994
vt 0.046648 0.799542
vt 0.121726 0.799542
vt 0.045006 0.801658
vt 0.422041 0.789124
vt 0.417891 0.789124
vt 0.417891 0.787049
vt 0.419966 0.787049
vt 0.434575 0.787049
vt 0.305270 0.909974
vt 0.307345 0.909974
vt 0.307345 0.912049
vt 0.288586 0.905782
vt 0.294853 0.909974
vt 0.305270 0.920391
vt 0.884792 0.050202
vt 0.417169 0.211476
vt 0.425118 0.211476
vt 0.874334 0.048085
vt 0.385054 0.171253
vt 0.434575 0.807884
vt 0.945804 0.029723
vt 0.296819 0.075228
vt 0.304768 0.075228
vt 0.304768 0.067279
vt 0.312717 0.067279
vt 0.312717 0.075228
vt 0.320825 0.019266
vt 0.312717 0.019266
vt 0.312717 0.027374
vt 0.304768 0.027374
vt 0.296819 0.019266
vt 0.288870 0.019266
vt 0.296819 0.027374
vt 0.328934 0.218948
vt 0.328934 0.210999
vt 0.394940 0.805809
vt 0.399132 0.805809
vt 0.388673 0.805809
vt 0.379727 0.805888
vt 0.382114 0.805809
vt 0.382448 0.805809
vt 0.320666 0.170935
vt 0.368679 0.211635
vt 0.376787 0.211635
vt 0.833338 0.765658
vt 0.835413 0.765658
vt 0.090433 0.755756
vt 0.200997 0.799542
vt 0.313612 0.903707
vt 0.286511 0.903707
vt 0.284436 0.903707
vt 0.282319 0.903707
vt 0.321954 0.903707
vt 0.259409 0.901632
vt 0.271902 0.903707
vt 0.280244 0.903707
vt 0.360730 0.195260
vt 0.472972 0.114815
vt 0.822921 0.642602
vt 0.954147 0.907450
vt 0.954147 0.909567
vt 0.400953 0.211158
vt 0.200973 0.922467
vt 0.192631 0.922467
vt 0.190556 0.922467
vt 0.192631 0.920391
vt 0.171797 0.920391
vt 0.175947 0.920391
vt 0.186406 0.918316
vt 0.175947 0.918316
vt 0.368679 0.219107
vt 0.949996 0.905375
vt 0.399132 0.789124
vt 0.378274 0.926658
vt 0.822921 0.903282
vt 0.822921 0.888673
vt 0.824996 0.888673
vt 0.824996 0.892865
vt 0.827071 0.915816
vt 0.824996 0.915816
vt 0.824996 0.907474
vt 0.824996 0.899132
vt 0.827071 0.892865
vt 0.827071 0.876181
vt 0.829147 0.876181
vt 0.829147 0.861572
vt 0.831263 0.838620
vt 0.833338 0.838620
vt 0.833338 0.849079
vt 0.833338 0.863647
vt 0.835413 0.817786
vt 0.835413 0.849079
vt 0.833338 0.815711
vt 0.835413 0.815711
vt 0.833338 0.830278
vt 0.833338 0.832395
vt 0.960413 0.678064
vt 0.872258 0.052277
vt 0.433067 0.075228
vt 0.360730 0.211158
vt 0.818729 0.600892
vt 0.488711 0.123082
vt 0.115459 0.762023
vt 0.397033 0.903707
vt 0.242684 0.903707
vt 0.248951 0.903707
vt 0.232266 0.903707
vt 0.232266 0.905782
vt 0.261485 0.920391
vt 0.261485 0.922467
vt 0.242684 0.922467
vt 0.246876 0.916200
vt 0.246876 0.914124
vt 0.242684 0.916200
vt 0.424134 0.895365
vt 0.438743 0.897440
vt 0.419984 0.897440
vt 0.328934 0.155037
vt 0.271884 0.780782
vt 0.465023 0.211158
vt 0.952071 0.646770
vt 0.949996 0.646770
vt 0.949996 0.642579
vt 0.947921 0.642579
vt 0.428326 0.880756
vt 0.430401 0.882831
vt 0.415792 0.891173
vt 0.397033 0.889098
vt 0.411642 0.874489
vt 0.413717 0.876606
vt 0.257316 0.791200
vt 0.818729 0.899132
vt 0.958338 0.663455
vt 0.958338 0.655113
vt 0.960413 0.655113
vt 0.960413 0.661380
vt 0.958338 0.665530
vt 0.960413 0.665530
vt 0.958338 0.667605
vt 0.960413 0.667605
vt 0.958338 0.669722
vt 0.960413 0.669722
vt 0.956263 0.675947
vt 0.132161 0.920391
vt 0.111309 0.774515
vt 0.098775 0.774515
vt 0.134260 0.768290
vt 0.134260 0.772440
vt 0.943729 0.655113
vt 0.943729 0.636353
vt 0.945804 0.630086
vt 0.941654 0.611327
vt 0.943729 0.628011
vt 0.941654 0.636353
vt 0.393004 0.179362
vt 0.954147 0.684289
vt 0.952071 0.684289
vt 0.956263 0.665530
vt 0.954147 0.644695
vt 0.952071 0.665530
vt 0.952071 0.667605
vt 0.098793 0.926658
vt 0.121726 0.776632
vt 0.425118 0.043113
vt 0.824996 0.761467
vt 0.824996 0.778151
vt 0.442917 0.805809
vt 0.956263 0.040140
vt 0.816654 0.592550
vt 0.818729 0.567523
vt 0.587542 0.335457
vt 0.816654 0.607117
vt 0.816654 0.619651
vt 0.816654 0.630068
vt 0.816654 0.632143
vt 0.818729 0.646753
vt 0.820804 0.644677
vt 0.820804 0.646753
vt 0.818729 0.644677
vt 0.818729 0.550839
vt 0.818729 0.548723
vt 0.818729 0.545006
vt 0.819847 0.544571
vt 0.745436 0.458858
vt 0.714034 0.416834
vt 0.818729 0.552915
vt 0.368838 0.115133
vt 0.368838 0.019266
vt 0.818729 0.613384
vt 0.417169 0.114974
vt 0.818729 0.627993
vt 0.401112 0.131031
vt 0.393162 0.131031
vt 0.818729 0.636335
vt 0.441175 0.114974
vt 0.441175 0.099075
vt 0.818729 0.625918
vt 0.818729 0.621726
vt 0.360889 0.019266
vt 0.209315 0.907858
vt 0.213507 0.912049
vt 0.213507 0.914124
vt 0.207240 0.914124
vt 0.165512 0.782858
vt 0.829147 0.761467
vt 0.833338 0.767734
vt 0.831263 0.767734
vt 0.831263 0.765658
vt 0.248933 0.797467
vt 0.100892 0.795391
vt 0.123801 0.795391
vt 0.125918 0.795391
vt 0.171779 0.795391
vt 0.226023 0.795391
vt 0.188463 0.795391
vt 0.223906 0.795391
vt 0.221831 0.795391
vt 0.192655 0.795391
vt 0.194730 0.795391
vt 0.456915 0.083495
vt 0.140486 0.757831
vt 0.138410 0.757831
vt 0.134260 0.749489
vt 0.142602 0.749489
vt 0.142602 0.753681
vt 0.140486 0.749489
vt 0.409567 0.922467
vt 0.453352 0.922467
vt 0.454994 0.922467
vt 0.454994 0.924542
vt 0.401225 0.924542
vt 0.407450 0.922467
vt 0.388691 0.924542
vt 0.405375 0.922467
vt 0.380349 0.924542
vt 0.388691 0.922467
vt 0.380349 0.922467
vt 0.374082 0.924542
vt 0.376199 0.922467
vt 0.372007 0.924542
vt 0.374082 0.922467
vt 0.361590 0.924542
vt 0.372007 0.922467
vt 0.943729 0.600868
vt 0.127993 0.776632
vt 0.472972 0.195101
vt 0.312717 0.195419
vt 0.328934 0.019266
vt 0.425118 0.187470
vt 0.829147 0.627993
vt 0.882676 0.020984
vt 0.952071 0.029723
vt 0.956263 0.029723
vt 0.296660 0.155037
vt 0.136353 0.912049
vt 0.949996 0.867857
vt 0.320825 0.131190
vt 0.365740 0.893290
vt 0.472813 0.138821
vt 0.337042 0.171094
vt 0.954147 0.040140
vt 0.296819 0.155037
vt 0.465023 0.107183
vt 0.457074 0.195260
vt 0.234342 0.926658
vt 0.230191 0.926658
vt 0.230191 0.924542
vt 0.238533 0.924542
vt 0.276094 0.926658
vt 0.240609 0.924542
vt 0.273977 0.924542
vt 0.253142 0.924542
vt 0.409567 0.880756
vt 0.408902 0.091126
vt 0.816654 0.855305
vt 0.818729 0.855305
vt 0.818729 0.865763
vt 0.816654 0.884523
vt 0.140486 0.747414
vt 0.433067 0.162827
vt 0.943729 0.038065
vt 0.943729 0.033915
vt 0.465023 0.170777
vt 0.312717 0.211317
vt 0.956263 0.017231
vt 0.956263 0.021381
vt 0.945804 0.017231
vt 0.943729 0.017231
vt 0.943729 0.013039
vt 0.084208 0.776632
vt 0.098775 0.764098
vt 0.084208 0.766173
vt 0.831263 0.769809
vt 0.831263 0.778151
vt 0.831263 0.776076
vt 0.835413 0.778151
vt 0.835413 0.784418
vt 0.954147 0.029723
vt 0.952071 0.805270
vt 0.947921 0.811537
vt 0.945804 0.811537
vt 0.393004 0.059171
vt 0.833338 0.653019
vt 0.870183 0.054352
vt 0.872258 0.054352
vt 0.132144 0.776632
vt 0.457526 0.807884
vt 0.444992 0.805809
vt 0.459601 0.805809
vt 0.461677 0.797467
vt 0.393004 0.179044
vt 0.312717 0.195260
vt 0.833338 0.915816
vt 0.835413 0.903282
vt 0.835413 0.915816
vt 0.835413 0.924158
vt 0.833338 0.924158
vt 0.831263 0.932500
vt 0.833338 0.917891
vt 0.833338 0.938725
vt 0.829147 0.932500
vt 0.328934 0.195260
vt 0.357398 0.889098
vt 0.386598 0.787049
vt 0.947921 0.029723
vt 0.952125 0.862441
vt 0.954274 0.862441
vt 0.954274 0.871077
vt 0.954274 0.873225
vt 0.949977 0.873225
vt 0.949977 0.871077
vt 0.949977 0.868929
vt 0.945638 0.868929
vt 0.945638 0.843022
vt 0.954274 0.855954
vt 0.954274 0.858102
vt 0.952125 0.858102
vt 0.947829 0.843022
vt 0.947829 0.838683
vt 0.945638 0.838683
vt 0.945638 0.832195
vt 0.952125 0.855954
vt 0.947829 0.830047
vt 0.949977 0.830047
vt 0.952125 0.830047
vt 0.952125 0.823559
vt 0.954274 0.823559
vt 0.954274 0.834386
vt 0.952125 0.851658
vt 0.954274 0.849466
vt 0.954274 0.851658
vt 0.952125 0.849466
vt 0.952125 0.834386
vt 0.954274 0.843022
vt 0.954274 0.847318
vt 0.952125 0.821411
vt 0.947829 0.817115
vt 0.952125 0.819263
vt 0.954274 0.819263
vt 0.947829 0.812775
vt 0.947829 0.810627
vt 0.945638 0.823559
vt 0.945638 0.819263
vt 0.945638 0.827899
vt 0.945638 0.825750
vt 0.947829 0.825750
vt 0.480921 0.179044
vt 0.465023 0.019425
vt 0.309444 0.791200
vt 0.457074 0.179044
vt 0.417169 0.114974
vt 0.184289 0.926658
vt 0.190556 0.928733
vt 0.822921 0.698880
vt 0.344991 0.099234
vt 0.342830 0.920391
vt 0.361590 0.920391
vt 0.376199 0.920391
vt 0.405375 0.920391
vt 0.407450 0.920391
vt 0.409567 0.920391
vt 0.422059 0.920391
vt 0.438743 0.920391
vt 0.453352 0.920391
vt 0.336563 0.920391
vt 0.288586 0.920391
vt 0.334488 0.920391
vt 0.290661 0.920391
vt 0.326146 0.920391
vt 0.820804 0.769809
vt 0.824996 0.774000
vt 0.356211 0.923654
vt 0.472972 0.178726
vt 0.409220 0.203527
vt 0.952071 0.715582
vt 0.949996 0.715582
vt 0.949996 0.711432
vt 0.947921 0.686406
vt 0.146753 0.776632
vt 0.822921 0.726023
vt 0.820804 0.728098
vt 0.822921 0.707222
vt 0.288870 0.099234
vt 0.288870 0.107183
vt 0.296819 0.107183
vt 0.304927 0.107183
vt 0.822921 0.669704
vt 0.822921 0.696805
vt 0.296819 0.099234
vt 0.820804 0.640486
vt 0.822921 0.705147
vt 0.818729 0.650944
vt 0.820804 0.650944
vt 0.818729 0.657170
vt 0.818729 0.655095
vt 0.312717 0.211317
vt 0.288870 0.211317
vt 0.301102 0.782858
vt 0.301102 0.784974
vt 0.292760 0.784974
vt 0.288568 0.789124
vt 0.061257 0.776632
vt 0.313594 0.803733
vt 0.313594 0.801658
vt 0.326128 0.801658
vt 0.344887 0.801658
vt 0.418759 0.201937
vt 0.829147 0.653019
vt 0.219774 0.922467
vt 0.947921 0.659263
vt 0.336883 0.211317
vt 0.340737 0.782858
vt 0.171797 0.928733
vt 0.180139 0.928733
vt 0.180139 0.930809
vt 0.171797 0.930809
vt 0.169722 0.928733
vt 0.157188 0.928733
vt 0.480921 0.027374
vt 0.393004 0.203527
vt 0.157170 0.776632
vt 0.945804 0.042257
vt 0.409220 0.147088
vt 0.346981 0.903707
vt 0.274000 0.782858
vt 0.190556 0.903707
vt 0.188481 0.903707
vt 0.188481 0.901632
vt 0.209315 0.901632
vt 0.267752 0.905782
vt 0.267752 0.909974
vt 0.267752 0.907858
vt 0.257293 0.905782
vt 0.265635 0.907858
vt 0.265635 0.909974
vt 0.263560 0.907858
vt 0.344991 0.179202
vt 0.820804 0.667629
vt 0.831263 0.913699
vt 0.820804 0.917891
vt 0.822921 0.917891
vt 0.822921 0.922041
vt 0.824996 0.942917
vt 0.822921 0.942917
vt 0.829147 0.913699
vt 0.829147 0.926233
vt 0.956263 0.834488
vt 0.952071 0.836563
vt 0.833338 0.667629
vt 0.432272 0.186023
vt 0.169704 0.799542
vt 0.474164 0.042239
vt 0.409549 0.797467
vt 0.409549 0.799542
vt 0.413699 0.793316
vt 0.394940 0.791200
vt 0.419966 0.791200
vt 0.413699 0.789124
vt 0.949367 0.828532
vt 0.946433 0.829985
vt 0.886868 0.029326
vt 0.386598 0.807884
vt 0.328221 0.916200
vt 0.319474 0.185935
vt 0.833338 0.675971
vt 0.161380 0.909974
vt 0.480921 0.035323
vt 0.958338 0.044332
vt 0.319879 0.907858
vt 0.369914 0.780782
vt 0.295627 0.185935
vt 0.392865 0.782858
vt 0.947921 0.817804
vt 0.361590 0.891173
vt 0.359514 0.891173
vt 0.357398 0.893290
vt 0.359514 0.893290
vt 0.361590 0.893290
vt 0.296928 0.899515
vt 0.276094 0.899515
vt 0.276094 0.897440
vt 0.353247 0.897440
vt 0.945804 0.813612
vt 0.456915 0.114974
vt 0.833338 0.669704
vt 0.833338 0.678046
vt 0.829147 0.734365
vt 0.182196 0.782858
vt 0.184313 0.778707
vt 0.188463 0.782858
vt 0.335690 0.185935
vt 0.324029 0.916200
vt 0.313612 0.905782
vt 0.315687 0.905782
vt 0.117552 0.932884
vt 0.117552 0.935000
vt 0.100868 0.935000
vt 0.100868 0.932884
vt 0.956263 0.746876
vt 0.956263 0.748951
vt 0.952071 0.738533
vt 0.954147 0.730191
vt 0.954147 0.744800
vt 0.192655 0.776632
vt 0.192655 0.778707
vt 0.182196 0.776632
vt 0.184313 0.776632
vt 0.200997 0.778707
vt 0.188463 0.789124
vt 0.824996 0.926233
vt 0.943729 0.044332
vt 0.947921 0.799003
vt 0.140486 0.766173
vt 0.138410 0.766173
vt 0.138410 0.759948
vt 0.144677 0.762023
vt 0.142602 0.764098
vt 0.945804 0.838638
vt 0.947921 0.838638
vt 0.947921 0.842830
vt 0.945804 0.842830
vt 0.947921 0.830296
vt 0.947921 0.832371
vt 0.945804 0.832371
vt 0.945804 0.830296
vt 0.945804 0.828221
vt 0.945804 0.826146
vt 0.947921 0.824029
vt 0.947921 0.826146
vt 0.945804 0.824029
vt 0.945804 0.815687
vt 0.945804 0.803195
vt 0.945804 0.796928
vt 0.945804 0.769827
vt 0.941654 0.751067
vt 0.943729 0.751067
vt 0.941654 0.899108
vt 0.943729 0.899108
vt 0.941654 0.928326
vt 0.941654 0.938743
vt 0.941895 0.952607
vt 0.941654 0.952607
vt 0.941654 0.945010
vt 0.943729 0.954994
vt 0.942787 0.954994
vt 0.943729 0.953352
vt 0.203072 0.791200
vt 0.282342 0.778707
vt 0.278151 0.778707
vt 0.276076 0.778707
vt 0.278151 0.776632
vt 0.274000 0.778707
vt 0.271884 0.778707
vt 0.269809 0.778707
vt 0.276076 0.776632
vt 0.265658 0.778707
vt 0.236440 0.776632
vt 0.269809 0.776632
vt 0.255200 0.778707
vt 0.236440 0.778707
vt 0.456915 0.138821
vt 0.336545 0.778707
vt 0.820804 0.851154
vt 0.818729 0.851154
vt 0.818729 0.832395
vt 0.816654 0.832395
vt 0.816654 0.813594
vt 0.816654 0.807369
vt 0.822921 0.865763
vt 0.816654 0.803177
vt 0.816654 0.801102
vt 0.818729 0.801102
vt 0.818729 0.821936
vt 0.820804 0.821936
vt 0.820804 0.840737
vt 0.822921 0.869914
vt 0.820804 0.846963
vt 0.822921 0.851154
vt 0.822921 0.863647
vt 0.824996 0.869914
vt 0.835413 0.811519
vt 0.835413 0.803177
vt 0.835413 0.796910
vt 0.835413 0.790685
vt 0.827071 0.869914
vt 0.827071 0.853230
vt 0.833338 0.794835
vt 0.833338 0.796910
vt 0.829147 0.832395
vt 0.829147 0.830278
vt 0.831263 0.803177
vt 0.833338 0.803177
vt 0.829147 0.846963
vt 0.130086 0.932884
vt 0.130086 0.930809
vt 0.132162 0.930809
vt 0.134237 0.932884
vt 0.146771 0.930809
vt 0.948855 0.038999
vt 0.038323 0.937076
vt 0.947921 0.792778
vt 0.111327 0.928733
vt 0.119669 0.930809
vt 0.457074 0.019266
vt 0.822921 0.813594
vt 0.827071 0.849079
vt 0.824996 0.838620
vt 0.827071 0.851154
vt 0.827071 0.824053
vt 0.818729 0.799027
vt 0.820804 0.790685
vt 0.816654 0.763542
vt 0.818729 0.763542
vt 0.818729 0.771884
vt 0.818729 0.786493
vt 0.820804 0.786493
vt 0.820804 0.788568
vt 0.207222 0.772440
vt 0.947921 0.776094
vt 0.952071 0.753142
vt 0.952071 0.751067
vt 0.952071 0.773977
vt 0.952071 0.776094
vt 0.213489 0.791200
vt 0.096700 0.787049
vt 0.215564 0.789124
vt 0.211414 0.787049
vt 0.217681 0.782858
vt 0.219756 0.789124
vt 0.223906 0.801658
vt 0.217681 0.799542
vt 0.228098 0.776632
vt 0.221831 0.776632
vt 0.215564 0.776632
vt 0.165512 0.776632
vt 0.464864 0.131190
vt 0.276094 0.909974
vt 0.280244 0.907858
vt 0.950930 0.038999
vt 0.952071 0.954994
vt 0.952071 0.953352
vt 0.949996 0.945010
vt 0.303177 0.780782
vt 0.440842 0.789124
vt 0.442368 0.194044
vt 0.946757 0.041093
vt 0.947921 0.538323
vt 0.947921 0.540399
vt 0.945804 0.542474
vt 0.943729 0.538323
vt 0.378274 0.897440
vt 0.454994 0.899515
vt 0.454994 0.900779
vt 0.443010 0.900779
vt 0.443010 0.901632
vt 0.378274 0.901632
vt 0.374082 0.901632
vt 0.445010 0.899515
vt 0.332372 0.901632
vt 0.265635 0.901632
vt 0.365740 0.897440
vt 0.367857 0.897440
vt 0.949996 0.767752
vt 0.357421 0.782858
vt 0.357421 0.780782
vt 0.080016 0.762023
vt 0.259409 0.914124
vt 0.265635 0.914124
vt 0.265635 0.918316
vt 0.263560 0.918316
vt 0.263560 0.916200
vt 0.255218 0.905782
vt 0.253142 0.905782
vt 0.267752 0.918316
vt 0.945389 0.043917
vt 0.464864 0.155037
vt 0.953005 0.041093
vt 0.832105 0.545006
vt 0.833338 0.545006
vt 0.831263 0.549779
vt 0.290685 0.801658
vt 0.290685 0.803733
vt 0.284418 0.803733
vt 0.827071 0.796910
vt 0.831263 0.746858
vt 0.831263 0.751049
vt 0.415977 0.186253
vt 0.820804 0.736440
vt 0.488711 0.147088
vt 0.148846 0.918316
vt 0.142579 0.914124
vt 0.130086 0.916200
vt 0.155113 0.916200
vt 0.153037 0.916200
vt 0.159263 0.912049
vt 0.150921 0.909974
vt 0.171797 0.912049
vt 0.182214 0.909974
vt 0.161380 0.918316
vt 0.146771 0.914124
vt 0.230173 0.776632
vt 0.230173 0.774515
vt 0.267734 0.776632
vt 0.956263 0.755218
vt 0.457074 0.162827
vt 0.230173 0.797467
vt 0.261467 0.797467
vt 0.173854 0.795391
vt 0.488711 0.138821
vt 0.874334 0.073112
vt 0.367857 0.872414
vt 0.954147 0.640504
vt 0.457074 0.035482
vt 0.943729 0.021381
vt 0.328934 0.187152
vt 0.357398 0.882831
vt 0.349056 0.880756
vt 0.299027 0.797467
vt 0.299027 0.799542
vt 0.292760 0.797467
vt 0.267734 0.797467
vt 0.269809 0.797467
vt 0.290685 0.797467
vt 0.286493 0.797467
vt 0.407450 0.889098
vt 0.257316 0.797467
vt 0.271884 0.793316
vt 0.257316 0.787049
vt 0.248933 0.787049
vt 0.251049 0.782858
vt 0.253124 0.784974
vt 0.488711 0.123082
vt 0.433226 0.043113
vt 0.425277 0.059012
vt 0.367857 0.880756
vt 0.332372 0.916200
vt 0.324029 0.914124
vt 0.282319 0.912049
vt 0.282319 0.907858
vt 0.319879 0.903707
vt 0.326146 0.912049
vt 0.397015 0.801658
vt 0.403282 0.803734
vt 0.369932 0.872414
vt 0.352940 0.123082
vt 0.344991 0.123082
vt 0.360889 0.138980
vt 0.360889 0.131031
vt 0.480762 0.075228
vt 0.304768 0.170935
vt 0.943729 0.734342
vt 0.130068 0.747414
vt 0.957105 0.954993
vt 0.954147 0.953352
vt 0.957105 0.953352
vt 0.952071 0.842830
vt 0.954147 0.842830
vt 0.952071 0.849056
vt 0.952071 0.846981
vt 0.954147 0.846981
vt 0.954147 0.907450
vt 0.954147 0.849056
vt 0.952071 0.855323
vt 0.952071 0.851172
vt 0.954147 0.851172
vt 0.954147 0.855323
vt 0.954147 0.905375
vt 0.952071 0.861589
vt 0.952071 0.857398
vt 0.954147 0.857398
vt 0.954147 0.876199
vt 0.954147 0.861589
vt 0.232266 0.914124
vt 0.232266 0.909974
vt 0.234342 0.909974
vt 0.230191 0.914124
vt 0.232266 0.912049
vt 0.226000 0.916200
vt 0.238533 0.920391
vt 0.265658 0.784974
vt 0.251049 0.780782
vt 0.288568 0.782858
vt 0.286493 0.789124
vt 0.282342 0.782858
vt 0.330278 0.805809
vt 0.328203 0.805809
vt 0.351154 0.803733
vt 0.336545 0.805809
vt 0.221849 0.905782
vt 0.217657 0.905782
vt 0.198898 0.905782
vt 0.230191 0.903707
vt 0.223924 0.905782
vt 0.454994 0.899515
vt 0.453352 0.899515
vt 0.952071 0.723924
vt 0.956263 0.744800
vt 0.954147 0.709315
vt 0.945804 0.721849
vt 0.947921 0.717657
vt 0.303177 0.776632
vt 0.301102 0.778707
vt 0.393004 0.083177
vt 0.815466 0.538922
vt 0.440040 0.097940
vt 0.169722 0.924542
vt 0.175947 0.924542
vt 0.163455 0.924542
vt 0.433067 0.131031
vt 0.472972 0.098916
vt 0.441175 0.162827
vt 0.943729 0.696823
vt 0.958338 0.630086
vt 0.958338 0.625895
vt 0.960413 0.625895
vt 0.960413 0.634237
vt 0.958338 0.638428
vt 0.960413 0.646770
vt 0.958338 0.640504
vt 0.956263 0.665530
vt 0.956263 0.644695
vt 0.958338 0.644695
vt 0.954147 0.665530
vt 0.954147 0.698898
vt 0.954147 0.688481
vt 0.947921 0.715582
vt 0.945804 0.715582
vt 0.945804 0.690556
vt 0.943729 0.659263
vt 0.949996 0.709315
vt 0.941654 0.659263
vt 0.941654 0.655113
vt 0.943729 0.640504
vt 0.945804 0.669722
vt 0.947921 0.692631
vt 0.947921 0.694748
vt 0.941654 0.734342
vt 0.941654 0.732266
vt 0.941654 0.723924
vt 0.941654 0.719774
vt 0.943729 0.732266
vt 0.941654 0.713507
vt 0.943729 0.730191
vt 0.941654 0.711432
vt 0.943729 0.723924
vt 0.941654 0.700973
vt 0.943729 0.700973
vt 0.943729 0.713507
vt 0.344991 0.211317
vt 0.958338 0.707240
vt 0.061275 0.918316
vt 0.148828 0.759948
vt 0.213507 0.922467
vt 0.223924 0.922467
vt 0.234342 0.922467
vt 0.226000 0.922467
vt 0.303177 0.797467
vt 0.301102 0.797467
vt 0.319861 0.793316
vt 0.315711 0.791200
vt 0.321936 0.795391
vt 0.082109 0.918316
vt 0.077959 0.922467
vt 0.077959 0.920391
vt 0.073767 0.920391
vt 0.075842 0.920391
vt 0.075842 0.924542
vt 0.071692 0.930809
vt 0.077959 0.932884
vt 0.071692 0.932884
vt 0.057083 0.920391
vt 0.417328 0.043272
vt 0.958338 0.690556
vt 0.418759 0.193956
vt 0.190556 0.924542
vt 0.186406 0.924542
vt 0.945804 0.575842
vt 0.941654 0.559158
vt 0.947921 0.573767
vt 0.376628 0.195737
vt 0.148828 0.778707
vt 0.167628 0.778707
vt 0.190556 0.922467
vt 0.209315 0.924542
vt 0.211432 0.922467
vt 0.209315 0.922467
vt 0.102985 0.924542
vt 0.109210 0.928734
vt 0.340737 0.799542
vt 0.340737 0.801658
vt 0.326128 0.799542
vt 0.186406 0.916200
vt 0.359514 0.874489
vt 0.269809 0.774515
vt 0.368679 0.155037
vt 0.360730 0.170935
vt 0.286511 0.918316
vt 0.271902 0.918316
vt 0.276094 0.920391
vt 0.257293 0.914124
vt 0.294835 0.803733
vt 0.294835 0.801658
vt 0.301102 0.801658
vt 0.113402 0.932884
vt 0.113402 0.930809
vt 0.198898 0.924542
vt 0.200973 0.924542
vt 0.822921 0.782342
vt 0.355323 0.924542
vt 0.451259 0.812076
vt 0.426233 0.805809
vt 0.419966 0.801658
vt 0.422041 0.801658
vt 0.947921 0.648846
vt 0.153037 0.907858
vt 0.146771 0.905782
vt 0.169722 0.905782
vt 0.205147 0.782858
vt 0.334470 0.791200
vt 0.330278 0.787049
vt 0.363647 0.803733
vt 0.084208 0.768290
vt 0.084208 0.770365
vt 0.082091 0.766173
vt 0.337042 0.083336
vt 0.337042 0.075228
vt 0.337042 0.123241
vt 0.355305 0.793316
vt 0.363647 0.799542
vt 0.363647 0.793316
vt 0.344905 0.880756
vt 0.349056 0.882831
vt 0.346981 0.882831
vt 0.344905 0.889098
vt 0.349056 0.893290
vt 0.346981 0.893290
vt 0.353247 0.895365
vt 0.349056 0.895365
vt 0.346981 0.884948
vt 0.351172 0.882831
vt 0.355323 0.882831
vt 0.355323 0.884948
vt 0.355323 0.891173
vt 0.353247 0.889098
vt 0.355323 0.889098
vt 0.357398 0.884948
vt 0.338620 0.780782
vt 0.952071 0.607135
vt 0.945804 0.619669
vt 0.945804 0.617552
vt 0.949996 0.617552
vt 0.816654 0.836545
vt 0.818729 0.836545
vt 0.818729 0.838620
vt 0.226023 0.778707
vt 0.205147 0.778707
vt 0.209339 0.778707
vt 0.433067 0.130872
vt 0.831263 0.686388
vt 0.833338 0.680121
vt 0.831263 0.713489
vt 0.833338 0.721831
vt 0.831263 0.715564
vt 0.833338 0.723906
vt 0.831263 0.717681
vt 0.831263 0.719756
vt 0.831263 0.721831
vt 0.831263 0.723906
vt 0.831263 0.728098
vt 0.818729 0.580016
vt 0.820804 0.580016
vt 0.346981 0.907858
vt 0.349056 0.907858
vt 0.822921 0.947068
vt 0.945804 0.050599
vt 0.409567 0.918316
vt 0.382424 0.901632
vt 0.409567 0.909974
vt 0.941654 0.753142
vt 0.943729 0.753142
vt 0.941654 0.776094
vt 0.943729 0.773977
vt 0.941654 0.778169
vt 0.943729 0.776094
vt 0.941654 0.784436
vt 0.943729 0.778169
vt 0.941654 0.786511
vt 0.943729 0.784436
vt 0.941654 0.799003
vt 0.943729 0.786511
vt 0.941654 0.813612
vt 0.943729 0.803195
vt 0.941654 0.826146
vt 0.943729 0.805270
vt 0.941654 0.834488
vt 0.943729 0.807345
vt 0.941654 0.846981
vt 0.943729 0.811537
vt 0.941654 0.857398
vt 0.943729 0.828221
vt 0.941654 0.869932
vt 0.943729 0.869932
vt 0.324029 0.903707
vt 0.332395 0.784974
vt 0.954147 0.759409
vt 0.956263 0.759409
vt 0.958338 0.761485
vt 0.958338 0.742684
vt 0.958338 0.740609
vt 0.960413 0.707240
vt 0.958338 0.719774
vt 0.960413 0.703090
vt 0.960413 0.700973
vt 0.956263 0.742684
vt 0.956263 0.740609
vt 0.958338 0.692631
vt 0.958338 0.700973
vt 0.958338 0.703090
vt 0.956263 0.723924
vt 0.956263 0.726000
vt 0.956263 0.728116
vt 0.956263 0.730191
vt 0.956263 0.734342
vt 0.958338 0.709315
vt 0.401225 0.909974
vt 0.130086 0.907858
vt 0.130086 0.905782
vt 0.409549 0.812076
vt 0.409549 0.810000
vt 0.056990 0.775779
vt 0.045006 0.775779
vt 0.056990 0.776632
vt 0.086283 0.751606
vt 0.082091 0.755756
vt 0.355305 0.787049
vt 0.336545 0.793316
vt 0.334470 0.793316
vt 0.324053 0.795391
vt 0.134237 0.926658
vt 0.130086 0.924542
vt 0.178046 0.776632
vt 0.827071 0.703072
vt 0.376946 0.091126
vt 0.296978 0.170935
vt 0.956263 0.636353
vt 0.954147 0.636353
vt 0.960413 0.617552
vt 0.960413 0.602985
vt 0.956263 0.634237
vt 0.958338 0.611327
vt 0.125895 0.928733
vt 0.130086 0.926658
vt 0.138428 0.926658
vt 0.949996 0.625895
vt 0.372007 0.903707
vt 0.954147 0.625895
vt 0.960413 0.054749
vt 0.945804 0.621744
vt 0.319861 0.803733
vt 0.954147 0.577959
vt 0.954147 0.561275
vt 0.954147 0.550816
vt 0.958338 0.546665
vt 0.221831 0.787049
vt 0.221831 0.778707
vt 0.157188 0.905782
vt 0.952071 0.824029
vt 0.952071 0.819879
vt 0.401112 0.131031
vt 0.401112 0.122923
vt 0.401112 0.114974
vt 0.393004 0.099075
vt 0.831263 0.884523
vt 0.368838 0.115133
vt 0.943729 0.054749
vt 0.392865 0.793316
vt 0.405357 0.789124
vt 0.407474 0.789124
vt 0.432500 0.810000
vt 0.831263 0.640486
vt 0.107135 0.909974
vt 0.109210 0.920391
vt 0.113402 0.924542
vt 0.115477 0.924542
vt 0.820804 0.776076
vt 0.822921 0.803177
vt 0.952071 0.650921
vt 0.947921 0.653037
vt 0.312717 0.139139
vt 0.046666 0.920391
vt 0.111327 0.930809
vt 0.107135 0.930809
vt 0.092526 0.932884
vt 0.092526 0.930809
vt 0.105060 0.930809
vt 0.945804 0.611327
vt 0.393004 0.147088
vt 0.393004 0.123082
vt 0.353230 0.805809
vt 0.428326 0.878681
vt 0.430401 0.878681
vt 0.430401 0.880756
vt 0.432477 0.880756
vt 0.432477 0.882831
vt 0.432477 0.887023
vt 0.432477 0.891173
vt 0.430401 0.891173
vt 0.956263 0.605060
vt 0.952071 0.600868
vt 0.952071 0.609210
vt 0.952071 0.594643
vt 0.952071 0.813612
vt 0.067524 0.757831
vt 0.067524 0.755756
vt 0.069599 0.762023
vt 0.067524 0.766173
vt 0.080034 0.932884
vt 0.822921 0.901207
vt 0.958338 0.600868
vt 0.960413 0.056825
vt 0.407474 0.808196
vt 0.407474 0.810000
vt 0.390790 0.807884
vt 0.401207 0.807884
vt 0.401257 0.807884
vt 0.406030 0.808196
vt 0.407474 0.787049
vt 0.415816 0.784974
vt 0.827071 0.907474
vt 0.833338 0.855305
vt 0.835413 0.855305
vt 0.835413 0.871989
vt 0.835413 0.874105
vt 0.831263 0.892865
vt 0.833338 0.892865
vt 0.052932 0.916200
vt 0.941654 0.680139
vt 0.943729 0.669722
vt 0.943729 0.671797
vt 0.818729 0.907474
vt 0.831263 0.899132
vt 0.835413 0.890790
vt 0.835413 0.892865
vt 0.960413 0.590451
vt 0.960413 0.586301
vt 0.958338 0.577959
vt 0.960413 0.577959
vt 0.958338 0.592526
vt 0.958338 0.580034
vt 0.084184 0.909974
vt 0.090451 0.922467
vt 0.954147 0.590451
vt 0.954147 0.594643
vt 0.883037 0.081454
vt 0.409549 0.787049
vt 0.119669 0.920391
vt 0.077959 0.924542
vt 0.096718 0.914124
vt 0.818729 0.911624
vt 0.820804 0.748933
vt 0.949996 0.586301
vt 0.816654 0.675971
vt 0.816654 0.678046
vt 0.816654 0.682196
vt 0.822921 0.740591
vt 0.947560 0.598743
vt 0.947921 0.598743
vt 0.947921 0.598793
vt 0.947921 0.609210
vt 0.947921 0.613402
vt 0.941654 0.584184
vt 0.820804 0.765658
vt 0.822921 0.790685
vt 0.822921 0.796910
vt 0.822921 0.799027
vt 0.822921 0.801102
vt 0.822921 0.805252
vt 0.829147 0.821936
vt 0.827071 0.821936
vt 0.827071 0.794835
vt 0.956263 0.586301
vt 0.952071 0.586301
vt 0.945804 0.555008
vt 0.361590 0.880756
vt 0.363665 0.880756
vt 0.824996 0.951259
vt 0.067500 0.935000
vt 0.337042 0.170935
vt 0.943729 0.577959
vt 0.943729 0.575842
vt 0.205147 0.774515
vt 0.196805 0.774515
vt 0.169704 0.774515
vt 0.190538 0.772440
vt 0.198880 0.772440
vt 0.173854 0.772440
vt 0.146753 0.772440
vt 0.146753 0.770365
vt 0.150944 0.768290
vt 0.150944 0.770365
vt 0.153019 0.768290
vt 0.155095 0.755756
vt 0.155095 0.764098
vt 0.150944 0.753681
vt 0.150944 0.755756
vt 0.138410 0.768290
vt 0.140486 0.768290
vt 0.144677 0.766173
vt 0.144677 0.764098
vt 0.082109 0.916200
vt 0.061275 0.914124
vt 0.175971 0.793316
vt 0.171779 0.787049
vt 0.167628 0.782858
vt 0.960413 0.569617
vt 0.384736 0.099234
vt 0.384736 0.091126
vt 0.368838 0.115133
vt 0.947921 0.732266
vt 0.096718 0.932884
vt 0.872258 0.083570
vt 0.438725 0.789124
vt 0.046666 0.918316
vt 0.958338 0.548741
vt 0.958338 0.552932
vt 0.958338 0.567500
vt 0.818729 0.886598
vt 0.820804 0.901207
vt 0.818729 0.897015
vt 0.433067 0.162827
vt 0.947921 0.056825
vt 0.444992 0.793316
vt 0.238533 0.914124
vt 0.407474 0.807884
vt 0.409549 0.807884
vt 0.411624 0.807884
vt 0.417891 0.807884
vt 0.052932 0.935000
vt 0.052932 0.932884
vt 0.952071 0.019306
vt 0.417891 0.805809
vt 0.415816 0.803734
vt 0.432500 0.805809
vt 0.444992 0.803734
vt 0.451259 0.789124
vt 0.451259 0.791200
vt 0.059158 0.928734
vt 0.040399 0.928734
vt 0.960413 0.567500
vt 0.960413 0.563350
vt 0.958338 0.563350
vt 0.960413 0.552932
vt 0.831263 0.803177
vt 0.833338 0.947068
vt 0.835413 0.944992
vt 0.835413 0.947068
vt 0.833338 0.949184
vt 0.833338 0.955410
vt 0.831263 0.957526
vt 0.344991 0.155196
vt 0.960413 0.550816
vt 0.870183 0.083570
vt 0.464228 0.218312
vt 0.957105 0.953352
vt 0.956263 0.938743
vt 0.956263 0.922059
vt 0.958338 0.949161
vt 0.958338 0.952607
vt 0.956263 0.909567
vt 0.958338 0.907450
vt 0.958338 0.878274
vt 0.956263 0.907450
vt 0.956263 0.905375
vt 0.958338 0.874082
vt 0.958338 0.872007
vt 0.956263 0.876199
vt 0.956263 0.874082
vt 0.958338 0.863665
vt 0.958338 0.832371
vt 0.956263 0.872007
vt 0.956263 0.861589
vt 0.958338 0.828221
vt 0.958338 0.826146
vt 0.956263 0.842830
vt 0.958338 0.811537
vt 0.958338 0.809462
vt 0.956263 0.828221
vt 0.958338 0.805270
vt 0.958338 0.792778
vt 0.956263 0.826146
vt 0.956263 0.811537
vt 0.958338 0.790661
vt 0.958338 0.788586
vt 0.956263 0.809462
vt 0.956263 0.792778
vt 0.958338 0.786511
vt 0.958338 0.776094
vt 0.956263 0.790661
vt 0.956263 0.788586
vt 0.956263 0.771902
vt 0.956263 0.786511
vt 0.050816 0.935000
vt 0.876450 0.087721
vt 0.947921 0.542474
vt 0.831263 0.953335
vt 0.052932 0.920391
vt 0.046666 0.932884
vt 0.461677 0.791200
vt 0.320666 0.211317
vt 0.409220 0.099075
vt 0.459601 0.789124
vt 0.040399 0.914124
vt 0.945804 0.063092
vt 0.943729 0.063092
vt 0.952071 0.588376
vt 0.872258 0.085645
vt 0.088376 0.935000
vt 0.090451 0.935000
vt 0.833338 0.926233
vt 0.835413 0.925206
vt 0.835413 0.926233
vt 0.835413 0.925846
vt 0.960413 0.075625
vt 0.954147 0.079776
vt 0.425277 0.114974
vt 0.960413 0.540399
vt 0.459601 0.814151
vt 0.040399 0.939151
vt 0.833338 0.961677
vt 0.878525 0.025176
vt 0.874334 0.029326
vt 0.040399 0.924542
vt 0.958338 0.538323
vt 0.945173 0.622659
vt 0.947921 0.622659
vt 0.947921 0.623819
vt 0.945804 0.617886
vt 0.945173 0.617886
vt 0.945804 0.613402
vt 0.947921 0.638428
vt 0.956263 0.638428
vt 0.461677 0.812076
vt 0.303389 0.766775
vt 0.120473 0.977507
vt 0.121366 0.977581
vt 0.121699 0.973585
vt 0.121907 0.960304
vt 0.468694 0.759549
vt 0.671349 0.758013
vt 0.764265 0.299916
vt 0.764265 0.293290
vt 0.764265 0.280037
vt 0.545193 0.756723
vt 0.757638 0.605458
vt 0.664722 0.731362
vt 0.671349 0.731362
vt 0.658096 0.704856
vt 0.760034 0.511682
vt 0.757494 0.511682
vt 0.764121 0.519313
vt 0.764038 0.332044
vt 0.752770 0.053156
vt 0.671349 0.366326
vt 0.691229 0.379579
vt 0.677975 0.346446
vt 0.677975 0.366326
vt 0.684602 0.293290
vt 0.531940 0.199085
vt 0.525313 0.199085
vt 0.525313 0.318651
vt 0.531940 0.318651
vt 0.531940 0.272121
vt 0.538566 0.272121
vt 0.538566 0.252241
vt 0.531940 0.225735
vt 0.531940 0.172578
vt 0.545193 0.225735
vt 0.551820 0.225735
vt 0.545193 0.139446
vt 0.538566 0.139446
vt 0.538566 0.152699
vt 0.551820 0.199085
vt 0.538566 0.165952
vt 0.428935 0.606851
vt 0.428935 0.600224
vt 0.422308 0.586827
vt 0.777374 0.173724
vt 0.509615 0.119566
vt 0.502989 0.119566
vt 0.502989 0.126193
vt 0.509615 0.126193
vt 0.509615 0.132819
vt 0.516242 0.132819
vt 0.509615 0.112939
vt 0.545834 0.096340
vt 0.516242 0.106169
vt 0.576025 0.106169
vt 0.576025 0.096340
vt 0.582651 0.112939
vt 0.582651 0.106169
vt 0.576025 0.112939
vt 0.516242 0.139446
vt 0.595904 0.139446
vt 0.704482 0.445988
vt 0.697855 0.445988
vt 0.697855 0.465868
vt 0.691229 0.465868
vt 0.711108 0.538904
vt 0.711108 0.499145
vt 0.684602 0.512398
vt 0.684602 0.565410
vt 0.642434 0.731506
vt 0.635808 0.731506
vt 0.629181 0.738277
vt 0.629181 0.744904
vt 0.642434 0.744904
vt 0.684602 0.758157
vt 0.642434 0.771410
vt 0.183736 0.731160
vt 0.730988 0.220398
vt 0.771035 0.678206
vt 0.777374 0.452327
vt 0.609302 0.139446
vt 0.764409 0.645073
vt 0.764409 0.649224
vt 0.768966 0.655181
vt 0.764409 0.717965
vt 0.290136 0.720245
vt 0.771179 0.751386
vt 0.741767 0.735055
vt 0.741767 0.746695
vt 0.757494 0.273410
vt 0.757494 0.280036
vt 0.764265 0.280036
vt 0.764265 0.260157
vt 0.757494 0.260157
vt 0.757494 0.439794
vt 0.764121 0.419914
vt 0.770747 0.412567
vt 0.316642 0.454895
vt 0.556145 0.696940
vt 0.556145 0.710193
vt 0.562772 0.710193
vt 0.576025 0.716964
vt 0.415538 0.759549
vt 0.218209 0.763856
vt 0.602531 0.132819
vt 0.602531 0.126193
vt 0.589278 0.119566
vt 0.545193 0.252241
vt 0.545193 0.305398
vt 0.551820 0.305398
vt 0.551820 0.298771
vt 0.558446 0.298771
vt 0.551820 0.418193
vt 0.697855 0.757869
vt 0.395802 0.606851
vt 0.389032 0.586827
vt 0.382405 0.593598
vt 0.495344 0.427502
vt 0.495344 0.420875
vt 0.488718 0.414249
vt 0.481947 0.434128
vt 0.488718 0.434128
vt 0.196990 0.771064
vt 0.752770 0.046530
vt 0.764553 0.751386
vt 0.468694 0.726273
vt 0.283510 0.634100
vt 0.290136 0.594196
vt 0.296763 0.594196
vt 0.296763 0.580943
vt 0.303389 0.634100
vt 0.310016 0.634100
vt 0.310016 0.627473
vt 0.316642 0.627473
vt 0.316642 0.614220
vt 0.310016 0.614220
vt 0.343428 0.726722
vt 0.343428 0.700216
vt 0.336802 0.693589
vt 0.495344 0.759405
vt 0.712866 0.000000
vt 0.699613 0.053157
vt 0.691229 0.758013
vt 0.730988 0.492518
vt 0.717735 0.565410
vt 0.724361 0.445988
vt 0.717735 0.445988
vt 0.717735 0.485748
vt 0.717735 0.505627
vt 0.711108 0.552157
vt 0.711108 0.558784
vt 0.757494 0.459674
vt 0.764121 0.459674
vt 0.757494 0.439794
vt 0.395658 0.739670
vt 0.395658 0.733043
vt 0.389032 0.733043
vt 0.382405 0.719790
vt 0.757494 0.452903
vt 0.750867 0.505915
vt 0.732890 0.000000
vt 0.196990 0.770920
vt 0.475465 0.752635
vt 0.217013 0.751040
vt 0.764265 0.260157
vt 0.770891 0.260157
vt 0.770891 0.253530
vt 0.764265 0.240277
vt 0.724361 0.691603
vt 0.724361 0.698230
vt 0.730988 0.698230
vt 0.730988 0.611940
vt 0.724361 0.611940
vt 0.717735 0.664953
vt 0.717735 0.671579
vt 0.777374 0.240277
vt 0.343572 0.647203
vt 0.629181 0.758013
vt 0.737614 0.253530
vt 0.744241 0.253530
vt 0.737614 0.153988
vt 0.210243 0.770920
vt 0.440434 0.753211
vt 0.327241 0.693589
vt 0.338881 0.693589
vt 0.757494 0.359555
vt 0.777374 0.240277
vt 0.596048 0.776747
vt 0.332624 0.753228
vt 0.330175 0.726722
vt 0.770891 0.565698
vt 0.784000 0.359555
vt 0.770891 0.578952
vt 0.356825 0.580938
vt 0.210243 0.744413
vt 0.196990 0.757667
vt 0.442188 0.569423
vt 0.445332 0.568520
vt 0.238089 0.757373
vt 0.238089 0.764000
vt 0.251342 0.750747
vt 0.244715 0.750747
vt 0.770891 0.585578
vt 0.757782 0.724592
vt 0.764409 0.724592
vt 0.757782 0.704712
vt 0.770891 0.592205
vt 0.777374 0.107458
vt 0.784000 0.366182
vt 0.777374 0.372808
vt 0.770891 0.598831
vt 0.310016 0.773546
vt 0.444806 0.661813
vt 0.444806 0.660007
vt 0.442188 0.660007
vt 0.428935 0.660007
vt 0.428935 0.666634
vt 0.435561 0.666634
vt 0.448815 0.673260
vt 0.448815 0.661813
vt 0.435561 0.673260
vt 0.428935 0.673260
vt 0.455441 0.693284
vt 0.455441 0.673260
vt 0.422308 0.680031
vt 0.422308 0.686657
vt 0.428935 0.693284
vt 0.770747 0.525939
vt 0.770747 0.519313
vt 0.764121 0.519313
vt 0.764121 0.539192
vt 0.770747 0.539192
vt 0.439570 0.575380
vt 0.435561 0.575380
vt 0.435561 0.586827
vt 0.428935 0.586827
vt 0.435561 0.606851
vt 0.435561 0.613477
vt 0.455441 0.613477
vt 0.439570 0.573574
vt 0.468838 0.606851
vt 0.468838 0.586827
vt 0.462068 0.586827
vt 0.468838 0.560321
vt 0.445332 0.560321
vt 0.475465 0.586827
vt 0.475465 0.573574
vt 0.739517 0.000000
vt 0.183736 0.757811
vt 0.777374 0.386061
vt 0.405631 0.560321
vt 0.395802 0.560321
vt 0.395802 0.566947
vt 0.389032 0.566947
vt 0.389032 0.560321
vt 0.382405 0.560321
vt 0.405631 0.563466
vt 0.382405 0.573574
vt 0.409055 0.563466
vt 0.375778 0.573574
vt 0.375778 0.586827
vt 0.389032 0.580200
vt 0.415682 0.573574
vt 0.409055 0.573574
vt 0.395802 0.613477
vt 0.422308 0.613477
vt 0.770891 0.625337
vt 0.276883 0.773690
vt 0.770891 0.744759
vt 0.770891 0.744759
vt 0.764121 0.080952
vt 0.642434 0.744903
vt 0.717735 0.439794
vt 0.759540 0.033133
vt 0.759540 0.039759
vt 0.766167 0.039759
vt 0.766167 0.019880
vt 0.759540 0.019880
vt 0.724361 0.220398
vt 0.724361 0.140735
vt 0.531274 0.092916
vt 0.529639 0.092916
vt 0.529639 0.090578
vt 0.525317 0.086289
vt 0.522868 0.086289
vt 0.522868 0.084701
vt 0.519241 0.084701
vt 0.519241 0.073176
vt 0.513284 0.073176
vt 0.513284 0.067414
vt 0.519241 0.067414
vt 0.519241 0.061537
vt 0.522868 0.061537
vt 0.522868 0.059783
vt 0.525317 0.059783
vt 0.525317 0.055774
vt 0.529639 0.055774
vt 0.529639 0.053156
vt 0.509615 0.039903
vt 0.509615 0.033277
vt 0.489735 0.026506
vt 0.489735 0.039903
vt 0.483109 0.039903
vt 0.483109 0.106169
vt 0.489735 0.106169
vt 0.489735 0.112939
vt 0.496362 0.112939
vt 0.496362 0.119566
vt 0.502989 0.112939
vt 0.502989 0.013253
vt 0.704482 0.718253
vt 0.704482 0.724880
vt 0.711108 0.724880
vt 0.704482 0.731506
vt 0.704482 0.738133
vt 0.717735 0.738133
vt 0.381301 -0.000000
vt 0.375786 0.099389
vt 0.382403 0.099757
vt 0.375778 0.219139
vt 0.382395 0.219506
vt 0.427616 0.002570
vt 0.422460 0.215092
vt 0.428350 0.108943
vt 0.421734 0.108576
vt 0.375778 0.338744
vt 0.382395 0.339112
vt 0.378715 0.405419
vt 0.418414 0.407622
vt 0.419148 0.394389
vt 0.425764 0.394756
vt 0.427608 0.361531
vt 0.422827 0.328082
vt 0.429077 0.215460
vt 0.428709 0.341682
vt 0.429444 0.328449
vt 0.196990 0.777546
vt 0.654816 0.201704
vt 0.646601 0.201704
vt 0.646601 0.205855
vt 0.653228 0.205855
vt 0.653228 0.219108
vt 0.659854 0.219108
vt 0.660578 0.213738
vt 0.660578 0.207662
vt 0.654816 0.207662
vt 0.659854 0.232506
vt 0.666481 0.232506
vt 0.679734 0.207662
vt 0.672103 0.207662
vt 0.672103 0.213738
vt 0.659854 0.239132
vt 0.659854 0.245759
vt 0.679734 0.219108
vt 0.673107 0.219108
vt 0.679734 0.239132
vt 0.686360 0.205855
vt 0.764121 0.512686
vt 0.770747 0.499433
vt 0.764121 0.499433
vt 0.635736 0.771410
vt 0.635808 0.771410
vt 0.629181 0.758157
vt 0.389176 0.772947
vt 0.649205 0.765491
vt 0.655975 0.752238
vt 0.363308 0.773252
vt 0.777374 0.419194
vt 0.771179 0.771266
vt 0.677975 0.751386
vt 0.664722 0.758013
vt 0.303389 0.740269
vt 0.316643 0.726872
vt 0.744241 0.419626
vt 0.750868 0.486036
vt 0.508598 0.527044
vt 0.508598 0.520417
vt 0.515224 0.520417
vt 0.515224 0.460778
vt 0.501971 0.487285
vt 0.501971 0.493911
vt 0.481947 0.493911
vt 0.475321 0.500538
vt 0.495344 0.533815
vt 0.501971 0.533815
vt 0.488718 0.520417
vt 0.488718 0.527044
vt 0.495344 0.527044
vt 0.481947 0.520417
vt 0.462068 0.507164
vt 0.468694 0.513791
vt 0.462068 0.500538
vt 0.435561 0.447381
vt 0.442188 0.447381
vt 0.442188 0.440755
vt 0.448815 0.440755
vt 0.448815 0.447381
vt 0.462068 0.460778
vt 0.468694 0.460778
vt 0.515224 0.440755
vt 0.508598 0.440755
vt 0.508598 0.434128
vt 0.501971 0.434128
vt 0.501971 0.427502
vt 0.495344 0.434128
vt 0.428935 0.454152
vt 0.435561 0.454152
vt 0.415682 0.434128
vt 0.415682 0.440755
vt 0.409055 0.414249
vt 0.409055 0.434128
vt 0.481947 0.407622
vt 0.415682 0.407622
vt 0.415682 0.414249
vt 0.481947 0.440755
vt 0.415682 0.553694
vt 0.442188 0.553694
vt 0.442188 0.560321
vt 0.448815 0.560321
vt 0.448815 0.553694
vt 0.415682 0.520417
vt 0.462068 0.553694
vt 0.468694 0.553694
vt 0.442188 0.513791
vt 0.435561 0.527044
vt 0.428935 0.474032
vt 0.409055 0.487285
vt 0.409055 0.493911
vt 0.382405 0.500538
vt 0.382405 0.520417
vt 0.389032 0.520417
vt 0.389032 0.527044
vt 0.402285 0.547068
vt 0.409055 0.547068
vt 0.395658 0.533815
vt 0.771179 0.724592
vt 0.402285 0.414249
vt 0.402285 0.427502
vt 0.389032 0.427502
vt 0.389032 0.440755
vt 0.382405 0.440755
vt 0.382405 0.467405
vt 0.375778 0.467405
vt 0.415682 0.759549
vt 0.415682 0.766176
vt 0.422308 0.766176
vt 0.422308 0.746296
vt 0.415682 0.746296
vt 0.737614 0.771266
vt 0.771035 0.691459
vt 0.764121 0.379579
vt 0.560434 0.718599
vt 0.764121 0.133964
vt 0.455441 0.759549
vt 0.356681 0.766481
vt 0.455441 0.752923
vt 0.218209 0.737349
vt 0.231606 0.737349
vt 0.231606 0.730723
vt 0.224980 0.730723
vt 0.231606 0.724096
vt 0.231606 0.717470
vt 0.218209 0.717470
vt 0.784000 0.439074
vt 0.757782 0.751386
vt 0.589422 0.716964
vt 0.602819 0.736844
vt 0.602819 0.730217
vt 0.602819 0.716964
vt 0.475465 0.666490
vt 0.495344 0.673116
vt 0.475465 0.646610
vt 0.481947 0.527044
vt 0.481947 0.553694
vt 0.495344 0.547068
vt 0.270257 0.760292
vt 0.330175 0.773252
vt 0.784000 0.618711
vt 0.771179 0.777892
vt 0.784144 0.246904
vt 0.183736 0.737931
vt 0.183736 0.744558
vt 0.196990 0.731160
vt 0.684602 0.611940
vt 0.697855 0.611940
vt 0.704482 0.611940
vt 0.711108 0.611940
vt 0.751011 0.758012
vt 0.538566 0.776603
vt 0.615928 0.778036
vt 0.744385 0.711483
vt 0.751011 0.645073
vt 0.615928 0.778036
vt 0.563151 0.139446
vt 0.562857 0.146066
vt 0.558446 0.245510
vt 0.565066 0.245804
vt 0.569477 0.146359
vt 0.569771 0.139739
vt 0.568156 0.325682
vt 0.573155 0.212997
vt 0.566534 0.212704
vt 0.569477 0.445424
vt 0.574776 0.325976
vt 0.561976 0.464991
vt 0.568596 0.465284
vt 0.573892 0.498684
vt 0.576241 0.445724
vt 0.559034 0.531335
vt 0.558446 0.544575
vt 0.565654 0.531629
vt 0.561389 0.478231
vt 0.560508 0.498091
vt 0.759540 0.013253
vt 0.759540 0.019880
vt 0.766167 0.019880
vt 0.766167 0.000000
vt 0.759540 0.000000
vt 0.642434 0.771410
vt 0.538566 0.756723
vt 0.764121 0.133964
vt 0.737614 0.326566
vt 0.730988 0.326566
vt 0.737614 0.432735
vt 0.784000 0.160471
vt 0.664722 0.313169
vt 0.658096 0.313169
vt 0.658096 0.326566
vt 0.664722 0.326566
vt 0.664722 0.445988
vt 0.671349 0.313169
vt 0.691229 0.445988
vt 0.691229 0.392832
vt 0.757494 0.352929
vt 0.757494 0.359555
vt 0.764265 0.339675
vt 0.770747 0.499433
vt 0.737614 0.353073
vt 0.744241 0.439362
vt 0.196989 0.757811
vt 0.183736 0.744558
vt 0.475465 0.712875
vt 0.495344 0.712875
vt 0.495344 0.692996
vt 0.475465 0.686369
vt 0.475465 0.679743
vt 0.784000 0.445700
vt 0.576025 0.783229
vt 0.576025 0.756579
vt 0.582651 0.723446
vt 0.582651 0.696940
vt 0.757494 0.399891
vt 0.784000 0.532566
vt 0.744241 0.054446
vt 0.737614 0.054446
vt 0.744241 0.153988
vt 0.244715 0.697590
vt 0.711108 0.771410
vt 0.609302 0.771410
vt 0.777374 0.425821
vt 0.562772 0.756723
vt 0.562772 0.763350
vt 0.569398 0.763350
vt 0.569398 0.750097
vt 0.562772 0.743470
vt 0.569398 0.716964
vt 0.562772 0.716964
vt 0.730988 0.771410
vt 0.635808 0.485892
vt 0.635808 0.558928
vt 0.642434 0.558928
vt 0.642434 0.452615
vt 0.635808 0.452615
vt 0.635808 0.439362
vt 0.642434 0.439362
vt 0.642434 0.432735
vt 0.635808 0.432735
vt 0.635808 0.346446
vt 0.629181 0.293290
vt 0.622555 0.293290
vt 0.622555 0.306543
vt 0.615928 0.306543
vt 0.609301 0.346446
vt 0.609301 0.459242
vt 0.615928 0.459242
vt 0.615928 0.432735
vt 0.622555 0.432735
vt 0.622555 0.426109
vt 0.615928 0.426109
vt 0.635808 0.472495
vt 0.629181 0.426109
vt 0.629181 0.459242
vt 0.635808 0.459242
vt 0.615928 0.412856
vt 0.622555 0.412856
vt 0.622555 0.399603
vt 0.629181 0.412856
vt 0.724361 0.771410
vt 0.724361 0.758157
vt 0.757638 0.778036
vt 0.363308 0.753228
vt 0.356681 0.693589
vt 0.764265 0.771410
vt 0.771179 0.778036
vt 0.642578 0.772261
vt 0.602675 0.776603
vt 0.671349 0.771554
vt 0.190363 0.771064
vt 0.704482 0.757869
vt 0.649205 0.772261
vt 0.737614 0.538904
vt 0.730988 0.645073
vt 0.551820 0.769976
vt 0.475609 0.772658
vt 0.224836 0.717470
vt 0.764265 0.299916
vt 0.475465 0.726273
vt 0.596048 0.783373
vt 0.684602 0.631820
vt 0.677975 0.631820
vt 0.677975 0.731506
vt 0.684602 0.658470
vt 0.442188 0.773091
vt 0.644790 0.499577
vt 0.642434 0.539266
vt 0.643937 0.625797
vt 0.650552 0.626189
vt 0.657627 0.506977
vt 0.651012 0.506584
vt 0.651405 0.499970
vt 0.651797 0.493355
vt 0.653376 0.466751
vt 0.658096 0.387228
vt 0.652659 0.366991
vt 0.656986 0.294083
vt 0.643612 0.293290
vt 0.642434 0.313134
vt 0.649193 0.313535
vt 0.646044 0.366599
vt 0.642895 0.419662
vt 0.645182 0.492962
vt 0.757494 0.293578
vt 0.750867 0.293578
vt 0.784000 0.213483
vt 0.751012 0.771266
vt 0.501971 0.772658
vt 0.779420 0.006627
vt 0.764121 0.186977
vt 0.475465 0.593453
vt 0.475465 0.600080
vt 0.482091 0.600080
vt 0.482091 0.646610
vt 0.488718 0.646610
vt 0.488718 0.633357
vt 0.495344 0.633357
vt 0.482091 0.593453
vt 0.475465 0.560321
vt 0.475465 0.586827
vt 0.501971 0.586827
vt 0.283510 0.760436
vt 0.231462 0.777109
vt 0.671349 0.758013
vt 0.671349 0.744760
vt 0.664722 0.744760
vt 0.658096 0.751386
vt 0.283510 0.733786
vt 0.283510 0.627473
vt 0.508598 0.759405
vt 0.323548 0.534264
vt 0.323548 0.540890
vt 0.330175 0.540890
vt 0.330175 0.594047
vt 0.336802 0.594047
vt 0.336802 0.574167
vt 0.343428 0.574167
vt 0.343428 0.521011
vt 0.330175 0.534264
vt 0.323548 0.428095
vt 0.323548 0.527637
vt 0.330175 0.527637
vt 0.350055 0.521011
vt 0.350055 0.481251
vt 0.316922 0.408215
vt 0.316922 0.428095
vt 0.323548 0.408215
vt 0.330175 0.401589
vt 0.323548 0.401589
vt 0.330175 0.441348
vt 0.330175 0.461228
vt 0.336802 0.474625
vt 0.350055 0.474625
vt 0.350055 0.401589
vt 0.343428 0.401589
vt 0.343428 0.414842
vt 0.343428 0.428095
vt 0.343428 0.434721
vt 0.343428 0.447975
vt 0.336802 0.447975
vt 0.784000 0.485460
vt 0.779420 0.006627
vt 0.779420 0.033133
vt 0.777374 0.485460
vt 0.784000 0.492086
vt 0.770747 0.127338
vt 0.264721 0.175616
vt 0.258104 0.175983
vt 0.263991 0.282133
vt 0.257374 0.282500
vt 0.263987 0.401738
vt 0.283836 0.400638
vt 0.316918 0.398803
vt 0.316551 0.392187
vt 0.309935 0.392554
vt 0.309568 0.385937
vt 0.316184 0.385570
vt 0.310306 0.279564
vt 0.263987 0.162383
vt 0.257004 0.156134
vt 0.257370 0.162750
vt 0.267293 0.102325
vt 0.260677 0.102692
vt 0.263620 0.155767
vt 0.316922 0.279197
vt 0.316180 0.265821
vt 0.258842 0.069610
vt 0.260310 0.096076
vt 0.266926 0.095709
vt 0.265458 0.069243
vt 0.309564 0.266188
vt 0.308830 0.252955
vt 0.315446 0.252588
vt 0.309935 0.153198
vt 0.316551 0.152831
vt 0.315450 0.132982
vt 0.257741 0.049761
vt 0.258475 0.062994
vt 0.265092 0.062627
vt 0.308834 0.133349
vt 0.308467 0.126733
vt 0.315083 0.126366
vt 0.313608 0.099757
vt 0.306991 0.100124
vt 0.264358 0.049394
vt 0.261781 0.002935
vt 0.288247 0.001468
vt 0.306624 0.093507
vt 0.313241 0.093140
vt 0.310306 0.040209
vt 0.316922 0.039842
vt 0.316547 0.033082
vt 0.309931 0.033449
vt 0.315813 0.019849
vt 0.777374 0.226736
vt 0.770747 0.458953
vt 0.772794 0.033133
vt 0.784000 0.519313
vt 0.551964 0.657037
vt 0.551964 0.617278
vt 0.545193 0.657037
vt 0.551964 0.730073
vt 0.777374 0.459674
vt 0.382405 0.772803
vt 0.569398 0.776603
vt 0.576025 0.763350
vt 0.244715 0.783879
vt 0.596048 0.736844
vt 0.711252 0.751386
vt 0.415538 0.779429
vt 0.777374 0.472927
vt 0.777374 0.486180
vt 0.770747 0.486180
vt 0.770747 0.499433
vt 0.724361 0.140735
vt 0.730988 0.140735
vt 0.737614 0.087578
vt 0.737614 0.080952
vt 0.730988 0.054446
vt 0.777374 0.506059
vt 0.531274 0.053156
vt 0.576025 0.050012
vt 0.576025 0.026506
vt 0.589278 0.026506
vt 0.589278 0.019880
vt 0.602531 0.019880
vt 0.602531 0.026506
vt 0.609302 0.026506
vt 0.609302 0.013253
vt 0.595904 0.013253
vt 0.595904 0.006627
vt 0.569398 0.000000
vt 0.542892 0.000000
vt 0.542892 0.006627
vt 0.516242 0.006627
vt 0.777374 0.519313
vt 0.737614 0.333193
vt 0.737614 0.353073
vt 0.744241 0.353073
vt 0.744241 0.253530
vt 0.737614 0.253530
vt 0.551820 0.531132
vt 0.551820 0.537759
vt 0.766167 0.013253
vt 0.772794 0.000000
vt 0.442188 0.773379
vt 0.435561 0.779717
vt 0.777374 0.074325
vt 0.737614 0.758012
vt 0.777374 0.519313
vt 0.764121 0.153844
vt 0.343860 0.773252
vt 0.276883 0.766919
vt 0.330175 0.773540
vt 0.777374 0.525939
vt 0.290136 0.414991
vt 0.283510 0.414991
vt 0.283510 0.421762
vt 0.290136 0.421762
vt 0.290136 0.501425
vt 0.303389 0.501425
vt 0.296763 0.461521
vt 0.296763 0.414991
vt 0.303389 0.448268
vt 0.303389 0.461521
vt 0.316642 0.508051
vt 0.303389 0.508051
vt 0.296763 0.508051
vt 0.310016 0.508051
vt 0.310016 0.521304
vt 0.310016 0.554437
vt 0.303389 0.567690
vt 0.777374 0.539192
vt 0.524062 0.375207
vt 0.525313 0.362011
vt 0.389176 0.752923
vt 0.290136 0.779884
vt 0.602675 0.763350
vt 0.609301 0.776603
vt 0.296763 0.773546
vt 0.757494 0.247048
vt 0.750867 0.240421
vt 0.750867 0.293578
vt 0.777374 0.087578
vt 0.336801 0.766625
vt 0.336946 0.726722
vt 0.343716 0.753228
vt 0.343428 0.780022
vt 0.316642 0.773401
vt 0.310016 0.773546
vt 0.350487 0.753228
vt 0.343716 0.726722
vt 0.581755 0.768828
vt 0.673107 0.073036
vt 0.475465 0.712876
vt 0.757494 0.213771
vt 0.316642 0.634100
vt 0.283510 0.687112
vt 0.316642 0.687112
vt 0.757494 0.213771
vt 0.764121 0.213771
vt 0.764121 0.187265
vt 0.750867 0.558928
vt 0.757494 0.558928
vt 0.757494 0.545675
vt 0.757494 0.505915
vt 0.336802 0.766625
vt 0.343428 0.753228
s 0
usemtl Sheath
f 3241/1/1 3264/2/1 3248/3/1
f 3431/4/2 3375/5/2 3378/6/2
f 23/7/2 18/8/2 3651/9/2
f 2773/10/3 2852/11/3 2854/12/3
f 232/13/3 230/14/3 225/15/3
f 204/16/4 208/17/4 205/18/4
f 7/19/5 3527/20/5 3528/21/5
f 3531/22/1 3530/23/1 3529/24/1
f 3532/25/3 3534/26/3 13/27/3
f 571/28/2 521/29/2 617/30/2
f 1574/31/1 3619/32/1 1581/33/1
f 1581/33/1 1542/34/1 1550/35/1
f 3629/36/6 3630/36/6 1576/36/6
f 1581/33/1 3619/32/1 3629/36/1
f 3629/36/6 3619/32/6 3630/36/6
f 1576/36/1 3630/36/1 1530/37/1
f 1570/38/1 3629/36/1 1576/36/1
f 3629/36/6 3630/36/6 1576/36/6
f 1530/37/1 3630/36/1 3619/32/1
f 1576/36/1 3630/36/1 1530/37/1
f 1570/38/1 3629/36/1 1576/36/1
f 3629/36/6 3630/36/6 1576/36/6
f 1581/33/1 3619/32/1 3629/36/1
f 3629/36/6 3619/32/6 3630/36/6
f 1530/37/2 3619/32/2 3630/36/2
f 1576/36/2 1530/37/2 3630/36/2
f 3629/36/6 1576/36/6 3630/36/6
f 14/39/4 3534/40/4 3535/41/4
f 16/42/5 3536/43/5 3537/44/5
f 47/45/2 10/46/2 3539/47/2
f 45/48/2 69/49/2 67/50/2
f 26/51/3 3585/52/3 50/53/3
f 20/54/1 3536/55/1 17/56/1
f 21/57/3 3538/58/3 3542/59/3
f 551/60/4 580/61/4 581/62/4
f 28/63/4 3542/64/4 3543/65/4
f 32/66/1 24/67/1 22/68/1
f 42/69/5 41/70/5 40/71/5
f 44/72/5 46/73/5 45/74/5
f 133/75/1 166/76/1 196/77/1
f 2293/78/2 2295/79/2 2302/80/2
f 2285/81/2 2295/79/2 2279/82/2
f 61/83/1 43/84/1 42/85/1
f 64/86/5 29/87/5 63/88/5
f 58/89/2 23/7/2 59/90/2
f 3417/91/5 3418/92/5 3460/93/5
f 66/94/4 61/95/4 38/96/4
f 2798/97/1 3546/98/1 2785/99/1
f 74/100/5 73/101/5 37/102/5
f 69/103/4 68/104/4 67/105/4
f 49/106/4 77/107/4 48/108/4
f 259/109/3 296/110/3 313/111/3
f 216/112/6 251/113/6 196/114/6
f 1497/115/1 1556/116/1 1566/117/1
f 3221/118/3 3265/119/3 3299/120/3
f 497/121/2 501/122/2 537/123/2
f 35/124/1 138/125/1 34/126/1
f 243/127/4 272/128/4 244/129/4
f 3486/130/5 3488/131/5 3495/132/5
f 202/133/4 245/134/4 203/135/4
f 76/49/2 349/136/2 68/50/2
f 87/137/3 89/138/3 85/139/3
f 84/140/4 87/141/4 83/142/4
f 95/143/4 94/144/4 91/145/4
f 100/146/6 101/147/6 103/148/6
f 82/149/4 81/150/4 104/151/4
f 57/152/1 30/153/1 35/124/1
f 25/154/1 3624/155/1 13/156/1
f 580/61/4 588/157/4 587/158/4
f 2809/159/1 2808/160/1 2819/161/1
f 2730/162/1 2780/163/1 2807/164/1
f 108/165/3 106/166/3 105/139/3
f 89/167/4 108/168/4 105/169/4
f 34/126/1 39/85/1 36/170/1
f 96/143/4 92/145/4 111/171/4
f 116/172/3 112/173/3 90/165/3
f 114/174/5 119/175/5 113/176/5
f 431/177/3 529/178/3 554/179/3
f 121/180/6 123/181/6 98/182/6
f 1430/183/3 1602/184/3 1435/185/3
f 125/186/6 100/187/6 124/188/6
f 128/189/4 101/190/4 100/191/4
f 308/192/6 475/193/6 476/194/6
f 129/195/6 131/196/6 128/197/6
f 135/198/2 129/199/2 128/200/2
f 133/201/6 135/202/6 132/181/6
f 643/203/5 649/204/5 642/205/5
f 84/140/4 94/144/4 88/206/4
f 140/207/3 107/173/3 199/208/3
f 112/209/4 144/210/4 110/141/4
f 146/211/6 114/114/6 113/112/6
f 142/212/5 146/213/5 141/214/5
f 148/215/6 118/216/6 115/217/6
f 145/218/5 148/219/5 143/220/5
f 147/221/1 120/222/1 114/223/1
f 3174/224/1 3199/225/1 3126/226/1
f 3271/227/1 3339/228/1 3320/229/1
f 3322/230/1 3340/231/1 3342/232/1
f 3316/233/3 3380/234/3 3388/235/3
f 120/236/3 153/237/3 119/175/3
f 122/238/3 154/239/3 121/240/3
f 158/241/5 157/242/5 154/243/5
f 161/211/6 127/114/6 160/112/6
f 160/244/4 126/191/4 125/245/4
f 163/246/6 165/151/6 130/150/6
f 169/247/2 163/248/2 130/199/2
f 167/249/6 169/250/6 134/251/6
f 134/252/4 130/253/4 129/189/4
f 178/211/6 148/254/6 147/112/6
f 137/255/2 167/256/2 134/247/2
f 136/257/4 134/252/4 133/258/4
f 137/259/3 48/260/3 171/261/3
f 85/262/1 139/263/1 173/264/1
f 536/265/3 561/266/3 559/267/3
f 140/268/2 176/269/2 175/270/2
f 175/207/3 174/271/3 172/272/3
f 139/169/4 175/273/4 172/274/4
f 176/275/5 173/276/5 174/277/5
f 27/278/3 255/279/3 71/280/3
f 142/281/6 200/282/6 201/283/6
f 388/284/2 3552/285/2 3554/286/2
f 236/211/6 110/114/6 109/112/6
f 156/287/3 185/288/3 155/289/3
f 182/290/5 184/291/5 185/292/5
f 159/293/3 183/294/3 157/295/3
f 188/296/5 187/297/5 183/298/5
f 191/211/6 166/114/6 190/112/6
f 190/299/4 162/300/4 161/244/4
f 193/301/6 195/302/6 168/303/6
f 168/304/4 164/305/4 163/253/4
f 170/108/4 168/304/4 167/252/4
f 821/306/1 837/307/1 838/308/1
f 207/309/1 186/310/1 182/311/1
f 187/312/2 208/313/2 183/314/2
f 204/211/6 181/315/6 180/112/6
f 186/187/3 211/180/3 184/182/3
f 206/316/5 210/317/5 211/318/5
f 189/319/3 209/320/3 187/321/3
f 214/322/5 213/323/5 209/324/5
f 216/325/4 192/258/4 191/299/4
f 197/107/4 194/326/4 193/304/4
f 246/211/6 208/327/6 207/112/6
f 198/169/4 199/168/4 226/273/4
f 226/328/2 224/329/2 223/330/2
f 228/211/6 198/114/6 227/112/6
f 235/331/2 233/332/2 232/328/2
f 231/333/6 235/334/6 199/335/6
f 241/336/6 204/337/6 240/338/6
f 243/339/6 245/335/6 205/340/6
f 5/341/1 41/84/1 3555/342/1
f 3232/343/6 3352/344/6 3261/345/6
f 206/346/3 249/347/3 248/348/3
f 1673/349/2 981/350/2 927/351/2
f 1598/352/2 2148/353/2 2147/354/2
f 248/355/4 247/356/4 246/357/4
f 152/358/2 115/359/2 154/360/2
f 543/361/1 804/362/1 574/363/1
f 1742/364/1 1783/365/1 1840/366/1
f 1475/367/1 1478/368/1 1441/369/1
f 1667/370/1 1664/371/1 1444/372/1
f 268/373/6 246/374/6 267/375/6
f 270/376/6 272/377/6 247/378/6
f 256/379/4 251/257/4 250/325/4
f 255/380/4 253/381/4 252/107/4
f 3081/382/6 3157/383/6 3189/384/6
f 3100/385/6 3081/382/6 3079/386/6
f 258/387/1 299/388/1 263/389/1
f 277/390/2 266/391/2 298/392/2
f 281/211/6 273/114/6 280/112/6
f 280/393/4 269/394/4 268/395/4
f 283/211/6 285/114/6 274/112/6
f 274/396/4 271/397/4 270/398/4
f 274/399/2 249/400/2 287/401/2
f 347/402/6 362/403/6 380/404/6
f 503/405/3 488/406/3 478/407/3
f 478/407/3 487/408/3 477/409/3
f 496/410/6 466/411/6 480/412/6
f 9/413/6 3566/414/6 43/415/6
f 465/416/1 483/417/1 3565/418/1
f 3139/419/1 3140/420/1 3143/421/1
f 1191/422/2 1265/423/2 1211/424/2
f 1118/425/2 1154/426/2 1184/427/2
f 1069/428/2 1045/429/2 1131/430/2
f 288/299/4 281/69/4 292/431/4
f 3432/432/5 3433/433/5 3431/434/5
f 241/435/4 246/436/4 242/437/4
f 284/305/4 289/438/4 305/439/4
f 307/298/5 309/440/5 306/441/5
f 180/442/5 183/443/5 182/444/5
f 541/445/1 463/446/1 538/447/1
f 85/139/3 238/448/3 111/449/3
f 3136/450/1 3203/451/1 3257/452/1
f 3151/453/1 3136/450/1 3568/453/1
f 619/204/5 622/454/5 624/455/5
f 628/456/3 663/457/3 662/458/3
f 320/459/5 319/460/5 328/461/5
f 321/211/6 322/114/6 303/112/6
f 38/83/1 73/462/1 66/463/1
f 445/464/3 456/465/3 533/466/3
f 2859/467/1 2827/468/1 3572/469/1
f 178/470/4 181/471/4 179/472/4
f 334/473/1 314/474/1 313/475/1
f 333/476/6 317/477/6 314/478/6
f 337/479/6 319/480/6 320/481/6
f 2101/482/3 2014/483/3 2005/484/3
f 335/485/1 320/486/1 317/474/1
f 1216/487/1 1240/488/1 1197/489/1
f 1400/490/2 1396/491/2 932/492/2
f 349/493/5 352/494/5 351/495/5
f 304/496/3 395/497/3 397/498/3
f 362/499/1 345/500/1 361/501/1
f 746/502/3 671/503/3 748/504/3
f 349/505/6 367/506/6 370/507/6
f 352/508/2 367/509/2 351/136/2
f 355/510/4 372/238/4 354/240/4
f 2387/511/2 2388/512/2 2441/513/2
f 2441/513/2 2462/514/2 2440/515/2
f 348/516/5 380/517/5 379/518/5
f 2241/519/1 2401/520/1 2400/521/1
f 419/522/6 381/523/6 447/524/6
f 482/525/6 467/526/6 481/527/6
f 455/528/6 469/529/6 468/530/6
f 385/531/2 381/532/2 370/509/2
f 371/533/4 370/493/4 367/534/4
f 381/535/5 383/316/5 382/318/5
f 2925/536/1 2856/537/1 2942/538/1
f 447/539/2 383/540/2 466/541/2
f 2688/542/3 2703/543/3 2813/544/3
f 279/545/3 422/546/3 421/547/3
f 2453/548/6 2442/549/6 2456/550/6
f 389/551/4 402/552/4 388/553/4
f 145/554/6 202/457/6 203/555/6
f 397/556/4 396/557/4 408/558/4
f 398/559/6 436/560/6 307/561/6
f 400/498/3 409/562/3 399/563/3
f 412/334/5 411/564/5 410/335/5
f 416/565/4 405/510/4 404/566/4
f 415/567/5 417/568/5 414/569/5
f 321/570/1 444/571/1 325/572/1
f 3078/573/4 3072/574/4 3047/114/4
f 3047/114/4 3073/211/4 3048/112/4
f 411/575/2 423/576/2 410/577/2
f 413/578/3 424/546/3 411/579/3
f 1777/580/2 1780/581/2 1803/582/2
f 1848/583/2 1844/584/2 1842/585/2
f 197/586/2 171/587/2 255/588/2
f 179/589/2 205/590/2 202/591/2
f 625/592/5 629/593/5 628/594/5
f 1934/595/1 2197/596/1 2196/597/1
f 421/598/4 426/599/4 420/600/4
f 424/564/4 427/340/4 423/335/4
f 2698/601/6 2719/602/6 2721/603/6
f 2719/602/6 2698/601/6 2718/604/6
f 117/605/2 145/606/2 265/607/2
f 1789/608/2 1791/609/2 1793/610/2
f 2172/611/1 2136/612/1 2159/613/1
f 220/614/1 227/615/1 219/616/1
f 1952/617/1 1947/618/1 2028/619/1
f 2853/12/3 2831/620/3 2812/621/3
f 434/622/6 407/623/6 419/522/6
f 205/590/2 247/624/2 243/625/2
f 615/626/1 665/627/1 664/628/1
f 2467/629/6 2452/630/6 2465/631/6
f 2732/632/2 2689/633/2 2690/634/2
f 432/635/1 471/636/1 439/637/1
f 438/638/4 436/639/4 435/640/4
f 440/641/5 441/249/5 439/642/5
f 2750/643/6 2635/644/6 2602/645/6
f 2768/646/6 2750/643/6 2765/647/6
f 446/648/4 445/448/4 448/649/4
f 2537/650/6 2519/651/6 2590/652/6
f 3003/653/2 2986/654/2 2998/655/2
f 460/656/1 452/657/1 449/658/1
f 452/640/4 450/659/4 449/660/4
f 457/661/4 470/662/4 456/663/4
f 1652/664/3 1931/665/3 1990/666/3
f 3235/667/1 3289/668/1 3276/669/1
f 474/670/5 475/671/5 473/672/5
f 386/673/3 309/674/3 387/675/3
f 2201/676/2 2249/677/2 2280/678/2
f 2278/679/2 2280/678/2 2279/82/2
f 836/680/1 851/681/1 881/682/1
f 299/211/6 264/114/6 238/114/6
f 1828/683/3 1860/684/3 1912/685/3
f 418/686/1 1158/687/1 1338/688/1
f 482/525/6 468/530/6 469/529/6
f 466/689/5 483/690/5 480/691/5
f 555/692/1 640/693/1 642/694/1
f 573/695/2 526/696/2 528/697/2
f 2916/698/6 2953/699/6 2917/700/6
f 3066/701/6 2918/702/6 2911/703/6
f 517/704/1 486/705/1 515/706/1
f 498/707/3 517/708/3 515/709/3
f 486/710/4 498/711/4 515/712/4
f 514/397/5 516/713/5 517/714/5
f 488/715/3 519/716/3 487/408/3
f 522/717/1 508/718/1 507/719/1
f 531/720/5 529/721/5 530/722/5
f 535/662/5 534/723/5 533/724/5
f 505/725/3 539/726/3 502/265/3
f 549/727/4 531/728/4 533/729/4
f 626/112/3 552/112/3 658/560/3
f 559/730/5 565/731/5 560/732/5
f 207/733/5 209/734/5 206/735/5
f 2703/736/2 2816/737/2 2815/738/2
f 574/739/6 545/740/6 544/741/6
f 547/742/4 576/743/4 555/744/4
f 593/745/1 563/746/1 556/747/1
f 557/748/3 593/749/3 556/750/3
f 564/751/2 594/752/2 560/753/2
f 560/754/3 591/755/3 558/756/3
f 563/757/3 596/758/3 562/179/3
f 583/691/4 577/316/4 609/759/4
f 565/760/3 595/761/3 564/762/3
f 591/763/5 595/764/5 600/672/5
f 754/765/5 757/766/5 756/767/5
f 656/768/5 657/769/5 661/770/5
f 613/771/1 608/772/1 611/773/1
f 608/774/4 602/713/4 611/775/4
f 614/776/5 612/777/5 613/778/5
f 2010/779/2 2012/780/2 2101/781/2
f 1760/610/2 1756/782/2 1495/783/2
f 336/784/2 316/785/2 319/786/2
f 559/787/6 658/788/6 659/789/6
f 2777/790/3 2817/791/3 2781/792/3
f 609/793/1 639/693/1 610/794/1
f 660/795/6 627/796/6 625/797/6
f 592/798/5 590/799/5 599/800/5
f 631/801/5 633/802/5 632/324/5
f 644/803/5 637/804/5 638/805/5
f 430/806/1 428/807/1 431/808/1
f 397/809/1 428/807/1 306/810/1
f 649/211/6 620/114/6 619/112/6
f 2068/811/3 2168/812/3 2154/813/3
f 655/814/5 658/815/5 654/816/5
f 1175/817/6 1145/818/6 1173/819/6
f 1063/820/6 1101/821/6 1104/822/6
f 737/823/3 779/824/3 828/825/3
f 1938/826/4 2021/827/4 2012/828/4
f 685/627/1 702/829/1 666/628/1
f 569/830/1 616/831/1 542/832/1
f 538/447/1 607/833/1 569/830/1
f 667/834/5 672/803/5 671/835/5
f 3364/836/1 3366/837/1 3406/838/1
f 3406/838/1 3365/839/1 3455/840/1
f 669/841/6 643/842/6 642/128/6
f 671/843/6 644/844/6 646/845/6
f 652/846/3 674/847/3 651/848/3
f 3251/849/3 3359/850/3 3295/851/3
f 680/852/6 655/853/6 654/854/6
f 677/855/5 680/816/5 675/856/5
f 658/857/2 680/858/2 654/859/2
f 666/776/4 665/860/4 685/861/4
f 2812/862/1 2773/863/1 2854/864/1
f 554/865/5 555/866/5 556/867/5
f 859/868/6 810/869/6 786/870/6
f 892/871/6 1012/872/6 985/873/6
f 1063/874/6 1015/875/6 1016/876/6
f 959/877/6 890/878/6 925/879/6
f 674/880/4 691/881/4 673/882/4
f 695/883/6 677/884/6 675/376/6
f 692/885/5 695/886/5 690/887/5
f 55/888/3 52/889/3 82/890/3
f 694/724/5 697/891/5 693/892/5
f 2331/893/1 2384/894/1 2357/895/1
f 704/896/5 702/897/5 703/898/5
f 658/899/6 657/900/6 682/901/6
f 2394/902/2 2393/903/2 2437/904/2
f 1030/905/3 1032/906/3 1064/907/3
f 876/908/3 875/909/3 720/261/3
f 875/909/3 874/910/3 862/911/3
f 842/912/2 1076/913/2 1053/914/2
f 1368/915/2 1451/916/2 1390/917/2
f 1932/665/3 2094/918/3 2064/919/3
f 710/920/2 706/921/2 688/922/2
f 689/923/4 688/802/4 687/924/4
f 706/925/5 708/926/5 707/927/5
f 693/112/6 727/560/6 694/114/6
f 2378/928/6 2379/929/6 2488/930/6
f 2271/931/6 2265/932/6 2264/933/6
f 722/934/1 705/829/1 704/935/1
f 713/936/3 716/937/3 714/938/3
f 348/939/1 406/940/1 346/941/1
f 711/942/3 731/943/3 730/944/3
f 1504/945/3 1423/946/3 1508/947/3
f 1377/948/3 1341/949/3 1254/950/3
f 1292/951/3 801/952/3 792/953/3
f 723/954/4 722/955/4 732/956/4
f 733/957/5 734/958/5 735/959/5
f 739/848/5 738/960/5 737/846/5
f 348/961/6 404/962/6 405/963/6
f 751/964/5 750/965/5 749/966/5
f 2294/967/1 2252/968/1 2266/969/1
f 2248/970/1 2251/971/1 2253/972/1
f 728/973/4 725/974/4 724/975/4
f 731/518/4 727/976/4 726/217/4
f 760/977/5 758/925/5 759/978/5
f 52/979/1 64/980/1 81/981/1
f 736/982/3 763/983/3 734/984/3
f 2496/985/1 2497/986/1 2501/987/1
f 769/988/2 765/989/2 743/990/2
f 744/991/4 743/925/4 742/992/4
f 765/993/5 767/994/5 766/995/5
f 752/996/3 770/997/3 750/504/3
f 772/998/5 771/856/5 770/965/5
f 2117/999/2 2170/1000/2 2135/1001/2
f 2557/1002/6 2555/1003/6 2584/1004/6
f 763/1005/4 758/1006/4 778/1007/4
f 2448/1008/1 2607/1009/1 2606/1010/1
f 767/1011/2 784/1012/2 766/989/2
f 2538/1013/2 2522/1014/2 2535/1015/2
f 790/815/5 787/1016/5 788/966/5
f 780/1017/4 794/1018/4 779/883/4
f 2956/1019/2 2951/1020/2 2957/1021/2
f 786/1022/4 785/1023/4 784/1024/4
f 800/1025/1 793/1026/1 798/1027/1
f 793/1024/4 792/648/4 798/649/4
f 801/1028/5 799/1029/5 800/1030/5
f 265/1031/6 302/1032/6 266/1033/6
f 738/1034/2 779/1035/2 737/1036/2
f 807/1037/5 806/1038/5 804/254/5
f 805/1039/5 810/1040/5 809/1041/5
f 797/1042/2 805/1043/2 785/1012/2
f 2157/1044/1 2125/1045/1 2103/1046/1
f 150/1047/5 155/1048/5 153/291/5
f 2274/1049/2 2217/1050/2 2275/1051/2
f 1613/1052/2 3649/1053/2 1638/1054/2
f 1582/1055/2 1661/1053/2 3649/1053/2
f 2613/1056/1 2627/1057/1 2626/1058/1
f 826/642/4 816/1059/4 815/641/4
f 827/1060/3 830/1061/3 831/1062/3
f 3042/1063/3 3106/1064/3 3063/1065/3
f 3242/1066/3 3243/1067/3 3194/1068/3
f 3192/1069/3 3270/1070/3 3269/1071/3
f 3409/1072/6 3398/1073/6 3397/1074/6
f 825/1075/6 840/1076/6 843/1077/6
f 833/1078/3 845/1079/3 828/825/3
f 858/1080/5 857/1081/5 856/1082/5
f 844/479/4 843/1083/4 840/1084/4
f 855/1085/2 868/1086/2 867/1087/2
f 870/1088/1 859/1089/1 858/1090/1
f 879/1091/5 878/1092/5 877/1093/5
f 864/1094/2 882/1095/2 3654/1096/2
f 863/1096/2 864/1094/2 3654/1096/2
f 3002/1097/1 2996/1098/1 2984/1099/1
f 3043/1100/1 3122/1101/1 3123/1102/1
f 872/1103/6 871/1104/6 889/1105/6
f 888/1106/4 870/338/4 869/337/4
f 228/1107/4 220/1108/4 258/1109/4
f 2121/1110/1 1928/1111/1 2033/1112/1
f 2846/1113/1 2867/1114/1 2850/1115/1
f 905/1116/2 867/1087/2 868/1086/2
f 910/1117/5 909/1118/5 908/1119/5
f 880/1120/3 915/1121/3 878/1122/3
f 2564/1123/2 2688/1124/2 2687/1125/2
f 923/1126/1 911/1127/1 910/1128/1
f 915/1129/4 934/1130/4 914/1131/4
f 935/1132/5 933/1133/5 932/1134/5
f 941/1135/2 937/1136/2 895/1137/2
f 946/689/4 923/337/4 922/1138/4
f 2701/1139/1 2740/1140/1 2702/1141/1
f 3424/1142/1 3466/1143/1 3514/1144/1
f 958/1145/5 956/1146/5 955/1147/5
f 2870/1148/1 2898/1149/1 2871/1150/1
f 215/1151/3 287/1152/3 213/1153/3
f 979/1154/6 958/1155/6 955/1156/6
f 2334/1157/1 2369/1158/1 2362/1159/1
f 977/1160/1 959/1161/1 958/1162/1
f 604/1163/2 1221/1164/2 701/1165/2
f 1005/1166/1 976/1167/1 1007/1168/1
f 1012/1169/6 1005/1154/6 1011/1170/6
f 1005/973/4 977/1171/4 979/1172/4
f 932/1173/3 1597/1174/3 1610/1175/3
f 964/1176/1 993/1177/1 1001/1178/1
f 1019/1179/1 993/1177/1 995/1180/1
f 1720/1181/2 1637/1182/2 1683/1183/2
f 1008/1184/5 1006/1185/5 1007/1186/5
f 1135/1187/2 1093/1188/2 1079/913/2
f 1043/1189/2 1027/1190/2 1048/1191/2
f 1024/1192/2 1035/1193/2 945/1194/2
f 1058/1195/1 1011/1196/1 1008/1168/1
f 1054/914/2 1046/1197/2 1048/1191/2
f 2912/1198/2 2893/1199/2 2897/1200/2
f 1080/1201/4 1058/1172/4 1057/1202/4
f 1819/1203/6 1856/1204/6 1882/1205/6
f 1188/1206/1 1157/1207/1 1186/1208/1
f 1193/1209/1 1029/1210/1 1094/1211/1
f 1074/1212/1 1071/1213/1 1094/1211/1
f 56/1214/1 31/1215/1 32/66/1
f 1103/534/5 1101/1216/5 1099/1217/5
f 1086/1218/1 1109/1219/1 1107/1220/1
f 1121/1221/2 1114/1222/2 1116/1223/2
f 3140/1224/3 3213/1225/3 3212/1226/3
f 1143/1227/1 1104/1228/1 1103/1229/1
f 1151/1230/5 1109/1231/5 1111/1232/5
f 1164/1233/1 1161/1234/1 1169/1235/1
f 1167/1236/6 1145/818/6 1164/1237/6
f 1164/1238/4 1143/1239/4 1140/1240/4
f 1197/1241/6 1171/819/6 1169/1236/6
f 1171/1242/5 1167/1243/5 1169/1216/5
f 624/1244/1 678/1245/1 656/1246/1
f 1873/1247/6 1851/1248/6 1870/1249/6
f 347/402/6 330/1250/6 345/1251/6
f 38/1252/6 40/1253/6 3583/1254/6
f 110/173/3 239/1255/3 237/246/3
f 1195/1256/1 1204/1257/1 1336/688/1
f 1198/489/1 1173/1258/1 1171/1235/1
f 1704/1259/1 1708/1260/1 2064/1261/1
f 774/455/5 777/1262/5 776/765/5
f 2470/1263/6 2506/1264/6 2471/1265/6
f 1219/1266/4 1198/1267/4 1197/1239/4
f 2421/1268/1 2402/520/1 2544/1269/1
f 2644/1270/3 2510/1271/3 2200/1272/3
f 2720/1273/2 2672/1274/2 2756/1275/2
f 1243/1276/5 1240/1277/5 1235/1037/5
f 1253/1278/5 1248/1279/5 1250/1280/5
f 3472/1281/2 3431/4/2 3518/1282/2
f 1236/1283/6 1243/1284/6 1235/1285/6
f 1235/211/4 1267/114/4 1232/112/4
f 1268/1286/1 1244/488/1 1243/1287/1
f 2839/1288/2 2823/1289/2 2844/1290/2
f 1287/1291/4 1268/1292/4 1236/1293/4
f 2608/1294/3 2560/1295/3 2574/1296/3
f 2610/1297/3 2577/1298/3 2478/1299/3
f 2323/1300/3 2423/1301/3 2422/1302/3
f 2221/1303/3 2238/1304/3 2243/1305/3
f 1254/1306/1 1424/1307/1 1423/1308/1
f 1289/1309/6 1287/1283/6 1371/1310/6
f 1179/1311/6 1246/1312/6 1273/1313/6
f 1329/1314/1 1325/1315/1 1336/688/1
f 340/1316/1 373/1317/1 391/1318/1
f 1360/1319/1 1416/1320/1 1346/1321/1
f 121/1322/4 165/305/4 122/600/4
f 1392/1323/1 1457/1324/1 1491/115/1
f 832/1325/1 1311/1326/1 1374/1327/1
f 1392/1310/6 1464/1328/6 1395/1329/6
f 1392/1201/4 1353/1330/4 1371/973/4
f 1409/1331/2 1406/1332/2 1413/1333/2
f 491/1334/2 479/1335/2 511/1336/2
f 1549/1337/2 1546/1338/2 1387/1339/2
f 1426/1340/5 1423/1341/5 1424/1342/5
f 44/1343/6 68/1344/6 3579/1345/6
f 1406/1332/2 1437/491/2 1403/1346/2
f 2324/1347/1 2321/1348/1 2446/1349/1
f 3163/421/1 3265/1350/1 3164/1351/1
f 3219/1352/1 3122/1101/1 3220/1353/1
f 1441/369/1 1478/368/1 1477/1354/1
f 1395/1355/2 1458/1356/2 1353/1357/2
f 620/112/4 622/211/4 626/560/4
f 1464/1328/6 1491/1358/6 1497/1359/6
f 1498/1360/5 1491/1361/5 1485/1362/5
f 1464/1363/4 1460/776/4 1458/1364/4
f 1504/1365/5 1501/1366/5 1503/1367/5
f 3522/1368/6 3471/1369/6 3424/1370/6
f 93/144/4 123/600/4 116/1371/4
f 789/1372/6 775/373/6 774/1373/6
f 95/143/4 103/1374/4 97/1322/4
f 1520/1375/2 1535/1376/2 1517/1377/2
f 2572/1378/2 2541/1379/2 2573/1380/2
f 475/1381/2 485/1382/2 497/121/2
f 605/1163/2 475/1381/2 290/1383/2
f 889/1384/1 887/1385/1 909/1127/1
f 1556/1386/6 1487/1387/6 1564/1388/6
f 2629/1389/1 2619/1390/1 2638/1391/1
f 204/1392/1 246/1393/1 207/309/1
f 1536/1394/2 1385/1395/2 1546/1338/2
f 1607/1396/5 1602/1397/5 1604/1398/5
f 151/1399/3 181/1400/3 180/1401/3
f 1628/1402/4 1591/756/4 1588/1266/4
f 1595/1403/5 1601/1404/5 1598/1405/5
f 28/57/3 64/888/3 63/1406/3
f 1780/581/2 1777/580/2 1731/1407/2
f 18/1408/3 389/1409/3 3588/1410/3
f 2307/1411/2 2349/1412/2 2405/1413/2
f 2223/1414/1 2266/969/1 2248/970/1
f 2213/1415/1 2194/1416/1 2214/1417/1
f 2148/1418/3 1720/1419/3 1762/1420/3
f 2181/1421/3 2188/1422/3 2189/1423/3
f 1631/1424/5 1637/1425/5 1634/1426/5
f 307/810/1 437/1427/1 310/1428/1
f 1602/184/3 1680/1429/3 1659/1430/3
f 1643/1431/2 1622/1432/2 1640/1433/2
f 1724/1434/2 1767/1435/2 1728/1181/2
f 1648/1436/4 1646/1437/4 1644/1438/4
f 2666/1439/2 2587/1440/2 2615/1441/2
f 2439/1442/2 2433/1443/2 2449/1444/2
f 2661/1445/2 2665/1446/2 3642/1447/2
f 2530/1448/2 2541/1379/2 2571/1449/2
f 2665/1446/2 2648/1450/2 3635/1446/2
f 2665/1446/2 3639/1446/2 3640/1451/2
f 3638/1447/2 2663/1452/2 3642/1447/2
f 3640/1451/2 3638/1447/2 3641/1451/2
f 3638/1447/2 3642/1447/2 3641/1451/2
f 2665/1446/2 3640/1451/2 3641/1451/2
f 3639/1446/6 2665/1446/6 3635/1446/6
f 3634/1453/2 2666/1439/2 3635/1446/2
f 2665/1446/2 2648/1450/2 3635/1446/2
f 2665/1446/2 3639/1446/2 3640/1451/2
f 2665/1446/2 3640/1451/2 3641/1451/2
f 3639/1446/6 2665/1446/6 3635/1446/6
f 3638/1447/2 2663/1452/2 3642/1447/2
f 3640/1451/2 3638/1447/2 3641/1451/2
f 3638/1447/2 3642/1447/2 3641/1451/2
f 3634/1453/1 2648/1450/1 3639/1446/1
f 1633/1454/3 1683/1455/3 1637/1456/3
f 1616/1457/2 1692/1458/2 3649/1053/2
f 1661/1053/6 1616/1457/6 3649/1053/6
f 1552/1459/1 1558/1460/1 1710/1461/1
f 1550/35/1 1585/1462/1 1558/1460/1
f 1504/1463/1 1989/1464/1 1651/1465/1
f 1659/1430/3 1708/1466/3 1707/1467/3
f 1715/1468/6 1697/1469/6 1694/1470/6
f 1628/1471/6 1885/1472/6 1593/1473/6
f 1723/896/4 1728/1474/4 1720/1038/4
f 719/1475/5 718/766/5 720/1476/5
f 1287/1477/1 1562/1478/1 1927/1479/1
f 2493/1480/1 2454/1481/1 2492/1482/1
f 565/751/2 422/1483/2 308/1383/2
f 1767/1134/5 1765/1484/5 1762/1485/5
f 852/1486/1 885/1487/1 903/1488/1
f 180/1489/1 156/1490/1 150/1491/1
f 1787/1492/4 1745/88/4 1747/87/4
f 1791/1493/6 1759/1494/6 1760/1495/6
f 1759/1496/4 1755/1497/4 1753/1498/4
f 3395/1499/2 3411/5/2 3425/1500/2
f 638/1501/2 582/1502/2 587/1503/2
f 2677/1504/6 2683/1505/6 2676/1506/6
f 1815/303/5 1819/1507/5 1816/293/5
f 293/1508/5 295/1509/5 300/1510/5
f 646/1511/2 673/1512/2 748/1513/2
f 1885/1472/6 1928/1514/6 1985/1515/6
f 553/114/1 674/211/1 690/114/1
f 1819/1516/2 1852/1517/2 1816/1518/2
f 1983/1519/1 2138/612/1 2228/1520/1
f 326/1521/2 354/1522/2 323/1523/2
f 1902/1524/1 1899/1525/1 1900/1526/1
f 1947/618/1 1897/1527/1 1902/1524/1
f 1835/1528/1 1839/1529/1 1807/1530/1
f 1833/1531/1 1917/1532/1 1893/1533/1
f 2026/1534/1 2070/1535/1 2078/1536/1
f 1938/780/2 1979/779/2 1831/1537/2
f 598/211/6 566/114/6 472/1538/6
f 1858/1276/4 1855/1539/4 1852/1540/4
f 1888/1541/1 1795/1542/1 1796/1543/1
f 147/135/5 152/1544/5 151/1545/5
f 587/1503/2 648/1546/2 641/1547/2
f 905/1116/2 898/1548/2 864/1094/2
f 1125/1549/2 1123/1550/2 1088/1551/2
f 1035/1193/2 1067/1552/2 1088/1551/2
f 1259/1553/2 1230/1554/2 1260/1555/2
f 896/1556/2 945/1194/2 971/1557/2
f 853/1558/2 863/1096/2 3654/1096/2
f 863/1096/2 864/1094/2 3654/1096/2
f 1526/1559/3 1678/1560/3 1989/1561/3
f 1510/1562/3 1429/1563/3 1526/1559/3
f 1891/1564/5 1887/1565/5 1888/1566/5
f 2985/1567/1 2948/1568/1 2950/1569/1
f 2950/1569/1 2948/1568/1 2949/1570/1
f 1952/617/1 1948/1571/1 1947/618/1
f 551/1502/2 533/1572/2 553/1573/2
f 680/283/6 679/1574/6 698/1575/6
f 1973/1576/4 1924/1577/4 1909/1578/4
f 716/734/4 711/1579/4 730/770/4
f 1990/1580/5 1987/1581/5 1989/1582/5
f 2002/1583/5 2009/1584/5 2006/1585/5
f 699/1586/4 715/1587/4 713/1588/4
f 632/1589/2 689/1590/2 687/1591/2
f 2016/1592/6 2021/1593/6 1940/1594/6
f 1973/1595/6 1975/1596/6 1927/1597/6
f 531/1598/1 548/1599/1 547/1600/1
f 2046/1601/6 2051/1602/6 2025/1592/6
f 2025/1603/4 2018/827/4 2016/1604/4
f 526/1605/6 573/1606/6 7/1607/6
f 2072/1608/6 2077/1609/6 2052/1601/6
f 2052/1610/4 2049/1611/4 2046/1603/4
f 2054/1612/2 1962/1613/2 1968/1614/2
f 1962/1613/2 2112/1615/2 2080/1616/2
f 1906/1617/2 1964/1618/2 1966/1619/2
f 2060/1620/4 2037/1496/4 2035/1621/4
f 2107/1622/6 2111/1623/6 2080/1608/6
f 2080/1624/4 2074/1625/4 2072/1610/4
f 1914/1626/1 2045/1627/1 1917/1532/1
f 1710/1461/1 1734/1628/1 1783/365/1
f 2223/1414/1 2242/1629/1 2246/1630/1
f 2043/1631/1 1833/1531/1 2243/519/1
f 2503/986/1 2603/1632/1 2583/1633/1
f 2049/1634/2 2074/1635/2 2104/1636/2
f 2129/1637/6 2132/1638/6 2112/1622/6
f 2112/1639/4 2109/1640/4 2107/1624/4
f 2086/1641/2 1964/1618/2 2030/1642/2
f 2147/1643/5 2145/1644/5 2146/1580/5
f 2317/1645/2 2000/1646/2 2153/1647/2
f 50/1648/2 49/1649/2 3549/1650/2
f 2135/1651/4 2130/1652/4 2129/1639/4
f 2165/1653/6 2060/1654/6 2121/1655/6
f 2210/1656/6 2209/1657/6 2261/1658/6
f 2162/1659/1 2174/1660/1 2164/1661/1
f 2175/1662/6 2178/1663/6 2165/1653/6
f 2174/1664/4 2163/1665/4 2164/1666/4
f 2166/1581/5 2179/1667/5 2180/1668/5
f 610/882/6 640/560/6 583/1669/6
f 2166/1670/1 2300/1671/1 2272/1672/1
f 2185/1673/2 2183/1674/2 2168/1675/2
f 1/1676/3 256/1677/3 3544/1678/3
f 2173/1679/4 2171/1680/4 2170/1651/4
f 2176/1681/5 2175/1682/5 2162/1683/5
f 552/114/6 623/211/6 624/560/6
f 2487/1684/2 2540/1379/2 2533/1685/2
f 583/211/2 636/114/2 577/112/2
f 2183/1686/5 2190/1687/5 2186/1688/5
f 459/1689/3 500/1690/3 486/1691/3
f 2192/1692/1 2177/1693/1 2176/1659/1
f 2198/1694/5 2196/1695/5 2197/1696/5
f 2201/676/2 2200/1697/2 2184/1698/2
f 2189/1423/3 2235/1699/3 2216/1700/3
f 2211/254/4 2192/346/4 2191/1701/4
f 2369/1702/6 2363/1703/6 2354/1704/6
f 2425/1705/6 2337/1706/6 2290/1707/6
f 2377/928/6 2393/1708/6 2375/1709/6
f 21/1710/1 63/980/1 29/1711/1
f 2212/1712/4 2195/1620/4 2194/1713/4
f 2219/1714/1 2199/597/1 2198/596/1
f 178/1715/1 142/1716/1 201/1717/1
f 2210/1718/4 2208/1679/4 2207/1497/4
f 2227/1719/6 2258/1720/6 2229/1721/6
f 2235/1485/5 2217/1722/5 2216/1723/5
f 2239/1724/1 2221/1725/1 2237/1714/1
f 2221/1726/4 2219/251/4 2237/250/4
f 2240/1667/5 2238/1727/5 2239/1564/5
f 2222/211/2 2238/114/2 2221/112/2
f 2261/1658/6 2233/1728/6 2289/1729/6
f 3253/1730/2 3166/1731/2 3169/1732/2
f 2271/1733/4 2263/1713/4 2262/1734/4
f 2282/1735/1 2269/1736/1 2251/971/1
f 2233/1728/6 2299/1737/6 2289/1729/6
f 2287/1738/2 2256/1739/2 2286/1740/2
f 2342/1741/2 2190/1698/2 2276/1742/2
f 2293/78/2 2277/1743/2 2278/679/2
f 711/1744/1 694/1745/1 729/1746/1
f 374/1747/1 357/1748/1 386/1749/1
f 3186/1750/2 3259/1751/2 3119/1752/2
f 1880/1753/2 2084/1641/2 2058/1754/2
f 2227/1755/1 2250/1756/1 2253/972/1
f 2317/1585/5 2316/1757/5 2315/1484/5
f 2294/967/1 2327/1758/1 2305/1759/1
f 2304/1760/1 2331/893/1 2357/895/1
f 2381/1761/1 2330/1762/1 2356/1763/1
f 2321/1727/5 2319/1764/5 2320/1565/5
f 2326/1765/2 2302/80/2 2303/1766/2
f 2332/1767/4 2298/1768/4 2297/1769/4
f 2312/1644/5 2310/1770/5 2311/1581/5
f 460/1771/5 472/800/5 461/1772/5
f 2342/1688/5 2345/1773/5 3593/1774/5
f 3187/1775/2 3224/1776/2 3273/1777/2
f 3605/1778/2 3168/1778/2 3610/1779/2
f 3608/1780/2 3170/1732/2 3631/1780/2
f 3609/1781/2 3608/1780/2 3631/1780/2
f 3632/1781/2 3609/1781/2 3631/1780/2
f 3610/1779/2 3609/1781/2 3632/1781/2
f 3633/1779/2 3610/1779/2 3632/1781/2
f 3605/1778/2 3610/1779/2 3633/1779/2
f 3636/1782/2 3144/1783/2 3637/1782/2
f 3168/1778/2 3605/1778/2 3636/1782/2
f 3636/1782/2 3637/1782/2 3168/1778/2
f 3167/1784/2 3632/1781/2 3170/1732/2
f 3608/1780/2 3170/1732/2 3631/1780/2
f 3636/1782/2 3144/1783/2 3637/1782/2
f 3605/1778/2 3168/1778/2 3610/1779/2
f 3605/1778/2 3610/1779/2 3633/1779/2
f 3168/1778/2 3605/1778/2 3636/1782/2
f 3636/1782/2 3637/1782/2 3168/1778/2
f 3610/1779/2 3609/1781/2 3632/1781/2
f 3633/1779/2 3610/1779/2 3632/1781/2
f 3609/1781/2 3608/1780/2 3631/1780/2
f 3632/1781/2 3609/1781/2 3631/1780/2
f 3170/1732/1 3168/1778/1 3167/1784/1
f 2338/1785/4 2336/1718/4 2335/1786/4
f 2350/1787/2 2360/1788/2 2359/1789/2
f 662/1790/4 661/1791/4 660/1792/4
f 2362/1793/4 2333/1794/4 2334/1795/4
f 2677/1796/2 2669/1797/2 2605/1798/2
f 1498/1359/6 1487/1387/6 1556/1386/6
f 2443/1799/6 2417/1800/6 2416/1801/6
f 2289/1729/6 2336/1802/6 2417/1800/6
f 2370/1803/5 2369/1804/5 2361/1805/5
f 2485/1806/2 2443/1807/2 2453/1808/2
f 2353/1809/6 2370/1810/6 2361/1702/6
f 2373/1811/1 2371/1158/1 2370/1812/1
f 2398/1723/5 2396/1813/5 2397/1644/5
f 2402/1770/5 2400/1814/5 2401/1667/5
f 3182/1815/6 3257/1816/6 3229/1817/6
f 2392/1818/4 2390/1819/4 2391/1679/4
f 2419/1820/4 2373/1821/4 2353/1822/4
f 2378/1823/4 2393/1785/4 2377/1620/4
f 2403/1824/3 2423/1301/3 2400/1825/3
f 2418/1826/6 2417/1800/6 2389/1827/6
f 378/1828/1 340/1316/1 376/1829/1
f 542/832/1 763/1830/1 814/1831/1
f 912/1832/1 3620/1832/1 913/1833/1
f 2283/1740/2 2255/1834/2 2232/1835/2
f 2930/1836/2 2932/1837/2 2951/1020/2
f 2641/1838/3 2701/1839/3 2640/1840/3
f 2619/1841/3 2630/1842/3 2638/1843/3
f 2430/1844/5 2429/1845/5 2428/1687/5
f 690/1846/6 725/458/6 692/1847/6
f 2419/1848/1 2494/1849/1 2495/1850/1
f 2406/1851/2 2433/1443/2 2431/1852/2
f 2360/1788/2 2351/1853/2 2358/1854/2
f 2383/1855/2 2360/1788/2 2358/1854/2
f 2385/1856/2 2412/1857/2 2411/1858/2
f 2435/1859/4 2426/1734/4 2425/1664/4
f 668/1860/2 644/1511/2 672/1861/2
f 1990/1464/1 2146/1862/1 2063/1863/1
f 678/1864/5 679/1865/5 683/1866/5
f 1622/1432/2 1662/1867/2 1670/1868/2
f 1303/1869/2 1304/1870/2 1367/1871/2
f 1442/1872/2 1387/1339/2 1385/1395/2
f 1643/1431/2 1749/1873/2 1662/1867/2
f 1661/1053/6 1616/1457/6 3649/1053/6
f 1582/1055/2 1661/1053/2 3649/1053/2
f 2364/1874/1 2376/1158/1 2395/1875/1
f 2787/1876/2 2828/1877/2 2842/1290/2
f 807/362/1 817/1878/1 808/1879/1
f 2338/1880/2 2233/1881/2 2259/1882/2
f 2259/1882/2 2233/1881/2 2209/1835/2
f 2151/1883/3 2180/1884/3 2150/1885/3
f 2460/1484/5 2459/1886/5 2458/1722/5
f 2447/1814/5 2445/1887/5 2446/1727/5
f 815/1888/1 857/1089/1 826/1878/1
f 707/1889/2 744/988/2 742/990/2
f 2470/1890/4 2444/1823/4 2457/1712/4
f 1312/1891/3 1341/949/3 1374/1892/3
f 2428/1893/2 2513/1894/2 2527/1895/2
f 3412/1896/1 3398/1897/1 3410/1898/1
f 2482/1899/2 2516/1900/2 2530/1448/2
f 2469/1901/4 2467/1818/4 2468/1718/4
f 3133/1902/1 3134/1903/1 3626/1904/1
f 3090/1905/1 3176/1906/1 3089/1907/1
f 3618/1908/1 3627/1904/1 3134/1903/1
f 3617/1909/1 3627/1904/1 3618/1908/1
f 3627/1904/1 3626/1904/1 3134/1903/1
f 3177/1910/1 3626/1904/1 3627/1904/1
f 3627/1904/1 3628/1910/1 3177/1910/1
f 3617/1909/1 3625/1911/1 3627/1904/1
f 3627/1904/1 3625/1911/1 3628/1910/1
f 3176/1906/1 3625/1911/1 3617/1909/1
f 3618/1908/1 3627/1904/1 3134/1903/1
f 3627/1904/1 3626/1904/1 3134/1903/1
f 3179/1912/1 3625/1911/1 3176/1906/1
f 3176/1906/1 3625/1911/1 3617/1909/1
f 3617/1909/1 3627/1904/1 3618/1908/1
f 3177/1910/1 3628/1910/1 3179/1912/1
f 3177/1910/1 3626/1904/1 3627/1904/1
f 3627/1904/1 3628/1910/1 3177/1910/1
f 3617/1909/1 3625/1911/1 3627/1904/1
f 3627/1904/1 3625/1911/1 3628/1910/1
f 3625/1911/2 3618/1908/2 3134/1903/2
f 2489/1913/6 2501/1914/6 2502/1915/6
f 2503/1916/6 2602/645/6 2635/644/6
f 2509/1584/5 2512/1917/5 2511/1757/5
f 2507/1918/2 2512/1919/2 2508/1920/2
f 2506/1264/6 2505/1921/6 2521/1916/6
f 2525/1887/5 2523/1922/5 2524/1764/5
f 1227/1923/1 1301/1924/1 1307/1925/1
f 1213/1926/1 1307/1925/1 1329/1314/1
f 1321/1927/1 1209/1928/1 1380/1929/1
f 2530/1448/2 2529/1930/2 2515/1931/2
f 2923/1932/2 2814/737/2 2832/1933/2
f 2481/1934/1 2480/1935/1 2490/1936/1
f 2475/1937/1 2481/1934/1 2532/1938/1
f 2616/1939/1 2681/1940/1 2711/1941/1
f 212/1942/1 248/1943/1 273/1944/1
f 601/1945/6 497/1946/6 537/1947/6
f 2520/1948/4 2500/1712/4 2502/114/4
f 2502/114/4 2498/211/4 2499/112/4
f 2731/1949/1 2763/1950/1 2710/1941/1
f 2708/1951/1 2730/162/1 2746/1952/1
f 728/1953/2 712/1954/2 775/1955/2
f 2546/1813/5 2544/1956/5 2545/1770/5
f 740/1957/3 780/824/3 738/823/3
f 242/112/5 247/560/5 246/114/5
f 2537/1958/4 2542/1901/4 2536/1785/4
f 3114/1959/6 3151/1960/6 3150/1961/6
f 2547/1269/1 2575/1962/1 2574/1963/1
f 2547/1964/3 2562/1965/3 2544/1966/3
f 2548/211/4 2547/114/4 2544/112/4
f 2407/1967/2 2406/1851/2 2383/1855/2
f 2847/1968/6 2866/1969/6 2828/1970/6
f 2566/1687/5 2565/1971/5 2564/1773/5
f 2568/1972/1 2551/1973/1 2550/1974/1
f 2723/1975/3 2761/1976/3 2568/1977/3
f 1151/1978/1 1314/1979/1 1274/1980/1
f 2576/1722/5 2574/1981/5 2575/1813/5
f 776/1690/6 755/1982/6 754/1983/6
f 2588/1984/4 2581/1795/4 2580/1767/4
f 1801/1985/3 1862/1986/3 1827/1987/3
f 1684/1988/3 1633/1454/3 1774/1989/3
f 1684/1988/3 1689/1990/3 1723/1419/3
f 260/1991/3 262/1992/3 277/1993/3
f 224/15/3 276/1994/3 259/109/3
f 222/1995/3 219/1996/3 224/15/3
f 2592/1997/4 2590/1958/4 2589/1823/4
f 2608/1956/5 2606/1998/5 2607/1814/5
f 3369/1999/1 3364/836/1 3404/2000/1
f 2596/2001/1 2613/1056/1 2597/2002/1
f 795/2003/2 796/2004/2 741/2005/2
f 796/2004/2 812/2006/2 833/2007/2
f 848/2008/2 847/2009/2 3658/2010/2
f 847/2009/2 834/2011/2 3657/2012/2
f 847/2009/2 849/2013/2 3658/2010/2
f 849/2013/2 847/2009/2 3657/2012/2
f 3656/2013/2 3653/2010/2 849/2013/2
f 849/2013/6 3655/2012/6 3656/2013/6
f 3655/2012/6 849/2013/6 3657/2012/6
f 834/2011/6 3655/2012/6 3657/2012/6
f 3653/2010/2 848/2008/2 3658/2010/2
f 849/2013/1 3653/2010/1 3658/2010/1
f 3652/2014/2 3655/2012/2 834/2011/2
f 3655/2012/2 3652/2014/2 3656/2013/2
f 3652/2014/2 812/2006/2 3656/2013/2
f 849/2013/6 3655/2012/6 3656/2013/6
f 3655/2012/6 849/2013/6 3657/2012/6
f 834/2011/6 3655/2012/6 3657/2012/6
f 812/2006/2 3653/2010/2 3656/2013/2
f 847/2009/2 849/2013/2 3658/2010/2
f 849/2013/2 847/2009/2 3657/2012/2
f 3656/2013/2 3653/2010/2 849/2013/2
f 3655/2012/2 3652/2014/2 3656/2013/2
f 3652/2014/2 812/2006/2 3656/2013/2
f 849/2013/6 3655/2012/6 3656/2013/6
f 3655/2012/6 849/2013/6 3657/2012/6
f 849/2013/1 3653/2010/1 3658/2010/1
f 3652/2014/2 3655/2012/2 834/2011/2
f 847/2009/2 834/2011/2 3657/2012/2
f 834/2011/6 3655/2012/6 3657/2012/6
f 812/2006/1 3656/2013/1 3653/2010/1
f 3656/2013/2 3658/2010/2 3653/2010/2
f 3652/2014/1 3655/2012/1 812/2006/1
f 2601/2015/4 2587/2016/4 2586/1818/4
f 2616/2017/4 2600/1664/4 2599/1793/4
f 2230/2018/2 2169/2019/2 2130/2020/2
f 2225/2021/2 2204/2022/2 2230/2018/2
f 1057/1195/1 1101/1228/1 1080/2023/1
f 2624/2024/5 2623/2025/5 2622/1845/5
f 922/1126/1 956/1161/1 946/2026/1
f 3319/2027/3 3331/2028/3 3382/2029/3
f 2633/1998/5 2631/2030/5 2632/1887/5
f 2315/1645/2 2461/2031/2 2460/2032/2
f 2643/1757/5 2646/2033/5 2645/1886/5
f 2291/1707/6 2395/2034/6 2379/929/6
f 201/2035/4 240/2036/4 204/2037/4
f 2650/2038/4 2636/1733/4 2635/1859/4
f 343/2039/2 364/2040/2 342/2041/2
f 78/2042/2 60/2043/2 311/2044/2
f 2211/1416/1 2333/1157/1 2354/1159/1
f 2639/2045/3 2654/2046/3 2638/1843/3
f 2657/2030/5 2655/2047/5 2656/1922/5
f 508/2048/6 509/2049/6 492/2050/6
f 878/2051/2 914/2052/2 877/2053/2
f 2549/1974/1 2525/2054/1 2631/2055/1
f 2671/2056/4 2652/1997/4 2651/1890/4
f 1703/2057/6 1699/2058/6 1715/1468/6
f 1648/2059/6 981/2060/6 1163/2061/6
f 2208/2062/6 2231/2063/6 2368/2064/6
f 1656/2065/1 1528/2066/1 1469/2067/1
f 1736/2068/2 1749/1873/2 1785/2069/2
f 2675/2070/6 2670/2071/6 2677/1504/6
f 2670/2072/4 2668/2015/4 2667/1901/4
f 2705/736/2 2623/2073/2 2659/2074/2
f 2684/2075/4 2679/1890/4 2678/1948/4
f 2687/1773/5 2686/2076/5 2685/1917/5
f 2683/1505/6 2693/2077/6 2695/2078/6
f 359/2079/2 393/2080/2 392/2081/2
f 358/2082/2 375/2083/2 392/2081/2
f 2701/1981/5 2699/2084/5 2700/1956/5
f 2641/2085/2 2646/2086/2 2642/2087/2
f 3519/2088/5 3510/2089/5 3503/2090/5
f 3053/2091/1 3034/2092/1 3079/2093/1
f 2634/2055/1 2724/2094/1 2723/2095/1
f 2705/2096/5 2704/2097/5 2703/2098/5
f 125/2099/1 119/222/1 155/1490/1
f 2414/2100/1 2451/2101/1 2454/1481/1
f 2474/2102/1 2479/2103/1 2424/2104/1
f 2282/1735/1 2296/2105/1 2281/2106/1
f 2728/2107/1 2745/2108/1 2729/2109/1
f 2480/1935/1 2479/2103/1 2474/2102/1
f 2748/2110/2 2691/2111/2 2649/2112/2
f 2650/2113/1 2767/2114/1 2769/2115/1
f 2717/2116/2 2713/2117/2 2695/2118/2
f 2697/2119/4 2695/2072/4 2693/1958/4
f 2713/211/5 2715/114/5 2714/112/5
f 2725/2120/5 2723/2121/5 2724/2122/5
f 2313/2123/1 2397/2124/1 2396/520/1
f 2734/2125/4 2711/1793/4 2710/1984/4
f 2715/2126/2 2735/2127/2 2714/2117/2
f 2739/2128/6 2719/602/6 2718/604/6
f 2725/2094/1 2759/2129/1 2726/2095/1
f 1131/430/2 1132/2130/2 1191/422/2
f 2384/894/1 2410/2131/1 2386/2132/1
f 2413/2133/1 2415/2134/1 2352/2135/1
f 2803/2136/2 2686/1124/2 2804/2137/2
f 2738/2138/4 2736/756/4 2735/2139/4
f 2721/603/6 2722/2140/6 2754/2141/6
f 2742/1886/5 2740/2142/5 2741/1981/5
f 442/2143/1 450/658/1 451/657/1
f 962/2144/1 964/1176/1 975/2145/1
f 948/2146/1 950/2147/1 943/2148/1
f 605/2149/3 1598/2150/3 1429/1563/3
f 2774/2151/1 2761/2129/1 2772/1140/1
f 2761/2152/4 2760/2153/4 2772/2154/4
f 2775/2084/5 2773/2155/5 2774/1998/5
f 439/112/6 450/560/6 440/114/6
f 2773/2155/5 2777/2156/5 2778/2157/5
f 2823/2158/6 2839/2159/6 2890/2160/6
f 2682/2161/2 2673/2162/2 2683/2163/2
f 2784/2164/4 2767/1859/4 2768/2017/4
f 2753/1273/2 2822/1289/2 2736/2127/2
f 2785/2165/6 2758/2166/6 2771/2167/6
f 490/2168/2 489/2169/2 454/2170/2
f 2789/2171/6 2788/2172/6 2757/2173/6
f 2757/2174/4 2770/2119/4 2755/1997/4
f 2792/2175/5 2791/2176/5 2790/2025/5
f 2803/1917/5 2802/2177/5 2801/2033/5
f 2852/864/1 2868/1150/1 2969/2178/1
f 2797/2179/4 2796/2180/4 2795/2015/4
f 2789/2171/6 2758/2166/6 2799/2181/6
f 2828/1970/6 2800/2182/6 2811/2183/6
f 2470/2184/1 2489/2185/1 2500/987/1
f 3474/2186/6 3472/2187/6 3524/2188/6
f 3375/2189/6 3431/2190/6 3377/2191/6
f 1404/2192/1 1519/2193/1 1439/2194/1
f 1415/2195/1 1471/2196/1 1441/369/1
f 1576/36/1 3630/36/1 1530/37/1
f 2576/2197/2 2459/2031/2 2472/2198/2
f 2818/2199/1 2874/2200/1 2876/2201/1
f 2819/161/1 2829/2202/1 2818/2199/1
f 2355/1880/2 2465/2203/2 2456/1808/2
f 2815/2098/5 2814/2204/5 2813/2076/5
f 2826/2205/4 3548/2206/4 3569/2207/4
f 891/2208/6 961/2209/6 927/2210/6
f 618/2211/6 647/2212/6 588/2213/6
f 2816/2214/3 2832/2215/3 2814/544/3
f 2123/2216/1 2126/2217/1 2156/2218/1
f 2158/2219/1 2160/2220/1 2159/613/1
f 756/211/6 718/2221/6 717/2222/6
f 2843/2158/6 2825/2223/6 2842/2224/6
f 2825/2225/4 2823/2179/4 2822/2072/4
f 2340/2226/2 2345/2227/2 2341/2228/2
f 2340/2226/2 2344/1741/2 3593/1741/2
f 2831/2156/5 2829/2229/5 2830/2047/5
f 2915/2230/1 2972/2231/1 2984/1099/1
f 2873/2232/1 2875/2233/1 2829/2202/1
f 3240/2234/1 3292/2235/1 3312/2236/1
f 2850/2237/4 2847/2174/4 2846/2056/4
f 2215/2238/2 2377/903/2 2195/2239/2
f 2852/2240/5 2853/2241/5 2854/2155/5
f 660/18/3 700/2242/3 699/2243/3
f 550/2244/3 635/2245/3 578/2246/3
f 2802/2137/2 2900/2247/2 2801/2136/2
f 2840/1288/2 2930/1836/2 2909/2248/2
f 2766/2249/1 2878/2250/1 2768/2114/1
f 747/2251/3 788/2252/3 787/2253/3
f 2870/2142/5 2868/2240/5 2869/2084/5
f 733/2254/1 732/934/1 758/2255/1
f 760/2256/1 791/1026/1 761/2255/1
f 2273/2257/3 2312/2258/3 2151/1883/3
f 2556/2259/6 2543/2260/6 2555/1003/6
f 2592/2261/6 2604/2262/6 2618/2263/6
f 2522/651/6 2584/1004/6 2591/2264/6
f 2346/1347/1 2365/2265/1 2356/1763/1
f 728/2266/6 773/735/6 753/1587/6
f 3305/2267/2 3303/2268/2 3306/2269/2
f 2920/1198/2 2935/2270/2 2954/2271/2
f 2866/2272/4 2861/2225/4 2860/2119/4
f 2883/2273/4 2865/2056/4 2864/2075/4
f 2790/2274/2 2887/2275/2 2886/2276/2
f 2878/2277/6 2892/2278/6 2910/2279/6
f 2891/2280/4 2877/2017/4 2876/2125/4
f 297/2281/5 298/2282/5 302/2283/5
f 1290/2284/6 1353/1329/6 1273/1313/6
f 2900/2033/5 2898/2285/5 2899/2142/5
f 2188/2286/2 1827/2287/2 1910/2288/2
f 2886/2025/5 2885/2289/5 2884/2097/5
f 2889/2290/2 2904/2275/2 2888/2291/2
f 2972/2231/1 2914/2292/1 2926/2293/1
f 3319/2294/1 3380/2295/1 3318/2296/1
f 691/2297/3 749/504/3 673/503/3
f 969/2298/3 987/2299/3 1084/2300/3
f 2902/211/4 2901/114/4 2898/112/4
f 2671/2301/1 2679/2302/1 2680/2303/1
f 97/2304/2 98/2305/2 93/2306/2
f 2880/2307/6 2911/703/6 2918/702/6
f 2974/2308/1 3068/2309/1 3070/2310/1
f 2895/2311/6 2912/2312/6 2934/2313/6
f 2977/2314/6 2976/2315/6 2989/2316/6
f 2896/2317/6 2989/2316/6 2976/2315/6
f 2923/2076/5 2922/2318/5 2921/2177/5
f 1011/1170/6 1015/2319/6 1012/1169/6
f 896/1556/2 941/1135/2 893/2320/2
f 741/2005/2 539/2321/2 540/2322/2
f 853/1558/2 863/1096/2 3654/1096/2
f 95/2323/1 91/2324/1 96/2325/1
f 3049/2326/2 3024/2327/2 3027/2328/2
f 2924/2329/3 2943/2330/3 2922/2331/3
f 2933/2332/4 2932/2333/4 2931/2179/4
f 2939/2334/3 2971/2335/3 2968/2336/3
f 2971/2241/5 2946/2337/5 2968/2156/5
f 2912/2312/6 2960/2314/6 2934/2313/6
f 372/1522/2 457/2338/2 456/2339/2
f 2863/2340/6 2894/2311/6 2933/2341/6
f 2861/2342/6 2849/2343/6 2842/2224/6
f 2974/2344/4 2953/2038/4 2952/2164/4
f 875/909/3 876/908/3 1030/905/3
f 2938/2345/4 2960/2272/4 2937/2174/4
f 2962/2240/5 3573/2285/5 2964/2346/5
f 1221/2347/3 1424/946/3 1253/950/3
f 2574/114/2 2558/112/2 2561/211/2
f 2982/2348/5 2981/2349/5 2980/2350/5
f 2883/1114/1 3598/2351/1 3600/2352/1
f 2964/2353/1 2966/2354/1 3082/2355/1
f 2966/2354/1 3573/2356/1 2963/2356/1
f 2961/2357/3 2964/2358/3 2978/2359/3
f 2944/2360/3 2790/2361/3 3013/2362/3
f 3216/2363/2 3294/2364/2 3215/2365/2
f 2455/2366/6 2493/2367/6 2484/2368/6
f 2991/2369/3 3001/2370/3 2990/2371/3
f 3016/2372/3 2980/2373/3 3041/2374/3
f 2958/2375/6 2954/2376/6 2935/2377/6
f 3024/2378/6 3049/2379/6 3132/2380/6
f 3085/2381/2 2921/1932/2 2943/2382/2
f 2965/2383/2 2943/2382/2 2922/2384/2
f 3015/2097/5 3014/2385/5 3013/2204/5
f 3019/2386/5 3017/2387/5 3018/2388/5
f 3045/2389/2 3003/653/2 2997/2390/2
f 2995/2391/1 3046/2392/1 3004/2393/1
f 3009/2394/6 2960/2314/6 2936/2395/6
f 3009/574/4 3006/2332/4 3005/2225/4
f 3030/2396/6 3010/2397/6 3029/2398/6
f 3029/2399/7 3597/2400/7 3602/2401/7
f 3036/2402/1 2970/2403/1 3037/2355/1
f 3012/2404/3 3038/2405/3 3037/2406/3
f 2794/2407/2 2782/2408/2 2793/2409/2
f 2836/2410/2 2835/2411/2 2838/2412/2
f 3111/2413/2 3110/2414/2 3091/2415/2
f 3064/2416/2 3087/2417/2 3086/2418/2
f 2904/2275/2 2905/2419/2 2907/2420/2
f 2909/2248/2 2927/2421/2 2908/2422/2
f 2793/2409/2 2796/2423/2 2821/2424/2
f 3040/2425/1 3020/2426/1 3019/2427/1
f 3020/2428/3 3043/2429/3 3017/2430/3
f 3120/2431/3 3105/2432/3 3139/2433/3
f 1772/2434/3 1823/2435/3 1825/2436/3
f 1796/2437/3 1825/2436/3 1798/2438/3
f 3027/2378/6 3047/2439/6 3072/2440/6
f 3052/2441/4 3035/2345/4 3033/2237/4
f 3043/2442/4 3040/2443/4 3056/2444/4
f 3059/2337/5 3057/2445/5 3058/2446/5
f 1297/2447/1 1277/2448/1 1321/1927/1
f 1299/2449/1 1297/2447/1 1344/2450/1
f 3032/2451/6 3074/2452/6 3076/385/6
f 3084/2177/5 3082/2346/5 3083/2285/5
f 830/1061/3 1308/2453/3 987/2299/3
f 818/2454/3 827/1060/3 831/1062/3
f 3092/2455/4 3068/2164/4 3066/2280/4
f 3070/2456/6 3031/2396/6 3007/2457/6
f 2999/2458/6 3601/2459/6 3603/2460/6
f 2396/2461/3 2399/2462/3 2404/2463/3
f 2380/2464/3 2236/1699/3 2315/2465/3
f 3078/2439/6 3080/2466/6 3099/2467/6
f 3096/2468/2 3095/2469/2 3072/2470/2
f 3095/211/5 3099/114/5 3098/112/5
f 2135/1637/6 2171/2471/6 2161/2472/6
f 3100/2473/4 3075/2237/4 3076/2273/4
f 3103/2474/5 3101/2475/5 3102/2241/5
f 2569/2476/1 2594/2477/1 2596/2001/1
f 3108/2350/5 3107/2478/5 3106/2289/5
f 3094/2479/6 3113/2480/6 3135/2481/6
f 3099/2482/2 3115/2483/2 3098/2469/2
f 3015/2484/2 2885/2275/2 2945/2485/2
f 1334/2486/2 1449/2487/2 1388/2488/2
f 3346/2489/6 3311/2490/6 3371/2491/6
f 652/2492/2 586/2493/2 559/1573/2
f 2152/2494/3 2186/2495/3 2318/2496/3
f 3382/2029/3 3440/2497/3 3484/2498/3
f 3118/2499/2 3226/2500/2 3208/2501/2
f 3117/2502/4 3116/2503/4 3115/2504/4
f 3060/2505/1 3162/421/1 3161/1351/1
f 667/2506/3 637/2507/3 668/2297/3
f 3236/2508/6 3238/2509/6 3203/2510/6
f 470/2339/2 536/2511/2 535/1572/2
f 446/571/1 530/1598/1 529/2512/1
f 3157/2513/1 3183/2514/1 3232/2234/1
f 3183/2514/6 3155/2515/6 3185/2516/6
f 3165/2349/5 3605/2517/5 3168/2518/5
f 443/2519/2 489/2169/2 503/2520/2
f 714/2521/1 731/1746/1 774/2522/1
f 3153/2523/6 3095/2524/6 3116/2525/6
f 3152/2526/4 3149/2527/4 3148/2332/4
f 3150/2205/4 3568/2344/4 3181/2528/4
f 3158/2529/4 3119/573/4 3156/2345/4
f 3159/2204/5 3142/2530/5 3141/2318/5
f 3163/2475/5 3161/2531/5 3162/2337/5
f 3106/2532/2 3218/2363/2 3217/2365/2
f 2595/2533/2 2579/2534/2 2614/2535/2
f 3142/2536/2 3191/2537/2 3141/2538/2
f 3141/2539/3 3193/1068/3 3213/1225/3
f 1021/2540/1 1073/2541/1 1022/2542/1
f 918/2543/1 920/2544/1 899/2545/1
f 884/2546/1 894/2547/1 885/1487/1
f 998/2548/1 1039/2549/1 1002/2550/1
f 916/2551/1 3620/1832/1 912/1832/1
f 912/1832/1 3620/1832/1 913/1833/1
f 916/2551/1 3620/1832/1 912/1832/1
f 3208/2552/6 3205/2553/6 3204/2554/6
f 3217/2289/5 3216/2555/5 3215/2385/5
f 336/2556/5 337/2557/5 335/2558/5
f 3221/2531/5 3219/2559/5 3220/2445/5
f 2140/2560/6 2164/2561/6 2163/1653/6
f 1588/1471/6 1564/1388/6 1927/1597/6
f 3213/2346/5 3211/2562/5 3212/2474/5
f 558/112/4 567/560/4 564/114/4
f 3000/2563/2 2988/2564/2 3026/2328/2
f 3117/2565/6 3080/2466/6 3156/2566/6
f 3159/2538/2 3014/2567/2 3055/2568/2
f 3231/2569/4 3227/2526/4 3226/574/4
f 3240/2570/4 3230/2273/4 3229/2399/4
f 3193/2571/1 3243/2572/1 3214/2573/1
f 566/2574/1 602/773/1 514/704/1
f 3214/1225/3 3244/2575/3 3211/1226/3
f 3355/112/8 3376/560/8 3425/560/8
f 3248/2576/4 3234/2529/4 3241/2441/4
f 3191/2318/5 3194/2577/5 3193/2346/5
f 3253/2349/5 3252/2578/5 3251/2478/5
f 3384/2579/2 3359/2580/2 3360/2581/2
f 3231/2582/6 3117/2565/6 3260/2583/6
f 2946/2336/3 2979/2584/3 2990/2371/3
f 182/2585/3 208/2586/3 207/2587/3
f 352/2588/6 69/2589/6 3567/2590/6
f 3267/2562/5 3265/2591/5 3266/2475/5
f 3250/2592/1 3299/2593/1 3317/2294/1
f 1944/2594/2 1968/1614/2 1961/2595/2
f 1970/2596/2 1921/2597/2 1959/2598/2
f 3074/2599/1 3071/2310/1 3094/2600/1
f 3264/2601/6 3412/2602/6 3357/2603/6
f 3286/2604/2 3246/2605/2 3313/2606/2
f 3277/2607/2 3376/2608/2 3260/1751/2
f 3263/2609/4 3260/2569/4 3259/573/4
f 3278/2610/4 3262/2441/4 3261/2473/4
f 2648/1450/2 3634/1453/2 3635/1446/2
f 746/2611/5 749/966/5 747/2612/5
f 2225/2021/2 2254/2613/2 2249/677/2
f 2532/1938/1 2528/2614/1 2551/1973/1
f 3067/2615/1 3023/2616/1 3089/1907/1
f 3202/2617/1 3255/2618/1 3284/2619/1
f 3200/2620/1 3202/2617/1 3201/2621/1
f 3235/667/1 3237/2622/1 3284/2619/1
f 3289/668/1 3308/2623/1 3311/2236/1
f 3290/2624/4 3258/2344/4 3276/2455/4
f 3249/2625/2 3353/2626/2 3234/2627/2
f 3293/2593/1 3279/2628/1 3314/2294/1
f 3302/2518/5 3301/2629/5 3300/2630/5
f 3283/2631/2 3274/2632/2 3306/2269/2
f 3022/2633/1 3023/2616/1 2892/2634/1
f 3311/2490/6 3292/2635/6 3291/2636/6
f 3343/2637/2 3419/2638/2 3363/2639/2
f 3294/2385/5 3297/2640/5 3296/2530/5
f 3293/2641/3 3319/2027/3 3317/233/3
f 3319/2642/5 3316/2643/5 3317/2644/5
f 686/2645/1 819/2646/1 820/2647/1
f 3200/2620/1 3173/2648/1 3198/2649/1
f 3255/2618/1 3207/2650/1 3322/230/1
f 3177/1910/1 3628/1910/1 3179/1912/1
f 3286/2651/6 3287/2652/6 3288/2653/6
f 2340/2654/3 2509/1271/3 2473/2655/3
f 3296/2656/3 3336/2657/3 3333/2658/3
f 3281/2659/3 3315/2660/3 3332/2028/3
f 2542/2661/2 2670/1797/2 2667/2662/2
f 3361/2663/3 3460/2664/3 3416/2665/3
f 197/2666/6 253/2667/6 217/2668/6
f 3062/2418/2 3042/2669/2 2981/2670/2
f 3393/2671/6 3395/2672/6 3370/2673/6
f 3328/2674/4 3325/2675/4 3324/2526/4
f 3346/2676/1 3349/2677/1 3326/2678/1
f 3349/2679/4 3327/2680/4 3326/2681/4
f 3351/2682/5 3350/2683/5 3346/2684/5
f 1432/2685/1 1404/2192/1 1435/2686/1
f 3333/2577/5 3331/2687/5 3332/2562/5
f 3256/2688/2 3247/2605/2 3288/2689/2
f 1368/2690/9 1451/2691/9 3606/2692/9
f 2727/2693/1 2657/2694/1 2777/2695/1
f 3391/2696/2 3345/2697/2 3370/2698/2
f 3372/2699/1 3352/2700/1 3351/2676/1
f 3357/2701/4 3356/2609/4 3353/2529/4
f 3379/2702/6 3436/2703/6 3438/2704/6
f 823/114/1 813/112/1 824/211/1
f 3359/850/3 3335/2705/3 3358/2706/3
f 3388/2643/5 3386/2707/5 3387/2559/5
f 3300/2708/2 3321/2709/2 3403/2710/2
f 3343/2637/2 3345/2697/2 3368/2711/2
f 3224/1776/2 3256/2688/2 3245/2712/2
f 3341/2713/2 3419/2638/2 3362/2714/2
f 3370/2698/2 3422/2715/2 3394/2716/2
f 3444/2717/1 3382/2718/1 3483/2719/1
f 3391/2696/2 3367/2720/2 3368/2711/2
f 3374/2721/6 3373/2722/6 3397/1074/6
f 3396/2723/4 3372/2724/4 3371/2725/4
f 1262/2726/2 1230/1554/2 1265/423/2
f 212/2727/3 288/2728/3 210/1032/3
f 3337/2729/1 3336/2730/1 3440/2731/1
f 3296/2364/2 3358/2732/2 3335/2579/2
f 3335/2705/3 3401/2733/3 3399/2734/3
f 3401/2735/5 3400/131/5 3399/2736/5
f 3500/2737/10 3489/2738/10 3494/2739/10
f 3505/2740/5 3512/2741/5 3515/2742/5
f 3504/2743/5 3511/2744/5 3513/2745/5
f 810/2746/2 840/912/2 823/2747/2
f 3389/235/3 3456/2748/3 3386/2749/3
f 3392/2750/1 3408/2751/1 3409/1898/1
f 2896/2317/6 2867/2752/6 3010/2397/6
f 3377/2753/4 3393/2674/4 3376/2754/4
f 3054/2755/2 3080/2482/2 3077/2756/2
f 3382/2687/5 3380/2757/5 3381/2642/5
f 3402/2733/3 3609/2758/3 3300/2759/3
f 3415/2630/5 3414/2760/5 3413/2578/5
f 2857/2761/2 2834/2762/2 2836/2410/2
f 3400/2763/2 3446/2764/2 3399/2765/2
f 3407/2766/5 3423/2767/5 3405/2768/5
f 3155/383/6 3154/1961/6 3183/2769/6
f 3422/2770/5 3425/2771/5 3421/2772/5
f 3410/2602/6 3427/1370/6 3429/2773/6
f 3430/2774/5 3427/2775/5 3424/2776/5
f 3435/2777/5 3434/2778/5 3428/2779/5
f 3431/434/5 3438/2780/5 3437/2781/5
f 3442/2530/5 3440/2782/5 3441/2577/5
f 3483/2783/5 3485/2640/5 3486/130/5
f 3446/2736/5 3445/130/5 3443/2640/5
f 1894/2784/2 1844/584/2 1906/1617/2
f 3450/2757/5 3448/2785/5 3449/2643/5
f 3414/2786/2 3453/2787/2 3413/2788/2
f 3453/2578/5 3452/2789/5 3447/131/5
f 3448/2785/5 3455/2790/5 3456/2707/5
f 3479/2791/6 3526/2792/6 3480/2793/6
f 3388/2794/1 3448/2795/1 3389/2796/1
f 3465/2797/6 3407/1370/6 3405/2798/6
f 3463/2799/5 3465/2768/5 3462/2745/5
f 3129/2800/2 3131/2801/2 3130/2802/2
f 3130/2802/2 3132/2803/2 3149/2804/2
f 118/2805/5 121/2806/5 115/2807/5
f 3467/2808/6 3422/2809/6 3421/2810/6
f 3430/211/2 3470/114/2 3469/112/2
f 3425/1500/2 3467/2811/2 3421/2715/2
f 3467/2772/5 3474/2812/5 3473/2088/5
f 3471/2813/1 3429/2814/1 3430/1142/1
f 3477/2815/5 3476/2816/5 3471/2774/5
f 3479/2817/1 3436/2818/1 3435/2814/1
f 3438/2819/2 3480/2820/2 3437/4/2
f 3480/2781/5 3481/2821/5 3479/2777/5
f 3445/2787/2 3485/2822/2 3443/2764/2
f 3490/2719/1 3451/2795/1 3450/2717/1
f 3452/2823/2 3488/2824/2 3447/2787/2
f 3447/2825/3 3486/2826/3 3445/2827/3
f 3492/2828/1 3457/840/1 3448/2795/1
f 3451/2829/3 3492/2830/3 3448/2831/3
f 3458/2832/2 3496/2833/2 3454/2823/2
f 3454/2834/3 3487/2835/3 3452/2825/3
f 3457/2831/3 3498/2836/3 3455/2748/3
f 3459/2837/3 3497/2838/3 3458/2834/3
f 234/2839/4 239/210/4 262/2840/4
f 3499/2841/5 3506/2842/5 3505/2740/5
f 3512/2741/5 3501/2843/5 3507/2844/5
f 3503/2845/2 3417/2846/2 3464/2847/2
f 3513/2848/6 3463/2849/6 3462/2797/6
f 3516/2850/5 3522/2774/5 3515/2742/5
f 3509/2851/5 3518/432/5 3517/2852/5
f 3516/2850/5 3508/2853/5 3517/2852/5
f 3502/2854/5 3510/2089/5 3509/2851/5
f 3519/2188/6 3467/2808/6 3473/2186/6
f 3474/1281/2 3519/2855/2 3473/2811/2
f 2752/2856/6 2770/2172/6 2738/2857/6
f 3523/2858/1 3478/2817/1 3477/2813/1
f 3241/1/1 3262/3772/1 3264/2/1
f 3378/6/2 3439/2819/2 3431/4/2
f 3375/5/2 3356/2626/2 3378/6/2
f 3613/3773/2 3607/3774/2 19/3775/2
f 19/3775/2 60/2043/2 59/90/2
f 19/3775/2 59/90/2 23/7/2
f 3651/9/2 3650/3776/2 3613/3773/2
f 3613/3773/2 19/3775/2 23/7/2
f 65/3777/2 78/2042/2 18/8/2
f 3651/9/2 3613/3773/2 23/7/2
f 23/7/2 65/3777/2 18/8/2
f 18/8/2 3589/3778/2 3651/9/2
f 2773/10/3 2776/3779/3 2852/11/3
f 225/15/3 226/3780/3 232/13/3
f 232/13/3 233/3781/3 230/14/3
f 204/16/4 207/735/4 208/17/4
f 7/19/5 3/3782/5 3527/20/5
f 3531/22/1 12/3783/1 3530/23/1
f 3532/25/3 3533/3784/3 3534/26/3
f 571/28/2 506/3785/2 521/29/2
f 1581/33/1 3629/36/1 1570/38/1
f 1576/36/1 1530/37/1 1528/2066/1
f 1570/38/1 1576/36/1 1528/2066/1
f 1654/3786/1 1656/2065/1 1707/1260/1
f 1570/38/1 1528/2066/1 1654/3786/1
f 1519/2193/1 1544/3787/1 1581/33/1
f 1581/33/1 1570/38/1 1654/3786/1
f 1654/3786/1 1707/1260/1 1712/3788/1
f 1712/3788/1 1710/1461/1 1585/1462/1
f 1712/3788/1 1585/1462/1 1542/34/1
f 1581/33/1 1654/3786/1 1712/3788/1
f 1522/3789/1 1519/2193/1 1581/33/1
f 1550/35/1 1522/3789/1 1581/33/1
f 1581/33/1 1712/3788/1 1542/34/1
f 3530/3790/4 12/431/4 14/39/4
f 14/39/4 13/3791/4 3534/40/4
f 3535/41/4 3530/3790/4 14/39/4
f 3538/3792/5 15/3793/5 16/42/5
f 16/42/5 17/3794/5 3536/43/5
f 3537/44/5 3538/3792/5 16/42/5
f 3539/47/2 3540/3795/2 47/45/2
f 47/45/2 44/48/2 10/46/2
f 45/48/2 46/45/2 69/49/2
f 2/3796/3 3616/3797/3 3585/52/3
f 3585/52/3 27/278/3 50/53/3
f 26/51/3 2/3796/3 3585/52/3
f 20/54/1 3541/3798/1 3536/55/1
f 21/57/3 15/3799/3 3538/58/3
f 551/60/4 553/1945/4 559/3800/4
f 551/60/4 559/3800/4 585/3801/4
f 581/62/4 550/727/4 551/60/4
f 580/61/4 582/2840/4 581/62/4
f 551/60/4 585/3801/4 580/61/4
f 3541/3802/4 20/569/4 28/63/4
f 28/63/4 21/3803/4 3542/64/4
f 3543/65/4 3541/3802/4 28/63/4
f 32/66/1 31/1215/1 24/67/1
f 42/69/5 43/3804/5 41/70/5
f 44/72/5 47/3805/5 46/73/5
f 251/3806/1 254/3807/1 1/3808/1
f 1/3808/1 3544/3809/1 3545/3810/1
f 1/3808/1 3545/3810/1 136/3811/1
f 196/77/1 251/3806/1 1/3808/1
f 166/76/1 192/3812/1 196/77/1
f 127/3813/1 162/3814/1 166/76/1
f 100/3815/1 126/2099/1 127/3813/1
f 133/75/1 132/3816/1 100/3815/1
f 196/77/1 1/3808/1 136/3811/1
f 133/75/1 100/3815/1 127/3813/1
f 196/77/1 136/3811/1 133/75/1
f 133/75/1 127/3813/1 166/76/1
f 2326/1765/2 2348/3817/2 2347/2227/2
f 2293/78/2 2278/679/2 2279/82/2
f 2295/79/2 2306/3818/2 2303/1766/2
f 2293/78/2 2279/82/2 2295/79/2
f 2326/1765/2 2347/2227/2 2293/78/2
f 2295/79/2 2303/1766/2 2302/80/2
f 2302/80/2 2326/1765/2 2293/78/2
f 2285/81/2 2287/1738/2 2308/3819/2
f 2308/3819/2 2307/1411/2 2306/3818/2
f 2308/3819/2 2306/3818/2 2295/79/2
f 2280/678/2 2268/3820/2 2285/81/2
f 2285/81/2 2308/3819/2 2295/79/2
f 2279/82/2 2280/678/2 2285/81/2
f 61/83/1 62/463/1 43/84/1
f 64/86/5 55/3821/5 29/87/5
f 58/89/2 65/3777/2 23/7/2
f 3459/2090/5 3458/3822/5 3454/2760/5
f 3420/3823/5 3468/2770/5 3467/2772/5
f 3420/3823/5 3467/2772/5 3464/3824/5
f 3419/3825/5 3420/3823/5 3464/3824/5
f 3419/3825/5 3464/3824/5 3417/91/5
f 3459/2090/5 3454/2760/5 3460/93/5
f 3461/3826/5 3459/2090/5 3460/93/5
f 3460/93/5 3419/3825/5 3417/91/5
f 3418/92/5 3461/3826/5 3460/93/5
f 66/94/4 62/3827/4 61/95/4
f 2718/3828/1 2684/2303/1 2678/2302/1
f 2718/3828/1 2678/2302/1 2696/3829/1
f 2739/3830/1 2718/3828/1 2696/3829/1
f 2739/3830/1 2696/3829/1 2737/3831/1
f 2754/3832/1 2739/3830/1 2737/3831/1
f 2754/3832/1 2737/3831/1 2751/3833/1
f 2771/3834/1 2754/3832/1 2751/3833/1
f 2798/97/1 3547/3835/1 3546/98/1
f 2771/3834/1 2751/3833/1 2798/97/1
f 3548/3836/1 2811/3837/1 2785/99/1
f 2785/99/1 2771/3834/1 2798/97/1
f 3546/98/1 3548/3836/1 2785/99/1
f 74/100/5 75/3838/5 73/101/5
f 69/103/4 76/3839/4 68/104/4
f 49/106/4 71/380/4 77/107/4
f 294/3840/3 275/3841/3 259/109/3
f 259/109/3 276/1994/3 277/1993/3
f 277/1993/3 298/3842/3 296/110/3
f 296/110/3 318/3843/3 315/3844/3
f 315/3844/3 336/3845/3 334/3846/3
f 313/111/3 312/3847/3 294/3840/3
f 315/3844/3 334/3846/3 313/111/3
f 259/109/3 277/1993/3 296/110/3
f 296/110/3 315/3844/3 313/111/3
f 313/111/3 294/3840/3 259/109/3
f 216/112/6 250/3848/6 251/113/6
f 1591/3849/1 1593/3850/1 1497/115/1
f 1497/115/1 1498/3851/1 1556/116/1
f 1566/117/1 1591/3849/1 1497/115/1
f 3221/118/3 3220/3852/3 3121/3853/3
f 3121/3853/3 3057/3854/3 3060/3855/3
f 3161/3856/3 3164/3857/3 3265/119/3
f 3121/3853/3 3060/3855/3 3161/3856/3
f 3221/118/3 3121/3853/3 3161/3856/3
f 3265/119/3 3268/3858/3 3293/2641/3
f 3221/118/3 3161/3856/3 3265/119/3
f 3265/119/3 3293/2641/3 3299/120/3
f 497/121/2 499/3859/2 501/122/2
f 25/154/1 24/67/1 31/1215/1
f 25/154/1 31/1215/1 57/152/1
f 36/170/1 25/154/1 57/152/1
f 35/124/1 79/3860/1 138/125/1
f 36/170/1 57/152/1 35/124/1
f 138/125/1 33/3861/1 34/126/1
f 34/126/1 36/170/1 35/124/1
f 243/127/4 247/3862/4 272/128/4
f 3495/132/5 3489/2738/5 3490/2757/5
f 3495/132/5 3490/2757/5 3483/2783/5
f 3488/131/5 3487/2789/5 3495/132/5
f 3495/132/5 3483/2783/5 3486/130/5
f 202/133/4 205/1790/4 245/134/4
f 76/49/2 353/508/2 349/136/2
f 85/139/3 83/3863/3 87/137/3
f 87/137/3 86/165/3 89/138/3
f 84/140/4 88/206/4 87/141/4
f 95/143/4 97/1322/4 94/144/4
f 103/148/6 99/1372/6 100/146/6
f 101/147/6 102/347/6 103/148/6
f 82/149/4 80/3864/4 81/150/4
f 57/152/1 56/1214/1 30/153/1
f 409/3865/1 429/3866/1 391/1318/1
f 409/3865/1 391/1318/1 373/1317/1
f 386/1749/1 399/3867/1 409/3865/1
f 104/981/1 357/1748/1 374/1747/1
f 374/1747/1 386/1749/1 409/3865/1
f 409/3865/1 373/1317/1 329/3868/1
f 329/3868/1 340/1316/1 341/3869/1
f 360/3870/1 378/1828/1 403/3871/1
f 341/3869/1 360/3870/1 403/3871/1
f 403/3871/1 404/3872/1 379/939/1
f 379/939/1 380/941/1 362/499/1
f 361/501/1 345/500/1 138/125/1
f 379/939/1 362/499/1 361/501/1
f 341/3869/1 403/3871/1 379/939/1
f 374/1747/1 409/3865/1 329/3868/1
f 329/3868/1 341/3869/1 379/939/1
f 361/501/1 138/125/1 79/3860/1
f 329/3868/1 379/939/1 361/501/1
f 104/981/1 374/1747/1 329/3868/1
f 21/1710/6 29/1711/6 82/3873/6
f 82/3873/1 104/981/1 329/3868/1
f 329/3868/1 361/501/1 79/3860/1
f 79/3860/1 35/124/1 30/153/1
f 79/3860/1 30/153/1 56/1214/1
f 82/3873/1 329/3868/1 79/3860/1
f 15/3874/1 21/1710/1 82/3873/1
f 14/3783/1 16/56/1 15/3874/1
f 3622/3875/1 3532/3876/1 13/156/1
f 13/156/1 14/3783/1 15/3874/1
f 15/3874/1 82/3873/1 79/3860/1
f 79/3860/1 56/1214/1 32/66/1
f 79/3860/1 32/66/1 22/68/1
f 13/156/1 15/3874/1 79/3860/1
f 3621/3877/1 3622/3875/1 13/156/1
f 3623/3878/1 3621/3877/1 13/156/1
f 13/156/1 79/3860/1 22/68/1
f 13/156/1 22/68/1 24/67/1
f 3624/155/1 3623/3878/1 13/156/1
f 39/85/1 3580/3879/1 3624/155/1
f 25/154/1 36/170/1 39/85/1
f 13/156/1 24/67/1 25/154/1
f 25/154/1 39/85/1 3624/155/1
f 587/158/4 582/3880/4 580/61/4
f 580/61/4 585/3801/4 588/157/4
f 2808/160/1 2807/164/1 2819/161/1
f 2819/161/1 2810/3881/1 2809/159/1
f 2808/160/1 2809/159/1 2805/3882/1
f 2805/3882/1 2783/3883/1 2746/1952/1
f 2730/162/1 2729/2109/1 2745/2108/1
f 2805/3882/1 2746/1952/1 2730/162/1
f 2807/164/1 2808/160/1 2805/3882/1
f 2830/3884/1 2829/2202/1 2807/164/1
f 2780/163/1 2781/2695/1 2830/3884/1
f 2730/162/1 2745/2108/1 2744/3885/1
f 2780/163/1 2830/3884/1 2807/164/1
f 2730/162/1 2744/3885/1 2780/163/1
f 2807/164/1 2805/3882/1 2730/162/1
f 108/165/3 107/173/3 106/166/3
f 105/169/4 85/142/4 89/167/4
f 89/167/4 86/141/4 108/168/4
f 34/126/1 33/3861/1 39/85/1
f 111/171/4 124/245/4 100/191/4
f 111/171/4 100/191/4 96/143/4
f 92/145/4 85/142/4 111/171/4
f 116/172/3 117/3886/3 112/173/3
f 114/174/5 120/3887/5 119/175/5
f 431/177/3 408/498/3 396/497/3
f 396/497/3 324/3847/3 325/111/3
f 325/111/3 444/464/3 446/3888/3
f 529/178/3 532/3889/3 552/3890/3
f 396/497/3 325/111/3 446/3888/3
f 529/178/3 552/3890/3 555/757/3
f 431/177/3 396/497/3 446/3888/3
f 529/178/3 555/757/3 554/179/3
f 431/177/3 446/3888/3 529/178/3
f 121/180/6 122/201/6 123/181/6
f 1107/3891/3 1109/3892/3 1153/3893/3
f 1107/3891/3 1153/3893/3 1113/3894/3
f 1183/3895/3 1107/3891/3 1113/3894/3
f 1183/3895/3 1113/3894/3 1223/3896/3
f 1380/3897/3 1183/3895/3 1223/3896/3
f 1380/3897/3 1223/3896/3 1256/3898/3
f 1399/3899/3 1380/3897/3 1256/3898/3
f 1399/3899/3 1256/3898/3 1274/3900/3
f 1659/1430/3 1656/3901/3 1435/185/3
f 1435/185/3 1399/3899/3 1274/3900/3
f 1435/185/3 1274/3900/3 1314/3902/3
f 1602/184/3 1659/1430/3 1435/185/3
f 1435/185/3 1314/3902/3 1430/183/3
f 125/186/6 126/3903/6 100/187/6
f 100/191/4 132/258/4 135/252/4
f 128/189/4 131/253/4 102/1374/4
f 100/191/4 135/252/4 128/189/4
f 128/189/4 102/1374/4 101/190/4
f 308/192/6 290/3904/6 475/193/6
f 129/195/6 130/3905/6 131/196/6
f 135/198/2 134/247/2 129/199/2
f 133/201/6 134/3906/6 135/202/6
f 643/203/5 650/3907/5 649/204/5
f 84/140/4 91/145/4 94/144/4
f 198/3908/3 173/271/3 177/3909/3
f 140/207/3 139/272/3 106/166/3
f 199/208/3 198/3908/3 177/3909/3
f 140/207/3 106/166/3 107/173/3
f 199/208/3 177/3909/3 140/207/3
f 112/209/4 117/1371/4 144/210/4
f 146/211/6 147/560/6 114/114/6
f 142/212/5 147/3910/5 146/213/5
f 148/215/6 149/3911/6 118/216/6
f 145/218/5 149/847/5 148/219/5
f 147/221/1 150/1491/1 120/222/1
f 3196/3912/1 3206/3913/1 3197/3914/1
f 3199/225/1 3173/2648/1 3126/226/1
f 3196/3912/1 3197/3914/1 3199/225/1
f 3124/3915/1 3123/1102/1 3174/224/1
f 3174/224/1 3196/3912/1 3199/225/1
f 3126/226/1 3124/3915/1 3174/224/1
f 3198/2649/1 3199/225/1 3197/3914/1
f 3206/3913/1 3196/3912/1 3195/3916/1
f 3198/2649/1 3197/3914/1 3206/3913/1
f 3322/230/1 3223/3917/1 3198/2649/1
f 3320/229/1 3322/230/1 3198/2649/1
f 3206/3913/1 3195/3916/1 3271/227/1
f 3320/229/1 3198/2649/1 3206/3913/1
f 3339/228/1 3338/3918/1 3340/231/1
f 3320/229/1 3206/3913/1 3271/227/1
f 3339/228/1 3340/231/1 3320/229/1
f 3271/227/1 3272/3919/1 3339/228/1
f 3364/836/1 3344/3920/1 3310/3921/1
f 3364/836/1 3310/3921/1 3323/3922/1
f 3340/231/1 3366/837/1 3342/232/1
f 3342/232/1 3364/836/1 3323/3922/1
f 3322/230/1 3320/229/1 3340/231/1
f 3342/232/1 3323/3922/1 3322/230/1
f 3272/3923/3 3219/3852/3 3222/118/3
f 3272/3923/3 3222/118/3 3250/3924/3
f 3388/235/3 3387/2749/3 3339/3925/3
f 3339/3925/3 3272/3923/3 3250/3924/3
f 3339/3925/3 3250/3924/3 3298/120/3
f 3450/2829/3 3449/2831/3 3388/235/3
f 3339/3925/3 3298/120/3 3316/233/3
f 3316/233/3 3318/2027/3 3380/234/3
f 3380/234/3 3383/2029/3 3444/3926/3
f 3444/3926/3 3483/2498/3 3490/3927/3
f 3444/3926/3 3490/3927/3 3450/2829/3
f 3380/234/3 3444/3926/3 3450/2829/3
f 3388/235/3 3339/3925/3 3316/233/3
f 3380/234/3 3450/2829/3 3388/235/3
f 120/236/3 150/3928/3 153/237/3
f 122/238/3 158/886/3 154/239/3
f 158/241/5 159/3929/5 157/242/5
f 161/211/6 162/560/6 127/114/6
f 160/244/4 127/300/4 126/191/4
f 163/246/6 164/3930/6 165/151/6
f 169/247/2 168/256/2 163/248/2
f 167/249/6 168/3931/6 169/250/6
f 134/252/4 169/304/4 130/253/4
f 178/211/6 179/3932/6 148/254/6
f 137/255/2 170/587/2 167/256/2
f 136/257/4 137/108/4 134/252/4
f 137/259/3 136/3933/3 3545/3934/3
f 3545/3934/3 3549/3935/3 48/260/3
f 48/260/3 77/280/3 171/261/3
f 171/261/3 170/3936/3 137/259/3
f 137/259/3 3545/3934/3 48/260/3
f 229/3937/1 236/389/1 85/262/1
f 85/262/1 105/3938/1 106/3939/1
f 139/263/1 172/3940/1 174/3941/1
f 85/262/1 106/3939/1 139/263/1
f 198/615/1 229/3937/1 85/262/1
f 139/263/1 174/3941/1 173/264/1
f 173/264/1 198/615/1 85/262/1
f 458/3942/3 457/465/3 356/3943/3
f 356/3943/3 355/3944/3 326/3945/3
f 327/3946/3 328/3843/3 420/547/3
f 356/3943/3 326/3945/3 327/3946/3
f 458/3942/3 356/3943/3 327/3946/3
f 420/547/3 426/546/3 561/266/3
f 458/3942/3 327/3946/3 420/547/3
f 553/2244/3 534/466/3 536/265/3
f 458/3942/3 420/547/3 561/266/3
f 559/267/3 553/2244/3 536/265/3
f 536/265/3 458/3942/3 561/266/3
f 140/268/2 177/3947/2 176/269/2
f 175/207/3 176/3909/3 174/271/3
f 139/169/4 140/3948/4 175/273/4
f 176/275/5 177/3949/5 173/276/5
f 49/260/3 50/53/3 27/278/3
f 27/278/3 257/3950/3 255/279/3
f 71/280/3 49/260/3 27/278/3
f 142/281/6 141/3951/6 200/282/6
f 3553/3952/2 389/3953/2 388/284/2
f 388/284/2 3550/3954/2 3552/285/2
f 3554/286/2 3553/3952/2 388/284/2
f 89/114/6 85/112/6 236/211/6
f 236/211/6 237/560/6 110/114/6
f 109/112/6 89/114/6 236/211/6
f 156/287/3 182/3955/3 185/288/3
f 182/290/5 186/1047/5 184/291/5
f 159/293/3 188/1292/3 183/294/3
f 188/296/5 189/3956/5 187/297/5
f 191/211/6 192/560/6 166/114/6
f 190/299/4 166/258/4 162/300/4
f 193/301/6 194/3957/6 195/302/6
f 168/304/4 195/326/4 164/305/4
f 170/108/4 171/107/4 168/304/4
f 820/2647/1 852/1486/1 837/307/1
f 838/308/1 783/3958/1 821/306/1
f 821/306/1 820/2647/1 837/307/1
f 207/309/1 206/3959/1 186/310/1
f 187/312/2 209/3960/2 208/313/2
f 204/211/6 205/3961/6 181/315/6
f 186/187/3 206/3903/3 211/180/3
f 206/316/5 212/3962/5 210/317/5
f 189/319/3 214/3963/3 209/320/3
f 214/322/5 215/3964/5 213/323/5
f 216/325/4 196/257/4 192/258/4
f 197/107/4 217/381/4 194/326/4
f 246/211/6 247/710/6 208/327/6
f 223/3965/4 219/3966/4 227/1107/4
f 223/3965/4 227/1107/4 198/169/4
f 235/2839/4 232/3967/4 226/273/4
f 226/273/4 223/3965/4 198/169/4
f 199/168/4 235/2839/4 226/273/4
f 226/328/2 225/332/2 224/329/2
f 228/211/6 229/560/6 198/114/6
f 235/331/2 234/3968/2 233/332/2
f 231/333/6 234/1255/6 235/334/6
f 241/336/6 242/3848/6 204/337/6
f 243/339/6 244/333/6 245/335/6
f 3557/3969/1 3559/3970/1 5/341/1
f 5/341/1 40/85/1 41/84/1
f 41/84/1 3556/3971/1 3555/342/1
f 3555/342/1 3557/3969/1 5/341/1
f 3241/3972/6 3234/3973/6 3210/3974/6
f 3210/3974/6 3157/383/6 3232/343/6
f 3232/343/6 3240/1817/6 3330/3975/6
f 3330/3975/6 3349/3976/6 3350/2489/6
f 3352/344/6 3373/2722/6 3374/2721/6
f 3330/3975/6 3350/2489/6 3352/344/6
f 3241/3972/6 3210/3974/6 3232/343/6
f 3261/345/6 3262/2601/6 3241/3972/6
f 3352/344/6 3374/2721/6 3261/345/6
f 3232/343/6 3330/3975/6 3352/344/6
f 3261/345/6 3241/3972/6 3232/343/6
f 206/346/3 209/148/3 249/347/3
f 1177/3977/2 1759/609/2 1753/3978/2
f 1177/3977/2 1753/3978/2 1703/3979/2
f 1063/3980/2 1177/3977/2 1703/3979/2
f 1063/3980/2 1703/3979/2 1715/3981/2
f 961/3982/2 1063/3980/2 1715/3981/2
f 961/3982/2 1715/3981/2 1694/3983/2
f 843/912/2 860/3984/2 927/351/2
f 927/351/2 961/3982/2 1694/3983/2
f 1673/349/2 1163/3985/2 981/350/2
f 927/351/2 1694/3983/2 1673/349/2
f 981/350/2 843/912/2 927/351/2
f 2147/354/2 1652/3986/2 1598/352/2
f 1598/352/2 1601/3987/2 2148/353/2
f 248/355/4 249/1047/4 247/356/4
f 157/3988/2 183/314/2 181/3989/2
f 152/358/2 148/3990/2 115/359/2
f 154/360/2 157/3988/2 181/3989/2
f 115/359/2 121/3991/2 154/360/2
f 154/360/2 181/3989/2 152/358/2
f 574/363/6 544/3992/6 75/462/6
f 75/462/1 74/3861/1 543/361/1
f 543/361/6 572/3993/6 804/362/6
f 804/362/1 806/1879/1 574/363/1
f 574/363/1 75/462/1 543/361/1
f 1742/364/1 1738/3994/1 1783/365/1
f 1783/365/1 1807/1530/1 1840/366/1
f 1840/366/1 1813/3995/1 1742/364/1
f 1441/369/1 1471/2196/1 1475/367/1
f 1475/367/1 1472/3996/1 1478/368/1
f 1477/1354/1 1478/368/1 1472/3996/1
f 1475/367/1 1522/3789/1 1550/35/1
f 1444/372/1 1477/1354/1 1472/3996/1
f 1472/3996/1 1475/367/1 1550/35/1
f 1472/3996/1 1550/35/1 1552/1459/1
f 1902/1524/1 1900/1526/1 1869/3997/1
f 1867/3998/1 1902/1524/1 1869/3997/1
f 1867/3998/1 1869/3997/1 1740/3999/1
f 1813/3995/1 1867/3998/1 1740/3999/1
f 1813/3995/1 1740/3999/1 1747/4000/1
f 1742/364/1 1813/3995/1 1747/4000/1
f 1742/364/1 1747/4000/1 1664/371/1
f 1738/3994/1 1742/364/1 1664/371/1
f 1444/372/1 1472/3996/1 1552/1459/1
f 1667/370/1 1738/3994/1 1664/371/1
f 1444/372/1 1552/1459/1 1667/370/1
f 268/373/6 269/4001/6 246/374/6
f 270/376/6 271/884/6 272/377/6
f 256/379/4 254/4002/4 251/257/4
f 255/380/4 257/4003/4 253/381/4
f 3054/4004/6 3052/4005/6 3053/4006/6
f 3054/4004/6 3053/4006/6 3079/386/6
f 3158/2566/6 3054/4004/6 3079/386/6
f 3081/382/6 3100/385/6 3157/383/6
f 3158/2566/6 3079/386/6 3081/382/6
f 3157/383/6 3210/3974/6 3189/384/6
f 3189/384/6 3158/2566/6 3081/382/6
f 258/387/1 293/4007/1 299/388/1
f 277/390/2 262/329/2 266/391/2
f 266/391/2 302/4008/2 298/392/2
f 281/211/6 282/560/6 273/114/6
f 280/393/4 273/4009/4 269/394/4
f 283/211/6 284/560/6 285/114/6
f 274/396/4 285/775/4 271/397/4
f 274/399/2 270/4010/2 247/624/2
f 249/400/2 209/3960/2 213/4011/2
f 274/399/2 247/624/2 249/400/2
f 287/401/2 283/4012/2 274/399/2
f 249/400/2 213/4011/2 287/401/2
f 380/404/6 346/961/6 347/402/6
f 347/402/6 345/1251/6 362/403/6
f 3562/4013/3 3550/4014/3 388/4015/3
f 388/4015/3 402/4016/3 412/578/3
f 388/4015/3 412/578/3 410/579/3
f 3563/4017/3 3562/4013/3 388/4015/3
f 477/409/3 3560/4018/3 3563/4017/3
f 478/407/3 477/409/3 3563/4017/3
f 3563/4017/3 388/4015/3 410/579/3
f 423/4019/3 427/4020/3 453/4021/3
f 3563/4017/3 410/579/3 423/4019/3
f 478/407/3 3563/4017/3 423/4019/3
f 423/4019/3 453/4021/3 503/405/3
f 503/405/3 505/725/3 488/406/3
f 478/407/3 423/4019/3 503/405/3
f 478/407/3 488/406/3 487/408/3
f 496/410/6 495/4022/6 466/411/6
f 525/4023/6 527/4024/6 513/4025/6
f 525/4023/6 513/4025/6 495/4022/6
f 544/741/6 545/740/6 525/4023/6
f 66/1252/6 73/4026/6 75/4027/6
f 544/741/6 525/4023/6 495/4022/6
f 544/741/6 495/4022/6 496/410/6
f 62/4028/6 66/1252/6 75/4027/6
f 75/4027/6 544/741/6 496/410/6
f 75/4027/6 496/410/6 480/412/6
f 62/4028/6 75/4027/6 480/412/6
f 62/4028/6 480/412/6 465/4029/6
f 3556/4030/6 41/1253/6 43/415/6
f 43/415/6 62/4028/6 465/4029/6
f 9/413/6 3565/4031/6 3564/4032/6
f 43/415/6 465/4029/6 9/413/6
f 3566/414/6 3556/4030/6 43/415/6
f 9/413/6 3564/4032/6 3566/414/6
f 3565/418/6 9/4033/6 465/416/6
f 465/416/1 480/4034/1 483/417/1
f 483/417/1 3567/4035/1 3565/418/1
f 3138/4036/1 3104/4037/1 3103/4038/1
f 3138/4036/1 3103/4038/1 3120/4039/1
f 3212/4040/1 3211/2573/1 3143/421/1
f 3143/421/1 3138/4036/1 3120/4039/1
f 3143/421/1 3120/4039/1 3139/419/1
f 3140/420/1 3212/4040/1 3143/421/1
f 1121/1221/2 1116/1223/2 1123/1550/2
f 1121/1221/2 1123/1550/2 1125/1549/2
f 1154/426/2 1121/1221/2 1125/1549/2
f 1127/4041/2 1090/4042/2 1129/4043/2
f 1154/426/2 1125/1549/2 1127/4041/2
f 1259/1553/2 1294/4044/2 1184/427/2
f 1154/426/2 1127/4041/2 1129/4043/2
f 1259/1553/2 1184/427/2 1154/426/2
f 1211/424/2 1230/1554/2 1229/4045/2
f 1229/4045/2 1259/1553/2 1154/426/2
f 1154/426/2 1129/4043/2 1191/422/2
f 1191/422/2 1135/1187/2 1138/4046/2
f 1211/424/2 1229/4045/2 1154/426/2
f 1191/422/2 1138/4046/2 1265/423/2
f 1211/424/2 1154/426/2 1191/422/2
f 1118/425/2 1121/1221/2 1154/426/2
f 1127/4041/2 1125/1549/2 1067/1552/2
f 1090/4042/2 1127/4041/2 1067/1552/2
f 1129/4043/2 1090/4042/2 1067/1552/2
f 1129/4043/2 1067/1552/2 1069/428/2
f 1046/1197/2 1093/1188/2 1131/430/2
f 1131/430/2 1129/4043/2 1069/428/2
f 1045/429/2 1046/1197/2 1131/430/2
f 288/299/4 286/73/4 282/3805/4
f 281/69/4 278/245/4 304/556/4
f 288/299/4 282/3805/4 281/69/4
f 292/431/4 291/4047/4 288/299/4
f 281/69/4 304/556/4 292/431/4
f 3432/432/5 3425/2771/5 3433/433/5
f 241/435/4 267/663/4 246/436/4
f 284/305/4 283/4048/4 287/4049/4
f 289/438/4 290/4003/4 308/4050/4
f 284/305/4 287/4049/4 289/438/4
f 305/439/4 279/598/4 284/305/4
f 289/438/4 308/4050/4 305/439/4
f 307/298/5 310/297/5 309/440/5
f 180/442/5 181/592/5 183/443/5
f 85/139/3 236/4051/3 238/448/3
f 3238/4052/1 3258/669/1 3257/452/1
f 3257/452/1 3181/2515/1 3568/453/1
f 3257/452/1 3568/453/1 3136/450/1
f 3203/451/1 3238/4052/1 3257/452/1
f 3151/453/1 3203/451/1 3136/450/1
f 624/455/5 623/4053/5 619/204/5
f 619/204/5 620/3907/5 622/454/5
f 628/456/3 629/336/3 663/457/3
f 327/4054/5 326/4055/5 323/4056/5
f 321/4057/5 325/4058/5 324/742/5
f 328/461/5 327/4054/5 323/4056/5
f 321/4057/5 324/742/5 312/4059/5
f 323/4056/5 321/4057/5 312/4059/5
f 312/4059/5 313/4060/5 314/4061/5
f 314/4061/5 317/4062/5 320/459/5
f 312/4059/5 314/4061/5 320/459/5
f 328/461/5 323/4056/5 312/4059/5
f 315/4063/5 318/4064/5 328/461/5
f 316/4065/5 315/4063/5 328/461/5
f 328/461/5 312/4059/5 320/459/5
f 319/460/5 316/4065/5 328/461/5
f 321/211/6 323/560/6 322/114/6
f 38/83/1 37/3861/1 73/462/1
f 530/178/3 448/3888/3 445/464/3
f 445/464/3 321/4066/3 323/4067/3
f 354/3944/3 372/3943/3 456/465/3
f 445/464/3 323/4067/3 354/3944/3
f 531/3889/3 530/178/3 445/464/3
f 470/3942/3 535/265/3 533/466/3
f 533/466/3 531/3889/3 445/464/3
f 445/464/3 354/3944/3 456/465/3
f 456/465/3 470/3942/3 533/466/3
f 2917/4068/1 2953/4069/1 2959/2308/1
f 2917/4068/1 2959/2308/1 2845/1113/1
f 2880/2634/1 2917/4068/1 2845/1113/1
f 2827/468/1 2826/3837/1 3569/3836/1
f 2880/2634/1 2845/1113/1 2827/468/1
f 2879/4070/1 2880/2634/1 2827/468/1
f 2827/468/1 3569/3836/1 3570/4071/1
f 3572/469/1 3571/4072/1 2841/4073/1
f 2827/468/1 3570/4071/1 3572/469/1
f 2859/467/1 2879/4070/1 2827/468/1
f 3572/469/1 2841/4073/1 2859/467/1
f 178/470/4 180/4074/4 181/471/4
f 334/473/1 333/485/1 314/474/1
f 333/476/6 335/4075/6 317/477/6
f 337/479/6 338/4076/6 319/480/6
f 1979/4077/3 2010/4078/3 2101/482/3
f 2101/482/3 2068/811/3 2014/483/3
f 2005/484/3 1979/4077/3 2101/482/3
f 335/485/1 337/4079/1 320/486/1
f 1216/487/1 1235/1287/1 1240/488/1
f 1240/488/1 1219/4080/1 1197/489/1
f 988/4081/2 1317/4082/2 1342/4083/2
f 988/4081/1 1342/4083/1 1354/4084/1
f 932/492/2 933/4085/2 988/4081/2
f 1633/1182/2 1631/4086/2 932/492/2
f 1514/4087/2 1633/1182/2 932/492/2
f 932/492/2 988/4081/2 1354/4084/2
f 932/492/2 1354/4084/2 1379/4088/2
f 1396/491/2 1514/4087/2 932/492/2
f 932/492/2 1379/4088/2 1400/490/2
f 349/493/5 353/4089/5 352/494/5
f 304/496/3 278/4090/3 395/497/3
f 746/502/3 670/4091/3 671/503/3
f 370/507/6 369/4092/6 350/4093/6
f 349/505/6 351/2588/6 367/506/6
f 370/507/6 350/4093/6 349/505/6
f 352/508/2 371/531/2 367/509/2
f 355/510/4 356/4094/4 372/238/4
f 2308/3819/2 2287/1738/2 2286/1740/2
f 2308/3819/2 2286/1740/2 2288/4095/2
f 2350/1787/2 2308/3819/2 2288/4095/2
f 2350/1787/2 2288/4095/2 2368/4096/2
f 2351/1853/2 2350/1787/2 2368/4096/2
f 2351/1853/2 2368/4096/2 2390/4097/2
f 2366/4098/2 2351/1853/2 2390/4097/2
f 2388/512/2 2485/1806/2 2483/4099/2
f 2366/4098/2 2390/4097/2 2388/512/2
f 2412/1857/2 2366/4098/2 2388/512/2
f 2388/512/2 2483/4099/2 2477/4100/2
f 2388/512/2 2477/4100/2 2441/513/2
f 2387/511/2 2412/1857/2 2388/512/2
f 2409/4101/2 2411/1858/2 2412/1857/2
f 2409/4101/2 2412/1857/2 2387/511/2
f 2433/1443/2 2409/4101/2 2387/511/2
f 2441/513/2 2477/4100/2 2476/4102/2
f 2433/1443/2 2387/511/2 2441/513/2
f 2462/514/2 2449/1444/2 2440/515/2
f 2440/515/2 2433/1443/2 2441/513/2
f 2441/513/2 2476/4102/2 2462/514/2
f 348/516/5 346/4103/5 380/517/5
f 2241/519/1 2240/1724/1 2401/520/1
f 495/4022/6 513/4025/6 481/527/6
f 495/4022/6 481/527/6 467/526/6
f 466/411/6 495/4022/6 467/526/6
f 466/411/6 467/526/6 482/525/6
f 381/523/6 382/4104/6 447/524/6
f 447/524/6 466/411/6 482/525/6
f 447/524/6 482/525/6 469/529/6
f 369/4092/6 370/507/6 381/523/6
f 447/524/6 469/529/6 455/528/6
f 455/528/6 468/530/6 434/622/6
f 419/522/6 407/623/6 369/4092/6
f 455/528/6 434/622/6 419/522/6
f 419/522/6 369/4092/6 381/523/6
f 447/524/6 455/528/6 419/522/6
f 385/531/2 384/540/2 381/532/2
f 371/533/4 385/4089/4 370/493/4
f 381/535/5 384/1106/5 383/316/5
f 2968/2178/1 2946/2403/1 2941/4105/1
f 2968/2178/1 2941/4105/1 2925/536/1
f 2848/2202/1 2831/3884/1 2942/538/1
f 2942/538/1 2968/2178/1 2925/536/1
f 2856/537/1 2848/2202/1 2942/538/1
f 447/539/2 382/532/2 383/540/2
f 383/540/2 484/4106/2 466/541/2
f 2962/4107/3 2868/4108/3 2871/4109/3
f 2962/4107/3 2871/4109/3 2898/4110/3
f 3084/4111/3 3083/4112/3 2966/4113/3
f 2813/544/3 2923/2329/3 2921/2331/3
f 2921/2331/3 3084/4111/3 2966/4113/3
f 2921/2331/3 2966/4113/3 3573/2358/3
f 2703/543/3 2815/2214/3 2813/544/3
f 2921/2331/3 3573/2358/3 2940/4114/3
f 2940/4114/3 2963/2358/3 2962/4107/3
f 2962/4107/3 2898/4110/3 2901/4115/3
f 2901/4115/3 2802/4116/3 2804/4117/3
f 2804/4117/3 2686/4118/3 2688/542/3
f 2688/542/3 2565/4119/3 2567/4120/3
f 2901/4115/3 2804/4117/3 2688/542/3
f 2940/4114/3 2962/4107/3 2901/4115/3
f 2622/4121/3 2705/4122/3 2703/543/3
f 2438/4123/3 2624/4124/3 2622/4121/3
f 2429/4125/3 2431/4126/3 2438/4123/3
f 2513/4127/3 2429/4125/3 2438/4123/3
f 2438/4123/3 2622/4121/3 2703/543/3
f 2527/4128/3 2513/4127/3 2438/4123/3
f 2567/4120/3 2527/4128/3 2438/4123/3
f 2921/2331/3 2940/4114/3 2901/4115/3
f 2688/542/3 2567/4120/3 2438/4123/3
f 2921/2331/3 2901/4115/3 2688/542/3
f 2813/544/3 2921/2331/3 2688/542/3
f 2688/542/3 2438/4123/3 2703/543/3
f 279/545/3 305/1138/3 422/546/3
f 2465/631/6 2466/4129/6 2453/548/6
f 2453/548/6 2443/1799/6 2442/549/6
f 2456/550/6 2465/631/6 2453/548/6
f 389/551/4 390/4130/4 402/552/4
f 145/554/6 143/4131/6 202/457/6
f 397/556/4 395/245/4 396/557/4
f 307/561/6 306/4132/6 398/559/6
f 398/559/6 435/211/6 436/560/6
f 400/498/3 401/4133/3 409/562/3
f 412/334/5 413/2443/5 411/564/5
f 416/565/4 406/4094/4 405/510/4
f 415/567/5 418/4134/5 417/568/5
f 321/570/1 445/4135/1 444/571/1
f 3078/573/4 3096/2569/4 3072/574/4
f 3047/114/4 3072/574/4 3073/211/4
f 411/575/2 424/4136/2 423/576/2
f 413/578/3 425/4020/3 424/546/3
f 1860/4137/2 1774/4138/2 1777/580/2
f 1780/581/2 1731/1407/2 1736/2068/2
f 2002/4139/2 1860/4137/2 1777/580/2
f 1979/779/2 2005/4140/2 2002/4139/2
f 1831/1537/2 1979/779/2 2002/4139/2
f 1780/581/2 1736/2068/2 1785/2069/2
f 1749/1873/2 1646/4141/2 1676/4142/2
f 1785/2069/2 1749/1873/2 1676/4142/2
f 1876/4143/2 1848/583/2 1811/4144/2
f 1809/4145/2 1842/585/2 1803/582/2
f 1803/582/2 1831/1537/2 2002/4139/2
f 1785/2069/2 1676/4142/2 1876/4143/2
f 1785/2069/2 1876/4143/2 1811/4144/2
f 1780/581/2 1785/2069/2 1811/4144/2
f 1780/581/2 1811/4144/2 1809/4145/2
f 1803/582/2 2002/4139/2 1777/580/2
f 1780/581/2 1809/4145/2 1803/582/2
f 1842/585/2 1809/4145/2 1811/4144/2
f 1848/583/2 1846/4146/2 1844/584/2
f 1842/585/2 1811/4144/2 1848/583/2
f 197/586/2 193/4147/2 168/256/2
f 171/587/2 77/4148/2 71/1649/2
f 197/586/2 168/256/2 171/587/2
f 255/588/2 252/4149/2 197/586/2
f 171/587/2 71/1649/2 255/588/2
f 202/591/2 143/606/2 148/3990/2
f 179/589/2 181/3989/2 205/590/2
f 202/591/2 148/3990/2 179/589/2
f 625/592/5 627/4150/5 629/593/5
f 2196/597/1 1995/4151/1 1934/595/1
f 1934/595/1 1891/1541/1 2197/596/1
f 421/598/4 422/439/4 426/599/4
f 424/564/4 425/4152/4 427/340/4
f 2672/4153/6 2671/4154/6 2680/4155/6
f 2680/4155/6 2684/4156/6 2718/604/6
f 2680/4155/6 2718/604/6 2698/601/6
f 2721/603/6 2672/4153/6 2680/4155/6
f 2719/602/6 2722/2140/6 2721/603/6
f 2721/603/6 2680/4155/6 2698/601/6
f 239/391/2 144/4157/2 117/605/2
f 117/605/2 116/4158/2 123/2305/2
f 123/2305/2 122/3991/2 118/359/2
f 118/359/2 149/3990/2 145/606/2
f 203/591/2 245/590/2 244/625/2
f 244/625/2 272/624/2 271/4010/2
f 271/4010/2 285/399/2 284/4012/2
f 279/4159/2 421/1483/2 420/4160/2
f 271/4010/2 284/4012/2 279/4159/2
f 203/591/2 244/625/2 271/4010/2
f 203/591/2 271/4010/2 279/4159/2
f 279/4159/2 420/4160/2 328/1521/2
f 328/1521/2 318/4161/2 296/392/2
f 328/1521/2 296/392/2 297/4162/2
f 203/591/2 279/4159/2 328/1521/2
f 328/1521/2 297/4162/2 301/4008/2
f 265/607/2 239/391/2 117/605/2
f 328/1521/2 301/4008/2 265/607/2
f 203/591/2 328/1521/2 265/607/2
f 117/605/2 123/2305/2 118/359/2
f 145/606/2 203/591/2 265/607/2
f 117/605/2 118/359/2 145/606/2
f 1820/1516/2 1815/1518/2 1789/608/2
f 1789/608/2 1755/3978/2 1791/609/2
f 1793/610/2 1820/1516/2 1789/608/2
f 219/616/1 221/387/1 220/614/1
f 220/614/1 228/3937/1 227/615/1
f 1947/618/1 1864/4163/1 2028/619/1
f 2028/619/1 2026/1534/1 1952/617/1
f 2853/12/3 2855/11/3 2939/2334/3
f 2939/2334/3 2942/4164/3 2831/620/3
f 2831/620/3 2817/791/3 2812/621/3
f 2853/12/3 2939/2334/3 2831/620/3
f 205/590/2 208/313/2 247/624/2
f 615/626/1 614/771/1 665/627/1
f 2553/4165/6 2586/4166/6 2587/4167/6
f 2553/4165/6 2587/4167/6 2573/4168/6
f 2540/4169/6 2553/4165/6 2573/4168/6
f 2540/4169/6 2573/4168/6 2541/4170/6
f 2533/4171/6 2540/4169/6 2541/4170/6
f 2533/4171/6 2541/4170/6 2534/4172/6
f 2517/4173/6 2533/4171/6 2534/4172/6
f 2517/4173/6 2534/4172/6 2518/4174/6
f 2465/631/6 2468/4175/6 2467/629/6
f 2467/629/6 2517/4173/6 2518/4174/6
f 2452/630/6 2466/4129/6 2465/631/6
f 2467/629/6 2518/4174/6 2452/630/6
f 2732/632/2 2747/4176/2 2689/633/2
f 2690/634/2 2691/2111/2 2732/632/2
f 441/2143/1 438/1427/1 435/4177/1
f 435/4177/1 398/4178/1 432/635/1
f 432/635/1 430/806/1 431/808/1
f 431/808/1 554/692/1 562/746/1
f 562/746/1 596/4179/1 598/4180/1
f 471/636/1 460/656/1 449/658/1
f 562/746/1 598/4180/1 471/636/1
f 432/635/1 431/808/1 562/746/1
f 441/2143/1 435/4177/1 432/635/1
f 471/636/1 449/658/1 439/637/1
f 439/637/1 441/2143/1 432/635/1
f 432/635/1 562/746/1 471/636/1
f 438/638/4 437/1771/4 436/639/4
f 440/641/5 442/3931/5 441/249/5
f 2602/645/6 2616/4181/6 2712/4182/6
f 2750/643/6 2768/646/6 2767/4183/6
f 2602/645/6 2712/4182/6 2750/643/6
f 2750/643/6 2767/4183/6 2635/644/6
f 2765/647/6 2876/4184/6 2877/2277/6
f 2765/647/6 2877/2277/6 2766/4185/6
f 2712/4182/6 2734/4186/6 2765/647/6
f 2750/643/6 2712/4182/6 2765/647/6
f 2765/647/6 2766/4185/6 2768/646/6
f 446/648/4 444/4187/4 445/448/4
f 2537/650/6 2437/4188/6 2436/4189/6
f 2537/650/6 2436/4189/6 2444/1265/6
f 2670/2071/6 2554/4190/6 2537/650/6
f 2590/652/6 2669/4191/6 2670/2071/6
f 2535/4192/6 2589/2261/6 2590/652/6
f 2538/4193/6 2535/4192/6 2590/652/6
f 2590/652/6 2670/2071/6 2537/650/6
f 2537/650/6 2444/1265/6 2504/1264/6
f 2519/651/6 2538/4193/6 2590/652/6
f 2537/650/6 2504/1264/6 2519/651/6
f 3069/2326/2 3045/2389/2 2997/2390/2
f 3069/2326/2 2997/2390/2 3003/653/2
f 2998/655/2 3025/2327/2 3069/2326/2
f 2947/4194/2 2956/1019/2 2998/655/2
f 2986/654/2 2947/4194/2 2998/655/2
f 2998/655/2 3069/2326/2 3003/653/2
f 460/656/1 459/4195/1 452/657/1
f 452/640/4 451/639/4 450/659/4
f 457/661/4 458/4196/4 470/662/4
f 1718/4197/3 1678/1560/3 1652/664/3
f 1652/664/3 2147/1418/3 2146/4198/3
f 1652/664/3 2146/4198/3 1931/665/3
f 1990/666/3 1718/4197/3 1652/664/3
f 3236/4052/1 3237/2622/1 3235/667/1
f 3235/667/1 3285/4199/1 3289/668/1
f 3276/669/1 3236/4052/1 3235/667/1
f 474/670/5 476/4200/5 475/671/5
f 357/4201/3 104/890/3 81/4202/3
f 386/673/3 357/4201/3 81/4202/3
f 400/4203/3 399/563/3 386/673/3
f 387/675/3 400/4203/3 386/673/3
f 429/4204/3 409/562/3 401/4133/3
f 463/4205/3 429/4204/3 401/4133/3
f 538/4206/3 463/4205/3 401/4133/3
f 733/982/3 735/984/3 570/4207/3
f 570/4207/3 538/4206/3 401/4133/3
f 723/4208/3 733/982/3 570/4207/3
f 705/4209/3 721/4210/3 723/4208/3
f 702/4211/3 705/4209/3 723/4208/3
f 17/4212/3 16/3799/3 14/27/3
f 12/4213/3 3531/4214/3 3574/4215/3
f 17/4212/3 14/27/3 12/4213/3
f 17/4212/3 12/4213/3 3574/4215/3
f 3577/4216/3 3575/4217/3 291/4131/3
f 17/4212/3 3574/4215/3 3577/4216/3
f 20/4218/3 17/4212/3 3577/4216/3
f 3577/4216/3 291/4131/3 292/554/3
f 309/674/3 310/4219/3 437/4220/3
f 441/4221/3 442/1689/3 451/1691/3
f 441/4221/3 451/1691/3 452/4222/3
f 516/4223/3 518/129/3 606/4224/3
f 516/4223/3 606/4224/3 608/4225/3
f 612/4226/3 615/4227/3 664/4228/3
f 612/4226/3 664/4228/3 666/2807/3
f 702/4211/3 723/4208/3 570/4207/3
f 666/2807/3 702/4211/3 570/4207/3
f 612/4226/3 666/2807/3 570/4207/3
f 608/4225/3 612/4226/3 570/4207/3
f 516/4223/3 608/4225/3 570/4207/3
f 486/4229/3 516/4223/3 570/4207/3
f 459/4230/3 486/4229/3 570/4207/3
f 452/4222/3 459/4230/3 570/4207/3
f 441/4221/3 452/4222/3 570/4207/3
f 438/4231/3 441/4221/3 570/4207/3
f 64/888/3 20/4218/3 3577/4216/3
f 51/889/3 64/888/3 3577/4216/3
f 81/4202/3 51/889/3 3577/4216/3
f 438/4231/3 570/4207/3 401/4133/3
f 81/4202/3 3577/4216/3 292/554/3
f 437/4220/3 438/4231/3 401/4133/3
f 437/4220/3 401/4133/3 387/675/3
f 386/673/3 81/4202/3 292/554/3
f 309/674/3 437/4220/3 387/675/3
f 386/673/3 292/554/3 309/674/3
f 2247/4232/2 2200/1697/2 2201/676/2
f 2201/676/2 2184/1698/2 2185/1673/2
f 2185/1673/2 2169/2019/2 2202/4233/2
f 2202/4233/2 2226/4234/2 2225/2021/2
f 2249/677/2 2254/2613/2 2256/1739/2
f 2202/4233/2 2225/2021/2 2249/677/2
f 2201/676/2 2185/1673/2 2202/4233/2
f 2277/1743/2 2247/4232/2 2201/676/2
f 2267/4235/2 2278/679/2 2277/1743/2
f 2267/4235/2 2277/1743/2 2201/676/2
f 2201/676/2 2202/4233/2 2249/677/2
f 2249/677/2 2256/1739/2 2268/3820/2
f 2280/678/2 2267/4235/2 2201/676/2
f 2249/677/2 2268/3820/2 2280/678/2
f 2278/679/2 2267/4235/2 2280/678/2
f 836/680/1 835/4236/1 851/681/1
f 238/114/6 263/112/6 299/211/6
f 299/211/6 300/560/6 264/114/6
f 1910/4237/3 1827/1987/3 1828/683/3
f 1828/683/3 1862/1986/3 1860/684/3
f 1860/684/3 2002/4238/3 2006/4239/3
f 1860/684/3 2006/4239/3 1936/4240/3
f 1912/685/3 1910/4237/3 1828/683/3
f 1860/684/3 1936/4240/3 1912/685/3
f 1745/4000/1 1751/4241/1 418/686/1
f 418/686/1 415/4242/1 492/4243/1
f 509/4244/6 523/717/6 886/4245/6
f 418/686/1 492/4243/1 509/4244/1
f 1669/371/1 1745/4000/1 418/686/1
f 1455/4246/1 1669/371/1 418/686/1
f 418/686/1 509/4244/1 886/4245/1
f 418/686/1 886/4245/1 1050/4247/1
f 1447/4248/1 1455/4246/1 418/686/1
f 1338/688/1 1349/1321/1 1421/4249/1
f 1421/4249/1 1447/4248/1 418/686/1
f 418/686/1 1050/4247/1 1096/4250/1
f 418/686/1 1096/4250/1 1136/4251/1
f 1338/688/1 1421/4249/1 418/686/1
f 418/686/1 1136/4251/1 1158/687/1
f 482/525/6 481/527/6 468/530/6
f 466/689/5 484/4252/5 483/690/5
f 642/694/1 649/4253/1 619/4254/1
f 619/4254/1 623/1244/1 555/692/1
f 555/692/1 576/1599/1 578/793/1
f 555/692/1 578/793/1 577/4255/1
f 642/694/1 619/4254/1 555/692/1
f 667/4256/1 669/4257/1 642/694/1
f 640/693/1 636/4258/1 667/4256/1
f 555/692/1 577/4255/1 583/794/1
f 640/693/1 667/4256/1 642/694/1
f 555/692/1 583/794/1 640/693/1
f 331/4259/2 6/4260/2 3578/4261/2
f 3578/4261/2 3579/4262/2 350/136/2
f 3578/4261/2 350/136/2 369/509/2
f 331/4259/2 3578/4261/2 369/509/2
f 331/4259/2 369/509/2 407/4263/2
f 368/4264/2 331/4259/2 407/4263/2
f 368/4264/2 407/4263/2 434/4265/2
f 365/4266/2 368/4264/2 434/4265/2
f 365/4266/2 434/4265/2 468/4267/2
f 433/4268/2 365/4266/2 468/4267/2
f 433/4268/2 468/4267/2 481/541/2
f 464/4269/2 433/4268/2 481/541/2
f 464/4269/2 481/541/2 513/4270/2
f 494/4271/2 464/4269/2 513/4270/2
f 494/4271/2 513/4270/2 527/4272/2
f 512/4273/2 494/4271/2 527/4272/2
f 528/697/2 634/4274/2 631/1589/2
f 512/4273/2 527/4272/2 528/697/2
f 524/4275/2 512/4273/2 528/697/2
f 528/697/2 631/1589/2 573/695/2
f 526/696/2 524/4275/2 528/697/2
f 2917/700/6 2918/702/6 2916/698/6
f 2916/698/6 2952/4276/6 2953/699/6
f 2910/2279/6 2892/2278/6 3066/701/6
f 3066/701/6 3068/2456/6 2952/4276/6
f 3066/701/6 2952/4276/6 2916/698/6
f 2911/703/6 2910/2279/6 3066/701/6
f 3066/701/6 2916/698/6 2918/702/6
f 517/704/1 516/4277/1 486/705/1
f 498/707/3 514/4278/3 517/708/3
f 486/710/4 500/4279/4 498/711/4
f 514/397/5 518/775/5 516/713/5
f 488/715/3 505/4280/3 519/716/3
f 531/720/5 532/4281/5 529/721/5
f 535/662/5 536/4196/5 534/723/5
f 502/265/3 519/4282/3 505/725/3
f 505/725/3 503/405/3 539/726/3
f 549/727/4 546/4283/4 531/728/4
f 626/112/3 624/114/3 552/112/3
f 552/112/3 553/211/3 658/560/3
f 658/560/3 657/114/3 626/112/3
f 560/732/5 558/763/5 553/4284/5
f 559/730/5 561/4285/5 565/731/5
f 560/732/5 553/4284/5 559/730/5
f 565/731/5 564/764/5 560/732/5
f 207/733/5 208/4286/5 209/734/5
f 2703/736/2 2704/4287/2 2816/737/2
f 574/739/6 575/4288/6 545/740/6
f 555/744/4 552/4289/4 547/742/4
f 547/742/4 548/4283/4 576/743/4
f 593/745/1 592/4179/1 563/746/1
f 557/748/3 590/1701/3 593/749/3
f 564/751/2 595/4290/2 594/752/2
f 560/754/3 594/4291/3 591/755/3
f 563/757/3 592/2246/3 596/758/3
f 609/759/4 610/689/4 583/691/4
f 577/316/4 578/743/4 609/759/4
f 565/760/3 597/4292/3 595/761/3
f 605/4293/5 604/1643/5 591/763/5
f 591/763/5 594/732/5 595/764/5
f 595/764/5 597/731/5 601/670/5
f 600/672/5 605/4293/5 591/763/5
f 595/764/5 601/670/5 600/672/5
f 754/765/5 755/1262/5 757/766/5
f 661/770/5 660/4294/5 656/768/5
f 657/769/5 658/2153/5 661/770/5
f 613/771/1 612/626/1 608/772/1
f 608/774/4 606/4295/4 602/713/4
f 614/776/5 615/4296/5 612/777/5
f 1985/4297/2 2060/4298/2 2035/4299/2
f 1985/4297/2 2035/4299/2 1879/4300/2
f 1460/1356/2 1492/4301/2 1495/783/2
f 1495/783/2 1985/4297/2 1879/4300/2
f 1495/783/2 1879/4300/2 1882/4302/2
f 1489/4303/2 1460/1356/2 1495/783/2
f 1701/4304/2 1489/4303/2 1495/783/2
f 1495/783/2 1882/4302/2 1856/1753/2
f 1495/783/2 1856/1753/2 1760/610/2
f 1756/782/2 1701/4304/2 1495/783/2
f 319/786/2 338/4305/2 336/784/2
f 336/784/2 315/4161/2 316/785/2
f 559/787/6 553/4306/6 658/788/6
f 2781/792/3 2655/4307/3 2658/4308/3
f 2781/792/3 2658/4308/3 2727/4309/3
f 2831/620/3 2830/4310/3 2781/792/3
f 2779/10/3 2812/621/3 2817/791/3
f 2817/791/3 2831/620/3 2781/792/3
f 2781/792/3 2727/4309/3 2777/790/3
f 2777/790/3 2779/10/3 2817/791/3
f 609/793/1 635/4311/1 639/693/1
f 660/795/6 661/4312/6 627/796/6
f 592/798/5 593/867/5 590/799/5
f 590/799/5 603/1582/5 602/1028/5
f 599/800/5 598/4313/5 596/4314/5
f 590/799/5 602/1028/5 599/800/5
f 599/800/5 596/4314/5 592/798/5
f 631/801/5 634/4315/5 633/802/5
f 652/4316/5 651/844/5 646/835/5
f 647/964/5 652/4316/5 646/835/5
f 641/4317/5 648/4318/5 647/964/5
f 640/4319/5 639/4320/5 635/4321/5
f 636/834/5 640/4319/5 635/4321/5
f 638/805/5 641/4317/5 647/964/5
f 647/964/5 646/835/5 644/803/5
f 637/804/5 636/834/5 635/4321/5
f 638/805/5 647/964/5 644/803/5
f 637/804/5 635/4321/5 638/805/5
f 306/810/1 309/1428/1 292/4322/1
f 397/809/1 408/4323/1 431/808/1
f 397/809/1 431/808/1 428/807/1
f 306/810/1 292/4322/1 304/4324/1
f 432/635/1 398/4178/1 306/810/1
f 430/806/1 432/635/1 306/810/1
f 306/810/1 304/4324/1 397/809/1
f 428/807/1 430/806/1 306/810/1
f 649/211/6 650/560/6 620/114/6
f 2000/4325/3 2009/4239/3 2005/484/3
f 2000/4325/3 2005/484/3 2014/483/3
f 2154/813/3 2153/4326/3 2066/4327/3
f 2066/4327/3 2000/4325/3 2014/483/3
f 2068/811/3 2101/482/3 2155/4328/3
f 2066/4327/3 2014/483/3 2068/811/3
f 2183/4329/3 2186/2495/3 2154/813/3
f 2154/813/3 2066/4327/3 2068/811/3
f 2068/811/3 2155/4328/3 2168/812/3
f 2168/812/3 2183/4329/3 2154/813/3
f 655/814/5 659/4330/5 658/815/5
f 1175/817/6 1147/4331/6 1145/818/6
f 1179/1311/6 1177/2061/6 1063/820/6
f 1060/4332/6 1080/4333/6 1101/821/6
f 1175/817/6 1179/1311/6 1063/820/6
f 1104/822/6 1145/818/6 1147/4331/6
f 1147/4331/6 1175/817/6 1063/820/6
f 1063/820/6 1060/4332/6 1101/821/6
f 1104/822/6 1147/4331/6 1063/820/6
f 828/825/3 502/4334/3 539/726/3
f 539/726/3 739/1957/3 737/823/3
f 779/824/3 794/4335/3 833/1078/3
f 828/825/3 539/726/3 737/823/3
f 779/824/3 833/1078/3 828/825/3
f 2010/4336/4 1979/4337/4 1938/826/4
f 1938/826/4 1940/1604/4 2021/827/4
f 2012/828/4 2010/4336/4 1938/826/4
f 685/627/1 703/935/1 702/829/1
f 542/832/1 541/445/1 569/830/1
f 569/830/1 607/833/1 616/831/1
f 569/830/1 541/445/1 538/447/1
f 538/447/1 570/4338/1 607/833/1
f 670/203/5 669/205/5 667/834/5
f 667/834/5 668/804/5 672/803/5
f 671/835/5 670/203/5 667/834/5
f 3406/838/1 3404/2000/1 3364/836/1
f 3364/836/1 3342/232/1 3366/837/1
f 3366/837/1 3365/839/1 3406/838/1
f 3405/4339/1 3308/2623/1 3309/4340/1
f 3405/4339/1 3309/4340/1 3310/3921/1
f 3462/4341/1 3465/1143/1 3405/4339/1
f 3498/4342/1 3513/1144/1 3462/4341/1
f 3386/2796/1 3456/2795/1 3455/840/1
f 3455/840/1 3498/4342/1 3462/4341/1
f 3405/4339/1 3310/3921/1 3344/3920/1
f 3405/4339/1 3344/3920/1 3369/1999/1
f 3455/840/1 3462/4341/1 3405/4339/1
f 3339/228/1 3387/2794/1 3386/2796/1
f 3405/4339/1 3369/1999/1 3404/2000/1
f 3405/4339/1 3404/2000/1 3406/838/1
f 3338/3918/1 3339/228/1 3386/2796/1
f 3366/837/1 3340/231/1 3338/3918/1
f 3365/839/1 3366/837/1 3338/3918/1
f 3338/3918/1 3386/2796/1 3455/840/1
f 3455/840/1 3405/4339/1 3406/838/1
f 3365/839/1 3338/3918/1 3455/840/1
f 669/841/6 670/4343/6 643/842/6
f 671/843/6 672/4344/6 644/844/6
f 652/846/3 676/219/3 674/847/3
f 3062/4345/3 2981/2373/3 2983/4346/3
f 3086/4347/3 3167/4348/3 3165/4349/3
f 3062/4345/3 2983/4346/3 3086/4347/3
f 3218/4350/3 3107/1064/3 3109/4351/3
f 3109/4351/3 3062/4345/3 3086/4347/3
f 3165/4349/3 3253/4352/3 3251/849/3
f 3109/4351/3 3086/4347/3 3165/4349/3
f 3295/851/3 3216/4353/3 3218/4350/3
f 3218/4350/3 3109/4351/3 3165/4349/3
f 3218/4350/3 3165/4349/3 3251/849/3
f 3358/2706/3 3297/2656/3 3295/851/3
f 3295/851/3 3218/4350/3 3251/849/3
f 3359/850/3 3358/2706/3 3295/851/3
f 680/852/6 681/4354/6 655/853/6
f 677/855/5 681/814/5 680/816/5
f 658/857/2 683/4355/2 680/858/2
f 666/776/4 664/778/4 665/860/4
f 2854/864/1 2853/4356/1 2812/862/1
f 2812/862/1 2779/2695/1 2773/863/1
f 563/798/5 562/4314/5 554/865/5
f 555/866/5 552/4357/5 557/799/5
f 556/867/5 563/798/5 554/865/5
f 555/866/5 557/799/5 556/867/5
f 633/4358/6 634/4359/6 528/4360/6
f 528/4360/6 527/4361/6 525/4362/6
f 528/4360/6 525/4362/6 545/4363/6
f 633/4358/6 528/4360/6 545/4363/6
f 575/4364/6 574/4365/6 806/4366/6
f 633/4358/6 545/4363/6 575/4364/6
f 709/4367/6 710/4368/6 689/4369/6
f 689/4369/6 633/4358/6 575/4364/6
f 575/4364/6 806/4366/6 808/4370/6
f 817/4371/6 826/4372/6 857/4373/6
f 575/4364/6 808/4370/6 817/4371/6
f 708/4374/6 709/4367/6 689/4369/6
f 689/4369/6 575/4364/6 817/4371/6
f 817/4371/6 857/4373/6 859/868/6
f 859/868/6 871/4375/6 872/4376/6
f 873/4377/6 928/4378/6 927/4379/6
f 859/868/6 872/4376/6 873/4377/6
f 689/4369/6 817/4371/6 859/868/6
f 708/4374/6 689/4369/6 859/868/6
f 873/4377/6 927/4379/6 860/4380/6
f 744/4381/6 708/4374/6 859/868/6
f 768/4382/6 769/4383/6 744/4381/6
f 767/4384/6 768/4382/6 744/4381/6
f 859/868/6 873/4377/6 860/4380/6
f 859/868/6 860/4380/6 844/4385/6
f 767/4384/6 744/4381/6 859/868/6
f 811/4386/6 797/4387/6 786/870/6
f 786/870/6 767/4384/6 859/868/6
f 859/868/6 844/4385/6 810/869/6
f 810/869/6 811/4386/6 786/870/6
f 928/4378/6 873/4377/6 872/4376/6
f 928/4378/6 872/4376/6 890/878/6
f 891/4388/6 928/4378/6 890/878/6
f 892/871/6 959/877/6 983/4389/6
f 891/4388/6 890/878/6 892/871/6
f 960/4390/6 891/4388/6 892/871/6
f 892/871/6 983/4389/6 1012/872/6
f 1012/872/6 1015/875/6 985/873/6
f 985/873/6 960/4390/6 892/871/6
f 1063/874/6 961/4391/6 960/4390/6
f 1063/874/6 960/4390/6 985/873/6
f 1011/4392/6 1060/4393/6 1063/874/6
f 1016/876/6 1011/4392/6 1063/874/6
f 1063/874/6 985/873/6 1015/875/6
f 946/4394/6 956/4395/6 959/877/6
f 959/877/6 892/871/6 890/878/6
f 890/878/6 889/4396/6 909/4397/6
f 890/878/6 909/4397/6 911/4398/6
f 925/879/6 946/4394/6 959/877/6
f 890/878/6 911/4398/6 925/879/6
f 674/880/4 676/4399/4 691/881/4
f 695/883/6 696/4400/6 677/884/6
f 692/885/5 696/239/5 695/886/5
f 82/890/3 29/1406/3 55/888/3
f 52/889/3 80/4202/3 82/890/3
f 694/724/5 698/723/5 697/891/5
f 2331/893/1 2382/4401/1 2384/894/1
f 704/896/5 705/4402/5 702/897/5
f 682/901/6 683/4403/6 658/899/6
f 657/900/6 656/2805/6 682/901/6
f 2437/904/2 2537/1015/2 2536/2661/2
f 2437/904/2 2536/2661/2 2434/4404/2
f 2393/903/2 2420/4405/2 2437/904/2
f 2437/904/2 2434/4404/2 2394/902/2
f 1180/4406/3 1030/905/3 1064/907/3
f 1221/2347/3 1180/4406/3 1064/907/3
f 874/910/3 719/4407/3 720/261/3
f 862/911/3 874/910/3 720/261/3
f 720/261/3 1221/2347/3 1064/907/3
f 720/261/3 1064/907/3 1032/906/3
f 875/909/3 862/911/3 720/261/3
f 720/261/3 1032/906/3 876/908/3
f 803/4408/2 630/4409/2 520/29/2
f 803/4408/2 520/29/2 510/1336/2
f 803/4408/2 510/1336/2 493/4410/2
f 803/4408/2 493/4410/2 366/4411/2
f 803/4408/2 366/4411/2 363/4412/2
f 332/4413/2 218/4414/2 72/4415/2
f 803/4408/2 363/4412/2 332/4413/2
f 332/4413/2 72/4415/2 3/4416/2
f 3/4416/2 7/4260/2 825/2747/2
f 842/912/2 1648/4142/2 1644/4141/2
f 3/4416/2 825/2747/2 842/912/2
f 332/4413/2 3/4416/2 842/912/2
f 842/912/2 1644/4141/2 1390/917/2
f 1451/916/2 1368/915/2 1333/2486/2
f 842/912/2 1390/917/2 1451/916/2
f 803/4408/2 332/4413/2 842/912/2
f 822/4417/2 803/4408/2 842/912/2
f 842/912/2 1451/916/2 1333/2486/2
f 842/912/2 1333/2486/2 1280/4418/2
f 839/4419/2 822/4417/2 842/912/2
f 866/1086/2 839/4419/2 842/912/2
f 842/912/2 1280/4418/2 1278/4420/2
f 842/912/2 1278/4420/2 1239/423/2
f 904/4421/2 866/1086/2 842/912/2
f 1053/914/2 904/4421/2 842/912/2
f 842/912/2 1239/423/2 1076/913/2
f 2064/919/3 2041/4422/3 1932/665/3
f 1932/665/3 2063/4423/3 2094/918/3
f 710/920/2 709/4424/2 706/921/2
f 689/923/4 710/4425/4 688/802/4
f 706/925/5 709/4426/5 708/926/5
f 693/112/6 726/211/6 727/560/6
f 2457/1263/6 2444/1265/6 2436/4189/6
f 2436/4189/6 2437/4188/6 2420/1708/6
f 2378/928/6 2215/4427/6 2212/4428/6
f 2436/4189/6 2420/1708/6 2378/928/6
f 2488/930/6 2489/1913/6 2457/1263/6
f 2457/1263/6 2436/4189/6 2378/928/6
f 2378/928/6 2212/4428/6 2213/4429/6
f 2378/928/6 2213/4429/6 2264/933/6
f 2488/930/6 2457/1263/6 2378/928/6
f 2427/4430/6 2435/1705/6 2488/930/6
f 2379/929/6 2395/2034/6 2427/4430/6
f 2271/931/6 2291/1707/6 2379/929/6
f 2378/928/6 2264/933/6 2265/932/6
f 2265/932/6 2271/931/6 2379/929/6
f 2379/929/6 2427/4430/6 2488/930/6
f 2378/928/6 2265/932/6 2379/929/6
f 722/934/1 721/4431/1 705/829/1
f 713/936/3 715/294/3 716/937/3
f 348/939/1 405/3872/1 406/940/1
f 711/942/3 729/101/3 731/943/3
f 1504/945/3 1466/4432/3 1423/946/3
f 1423/946/3 1510/1562/3 1508/947/3
f 1503/4433/3 1374/1892/3 1377/948/3
f 1466/4432/3 1504/945/3 1503/4433/3
f 1254/950/3 1423/946/3 1466/4432/3
f 1292/951/3 1248/4434/3 1254/950/3
f 1312/1891/3 1292/951/3 1254/950/3
f 1466/4432/3 1503/4433/3 1377/948/3
f 1341/949/3 1312/1891/3 1254/950/3
f 1254/950/3 1466/4432/3 1377/948/3
f 613/4435/3 611/4436/3 602/4437/3
f 602/4437/3 603/4438/3 861/4439/3
f 602/4437/3 861/4439/3 1149/4440/3
f 614/4441/3 613/4435/3 602/4437/3
f 703/4211/3 685/2245/3 665/4442/3
f 614/4441/3 602/4437/3 1149/4440/3
f 704/4209/3 703/4211/3 665/4442/3
f 665/4442/3 614/4441/3 1149/4440/3
f 665/4442/3 1149/4440/3 1200/4443/3
f 704/4209/3 665/4442/3 1200/4443/3
f 704/4209/3 1200/4443/3 1248/4434/3
f 759/4444/3 732/4208/3 722/4210/3
f 722/4210/3 704/4209/3 1248/4434/3
f 1292/951/3 1312/1891/3 1311/2453/3
f 722/4210/3 1248/4434/3 1292/951/3
f 760/4445/3 759/4444/3 722/4210/3
f 800/4446/3 798/4447/3 792/953/3
f 760/4445/3 722/4210/3 1292/951/3
f 801/952/3 800/4446/3 792/953/3
f 792/953/3 760/4445/3 1292/951/3
f 1292/951/3 1311/2453/3 801/952/3
f 723/954/4 721/898/4 722/955/4
f 733/957/5 736/4448/5 734/958/5
f 739/848/5 740/4449/5 738/960/5
f 348/961/6 379/404/6 404/962/6
f 751/964/5 752/998/5 750/965/5
f 2242/1629/1 2243/519/1 2320/1348/1
f 2319/4450/1 2325/4451/1 2294/967/1
f 2246/1630/1 2242/1629/1 2320/1348/1
f 2245/4452/1 2246/1630/1 2320/1348/1
f 2320/1348/1 2319/4450/1 2294/967/1
f 2294/967/1 2305/1759/1 2304/1760/1
f 2282/1735/1 2251/971/1 2252/968/1
f 2294/967/1 2304/1760/1 2282/1735/1
f 2245/4452/1 2320/1348/1 2294/967/1
f 2252/968/1 2248/970/1 2266/969/1
f 2266/969/1 2245/4452/1 2294/967/1
f 2294/967/1 2282/1735/1 2252/968/1
f 2250/1756/1 2224/4453/1 2248/970/1
f 2248/970/1 2252/968/1 2251/971/1
f 2253/972/1 2250/1756/1 2248/970/1
f 728/973/4 753/1330/4 725/974/4
f 731/518/4 729/517/4 727/976/4
f 760/977/5 761/992/5 758/925/5
f 52/979/1 55/1711/1 64/980/1
f 64/980/6 51/4454/6 81/981/6
f 81/981/1 80/3873/1 52/979/1
f 736/982/3 762/4444/3 763/983/3
f 2488/2185/1 2435/4455/1 2425/4456/1
f 2488/2185/1 2425/4456/1 2486/4457/1
f 2501/987/1 2488/2185/1 2486/4457/1
f 2496/985/1 2600/4458/1 2602/1939/1
f 2501/987/1 2486/4457/1 2496/985/1
f 2496/985/1 2602/1939/1 2497/986/1
f 769/988/2 768/1011/2 765/989/2
f 744/991/4 769/4426/4 743/925/4
f 765/993/5 768/4459/5 767/994/5
f 752/996/3 772/4460/3 770/997/3
f 772/998/5 773/855/5 771/856/5
f 2129/2020/2 2112/1615/2 2117/999/2
f 2117/999/2 2173/4461/2 2170/1000/2
f 2135/1001/2 2129/2020/2 2117/999/2
f 2557/1002/6 2556/2259/6 2555/1003/6
f 2555/1003/6 2583/4462/6 2584/1004/6
f 763/1005/4 762/4463/4 758/1006/4
f 2606/1010/6 2559/4464/6 2448/1008/6
f 2448/1008/1 2447/1349/1 2607/1009/1
f 767/1011/2 786/1042/2 784/1012/2
f 2504/4465/2 2444/4466/2 2471/4467/2
f 2504/4465/2 2471/4467/2 2506/4468/2
f 2519/4469/2 2504/4465/2 2506/4468/2
f 2522/1014/2 2592/1798/2 2589/4470/2
f 2519/4469/2 2506/4468/2 2522/1014/2
f 2538/1013/2 2519/4469/2 2522/1014/2
f 2522/1014/2 2589/4470/2 2535/1015/2
f 790/815/5 789/455/5 787/1016/5
f 780/1017/4 781/4471/4 794/1018/4
f 2957/1021/2 3025/2327/2 2998/655/2
f 2957/1021/2 2998/655/2 2956/1019/2
f 2951/1020/2 2932/1837/2 2957/1021/2
f 786/1022/4 797/4472/4 785/1023/4
f 800/1025/1 799/4473/1 793/1026/1
f 793/1024/4 791/1023/4 792/648/4
f 801/1028/5 802/4474/5 799/1029/5
f 266/1033/6 239/4475/6 265/1031/6
f 265/1031/6 301/2727/6 302/1032/6
f 738/1034/2 780/4476/2 779/1035/2
f 807/1037/5 808/1277/5 806/1038/5
f 805/1039/5 811/476/5 810/1040/5
f 797/1042/2 811/2746/2 805/1043/2
f 2103/1046/1 2098/4477/1 2157/1044/1
f 2157/1044/1 2156/2218/1 2125/1045/1
f 150/1047/5 156/355/5 155/1048/5
f 2275/1051/6 2380/4478/6 2399/4479/6
f 2399/4479/2 2398/4480/2 2274/1049/2
f 2274/1049/2 2216/4481/2 2217/1050/2
f 2275/1051/2 2399/4479/2 2274/1049/2
f 1638/1054/2 1532/4482/2 1535/1376/2
f 1535/1376/2 1536/1394/2 1540/4483/2
f 1535/1376/2 1540/4483/2 1538/4484/2
f 1692/1458/2 1691/4485/2 1638/1054/2
f 1638/1054/2 1535/1376/2 1538/4484/2
f 1638/1054/2 1538/4484/2 1573/4486/2
f 3649/1053/2 1692/1458/2 1638/1054/2
f 1579/4487/2 1582/1055/2 3649/1053/2
f 1613/1052/2 1614/4488/2 1579/4487/2
f 1638/1054/2 1573/4486/2 1613/1052/2
f 1613/1052/2 1579/4487/2 3649/1053/2
f 2613/1056/1 2594/2477/1 2627/1057/1
f 826/642/4 817/4489/4 816/1059/4
f 827/1060/3 832/4490/3 830/1061/3
f 3061/4491/3 3041/2374/3 3042/1063/3
f 3042/1063/3 3108/4351/3 3106/1064/3
f 3063/1065/3 3061/4491/3 3042/1063/3
f 3242/1066/3 3244/2575/3 3243/1067/3
f 3267/3858/3 3266/119/3 3163/3857/3
f 3163/3857/3 3101/4492/3 3104/4493/3
f 3163/3857/3 3104/4493/3 3138/4494/3
f 3280/4495/3 3279/4496/3 3267/3858/3
f 3163/3857/3 3138/4494/3 3143/1224/3
f 3163/3857/3 3143/1224/3 3211/1226/3
f 3269/1071/3 3280/4495/3 3267/3858/3
f 3294/851/3 3296/2656/3 3270/1070/3
f 3215/4353/3 3294/851/3 3270/1070/3
f 3106/1064/3 3217/4350/3 3215/4353/3
f 3055/4497/3 3061/4491/3 3063/1065/3
f 3063/1065/3 3106/1064/3 3215/4353/3
f 3163/3857/3 3211/1226/3 3244/2575/3
f 3163/3857/3 3244/2575/3 3242/1066/3
f 3063/1065/3 3215/4353/3 3270/1070/3
f 3160/4498/3 3055/4497/3 3063/1065/3
f 3192/1069/3 3142/2539/3 3160/4498/3
f 3192/1069/3 3160/4498/3 3063/1065/3
f 3267/3858/3 3163/3857/3 3242/1066/3
f 3267/3858/3 3242/1066/3 3194/1068/3
f 3269/1071/3 3267/3858/3 3194/1068/3
f 3192/1069/3 3063/1065/3 3270/1070/3
f 3269/1071/3 3194/1068/3 3192/1069/3
f 3409/1072/6 3410/2602/6 3398/1073/6
f 843/1077/6 842/4499/6 825/1075/6
f 825/1075/6 823/4500/6 840/1076/6
f 833/1078/3 846/4501/3 845/1079/3
f 858/1080/5 859/4502/5 857/1081/5
f 844/479/4 860/481/4 843/1083/4
f 870/1088/1 871/4503/1 859/1089/1
f 879/1091/5 880/4504/5 878/1092/5
f 3002/1097/1 2994/4505/1 2993/4506/1
f 2996/1098/1 2985/1567/1 2984/1099/1
f 3002/1097/1 2993/4506/1 2996/1098/1
f 3123/1102/1 3124/3915/1 3090/1905/1
f 3090/1905/1 2993/4506/1 2994/4505/1
f 2994/4505/1 3002/1097/1 3044/4507/1
f 2926/2293/1 2914/2292/1 2913/4508/1
f 3090/1905/1 2994/4505/1 3044/4507/1
f 3044/4507/1 2926/2293/1 2913/4508/1
f 3044/4507/1 2913/4508/1 3017/2426/1
f 3123/1102/1 3090/1905/1 3044/4507/1
f 3196/3912/1 3174/224/1 3123/1102/1
f 3122/1101/1 3195/3916/1 3196/3912/1
f 3057/2505/1 3121/4509/1 3122/1101/1
f 3056/2425/1 3058/4510/1 3057/2505/1
f 3044/4507/1 3017/2426/1 3043/1100/1
f 3043/1100/1 3056/2425/1 3057/2505/1
f 3122/1101/1 3196/3912/1 3123/1102/1
f 3043/1100/1 3057/2505/1 3122/1101/1
f 3123/1102/1 3044/4507/1 3043/1100/1
f 889/1105/6 890/4511/6 872/1103/6
f 871/1104/6 888/4512/6 889/1105/6
f 888/1106/4 871/535/4 870/338/4
f 238/171/4 236/142/4 229/169/4
f 238/171/4 229/169/4 228/1107/4
f 258/1109/4 263/4513/4 238/171/4
f 220/1108/4 221/3966/4 258/1109/4
f 258/1109/4 238/171/4 228/1107/4
f 1928/1111/1 1628/3850/1 1588/3849/1
f 2033/1112/1 2163/1661/1 2165/1660/1
f 1928/1111/1 1588/3849/1 2033/1112/1
f 2033/1112/1 2165/1660/1 2121/1110/1
f 2846/1113/1 2865/4514/1 2867/1114/1
f 868/1086/2 906/4421/2 905/1116/2
f 905/1116/2 865/4515/2 867/1087/2
f 910/1117/5 911/4516/5 909/1118/5
f 880/1120/3 917/4517/3 915/1121/3
f 2564/1123/2 2565/4518/2 2688/1124/2
f 923/1126/1 925/2026/1 911/1127/1
f 915/1129/4 917/4519/4 934/1130/4
f 935/1132/5 936/4520/5 933/1133/5
f 941/1135/2 938/4521/2 937/1136/2
f 946/689/4 925/1106/4 923/337/4
f 2701/1139/1 2741/4522/1 2740/1140/1
f 3514/1144/1 3521/2858/1 3424/1142/1
f 3424/1142/1 3407/4339/1 3466/1143/1
f 3466/1143/1 3463/4341/1 3514/1144/1
f 958/1145/5 959/4523/5 956/1146/5
f 2870/1148/1 2899/4524/1 2898/1149/1
f 215/1151/3 289/435/3 287/1152/3
f 979/1154/6 977/4525/6 958/1155/6
f 2334/1157/1 2361/1812/1 2369/1158/1
f 977/1160/1 983/1166/1 959/1161/1
f 658/857/2 553/1573/2 558/753/2
f 658/857/2 558/753/2 591/752/2
f 627/4526/2 661/4527/2 658/857/2
f 684/4528/1 663/4529/1 629/4530/1
f 627/4526/2 658/857/2 591/752/2
f 701/1165/2 684/4528/2 629/4530/2
f 629/4530/2 627/4526/2 591/752/2
f 604/1163/2 1203/4531/2 1429/4532/2
f 1429/4532/2 1426/4533/2 1221/1164/2
f 1221/1164/1 720/4534/1 701/1165/1
f 701/1165/2 629/4530/2 591/752/2
f 604/1163/2 1429/4532/2 1221/1164/2
f 701/1165/2 591/752/2 604/1163/2
f 1007/1168/1 1006/1196/1 1005/1166/1
f 1005/1166/1 979/1160/1 976/1167/1
f 1012/1169/6 983/4525/6 1005/1154/6
f 1005/1154/6 1006/4535/6 1011/1170/6
f 1005/973/4 983/4536/4 977/1171/4
f 845/1079/3 846/4501/3 847/4537/3
f 847/4537/3 879/1120/3 877/1122/3
f 914/1121/3 934/4517/3 935/4538/3
f 845/1079/3 847/4537/3 877/1122/3
f 914/1121/3 935/4538/3 932/1173/3
f 845/1079/3 877/1122/3 914/1121/3
f 1568/4539/3 845/1079/3 914/1121/3
f 932/1173/3 1631/1454/3 1634/1456/3
f 1568/4539/3 914/1121/3 932/1173/3
f 1610/1175/3 1568/4539/3 932/1173/3
f 932/1173/3 1634/1456/3 1597/1174/3
f 973/4540/1 975/2145/1 964/1176/1
f 964/1176/1 995/1180/1 993/1177/1
f 1001/1178/1 973/4540/1 964/1176/1
f 964/1176/1 967/4541/1 1019/1179/1
f 1019/1179/1 1036/4542/1 993/1177/1
f 995/1180/1 964/1176/1 1019/1179/1
f 1683/1183/2 1723/1434/2 1720/1181/2
f 1720/1181/2 1634/4086/2 1637/1182/2
f 1008/1184/5 1011/4543/5 1006/1185/5
f 1135/1187/2 1132/2130/2 1131/430/2
f 1093/1188/2 1046/1197/2 1079/913/2
f 1135/1187/2 1131/430/2 1093/1188/2
f 1079/913/2 1138/4046/2 1135/1187/2
f 1048/1191/2 1046/1197/2 1045/429/2
f 1043/1189/2 1024/1192/2 1027/1190/2
f 1048/1191/2 1045/429/2 1043/1189/2
f 906/4421/2 1054/914/2 1048/1191/2
f 906/4421/2 1048/1191/2 1027/1190/2
f 902/4544/2 905/1116/2 906/4421/2
f 990/4545/2 997/4546/2 945/1194/2
f 945/1194/2 902/4544/2 906/4421/2
f 906/4421/2 1027/1190/2 1024/1192/2
f 1024/1192/2 1043/1189/2 1035/1193/2
f 1035/1193/2 990/4545/2 945/1194/2
f 945/1194/2 906/4421/2 1024/1192/2
f 1058/1195/1 1060/2023/1 1011/1196/1
f 1054/914/2 1079/913/2 1046/1197/2
f 2893/1199/2 2847/4547/2 2851/4548/2
f 2897/1200/2 2938/4549/2 2937/4550/2
f 2893/1199/2 2851/4548/2 2897/1200/2
f 2897/1200/2 2937/4550/2 2912/1198/2
f 1080/1201/4 1060/973/4 1058/1172/4
f 1819/1203/6 1820/4551/6 1793/4552/6
f 1879/4553/6 2035/1654/6 2037/4554/6
f 1879/4553/6 2037/4554/6 1858/4555/6
f 1882/1205/6 1879/4553/6 1858/4555/6
f 1819/1203/6 1793/4552/6 1760/1495/6
f 1882/1205/6 1858/4555/6 1819/1203/6
f 1819/1203/6 1760/1495/6 1856/1204/6
f 1084/4556/1 1111/1978/1 1109/1219/1
f 1084/4556/1 1109/1219/1 1083/4557/1
f 962/2144/1 963/4558/1 969/4559/1
f 969/4559/1 1084/4556/1 1083/4557/1
f 1086/1218/1 1107/1220/1 1183/4560/1
f 969/4559/1 1083/4557/1 1086/1218/1
f 967/4541/1 962/2144/1 969/4559/1
f 1019/1179/1 967/4541/1 969/4559/1
f 1086/1218/1 1183/4560/1 1204/1257/1
f 1019/1179/1 969/4559/1 1086/1218/1
f 1039/2549/1 993/1177/1 1036/4542/1
f 1036/4542/1 1019/1179/1 1086/1218/1
f 1086/1218/1 1204/1257/1 1186/1208/1
f 1086/1218/1 1186/1208/1 1157/1207/1
f 1039/2549/1 1036/4542/1 1086/1218/1
f 1073/2541/1 1039/2549/1 1086/1218/1
f 1073/2541/1 1086/1218/1 1157/1207/1
f 1071/1213/1 1073/2541/1 1157/1207/1
f 1188/1206/1 1195/1256/1 1193/1209/1
f 1094/1211/1 1071/1213/1 1157/1207/1
f 1157/1207/1 1188/1206/1 1193/1209/1
f 1029/1210/1 1022/2542/1 1040/4561/1
f 1040/4561/1 1074/1212/1 1094/1211/1
f 1094/1211/1 1157/1207/1 1193/1209/1
f 1029/1210/1 1040/4561/1 1094/1211/1
f 56/1214/1 57/152/1 31/1215/1
f 1103/534/5 1104/1242/5 1101/1216/5
f 1086/1218/1 1083/4557/1 1109/1219/1
f 1121/1221/2 1118/425/2 1114/1222/2
f 3140/1224/3 3190/4562/3 3213/1225/3
f 1143/1227/1 1145/1233/1 1104/1228/1
f 1151/1230/5 1153/4563/5 1109/1231/5
f 1169/1235/1 1167/1258/1 1164/1233/1
f 1164/1233/1 1140/1227/1 1161/1234/1
f 1167/1236/6 1173/819/6 1145/818/6
f 1164/1238/4 1145/1266/4 1143/1239/4
f 1197/1241/6 1198/4564/6 1171/819/6
f 1171/1242/5 1173/495/5 1167/1243/5
f 660/4565/1 625/4566/1 624/1244/1
f 624/1244/1 622/4567/1 693/1745/1
f 693/1745/1 697/4568/1 678/1245/1
f 678/1245/1 682/4569/1 656/1246/1
f 656/1246/1 660/4565/1 624/1244/1
f 624/1244/1 693/1745/1 678/1245/1
f 815/4570/6 816/4571/6 807/4572/6
f 815/4570/6 807/4572/6 804/4573/6
f 870/4574/6 858/4575/6 856/4576/6
f 869/4577/6 870/4574/6 856/4576/6
f 543/741/6 74/4027/6 37/4026/6
f 38/1252/6 61/4028/6 42/415/6
f 572/739/6 543/741/6 37/4026/6
f 38/1252/6 42/415/6 40/1253/6
f 804/4573/6 572/739/6 37/4026/6
f 815/4570/6 804/4573/6 37/4026/6
f 856/4576/6 815/4570/6 37/4026/6
f 869/4577/6 856/4576/6 37/4026/6
f 887/4578/6 869/4577/6 37/4026/6
f 908/4579/6 887/4578/6 37/4026/6
f 923/4580/6 910/4581/6 908/4579/6
f 922/4582/6 923/4580/6 908/4579/6
f 922/4582/6 908/4579/6 37/4026/6
f 955/1156/6 922/4582/6 37/4026/6
f 979/1154/6 955/1156/6 37/4026/6
f 976/4583/6 979/1154/6 37/4026/6
f 1007/4535/6 976/4583/6 37/4026/6
f 1058/4332/6 1008/1170/6 1007/4535/6
f 1057/4333/6 1058/4332/6 1007/4535/6
f 1057/4333/6 1007/4535/6 37/4026/6
f 1143/818/6 1103/822/6 1099/821/6
f 1099/821/6 1057/4333/6 37/4026/6
f 1140/1237/6 1143/818/6 1099/821/6
f 1140/1237/6 1099/821/6 37/4026/6
f 1161/4584/6 1140/1237/6 37/4026/6
f 1169/1236/6 1161/4584/6 37/4026/6
f 1197/1241/6 1169/1236/6 37/4026/6
f 1216/4585/6 1197/1241/6 37/4026/6
f 1235/1285/6 1216/4585/6 37/4026/6
f 1236/1283/6 1235/1285/6 37/4026/6
f 1483/4586/6 1236/1283/6 37/4026/6
f 1909/1595/6 1924/1597/6 1562/1388/6
f 1562/1388/6 1483/4586/6 37/4026/6
f 1873/1247/6 1909/1595/6 1562/1388/6
f 1787/4587/6 1870/1249/6 1851/1248/6
f 1851/1248/6 1873/1247/6 1562/1388/6
f 1751/4588/6 1787/4587/6 1851/1248/6
f 416/962/6 417/4589/6 418/4590/6
f 1751/4588/6 1851/1248/6 1562/1388/6
f 406/963/6 416/962/6 418/4590/6
f 418/4590/6 1751/4588/6 1562/1388/6
f 406/963/6 418/4590/6 1562/1388/6
f 346/961/6 406/963/6 1562/1388/6
f 347/402/6 346/961/6 1562/1388/6
f 138/4591/6 345/1251/6 330/1250/6
f 330/1250/9 347/402/9 1562/1388/9
f 330/1250/6 1562/1388/6 37/4026/6
f 33/4592/6 138/4591/6 330/1250/6
f 3581/4593/6 3580/4594/6 39/4595/6
f 39/4595/6 33/4592/6 330/1250/6
f 39/4595/6 330/1250/6 37/4026/6
f 3583/1254/6 3581/4593/6 39/4595/6
f 3559/4596/6 3582/4597/6 3583/1254/6
f 5/4598/6 3559/4596/6 3583/1254/6
f 3583/1254/6 39/4595/6 37/4026/6
f 3583/1254/6 37/4026/6 38/1252/6
f 40/1253/6 5/4598/6 3583/1254/6
f 110/173/3 144/3886/3 239/1255/3
f 1195/1256/1 1188/1206/1 1186/1208/1
f 1204/1257/1 1215/4599/1 1329/1314/1
f 1195/1256/1 1186/1208/1 1204/1257/1
f 1336/688/1 1193/1209/1 1195/1256/1
f 1204/1257/1 1329/1314/1 1336/688/1
f 1198/489/1 1207/4080/1 1173/1258/1
f 2180/1670/1 2179/4600/1 2149/4601/1
f 2180/1670/1 2149/4601/1 2091/4602/1
f 2150/4603/1 2180/1670/1 2091/4602/1
f 2096/4604/1 1996/4605/1 2039/4606/1
f 2150/4603/1 2091/4602/1 2096/4604/1
f 2093/4607/1 2150/4603/1 2096/4604/1
f 2093/4607/1 2096/4604/1 2039/4606/1
f 2094/1863/1 2093/4607/1 2039/4606/1
f 2094/1863/1 2039/4606/1 1976/4608/1
f 1607/4609/1 2041/4610/1 2064/1261/1
f 2064/1261/1 2094/1863/1 1976/4608/1
f 2064/1261/1 1976/4608/1 1823/4611/1
f 1608/4612/1 1607/4609/1 2064/1261/1
f 1680/2065/1 1608/4612/1 2064/1261/1
f 2064/1261/1 1823/4611/1 1704/1259/1
f 1708/1260/1 1680/2065/1 2064/1261/1
f 774/455/5 775/815/5 777/1262/5
f 2470/1263/6 2505/1921/6 2506/1264/6
f 1219/1266/4 1207/4613/4 1198/1267/4
f 2421/1268/1 2403/521/1 2402/520/1
f 2402/520/1 2545/4614/1 2544/1269/1
f 2633/4615/3 2632/4616/3 2525/4617/3
f 2525/4617/3 2524/4618/3 2424/4619/3
f 2525/4617/3 2424/4619/3 2365/4620/3
f 2725/4621/3 2724/1975/3 2633/4615/3
f 2633/4615/3 2525/4617/3 2365/4620/3
f 2346/4622/3 2319/4623/3 2322/4624/3
f 2633/4615/3 2365/4620/3 2346/4622/3
f 2346/4622/3 2322/4624/3 2324/1300/3
f 2445/4625/3 2448/4626/3 2559/4627/3
f 2346/4622/3 2324/1300/3 2445/4625/3
f 2774/10/3 2772/1976/3 2760/4628/3
f 2870/4109/3 2869/4108/3 2775/3779/3
f 2775/3779/3 2774/10/3 2760/4628/3
f 2870/4109/3 2775/3779/3 2760/4628/3
f 2900/4115/3 2899/4110/3 2870/4109/3
f 2685/4118/3 2803/4117/3 2801/4116/3
f 2801/4116/3 2900/4115/3 2870/4109/3
f 2870/4109/3 2760/4628/3 2725/4621/3
f 2633/4615/3 2346/4622/3 2445/4625/3
f 2445/4625/3 2559/4627/3 2606/4629/3
f 2606/4629/3 2609/1294/3 2629/4630/3
f 2606/4629/3 2629/4630/3 2653/2046/3
f 2633/4615/3 2445/4625/3 2606/4629/3
f 2801/4116/3 2870/4109/3 2725/4621/3
f 2725/4621/3 2633/4615/3 2606/4629/3
f 2606/4629/3 2653/2046/3 2699/4631/3
f 2699/4631/3 2702/1839/3 2740/4632/3
f 2725/4621/3 2606/4629/3 2699/4631/3
f 2564/4119/3 2687/542/3 2685/4118/3
f 2428/4125/3 2566/4120/3 2564/4119/3
f 2405/4633/3 2430/4126/3 2428/4125/3
f 2347/4634/3 2405/4633/3 2428/4125/3
f 2428/4125/3 2564/4119/3 2685/4118/3
f 2801/4116/3 2725/4621/3 2699/4631/3
f 2801/4116/11 2699/4631/11 2740/4632/11
f 2428/4125/3 2685/4118/3 2801/4116/3
f 2293/4635/3 2347/4634/3 2428/4125/3
f 2247/4636/3 2293/4635/3 2428/4125/3
f 2801/4116/3 2740/4632/3 2743/4637/3
f 2642/1838/3 2646/4638/3 2644/1270/3
f 2743/4637/3 2642/1838/3 2644/1270/3
f 2801/4116/3 2743/4637/3 2644/1270/3
f 2247/4636/3 2428/4125/3 2801/4116/3
f 2190/2495/3 2184/4329/3 2200/1272/3
f 2200/1272/3 2247/4636/3 2801/4116/3
f 2200/1272/3 2801/4116/3 2644/1270/3
f 2276/4639/3 2190/2495/3 2200/1272/3
f 2292/4640/3 2276/4639/3 2200/1272/3
f 2508/4641/3 2512/4642/3 2510/1271/3
f 2341/2654/3 2345/4643/3 2343/4644/3
f 2611/4645/3 2508/4641/3 2510/1271/3
f 2510/1271/3 2341/2654/3 2343/4644/3
f 2343/4644/3 2292/4640/3 2200/1272/3
f 2644/1270/3 2611/4645/3 2510/1271/3
f 2510/1271/3 2343/4644/3 2200/1272/3
f 2756/1275/2 2757/4646/2 2755/4647/2
f 2756/1275/2 2755/4647/2 2752/4648/2
f 2672/1274/2 2721/4649/2 2756/1275/2
f 2720/1273/2 2652/4650/2 2672/1274/2
f 2756/1275/2 2752/4648/2 2720/1273/2
f 1243/1276/5 1244/1364/5 1240/1277/5
f 1253/1278/5 1254/4651/5 1248/1279/5
f 3472/1281/2 3432/1500/2 3431/4/2
f 3431/4/2 3526/4652/2 3518/1282/2
f 1236/1283/6 1268/4653/6 1243/1284/6
f 1235/211/4 1243/560/4 1267/114/4
f 1268/1286/1 1271/1477/1 1244/488/1
f 2844/1290/2 2933/1021/2 2931/1837/2
f 2844/1290/2 2931/1837/2 2862/4654/2
f 2823/1289/2 2843/4655/2 2844/1290/2
f 2844/1290/2 2862/4654/2 2839/1288/2
f 1287/1291/4 1271/4656/4 1268/1292/4
f 2608/1294/3 2607/4629/3 2447/4626/3
f 2422/1302/3 2423/1301/3 2421/4657/3
f 2608/1294/3 2447/4626/3 2422/1302/3
f 2620/4658/3 2619/1841/3 2608/1294/3
f 2574/1296/3 2577/1298/3 2610/1297/3
f 2610/1297/3 2620/4658/3 2608/1294/3
f 2422/1302/3 2421/4657/3 2544/1966/3
f 2560/1295/3 2562/1965/3 2558/4659/3
f 2422/1302/3 2544/1966/3 2560/1295/3
f 2574/1296/3 2610/1297/3 2608/1294/3
f 2560/1295/3 2558/4659/3 2574/1296/3
f 2608/1294/3 2422/1302/3 2560/1295/3
f 2507/4641/3 2643/1270/3 2645/4638/3
f 2507/4641/3 2645/4638/3 2621/4660/3
f 2511/4642/3 2507/4641/3 2621/4660/3
f 2511/4642/3 2621/4660/3 2620/4658/3
f 2472/4661/3 2473/2655/3 2478/1299/3
f 2478/1299/3 2511/4642/3 2620/4658/3
f 2478/1299/3 2620/4658/3 2610/1297/3
f 2577/1298/3 2472/4661/3 2478/1299/3
f 2301/4662/3 2238/1304/3 2241/4663/3
f 2301/4662/3 2241/4663/3 2400/1825/3
f 2321/4624/3 2301/4662/3 2400/1825/3
f 2321/4624/3 2400/1825/3 2423/1301/3
f 2447/4626/3 2446/4625/3 2323/1300/3
f 2323/1300/3 2321/4624/3 2423/1301/3
f 2422/1302/3 2447/4626/3 2323/1300/3
f 2243/1305/3 1887/4664/3 1934/4665/3
f 2243/1305/3 1934/4665/3 1995/4666/3
f 2321/4624/3 2320/4623/3 2243/1305/3
f 2301/4662/3 2321/4624/3 2243/1305/3
f 2243/1305/3 1995/4666/3 2196/4667/3
f 2196/4667/3 2199/4668/3 2218/4669/3
f 2196/4667/3 2218/4669/3 2221/1303/3
f 2238/1304/3 2301/4662/3 2243/1305/3
f 2243/1305/3 2196/4667/3 2221/1303/3
f 1254/1306/1 1253/4670/1 1424/1307/1
f 1289/1309/6 1271/4653/6 1287/1283/6
f 1287/1283/6 1481/4586/6 1487/1387/6
f 1287/1283/6 1487/1387/6 1485/1358/6
f 1353/1329/6 1290/2284/6 1289/1309/6
f 1287/1283/6 1485/1358/6 1457/4671/6
f 1371/1310/6 1353/1329/6 1289/1309/6
f 1287/1283/6 1457/4671/6 1371/1310/6
f 1179/1311/6 1175/817/6 1173/819/6
f 1207/4564/6 1219/1241/6 1240/1285/6
f 1179/1311/6 1173/819/6 1207/4564/6
f 1759/1494/6 1177/2061/6 1179/1311/6
f 1701/4672/6 1756/4673/6 1759/1494/6
f 1489/4674/6 1701/4672/6 1759/1494/6
f 1179/1311/6 1207/4564/6 1240/1285/6
f 1179/1311/6 1240/1285/6 1244/1284/6
f 1460/4675/6 1489/4674/6 1759/1494/6
f 1273/1313/6 1460/4675/6 1759/1494/6
f 1179/1311/6 1244/1284/6 1246/1312/6
f 1273/1313/6 1759/1494/6 1179/1311/6
f 1329/1314/1 1331/4676/1 1325/1315/1
f 1325/1315/1 1346/1321/1 1336/688/1
f 391/1318/1 377/4677/1 340/1316/1
f 340/1316/1 329/3868/1 373/1317/1
f 1327/4678/1 1301/1924/1 1323/4679/1
f 1323/4679/1 1344/2450/1 1318/4680/1
f 1323/4679/1 1318/4680/1 1360/1319/1
f 1327/4678/1 1323/4679/1 1360/1319/1
f 1362/4681/1 1415/2195/1 1416/1320/1
f 1325/1315/1 1327/4678/1 1360/1319/1
f 1360/1319/1 1362/4681/1 1416/1320/1
f 1416/1320/1 1418/4249/1 1346/1321/1
f 1346/1321/1 1325/1315/1 1360/1319/1
f 121/1322/4 130/253/4 165/305/4
f 1491/115/1 1462/4682/1 1392/1323/1
f 1392/1323/1 1371/4683/1 1457/1324/1
f 1457/1324/1 1485/3851/1 1491/115/1
f 1503/1463/1 1501/4684/1 1372/4685/1
f 1372/4685/6 1308/4686/6 832/1325/6
f 827/4687/1 802/4473/1 801/1025/1
f 1503/1463/1 1372/4685/1 832/1325/1
f 832/1325/1 827/4687/1 801/1025/1
f 832/1325/1 801/1025/1 1311/1326/1
f 1374/1327/1 1503/1463/1 832/1325/1
f 1392/1310/6 1462/4671/6 1464/1328/6
f 1392/1201/4 1395/4688/4 1353/1330/4
f 1413/1333/2 1410/4689/2 1409/1331/2
f 1406/1332/2 1382/4690/2 1413/1333/2
f 1426/1340/5 1429/4691/5 1423/1341/5
f 3579/1345/6 3539/4692/6 10/4693/6
f 44/1343/6 45/4694/6 67/2589/6
f 3579/1345/6 10/4693/6 44/1343/6
f 349/505/6 350/4093/6 3579/1345/6
f 44/1343/6 67/2589/6 68/1344/6
f 68/1344/6 349/505/6 3579/1345/6
f 1406/1332/2 1409/1331/2 1437/491/2
f 2324/1347/1 2322/4450/1 2321/1348/1
f 2321/1348/6 2323/4695/6 2446/1349/6
f 2446/1349/1 2445/1008/1 2324/1347/1
f 3163/421/1 3266/4696/1 3265/1350/1
f 3219/1352/1 3272/3919/1 3271/227/1
f 3271/227/1 3195/3916/1 3122/1101/1
f 3122/1101/1 3121/4509/1 3220/1353/1
f 3219/1352/1 3271/227/1 3122/1101/1
f 1395/1355/2 1464/4301/2 1458/1356/2
f 626/560/4 653/114/4 620/112/4
f 622/211/4 624/211/4 626/560/4
f 1497/1359/6 1495/4674/6 1492/4675/6
f 1464/1328/6 1462/4671/6 1491/1358/6
f 1497/1359/6 1492/4675/6 1464/1328/6
f 1498/1360/5 1497/4697/5 1491/1361/5
f 1464/1363/4 1492/4296/4 1460/776/4
f 1504/1365/5 1507/4698/5 1501/1366/5
f 3522/1368/6 3523/4699/6 3477/4700/6
f 3471/1369/6 3430/4701/6 3424/1370/6
f 3522/1368/6 3477/4700/6 3471/1369/6
f 3424/1370/6 3521/4702/6 3522/1368/6
f 116/1371/4 90/209/4 93/144/4
f 93/144/4 98/1322/4 123/600/4
f 789/1372/6 790/148/6 775/373/6
f 95/143/4 99/191/4 103/1374/4
f 1520/1375/2 1536/1394/2 1535/1376/2
f 2572/1378/2 2571/1449/2 2541/1379/2
f 497/121/2 473/4703/2 475/1381/2
f 485/1382/2 499/3859/2 497/121/2
f 3585/4704/2 3584/4705/2 3586/4706/2
f 3586/4706/2 3560/4707/2 477/4708/2
f 3586/4706/2 477/4708/2 487/4709/2
f 27/4710/2 3585/4704/2 3586/4706/2
f 257/588/2 27/4710/2 3586/4706/2
f 3586/4706/2 487/4709/2 519/2520/2
f 502/2321/2 828/2007/2 845/4711/2
f 3586/4706/2 519/2520/2 502/2321/2
f 257/588/2 3586/4706/2 502/2321/2
f 257/588/2 502/2321/2 845/4711/2
f 194/4147/2 217/586/2 253/4149/2
f 257/588/2 845/4711/2 1568/4712/2
f 1568/4712/2 1597/3987/2 1595/352/2
f 605/1163/2 600/4713/2 567/4714/2
f 1568/4712/2 1595/352/2 605/1163/2
f 164/248/2 195/256/2 194/4147/2
f 122/3991/2 165/199/2 164/248/2
f 159/3988/2 158/360/2 122/3991/2
f 189/312/2 188/314/2 159/3988/2
f 215/4011/2 214/3960/2 189/312/2
f 290/1383/2 289/401/2 215/4011/2
f 215/4011/2 189/312/2 159/3988/2
f 159/3988/2 122/3991/2 164/248/2
f 164/248/2 194/4147/2 253/4149/2
f 257/588/2 1568/4712/2 605/1163/2
f 605/1163/2 567/4714/2 537/123/2
f 605/1163/2 537/123/2 501/122/2
f 215/4011/2 159/3988/2 164/248/2
f 290/1383/2 215/4011/2 164/248/2
f 290/1383/2 164/248/2 253/4149/2
f 290/1383/2 253/4149/2 257/588/2
f 605/1163/2 501/122/2 499/3859/2
f 605/1163/2 499/3859/2 485/1382/2
f 290/1383/6 257/588/6 605/1163/6
f 605/1163/2 485/1382/2 475/1381/2
f 889/1384/1 888/4503/1 869/1088/1
f 887/1385/1 908/1128/1 909/1127/1
f 889/1384/1 869/1088/1 887/1385/1
f 1564/1388/6 1566/4715/6 1556/1386/6
f 1487/1387/6 1481/4586/6 1564/1388/6
f 2700/1139/1 2699/1141/1 2653/4716/1
f 2629/1389/1 2609/1010/1 2608/1009/1
f 2700/1139/1 2653/4716/1 2629/1389/1
f 2654/4717/1 2700/1139/1 2629/1389/1
f 2629/1389/1 2608/1009/1 2619/1390/1
f 2638/1391/1 2654/4717/1 2629/1389/1
f 204/1392/1 242/4718/1 246/1393/1
f 1614/4488/2 1573/4486/2 1538/4484/2
f 1614/4488/2 1538/4484/2 1540/4483/2
f 1579/4487/2 1614/4488/2 1540/4483/2
f 1582/1055/2 1579/4487/2 1540/4483/2
f 1622/1432/2 1620/4719/2 1586/4720/2
f 1586/4720/2 1582/1055/2 1540/4483/2
f 1586/4720/2 1540/4483/2 1536/1394/2
f 1640/1433/2 1622/1432/2 1586/4720/2
f 1555/4721/2 1627/4722/2 1624/4723/2
f 1624/4723/2 1640/1433/2 1586/4720/2
f 1532/4482/1 1638/1054/1 1691/4485/1
f 1532/4482/2 1691/4485/2 1687/4724/2
f 1532/4482/1 1687/4724/1 1726/4725/1
f 1726/4725/2 1731/1407/2 1777/580/2
f 1777/580/2 1774/4138/2 1437/491/2
f 1726/4725/2 1777/580/2 1437/491/2
f 1532/4482/2 1726/4725/2 1437/491/2
f 1535/1376/2 1532/4482/2 1437/491/2
f 1517/1377/2 1535/1376/2 1437/491/2
f 1517/1377/2 1437/491/2 1409/1331/2
f 1520/1375/2 1517/1377/2 1409/1331/2
f 1410/4689/2 1413/1333/2 1385/1395/2
f 1520/1375/2 1409/1331/2 1410/4689/2
f 1624/4723/12 1586/4720/12 1536/1394/12
f 1560/4726/2 1555/4721/2 1624/4723/2
f 1549/1337/2 1560/4726/2 1624/4723/2
f 1520/1375/2 1410/4689/2 1385/1395/2
f 1385/1395/2 1387/1339/2 1546/1338/2
f 1546/1338/2 1549/1337/2 1624/4723/2
f 1536/1394/2 1520/1375/2 1385/1395/2
f 1546/1338/2 1624/4723/2 1536/1394/2
f 1607/1396/5 1608/4727/5 1602/1397/5
f 180/1401/3 150/1792/3 151/1399/3
f 151/1399/3 152/1791/3 181/1400/3
f 1628/1402/4 1593/4728/4 1591/756/4
f 1595/1403/5 1597/4729/5 1601/1404/5
f 28/57/3 20/4218/3 64/888/3
f 3588/1410/3 3587/4730/3 3589/4731/3
f 18/1408/3 390/4016/3 389/1409/3
f 3588/1410/3 3589/4731/3 18/1408/3
f 389/1409/3 3553/4732/3 3588/1410/3
f 2348/3817/2 2326/1765/2 2303/1766/2
f 2303/1766/2 2306/3818/2 2307/1411/2
f 2307/1411/2 2308/3819/2 2350/1787/2
f 2307/1411/2 2350/1787/2 2359/1789/2
f 2348/3817/2 2303/1766/2 2307/1411/2
f 2405/1413/2 2347/2227/2 2348/3817/2
f 2383/1855/2 2406/1851/2 2405/1413/2
f 2307/1411/2 2359/1789/2 2349/1412/2
f 2349/1412/2 2383/1855/2 2405/1413/2
f 2405/1413/2 2348/3817/2 2307/1411/2
f 2248/970/1 2224/4453/1 2223/1414/1
f 2223/1414/1 2245/4452/1 2266/969/1
f 2263/4733/1 2264/4734/1 2213/1415/1
f 2213/1415/1 2212/4735/1 2194/1416/1
f 2214/1417/1 2263/4733/1 2213/1415/1
f 2148/1418/3 1601/2150/3 1597/1174/3
f 2148/1418/3 1597/1174/3 1634/1456/3
f 2273/2257/3 2145/4198/3 2148/1418/3
f 2216/1700/3 2274/4736/3 2273/2257/3
f 2189/1423/3 2216/1700/3 2273/2257/3
f 2148/1418/3 1634/1456/3 1720/1419/3
f 2181/1421/3 2189/1423/3 2273/2257/3
f 1762/1420/3 2188/1422/3 2181/1421/3
f 1728/4737/3 1767/4738/3 1762/1420/3
f 2181/1421/3 2273/2257/3 2148/1418/3
f 1720/1419/3 1728/4737/3 1762/1420/3
f 1762/1420/3 2181/1421/3 2148/1418/3
f 1631/1424/5 1633/4739/5 1637/1425/5
f 307/810/1 436/4177/1 437/1427/1
f 1602/184/3 1608/4740/3 1680/1429/3
f 1643/1431/2 1662/1867/2 1622/1432/2
f 1724/1434/2 1769/4138/2 1767/1435/2
f 1648/1436/4 1676/4741/4 1646/1437/4
f 3640/1451/2 3639/1446/2 2666/1439/2
f 2666/1439/2 2628/4742/2 2614/2535/2
f 3638/1447/2 3640/1451/2 2666/1439/2
f 2663/1452/2 3638/1447/2 2666/1439/2
f 2660/2074/2 2661/1445/2 2662/4743/2
f 2762/4744/2 2782/2408/2 2660/2074/2
f 2747/4176/2 2732/632/2 2748/2110/2
f 2649/2112/2 2690/634/2 2689/633/2
f 2747/4176/2 2748/2110/2 2762/4744/2
f 2615/1441/2 2649/2112/2 2689/633/2
f 2689/633/2 2747/4176/2 2762/4744/2
f 2593/4745/2 2612/4746/2 2578/4747/2
f 2578/4747/2 2625/2073/2 2624/4748/2
f 2439/1442/2 2449/1444/2 2462/514/2
f 2476/4102/2 2482/1899/2 2491/4749/2
f 2439/1442/2 2462/514/2 2476/4102/2
f 2578/4747/2 2624/4748/2 2438/4750/2
f 2579/2534/2 2593/4745/2 2578/4747/2
f 2438/4750/2 2439/1442/2 2476/4102/2
f 2438/4750/2 2476/4102/2 2491/4749/2
f 2689/633/2 2762/4744/2 2660/2074/2
f 2572/1378/2 2573/1380/2 2587/1440/2
f 2571/1449/2 2572/1378/2 2587/1440/2
f 2689/633/2 2660/2074/2 2662/4743/2
f 2689/633/2 2662/4743/2 2663/1452/2
f 2570/4751/2 2571/1449/2 2587/1440/2
f 2529/1930/2 2530/1448/2 2570/4751/2
f 2438/4750/2 2491/4749/2 2515/1931/2
f 2529/1930/2 2570/4751/2 2587/1440/2
f 2438/4750/2 2515/1931/2 2529/1930/2
f 2689/633/2 2663/1452/2 2666/1439/2
f 2578/4747/2 2438/4750/2 2529/1930/2
f 2579/2534/2 2578/4747/2 2529/1930/2
f 2579/2534/2 2529/1930/2 2587/1440/2
f 2614/2535/2 2579/2534/2 2587/1440/2
f 2615/1441/2 2689/633/2 2666/1439/2
f 2666/1439/2 2614/2535/2 2587/1440/2
f 2439/1442/2 2438/4750/2 2433/1443/2
f 2433/1443/2 2440/515/2 2449/1444/2
f 3642/1447/2 2663/1452/2 2662/4743/2
f 2661/1445/2 2647/4752/2 2648/1450/2
f 3642/1447/2 2662/4743/2 2661/1445/2
f 2665/1446/2 3641/1451/2 3642/1447/2
f 2661/1445/2 2648/1450/2 2665/1446/2
f 2571/1449/2 2570/4751/2 2530/1448/2
f 2530/1448/2 2534/1685/2 2541/1379/2
f 2666/1439/6 3639/1446/6 3635/1446/6
f 2648/1450/6 3635/1446/6 3639/1446/6
f 3639/1446/1 2666/1439/1 3634/1453/1
f 1633/1454/3 1684/1988/3 1683/1455/3
f 1710/1461/1 1667/370/1 1552/1459/1
f 1558/1460/1 1585/1462/1 1710/1461/1
f 1558/1460/1 1552/1459/1 1550/35/1
f 1550/35/1 1542/34/1 1585/1462/1
f 1513/4753/1 1507/4684/1 1504/1463/1
f 1504/1463/6 1508/4754/6 1989/1464/6
f 1989/1464/1 1987/4755/1 1651/1465/1
f 1651/1465/1 1513/4753/1 1504/1463/1
f 1707/1467/3 1656/3901/3 1659/1430/3
f 1659/1430/3 1680/1429/3 1708/1466/3
f 1715/1468/6 1717/4756/6 1697/1469/6
f 1628/1471/6 1928/1514/6 1885/1472/6
f 1723/896/4 1724/4757/4 1728/1474/4
f 719/1475/5 717/767/5 718/766/5
f 1564/117/1 1481/116/1 1287/1477/1
f 1287/1477/1 1236/1286/1 1483/4758/1
f 1562/1478/1 1924/4759/1 1927/1479/1
f 1287/1477/1 1483/4758/1 1562/1478/1
f 1927/1479/1 1564/117/1 1287/1477/1
f 474/4703/2 601/4713/2 597/4290/2
f 565/751/2 561/1573/2 426/4160/2
f 474/4703/2 597/4290/2 565/751/2
f 308/1383/2 476/1381/2 474/4703/2
f 422/1483/2 305/4159/2 308/1383/2
f 565/751/2 426/4160/2 422/1483/2
f 308/1383/2 474/4703/2 565/751/2
f 1767/1134/5 1769/1585/5 1765/1484/5
f 903/1488/1 907/4760/1 838/308/1
f 838/308/1 837/307/1 852/1486/1
f 852/1486/1 884/2546/1 885/1487/1
f 885/1487/1 899/2545/1 903/1488/1
f 903/1488/1 838/308/1 852/1486/1
f 180/1489/1 182/311/1 156/1490/1
f 1787/1492/4 1751/4761/4 1745/88/4
f 1760/1495/6 1793/4552/6 1791/1493/6
f 1759/1494/6 1756/4673/6 1760/1495/6
f 1759/1496/4 1791/4762/4 1755/1497/4
f 3395/1499/2 3393/2608/2 3411/5/2
f 3411/5/2 3433/4/2 3425/1500/2
f 587/1503/2 641/1547/2 638/1501/2
f 638/1501/2 581/4763/2 582/1502/2
f 2677/1504/6 2674/4764/6 2683/1505/6
f 1815/303/5 1820/4765/5 1819/1507/5
f 300/1510/5 299/4766/5 293/1508/5
f 293/1508/5 294/4767/5 295/1509/5
f 748/1513/2 671/1861/2 646/1511/2
f 646/1511/2 651/2492/2 674/4768/2
f 673/1512/2 749/4769/2 748/1513/2
f 646/1511/2 674/4768/2 673/1512/2
f 1985/1515/6 1495/4674/6 1497/1359/6
f 1985/1515/6 1497/1359/6 1593/1473/6
f 1928/1514/6 2121/1655/6 1985/1515/6
f 1985/1515/6 1593/1473/6 1885/1472/6
f 675/114/1 680/560/1 654/114/1
f 654/114/1 658/560/1 553/114/1
f 553/114/1 551/112/1 579/211/1
f 553/114/1 579/211/1 584/560/1
f 675/114/1 654/114/1 553/114/1
f 690/114/1 695/560/1 675/114/1
f 771/560/1 728/114/1 724/112/1
f 690/114/1 675/114/1 553/114/1
f 553/114/1 584/560/1 621/211/1
f 621/211/1 645/112/1 646/211/1
f 621/211/1 646/211/1 651/560/1
f 750/560/1 770/211/1 771/560/1
f 673/112/1 749/211/1 750/560/1
f 750/560/1 771/560/1 724/112/1
f 673/112/1 750/560/1 724/112/1
f 673/112/1 724/112/1 690/114/1
f 553/114/1 621/211/1 651/560/1
f 674/211/1 673/112/1 690/114/1
f 553/114/1 651/560/1 674/211/1
f 1819/1516/2 1858/1753/2 1852/1517/2
f 1983/1519/1 1973/1479/1 1909/4759/1
f 1983/1519/1 1909/4759/1 1957/1571/1
f 2298/4770/1 2309/4771/1 1983/1519/1
f 2258/4772/1 2298/4770/1 1983/1519/1
f 1983/1519/1 1957/1571/1 1954/4773/1
f 1983/1519/1 1954/4773/1 2057/4774/1
f 2229/4775/1 2258/4772/1 1983/1519/1
f 2138/612/1 2206/4776/1 2228/1520/1
f 2228/1520/1 2229/4775/1 1983/1519/1
f 1983/1519/1 2057/4774/1 2138/612/1
f 326/1521/2 355/4777/2 354/1522/2
f 1902/1524/1 1897/1527/1 1899/1525/1
f 1870/4778/1 1787/4241/1 1747/4000/1
f 1870/4778/1 1747/4000/1 1740/3999/1
f 2125/1045/1 2083/4779/1 2078/1536/1
f 2043/1631/1 2098/4477/1 2103/1046/1
f 2103/1046/1 2125/1045/1 2078/1536/1
f 2103/1046/1 2078/1536/1 2070/1535/1
f 2045/1627/1 2043/1631/1 2103/1046/1
f 1893/1533/1 1917/1532/1 2045/1627/1
f 1813/3995/1 1840/366/1 1836/4780/1
f 1836/4780/1 1893/1533/1 2045/1627/1
f 2045/1627/1 2103/1046/1 2070/1535/1
f 2045/1627/1 2070/1535/1 2028/619/1
f 1870/4778/1 1740/3999/1 1869/3997/1
f 2045/1627/1 2028/619/1 1864/4163/1
f 1870/4778/1 1869/3997/1 1900/1526/1
f 1836/4780/1 2045/1627/1 1864/4163/1
f 1870/4778/1 1900/1526/1 1899/1525/1
f 1813/3995/1 1836/4780/1 1864/4163/1
f 1867/3998/1 1813/3995/1 1864/4163/1
f 1948/1571/1 1870/4778/1 1899/1525/1
f 1948/1571/1 1899/1525/1 1897/1527/1
f 1867/3998/1 1864/4163/1 1947/618/1
f 1902/1524/1 1867/3998/1 1947/618/1
f 1947/618/1 1948/1571/1 1897/1527/1
f 1734/1628/1 1732/4781/1 1779/4782/1
f 1734/1628/1 1779/4782/1 1805/4783/1
f 1807/1530/1 1783/365/1 1734/1628/1
f 1893/1533/1 1836/4780/1 1840/366/1
f 1807/1530/1 1734/1628/1 1805/4783/1
f 1893/1533/1 1840/366/1 1807/1530/1
f 1839/1529/1 1893/1533/1 1807/1530/1
f 1807/1530/1 1805/4783/1 1835/1528/1
f 1839/1529/1 1835/1528/1 1833/1531/1
f 1833/1531/1 1914/1626/1 1917/1532/1
f 1893/1533/1 1839/1529/1 1833/1531/1
f 2026/1534/1 2028/619/1 2070/1535/1
f 472/1538/6 471/4784/6 598/211/6
f 598/211/6 599/560/6 566/114/6
f 1858/1276/4 1880/1037/4 1855/1539/4
f 1888/1541/1 1887/595/1 1795/1542/1
f 151/1545/5 150/4785/5 147/135/5
f 147/135/5 148/4786/5 152/1544/5
f 587/1503/2 588/4787/2 648/1546/2
f 863/1096/2 853/1558/2 854/4788/2
f 863/1096/2 854/4788/2 865/4515/2
f 864/1094/2 863/1096/2 865/4515/2
f 905/1116/2 902/4544/2 901/4789/2
f 864/1094/2 865/4515/2 905/1116/2
f 905/1116/2 901/4789/2 898/1548/2
f 1262/2726/2 1282/4420/2 1285/4418/2
f 1303/1869/2 1358/4790/2 1357/4791/2
f 1262/2726/2 1285/4418/2 1303/1869/2
f 1294/4044/2 1259/1553/2 1260/1555/2
f 1260/1555/2 1262/2726/2 1303/1869/2
f 1260/1555/2 1303/1869/2 1357/4791/2
f 1118/425/2 1184/427/2 1294/4044/2
f 1294/4044/2 1260/1555/2 1357/4791/2
f 1382/4690/2 1406/1332/2 1403/1346/2
f 1294/4044/2 1357/4791/2 1382/4690/2
f 1114/1222/2 1118/425/2 1294/4044/2
f 1294/4044/2 1382/4690/2 1403/1346/2
f 1403/1346/2 953/4792/2 937/1136/2
f 1403/1346/2 937/1136/2 971/1557/2
f 1114/1222/2 1294/4044/2 1403/1346/2
f 1116/1223/2 1114/1222/2 1403/1346/2
f 1403/1346/2 971/1557/2 997/4546/2
f 1403/1346/2 997/4546/2 990/4545/2
f 1123/1550/2 1116/1223/2 1403/1346/2
f 1067/1552/2 1125/1549/2 1088/1551/2
f 1088/1551/2 1123/1550/2 1403/1346/2
f 1403/1346/2 990/4545/2 1035/1193/2
f 1035/1193/2 1043/1189/2 1045/429/2
f 1035/1193/2 1045/429/2 1069/428/2
f 1088/1551/2 1403/1346/2 1035/1193/2
f 1035/1193/2 1069/428/2 1067/1552/2
f 1259/1553/2 1229/4045/2 1230/1554/2
f 1230/1554/2 1262/2726/2 1260/1555/2
f 971/1557/2 937/1136/2 938/4521/2
f 938/4521/2 941/1135/2 896/1556/2
f 896/1556/2 897/4793/2 898/1548/2
f 901/4789/2 902/4544/2 945/1194/2
f 896/1556/2 898/1548/2 901/4789/2
f 971/1557/13 938/4521/13 896/1556/13
f 945/1194/2 997/4546/2 971/1557/2
f 896/1556/2 901/4789/2 945/1194/2
f 1989/1561/3 1508/947/3 1510/1562/3
f 1526/1559/3 1429/1563/3 1598/2150/3
f 1989/1561/3 1510/1562/3 1526/1559/3
f 1718/4197/3 1990/666/3 1989/1561/3
f 1598/2150/3 1652/664/3 1678/1560/3
f 1678/1560/3 1718/4197/3 1989/1561/3
f 1526/1559/3 1598/2150/3 1678/1560/3
f 1510/1562/3 1423/946/3 1429/1563/3
f 1891/1564/5 1934/1727/5 1887/1565/5
f 2929/4794/1 2915/2230/1 2985/1567/1
f 2985/1567/1 2996/1098/1 2995/2391/1
f 2995/2391/1 2973/4795/1 2949/1570/1
f 2995/2391/1 2949/1570/1 2948/1568/1
f 2950/1569/1 2929/4794/1 2985/1567/1
f 2985/1567/1 2995/2391/1 2948/1568/1
f 1952/617/1 1951/4773/1 1948/1571/1
f 551/1502/2 550/4763/2 549/4796/2
f 533/1572/2 534/2511/2 553/1573/2
f 551/1502/2 549/4796/2 533/1572/2
f 711/4797/6 712/4798/6 680/283/6
f 679/1574/6 678/4799/6 697/4800/6
f 698/1575/6 711/4797/6 680/283/6
f 679/1574/6 697/4800/6 698/1575/6
f 1973/1576/4 1927/4801/4 1924/1577/4
f 730/770/4 714/4802/4 716/734/4
f 716/734/4 712/4294/4 711/1579/4
f 1990/1580/5 1993/1644/5 1987/1581/5
f 2002/1583/5 2005/1688/5 2009/1584/5
f 699/1586/4 700/2266/4 715/1587/4
f 632/1589/2 633/4274/2 689/1590/2
f 2016/1592/6 2018/1602/6 2021/1593/6
f 1973/1595/6 1983/4803/6 1975/1596/6
f 552/692/1 532/2512/1 531/1598/1
f 531/1598/1 546/4804/1 548/1599/1
f 547/1600/1 552/692/1 531/1598/1
f 2046/1601/6 2049/1609/6 2051/1602/6
f 2025/1603/4 2051/1611/4 2018/827/4
f 3590/4805/6 3578/1345/6 6/4806/6
f 7/1607/6 3528/4807/6 3590/4805/6
f 809/4808/6 823/4500/6 825/1075/6
f 805/4809/6 809/4808/6 825/1075/6
f 7/1607/6 3590/4805/6 6/4806/6
f 805/4809/6 825/1075/6 7/1607/6
f 766/4810/6 784/4811/6 785/4812/6
f 785/4812/6 805/4809/6 7/1607/6
f 7/1607/6 6/4806/6 331/4093/6
f 7/1607/6 331/4093/6 368/4813/6
f 765/4814/6 766/4810/6 785/4812/6
f 707/4815/6 742/4816/6 743/4817/6
f 765/4814/6 785/4812/6 7/1607/6
f 706/4818/6 707/4815/6 743/4817/6
f 743/4817/9 765/4814/9 7/1607/9
f 7/1607/6 368/4813/6 365/4819/6
f 7/1607/6 365/4819/6 433/622/6
f 706/4818/6 743/4817/6 7/1607/6
f 632/4820/6 687/4821/6 688/4822/6
f 688/4822/6 706/4818/6 7/1607/6
f 7/1607/6 433/622/6 464/530/6
f 7/1607/6 464/530/6 494/4823/6
f 631/4824/6 632/4820/6 688/4822/6
f 631/4824/6 688/4822/6 7/1607/6
f 7/1607/6 494/4823/6 512/4025/6
f 7/1607/6 512/4025/6 524/4024/6
f 573/1606/6 631/4824/6 7/1607/6
f 7/1607/6 524/4024/6 526/1605/6
f 2072/1608/6 2074/1623/6 2077/1609/6
f 2052/1610/4 2077/1625/4 2049/1611/4
f 2022/4825/2 2016/4826/2 1940/4827/2
f 2022/4825/2 1940/4827/2 1961/2595/2
f 1962/1613/2 2022/4825/2 1961/2595/2
f 1968/1614/2 1966/1619/2 1964/1618/2
f 1962/1613/2 1961/2595/2 1968/1614/2
f 1968/1614/2 1964/1618/2 2054/1612/2
f 2052/4828/2 2046/1634/2 2025/4829/2
f 2025/4829/2 2022/4825/2 1962/1613/2
f 1962/1613/2 2054/1612/2 2086/1641/2
f 2086/1641/2 2117/999/2 2112/1615/2
f 2112/1615/2 2107/4830/2 2080/1616/2
f 2080/1616/2 2072/1635/2 2052/4828/2
f 2052/4828/2 2025/4829/2 1962/1613/2
f 1962/1613/2 2086/1641/2 2112/1615/2
f 2080/1616/2 2052/4828/2 1962/1613/2
f 1968/1614/2 1970/2596/2 1959/2598/2
f 1923/4831/2 1921/2597/2 1906/1617/2
f 1966/1619/2 1968/1614/2 1959/2598/2
f 1959/2598/2 1923/4831/2 1906/1617/2
f 1906/1617/2 2030/1642/2 1964/1618/2
f 1966/1619/2 1959/2598/2 1906/1617/2
f 2060/1620/4 2088/1785/4 2037/1496/4
f 2107/1622/6 2109/1638/6 2111/1623/6
f 2080/1624/4 2111/1640/4 2074/1625/4
f 1914/1626/1 1942/4832/1 2045/1627/1
f 1707/1260/1 1796/1543/1 1795/1542/1
f 1771/4833/1 1779/4782/1 1732/4781/1
f 1707/1260/1 1795/1542/1 1771/4833/1
f 1712/3788/1 1707/1260/1 1771/4833/1
f 1712/3788/1 1771/4833/1 1732/4781/1
f 1738/3994/1 1667/370/1 1710/1461/1
f 1710/1461/1 1712/3788/1 1732/4781/1
f 1710/1461/1 1732/4781/1 1734/1628/1
f 1783/365/1 1738/3994/1 1710/1461/1
f 2246/1630/1 2245/4452/1 2223/1414/1
f 2223/1414/1 2220/4834/1 2242/1629/1
f 2250/1756/1 3592/1520/1 2205/4776/1
f 2203/4835/1 2160/2220/1 2158/2219/1
f 2250/1756/1 2205/4776/1 2203/4835/1
f 2224/4453/1 2250/1756/1 2203/4835/1
f 2203/4835/1 2158/2219/1 2182/4836/1
f 2224/4453/1 2203/4835/1 2182/4836/1
f 2223/1414/1 2224/4453/1 2182/4836/1
f 2220/4834/1 2223/1414/1 2182/4836/1
f 2243/519/1 2242/1629/1 2220/4834/1
f 1795/1542/1 1887/595/1 2243/519/1
f 1779/4782/1 1771/4833/1 1795/1542/1
f 1835/1528/1 1805/4783/1 1779/4782/1
f 1942/4832/1 1914/1626/1 1833/1531/1
f 1833/1531/1 1835/1528/1 1779/4782/1
f 1779/4782/1 1795/1542/1 2243/519/1
f 2243/519/1 2220/4834/1 2182/4836/1
f 2243/519/1 2182/4836/1 2123/2216/1
f 1833/1531/1 1779/4782/1 2243/519/1
f 2043/1631/1 2045/1627/1 1942/4832/1
f 2243/519/1 2123/2216/1 2157/1044/1
f 2157/1044/1 2098/4477/1 2043/1631/1
f 2043/1631/1 1942/4832/1 1833/1531/1
f 2243/519/1 2157/1044/1 2043/1631/1
f 2521/4837/1 2520/4838/1 2502/987/1
f 2503/986/1 2636/4839/1 2637/2113/1
f 2521/4837/1 2502/987/1 2503/986/1
f 2555/4840/1 2521/4837/1 2503/986/1
f 2503/986/1 2637/2113/1 2603/1632/1
f 2583/1633/1 2555/4840/1 2503/986/1
f 2104/1636/2 2155/4841/2 2101/781/2
f 2101/781/2 2012/780/2 2021/4827/2
f 2018/4826/2 2051/4829/2 2049/1634/2
f 2101/781/2 2021/4827/2 2018/4826/2
f 2111/1616/2 2109/4830/2 2104/1636/2
f 2104/1636/2 2101/781/2 2018/4826/2
f 2049/1634/2 2077/4828/2 2074/1635/2
f 2104/1636/2 2018/4826/2 2049/1634/2
f 2074/1635/2 2111/1616/2 2104/1636/2
f 2129/1637/6 2130/2472/6 2132/1638/6
f 2112/1639/4 2132/1652/4 2109/1640/4
f 2086/1641/2 2054/1612/2 1964/1618/2
f 2147/1643/5 2148/1723/5 2145/1644/5
f 2152/4842/2 2318/4843/2 2317/1645/2
f 2317/1645/1 1999/4844/1 2006/4139/1
f 2006/4139/2 2009/4140/2 2000/1646/2
f 2000/1646/1 2066/4845/1 2153/1647/1
f 2153/1647/2 2152/4842/2 2317/1645/2
f 2317/1645/2 2006/4139/2 2000/1646/2
f 3549/1650/2 3616/4846/2 2/4847/2
f 3549/1650/2 2/4847/2 26/4710/2
f 49/1649/2 48/4148/2 3549/1650/2
f 3549/1650/2 26/4710/2 50/1648/2
f 2135/1651/4 2161/1680/4 2130/1652/4
f 2165/1653/6 2178/1663/6 2142/4848/6
f 2060/1654/6 1985/1515/6 2121/1655/6
f 2165/1653/6 2142/4848/6 2060/1654/6
f 2210/1656/6 1880/4849/6 1858/4555/6
f 2210/1656/6 1858/4555/6 2037/4554/6
f 2261/1658/6 2232/2062/6 2210/1656/6
f 2209/1657/6 2259/4850/6 2261/1658/6
f 2210/1656/6 2037/4554/6 2209/1657/6
f 2162/1659/1 2175/1693/1 2174/1660/1
f 2165/1653/6 2174/4851/6 2175/1662/6
f 2175/1662/6 2177/4852/6 2178/1663/6
f 2174/1664/4 2165/1734/4 2163/1665/4
f 2166/1581/5 2167/1770/5 2179/1667/5
f 610/882/6 639/211/6 640/560/6
f 2234/1724/1 2167/4600/1 2166/1670/1
f 2166/1670/1 2311/4853/1 2310/2123/1
f 2166/1670/1 2310/2123/1 2314/4854/1
f 2272/1672/1 2234/1724/1 2166/1670/1
f 2166/1670/1 2314/4854/1 2300/1671/1
f 2185/1673/2 2184/1698/2 2183/1674/2
f 1/1676/3 254/4855/3 256/1677/3
f 256/1677/3 3591/4856/3 3544/1678/3
f 2173/1679/4 2187/1819/4 2171/1680/4
f 2176/1681/5 2177/4857/5 2175/1682/5
f 552/114/6 555/112/6 623/211/6
f 2517/4858/2 2467/4859/2 2487/1684/2
f 2487/1684/2 2601/1441/2 2586/1440/2
f 2487/1684/2 2586/1440/2 2553/4860/2
f 2533/1685/2 2517/4858/2 2487/1684/2
f 2487/1684/2 2553/4860/2 2540/1379/2
f 583/211/2 640/560/2 636/114/2
f 2183/1686/5 2184/1844/5 2190/1687/5
f 459/1689/3 462/4861/3 500/1690/3
f 2192/1692/1 2193/1416/1 2177/1693/1
f 2198/1694/5 2199/4862/5 2196/1695/5
f 2189/1423/3 2188/1422/3 2235/1699/3
f 2211/254/4 2193/4863/4 2192/346/4
f 2354/1704/6 2362/4864/6 2369/1702/6
f 2369/1702/6 2371/1810/6 2363/1703/6
f 2764/4865/6 2795/4866/6 2796/4867/6
f 2764/4865/6 2796/4867/6 2733/4868/6
f 2692/4869/6 2764/4865/6 2733/4868/6
f 2649/4870/6 2615/4167/6 2601/4166/6
f 2692/4869/6 2733/4868/6 2649/4870/6
f 2682/4871/6 2692/4869/6 2649/4870/6
f 2601/4166/6 2487/629/6 2469/4175/6
f 2673/1506/6 2682/4871/6 2649/4870/6
f 2542/4872/6 2667/4873/6 2668/4874/6
f 2668/4874/6 2673/1506/6 2649/4870/6
f 2668/4874/6 2649/4870/6 2601/4166/6
f 2434/4188/6 2536/4875/6 2542/4872/6
f 2542/4872/6 2668/4874/6 2601/4166/6
f 2469/4175/6 2355/1802/6 2338/4876/6
f 2542/4872/6 2601/4166/6 2469/4175/6
f 2394/4877/6 2434/4188/6 2542/4872/6
f 2393/1708/6 2394/4877/6 2542/4872/6
f 2542/4872/6 2469/4175/6 2338/4876/6
f 2338/4876/6 2088/4554/6 2060/1654/6
f 2142/4848/6 2178/1663/6 2177/4852/6
f 2338/4876/6 2060/1654/6 2142/4848/6
f 2375/1709/6 2393/1708/6 2542/4872/6
f 2195/4427/6 2377/928/6 2375/1709/6
f 2375/1709/6 2542/4872/6 2338/4876/6
f 2142/4848/6 2177/4852/6 2193/4878/6
f 2193/4878/6 2211/4879/6 2354/1704/6
f 2193/4878/6 2354/1704/6 2363/1703/6
f 2375/1709/6 2338/4876/6 2142/4848/6
f 2195/4427/6 2375/1709/6 2142/4848/6
f 2193/4878/6 2363/1703/6 2371/1810/6
f 2374/4880/6 2419/1809/6 2582/4881/6
f 2193/4878/6 2371/1810/6 2374/4880/6
f 2194/4428/6 2195/4427/6 2142/4848/6
f 2262/931/6 2263/4882/6 2214/4429/6
f 2194/4428/6 2142/4848/6 2193/4878/6
f 2262/931/6 2214/4429/6 2194/4428/6
f 2262/931/6 2194/4428/6 2193/4878/6
f 2193/4878/6 2374/4880/6 2582/4881/6
f 2582/4881/6 2588/4883/6 2598/4884/6
f 2598/4884/6 2710/4186/6 2711/4182/6
f 2598/4884/6 2711/4182/6 2681/4885/6
f 2598/4884/6 2681/4885/6 2599/4181/6
f 2599/4181/6 2600/645/6 2496/4886/6
f 2599/4181/6 2496/4886/6 2486/930/6
f 2582/4881/6 2598/4884/6 2599/4181/6
f 2425/1705/6 2426/4430/6 2372/2034/6
f 2599/4181/6 2486/930/6 2425/1705/6
f 2425/1705/6 2372/2034/6 2376/4887/6
f 2582/4881/6 2599/4181/6 2425/1705/6
f 2425/1705/6 2376/4887/6 2364/4888/6
f 2193/4878/9 2582/4881/9 2425/1705/9
f 2262/931/6 2193/4878/6 2425/1705/6
f 2425/1705/6 2364/4888/6 2337/1706/6
f 2290/1707/6 2262/931/6 2425/1705/6
f 21/1710/1 28/54/1 63/980/1
f 2212/1712/4 2215/1823/4 2195/1620/4
f 2219/1714/1 2218/1725/1 2199/597/1
f 201/1717/1 204/1392/1 180/1489/1
f 178/1715/1 147/221/1 142/1716/1
f 201/1717/1 180/1489/1 178/1715/1
f 2210/1718/4 2232/1818/4 2208/1679/4
f 1873/1247/6 1870/1249/6 1948/4889/6
f 1873/1247/6 1948/4889/6 1951/4890/6
f 1909/1595/6 1873/1247/6 1951/4890/6
f 1909/1595/6 1951/4890/6 2136/4891/6
f 1957/4803/6 1909/1595/6 2136/4891/6
f 1957/4803/6 2136/4891/6 2172/4892/6
f 1954/4893/6 1957/4803/6 2172/4892/6
f 1954/4893/6 2172/4892/6 2205/4894/6
f 2057/4895/6 1954/4893/6 2205/4894/6
f 2057/4895/6 2205/4894/6 3592/4896/6
f 2138/4897/6 2057/4895/6 3592/4896/6
f 2227/1719/6 2297/4898/6 2298/4899/6
f 2138/4897/6 3592/4896/6 2227/1719/6
f 2206/4900/6 2138/4897/6 2227/1719/6
f 2227/1719/6 2298/4899/6 2258/1720/6
f 2229/1721/6 2206/4900/6 2227/1719/6
f 2235/1485/5 2236/1484/5 2217/1722/5
f 2239/1724/1 2238/519/1 2221/1725/1
f 2221/1726/4 2218/4901/4 2219/251/4
f 2240/1667/5 2241/1814/5 2238/1727/5
f 2222/211/2 2244/560/2 2238/114/2
f 2289/1729/6 2270/4902/6 2261/1658/6
f 2261/1658/6 2259/4850/6 2233/1728/6
f 3169/1732/2 3254/4903/2 3253/1730/2
f 3253/1730/2 3165/1784/2 3166/1731/2
f 2271/1733/4 2264/1712/4 2263/1713/4
f 2282/1735/1 2281/2106/1 2269/1736/1
f 2287/1738/2 2285/81/2 2268/3820/2
f 2256/1739/2 2257/1834/2 2286/1740/2
f 2287/1738/2 2268/3820/2 2256/1739/2
f 2292/78/2 2343/2227/2 2342/1741/2
f 2342/1741/2 2186/1674/2 2190/1698/2
f 2276/1742/2 2292/78/2 2342/1741/2
f 2293/78/2 2247/4232/2 2277/1743/2
f 711/1744/1 698/4568/1 694/1745/1
f 694/1745/1 727/4904/1 729/1746/1
f 3186/1750/2 3263/2607/2 3259/1751/2
f 1875/4143/2 1855/1517/2 1880/1753/2
f 1880/1753/2 2210/1835/2 2207/4905/2
f 1880/1753/2 2207/4905/2 2119/4906/2
f 1904/1617/2 1875/4143/2 1880/1753/2
f 1981/4907/2 1904/1617/2 1880/1753/2
f 1880/1753/2 2119/4906/2 2115/4908/2
f 1880/1753/2 2115/4908/2 2084/1641/2
f 2058/1754/2 1981/4907/2 1880/1753/2
f 2227/1755/1 3592/1520/1 2250/1756/1
f 2317/1585/5 2318/1584/5 2316/1757/5
f 2294/967/1 2325/4451/1 2327/1758/1
f 2357/895/1 2329/4909/1 2328/4910/1
f 2304/1760/1 2305/1759/1 2330/1762/1
f 2357/895/1 2328/4910/1 2304/1760/1
f 2304/1760/1 2330/1762/1 2331/893/1
f 2450/4911/1 2414/2100/1 2415/2134/1
f 2432/4912/1 2413/2133/1 2410/2131/1
f 2450/4911/1 2415/2134/1 2432/4912/1
f 2463/4913/1 2451/2101/1 2450/4911/1
f 2356/1763/1 2365/2265/1 2424/2104/1
f 2319/4450/1 2346/1347/1 2356/1763/1
f 2325/4451/1 2319/4450/1 2356/1763/1
f 2424/2104/1 2463/4913/1 2450/4911/1
f 2432/4912/1 2410/2131/1 2381/1761/1
f 2424/2104/1 2450/4911/1 2432/4912/1
f 2327/1758/1 2325/4451/1 2356/1763/1
f 2424/2104/1 2432/4912/1 2381/1761/1
f 2381/1761/1 2382/4401/1 2331/893/1
f 2330/1762/1 2305/1759/1 2327/1758/1
f 2381/1761/1 2331/893/1 2330/1762/1
f 2356/1763/1 2424/2104/1 2381/1761/1
f 2330/1762/1 2327/1758/1 2356/1763/1
f 2321/1727/5 2322/1887/5 2319/1764/5
f 2332/1767/4 2309/1795/4 2298/1768/4
f 2312/1644/5 2313/1813/5 2310/1770/5
f 462/298/5 459/441/5 460/1771/5
f 460/1771/5 471/4313/5 472/800/5
f 461/1772/5 462/298/5 460/1771/5
f 3593/1774/5 2344/1584/5 2342/1688/5
f 2342/1688/5 2343/1687/5 2345/1773/5
f 3144/1783/6 3636/1782/6 3605/1778/6
f 3605/1778/2 3167/1784/2 3086/2418/2
f 3086/2418/2 3087/2417/2 3088/4914/2
f 3088/4914/2 3146/4915/2 3145/4916/2
f 3171/4917/2 3172/4918/2 3187/1775/2
f 3088/4914/2 3145/4916/2 3171/4917/2
f 3144/1783/2 3605/1778/2 3086/2418/2
f 3144/1783/2 3086/2418/2 3088/4914/2
f 3144/1783/2 3088/4914/2 3171/4917/2
f 3637/1782/2 3144/1783/2 3171/4917/2
f 3187/1775/2 3175/4919/2 3188/4920/2
f 3168/1778/2 3637/1782/2 3171/4917/2
f 3610/1779/2 3168/1778/2 3171/4917/2
f 3609/1781/2 3610/1779/2 3171/4917/2
f 3609/1781/13 3171/4917/13 3187/1775/13
f 3608/1780/2 3609/1781/2 3187/1775/2
f 3188/4920/2 3149/2804/2 3180/4921/2
f 3170/1732/2 3608/1780/2 3187/1775/2
f 3188/4920/2 3180/4921/2 3205/4922/2
f 3302/2708/2 3170/1732/2 3187/1775/2
f 3188/4920/2 3205/4922/2 3209/2501/2
f 3282/4923/2 3303/2268/2 3302/2708/2
f 3224/1776/2 3274/2632/2 3273/1777/2
f 3273/1777/2 3282/4923/2 3302/2708/2
f 3187/1775/2 3188/4920/2 3209/2501/2
f 3209/2501/2 3228/2500/2 3224/1776/2
f 3273/1777/2 3302/2708/2 3187/1775/2
f 3187/1775/2 3209/2501/2 3224/1776/2
f 3167/1784/2 3605/1778/2 3633/1779/2
f 3632/1781/6 3631/1780/6 3170/1732/6
f 3167/1784/2 3633/1779/2 3632/1781/2
f 2338/1785/4 2355/1901/4 2336/1718/4
f 2350/1787/2 2351/1853/2 2360/1788/2
f 662/1790/4 663/4924/4 661/1791/4
f 2362/1793/4 2354/1664/4 2333/1794/4
f 2605/1798/2 2697/2116/2 2693/2118/2
f 2605/1798/2 2693/2118/2 2674/2163/2
f 2669/1797/2 2590/4470/2 2605/1798/2
f 2605/1798/2 2674/2163/2 2677/1796/2
f 1498/1359/6 1485/1358/6 1487/1387/6
f 2443/1799/6 2389/1827/6 2417/1800/6
f 2416/1801/6 2442/549/6 2443/1799/6
f 2392/4925/6 2270/4902/6 2289/1729/6
f 2289/1729/6 2299/1737/6 2335/4876/6
f 2336/1802/6 2442/549/6 2416/1801/6
f 2289/1729/6 2335/4876/6 2336/1802/6
f 2417/1800/6 2392/4925/6 2289/1729/6
f 2336/1802/6 2416/1801/6 2417/1800/6
f 2370/1803/5 2371/4926/5 2369/1804/5
f 2516/1900/2 2483/4099/2 2485/1806/2
f 2388/512/2 2390/4097/2 2418/4927/2
f 2518/4858/2 2516/1900/2 2485/1806/2
f 2485/1806/2 2388/512/2 2418/4927/2
f 2485/1806/2 2418/4927/2 2389/4928/2
f 2452/4859/2 2518/4858/2 2485/1806/2
f 2466/2203/2 2452/4859/2 2485/1806/2
f 2485/1806/2 2389/4928/2 2443/1807/2
f 2453/1808/2 2466/2203/2 2485/1806/2
f 2353/1809/6 2373/4880/6 2370/1810/6
f 2373/1811/1 2374/1848/1 2371/1158/1
f 2398/1723/5 2399/1722/5 2396/1813/5
f 2402/1770/5 2403/1956/5 2400/1814/5
f 3183/2769/6 3184/4929/6 3182/1815/6
f 3182/1815/6 3154/1961/6 3181/1960/6
f 3257/1816/6 3290/4930/6 3291/2636/6
f 3182/1815/6 3181/1960/6 3257/1816/6
f 3185/4931/6 3183/2769/6 3182/1815/6
f 3229/1817/6 3230/343/6 3185/4931/6
f 3257/1816/6 3291/2636/6 3292/2635/6
f 3229/1817/6 3185/4931/6 3182/1815/6
f 3257/1816/6 3292/2635/6 3229/1817/6
f 2392/1818/4 2418/2016/4 2390/1819/4
f 2419/1820/4 2374/4932/4 2373/1821/4
f 2378/1823/4 2420/1958/4 2393/1785/4
f 2403/1824/3 2421/4657/3 2423/1301/3
f 2418/1826/6 2392/4925/6 2417/1800/6
f 360/3870/1 341/3869/1 340/1316/1
f 340/1316/1 377/4677/1 376/1829/1
f 378/1828/1 360/3870/1 340/1316/1
f 377/4677/1 391/1318/1 429/3866/1
f 429/3866/1 463/446/1 541/445/1
f 429/3866/1 541/445/1 542/832/1
f 376/1829/1 377/4677/1 429/3866/1
f 403/3871/1 378/1828/1 376/1829/1
f 417/686/1 416/940/1 404/3872/1
f 403/3871/1 376/1829/1 429/3866/1
f 417/686/1 404/3872/1 403/3871/1
f 507/719/1 508/718/1 414/4242/1
f 414/4242/1 417/686/1 403/3871/1
f 403/3871/1 429/3866/1 542/832/1
f 616/831/1 607/833/1 570/4338/1
f 414/4242/1 403/3871/1 542/832/1
f 616/831/1 570/4338/1 735/2254/1
f 507/719/1 414/4242/1 542/832/1
f 542/832/1 616/831/1 735/2254/1
f 542/832/1 735/2254/1 734/4933/1
f 522/717/1 507/719/1 542/832/1
f 814/1831/1 686/2645/1 522/717/1
f 913/1833/1 3620/1832/1 829/4934/1
f 814/1831/1 522/717/1 542/832/1
f 913/1833/1 829/4934/1 814/1831/1
f 763/1830/1 778/2255/1 913/1833/1
f 542/832/1 734/4933/1 763/1830/1
f 763/1830/1 913/1833/1 814/1831/1
f 2270/1881/2 2392/4927/2 2391/4935/2
f 2270/1881/2 2391/4935/2 2367/4096/2
f 2232/1835/2 2261/4936/2 2270/1881/2
f 2231/4937/2 2208/4905/2 2232/1835/2
f 2260/4938/2 2231/4937/2 2232/1835/2
f 2232/1835/2 2270/1881/2 2367/4096/2
f 2232/1835/2 2367/4096/2 2284/4095/2
f 2255/1834/2 2260/4938/2 2232/1835/2
f 2232/1835/2 2284/4095/2 2283/1740/2
f 2951/1020/2 2927/2421/2 2928/4939/2
f 2930/1836/2 2890/4940/2 2932/1837/2
f 2951/1020/2 2928/4939/2 2930/1836/2
f 2630/1842/3 2621/4660/3 2645/4638/3
f 2641/1838/3 2742/4637/3 2741/4632/3
f 2630/1842/3 2645/4638/3 2641/1838/3
f 2639/2045/3 2630/1842/3 2641/1838/3
f 2641/1838/3 2741/4632/3 2701/1839/3
f 2701/1839/3 2700/4631/3 2654/2046/3
f 2640/1840/3 2639/2045/3 2641/1838/3
f 2701/1839/3 2654/2046/3 2640/1840/3
f 2619/1841/3 2620/4658/3 2621/4660/3
f 2630/1842/3 2639/2045/3 2638/1843/3
f 2619/1841/3 2621/4660/3 2630/1842/3
f 2430/1844/5 2431/2024/5 2429/1845/5
f 690/1846/6 724/456/6 725/458/6
f 2581/4941/1 2582/4942/1 2419/1848/1
f 2419/1848/1 2353/1811/1 2455/1481/1
f 2419/1848/1 2455/1481/1 2484/4943/1
f 2495/1850/1 2581/4941/1 2419/1848/1
f 2419/1848/1 2484/4943/1 2494/1849/1
f 2430/1893/2 2405/1413/2 2406/1851/2
f 2406/1851/2 2407/1967/2 2408/4944/2
f 2408/4944/2 2409/4101/2 2433/1443/2
f 2433/1443/2 2438/4750/2 2431/1852/2
f 2431/1852/2 2430/1893/2 2406/1851/2
f 2406/1851/2 2408/4944/2 2433/1443/2
f 2411/1858/2 2409/4101/2 2408/4944/2
f 2411/1858/2 2408/4944/2 2407/1967/2
f 2366/4098/2 2412/1857/2 2385/1856/2
f 2385/1856/2 2411/1858/2 2407/1967/2
f 2383/1855/2 2349/1412/2 2359/1789/2
f 2385/1856/2 2407/1967/2 2383/1855/2
f 2351/1853/2 2366/4098/2 2385/1856/2
f 2358/1854/2 2351/1853/2 2385/1856/2
f 2383/1855/2 2359/1789/2 2360/1788/2
f 2358/1854/2 2385/1856/2 2383/1855/2
f 2435/1859/4 2427/1733/4 2426/1734/4
f 668/1860/2 637/4945/2 644/1511/2
f 1932/4610/1 1993/4755/1 1990/1464/1
f 1990/1464/6 1931/4946/6 2146/1862/6
f 2146/1862/1 2145/4603/1 2063/1863/1
f 2063/1863/1 1932/4610/1 1990/1464/1
f 683/1866/5 682/4947/5 678/1864/5
f 679/1865/5 680/4948/5 683/1866/5
f 1303/1869/2 1285/4418/2 1334/2486/2
f 1303/1869/2 1334/2486/2 1350/4949/2
f 1367/1871/2 1358/4790/2 1303/1869/2
f 1303/1869/2 1350/4949/2 1304/1870/2
f 1382/4690/2 1357/4791/2 1358/4790/2
f 1367/1871/2 1304/1870/2 1350/4949/2
f 1382/4690/2 1358/4790/2 1367/1871/2
f 1413/1333/2 1382/4690/2 1367/1871/2
f 1367/1871/2 1350/4949/2 1388/2488/2
f 1367/1871/2 1388/2488/2 1449/2487/2
f 1385/1395/2 1413/1333/2 1367/1871/2
f 1560/4726/2 1549/1337/2 1387/1339/2
f 1385/1395/2 1367/1871/2 1449/2487/2
f 1442/1872/2 1525/4950/2 1560/4726/2
f 1385/1395/2 1449/2487/2 1442/1872/2
f 1442/1872/2 1560/4726/2 1387/1339/2
f 1643/1431/2 1640/1433/2 1624/4723/2
f 1643/1431/2 1624/4723/2 1627/4722/2
f 1525/4950/2 1442/1872/2 1449/2487/2
f 1736/2068/2 1731/1407/2 1726/4725/2
f 1687/4724/2 1691/4485/2 1692/1458/2
f 1736/2068/2 1726/4725/2 1687/4724/2
f 1525/4950/2 1449/2487/2 1452/4951/2
f 1560/4726/2 1525/4950/2 1452/4951/2
f 1560/4726/2 1452/4951/2 1646/4141/2
f 1555/4721/2 1560/4726/2 1646/4141/2
f 1749/1873/2 1736/2068/2 1687/4724/2
f 1687/4724/2 1692/1458/2 1616/1457/2
f 1661/1053/2 1582/1055/2 1586/4720/2
f 1749/1873/2 1687/4724/2 1616/1457/2
f 1616/1457/2 1661/1053/2 1586/4720/2
f 1619/4952/2 1620/4719/2 1622/1432/2
f 1616/1457/2 1586/4720/2 1619/4952/2
f 1555/4721/2 1646/4141/2 1749/1873/2
f 1627/4722/2 1555/4721/2 1749/1873/2
f 1749/1873/2 1616/1457/2 1619/4952/2
f 1619/4952/2 1622/1432/2 1670/1868/2
f 1749/1873/2 1619/4952/2 1670/1868/2
f 1643/1431/2 1627/4722/2 1749/1873/2
f 1749/1873/2 1670/1868/2 1662/1867/2
f 2291/4953/1 2271/4734/1 2262/4733/1
f 2291/4953/1 2262/4733/1 2290/4954/1
f 2426/4456/1 2427/4455/1 2395/1875/1
f 2395/1875/1 2291/4953/1 2290/4954/1
f 2395/1875/1 2290/4954/1 2337/4955/1
f 2372/1848/1 2426/4456/1 2395/1875/1
f 2376/1158/1 2372/1848/1 2395/1875/1
f 2395/1875/1 2337/4955/1 2364/1874/1
f 2824/4655/2 2770/4647/2 2788/4646/2
f 2824/4655/2 2788/4646/2 2787/1876/2
f 2866/4956/2 2860/4957/2 2842/1290/2
f 2842/1290/2 2824/4655/2 2787/1876/2
f 2828/1877/2 2866/4956/2 2842/1290/2
f 807/362/1 816/1888/1 817/1878/1
f 2259/1882/2 2209/1835/2 2037/4299/2
f 2037/4299/2 2088/4298/2 2338/1880/2
f 2338/1880/2 2335/4958/2 2299/4959/2
f 2338/1880/2 2299/4959/2 2233/1881/2
f 2259/1882/2 2037/4299/2 2338/1880/2
f 2151/1883/3 2166/4960/3 2180/1884/3
f 2460/1484/5 2461/1757/5 2459/1886/5
f 2447/1814/5 2448/1998/5 2445/1887/5
f 815/1888/1 856/1090/1 857/1089/1
f 707/1889/2 708/4961/2 744/988/2
f 2470/1890/4 2471/1997/4 2444/1823/4
f 1374/1892/3 1311/2453/3 1312/1891/3
f 1341/949/3 1377/948/3 1374/1892/3
f 2567/4518/2 2566/1123/2 2428/1893/2
f 2428/1893/2 2429/1852/2 2513/1894/2
f 2527/1895/2 2567/4518/2 2428/1893/2
f 3412/1896/1 3278/2/1 3261/3772/1
f 3412/1896/1 3261/3772/1 3374/4962/1
f 3428/2814/1 3434/2818/1 3412/1896/1
f 3410/1898/1 3428/2814/1 3412/1896/1
f 3412/1896/1 3374/4962/1 3398/1897/1
f 2515/1931/2 2491/4749/2 2482/1899/2
f 2482/1899/2 2476/4102/2 2477/4100/2
f 2482/1899/2 2477/4100/2 2483/4099/2
f 2530/1448/2 2515/1931/2 2482/1899/2
f 2518/4858/2 2534/1685/2 2530/1448/2
f 2482/1899/2 2483/4099/2 2516/1900/2
f 2516/1900/2 2518/4858/2 2530/1448/2
f 2469/1901/4 2487/2015/4 2467/1818/4
f 3179/1912/1 3200/2620/1 3201/2621/1
f 3201/2621/1 3178/4963/1 3133/1902/1
f 3133/1902/1 3127/4964/1 3125/4965/1
f 3125/4965/1 3617/1909/1 3618/1908/1
f 3125/4965/1 3618/1908/1 3134/1903/1
f 3179/1912/1 3201/2621/1 3133/1902/1
f 3177/1910/1 3179/1912/1 3133/1902/1
f 3133/1902/1 3125/4965/1 3134/1903/1
f 3626/1904/1 3177/1910/1 3133/1902/1
f 3124/3915/1 3126/226/1 3176/1906/1
f 3176/1906/1 3617/1909/1 3125/4965/1
f 3176/1906/1 3125/4965/1 3127/4964/1
f 3090/1905/1 3124/3915/1 3176/1906/1
f 3046/2392/1 2993/4506/1 3090/1905/1
f 3176/1906/1 3127/4964/1 3089/1907/1
f 3089/1907/1 3046/2392/1 3090/1905/1
f 3179/1912/1 3628/1910/1 3625/1911/1
f 3134/1903/1 3627/1904/1 3628/1910/1
f 3134/1903/2 3628/1910/2 3625/1911/2
f 3625/1911/2 3617/1909/2 3618/1908/2
f 2502/1915/6 2500/1921/6 2489/1913/6
f 2489/1913/6 2488/930/6 2501/1914/6
f 2503/1916/6 2502/1915/6 2501/1914/6
f 2503/1916/6 2501/1914/6 2497/4886/6
f 2635/644/6 2636/4966/6 2503/1916/6
f 2503/1916/6 2497/4886/6 2602/645/6
f 2509/1584/5 2510/1773/5 2512/1917/5
f 2508/1920/2 2611/4967/2 2644/2086/2
f 2644/2086/2 2643/4968/2 2507/1918/2
f 2507/1918/2 2511/4969/2 2512/1919/2
f 2508/1920/2 2644/2086/2 2507/1918/2
f 2521/1916/6 2522/651/6 2506/1264/6
f 2505/1921/6 2520/1915/6 2521/1916/6
f 2525/1887/5 2526/2030/5 2523/1922/5
f 1215/4599/1 1204/1257/1 1183/4560/1
f 1215/4599/1 1183/4560/1 1209/1928/1
f 1213/1926/1 1215/4599/1 1209/1928/1
f 1213/1926/1 1209/1928/1 1225/4970/1
f 1307/1925/1 1213/1926/1 1225/4970/1
f 1227/1923/1 1277/2448/1 1299/2449/1
f 1307/1925/1 1225/4970/1 1227/1923/1
f 1327/4678/1 1325/1315/1 1331/4676/1
f 1227/1923/1 1299/2449/1 1323/4679/1
f 1301/1924/1 1327/4678/1 1331/4676/1
f 1227/1923/1 1323/4679/1 1301/1924/1
f 1301/1924/1 1331/4676/1 1307/1925/1
f 1307/1925/1 1331/4676/1 1329/1314/1
f 1329/1314/1 1215/4599/1 1213/1926/1
f 1362/4681/1 1360/1319/1 1318/4680/1
f 1321/1927/1 1225/4970/1 1209/1928/1
f 1362/4681/1 1318/4680/1 1321/1927/1
f 1209/1928/1 1183/4560/1 1380/1929/1
f 1380/1929/1 1362/4681/1 1321/1927/1
f 2832/1933/2 2924/2384/2 2923/1932/2
f 2923/1932/2 2813/738/2 2814/737/2
f 2532/1938/1 2531/4971/1 2475/1937/1
f 2475/1937/1 2479/2103/1 2480/1935/1
f 2481/1934/1 2490/1936/1 2514/4972/1
f 2475/1937/1 2480/1935/1 2481/1934/1
f 2481/1934/1 2514/4972/1 2532/1938/1
f 2711/1941/1 2712/4973/1 2616/1939/1
f 2616/1939/1 2599/4458/1 2681/1940/1
f 282/4974/1 286/4975/1 212/1942/1
f 212/1942/1 206/3959/1 248/1943/1
f 248/1943/1 246/1393/1 269/4976/1
f 273/1944/1 282/4974/1 212/1942/1
f 248/1943/1 269/4976/1 273/1944/1
f 567/4977/6 600/4978/6 601/1945/6
f 601/1945/6 474/442/6 473/4979/6
f 601/1945/6 473/4979/6 497/1946/6
f 537/1947/6 567/4977/6 601/1945/6
f 2520/1948/4 2505/1890/4 2500/1712/4
f 2502/114/4 2500/1712/4 2498/211/4
f 2598/4458/1 2597/2002/1 2613/1056/1
f 2626/1058/1 2664/4980/1 2708/1951/1
f 2598/4458/1 2613/1056/1 2626/1058/1
f 2765/2249/1 2734/4973/1 2710/1941/1
f 2710/1941/1 2598/4458/1 2626/1058/1
f 2626/1058/1 2708/1951/1 2709/4981/1
f 2710/1941/1 2626/1058/1 2709/4981/1
f 2763/1950/1 2765/2249/1 2710/1941/1
f 2746/1952/1 2783/3883/1 2763/1950/1
f 2710/1941/1 2709/4981/1 2731/1949/1
f 2731/1949/1 2746/1952/1 2763/1950/1
f 2746/1952/1 2731/1949/1 2709/4981/1
f 2708/1951/1 2707/4982/1 2730/162/1
f 2746/1952/1 2709/4981/1 2708/1951/1
f 788/4983/2 749/4769/2 750/4984/2
f 788/4983/2 750/4984/2 770/4985/2
f 775/1955/2 790/4986/2 788/4983/2
f 755/4987/2 777/4988/2 775/1955/2
f 718/4989/2 757/4990/2 755/4987/2
f 701/1165/2 720/4534/2 718/4989/2
f 661/4527/2 663/4529/2 684/4528/2
f 684/4528/2 701/1165/2 718/4989/2
f 718/4989/2 755/4987/2 775/1955/2
f 788/4983/2 770/4985/2 771/4991/2
f 728/1953/2 724/4992/2 690/4993/2
f 775/1955/2 788/4983/2 771/4991/2
f 728/1953/2 690/4993/2 695/4994/2
f 775/1955/2 771/4991/2 728/1953/2
f 684/4528/2 718/4989/2 775/1955/2
f 700/4995/2 661/4527/2 684/4528/2
f 716/4996/2 715/4997/2 700/4995/2
f 675/4998/2 680/858/2 712/1954/2
f 716/4996/2 700/4995/2 684/4528/2
f 695/4994/2 675/4998/2 712/1954/2
f 716/4996/2 684/4528/2 775/1955/2
f 728/1953/2 695/4994/2 712/1954/2
f 712/1954/2 716/4996/2 775/1955/2
f 2546/1813/5 2547/1981/5 2544/1956/5
f 740/1957/3 781/4335/3 780/824/3
f 242/112/5 243/211/5 247/560/5
f 2537/1958/4 2554/2072/4 2542/1901/4
f 3114/1959/6 3135/2481/6 3151/1960/6
f 2574/1963/1 2558/4999/1 2547/1269/1
f 2547/1269/1 2546/4614/1 2575/1962/1
f 2547/1964/3 2558/4659/3 2562/1965/3
f 2548/211/4 2561/560/4 2547/114/4
f 2847/1968/6 2893/5000/6 2895/2311/6
f 2895/2311/6 2882/2342/6 2866/1969/6
f 2828/1970/6 2827/5001/6 2845/5002/6
f 2828/1970/6 2845/5002/6 2846/5003/6
f 2847/1968/6 2895/2311/6 2866/1969/6
f 2828/1970/6 2846/5003/6 2847/1968/6
f 2566/1687/5 2567/1845/5 2565/1971/5
f 2550/5004/3 2523/4618/3 2526/4617/3
f 2550/5004/3 2526/4617/3 2549/5005/3
f 2657/4308/3 2656/4307/3 2568/1977/3
f 2568/1977/3 2550/5004/3 2549/5005/3
f 2568/1977/3 2549/5005/3 2563/5006/3
f 2773/10/3 2778/790/3 2657/4308/3
f 2568/1977/3 2563/5006/3 2631/4616/3
f 2631/4616/3 2634/4615/3 2723/1975/3
f 2723/1975/3 2726/4621/3 2759/4628/3
f 2761/1976/3 2773/10/3 2657/4308/3
f 2723/1975/3 2759/4628/3 2761/1976/3
f 2568/1977/3 2631/4616/3 2723/1975/3
f 2761/1976/3 2657/4308/3 2568/1977/3
f 1113/4560/1 1153/1219/1 1151/1978/1
f 1151/1978/1 1604/4609/1 1602/4612/1
f 1151/1978/1 1602/4612/1 1430/5007/1
f 1223/5008/1 1113/4560/1 1151/1978/1
f 1256/5009/1 1223/5008/1 1151/1978/1
f 1151/1978/1 1430/5007/1 1314/1979/1
f 1274/1980/1 1256/5009/1 1151/1978/1
f 2576/1722/5 2577/1886/5 2574/1981/5
f 776/1690/6 777/5010/6 755/1982/6
f 2588/1984/4 2582/1793/4 2581/1795/4
f 1827/1987/3 1765/1420/3 1769/4738/3
f 1827/1987/3 1769/4738/3 1801/1985/3
f 1862/1986/3 1828/683/3 1827/1987/3
f 988/5011/3 933/1173/3 936/4538/3
f 988/5011/3 936/4538/3 953/5012/3
f 1317/5013/3 988/5011/3 953/5012/3
f 1317/5013/3 953/5012/3 1403/5014/3
f 1342/5015/3 1317/5013/3 1403/5014/3
f 1342/5015/3 1403/5014/3 1437/5016/3
f 1354/5017/3 1342/5015/3 1437/5016/3
f 1774/1989/3 1860/684/3 1862/1986/3
f 1354/5017/3 1437/5016/3 1774/1989/3
f 1379/5018/3 1354/5017/3 1774/1989/3
f 1774/1989/3 1862/1986/3 1801/1985/3
f 1774/1989/3 1801/1985/3 1769/4738/3
f 1400/5019/3 1379/5018/3 1774/1989/3
f 1396/5020/3 1400/5019/3 1774/1989/3
f 1774/1989/3 1769/4738/3 1724/4737/3
f 1774/1989/3 1724/4737/3 1689/1990/3
f 1514/5021/3 1396/5020/3 1774/1989/3
f 1633/1454/3 1514/5021/3 1774/1989/3
f 1774/1989/3 1689/1990/3 1684/1988/3
f 1723/1419/3 1683/1455/3 1684/1988/3
f 1689/1990/3 1724/4737/3 1723/1419/3
f 260/1991/3 261/14/3 262/1992/3
f 277/1993/3 276/1994/3 260/1991/3
f 293/674/3 258/5022/3 221/5023/3
f 293/674/3 221/5023/3 222/1995/3
f 275/3841/3 294/3840/3 293/674/3
f 275/3841/3 293/674/3 222/1995/3
f 224/15/3 261/14/3 260/1991/3
f 275/3841/3 222/1995/3 224/15/3
f 259/109/3 275/3841/3 224/15/3
f 224/15/3 260/1991/3 276/1994/3
f 222/1995/3 221/5023/3 219/1996/3
f 219/1996/3 223/3780/3 224/15/3
f 2592/1997/4 2605/2119/4 2590/1958/4
f 2608/1956/5 2609/2084/5 2606/1998/5
f 3369/1999/1 3344/3920/1 3364/836/1
f 2596/2001/1 2594/2477/1 2613/1056/1
f 781/4476/2 740/1034/2 741/2005/2
f 781/4476/2 741/2005/2 796/2004/2
f 833/2007/2 794/1035/2 781/4476/2
f 834/2011/2 847/2009/2 833/2007/2
f 812/2006/14 3652/2014/14 834/2011/14
f 782/5024/2 764/5025/2 812/2006/2
f 795/2003/2 782/5024/2 812/2006/2
f 812/2006/2 834/2011/2 833/2007/2
f 833/2007/2 781/4476/2 796/2004/2
f 796/2004/2 795/2003/2 812/2006/2
f 3656/2013/1 849/2013/1 3658/2010/1
f 3655/2012/1 3656/2013/1 812/2006/1
f 2601/2015/4 2615/2180/4 2587/2016/4
f 2616/2017/4 2602/1859/4 2600/1664/4
f 2226/4234/2 2202/4233/2 2169/2019/2
f 2185/1673/2 2168/1675/2 2155/4841/2
f 2204/2022/2 2226/4234/2 2169/2019/2
f 2169/2019/2 2185/1673/2 2155/4841/2
f 2155/4841/2 2104/1636/2 2109/4830/2
f 2109/4830/2 2132/1615/2 2130/2020/2
f 2130/2020/2 2161/1001/2 2171/1000/2
f 2171/1000/2 2187/4461/2 2257/1834/2
f 2257/1834/2 2256/1739/2 2254/2613/2
f 2230/2018/2 2204/2022/2 2169/2019/2
f 2257/1834/2 2254/2613/2 2230/2018/2
f 2130/2020/2 2171/1000/2 2257/1834/2
f 2155/4841/2 2109/4830/2 2130/2020/2
f 2169/2019/2 2155/4841/2 2130/2020/2
f 2130/2020/2 2257/1834/2 2230/2018/2
f 2225/2021/2 2226/4234/2 2204/2022/2
f 1057/1195/1 1099/1229/1 1101/1228/1
f 2624/2024/5 2625/2175/5 2623/2025/5
f 922/1126/1 955/1162/1 956/1161/1
f 3382/2029/3 3381/234/3 3319/2027/3
f 3319/2027/3 3314/5026/3 3331/2028/3
f 2633/1998/5 2634/5027/5 2631/2030/5
f 2315/1645/2 2316/4843/2 2461/2031/2
f 2643/1757/5 2644/1917/5 2646/2033/5
f 201/2035/4 200/2221/4 240/2036/4
f 2650/2038/4 2637/1948/4 2636/1733/4
f 343/2039/2 344/5028/2 364/2040/2
f 413/575/2 412/577/2 402/284/2
f 390/3953/2 18/8/2 78/2042/2
f 413/575/2 402/284/2 390/3953/2
f 453/5029/2 427/576/2 425/4136/2
f 413/575/2 390/3953/2 78/2042/2
f 443/2519/2 453/5029/2 425/4136/2
f 425/4136/2 413/575/2 78/2042/2
f 78/2042/2 65/3777/2 58/89/2
f 78/2042/2 58/89/2 59/90/2
f 393/2080/2 443/2519/2 425/4136/2
f 358/2082/2 392/2081/2 393/2080/2
f 339/5030/2 359/2079/2 358/2082/2
f 344/5028/2 343/2039/2 311/2044/2
f 311/2044/2 339/5030/2 358/2082/2
f 358/2082/2 393/2080/2 425/4136/2
f 78/2042/2 59/90/2 60/2043/2
f 60/2043/2 19/3775/2 364/2040/2
f 364/2040/2 344/5028/2 311/2044/2
f 358/2082/2 425/4136/2 78/2042/2
f 60/2043/2 364/2040/2 311/2044/2
f 311/2044/2 358/2082/2 78/2042/2
f 2211/1416/1 2191/1692/1 2333/1157/1
f 2639/2045/3 2640/1840/3 2654/2046/3
f 2657/2030/5 2658/2156/5 2655/2047/5
f 1664/5031/6 1747/4587/6 1745/4588/6
f 1664/5031/6 1745/4588/6 1669/5032/6
f 1444/5033/6 1664/5031/6 1669/5032/6
f 1444/5033/6 1669/5032/6 1455/5034/6
f 1418/5035/6 1444/5033/6 1455/5034/6
f 1418/5035/6 1455/5034/6 1447/5036/6
f 1346/5037/6 1418/5035/6 1447/5036/6
f 1346/5037/6 1447/5036/6 1421/5038/6
f 1336/5039/6 1346/5037/6 1421/5038/6
f 1336/5039/6 1421/5038/6 1349/5040/6
f 1193/5041/6 1336/5039/6 1349/5040/6
f 1193/5041/6 1349/5040/6 1338/5042/6
f 1029/5043/6 1193/5041/6 1338/5042/6
f 1029/5043/6 1338/5042/6 1158/5044/6
f 907/5045/6 1029/5043/6 1158/5044/6
f 907/5045/6 1158/5044/6 1136/5046/6
f 838/5047/6 907/5045/6 1136/5046/6
f 838/5047/6 1136/5046/6 1096/5048/6
f 783/5049/6 838/5047/6 1096/5048/6
f 783/5049/6 1096/5048/6 1050/5050/6
f 686/5051/6 783/5049/6 1050/5050/6
f 686/5051/6 1050/5050/6 886/5052/6
f 522/5053/6 686/5051/6 886/5052/6
f 522/5053/6 886/5052/6 523/5054/6
f 415/4590/6 414/4589/6 508/2048/6
f 508/2048/6 522/5053/6 523/5054/6
f 508/2048/6 523/5054/6 509/2049/6
f 492/2050/6 415/4590/6 508/2048/6
f 878/2051/2 915/5055/2 914/2052/2
f 2549/1974/1 2526/5056/1 2525/2054/1
f 2525/2054/1 2632/1389/1 2631/2055/1
f 2631/2055/1 2563/1972/1 2549/1974/1
f 2671/2056/4 2672/2174/4 2652/1997/4
f 1703/2057/6 1753/1494/6 1755/1493/6
f 1699/2058/6 1717/4756/6 1715/1468/6
f 1703/2057/6 1755/1493/6 1699/2058/6
f 1673/5057/6 1694/1470/6 1697/1469/6
f 1673/5057/6 1697/1469/6 1674/5058/6
f 1163/2061/6 1673/5057/6 1674/5058/6
f 1648/2059/6 842/4499/6 843/1077/6
f 1163/2061/6 1674/5058/6 1648/2059/6
f 1648/2059/6 843/1077/6 981/2060/6
f 1676/5059/6 1648/2059/6 1674/5058/6
f 1676/5059/6 1674/5058/6 1697/1469/6
f 1876/5060/6 1676/5059/6 1697/1469/6
f 1876/5060/6 1697/1469/6 1717/4756/6
f 1906/5061/6 1876/5060/6 1717/4756/6
f 1906/5061/6 1717/4756/6 1699/2058/6
f 2030/1592/6 1906/5061/6 1699/2058/6
f 2030/1592/6 1699/2058/6 1755/1493/6
f 2086/1608/6 2030/1592/6 1755/1493/6
f 2086/1608/6 1755/1493/6 1789/4552/6
f 2117/1622/6 2086/1608/6 1789/4552/6
f 1815/4551/6 1816/1203/6 1852/4555/6
f 2117/1622/6 1789/4552/6 1815/4551/6
f 2257/5062/6 2187/2471/6 2173/5063/6
f 2173/5063/6 2117/1622/6 1815/4551/6
f 1815/4551/6 1852/4555/6 1855/4849/6
f 2173/5063/6 1815/4551/6 1855/4849/6
f 2286/5064/6 2257/5062/6 2173/5063/6
f 2288/5065/6 2286/5064/6 2173/5063/6
f 2173/5063/6 1855/4849/6 1875/5066/6
f 2173/5063/6 1875/5066/6 1904/5067/6
f 2368/2064/6 2288/5065/6 2173/5063/6
f 2391/4925/6 2390/1826/6 2368/2064/6
f 2367/5068/6 2391/4925/6 2368/2064/6
f 2368/2064/6 2173/5063/6 1904/5067/6
f 2284/5069/6 2367/5068/6 2368/2064/6
f 2283/5070/6 2284/5069/6 2368/2064/6
f 2119/5071/6 2207/1656/6 2208/2062/6
f 2115/5072/6 2119/5071/6 2208/2062/6
f 2084/5073/6 2115/5072/6 2208/2062/6
f 2058/5074/6 2084/5073/6 2208/2062/6
f 1981/5075/6 2058/5074/6 2208/2062/6
f 1904/5067/6 1981/5075/6 2208/2062/6
f 2255/4902/6 2283/5070/6 2368/2064/6
f 2260/5076/6 2255/4902/6 2368/2064/6
f 2368/2064/6 1904/5067/6 2208/2062/6
f 2231/2063/6 2260/5076/6 2368/2064/6
f 1432/2685/1 1435/2686/1 1656/2065/1
f 1656/2065/1 1654/3786/1 1528/2066/1
f 1469/2067/1 1432/2685/1 1656/2065/1
f 2677/1504/6 2676/1506/6 2675/2070/6
f 2670/2071/6 2669/4191/6 2677/1504/6
f 2670/2072/4 2675/2179/4 2668/2015/4
f 2659/2074/2 2706/4287/2 2705/736/2
f 2705/736/2 2622/4748/2 2623/2073/2
f 2684/2075/4 2680/2056/4 2679/1890/4
f 2687/1773/5 2688/2098/5 2686/2076/5
f 2695/2078/6 2694/4869/6 2683/1505/6
f 2683/1505/6 2674/4764/6 2693/2077/6
f 375/2083/2 358/2082/2 359/2079/2
f 359/2079/2 394/5077/2 393/2080/2
f 392/2081/2 375/2083/2 359/2079/2
f 2701/1981/5 2702/2142/5 2699/2084/5
f 2743/5078/2 2742/5079/2 2641/2085/2
f 2641/2085/2 2645/4968/2 2646/2086/2
f 2642/2087/2 2743/5078/2 2641/2085/2
f 3519/2088/5 3524/2812/5 3518/432/5
f 3518/432/5 3509/2851/5 3510/2089/5
f 3510/2089/5 3497/3822/5 3503/2090/5
f 3503/2090/5 3520/2772/5 3519/2088/5
f 3519/2088/5 3518/432/5 3510/2089/5
f 3053/2091/1 3052/5080/1 3033/5081/1
f 3034/2092/1 3075/2599/1 3079/2093/1
f 3053/2091/1 3033/5081/1 3034/2092/1
f 2634/2055/1 2633/1389/1 2724/2094/1
f 2705/2096/5 2706/2025/5 2704/2097/5
f 3595/5082/1 3594/5083/1 3591/3809/1
f 3595/5082/1 3591/3809/1 256/3807/1
f 291/4322/1 3575/5084/1 3595/5082/1
f 184/310/1 211/3959/1 210/1942/1
f 155/1490/1 185/311/1 184/310/1
f 119/222/1 153/1491/1 155/1490/1
f 141/1716/1 146/221/1 113/223/1
f 241/4718/1 240/1392/1 200/1717/1
f 268/4976/1 267/1393/1 241/4718/1
f 281/4974/1 280/1944/1 268/4976/1
f 396/4323/1 395/809/1 278/4324/1
f 278/4324/1 281/4974/1 268/4976/1
f 268/4976/1 241/4718/1 200/1717/1
f 278/4324/1 268/4976/1 200/1717/1
f 324/572/1 396/4323/1 278/4324/1
f 294/4007/1 312/475/1 324/572/1
f 295/5085/1 294/4007/1 324/572/1
f 324/572/1 278/4324/1 200/1717/1
f 300/388/1 295/5085/1 324/572/1
f 264/5086/1 300/388/1 324/572/1
f 264/5086/1 324/572/1 200/1717/1
f 238/389/1 264/5086/1 200/1717/1
f 238/389/1 200/1717/1 141/1716/1
f 125/2099/1 124/3815/1 111/262/1
f 161/3814/1 160/3813/1 125/2099/1
f 191/3812/1 190/76/1 161/3814/1
f 250/3806/1 216/77/1 191/3812/1
f 291/4322/1 3595/5082/1 256/3807/1
f 250/3806/1 191/3812/1 161/3814/1
f 291/4322/1 256/3807/1 250/3806/1
f 155/1490/1 184/310/1 210/1942/1
f 288/4975/1 291/4322/1 250/3806/1
f 250/3806/1 161/3814/1 125/2099/1
f 111/262/1 238/389/1 141/1716/1
f 111/262/1 141/1716/1 113/223/1
f 210/1942/1 288/4975/1 250/3806/1
f 210/1942/1 250/3806/1 125/2099/1
f 111/262/1 113/223/1 119/222/1
f 155/1490/1 210/1942/1 125/2099/1
f 125/2099/1 111/262/1 119/222/1
f 2227/1755/1 2253/972/1 2251/971/1
f 2227/1755/1 2251/971/1 2269/1736/1
f 2454/1481/1 2332/4771/1 2297/4770/1
f 2297/4770/1 2227/1755/1 2269/1736/1
f 2297/4770/1 2269/1736/1 2281/2106/1
f 2580/4941/1 2493/1480/1 2492/1482/1
f 2598/4458/1 2588/4942/1 2580/4941/1
f 2569/2476/1 2596/2001/1 2597/2002/1
f 2597/2002/1 2598/4458/1 2580/4941/1
f 2597/2002/1 2580/4941/1 2492/1482/1
f 2627/1057/1 2594/2477/1 2569/2476/1
f 2569/2476/1 2597/2002/1 2492/1482/1
f 2297/4770/1 2281/2106/1 2296/2105/1
f 2296/2105/1 2304/1760/1 2328/4910/1
f 2297/4770/1 2296/2105/1 2328/4910/1
f 2569/2476/1 2492/1482/1 2454/1481/1
f 2664/4980/1 2626/1058/1 2627/1057/1
f 2708/1951/1 2664/4980/1 2627/1057/1
f 2729/2109/1 2730/162/1 2707/4982/1
f 2707/4982/1 2708/1951/1 2627/1057/1
f 2729/2109/1 2707/4982/1 2627/1057/1
f 2728/2107/1 2729/2109/1 2627/1057/1
f 2781/2695/1 2780/163/1 2744/3885/1
f 2568/1972/1 2656/2694/1 2655/5087/1
f 2655/5087/1 2781/2695/1 2744/3885/1
f 2655/5087/1 2744/3885/1 2745/2108/1
f 2551/1973/1 2568/1972/1 2655/5087/1
f 2552/5088/1 2551/1973/1 2655/5087/1
f 2655/5087/1 2745/2108/1 2728/2107/1
f 2655/5087/1 2728/2107/1 2627/1057/1
f 2552/5088/1 2655/5087/1 2627/1057/1
f 2552/5088/1 2627/1057/1 2569/2476/1
f 2475/1937/1 2531/4971/1 2539/5089/1
f 2552/5088/1 2569/2476/1 2454/1481/1
f 2464/5090/1 2475/1937/1 2539/5089/1
f 2539/5089/1 2552/5088/1 2454/1481/1
f 2454/1481/1 2297/4770/1 2328/4910/1
f 2454/1481/1 2328/4910/1 2329/4909/1
f 2464/5090/1 2539/5089/1 2454/1481/1
f 2463/4913/1 2464/5090/1 2454/1481/1
f 2454/1481/1 2329/4909/1 2352/2135/1
f 2454/1481/1 2352/2135/1 2415/2134/1
f 2451/2101/1 2463/4913/1 2454/1481/1
f 2414/2100/1 2450/4911/1 2451/2101/1
f 2454/1481/1 2415/2134/1 2414/2100/1
f 2490/1936/1 2480/1935/1 2474/2102/1
f 2523/5056/1 2528/2614/1 2514/4972/1
f 2424/2104/1 2524/2054/1 2523/5056/1
f 2464/5090/1 2463/4913/1 2424/2104/1
f 2475/1937/1 2464/5090/1 2424/2104/1
f 2424/2104/1 2523/5056/1 2514/4972/1
f 2424/2104/1 2514/4972/1 2490/1936/1
f 2479/2103/1 2475/1937/1 2424/2104/1
f 2424/2104/1 2490/1936/1 2474/2102/1
f 2282/1735/1 2304/1760/1 2296/2105/1
f 2733/5091/2 2749/5092/2 2748/2110/2
f 2748/2110/2 2732/632/2 2691/2111/2
f 2691/2111/2 2690/634/2 2649/2112/2
f 2649/2112/2 2733/5091/2 2748/2110/2
f 2650/2113/1 2635/4839/1 2767/2114/1
f 2717/2116/2 2716/2126/2 2713/2117/2
f 2697/2119/4 2717/2225/4 2695/2072/4
f 2713/211/5 2716/560/5 2715/114/5
f 2725/2120/5 2726/1217/5 2723/2121/5
f 2313/2123/1 2312/4853/1 2397/2124/1
f 2734/2125/4 2712/2017/4 2711/1793/4
f 2715/2126/2 2738/1273/2 2735/2127/2
f 2739/2128/6 2722/2140/6 2719/602/6
f 2725/2094/1 2760/1140/1 2759/2129/1
f 1191/422/2 1129/4043/2 1131/430/2
f 1132/2130/2 1135/1187/2 1191/422/2
f 2386/2132/1 2352/2135/1 2329/4909/1
f 2329/4909/1 2357/895/1 2384/894/1
f 2382/4401/1 2381/1761/1 2410/2131/1
f 2386/2132/1 2329/4909/1 2384/894/1
f 2384/894/1 2382/4401/1 2410/2131/1
f 2352/2135/1 2386/2132/1 2410/2131/1
f 2413/2133/1 2432/4912/1 2415/2134/1
f 2352/2135/1 2410/2131/1 2413/2133/1
f 2803/2136/2 2685/1125/2 2686/1124/2
f 2738/2138/4 2753/754/4 2736/756/4
f 2754/2141/6 2756/2856/6 2721/603/6
f 2722/2140/6 2739/2128/6 2754/2141/6
f 2742/1886/5 2743/2033/5 2740/2142/5
f 442/2143/1 440/637/1 450/658/1
f 950/2147/1 948/2146/1 962/2144/1
f 962/2144/1 967/4541/1 964/1176/1
f 975/2145/1 950/2147/1 962/2144/1
f 920/2544/1 918/2543/1 930/5093/1
f 930/5093/1 963/4558/1 962/2144/1
f 930/5093/1 962/2144/1 948/2146/1
f 943/2148/1 920/2544/1 930/5093/1
f 1001/1178/1 998/2548/1 943/2148/1
f 950/2147/1 975/2145/1 973/4540/1
f 973/4540/1 1001/1178/1 943/2148/1
f 943/2148/1 930/5093/1 948/2146/1
f 950/2147/1 973/4540/1 943/2148/1
f 1203/5094/3 604/5095/3 605/2149/3
f 605/2149/3 1595/1174/3 1598/2150/3
f 1429/1563/3 1203/5094/3 605/2149/3
f 2774/2151/1 2773/863/1 2761/2129/1
f 2761/2152/4 2759/5096/4 2760/2153/4
f 2775/2084/5 2776/2240/5 2773/2155/5
f 439/112/6 449/211/6 450/560/6
f 2773/2155/5 2779/2241/5 2777/2156/5
f 2797/4866/6 2694/4869/6 2695/2078/6
f 2713/5097/6 2714/5098/6 2735/2857/6
f 2797/4866/6 2695/2078/6 2713/5097/6
f 2840/5099/6 2806/4867/6 2797/4866/6
f 2931/2341/6 2932/5100/6 2890/2160/6
f 2890/2160/6 2840/5099/6 2797/4866/6
f 2713/5097/6 2735/2857/6 2736/5101/6
f 2736/5101/6 2822/2223/6 2823/2158/6
f 2713/5097/6 2736/5101/6 2823/2158/6
f 2890/2160/6 2797/4866/6 2713/5097/6
f 2862/5102/6 2931/2341/6 2890/2160/6
f 2839/2159/6 2862/5102/6 2890/2160/6
f 2890/2160/6 2713/5097/6 2823/2158/6
f 2694/2118/2 2797/5103/2 2795/2423/2
f 2694/2118/2 2795/2423/2 2764/5104/2
f 2675/1797/2 2676/1796/2 2683/2163/2
f 2683/2163/2 2694/2118/2 2764/5104/2
f 2683/2163/2 2764/5104/2 2692/5105/2
f 2668/2662/2 2675/1797/2 2683/2163/2
f 2673/2162/2 2668/2662/2 2683/2163/2
f 2683/2163/2 2692/5105/2 2682/2161/2
f 2784/2164/4 2769/2038/4 2767/1859/4
f 2753/1273/2 2825/4655/2 2822/1289/2
f 2785/2165/6 2786/5106/6 2758/2166/6
f 490/2168/2 504/5107/2 489/2169/2
f 2789/2171/6 2787/5108/6 2788/2172/6
f 2757/2174/4 2788/2272/4 2770/2119/4
f 2792/2175/5 2794/5109/5 2791/2176/5
f 2803/1917/5 2804/2076/5 2802/2177/5
f 2939/538/1 2855/4356/1 2852/864/1
f 2852/864/1 2776/863/1 2775/2151/1
f 2775/2151/1 2869/1148/1 2868/1150/1
f 2868/1150/1 2962/2356/1 2961/2353/1
f 2969/2178/1 2939/538/1 2852/864/1
f 2868/1150/1 2961/2353/1 2969/2178/1
f 2852/864/1 2775/2151/1 2868/1150/1
f 2797/2179/4 2806/2333/4 2796/2180/4
f 2757/2173/6 2756/2856/6 2754/2141/6
f 2754/2141/6 2771/2167/6 2758/2166/6
f 2786/5106/6 2800/2182/6 2799/2181/6
f 2757/2173/6 2754/2141/6 2758/2166/6
f 2758/2166/6 2786/5106/6 2799/2181/6
f 2789/2171/6 2757/2173/6 2758/2166/6
f 2828/1970/6 2787/5108/6 2789/2171/6
f 2828/1970/6 2789/2171/6 2799/2181/6
f 2826/5110/6 2827/5001/6 2828/1970/6
f 2786/5106/6 2785/2165/6 2811/2183/6
f 2811/2183/6 2826/5110/6 2828/1970/6
f 2828/1970/6 2799/2181/6 2800/2182/6
f 2800/2182/6 2786/5106/6 2811/2183/6
f 2500/987/1 2505/4838/1 2470/2184/1
f 2470/2184/1 2457/5111/1 2489/2185/1
f 3474/2186/6 3475/2808/6 3425/2810/6
f 3425/2810/6 3432/2190/6 3472/2187/6
f 3472/2187/6 3518/2792/6 3524/2188/6
f 3474/2186/6 3425/2810/6 3472/2187/6
f 3186/5112/6 3158/2566/6 3189/384/6
f 3186/5112/6 3189/384/6 3210/3974/6
f 3377/2191/6 3277/2583/6 3263/5113/6
f 3263/5113/6 3186/5112/6 3210/3974/6
f 3234/3973/6 3353/2603/6 3356/5114/6
f 3263/5113/6 3210/3974/6 3234/3973/6
f 3433/2810/6 3411/5115/6 3377/2191/6
f 3377/2191/6 3263/5113/6 3234/3973/6
f 3377/2191/6 3234/3973/6 3356/5114/6
f 3431/2190/6 3433/2810/6 3377/2191/6
f 3377/2191/6 3356/5114/6 3375/2189/6
f 1364/5116/1 1415/2195/1 1362/4681/1
f 1362/4681/1 1380/1929/1 1399/5117/1
f 1404/2192/1 1469/2067/1 1528/2066/1
f 1362/4681/1 1399/5117/1 1404/2192/1
f 1364/5116/1 1362/4681/1 1404/2192/1
f 1404/2192/1 1528/2066/1 1530/37/1
f 3619/32/1 1574/31/1 1544/3787/1
f 3619/32/1 1544/3787/1 1519/2193/1
f 1404/2192/1 1530/37/1 3619/32/1
f 1439/2194/1 1364/5116/1 1404/2192/1
f 1475/367/1 1471/2196/1 1439/2194/1
f 1522/3789/1 1475/367/1 1439/2194/1
f 1404/2192/1 3619/32/1 1519/2193/1
f 1519/2193/1 1522/3789/1 1439/2194/1
f 1444/372/1 1418/4249/1 1416/1320/1
f 1415/2195/1 1364/5116/1 1439/2194/1
f 1444/372/1 1416/1320/1 1415/2195/1
f 1477/1354/1 1444/372/1 1415/2195/1
f 1415/2195/1 1439/2194/1 1471/2196/1
f 1441/369/1 1477/1354/1 1415/2195/1
f 2472/2198/2 2577/5118/2 2576/2197/2
f 2576/2197/2 2458/2032/2 2459/2031/2
f 2765/2249/1 2763/1950/1 2783/3883/1
f 2805/3882/1 2809/159/1 2810/3881/1
f 2765/2249/1 2783/3883/1 2805/3882/1
f 2950/1569/1 2949/1570/1 2876/2201/1
f 2876/2201/1 2765/2249/1 2805/3882/1
f 2810/3881/1 2819/161/1 2818/2199/1
f 2876/2201/1 2805/3882/1 2810/3881/1
f 2929/4794/1 2950/1569/1 2876/2201/1
f 2875/2233/1 2915/2230/1 2929/4794/1
f 2818/2199/1 2829/2202/1 2874/2200/1
f 2874/2200/1 2875/2233/1 2929/4794/1
f 2876/2201/1 2810/3881/1 2818/2199/1
f 2874/2200/1 2929/4794/1 2876/2201/1
f 2819/161/1 2807/164/1 2829/2202/1
f 2442/1807/2 2336/4958/2 2355/1880/2
f 2355/1880/2 2469/1684/2 2468/4859/2
f 2355/1880/2 2468/4859/2 2465/2203/2
f 2456/1808/2 2442/1807/2 2355/1880/2
f 2815/2098/5 2816/2097/5 2814/2204/5
f 2826/2205/4 2811/2075/4 3548/2206/4
f 927/2210/6 928/5119/6 891/2208/6
f 891/2208/6 960/5120/6 961/2209/6
f 588/2213/6 585/5121/6 586/5122/6
f 588/2213/6 586/5122/6 589/5123/6
f 647/2212/6 648/5124/6 588/2213/6
f 588/2213/6 589/5123/6 618/2211/6
f 2816/2214/3 2833/5125/3 2832/2215/3
f 2156/2218/1 2157/1044/1 2123/2216/1
f 2123/2216/1 2182/4836/1 2158/2219/1
f 2126/2217/1 2083/4779/1 2125/1045/1
f 2123/2216/1 2158/2219/1 2126/2217/1
f 2126/2217/1 2125/1045/1 2156/2218/1
f 2159/613/1 2136/612/1 1951/4773/1
f 1951/4773/1 1952/617/1 2026/1534/1
f 2026/1534/1 2078/1536/1 2083/4779/1
f 1951/4773/1 2026/1534/1 2083/4779/1
f 2205/4776/1 2172/611/1 2159/613/1
f 2159/613/1 1951/4773/1 2083/4779/1
f 2159/613/1 2083/4779/1 2126/2217/1
f 2203/4835/1 2205/4776/1 2159/613/1
f 2160/2220/1 2203/4835/1 2159/613/1
f 2159/613/1 2126/2217/1 2158/2219/1
f 756/211/6 757/5126/6 718/2221/6
f 2842/2224/6 2844/2159/6 2843/2158/6
f 2825/2223/6 2824/1970/6 2842/2224/6
f 2825/2225/4 2843/2332/4 2823/2179/4
f 2341/2228/2 2510/1919/2 2509/4969/2
f 2340/2226/2 3593/1741/2 2345/2227/2
f 2341/2228/2 2509/4969/2 2340/2226/2
f 2831/2156/5 2848/5127/5 2829/2229/5
f 2984/1099/1 2985/1567/1 2915/2230/1
f 2915/2230/1 2875/2233/1 2873/2232/1
f 2873/2232/1 2906/5128/1 2972/2231/1
f 2972/2231/1 2926/2293/1 3044/4507/1
f 3044/4507/1 3002/1097/1 2984/1099/1
f 2915/2230/1 2873/2232/1 2972/2231/1
f 2972/2231/1 3044/4507/1 2984/1099/1
f 2913/4508/1 2914/2292/1 2906/5128/1
f 2913/4508/1 2906/5128/1 2873/2232/1
f 3018/2427/1 3017/2426/1 2913/4508/1
f 2829/2202/1 2990/5129/1 3001/5130/1
f 3001/5130/1 3018/2427/1 2913/4508/1
f 2829/2202/1 3001/5130/1 2913/4508/1
f 2875/2233/1 2874/2200/1 2829/2202/1
f 2829/2202/1 2913/4508/1 2873/2232/1
f 3327/2678/1 3330/2677/1 3240/2234/1
f 3240/2234/1 3229/5131/1 3292/2235/1
f 3312/2236/1 3327/2678/1 3240/2234/1
f 2850/2237/4 2851/2345/4 2847/2174/4
f 2215/2238/2 2378/4405/2 2377/903/2
f 2852/2240/5 2855/2474/5 2853/2241/5
f 660/18/3 661/17/3 700/2242/3
f 578/2246/3 576/757/3 548/3890/3
f 548/3890/3 546/3889/3 549/466/3
f 550/2244/3 581/266/3 638/5132/3
f 548/3890/3 549/466/3 550/2244/3
f 635/2245/3 609/758/3 578/2246/3
f 578/2246/3 548/3890/3 550/2244/3
f 550/2244/3 638/5132/3 635/2245/3
f 2802/2137/2 2901/5133/2 2900/2247/2
f 2872/5134/2 2857/2761/2 2858/5135/2
f 2837/5136/2 2838/2412/2 2840/1288/2
f 2909/2248/2 2872/5134/2 2858/5135/2
f 2858/5135/2 2837/5136/2 2840/1288/2
f 2840/1288/2 2890/4940/2 2930/1836/2
f 2930/1836/2 2928/4939/2 2909/2248/2
f 2909/2248/2 2858/5135/2 2840/1288/2
f 2766/2249/1 2877/2201/1 2878/2250/1
f 2878/2250/1 2784/2115/1 2768/2114/1
f 787/2253/3 745/502/3 747/2251/3
f 747/2251/3 749/504/3 788/2252/3
f 2870/2142/5 2871/2285/5 2868/2240/5
f 758/2255/1 762/1830/1 736/4933/1
f 733/2254/1 723/4431/1 732/934/1
f 758/2255/1 736/4933/1 733/2254/1
f 732/934/1 759/2256/1 758/2255/1
f 760/2256/1 792/1027/1 791/1026/1
f 2093/5137/3 2094/918/3 2063/4423/3
f 2093/5137/3 2063/4423/3 2145/4198/3
f 2151/1883/3 2150/1885/3 2093/5137/3
f 2312/2258/3 2311/5138/3 2166/4960/3
f 2151/1883/3 2093/5137/3 2145/4198/3
f 2312/2258/3 2166/4960/3 2151/1883/3
f 2398/2462/3 2397/2461/3 2312/2258/3
f 2273/2257/3 2274/4736/3 2398/2462/3
f 2151/1883/3 2145/4198/3 2273/2257/3
f 2273/2257/3 2398/2462/3 2312/2258/3
f 2618/2263/6 2617/5139/6 2592/2261/6
f 2592/2261/6 2591/2264/6 2604/2262/6
f 2591/2264/6 2592/2261/6 2522/651/6
f 2522/651/6 2521/1916/6 2555/1003/6
f 2522/651/6 2555/1003/6 2543/2260/6
f 2603/5140/6 2604/2262/6 2591/2264/6
f 2522/651/6 2543/2260/6 2556/2259/6
f 2522/651/6 2556/2259/6 2557/1002/6
f 2583/4462/6 2603/5140/6 2591/2264/6
f 2522/651/6 2557/1002/6 2584/1004/6
f 2584/1004/6 2583/4462/6 2591/2264/6
f 728/2266/6 771/5141/6 773/735/6
f 3303/2268/2 3282/4923/2 3283/2631/2
f 3306/2269/2 3362/2714/2 3361/5142/2
f 3303/2268/2 3283/2631/2 3306/2269/2
f 3306/2269/2 3361/5142/2 3305/2267/2
f 2863/5143/2 2861/4957/2 2882/4956/2
f 2863/5143/2 2882/4956/2 2895/1199/2
f 2894/5144/2 2863/5143/2 2895/1199/2
f 2920/1198/2 3009/5145/2 3005/5146/2
f 2894/5144/2 2895/1199/2 2920/1198/2
f 2919/5147/2 2894/5144/2 2920/1198/2
f 2920/1198/2 3005/5146/2 2935/2270/2
f 2954/2271/2 2919/5147/2 2920/1198/2
f 2866/2272/4 2882/574/4 2861/2225/4
f 2883/2273/4 2867/2237/4 2865/2056/4
f 2790/2274/2 2791/2407/2 2887/2275/2
f 2910/2279/6 2880/2307/6 2879/5148/6
f 2878/2277/6 2891/4184/6 2892/2278/6
f 2910/2279/6 2879/5148/6 2878/2277/6
f 2891/2280/4 2878/2164/4 2877/2017/4
f 302/2283/5 301/5149/5 297/2281/5
f 297/2281/5 296/5150/5 298/2282/5
f 1273/1313/6 1246/1312/6 1244/1284/6
f 1271/4653/6 1289/1309/6 1290/2284/6
f 1273/1313/6 1244/1284/6 1271/4653/6
f 1458/1328/6 1460/4675/6 1273/1313/6
f 1353/1329/6 1458/1328/6 1273/1313/6
f 1273/1313/6 1271/4653/6 1290/2284/6
f 2900/2033/5 2901/2177/5 2898/2285/5
f 1910/2288/2 2236/1050/2 2235/4481/2
f 2188/2286/2 1762/1435/2 1765/4138/2
f 1910/2288/2 2235/4481/2 2188/2286/2
f 2188/2286/2 1765/4138/2 1827/2287/2
f 2886/2025/5 2887/2350/5 2885/2289/5
f 2889/2290/2 2905/2419/2 2904/2275/2
f 2972/2231/1 2906/5128/1 2914/2292/1
f 3319/2294/1 3381/2718/1 3380/2295/1
f 691/2297/3 751/996/3 749/504/3
f 2902/211/4 2903/560/4 2901/114/4
f 2671/2301/1 2651/5151/1 2679/2302/1
f 110/4157/2 237/391/2 231/3968/2
f 231/3968/6 199/331/6 107/5152/6
f 107/5152/2 108/5153/2 86/5154/2
f 86/5154/2 87/5155/2 88/5156/2
f 86/5154/2 88/5156/2 94/5157/2
f 231/3968/2 107/5152/2 86/5154/2
f 90/4158/2 112/605/2 110/4157/2
f 110/4157/2 231/3968/2 86/5154/2
f 86/5154/2 94/5157/2 97/2304/2
f 97/2304/2 103/5158/2 102/5159/2
f 102/5159/2 131/200/2 130/199/2
f 130/199/2 121/3991/2 98/2305/2
f 102/5159/2 130/199/2 98/2305/2
f 90/4158/2 110/4157/2 86/5154/2
f 90/4158/2 86/5154/2 97/2304/2
f 97/2304/2 102/5159/2 98/2305/2
f 93/2306/2 90/4158/2 97/2304/2
f 2918/702/6 2917/700/6 2880/2307/6
f 2880/2307/6 2910/2279/6 2911/703/6
f 2974/2308/1 2952/4069/1 3068/2309/1
f 2934/2313/6 2920/5160/6 2895/2311/6
f 2895/2311/6 2893/5000/6 2912/2312/6
f 2989/2316/6 2988/2395/6 2977/2314/6
f 2977/2314/6 2938/5161/6 2976/2315/6
f 2938/5161/6 2897/5162/6 2896/2317/6
f 2896/2317/6 2987/5163/6 2989/2316/6
f 2976/2315/6 2938/5161/6 2896/2317/6
f 2923/2076/5 2924/2204/5 2922/2318/5
f 1011/1170/6 1016/5164/6 1015/2319/6
f 893/2320/2 897/4793/2 896/1556/2
f 941/1135/2 895/1137/2 893/2320/2
f 880/2051/2 879/2053/2 847/2009/2
f 848/2008/2 3653/2010/2 3656/2013/2
f 880/2051/2 847/2009/2 848/2008/2
f 935/492/2 934/2052/2 917/5055/2
f 936/4085/2 935/492/2 917/5055/2
f 937/1136/2 953/4792/2 936/4085/2
f 895/1137/2 937/1136/2 936/4085/2
f 895/1137/2 936/4085/2 917/5055/2
f 893/2320/2 895/1137/2 917/5055/2
f 893/2320/2 917/5055/2 880/2051/2
f 864/1094/2 898/1548/2 897/4793/2
f 897/4793/2 893/2320/2 880/2051/2
f 848/2008/2 3656/2013/2 812/2006/2
f 864/1094/2 897/4793/2 880/2051/2
f 853/1558/2 3654/1096/2 882/1095/2
f 882/1095/15 864/1094/15 880/2051/15
f 880/2051/2 848/2008/2 812/2006/2
f 882/1095/2 880/2051/2 812/2006/2
f 853/1558/2 882/1095/2 812/2006/2
f 854/4788/2 853/1558/2 812/2006/2
f 867/1087/2 865/4515/2 854/4788/2
f 617/30/2 855/1085/2 867/1087/2
f 617/30/2 867/1087/2 854/4788/2
f 617/30/2 854/4788/2 812/2006/2
f 571/28/2 617/30/2 812/2006/2
f 571/28/2 812/2006/2 764/5025/2
f 504/5107/2 490/2168/2 506/3785/2
f 506/3785/2 571/28/2 764/5025/2
f 782/5024/2 795/2003/2 741/2005/2
f 504/5107/2 506/3785/2 764/5025/2
f 764/5025/2 782/5024/2 741/2005/2
f 740/1034/2 739/1036/2 539/2321/2
f 504/5107/2 764/5025/2 741/2005/2
f 741/2005/2 740/1034/2 539/2321/2
f 540/2322/2 504/5107/2 741/2005/2
f 84/5165/1 83/5166/1 85/262/1
f 84/5165/1 85/262/1 92/5167/1
f 91/2324/1 84/5165/1 92/5167/1
f 96/2325/1 100/3815/1 99/5168/1
f 91/2324/1 92/5167/1 96/2325/1
f 96/2325/1 99/5168/1 95/2323/1
f 3137/5169/2 3152/4921/2 3148/2804/2
f 3137/5169/2 3148/2804/2 3128/2803/2
f 3050/2470/2 3137/5169/2 3128/2803/2
f 3050/2470/2 3128/2803/2 3049/2326/2
f 3006/5146/2 3028/5145/2 3027/2328/2
f 3027/2328/2 3050/2470/2 3049/2326/2
f 3024/2327/2 3006/5146/2 3027/2328/2
f 2924/2329/3 2944/2360/3 2943/2330/3
f 2933/2332/4 2957/2527/4 2932/2333/4
f 2968/2336/3 2942/4164/3 2939/2334/3
f 2939/2334/3 2969/5170/3 2971/2335/3
f 2971/2241/5 2970/2475/5 2946/2337/5
f 2912/2312/6 2937/5161/6 2960/2314/6
f 372/1522/2 356/4777/2 457/2338/2
f 2933/2341/6 2844/2159/6 2849/2343/6
f 2933/2341/6 2849/2343/6 2861/2342/6
f 2954/2376/6 2955/5171/6 2933/2341/6
f 2919/5160/6 2954/2376/6 2933/2341/6
f 2933/2341/6 2861/2342/6 2863/2340/6
f 2894/2311/6 2919/5160/6 2933/2341/6
f 2842/2224/6 2860/1969/6 2861/2342/6
f 2849/2343/6 2844/2159/6 2842/2224/6
f 2974/2344/4 2959/2205/4 2953/2038/4
f 1030/905/3 874/910/3 875/909/3
f 876/908/3 1032/906/3 1030/905/3
f 2938/2345/4 2977/573/4 2960/2272/4
f 2964/2346/5 2961/2474/5 2962/2240/5
f 2962/2240/5 2963/2285/5 3573/2285/5
f 1250/4434/3 1180/4406/3 1221/2347/3
f 1221/2347/3 1426/1563/3 1424/946/3
f 1253/950/3 1250/4434/3 1221/2347/3
f 2561/211/2 2585/560/2 2574/114/2
f 2558/112/2 2547/112/2 2561/211/2
f 2982/2348/5 2983/5172/5 2981/2349/5
f 3597/5173/1 3010/5174/1 2883/1114/1
f 2883/1114/1 2864/4514/1 2881/5175/1
f 2975/5176/1 3599/5177/1 3598/2351/1
f 2883/1114/1 2881/5175/1 2975/5176/1
f 3596/5178/1 3597/5173/1 2883/1114/1
f 3600/2352/1 3596/5178/1 2883/1114/1
f 2883/1114/1 2975/5176/1 3598/2351/1
f 3082/2355/1 2967/5179/1 2964/2353/1
f 2964/2353/1 3573/2356/1 2966/2354/1
f 2966/2354/1 3083/5180/1 3082/2355/1
f 3102/4492/3 3037/2406/3 3038/2405/3
f 3038/2405/3 3012/2404/3 2971/2335/3
f 2971/2335/3 2969/5170/3 2961/2357/3
f 2978/2359/3 2964/2358/3 2967/4113/3
f 2971/2335/3 2961/2357/3 2978/2359/3
f 3103/4493/3 3102/4492/3 3038/2405/3
f 3038/2405/3 2971/2335/3 2978/2359/3
f 2978/2359/3 2967/4113/3 3082/4112/3
f 3038/2405/3 2978/2359/3 3082/4112/3
f 3105/2432/3 3120/2431/3 3103/4493/3
f 3103/4493/3 3038/2405/3 3082/4112/3
f 3103/4493/3 3082/4112/3 3085/4111/3
f 3140/1224/3 3139/2433/3 3105/2432/3
f 3105/2432/3 3103/4493/3 3085/4111/3
f 2965/5181/3 2943/2330/3 2944/2360/3
f 3085/4111/3 2965/5181/3 2944/2360/3
f 2924/2329/3 2832/2215/3 2833/5125/3
f 3105/2432/3 3085/4111/3 2944/2360/3
f 2944/2360/3 2924/2329/3 2833/5125/3
f 2816/2214/3 2704/543/3 2706/4122/3
f 2833/5125/3 2816/2214/3 2706/4122/3
f 2659/5182/3 2623/4121/3 2625/4124/3
f 2706/4122/3 2659/5182/3 2625/4124/3
f 2706/4122/3 2625/4124/3 2660/5183/3
f 2833/5125/3 2706/4122/3 2660/5183/3
f 2782/5184/3 2792/5185/3 2790/2361/3
f 2944/2360/3 2833/5125/3 2660/5183/3
f 3190/4562/3 3140/1224/3 3105/2432/3
f 3141/2539/3 3190/4562/3 3105/2432/3
f 3013/2362/3 3159/4498/3 3141/2539/3
f 2884/5186/3 3015/2372/3 3013/2362/3
f 2790/2361/3 2886/5187/3 2884/5186/3
f 2660/5183/3 2782/5184/3 2790/2361/3
f 3141/2539/3 3105/2432/3 2944/2360/3
f 2944/2360/3 2660/5183/3 2790/2361/3
f 2790/2361/3 2884/5186/3 3013/2362/3
f 3013/2362/3 3141/2539/3 2944/2360/3
f 3216/2363/2 3295/5188/2 3294/2364/2
f 2334/4864/6 2309/4899/6 2332/4898/6
f 2334/4864/6 2332/4898/6 2454/5189/6
f 2361/1702/6 2334/4864/6 2454/5189/6
f 2493/2367/6 2580/4883/6 2581/4881/6
f 2361/1702/6 2454/5189/6 2493/2367/6
f 2353/1809/6 2361/1702/6 2493/2367/6
f 2493/2367/6 2581/4881/6 2495/5190/6
f 2493/2367/6 2495/5190/6 2494/5191/6
f 2455/2366/6 2353/1809/6 2493/2367/6
f 2493/2367/6 2494/5191/6 2484/2368/6
f 2991/2369/3 2992/5192/3 3001/2370/3
f 3055/4497/3 3014/2362/3 3016/2372/3
f 2945/5193/3 2885/5186/3 2887/5187/3
f 3016/2372/3 2945/5193/3 2887/5187/3
f 2887/5187/3 2791/2361/3 2794/5185/3
f 2887/5187/3 2794/5185/3 2888/5194/3
f 3016/2372/3 2887/5187/3 2888/5194/3
f 2904/5195/3 2982/4346/3 2980/2373/3
f 3016/2372/3 2888/5194/3 2904/5195/3
f 3041/2374/3 3061/4491/3 3055/4497/3
f 2980/2373/3 3042/1063/3 3041/2374/3
f 3016/2372/3 2904/5195/3 2980/2373/3
f 3041/2374/3 3055/4497/3 3016/2372/3
f 2958/2375/6 2955/5171/6 2954/2376/6
f 3025/5196/6 2957/5100/6 2933/2341/6
f 3025/5196/6 2933/2341/6 2955/5171/6
f 3069/5197/6 3025/5196/6 2955/5171/6
f 2958/2375/6 2935/2377/6 3005/2394/6
f 3069/5197/6 2955/5171/6 2958/2375/6
f 3148/5198/6 3149/5199/6 3132/2380/6
f 3132/2380/6 3069/5197/6 2958/2375/6
f 2958/2375/6 3005/2394/6 3006/5200/6
f 3132/2380/6 2958/2375/6 3006/5200/6
f 3128/5201/6 3148/5198/6 3132/2380/6
f 3049/2379/6 3128/5201/6 3132/2380/6
f 3132/2380/6 3006/5200/6 3024/2378/6
f 2943/2382/2 2965/2383/2 3085/2381/2
f 3085/2381/2 3084/5202/2 2921/1932/2
f 2921/1932/2 2922/2384/2 2943/2382/2
f 3015/2097/5 3016/2289/5 3014/2385/5
f 3019/2386/5 3020/2444/5 3017/2387/5
f 3045/2389/2 3021/5203/2 3003/653/2
f 2995/2391/1 2996/1098/1 2993/4506/1
f 3046/2392/1 3022/2633/1 3004/2393/1
f 2995/2391/1 2993/4506/1 3046/2392/1
f 3026/5204/6 3027/2378/6 3028/5200/6
f 3009/2394/6 2920/5160/6 2934/2313/6
f 3026/5204/6 3028/5200/6 3009/2394/6
f 3000/5205/6 3026/5204/6 3009/2394/6
f 3009/2394/6 2934/2313/6 2960/2314/6
f 2936/2395/6 3000/5205/6 3009/2394/6
f 3009/574/4 3028/2526/4 3006/2332/4
f 3030/2396/6 3032/2451/6 3010/2397/6
f 3601/5206/4 3008/2205/4 3029/2399/4
f 3029/2399/4 3010/2273/4 3597/2400/4
f 3602/2401/4 3601/5206/4 3029/2399/4
f 3102/4038/1 3101/4037/1 3036/2402/1
f 3036/2402/1 3011/2427/1 2970/2403/1
f 2970/2403/1 2971/2178/1 3012/5207/1
f 3037/2355/1 3102/4038/1 3036/2402/1
f 2970/2403/1 3012/5207/1 3037/2355/1
f 2794/2407/2 2792/2274/2 2782/2408/2
f 2782/2408/2 2762/4744/2 2793/2409/2
f 2837/5136/2 2858/5135/2 2857/2761/2
f 2837/5136/2 2857/2761/2 2836/2410/2
f 2820/5208/2 2821/2424/2 2838/2412/2
f 2838/2412/2 2837/5136/2 2836/2410/2
f 2835/2411/2 2820/5208/2 2838/2412/2
f 2909/2248/2 2928/4939/2 2927/2421/2
f 3172/4918/2 3145/4916/2 3146/4915/2
f 3146/4915/2 3088/4914/2 3087/2417/2
f 3064/2416/2 3086/2418/2 2983/2670/2
f 3146/4915/2 3087/2417/2 3064/2416/2
f 3187/1775/2 3172/4918/2 3146/4915/2
f 3147/5209/2 3175/4919/2 3187/1775/2
f 3110/2414/2 3129/2800/2 3147/5209/2
f 3091/2415/2 3110/2414/2 3147/5209/2
f 3147/5209/2 3187/1775/2 3146/4915/2
f 3146/4915/2 3064/2416/2 2983/2670/2
f 2983/2670/2 2982/5210/2 2904/2275/2
f 2983/2670/2 2904/2275/2 2907/2420/2
f 3147/5209/2 3146/4915/2 2983/2670/2
f 3091/2415/2 3147/5209/2 2983/2670/2
f 3111/2413/2 3091/2415/2 2983/2670/2
f 3132/2803/2 3131/2801/2 3111/2413/2
f 3045/2389/2 3069/2326/2 3132/2803/2
f 2986/654/2 3003/653/2 3021/5203/2
f 3021/5203/2 3045/2389/2 3132/2803/2
f 3132/2803/2 3111/2413/2 2983/2670/2
f 3021/5203/2 3132/2803/2 2983/2670/2
f 2947/4194/2 2986/654/2 3021/5203/2
f 2951/1020/2 2956/1019/2 2947/4194/2
f 2927/2421/2 2951/1020/2 2947/4194/2
f 2947/4194/2 3021/5203/2 2983/2670/2
f 2947/4194/2 2983/2670/2 2907/2420/2
f 2927/2421/2 2947/4194/2 2907/2420/2
f 2927/2421/2 2907/2420/2 2905/2419/2
f 2908/2422/2 2927/2421/2 2905/2419/2
f 2889/2290/2 2888/2291/2 2794/2407/2
f 2908/2422/2 2905/2419/2 2889/2290/2
f 2834/2762/2 2872/5134/2 2909/2248/2
f 2909/2248/2 2908/2422/2 2889/2290/2
f 2889/2290/2 2794/2407/2 2793/2409/2
f 2793/2409/2 2762/4744/2 2748/2110/2
f 2749/5092/2 2733/5091/2 2796/2423/2
f 2793/2409/2 2748/2110/2 2749/5092/2
f 2909/2248/2 2889/2290/2 2793/2409/2
f 2820/5208/2 2835/2411/2 2834/2762/2
f 2834/2762/2 2909/2248/2 2793/2409/2
f 2793/2409/2 2749/5092/2 2796/2423/2
f 2796/2423/2 2806/5103/2 2840/1288/2
f 2840/1288/2 2838/2412/2 2821/2424/2
f 2820/5208/2 2834/2762/2 2793/2409/2
f 2796/2423/2 2840/1288/2 2821/2424/2
f 2821/2424/2 2820/5208/2 2793/2409/2
f 3040/2425/1 3039/1100/1 3020/2426/1
f 3020/2428/3 3039/5211/3 3043/2429/3
f 1772/2434/3 1704/5212/3 1823/2435/3
f 1796/2437/3 1707/1467/3 1708/1466/3
f 1708/1466/3 1704/5212/3 1772/2434/3
f 1796/2437/3 1708/1466/3 1772/2434/3
f 1891/4665/3 1888/4664/3 1796/2437/3
f 1798/2438/3 1891/4665/3 1796/2437/3
f 1796/2437/3 1772/2434/3 1825/2436/3
f 3072/2440/6 3050/2379/6 3027/2378/6
f 3027/2378/6 3026/5204/6 3047/2439/6
f 3052/2441/4 3054/2529/4 3035/2345/4
f 3043/2442/4 3039/564/4 3040/2443/4
f 3059/2337/5 3060/2531/5 3057/2445/5
f 1227/1923/1 1225/4970/1 1321/1927/1
f 1321/1927/1 1318/4680/1 1344/2450/1
f 1321/1927/1 1344/2450/1 1297/2447/1
f 1277/2448/1 1227/1923/1 1321/1927/1
f 1299/2449/1 1277/2448/1 1297/2447/1
f 1344/2450/1 1323/4679/1 1299/2449/1
f 3076/385/6 3075/5213/6 3034/4006/6
f 3032/2451/6 3030/2396/6 3074/2452/6
f 3076/385/6 3034/4006/6 3032/2451/6
f 3084/2177/5 3085/2318/5 3082/2346/5
f 913/5214/3 778/983/3 758/4444/3
f 758/4444/3 761/4445/3 791/953/3
f 758/4444/3 791/953/3 793/4447/3
f 930/5215/3 913/5214/3 758/4444/3
f 987/2299/3 969/2298/3 963/5216/3
f 963/5216/3 930/5215/3 758/4444/3
f 963/5216/3 758/4444/3 793/4447/3
f 1111/3892/3 1084/2300/3 987/2299/3
f 963/5216/3 793/4447/3 799/4446/3
f 799/4446/3 802/952/3 827/1060/3
f 799/4446/3 827/1060/3 818/2454/3
f 1151/3893/3 1111/3892/3 987/2299/3
f 1607/4740/3 1604/184/3 1151/3893/3
f 1993/666/3 1932/665/3 2041/4422/3
f 1987/1561/3 1993/666/3 2041/4422/3
f 1607/4740/3 1151/3893/3 987/2299/3
f 1987/1561/3 2041/4422/3 1607/4740/3
f 1651/5217/3 1987/1561/3 1607/4740/3
f 1513/947/3 1651/5217/3 1607/4740/3
f 1501/4433/3 1507/945/3 1513/947/3
f 1501/4433/3 1513/947/3 1607/4740/3
f 1501/4433/3 1607/4740/3 987/2299/3
f 1372/1892/3 1501/4433/3 987/2299/3
f 963/5216/3 799/4446/3 818/2454/3
f 963/5216/3 818/2454/3 831/1062/3
f 1308/2453/3 1372/1892/3 987/2299/3
f 963/5216/3 831/1062/3 830/1061/3
f 830/1061/3 832/4490/3 1308/2453/3
f 987/2299/3 963/5216/3 830/1061/3
f 3092/2455/4 3070/2344/4 3068/2164/4
f 3604/5218/6 3599/5219/6 2975/5220/6
f 3604/5218/6 2975/5220/6 2881/5221/6
f 2999/2458/6 3603/2460/6 3604/5218/6
f 2999/2458/6 3604/5218/6 2881/5221/6
f 2864/5222/6 2865/2752/6 2846/5003/6
f 2999/2458/6 2881/5221/6 2864/5222/6
f 2864/5222/6 2846/5003/6 2845/5002/6
f 2959/699/6 2974/4276/6 3070/2456/6
f 2864/5222/6 2845/5002/6 2959/699/6
f 2999/2458/6 2864/5222/6 2959/699/6
f 3070/2456/6 3092/701/6 3093/5223/6
f 2999/2458/6 2959/699/6 3070/2456/6
f 3008/2398/6 2999/2458/6 3070/2456/6
f 3070/2456/6 3093/5223/6 3094/2479/6
f 3070/2456/6 3094/2479/6 3071/2452/6
f 3007/2457/6 3008/2398/6 3070/2456/6
f 3070/2456/6 3071/2452/6 3031/2396/6
f 2999/2458/6 3008/2398/6 3601/2459/6
f 2239/1304/3 2237/1303/3 2219/4669/3
f 2198/4668/3 2197/4667/3 1891/4665/3
f 2240/4663/3 2239/1304/3 2219/4669/3
f 2198/4668/3 1891/4665/3 1798/2438/3
f 2198/4668/3 1798/2438/3 1825/2436/3
f 1825/2436/3 1823/2435/3 1976/5224/3
f 1825/2436/3 1976/5224/3 1996/919/3
f 1825/2436/3 1996/919/3 2096/918/3
f 1825/2436/3 2096/918/3 2091/5137/3
f 1825/2436/3 2091/5137/3 2149/1885/3
f 2179/1884/3 2167/4960/3 2234/5225/3
f 1825/2436/3 2149/1885/3 2179/1884/3
f 2198/4668/3 1825/2436/3 2179/1884/3
f 2179/1884/3 2234/5225/3 2272/5226/3
f 2179/1884/3 2272/5226/3 2300/5227/3
f 2198/4668/3 2179/1884/3 2300/5227/3
f 2198/4668/3 2300/5227/3 2314/5228/3
f 2219/4669/3 2198/4668/3 2314/5228/3
f 2339/5229/3 2310/5138/3 2313/2258/3
f 2219/4669/3 2314/5228/3 2339/5229/3
f 2402/1824/3 2401/1825/3 2240/4663/3
f 2240/4663/3 2219/4669/3 2339/5229/3
f 2339/5229/3 2313/2258/3 2396/2461/3
f 2402/1824/3 2240/4663/3 2339/5229/3
f 2546/1964/3 2545/1966/3 2402/1824/3
f 2576/1298/3 2575/1296/3 2546/1964/3
f 2315/2465/3 2460/5230/3 2458/5231/3
f 2458/5231/3 2576/1298/3 2546/1964/3
f 2546/1964/3 2402/1824/3 2339/5229/3
f 2546/1964/3 2339/5229/3 2396/2461/3
f 2315/2465/3 2458/5231/3 2546/1964/3
f 1999/4325/3 2317/2496/3 2315/2465/3
f 2006/4239/3 1999/4325/3 2315/2465/3
f 2546/1964/3 2396/2461/3 2404/2463/3
f 2315/2465/3 2546/1964/3 2404/2463/3
f 1936/4240/3 2006/4239/3 2315/2465/3
f 1910/4237/3 1912/685/3 1936/4240/3
f 2275/5232/3 2217/1700/3 2236/1699/3
f 2236/1699/3 1910/4237/3 1936/4240/3
f 2315/2465/3 2404/2463/3 2399/2462/3
f 2380/2464/3 2275/5232/3 2236/1699/3
f 2315/2465/3 2399/2462/3 2380/2464/3
f 2236/1699/3 1936/4240/3 2315/2465/3
f 3099/2467/6 3097/2524/6 3096/5233/6
f 3078/2439/6 3077/5234/6 3080/2466/6
f 3099/2467/6 3096/5233/6 3078/2439/6
f 3096/2468/2 3097/2482/2 3095/2469/2
f 3095/211/5 3097/560/5 3099/114/5
f 2135/1637/6 2170/5063/6 2171/2471/6
f 3100/2473/4 3079/2441/4 3075/2237/4
f 3103/2474/5 3104/2562/5 3101/2475/5
f 3108/2350/5 3109/2349/5 3107/2478/5
f 3135/2481/6 3114/1959/6 3094/2479/6
f 3094/2479/6 3093/5223/6 3113/2480/6
f 3099/2482/2 3117/2499/2 3115/2483/2
f 2945/2485/2 3016/2567/2 3015/2484/2
f 3015/2484/2 2884/2276/2 2885/2275/2
f 1388/2488/2 1350/4949/2 1334/2486/2
f 1334/2486/2 1452/4951/2 1449/2487/2
f 3326/3976/6 3327/3975/6 3312/5235/6
f 3311/2490/6 3423/2798/6 3424/1370/6
f 3311/2490/6 3424/1370/6 3408/1072/6
f 3326/3976/6 3312/5235/6 3311/2490/6
f 3372/2722/6 3351/344/6 3346/2489/6
f 3346/2489/6 3326/3976/6 3311/2490/6
f 3311/2490/6 3408/1072/6 3392/1074/6
f 3371/2491/6 3372/2722/6 3346/2489/6
f 3311/2490/6 3392/1074/6 3371/2491/6
f 752/4984/2 751/4769/2 691/1512/2
f 773/4991/2 772/4985/2 752/4984/2
f 725/4992/2 753/1953/2 773/4991/2
f 677/4998/2 696/4994/2 692/4993/2
f 725/4992/2 773/4991/2 752/4984/2
f 725/4992/2 752/4984/2 691/1512/2
f 692/4993/2 725/4992/2 691/1512/2
f 655/859/2 681/858/2 677/4998/2
f 692/4993/2 691/1512/2 676/4768/2
f 652/2492/2 647/1546/2 618/5236/2
f 677/4998/2 692/4993/2 676/4768/2
f 652/2492/2 618/5236/2 589/5237/2
f 677/4998/2 676/4768/2 652/2492/2
f 559/1573/2 659/857/2 655/859/2
f 655/859/2 677/4998/2 652/2492/2
f 652/2492/2 589/5237/2 586/2493/2
f 586/2493/2 585/4787/2 559/1573/2
f 559/1573/2 655/859/2 652/2492/2
f 2152/2494/3 2153/4326/3 2154/813/3
f 2186/2495/3 2342/4644/3 2344/4643/3
f 2152/2494/3 2154/813/3 2186/2495/3
f 2186/2495/3 2344/4643/3 2318/2496/3
f 3382/2029/3 3331/2028/3 3334/5238/3
f 3382/2029/3 3334/5238/3 3337/2657/3
f 3443/2827/3 3485/2826/3 3484/2498/3
f 3382/2029/3 3337/2657/3 3440/2497/3
f 3440/2497/3 3443/2827/3 3484/2498/3
f 3204/4922/2 3116/2483/2 3118/2499/2
f 3118/2499/2 3231/5239/2 3226/2500/2
f 3208/2501/2 3204/4922/2 3118/2499/2
f 3117/2502/4 3118/5240/4 3116/2503/4
f 3060/2505/1 3059/4510/1 3162/421/1
f 667/2506/3 636/4442/3 637/2507/3
f 3568/5241/6 3135/2481/6 3113/2480/6
f 3236/2508/6 3276/4930/6 3258/1816/6
f 3568/5241/6 3113/2480/6 3236/2508/6
f 3136/5242/6 3568/5241/6 3236/2508/6
f 3236/2508/6 3258/1816/6 3238/2509/6
f 3203/2510/6 3136/5242/6 3236/2508/6
f 470/2339/2 458/2338/2 536/2511/2
f 446/571/1 448/4135/1 530/1598/1
f 3157/2513/1 3100/2093/1 3076/2599/1
f 3076/2599/1 3155/2515/1 3183/2514/1
f 3185/2516/1 3230/5131/1 3232/2234/1
f 3157/2513/1 3076/2599/1 3183/2514/1
f 3183/2514/1 3185/2516/1 3232/2234/1
f 3168/2518/5 3166/2630/5 3165/2349/5
f 3165/2349/5 3167/5172/5 3605/2517/5
f 503/2520/2 453/5029/2 443/2519/2
f 443/2519/2 393/2080/2 394/5077/2
f 359/2079/2 339/5030/2 311/2044/2
f 311/2044/2 343/2039/2 342/2041/2
f 342/2041/2 364/2040/2 479/1335/2
f 491/1334/2 511/1336/2 521/29/2
f 342/2041/2 479/1335/2 491/1334/2
f 359/2079/2 311/2044/2 342/2041/2
f 394/5077/2 359/2079/2 342/2041/2
f 491/1334/2 521/29/2 506/3785/2
f 394/5077/2 342/2041/2 491/1334/2
f 443/2519/2 394/5077/2 491/1334/2
f 491/1334/2 506/3785/2 490/2168/2
f 491/1334/2 490/2168/2 454/2170/2
f 540/2322/2 539/2321/2 503/2520/2
f 504/5107/2 540/2322/2 503/2520/2
f 443/2519/2 491/1334/2 454/2170/2
f 489/2169/2 504/5107/2 503/2520/2
f 443/2519/2 454/2170/2 489/2169/2
f 1250/4670/1 1248/1306/1 1200/5243/1
f 1149/5244/6 861/5245/6 603/773/6
f 1250/4670/1 1200/5243/1 1149/5244/1
f 1030/5246/1 1180/5247/1 1250/4670/1
f 874/5248/1 1030/5246/1 1250/4670/1
f 1250/4670/1 1149/5244/1 603/773/1
f 590/745/1 557/747/1 552/692/1
f 874/5248/1 1250/4670/1 603/773/1
f 719/5249/1 874/5248/1 603/773/1
f 590/745/1 552/692/1 624/1244/1
f 717/5250/1 719/5249/1 603/773/1
f 754/5251/1 756/5252/1 717/5250/1
f 774/2522/1 776/5253/1 754/5251/1
f 787/5254/1 789/5255/1 774/2522/1
f 670/4257/1 746/5256/1 745/5257/1
f 745/5257/1 787/5254/1 774/2522/1
f 774/2522/1 754/5251/1 717/5250/1
f 603/773/1 590/745/1 624/1244/1
f 603/773/1 624/1244/1 625/4566/1
f 774/2522/1 717/5250/1 603/773/1
f 670/4257/1 745/5257/1 774/2522/1
f 650/4253/1 643/694/1 670/4257/1
f 622/4567/1 620/4254/1 650/4253/1
f 693/1745/1 622/4567/1 650/4253/1
f 603/773/1 625/4566/1 628/5258/1
f 662/5259/1 660/4565/1 699/5260/1
f 603/773/1 628/5258/1 662/5259/1
f 693/1745/1 650/4253/1 670/4257/1
f 726/4904/1 693/1745/1 670/4257/1
f 774/2522/1 603/773/1 662/5259/1
f 699/5260/1 713/5261/1 714/2521/1
f 774/2522/1 662/5259/1 699/5260/1
f 726/4904/1 670/4257/1 774/2522/1
f 714/2521/1 730/1744/1 731/1746/1
f 731/1746/1 726/4904/1 774/2522/1
f 774/2522/1 699/5260/1 714/2521/1
f 3180/5199/6 3152/5198/6 3153/2523/6
f 3137/5201/6 3050/2379/6 3072/2440/6
f 3205/2553/6 3180/5199/6 3153/2523/6
f 3153/2523/6 3137/5201/6 3072/2440/6
f 3095/2524/6 3098/2467/6 3115/2565/6
f 3153/2523/6 3072/2440/6 3095/2524/6
f 3204/2554/6 3205/2553/6 3153/2523/6
f 3095/2524/6 3115/2565/6 3116/2525/6
f 3116/2525/6 3204/2554/6 3153/2523/6
f 3152/2526/4 3180/2675/4 3149/2527/4
f 3181/2528/4 3154/2399/4 3150/2205/4
f 3150/2205/4 3151/2344/4 3568/2344/4
f 3158/2529/4 3186/2609/4 3119/573/4
f 3159/2204/5 3160/2385/5 3142/2530/5
f 3163/2475/5 3164/2591/5 3161/2531/5
f 3106/2532/2 3107/5262/2 3218/2363/2
f 2595/2533/2 2593/4745/2 2579/2534/2
f 2614/2535/2 2628/4742/2 2595/2533/2
f 3142/2536/2 3192/5263/2 3191/2537/2
f 3213/1225/3 3190/4562/3 3141/2539/3
f 3141/2539/3 3191/1069/3 3193/1068/3
f 907/4760/1 903/1488/1 921/5264/1
f 921/5264/1 943/2148/1 998/2548/1
f 921/5264/1 998/2548/1 1002/2550/1
f 1029/1210/1 907/4760/1 921/5264/1
f 1022/2542/1 1029/1210/1 921/5264/1
f 921/5264/1 1002/2550/1 1021/2540/1
f 1021/2540/1 1039/2549/1 1073/2541/1
f 1073/2541/1 1071/1213/1 1074/1212/1
f 1073/2541/1 1074/1212/1 1040/4561/1
f 1022/2542/1 921/5264/1 1021/2540/1
f 1073/2541/1 1040/4561/1 1022/2542/1
f 884/2546/1 852/1486/1 820/2647/1
f 820/2647/1 819/2646/1 835/4236/1
f 820/2647/1 835/4236/1 836/680/1
f 883/5265/1 884/2546/1 820/2647/1
f 894/2547/6 883/5265/6 820/2647/6
f 820/2647/1 836/680/1 881/682/1
f 881/682/1 851/681/1 850/5266/1
f 850/5266/1 829/4934/1 3620/1832/1
f 850/5266/1 3620/1832/1 916/2551/1
f 894/2547/1 820/2647/1 881/682/1
f 881/682/1 850/5266/1 916/2551/1
f 912/1832/1 913/1833/1 930/5093/1
f 894/2547/1 881/682/1 916/2551/1
f 916/2551/1 912/1832/1 930/5093/1
f 916/2551/1 930/5093/1 918/2543/1
f 899/2545/1 894/2547/1 916/2551/1
f 921/5264/1 903/1488/1 899/2545/1
f 943/2148/1 921/5264/1 899/2545/1
f 899/2545/1 916/2551/1 918/2543/1
f 920/2544/1 943/2148/1 899/2545/1
f 884/2546/1 883/5265/1 894/2547/1
f 894/2547/1 899/2545/1 885/1487/1
f 998/2548/1 1001/1178/1 993/1177/1
f 1039/2549/1 1021/2540/1 1002/2550/1
f 998/2548/1 993/1177/1 1039/2549/1
f 3208/2552/6 3209/5267/6 3205/2553/6
f 3217/2289/5 3218/2478/5 3216/2555/5
f 335/2558/5 333/5268/5 334/5269/5
f 336/2556/5 338/5270/5 337/2557/5
f 335/2558/5 334/5269/5 336/2556/5
f 3221/2531/5 3222/2643/5 3219/2559/5
f 2191/4879/6 2192/4878/6 2176/4852/6
f 2191/4879/6 2176/4852/6 2162/1662/6
f 2334/4864/6 2333/1704/6 2191/4879/6
f 1975/1596/6 1983/4803/6 2309/4899/6
f 2309/4899/6 2334/4864/6 2191/4879/6
f 2309/4899/6 2191/4879/6 2162/1662/6
f 2309/4899/6 2162/1662/6 2164/2561/6
f 2140/2560/6 2163/1653/6 2033/5271/6
f 2309/4899/6 2164/2561/6 2140/2560/6
f 1975/1596/6 2309/4899/6 2140/2560/6
f 2140/2560/6 2033/5271/6 1588/1471/6
f 1588/1471/6 1591/1473/6 1566/4715/6
f 1975/1596/6 2140/2560/6 1588/1471/6
f 1588/1471/6 1566/4715/6 1564/1388/6
f 1927/1597/6 1975/1596/6 1588/1471/6
f 3213/2346/5 3214/2577/5 3211/2562/5
f 564/114/4 560/114/4 558/112/4
f 558/112/4 568/211/4 567/560/4
f 2936/5272/2 2960/4550/2 2977/4549/2
f 2988/2564/2 3078/2468/2 3047/2470/2
f 2936/5272/2 2977/4549/2 2988/2564/2
f 3000/2563/2 2936/5272/2 2988/2564/2
f 2988/2564/2 3047/2470/2 3026/2328/2
f 3156/2566/6 3119/5112/6 3117/2565/6
f 3117/2565/6 3099/2467/6 3080/2466/6
f 3055/2568/2 3160/2536/2 3159/2538/2
f 3159/2538/2 3013/2484/2 3014/2567/2
f 3231/2569/4 3239/5273/4 3227/2526/4
f 3240/2570/4 3232/2473/4 3230/2273/4
f 3214/2573/1 3213/4040/1 3193/2571/1
f 3193/2571/1 3194/5274/1 3243/2572/1
f 498/706/1 500/705/1 462/4195/1
f 461/656/1 472/636/1 566/2574/1
f 498/706/1 462/4195/1 461/656/1
f 606/772/1 518/4277/1 514/704/1
f 498/706/1 461/656/1 566/2574/1
f 602/773/1 606/772/1 514/704/1
f 514/704/1 498/706/1 566/2574/1
f 566/2574/1 599/4180/1 602/773/1
f 3214/1225/3 3243/1067/3 3244/2575/3
f 3355/112/3 3354/114/3 3233/112/3
f 3233/112/3 3156/112/3 3119/211/3
f 3259/560/3 3260/211/3 3376/560/3
f 3233/112/3 3119/211/3 3259/560/3
f 3425/560/3 3432/114/3 3355/112/3
f 3355/112/3 3233/112/3 3259/560/3
f 3376/560/3 3393/211/3 3395/560/3
f 3355/112/3 3259/560/3 3376/560/3
f 3376/560/3 3395/560/3 3425/560/3
f 3248/2576/4 3249/2701/4 3234/2529/4
f 3191/2318/5 3192/2530/5 3194/2577/5
f 3253/2349/5 3254/2630/5 3252/2578/5
f 3385/5275/2 3402/2763/2 3401/2765/2
f 3385/5275/2 3401/2765/2 3384/2579/2
f 3251/1730/2 3252/4903/2 3360/2581/2
f 3360/2581/2 3385/5275/2 3384/2579/2
f 3359/2580/2 3251/1730/2 3360/2581/2
f 3376/2191/6 3393/2671/6 3329/5276/6
f 3376/2191/6 3329/5276/6 3328/5277/6
f 3119/5112/6 3259/5113/6 3260/2583/6
f 3260/2583/6 3376/2191/6 3328/5277/6
f 3313/2652/6 3239/5278/6 3231/2582/6
f 3260/2583/6 3328/5277/6 3313/2652/6
f 3117/2565/6 3119/5112/6 3260/2583/6
f 3231/2582/6 3118/2525/6 3117/2565/6
f 3260/2583/6 3313/2652/6 3231/2582/6
f 2990/2371/3 2829/4310/3 2848/620/3
f 2990/2371/3 2848/620/3 2856/5279/3
f 2979/2584/3 2991/2369/3 2990/2371/3
f 3018/2430/3 3001/2370/3 2992/5192/3
f 3019/2428/3 3018/2430/3 2992/5192/3
f 3058/3854/3 3056/2429/3 3040/5211/3
f 3059/3855/3 3058/3854/3 3040/5211/3
f 3163/3857/3 3162/3856/3 3059/3855/3
f 3101/4492/3 3163/3857/3 3059/3855/3
f 3101/4492/3 3059/3855/3 3040/5211/3
f 3036/2406/3 3101/4492/3 3040/5211/3
f 3036/2406/3 3040/5211/3 3019/2428/3
f 2946/2336/3 2970/5280/3 3011/2404/3
f 3011/2404/3 3036/2406/3 3019/2428/3
f 3011/2404/3 3019/2428/3 2992/5192/3
f 3011/2404/3 2992/5192/3 2979/2584/3
f 2990/2371/3 2856/5279/3 2925/5281/3
f 2990/2371/3 2925/5281/3 2941/4164/3
f 2946/2336/3 3011/2404/3 2979/2584/3
f 2990/2371/3 2941/4164/3 2946/2336/3
f 182/2585/3 183/5282/3 208/2586/3
f 352/2588/6 353/505/6 76/1344/6
f 352/2588/6 76/1344/6 69/2589/6
f 384/523/6 385/507/6 371/506/6
f 383/4104/6 384/523/6 371/506/6
f 483/412/6 484/411/6 383/4104/6
f 47/1343/6 3540/4692/6 3567/2590/6
f 46/4694/6 47/1343/6 3567/2590/6
f 3567/2590/6 483/412/6 383/4104/6
f 3567/2590/6 383/4104/6 371/506/6
f 69/2589/6 46/4694/6 3567/2590/6
f 3567/2590/6 371/506/6 352/2588/6
f 3267/2562/5 3268/5283/5 3265/2591/5
f 3317/2294/1 3316/2296/1 3298/5284/1
f 3250/2592/1 3222/1352/1 3221/1353/1
f 3317/2294/1 3298/5284/1 3250/2592/1
f 3250/2592/1 3221/1353/1 3299/2593/1
f 1961/2595/2 1940/4827/2 1894/2784/2
f 1894/2784/2 1918/5285/2 1944/2594/2
f 1944/2594/2 1970/2596/2 1968/1614/2
f 1961/2595/2 1894/2784/2 1944/2594/2
f 1970/2596/2 1944/2594/2 1918/5285/2
f 1921/2597/2 1923/4831/2 1959/2598/2
f 1970/2596/2 1918/5285/2 1921/2597/2
f 3030/2092/1 3029/5174/1 3008/5286/1
f 3030/2092/1 3008/5286/1 3007/5287/1
f 3150/453/1 3154/2515/1 3074/2599/1
f 3074/2599/1 3030/2092/1 3007/5287/1
f 3074/2599/1 3007/5287/1 3031/5288/1
f 3114/5289/1 3150/453/1 3074/2599/1
f 3094/2600/1 3114/5289/1 3074/2599/1
f 3074/2599/1 3031/5288/1 3071/2310/1
f 3357/2603/6 3249/3973/6 3248/3972/6
f 3264/2601/6 3278/345/6 3412/2602/6
f 3357/2603/6 3248/3972/6 3264/2601/6
f 3412/2602/6 3379/2702/6 3357/2603/6
f 3328/5290/2 3324/5291/2 3287/2689/2
f 3328/5290/2 3287/2689/2 3286/2604/2
f 3227/2500/2 3239/5239/2 3313/2606/2
f 3313/2606/2 3328/5290/2 3286/2604/2
f 3246/2605/2 3227/2500/2 3313/2606/2
f 3277/2607/2 3377/5/2 3376/2608/2
f 3263/2609/4 3277/2753/4 3260/2569/4
f 3278/2610/4 3264/2576/4 3262/2441/4
f 2612/4746/2 2593/4745/2 2595/2533/2
f 2612/4746/2 2595/2533/2 2628/4742/2
f 2625/2073/2 2578/4747/2 2612/4746/2
f 2661/1445/2 2660/2074/2 2625/2073/2
f 2647/4752/2 2661/1445/2 2625/2073/2
f 2625/2073/2 2612/4746/2 2628/4742/2
f 2648/1450/2 2647/4752/2 2625/2073/2
f 2625/2073/2 2628/4742/2 2666/1439/2
f 2648/1450/2 2625/2073/2 2666/1439/2
f 3634/1453/16 2648/1450/16 2666/1439/16
f 3639/1446/6 3635/1446/6 3634/1453/6
f 3639/1446/2 2665/1446/2 2648/1450/2
f 747/2612/5 745/1016/5 746/2611/5
f 746/2611/5 748/5292/5 749/966/5
f 2225/2021/2 2230/2018/2 2254/2613/2
f 2551/1973/1 2552/5088/1 2539/5089/1
f 2551/1973/1 2539/5089/1 2531/4971/1
f 2523/5056/1 2550/1974/1 2551/1973/1
f 2532/1938/1 2514/4972/1 2528/2614/1
f 2528/2614/1 2523/5056/1 2551/1973/1
f 2551/1973/1 2531/4971/1 2532/1938/1
f 3133/1902/1 3112/5293/1 3065/5294/1
f 3127/4964/1 3133/1902/1 3065/5294/1
f 3022/2633/1 3046/2392/1 3089/1907/1
f 3089/1907/1 3127/4964/1 3065/5294/1
f 3089/1907/1 3065/5294/1 3067/2615/1
f 3023/2616/1 3022/2633/1 3089/1907/1
f 3093/2600/1 3092/2310/1 3066/2309/1
f 3066/2309/1 3067/2615/1 3065/5294/1
f 3066/2309/1 3065/5294/1 3112/5293/1
f 3113/5289/1 3093/2600/1 3066/2309/1
f 3237/2622/1 3236/4052/1 3113/5289/1
f 3225/5295/1 3237/2622/1 3113/5289/1
f 3113/5289/1 3066/2309/1 3112/5293/1
f 3113/5289/1 3112/5293/1 3178/4963/1
f 3284/2619/1 3225/5295/1 3113/5289/1
f 3310/3921/1 3309/4340/1 3307/5296/1
f 3323/3922/1 3310/3921/1 3307/5296/1
f 3323/3922/1 3307/5296/1 3284/2619/1
f 3113/5289/1 3178/4963/1 3201/2621/1
f 3113/5289/1 3201/2621/1 3202/2617/1
f 3255/2618/1 3323/3922/1 3284/2619/1
f 3284/2619/1 3113/5289/1 3202/2617/1
f 3200/2620/1 3255/2618/1 3202/2617/1
f 3284/2619/1 3285/4199/1 3235/667/1
f 3237/2622/1 3225/5295/1 3284/2619/1
f 3290/452/1 3276/669/1 3289/668/1
f 3285/4199/1 3284/2619/1 3307/5296/1
f 3291/2235/1 3290/452/1 3289/668/1
f 3289/668/1 3285/4199/1 3307/5296/1
f 3289/668/1 3307/5296/1 3309/4340/1
f 3311/2236/1 3291/2235/1 3289/668/1
f 3405/4339/1 3423/1142/1 3311/2236/1
f 3289/668/1 3309/4340/1 3308/2623/1
f 3308/2623/1 3405/4339/1 3311/2236/1
f 3290/2624/4 3257/2528/4 3258/2344/4
f 3249/2625/2 3357/6/2 3353/2626/2
f 3293/2593/1 3268/1350/1 3267/4696/1
f 3279/2628/1 3332/5297/1 3331/5298/1
f 3293/2593/1 3267/4696/1 3279/2628/1
f 3279/2628/1 3331/5298/1 3314/2294/1
f 3302/2518/5 3303/93/5 3301/2629/5
f 3283/2631/2 3282/4923/2 3273/1777/2
f 3274/2632/2 3275/5299/2 3306/2269/2
f 3283/2631/2 3273/1777/2 3274/2632/2
f 2891/2250/1 2876/2201/1 2949/1570/1
f 2973/4795/1 2995/2391/1 3004/2393/1
f 2891/2250/1 2949/1570/1 2973/4795/1
f 3067/2615/1 3066/2309/1 2892/2634/1
f 2892/2634/1 2891/2250/1 2973/4795/1
f 2892/2634/1 2973/4795/1 3004/2393/1
f 3023/2616/1 3067/2615/1 2892/2634/1
f 2892/2634/1 3004/2393/1 3022/2633/1
f 3311/2490/6 3312/5235/6 3292/2635/6
f 3343/2637/2 3420/5300/2 3419/2638/2
f 3294/2385/5 3295/2736/5 3297/2640/5
f 3317/233/3 3299/120/3 3293/2641/3
f 3293/2641/3 3314/5026/3 3319/2027/3
f 3319/2642/5 3318/2757/5 3316/2643/5
f 821/306/1 783/3958/1 686/2645/1
f 686/2645/1 814/1831/1 829/4934/1
f 829/4934/1 850/5266/1 835/4236/1
f 829/4934/1 835/4236/1 819/2646/1
f 820/2647/1 821/306/1 686/2645/1
f 686/2645/1 829/4934/1 819/2646/1
f 3200/2620/6 3179/1912/6 3628/1910/6
f 3625/1911/1 3176/1906/1 3173/2648/1
f 3200/2620/1 3628/1910/1 3625/1911/1
f 3207/2650/1 3255/2618/1 3200/2620/1
f 3223/3917/1 3207/2650/1 3200/2620/1
f 3200/2620/1 3625/1911/1 3173/2648/1
f 3173/2648/1 3199/225/1 3198/2649/1
f 3198/2649/1 3223/3917/1 3200/2620/1
f 3322/230/1 3323/3922/1 3255/2618/1
f 3207/2650/1 3223/3917/1 3322/230/1
f 3228/5301/6 3209/5267/6 3208/2552/6
f 3208/2552/6 3226/2582/6 3227/5278/6
f 3228/5301/6 3208/2552/6 3227/5278/6
f 3247/5302/6 3228/5301/6 3227/5278/6
f 3247/5302/6 3227/5278/6 3246/5303/6
f 3324/5277/6 3325/5304/6 3288/2653/6
f 3288/2653/6 3247/5302/6 3246/5303/6
f 3288/2653/6 3246/5303/6 3286/2651/6
f 3287/2652/6 3324/5277/6 3288/2653/6
f 2472/4661/3 2459/5231/3 2461/5230/3
f 2461/5230/3 2316/2465/3 2318/2496/3
f 2461/5230/3 2318/2496/3 3593/5305/3
f 2473/2655/3 2472/4661/3 2461/5230/3
f 2509/1271/3 2511/4642/3 2478/1299/3
f 2473/2655/3 2461/5230/3 3593/5305/3
f 2509/1271/3 2478/1299/3 2473/2655/3
f 2473/2655/3 3593/5305/3 2340/2654/3
f 3281/2659/3 3269/1071/3 3270/1070/3
f 3296/2656/3 3442/2827/3 3441/2497/3
f 3281/2659/3 3270/1070/3 3296/2656/3
f 3315/2660/3 3281/2659/3 3296/2656/3
f 3296/2656/3 3441/2497/3 3336/2657/3
f 3333/2658/3 3315/2660/3 3296/2656/3
f 3332/2028/3 3279/4496/3 3280/4495/3
f 3332/2028/3 3280/4495/3 3281/2659/3
f 3315/2660/3 3333/2658/3 3332/2028/3
f 2542/2661/2 2554/1015/2 2670/1797/2
f 3304/5306/3 3301/2759/3 3303/5307/3
f 3304/5306/3 3303/5307/3 3305/5308/3
f 3321/5309/3 3304/5306/3 3305/5308/3
f 3321/5309/3 3305/5308/3 3361/2663/3
f 3403/5310/3 3321/5309/3 3361/2663/3
f 3460/2664/3 3454/2834/3 3414/5311/3
f 3416/2665/3 3403/5310/3 3361/2663/3
f 3460/2664/3 3414/5311/3 3416/2665/3
f 197/2666/6 252/5312/6 253/2667/6
f 3062/2418/2 3109/5262/2 3108/2532/2
f 3042/2669/2 2980/5210/2 2981/2670/2
f 3062/2418/2 3108/2532/2 3042/2669/2
f 3347/5313/6 3348/5304/6 3328/5277/6
f 3347/5313/6 3328/5277/6 3329/5276/6
f 3425/2810/6 3426/2809/6 3370/2673/6
f 3370/2673/6 3347/5313/6 3329/5276/6
f 3370/2673/6 3329/5276/6 3393/2671/6
f 3395/2672/6 3425/2810/6 3370/2673/6
f 3328/2674/4 3348/5314/4 3325/2675/4
f 3346/2676/1 3350/2700/1 3349/2677/1
f 3349/2679/4 3330/2570/4 3327/2680/4
f 3351/2682/5 3352/5315/5 3350/2683/5
f 1432/2685/1 1469/2067/1 1404/2192/1
f 1404/2192/1 1399/5117/1 1435/2686/1
f 3333/2577/5 3334/2782/5 3331/2687/5
f 3527/5316/6 3/1607/6 72/5317/6
f 3527/5316/6 72/5317/6 218/5318/6
f 19/5319/6 3607/5320/6 3606/2692/6
f 3606/2692/6 3527/5316/6 218/5318/6
f 3606/2692/6 218/5318/6 332/5321/6
f 364/5322/6 19/5319/6 3606/2692/6
f 479/5323/6 364/5322/6 3606/2692/6
f 3606/2692/6 332/5321/6 363/5324/6
f 3606/2692/6 363/5324/6 366/5325/6
f 511/5326/6 479/5323/6 3606/2692/6
f 521/5327/6 511/5326/6 3606/2692/6
f 3606/2692/6 366/5325/6 493/5328/6
f 3606/2692/6 493/5328/6 510/5329/6
f 617/5330/6 521/5327/6 3606/2692/6
f 855/5331/6 617/5330/6 3606/2692/6
f 3606/2692/6 510/5329/6 520/5332/6
f 3606/2692/6 520/5332/6 630/5333/6
f 868/5334/6 855/5331/6 3606/2692/6
f 906/5335/6 868/5334/6 3606/2692/6
f 3606/2692/6 630/5333/6 803/5336/6
f 3606/2692/6 803/5336/6 822/1075/6
f 1054/5337/6 906/5335/6 3606/2692/6
f 1079/5338/6 1054/5337/6 3606/2692/6
f 3606/2692/6 822/1075/6 839/4499/6
f 3606/2692/6 839/4499/6 866/5339/6
f 1138/5340/6 1079/5338/6 3606/2692/6
f 1265/5341/6 1138/5340/6 3606/2692/6
f 3606/2692/6 866/5339/6 904/5342/6
f 3606/2692/6 904/5342/6 1053/5343/6
f 1282/5344/6 1265/5341/6 3606/2692/6
f 1285/5345/6 1282/5344/6 3606/2692/6
f 3606/2692/17 1053/5343/17 1076/5346/17
f 3606/2692/6 1076/5346/6 1239/5347/6
f 1334/5348/6 1285/5345/6 3606/2692/6
f 1644/2059/6 1646/5059/6 1452/5349/6
f 1452/5349/6 1334/5348/6 3606/2692/6
f 3606/2692/6 1239/5347/6 1278/5350/6
f 3606/2692/6 1278/5350/6 1280/5351/6
f 1644/2059/6 1452/5349/6 3606/2692/6
f 1390/5352/6 1644/2059/6 3606/2692/6
f 3606/2692/6 1280/5351/6 1333/5353/6
f 3606/2692/6 1333/5353/6 1368/2690/6
f 1451/2691/6 1390/5352/6 3606/2692/6
f 2727/2693/1 2658/5087/1 2657/2694/1
f 2657/2694/1 2778/863/1 2777/2695/1
f 3391/2696/2 3368/2711/2 3345/2697/2
f 3345/2697/2 3347/5354/2 3370/2698/2
f 3372/2699/1 3373/4962/1 3352/2700/1
f 3357/2701/4 3378/5355/4 3356/2609/4
f 3438/2704/6 3439/2190/6 3378/5114/6
f 3378/5114/6 3357/2603/6 3379/2702/6
f 3379/2702/6 3412/2602/6 3434/5356/6
f 3436/2703/6 3481/2791/6 3482/2793/6
f 3379/2702/6 3434/5356/6 3436/2703/6
f 3438/2704/6 3378/5114/6 3379/2702/6
f 3436/2703/6 3482/2793/6 3438/2704/6
f 841/211/1 840/560/1 823/114/1
f 823/114/1 809/114/1 813/112/1
f 824/211/1 841/211/1 823/114/1
f 3359/850/3 3384/5357/3 3335/2705/3
f 3388/2643/5 3389/2785/5 3386/2707/5
f 3416/2786/2 3415/2788/2 3300/2708/2
f 3300/2708/2 3301/2268/2 3304/5358/2
f 3300/2708/2 3304/5358/2 3321/2709/2
f 3403/2710/2 3416/2786/2 3300/2708/2
f 3422/2715/2 3468/2811/2 3420/5300/2
f 3422/2715/2 3420/5300/2 3343/2637/2
f 3367/2720/2 3390/5359/2 3394/2716/2
f 3363/2639/2 3341/2713/2 3306/2269/2
f 3275/5299/2 3245/2712/2 3256/2688/2
f 3363/2639/2 3306/2269/2 3275/5299/2
f 3343/2637/2 3363/2639/2 3275/5299/2
f 3275/5299/2 3256/2688/2 3288/2689/2
f 3325/5291/2 3348/5290/2 3347/5354/2
f 3275/5299/2 3288/2689/2 3325/5291/2
f 3367/2720/2 3394/2716/2 3422/2715/2
f 3367/2720/12 3422/2715/12 3343/2637/12
f 3343/2637/2 3275/5299/2 3325/5291/2
f 3325/5291/2 3347/5354/2 3345/2697/2
f 3368/2711/2 3367/2720/2 3343/2637/2
f 3343/2637/2 3325/5291/2 3345/2697/2
f 3275/5299/2 3274/2632/2 3224/1776/2
f 3224/1776/2 3228/2500/2 3247/2605/2
f 3224/1776/2 3247/2605/2 3256/2688/2
f 3245/2712/2 3275/5299/2 3224/1776/2
f 3341/2713/2 3363/2639/2 3419/2638/2
f 3419/2638/2 3460/2823/2 3361/5142/2
f 3362/2714/2 3306/2269/2 3341/2713/2
f 3419/2638/2 3361/5142/2 3362/2714/2
f 3390/5359/2 3391/2696/2 3370/2698/2
f 3370/2698/2 3426/1500/2 3422/2715/2
f 3394/2716/2 3390/5359/2 3370/2698/2
f 3444/2717/1 3383/2295/1 3382/2718/1
f 3382/2718/1 3484/5360/1 3483/2719/1
f 3391/2696/2 3390/5359/2 3367/2720/2
f 3397/1074/6 3398/1073/6 3374/2721/6
f 3373/2722/6 3396/2491/6 3397/1074/6
f 3396/2723/4 3373/5361/4 3372/2724/4
f 1265/423/2 1282/4420/2 1262/2726/2
f 1230/1554/2 1211/424/2 1265/423/2
f 212/2727/3 286/5362/3 288/2728/3
f 3337/2729/1 3334/5298/1 3333/5297/1
f 3336/2730/1 3441/5363/1 3440/2731/1
f 3337/2729/1 3333/5297/1 3336/2730/1
f 3443/2764/2 3442/5364/2 3296/2364/2
f 3296/2364/2 3297/5188/2 3358/2732/2
f 3335/2579/2 3443/2764/2 3296/2364/2
f 3446/2825/3 3443/2827/3 3335/2705/3
f 3335/2705/3 3384/5357/3 3401/2733/3
f 3399/2734/3 3446/2825/3 3335/2705/3
f 3401/2735/5 3402/2578/5 3400/131/5
f 3500/2737/5 3493/5365/5 3489/2738/5
f 3489/2738/5 3495/132/5 3494/2739/5
f 3515/2742/5 3511/2744/5 3504/2743/5
f 3505/2740/5 3506/2842/5 3512/2741/5
f 3515/2742/5 3504/2743/5 3505/2740/5
f 3491/5366/5 3492/2785/5 3489/2738/5
f 3493/5365/5 3500/2737/5 3499/2841/5
f 3491/5366/5 3489/2738/5 3493/5365/5
f 3513/2745/5 3498/2790/5 3491/5366/5
f 3522/2774/5 3521/2776/5 3514/2799/5
f 3513/2745/5 3491/5366/5 3493/5365/5
f 3493/5365/5 3499/2841/5 3505/2740/5
f 3493/5365/5 3505/2740/5 3504/2743/5
f 3515/2742/5 3522/2774/5 3514/2799/5
f 3511/2744/5 3515/2742/5 3514/2799/5
f 3513/2745/5 3493/5365/5 3504/2743/5
f 3511/2744/5 3514/2799/5 3513/2745/5
f 823/2747/2 809/1043/2 810/2746/2
f 810/2746/2 844/3984/2 840/912/2
f 3389/235/3 3448/2831/3 3456/2748/3
f 3397/1897/1 3396/4962/1 3371/2699/1
f 3397/1897/1 3371/2699/1 3392/2750/1
f 3424/1142/1 3427/2814/1 3409/1898/1
f 3409/1898/1 3397/1897/1 3392/2750/1
f 3408/2751/1 3424/1142/1 3409/1898/1
f 2988/2395/6 2989/2316/6 2987/5163/6
f 2896/2317/6 2897/5162/6 2851/1968/6
f 3078/2439/6 2988/2395/6 2987/5163/6
f 3051/5367/6 3077/5234/6 3078/2439/6
f 3035/4004/6 3051/5367/6 3078/2439/6
f 3035/4004/6 3078/2439/6 2987/5163/6
f 3032/2451/6 3034/4006/6 3033/4005/6
f 3033/4005/6 3035/4004/6 2987/5163/6
f 3033/4005/6 2987/5163/6 2896/2317/6
f 3010/2397/6 3032/2451/6 3033/4005/6
f 2867/2752/6 2883/5222/6 3010/2397/6
f 2851/1968/6 2850/5003/6 2867/2752/6
f 3010/2397/6 3033/4005/6 2896/2317/6
f 2896/2317/6 2851/1968/6 2867/2752/6
f 3377/2753/4 3411/5368/4 3393/2674/4
f 3051/5369/2 3035/5370/2 3054/2755/2
f 3054/2755/2 3158/1750/2 3156/1752/2
f 3054/2755/2 3156/1752/2 3080/2482/2
f 3077/2756/2 3051/5369/2 3054/2755/2
f 3382/2687/5 3383/2783/5 3380/2757/5
f 3360/850/3 3252/849/3 3254/4352/3
f 3169/5371/3 3166/4349/3 3168/4348/3
f 3385/5357/3 3360/850/3 3254/4352/3
f 3254/4352/3 3169/5371/3 3168/4348/3
f 3254/4352/3 3168/4348/3 3610/5372/3
f 3402/2733/3 3385/5357/3 3254/4352/3
f 3447/2825/3 3400/2734/3 3402/2733/3
f 3413/5311/3 3453/2834/3 3447/2825/3
f 3300/2759/3 3415/2665/3 3413/5311/3
f 3170/5373/3 3302/5307/3 3300/2759/3
f 3608/5374/3 3170/5373/3 3300/2759/3
f 3413/5311/3 3447/2825/3 3402/2733/3
f 3402/2733/3 3254/4352/3 3610/5372/3
f 3609/2758/3 3608/5374/3 3300/2759/3
f 3402/2733/3 3610/5372/3 3609/2758/3
f 3300/2759/3 3413/5311/3 3402/2733/3
f 3415/2630/5 3416/2629/5 3414/2760/5
f 2857/2761/2 2872/5134/2 2834/2762/2
f 2834/2762/2 2835/2411/2 2836/2410/2
f 3400/2763/2 3447/2787/2 3446/2764/2
f 3407/2766/5 3424/2776/5 3423/2767/5
f 3155/383/6 3076/385/6 3074/2452/6
f 3154/1961/6 3184/4929/6 3183/2769/6
f 3155/383/6 3074/2452/6 3154/1961/6
f 3422/2770/5 3426/5375/5 3425/2771/5
f 3429/2773/6 3428/5356/6 3410/2602/6
f 3410/2602/6 3409/1072/6 3427/1370/6
f 3430/2774/5 3429/2816/5 3427/2775/5
f 3435/2777/5 3436/2821/5 3434/2778/5
f 3431/434/5 3439/5376/5 3438/2780/5
f 3442/2530/5 3443/2640/5 3440/2782/5
f 3483/2783/5 3484/2687/5 3485/2640/5
f 3446/2736/5 3447/131/5 3445/130/5
f 1894/2784/2 1940/4827/2 1938/780/2
f 1938/780/2 1831/1537/2 1803/582/2
f 1803/582/2 1842/585/2 1844/584/2
f 1846/4146/2 1848/583/2 1876/4143/2
f 1846/4146/2 1876/4143/2 1906/1617/2
f 1906/1617/2 1921/2597/2 1918/5285/2
f 1894/2784/2 1938/780/2 1803/582/2
f 1906/1617/2 1918/5285/2 1894/2784/2
f 1844/584/2 1846/4146/2 1906/1617/2
f 1894/2784/2 1803/582/2 1844/584/2
f 3450/2757/5 3451/2738/5 3448/2785/5
f 3414/2786/2 3454/2823/2 3453/2787/2
f 3453/2578/5 3454/2760/5 3452/2789/5
f 3448/2785/5 3457/5366/5 3455/2790/5
f 3479/2791/6 3435/2703/6 3428/5356/6
f 3428/5356/6 3429/2773/6 3476/1369/6
f 3478/4700/6 3525/4699/6 3526/2792/6
f 3428/5356/6 3476/1369/6 3478/4700/6
f 3479/2791/6 3428/5356/6 3478/4700/6
f 3526/2792/6 3431/2190/6 3437/2704/6
f 3526/2792/6 3437/2704/6 3480/2793/6
f 3479/2791/6 3478/4700/6 3526/2792/6
f 3388/2794/1 3449/2717/1 3448/2795/1
f 3465/2797/6 3466/2849/6 3407/1370/6
f 3463/2799/5 3466/2766/5 3465/2768/5
f 3188/4920/2 3175/4919/2 3147/5209/2
f 3129/2800/2 3110/2414/2 3111/2413/2
f 3188/4920/2 3147/5209/2 3129/2800/2
f 3130/2802/2 3149/2804/2 3188/4920/2
f 3129/2800/2 3111/2413/2 3131/2801/2
f 3130/2802/2 3188/4920/2 3129/2800/2
f 3130/2802/2 3131/2801/2 3132/2803/2
f 118/2805/5 122/5377/5 121/2806/5
f 3467/2808/6 3468/5378/6 3422/2809/6
f 3430/211/2 3471/560/2 3470/114/2
f 3425/1500/2 3475/1281/2 3467/2811/2
f 3467/2772/5 3475/2771/5 3474/2812/5
f 3471/2813/1 3476/2817/1 3429/2814/1
f 3477/2815/5 3478/2779/5 3476/2816/5
f 3479/2817/1 3481/5379/1 3436/2818/1
f 3438/2819/2 3482/5380/2 3480/2820/2
f 3480/2781/5 3482/2780/5 3481/2821/5
f 3445/2787/2 3486/2824/2 3485/2822/2
f 3490/2719/1 3489/2828/1 3451/2795/1
f 3452/2823/2 3487/2833/2 3488/2824/2
f 3447/2825/3 3488/2835/3 3486/2826/3
f 3492/2828/1 3491/4342/1 3457/840/1
f 3451/2829/3 3489/3927/3 3492/2830/3
f 3458/2832/2 3497/2845/2 3496/2833/2
f 3454/2834/3 3496/2838/3 3487/2835/3
f 3457/2831/3 3491/2830/3 3498/2836/3
f 3459/2837/3 3503/5381/3 3497/2838/3
f 224/3965/4 225/273/4 230/5382/4
f 224/3965/4 230/5382/4 233/3967/4
f 261/60/4 224/3965/4 233/3967/4
f 234/2839/4 231/168/4 237/141/4
f 262/2840/4 261/60/4 233/3967/4
f 234/2839/4 237/141/4 239/210/4
f 262/2840/4 233/3967/4 234/2839/4
f 239/210/4 266/5383/4 262/2840/4
f 3506/2842/5 3499/2841/5 3501/2843/5
f 3501/2843/5 3508/2853/5 3507/2844/5
f 3512/2741/5 3506/2842/5 3501/2843/5
f 3467/2811/2 3520/2855/2 3503/2845/2
f 3503/2845/2 3459/2832/2 3461/5384/2
f 3503/2845/2 3461/5384/2 3418/2638/2
f 3464/2847/2 3467/2811/2 3503/2845/2
f 3503/2845/2 3418/2638/2 3417/2846/2
f 3513/2848/6 3514/4702/6 3463/2849/6
f 3515/2742/5 3512/2741/5 3507/2844/5
f 3516/2850/5 3523/2815/5 3522/2774/5
f 3515/2742/5 3507/2844/5 3516/2850/5
f 3501/2843/5 3499/2841/5 3500/2737/5
f 3494/2739/5 3495/132/5 3487/2789/5
f 3501/2843/5 3500/2737/5 3494/2739/5
f 3501/2843/5 3494/2739/5 3487/2789/5
f 3487/2789/5 3496/2760/5 3497/3822/5
f 3487/2789/5 3497/3822/5 3502/2854/5
f 3508/2853/5 3501/2843/5 3487/2789/5
f 3525/2779/5 3523/2815/5 3517/2852/5
f 3517/2852/5 3508/2853/5 3487/2789/5
f 3517/2852/5 3487/2789/5 3502/2854/5
f 3526/434/5 3525/2779/5 3517/2852/5
f 3518/432/5 3526/434/5 3517/2852/5
f 3517/2852/5 3502/2854/5 3509/2851/5
f 3517/2852/5 3523/2815/5 3516/2850/5
f 3516/2850/5 3507/2844/5 3508/2853/5
f 3502/2854/5 3497/3822/5 3510/2089/5
f 3519/2188/6 3520/5385/6 3467/2808/6
f 3474/1281/2 3524/1282/2 3519/2855/2
f 3612/5386/6 3547/5387/6 2798/5388/6
f 3612/5386/6 2798/5388/6 2751/2141/6
f 2841/5002/6 3571/5389/6 3611/5390/6
f 3612/5386/6 2751/2141/6 2737/2128/6
f 2859/5391/6 2841/5002/6 3611/5390/6
f 3612/5386/6 2737/2128/6 2696/5392/6
f 2879/5148/6 2859/5391/6 3611/5390/6
f 3612/5386/6 2696/5392/6 2678/4156/6
f 2878/2277/6 2879/5148/6 3611/5390/6
f 2878/2277/6 3611/5390/6 3612/5386/6
f 2769/4183/6 2784/646/6 2878/2277/6
f 2637/4966/6 2650/644/6 2769/4183/6
f 2604/2262/6 2603/5140/6 2637/4966/6
f 2618/2263/6 2604/2262/6 2637/4966/6
f 2637/4966/17 2769/4183/17 2878/2277/17
f 2637/4966/6 2878/2277/6 3612/5386/6
f 2617/5139/6 2618/2263/6 2637/4966/6
f 2605/652/6 2592/2261/6 2617/5139/6
f 2716/5097/6 2717/5393/6 2697/2077/6
f 2697/2077/6 2605/652/6 2617/5139/6
f 2637/4966/6 3612/5386/6 2678/4156/6
f 2678/4156/6 2679/4155/6 2651/4154/6
f 2637/4966/6 2678/4156/6 2651/4154/6
f 2715/5098/6 2716/5097/6 2697/2077/6
f 2825/2223/6 2753/5101/6 2738/2857/6
f 2715/5098/6 2697/2077/6 2617/5139/6
f 2738/2857/6 2715/5098/6 2617/5139/6
f 2617/5139/6 2637/4966/6 2651/4154/6
f 2617/5139/6 2651/4154/6 2652/4153/6
f 2738/2857/6 2617/5139/6 2652/4153/6
f 2738/2857/6 2652/4153/6 2720/603/6
f 2770/2172/6 2824/1970/6 2825/2223/6
f 2752/2856/6 2755/2173/6 2770/2172/6
f 2738/2857/6 2720/603/6 2752/2856/6
f 2770/2172/6 2825/2223/6 2738/2857/6
f 3523/2858/1 3525/5394/1 3478/2817/1
usemtl Sword
f 8/2859/6 3596/2860/6 3600/2861/6
f 8/2862/1 11/2863/1 3603/2864/1
f 1257/2865/6 1450/2866/6 1082/2867/6
f 1182/2868/2 1324/2869/2 1185/2870/2
f 1245/2871/3 1436/2872/3 1028/2873/3
f 3572/2874/5 3611/2875/5 3571/2876/5
f 2001/2877/2 2061/2878/2 2067/2879/2
f 1237/2880/1 1389/2881/1 1214/2882/1
f 70/2883/6 3570/2884/6 3569/2885/6
f 3546/2886/4 3612/2887/4 70/2888/4
f 1172/2889/2 1330/2890/2 1189/2891/2
f 1606/2892/2 1675/2893/2 1679/2894/2
f 1551/2895/6 1672/2896/6 1600/2897/6
f 1733/2898/3 1761/2899/3 1808/2900/3
f 1089/2901/5 1037/2902/5 1105/2903/5
f 1156/2904/3 1293/2905/3 1302/2906/3
f 1212/2907/5 1218/2908/5 1187/2909/5
f 1594/2910/3 1533/2911/3 1609/2912/3
f 2024/2913/1 2044/2914/1 2040/2915/1
f 1199/2916/3 1340/2917/3 1194/2918/3
f 1196/2919/3 1324/2920/3 1343/2921/3
f 1352/2922/1 1201/2923/1 1365/2924/1
f 1217/2925/2 1220/2926/2 1212/2927/2
f 980/2928/2 3583/2929/2 3582/2930/2
f 1838/2931/2 1857/2932/2 1854/2933/2
f 900/2934/3 3594/2935/3 3595/2936/3
f 974/2937/1 3528/2938/1 3606/2939/1
f 992/2940/2 1023/2941/2 991/2942/2
f 3574/2943/1 900/2944/1 3577/2945/1
f 1168/2946/1 1300/2947/1 1159/2948/1
f 3529/2949/3 3535/2950/3 931/2951/3
f 3536/2952/3 3543/2953/3 3537/2954/3
f 996/2955/6 1226/2956/6 1228/2957/6
f 1102/2958/2 1275/2959/2 1470/2960/2
f 1224/2961/2 1431/2962/2 1238/2963/2
f 929/2964/3 3554/2965/3 3552/2966/3
f 1965/2967/6 2059/2968/6 2061/2969/6
f 1128/2970/1 1075/2971/1 1059/2972/1
f 1234/2973/6 1428/2974/6 1237/2961/6
f 1306/2975/3 1178/2976/3 1322/2977/3
f 1224/2978/5 992/2979/5 940/2980/5
f 1559/2981/3 1543/2982/3 1356/2983/3
f 1156/2984/2 1300/2985/2 1159/2986/2
f 1004/2987/1 1037/2988/1 1034/2989/1
f 1148/2990/1 1288/2991/1 1146/2992/1
f 1031/2993/5 1061/2994/5 1095/2995/5
f 1293/2996/4 1284/2997/4 1305/2998/4
f 1144/2999/2 1286/3000/2 1284/3001/2
f 1655/3002/2 1594/3003/2 1657/3004/2
f 1189/3005/3 1328/3006/3 1187/3007/3
f 1286/3008/3 1146/3009/3 1288/3010/3
f 2076/3011/3 2095/3012/3 2092/3013/3
f 1206/3014/1 1391/3015/1 1369/3016/1
f 1335/3017/1 1521/3018/1 1518/3019/1
f 1537/3020/2 1394/3021/2 1397/3022/2
f 1166/3023/3 1326/3024/3 1182/3025/3
f 1567/3026/6 1693/3027/6 1695/3028/6
f 1159/3029/6 1305/3030/6 1160/3031/6
f 2102/3032/2 2105/3033/2 2053/3034/2
f 1494/3035/1 1407/3036/1 1509/3037/1
f 1480/3038/1 1279/3039/1 1126/3040/1
f 1242/3041/6 1434/3042/6 1028/3043/6
f 1366/3044/5 1355/3045/5 1402/3046/5
f 1611/3047/1 1688/3048/1 1609/3049/1
f 940/3050/2 968/3051/2 939/3052/2
f 1450/3053/1 1242/3054/1 1026/3055/1
f 1955/3056/1 2031/3057/1 2023/3058/1
f 1258/3059/3 1453/3060/3 1082/3061/3
f 1925/3062/1 1903/3063/1 1945/3064/1
f 1849/3065/2 1889/3066/2 1886/3067/2
f 919/3068/2 3587/3069/2 3588/3070/2
f 1159/3071/3 1310/3072/3 1165/3073/3
f 1829/3074/1 1739/3075/1 1702/3076/1
f 957/3077/3 3613/3078/3 3650/3079/3
f 900/3080/5 3575/3081/5 3577/3082/5
f 931/3083/1 3534/3084/1 3533/3085/1
f 3537/3086/1 3542/3087/1 3538/3088/1
f 1068/3089/2 1119/3090/2 1117/3091/2
f 3554/3092/5 3588/3093/5 3553/3094/5
f 2038/3095/2 2073/3096/2 2071/3097/2
f 926/3098/4 3576/3099/4 3594/3100/4
f 3562/3101/4 3584/3102/4 3561/3103/4
f 949/3104/1 944/3105/1 942/3106/1
f 942/3107/3 940/3108/3 939/3109/3
f 957/3105/2 952/3110/2 951/3106/2
f 965/3111/3 3622/3112/3 3621/3113/3
f 952/3114/3 947/3115/3 949/3116/3
f 1181/3117/1 1340/3118/1 1178/3119/1
f 3581/3120/5 978/3121/5 3646/3122/5
f 1010/3123/5 1014/3124/5 3643/3125/5
f 3580/3126/5 3581/3120/5 3646/3122/5
f 1010/3123/5 3647/3127/5 3646/3122/5
f 3647/3127/5 3624/3128/5 3646/3122/5
f 3624/3128/5 3580/3126/5 3646/3122/5
f 3580/3126/5 3581/3120/5 3646/3122/5
f 3647/3127/5 3624/3128/5 3646/3122/5
f 3624/3128/5 3580/3126/5 3646/3122/5
f 3645/3129/5 3624/3128/5 3648/3129/5
f 3580/3126/4 3647/3127/4 3581/3120/4
f 3644/3129/4 3647/3127/4 3648/3129/4
f 1075/3130/6 1261/3131/6 1263/3132/6
f 968/3133/3 992/3134/3 991/3135/3
f 1436/3136/1 1226/3137/1 996/3138/1
f 1003/3139/3 972/3140/3 974/3141/3
f 978/3142/3 3557/3143/3 3555/3144/3
f 1176/3145/6 1319/3146/6 1320/3147/6
f 1018/3148/3 986/3149/3 989/3150/3
f 1059/3151/6 1056/3152/6 1052/3153/6
f 1065/3154/3 1034/3155/3 1037/3156/3
f 1038/3157/3 1070/3158/3 1068/3139/3
f 1072/3159/4 1091/3160/4 1122/3161/4
f 1249/3162/3 1044/3163/3 1051/3164/3
f 1124/3165/5 1047/3166/5 3646/3122/5
f 3647/3127/5 3643/3125/5 3648/3129/5
f 3644/3129/5 1014/3124/5 989/3167/5
f 3643/3125/5 3644/3129/5 3648/3129/5
f 982/3129/5 3645/3129/5 3648/3129/5
f 982/3129/5 3648/3129/5 3644/3129/5
f 3647/3127/5 3643/3125/5 3648/3129/5
f 982/3129/5 3648/3129/5 3644/3129/5
f 3643/3125/5 3644/3129/5 3648/3129/5
f 1980/3168/1 2075/3169/1 1978/3047/1
f 1018/3170/1 1055/2988/1 1020/3171/1
f 1085/3172/4 1097/3173/4 1081/3174/4
f 999/3175/5 1031/2993/5 1105/2903/5
f 1115/3176/1 1110/3177/1 1108/3178/1
f 1108/3178/3 1087/3179/3 1089/3180/3
f 1106/3181/6 1115/3182/6 1105/3183/6
f 1119/3184/6 1120/3185/6 1117/3186/6
f 1133/3187/1 1106/3188/1 1105/3189/1
f 1122/3190/2 1137/3191/2 1120/3192/2
f 1162/3193/1 1298/3194/1 1155/3195/1
f 2032/3196/2 1974/3197/2 2034/3198/2
f 1231/3199/1 1044/3200/1 1249/3201/1
f 1170/3202/3 1313/3031/3 1168/3203/3
f 1359/3204/2 1217/2925/2 1196/3205/2
f 3550/3206/5 1172/3207/5 3589/3208/5
f 1181/3209/5 1162/3210/5 3659/3211/5
f 1162/3210/5 3615/3212/5 3614/3213/5
f 1190/3214/5 3614/3213/5 3615/3212/5
f 1162/3210/5 3614/3213/5 3659/3211/5
f 1162/3210/5 3615/3212/5 3614/3213/5
f 3614/3213/5 1192/3215/5 3659/3211/5
f 1162/3210/5 3614/3213/5 3659/3211/5
f 1190/3214/4 3615/3212/4 3614/3213/4
f 1192/3215/4 1190/3214/4 3614/3213/4
f 3659/3211/4 3615/3212/4 1162/3210/4
f 3614/3213/4 3659/3211/4 1192/3215/4
f 1081/3216/2 1082/3217/2 1450/3218/2
f 2102/3032/2 1527/3219/2 1563/3220/2
f 1210/3221/6 1208/3222/6 1205/3223/6
f 1112/3224/5 1139/3225/5 1119/3226/5
f 3557/3227/5 3582/3228/5 3559/3229/5
f 1013/3230/6 1231/3231/6 1233/3232/6
f 1320/3233/2 1192/3234/2 3614/3235/2
f 1257/3236/5 1026/3237/5 1025/3238/5
f 1025/3239/2 1241/3240/2 1448/3241/2
f 1255/3242/4 1263/3243/4 1252/3244/4
f 1269/3245/6 1085/3246/6 1081/3247/6
f 1270/3248/2 1098/3249/2 1085/3250/2
f 1332/3251/3 1518/3252/3 1516/3253/3
f 1160/3254/2 1315/3255/2 1170/3256/2
f 1296/3257/3 1148/3258/3 1298/3259/3
f 1963/3260/1 2061/3261/1 2110/3262/1
f 1433/3263/4 1386/3264/4 1398/3265/4
f 1345/3266/4 1373/3267/4 1328/3268/4
f 1425/3269/4 1445/3270/4 1454/3271/4
f 1165/3272/2 1309/3273/2 1166/3274/2
f 1391/3275/4 1383/3276/4 1339/3277/4
f 1017/3278/2 1233/3279/2 1251/3280/2
f 1389/3281/6 1393/3145/6 1214/3282/6
f 1214/3283/5 1206/3284/5 1210/3285/5
f 966/3286/1 989/3287/1 986/3288/1
f 1572/3147/3 1577/3289/3 1580/3290/3
f 1070/3291/1 1276/3292/1 1247/3293/1
f 3552/3294/4 3587/3295/4 929/3296/4
f 1445/3297/6 1255/3298/6 1252/3299/6
f 1431/2866/6 1241/3300/6 1025/3301/6
f 1263/3302/1 1445/3303/1 1252/3304/1
f 1443/3305/4 1465/3306/4 1440/3307/4
f 1065/3308/1 1087/3309/1 1066/3310/1
f 1102/3311/6 1272/3312/6 1275/3313/6
f 1459/2932/5 1270/3314/5 1269/3315/5
f 1170/3316/6 1316/3317/6 1172/3318/6
f 1128/3319/6 1279/3320/6 1467/3321/6
f 1473/3322/6 1134/3323/6 1130/3324/6
f 1405/3325/4 1463/3326/4 1453/3327/4
f 1775/3328/1 1799/3329/1 1773/3330/1
f 1476/3331/2 1482/3332/2 1281/3333/2
f 1488/3334/1 1479/3335/1 1283/3336/1
f 1484/3337/6 1488/3338/6 1482/3339/6
f 1482/3340/5 1283/3341/5 1281/3342/5
f 1255/3343/1 1234/3344/1 1264/3345/1
f 1515/3346/3 1521/3347/3 1541/3348/3
f 1347/3349/2 1516/3350/2 1515/3351/2
f 1494/3352/6 1402/3353/6 1408/3354/6
f 1493/3355/4 1494/3356/4 1490/3357/4
f 1534/3358/6 1386/3359/6 1547/3360/6
f 1505/3361/6 1493/3362/6 1490/3363/6
f 1554/3364/2 1523/3365/2 1345/3366/2
f 1000/3367/2 1228/3368/2 1245/3369/2
f 1509/3370/5 1506/3371/5 1505/3372/5
f 1511/3373/3 1523/3374/3 1529/3375/3
f 1929/3376/3 1988/3377/3 1984/3378/3
f 1512/3379/6 1548/3380/6 1569/3381/6
f 1518/2905/4 1515/3382/4 1516/3383/4
f 1523/3384/4 1527/3385/4 1529/3386/4
f 1419/3387/6 1539/3388/6 1553/3389/6
f 1028/3390/2 1453/3391/2 1258/3392/2
f 1527/3393/3 1561/3394/3 1563/3395/3
f 1599/3396/1 1675/3397/1 1700/3398/1
f 1534/3399/2 1567/3400/2 1545/3401/2
f 1139/3402/6 1281/3403/6 1283/3404/6
f 1563/3405/5 1554/3406/5 1572/3407/5
f 1575/3408/5 1547/3409/5 1565/3410/5
f 1763/3411/1 1845/3412/1 1890/3413/1
f 1814/3414/3 1916/3415/3 1907/3416/3
f 1577/3417/4 1578/3418/4 1580/3419/4
f 2100/3420/1 2079/3421/1 2087/3422/1
f 1748/3330/2 1786/3423/2 1768/3424/2
f 1677/3425/6 1702/3426/6 1739/3427/6
f 1589/3428/1 1636/3429/1 1571/3430/1
f 1587/3431/5 1571/3432/5 1584/3433/5
f 1594/3434/4 1590/3435/4 1592/3436/4
f 1843/3437/3 1847/3438/3 1857/3439/3
f 1826/3440/2 1850/3441/2 1853/3442/2
f 1606/3443/5 1603/3444/5 1600/3445/5
f 1612/3446/4 1611/3447/4 1609/3448/4
f 1950/3045/6 2013/3449/6 2015/3450/6
f 1621/3451/4 1618/3452/4 1617/3453/4
f 1978/3454/3 1974/3455/3 1892/3456/3
f 1629/3457/5 1626/3458/5 1625/3459/5
f 1202/3460/3 1365/3461/3 1201/3462/3
f 1635/3463/4 1639/3464/4 1632/3465/4
f 1883/3466/1 1790/3467/1 1750/3468/1
f 1642/3469/5 1639/3464/5 1636/3470/5
f 1647/3471/4 1649/3472/4 1645/3473/4
f 1658/3474/4 1655/3475/4 1657/3446/4
f 1635/3476/6 1663/3477/6 1665/3478/6
f 1666/3479/6 1647/3480/6 1645/3481/6
f 1649/3482/1 1666/3483/1 1645/3484/1
f 1041/3485/2 3566/3486/2 3564/3487/2
f 1150/3488/2 1293/3489/2 1152/3490/2
f 1668/3491/5 1665/3492/5 1663/3493/5
f 1671/3494/5 1668/3475/5 1666/3495/5
f 2144/3496/3 1913/3497/3 2090/3498/3
f 1682/3499/5 1675/3500/5 1672/3501/5
f 1688/3502/4 1685/3503/4 1686/3504/4
f 53/3505/6 3572/3506/6 3570/3507/6
f 1658/3508/2 1685/3509/2 1660/3510/2
f 1578/3511/3 1705/3512/3 1716/3513/3
f 2116/3514/6 2137/3515/6 2139/3516/6
f 1705/3517/4 1714/3518/4 1716/3519/4
f 1721/3520/5 1695/3521/5 1693/3522/5
f 1719/3523/2 1705/3524/2 1730/3525/2
f 1735/3526/1 1711/3527/1 1618/3528/1
f 1727/3529/6 1744/3530/6 1729/3531/6
f 1741/3532/6 1727/3533/6 1725/3534/6
f 1672/3535/2 1943/3536/2 1877/3537/2
f 2099/3538/3 2097/3539/3 2011/3415/3
f 1757/3540/4 1752/3541/4 1754/3451/4
f 1764/3542/4 1763/3543/4 1761/3544/4
f 1174/2889/1 1337/3545/1 1319/3546/1
f 1768/3547/5 1750/3548/5 1748/3549/5
f 1776/3550/4 1775/3551/4 1773/3552/4
f 1758/3553/2 1806/3554/2 1804/3555/2
f 2067/3556/6 2116/3514/6 2069/3557/6
f 1778/3558/3 1800/3559/3 1775/3560/3
f 1792/3561/5 1784/3521/5 1782/3562/5
f 1639/3563/1 1647/3564/1 1663/3565/1
f 1730/3566/3 1911/3567/3 1714/3568/3
f 2118/3569/4 2131/3570/4 2144/3571/4
f 1744/3530/6 1746/3572/6 1748/3573/6
f 1808/3574/4 1804/3575/4 1806/3542/4
f 1794/3576/6 1830/3577/6 1797/3578/6
f 1800/3579/5 1817/3580/5 1799/3581/5
f 1818/3582/4 1814/3583/4 1812/3584/4
f 1834/3585/2 1810/3586/2 1808/3587/2
f 1829/3588/5 1824/2904/5 1822/3030/5
f 1838/3589/5 1834/3590/5 1843/3591/5
f 1587/3592/2 1603/3145/2 1605/3593/2
f 1847/3386/4 1854/3594/4 1857/3595/4
f 2056/3596/1 2114/3597/1 2079/3421/1
f 1861/3598/4 1863/3599/4 1859/3600/4
f 1363/3289/3 1502/3601/3 1361/3290/3
f 1872/3602/6 1861/3603/6 1859/3604/6
f 1863/3605/1 1872/3606/1 1859/3607/1
f 1890/3608/4 1886/3609/4 1889/3384/4
f 1612/3610/1 1351/3611/1 1543/3612/1
f 1881/3613/5 1874/3614/5 1872/3615/5
f 1898/3616/5 1868/3617/5 1877/3618/5
f 1901/3619/6 1883/3620/6 1871/3621/6
f 1883/3622/5 1881/3623/5 1878/3624/5
f 1881/3096/6 1895/3625/6 1926/3626/6
f 1144/3627/3 1295/3628/3 1150/3629/3
f 1905/3630/4 1908/3631/4 1911/3632/4
f 1916/3633/4 1915/3634/4 1907/3635/4
f 1922/3636/4 1925/3637/4 1920/3638/4
f 1919/3639/3 1930/3640/3 1915/3641/3
f 1939/3640/6 1922/3642/6 1920/3641/6
f 1907/3643/1 1929/3644/1 1982/3645/1
f 1930/3646/5 1946/3647/5 1929/3648/5
f 1192/3215/5 3614/3213/5 1190/3214/5
f 3532/3649/5 1205/3650/5 1194/3651/5
f 1949/3652/5 1937/3653/5 1935/3654/5
f 1945/3655/5 1941/3656/5 1939/3657/5
f 1402/3658/4 1407/3659/4 1408/3660/4
f 2053/3661/6 2105/3662/6 2106/3663/6
f 1721/3664/6 1781/3665/6 1737/3666/6
f 1220/3667/6 1222/3668/6 1412/3669/6
f 1967/3670/5 1955/3671/5 1953/3672/5
f 1974/3673/4 1971/3674/4 1972/3675/4
f 1982/3652/4 1980/3676/4 1978/3677/4
f 1187/3678/1 1315/3679/1 1170/3680/1
f 1988/3681/4 1986/3646/4 1984/3648/4
f 1986/3682/1 1994/3683/1 1984/3684/1
f 1991/3685/3 1997/3686/3 1986/3687/3
f 11/3688/6 3600/3689/6 3598/3690/6
f 2001/3691/5 1960/3692/5 1965/3693/5
f 1997/3694/5 2003/3695/5 1994/3696/5
f 1770/3697/6 1786/3698/6 1797/3578/6
f 2008/3699/4 2007/3694/4 2004/3696/4
f 54/3700/1 53/3701/1 3612/3702/1
f 1953/3237/2 1992/3703/2 1967/3704/2
f 1192/3705/3 1337/3145/3 1190/3706/3
f 2017/3707/5 2015/3708/5 2013/3709/5
f 2020/3710/4 2024/3708/4 2019/3711/4
f 2036/3712/4 2032/3713/4 2034/3714/4
f 2020/3715/6 2040/3716/6 2055/3717/6
f 2031/3718/5 2024/3719/5 2023/3720/5
f 2044/3719/4 2047/3721/4 2042/3722/4
f 2134/3723/1 2095/3724/1 2007/3725/1
f 2062/3726/6 2044/3727/6 2042/3728/6
f 2047/3729/1 2062/3730/1 2042/3731/1
f 2143/3732/4 2139/3733/4 2137/3734/4
f 2075/3735/4 2071/3736/4 2073/3737/4
f 2065/3738/5 2056/3739/5 2055/3740/5
f 2082/3741/5 2061/3693/5 2059/3742/5
f 2069/3721/5 2065/3743/5 2062/3722/5
f 2141/3744/1 2113/3745/1 2065/3746/1
f 3598/3747/4 3604/3748/4 11/3749/4
f 2106/3750/3 1963/3751/3 2108/3752/3
f 3596/3753/6 3602/3754/6 3597/3755/6
f 2095/3756/3 2120/3757/3 2092/3758/3
f 2133/3759/4 2134/3760/4 2143/3761/4
f 2122/3555/4 2118/3762/4 2120/3763/4
f 2114/3764/6 2113/3765/6 2127/3766/6
f 2087/3767/1 2089/3768/1 2127/3769/1
f 2116/3729/2 2133/3770/2 2124/3771/2
f 8/2859/6 4/5395/6 3596/2860/6
f 3603/2864/1 3601/5396/1 3602/5397/1
f 3603/2864/1 3602/5397/1 4/5398/1
f 11/2863/1 3604/5399/1 3603/2864/1
f 3603/2864/1 4/5398/1 8/2862/1
f 1257/2865/6 1448/5400/6 1450/2866/6
f 1182/2868/2 1326/5401/2 1324/2869/2
f 1028/2873/3 1031/5402/3 1033/5403/3
f 1245/2871/3 1438/5404/3 1436/2872/3
f 1028/2873/3 1033/5403/3 1245/2871/3
f 3572/2874/5 54/5405/5 3611/2875/5
f 2001/2877/2 1965/5406/2 2061/2878/2
f 1210/5407/1 1205/5408/1 1237/2880/1
f 1237/2880/1 1428/5409/1 1389/2881/1
f 1214/2882/1 1210/5407/1 1237/2880/1
f 3569/2885/6 3548/5410/6 3546/5411/6
f 70/2883/6 53/5412/6 3570/2884/6
f 3569/2885/6 3546/5411/6 70/2883/6
f 3546/2886/4 3547/5413/4 3612/2887/4
f 1172/2889/2 1316/3546/2 1330/2890/2
f 1606/2892/2 1600/5414/2 1675/2893/2
f 1571/5415/6 1553/3389/6 1539/3388/6
f 1551/2895/6 1545/5416/6 1672/2896/6
f 1571/5415/6 1539/3388/6 1551/2895/6
f 1600/2897/6 1603/5417/6 1584/5418/6
f 1584/5418/6 1571/5415/6 1551/2895/6
f 1672/2896/6 1675/5419/6 1600/2897/6
f 1600/2897/6 1584/5418/6 1551/2895/6
f 1757/5420/3 1754/5421/3 1590/5422/3
f 1590/5422/3 1596/5423/3 1655/5424/3
f 1655/5424/3 1660/5425/3 1685/5426/3
f 1655/5424/3 1685/5426/3 1706/5427/3
f 1808/2900/3 1806/5428/3 1757/5420/3
f 1590/5422/3 1655/5424/3 1706/5427/3
f 1733/2898/3 1709/5429/3 1711/5430/3
f 1590/5422/3 1706/5427/3 1733/2898/3
f 1890/5431/3 1889/5432/3 1847/5433/3
f 1711/5430/3 1764/5434/3 1761/2899/3
f 1761/2899/3 1890/5431/3 1847/5433/3
f 1761/2899/3 1847/5433/3 1834/5435/3
f 1733/2898/3 1711/5430/3 1761/2899/3
f 1757/5420/3 1590/5422/3 1733/2898/3
f 1761/2899/3 1834/5435/3 1808/2900/3
f 1808/2900/3 1757/5420/3 1733/2898/3
f 1115/5436/5 1108/5437/5 1089/2901/5
f 1089/2901/5 1065/5438/5 1037/2902/5
f 1105/2903/5 1115/5436/5 1089/2901/5
f 1156/2904/3 1152/5439/3 1293/2905/3
f 1168/5440/5 1159/5441/5 1165/5442/5
f 1166/5443/5 1182/5444/5 1185/5445/5
f 1168/5440/5 1165/5442/5 1166/5443/5
f 1187/2909/5 1170/5446/5 1168/5440/5
f 3651/5447/5 1189/5448/5 1187/2909/5
f 957/5449/5 3650/5450/5 3651/5447/5
f 947/5451/5 954/5452/5 957/5449/5
f 944/5453/5 947/5451/5 957/5449/5
f 957/5449/5 3651/5447/5 1187/2909/5
f 1187/2909/5 1168/5440/5 1166/5443/5
f 1185/5445/5 1196/5454/5 1212/2907/5
f 1187/2909/5 1166/5443/5 1185/5445/5
f 944/5453/5 957/5449/5 1187/2909/5
f 940/2980/5 944/5453/5 1187/2909/5
f 1187/2909/5 1185/5445/5 1212/2907/5
f 1212/2907/5 1220/5455/5 1224/2978/5
f 1218/2908/5 940/2980/5 1187/2909/5
f 1212/2907/5 1224/2978/5 1218/2908/5
f 1609/2912/3 1688/5456/3 1686/5457/3
f 1658/5458/3 1657/5459/3 1594/2910/3
f 1609/2912/3 1686/5457/3 1658/5458/3
f 1557/5460/3 1612/5461/3 1609/2912/3
f 1533/2911/3 1541/3348/3 1557/5460/3
f 1592/5462/3 1524/5463/3 1533/2911/3
f 1609/2912/3 1658/5458/3 1594/2910/3
f 1594/2910/3 1592/5462/3 1533/2911/3
f 1533/2911/3 1557/5460/3 1609/2912/3
f 2024/2913/1 2050/5464/1 2048/5465/1
f 2044/2914/1 2065/5466/1 2055/5467/1
f 2024/2913/1 2048/5465/1 2044/2914/1
f 2040/2915/1 2019/5468/1 2024/2913/1
f 2044/2914/1 2055/5467/1 2040/2915/1
f 1199/2916/3 1352/5469/3 1340/2917/3
f 1196/2919/3 1185/5470/3 1324/2920/3
f 1352/2922/1 1199/5471/1 1201/2923/1
f 1217/2925/2 1222/5472/2 1220/2926/2
f 980/2928/2 978/5473/2 3583/2929/2
f 1838/2931/2 1843/5474/2 1857/2932/2
f 900/2934/3 926/5475/3 3594/2935/3
f 974/2937/1 972/5476/1 3590/5477/1
f 3528/2938/1 3527/5478/1 3606/2939/1
f 974/2937/1 3590/5477/1 3528/2938/1
f 992/2940/2 1025/5479/2 1023/2941/2
f 3574/2943/1 926/5480/1 900/2944/1
f 1168/2946/1 1313/5481/1 1300/2947/1
f 3529/2949/3 3530/5482/3 3535/2950/3
f 3536/2952/3 3541/5483/3 3543/2953/3
f 1000/5484/6 999/5485/6 994/5486/6
f 1000/5484/6 994/5486/6 996/2955/6
f 1414/5487/6 1417/5488/6 1228/2957/6
f 1228/2957/6 1000/5484/6 996/2955/6
f 1226/2956/6 1414/5487/6 1228/2957/6
f 1470/2960/2 1130/5489/2 1100/3038/2
f 1470/2960/2 1100/3038/2 1102/2958/2
f 1275/2959/2 1463/5490/2 1470/2960/2
f 1224/2961/2 1412/2974/2 1431/2962/2
f 929/2964/3 919/5491/3 3554/2965/3
f 1965/2967/6 1958/5492/6 2059/2968/6
f 1128/2970/1 1468/5493/1 1454/5494/1
f 1128/2970/1 1454/5494/1 1261/5495/1
f 1059/2972/1 1052/5496/1 1128/2970/1
f 1128/2970/1 1261/5495/1 1075/2971/1
f 1234/2973/6 1427/5497/6 1428/2974/6
f 1306/2975/3 1162/5498/3 1178/2976/3
f 1224/2978/5 1238/5499/5 1025/5500/5
f 992/2979/5 970/5501/5 940/2980/5
f 1224/2978/5 1025/5500/5 992/2979/5
f 940/2980/5 1218/2908/5 1224/2978/5
f 1733/2898/3 1706/5427/3 1685/5426/3
f 1690/5502/3 1611/5503/3 1615/5504/3
f 1733/2898/3 1685/5426/3 1690/5502/3
f 1617/5505/3 1711/5430/3 1709/5429/3
f 1709/5429/3 1733/2898/3 1690/5502/3
f 1709/5429/3 1690/5502/3 1615/5504/3
f 1356/2983/3 1621/5506/3 1617/5505/3
f 1617/5505/3 1709/5429/3 1615/5504/3
f 1356/2983/3 1617/5505/3 1615/5504/3
f 1543/2982/3 1355/5507/3 1356/2983/3
f 1356/2983/3 1615/5504/3 1559/2981/3
f 1156/2984/2 1302/3130/2 1300/2985/2
f 1004/2987/1 1003/3171/1 1037/2988/1
f 1148/2990/1 1291/5508/1 1288/2991/1
f 1095/2995/5 1100/5509/5 1031/2993/5
f 1031/2993/5 1028/5510/5 1061/2994/5
f 1061/2994/5 1078/5511/5 1095/2995/5
f 1300/5512/4 1302/5513/4 1293/2996/4
f 1293/2996/4 1295/5514/4 1284/2997/4
f 1284/2997/4 1316/5515/4 1315/5516/4
f 1305/2998/4 1300/5512/4 1293/2996/4
f 1284/2997/4 1315/5516/4 1305/2998/4
f 1144/2999/2 1142/5517/2 1286/3000/2
f 1655/3002/2 1596/5518/2 1594/3003/2
f 1189/3005/3 1330/5519/3 1328/3006/3
f 1286/3008/3 1142/5520/3 1146/3009/3
f 1971/5521/3 1977/3760/3 2032/5522/3
f 2032/5522/3 2038/5523/3 2071/5524/3
f 2076/3011/3 1980/5525/3 1984/5526/3
f 2076/3011/3 1984/5526/3 1994/5527/3
f 1994/5527/3 2003/5528/3 2008/5529/3
f 1994/5527/3 2008/5529/3 2004/5530/3
f 2076/3011/3 1994/5527/3 2004/5530/3
f 2092/3013/3 1971/5521/3 2032/5522/3
f 2092/3013/3 2032/5522/3 2071/5524/3
f 2076/3011/3 2004/5530/3 2095/3012/3
f 2092/3013/3 2071/5524/3 2076/3011/3
f 1369/3016/1 1202/5531/1 1208/5532/1
f 1206/3014/1 1393/5533/1 1391/3015/1
f 1369/3016/1 1208/5532/1 1206/3014/1
f 1335/3017/1 1348/5534/1 1521/3018/1
f 1397/3022/2 1534/5535/2 1537/3020/2
f 1537/3020/2 1405/5536/2 1394/3021/2
f 1166/3023/3 1309/5537/3 1326/3024/3
f 1567/3026/6 1575/5538/6 1693/3027/6
f 1159/3029/6 1300/3588/6 1305/3030/6
f 1494/3035/1 1408/5539/1 1407/3036/1
f 1407/3036/1 1629/5540/1 1625/5541/1
f 1625/5541/1 1569/5542/1 1548/5543/1
f 1509/3037/1 1505/5544/1 1490/5545/1
f 1625/5541/1 1548/5543/1 1509/3037/1
f 1509/3037/1 1490/5545/1 1494/3035/1
f 1407/3036/1 1625/5541/1 1509/3037/1
f 1124/5546/1 1141/5547/1 1480/3038/1
f 1480/3038/1 1465/5548/1 1279/3039/1
f 1126/3040/1 1124/5546/1 1480/3038/1
f 1028/3043/6 1023/5549/6 1025/5550/6
f 1028/3043/6 1025/5550/6 1026/5551/6
f 1434/3042/6 1436/5552/6 1028/3043/6
f 1028/3043/6 1026/5551/6 1242/3041/6
f 1366/3044/5 1356/5553/5 1355/3045/5
f 1355/3045/5 1408/5554/5 1402/3046/5
f 1611/3047/1 1690/5555/1 1688/3048/1
f 940/3050/2 970/5556/2 968/3051/2
f 1026/3055/1 1082/3504/1 1450/3053/1
f 1450/3053/1 1434/5557/1 1242/3054/1
f 1955/3056/1 1969/5558/1 2031/3057/1
f 1082/3061/3 1078/5559/3 1061/5560/3
f 1082/3061/3 1061/5560/3 1062/5561/3
f 1453/3060/3 1450/5562/3 1082/3061/3
f 1082/3061/3 1062/5561/3 1258/3059/3
f 1925/3062/2 1895/5563/2 1881/5564/2
f 1881/5564/1 1901/5565/1 1903/3063/1
f 1903/3063/1 2017/5566/1 2013/5567/1
f 1945/3064/1 1939/5568/1 1920/5569/1
f 1903/3063/1 2013/5567/1 1945/3064/1
f 1925/3062/1 1881/5564/1 1903/3063/1
f 1945/3064/1 1920/5569/1 1925/3062/1
f 1849/3065/2 1847/5570/2 1889/3066/2
f 919/3068/2 929/5571/2 3587/3069/2
f 1159/3071/3 1300/5572/3 1310/3072/3
f 1668/5573/1 1681/5574/1 1829/3074/1
f 1829/3074/1 1822/5575/1 1739/3075/1
f 1702/3076/1 1668/5573/1 1829/3074/1
f 957/3077/3 951/5576/3 3613/3078/3
f 900/3080/5 3595/5577/5 3575/3081/5
f 931/3083/1 3535/5578/1 3534/3084/1
f 3537/3086/1 3543/5579/1 3542/3087/1
f 1068/3089/2 1070/5580/2 1119/3090/2
f 3554/3092/5 919/5581/5 3588/3093/5
f 2038/3095/2 2036/5582/2 2073/3096/2
f 926/3098/4 3574/5583/4 3576/3099/4
f 3562/3101/4 924/5584/4 3584/3102/4
f 949/3104/1 947/5585/1 944/3105/1
f 942/3107/3 944/5586/3 940/3108/3
f 957/3105/2 954/5587/2 952/3110/2
f 965/3111/3 966/3611/3 3622/3112/3
f 952/3114/3 954/5588/3 947/3115/3
f 1181/3117/1 1194/5589/1 1340/3118/1
f 1340/3118/1 1322/5590/1 1178/3119/1
f 3581/3120/5 3583/5591/5 978/3121/5
f 1010/3123/5 3643/3125/5 3647/3127/5
f 3645/3129/5 3623/5592/5 3624/3128/5
f 3624/3128/5 3647/3127/5 3648/3129/5
f 3580/3126/4 3624/3128/4 3647/3127/4
f 3647/3127/4 3646/3122/4 3581/3120/4
f 3644/3129/4 3643/3125/4 3647/3127/4
f 1264/5593/6 1266/5594/6 1075/3130/6
f 1261/3131/6 1454/5595/6 1456/5596/6
f 1263/3132/6 1264/5593/6 1075/3130/6
f 1261/3131/6 1456/5596/6 1263/3132/6
f 968/3133/3 970/5597/3 992/3134/3
f 994/5598/1 1028/5599/1 1436/3136/1
f 1436/3136/1 1414/5600/1 1226/3137/1
f 996/3138/1 994/5598/1 1436/3136/1
f 1003/3139/3 1004/3158/3 972/3140/3
f 978/3142/3 980/5601/3 3557/3143/3
f 1176/3145/6 1174/5602/6 1319/3146/6
f 1018/3148/3 1020/5603/3 986/3149/3
f 1059/3151/6 1055/5604/6 1056/3152/6
f 1065/3154/3 1066/5605/3 1034/3155/3
f 1038/3157/3 1041/5606/3 1070/3158/3
f 3558/5607/4 3557/5608/4 980/5609/4
f 980/5609/4 984/5610/4 1013/5611/4
f 980/5609/4 1013/5611/4 1009/5612/4
f 1041/5613/4 3564/5614/4 3558/5607/4
f 3558/5607/4 980/5609/4 1009/5612/4
f 1042/5615/4 1044/5616/4 1072/3159/4
f 3558/5607/4 1009/5612/4 1042/5615/4
f 1119/5617/4 1070/5618/4 1041/5613/4
f 1041/5613/4 3558/5607/4 1042/5615/4
f 1072/3159/4 1077/5619/4 1092/5620/4
f 1041/5613/4 1042/5615/4 1072/3159/4
f 1122/3161/4 1119/5617/4 1041/5613/4
f 1091/3160/4 1126/5621/4 1122/3161/4
f 1072/3159/4 1092/5620/4 1091/3160/4
f 1122/3161/4 1041/5613/4 1072/3159/4
f 1251/5622/3 1443/5623/3 1440/5624/3
f 1251/5622/3 1440/5624/3 1249/3162/3
f 1047/5625/3 1049/5626/3 1051/3164/3
f 1051/3164/3 1251/5622/3 1249/3162/3
f 1044/3163/3 1047/5625/3 1051/3164/3
f 3556/5627/5 3566/5628/5 1038/5629/5
f 1038/5629/5 1068/5630/5 1117/5436/5
f 1120/5631/5 1137/5632/5 1141/5633/5
f 1038/5629/5 1117/5436/5 1120/5631/5
f 978/3121/5 3555/5634/5 3556/5627/5
f 3556/5627/5 1038/5629/5 1120/5631/5
f 1120/5631/5 1141/5633/5 1124/3165/5
f 1124/3165/5 1128/5635/5 1052/5636/5
f 1124/3165/5 1052/5636/5 1049/5637/5
f 3556/5627/5 1120/5631/5 1124/3165/5
f 3646/3122/5 978/3121/5 3556/5627/5
f 3643/3125/5 3647/3127/5 3646/3122/5
f 1010/3123/5 3643/3125/5 3646/3122/5
f 3646/3122/5 3556/5627/5 1124/3165/5
f 1124/3165/5 1049/5637/5 1047/3166/5
f 1047/3166/5 1010/3123/5 3646/3122/5
f 965/5638/5 3621/5639/5 3623/5592/5
f 3623/5592/18 3645/3129/18 982/3129/18
f 989/3167/5 965/5638/5 3623/5592/5
f 1056/5640/5 1018/5641/5 989/3167/5
f 1014/3124/5 1049/5637/5 1052/5636/5
f 1052/5636/5 1056/5640/5 989/3167/5
f 989/3167/5 3623/5592/5 982/3129/5
f 3644/3129/5 3643/3125/5 1014/3124/5
f 989/3167/5 982/3129/5 3644/3129/5
f 1014/3124/5 1052/5636/5 989/3167/5
f 1980/3168/1 2076/5642/1 2075/3169/1
f 1018/3170/1 1056/5643/1 1055/2988/1
f 1085/3172/4 1098/5644/4 1097/3173/4
f 3613/5645/5 951/5646/5 952/5647/5
f 949/5648/5 942/5649/5 939/5650/5
f 3607/5651/5 3613/5645/5 952/5647/5
f 949/5648/5 939/5650/5 968/5652/5
f 3606/5653/5 3607/5651/5 952/5647/5
f 952/5647/5 949/5648/5 968/5652/5
f 968/5652/5 991/5654/5 1023/5655/5
f 1023/5655/5 1028/5510/5 994/5656/5
f 968/5652/5 1023/5655/5 994/5656/5
f 3606/5653/5 952/5647/5 968/5652/5
f 1037/2902/5 1003/5657/5 974/5658/5
f 974/5658/5 3606/5653/5 968/5652/5
f 968/5652/5 994/5656/5 999/3175/5
f 974/5658/5 968/5652/5 999/3175/5
f 1105/2903/5 1037/2902/5 974/5658/5
f 1130/5659/5 1133/5660/5 1105/2903/5
f 1100/5509/5 1130/5659/5 1105/2903/5
f 1105/2903/5 974/5658/5 999/3175/5
f 1031/2993/5 1100/5509/5 1105/2903/5
f 1115/3176/1 1112/5661/1 1110/3177/1
f 1108/3178/3 1110/3177/3 1087/3179/3
f 1106/3181/6 1112/5662/6 1115/3182/6
f 1119/3184/6 1122/5663/6 1120/3185/6
f 1133/3187/1 1134/5664/1 1106/3188/1
f 1122/3190/2 1139/5665/2 1137/3191/2
f 1162/3193/1 1306/5666/1 1298/3194/1
f 2032/3196/2 1977/5667/2 1974/3197/2
f 1013/5668/1 1010/5669/1 1047/5670/1
f 1013/5668/1 1047/5670/1 1044/3200/1
f 1440/5671/1 1422/5672/1 1231/3199/1
f 1231/3199/1 1013/5668/1 1044/3200/1
f 1249/3201/1 1440/5671/1 1231/3199/1
f 1170/3202/3 1315/3029/3 1313/3031/3
f 1359/3204/2 1411/5673/2 1222/5472/2
f 1217/2925/2 1212/2927/2 1196/3205/2
f 1359/3204/2 1222/5472/2 1217/2925/2
f 1196/3205/2 1343/5674/2 1359/3204/2
f 3589/3208/5 3587/5675/5 929/5676/5
f 929/5676/5 3552/5677/5 3550/3206/5
f 3550/3206/5 3562/5678/5 924/5679/5
f 924/5679/5 3584/5680/5 3585/5681/5
f 3585/5681/5 3616/5682/5 3549/5683/5
f 3545/5684/5 3544/5685/5 3591/5686/5
f 3591/5686/5 3594/5687/5 926/5688/5
f 926/5688/5 3574/5689/5 3531/5690/5
f 3531/5690/5 3529/5691/5 931/5692/5
f 3531/5690/5 931/5692/5 1174/5693/5
f 3591/5686/5 926/5688/5 3531/5690/5
f 3591/5686/5 3531/5690/5 1174/5693/5
f 1176/5694/5 3615/3212/5 1162/3210/5
f 3545/5684/5 3591/5686/5 1174/5693/5
f 1174/5693/5 1176/5694/5 1162/3210/5
f 1162/3210/5 1155/5695/5 1148/5696/5
f 1148/5696/5 1146/5697/5 1142/5698/5
f 1144/5699/5 1150/5700/5 1152/5701/5
f 1148/5696/5 1142/5698/5 1144/5699/5
f 1174/5693/5 1162/3210/5 1148/5696/5
f 3549/5683/5 3545/5684/5 1174/5693/5
f 3550/3206/5 924/5679/5 3585/5681/5
f 3549/5683/5 1174/5693/5 1148/5696/5
f 3585/5681/5 3549/5683/5 1148/5696/5
f 1148/5696/5 1144/5699/5 1152/5701/5
f 1152/5701/5 1156/5702/5 1159/5441/5
f 1160/5703/5 1170/5446/5 1172/3207/5
f 1152/5701/5 1159/5441/5 1160/5703/5
f 3585/5681/5 1148/5696/5 1152/5701/5
f 3589/3208/5 929/5676/5 3550/3206/5
f 3550/3206/5 3585/5681/5 1152/5701/5
f 1152/5701/5 1160/5703/5 1172/3207/5
f 1172/3207/5 1189/5448/5 3651/5447/5
f 1172/3207/5 3651/5447/5 3589/3208/5
f 3550/3206/5 1152/5701/5 1172/3207/5
f 1181/3209/5 1178/5704/5 1162/3210/5
f 3659/3211/4 3614/3213/4 3615/3212/4
f 1461/5705/2 1459/5706/2 1269/5707/2
f 1081/3216/2 1097/5708/2 1095/5709/2
f 1450/3218/2 1461/5705/2 1269/5707/2
f 1081/3216/2 1095/5709/2 1078/5710/2
f 1450/3218/2 1269/5707/2 1081/3216/2
f 1081/3216/2 1078/5710/2 1082/3217/2
f 2131/5711/2 2105/3033/2 2102/3032/2
f 2102/3032/2 2053/3034/2 1949/5712/2
f 1935/5713/2 1721/5714/2 1693/5715/2
f 2102/3032/2 1949/5712/2 1935/5713/2
f 2144/5716/2 2131/5711/2 2102/3032/2
f 1714/5717/2 1911/5718/2 1908/5719/2
f 1908/5719/2 2144/5716/2 2102/3032/2
f 2102/3032/2 1935/5713/2 1693/5715/2
f 1693/5715/2 1575/5720/2 1565/5721/2
f 1565/5721/2 1386/5722/2 1361/5723/2
f 1502/5724/2 1511/5725/2 1529/5726/2
f 1565/5721/2 1361/5723/2 1502/5724/2
f 2102/3032/2 1693/5715/2 1565/5721/2
f 1714/5717/2 1908/5719/2 2102/3032/2
f 1578/5727/2 1716/5728/2 1714/5717/2
f 1572/5729/2 1580/5730/2 1578/5727/2
f 1563/3220/2 1572/5729/2 1578/5727/2
f 1578/5727/2 1714/5717/2 2102/3032/2
f 2102/3032/2 1565/5721/2 1502/5724/2
f 1502/5724/2 1529/5726/2 1527/3219/2
f 1563/3220/2 1578/5727/2 2102/3032/2
f 2102/3032/2 1502/5724/2 1527/3219/2
f 1210/3221/6 1206/5731/6 1208/3222/6
f 3578/5732/5 3590/5733/5 972/5734/5
f 1004/5735/5 1034/5736/5 1066/5737/5
f 3578/5732/5 972/5734/5 1004/5735/5
f 3540/5738/5 3539/5739/5 3579/5740/5
f 3579/5740/5 3578/5732/5 1004/5735/5
f 1066/5737/5 1087/5741/5 1110/5742/5
f 3579/5740/5 1004/5735/5 1066/5737/5
f 3540/5738/5 3579/5740/5 1066/5737/5
f 3540/5738/5 1066/5737/5 1110/5742/5
f 3564/5743/5 3565/5744/5 3567/5745/5
f 3567/5745/5 3540/5738/5 1110/5742/5
f 1112/3224/5 1106/5746/5 1134/5747/5
f 3567/5745/5 1110/5742/5 1112/3224/5
f 1041/5748/5 3564/5743/5 3567/5745/5
f 1070/5749/5 1041/5748/5 3567/5745/5
f 1112/3224/5 1134/5747/5 1139/3225/5
f 1070/5749/5 3567/5745/5 1112/3224/5
f 1139/3225/5 1122/5750/5 1119/3226/5
f 1119/3226/5 1070/5749/5 1112/3224/5
f 3557/3227/5 980/5751/5 3582/3228/5
f 1017/5752/6 1014/5624/6 1010/5623/6
f 1017/5752/6 1010/5623/6 1013/3230/6
f 1422/5753/6 1425/5754/6 1233/3232/6
f 1233/3232/6 1017/5752/6 1013/3230/6
f 1231/3231/6 1422/5753/6 1233/3232/6
f 3615/5755/2 1176/5756/2 1320/3233/2
f 1320/3233/2 1339/5757/2 1192/3234/2
f 3614/3235/2 3615/5755/2 1320/3233/2
f 1257/3236/5 1082/5758/5 1026/3237/5
f 1448/3241/2 1257/5759/2 1025/3239/2
f 1241/3240/2 1433/5760/2 1448/3241/2
f 1255/3242/4 1264/5761/4 1263/3243/4
f 1269/3245/6 1270/5762/6 1085/3246/6
f 1270/3248/2 1272/5763/2 1098/3249/2
f 1332/3251/3 1335/5764/3 1518/3252/3
f 1160/3254/2 1305/5765/2 1315/3255/2
f 1296/3257/3 1291/5766/3 1148/3258/3
f 1148/3258/3 1155/5767/3 1298/3259/3
f 2110/3262/1 2108/5768/1 1963/3260/1
f 1963/3260/1 1965/5769/1 2061/3261/1
f 1433/3263/4 1431/5770/4 1412/5771/4
f 1412/5771/4 1411/5772/4 1359/5773/4
f 1359/5773/4 1373/3267/4 1370/5774/4
f 1376/5775/4 1378/5776/4 1384/5777/4
f 1359/5773/4 1370/5774/4 1376/5775/4
f 1433/3263/4 1412/5771/4 1359/5773/4
f 1450/5778/4 1448/5779/4 1433/3263/4
f 1414/5780/4 1436/5781/4 1434/5782/4
f 1434/5782/4 1450/5778/4 1433/3263/4
f 1433/3263/4 1359/5773/4 1376/5775/4
f 1433/3263/4 1376/5775/4 1384/5777/4
f 1414/5780/4 1434/5782/4 1433/3263/4
f 1398/3265/4 1417/5783/4 1414/5780/4
f 1394/5784/4 1401/5785/4 1398/3265/4
f 1386/3264/4 1397/5786/4 1394/5784/4
f 1433/3263/4 1384/5777/4 1386/3264/4
f 1398/3265/4 1414/5780/4 1433/3263/4
f 1386/3264/4 1394/5784/4 1398/3265/4
f 1351/5787/4 1348/5788/4 1335/5789/4
f 1332/5790/4 1347/5791/4 1345/3266/4
f 1345/3266/4 1363/5792/4 1361/5793/4
f 1361/5793/4 1386/3264/4 1384/5777/4
f 1378/5776/4 1376/5775/4 1370/5774/4
f 1361/5793/4 1384/5777/4 1378/5776/4
f 1378/5776/4 1370/5774/4 1373/3267/4
f 1373/3267/4 1359/5773/4 1343/5794/4
f 1324/5795/4 1326/5796/4 1309/5797/4
f 1373/3267/4 1343/5794/4 1324/5795/4
f 1361/5793/4 1378/5776/4 1373/3267/4
f 1345/3266/4 1361/5793/4 1373/3267/4
f 1373/3267/4 1324/5795/4 1309/5797/4
f 1309/5797/4 1310/5798/4 1300/5512/4
f 1313/5799/4 1315/5516/4 1328/3268/4
f 1309/5797/4 1300/5512/4 1313/5799/4
f 1356/5800/4 1355/5801/4 1351/5787/4
f 1319/5802/4 1337/5803/4 1356/5800/4
f 1296/5804/4 1320/5805/4 1319/5802/4
f 1286/5806/4 1288/5807/4 1291/5808/4
f 1291/5808/4 1296/5804/4 1319/5802/4
f 1319/5802/4 1356/5800/4 1351/5787/4
f 1319/5802/4 1351/5787/4 1335/5789/4
f 1286/5806/4 1291/5808/4 1319/5802/4
f 1284/2997/4 1286/5806/4 1319/5802/4
f 1319/5802/4 1335/5789/4 1332/5790/4
f 1284/2997/4 1319/5802/4 1332/5790/4
f 1316/5515/4 1284/2997/4 1332/5790/4
f 1316/5515/4 1332/5790/4 1345/3266/4
f 1330/5809/4 1316/5515/4 1345/3266/4
f 1373/3267/4 1309/5797/4 1313/5799/4
f 1328/3268/4 1330/5809/4 1345/3266/4
f 1373/3267/4 1313/5799/4 1328/3268/4
f 1465/3306/4 1480/5810/4 1479/5811/4
f 1479/5811/4 1486/5812/4 1484/5813/4
f 1479/5811/4 1484/5813/4 1476/5814/4
f 1440/3307/4 1465/3306/4 1479/5811/4
f 1422/5815/4 1440/3307/4 1479/5811/4
f 1422/5815/4 1479/5811/4 1476/5814/4
f 1422/5815/4 1476/5814/4 1474/5816/4
f 1474/5816/4 1473/5817/4 1419/5818/4
f 1419/5818/4 1407/3659/4 1420/5819/4
f 1402/3658/4 1366/5820/4 1375/5821/4
f 1474/5816/4 1419/5818/4 1420/5819/4
f 1420/5819/4 1402/3658/4 1375/5821/4
f 1381/5822/4 1383/3276/4 1389/5823/4
f 1420/5819/4 1375/5821/4 1381/5822/4
f 1422/5815/4 1474/5816/4 1420/5819/4
f 1422/5815/4 1420/5819/4 1381/5822/4
f 1381/5822/4 1389/5823/4 1428/5824/4
f 1427/5825/4 1446/5826/4 1445/3270/4
f 1381/5822/4 1428/5824/4 1427/5825/4
f 1425/3269/4 1422/5815/4 1381/5822/4
f 1468/5827/4 1467/5828/4 1443/3305/4
f 1425/3269/4 1381/5822/4 1427/5825/4
f 1468/5827/4 1443/3305/4 1425/3269/4
f 1445/3270/4 1456/5829/4 1454/3271/4
f 1454/3271/4 1468/5827/4 1425/3269/4
f 1425/3269/4 1427/5825/4 1445/3270/4
f 1165/3272/2 1310/5830/2 1309/3273/2
f 1320/5805/4 1296/5804/4 1298/5831/4
f 1306/5832/4 1322/5833/4 1340/5834/4
f 1320/5805/4 1298/5831/4 1306/5832/4
f 1356/5800/4 1337/5803/4 1339/3277/4
f 1339/3277/4 1320/5805/4 1306/5832/4
f 1340/5834/4 1352/5835/4 1365/5836/4
f 1339/3277/4 1306/5832/4 1340/5834/4
f 1366/5820/4 1356/5800/4 1339/3277/4
f 1383/3276/4 1381/5822/4 1375/5821/4
f 1375/5821/4 1366/5820/4 1339/3277/4
f 1339/3277/4 1340/5834/4 1365/5836/4
f 1365/5836/4 1369/5837/4 1391/3275/4
f 1391/3275/4 1389/5823/4 1383/3276/4
f 1383/3276/4 1375/5821/4 1339/3277/4
f 1339/3277/4 1365/5836/4 1391/3275/4
f 1051/5838/2 1049/5839/2 1014/5840/2
f 1051/5838/2 1014/5840/2 1017/3278/2
f 1425/5841/2 1443/5842/2 1251/3280/2
f 1251/3280/2 1051/5838/2 1017/3278/2
f 1233/3279/2 1425/5841/2 1251/3280/2
f 1389/3281/6 1391/3593/6 1393/3145/6
f 1214/3283/5 1393/5843/5 1206/3284/5
f 966/3286/1 965/5844/1 989/3287/1
f 1572/3147/3 1554/3146/3 1577/3289/3
f 1070/3291/1 1119/5845/1 1276/3292/1
f 3552/3294/4 3551/5846/4 3587/3295/4
f 1445/3297/6 1446/5847/6 1255/3298/6
f 1025/3301/6 1238/2867/6 1431/2866/6
f 1431/2866/6 1433/5848/6 1241/3300/6
f 1263/3302/1 1456/5849/1 1445/3303/1
f 1443/3305/4 1467/5828/4 1465/3306/4
f 1065/3308/1 1089/5850/1 1087/3309/1
f 1102/3311/6 1100/5851/6 1095/5852/6
f 1095/5852/6 1097/5853/6 1098/5854/6
f 1272/3312/6 1459/5855/6 1461/5856/6
f 1102/3311/6 1095/5852/6 1098/5854/6
f 1272/3312/6 1461/5856/6 1463/5857/6
f 1102/3311/6 1098/5854/6 1272/3312/6
f 1272/3312/6 1463/5857/6 1275/3313/6
f 1459/2932/5 1272/5858/5 1270/3314/5
f 1170/3316/6 1315/5859/6 1316/3317/6
f 1467/3321/6 1468/5860/6 1128/3319/6
f 1128/3319/6 1124/5861/6 1126/5862/6
f 1279/3320/6 1465/5863/6 1467/3321/6
f 1128/3319/6 1126/5862/6 1279/3320/6
f 1473/3322/6 1474/5864/6 1134/3323/6
f 1134/3323/6 1133/5865/6 1130/3324/6
f 1130/3324/6 1470/5866/6 1473/3322/6
f 1453/3327/4 1436/5781/4 1438/5867/4
f 1417/5783/4 1398/3265/4 1401/5785/4
f 1438/5867/4 1417/5783/4 1401/5785/4
f 1401/5785/4 1394/5784/4 1405/3325/4
f 1405/3325/4 1419/5818/4 1473/5817/4
f 1473/5817/4 1470/5868/4 1463/3326/4
f 1463/3326/4 1461/5869/4 1450/5778/4
f 1453/3327/19 1438/5867/19 1401/5785/19
f 1463/3326/4 1450/5778/4 1453/3327/4
f 1405/3325/4 1473/5817/4 1463/3326/4
f 1453/3327/4 1401/5785/4 1405/3325/4
f 1775/3328/1 1800/5870/1 1799/3329/1
f 1476/3331/2 1484/5871/2 1482/3332/2
f 1488/3334/1 1486/5872/1 1479/3335/1
f 1484/3337/6 1486/5873/6 1488/3338/6
f 1482/3340/5 1488/5874/5 1283/3341/5
f 1255/3343/1 1446/5875/1 1427/5876/1
f 1234/3344/1 1266/5877/1 1264/3345/1
f 1255/3343/1 1427/5876/1 1234/3344/1
f 1345/5878/3 1347/5879/3 1515/3346/3
f 1521/3347/3 1348/5880/3 1351/5881/3
f 1524/5463/3 1345/5878/3 1515/3346/3
f 1521/3347/3 1351/5881/3 1557/5460/3
f 1533/2911/3 1524/5463/3 1515/3346/3
f 1521/3347/3 1557/5460/3 1541/3348/3
f 1541/3348/3 1533/2911/3 1515/3346/3
f 1347/3349/2 1332/5882/2 1516/3350/2
f 1494/3352/6 1496/5883/6 1402/3353/6
f 1493/3355/4 1496/5884/4 1494/3356/4
f 1534/3358/6 1397/5885/6 1386/3359/6
f 1386/3359/6 1565/5886/6 1547/3360/6
f 1505/3361/6 1506/5887/6 1493/3362/6
f 2118/5888/1 2090/5889/1 1913/5890/1
f 1905/5891/2 1730/3525/2 1705/3524/2
f 2118/5888/2 1913/5890/2 1905/5891/2
f 2092/5892/2 2120/5893/2 2118/5888/2
f 1752/5894/2 1972/5895/2 1971/5896/2
f 1971/5896/2 2092/5892/2 2118/5888/2
f 1971/5896/2 2118/5888/2 1905/5891/2
f 1590/5897/2 1754/5898/2 1752/5894/2
f 1752/5894/2 1971/5896/2 1905/5891/2
f 1705/3524/2 1583/5899/2 1577/5900/2
f 1752/5894/2 1905/5891/2 1705/3524/2
f 1524/5901/2 1592/5902/2 1590/5897/2
f 1590/5897/2 1752/5894/2 1705/3524/2
f 1590/5897/2 1705/3524/2 1577/5900/2
f 1345/3366/2 1524/5901/2 1590/5897/2
f 1500/5903/2 1363/5904/2 1345/3366/2
f 1499/5905/2 1500/5903/2 1345/3366/2
f 1345/3366/2 1590/5897/2 1577/5900/2
f 1554/3364/2 1561/5906/2 1531/5907/2
f 1345/3366/2 1577/5900/2 1554/3364/2
f 1523/3365/2 1499/5905/2 1345/3366/2
f 1554/3364/2 1531/5907/2 1523/3365/2
f 1033/5908/2 1031/5909/2 999/5910/2
f 1033/5908/2 999/5910/2 1000/3367/2
f 1417/5911/2 1438/5912/2 1245/3369/2
f 1245/3369/2 1033/5908/2 1000/3367/2
f 1228/3368/2 1417/5911/2 1245/3369/2
f 1509/3370/5 1512/5913/5 1506/3371/5
f 1511/3373/3 1499/5914/3 1523/3374/3
f 1929/3376/3 1946/5915/3 1988/3377/3
f 1625/5916/6 1626/5917/6 1512/3379/6
f 1512/3379/6 1509/5918/6 1548/3380/6
f 1569/3381/6 1625/5916/6 1512/3379/6
f 1518/2905/4 1521/5919/4 1515/3382/4
f 1523/3384/4 1531/3609/4 1527/3385/4
f 1639/5920/6 1641/5921/6 1630/5922/6
f 1629/5923/6 1407/5924/6 1419/3387/6
f 1639/5920/6 1630/5922/6 1629/5923/6
f 1571/5415/6 1636/5925/6 1639/5920/6
f 1553/3389/6 1571/5415/6 1639/5920/6
f 1639/5920/6 1629/5923/6 1419/3387/6
f 1419/3387/6 1405/5926/6 1537/5927/6
f 1537/5927/6 1545/5416/6 1551/2895/6
f 1537/5927/6 1551/2895/6 1539/3388/6
f 1553/3389/6 1639/5920/6 1419/3387/6
f 1419/3387/6 1537/5927/6 1539/3388/6
f 1062/5928/2 1061/5929/2 1028/3390/2
f 1028/3390/2 1436/5930/2 1453/3391/2
f 1258/3392/2 1062/5928/2 1028/3390/2
f 1527/3393/3 1531/5931/3 1561/3394/3
f 1700/3398/1 1698/5932/1 1599/3396/1
f 1599/3396/1 1600/5933/1 1675/3397/1
f 1545/3401/2 1537/5934/2 1534/3399/2
f 1534/3399/2 1547/5935/2 1567/3400/2
f 1480/5936/6 1141/5937/6 1137/5938/6
f 1139/3402/6 1134/3323/6 1474/5864/6
f 1480/5936/6 1137/5938/6 1139/3402/6
f 1283/3404/6 1479/5939/6 1480/5936/6
f 1474/5864/6 1476/5940/6 1281/3403/6
f 1283/3404/6 1480/5936/6 1139/3402/6
f 1139/3402/20 1474/5864/20 1281/3403/20
f 1563/3405/5 1561/5941/5 1554/3406/5
f 1575/3408/5 1567/5942/5 1547/3409/5
f 1890/3413/1 1761/5943/1 1763/3411/1
f 1763/3411/2 1837/5944/2 1845/3412/2
f 1845/3412/1 1892/5945/1 1890/3413/1
f 1814/3414/3 1821/5946/3 1916/3415/3
f 1577/3417/4 1583/5947/4 1578/3418/4
f 1748/3330/2 1784/3329/2 1786/3423/2
f 1822/5948/6 1824/5949/6 1677/3425/6
f 1677/3425/6 1668/5950/6 1702/3426/6
f 1739/3427/6 1822/5948/6 1677/3425/6
f 1589/3428/1 1642/5951/1 1636/3429/1
f 1587/3431/5 1589/5952/5 1571/3432/5
f 1594/3434/4 1596/5953/4 1590/3435/4
f 1843/3437/3 1834/5954/3 1847/3438/3
f 1794/5955/2 1792/5956/2 1782/5957/2
f 1794/5955/2 1782/5957/2 1788/5958/2
f 1830/5959/2 1794/5955/2 1788/5958/2
f 1830/5959/2 1788/5958/2 1826/3440/2
f 1868/5960/2 1866/5961/2 1853/3442/2
f 1853/3442/2 1830/5959/2 1826/3440/2
f 1850/3441/2 1868/5960/2 1853/3442/2
f 1606/3443/5 1605/5962/5 1603/3444/5
f 1612/3446/4 1615/3475/4 1611/3447/4
f 1950/3045/6 1945/5553/6 2013/3449/6
f 1621/3451/4 1623/3541/4 1618/3452/4
f 1713/5963/3 1618/5964/3 1623/5965/3
f 1623/5965/3 1776/5966/3 1773/5967/3
f 1799/5968/3 1817/5969/3 1818/5970/3
f 1799/5968/3 1818/5970/3 1812/5971/3
f 1812/5971/3 1982/5972/3 1978/3454/3
f 1978/3454/3 2075/5973/3 2073/5974/3
f 2036/5975/3 2034/5976/3 1974/3455/3
f 1978/3454/3 2073/5974/3 2036/5975/3
f 1799/5968/3 1812/5971/3 1978/3454/3
f 1773/5967/3 1799/5968/3 1978/3454/3
f 1978/3454/3 2036/5975/3 1974/3455/3
f 1974/3455/3 1972/5977/3 1752/5978/3
f 1752/5978/3 1758/5979/3 1804/5980/3
f 1804/5980/3 1810/5981/3 1832/5982/3
f 1804/5980/3 1832/5982/3 1838/5983/3
f 1623/5965/21 1773/5967/21 1978/3454/21
f 1735/5984/3 1713/5963/3 1623/5965/3
f 1837/5985/3 1763/5986/3 1766/5987/3
f 1766/5987/3 1735/5984/3 1623/5965/3
f 1752/5978/3 1804/5980/3 1838/5983/3
f 1854/5988/3 1849/5989/3 1886/5990/3
f 1752/5978/3 1838/5983/3 1854/5988/3
f 1766/5987/3 1623/5965/3 1978/3454/3
f 1845/5991/3 1837/5985/3 1766/5987/3
f 1892/3456/3 1845/5991/3 1766/5987/3
f 1974/3455/3 1752/5978/3 1854/5988/3
f 1974/3455/3 1854/5988/3 1886/5990/3
f 1892/3456/3 1766/5987/3 1978/3454/3
f 1974/3455/3 1886/5990/3 1892/3456/3
f 1629/3457/5 1630/5992/5 1626/3458/5
f 1202/3460/3 1369/5993/3 1365/3461/3
f 1635/3463/4 1641/5994/4 1639/3464/4
f 1750/3468/1 1770/5995/1 1883/3466/1
f 1883/3466/1 1878/5996/1 1790/3467/1
f 1642/3469/5 1653/5997/5 1639/3464/5
f 1647/3471/4 1650/5998/4 1649/3472/4
f 1658/3474/4 1660/5999/4 1655/3475/4
f 1635/3476/6 1632/3675/6 1663/3477/6
f 1666/3479/6 1668/6000/6 1647/3480/6
f 1649/3482/1 1671/6001/1 1666/3483/1
f 1041/3485/2 1038/6002/2 3566/3486/2
f 1150/3488/2 1295/6003/2 1293/3489/2
f 1668/3491/5 1677/6004/5 1665/3492/5
f 1671/3494/5 1681/3447/5 1668/3475/5
f 2090/3498/3 2118/6005/3 2144/3496/3
f 2144/3496/3 1908/6006/3 1913/3497/3
f 1682/3499/5 1679/6007/5 1675/3500/5
f 1688/3502/4 1690/6008/4 1685/3503/4
f 53/3505/6 54/6009/6 3572/3506/6
f 1658/3508/2 1686/6010/2 1685/3509/2
f 1578/3511/3 1583/6011/3 1705/3512/3
f 1705/3517/4 1719/6012/4 1714/3518/4
f 1721/3520/5 1696/3562/5 1695/3521/5
f 1735/3526/1 1766/6013/1 1764/6014/1
f 1711/3527/1 1617/6015/1 1618/3528/1
f 1735/3526/1 1764/6014/1 1711/3527/1
f 1618/3528/1 1713/6016/1 1735/3526/1
f 1727/3529/6 1746/3572/6 1744/3530/6
f 1741/3532/6 1743/6017/6 1727/3533/6
f 1725/6018/2 1682/6019/2 1672/3535/2
f 1672/3535/2 1545/6020/2 1567/6021/2
f 1567/6021/2 1695/6022/2 1696/6023/2
f 1722/6024/6 1737/6025/6 1781/6026/6
f 1672/3535/2 1567/6021/2 1696/6023/2
f 1696/6023/2 1722/6024/2 1781/6026/2
f 1781/6026/2 1937/6027/2 1943/3536/2
f 1943/3536/6 1956/6028/6 2106/6029/6
f 2106/6029/2 2116/6030/2 2082/6031/2
f 2059/6032/2 1958/6033/2 1898/6034/2
f 2106/6029/2 2082/6031/2 2059/6032/2
f 1696/6023/2 1781/6026/2 1943/3536/2
f 1943/3536/2 2106/6029/2 2059/6032/2
f 2059/6032/2 1898/6034/2 1877/3537/2
f 1741/6035/2 1725/6018/2 1672/3535/2
f 1943/3536/2 2059/6032/2 1877/3537/2
f 1877/3537/2 1741/6035/2 1672/3535/2
f 1672/3535/2 1696/6023/2 1943/3536/2
f 2099/3538/3 2128/6036/3 2134/6037/3
f 2097/3539/3 2007/3416/3 2011/3415/3
f 2099/3538/3 2134/6037/3 2097/3539/3
f 1757/3540/4 1758/6038/4 1752/3541/4
f 1764/3542/4 1766/3575/4 1763/3543/4
f 1174/2889/1 1190/6039/1 1337/3545/1
f 1768/3547/5 1770/6040/5 1750/3548/5
f 1776/3550/4 1778/6041/4 1775/3551/4
f 1758/3553/2 1757/6042/2 1806/3554/2
f 2048/6043/6 2050/6044/6 2031/6045/6
f 2031/6045/6 1969/6046/6 1967/6047/6
f 1992/6048/6 2001/6049/6 2067/3556/6
f 2031/6045/6 1967/6047/6 1992/6048/6
f 2047/6050/6 2048/6043/6 2031/6045/6
f 2141/6051/6 2085/6052/6 2069/3557/6
f 2047/6050/6 2031/6045/6 1992/6048/6
f 2139/3516/6 2141/6051/6 2069/3557/6
f 2069/3557/6 2047/6050/6 1992/6048/6
f 2067/3556/6 2082/6053/6 2116/3514/6
f 2069/3557/6 1992/6048/6 2067/3556/6
f 2116/3514/6 2139/3516/6 2069/3557/6
f 1778/3558/3 1802/6054/3 1800/3559/3
f 1792/3561/5 1786/6055/5 1784/3521/5
f 1663/3565/1 1632/6056/1 1639/3563/1
f 1639/3563/1 1653/6057/1 1650/6058/1
f 1647/3564/1 1668/6059/1 1663/3565/1
f 1639/3563/1 1650/6058/1 1647/3564/1
f 1714/3568/3 1719/6060/3 1730/3566/3
f 1730/3566/3 1905/6061/3 1911/3567/3
f 2118/3569/4 2133/6062/4 2131/3570/4
f 1650/6063/6 1653/6064/6 1642/6065/6
f 1642/6065/6 1589/6066/6 1587/6067/6
f 1605/6068/6 1606/6069/6 1679/6070/6
f 1642/6065/6 1587/6067/6 1605/6068/6
f 1649/6071/6 1650/6063/6 1642/6065/6
f 1829/6072/6 1681/6073/6 1671/6074/6
f 1649/6071/6 1642/6065/6 1605/6068/6
f 1671/6074/6 1649/6071/6 1605/6068/6
f 1679/6070/6 1682/6075/6 1725/6076/6
f 1671/6074/6 1605/6068/6 1679/6070/6
f 1865/6077/6 1841/6078/6 1829/6072/6
f 1671/6074/6 1679/6070/6 1725/6076/6
f 1671/6074/6 1725/6076/6 1727/3529/6
f 1863/6079/6 1865/6077/6 1829/6072/6
f 1671/6074/6 1727/3529/6 1729/3531/6
f 1829/6072/6 1671/6074/6 1729/3531/6
f 1878/6080/6 1881/6081/6 1863/6079/6
f 1863/6079/6 1829/6072/6 1729/3531/6
f 1863/6079/6 1729/3531/6 1744/3530/6
f 1790/6082/6 1878/6080/6 1863/6079/6
f 1750/6083/6 1790/6082/6 1863/6079/6
f 1746/3572/6 1743/6084/6 1741/6085/6
f 1741/6085/6 1877/6086/6 1868/6087/6
f 1741/6085/6 1868/6087/6 1850/6088/6
f 1741/6085/6 1850/6088/6 1826/6089/6
f 1741/6085/6 1826/6089/6 1788/6090/6
f 1741/6085/6 1788/6090/6 1782/6091/6
f 1782/6091/6 1784/6092/6 1748/3573/6
f 1750/6083/6 1863/6079/6 1744/3530/6
f 1741/6085/6 1782/6091/6 1748/3573/6
f 1748/3573/6 1750/6083/6 1744/3530/6
f 1746/3572/6 1741/6085/6 1748/3573/6
f 1808/3574/4 1810/6093/4 1804/3575/4
f 1800/3579/5 1802/6094/5 1817/3580/5
f 1818/3582/4 1821/6095/4 1814/3583/4
f 1834/3585/2 1832/6096/2 1810/3586/2
f 1829/3588/5 1841/5439/5 1824/2904/5
f 1838/3589/5 1832/6097/5 1834/3590/5
f 1587/3592/2 1584/6098/2 1603/3145/2
f 1847/3386/4 1849/3385/4 1854/3594/4
f 1778/6099/1 1776/6100/1 1623/6101/1
f 1623/6101/1 1621/6102/1 1356/6103/1
f 1366/6104/1 1402/6105/1 1496/6106/1
f 1623/6101/1 1356/6103/1 1366/6104/1
f 1778/6099/1 1623/6101/1 1366/6104/1
f 1366/6104/1 1496/6106/1 1493/6107/1
f 1506/6108/1 1512/6109/1 1626/6110/1
f 1366/6104/1 1493/6107/1 1506/6108/1
f 1802/6111/1 1778/6099/1 1366/6104/1
f 1818/6112/1 1817/6113/1 1802/6111/1
f 1919/6114/1 1916/6115/1 1821/6116/1
f 1821/6116/1 1818/6112/1 1802/6111/1
f 1802/6111/1 1366/6104/1 1506/6108/1
f 1626/6110/1 1630/6117/1 1641/6118/1
f 1802/6111/1 1506/6108/1 1626/6110/1
f 1919/6114/1 1821/6116/1 1802/6111/1
f 1988/6119/1 1946/6120/1 1933/6121/1
f 1919/6114/1 1802/6111/1 1626/6110/1
f 1991/6122/1 1988/6119/1 1933/6121/1
f 1933/6121/1 1919/6114/1 1626/6110/1
f 1626/6110/1 1641/6118/1 1635/6123/1
f 1665/6124/1 1677/6125/1 1824/6126/1
f 1933/6121/1 1626/6110/1 1635/6123/1
f 1933/6121/1 1635/6123/1 1665/6124/1
f 1991/6122/1 1933/6121/1 1665/6124/1
f 1824/6126/1 1841/6127/1 1865/6128/1
f 1991/6122/1 1665/6124/1 1824/6126/1
f 2008/6129/1 2003/6130/1 1998/6131/1
f 1998/6131/1 1991/6122/1 1824/6126/1
f 1824/6126/1 1865/6128/1 1861/6132/1
f 1874/6133/1 1896/6134/1 1926/6135/1
f 1998/6131/1 1824/6126/1 1861/6132/1
f 1874/6133/1 1926/6135/1 1922/6136/1
f 1998/6131/1 1861/6132/1 1874/6133/1
f 2011/6137/1 2008/6129/1 1998/6131/1
f 2100/3420/1 2099/6138/1 2011/6137/1
f 2089/6139/1 2087/3422/1 2079/3421/1
f 2079/3421/1 2100/3420/1 2011/6137/1
f 2011/6137/1 1998/6131/1 1874/6133/1
f 1874/6133/1 1922/6136/1 1941/6140/1
f 1941/6140/1 1950/6141/1 2015/6142/1
f 2015/6142/1 2029/6143/1 2027/6144/1
f 2015/6142/1 2027/6144/1 2020/6145/1
f 2011/6137/1 1874/6133/1 1941/6140/1
f 1941/6140/1 2015/6142/1 2020/6145/1
f 2056/3596/1 2081/6146/1 2114/3597/1
f 1941/6140/1 2020/6145/1 2056/3596/1
f 2079/3421/1 2011/6137/1 1941/6140/1
f 2114/3597/1 2089/6139/1 2079/3421/1
f 2079/3421/1 1941/6140/1 2056/3596/1
f 1861/3598/4 1865/6147/4 1863/3599/4
f 1363/3289/3 1500/3652/3 1502/3601/3
f 1872/3602/6 1874/6148/6 1861/3603/6
f 1863/3605/1 1881/6149/1 1872/3606/1
f 1890/3608/4 1892/6150/4 1886/3609/4
f 1559/6151/1 1615/6152/1 1612/3610/1
f 1612/3610/1 1557/6153/1 1351/3611/1
f 1351/3611/1 1355/6154/1 1543/3612/1
f 1543/3612/1 1559/6151/1 1612/3610/1
f 1881/3613/5 1896/6155/5 1874/3614/5
f 1898/3616/5 1866/6156/5 1868/3617/5
f 1871/3621/6 1903/6157/6 1901/3619/6
f 1883/3620/6 1884/6158/6 1871/3621/6
f 1883/3622/5 1901/6159/5 1881/3623/5
f 1926/3626/6 1896/3097/6 1881/3096/6
f 1895/3625/6 1925/6160/6 1926/3626/6
f 1144/3627/3 1284/6161/3 1295/3628/3
f 1905/3630/4 1913/6162/4 1908/3631/4
f 1916/3633/4 1919/6163/4 1915/3634/4
f 1922/3636/4 1926/6164/4 1925/3637/4
f 1919/3639/3 1933/6165/3 1930/3640/3
f 1939/3640/6 1941/6166/6 1922/3642/6
f 1982/3645/1 1812/6167/1 1814/6168/1
f 1907/3643/1 1915/6169/1 1930/6170/1
f 1982/3645/1 1814/6168/1 1907/3643/1
f 1929/3644/1 1984/6171/1 1982/3645/1
f 1907/3643/1 1930/6170/1 1929/3644/1
f 1930/3646/5 1933/6172/5 1946/3647/5
f 1190/3214/5 1174/5693/5 931/5692/5
f 1181/3209/5 3659/3211/5 1192/3215/5
f 1192/3215/5 1190/3214/5 931/5692/5
f 931/5692/5 3533/6173/5 3532/3649/5
f 3532/3649/5 3622/6174/5 966/6175/5
f 966/6175/5 986/6176/5 1020/6177/5
f 1055/6178/5 1059/6179/5 1075/6180/5
f 1055/6178/5 1075/6180/5 1266/6181/5
f 1234/6182/5 1237/6183/5 1205/3650/5
f 1055/6178/5 1266/6181/5 1234/6182/5
f 1020/6177/5 1055/6178/5 1234/6182/5
f 1205/3650/5 1208/6184/5 1202/6185/5
f 1020/6177/5 1234/6182/5 1205/3650/5
f 966/6175/5 1020/6177/5 1205/3650/5
f 1205/3650/5 1202/6185/5 1201/6186/5
f 1201/6186/5 1199/6187/5 1194/3651/5
f 1194/3651/5 1181/3209/5 1192/3215/5
f 1192/3215/5 931/5692/5 3532/3649/5
f 3532/3649/5 966/6175/5 1205/3650/5
f 1205/3650/5 1201/6186/5 1194/3651/5
f 1194/3651/5 1192/3215/5 3532/3649/5
f 1949/3652/5 1943/3677/5 1937/3653/5
f 1945/3655/5 1950/6188/5 1941/3656/5
f 1402/3658/4 1420/5819/4 1407/3659/4
f 1956/6189/6 1943/6190/6 1949/6191/6
f 1956/6189/6 1949/6191/6 2053/3661/6
f 2131/6192/6 2133/6193/6 2106/3663/6
f 2106/3663/6 1956/6189/6 2053/3661/6
f 2105/3662/6 2131/6192/6 2106/3663/6
f 1722/6194/6 1696/6195/6 1721/3664/6
f 1721/3664/6 1935/2983/6 1937/5507/6
f 1721/3664/6 1937/5507/6 1781/3665/6
f 1737/3666/6 1722/6194/6 1721/3664/6
f 1412/3669/6 1224/6196/6 1220/3667/6
f 1222/3668/6 1411/6197/6 1412/3669/6
f 1967/3670/5 1969/6198/5 1955/3671/5
f 1974/3673/4 1977/6199/4 1971/3674/4
f 1982/3652/4 1984/6200/4 1980/3676/4
f 1187/3678/1 1328/6201/1 1315/3679/1
f 1988/3681/4 1991/6202/4 1986/3646/4
f 1986/3682/1 1997/6203/1 1994/3683/1
f 1991/3685/3 1998/6204/3 1997/3686/3
f 11/3688/6 8/6205/6 3600/3689/6
f 2001/3691/5 1992/6206/5 1960/3692/5
f 1997/3694/5 1998/6207/5 2003/3695/5
f 2024/6208/6 2027/6209/6 2029/6210/6
f 2017/6211/6 1903/6212/6 1871/6213/6
f 2024/6208/6 2029/6210/6 2017/6211/6
f 1955/6214/6 2023/6215/6 2024/6208/6
f 1965/2967/6 1960/6216/6 1953/6217/6
f 1955/6214/6 2024/6208/6 2017/6211/6
f 1958/5492/6 1965/2967/6 1953/6217/6
f 1955/6214/22 2017/6211/22 1871/6213/22
f 1898/6218/6 1958/5492/6 1953/6217/6
f 1953/6217/6 1955/6214/6 1871/6213/6
f 1884/6219/6 1883/6220/6 1770/3697/6
f 1898/6218/6 1953/6217/6 1871/6213/6
f 1866/6221/6 1898/6218/6 1871/6213/6
f 1797/3578/6 1830/3577/6 1853/6222/6
f 1853/6222/6 1866/6221/6 1871/6213/6
f 1853/6222/6 1871/6213/6 1884/6219/6
f 1792/6223/6 1794/3576/6 1797/3578/6
f 1797/3578/6 1853/6222/6 1884/6219/6
f 1770/3697/6 1768/6224/6 1786/3698/6
f 1786/3698/6 1792/6223/6 1797/3578/6
f 1797/3578/6 1884/6219/6 1770/3697/6
f 2008/3699/4 2011/6225/4 2007/3694/4
f 3612/3702/1 3611/6226/1 54/3700/1
f 53/3701/1 70/6227/1 3612/3702/1
f 1953/3237/2 1960/6228/2 1992/3703/2
f 1192/3705/3 1339/5602/3 1337/3145/3
f 2017/3707/5 2029/3243/5 2015/3708/5
f 2020/3710/4 2027/3709/4 2024/3708/4
f 2036/3712/4 2038/6229/4 2032/3713/4
f 2055/3717/6 2056/6230/6 2020/3715/6
f 2020/3715/6 2019/6231/6 2040/3716/6
f 2031/3718/5 2050/6232/5 2024/3719/5
f 2044/3719/4 2048/6232/4 2047/3721/4
f 2007/3725/2 2097/6233/2 2134/3723/2
f 2134/3723/1 2122/6234/1 2095/3724/1
f 2095/3724/1 2004/6235/1 2007/3725/1
f 2062/3726/6 2065/6236/6 2044/3727/6
f 2047/3729/1 2069/6237/1 2062/3730/1
f 2137/3734/4 2124/6238/4 2143/3732/4
f 2143/3732/4 2141/6239/4 2139/3733/4
f 2075/3735/4 2076/6240/4 2071/3736/4
f 2065/3738/5 2081/6241/5 2056/3739/5
f 2082/3741/5 2067/3691/5 2061/3693/5
f 2069/3721/5 2085/6242/5 2065/3743/5
f 2065/3746/1 2085/6243/1 2141/3744/1
f 2141/3744/1 2143/6244/1 2113/3745/1
f 3598/3747/4 3599/6245/4 3604/3748/4
f 2106/3750/3 1956/6246/3 1963/3751/3
f 3596/3753/6 4/6247/6 3602/3754/6
f 2095/3756/3 2122/6248/3 2120/3757/3
f 2133/3759/4 2118/6249/4 2134/3760/4
f 2134/3760/4 2128/5521/4 2127/6250/4
f 2143/3761/4 2124/6251/4 2133/3759/4
f 2134/3760/4 2127/6250/4 2143/3761/4
f 2122/3555/4 2134/3554/4 2118/3762/4
f 2114/3764/6 2081/6252/6 2065/6253/6
f 2113/3765/6 2143/6254/6 2127/3766/6
f 2114/3764/6 2065/6253/6 2113/3765/6
f 2127/3769/1 2128/6255/1 2099/6256/1
f 2127/3769/1 2099/6256/1 2100/6257/1
f 2089/3768/1 2114/6258/1 2127/3769/1
f 2127/3769/1 2100/6257/1 2087/3767/1
f 2124/3771/2 2137/6259/2 2116/3729/2
f 2116/3729/2 2106/6260/2 2133/3770/2
