# Blender 4.4.3
# www.blender.org
mtllib arbiters_shield_hs.mtl
o Shield
v 0.086279 -0.043686 0.787853
v 0.086279 0.145445 0.821418
v -0.037673 0.145445 0.821418
v 0.086279 -0.196320 0.749694
v 0.086279 -0.328815 0.700936
v 0.086279 -0.466609 0.626739
v 0.086279 -0.605464 0.520743
v -0.037673 -0.605464 0.520743
v 0.086279 -0.712520 0.422167
v 0.086279 -0.899072 0.206995
v 0.086279 -0.977951 0.095111
v -0.037673 -0.977951 0.095111
v 0.086279 0.411028 0.851097
v -0.037673 0.411028 0.851097
v 0.086279 0.520204 0.858497
v 0.086279 0.547763 0.861479
v 0.086279 0.662238 0.617264
v -0.037673 0.662238 0.617264
v 0.086279 0.786783 0.390256
v -0.037673 0.786783 0.390256
v 0.086279 0.902716 0.203782
v -0.037673 0.902716 0.203782
v 0.086279 0.952402 0.135081
v -0.037673 0.952402 0.135081
v 0.086279 0.998549 0.070120
v -0.037673 0.998549 0.070120
v -0.049598 -0.605464 0.384539
v -0.061811 0.520204 0.582792
v -0.049089 -0.712520 0.253301
v -0.058634 -0.328815 0.493927
v -0.082686 0.662238 0.140896
v -0.057119 0.662238 0.411467
v -0.047994 0.145445 0.719788
v -0.059094 0.411028 0.621165
v -0.046893 0.305569 0.740336
v -0.047058 0.356331 0.744241
v -0.056450 0.359526 0.643782
v -0.062772 0.496156 0.570188
v -0.060594 -0.429943 0.416610
v -0.057119 -0.295761 0.519198
v -0.047038 -0.245712 0.638103
v -0.058797 0.686301 0.367675
v -0.050914 -0.798507 0.127129
v -0.049205 -0.722090 0.240540
v -0.050496 -0.658194 0.325735
v -0.047464 -0.145608 0.665081
v -0.058219 0.555729 0.601413
v -0.089416 0.630570 0.122385
v -0.037673 -0.043686 0.787853
v -0.037673 -0.196320 0.749694
v -0.037673 -0.328815 0.700936
v -0.037673 -0.466609 0.626739
v -0.060795 -0.712520 0.080147
v -0.037673 -0.712520 0.422167
v -0.037673 -0.899072 0.206995
v -0.037673 0.520204 0.858497
v -0.059443 0.547763 0.597237
v -0.037673 0.547763 0.861479
v -0.047526 -0.196320 0.651414
v -0.047333 -0.328815 0.605533
v -0.054699 -0.466609 0.443782
v -0.047813 -0.043686 0.687090
v -0.046870 0.217535 0.730752
v -0.059142 0.426617 0.614319
v -0.062697 0.490513 0.570656
v -0.049509 -0.590393 0.401346
v -0.049261 -0.549925 0.438618
v -0.048700 -0.509458 0.475536
v -0.060903 0.777530 0.208289
v -0.064192 -0.695208 0.070688
v -0.047674 -0.007522 0.694899
v -0.047858 0.124175 0.716553
v -0.058625 0.611401 0.503986
v -0.133502 0.662238 0.140896
v -0.140232 0.630570 0.122385
v -0.098810 0.145445 0.719788
v -0.088489 0.145445 0.821418
v -0.088489 -0.043686 0.787853
v -0.088489 -0.196320 0.749694
v -0.088489 -0.328815 0.700936
v -0.088489 -0.466609 0.626739
v -0.088489 -0.605464 0.520743
v -0.111611 -0.712520 0.080147
v -0.088489 -0.712520 0.422167
v -0.088489 -0.899072 0.206995
v -0.088489 -0.977951 0.095111
v -0.109910 0.411028 0.621165
v -0.088489 0.411028 0.851097
v -0.112627 0.520204 0.582792
v -0.088489 0.520204 0.858497
v -0.110260 0.547763 0.597237
v -0.088489 0.547763 0.861479
v -0.107935 0.662238 0.411467
v -0.088489 0.662238 0.617264
v -0.088489 0.786783 0.390256
v -0.088489 0.902716 0.203782
v -0.088489 0.952402 0.135081
v -0.088489 0.998549 0.070120
v -0.100415 -0.605464 0.384539
v -0.098342 -0.196320 0.651414
v -0.099905 -0.712520 0.253301
v -0.098150 -0.328815 0.605533
v -0.109451 -0.328815 0.493927
v -0.105516 -0.466609 0.443782
v -0.098630 -0.043686 0.687090
v -0.097686 0.217535 0.730752
v -0.097710 0.305569 0.740336
v -0.097875 0.356331 0.744241
v -0.107267 0.359526 0.643782
v -0.109958 0.426617 0.614319
v -0.113514 0.490513 0.570656
v -0.113588 0.496155 0.570188
v -0.111411 -0.429943 0.416610
v -0.107936 -0.295761 0.519198
v -0.097855 -0.245712 0.638103
v -0.100325 -0.590393 0.401346
v -0.100077 -0.549925 0.438618
v -0.099517 -0.509458 0.475536
v -0.109613 0.686301 0.367675
v -0.111719 0.777530 0.208289
v -0.101730 -0.798507 0.127129
v -0.100022 -0.722090 0.240540
v -0.115008 -0.695208 0.070688
v -0.101312 -0.658194 0.325735
v -0.098490 -0.007522 0.694899
v -0.098674 0.124175 0.716553
v -0.098281 -0.145608 0.665081
v -0.109036 0.555729 0.601413
v -0.109441 0.611401 0.503986
v -0.124678 0.786783 0.080500
v -0.112906 0.786783 0.089654
v -0.121635 0.786783 0.106551
v -0.128873 0.755604 0.075039
v -0.106333 0.889017 0.098408
v -0.107860 0.838728 0.159050
v -0.094167 0.831333 0.110536
v -0.095373 0.905435 0.021588
v -0.111491 0.902716 0.039543
v -0.133430 0.786783 0.005589
v -0.105192 0.931137 0.047867
v -0.111780 -0.043686 0.051496
v -0.117434 0.005060 0.005887
v -0.116855 -0.007266 0.008968
v -0.115494 -0.019386 0.019856
v -0.113904 -0.030685 0.033209
v -0.112450 -0.040258 0.045578
v -0.110726 -0.048936 0.060557
v -0.108597 -0.062607 0.078033
v -0.107501 -0.073069 0.086117
v -0.106616 -0.086740 0.091229
v -0.105700 -0.101600 0.096341
v -0.105206 -0.119433 0.096459
v -0.107082 -0.104929 0.081718
v -0.108137 -0.097321 0.073278
v -0.108906 -0.095419 0.066145
v -0.109236 -0.098272 0.062103
v -0.109362 -0.102908 0.059606
v -0.109143 -0.109209 0.060082
v -0.108827 -0.115153 0.061627
v -0.108541 -0.116461 0.064124
v -0.108658 -0.120978 0.061746
v -0.109249 -0.121691 0.055683
v -0.109504 -0.119314 0.053781
v -0.110089 -0.113607 0.049501
v -0.110297 -0.111230 0.048075
v -0.110687 -0.110517 0.044389
v -0.110941 -0.112656 0.041298
v -0.110936 -0.116817 0.040228
v -0.110791 -0.122167 0.040228
v -0.110628 -0.130845 0.039515
v -0.110881 -0.136076 0.035592
v -0.111240 -0.137859 0.031550
v -0.111651 -0.135482 0.028103
v -0.112025 -0.130964 0.025606
v -0.112333 -0.126209 0.023823
v -0.112677 -0.125852 0.020494
v -0.112921 -0.126566 0.017879
v -0.113111 -0.130608 0.014907
v -0.113168 -0.138691 0.012172
v -0.113318 -0.155692 0.006109
v -0.113265 -0.169601 0.002900
v -0.112216 0.411028 0.050943
v -0.119216 0.145445 0.018476
v -0.099997 0.145445 0.207721
v -0.107302 0.308762 0.110786
v -0.098715 0.115743 0.214814
v -0.098418 0.125603 0.219498
v -0.133371 0.411028 0.008788
v -0.130484 0.347239 0.047843
v -0.133927 0.145445 0.043261
v -0.121535 0.145445 0.165284
v -0.125970 0.241226 0.106943
v -0.105072 0.520204 0.088661
v -0.085978 0.520204 0.306753
v -0.095047 0.411028 0.235244
v -0.083489 0.411028 0.359304
v -0.073259 0.411028 0.469116
v -0.068065 0.411028 0.524866
v -0.094338 0.547763 0.173705
v -0.084827 0.547763 0.289149
v -0.090896 0.145445 0.297341
v -0.061596 0.145445 0.585848
v -0.099332 0.371986 0.190020
v -0.064147 0.350687 0.563043
v -0.070861 0.357786 0.491752
v -0.070355 0.224374 0.491160
v -0.080545 0.217570 0.388216
v -0.089412 0.349504 0.296513
v -0.086699 0.084749 0.326095
v -0.061273 0.135037 0.587005
v -0.105230 0.510723 0.088555
v -0.092282 0.506878 0.234392
v -0.091155 0.442982 0.272257
v -0.070972 0.475521 0.484061
v -0.075859 0.505694 0.421348
v -0.076631 0.509244 0.412769
v -0.074432 0.456589 0.449746
v -0.082360 0.421387 0.369876
v -0.105268 0.516581 0.086177
v -0.104835 0.522573 0.090286
v -0.083135 0.576986 0.270482
v -0.093667 0.520443 0.281468
v -0.091404 0.520443 0.307317
v -0.096064 0.411268 0.283130
v -0.088915 0.411268 0.359867
v -0.075189 0.411268 0.507197
v -0.073491 0.411268 0.525429
v -0.092353 0.548002 0.264221
v -0.090253 0.548002 0.289712
v -0.096322 0.145684 0.297905
v -0.067022 0.145684 0.586412
v -0.100472 0.411268 0.235807
v -0.104758 0.372225 0.190583
v -0.069573 0.350927 0.563607
v -0.078685 0.411268 0.469680
v -0.076287 0.358026 0.492315
v -0.075781 0.224613 0.491724
v -0.085971 0.217810 0.388780
v -0.094838 0.349743 0.297077
v -0.092125 0.084988 0.326659
v -0.066699 0.135277 0.587568
v -0.110656 0.510963 0.089119
v -0.097708 0.507117 0.234956
v -0.096581 0.443221 0.272820
v -0.076398 0.475761 0.484624
v -0.081285 0.505934 0.421911
v -0.082057 0.509484 0.413332
v -0.079858 0.456829 0.450309
v -0.087786 0.421627 0.370439
v -0.110498 0.520443 0.089225
v -0.110694 0.516821 0.086741
v -0.099764 0.548002 0.174268
v -0.110261 0.522813 0.090849
v -0.088561 0.577226 0.271045
v -0.109256 0.520443 0.103414
v -0.095151 0.548002 0.230262
v -0.091970 0.554497 0.260156
v -0.077550 0.471185 0.470719
v -0.100624 0.374748 0.236332
v -0.089400 0.168892 0.363583
v -0.070296 0.186867 0.551321
v -0.071842 0.357772 0.539766
v -0.090980 0.446220 0.327919
v -0.099485 0.518246 0.286544
v -0.101881 0.409071 0.288206
v -0.081007 0.409071 0.512273
v -0.098170 0.545805 0.269297
v -0.081798 0.507287 0.418409
v -0.115073 0.518246 0.108490
v -0.100968 0.545805 0.235338
v -0.097788 0.552300 0.265232
v -0.083368 0.468988 0.475796
v -0.106441 0.372551 0.241408
v -0.095217 0.166695 0.368659
v -0.076114 0.184670 0.556397
v -0.077659 0.355575 0.544842
v -0.096798 0.444023 0.332995
v -0.093718 -0.466609 0.024515
v -0.097129 -0.328815 0.113775
v -0.082239 -0.605464 0.011735
v -0.112071 -0.196320 0.007611
v -0.080121 -0.620229 0.009060
v -0.078115 -0.634296 0.006385
v -0.077429 -0.639745 0.004305
v -0.092813 -0.476778 0.024217
v -0.091179 -0.495204 0.023623
v -0.089772 -0.511551 0.022632
v -0.088781 -0.521953 0.023028
v -0.087796 -0.529779 0.025901
v -0.086607 -0.536615 0.031945
v -0.085434 -0.541667 0.039573
v -0.084823 -0.546720 0.041158
v -0.084213 -0.552664 0.041851
v -0.083816 -0.558905 0.039969
v -0.084076 -0.560391 0.035709
v -0.084421 -0.563066 0.029369
v -0.084219 -0.570595 0.024118
v -0.083203 -0.589517 0.016391
v -0.082655 -0.599920 0.012032
v -0.111891 -0.200873 0.007970
v -0.111561 -0.208501 0.008862
v -0.110993 -0.214544 0.012626
v -0.110330 -0.219498 0.017679
v -0.109463 -0.225244 0.024514
v -0.108543 -0.231089 0.031845
v -0.107979 -0.235745 0.036006
v -0.107222 -0.238321 0.042743
v -0.106895 -0.238321 0.046012
v -0.106417 -0.244958 0.048687
v -0.105947 -0.252586 0.050966
v -0.105341 -0.259521 0.054829
v -0.104842 -0.265267 0.058000
v -0.104453 -0.271905 0.059783
v -0.104137 -0.278443 0.060873
v -0.104110 -0.283397 0.059585
v -0.103970 -0.290034 0.058891
v -0.103827 -0.293303 0.059287
v -0.103402 -0.296077 0.062656
v -0.102995 -0.298257 0.066024
v -0.102510 -0.300734 0.070086
v -0.102023 -0.300734 0.074940
v -0.101399 -0.303210 0.080389
v -0.101151 -0.306975 0.081677
v -0.100486 -0.313910 0.085937
v -0.099695 -0.315594 0.093070
v -0.099079 -0.317179 0.098518
v -0.098255 -0.318962 0.105949
v -0.097667 -0.320349 0.111199
v -0.097264 -0.322628 0.114369
v -0.097157 -0.325996 0.114369
v -0.112493 -0.188698 0.005457
v -0.112175 -0.193344 0.007376
v -0.097021 -0.333921 0.110209
v -0.097430 -0.334714 0.105453
v -0.098300 -0.334417 0.097131
v -0.099318 -0.336002 0.085640
v -0.099685 -0.337686 0.080488
v -0.099807 -0.343234 0.074247
v -0.100147 -0.347296 0.067213
v -0.100264 -0.351258 0.062458
v -0.100688 -0.361066 0.049381
v -0.100826 -0.370378 0.039573
v -0.100833 -0.379592 0.031152
v -0.100591 -0.386824 0.026991
v -0.099665 -0.399306 0.024812
v -0.098675 -0.412284 0.022830
v -0.097692 -0.420804 0.024812
v -0.096830 -0.426253 0.028378
v -0.095891 -0.431900 0.032539
v -0.095004 -0.436853 0.036799
v -0.094120 -0.442996 0.039969
v -0.093904 -0.447751 0.037790
v -0.093962 -0.457063 0.028774
v -0.093853 -0.464295 0.025307
v -0.067356 -0.328815 0.407797
v -0.076802 -0.328815 0.314510
v -0.084649 -0.328815 0.237017
v -0.091291 -0.328815 0.171427
v -0.055250 -0.043686 0.613198
v -0.082930 -0.043686 0.338158
v -0.090524 -0.043686 0.262703
v -0.094824 -0.043686 0.219972
v -0.058389 -0.196320 0.543058
v -0.078580 -0.196320 0.341662
v -0.087087 -0.196320 0.256811
v -0.102706 -0.196320 0.101024
v -0.054702 -0.035016 0.620198
v -0.054739 -0.020893 0.622338
v -0.053951 0.010635 0.635891
v -0.053429 0.029038 0.644450
v -0.052586 0.050294 0.656719
v -0.052547 0.059852 0.658859
v -0.052608 0.071693 0.660428
v -0.053852 0.069838 0.647731
v -0.057551 0.048439 0.607074
v -0.062252 0.026898 0.556430
v -0.065354 0.015200 0.523476
v -0.066927 0.009351 0.506785
v -0.076351 -0.022462 0.407352
v -0.082046 -0.041293 0.347436
v -0.090997 -0.034588 0.259701
v -0.092361 -0.020465 0.248716
v -0.093688 -0.007768 0.237874
v -0.095117 0.001933 0.225463
v -0.096811 0.011491 0.210626
v -0.097901 0.016056 0.200926
v -0.099118 0.017910 0.189370
v -0.098453 0.008923 0.193935
v -0.097537 -0.000778 0.200926
v -0.096483 -0.012761 0.209200
v -0.095504 -0.029167 0.215905
v -0.094994 -0.039153 0.219186
v -0.089957 -0.344992 0.175321
v -0.086347 -0.378066 0.186620
v -0.084684 -0.388748 0.194632
v -0.083767 -0.391008 0.202438
v -0.081627 -0.395322 0.221543
v -0.079874 -0.397582 0.238388
v -0.076860 -0.398814 0.269818
v -0.077905 -0.387721 0.268791
v -0.080407 -0.368551 0.256134
v -0.083886 -0.335739 0.240585
v -0.075247 -0.338735 0.324182
v -0.072726 -0.343586 0.346294
v -0.069959 -0.342730 0.374113
v -0.067705 -0.332030 0.402502
v -0.086609 -0.180527 0.265835
v -0.086306 -0.177817 0.269544
v -0.085726 -0.178673 0.275108
v -0.083548 -0.184236 0.295365
v -0.081610 -0.188231 0.313626
v -0.079990 -0.192083 0.328747
v -0.057102 -0.176961 0.560852
v -0.056382 -0.166975 0.570553
v -0.056241 -0.157845 0.574262
v -0.056832 -0.154278 0.569269
v -0.062750 -0.155134 0.510066
v -0.069899 -0.153707 0.439165
v -0.076940 -0.144149 0.371402
v -0.082341 -0.136018 0.319617
v -0.086485 -0.132309 0.279245
v -0.087429 -0.101352 0.277961
v -0.079157 -0.092935 0.362415
v -0.068918 -0.085660 0.466127
v -0.059745 -0.081094 0.558712
v -0.058011 -0.074960 0.577543
v -0.057043 -0.068540 0.588813
v -0.055824 -0.054275 0.604649
v -0.085428 -0.050566 0.311486
v -0.087476 -0.054988 0.289944
v -0.089440 -0.055131 0.270400
v -0.090212 -0.048854 0.264409
v -0.094404 -0.053133 0.221611
v -0.093709 -0.075103 0.222610
v -0.093171 -0.099783 0.221326
v -0.093043 -0.122037 0.216618
v -0.093170 -0.142438 0.210056
v -0.094312 -0.155562 0.195362
v -0.095886 -0.170256 0.175961
v -0.097735 -0.179529 0.155132
v -0.098948 -0.184379 0.141723
v -0.100422 -0.185948 0.126601
v -0.101756 -0.189515 0.112335
v -0.102460 -0.193081 0.104346
v -0.103027 -0.209204 0.093766
v -0.103277 -0.222146 0.087193
v -0.102994 -0.237553 0.085139
v -0.102641 -0.249674 0.084728
v -0.101595 -0.263437 0.090685
v -0.099798 -0.275558 0.104654
v -0.097950 -0.283569 0.120472
v -0.096185 -0.283980 0.137933
v -0.094888 -0.276996 0.153135
v -0.094178 -0.274120 0.161147
v -0.093450 -0.282542 0.165666
v -0.092421 -0.305756 0.168336
v -0.091627 -0.322806 0.169980
v -0.086888 -0.303071 0.223751
v -0.089418 -0.272684 0.209057
v -0.090407 -0.258561 0.203779
v -0.090517 -0.252570 0.204635
v -0.090076 -0.245437 0.211340
v -0.089653 -0.241300 0.216903
v -0.089343 -0.241157 0.220042
v -0.088458 -0.244581 0.227745
v -0.078484 -0.315910 0.301928
v -0.064898 -0.310632 0.437738
v -0.065128 -0.305638 0.437025
v -0.067156 -0.296651 0.420191
v -0.071063 -0.283812 0.386667
v -0.075665 -0.263412 0.349148
v -0.086641 -0.205350 0.258417
v -0.087163 -0.201498 0.254423
v -0.087143 -0.198502 0.255564
v -0.076979 -0.201070 0.356138
v -0.073239 -0.210343 0.390519
v -0.069561 -0.221470 0.423615
v -0.066466 -0.229459 0.451862
v -0.064555 -0.231028 0.470407
v -0.062871 -0.231742 0.486956
v -0.061376 -0.228888 0.502791
v -0.060194 -0.219473 0.517627
v -0.058927 -0.205207 0.534889
v -0.102871 -0.198645 0.098640
v -0.102980 -0.205635 0.095359
v -0.075262 -0.466609 0.222828
v -0.084518 -0.466609 0.123366
v -0.088239 -0.466609 0.083382
v -0.075877 -0.463294 0.219062
v -0.091329 -0.411081 0.102995
v -0.092070 -0.403891 0.102139
v -0.093718 -0.391566 0.096147
v -0.095119 -0.381294 0.089984
v -0.096658 -0.374789 0.079199
v -0.098289 -0.374104 0.062423
v -0.098533 -0.381637 0.053350
v -0.098223 -0.390196 0.049241
v -0.097308 -0.400125 0.049241
v -0.096314 -0.409541 0.050611
v -0.094798 -0.418614 0.057972
v -0.092667 -0.433507 0.065675
v -0.090307 -0.448229 0.076289
v -0.088763 -0.461753 0.081938
v -0.087744 -0.470761 0.084616
v -0.088731 -0.471501 0.073276
v -0.089195 -0.474952 0.064895
v -0.088793 -0.482841 0.061444
v -0.087689 -0.492948 0.063416
v -0.085269 -0.507492 0.077713
v -0.081008 -0.534362 0.098667
v -0.079608 -0.542004 0.106556
v -0.083415 -0.499357 0.104583
v -0.078406 -0.498124 0.160049
v -0.076431 -0.539046 0.146491
v -0.075508 -0.548413 0.146984
v -0.073518 -0.490236 0.219705
v -0.073557 -0.480868 0.227101
v -0.074099 -0.474459 0.227594
v -0.092526 -0.466609 0.583359
v -0.094648 -0.466609 0.560562
v -0.092229 -0.485241 0.572130
v -0.101698 -0.406603 0.525292
v -0.092617 -0.430021 0.605409
v -0.087837 -0.466609 0.570491
v -0.082593 -0.437602 0.567939
v 0.077388 0.662238 0.336768
v 0.070336 0.662238 0.114286
v 0.083335 0.411028 0.723051
v 0.069328 0.411028 0.113726
v 0.079000 0.547763 0.541006
v 0.069303 0.547763 0.114031
v 0.072457 0.786783 0.114564
v 0.080164 0.520204 0.590175
v 0.069311 0.520204 0.113969
v 0.082806 0.456898 0.703121
v 0.083195 0.442343 0.719095
v 0.083344 0.425304 0.724420
v 0.082296 0.163684 0.656264
v 0.081908 0.157294 0.639225
v 0.081484 0.154454 0.621121
v 0.070335 0.153034 0.152902
v 0.069913 0.168654 0.136928
v 0.069543 0.195987 0.123083
v 0.069404 0.226515 0.117049
v 0.069323 0.309226 0.113499
v 0.083310 0.399391 0.721935
v 0.083247 0.311711 0.712706
v 0.083225 0.269113 0.707026
v 0.083138 0.235035 0.699571
v 0.082914 0.201667 0.686437
v 0.082723 0.184628 0.676498
v 0.070120 -0.466609 0.109128
v 0.081543 -0.466609 0.475019
v 0.071721 -0.712520 0.108055
v 0.076986 -0.712520 0.221659
v 0.069780 -0.328815 0.109866
v 0.082451 -0.328815 0.563799
v 0.070786 -0.605464 0.108384
v 0.079769 -0.605464 0.347465
v 0.069599 -0.196320 0.110575
v 0.083023 -0.196320 0.624951
v 0.069482 -0.177902 0.110674
v 0.069462 -0.125247 0.110674
v 0.069521 -0.104835 0.113040
v 0.069829 -0.085016 0.125465
v 0.070424 -0.073183 0.149426
v 0.082471 -0.070151 0.634517
v 0.082976 -0.073849 0.653745
v 0.083164 -0.079025 0.659661
v 0.083278 -0.092584 0.660647
v 0.083236 -0.111812 0.654238
v 0.077885 -0.663757 0.285946
v 0.070770 -0.684218 0.107962
v 0.082008 -0.374349 0.539609
v 0.081739 -0.442141 0.494496
v 0.080619 -0.503769 0.445440
v 0.079862 -0.596952 0.356449
v 0.082817 -0.229892 0.613316
v 0.082531 -0.311242 0.573135
v 0.076276 -0.724153 0.206322
v 0.074253 -0.752995 0.162689
v 0.072883 -0.772716 0.133107
v 0.072346 -0.781837 0.121521
v 0.071729 -0.759898 0.108209
v 0.061489 0.662230 0.337231
v 0.005832 0.662230 0.114749
v 0.018831 0.411020 0.723513
v 0.004824 0.411020 0.114189
v 0.014496 0.547755 0.541469
v 0.004799 0.547755 0.114494
v 0.015659 0.520196 0.590638
v 0.004807 0.520196 0.114432
v 0.018301 0.456890 0.703584
v 0.018691 0.442335 0.719558
v 0.018840 0.425296 0.724882
v 0.056559 0.786775 0.115027
v 0.017792 0.163676 0.656726
v 0.017403 0.157286 0.639687
v 0.016980 0.154447 0.621583
v 0.005831 0.153027 0.153365
v 0.005409 0.168646 0.137390
v 0.005039 0.195979 0.123546
v 0.004900 0.226507 0.117512
v 0.004818 0.309218 0.113962
v 0.018805 0.399383 0.722398
v 0.018742 0.311703 0.713168
v 0.018721 0.269105 0.707489
v 0.018634 0.235027 0.700034
v 0.018410 0.201659 0.686900
v 0.018218 0.184620 0.676961
v 0.005616 -0.466617 0.109591
v 0.017038 -0.466617 0.475482
v 0.007217 -0.712528 0.108517
v 0.012482 -0.712528 0.222121
v 0.005276 -0.328823 0.110329
v 0.017947 -0.328823 0.564262
v 0.006281 -0.605472 0.108847
v 0.015264 -0.605472 0.347928
v 0.005095 -0.196328 0.111038
v 0.018519 -0.196328 0.625414
v 0.004977 -0.177910 0.111137
v 0.004958 -0.125255 0.111137
v 0.005016 -0.104843 0.113503
v 0.005325 -0.085024 0.125927
v 0.005920 -0.073191 0.149889
v 0.017967 -0.070159 0.634979
v 0.018471 -0.073856 0.654207
v 0.018660 -0.079033 0.660124
v 0.018774 -0.092592 0.661110
v 0.018732 -0.111820 0.654700
v 0.013380 -0.663765 0.286408
v 0.006266 -0.684226 0.108425
v 0.017504 -0.374357 0.540071
v 0.017235 -0.442149 0.494959
v 0.016115 -0.503777 0.445903
v 0.015358 -0.596960 0.356911
v 0.018313 -0.229900 0.613779
v 0.018027 -0.311250 0.573597
v 0.011771 -0.724161 0.206784
v 0.009749 -0.753003 0.163151
v 0.008378 -0.772724 0.133570
v 0.007841 -0.781845 0.121983
v 0.007224 -0.759906 0.108672
v 0.086279 -0.043686 -0.787853
v 0.086279 0.145445 -0.821418
v -0.116962 -0.043686 0.000000
v -0.121093 0.145445 -0.000000
v 0.066714 -0.043686 0.000000
v 0.066714 0.145445 -0.000000
v 0.086279 -0.196320 -0.749694
v -0.037673 -0.196320 -0.749694
v -0.112834 -0.196320 0.000000
v 0.066714 -0.196320 0.000000
v 0.086279 -0.328815 -0.700936
v -0.037673 -0.328815 -0.700936
v -0.108649 -0.328815 0.000000
v 0.066714 -0.328815 0.000000
v 0.086279 -0.466610 -0.626739
v -0.095999 -0.466610 0.000000
v 0.066714 -0.466609 0.000000
v 0.086279 -0.605464 -0.520743
v -0.037673 -0.605464 -0.520743
v -0.083267 -0.605464 0.000000
v 0.066714 -0.605464 0.000000
v 0.086279 -0.712520 -0.422167
v 0.066714 -0.712520 0.000000
v 0.086279 -0.899072 -0.206995
v -0.057238 -0.899072 0.000000
v 0.066714 -0.899072 0.000000
v 0.086279 -0.977951 -0.095111
v -0.037673 -0.977951 -0.095111
v 0.086279 -1.046407 0.000000
v 0.086279 0.411028 -0.851097
v -0.134190 0.411028 -0.000000
v 0.066714 0.411028 -0.000000
v 0.086279 0.520203 -0.858497
v -0.037673 0.520203 -0.858497
v -0.112834 0.520204 -0.000000
v 0.066714 0.520204 -0.000000
v 0.086279 0.547762 -0.861479
v -0.108649 0.547763 -0.000000
v 0.066714 0.547763 -0.000000
v 0.086279 0.662238 -0.617264
v -0.037673 0.662238 -0.617264
v 0.066713 0.662238 -0.000000
v 0.086279 0.786783 -0.390256
v -0.037673 0.786783 -0.390256
v 0.066713 0.786783 -0.000000
v 0.086279 0.902716 -0.203782
v -0.037673 0.902716 -0.203782
v -0.066213 0.902716 -0.000000
v 0.066713 0.902716 -0.000000
v 0.086279 0.952402 -0.135081
v -0.057238 0.952402 -0.000000
v 0.066713 0.952402 -0.000000
v 0.086279 0.998549 -0.070120
v -0.037673 1.046826 -0.000000
v 0.086279 1.046826 -0.000000
v -0.049089 -0.712520 -0.253300
v -0.047333 -0.328815 -0.605533
v -0.082686 0.662238 -0.140896
v -0.057119 0.662238 -0.411467
v -0.059094 0.411028 -0.621165
v -0.099106 0.634119 -0.000000
v -0.046870 0.217534 -0.730752
v -0.056450 0.359526 -0.643782
v -0.062697 0.490513 -0.570656
v -0.062772 0.496155 -0.570188
v -0.060594 -0.429943 -0.416609
v -0.049261 -0.549925 -0.438618
v -0.048700 -0.509458 -0.475536
v -0.058797 0.686301 -0.367675
v -0.050914 -0.798507 -0.127129
v -0.047858 0.124175 -0.716553
v -0.047464 -0.145608 -0.665081
v -0.058219 0.555729 -0.601413
v -0.058625 0.611401 -0.503986
v -0.089416 0.630569 -0.122385
v -0.047994 0.145445 -0.719788
v -0.037673 0.145444 -0.821418
v -0.037673 -0.043686 -0.787853
v -0.037673 -0.466610 -0.626739
v -0.060795 -0.712520 -0.080146
v -0.066213 -0.712520 0.000000
v -0.068749 -0.696601 0.000000
v -0.037673 -0.712520 -0.422167
v -0.037673 -0.899073 -0.206995
v -0.037673 -1.046407 0.000000
v -0.037673 0.411028 -0.851097
v -0.061811 0.520203 -0.582793
v -0.059444 0.547762 -0.597237
v -0.037673 0.547762 -0.861479
v -0.083267 0.786783 -0.000000
v -0.095999 0.662238 -0.000000
v -0.037673 0.952402 -0.135081
v -0.037673 0.998549 -0.070120
v -0.049598 -0.605464 -0.384538
v -0.047526 -0.196320 -0.651414
v -0.058634 -0.328815 -0.493927
v -0.054699 -0.466610 -0.443782
v -0.047814 -0.043686 -0.687090
v -0.046894 0.305569 -0.740336
v -0.047058 0.356331 -0.744241
v -0.059142 0.426617 -0.614319
v -0.057120 -0.295761 -0.519198
v -0.047038 -0.245712 -0.638102
v -0.049509 -0.590393 -0.401345
v -0.060903 0.777530 -0.208290
v -0.049205 -0.722090 -0.240540
v -0.064192 -0.695208 -0.070687
v -0.050496 -0.658194 -0.325735
v -0.047674 -0.007522 -0.694899
v -0.149923 0.634119 -0.000000
v -0.140232 0.630569 -0.122385
v -0.098811 0.145445 -0.719788
v -0.088489 0.145444 -0.821418
v -0.088489 -0.043686 -0.787853
v -0.088489 -0.196320 -0.749694
v -0.088489 -0.328815 -0.700936
v -0.088489 -0.466610 -0.626739
v -0.088489 -0.605464 -0.520743
v -0.111611 -0.712520 -0.080146
v -0.117029 -0.712520 0.000000
v -0.119565 -0.696601 0.000000
v -0.088489 -0.712520 -0.422167
v -0.088489 -0.899073 -0.206995
v -0.108054 -0.899072 0.000000
v -0.088489 -0.977951 -0.095111
v -0.088489 -1.046407 0.000000
v -0.109910 0.411028 -0.621165
v -0.088489 0.411028 -0.851097
v -0.112627 0.520203 -0.582793
v -0.088489 0.520203 -0.858497
v -0.110260 0.547762 -0.597237
v -0.088489 0.547762 -0.861479
v -0.107935 0.662238 -0.411467
v -0.088489 0.662238 -0.617264
v -0.134083 0.786783 -0.000000
v -0.088489 0.786783 -0.390256
v -0.146816 0.662238 -0.000000
v -0.083386 0.902716 -0.000000
v -0.088489 0.902716 -0.203782
v -0.108055 0.952402 -0.000000
v -0.088489 0.952402 -0.135081
v -0.088489 1.046826 -0.000000
v -0.088489 0.998549 -0.070120
v -0.100415 -0.605464 -0.384538
v -0.098342 -0.196320 -0.651414
v -0.099905 -0.712520 -0.253300
v -0.098150 -0.328815 -0.605533
v -0.109451 -0.328815 -0.493927
v -0.105516 -0.466610 -0.443782
v -0.133502 0.662238 -0.140896
v -0.098630 -0.043686 -0.687090
v -0.097686 0.217534 -0.730752
v -0.097710 0.305569 -0.740336
v -0.097875 0.356331 -0.744241
v -0.107267 0.359526 -0.643782
v -0.109959 0.426616 -0.614319
v -0.113514 0.490513 -0.570656
v -0.113588 0.496155 -0.570188
v -0.111411 -0.429943 -0.416609
v -0.107936 -0.295761 -0.519198
v -0.097855 -0.245712 -0.638102
v -0.100325 -0.590393 -0.401345
v -0.100077 -0.549925 -0.438618
v -0.099517 -0.509458 -0.475536
v -0.109614 0.686301 -0.367675
v -0.111719 0.777530 -0.208290
v -0.101730 -0.798507 -0.127129
v -0.100022 -0.722090 -0.240540
v -0.115008 -0.695208 -0.070687
v -0.101312 -0.658194 -0.325735
v -0.098490 -0.007522 -0.694899
v -0.098675 0.124175 -0.716553
v -0.098281 -0.145608 -0.665081
v -0.109036 0.555729 -0.601413
v -0.109441 0.611401 -0.503986
v -0.124678 0.786783 -0.080500
v -0.112906 0.786783 -0.089654
v -0.121635 0.786783 -0.106551
v -0.128873 0.755604 -0.075039
v -0.106333 0.889017 -0.098408
v -0.107860 0.838728 -0.159050
v -0.094167 0.831333 -0.110537
v -0.136034 0.767699 -0.000000
v -0.096630 0.879369 -0.000000
v -0.110734 0.937567 -0.000000
v -0.095373 0.905435 -0.021588
v -0.111491 0.902716 -0.039544
v -0.133430 0.786783 -0.005589
v -0.105192 0.931137 -0.047867
v -0.111780 -0.043686 -0.051496
v -0.118067 0.006908 0.000000
v -0.113515 -0.171146 0.000000
v -0.117434 0.005060 -0.005887
v -0.116855 -0.007266 -0.008968
v -0.115494 -0.019386 -0.019856
v -0.113904 -0.030685 -0.033209
v -0.112450 -0.040258 -0.045578
v -0.110726 -0.048936 -0.060557
v -0.108597 -0.062607 -0.078033
v -0.107501 -0.073069 -0.086117
v -0.106616 -0.086740 -0.091229
v -0.105700 -0.101600 -0.096341
v -0.105206 -0.119433 -0.096459
v -0.107082 -0.104929 -0.081718
v -0.108137 -0.097321 -0.073277
v -0.108906 -0.095419 -0.066145
v -0.109236 -0.098272 -0.062103
v -0.109362 -0.102908 -0.059606
v -0.109143 -0.109209 -0.060082
v -0.108827 -0.115153 -0.061627
v -0.108541 -0.116461 -0.064124
v -0.108658 -0.120978 -0.061746
v -0.109249 -0.121691 -0.055683
v -0.109504 -0.119314 -0.053781
v -0.110089 -0.113607 -0.049501
v -0.110297 -0.111230 -0.048075
v -0.110687 -0.110517 -0.044389
v -0.110941 -0.112656 -0.041298
v -0.110936 -0.116817 -0.040228
v -0.110791 -0.122167 -0.040228
v -0.110628 -0.130845 -0.039515
v -0.110881 -0.136076 -0.035592
v -0.111240 -0.137859 -0.031550
v -0.111651 -0.135482 -0.028103
v -0.112025 -0.130964 -0.025606
v -0.112333 -0.126209 -0.023823
v -0.112677 -0.125852 -0.020494
v -0.112921 -0.126566 -0.017879
v -0.113111 -0.130608 -0.014907
v -0.113168 -0.138691 -0.012172
v -0.113318 -0.155692 -0.006109
v -0.113265 -0.169601 -0.002900
v -0.113671 0.498084 -0.000000
v -0.112216 0.411028 -0.050943
v -0.119216 0.145445 -0.018476
v -0.099997 0.145445 -0.207721
v -0.118553 0.308762 -0.000000
v -0.120380 0.112797 -0.000000
v -0.107302 0.308762 -0.110786
v -0.098715 0.115742 -0.214814
v -0.098418 0.125603 -0.219498
v -0.133371 0.411028 -0.008789
v -0.135182 0.347239 -0.000000
v -0.133647 0.425382 -0.000000
v -0.130484 0.347239 -0.047843
v -0.133927 0.145445 -0.043261
v -0.121535 0.145445 -0.165284
v -0.125970 0.241226 -0.106943
v -0.105072 0.520204 -0.088661
v -0.085978 0.520204 -0.306753
v -0.095047 0.411028 -0.235244
v -0.083489 0.411028 -0.359304
v -0.073259 0.411028 -0.469116
v -0.068065 0.411028 -0.524866
v -0.094338 0.547762 -0.173705
v -0.084827 0.547762 -0.289149
v -0.090896 0.145445 -0.297341
v -0.061596 0.145445 -0.585848
v -0.099332 0.371986 -0.190020
v -0.064147 0.350687 -0.563044
v -0.070861 0.357786 -0.491752
v -0.070355 0.224373 -0.491160
v -0.080545 0.217570 -0.388216
v -0.089412 0.349503 -0.296514
v -0.086699 0.084748 -0.326095
v -0.061273 0.135037 -0.587005
v -0.105230 0.510723 -0.088555
v -0.092282 0.506878 -0.234392
v -0.091155 0.442981 -0.272257
v -0.070972 0.475521 -0.484061
v -0.075859 0.505694 -0.421348
v -0.076631 0.509244 -0.412769
v -0.074432 0.456589 -0.449746
v -0.082360 0.421387 -0.369876
v -0.105268 0.516581 -0.086178
v -0.104835 0.522573 -0.090286
v -0.083135 0.576986 -0.270482
v -0.093667 0.520443 -0.281468
v -0.091404 0.520443 -0.307317
v -0.096064 0.411268 -0.283130
v -0.088915 0.411268 -0.359867
v -0.075189 0.411267 -0.507197
v -0.073491 0.411267 -0.525429
v -0.092353 0.548002 -0.264221
v -0.090253 0.548002 -0.289713
v -0.096322 0.145684 -0.297905
v -0.067022 0.145684 -0.586412
v -0.100473 0.411268 -0.235807
v -0.104758 0.372225 -0.190583
v -0.069573 0.350927 -0.563607
v -0.078685 0.411267 -0.469680
v -0.076287 0.358026 -0.492316
v -0.075781 0.224613 -0.491724
v -0.085971 0.217809 -0.388780
v -0.094838 0.349743 -0.297077
v -0.092125 0.084988 -0.326659
v -0.066699 0.135277 -0.587568
v -0.110656 0.510963 -0.089119
v -0.097708 0.507117 -0.234956
v -0.096581 0.443221 -0.272820
v -0.076398 0.475761 -0.484624
v -0.081285 0.505934 -0.421911
v -0.082057 0.509484 -0.413333
v -0.079858 0.456829 -0.450310
v -0.087786 0.421626 -0.370439
v -0.110498 0.520443 -0.089225
v -0.110694 0.516821 -0.086741
v -0.099764 0.548002 -0.174268
v -0.110261 0.522813 -0.090850
v -0.088561 0.577225 -0.271045
v -0.109256 0.520443 -0.103414
v -0.095151 0.548002 -0.230262
v -0.091970 0.554497 -0.260156
v -0.077550 0.471185 -0.470720
v -0.100624 0.374748 -0.236332
v -0.089400 0.168892 -0.363583
v -0.070296 0.186867 -0.551321
v -0.071842 0.357772 -0.539766
v -0.090980 0.446220 -0.327919
v -0.099485 0.518246 -0.286544
v -0.101881 0.409071 -0.288206
v -0.081007 0.409070 -0.512274
v -0.098170 0.545805 -0.269297
v -0.081799 0.507287 -0.418409
v -0.115073 0.518246 -0.108490
v -0.100968 0.545805 -0.235338
v -0.097788 0.552300 -0.265232
v -0.083368 0.468988 -0.475796
v -0.106441 0.372551 -0.241409
v -0.095217 0.166695 -0.368659
v -0.076114 0.184670 -0.556397
v -0.077659 0.355575 -0.544842
v -0.096798 0.444023 -0.332995
v -0.093718 -0.466610 -0.024514
v -0.113070 -0.187607 0.000000
v -0.097129 -0.328815 -0.113775
v -0.082239 -0.605464 -0.011735
v -0.112071 -0.196320 -0.007611
v -0.077632 -0.640835 0.000000
v -0.080121 -0.620229 -0.009060
v -0.078115 -0.634296 -0.006385
v -0.077429 -0.639745 -0.004304
v -0.092813 -0.476778 -0.024217
v -0.091179 -0.495204 -0.023623
v -0.089772 -0.511551 -0.022632
v -0.088781 -0.521953 -0.023028
v -0.087796 -0.529779 -0.025901
v -0.086607 -0.536615 -0.031944
v -0.085434 -0.541667 -0.039573
v -0.084823 -0.546720 -0.041158
v -0.084213 -0.552664 -0.041851
v -0.083816 -0.558905 -0.039969
v -0.084076 -0.560391 -0.035709
v -0.084421 -0.563066 -0.029369
v -0.084219 -0.570595 -0.024118
v -0.083203 -0.589517 -0.016391
v -0.082655 -0.599920 -0.012032
v -0.111891 -0.200873 -0.007970
v -0.111561 -0.208501 -0.008862
v -0.110993 -0.214544 -0.012626
v -0.110330 -0.219498 -0.017679
v -0.109463 -0.225244 -0.024514
v -0.108543 -0.231089 -0.031845
v -0.107979 -0.235745 -0.036006
v -0.107222 -0.238321 -0.042743
v -0.106895 -0.238321 -0.046012
v -0.106417 -0.244958 -0.048687
v -0.105947 -0.252586 -0.050966
v -0.105341 -0.259521 -0.054829
v -0.104842 -0.265267 -0.057999
v -0.104453 -0.271905 -0.059783
v -0.104138 -0.278443 -0.060872
v -0.104110 -0.283397 -0.059585
v -0.103970 -0.290034 -0.058891
v -0.103827 -0.293303 -0.059287
v -0.103402 -0.296077 -0.062656
v -0.102995 -0.298257 -0.066024
v -0.102510 -0.300734 -0.070086
v -0.102023 -0.300734 -0.074940
v -0.101399 -0.303210 -0.080389
v -0.101151 -0.306975 -0.081677
v -0.100486 -0.313910 -0.085937
v -0.099695 -0.315594 -0.093070
v -0.099079 -0.317179 -0.098518
v -0.098255 -0.318962 -0.105948
v -0.097667 -0.320349 -0.111199
v -0.097264 -0.322628 -0.114369
v -0.097157 -0.325996 -0.114369
v -0.112493 -0.188698 -0.005457
v -0.112175 -0.193344 -0.007376
v -0.097021 -0.333921 -0.110208
v -0.097430 -0.334714 -0.105453
v -0.098300 -0.334417 -0.097131
v -0.099318 -0.336002 -0.085639
v -0.099685 -0.337686 -0.080488
v -0.099807 -0.343234 -0.074247
v -0.100147 -0.347296 -0.067213
v -0.100264 -0.351258 -0.062458
v -0.100688 -0.361066 -0.049380
v -0.100826 -0.370378 -0.039573
v -0.100833 -0.379592 -0.031152
v -0.100591 -0.386824 -0.026991
v -0.099665 -0.399306 -0.024812
v -0.098675 -0.412284 -0.022830
v -0.097692 -0.420804 -0.024812
v -0.096830 -0.426253 -0.028378
v -0.095891 -0.431900 -0.032539
v -0.095004 -0.436853 -0.036799
v -0.094120 -0.442996 -0.039969
v -0.093904 -0.447751 -0.037789
v -0.093962 -0.457063 -0.028774
v -0.093853 -0.464295 -0.025307
v -0.067356 -0.328815 -0.407797
v -0.076802 -0.328815 -0.314510
v -0.084649 -0.328815 -0.237016
v -0.091291 -0.328815 -0.171427
v -0.055250 -0.043686 -0.613198
v -0.082930 -0.043686 -0.338158
v -0.090524 -0.043686 -0.262703
v -0.094824 -0.043686 -0.219972
v -0.058389 -0.196320 -0.543058
v -0.078581 -0.196320 -0.341662
v -0.087087 -0.196320 -0.256811
v -0.102706 -0.196320 -0.101024
v -0.054702 -0.035016 -0.620198
v -0.054739 -0.020893 -0.622338
v -0.053951 0.010635 -0.635891
v -0.053429 0.029038 -0.644450
v -0.052586 0.050294 -0.656719
v -0.052548 0.059852 -0.658859
v -0.052608 0.071692 -0.660428
v -0.053852 0.069838 -0.647731
v -0.057551 0.048439 -0.607074
v -0.062252 0.026898 -0.556430
v -0.065354 0.015200 -0.523476
v -0.066927 0.009351 -0.506785
v -0.076351 -0.022462 -0.407352
v -0.082046 -0.041293 -0.347436
v -0.090997 -0.034588 -0.259701
v -0.092361 -0.020465 -0.248716
v -0.093688 -0.007768 -0.237874
v -0.095117 0.001933 -0.225463
v -0.096812 0.011491 -0.210626
v -0.097901 0.016056 -0.200926
v -0.099118 0.017910 -0.189370
v -0.098453 0.008923 -0.193935
v -0.097537 -0.000778 -0.200926
v -0.096483 -0.012761 -0.209200
v -0.095504 -0.029167 -0.215905
v -0.094994 -0.039153 -0.219186
v -0.089957 -0.344992 -0.175321
v -0.086347 -0.378066 -0.186620
v -0.084684 -0.388748 -0.194632
v -0.083767 -0.391008 -0.202438
v -0.081628 -0.395322 -0.221543
v -0.079874 -0.397582 -0.238388
v -0.076860 -0.398814 -0.269818
v -0.077906 -0.387721 -0.268791
v -0.080407 -0.368551 -0.256134
v -0.083886 -0.335739 -0.240585
v -0.075247 -0.338735 -0.324182
v -0.072726 -0.343586 -0.346294
v -0.069959 -0.342730 -0.374113
v -0.067706 -0.332030 -0.402502
v -0.086609 -0.180527 -0.265835
v -0.086306 -0.177817 -0.269544
v -0.085726 -0.178673 -0.275108
v -0.083548 -0.184236 -0.295365
v -0.081610 -0.188231 -0.313626
v -0.079990 -0.192083 -0.328747
v -0.057102 -0.176961 -0.560852
v -0.056382 -0.166975 -0.570553
v -0.056241 -0.157845 -0.574262
v -0.056832 -0.154278 -0.569269
v -0.062750 -0.155134 -0.510066
v -0.069899 -0.153708 -0.439165
v -0.076940 -0.144150 -0.371402
v -0.082341 -0.136018 -0.319617
v -0.086485 -0.132309 -0.279245
v -0.087429 -0.101352 -0.277961
v -0.079157 -0.092935 -0.362415
v -0.068918 -0.085660 -0.466127
v -0.059745 -0.081095 -0.558712
v -0.058012 -0.074960 -0.577543
v -0.057043 -0.068541 -0.588813
v -0.055824 -0.054275 -0.604649
v -0.085428 -0.050566 -0.311486
v -0.087476 -0.054988 -0.289944
v -0.089440 -0.055131 -0.270400
v -0.090212 -0.048854 -0.264409
v -0.094404 -0.053134 -0.221611
v -0.093709 -0.075103 -0.222610
v -0.093171 -0.099783 -0.221326
v -0.093043 -0.122038 -0.216618
v -0.093170 -0.142438 -0.210056
v -0.094312 -0.155562 -0.195362
v -0.095886 -0.170256 -0.175961
v -0.097735 -0.179529 -0.155132
v -0.098948 -0.184379 -0.141723
v -0.100422 -0.185948 -0.126601
v -0.101756 -0.189515 -0.112335
v -0.102460 -0.193081 -0.104346
v -0.103027 -0.209204 -0.093766
v -0.103277 -0.222146 -0.087193
v -0.102994 -0.237553 -0.085138
v -0.102641 -0.249674 -0.084728
v -0.101595 -0.263437 -0.090685
v -0.099798 -0.275558 -0.104654
v -0.097950 -0.283569 -0.120472
v -0.096185 -0.283980 -0.137933
v -0.094888 -0.276996 -0.153135
v -0.094178 -0.274120 -0.161147
v -0.093450 -0.282542 -0.165666
v -0.092421 -0.305756 -0.168336
v -0.091627 -0.322806 -0.169980
v -0.086888 -0.303071 -0.223751
v -0.089418 -0.272685 -0.209057
v -0.090407 -0.258561 -0.203779
v -0.090517 -0.252570 -0.204635
v -0.090076 -0.245437 -0.211340
v -0.089653 -0.241300 -0.216903
v -0.089343 -0.241157 -0.220042
v -0.088458 -0.244581 -0.227745
v -0.078484 -0.315910 -0.301928
v -0.064898 -0.310632 -0.437738
v -0.065128 -0.305639 -0.437025
v -0.067156 -0.296651 -0.420191
v -0.071063 -0.283812 -0.386667
v -0.075665 -0.263412 -0.349148
v -0.086641 -0.205350 -0.258417
v -0.087163 -0.201498 -0.254423
v -0.087143 -0.198502 -0.255564
v -0.076979 -0.201070 -0.356138
v -0.073239 -0.210343 -0.390518
v -0.069561 -0.221470 -0.423615
v -0.066467 -0.229459 -0.451862
v -0.064555 -0.231028 -0.470407
v -0.062871 -0.231742 -0.486955
v -0.061376 -0.228888 -0.502790
v -0.060194 -0.219473 -0.517627
v -0.058927 -0.205207 -0.534889
v -0.102872 -0.198645 -0.098640
v -0.102980 -0.205635 -0.095359
v -0.075262 -0.466610 -0.222828
v -0.084518 -0.466610 -0.123366
v -0.088239 -0.466610 -0.083382
v -0.075877 -0.463294 -0.219061
v -0.091329 -0.411081 -0.102995
v -0.092070 -0.403891 -0.102139
v -0.093718 -0.391566 -0.096147
v -0.095119 -0.381294 -0.089984
v -0.096658 -0.374789 -0.079199
v -0.098290 -0.374104 -0.062423
v -0.098533 -0.381637 -0.053350
v -0.098223 -0.390196 -0.049241
v -0.097308 -0.400125 -0.049241
v -0.096314 -0.409541 -0.050610
v -0.094798 -0.418614 -0.057972
v -0.092667 -0.433507 -0.065675
v -0.090307 -0.448229 -0.076289
v -0.088764 -0.461753 -0.081938
v -0.087744 -0.470761 -0.084616
v -0.088731 -0.471501 -0.073276
v -0.089195 -0.474952 -0.064895
v -0.088793 -0.482841 -0.061443
v -0.087689 -0.492948 -0.063415
v -0.085269 -0.507492 -0.077713
v -0.081008 -0.534362 -0.098667
v -0.079608 -0.542004 -0.106555
v -0.083415 -0.499357 -0.104583
v -0.078406 -0.498124 -0.160049
v -0.076431 -0.539046 -0.146491
v -0.075508 -0.548413 -0.146984
v -0.073518 -0.490236 -0.219705
v -0.073557 -0.480869 -0.227100
v -0.074099 -0.474459 -0.227593
v -0.092526 -0.466610 -0.583358
v -0.094648 -0.466610 -0.560561
v -0.092230 -0.485241 -0.572130
v -0.101698 -0.406603 -0.525292
v -0.092617 -0.430022 -0.605409
v -0.087837 -0.466610 -0.570491
v -0.082593 -0.437602 -0.567939
v 0.077388 0.662238 -0.336768
v 0.070336 0.662238 -0.114286
v 0.083335 0.411028 -0.723051
v 0.069328 0.411028 -0.113726
v 0.079000 0.547762 -0.541007
v 0.069303 0.547763 -0.114031
v 0.072457 0.786783 -0.114564
v 0.080164 0.520204 -0.590175
v 0.069311 0.520204 -0.113970
v 0.082805 0.456897 -0.703121
v 0.083195 0.442343 -0.719095
v 0.083344 0.425304 -0.724420
v 0.082296 0.163684 -0.656264
v 0.081908 0.157294 -0.639225
v 0.081484 0.154454 -0.621121
v 0.070335 0.153034 -0.152902
v 0.069913 0.168654 -0.136928
v 0.069543 0.195987 -0.123084
v 0.069404 0.226515 -0.117049
v 0.069323 0.309226 -0.113499
v 0.083309 0.399391 -0.721935
v 0.083247 0.311711 -0.712706
v 0.083225 0.269113 -0.707026
v 0.083138 0.235035 -0.699571
v 0.082914 0.201667 -0.686437
v 0.082723 0.184628 -0.676498
v 0.070120 -0.466609 -0.109128
v 0.081543 -0.466610 -0.475019
v 0.071721 -0.712520 -0.108054
v 0.076986 -0.712520 -0.221658
v 0.069780 -0.328815 -0.109866
v 0.082451 -0.328815 -0.563799
v 0.070786 -0.605464 -0.108384
v 0.079768 -0.605464 -0.347465
v 0.069599 -0.196320 -0.110575
v 0.083023 -0.196320 -0.624951
v 0.069482 -0.177902 -0.110674
v 0.069462 -0.125247 -0.110674
v 0.069521 -0.104836 -0.113040
v 0.069829 -0.085016 -0.125465
v 0.070424 -0.073183 -0.149426
v 0.082471 -0.070151 -0.634517
v 0.082976 -0.073849 -0.653745
v 0.083164 -0.079026 -0.659661
v 0.083278 -0.092584 -0.660647
v 0.083236 -0.111812 -0.654238
v 0.077885 -0.663757 -0.285945
v 0.070770 -0.684218 -0.107962
v 0.082008 -0.374350 -0.539608
v 0.081739 -0.442141 -0.494496
v 0.080619 -0.503769 -0.445440
v 0.079862 -0.596952 -0.356448
v 0.082817 -0.229892 -0.613316
v 0.082531 -0.311242 -0.573134
v 0.076276 -0.724153 -0.206321
v 0.074253 -0.752995 -0.162688
v 0.072882 -0.772716 -0.133107
v 0.072346 -0.781837 -0.121520
v 0.071729 -0.759898 -0.108209
v 0.061489 0.662230 -0.337231
v 0.005832 0.662230 -0.114749
v 0.018831 0.411020 -0.723514
v 0.004823 0.411020 -0.114189
v 0.014496 0.547755 -0.541469
v 0.004799 0.547755 -0.114494
v 0.015659 0.520196 -0.590638
v 0.004806 0.520196 -0.114432
v 0.018301 0.456889 -0.703584
v 0.018840 0.425296 -0.724882
v 0.056559 0.786775 -0.115027
v 0.017792 0.163676 -0.656726
v 0.017403 0.157286 -0.639687
v 0.016979 0.154446 -0.621583
v 0.005831 0.153027 -0.153365
v 0.005409 0.168646 -0.137391
v 0.005039 0.195979 -0.123546
v 0.004900 0.226507 -0.117512
v 0.004818 0.309218 -0.113962
v 0.018805 0.399383 -0.722398
v 0.018742 0.311703 -0.713168
v 0.018720 0.269105 -0.707489
v 0.018634 0.235027 -0.700034
v 0.018410 0.201659 -0.686900
v 0.018218 0.184620 -0.676961
v 0.005616 -0.466617 -0.109590
v 0.017038 -0.466617 -0.475482
v 0.007217 -0.712528 -0.108517
v 0.012482 -0.712528 -0.222121
v 0.005276 -0.328823 -0.110328
v 0.017946 -0.328823 -0.564262
v 0.006281 -0.605472 -0.108847
v 0.015264 -0.605472 -0.347928
v 0.005095 -0.196328 -0.111038
v 0.018519 -0.196328 -0.625414
v 0.004977 -0.177910 -0.111137
v 0.004958 -0.125255 -0.111137
v 0.005016 -0.104843 -0.113503
v 0.005325 -0.085024 -0.125927
v 0.005920 -0.073191 -0.149889
v 0.017966 -0.070159 -0.634979
v 0.018471 -0.073857 -0.654207
v 0.018659 -0.079034 -0.660124
v 0.018774 -0.092592 -0.661110
v 0.018732 -0.111820 -0.654700
v 0.013380 -0.663765 -0.286408
v 0.006266 -0.684226 -0.108425
v 0.017504 -0.374358 -0.540071
v 0.017235 -0.442149 -0.494959
v 0.016115 -0.503777 -0.445903
v 0.015357 -0.596960 -0.356911
v 0.018313 -0.229900 -0.613779
v 0.018027 -0.311250 -0.573597
v 0.011771 -0.724161 -0.206784
v 0.009749 -0.753003 -0.163151
v 0.008378 -0.772724 -0.133569
v 0.007841 -0.781845 -0.121983
v 0.007224 -0.759906 -0.108671
v 0.130958 0.295476 -0.487945
v 0.130958 -0.220220 -0.487945
v 0.131844 0.295476 -0.496945
v 0.131844 -0.220220 -0.496945
v 0.134469 0.295476 -0.505600
v 0.134470 -0.220220 -0.505599
v 0.138733 0.295476 -0.513575
v 0.138733 -0.220220 -0.513575
v 0.144470 0.295476 -0.520566
v 0.144470 -0.220220 -0.520566
v 0.151461 0.295476 -0.526304
v 0.151461 -0.220220 -0.526304
v 0.159437 0.295476 -0.530567
v 0.159437 -0.220220 -0.530567
v 0.168091 0.295476 -0.533192
v 0.168091 -0.220220 -0.533192
v 0.177091 0.295476 -0.534079
v 0.177091 -0.220220 -0.534078
v 0.186091 0.295476 -0.533192
v 0.186092 -0.220220 -0.533192
v 0.194746 0.295476 -0.530567
v 0.194746 -0.220220 -0.530567
v 0.202722 0.295476 -0.526304
v 0.202722 -0.220220 -0.526304
v 0.209713 0.295476 -0.520566
v 0.209713 -0.220220 -0.520566
v 0.215450 0.295476 -0.513575
v 0.215450 -0.220220 -0.513575
v 0.219713 0.295476 -0.505600
v 0.219713 -0.220220 -0.505599
v 0.222338 0.295476 -0.496945
v 0.222338 -0.220220 -0.496945
v 0.223225 0.295476 -0.487945
v 0.223225 -0.220220 -0.487945
v 0.222338 0.295476 -0.478945
v 0.222338 -0.220220 -0.478945
v 0.219713 0.295476 -0.470290
v 0.219713 -0.220220 -0.470290
v 0.215450 0.295476 -0.462315
v 0.215450 -0.220220 -0.462315
v 0.209713 0.295476 -0.455324
v 0.209713 -0.220220 -0.455324
v 0.202722 0.295476 -0.449586
v 0.202722 -0.220220 -0.449586
v 0.194746 0.295476 -0.445323
v 0.194746 -0.220220 -0.445323
v 0.186092 0.295476 -0.442698
v 0.186092 -0.220220 -0.442698
v 0.177091 0.295476 -0.441811
v 0.177091 -0.220220 -0.441811
v 0.168091 0.295476 -0.442698
v 0.168091 -0.220220 -0.442698
v 0.159437 0.295476 -0.445323
v 0.159437 -0.220220 -0.445323
v 0.151461 0.295476 -0.449586
v 0.151461 -0.220220 -0.449586
v 0.144470 0.295476 -0.455324
v 0.144470 -0.220220 -0.455324
v 0.138733 0.295476 -0.462315
v 0.138733 -0.220220 -0.462315
v 0.134470 0.295476 -0.470290
v 0.134470 -0.220220 -0.470290
v 0.131844 0.295476 -0.478945
v 0.131844 -0.220220 -0.478945
v 0.003334 0.247405 -0.487945
v 0.176811 0.247405 -0.487945
v 0.003334 0.248310 -0.497138
v 0.176811 0.248310 -0.497138
v 0.003334 0.250991 -0.505977
v 0.176811 0.250991 -0.505977
v 0.003334 0.255346 -0.514123
v 0.176811 0.255346 -0.514123
v 0.003334 0.261206 -0.521264
v 0.176811 0.261206 -0.521264
v 0.003334 0.268346 -0.527124
v 0.176811 0.268346 -0.527124
v 0.003334 0.276493 -0.531478
v 0.176811 0.276493 -0.531478
v 0.003334 0.285332 -0.534160
v 0.176811 0.285332 -0.534160
v 0.003334 0.294525 -0.535065
v 0.176811 0.294525 -0.535065
v 0.003334 0.303718 -0.534160
v 0.176811 0.303718 -0.534160
v 0.003334 0.312557 -0.531478
v 0.176811 0.312557 -0.531478
v 0.003334 0.320704 -0.527124
v 0.176811 0.320704 -0.527124
v 0.003334 0.327844 -0.521264
v 0.176811 0.327844 -0.521264
v 0.003334 0.333704 -0.514123
v 0.176811 0.333704 -0.514123
v 0.003334 0.338058 -0.505977
v 0.176811 0.338059 -0.505977
v 0.003334 0.340740 -0.497138
v 0.176811 0.340740 -0.497138
v 0.003334 0.341645 -0.487945
v 0.176811 0.341645 -0.487945
v 0.003334 0.340740 -0.478752
v 0.176811 0.340740 -0.478752
v 0.003334 0.338059 -0.469913
v 0.176811 0.338059 -0.469913
v 0.003334 0.333704 -0.461767
v 0.176811 0.333704 -0.461767
v 0.003334 0.327844 -0.454626
v 0.176811 0.327844 -0.454626
v 0.003334 0.320704 -0.448766
v 0.176811 0.320704 -0.448766
v 0.003334 0.312557 -0.444412
v 0.176811 0.312557 -0.444412
v 0.003334 0.303718 -0.441730
v 0.176811 0.303718 -0.441730
v 0.003334 0.294525 -0.440825
v 0.176811 0.294525 -0.440825
v 0.003334 0.285332 -0.441730
v 0.176811 0.285332 -0.441730
v 0.003334 0.276493 -0.444412
v 0.176811 0.276493 -0.444412
v 0.003334 0.268346 -0.448766
v 0.176811 0.268346 -0.448766
v 0.003334 0.261206 -0.454626
v 0.176811 0.261206 -0.454626
v 0.003334 0.255346 -0.461767
v 0.176811 0.255346 -0.461767
v 0.003334 0.250991 -0.469913
v 0.176811 0.250991 -0.469913
v 0.003334 0.248310 -0.478752
v 0.176811 0.248310 -0.478752
v 0.003334 -0.267281 -0.487945
v 0.176811 -0.267281 -0.487945
v 0.003334 -0.266376 -0.497138
v 0.176811 -0.266376 -0.497138
v 0.003334 -0.263695 -0.505977
v 0.176811 -0.263695 -0.505977
v 0.003334 -0.259340 -0.514124
v 0.176811 -0.259340 -0.514124
v 0.003334 -0.253480 -0.521264
v 0.176811 -0.253480 -0.521264
v 0.003334 -0.246340 -0.527124
v 0.176811 -0.246340 -0.527124
v 0.003334 -0.238193 -0.531478
v 0.176811 -0.238193 -0.531478
v 0.003334 -0.229354 -0.534160
v 0.176811 -0.229354 -0.534160
v 0.003334 -0.220161 -0.535065
v 0.176811 -0.220161 -0.535065
v 0.003334 -0.210968 -0.534160
v 0.176811 -0.210968 -0.534160
v 0.003334 -0.202129 -0.531478
v 0.176811 -0.202129 -0.531478
v 0.003334 -0.193982 -0.527124
v 0.176811 -0.193982 -0.527124
v 0.003334 -0.186842 -0.521264
v 0.176811 -0.186842 -0.521264
v 0.003334 -0.180982 -0.514124
v 0.176811 -0.180982 -0.514124
v 0.003334 -0.176627 -0.505977
v 0.176811 -0.176627 -0.505977
v 0.003334 -0.173946 -0.497138
v 0.176811 -0.173946 -0.497138
v 0.003334 -0.173041 -0.487945
v 0.176811 -0.173041 -0.487945
v 0.003334 -0.173946 -0.478752
v 0.176811 -0.173946 -0.478752
v 0.003334 -0.176627 -0.469913
v 0.176811 -0.176627 -0.469913
v 0.003334 -0.180982 -0.461766
v 0.176811 -0.180982 -0.461766
v 0.003334 -0.186842 -0.454626
v 0.176811 -0.186842 -0.454626
v 0.003334 -0.193982 -0.448766
v 0.176811 -0.193982 -0.448766
v 0.003334 -0.202129 -0.444411
v 0.176811 -0.202129 -0.444411
v 0.003334 -0.210968 -0.441730
v 0.176811 -0.210968 -0.441730
v 0.003334 -0.220161 -0.440824
v 0.176811 -0.220161 -0.440824
v 0.003334 -0.229354 -0.441730
v 0.176811 -0.229354 -0.441730
v 0.003334 -0.238193 -0.444411
v 0.176811 -0.238193 -0.444411
v 0.003334 -0.246340 -0.448766
v 0.176811 -0.246340 -0.448766
v 0.003334 -0.253480 -0.454626
v 0.176811 -0.253480 -0.454626
v 0.003334 -0.259340 -0.461766
v 0.176811 -0.259340 -0.461766
v 0.003334 -0.263695 -0.469913
v 0.176811 -0.263695 -0.469913
v 0.003334 -0.266376 -0.478752
v 0.176811 -0.266376 -0.478752
v 0.203521 0.333704 -0.487945
v 0.210661 0.327844 -0.487945
v 0.216521 0.320703 -0.487945
v 0.177342 0.340740 -0.497138
v 0.186535 0.339852 -0.496961
v 0.195374 0.337222 -0.496438
v 0.203521 0.332951 -0.495588
v 0.210661 0.327204 -0.494445
v 0.216521 0.320200 -0.493052
v 0.220875 0.312211 -0.491463
v 0.223557 0.303541 -0.489738
v 0.177342 0.338058 -0.505977
v 0.186535 0.337222 -0.505631
v 0.195374 0.334744 -0.504604
v 0.203521 0.330721 -0.502938
v 0.210661 0.325308 -0.500696
v 0.216521 0.318711 -0.497963
v 0.220875 0.311184 -0.494846
v 0.223557 0.303018 -0.491463
v 0.177342 0.333704 -0.514123
v 0.186535 0.332951 -0.513620
v 0.195374 0.330721 -0.512131
v 0.203521 0.327101 -0.509712
v 0.210661 0.322229 -0.506456
v 0.216521 0.316292 -0.502489
v 0.220875 0.309518 -0.497963
v 0.223557 0.302168 -0.493052
v 0.177342 0.327844 -0.521264
v 0.186535 0.327204 -0.520624
v 0.195374 0.325308 -0.518728
v 0.203521 0.322229 -0.515649
v 0.210661 0.318085 -0.511505
v 0.216521 0.313036 -0.506456
v 0.220875 0.307276 -0.500696
v 0.223557 0.301025 -0.494445
v 0.177342 0.320703 -0.527124
v 0.186535 0.320200 -0.526371
v 0.195374 0.318711 -0.524142
v 0.203521 0.316292 -0.520521
v 0.210661 0.313036 -0.515649
v 0.216521 0.309069 -0.509712
v 0.220875 0.304543 -0.502938
v 0.223557 0.299632 -0.495588
v 0.177342 0.312557 -0.531478
v 0.186535 0.312210 -0.530642
v 0.195374 0.311184 -0.528164
v 0.203521 0.309518 -0.524142
v 0.210661 0.307276 -0.518728
v 0.216521 0.304543 -0.512131
v 0.220875 0.301426 -0.504604
v 0.223557 0.298043 -0.496438
v 0.177342 0.303718 -0.534160
v 0.186535 0.303541 -0.533272
v 0.195374 0.303018 -0.530642
v 0.203521 0.302168 -0.526371
v 0.210661 0.301025 -0.520624
v 0.216521 0.299632 -0.513620
v 0.220875 0.298043 -0.505631
v 0.223557 0.296318 -0.496961
v 0.177342 0.294525 -0.535065
v 0.186535 0.294525 -0.534160
v 0.195374 0.294525 -0.531478
v 0.203521 0.294525 -0.527124
v 0.210661 0.294525 -0.521264
v 0.216521 0.294525 -0.514123
v 0.220875 0.294525 -0.505977
v 0.223557 0.294525 -0.497138
v 0.177342 0.294525 -0.440825
v 0.186535 0.294525 -0.441730
v 0.195374 0.294525 -0.444412
v 0.203521 0.294525 -0.448766
v 0.210661 0.294525 -0.454626
v 0.216521 0.294525 -0.461767
v 0.220875 0.294525 -0.469913
v 0.223557 0.294525 -0.478752
v 0.177342 0.303718 -0.441730
v 0.186535 0.303541 -0.442618
v 0.195374 0.303018 -0.445248
v 0.203521 0.302168 -0.449519
v 0.210661 0.301025 -0.455266
v 0.216521 0.299632 -0.462270
v 0.220875 0.298043 -0.470259
v 0.223557 0.296318 -0.478929
v 0.177342 0.312557 -0.444412
v 0.186535 0.312211 -0.445248
v 0.195374 0.311184 -0.447726
v 0.203521 0.309518 -0.451749
v 0.210661 0.307276 -0.457162
v 0.216521 0.304543 -0.463759
v 0.220875 0.301426 -0.471286
v 0.223557 0.298043 -0.479452
v 0.177342 0.320703 -0.448766
v 0.186535 0.320200 -0.449519
v 0.195374 0.318711 -0.451748
v 0.203521 0.316292 -0.455369
v 0.210661 0.313036 -0.460241
v 0.216521 0.309069 -0.466178
v 0.220875 0.304543 -0.472952
v 0.223557 0.299632 -0.480302
v 0.177342 0.327844 -0.454626
v 0.186535 0.327204 -0.455266
v 0.195374 0.325308 -0.457162
v 0.203521 0.322229 -0.460241
v 0.210661 0.318085 -0.464385
v 0.216521 0.313036 -0.469434
v 0.220875 0.307276 -0.475194
v 0.223557 0.301025 -0.481445
v 0.177342 0.333704 -0.461767
v 0.186535 0.332951 -0.462270
v 0.195374 0.330721 -0.463759
v 0.203521 0.327101 -0.466178
v 0.210661 0.322229 -0.469434
v 0.216521 0.316292 -0.473401
v 0.220875 0.309518 -0.477927
v 0.223557 0.302168 -0.482838
v 0.177342 0.338058 -0.469913
v 0.186535 0.337222 -0.470259
v 0.195374 0.334744 -0.471286
v 0.203521 0.330721 -0.472952
v 0.210661 0.325308 -0.475194
v 0.216521 0.318711 -0.477927
v 0.220875 0.311184 -0.481045
v 0.223557 0.303018 -0.484427
v 0.177342 0.340740 -0.478752
v 0.186535 0.339852 -0.478929
v 0.195374 0.337222 -0.479452
v 0.203521 0.332951 -0.480302
v 0.210661 0.327204 -0.481445
v 0.216521 0.320200 -0.482838
v 0.220875 0.312211 -0.484427
v 0.223557 0.303541 -0.486152
v 0.177342 0.341645 -0.487945
v 0.186535 0.340740 -0.487945
v 0.195374 0.338058 -0.487945
v 0.220875 0.312557 -0.487945
v 0.223557 0.303718 -0.487945
v 0.224462 0.294525 -0.487945
v 0.203521 -0.259340 -0.487945
v 0.210661 -0.253480 -0.487945
v 0.216521 -0.246339 -0.487945
v 0.177342 -0.266376 -0.478752
v 0.186535 -0.265488 -0.478929
v 0.195374 -0.262858 -0.479452
v 0.203521 -0.258587 -0.480302
v 0.210661 -0.252840 -0.481445
v 0.216521 -0.245836 -0.482838
v 0.220875 -0.237847 -0.484427
v 0.223557 -0.229177 -0.486152
v 0.177342 -0.263694 -0.469913
v 0.186535 -0.262858 -0.470259
v 0.195374 -0.260380 -0.471285
v 0.203521 -0.256358 -0.472952
v 0.210661 -0.250944 -0.475194
v 0.216521 -0.244347 -0.477927
v 0.220875 -0.236820 -0.481044
v 0.223557 -0.228654 -0.484427
v 0.177342 -0.259340 -0.461766
v 0.186535 -0.258587 -0.462269
v 0.195374 -0.256358 -0.463759
v 0.203521 -0.252737 -0.466178
v 0.210661 -0.247865 -0.469434
v 0.216521 -0.241928 -0.473401
v 0.220875 -0.235154 -0.477927
v 0.223557 -0.227804 -0.482838
v 0.177342 -0.253480 -0.454626
v 0.186535 -0.252840 -0.455266
v 0.195374 -0.250944 -0.457162
v 0.203521 -0.247865 -0.460241
v 0.210661 -0.243721 -0.464385
v 0.216521 -0.238672 -0.469434
v 0.220875 -0.232912 -0.475194
v 0.223557 -0.226661 -0.481445
v 0.177342 -0.246339 -0.448766
v 0.186535 -0.245837 -0.449519
v 0.195374 -0.244347 -0.451748
v 0.203521 -0.241928 -0.455369
v 0.210661 -0.238672 -0.460241
v 0.216521 -0.234705 -0.466178
v 0.220875 -0.230179 -0.472952
v 0.223557 -0.225268 -0.480302
v 0.177342 -0.238193 -0.444412
v 0.186535 -0.237847 -0.445248
v 0.195374 -0.236820 -0.447726
v 0.203521 -0.235154 -0.451748
v 0.210661 -0.232912 -0.457162
v 0.216521 -0.230179 -0.463759
v 0.220875 -0.227062 -0.471286
v 0.223557 -0.223679 -0.479452
v 0.177342 -0.229354 -0.441730
v 0.186535 -0.229177 -0.442618
v 0.195374 -0.228654 -0.445248
v 0.203521 -0.227804 -0.449519
v 0.210661 -0.226661 -0.455266
v 0.216521 -0.225268 -0.462270
v 0.220875 -0.223679 -0.470259
v 0.223557 -0.221954 -0.478929
v 0.177342 -0.220161 -0.440825
v 0.186535 -0.220161 -0.441730
v 0.195374 -0.220161 -0.444412
v 0.203521 -0.220161 -0.448766
v 0.210661 -0.220161 -0.454626
v 0.216521 -0.220161 -0.461766
v 0.220875 -0.220161 -0.469913
v 0.223557 -0.220161 -0.478752
v 0.177342 -0.220161 -0.535065
v 0.186535 -0.220161 -0.534159
v 0.195374 -0.220161 -0.531478
v 0.203521 -0.220161 -0.527124
v 0.210661 -0.220161 -0.521264
v 0.216521 -0.220161 -0.514123
v 0.220875 -0.220161 -0.505977
v 0.223557 -0.220161 -0.497138
v 0.177342 -0.229354 -0.534159
v 0.186535 -0.229177 -0.533271
v 0.195374 -0.228654 -0.530642
v 0.203521 -0.227804 -0.526371
v 0.210661 -0.226661 -0.520624
v 0.216521 -0.225268 -0.513620
v 0.220875 -0.223679 -0.505630
v 0.223557 -0.221954 -0.496961
v 0.177342 -0.238193 -0.531478
v 0.186535 -0.237847 -0.530642
v 0.195374 -0.236820 -0.528164
v 0.203521 -0.235154 -0.524141
v 0.210661 -0.232912 -0.518728
v 0.216521 -0.230179 -0.512131
v 0.220875 -0.227062 -0.504604
v 0.223557 -0.223679 -0.496438
v 0.177342 -0.246339 -0.527124
v 0.186535 -0.245836 -0.526371
v 0.195374 -0.244347 -0.524141
v 0.203521 -0.241928 -0.520521
v 0.210661 -0.238672 -0.515649
v 0.216521 -0.234705 -0.509712
v 0.220875 -0.230179 -0.502938
v 0.223557 -0.225268 -0.495588
v 0.177342 -0.253480 -0.521264
v 0.186535 -0.252840 -0.520624
v 0.195374 -0.250944 -0.518728
v 0.203521 -0.247865 -0.515649
v 0.210661 -0.243721 -0.511505
v 0.216521 -0.238672 -0.506456
v 0.220875 -0.232912 -0.500695
v 0.223557 -0.226661 -0.494445
v 0.177342 -0.259340 -0.514123
v 0.186535 -0.258587 -0.513620
v 0.195374 -0.256358 -0.512131
v 0.203521 -0.252737 -0.509712
v 0.210661 -0.247865 -0.506456
v 0.216521 -0.241928 -0.502489
v 0.220875 -0.235154 -0.497963
v 0.223557 -0.227804 -0.493052
v 0.177342 -0.263694 -0.505977
v 0.186535 -0.262858 -0.505630
v 0.195374 -0.260380 -0.504604
v 0.203521 -0.256358 -0.502938
v 0.210661 -0.250944 -0.500695
v 0.216521 -0.244347 -0.497963
v 0.220875 -0.236820 -0.494846
v 0.223557 -0.228654 -0.491463
v 0.177342 -0.266376 -0.497138
v 0.186535 -0.265488 -0.496961
v 0.195374 -0.262858 -0.496438
v 0.203521 -0.258587 -0.495588
v 0.210661 -0.252840 -0.494445
v 0.216521 -0.245836 -0.493052
v 0.220875 -0.237847 -0.491463
v 0.223557 -0.229177 -0.489738
v 0.177342 -0.267281 -0.487945
v 0.186535 -0.266376 -0.487945
v 0.195374 -0.263694 -0.487945
v 0.220875 -0.238193 -0.487945
v 0.223557 -0.229354 -0.487945
v 0.224462 -0.220161 -0.487945
v 0.068087 0.386765 -0.053633
v 0.068087 0.543747 -0.077062
v 0.080557 0.386765 -0.053633
v 0.080557 0.543747 -0.077062
v 0.068087 0.386765 0.059313
v 0.068087 0.543747 0.082741
v 0.080557 0.386765 0.059313
v 0.080557 0.543747 0.082741
v 0.080557 0.386055 0.002840
v 0.080557 0.575695 0.002840
v 0.068087 0.575695 0.002840
v 0.068087 -0.303413 0.059313
v 0.068087 -0.460395 0.082742
v 0.080557 -0.303413 0.059313
v 0.080557 -0.460395 0.082742
v 0.068087 -0.303413 -0.053633
v 0.068087 -0.460395 -0.077062
v 0.080557 -0.303413 -0.053633
v 0.080557 -0.460395 -0.077062
v 0.080557 -0.302703 0.002840
v 0.080557 -0.492343 0.002840
v 0.068087 -0.302703 0.002840
v 0.068087 -0.492343 0.002840
v 0.059128 0.387403 -0.052473
v 0.081591 0.387403 -0.052473
v 0.208400 0.193701 -0.052473
v 0.185936 0.193701 -0.052473
v 0.157986 0.290552 -0.052473
v 0.135522 0.290552 -0.052473
v 0.059128 -0.303648 -0.052473
v 0.081592 -0.303648 -0.052473
v 0.222833 0.052703 -0.052473
v 0.200369 0.052703 -0.052473
v 0.208400 -0.109947 -0.052473
v 0.185936 -0.109947 -0.052473
v 0.157986 -0.206798 -0.052473
v 0.135522 -0.206798 -0.052473
v 0.081591 0.387403 -0.000820
v 0.059128 0.387403 -0.000820
v 0.200369 0.052703 -0.000820
v 0.222833 0.052703 -0.000820
v 0.185905 0.193701 -0.000820
v 0.208400 0.193701 -0.000820
v 0.135407 0.290552 -0.000820
v 0.157986 0.290552 -0.000820
v 0.081592 -0.303648 -0.000820
v 0.059128 -0.303648 -0.000820
v 0.186100 -0.109947 -0.000820
v 0.208400 -0.109947 -0.000820
v 0.135604 -0.206798 -0.000820
v 0.157986 -0.206798 -0.000820
v 0.059128 0.387403 0.056712
v 0.081591 0.387403 0.056712
v 0.208400 0.193701 0.056712
v 0.185936 0.193701 0.056712
v 0.157986 0.290552 0.056712
v 0.135522 0.290552 0.056712
v 0.059128 -0.303648 0.056713
v 0.081592 -0.303648 0.056713
v 0.222833 0.052703 0.056712
v 0.200369 0.052703 0.056712
v 0.208400 -0.109947 0.056713
v 0.185936 -0.109947 0.056713
v 0.157986 -0.206798 0.056713
v 0.135522 -0.206798 0.056713
v 0.081591 0.387403 0.005059
v 0.059128 0.387403 0.005059
v 0.200369 0.052703 0.005060
v 0.222833 0.052703 0.005060
v 0.185905 0.193701 0.005059
v 0.208400 0.193701 0.005059
v 0.135407 0.290552 0.005059
v 0.157986 0.290552 0.005059
v 0.081592 -0.303648 0.005060
v 0.059128 -0.303648 0.005060
v 0.186100 -0.109947 0.005060
v 0.208400 -0.109947 0.005060
v 0.135604 -0.206798 0.005060
v 0.157986 -0.206798 0.005060
v -0.131015 0.498231 0.785855
v -0.128839 0.505762 0.785855
v -0.125260 0.512981 0.785855
v -0.120444 0.519309 0.785855
v -0.114575 0.524502 0.785855
v -0.107880 0.528361 0.785855
v -0.100615 0.530737 0.785855
v -0.131015 0.498068 0.787573
v -0.128839 0.505455 0.789104
v -0.125260 0.512535 0.790572
v -0.120444 0.518741 0.791859
v -0.114575 0.523835 0.792914
v -0.107880 0.527620 0.793699
v -0.100615 0.529950 0.794182
v -0.093060 0.531001 0.794400
v -0.131015 0.497588 0.789225
v -0.128839 0.504545 0.792228
v -0.125260 0.511215 0.795108
v -0.120444 0.517061 0.797632
v -0.114575 0.521859 0.799703
v -0.107880 0.525424 0.801242
v -0.100615 0.527620 0.802190
v -0.093060 0.528610 0.802617
v -0.131015 0.496807 0.790747
v -0.128839 0.503068 0.795108
v -0.125260 0.509071 0.799288
v -0.120444 0.514333 0.802952
v -0.114575 0.518651 0.805960
v -0.107880 0.521859 0.808194
v -0.100615 0.523835 0.809570
v -0.093060 0.524726 0.810190
v -0.131015 0.495756 0.792082
v -0.128839 0.501081 0.797632
v -0.125260 0.506186 0.802952
v -0.120444 0.510661 0.807616
v -0.114575 0.514333 0.811443
v -0.107880 0.517061 0.814287
v -0.100615 0.518741 0.816038
v -0.093060 0.519499 0.816828
v -0.131015 0.494476 0.793177
v -0.128839 0.498660 0.799703
v -0.125260 0.502670 0.805960
v -0.120444 0.506186 0.811443
v -0.114575 0.509071 0.815944
v -0.107880 0.511215 0.819288
v -0.100615 0.512535 0.821347
v -0.093060 0.513131 0.822276
v -0.131015 0.493015 0.793991
v -0.128839 0.495897 0.801242
v -0.125260 0.498660 0.808194
v -0.120444 0.501081 0.814287
v -0.114575 0.503068 0.819288
v -0.107880 0.504545 0.823004
v -0.100615 0.505454 0.825292
v -0.093060 0.505865 0.826324
v -0.131015 0.491430 0.794492
v -0.128839 0.492899 0.802190
v -0.125260 0.494308 0.809570
v -0.120444 0.495542 0.816038
v -0.114575 0.496555 0.821347
v -0.107880 0.497308 0.825292
v -0.100615 0.497772 0.827721
v -0.093060 0.497981 0.828816
v -0.131015 0.489782 0.794661
v -0.128839 0.489781 0.802510
v -0.125260 0.489782 0.810035
v -0.120444 0.489782 0.816630
v -0.114575 0.489781 0.822042
v -0.107880 0.489782 0.826064
v -0.100615 0.489781 0.828541
v -0.093060 0.489782 0.829658
v -0.131015 0.488133 0.794492
v -0.128839 0.486664 0.802190
v -0.125260 0.485255 0.809570
v -0.120444 0.484021 0.816039
v -0.114575 0.483008 0.821347
v -0.107880 0.482255 0.825292
v -0.100615 0.481791 0.827721
v -0.093060 0.481582 0.828816
v -0.131015 0.486548 0.793991
v -0.128839 0.483666 0.801242
v -0.125260 0.480903 0.808194
v -0.120444 0.478482 0.814287
v -0.114575 0.476495 0.819288
v -0.107880 0.475018 0.823004
v -0.100615 0.474109 0.825292
v -0.093060 0.473698 0.826324
v -0.131015 0.485087 0.793177
v -0.128839 0.480903 0.799703
v -0.125260 0.476893 0.805960
v -0.120444 0.473377 0.811443
v -0.114575 0.470492 0.815944
v -0.107880 0.468348 0.819288
v -0.100615 0.467028 0.821347
v -0.093060 0.466433 0.822276
v -0.131015 0.483807 0.792082
v -0.128839 0.478482 0.797632
v -0.125260 0.473377 0.802952
v -0.120444 0.468903 0.807616
v -0.114575 0.465230 0.811443
v -0.107880 0.462502 0.814287
v -0.100615 0.460822 0.816038
v -0.093060 0.460064 0.816828
v -0.131015 0.482756 0.790747
v -0.128839 0.476495 0.795108
v -0.125260 0.470492 0.799288
v -0.120444 0.465230 0.802952
v -0.114575 0.460913 0.805959
v -0.107880 0.457704 0.808194
v -0.100615 0.455728 0.809570
v -0.093060 0.454837 0.810190
v -0.131015 0.481975 0.789225
v -0.128839 0.475018 0.792228
v -0.125260 0.468348 0.795108
v -0.120444 0.462502 0.797632
v -0.114575 0.457704 0.799703
v -0.107880 0.454139 0.801242
v -0.100615 0.451944 0.802190
v -0.093060 0.450954 0.802617
v -0.131015 0.481495 0.787573
v -0.128839 0.474109 0.789104
v -0.125260 0.467028 0.790572
v -0.120444 0.460822 0.791859
v -0.114575 0.455728 0.792914
v -0.107880 0.451944 0.793699
v -0.100615 0.449613 0.794182
v -0.093060 0.448562 0.794400
v -0.131015 0.481332 0.785855
v -0.128839 0.473801 0.785855
v -0.125260 0.466582 0.785855
v -0.120444 0.460254 0.785855
v -0.114575 0.455061 0.785855
v -0.107880 0.451202 0.785855
v -0.100615 0.448826 0.785855
v -0.093060 0.447754 0.785855
v -0.131015 0.481495 0.784137
v -0.128839 0.474108 0.782605
v -0.125260 0.467028 0.781137
v -0.120444 0.460822 0.779851
v -0.114575 0.455728 0.778795
v -0.107880 0.451944 0.778010
v -0.100615 0.449613 0.777527
v -0.093060 0.448562 0.777309
v -0.131015 0.481975 0.782485
v -0.128839 0.475018 0.779481
v -0.125260 0.468348 0.776601
v -0.120444 0.462502 0.774077
v -0.114575 0.457704 0.772006
v -0.107880 0.454139 0.770467
v -0.100615 0.451944 0.769519
v -0.093060 0.450954 0.769092
v -0.131015 0.482756 0.780962
v -0.128839 0.476495 0.776601
v -0.125260 0.470492 0.772421
v -0.120444 0.465230 0.768757
v -0.114575 0.460913 0.765750
v -0.107880 0.457704 0.763515
v -0.100615 0.455728 0.762139
v -0.093060 0.454837 0.761519
v -0.131015 0.483807 0.779628
v -0.128839 0.478482 0.774077
v -0.125260 0.473377 0.768757
v -0.120444 0.468903 0.764093
v -0.114575 0.465230 0.760266
v -0.107880 0.462502 0.757422
v -0.100615 0.460822 0.755671
v -0.093060 0.460064 0.754881
v -0.131015 0.485087 0.778532
v -0.128839 0.480903 0.772006
v -0.125260 0.476893 0.765750
v -0.120444 0.473377 0.760266
v -0.114575 0.470492 0.755765
v -0.107880 0.468348 0.752421
v -0.100615 0.467028 0.750362
v -0.093060 0.466433 0.749433
v -0.131942 0.489782 0.785855
v -0.131015 0.486548 0.777718
v -0.128839 0.483666 0.770467
v -0.125260 0.480903 0.763515
v -0.120444 0.478482 0.757422
v -0.114575 0.476495 0.752421
v -0.107880 0.475018 0.748706
v -0.100615 0.474108 0.746417
v -0.093060 0.473698 0.745386
v -0.131015 0.488133 0.777217
v -0.128839 0.486664 0.769519
v -0.125260 0.485256 0.762139
v -0.120444 0.484021 0.755671
v -0.114575 0.483008 0.750362
v -0.107880 0.482255 0.746417
v -0.100615 0.481791 0.743988
v -0.093060 0.481582 0.742893
v -0.131015 0.489781 0.777048
v -0.128839 0.489781 0.769199
v -0.125260 0.489782 0.761675
v -0.120444 0.489781 0.755079
v -0.114575 0.489782 0.749667
v -0.107880 0.489781 0.745645
v -0.100615 0.489781 0.743168
v -0.093060 0.489782 0.742051
v -0.131015 0.491430 0.777217
v -0.128839 0.492899 0.769519
v -0.125260 0.494308 0.762139
v -0.120444 0.495542 0.755671
v -0.114575 0.496555 0.750362
v -0.107880 0.497308 0.746417
v -0.100615 0.497772 0.743988
v -0.093060 0.497981 0.742893
v -0.131015 0.493015 0.777718
v -0.128839 0.495897 0.770467
v -0.125260 0.498660 0.763515
v -0.120444 0.501081 0.757422
v -0.114575 0.503068 0.752421
v -0.107880 0.504545 0.748706
v -0.100615 0.505454 0.746417
v -0.093060 0.505865 0.745386
v -0.131015 0.494476 0.778532
v -0.128839 0.498660 0.772006
v -0.125260 0.502670 0.765750
v -0.120444 0.506186 0.760266
v -0.114575 0.509071 0.755766
v -0.107880 0.511215 0.752421
v -0.100615 0.512535 0.750362
v -0.093060 0.513131 0.749434
v -0.131015 0.495756 0.779628
v -0.128839 0.501081 0.774078
v -0.125260 0.506186 0.768757
v -0.120444 0.510661 0.764093
v -0.114575 0.514333 0.760266
v -0.107880 0.517061 0.757422
v -0.100615 0.518741 0.755671
v -0.093060 0.519499 0.754881
v -0.131015 0.496807 0.780962
v -0.128839 0.503069 0.776601
v -0.125260 0.509071 0.772421
v -0.120444 0.514333 0.768757
v -0.114575 0.518651 0.765750
v -0.107880 0.521859 0.763515
v -0.100615 0.523835 0.762139
v -0.093060 0.524726 0.761519
v -0.131015 0.497588 0.782485
v -0.128839 0.504545 0.779481
v -0.125260 0.511215 0.776601
v -0.120444 0.517061 0.774077
v -0.114575 0.521859 0.772006
v -0.107880 0.525424 0.770467
v -0.100615 0.527620 0.769519
v -0.093060 0.528610 0.769092
v -0.131015 0.498068 0.784137
v -0.128839 0.505454 0.782605
v -0.125260 0.512535 0.781137
v -0.120444 0.518741 0.779851
v -0.114575 0.523835 0.778795
v -0.107880 0.527620 0.778010
v -0.100615 0.529950 0.777527
v -0.093060 0.531001 0.777309
v -0.093060 0.531809 0.785855
v -0.131015 0.498231 -0.785855
v -0.128839 0.505761 -0.785855
v -0.125260 0.512981 -0.785855
v -0.120444 0.519309 -0.785855
v -0.114575 0.524502 -0.785855
v -0.107880 0.528361 -0.785855
v -0.100615 0.530737 -0.785855
v -0.131015 0.498068 -0.787573
v -0.128839 0.505454 -0.789104
v -0.125260 0.512535 -0.790572
v -0.120444 0.518741 -0.791859
v -0.114575 0.523835 -0.792915
v -0.107880 0.527619 -0.793699
v -0.100615 0.529950 -0.794182
v -0.093060 0.531001 -0.794400
v -0.131015 0.497587 -0.789225
v -0.128839 0.504545 -0.792228
v -0.125260 0.511215 -0.795108
v -0.120444 0.517061 -0.797632
v -0.114575 0.521859 -0.799703
v -0.107880 0.525424 -0.801242
v -0.100615 0.527619 -0.802190
v -0.093060 0.528609 -0.802617
v -0.131015 0.496807 -0.790747
v -0.128839 0.503068 -0.795108
v -0.125260 0.509071 -0.799288
v -0.120444 0.514332 -0.802952
v -0.114575 0.518650 -0.805960
v -0.107880 0.521859 -0.808194
v -0.100615 0.523835 -0.809570
v -0.093060 0.524726 -0.810191
v -0.131015 0.495756 -0.792082
v -0.128839 0.501081 -0.797632
v -0.125260 0.506186 -0.802952
v -0.120444 0.510660 -0.807616
v -0.114575 0.514332 -0.811443
v -0.107880 0.517061 -0.814287
v -0.100615 0.518741 -0.816039
v -0.093060 0.519499 -0.816828
v -0.131015 0.494475 -0.793177
v -0.128839 0.498659 -0.799703
v -0.125260 0.502670 -0.805960
v -0.120444 0.506186 -0.811443
v -0.114575 0.509071 -0.815944
v -0.107880 0.511215 -0.819288
v -0.100615 0.512535 -0.821347
v -0.093060 0.513130 -0.822276
v -0.131015 0.493015 -0.793991
v -0.128839 0.495897 -0.801242
v -0.125260 0.498659 -0.808194
v -0.120444 0.501081 -0.814287
v -0.114575 0.503068 -0.819288
v -0.107880 0.504545 -0.823004
v -0.100615 0.505454 -0.825292
v -0.093060 0.505864 -0.826324
v -0.131015 0.491430 -0.794492
v -0.128839 0.492899 -0.802190
v -0.125260 0.494307 -0.809570
v -0.120444 0.495542 -0.816039
v -0.114575 0.496555 -0.821347
v -0.107880 0.497308 -0.825292
v -0.100615 0.497771 -0.827721
v -0.093060 0.497980 -0.828816
v -0.131015 0.489781 -0.794661
v -0.128839 0.489781 -0.802510
v -0.125260 0.489781 -0.810035
v -0.120444 0.489781 -0.816630
v -0.114575 0.489781 -0.822043
v -0.107880 0.489781 -0.826064
v -0.100615 0.489781 -0.828541
v -0.093060 0.489781 -0.829658
v -0.131015 0.488133 -0.794492
v -0.128839 0.486664 -0.802190
v -0.125260 0.485255 -0.809570
v -0.120444 0.484021 -0.816039
v -0.114575 0.483008 -0.821347
v -0.107880 0.482255 -0.825292
v -0.100615 0.481791 -0.827721
v -0.093060 0.481582 -0.828816
v -0.131015 0.486548 -0.793991
v -0.128839 0.483666 -0.801242
v -0.125260 0.480903 -0.808194
v -0.120444 0.478482 -0.814287
v -0.114575 0.476494 -0.819288
v -0.107880 0.475018 -0.823004
v -0.100615 0.474108 -0.825292
v -0.093060 0.473698 -0.826324
v -0.131015 0.485087 -0.793177
v -0.128839 0.480903 -0.799703
v -0.125260 0.476892 -0.805960
v -0.120444 0.473377 -0.811443
v -0.114575 0.470492 -0.815944
v -0.107880 0.468348 -0.819288
v -0.100615 0.467028 -0.821347
v -0.093060 0.466432 -0.822276
v -0.131015 0.483807 -0.792082
v -0.128839 0.478482 -0.797632
v -0.125260 0.473377 -0.802952
v -0.120444 0.468902 -0.807616
v -0.114575 0.465230 -0.811443
v -0.107880 0.462502 -0.814287
v -0.100615 0.460821 -0.816039
v -0.093060 0.460064 -0.816828
v -0.131015 0.482756 -0.790747
v -0.128839 0.476494 -0.795108
v -0.125260 0.470492 -0.799288
v -0.120444 0.465230 -0.802952
v -0.114575 0.460912 -0.805960
v -0.107880 0.457704 -0.808194
v -0.100615 0.455728 -0.809570
v -0.093060 0.454837 -0.810191
v -0.131015 0.481975 -0.789225
v -0.128839 0.475018 -0.792228
v -0.125260 0.468348 -0.795108
v -0.120444 0.462502 -0.797632
v -0.114575 0.457704 -0.799703
v -0.107880 0.454139 -0.801242
v -0.100615 0.451943 -0.802190
v -0.093060 0.450953 -0.802617
v -0.131015 0.481494 -0.787573
v -0.128839 0.474108 -0.789104
v -0.125260 0.467028 -0.790572
v -0.120444 0.460821 -0.791859
v -0.114575 0.455728 -0.792915
v -0.107880 0.451943 -0.793699
v -0.100615 0.449613 -0.794182
v -0.093060 0.448562 -0.794400
v -0.131015 0.481332 -0.785855
v -0.128839 0.473801 -0.785855
v -0.125260 0.466582 -0.785855
v -0.120444 0.460254 -0.785855
v -0.114575 0.455061 -0.785855
v -0.107880 0.451202 -0.785855
v -0.100615 0.448826 -0.785855
v -0.093060 0.447754 -0.785855
v -0.131015 0.481494 -0.784137
v -0.128839 0.474108 -0.782605
v -0.125260 0.467028 -0.781137
v -0.120444 0.460821 -0.779851
v -0.114575 0.455728 -0.778795
v -0.107880 0.451943 -0.778010
v -0.100615 0.449613 -0.777527
v -0.093060 0.448562 -0.777309
v -0.131015 0.481975 -0.782485
v -0.128839 0.475018 -0.779481
v -0.125260 0.468348 -0.776601
v -0.120444 0.462502 -0.774077
v -0.114575 0.457704 -0.772006
v -0.107880 0.454139 -0.770467
v -0.100615 0.451943 -0.769519
v -0.093060 0.450953 -0.769092
v -0.131015 0.482756 -0.780962
v -0.128839 0.476494 -0.776601
v -0.125260 0.470492 -0.772421
v -0.120444 0.465230 -0.768757
v -0.114575 0.460912 -0.765750
v -0.107880 0.457704 -0.763515
v -0.100615 0.455728 -0.762139
v -0.093060 0.454837 -0.761519
v -0.131015 0.483807 -0.779628
v -0.128839 0.478482 -0.774078
v -0.125260 0.473377 -0.768757
v -0.120444 0.468902 -0.764093
v -0.114575 0.465230 -0.760266
v -0.107880 0.462502 -0.757422
v -0.100615 0.460821 -0.755671
v -0.093060 0.460064 -0.754881
v -0.131015 0.485087 -0.778533
v -0.128839 0.480903 -0.772006
v -0.125260 0.476892 -0.765750
v -0.120444 0.473377 -0.760266
v -0.114575 0.470492 -0.755766
v -0.107880 0.468348 -0.752421
v -0.100615 0.467028 -0.750362
v -0.093060 0.466432 -0.749433
v -0.131942 0.489781 -0.785854
v -0.131015 0.486548 -0.777719
v -0.128839 0.483666 -0.770467
v -0.125260 0.480903 -0.763515
v -0.120444 0.478482 -0.757422
v -0.114575 0.476494 -0.752421
v -0.107880 0.475018 -0.748706
v -0.100615 0.474108 -0.746417
v -0.093060 0.473698 -0.745386
v -0.131015 0.488133 -0.777218
v -0.128839 0.486664 -0.769519
v -0.125260 0.485255 -0.762139
v -0.120444 0.484021 -0.755671
v -0.114575 0.483008 -0.750362
v -0.107880 0.482255 -0.746417
v -0.100615 0.481791 -0.743988
v -0.093060 0.481582 -0.742893
v -0.131015 0.489781 -0.777048
v -0.128839 0.489781 -0.769199
v -0.125260 0.489781 -0.761675
v -0.120444 0.489781 -0.755079
v -0.114575 0.489781 -0.749667
v -0.107880 0.489781 -0.745645
v -0.100615 0.489781 -0.743168
v -0.093060 0.489781 -0.742051
v -0.131015 0.491430 -0.777218
v -0.128839 0.492899 -0.769519
v -0.125260 0.494307 -0.762139
v -0.120444 0.495542 -0.755671
v -0.114575 0.496555 -0.750362
v -0.107880 0.497308 -0.746417
v -0.100615 0.497771 -0.743988
v -0.093060 0.497980 -0.742893
v -0.131015 0.493015 -0.777719
v -0.128839 0.495897 -0.770467
v -0.125260 0.498659 -0.763515
v -0.120444 0.501081 -0.757422
v -0.114575 0.503068 -0.752422
v -0.107880 0.504545 -0.748706
v -0.100615 0.505454 -0.746417
v -0.093060 0.505864 -0.745386
v -0.131015 0.494475 -0.778533
v -0.128839 0.498659 -0.772006
v -0.125260 0.502670 -0.765750
v -0.120444 0.506186 -0.760266
v -0.114575 0.509071 -0.755766
v -0.107880 0.511215 -0.752422
v -0.100615 0.512535 -0.750362
v -0.093060 0.513130 -0.749434
v -0.131015 0.495756 -0.779628
v -0.128839 0.501081 -0.774078
v -0.125260 0.506186 -0.768757
v -0.120444 0.510660 -0.764093
v -0.114575 0.514332 -0.760266
v -0.107880 0.517061 -0.757422
v -0.100615 0.518741 -0.755671
v -0.093060 0.519499 -0.754881
v -0.131015 0.496807 -0.780962
v -0.128839 0.503068 -0.776601
v -0.125260 0.509071 -0.772421
v -0.120444 0.514332 -0.768757
v -0.114575 0.518650 -0.765750
v -0.107880 0.521859 -0.763515
v -0.100615 0.523835 -0.762139
v -0.093060 0.524726 -0.761519
v -0.131015 0.497587 -0.782485
v -0.128839 0.504545 -0.779481
v -0.125260 0.511215 -0.776601
v -0.120444 0.517061 -0.774077
v -0.114575 0.521859 -0.772006
v -0.107880 0.525424 -0.770467
v -0.100615 0.527619 -0.769519
v -0.093060 0.528609 -0.769092
v -0.131015 0.498068 -0.784137
v -0.128839 0.505454 -0.782605
v -0.125260 0.512535 -0.781137
v -0.120444 0.518741 -0.779851
v -0.114575 0.523835 -0.778795
v -0.107880 0.527619 -0.778010
v -0.100615 0.529950 -0.777527
v -0.093060 0.531001 -0.777309
v -0.093060 0.531808 -0.785855
v -0.140171 -0.931513 -0.002471
v -0.138665 -0.923820 -0.002471
v -0.135734 -0.916315 -0.002471
v -0.131493 -0.909588 -0.002471
v -0.126103 -0.903900 -0.002471
v -0.119773 -0.899467 -0.002471
v -0.112744 -0.896462 -0.002471
v -0.140157 -0.931675 -0.000822
v -0.138638 -0.924126 0.000647
v -0.135695 -0.916759 0.002055
v -0.131443 -0.910153 0.003290
v -0.126044 -0.904564 0.004303
v -0.119707 -0.900206 0.005056
v -0.112675 -0.897246 0.005519
v -0.105242 -0.895536 0.005728
v -0.140115 -0.932154 0.000762
v -0.138558 -0.925032 0.003644
v -0.135579 -0.918074 0.006407
v -0.131295 -0.911827 0.008829
v -0.125871 -0.906532 0.010816
v -0.119515 -0.902393 0.012293
v -0.112471 -0.899568 0.013202
v -0.105031 -0.897918 0.013612
v -0.140046 -0.932932 0.002223
v -0.138429 -0.926503 0.006407
v -0.135391 -0.920210 0.010418
v -0.131056 -0.914545 0.013934
v -0.125589 -0.909729 0.016819
v -0.119201 -0.905944 0.018963
v -0.112138 -0.903338 0.020283
v -0.104690 -0.901787 0.020878
v -0.139954 -0.933978 0.003504
v -0.138254 -0.928483 0.008829
v -0.135138 -0.923083 0.013934
v -0.130733 -0.918203 0.018408
v -0.125210 -0.914030 0.022080
v -0.118780 -0.910724 0.024809
v -0.111691 -0.908412 0.026489
v -0.104231 -0.906993 0.027247
v -0.139841 -0.935254 0.004554
v -0.138041 -0.930895 0.010816
v -0.134829 -0.926585 0.016819
v -0.130340 -0.922660 0.022080
v -0.124748 -0.919271 0.026398
v -0.118266 -0.916547 0.029607
v -0.111146 -0.914594 0.031582
v -0.103672 -0.913337 0.032473
v -0.139713 -0.936709 0.005335
v -0.137799 -0.933647 0.012293
v -0.134476 -0.930581 0.018963
v -0.129892 -0.927746 0.024809
v -0.124220 -0.925250 0.029607
v -0.117680 -0.923191 0.033172
v -0.110524 -0.921647 0.035367
v -0.103034 -0.920575 0.036357
v -0.139574 -0.938288 0.005816
v -0.137535 -0.936633 0.013202
v -0.134094 -0.934916 0.020283
v -0.129405 -0.933263 0.026489
v -0.123648 -0.931738 0.031583
v -0.117045 -0.930400 0.035367
v -0.109849 -0.929300 0.037698
v -0.102341 -0.928428 0.038749
v -0.139429 -0.939930 0.005978
v -0.137261 -0.939739 0.013509
v -0.133697 -0.939424 0.020729
v -0.128899 -0.939001 0.027056
v -0.123053 -0.938486 0.032250
v -0.116384 -0.937898 0.036108
v -0.109147 -0.937260 0.038485
v -0.101621 -0.936596 0.039556
v -0.139284 -0.941572 0.005816
v -0.136988 -0.942844 0.013202
v -0.133299 -0.943933 0.020283
v -0.128393 -0.944740 0.026489
v -0.122458 -0.945233 0.031582
v -0.115722 -0.945395 0.035367
v -0.108445 -0.945219 0.037698
v -0.100901 -0.944763 0.038749
v -0.139145 -0.943151 0.005335
v -0.136724 -0.945830 0.012293
v -0.132917 -0.948268 0.018963
v -0.127906 -0.950257 0.024809
v -0.121886 -0.951722 0.029607
v -0.115087 -0.952604 0.033172
v -0.107770 -0.952872 0.035367
v -0.100208 -0.952617 0.036357
v -0.139017 -0.944606 0.004554
v -0.136482 -0.948583 0.010816
v -0.132564 -0.952264 0.016819
v -0.127458 -0.955343 0.022080
v -0.121359 -0.957701 0.026398
v -0.114501 -0.959249 0.029607
v -0.107148 -0.959925 0.031582
v -0.099570 -0.959855 0.032473
v -0.138904 -0.945881 0.003504
v -0.136269 -0.950995 0.008829
v -0.132256 -0.955766 0.013934
v -0.127065 -0.959800 0.018408
v -0.120896 -0.962942 0.022080
v -0.113987 -0.965072 0.024809
v -0.106603 -0.966107 0.026489
v -0.099010 -0.966199 0.027247
v -0.138812 -0.946928 0.002223
v -0.136094 -0.952975 0.006407
v -0.132002 -0.958640 0.010418
v -0.126742 -0.963458 0.013934
v -0.120517 -0.967243 0.016819
v -0.113566 -0.969851 0.018963
v -0.106155 -0.971181 0.020283
v -0.098551 -0.971405 0.020878
v -0.138743 -0.947706 0.000763
v -0.135965 -0.954445 0.003644
v -0.131814 -0.960775 0.006407
v -0.126503 -0.966176 0.008829
v -0.120235 -0.970440 0.010816
v -0.113253 -0.973403 0.012293
v -0.105823 -0.974951 0.013202
v -0.098210 -0.975274 0.013612
v -0.138701 -0.948185 -0.000823
v -0.135885 -0.955351 0.000647
v -0.131698 -0.962090 0.002055
v -0.126355 -0.967849 0.003290
v -0.120062 -0.972408 0.004303
v -0.113060 -0.975590 0.005056
v -0.105618 -0.977273 0.005519
v -0.098000 -0.977656 0.005728
v -0.138687 -0.948346 -0.002471
v -0.135858 -0.955657 -0.002471
v -0.131659 -0.962534 -0.002471
v -0.126305 -0.968415 -0.002471
v -0.120003 -0.973072 -0.002471
v -0.112995 -0.976328 -0.002471
v -0.105549 -0.978057 -0.002471
v -0.097929 -0.978460 -0.002471
v -0.138701 -0.948185 -0.004119
v -0.135885 -0.955351 -0.005588
v -0.131698 -0.962090 -0.006997
v -0.126355 -0.967849 -0.008231
v -0.120062 -0.972408 -0.009245
v -0.113060 -0.975590 -0.009997
v -0.105618 -0.977273 -0.010461
v -0.098000 -0.977656 -0.010670
v -0.138743 -0.947706 -0.005704
v -0.135965 -0.954445 -0.008586
v -0.131814 -0.960775 -0.011349
v -0.126503 -0.966176 -0.013770
v -0.120235 -0.970439 -0.015758
v -0.113253 -0.973403 -0.017235
v -0.105823 -0.974951 -0.018144
v -0.098210 -0.975274 -0.018554
v -0.138812 -0.946928 -0.007165
v -0.136094 -0.952974 -0.011349
v -0.132002 -0.958640 -0.015360
v -0.126742 -0.963458 -0.018875
v -0.120517 -0.967243 -0.021760
v -0.113566 -0.969851 -0.023904
v -0.106155 -0.971181 -0.025225
v -0.098551 -0.971405 -0.025820
v -0.138904 -0.945881 -0.008445
v -0.136269 -0.950995 -0.013770
v -0.132256 -0.955766 -0.018875
v -0.127065 -0.959800 -0.023350
v -0.120896 -0.962942 -0.027022
v -0.113987 -0.965072 -0.029751
v -0.106603 -0.966107 -0.031431
v -0.099010 -0.966199 -0.032188
v -0.139017 -0.944606 -0.009496
v -0.136482 -0.948583 -0.015758
v -0.132564 -0.952264 -0.021761
v -0.127458 -0.955343 -0.027022
v -0.121359 -0.957701 -0.031340
v -0.114501 -0.959249 -0.034548
v -0.107148 -0.959925 -0.036524
v -0.099570 -0.959855 -0.037415
v -0.140352 -0.940012 -0.002471
v -0.139145 -0.943151 -0.010277
v -0.136724 -0.945830 -0.017235
v -0.132917 -0.948268 -0.023904
v -0.127906 -0.950257 -0.029750
v -0.121886 -0.951722 -0.034548
v -0.115087 -0.952604 -0.038113
v -0.107770 -0.952872 -0.040309
v -0.100208 -0.952617 -0.041299
v -0.139284 -0.941572 -0.010758
v -0.136988 -0.942844 -0.018144
v -0.133299 -0.943933 -0.025225
v -0.128393 -0.944740 -0.031431
v -0.122458 -0.945233 -0.036524
v -0.115722 -0.945395 -0.040309
v -0.108445 -0.945219 -0.042639
v -0.100901 -0.944763 -0.043690
v -0.139429 -0.939930 -0.010920
v -0.137261 -0.939739 -0.018451
v -0.133697 -0.939424 -0.025670
v -0.128899 -0.939001 -0.031998
v -0.123053 -0.938486 -0.037191
v -0.116384 -0.937898 -0.041050
v -0.109147 -0.937260 -0.043426
v -0.101621 -0.936596 -0.044498
v -0.139574 -0.938288 -0.010758
v -0.137535 -0.936633 -0.018144
v -0.134094 -0.934916 -0.025225
v -0.129405 -0.933263 -0.031431
v -0.123648 -0.931738 -0.036524
v -0.117045 -0.930400 -0.040309
v -0.109849 -0.929300 -0.042640
v -0.102341 -0.928428 -0.043690
v -0.139713 -0.936709 -0.010277
v -0.137799 -0.933647 -0.017235
v -0.134476 -0.930581 -0.023904
v -0.129892 -0.927746 -0.029750
v -0.124220 -0.925250 -0.034548
v -0.117680 -0.923191 -0.038113
v -0.110524 -0.921647 -0.040309
v -0.103034 -0.920575 -0.041299
v -0.139841 -0.935254 -0.009496
v -0.138041 -0.930895 -0.015758
v -0.134829 -0.926585 -0.021760
v -0.130340 -0.922660 -0.027022
v -0.124748 -0.919271 -0.031340
v -0.118266 -0.916547 -0.034548
v -0.111146 -0.914594 -0.036524
v -0.103672 -0.913337 -0.037415
v -0.139954 -0.933978 -0.008445
v -0.138254 -0.928483 -0.013770
v -0.135138 -0.923083 -0.018875
v -0.130733 -0.918203 -0.023350
v -0.125210 -0.914030 -0.027022
v -0.118780 -0.910724 -0.029750
v -0.111691 -0.908412 -0.031431
v -0.104231 -0.906993 -0.032188
v -0.140046 -0.932932 -0.007165
v -0.138429 -0.926503 -0.011349
v -0.135391 -0.920210 -0.015360
v -0.131056 -0.914545 -0.018875
v -0.125589 -0.909729 -0.021760
v -0.119201 -0.905944 -0.023904
v -0.112138 -0.903338 -0.025225
v -0.104690 -0.901787 -0.025820
v -0.140115 -0.932154 -0.005704
v -0.138558 -0.925032 -0.008586
v -0.135579 -0.918074 -0.011349
v -0.131295 -0.911827 -0.013771
v -0.125871 -0.906532 -0.015758
v -0.119515 -0.902393 -0.017235
v -0.112471 -0.899568 -0.018144
v -0.105031 -0.897918 -0.018554
v -0.140157 -0.931675 -0.004119
v -0.138638 -0.924127 -0.005588
v -0.135695 -0.916759 -0.006997
v -0.131443 -0.910153 -0.008231
v -0.126044 -0.904564 -0.009245
v -0.119707 -0.900206 -0.009997
v -0.112675 -0.897246 -0.010461
v -0.105242 -0.895536 -0.010670
v -0.105312 -0.894731 -0.002471
v -0.139601 -0.927739 -0.002471
v -0.137372 -0.919988 -0.002471
v -0.133768 -0.912837 -0.002471
v -0.128929 -0.906600 -0.002471
v -0.123041 -0.901515 -0.002471
v -0.116329 -0.897778 -0.002471
v -0.139581 -0.927971 -0.000099
v -0.137339 -0.920364 0.001369
v -0.133724 -0.913344 0.002697
v -0.128875 -0.907218 0.003826
v -0.122979 -0.902220 0.004714
v -0.116262 -0.898543 0.005325
v -0.108985 -0.896296 0.005643
v -0.131480 -0.909730 0.000423
v -0.135725 -0.916426 -0.000197
v -0.126088 -0.904066 0.000932
v -0.119756 -0.899653 0.001311
v -0.112727 -0.896659 0.001543
v -0.140168 -0.931477 -0.001635
v -0.138658 -0.923897 -0.000905
v -0.139520 -0.928661 0.002182
v -0.137240 -0.921480 0.005062
v -0.133591 -0.914846 0.007667
v -0.128713 -0.909047 0.009882
v -0.122795 -0.904307 0.011622
v -0.116062 -0.900808 0.012821
v -0.108777 -0.898654 0.013445
v -0.135647 -0.917310 0.004264
v -0.138605 -0.924506 0.002168
v -0.131381 -0.910855 0.006100
v -0.125972 -0.905389 0.007608
v -0.119627 -0.901123 0.008728
v -0.112589 -0.898219 0.009418
v -0.105153 -0.896534 0.009729
v -0.140139 -0.931802 0.000004
v -0.139421 -0.929780 0.004285
v -0.137080 -0.923292 0.008465
v -0.133376 -0.917284 0.012247
v -0.128451 -0.912019 0.015463
v -0.122496 -0.907697 0.017989
v -0.115738 -0.904487 0.019730
v -0.108440 -0.902482 0.020636
v -0.112320 -0.901280 0.016835
v -0.119372 -0.904005 0.015715
v -0.104877 -0.899675 0.017341
v -0.140083 -0.932439 0.001548
v -0.138499 -0.925700 0.005062
v -0.135494 -0.919044 0.008465
v -0.131186 -0.913061 0.011448
v -0.125743 -0.907984 0.013896
v -0.139289 -0.931286 0.006127
v -0.136865 -0.925731 0.011448
v -0.133087 -0.920566 0.016261
v -0.128099 -0.916018 0.020354
v -0.122093 -0.912259 0.023570
v -0.115301 -0.909437 0.025785
v -0.107985 -0.907634 0.026938
v -0.130904 -0.916265 0.016261
v -0.135272 -0.921560 0.012247
v -0.125411 -0.911750 0.019556
v -0.119003 -0.908191 0.022003
v -0.111928 -0.905723 0.023511
v -0.104474 -0.904234 0.024191
v -0.140001 -0.933364 0.002938
v -0.138347 -0.927434 0.007667
v -0.139127 -0.933122 0.007639
v -0.136603 -0.928702 0.013896
v -0.132734 -0.924565 0.019555
v -0.127669 -0.920890 0.024368
v -0.121603 -0.917819 0.028150
v -0.114769 -0.915469 0.030754
v -0.107432 -0.913912 0.032110
v -0.103963 -0.910037 0.030016
v -0.111429 -0.911378 0.029188
v -0.139897 -0.934541 0.004120
v -0.138152 -0.929640 0.009882
v -0.134989 -0.924764 0.015462
v -0.130544 -0.920342 0.020354
v -0.124988 -0.916545 0.024368
v -0.118534 -0.913518 0.027351
v -0.138942 -0.935216 0.008763
v -0.136304 -0.932092 0.015715
v -0.132332 -0.929127 0.022004
v -0.127179 -0.926449 0.027351
v -0.121044 -0.924161 0.031553
v -0.114162 -0.922351 0.034447
v -0.106800 -0.921075 0.035954
v -0.130122 -0.925136 0.023570
v -0.134657 -0.928531 0.017989
v -0.124491 -0.922182 0.028150
v -0.117981 -0.919782 0.031553
v -0.110843 -0.918028 0.033649
v -0.103361 -0.916861 0.034594
v -0.139775 -0.935926 0.005048
v -0.137923 -0.932235 0.011622
v -0.138742 -0.937488 0.009455
v -0.135980 -0.935771 0.016835
v -0.131895 -0.934078 0.023511
v -0.126647 -0.932481 0.029188
v -0.120437 -0.931043 0.033649
v -0.113504 -0.929818 0.036721
v -0.106115 -0.928847 0.038320
v -0.102692 -0.924443 0.037746
v -0.110191 -0.925417 0.036721
v -0.139640 -0.937464 0.005688
v -0.137669 -0.935118 0.012821
v -0.134288 -0.932716 0.019730
v -0.129652 -0.930463 0.025785
v -0.123938 -0.928446 0.030754
v -0.117367 -0.926742 0.034447
v -0.138533 -0.939851 0.009689
v -0.135643 -0.939596 0.017214
v -0.131441 -0.939226 0.024020
v -0.126094 -0.938754 0.029808
v -0.119806 -0.938200 0.034356
v -0.112819 -0.937583 0.037489
v -0.105402 -0.936929 0.039119
v -0.123352 -0.935096 0.032082
v -0.129153 -0.936118 0.026914
v -0.116716 -0.934131 0.035922
v -0.109499 -0.933261 0.038287
v -0.101983 -0.932492 0.039354
v -0.139496 -0.939097 0.006014
v -0.137399 -0.938179 0.013432
v -0.133896 -0.937159 0.020617
v -0.138325 -0.942214 0.009455
v -0.135305 -0.943421 0.016835
v -0.130987 -0.944374 0.023511
v -0.125541 -0.945027 0.029188
v -0.119175 -0.945356 0.033649
v -0.112134 -0.945349 0.036721
v -0.104689 -0.945012 0.038320
v -0.101259 -0.940699 0.039354
v -0.137124 -0.941299 0.013432
v -0.139349 -0.940762 0.006014
v -0.133497 -0.941690 0.020617
v -0.128645 -0.941884 0.026914
v -0.122754 -0.941876 0.032082
v -0.116051 -0.941664 0.035923
v -0.108794 -0.941258 0.038287
v -0.138124 -0.944486 0.008763
v -0.134981 -0.947100 0.015715
v -0.130551 -0.949324 0.022004
v -0.125009 -0.951059 0.027351
v -0.118568 -0.952238 0.031553
v -0.111476 -0.952816 0.034447
v -0.104004 -0.952784 0.035954
v -0.115400 -0.949053 0.034447
v -0.122168 -0.948526 0.030754
v -0.108102 -0.949102 0.036721
v -0.100549 -0.948748 0.037746
v -0.139205 -0.942395 0.005688
v -0.136854 -0.944360 0.012821
v -0.133105 -0.946133 0.019730
v -0.128146 -0.947539 0.025785
v -0.137940 -0.946580 0.007639
v -0.134682 -0.950490 0.013896
v -0.130148 -0.953886 0.019555
v -0.124518 -0.956618 0.024368
v -0.118009 -0.958580 0.028150
v -0.110869 -0.959698 0.030754
v -0.103372 -0.959946 0.032110
v -0.136600 -0.947243 0.011622
v -0.139069 -0.943933 0.005048
v -0.132736 -0.950318 0.017989
v -0.127676 -0.952867 0.023570
v -0.121615 -0.954790 0.028150
v -0.114786 -0.956014 0.031553
v -0.107451 -0.956491 0.033648
v -0.099880 -0.956331 0.034594
v -0.137778 -0.948416 0.006127
v -0.134420 -0.953461 0.011448
v -0.129796 -0.957885 0.016261
v -0.124089 -0.961491 0.020354
v -0.117518 -0.964139 0.023570
v -0.110337 -0.965730 0.025785
v -0.102819 -0.966225 0.026938
v -0.114234 -0.962277 0.027351
v -0.121118 -0.960427 0.024368
v -0.106864 -0.963141 0.029188
v -0.099279 -0.963154 0.030016
v -0.138947 -0.945317 0.004120
v -0.136371 -0.949837 0.009882
v -0.132404 -0.954085 0.015462
v -0.127254 -0.957661 0.020354
v -0.137645 -0.949922 0.004285
v -0.134205 -0.955900 0.008465
v -0.129506 -0.961167 0.012247
v -0.123736 -0.965490 0.015462
v -0.117116 -0.968702 0.017989
v -0.109900 -0.970680 0.019730
v -0.102364 -0.971377 0.020635
v -0.132121 -0.957289 0.012247
v -0.136176 -0.952044 0.007667
v -0.126894 -0.961738 0.016261
v -0.120695 -0.965221 0.019555
v -0.113764 -0.967605 0.022004
v -0.106366 -0.968796 0.023511
v -0.098767 -0.968958 0.024191
v -0.138843 -0.946494 0.002938
v -0.137546 -0.951041 0.002182
v -0.134045 -0.957712 0.005062
v -0.129291 -0.963605 0.007667
v -0.123474 -0.968461 0.009882
v -0.116817 -0.972092 0.011622
v -0.109576 -0.974359 0.012821
v -0.102027 -0.975205 0.013445
v -0.105974 -0.973239 0.016835
v -0.113395 -0.971790 0.015715
v -0.098365 -0.973517 0.017341
v -0.138762 -0.947420 0.001548
v -0.136023 -0.953777 0.005062
v -0.131899 -0.959805 0.008465
v -0.126611 -0.964942 0.011448
v -0.120363 -0.968988 0.013896
v -0.137486 -0.951731 -0.000099
v -0.133947 -0.958828 0.001369
v -0.129159 -0.965107 0.002697
v -0.123313 -0.970291 0.003827
v -0.116633 -0.974179 0.004714
v -0.109376 -0.976624 0.005325
v -0.101819 -0.977563 0.005643
v -0.131746 -0.961539 0.004264
v -0.135918 -0.954972 0.002168
v -0.126417 -0.967148 0.006100
v -0.120135 -0.971583 0.007608
v -0.113141 -0.974673 0.008728
v -0.105704 -0.976300 0.009418
v -0.098088 -0.976658 0.009729
v -0.138705 -0.948057 0.000004
v -0.137465 -0.951963 -0.002471
v -0.133914 -0.959205 -0.002471
v -0.129114 -0.965614 -0.002471
v -0.123258 -0.970909 -0.002471
v -0.116571 -0.974884 -0.002471
v -0.109309 -0.977389 -0.002471
v -0.101749 -0.978359 -0.002471
v -0.105567 -0.977860 0.001544
v -0.113011 -0.976143 0.001311
v -0.097947 -0.978259 0.001649
v -0.138677 -0.948382 -0.001635
v -0.135864 -0.955580 -0.000905
v -0.131668 -0.962423 -0.000197
v -0.126318 -0.968273 0.000423
v -0.120018 -0.972906 0.000932
v -0.137486 -0.951731 -0.004843
v -0.133947 -0.958828 -0.006311
v -0.129159 -0.965107 -0.007639
v -0.123313 -0.970291 -0.008768
v -0.116633 -0.974179 -0.009655
v -0.109376 -0.976624 -0.010267
v -0.101819 -0.977563 -0.010585
v -0.126318 -0.968273 -0.005365
v -0.131668 -0.962423 -0.004745
v -0.120018 -0.972906 -0.005874
v -0.113011 -0.976143 -0.006252
v -0.105567 -0.977860 -0.006485
v -0.097947 -0.978259 -0.006590
v -0.138677 -0.948382 -0.003307
v -0.135864 -0.955580 -0.004037
v -0.137546 -0.951041 -0.007124
v -0.134045 -0.957712 -0.010004
v -0.129291 -0.963605 -0.012608
v -0.123474 -0.968461 -0.014824
v -0.116817 -0.972092 -0.016564
v -0.109576 -0.974359 -0.017763
v -0.102027 -0.975205 -0.018387
v -0.098088 -0.976658 -0.014671
v -0.105704 -0.976300 -0.014360
v -0.138705 -0.948057 -0.004946
v -0.135918 -0.954972 -0.007110
v -0.131746 -0.961539 -0.009205
v -0.126417 -0.967148 -0.011042
v -0.120135 -0.971583 -0.012550
v -0.113141 -0.974673 -0.013670
v -0.137645 -0.949922 -0.009226
v -0.134205 -0.955900 -0.013407
v -0.129506 -0.961167 -0.017188
v -0.123736 -0.965490 -0.020404
v -0.117116 -0.968702 -0.022931
v -0.109900 -0.970680 -0.024671
v -0.102364 -0.971377 -0.025577
v -0.120363 -0.968988 -0.018838
v -0.126611 -0.964942 -0.016390
v -0.113395 -0.971790 -0.020657
v -0.105974 -0.973239 -0.021777
v -0.098365 -0.973517 -0.022282
v -0.138762 -0.947420 -0.006490
v -0.136023 -0.953777 -0.010004
v -0.131899 -0.959805 -0.013407
v -0.137778 -0.948416 -0.011069
v -0.134420 -0.953461 -0.016390
v -0.129796 -0.957885 -0.021203
v -0.124089 -0.961491 -0.025296
v -0.117518 -0.964139 -0.028511
v -0.110337 -0.965730 -0.030727
v -0.102819 -0.966224 -0.031880
v -0.138843 -0.946494 -0.007880
v -0.098767 -0.968958 -0.029132
v -0.136176 -0.952044 -0.012609
v -0.132121 -0.957289 -0.017188
v -0.126894 -0.961738 -0.021203
v -0.120695 -0.965221 -0.024497
v -0.113764 -0.967605 -0.026945
v -0.106366 -0.968796 -0.028453
v -0.137940 -0.946580 -0.012581
v -0.134682 -0.950490 -0.018838
v -0.130148 -0.953886 -0.024497
v -0.124518 -0.956618 -0.029310
v -0.118009 -0.958580 -0.033091
v -0.110869 -0.959698 -0.035696
v -0.103372 -0.959946 -0.037052
v -0.121118 -0.960427 -0.029310
v -0.127254 -0.957661 -0.025296
v -0.114234 -0.962277 -0.032293
v -0.106864 -0.963141 -0.034130
v -0.099279 -0.963154 -0.034958
v -0.138947 -0.945317 -0.009062
v -0.136371 -0.949837 -0.014824
v -0.132404 -0.954085 -0.020404
v -0.139788 -0.941881 -0.007088
v -0.138124 -0.944486 -0.013705
v -0.134981 -0.947100 -0.020657
v -0.130551 -0.949324 -0.026945
v -0.125009 -0.951059 -0.032293
v -0.118568 -0.952238 -0.036495
v -0.111476 -0.952816 -0.039389
v -0.104004 -0.952784 -0.040895
v -0.099880 -0.956331 -0.039535
v -0.136600 -0.947243 -0.016564
v -0.139069 -0.943933 -0.009990
v -0.132736 -0.950318 -0.022931
v -0.127676 -0.952867 -0.028511
v -0.121615 -0.954790 -0.033091
v -0.114786 -0.956014 -0.036495
v -0.107451 -0.956491 -0.038590
v -0.138325 -0.942214 -0.014397
v -0.135305 -0.943421 -0.021777
v -0.130987 -0.944374 -0.028453
v -0.125541 -0.945027 -0.034130
v -0.119175 -0.945356 -0.038590
v -0.112134 -0.945349 -0.041663
v -0.104689 -0.945012 -0.043262
v -0.115400 -0.949053 -0.039389
v -0.122168 -0.948526 -0.035696
v -0.108102 -0.949102 -0.041663
v -0.100549 -0.948748 -0.042688
v -0.139205 -0.942395 -0.010630
v -0.136854 -0.944360 -0.017763
v -0.133105 -0.946133 -0.024671
v -0.128146 -0.947539 -0.030727
v -0.138533 -0.939851 -0.014630
v -0.135643 -0.939596 -0.022155
v -0.131441 -0.939226 -0.028962
v -0.126094 -0.938754 -0.034750
v -0.119806 -0.938200 -0.039298
v -0.112819 -0.937583 -0.042431
v -0.105402 -0.936929 -0.044061
v -0.137124 -0.941299 -0.018374
v -0.139349 -0.940762 -0.010956
v -0.133497 -0.941690 -0.025558
v -0.128645 -0.941885 -0.031856
v -0.122754 -0.941876 -0.037024
v -0.116051 -0.941665 -0.040864
v -0.108794 -0.941258 -0.043229
v -0.101259 -0.940699 -0.044295
v -0.138742 -0.937488 -0.014397
v -0.135980 -0.935771 -0.021777
v -0.131895 -0.934078 -0.028453
v -0.126647 -0.932481 -0.034130
v -0.120437 -0.931043 -0.038590
v -0.113504 -0.929818 -0.041663
v -0.106115 -0.928847 -0.043262
v -0.116716 -0.934131 -0.040864
v -0.123352 -0.935096 -0.037024
v -0.109499 -0.933261 -0.043229
v -0.101983 -0.932492 -0.044295
v -0.139496 -0.939097 -0.010956
v -0.137399 -0.938179 -0.018374
v -0.133896 -0.937159 -0.025558
v -0.129153 -0.936118 -0.031856
v -0.138942 -0.935216 -0.013705
v -0.136304 -0.932092 -0.020657
v -0.132332 -0.929127 -0.026945
v -0.127179 -0.926449 -0.032293
v -0.121044 -0.924161 -0.036495
v -0.114162 -0.922351 -0.039389
v -0.106800 -0.921075 -0.040895
v -0.134288 -0.932716 -0.024671
v -0.137669 -0.935118 -0.017763
v -0.129652 -0.930463 -0.030727
v -0.123938 -0.928446 -0.035696
v -0.117367 -0.926742 -0.039389
v -0.110191 -0.925417 -0.041663
v -0.102692 -0.924443 -0.042688
v -0.139640 -0.937464 -0.010630
v -0.139127 -0.933122 -0.012581
v -0.136603 -0.928702 -0.018838
v -0.132734 -0.924565 -0.024497
v -0.127669 -0.920890 -0.029310
v -0.121603 -0.917819 -0.033091
v -0.114769 -0.915469 -0.035696
v -0.107432 -0.913912 -0.037052
v -0.110843 -0.918028 -0.038590
v -0.117981 -0.919782 -0.036495
v -0.103361 -0.916861 -0.039535
v -0.139775 -0.935926 -0.009990
v -0.137923 -0.932235 -0.016564
v -0.134657 -0.928531 -0.022931
v -0.130122 -0.925136 -0.028512
v -0.124491 -0.922182 -0.033091
v -0.139288 -0.931286 -0.011069
v -0.136865 -0.925731 -0.016390
v -0.133087 -0.920566 -0.021203
v -0.128099 -0.916018 -0.025296
v -0.122093 -0.912259 -0.028511
v -0.115301 -0.909437 -0.030727
v -0.107985 -0.907634 -0.031880
v -0.130544 -0.920342 -0.025296
v -0.134989 -0.924764 -0.020404
v -0.124988 -0.916545 -0.029310
v -0.118533 -0.913518 -0.032293
v -0.111429 -0.911378 -0.034130
v -0.103963 -0.910037 -0.034958
v -0.139897 -0.934541 -0.009062
v -0.138152 -0.929640 -0.014824
v -0.139421 -0.929780 -0.009226
v -0.137080 -0.923292 -0.013407
v -0.133376 -0.917284 -0.017188
v -0.128451 -0.912019 -0.020404
v -0.122496 -0.907697 -0.022931
v -0.115738 -0.904487 -0.024671
v -0.108440 -0.902482 -0.025577
v -0.104474 -0.904234 -0.029132
v -0.111928 -0.905723 -0.028453
v -0.140001 -0.933364 -0.007880
v -0.138347 -0.927434 -0.012608
v -0.135272 -0.921560 -0.017188
v -0.130904 -0.916265 -0.021203
v -0.125411 -0.911750 -0.024497
v -0.119003 -0.908191 -0.026945
v -0.139520 -0.928661 -0.007124
v -0.137240 -0.921480 -0.010004
v -0.133591 -0.914846 -0.012608
v -0.128713 -0.909047 -0.014824
v -0.122795 -0.904307 -0.016564
v -0.116062 -0.900808 -0.017763
v -0.108777 -0.898654 -0.018387
v -0.131186 -0.913061 -0.016390
v -0.135494 -0.919044 -0.013407
v -0.125743 -0.907984 -0.018838
v -0.119372 -0.904006 -0.020657
v -0.112320 -0.901280 -0.021777
v -0.104877 -0.899675 -0.022282
v -0.140083 -0.932439 -0.006490
v -0.138499 -0.925700 -0.010004
v -0.139581 -0.927971 -0.004843
v -0.137339 -0.920364 -0.006311
v -0.133724 -0.913344 -0.007639
v -0.128875 -0.907218 -0.008768
v -0.122979 -0.902220 -0.009655
v -0.116262 -0.898543 -0.010267
v -0.108985 -0.896296 -0.010585
v -0.105153 -0.896534 -0.014671
v -0.112589 -0.898219 -0.014360
v -0.140139 -0.931802 -0.004946
v -0.138605 -0.924506 -0.007110
v -0.135647 -0.917310 -0.009205
v -0.131381 -0.910855 -0.011042
v -0.125972 -0.905389 -0.012550
v -0.119627 -0.901123 -0.013670
v -0.105295 -0.894933 -0.006590
v -0.140395 -0.934999 -0.002471
v -0.109055 -0.895500 -0.002471
v -0.140386 -0.935094 -0.001496
v -0.105295 -0.894933 0.001649
v -0.140361 -0.935378 -0.000559
v -0.140321 -0.935838 0.000305
v -0.140266 -0.936457 0.001063
v -0.140200 -0.937211 0.001684
v -0.140124 -0.938072 0.002146
v -0.140041 -0.939005 0.002430
v -0.139956 -0.939977 0.002526
v -0.139870 -0.940948 0.002430
v -0.139788 -0.941881 0.002146
v -0.139712 -0.942742 0.001684
v -0.139645 -0.943496 0.001063
v -0.139591 -0.944115 0.000305
v -0.139550 -0.944575 -0.000558
v -0.139525 -0.944859 -0.001496
v -0.139517 -0.944954 -0.002471
v -0.139525 -0.944859 -0.003446
v -0.139550 -0.944575 -0.004383
v -0.139591 -0.944115 -0.005247
v -0.139645 -0.943496 -0.006004
v -0.139712 -0.942742 -0.006626
v -0.139870 -0.940948 -0.007372
v -0.139956 -0.939976 -0.007468
v -0.140041 -0.939005 -0.007372
v -0.140124 -0.938072 -0.007088
v -0.140200 -0.937211 -0.006626
v -0.140266 -0.936457 -0.006004
v -0.140321 -0.935838 -0.005247
v -0.140361 -0.935378 -0.004383
v -0.140386 -0.935094 -0.003446
v -0.126088 -0.904066 -0.005874
v -0.131480 -0.909730 -0.005365
v -0.119756 -0.899653 -0.006252
v -0.112727 -0.896659 -0.006485
v -0.140168 -0.931477 -0.003307
v -0.138658 -0.923897 -0.004037
v -0.135725 -0.916426 -0.004745
v -0.133757 -0.912964 0.000126
v -0.128916 -0.906755 0.000693
v -0.123025 -0.901692 0.001139
v -0.116312 -0.897970 0.001446
v -0.109038 -0.895700 0.001606
v -0.140378 -0.934267 -0.001907
v -0.139596 -0.927787 -0.001278
v -0.137364 -0.920082 -0.000541
v -0.137297 -0.920832 0.003243
v -0.133668 -0.913974 0.005219
v -0.128807 -0.907984 0.006899
v -0.122902 -0.903095 0.008219
v -0.116178 -0.899493 0.009129
v -0.108898 -0.897284 0.009602
v -0.140358 -0.934486 -0.000801
v -0.139555 -0.928251 0.001062
v -0.115915 -0.902478 0.016366
v -0.108624 -0.900392 0.017135
v -0.140321 -0.934916 0.000241
v -0.139475 -0.929160 0.003266
v -0.137168 -0.922303 0.006808
v -0.133493 -0.915953 0.010017
v -0.128594 -0.910397 0.012745
v -0.122659 -0.905847 0.014889
v -0.133240 -0.918827 0.014335
v -0.128286 -0.913899 0.018007
v -0.122307 -0.909842 0.020892
v -0.115532 -0.906814 0.022879
v -0.108226 -0.904904 0.023914
v -0.140266 -0.935540 0.001178
v -0.139359 -0.930480 0.005249
v -0.136979 -0.924439 0.010017
v -0.107720 -0.910647 0.029679
v -0.140195 -0.936334 0.001976
v -0.139211 -0.932161 0.006936
v -0.136740 -0.927157 0.012745
v -0.132917 -0.922485 0.018007
v -0.127893 -0.918356 0.022481
v -0.121858 -0.914927 0.025997
v -0.115046 -0.912331 0.028418
v -0.132538 -0.926786 0.020892
v -0.127430 -0.923597 0.025997
v -0.121331 -0.920907 0.030008
v -0.114474 -0.918819 0.032770
v -0.107124 -0.917400 0.034208
v -0.140113 -0.937268 0.002602
v -0.139036 -0.934137 0.008261
v -0.136458 -0.930353 0.014889
v -0.106462 -0.924903 0.037328
v -0.140022 -0.938306 0.003034
v -0.138843 -0.936332 0.009174
v -0.136145 -0.933904 0.016366
v -0.132117 -0.931566 0.022879
v -0.126917 -0.929420 0.028418
v -0.120745 -0.927551 0.032770
v -0.113838 -0.926029 0.035768
v -0.126372 -0.935602 0.029653
v -0.120123 -0.934604 0.034179
v -0.113163 -0.933682 0.037296
v -0.105760 -0.932869 0.038919
v -0.139924 -0.939408 0.003254
v -0.138637 -0.938663 0.009640
v -0.135812 -0.937674 0.017119
v -0.131669 -0.936639 0.023892
v -0.138428 -0.941039 0.009640
v -0.135473 -0.941518 0.017119
v -0.131213 -0.941812 0.023892
v -0.125816 -0.941906 0.029653
v -0.119489 -0.941795 0.034179
v -0.112475 -0.941485 0.037296
v -0.105044 -0.940990 0.038919
v -0.139825 -0.940531 0.003254
v -0.118867 -0.948849 0.032770
v -0.111800 -0.949138 0.035768
v -0.104341 -0.948956 0.037328
v -0.139728 -0.941633 0.003034
v -0.138222 -0.943370 0.009174
v -0.135141 -0.945288 0.016366
v -0.130766 -0.946886 0.022879
v -0.125271 -0.948088 0.028418
v -0.138028 -0.945565 0.008261
v -0.134828 -0.948839 0.014889
v -0.130344 -0.951665 0.020892
v -0.124757 -0.953911 0.025997
v -0.118281 -0.955492 0.030008
v -0.111164 -0.956347 0.032770
v -0.103680 -0.956459 0.034208
v -0.139637 -0.942670 0.002602
v -0.117754 -0.961472 0.025997
v -0.110592 -0.962836 0.028418
v -0.103084 -0.963212 0.029679
v -0.139554 -0.943604 0.001976
v -0.137854 -0.947541 0.006936
v -0.134546 -0.952035 0.012745
v -0.129965 -0.955966 0.018007
v -0.124295 -0.959152 0.022481
v -0.134306 -0.954754 0.010017
v -0.129642 -0.959624 0.014335
v -0.123902 -0.963610 0.018007
v -0.117305 -0.966557 0.020892
v -0.110106 -0.968353 0.022879
v -0.102578 -0.968955 0.023914
v -0.139484 -0.944399 0.001178
v -0.137706 -0.949221 0.005249
v -0.109723 -0.972688 0.016366
v -0.102180 -0.973467 0.017135
v -0.139429 -0.945023 0.000241
v -0.137590 -0.950542 0.003266
v -0.134118 -0.956889 0.006808
v -0.129389 -0.962498 0.010017
v -0.123593 -0.967111 0.012745
v -0.116953 -0.970552 0.014889
v -0.133988 -0.958360 0.003243
v -0.129214 -0.964478 0.005219
v -0.123380 -0.969524 0.006899
v -0.116710 -0.973305 0.008219
v -0.109460 -0.975674 0.009129
v -0.101906 -0.976575 0.009602
v -0.139391 -0.945452 -0.000801
v -0.137509 -0.951451 0.001062
v -0.109326 -0.977197 0.001446
v -0.101766 -0.978159 0.001606
v -0.139372 -0.945672 -0.001907
v -0.137469 -0.951914 -0.001278
v -0.133922 -0.959110 -0.000541
v -0.129125 -0.965487 0.000126
v -0.123272 -0.970753 0.000693
v -0.116586 -0.974707 0.001139
v -0.129125 -0.965487 -0.005067
v -0.123272 -0.970753 -0.005635
v -0.116586 -0.974708 -0.006081
v -0.109326 -0.977197 -0.006388
v -0.101766 -0.978159 -0.006547
v -0.139372 -0.945672 -0.003035
v -0.137469 -0.951914 -0.003664
v -0.133922 -0.959110 -0.004400
v -0.101906 -0.976575 -0.014544
v -0.139391 -0.945452 -0.004141
v -0.137509 -0.951451 -0.006004
v -0.133988 -0.958360 -0.008185
v -0.129214 -0.964478 -0.010161
v -0.123380 -0.969524 -0.011841
v -0.116710 -0.973305 -0.013161
v -0.109460 -0.975674 -0.014071
v -0.123593 -0.967111 -0.017687
v -0.116953 -0.970552 -0.019831
v -0.109723 -0.972688 -0.021308
v -0.102180 -0.973467 -0.022076
v -0.139429 -0.945023 -0.005182
v -0.137590 -0.950541 -0.008207
v -0.134118 -0.956889 -0.011750
v -0.129389 -0.962498 -0.014958
v -0.139484 -0.944399 -0.006120
v -0.137706 -0.949221 -0.010191
v -0.134306 -0.954754 -0.014959
v -0.129642 -0.959624 -0.019276
v -0.123902 -0.963610 -0.022948
v -0.117305 -0.966557 -0.025834
v -0.110106 -0.968353 -0.027821
v -0.102578 -0.968955 -0.028855
v -0.124295 -0.959152 -0.027423
v -0.117754 -0.961472 -0.030938
v -0.110592 -0.962836 -0.033360
v -0.103084 -0.963212 -0.034621
v -0.139554 -0.943604 -0.006917
v -0.137854 -0.947541 -0.011878
v -0.134546 -0.952035 -0.017687
v -0.129965 -0.955966 -0.022948
v -0.138028 -0.945565 -0.013203
v -0.134828 -0.948839 -0.019831
v -0.130344 -0.951665 -0.025834
v -0.124757 -0.953911 -0.030938
v -0.118281 -0.955492 -0.034949
v -0.111164 -0.956347 -0.037712
v -0.103680 -0.956459 -0.039150
v -0.139637 -0.942670 -0.007544
v -0.118867 -0.948849 -0.037712
v -0.111800 -0.949138 -0.040710
v -0.104341 -0.948956 -0.042270
v -0.139728 -0.941633 -0.007975
v -0.138222 -0.943370 -0.014116
v -0.135141 -0.945288 -0.021308
v -0.130766 -0.946886 -0.027821
v -0.125271 -0.948088 -0.033360
v -0.138428 -0.941039 -0.014581
v -0.135473 -0.941518 -0.022060
v -0.131213 -0.941812 -0.028834
v -0.125816 -0.941906 -0.034595
v -0.119489 -0.941795 -0.039120
v -0.112475 -0.941485 -0.042238
v -0.105044 -0.940990 -0.043861
v -0.139825 -0.940531 -0.008195
v -0.120123 -0.934604 -0.039120
v -0.113163 -0.933682 -0.042238
v -0.105760 -0.932869 -0.043861
v -0.139924 -0.939408 -0.008195
v -0.138637 -0.938663 -0.014581
v -0.135812 -0.937674 -0.022061
v -0.131669 -0.936639 -0.028834
v -0.126372 -0.935602 -0.034594
v -0.136145 -0.933904 -0.021308
v -0.132117 -0.931566 -0.027821
v -0.126917 -0.929420 -0.033360
v -0.120745 -0.927551 -0.037712
v -0.113838 -0.926029 -0.040710
v -0.106462 -0.924903 -0.042270
v -0.140022 -0.938306 -0.007975
v -0.138843 -0.936332 -0.014116
v -0.114474 -0.918819 -0.037712
v -0.107124 -0.917400 -0.039150
v -0.140113 -0.937268 -0.007544
v -0.139036 -0.934137 -0.013203
v -0.136458 -0.930353 -0.019831
v -0.132538 -0.926786 -0.025834
v -0.127430 -0.923597 -0.030938
v -0.121331 -0.920907 -0.034949
v -0.132917 -0.922485 -0.022948
v -0.127893 -0.918356 -0.027423
v -0.121858 -0.914927 -0.030938
v -0.115046 -0.912331 -0.033360
v -0.107720 -0.910647 -0.034621
v -0.140195 -0.936334 -0.006917
v -0.139211 -0.932161 -0.011878
v -0.136740 -0.927157 -0.017687
v -0.108226 -0.904904 -0.028855
v -0.140266 -0.935540 -0.006120
v -0.139359 -0.930480 -0.010191
v -0.136979 -0.924439 -0.014958
v -0.133240 -0.918827 -0.019276
v -0.128286 -0.913899 -0.022948
v -0.122307 -0.909842 -0.025834
v -0.115532 -0.906814 -0.027821
v -0.133493 -0.915953 -0.014959
v -0.128594 -0.910397 -0.017687
v -0.122659 -0.905847 -0.019831
v -0.115915 -0.902479 -0.021308
v -0.108624 -0.900392 -0.022076
v -0.140321 -0.934916 -0.005182
v -0.139475 -0.929160 -0.008207
v -0.137168 -0.922303 -0.011750
v -0.108898 -0.897284 -0.014544
v -0.140358 -0.934486 -0.004141
v -0.139555 -0.928251 -0.006003
v -0.137297 -0.920832 -0.008185
v -0.133668 -0.913974 -0.010161
v -0.128807 -0.907984 -0.011841
v -0.122902 -0.903095 -0.013161
v -0.116178 -0.899493 -0.014071
v -0.128916 -0.906755 -0.005635
v -0.123025 -0.901692 -0.006081
v -0.116312 -0.897970 -0.006388
v -0.109038 -0.895700 -0.006547
v -0.140378 -0.934267 -0.003035
v -0.139596 -0.927787 -0.003664
v -0.137364 -0.920082 -0.004400
v -0.133757 -0.912964 -0.005067
v 0.107833 -0.391797 0.002471
v 0.106327 -0.384105 0.002471
v 0.103396 -0.376599 0.002471
v 0.099154 -0.369872 0.002471
v 0.093765 -0.364184 0.002471
v 0.087434 -0.359752 0.002471
v 0.080406 -0.356746 0.002471
v 0.107819 -0.391959 0.000823
v 0.106300 -0.384410 -0.000646
v 0.103357 -0.377043 -0.002055
v 0.099105 -0.370438 -0.003289
v 0.093706 -0.364848 -0.004302
v 0.087369 -0.360490 -0.005055
v 0.080337 -0.357530 -0.005519
v 0.072903 -0.355820 -0.005728
v 0.107776 -0.392438 -0.000762
v 0.106220 -0.385316 -0.003644
v 0.103241 -0.378358 -0.006407
v 0.098957 -0.372111 -0.008829
v 0.093533 -0.366817 -0.010816
v 0.087176 -0.362677 -0.012293
v 0.080132 -0.359852 -0.013202
v 0.072693 -0.358202 -0.013612
v 0.107708 -0.393216 -0.002223
v 0.106090 -0.386787 -0.006407
v 0.103053 -0.380493 -0.010418
v 0.098717 -0.374829 -0.013933
v 0.093251 -0.370013 -0.016819
v 0.086863 -0.366228 -0.018962
v 0.079800 -0.363622 -0.020283
v 0.072352 -0.362071 -0.020878
v 0.107616 -0.394263 -0.003503
v 0.105916 -0.388767 -0.008829
v 0.102799 -0.383367 -0.013933
v 0.098395 -0.378487 -0.018408
v 0.092871 -0.374314 -0.022080
v 0.086442 -0.371008 -0.024809
v 0.079352 -0.368696 -0.026489
v 0.071893 -0.367277 -0.027247
v 0.107503 -0.395538 -0.004554
v 0.105703 -0.391179 -0.010816
v 0.102490 -0.386869 -0.016819
v 0.098002 -0.382944 -0.022080
v 0.092409 -0.379555 -0.026398
v 0.085928 -0.376831 -0.029606
v 0.078807 -0.374878 -0.031582
v 0.071333 -0.373621 -0.032473
v 0.107375 -0.396993 -0.005335
v 0.105460 -0.393931 -0.012293
v 0.102138 -0.390865 -0.018962
v 0.097553 -0.388030 -0.024809
v 0.091882 -0.385535 -0.029606
v 0.085342 -0.383475 -0.033172
v 0.078185 -0.381931 -0.035367
v 0.070695 -0.380859 -0.036357
v 0.107236 -0.398572 -0.005816
v 0.105197 -0.396917 -0.013202
v 0.101756 -0.395200 -0.020283
v 0.097067 -0.393547 -0.026489
v 0.091310 -0.392022 -0.031582
v 0.084706 -0.390684 -0.035367
v 0.077510 -0.389585 -0.037698
v 0.070003 -0.388713 -0.038749
v 0.107091 -0.400214 -0.005978
v 0.104923 -0.400023 -0.013509
v 0.101358 -0.399709 -0.020728
v 0.096561 -0.399285 -0.027056
v 0.090715 -0.398770 -0.032249
v 0.084045 -0.398182 -0.036108
v 0.076808 -0.397544 -0.038484
v 0.069282 -0.396880 -0.039556
v 0.106946 -0.401856 -0.005816
v 0.104649 -0.403128 -0.013202
v 0.100961 -0.404217 -0.020283
v 0.096055 -0.405024 -0.026489
v 0.090120 -0.405518 -0.031582
v 0.083384 -0.405679 -0.035367
v 0.076107 -0.405503 -0.037698
v 0.068562 -0.405047 -0.038748
v 0.106807 -0.403435 -0.005335
v 0.104386 -0.406115 -0.012293
v 0.100578 -0.408552 -0.018962
v 0.095568 -0.410542 -0.024809
v 0.089548 -0.412006 -0.029606
v 0.082748 -0.412888 -0.033172
v 0.075432 -0.413156 -0.035367
v 0.067870 -0.412901 -0.036357
v 0.106678 -0.404890 -0.004554
v 0.104143 -0.408867 -0.010816
v 0.100226 -0.412548 -0.016819
v 0.095120 -0.415627 -0.022080
v 0.089020 -0.417985 -0.026398
v 0.082163 -0.419533 -0.029606
v 0.074810 -0.420209 -0.031582
v 0.067231 -0.420139 -0.032473
v 0.106566 -0.406166 -0.003504
v 0.103931 -0.411279 -0.008828
v 0.099917 -0.416050 -0.013933
v 0.094727 -0.420084 -0.018408
v 0.088558 -0.423226 -0.022080
v 0.081649 -0.425356 -0.024809
v 0.074265 -0.426392 -0.026489
v 0.066672 -0.426483 -0.027247
v 0.106474 -0.407212 -0.002223
v 0.103756 -0.413259 -0.006407
v 0.099664 -0.418924 -0.010418
v 0.094404 -0.423742 -0.013933
v 0.088179 -0.427527 -0.016818
v 0.081228 -0.430135 -0.018962
v 0.073817 -0.431465 -0.020283
v 0.066213 -0.431689 -0.020878
v 0.106405 -0.407990 -0.000762
v 0.103626 -0.414730 -0.003644
v 0.099475 -0.421059 -0.006407
v 0.094164 -0.426460 -0.008828
v 0.087897 -0.430724 -0.010816
v 0.080914 -0.433687 -0.012293
v 0.073485 -0.435235 -0.013202
v 0.065872 -0.435558 -0.013612
v 0.106363 -0.408469 0.000823
v 0.103546 -0.415635 -0.000646
v 0.099360 -0.422374 -0.002055
v 0.094017 -0.428134 -0.003289
v 0.087723 -0.432692 -0.004302
v 0.080722 -0.435874 -0.005055
v 0.073280 -0.437557 -0.005519
v 0.065662 -0.437940 -0.005728
v 0.106349 -0.408631 0.002471
v 0.103519 -0.415941 0.002471
v 0.099320 -0.422818 0.002471
v 0.093967 -0.428699 0.002471
v 0.087665 -0.433356 0.002471
v 0.080656 -0.436612 0.002471
v 0.073211 -0.438341 0.002471
v 0.065591 -0.438745 0.002471
v 0.106363 -0.408469 0.004119
v 0.103546 -0.415635 0.005589
v 0.099360 -0.422374 0.006997
v 0.094017 -0.428134 0.008232
v 0.087724 -0.432692 0.009245
v 0.080722 -0.435874 0.009998
v 0.073280 -0.437557 0.010461
v 0.065662 -0.437940 0.010670
v 0.106405 -0.407990 0.005704
v 0.103626 -0.414730 0.008586
v 0.099475 -0.421059 0.011349
v 0.094164 -0.426460 0.013771
v 0.087897 -0.430724 0.015758
v 0.080914 -0.433687 0.017235
v 0.073485 -0.435235 0.018144
v 0.065872 -0.435558 0.018554
v 0.106474 -0.407212 0.007165
v 0.103756 -0.413259 0.011349
v 0.099664 -0.418924 0.015360
v 0.094404 -0.423742 0.018876
v 0.088179 -0.427527 0.021761
v 0.081228 -0.430135 0.023905
v 0.073817 -0.431465 0.025225
v 0.066213 -0.431689 0.025820
v 0.106566 -0.406165 0.008446
v 0.103931 -0.411279 0.013771
v 0.099917 -0.416050 0.018876
v 0.094727 -0.420084 0.023350
v 0.088558 -0.423226 0.027022
v 0.081649 -0.425356 0.029751
v 0.074265 -0.426392 0.031431
v 0.066672 -0.426483 0.032189
v 0.106678 -0.404890 0.009496
v 0.104143 -0.408867 0.015758
v 0.100226 -0.412548 0.021761
v 0.095120 -0.415627 0.027022
v 0.089020 -0.417985 0.031340
v 0.082163 -0.419533 0.034549
v 0.074810 -0.420209 0.036524
v 0.067231 -0.420139 0.037415
v 0.108014 -0.400296 0.002471
v 0.106807 -0.403435 0.010277
v 0.104386 -0.406115 0.017235
v 0.100578 -0.408552 0.023905
v 0.095568 -0.410541 0.029751
v 0.089548 -0.412006 0.034549
v 0.082748 -0.412888 0.038114
v 0.075432 -0.413156 0.040309
v 0.067870 -0.412901 0.041299
v 0.106946 -0.401856 0.010758
v 0.104649 -0.403128 0.018144
v 0.100961 -0.404217 0.025225
v 0.096055 -0.405024 0.031431
v 0.090120 -0.405517 0.036524
v 0.083384 -0.405679 0.040309
v 0.076107 -0.405503 0.042640
v 0.068562 -0.405047 0.043691
v 0.107091 -0.400214 0.010920
v 0.104923 -0.400023 0.018451
v 0.101358 -0.399709 0.025671
v 0.096561 -0.399286 0.031998
v 0.090715 -0.398770 0.037192
v 0.084045 -0.398182 0.041050
v 0.076808 -0.397544 0.043427
v 0.069282 -0.396880 0.044498
v 0.107236 -0.398572 0.010758
v 0.105197 -0.396917 0.018144
v 0.101756 -0.395200 0.025225
v 0.097067 -0.393547 0.031431
v 0.091310 -0.392023 0.036524
v 0.084706 -0.390684 0.040309
v 0.077510 -0.389585 0.042640
v 0.070003 -0.388713 0.043691
v 0.107375 -0.396993 0.010277
v 0.105460 -0.393931 0.017235
v 0.102138 -0.390865 0.023905
v 0.097553 -0.388030 0.029751
v 0.091882 -0.385534 0.034549
v 0.085342 -0.383475 0.038114
v 0.078185 -0.381931 0.040309
v 0.070695 -0.380859 0.041299
v 0.107503 -0.395538 0.009496
v 0.105703 -0.391179 0.015758
v 0.102490 -0.386869 0.021761
v 0.098002 -0.382944 0.027022
v 0.092409 -0.379555 0.031340
v 0.085928 -0.376831 0.034549
v 0.078807 -0.374878 0.036524
v 0.071333 -0.373621 0.037415
v 0.107616 -0.394263 0.008446
v 0.105916 -0.388767 0.013771
v 0.102799 -0.383367 0.018876
v 0.098395 -0.378487 0.023350
v 0.092871 -0.374314 0.027022
v 0.086442 -0.371008 0.029751
v 0.079352 -0.368696 0.031431
v 0.071893 -0.367277 0.032189
v 0.107708 -0.393216 0.007165
v 0.106090 -0.386787 0.011349
v 0.103053 -0.380493 0.015360
v 0.098717 -0.374829 0.018876
v 0.093251 -0.370013 0.021761
v 0.086863 -0.366228 0.023905
v 0.079800 -0.363622 0.025225
v 0.072352 -0.362071 0.025820
v 0.107776 -0.392438 0.005704
v 0.106220 -0.385316 0.008586
v 0.103241 -0.378358 0.011349
v 0.098957 -0.372111 0.013771
v 0.093533 -0.366817 0.015758
v 0.087176 -0.362677 0.017235
v 0.080132 -0.359852 0.018144
v 0.072693 -0.358202 0.018554
v 0.107819 -0.391959 0.004119
v 0.106300 -0.384410 0.005589
v 0.103357 -0.377043 0.006997
v 0.099105 -0.370438 0.008232
v 0.093706 -0.364848 0.009245
v 0.087369 -0.360490 0.009998
v 0.080337 -0.357530 0.010461
v 0.072903 -0.355820 0.010670
v 0.072974 -0.355015 0.002471
v 0.126150 0.498231 -0.785855
v 0.123974 0.505761 -0.785855
v 0.120396 0.512981 -0.785855
v 0.115579 0.519309 -0.785854
v 0.109711 0.524502 -0.785855
v 0.103015 0.528361 -0.785855
v 0.095750 0.530737 -0.785855
v 0.126150 0.498068 -0.787573
v 0.123974 0.505454 -0.789104
v 0.120396 0.512535 -0.790572
v 0.115579 0.518741 -0.791859
v 0.109711 0.523835 -0.792914
v 0.103015 0.527619 -0.793699
v 0.095750 0.529950 -0.794182
v 0.088195 0.531001 -0.794400
v 0.126150 0.497587 -0.789225
v 0.123974 0.504545 -0.792228
v 0.120396 0.511215 -0.795108
v 0.115579 0.517061 -0.797632
v 0.109711 0.521859 -0.799703
v 0.103015 0.525424 -0.801242
v 0.095750 0.527619 -0.802190
v 0.088195 0.528609 -0.802617
v 0.126150 0.496807 -0.790747
v 0.123974 0.503068 -0.795108
v 0.120396 0.509071 -0.799288
v 0.115579 0.514332 -0.802952
v 0.109711 0.518650 -0.805960
v 0.103015 0.521859 -0.808194
v 0.095750 0.523835 -0.809570
v 0.088195 0.524726 -0.810191
v 0.126150 0.495756 -0.792082
v 0.123974 0.501081 -0.797632
v 0.120396 0.506186 -0.802952
v 0.115579 0.510660 -0.807616
v 0.109711 0.514332 -0.811443
v 0.103015 0.517061 -0.814287
v 0.095750 0.518741 -0.816038
v 0.088195 0.519499 -0.816828
v 0.126150 0.494475 -0.793177
v 0.123974 0.498659 -0.799703
v 0.120395 0.502670 -0.805960
v 0.115579 0.506186 -0.811443
v 0.109711 0.509071 -0.815944
v 0.103015 0.511215 -0.819288
v 0.095750 0.512535 -0.821347
v 0.088195 0.513130 -0.822276
v 0.126150 0.493015 -0.793991
v 0.123974 0.495897 -0.801242
v 0.120395 0.498659 -0.808194
v 0.115579 0.501081 -0.814287
v 0.109711 0.503068 -0.819288
v 0.103015 0.504545 -0.823004
v 0.095750 0.505454 -0.825292
v 0.088195 0.505864 -0.826324
v 0.126150 0.491430 -0.794492
v 0.123974 0.492899 -0.802190
v 0.120395 0.494307 -0.809570
v 0.115579 0.495542 -0.816039
v 0.109711 0.496555 -0.821347
v 0.103015 0.497308 -0.825292
v 0.095750 0.497771 -0.827721
v 0.088195 0.497980 -0.828816
v 0.126150 0.489781 -0.794661
v 0.123974 0.489781 -0.802510
v 0.120395 0.489781 -0.810035
v 0.115579 0.489781 -0.816630
v 0.109711 0.489781 -0.822043
v 0.103015 0.489781 -0.826064
v 0.095750 0.489781 -0.828541
v 0.088195 0.489781 -0.829658
v 0.126150 0.488133 -0.794492
v 0.123974 0.486664 -0.802190
v 0.120395 0.485255 -0.809570
v 0.115579 0.484021 -0.816039
v 0.109711 0.483008 -0.821347
v 0.103015 0.482255 -0.825292
v 0.095750 0.481791 -0.827721
v 0.088195 0.481582 -0.828816
v 0.126150 0.486548 -0.793991
v 0.123974 0.483666 -0.801242
v 0.120395 0.480903 -0.808194
v 0.115579 0.478482 -0.814287
v 0.109711 0.476494 -0.819288
v 0.103015 0.475018 -0.823004
v 0.095750 0.474108 -0.825292
v 0.088195 0.473698 -0.826324
v 0.126150 0.485087 -0.793177
v 0.123974 0.480903 -0.799703
v 0.120395 0.476892 -0.805960
v 0.115579 0.473377 -0.811443
v 0.109711 0.470492 -0.815944
v 0.103015 0.468348 -0.819288
v 0.095750 0.467028 -0.821347
v 0.088195 0.466432 -0.822276
v 0.126150 0.483807 -0.792082
v 0.123974 0.478482 -0.797632
v 0.120395 0.473377 -0.802952
v 0.115579 0.468902 -0.807616
v 0.109711 0.465230 -0.811443
v 0.103015 0.462502 -0.814287
v 0.095750 0.460821 -0.816039
v 0.088195 0.460064 -0.816828
v 0.126150 0.482756 -0.790747
v 0.123974 0.476494 -0.795108
v 0.120395 0.470492 -0.799288
v 0.115579 0.465230 -0.802952
v 0.109711 0.460912 -0.805960
v 0.103015 0.457704 -0.808194
v 0.095750 0.455728 -0.809570
v 0.088195 0.454837 -0.810191
v 0.126150 0.481975 -0.789225
v 0.123974 0.475018 -0.792228
v 0.120395 0.468348 -0.795108
v 0.115579 0.462502 -0.797632
v 0.109711 0.457704 -0.799703
v 0.103015 0.454139 -0.801242
v 0.095750 0.451943 -0.802190
v 0.088195 0.450953 -0.802617
v 0.126150 0.481494 -0.787573
v 0.123974 0.474108 -0.789104
v 0.120395 0.467028 -0.790572
v 0.115579 0.460821 -0.791859
v 0.109711 0.455728 -0.792914
v 0.103015 0.451943 -0.793699
v 0.095750 0.449613 -0.794182
v 0.088195 0.448562 -0.794400
v 0.126150 0.481332 -0.785855
v 0.123974 0.473801 -0.785855
v 0.120395 0.466582 -0.785855
v 0.115579 0.460254 -0.785855
v 0.109711 0.455061 -0.785855
v 0.103015 0.451202 -0.785855
v 0.095750 0.448826 -0.785855
v 0.088195 0.447754 -0.785855
v 0.126150 0.481494 -0.784137
v 0.123974 0.474108 -0.782605
v 0.120395 0.467028 -0.781137
v 0.115579 0.460821 -0.779851
v 0.109711 0.455728 -0.778795
v 0.103015 0.451943 -0.778010
v 0.095750 0.449613 -0.777527
v 0.088195 0.448562 -0.777309
v 0.126150 0.481975 -0.782484
v 0.123974 0.475018 -0.779481
v 0.120395 0.468348 -0.776601
v 0.115579 0.462502 -0.774077
v 0.109711 0.457704 -0.772006
v 0.103015 0.454139 -0.770467
v 0.095750 0.451943 -0.769519
v 0.088195 0.450953 -0.769092
v 0.126150 0.482756 -0.780962
v 0.123974 0.476494 -0.776601
v 0.120395 0.470492 -0.772421
v 0.115579 0.465230 -0.768757
v 0.109711 0.460912 -0.765750
v 0.103015 0.457704 -0.763515
v 0.095750 0.455728 -0.762139
v 0.088195 0.454837 -0.761519
v 0.126150 0.483807 -0.779628
v 0.123974 0.478482 -0.774077
v 0.120396 0.473377 -0.768757
v 0.115579 0.468902 -0.764093
v 0.109711 0.465230 -0.760266
v 0.103015 0.462502 -0.757422
v 0.095750 0.460821 -0.755671
v 0.088195 0.460064 -0.754881
v 0.126150 0.485087 -0.778533
v 0.123974 0.480903 -0.772006
v 0.120396 0.476892 -0.765750
v 0.115579 0.473377 -0.760266
v 0.109711 0.470492 -0.755765
v 0.103015 0.468348 -0.752421
v 0.095750 0.467028 -0.750362
v 0.088195 0.466432 -0.749433
v 0.127077 0.489781 -0.785854
v 0.126150 0.486548 -0.777719
v 0.123974 0.483666 -0.770467
v 0.120396 0.480903 -0.763515
v 0.115579 0.478482 -0.757422
v 0.109711 0.476494 -0.752422
v 0.103015 0.475018 -0.748706
v 0.095750 0.474108 -0.746417
v 0.088195 0.473698 -0.745386
v 0.126150 0.488133 -0.777217
v 0.123974 0.486664 -0.769519
v 0.120396 0.485255 -0.762139
v 0.115579 0.484021 -0.755671
v 0.109711 0.483008 -0.750362
v 0.103015 0.482255 -0.746417
v 0.095750 0.481791 -0.743988
v 0.088195 0.481582 -0.742893
v 0.126150 0.489781 -0.777048
v 0.123974 0.489781 -0.769199
v 0.120395 0.489781 -0.761675
v 0.115579 0.489781 -0.755079
v 0.109711 0.489781 -0.749667
v 0.103015 0.489781 -0.745645
v 0.095750 0.489781 -0.743168
v 0.088195 0.489781 -0.742051
v 0.126150 0.491430 -0.777218
v 0.123974 0.492899 -0.769519
v 0.120396 0.494307 -0.762139
v 0.115579 0.495542 -0.755671
v 0.109711 0.496555 -0.750362
v 0.103015 0.497308 -0.746417
v 0.095750 0.497771 -0.743988
v 0.088195 0.497980 -0.742893
v 0.126150 0.493015 -0.777719
v 0.123974 0.495897 -0.770467
v 0.120396 0.498659 -0.763515
v 0.115579 0.501081 -0.757422
v 0.109711 0.503068 -0.752422
v 0.103015 0.504545 -0.748706
v 0.095750 0.505454 -0.746417
v 0.088195 0.505864 -0.745386
v 0.126150 0.494475 -0.778533
v 0.123974 0.498659 -0.772006
v 0.120396 0.502670 -0.765750
v 0.115579 0.506186 -0.760266
v 0.109711 0.509071 -0.755766
v 0.103015 0.511215 -0.752422
v 0.095750 0.512535 -0.750362
v 0.088195 0.513130 -0.749434
v 0.126150 0.495756 -0.779628
v 0.123974 0.501081 -0.774078
v 0.120396 0.506186 -0.768757
v 0.115579 0.510660 -0.764093
v 0.109711 0.514332 -0.760266
v 0.103015 0.517061 -0.757422
v 0.095750 0.518741 -0.755671
v 0.088195 0.519499 -0.754881
v 0.126150 0.496807 -0.780962
v 0.123974 0.503068 -0.776601
v 0.120396 0.509071 -0.772421
v 0.115579 0.514332 -0.768757
v 0.109711 0.518650 -0.765750
v 0.103015 0.521859 -0.763515
v 0.095750 0.523835 -0.762139
v 0.088195 0.524726 -0.761519
v 0.126150 0.497587 -0.782485
v 0.123974 0.504545 -0.779481
v 0.120396 0.511215 -0.776601
v 0.115579 0.517061 -0.774077
v 0.109711 0.521859 -0.772006
v 0.103015 0.525424 -0.770467
v 0.095750 0.527619 -0.769519
v 0.088195 0.528609 -0.769092
v 0.126150 0.498068 -0.784137
v 0.123974 0.505454 -0.782605
v 0.120396 0.512535 -0.781137
v 0.115579 0.518741 -0.779851
v 0.109711 0.523835 -0.778795
v 0.103015 0.527619 -0.778010
v 0.095750 0.529950 -0.777527
v 0.088195 0.531001 -0.777309
v 0.088195 0.531808 -0.785855
v 0.126151 0.498231 0.785855
v 0.123974 0.505762 0.785855
v 0.120396 0.512981 0.785855
v 0.115580 0.519309 0.785854
v 0.109711 0.524502 0.785855
v 0.103016 0.528361 0.785855
v 0.095751 0.530737 0.785855
v 0.126151 0.498068 0.787573
v 0.123974 0.505454 0.789104
v 0.120396 0.512535 0.790572
v 0.115580 0.518741 0.791859
v 0.109711 0.523835 0.792914
v 0.103016 0.527620 0.793699
v 0.095751 0.529950 0.794182
v 0.088195 0.531001 0.794400
v 0.126151 0.497588 0.789225
v 0.123974 0.504545 0.792228
v 0.120396 0.511215 0.795108
v 0.115580 0.517061 0.797632
v 0.109711 0.521859 0.799703
v 0.103016 0.525424 0.801242
v 0.095751 0.527620 0.802190
v 0.088195 0.528610 0.802617
v 0.126151 0.496807 0.790747
v 0.123974 0.503068 0.795108
v 0.120396 0.509071 0.799288
v 0.115580 0.514333 0.802952
v 0.109711 0.518651 0.805960
v 0.103016 0.521859 0.808194
v 0.095751 0.523835 0.809570
v 0.088195 0.524726 0.810190
v 0.126151 0.495756 0.792082
v 0.123974 0.501081 0.797632
v 0.120396 0.506186 0.802952
v 0.115580 0.510661 0.807616
v 0.109711 0.514333 0.811443
v 0.103016 0.517061 0.814287
v 0.095751 0.518741 0.816038
v 0.088195 0.519499 0.816828
v 0.126151 0.494476 0.793177
v 0.123974 0.498660 0.799703
v 0.120396 0.502670 0.805959
v 0.115580 0.506186 0.811443
v 0.109711 0.509071 0.815944
v 0.103016 0.511215 0.819288
v 0.095751 0.512535 0.821347
v 0.088195 0.513131 0.822276
v 0.126151 0.493015 0.793991
v 0.123974 0.495897 0.801242
v 0.120396 0.498660 0.808194
v 0.115580 0.501081 0.814287
v 0.109711 0.503068 0.819288
v 0.103016 0.504545 0.823004
v 0.095751 0.505455 0.825292
v 0.088195 0.505865 0.826324
v 0.126151 0.491430 0.794492
v 0.123974 0.492899 0.802190
v 0.120396 0.494308 0.809570
v 0.115580 0.495542 0.816038
v 0.109711 0.496555 0.821347
v 0.103016 0.497308 0.825292
v 0.095751 0.497772 0.827721
v 0.088195 0.497981 0.828816
v 0.126151 0.489782 0.794661
v 0.123974 0.489782 0.802510
v 0.120396 0.489782 0.810035
v 0.115580 0.489782 0.816630
v 0.109711 0.489782 0.822042
v 0.103016 0.489782 0.826064
v 0.095751 0.489782 0.828541
v 0.088195 0.489782 0.829658
v 0.126151 0.488133 0.794492
v 0.123974 0.486664 0.802190
v 0.120396 0.485256 0.809570
v 0.115580 0.484021 0.816038
v 0.109711 0.483008 0.821347
v 0.103016 0.482255 0.825292
v 0.095751 0.481792 0.827721
v 0.088195 0.481582 0.828816
v 0.126151 0.486548 0.793990
v 0.123974 0.483666 0.801242
v 0.120396 0.480904 0.808194
v 0.115580 0.478482 0.814287
v 0.109711 0.476495 0.819288
v 0.103016 0.475018 0.823004
v 0.095751 0.474109 0.825292
v 0.088195 0.473698 0.826324
v 0.126151 0.485087 0.793177
v 0.123974 0.480904 0.799703
v 0.120396 0.476893 0.805959
v 0.115580 0.473377 0.811443
v 0.109711 0.470492 0.815944
v 0.103016 0.468348 0.819288
v 0.095751 0.467028 0.821347
v 0.088195 0.466433 0.822276
v 0.126151 0.483807 0.792082
v 0.123974 0.478482 0.797632
v 0.120396 0.473377 0.802952
v 0.115580 0.468903 0.807616
v 0.109711 0.465231 0.811443
v 0.103016 0.462502 0.814287
v 0.095751 0.460822 0.816038
v 0.088195 0.460064 0.816828
v 0.126151 0.482756 0.790747
v 0.123974 0.476495 0.795108
v 0.120396 0.470492 0.799288
v 0.115580 0.465230 0.802952
v 0.109711 0.460913 0.805960
v 0.103016 0.457704 0.808194
v 0.095751 0.455728 0.809570
v 0.088195 0.454837 0.810190
v 0.126151 0.481975 0.789225
v 0.123974 0.475018 0.792228
v 0.120396 0.468348 0.795108
v 0.115580 0.462502 0.797632
v 0.109711 0.457704 0.799703
v 0.103016 0.454139 0.801242
v 0.095751 0.451944 0.802190
v 0.088195 0.450954 0.802617
v 0.126151 0.481495 0.787573
v 0.123974 0.474109 0.789104
v 0.120396 0.467028 0.790572
v 0.115580 0.460822 0.791858
v 0.109711 0.455728 0.792914
v 0.103016 0.451944 0.793699
v 0.095751 0.449613 0.794182
v 0.088195 0.448562 0.794400
v 0.126151 0.481332 0.785855
v 0.123974 0.473801 0.785854
v 0.120396 0.466582 0.785855
v 0.115580 0.460254 0.785855
v 0.109711 0.455061 0.785855
v 0.103016 0.451202 0.785855
v 0.095751 0.448826 0.785855
v 0.088195 0.447755 0.785855
v 0.126151 0.481495 0.784136
v 0.123974 0.474109 0.782605
v 0.120396 0.467028 0.781137
v 0.115580 0.460822 0.779851
v 0.109711 0.455728 0.778795
v 0.103016 0.451944 0.778010
v 0.095751 0.449613 0.777527
v 0.088195 0.448562 0.777309
v 0.126151 0.481975 0.782485
v 0.123974 0.475018 0.779481
v 0.120396 0.468348 0.776601
v 0.115580 0.462502 0.774077
v 0.109711 0.457704 0.772006
v 0.103016 0.454139 0.770467
v 0.095751 0.451944 0.769519
v 0.088195 0.450954 0.769092
v 0.126151 0.482756 0.780962
v 0.123974 0.476495 0.776601
v 0.120396 0.470492 0.772421
v 0.115580 0.465230 0.768757
v 0.109711 0.460913 0.765750
v 0.103016 0.457704 0.763515
v 0.095751 0.455728 0.762139
v 0.088195 0.454837 0.761519
v 0.126151 0.483807 0.779628
v 0.123974 0.478482 0.774078
v 0.120396 0.473377 0.768757
v 0.115580 0.468903 0.764093
v 0.109711 0.465230 0.760266
v 0.103016 0.462502 0.757422
v 0.095751 0.460822 0.755670
v 0.088195 0.460064 0.754881
v 0.126151 0.485087 0.778532
v 0.123974 0.480904 0.772006
v 0.120396 0.476893 0.765750
v 0.115580 0.473377 0.760266
v 0.109711 0.470492 0.755766
v 0.103016 0.468348 0.752421
v 0.095751 0.467028 0.750362
v 0.088195 0.466433 0.749433
v 0.127077 0.489782 0.785854
v 0.126151 0.486548 0.777718
v 0.123974 0.483666 0.770467
v 0.120396 0.480904 0.763515
v 0.115580 0.478482 0.757422
v 0.109711 0.476495 0.752421
v 0.103016 0.475018 0.748706
v 0.095751 0.474109 0.746417
v 0.088195 0.473698 0.745386
v 0.126151 0.488133 0.777217
v 0.123974 0.486664 0.769519
v 0.120396 0.485256 0.762139
v 0.115580 0.484021 0.755671
v 0.109711 0.483008 0.750362
v 0.103016 0.482255 0.746417
v 0.095751 0.481791 0.743988
v 0.088195 0.481582 0.742893
v 0.126151 0.489782 0.777048
v 0.123974 0.489782 0.769199
v 0.120396 0.489782 0.761675
v 0.115580 0.489782 0.755079
v 0.109711 0.489782 0.749667
v 0.103016 0.489782 0.745645
v 0.095751 0.489782 0.743168
v 0.088195 0.489782 0.742051
v 0.126151 0.491430 0.777217
v 0.123974 0.492899 0.769519
v 0.120396 0.494308 0.762139
v 0.115580 0.495542 0.755671
v 0.109711 0.496555 0.750362
v 0.103016 0.497308 0.746417
v 0.095751 0.497772 0.743988
v 0.088195 0.497981 0.742893
v 0.126151 0.493015 0.777718
v 0.123974 0.495897 0.770467
v 0.120396 0.498660 0.763515
v 0.115580 0.501081 0.757422
v 0.109711 0.503068 0.752421
v 0.103016 0.504545 0.748706
v 0.095751 0.505454 0.746417
v 0.088195 0.505865 0.745386
v 0.126151 0.494476 0.778532
v 0.123974 0.498660 0.772006
v 0.120396 0.502670 0.765750
v 0.115580 0.506186 0.760266
v 0.109711 0.509071 0.755766
v 0.103016 0.511215 0.752421
v 0.095751 0.512535 0.750362
v 0.088195 0.513131 0.749434
v 0.126151 0.495756 0.779628
v 0.123974 0.501081 0.774078
v 0.120396 0.506186 0.768757
v 0.115580 0.510660 0.764093
v 0.109711 0.514333 0.760266
v 0.103016 0.517061 0.757422
v 0.095751 0.518741 0.755671
v 0.088195 0.519499 0.754881
v 0.126151 0.496807 0.780962
v 0.123974 0.503069 0.776601
v 0.120396 0.509071 0.772421
v 0.115580 0.514333 0.768757
v 0.109711 0.518651 0.765750
v 0.103016 0.521859 0.763515
v 0.095751 0.523835 0.762139
v 0.088195 0.524726 0.761519
v 0.126151 0.497588 0.782485
v 0.123974 0.504545 0.779481
v 0.120396 0.511215 0.776601
v 0.115580 0.517061 0.774077
v 0.109711 0.521859 0.772006
v 0.103016 0.525424 0.770467
v 0.095751 0.527620 0.769519
v 0.088195 0.528610 0.769092
v 0.126151 0.498069 0.784136
v 0.123974 0.505454 0.782605
v 0.120396 0.512535 0.781137
v 0.115580 0.518741 0.779851
v 0.109711 0.523835 0.778795
v 0.103016 0.527620 0.778010
v 0.095751 0.529950 0.777527
v 0.088195 0.531001 0.777309
v 0.088195 0.531809 0.785855
v 0.107833 -0.931513 0.002471
v 0.106327 -0.923821 0.002471
v 0.103396 -0.916315 0.002471
v 0.099154 -0.909588 0.002471
v 0.093765 -0.903900 0.002471
v 0.087434 -0.899468 0.002471
v 0.080406 -0.896462 0.002471
v 0.107819 -0.931675 0.000823
v 0.106300 -0.924126 -0.000646
v 0.103357 -0.916759 -0.002055
v 0.099105 -0.910153 -0.003289
v 0.093706 -0.904564 -0.004302
v 0.087369 -0.900206 -0.005055
v 0.080337 -0.897246 -0.005519
v 0.072903 -0.895536 -0.005728
v 0.107777 -0.932154 -0.000762
v 0.106220 -0.925032 -0.003644
v 0.103241 -0.918074 -0.006407
v 0.098957 -0.911827 -0.008828
v 0.093533 -0.906532 -0.010816
v 0.087176 -0.902393 -0.012292
v 0.080132 -0.899568 -0.013202
v 0.072693 -0.897918 -0.013612
v 0.107708 -0.932932 -0.002223
v 0.106090 -0.926503 -0.006407
v 0.103053 -0.920210 -0.010418
v 0.098717 -0.914545 -0.013933
v 0.093251 -0.909729 -0.016819
v 0.086863 -0.905944 -0.018962
v 0.079800 -0.903338 -0.020283
v 0.072352 -0.901787 -0.020878
v 0.107616 -0.933978 -0.003503
v 0.105916 -0.928483 -0.008829
v 0.102799 -0.923083 -0.013933
v 0.098395 -0.918203 -0.018408
v 0.092872 -0.914030 -0.022080
v 0.086442 -0.910724 -0.024809
v 0.079352 -0.908412 -0.026489
v 0.071893 -0.906993 -0.027247
v 0.107503 -0.935254 -0.004554
v 0.105703 -0.930895 -0.010816
v 0.102491 -0.926585 -0.016819
v 0.098002 -0.922660 -0.022080
v 0.092409 -0.919271 -0.026398
v 0.085928 -0.916547 -0.029606
v 0.078807 -0.914594 -0.031582
v 0.071334 -0.913337 -0.032473
v 0.107375 -0.936709 -0.005335
v 0.105460 -0.933647 -0.012292
v 0.102138 -0.930581 -0.018962
v 0.097553 -0.927746 -0.024809
v 0.091882 -0.925251 -0.029606
v 0.085342 -0.923191 -0.033171
v 0.078185 -0.921647 -0.035367
v 0.070695 -0.920575 -0.036357
v 0.107236 -0.938288 -0.005816
v 0.105197 -0.936633 -0.013202
v 0.101756 -0.934916 -0.020283
v 0.097067 -0.933263 -0.026489
v 0.091310 -0.931738 -0.031582
v 0.084707 -0.930400 -0.035367
v 0.077510 -0.929300 -0.037697
v 0.070003 -0.928429 -0.038748
v 0.107091 -0.939930 -0.005978
v 0.104923 -0.939739 -0.013509
v 0.101358 -0.939424 -0.020728
v 0.096561 -0.939001 -0.027056
v 0.090715 -0.938486 -0.032249
v 0.084045 -0.937898 -0.036108
v 0.076809 -0.937260 -0.038484
v 0.069283 -0.936596 -0.039556
v 0.106946 -0.941572 -0.005816
v 0.104649 -0.942844 -0.013202
v 0.100961 -0.943933 -0.020283
v 0.096055 -0.944740 -0.026489
v 0.090120 -0.945233 -0.031582
v 0.083384 -0.945395 -0.035367
v 0.076107 -0.945219 -0.037697
v 0.068562 -0.944763 -0.038748
v 0.106807 -0.943151 -0.005335
v 0.104386 -0.945830 -0.012293
v 0.100578 -0.948268 -0.018962
v 0.095568 -0.950258 -0.024809
v 0.089548 -0.951722 -0.029606
v 0.082749 -0.952604 -0.033171
v 0.075432 -0.952872 -0.035367
v 0.067870 -0.952617 -0.036357
v 0.106679 -0.944606 -0.004554
v 0.104143 -0.948583 -0.010816
v 0.100226 -0.952264 -0.016819
v 0.095120 -0.955343 -0.022080
v 0.089020 -0.957701 -0.026398
v 0.082163 -0.959249 -0.029606
v 0.074810 -0.959925 -0.031582
v 0.067232 -0.959855 -0.032473
v 0.106566 -0.945881 -0.003503
v 0.103931 -0.950995 -0.008828
v 0.099917 -0.955766 -0.013933
v 0.094727 -0.959800 -0.018408
v 0.088558 -0.962942 -0.022080
v 0.081649 -0.965072 -0.024809
v 0.074265 -0.966107 -0.026489
v 0.066672 -0.966199 -0.027247
v 0.106474 -0.946928 -0.002223
v 0.103756 -0.952975 -0.006407
v 0.099664 -0.958640 -0.010418
v 0.094404 -0.963458 -0.013933
v 0.088179 -0.967243 -0.016818
v 0.081228 -0.969851 -0.018962
v 0.073817 -0.971181 -0.020282
v 0.066213 -0.971405 -0.020878
v 0.106405 -0.947706 -0.000762
v 0.103626 -0.954445 -0.003644
v 0.099476 -0.960775 -0.006407
v 0.094164 -0.966176 -0.008828
v 0.087897 -0.970440 -0.010816
v 0.080914 -0.973403 -0.012292
v 0.073485 -0.974951 -0.013202
v 0.065872 -0.975274 -0.013612
v 0.106363 -0.948185 0.000823
v 0.103546 -0.955351 -0.000646
v 0.099360 -0.962090 -0.002055
v 0.094017 -0.967849 -0.003289
v 0.087724 -0.972408 -0.004302
v 0.080722 -0.975590 -0.005055
v 0.073280 -0.977273 -0.005519
v 0.065662 -0.977656 -0.005728
v 0.106349 -0.948346 0.002471
v 0.103519 -0.955657 0.002471
v 0.099320 -0.962534 0.002471
v 0.093967 -0.968415 0.002471
v 0.087665 -0.973072 0.002471
v 0.080657 -0.976328 0.002471
v 0.073211 -0.978057 0.002471
v 0.065591 -0.978460 0.002471
v 0.106363 -0.948185 0.004119
v 0.103546 -0.955351 0.005589
v 0.099360 -0.962090 0.006997
v 0.094017 -0.967849 0.008232
v 0.087724 -0.972408 0.009245
v 0.080722 -0.975590 0.009998
v 0.073280 -0.977273 0.010461
v 0.065662 -0.977656 0.010670
v 0.106405 -0.947706 0.005705
v 0.103626 -0.954445 0.008586
v 0.099476 -0.960775 0.011349
v 0.094164 -0.966176 0.013771
v 0.087897 -0.970439 0.015758
v 0.080914 -0.973403 0.017235
v 0.073485 -0.974951 0.018144
v 0.065872 -0.975274 0.018554
v 0.106474 -0.946928 0.007165
v 0.103756 -0.952975 0.011349
v 0.099664 -0.958640 0.015360
v 0.094404 -0.963458 0.018876
v 0.088179 -0.967243 0.021761
v 0.081228 -0.969851 0.023905
v 0.073817 -0.971181 0.025225
v 0.066213 -0.971405 0.025820
v 0.106566 -0.945881 0.008446
v 0.103931 -0.950995 0.013771
v 0.099917 -0.955766 0.018876
v 0.094727 -0.959800 0.023350
v 0.088558 -0.962942 0.027022
v 0.081649 -0.965072 0.029751
v 0.074265 -0.966107 0.031431
v 0.066672 -0.966199 0.032189
v 0.106679 -0.944606 0.009496
v 0.104143 -0.948583 0.015758
v 0.100226 -0.952264 0.021761
v 0.095120 -0.955343 0.027022
v 0.089020 -0.957701 0.031340
v 0.082163 -0.959249 0.034549
v 0.074810 -0.959925 0.036524
v 0.067232 -0.959855 0.037415
v 0.108014 -0.940012 0.002471
v 0.106807 -0.943151 0.010277
v 0.104386 -0.945830 0.017235
v 0.100578 -0.948268 0.023905
v 0.095568 -0.950257 0.029751
v 0.089548 -0.951722 0.034549
v 0.082749 -0.952604 0.038114
v 0.075432 -0.952872 0.040309
v 0.067870 -0.952617 0.041299
v 0.106946 -0.941572 0.010758
v 0.104649 -0.942844 0.018144
v 0.100961 -0.943933 0.025225
v 0.096055 -0.944740 0.031431
v 0.090120 -0.945233 0.036524
v 0.083384 -0.945395 0.040309
v 0.076107 -0.945219 0.042640
v 0.068562 -0.944763 0.043691
v 0.107091 -0.939930 0.010920
v 0.104923 -0.939739 0.018451
v 0.101358 -0.939424 0.025671
v 0.096561 -0.939001 0.031998
v 0.090715 -0.938486 0.037192
v 0.084045 -0.937898 0.041050
v 0.076809 -0.937260 0.043427
v 0.069283 -0.936596 0.044498
v 0.107236 -0.938288 0.010758
v 0.105197 -0.936633 0.018144
v 0.101756 -0.934916 0.025225
v 0.097067 -0.933263 0.031431
v 0.091310 -0.931738 0.036524
v 0.084707 -0.930400 0.040309
v 0.077510 -0.929300 0.042640
v 0.070003 -0.928429 0.043691
v 0.107375 -0.936709 0.010277
v 0.105460 -0.933647 0.017235
v 0.102138 -0.930581 0.023905
v 0.097553 -0.927746 0.029751
v 0.091882 -0.925251 0.034549
v 0.085342 -0.923191 0.038114
v 0.078185 -0.921647 0.040309
v 0.070695 -0.920575 0.041299
v 0.107503 -0.935254 0.009496
v 0.105703 -0.930895 0.015758
v 0.102491 -0.926585 0.021761
v 0.098002 -0.922660 0.027022
v 0.092409 -0.919271 0.031340
v 0.085928 -0.916547 0.034549
v 0.078807 -0.914594 0.036524
v 0.071334 -0.913337 0.037415
v 0.107616 -0.933978 0.008446
v 0.105916 -0.928483 0.013771
v 0.102799 -0.923083 0.018876
v 0.098395 -0.918203 0.023350
v 0.092872 -0.914030 0.027022
v 0.086442 -0.910724 0.029751
v 0.079352 -0.908412 0.031431
v 0.071893 -0.906993 0.032189
v 0.107708 -0.932932 0.007165
v 0.106090 -0.926503 0.011349
v 0.103053 -0.920210 0.015360
v 0.098717 -0.914545 0.018876
v 0.093251 -0.909729 0.021761
v 0.086863 -0.905944 0.023905
v 0.079800 -0.903338 0.025225
v 0.072352 -0.901787 0.025820
v 0.107777 -0.932154 0.005704
v 0.106220 -0.925032 0.008587
v 0.103241 -0.918074 0.011349
v 0.098957 -0.911827 0.013771
v 0.093533 -0.906532 0.015758
v 0.087176 -0.902393 0.017235
v 0.080132 -0.899568 0.018144
v 0.072693 -0.897918 0.018554
v 0.107819 -0.931675 0.004119
v 0.106300 -0.924127 0.005589
v 0.103357 -0.916759 0.006997
v 0.099105 -0.910154 0.008232
v 0.093706 -0.904564 0.009245
v 0.087369 -0.900206 0.009998
v 0.080337 -0.897246 0.010461
v 0.072903 -0.895536 0.010670
v 0.072974 -0.894731 0.002471
v 0.107263 -0.927739 0.002471
v 0.105034 -0.919988 0.002471
v 0.101430 -0.912837 0.002471
v 0.096591 -0.906600 0.002471
v 0.090703 -0.901515 0.002471
v 0.083991 -0.897778 0.002471
v 0.107243 -0.927971 0.000099
v 0.105000 -0.920364 -0.001369
v 0.101385 -0.913344 -0.002697
v 0.096537 -0.907218 -0.003826
v 0.090640 -0.902220 -0.004713
v 0.083924 -0.898543 -0.005325
v 0.076647 -0.896296 -0.005643
v 0.099142 -0.909730 -0.000423
v 0.103386 -0.916426 0.000197
v 0.093750 -0.904066 -0.000932
v 0.087418 -0.899653 -0.001310
v 0.080389 -0.896659 -0.001543
v 0.107829 -0.931477 0.001635
v 0.106320 -0.923897 0.000905
v 0.107182 -0.928661 -0.002182
v 0.104902 -0.921480 -0.005062
v 0.101253 -0.914846 -0.007666
v 0.096375 -0.909047 -0.009882
v 0.090456 -0.904307 -0.011622
v 0.083724 -0.900808 -0.012821
v 0.076439 -0.898654 -0.013445
v 0.103308 -0.917310 -0.004263
v 0.106267 -0.924506 -0.002168
v 0.099043 -0.910855 -0.006100
v 0.093633 -0.905389 -0.007608
v 0.087288 -0.901123 -0.008728
v 0.080251 -0.898219 -0.009418
v 0.072815 -0.896534 -0.009729
v 0.107801 -0.931802 -0.000004
v 0.107083 -0.929780 -0.004284
v 0.104742 -0.923292 -0.008465
v 0.101038 -0.917284 -0.012246
v 0.096113 -0.912019 -0.015462
v 0.090157 -0.907697 -0.017989
v 0.083399 -0.904487 -0.019729
v 0.076101 -0.902482 -0.020635
v 0.079981 -0.901280 -0.016835
v 0.087034 -0.904005 -0.015715
v 0.072538 -0.899675 -0.017340
v 0.107744 -0.932439 -0.001548
v 0.106161 -0.925700 -0.005062
v 0.103156 -0.919044 -0.008465
v 0.098848 -0.913061 -0.011448
v 0.093405 -0.907984 -0.013896
v 0.106950 -0.931286 -0.006127
v 0.104527 -0.925731 -0.011448
v 0.100748 -0.920566 -0.016261
v 0.095761 -0.916018 -0.020354
v 0.089755 -0.912259 -0.023569
v 0.082963 -0.909437 -0.025785
v 0.075647 -0.907634 -0.026938
v 0.098566 -0.916265 -0.016261
v 0.102934 -0.921560 -0.012246
v 0.093072 -0.911750 -0.019555
v 0.086665 -0.908191 -0.022003
v 0.079590 -0.905723 -0.023511
v 0.072136 -0.904234 -0.024190
v 0.107663 -0.933364 -0.002938
v 0.106008 -0.927434 -0.007666
v 0.106788 -0.933122 -0.007639
v 0.104265 -0.928702 -0.013896
v 0.100396 -0.924565 -0.019555
v 0.095331 -0.920890 -0.024368
v 0.089265 -0.917819 -0.028149
v 0.082431 -0.915469 -0.030754
v 0.075093 -0.913912 -0.032110
v 0.071625 -0.910037 -0.030016
v 0.079091 -0.911378 -0.029188
v 0.107559 -0.934541 -0.004120
v 0.105814 -0.929640 -0.009882
v 0.102651 -0.924764 -0.015462
v 0.098206 -0.920342 -0.020354
v 0.092650 -0.916545 -0.024368
v 0.086195 -0.913518 -0.027351
v 0.106604 -0.935216 -0.008763
v 0.103966 -0.932092 -0.015715
v 0.099994 -0.929127 -0.022003
v 0.094841 -0.926449 -0.027351
v 0.088706 -0.924161 -0.031553
v 0.081824 -0.922351 -0.034447
v 0.074462 -0.921075 -0.035953
v 0.097783 -0.925136 -0.023569
v 0.102319 -0.928531 -0.017989
v 0.092153 -0.922182 -0.028149
v 0.085643 -0.919782 -0.031553
v 0.078504 -0.918028 -0.033648
v 0.071023 -0.916861 -0.034593
v 0.107437 -0.935926 -0.005048
v 0.105585 -0.932235 -0.011622
v 0.106403 -0.937488 -0.009455
v 0.103642 -0.935771 -0.016835
v 0.099557 -0.934078 -0.023511
v 0.094309 -0.932481 -0.029188
v 0.088099 -0.931043 -0.033648
v 0.081166 -0.929818 -0.036721
v 0.073776 -0.928847 -0.038320
v 0.070354 -0.924443 -0.037746
v 0.077853 -0.925417 -0.036721
v 0.107301 -0.937464 -0.005688
v 0.105331 -0.935118 -0.012821
v 0.101950 -0.932716 -0.019729
v 0.097314 -0.930463 -0.025785
v 0.091600 -0.928446 -0.030754
v 0.085029 -0.926742 -0.034447
v 0.106195 -0.939851 -0.009688
v 0.103304 -0.939596 -0.017213
v 0.099103 -0.939226 -0.024020
v 0.093756 -0.938754 -0.029808
v 0.087468 -0.938200 -0.034356
v 0.080481 -0.937583 -0.037489
v 0.073064 -0.936929 -0.039119
v 0.091014 -0.935096 -0.032082
v 0.096815 -0.936118 -0.026914
v 0.084378 -0.934131 -0.035922
v 0.077161 -0.933261 -0.038287
v 0.069644 -0.932492 -0.039353
v 0.107157 -0.939097 -0.006014
v 0.105061 -0.938179 -0.013432
v 0.101558 -0.937159 -0.020616
v 0.105987 -0.942214 -0.009455
v 0.102967 -0.943421 -0.016835
v 0.098649 -0.944374 -0.023511
v 0.093202 -0.945027 -0.029188
v 0.086837 -0.945356 -0.033648
v 0.079796 -0.945349 -0.036721
v 0.072351 -0.945012 -0.038320
v 0.068921 -0.940699 -0.039353
v 0.104786 -0.941299 -0.013432
v 0.107011 -0.940762 -0.006014
v 0.101159 -0.941690 -0.020617
v 0.096307 -0.941885 -0.026914
v 0.090416 -0.941876 -0.032082
v 0.083713 -0.941665 -0.035922
v 0.076456 -0.941258 -0.038287
v 0.105786 -0.944486 -0.008763
v 0.102643 -0.947100 -0.015715
v 0.098213 -0.949324 -0.022003
v 0.092670 -0.951059 -0.027351
v 0.086230 -0.952238 -0.031553
v 0.079138 -0.952816 -0.034447
v 0.071666 -0.952784 -0.035953
v 0.083062 -0.949054 -0.034447
v 0.089830 -0.948526 -0.030754
v 0.075764 -0.949102 -0.036721
v 0.068211 -0.948748 -0.037746
v 0.106867 -0.942395 -0.005688
v 0.104516 -0.944360 -0.012821
v 0.100767 -0.946133 -0.019729
v 0.095808 -0.947539 -0.025785
v 0.105602 -0.946580 -0.007639
v 0.102344 -0.950490 -0.013896
v 0.097810 -0.953886 -0.019555
v 0.092180 -0.956618 -0.024368
v 0.085670 -0.958580 -0.028149
v 0.078531 -0.959698 -0.030754
v 0.071034 -0.959946 -0.032110
v 0.104262 -0.947243 -0.011622
v 0.106731 -0.943933 -0.005048
v 0.100398 -0.950318 -0.017989
v 0.095338 -0.952867 -0.023570
v 0.089277 -0.954790 -0.028149
v 0.082448 -0.956014 -0.031553
v 0.075113 -0.956491 -0.033648
v 0.067542 -0.956331 -0.034593
v 0.105440 -0.948416 -0.006127
v 0.102082 -0.953461 -0.011448
v 0.097458 -0.957885 -0.016261
v 0.091751 -0.961491 -0.020354
v 0.085180 -0.964140 -0.023570
v 0.077999 -0.965730 -0.025785
v 0.070480 -0.966225 -0.026938
v 0.081896 -0.962277 -0.027351
v 0.088780 -0.960427 -0.024368
v 0.074526 -0.963141 -0.029188
v 0.066941 -0.963154 -0.030016
v 0.106609 -0.945317 -0.004120
v 0.104033 -0.949837 -0.009881
v 0.100065 -0.954085 -0.015462
v 0.094915 -0.957661 -0.020354
v 0.105307 -0.949922 -0.004284
v 0.101867 -0.955900 -0.008465
v 0.097168 -0.961167 -0.012246
v 0.091398 -0.965490 -0.015462
v 0.084778 -0.968702 -0.017989
v 0.077562 -0.970680 -0.019729
v 0.070026 -0.971377 -0.020635
v 0.099783 -0.957289 -0.012246
v 0.103838 -0.952044 -0.007666
v 0.094556 -0.961738 -0.016261
v 0.088357 -0.965221 -0.019555
v 0.081426 -0.967605 -0.022003
v 0.074028 -0.968796 -0.023511
v 0.066429 -0.968958 -0.024191
v 0.106505 -0.946494 -0.002938
v 0.105208 -0.951041 -0.002182
v 0.101707 -0.957712 -0.005062
v 0.096953 -0.963605 -0.007666
v 0.091136 -0.968461 -0.009882
v 0.084479 -0.972092 -0.011622
v 0.077238 -0.974359 -0.012821
v 0.069688 -0.975205 -0.013445
v 0.073636 -0.973239 -0.016835
v 0.081057 -0.971790 -0.015715
v 0.066027 -0.973517 -0.017340
v 0.106423 -0.947420 -0.001548
v 0.103685 -0.953777 -0.005062
v 0.099561 -0.959805 -0.008465
v 0.094273 -0.964942 -0.011448
v 0.088025 -0.968988 -0.013896
v 0.105147 -0.951731 0.000099
v 0.101609 -0.958828 -0.001369
v 0.096821 -0.965107 -0.002697
v 0.090975 -0.970291 -0.003826
v 0.084295 -0.974179 -0.004714
v 0.077038 -0.976624 -0.005325
v 0.069481 -0.977563 -0.005643
v 0.099408 -0.961539 -0.004263
v 0.103580 -0.954972 -0.002168
v 0.094079 -0.967148 -0.006100
v 0.087796 -0.971583 -0.007608
v 0.080802 -0.974673 -0.008728
v 0.073366 -0.976300 -0.009418
v 0.065750 -0.976658 -0.009729
v 0.106367 -0.948057 -0.000004
v 0.105127 -0.951963 0.002471
v 0.101575 -0.959205 0.002471
v 0.096776 -0.965614 0.002471
v 0.090920 -0.970909 0.002471
v 0.084233 -0.974884 0.002471
v 0.076971 -0.977389 0.002471
v 0.069410 -0.978359 0.002471
v 0.073228 -0.977860 -0.001543
v 0.080673 -0.976143 -0.001310
v 0.065609 -0.978259 -0.001648
v 0.106339 -0.948382 0.001635
v 0.103526 -0.955580 0.000905
v 0.099330 -0.962423 0.000197
v 0.093980 -0.968273 -0.000423
v 0.087680 -0.972906 -0.000932
v 0.105147 -0.951731 0.004843
v 0.101609 -0.958828 0.006311
v 0.096821 -0.965107 0.007639
v 0.090975 -0.970291 0.008768
v 0.084295 -0.974179 0.009656
v 0.077038 -0.976624 0.010267
v 0.069481 -0.977563 0.010585
v 0.093980 -0.968273 0.005365
v 0.099330 -0.962423 0.004745
v 0.087680 -0.972906 0.005874
v 0.080673 -0.976143 0.006253
v 0.073228 -0.977860 0.006485
v 0.065609 -0.978259 0.006591
v 0.106339 -0.948382 0.003307
v 0.103526 -0.955580 0.004038
v 0.105208 -0.951041 0.007124
v 0.101707 -0.957712 0.010004
v 0.096953 -0.963605 0.012609
v 0.091136 -0.968461 0.014824
v 0.084479 -0.972092 0.016564
v 0.077238 -0.974359 0.017763
v 0.069688 -0.975205 0.018387
v 0.065750 -0.976658 0.014671
v 0.073366 -0.976300 0.014360
v 0.106367 -0.948057 0.004946
v 0.103580 -0.954972 0.007110
v 0.099408 -0.961539 0.009206
v 0.094079 -0.967148 0.011042
v 0.087796 -0.971583 0.012550
v 0.080802 -0.974673 0.013670
v 0.105307 -0.949922 0.009227
v 0.101867 -0.955900 0.013407
v 0.097168 -0.961167 0.017189
v 0.091398 -0.965490 0.020404
v 0.084778 -0.968702 0.022931
v 0.077562 -0.970680 0.024672
v 0.070026 -0.971377 0.025578
v 0.088025 -0.968988 0.018838
v 0.094273 -0.964942 0.016390
v 0.081057 -0.971790 0.020657
v 0.073636 -0.973239 0.021777
v 0.066027 -0.973517 0.022282
v 0.106423 -0.947420 0.006490
v 0.103685 -0.953777 0.010004
v 0.099561 -0.959805 0.013407
v 0.105440 -0.948416 0.011069
v 0.102082 -0.953461 0.016390
v 0.097458 -0.957885 0.021203
v 0.091751 -0.961491 0.025296
v 0.085180 -0.964140 0.028512
v 0.077999 -0.965730 0.030727
v 0.070480 -0.966225 0.031880
v 0.106505 -0.946494 0.007880
v 0.066429 -0.968958 0.029133
v 0.103838 -0.952044 0.012609
v 0.099783 -0.957289 0.017189
v 0.094556 -0.961738 0.021203
v 0.088357 -0.965221 0.024497
v 0.081426 -0.967605 0.026945
v 0.074028 -0.968796 0.028453
v 0.105602 -0.946580 0.012581
v 0.102344 -0.950490 0.018838
v 0.097810 -0.953886 0.024497
v 0.092180 -0.956618 0.029310
v 0.085670 -0.958580 0.033092
v 0.078531 -0.959698 0.035696
v 0.071034 -0.959946 0.037052
v 0.088780 -0.960427 0.029310
v 0.094915 -0.957661 0.025296
v 0.081896 -0.962277 0.032293
v 0.074526 -0.963141 0.034130
v 0.066941 -0.963154 0.034958
v 0.106609 -0.945317 0.009062
v 0.104033 -0.949837 0.014824
v 0.100065 -0.954085 0.020404
v 0.107450 -0.941881 0.007088
v 0.105786 -0.944486 0.013705
v 0.102643 -0.947100 0.020657
v 0.098213 -0.949324 0.026945
v 0.092670 -0.951059 0.032293
v 0.086230 -0.952238 0.036495
v 0.079138 -0.952816 0.039389
v 0.071666 -0.952784 0.040896
v 0.067542 -0.956331 0.039536
v 0.104262 -0.947243 0.016564
v 0.106731 -0.943933 0.009990
v 0.100398 -0.950318 0.022931
v 0.095338 -0.952867 0.028512
v 0.089277 -0.954790 0.033092
v 0.082448 -0.956014 0.036495
v 0.075113 -0.956491 0.038591
v 0.105987 -0.942214 0.014397
v 0.102967 -0.943421 0.021777
v 0.098649 -0.944374 0.028453
v 0.093202 -0.945027 0.034130
v 0.086837 -0.945356 0.038591
v 0.079796 -0.945349 0.041663
v 0.072351 -0.945012 0.043262
v 0.083062 -0.949054 0.039389
v 0.089830 -0.948526 0.035696
v 0.075764 -0.949102 0.041663
v 0.068211 -0.948748 0.042688
v 0.106867 -0.942395 0.010630
v 0.104516 -0.944360 0.017763
v 0.100767 -0.946133 0.024671
v 0.095808 -0.947539 0.030727
v 0.106195 -0.939851 0.014631
v 0.103304 -0.939596 0.022156
v 0.099103 -0.939226 0.028962
v 0.093756 -0.938754 0.034750
v 0.087468 -0.938200 0.039298
v 0.080481 -0.937583 0.042431
v 0.073064 -0.936929 0.044061
v 0.104786 -0.941299 0.018374
v 0.107011 -0.940762 0.010956
v 0.101159 -0.941690 0.025559
v 0.096306 -0.941885 0.031856
v 0.090416 -0.941876 0.037024
v 0.083713 -0.941665 0.040865
v 0.076456 -0.941258 0.043229
v 0.068921 -0.940699 0.044296
v 0.106403 -0.937488 0.014397
v 0.103642 -0.935771 0.021777
v 0.099557 -0.934078 0.028453
v 0.094309 -0.932481 0.034130
v 0.088099 -0.931043 0.038591
v 0.081166 -0.929818 0.041663
v 0.073776 -0.928847 0.043262
v 0.084378 -0.934131 0.040865
v 0.091014 -0.935096 0.037024
v 0.077161 -0.933261 0.043229
v 0.069644 -0.932492 0.044296
v 0.107157 -0.939097 0.010956
v 0.105061 -0.938179 0.018374
v 0.101558 -0.937159 0.025559
v 0.096815 -0.936118 0.031856
v 0.106604 -0.935216 0.013705
v 0.103966 -0.932092 0.020657
v 0.099994 -0.929127 0.026946
v 0.094841 -0.926449 0.032293
v 0.088706 -0.924161 0.036495
v 0.081824 -0.922351 0.039389
v 0.074462 -0.921075 0.040896
v 0.101950 -0.932716 0.024672
v 0.105331 -0.935118 0.017763
v 0.097314 -0.930463 0.030727
v 0.091600 -0.928446 0.035696
v 0.085029 -0.926742 0.039389
v 0.077853 -0.925417 0.041663
v 0.070354 -0.924443 0.042688
v 0.107301 -0.937464 0.010630
v 0.106788 -0.933122 0.012581
v 0.104265 -0.928702 0.018838
v 0.100396 -0.924565 0.024497
v 0.095331 -0.920890 0.029310
v 0.089265 -0.917819 0.033092
v 0.082431 -0.915469 0.035696
v 0.075093 -0.913912 0.037052
v 0.078504 -0.918028 0.038591
v 0.085643 -0.919782 0.036495
v 0.071023 -0.916861 0.039535
v 0.107437 -0.935926 0.009990
v 0.105585 -0.932235 0.016564
v 0.102319 -0.928531 0.022931
v 0.097783 -0.925136 0.028512
v 0.092153 -0.922182 0.033092
v 0.106950 -0.931286 0.011069
v 0.104527 -0.925731 0.016390
v 0.100748 -0.920566 0.021203
v 0.095761 -0.916018 0.025296
v 0.089755 -0.912259 0.028512
v 0.082963 -0.909437 0.030727
v 0.075647 -0.907634 0.031880
v 0.098206 -0.920342 0.025296
v 0.102651 -0.924764 0.020404
v 0.092650 -0.916545 0.029310
v 0.086195 -0.913518 0.032293
v 0.079091 -0.911378 0.034130
v 0.071625 -0.910037 0.034958
v 0.107559 -0.934541 0.009062
v 0.105814 -0.929640 0.014824
v 0.107083 -0.929780 0.009227
v 0.104742 -0.923292 0.013407
v 0.101038 -0.917284 0.017189
v 0.096113 -0.912019 0.020404
v 0.090157 -0.907697 0.022931
v 0.083399 -0.904487 0.024672
v 0.076101 -0.902482 0.025577
v 0.072136 -0.904234 0.029133
v 0.079590 -0.905723 0.028453
v 0.107663 -0.933364 0.007880
v 0.106008 -0.927434 0.012609
v 0.102934 -0.921560 0.017189
v 0.098566 -0.916265 0.021203
v 0.093072 -0.911750 0.024497
v 0.086665 -0.908191 0.026945
v 0.107182 -0.928661 0.007125
v 0.104902 -0.921480 0.010004
v 0.101253 -0.914846 0.012609
v 0.096375 -0.909047 0.014824
v 0.090456 -0.904307 0.016564
v 0.083724 -0.900808 0.017763
v 0.076439 -0.898654 0.018387
v 0.098848 -0.913061 0.016390
v 0.103156 -0.919044 0.013407
v 0.093405 -0.907984 0.018838
v 0.087034 -0.904006 0.020657
v 0.079981 -0.901280 0.021777
v 0.072538 -0.899675 0.022282
v 0.107744 -0.932439 0.006490
v 0.106161 -0.925700 0.010004
v 0.107243 -0.927971 0.004843
v 0.105000 -0.920364 0.006311
v 0.101385 -0.913344 0.007639
v 0.096537 -0.907218 0.008768
v 0.090640 -0.902220 0.009656
v 0.083924 -0.898543 0.010267
v 0.076647 -0.896296 0.010585
v 0.072815 -0.896534 0.014671
v 0.080251 -0.898219 0.014360
v 0.107801 -0.931802 0.004946
v 0.106266 -0.924506 0.007110
v 0.103308 -0.917310 0.009206
v 0.099043 -0.910855 0.011042
v 0.093633 -0.905389 0.012550
v 0.087288 -0.901123 0.013670
v 0.072956 -0.894933 0.006590
v 0.108057 -0.934999 0.002471
v 0.076717 -0.895500 0.002471
v 0.108048 -0.935094 0.001496
v 0.072956 -0.894933 -0.001648
v 0.108023 -0.935378 0.000559
v 0.107983 -0.935838 -0.000305
v 0.107928 -0.936457 -0.001062
v 0.107862 -0.937211 -0.001684
v 0.107786 -0.938072 -0.002146
v 0.107703 -0.939005 -0.002430
v 0.107618 -0.939977 -0.002526
v 0.107532 -0.940948 -0.002430
v 0.107450 -0.941881 -0.002146
v 0.107374 -0.942742 -0.001684
v 0.107307 -0.943496 -0.001062
v 0.107253 -0.944115 -0.000305
v 0.107212 -0.944575 0.000559
v 0.107187 -0.944859 0.001496
v 0.107179 -0.944954 0.002471
v 0.107187 -0.944859 0.003446
v 0.107212 -0.944575 0.004384
v 0.107253 -0.944115 0.005247
v 0.107307 -0.943496 0.006005
v 0.107374 -0.942742 0.006626
v 0.107532 -0.940948 0.007372
v 0.107618 -0.939976 0.007468
v 0.107703 -0.939005 0.007372
v 0.107786 -0.938072 0.007088
v 0.107862 -0.937211 0.006626
v 0.107928 -0.936457 0.006005
v 0.107983 -0.935838 0.005247
v 0.108023 -0.935378 0.004383
v 0.108048 -0.935094 0.003446
v 0.093750 -0.904066 0.005874
v 0.099142 -0.909730 0.005365
v 0.087418 -0.899653 0.006253
v 0.080389 -0.896659 0.006485
v 0.107829 -0.931477 0.003307
v 0.106320 -0.923897 0.004038
v 0.103386 -0.916426 0.004745
v 0.101419 -0.912964 -0.000125
v 0.096577 -0.906755 -0.000693
v 0.090687 -0.901692 -0.001139
v 0.083974 -0.897970 -0.001445
v 0.076700 -0.895700 -0.001605
v 0.108040 -0.934267 0.001907
v 0.107258 -0.927787 0.001278
v 0.105025 -0.920082 0.000542
v 0.104959 -0.920832 -0.003243
v 0.101330 -0.913974 -0.005219
v 0.096469 -0.907984 -0.006899
v 0.090563 -0.903095 -0.008219
v 0.083840 -0.899493 -0.009128
v 0.076560 -0.897284 -0.009602
v 0.108020 -0.934486 0.000801
v 0.107217 -0.928251 -0.001061
v 0.083576 -0.902478 -0.016366
v 0.076286 -0.900392 -0.017134
v 0.107982 -0.934916 -0.000240
v 0.107137 -0.929160 -0.003265
v 0.104829 -0.922303 -0.006808
v 0.101155 -0.915953 -0.010017
v 0.096256 -0.910397 -0.012745
v 0.090321 -0.905847 -0.014889
v 0.100902 -0.918827 -0.014334
v 0.095947 -0.913899 -0.018007
v 0.089968 -0.909842 -0.020892
v 0.083194 -0.906814 -0.022879
v 0.075888 -0.904904 -0.023913
v 0.107927 -0.935540 -0.001178
v 0.107020 -0.930480 -0.005249
v 0.104641 -0.924439 -0.010017
v 0.075381 -0.910647 -0.029678
v 0.107857 -0.936334 -0.001975
v 0.106872 -0.932161 -0.006936
v 0.104401 -0.927157 -0.012745
v 0.100579 -0.922485 -0.018006
v 0.095554 -0.918356 -0.022481
v 0.089520 -0.914927 -0.025996
v 0.082708 -0.912331 -0.028418
v 0.100200 -0.926786 -0.020892
v 0.095092 -0.923597 -0.025996
v 0.088993 -0.920907 -0.030007
v 0.082135 -0.918819 -0.032770
v 0.074786 -0.917400 -0.034208
v 0.107775 -0.937268 -0.002602
v 0.106698 -0.934137 -0.008261
v 0.104120 -0.930353 -0.014889
v 0.074124 -0.924903 -0.037328
v 0.107683 -0.938306 -0.003033
v 0.106504 -0.936332 -0.009174
v 0.103806 -0.933904 -0.016366
v 0.099779 -0.931566 -0.022879
v 0.094579 -0.929420 -0.028418
v 0.088407 -0.927551 -0.032770
v 0.081500 -0.926029 -0.035768
v 0.094033 -0.935602 -0.029652
v 0.087785 -0.934604 -0.034178
v 0.080825 -0.933682 -0.037296
v 0.073422 -0.932869 -0.038919
v 0.107586 -0.939408 -0.003253
v 0.106299 -0.938663 -0.009639
v 0.103474 -0.937674 -0.017118
v 0.099331 -0.936639 -0.023892
v 0.106089 -0.941039 -0.009639
v 0.103135 -0.941518 -0.017118
v 0.098875 -0.941812 -0.023892
v 0.093478 -0.941906 -0.029652
v 0.087151 -0.941795 -0.034178
v 0.080137 -0.941485 -0.037296
v 0.072706 -0.940990 -0.038919
v 0.107487 -0.940531 -0.003253
v 0.086529 -0.948849 -0.032770
v 0.079462 -0.949138 -0.035768
v 0.072003 -0.948956 -0.037328
v 0.107390 -0.941633 -0.003033
v 0.105884 -0.943370 -0.009174
v 0.102803 -0.945288 -0.016366
v 0.098428 -0.946886 -0.022879
v 0.092932 -0.948088 -0.028418
v 0.105690 -0.945565 -0.008261
v 0.102489 -0.948839 -0.014889
v 0.098006 -0.951665 -0.020892
v 0.092419 -0.953911 -0.025996
v 0.085943 -0.955492 -0.030007
v 0.078826 -0.956347 -0.032770
v 0.071342 -0.956459 -0.034208
v 0.107299 -0.942670 -0.002602
v 0.085415 -0.961472 -0.025996
v 0.078254 -0.962836 -0.028418
v 0.070746 -0.963212 -0.029679
v 0.107216 -0.943604 -0.001975
v 0.105516 -0.947541 -0.006936
v 0.102208 -0.952036 -0.012745
v 0.097627 -0.955966 -0.018007
v 0.091957 -0.959152 -0.022481
v 0.101968 -0.954754 -0.010017
v 0.097304 -0.959624 -0.014334
v 0.091564 -0.963610 -0.018007
v 0.084967 -0.966557 -0.020892
v 0.077768 -0.968353 -0.022879
v 0.070240 -0.968955 -0.023913
v 0.107146 -0.944399 -0.001178
v 0.105368 -0.949221 -0.005249
v 0.077385 -0.972688 -0.016366
v 0.069842 -0.973467 -0.017134
v 0.107091 -0.945023 -0.000240
v 0.105251 -0.950542 -0.003265
v 0.101780 -0.956889 -0.006808
v 0.097051 -0.962498 -0.010016
v 0.091255 -0.967111 -0.012745
v 0.084615 -0.970552 -0.014889
v 0.101650 -0.958360 -0.003243
v 0.096876 -0.964478 -0.005219
v 0.091042 -0.969524 -0.006899
v 0.084372 -0.973305 -0.008219
v 0.077122 -0.975675 -0.009128
v 0.069568 -0.976575 -0.009602
v 0.107053 -0.945453 0.000801
v 0.105171 -0.951451 -0.001061
v 0.076988 -0.977197 -0.001446
v 0.069428 -0.978159 -0.001605
v 0.107034 -0.945672 0.001907
v 0.105130 -0.951914 0.001278
v 0.101584 -0.959110 0.000542
v 0.096787 -0.965487 -0.000125
v 0.090934 -0.970753 -0.000693
v 0.084248 -0.974708 -0.001138
v 0.096787 -0.965487 0.005068
v 0.090934 -0.970753 0.005635
v 0.084248 -0.974708 0.006081
v 0.076988 -0.977197 0.006388
v 0.069428 -0.978159 0.006548
v 0.107034 -0.945672 0.003035
v 0.105130 -0.951914 0.003664
v 0.101584 -0.959110 0.004401
v 0.069568 -0.976575 0.014544
v 0.107053 -0.945453 0.004141
v 0.105171 -0.951451 0.006004
v 0.101650 -0.958360 0.008185
v 0.096876 -0.964478 0.010161
v 0.091042 -0.969524 0.011841
v 0.084372 -0.973305 0.013161
v 0.077122 -0.975675 0.014071
v 0.091255 -0.967111 0.017687
v 0.084615 -0.970552 0.019831
v 0.077385 -0.972688 0.021308
v 0.069842 -0.973467 0.022077
v 0.107091 -0.945023 0.005183
v 0.105251 -0.950541 0.008208
v 0.101780 -0.956889 0.011750
v 0.097051 -0.962498 0.014959
v 0.107146 -0.944399 0.006120
v 0.105368 -0.949221 0.010191
v 0.101968 -0.954754 0.014959
v 0.097304 -0.959624 0.019277
v 0.091564 -0.963610 0.022949
v 0.084967 -0.966557 0.025834
v 0.077768 -0.968353 0.027821
v 0.070240 -0.968955 0.028856
v 0.091957 -0.959152 0.027423
v 0.085415 -0.961472 0.030939
v 0.078254 -0.962836 0.033360
v 0.070746 -0.963212 0.034621
v 0.107216 -0.943604 0.006918
v 0.105516 -0.947541 0.011878
v 0.102208 -0.952035 0.017687
v 0.097627 -0.955966 0.022949
v 0.105690 -0.945565 0.013203
v 0.102489 -0.948839 0.019831
v 0.098006 -0.951665 0.025834
v 0.092419 -0.953911 0.030939
v 0.085943 -0.955493 0.034950
v 0.078826 -0.956347 0.037712
v 0.071342 -0.956459 0.039150
v 0.107299 -0.942670 0.007544
v 0.086529 -0.948849 0.037712
v 0.079462 -0.949138 0.040710
v 0.072003 -0.948956 0.042270
v 0.107390 -0.941633 0.007976
v 0.105884 -0.943370 0.014116
v 0.102803 -0.945288 0.021308
v 0.098428 -0.946886 0.027821
v 0.092932 -0.948088 0.033360
v 0.106089 -0.941039 0.014582
v 0.103135 -0.941518 0.022061
v 0.098875 -0.941812 0.028834
v 0.093478 -0.941906 0.034595
v 0.087151 -0.941795 0.039121
v 0.080137 -0.941485 0.042238
v 0.072706 -0.940990 0.043861
v 0.107487 -0.940531 0.008196
v 0.087785 -0.934604 0.039121
v 0.080825 -0.933682 0.042238
v 0.073422 -0.932869 0.043861
v 0.107586 -0.939408 0.008196
v 0.106299 -0.938663 0.014582
v 0.103474 -0.937674 0.022061
v 0.099331 -0.936639 0.028834
v 0.094033 -0.935602 0.034595
v 0.103806 -0.933904 0.021308
v 0.099779 -0.931566 0.027821
v 0.094579 -0.929420 0.033360
v 0.088407 -0.927551 0.037712
v 0.081500 -0.926029 0.040710
v 0.074124 -0.924903 0.042270
v 0.107683 -0.938306 0.007975
v 0.106504 -0.936332 0.014116
v 0.082135 -0.918820 0.037712
v 0.074786 -0.917400 0.039150
v 0.107775 -0.937268 0.007544
v 0.106698 -0.934137 0.013203
v 0.104120 -0.930353 0.019831
v 0.100200 -0.926786 0.025834
v 0.095092 -0.923597 0.030939
v 0.088993 -0.920907 0.034949
v 0.100579 -0.922485 0.022949
v 0.095554 -0.918356 0.027423
v 0.089520 -0.914927 0.030939
v 0.082708 -0.912331 0.033360
v 0.075381 -0.910647 0.034621
v 0.107857 -0.936334 0.006918
v 0.106872 -0.932161 0.011878
v 0.104401 -0.927157 0.017687
v 0.075888 -0.904904 0.028856
v 0.107927 -0.935540 0.006120
v 0.107020 -0.930480 0.010191
v 0.104641 -0.924439 0.014959
v 0.100902 -0.918827 0.019277
v 0.095947 -0.913899 0.022949
v 0.089968 -0.909842 0.025834
v 0.083194 -0.906814 0.027821
v 0.101155 -0.915953 0.014959
v 0.096256 -0.910397 0.017687
v 0.090321 -0.905847 0.019831
v 0.083576 -0.902479 0.021308
v 0.076286 -0.900392 0.022077
v 0.107982 -0.934916 0.005183
v 0.107137 -0.929160 0.008208
v 0.104829 -0.922303 0.011750
v 0.076560 -0.897284 0.014544
v 0.108020 -0.934486 0.004141
v 0.107217 -0.928251 0.006004
v 0.104959 -0.920832 0.008185
v 0.101330 -0.913974 0.010161
v 0.096469 -0.907984 0.011841
v 0.090563 -0.903095 0.013161
v 0.083840 -0.899493 0.014071
v 0.096577 -0.906755 0.005635
v 0.090687 -0.901692 0.006081
v 0.083974 -0.897970 0.006388
v 0.076700 -0.895700 0.006548
v 0.108040 -0.934267 0.003035
v 0.107258 -0.927787 0.003664
v 0.105025 -0.920082 0.004401
v 0.101419 -0.912964 0.005068
v 0.107833 0.485922 0.002471
v 0.106327 0.493615 0.002471
v 0.103396 0.501121 0.002471
v 0.099154 0.507847 0.002471
v 0.093765 0.513536 0.002471
v 0.087434 0.517968 0.002471
v 0.080406 0.520973 0.002471
v 0.107819 0.485761 0.000823
v 0.106300 0.493309 -0.000647
v 0.103357 0.500677 -0.002055
v 0.099104 0.507282 -0.003290
v 0.093706 0.512871 -0.004303
v 0.087369 0.517230 -0.005056
v 0.080337 0.520190 -0.005519
v 0.072903 0.521900 -0.005728
v 0.107776 0.485282 -0.000762
v 0.106220 0.492404 -0.003644
v 0.103241 0.499362 -0.006407
v 0.098957 0.505609 -0.008829
v 0.093532 0.510903 -0.010816
v 0.087176 0.515043 -0.012293
v 0.080132 0.517868 -0.013202
v 0.072693 0.519518 -0.013612
v 0.107708 0.484504 -0.002223
v 0.106090 0.490932 -0.006407
v 0.103053 0.497226 -0.010418
v 0.098717 0.502890 -0.013934
v 0.093251 0.507707 -0.016819
v 0.086863 0.511491 -0.018963
v 0.079800 0.514098 -0.020283
v 0.072352 0.515649 -0.020878
v 0.107615 0.483457 -0.003504
v 0.105916 0.488953 -0.008829
v 0.102799 0.494352 -0.013934
v 0.098395 0.499233 -0.018408
v 0.092871 0.503406 -0.022080
v 0.086441 0.506712 -0.024809
v 0.079352 0.509024 -0.026489
v 0.071893 0.510443 -0.027247
v 0.107503 0.482182 -0.004554
v 0.105703 0.486541 -0.010816
v 0.102490 0.490850 -0.016819
v 0.098001 0.494775 -0.022080
v 0.092409 0.498165 -0.026398
v 0.085928 0.500889 -0.029606
v 0.078807 0.502842 -0.031582
v 0.071333 0.504099 -0.032473
v 0.107375 0.480727 -0.005335
v 0.105460 0.483789 -0.012293
v 0.102138 0.486855 -0.018963
v 0.097553 0.489690 -0.024809
v 0.091882 0.492185 -0.029607
v 0.085342 0.494245 -0.033172
v 0.078185 0.495788 -0.035367
v 0.070695 0.496861 -0.036357
v 0.107235 0.479148 -0.005816
v 0.105197 0.480802 -0.013202
v 0.101756 0.482520 -0.020283
v 0.097067 0.484173 -0.026489
v 0.091310 0.485697 -0.031582
v 0.084706 0.487035 -0.035367
v 0.077510 0.488135 -0.037698
v 0.070003 0.489007 -0.038749
v 0.107091 0.477506 -0.005978
v 0.104923 0.477697 -0.013509
v 0.101358 0.478011 -0.020729
v 0.096561 0.478434 -0.027056
v 0.090715 0.478950 -0.032249
v 0.084045 0.479538 -0.036108
v 0.076808 0.480176 -0.038485
v 0.069282 0.480840 -0.039556
v 0.106946 0.475864 -0.005816
v 0.104649 0.474591 -0.013202
v 0.100961 0.473503 -0.020283
v 0.096054 0.472696 -0.026489
v 0.090120 0.472202 -0.031582
v 0.083384 0.472041 -0.035367
v 0.076106 0.472217 -0.037698
v 0.068562 0.472672 -0.038749
v 0.106807 0.474285 -0.005335
v 0.104386 0.471605 -0.012293
v 0.100578 0.469167 -0.018963
v 0.095568 0.467178 -0.024809
v 0.089548 0.465714 -0.029606
v 0.082748 0.464831 -0.033172
v 0.075432 0.464564 -0.035367
v 0.067869 0.464819 -0.036357
v 0.106678 0.472830 -0.004554
v 0.104143 0.468853 -0.010816
v 0.100226 0.465172 -0.016819
v 0.095119 0.462093 -0.022080
v 0.089020 0.459735 -0.026398
v 0.082162 0.458187 -0.029607
v 0.074810 0.457510 -0.031582
v 0.067231 0.457581 -0.032473
v 0.106566 0.471554 -0.003504
v 0.103930 0.466441 -0.008829
v 0.099917 0.461670 -0.013934
v 0.094726 0.457636 -0.018408
v 0.088558 0.454494 -0.022080
v 0.081649 0.452364 -0.024809
v 0.074264 0.451328 -0.026489
v 0.066672 0.451237 -0.027247
v 0.106474 0.470508 -0.002223
v 0.103756 0.464461 -0.006407
v 0.099664 0.458796 -0.010418
v 0.094404 0.453978 -0.013934
v 0.088179 0.450192 -0.016819
v 0.081227 0.447584 -0.018963
v 0.073817 0.446254 -0.020283
v 0.066213 0.446031 -0.020878
v 0.106405 0.469730 -0.000762
v 0.103626 0.462990 -0.003644
v 0.099475 0.456661 -0.006407
v 0.094164 0.451260 -0.008829
v 0.087897 0.446996 -0.010816
v 0.080914 0.444033 -0.012293
v 0.073485 0.442484 -0.013202
v 0.065872 0.442162 -0.013612
v 0.106363 0.469251 0.000823
v 0.103546 0.462085 -0.000647
v 0.099359 0.455346 -0.002055
v 0.094017 0.449586 -0.003290
v 0.087723 0.445028 -0.004303
v 0.080721 0.441846 -0.005056
v 0.073280 0.440163 -0.005519
v 0.065661 0.439780 -0.005728
v 0.106348 0.469089 0.002471
v 0.103519 0.461779 0.002471
v 0.099320 0.454901 0.002471
v 0.093967 0.449021 0.002471
v 0.087665 0.444364 0.002471
v 0.080656 0.441108 0.002471
v 0.073211 0.439379 0.002471
v 0.065591 0.438975 0.002471
v 0.106363 0.469251 0.004119
v 0.103546 0.462085 0.005589
v 0.099359 0.455345 0.006997
v 0.094017 0.449586 0.008231
v 0.087723 0.445028 0.009245
v 0.080721 0.441846 0.009997
v 0.073280 0.440163 0.010461
v 0.065661 0.439780 0.010670
v 0.106405 0.469730 0.005704
v 0.103626 0.462990 0.008586
v 0.099475 0.456661 0.011349
v 0.094164 0.451260 0.013771
v 0.087897 0.446996 0.015758
v 0.080914 0.444033 0.017235
v 0.073485 0.442484 0.018144
v 0.065872 0.442162 0.018554
v 0.106474 0.470508 0.007165
v 0.103756 0.464461 0.011349
v 0.099664 0.458796 0.015360
v 0.094404 0.453978 0.018875
v 0.088179 0.450192 0.021761
v 0.081227 0.447584 0.023904
v 0.073817 0.446254 0.025225
v 0.066213 0.446031 0.025820
v 0.106566 0.471554 0.008445
v 0.103930 0.466441 0.013771
v 0.099917 0.461670 0.018875
v 0.094726 0.457636 0.023350
v 0.088558 0.454494 0.027022
v 0.081649 0.452364 0.029751
v 0.074264 0.451328 0.031431
v 0.066672 0.451237 0.032189
v 0.106678 0.472830 0.009496
v 0.104143 0.468853 0.015758
v 0.100226 0.465172 0.021761
v 0.095119 0.462093 0.027022
v 0.089020 0.459735 0.031340
v 0.082162 0.458187 0.034549
v 0.074810 0.457510 0.036524
v 0.067231 0.457581 0.037415
v 0.108014 0.477424 0.002471
v 0.106807 0.474285 0.010277
v 0.104386 0.471605 0.017235
v 0.100578 0.469168 0.023904
v 0.095568 0.467178 0.029751
v 0.089548 0.465714 0.034548
v 0.082748 0.464831 0.038114
v 0.075432 0.464564 0.040309
v 0.067869 0.464819 0.041299
v 0.106946 0.475864 0.010758
v 0.104649 0.474591 0.018144
v 0.100961 0.473503 0.025225
v 0.096054 0.472696 0.031431
v 0.090120 0.472202 0.036524
v 0.083384 0.472041 0.040309
v 0.076106 0.472217 0.042640
v 0.068562 0.472672 0.043690
v 0.107091 0.477506 0.010920
v 0.104923 0.477697 0.018451
v 0.101358 0.478011 0.025670
v 0.096561 0.478434 0.031998
v 0.090715 0.478950 0.037191
v 0.084045 0.479538 0.041050
v 0.076808 0.480176 0.043426
v 0.069282 0.480840 0.044498
v 0.107235 0.479148 0.010758
v 0.105197 0.480802 0.018144
v 0.101756 0.482520 0.025225
v 0.097067 0.484173 0.031431
v 0.091310 0.485697 0.036524
v 0.084706 0.487035 0.040309
v 0.077510 0.488135 0.042640
v 0.070003 0.489007 0.043690
v 0.107375 0.480727 0.010277
v 0.105460 0.483789 0.017235
v 0.102138 0.486855 0.023904
v 0.097553 0.489690 0.029751
v 0.091882 0.492185 0.034548
v 0.085342 0.494244 0.038114
v 0.078185 0.495788 0.040309
v 0.070695 0.496861 0.041299
v 0.107503 0.482182 0.009496
v 0.105703 0.486541 0.015758
v 0.102490 0.490850 0.021761
v 0.098001 0.494775 0.027022
v 0.092409 0.498165 0.031340
v 0.085928 0.500889 0.034548
v 0.078807 0.502842 0.036524
v 0.071333 0.504099 0.037415
v 0.107615 0.483457 0.008445
v 0.105916 0.488953 0.013770
v 0.102799 0.494352 0.018875
v 0.098395 0.499233 0.023350
v 0.092871 0.503406 0.027022
v 0.086441 0.506712 0.029751
v 0.079352 0.509024 0.031431
v 0.071893 0.510442 0.032189
v 0.107708 0.484504 0.007165
v 0.106090 0.490932 0.011349
v 0.103053 0.497226 0.015360
v 0.098717 0.502890 0.018875
v 0.093251 0.507707 0.021761
v 0.086863 0.511492 0.023904
v 0.079800 0.514098 0.025225
v 0.072352 0.515649 0.025820
v 0.107776 0.485282 0.005704
v 0.106220 0.492403 0.008586
v 0.103241 0.499362 0.011349
v 0.098957 0.505609 0.013771
v 0.093532 0.510903 0.015758
v 0.087176 0.515043 0.017235
v 0.080132 0.517868 0.018144
v 0.072693 0.519518 0.018554
v 0.107819 0.485761 0.004119
v 0.106300 0.493309 0.005589
v 0.103357 0.500677 0.006997
v 0.099104 0.507282 0.008231
v 0.093706 0.512871 0.009245
v 0.087369 0.517230 0.009997
v 0.080337 0.520190 0.010461
v 0.072903 0.521900 0.010670
v 0.072974 0.522704 0.002471
vn -0.9947 -0.0243 0.1001
vn -0.9947 -0.0217 0.1001
vn -0.0000 -0.2088 0.9780
vn -0.0000 -0.1430 0.9897
vn -0.9946 -0.0269 0.1001
vn -0.9946 -0.0265 0.0999
vn 0.9997 0.0045 -0.0248
vn 0.9997 0.0006 -0.0239
vn 0.9997 0.0033 -0.0238
vn -0.0000 -0.2944 0.9557
vn 0.9997 -0.0000 -0.0248
vn 0.9997 0.0002 -0.0249
vn -0.9908 -0.0908 0.1003
vn -0.9908 -0.0910 0.1003
vn 0.9995 0.0115 -0.0277
vn 0.9996 0.0103 -0.0279
vn 0.9995 0.0072 -0.0314
vn -0.9945 -0.0314 0.0997
vn -0.0000 -0.3454 0.9385
vn -0.9916 -0.0909 0.0923
vn -0.9916 -0.0909 0.0922
vn -0.0000 -0.4741 0.8805
vn 0.9994 0.0150 -0.0308
vn 0.9994 0.0168 -0.0312
vn 0.9993 0.0131 -0.0351
vn -0.0000 -0.6428 0.7661
vn -0.0000 -0.6068 0.7949
vn 0.9989 0.0272 -0.0371
vn 0.9989 0.0284 -0.0375
vn 0.9987 0.0216 -0.0459
vn 0.9985 0.0329 -0.0430
vn 0.9982 0.0362 -0.0486
vn 0.9986 0.0282 -0.0445
vn -0.9839 -0.1567 0.0861
vn -0.9850 -0.1546 0.0770
vn -0.9852 -0.1517 0.0799
vn -0.0000 -0.7176 0.6965
vn -0.0000 -0.8145 0.5802
vn -0.0000 -0.7874 0.6164
vn 0.9968 0.0460 -0.0650
vn 0.9950 0.0993 -0.0120
vn 0.9946 0.0563 -0.0874
vn -0.0000 -0.8116 0.5842
vn 0.9868 0.1318 -0.0937
vn 0.9868 0.1316 -0.0939
vn 0.9868 0.1323 -0.0933
vn 0.9997 0.0001 -0.0228
vn 0.9997 0.0001 -0.0229
vn 0.9997 -0.0000 -0.0230
vn 0.9997 0.0027 -0.0238
vn -0.0000 -0.0894 0.9960
vn -0.0000 -0.0876 0.9962
vn -0.0000 0.8915 0.4529
vn -0.0000 0.9055 0.4244
vn -0.0000 -0.1076 0.9942
vn 0.9997 -0.0000 -0.0227
vn 0.9997 0.0002 -0.0228
vn 0.9991 -0.0089 -0.0414
vn 0.9992 -0.0080 -0.0404
vn 0.9995 -0.0000 -0.0317
vn 0.9996 -0.0045 -0.0272
vn 0.9997 -0.0021 -0.0250
vn -0.0000 0.8633 0.5047
vn 0.9907 -0.0294 -0.1327
vn 0.9884 -0.1129 -0.1016
vn 0.9868 -0.1310 -0.0947
vn -0.0000 0.8303 0.5573
vn 0.9979 -0.0282 -0.0584
vn 0.9947 -0.0739 -0.0718
vn 0.9987 -0.0000 -0.0501
vn -0.0000 0.8128 0.5826
vn -0.0000 0.8195 0.5731
vn -0.0000 0.8237 0.5671
vn 0.9699 -0.1998 -0.1392
vn 0.9700 -0.1990 -0.1397
vn 0.9701 -0.1978 -0.1405
vn -0.9948 -0.0036 0.1021
vn -0.9953 -0.0074 0.0962
vn -0.9955 -0.0067 0.0947
vn -0.9957 0.0174 0.0910
vn -0.9961 0.0030 0.0877
vn -0.9962 -0.0059 0.0872
vn -0.9952 0.0445 0.0867
vn -0.9924 0.0913 0.0820
vn -0.9954 0.0398 0.0871
vn -0.9846 0.1508 0.0885
vn -0.9898 0.1078 0.0928
vn -0.9869 0.1340 0.0897
vn -0.9947 -0.0776 0.0672
vn -0.9882 0.1283 0.0837
vn -0.9738 0.2168 0.0687
vn -0.9863 0.1419 0.0844
vn -0.0000 0.1294 -0.9916
vn -0.0000 0.0925 -0.9957
vn -0.0000 0.1292 -0.9916
vn -0.0000 0.4795 0.8776
vn -0.0000 0.1504 -0.9886
vn -0.0000 0.9998 -0.0197
vn -0.0000 0.8148 -0.5797
vn -0.0000 0.8000 -0.6000
vn -0.0000 1.0000 -0.0000
vn -0.0000 0.8293 -0.5588
vn -0.0000 0.8150 -0.5794
vn -0.0000 0.4795 0.8775
vn -0.0000 -0.5046 0.8633
vn -0.0000 -0.8721 -0.4893
vn -0.0000 -0.8679 -0.4968
vn -0.0000 -0.8722 -0.4891
vn -0.0000 -0.8764 -0.4816
vn -0.0000 -0.5954 -0.8034
vn -0.9896 0.1168 0.0835
vn -0.9845 0.1498 0.0917
vn -0.9836 0.1547 0.0929
vn -0.9951 -0.0587 0.0799
vn -0.9932 -0.0846 0.0804
vn -0.9977 -0.0214 0.0638
vn -0.9868 -0.1316 0.0939
vn -0.9868 -0.1318 0.0937
vn -0.9868 -0.1323 0.0933
vn -0.9956 -0.0078 0.0929
vn -0.9956 -0.0104 0.0928
vn -0.9974 0.0030 0.0713
vn -0.9959 -0.0030 0.0906
vn -0.9965 -0.0025 0.0838
vn -0.9966 0.0153 0.0815
vn -0.9966 -0.0058 0.0824
vn -0.9955 0.0373 0.0869
vn -0.9813 0.1710 0.0882
vn -0.9775 0.1902 0.0911
vn -0.9888 0.1249 0.0819
vn -0.9856 0.1292 0.1093
vn -0.9881 0.1060 0.1113
vn -0.9768 0.1828 0.1115
vn -0.9786 0.1735 0.1109
vn -0.9678 0.2119 0.1355
vn -0.9720 0.1955 0.1303
vn -0.9700 0.1990 0.1397
vn -0.9722 0.1877 0.1402
vn -0.9722 0.1890 0.1380
vn -0.9738 0.1787 0.1407
vn -0.9725 0.1855 0.1410
vn -0.9933 -0.0577 0.1004
vn -0.9938 -0.0553 0.0970
vn -0.9935 -0.0553 0.0996
vn -0.9944 -0.0314 0.1007
vn -0.9943 -0.0363 0.1002
vn -0.9945 -0.0321 0.0997
vn -0.9943 -0.0364 0.1000
vn -0.9932 -0.0728 0.0914
vn -0.9937 -0.0691 0.0888
vn -0.9932 -0.0705 0.0926
vn -0.9854 -0.1570 0.0666
vn -0.9930 -0.0801 0.0869
vn -0.9920 -0.1015 0.0747
vn -0.9948 -0.0210 0.1001
vn -0.9952 -0.0137 0.0966
vn -0.9953 -0.0201 0.0948
vn -0.9946 -0.0298 0.0999
vn -0.9947 -0.0219 0.1001
vn -0.9947 -0.0253 0.0999
vn -0.0000 0.7730 -0.6344
vn -0.0000 0.0767 -0.9971
vn -0.0000 0.7445 -0.6676
vn -0.0000 -0.9995 -0.0318
vn -0.0000 0.2111 -0.9775
vn -0.0000 0.1867 -0.9824
vn -0.0000 -0.4021 -0.9156
vn -0.0000 0.1563 -0.9877
vn -0.0000 -0.5642 -0.8256
vn -0.0000 0.2602 -0.9655
vn -0.0000 0.2357 -0.9718
vn -0.0000 -0.0827 -0.9966
vn -0.0000 0.4642 -0.8857
vn -0.0000 -0.9996 -0.0290
vn -0.0000 -0.8682 -0.4961
vn -0.0000 -0.8724 -0.4888
vn -0.0000 0.6074 -0.7944
vn -0.0000 0.9339 0.3575
vn -0.0000 0.3649 -0.9311
vn -0.0000 0.3129 -0.9498
vn -0.0000 0.3131 -0.9497
vn -0.0000 0.7119 -0.7023
vn -0.0000 0.7117 -0.7025
vn -0.0000 0.6757 -0.7372
vn -0.0000 0.6740 -0.7388
vn -0.7655 0.5265 -0.3698
vn -0.7506 0.5350 -0.3878
vn -0.7380 0.5567 -0.3813
vn -0.6111 -0.0938 0.7860
vn -0.6281 -0.0607 0.7757
vn -0.6129 -0.0556 0.7882
vn -0.6950 -0.0087 0.7190
vn -0.7026 0.0014 0.7116
vn -0.7929 0.5177 -0.3214
vn -0.9418 -0.2466 -0.2283
vn -0.7656 0.3564 -0.5355
vn -0.9522 0.3007 0.0544
vn -0.9530 0.3003 0.0397
vn -0.7637 0.4332 -0.4786
vn -0.8386 0.3709 -0.3990
vn -0.8664 -0.4873 -0.1088
vn -0.8479 -0.5078 -0.1524
vn -0.9141 -0.4022 0.0518
vn -0.7275 0.3260 -0.6037
vn -0.7255 0.3366 -0.6003
vn -0.9882 0.1010 0.1155
vn -0.9947 -0.0225 0.1001
vn -0.9949 -0.0172 0.0998
vn -0.9947 -0.0202 0.1009
vn -0.9946 -0.0266 0.0999
vn -0.9947 -0.0269 0.0997
vn -0.8680 0.2422 0.4334
vn -0.8683 0.2413 0.4333
vn -0.8692 0.2388 0.4330
vn -0.9504 -0.0793 0.3007
vn -0.9135 -0.3965 0.0911
vn -0.9528 -0.0975 0.2873
vn -0.9948 0.0155 0.1010
vn -0.9624 0.2631 0.0671
vn -0.8702 0.2251 0.4382
vn -0.9571 0.2697 0.1055
vn -0.8267 -0.5593 0.0611
vn -0.9466 -0.3102 0.0878
vn -0.9352 -0.2430 0.2576
vn -0.9946 -0.0217 0.1010
vn -0.9954 0.0153 0.0944
vn -0.9951 0.0148 0.0973
vn -0.9951 0.0148 0.0977
vn -0.9950 0.0376 0.0927
vn 0.0408 -0.7157 0.6972
vn 0.0408 -0.7156 0.6973
vn -0.9955 -0.0017 0.0944
vn -0.9953 -0.0023 0.0963
vn -0.9955 -0.0030 0.0950
vn -0.9957 0.0071 0.0927
vn -0.9950 0.0104 0.0992
vn -0.9955 0.0063 0.0945
vn 0.1106 0.5379 0.8357
vn 0.1097 0.5723 0.8127
vn -0.9953 0.0351 0.0903
vn -0.9955 0.0285 0.0905
vn -0.9954 0.0338 0.0891
vn 0.0408 -0.7158 0.6971
vn 0.0368 0.9969 -0.0695
vn -0.9954 0.0721 0.0626
vn -0.9906 0.1152 0.0740
vn -0.1121 -0.3921 -0.9130
vn -0.1121 -0.3912 -0.9134
vn -0.1121 -0.3922 -0.9130
vn -0.1031 0.0040 -0.9947
vn -0.1096 -0.5743 -0.8113
vn -0.1121 -0.3931 -0.9126
vn 0.0797 0.9236 0.3750
vn 0.0820 0.9124 0.4010
vn 0.1106 0.5357 0.8371
vn 0.1106 0.5365 0.8366
vn 0.0841 0.9005 0.4267
vn 0.1075 0.1111 0.9880
vn -0.3239 0.0936 0.9415
vn 0.1075 0.1121 0.9879
vn -0.9948 0.0099 0.1012
vn -0.9948 0.0091 0.1016
vn -0.9953 0.0031 0.0964
vn -0.9947 -0.0197 0.1007
vn -0.6336 0.0660 0.7708
vn -0.9959 0.0204 0.0876
vn -0.9958 0.0222 0.0887
vn -0.9961 0.0195 0.0862
vn -0.9954 0.0168 0.0940
vn -0.9950 0.0230 0.0969
vn -0.9936 0.0327 0.1077
vn -0.9914 0.1016 0.0831
vn -0.9916 0.0975 0.0848
vn -0.9915 0.0969 0.0868
vn -0.9906 0.1095 0.0816
vn -0.9906 0.1064 0.0856
vn -0.9914 0.1020 0.0817
vn -0.9967 0.0060 0.0810
vn -0.9937 0.0482 0.1017
vn -0.9966 0.0056 0.0816
vn -0.9943 0.0146 0.1059
vn -0.9944 0.0144 0.1047
vn -0.9956 0.0034 0.0936
vn -0.9911 0.1030 0.0841
vn -0.9884 0.1280 0.0818
vn -0.9928 0.0499 0.1091
vn -0.9892 0.1187 0.0863
vn -0.9960 0.0240 0.0862
vn -0.9953 0.0205 0.0950
vn -0.9947 0.0227 0.0999
vn -0.0603 0.5667 -0.8217
vn -0.0602 0.5676 -0.8211
vn -0.1120 -0.4317 -0.8950
vn -0.1120 -0.4303 -0.8957
vn -0.1121 -0.3743 -0.9205
vn -0.0235 -0.9812 0.1914
vn 0.1107 0.5311 0.8400
vn 0.1107 0.5317 0.8396
vn 0.1107 0.5311 0.8401
vn 0.1076 0.1131 0.9877
vn 0.0121 0.9568 -0.2904
vn -0.0464 -0.9987 -0.0222
vn -0.0602 0.5677 -0.8211
vn -0.0601 0.5686 -0.8204
vn -0.1112 -0.5081 -0.8541
vn -0.0341 0.7581 -0.6512
vn -0.0341 0.7582 -0.6511
vn 0.1107 0.5305 0.8405
vn -0.0341 0.7583 -0.6510
vn -0.1120 -0.4288 -0.8964
vn 0.0121 0.9568 -0.2903
vn 0.1106 0.5349 0.8376
vn 0.4552 -0.8791 0.1411
vn 0.4547 -0.8795 0.1405
vn 0.4716 0.4720 0.7448
vn 0.4699 0.4750 0.7441
vn -0.4802 -0.4576 -0.7484
vn -0.4873 -0.4452 -0.7512
vn -0.4885 -0.4432 -0.7516
vn 0.9899 0.1407 0.0167
vn 0.1779 0.8166 0.5491
vn 0.9932 0.1167 -0.0001
vn -0.6260 0.6450 -0.4382
vn -0.6270 0.6426 -0.4404
vn -0.6256 0.6461 -0.4373
vn -0.4659 -0.4815 -0.7424
vn -0.4722 -0.4710 -0.7451
vn -0.4645 -0.4838 -0.7417
vn -0.6246 0.6485 -0.4352
vn 0.3896 -0.9197 0.0484
vn 0.6440 0.0574 0.7629
vn 0.4560 -0.8785 0.1424
vn 0.4556 -0.8788 0.1417
vn 0.4661 0.4812 0.7424
vn 0.4679 0.4782 0.7432
vn -0.4893 -0.4418 -0.7519
vn -0.4893 -0.4418 -0.7520
vn -0.9887 0.1476 -0.0246
vn -0.9975 0.0639 -0.0302
vn -0.9888 0.1482 -0.0142
vn -0.9890 0.1475 -0.0134
vn -0.9885 0.1509 -0.0056
vn -0.9993 -0.0366 -0.0113
vn -0.9996 -0.0127 -0.0262
vn -0.9970 -0.0596 0.0488
vn -0.9987 0.0269 -0.0437
vn -0.9996 -0.0164 0.0218
vn -0.8186 -0.5710 0.0622
vn -0.7846 -0.6177 0.0534
vn -0.9779 -0.0840 -0.1914
vn -0.9359 0.2098 -0.2828
vn -0.9594 0.1930 -0.2058
vn -0.9668 0.1514 -0.2061
vn -0.9386 0.2929 -0.1822
vn -0.9520 0.2321 -0.1996
vn -0.9471 0.2301 -0.2237
vn 0.1915 -0.9616 -0.1967
vn -0.8900 0.4559 -0.0050
vn -0.8206 0.5677 -0.0658
vn -0.9270 0.3750 0.0005
vn -0.9349 0.3548 0.0126
vn -0.9394 0.3417 0.0257
vn -0.9108 0.2523 0.3267
vn -0.9093 0.2592 0.3254
vn -0.9107 0.2538 0.3259
vn -0.9163 0.2230 0.3325
vn -0.6714 0.2982 0.6784
vn -0.8876 0.2522 0.3854
vn -0.0506 0.3317 0.9420
vn -0.9794 -0.0860 0.1828
vn -0.9796 -0.0873 0.1810
vn -0.9804 -0.0899 0.1756
vn -0.9773 0.0143 0.2113
vn -0.9804 -0.0205 0.1960
vn -0.9702 0.0901 0.2251
vn -0.9853 0.1471 0.0864
vn -0.9856 0.1449 0.0875
vn -0.9853 0.1477 0.0861
vn -0.9997 -0.0053 -0.0222
vn -0.9999 -0.0087 -0.0139
vn -0.9999 -0.0098 -0.0112
vn -0.9960 -0.0743 -0.0497
vn -0.9963 -0.0763 -0.0406
vn -0.9963 -0.0805 -0.0298
vn -0.9953 -0.0720 -0.0654
vn -0.9929 -0.0808 -0.0877
vn -0.9921 -0.0818 -0.0950
vn -0.9994 -0.0210 0.0276
vn -0.9988 -0.0086 0.0472
vn -0.8456 0.3736 0.3812
vn -0.8095 0.4984 0.3104
vn -0.8081 0.4999 0.3116
vn -0.8480 0.3510 0.3971
vn -0.8592 0.2375 0.4531
vn -0.8620 0.2312 0.4511
vn -0.8747 0.2166 0.4336
vn -0.9466 0.0233 0.3216
vn -0.9195 0.0191 0.3927
vn -0.9165 0.0187 0.3996
vn -0.9884 -0.1018 0.1131
vn -0.9832 -0.1323 0.1259
vn -0.9842 -0.1267 0.1236
vn -0.9989 -0.0379 0.0268
vn -0.9861 -0.1501 0.0709
vn -0.9921 -0.0937 0.0830
vn -0.9848 -0.1548 0.0793
vn -0.9916 -0.0907 0.0917
vn -0.9918 -0.0894 0.0913
vn -0.9945 -0.0317 0.1003
vn -0.9946 -0.0291 0.0997
vn -0.9947 -0.0268 0.0997
vn -0.9931 -0.0600 0.1005
vn -0.9932 -0.0591 0.0999
vn -0.9923 -0.0743 0.0993
vn -0.9948 -0.0183 0.1003
vn -0.9940 -0.0153 0.1079
vn -0.9948 -0.0184 0.1002
vn -0.9933 -0.0576 0.1006
vn -0.9924 -0.0790 0.0942
vn -0.9923 -0.0823 0.0922
vn -0.9922 -0.0572 0.1110
vn -0.9947 -0.0239 0.0998
vn -0.9947 -0.0258 0.0999
vn -0.9946 -0.0268 0.1000
vn -0.9946 -0.0325 0.0982
vn -0.9947 -0.0254 0.0998
vn -0.9947 -0.0252 0.0998
vn -0.9946 -0.0264 0.1001
vn -0.9947 -0.0228 0.1001
vn -0.9924 -0.0111 0.1225
vn -0.9944 -0.0318 0.1012
vn -0.9942 -0.0370 0.1010
vn -0.9944 -0.0316 0.1011
vn -0.9945 -0.0323 0.1000
vn -0.9944 -0.0330 0.1006
vn -0.9944 -0.0344 0.0994
vn -0.9945 -0.0333 0.0994
vn -0.9942 -0.0308 0.1029
vn -0.9945 -0.0333 0.0992
vn -0.9944 -0.0352 0.1001
vn -0.9945 -0.0323 0.0997
vn -0.9922 -0.0839 0.0919
vn -0.9940 -0.0771 0.0779
vn -0.9916 -0.0951 0.0872
vn -0.9917 -0.0893 0.0922
vn -0.9921 -0.0850 0.0923
vn -0.9922 -0.0826 0.0936
vn -0.9923 -0.0833 0.0919
vn -0.9923 -0.0838 0.0917
vn -0.9325 0.1660 -0.3207
vn -0.9273 0.1608 -0.3379
vn -0.9228 0.1880 -0.3363
vn -0.8115 0.2138 0.5439
vn -0.8231 0.2076 0.5286
vn -0.8261 0.2103 0.5229
vn -0.8053 0.2156 0.5523
vn -0.8011 0.2372 0.5495
vn -0.9401 0.1625 -0.2998
vn -0.7892 -0.6077 -0.0882
vn -0.0012 -0.9820 -0.1888
vn 0.9986 -0.0462 -0.0259
vn 0.9986 -0.0446 -0.0283
vn 0.9986 -0.0424 -0.0317
vn 0.0061 0.5188 0.8548
vn 0.9997 0.0024 -0.0228
vn 0.9997 0.0016 -0.0227
vn 0.9997 0.0017 -0.0227
vn 0.0049 0.7151 0.6990
vn 0.9997 0.0020 -0.0229
vn 0.9997 0.0016 -0.0230
vn 0.0002 -1.0000 0.0062
vn 0.9977 -0.0532 -0.0419
vn 0.9977 -0.0542 -0.0397
vn 0.9978 -0.0576 -0.0316
vn -0.0045 0.7858 -0.6184
vn -0.0043 0.8091 -0.5876
vn -0.0043 0.8101 -0.5863
vn -0.0001 1.0000 -0.0030
vn 0.0033 -0.8967 0.4427
vn 0.9992 0.0055 -0.0390
vn 0.9993 0.0011 -0.0362
vn 0.9991 0.0140 -0.0412
vn -0.0041 0.8332 -0.5530
vn -0.0041 0.8332 -0.5529
vn 0.9995 0.0030 -0.0305
vn 0.9996 0.0008 -0.0286
vn 0.9996 0.0016 -0.0275
vn -0.0012 0.9879 -0.1549
vn 0.9995 0.0014 -0.0325
vn 0.0061 -0.5312 0.8472
vn 0.9996 0.0004 -0.0265
vn 0.9997 0.0011 -0.0241
vn -0.0042 0.8164 -0.5775
vn -0.0043 0.8156 -0.5786
vn 0.9372 -0.3433 -0.0621
vn 0.9744 -0.1389 -0.1766
vn 0.9701 -0.0082 -0.2427
vn 0.9997 0.0015 -0.0228
vn 0.9997 0.0003 -0.0227
vn 0.9997 0.0011 -0.0229
vn 0.9997 0.0017 -0.0225
vn 0.9997 0.0013 -0.0225
vn 0.4307 -0.7832 -0.4485
vn 0.1257 -0.8641 -0.4873
vn 0.9024 -0.3670 -0.2258
vn 0.9997 0.0024 -0.0235
vn 0.9997 0.0004 -0.0244
vn 0.9997 0.0004 -0.0235
vn 0.9997 0.0037 -0.0256
vn 0.9997 0.0003 -0.0250
vn 0.9997 0.0064 -0.0256
vn 0.9984 0.0146 -0.0542
vn 0.9993 0.0087 -0.0377
vn 0.9992 0.0121 -0.0385
vn 0.9995 0.0048 -0.0298
vn 0.9996 0.0093 -0.0272
vn 0.9995 0.0132 -0.0301
vn 0.9995 0.0134 -0.0293
vn 0.9991 0.0218 -0.0362
vn 0.9996 0.0026 -0.0271
vn 0.9997 0.0061 -0.0253
vn 0.9996 0.0087 -0.0273
vn 0.9989 -0.0000 -0.0463
vn 0.0063 0.4519 0.8920
vn 0.0072 0.0034 1.0000
vn 0.0072 0.0033 1.0000
vn -0.0046 -0.7526 -0.6584
vn 0.0070 0.1939 0.9810
vn -0.0071 -0.0726 -0.9973
vn 0.0072 0.0203 0.9998
vn 0.0072 0.0429 0.9991
vn -0.0068 0.3219 -0.9468
vn -0.0068 0.3162 -0.9487
vn 0.0072 -0.0022 1.0000
vn -0.0068 0.3275 -0.9448
vn -0.0072 0.1001 -0.9950
vn -0.0072 0.0955 -0.9954
vn 0.0072 -0.0027 1.0000
vn 0.0072 -0.0053 1.0000
vn -0.0071 0.1184 -0.9929
vn -0.0047 0.7622 -0.6473
vn -0.0050 0.7259 -0.6878
vn -0.0071 0.1731 -0.9849
vn -0.0044 0.7968 -0.6042
vn -0.0047 0.7628 -0.6467
vn -0.0070 0.2137 -0.9769
vn 0.0072 -0.0009 1.0000
vn -0.0067 0.3663 -0.9305
vn -0.0063 0.5039 -0.8637
vn -0.0062 0.5122 -0.8589
vn -0.0064 0.4692 -0.8831
vn -0.0052 0.6949 -0.7191
vn -0.0059 0.5890 -0.8081
vn -0.0059 0.5889 -0.8082
vn 0.0072 -0.0035 1.0000
vn 0.0072 -0.0023 1.0000
vn 0.0081 -0.0036 1.0000
vn -0.0057 0.6228 -0.7823
vn -0.0036 -0.8722 -0.4892
vn -0.0138 -0.8723 -0.4887
vn -0.0055 0.6573 -0.7536
vn -0.0034 -0.8723 -0.4889
vn -0.0051 0.7085 -0.7057
vn -0.0055 0.6576 -0.7533
vn -0.0052 0.7085 -0.7057
vn -0.0047 -0.7392 -0.6734
vn -0.0067 0.3859 -0.9225
vn -0.0068 -0.2983 -0.9544
vn -0.0064 0.4561 -0.8899
vn -0.0067 0.3860 -0.9225
vn -0.0072 0.0954 -0.9954
vn 0.0235 -0.0033 0.9997
vn 0.0291 -0.0027 0.9996
vn 0.0072 -0.0577 0.9983
vn 0.0072 -0.0026 1.0000
vn -0.0138 -0.8724 -0.4887
vn 0.0071 -0.1152 0.9933
vn -0.0026 0.9363 -0.3511
vn -0.9947 -0.0243 -0.1001
vn -0.9947 -0.0217 -0.1001
vn -0.0000 -0.1430 -0.9897
vn -0.0000 -0.2088 -0.9780
vn -0.9946 -0.0269 -0.1001
vn -0.0000 -0.0000 1.0000
vn 0.9997 0.0045 0.0248
vn 0.9997 0.0006 0.0239
vn 0.9997 0.0002 0.0249
vn -0.0000 -0.2944 -0.9557
vn 0.9997 0.0004 0.0249
vn 0.9997 0.0046 0.0256
vn -0.9908 -0.0908 -0.1003
vn -0.9908 -0.0910 -0.1003
vn 0.9995 0.0072 0.0314
vn 0.9996 0.0103 0.0279
vn 0.9995 0.0115 0.0277
vn -0.9945 -0.0314 -0.0997
vn -0.9945 -0.0314 -0.0999
vn -0.9945 -0.0320 -0.0999
vn -0.0000 -0.3454 -0.9385
vn -0.9916 -0.0909 -0.0923
vn -0.9919 -0.0907 -0.0889
vn -0.0000 -0.4741 -0.8805
vn 0.9993 0.0131 0.0351
vn 0.9994 0.0168 0.0312
vn 0.9994 0.0150 0.0308
vn -0.0000 -0.6068 -0.7949
vn -0.0000 -0.6428 -0.7661
vn 0.9987 0.0216 0.0459
vn 0.9989 0.0284 0.0375
vn 0.9989 0.0272 0.0371
vn 0.9986 0.0282 0.0445
vn 0.9982 0.0362 0.0486
vn 0.9985 0.0329 0.0430
vn -0.9839 -0.1567 -0.0861
vn -0.9848 -0.1554 -0.0771
vn -0.0000 -0.7176 -0.6965
vn -0.0000 -0.7874 -0.6164
vn -0.0000 -0.8145 -0.5802
vn 0.9950 0.0993 0.0120
vn 0.9980 0.0199 0.0605
vn 0.9968 0.0460 0.0650
vn -0.0000 -0.8116 -0.5842
vn 0.9868 0.1316 0.0939
vn 0.9868 0.1318 0.0937
vn 0.9868 0.1323 0.0933
vn 0.9997 0.0001 0.0229
vn 0.9997 0.0001 0.0228
vn 0.9997 -0.0000 0.0230
vn 0.9997 0.0033 0.0238
vn 0.9997 0.0027 0.0238
vn -0.0000 -0.0894 -0.9960
vn -0.0000 -0.0876 -0.9962
vn -0.0000 0.9055 -0.4244
vn -0.0000 0.8915 -0.4529
vn -0.0000 -0.1076 -0.9942
vn 0.9997 0.0002 0.0228
vn 0.9997 -0.0000 0.0227
vn 0.9992 -0.0080 0.0404
vn 0.9991 -0.0089 0.0414
vn 0.9995 -0.0000 0.0317
vn 0.9997 -0.0021 0.0250
vn 0.9996 -0.0045 0.0272
vn -0.0000 0.8633 -0.5047
vn 0.9907 -0.0294 0.1327
vn 0.9884 -0.1129 0.1016
vn 0.9897 -0.0000 0.1433
vn -0.0000 0.8303 -0.5573
vn 0.9965 -0.0440 0.0709
vn 0.9955 -0.0679 0.0660
vn 0.9971 -0.0227 0.0730
vn -0.0000 0.8128 -0.5826
vn -0.0000 0.8195 -0.5731
vn -0.0000 0.8237 -0.5671
vn 0.9699 -0.1998 0.1392
vn 0.9700 -0.1990 0.1397
vn 0.9698 -0.2009 0.1383
vn -0.9955 -0.0067 -0.0947
vn -0.9948 -0.0036 -0.1021
vn -0.9953 -0.0041 -0.0963
vn -0.9962 -0.0059 -0.0872
vn -0.9958 0.0080 -0.0916
vn -0.9961 0.0042 -0.0884
vn -0.9952 0.0445 -0.0867
vn -0.9924 0.0913 -0.0820
vn -0.9922 0.0937 -0.0818
vn -0.9846 0.1508 -0.0885
vn -0.9898 0.1078 -0.0928
vn -0.9790 0.1815 -0.0925
vn -0.9947 -0.0776 -0.0672
vn -0.9863 0.1419 -0.0846
vn -0.9894 0.1180 -0.0843
vn -0.9889 0.1229 -0.0834
vn -0.0000 0.0925 0.9957
vn -0.0000 0.1294 0.9916
vn -0.0000 0.1292 0.9916
vn -0.0000 0.4795 -0.8776
vn -0.0000 0.1504 0.9886
vn -0.0000 0.9998 0.0197
vn -0.0000 0.8148 0.5797
vn -0.0000 0.8000 0.6000
vn -0.0000 0.8150 0.5794
vn -0.0000 0.8293 0.5588
vn -0.0000 0.4795 -0.8775
vn -0.0000 -0.5046 -0.8633
vn -0.0000 -0.8679 0.4968
vn -0.0000 -0.8721 0.4893
vn -0.0000 -0.8722 0.4891
vn -0.0000 -0.8764 0.4816
vn -0.0000 -0.5954 0.8034
vn -0.9845 0.1498 -0.0917
vn -0.9896 0.1168 -0.0835
vn -0.9836 0.1547 -0.0929
vn -0.9970 -0.0458 -0.0627
vn -0.9931 -0.0844 -0.0813
vn -0.9951 -0.0598 -0.0782
vn -0.9868 -0.1316 -0.0939
vn -0.9868 -0.1318 -0.0937
vn -0.9869 -0.1311 -0.0943
vn -0.9956 -0.0104 -0.0928
vn -0.9956 -0.0078 -0.0929
vn -0.9966 0.0153 -0.0815
vn -0.9965 -0.0025 -0.0838
vn -0.9959 -0.0030 -0.0906
vn -0.9966 -0.0058 -0.0824
vn -0.9955 0.0373 -0.0869
vn -0.9966 -0.0089 -0.0821
vn -0.9813 0.1710 -0.0882
vn -0.9775 0.1902 -0.0911
vn -0.9761 0.1968 -0.0922
vn -0.9768 0.1828 -0.1115
vn -0.9881 0.1060 -0.1113
vn -0.9856 0.1292 -0.1093
vn -0.9723 0.1948 -0.1294
vn -0.9773 0.1670 -0.1302
vn -0.9678 0.2119 -0.1355
vn -0.9722 0.1891 -0.1384
vn -0.9700 0.1990 -0.1397
vn -0.9722 0.1890 -0.1380
vn -0.9733 0.1801 -0.1421
vn -0.9935 -0.0553 -0.0996
vn -0.9938 -0.0553 -0.0970
vn -0.9933 -0.0577 -0.1004
vn -0.9944 -0.0314 -0.1007
vn -0.9943 -0.0364 -0.1000
vn -0.9946 -0.0298 -0.0999
vn -0.9943 -0.0363 -0.1002
vn -0.9932 -0.0705 -0.0926
vn -0.9937 -0.0691 -0.0888
vn -0.9932 -0.0728 -0.0914
vn -0.9854 -0.1570 -0.0666
vn -0.9920 -0.1015 -0.0747
vn -0.9930 -0.0801 -0.0869
vn -0.9947 -0.0193 -0.1005
vn -0.9948 -0.0145 -0.1007
vn -0.9948 -0.0209 -0.1001
vn -0.9947 -0.0253 -0.0999
vn -0.0000 0.7730 0.6344
vn -0.0000 0.0767 0.9971
vn -0.0000 0.7445 0.6676
vn -0.0000 0.7730 0.6345
vn -0.0000 -0.9995 0.0318
vn -0.0000 0.2111 0.9775
vn -0.0000 0.1867 0.9824
vn -0.0000 -0.4021 0.9156
vn -0.0000 0.1563 0.9877
vn -0.0000 -0.5642 0.8256
vn -0.0000 0.2602 0.9655
vn -0.0000 0.2357 0.9718
vn -0.0000 -0.0827 0.9966
vn -0.0000 0.4642 0.8857
vn -0.0000 -0.9996 0.0290
vn -0.0000 -0.8724 0.4888
vn -0.0000 -0.8682 0.4961
vn -0.0000 -0.8723 0.4889
vn -0.0000 0.6074 0.7944
vn -0.0000 0.9339 -0.3575
vn -0.0000 0.3649 0.9311
vn -0.0000 0.3129 0.9498
vn -0.0000 0.3131 0.9497
vn -0.0000 0.7119 0.7023
vn -0.0000 -0.0000 -1.0000
vn -0.0000 0.7117 0.7025
vn -0.0000 0.6757 0.7371
vn -0.0000 0.6757 0.7372
vn -0.0000 0.6740 0.7388
vn -0.7655 0.5265 0.3698
vn -0.7380 0.5567 0.3813
vn -0.7506 0.5350 0.3878
vn -0.6111 -0.0938 -0.7860
vn -0.6129 -0.0556 -0.7882
vn -0.6281 -0.0607 -0.7757
vn -0.6950 -0.0087 -0.7190
vn -0.7929 0.5177 0.3214
vn -0.9418 -0.2466 0.2283
vn -0.9272 0.3744 0.0095
vn -0.8557 0.3580 0.3735
vn -0.7663 0.3534 0.5365
vn -0.7637 0.4332 0.4786
vn -0.8664 -0.4873 0.1088
vn -0.8479 -0.5078 0.1524
vn -0.7404 -0.5810 0.3379
vn -0.7255 0.3366 0.6003
vn -0.7275 0.3260 0.6037
vn -0.9882 0.1010 -0.1155
vn -0.9945 -0.0193 -0.1026
vn -0.9948 -0.0184 -0.1002
vn -0.9947 -0.0226 -0.1001
vn -0.9947 -0.0269 -0.0997
vn -0.9946 -0.0268 -0.1000
vn -0.9947 -0.0266 -0.0998
vn -0.8683 0.2413 -0.4333
vn -0.8680 0.2422 -0.4334
vn -0.8692 0.2388 -0.4330
vn -0.9530 -0.0973 -0.2868
vn -0.9133 -0.3968 -0.0920
vn -0.9504 -0.0822 -0.2998
vn -0.9948 0.0155 -0.1010
vn -0.9567 0.2714 -0.1050
vn -0.8704 0.2224 -0.4392
vn -0.9629 0.2626 -0.0630
vn -0.9718 -0.0788 -0.2221
vn -0.9716 -0.1849 0.1479
vn -0.9270 -0.3747 0.0175
vn -0.9946 -0.0217 -0.1010
vn -0.9954 0.0153 -0.0944
vn -0.9951 0.0148 -0.0973
vn -0.9956 0.0155 -0.0927
vn -0.9950 0.0376 -0.0927
vn 0.0408 -0.7157 -0.6972
vn 0.0408 -0.7156 -0.6973
vn -0.9955 -0.0030 -0.0950
vn -0.9953 -0.0023 -0.0963
vn -0.9955 -0.0017 -0.0944
vn -0.9955 0.0063 -0.0945
vn -0.9950 0.0104 -0.0992
vn -0.9957 0.0071 -0.0927
vn 0.1106 0.5348 -0.8377
vn 0.1106 0.5379 -0.8357
vn 0.1106 0.5349 -0.8377
vn 0.1097 0.5723 -0.8127
vn -0.9955 0.0285 -0.0905
vn -0.9953 0.0347 -0.0899
vn -0.9953 0.0351 -0.0903
vn 0.0408 -0.7158 -0.6971
vn 0.0368 0.9969 0.0695
vn -0.9896 0.1175 -0.0830
vn -0.9855 0.1478 -0.0834
vn -0.9882 0.1290 -0.0823
vn -0.1121 -0.3912 0.9134
vn -0.1121 -0.3921 0.9130
vn -0.1121 -0.3922 0.9130
vn -0.1031 0.0040 0.9947
vn -0.1096 -0.5743 0.8113
vn -0.1121 -0.3931 0.9126
vn 0.0797 0.9236 -0.3750
vn 0.0820 0.9124 -0.4010
vn 0.1106 0.5357 -0.8371
vn 0.1106 0.5365 -0.8366
vn 0.0841 0.9005 -0.4267
vn 0.1075 0.1111 -0.9880
vn 0.1075 0.1121 -0.9879
vn -0.9953 0.0032 -0.0966
vn -0.9948 0.0091 -0.1015
vn -0.9954 0.0021 -0.0953
vn -0.9947 -0.0199 -0.1008
vn -0.9947 -0.0209 -0.1010
vn -0.9957 0.0200 -0.0902
vn -0.9955 0.0256 -0.0913
vn -0.9959 0.0217 -0.0873
vn -0.9952 0.0216 -0.0958
vn -0.9951 0.0225 -0.0967
vn -0.9954 0.0161 -0.0946
vn -0.9914 0.1016 -0.0831
vn -0.9916 0.0975 -0.0848
vn -0.9910 0.1059 -0.0816
vn -0.9906 0.1095 -0.0816
vn -0.9906 0.1064 -0.0856
vn -0.9914 0.1020 -0.0817
vn -0.9967 0.0070 -0.0815
vn -0.9934 0.0428 -0.1065
vn -0.9967 0.0061 -0.0806
vn -0.9956 0.0037 -0.0940
vn -0.9945 0.0140 -0.1040
vn -0.9954 0.0062 -0.0954
vn -0.9911 0.1030 -0.0841
vn -0.9909 0.0948 -0.0959
vn -0.9910 0.0926 -0.0967
vn -0.9884 0.1281 -0.0818
vn -0.9960 0.0230 -0.0864
vn -0.9964 0.0078 -0.0844
vn -0.9962 -0.0047 -0.0870
vn -0.0602 0.5676 0.8211
vn -0.0603 0.5667 0.8217
vn -0.1120 -0.4303 0.8957
vn -0.1120 -0.4317 0.8950
vn -0.1121 -0.3743 0.9205
vn -0.0235 -0.9812 -0.1914
vn 0.1107 0.5311 -0.8400
vn 0.1107 0.5311 -0.8401
vn 0.1076 0.1131 -0.9877
vn 0.0121 0.9568 0.2904
vn -0.0464 -0.9987 0.0222
vn -0.0601 0.5686 0.8204
vn -0.0602 0.5677 0.8211
vn -0.1112 -0.5081 0.8541
vn -0.1111 -0.5081 0.8541
vn -0.0341 0.7582 0.6511
vn -0.0341 0.7581 0.6512
vn 0.1107 0.5305 -0.8405
vn -0.0341 0.7583 0.6510
vn -0.1120 -0.4288 0.8964
vn 0.0122 0.9568 0.2903
vn 0.1106 0.5349 -0.8376
vn 0.4547 -0.8795 -0.1405
vn 0.4552 -0.8792 -0.1411
vn 0.4699 0.4750 -0.7441
vn 0.4717 0.4720 -0.7448
vn -0.4802 -0.4576 0.7484
vn -0.4873 -0.4452 0.7512
vn -0.4723 -0.4710 0.7451
vn 0.1779 0.8166 -0.5491
vn 0.9899 0.1407 -0.0167
vn 0.9932 0.1167 0.0001
vn -0.6260 0.6450 0.4382
vn -0.6270 0.6426 0.4404
vn -0.4659 -0.4815 0.7424
vn -0.4645 -0.4838 0.7417
vn -0.6246 0.6485 0.4352
vn -0.6256 0.6461 0.4373
vn 0.3896 -0.9197 -0.0484
vn 0.6440 0.0574 -0.7629
vn 0.4560 -0.8785 -0.1424
vn 0.4556 -0.8789 -0.1417
vn 0.4661 0.4812 -0.7424
vn 0.4679 0.4782 -0.7432
vn -0.4885 -0.4432 0.7516
vn -0.4893 -0.4418 0.7520
vn -0.9887 0.1476 0.0246
vn -0.9975 0.0639 0.0302
vn -0.9991 0.0246 0.0332
vn -0.9890 0.1474 0.0134
vn -0.9888 0.1482 0.0142
vn -0.9996 -0.0127 0.0263
vn -0.9993 -0.0366 0.0113
vn -0.9970 -0.0596 -0.0488
vn -0.9996 -0.0164 -0.0218
vn -0.9987 0.0269 0.0437
vn -0.8186 -0.5710 -0.0622
vn -0.7846 -0.6177 -0.0534
vn -0.9779 -0.0840 0.1914
vn -0.9569 0.2070 0.2037
vn -0.9563 0.2102 0.2032
vn -0.9594 0.1930 0.2058
vn -0.9520 0.2321 0.1996
vn 0.1916 -0.9616 0.1966
vn -0.8900 0.4559 0.0050
vn -0.8206 0.5677 0.0658
vn -0.8130 0.5778 0.0722
vn -0.9349 0.3548 -0.0126
vn -0.9270 0.3750 -0.0005
vn -0.9108 0.2523 -0.3267
vn -0.9093 0.2592 -0.3254
vn -0.9089 0.2605 -0.3255
vn -0.9163 0.2230 -0.3325
vn -0.9198 0.2042 -0.3351
vn -0.9280 0.1759 -0.3285
vn -0.9275 0.1762 -0.3296
vn -0.9794 -0.0860 -0.1828
vn -0.9796 -0.0873 -0.1810
vn -0.9790 -0.0831 -0.1859
vn -0.9773 0.0143 -0.2113
vn -0.9804 -0.0899 -0.1756
vn -0.9702 0.0901 -0.2251
vn -0.9712 0.0886 -0.2213
vn -0.9856 0.1449 -0.0875
vn -0.9853 0.1471 -0.0864
vn -0.9853 0.1477 -0.0861
vn -0.9997 -0.0053 0.0222
vn -0.9999 -0.0087 0.0139
vn -0.9996 -0.0037 0.0263
vn -0.9960 -0.0743 0.0497
vn -0.9963 -0.0763 0.0406
vn -0.9953 -0.0720 0.0654
vn -0.9929 -0.0808 0.0877
vn -0.9921 -0.0818 0.0950
vn -0.9994 -0.0210 -0.0276
vn -0.9988 -0.0086 -0.0472
vn -0.8456 0.3736 -0.3812
vn -0.8095 0.4984 -0.3104
vn -0.8480 0.3510 -0.3971
vn -0.8592 0.2375 -0.4531
vn -0.8620 0.2312 -0.4511
vn -0.8747 0.2166 -0.4336
vn -0.8762 0.2158 -0.4310
vn -0.9466 0.0233 -0.3216
vn -0.9195 0.0191 -0.3927
vn -0.9479 0.0235 -0.3177
vn -0.9866 -0.1056 -0.1247
vn -0.9824 -0.0810 -0.1683
vn -0.9888 -0.0986 -0.1117
vn -0.9989 -0.0379 -0.0268
vn -0.9848 -0.1533 -0.0822
vn -0.9927 -0.0899 -0.0808
vn -0.9861 -0.1501 -0.0708
vn -0.9916 -0.0903 -0.0921
vn -0.9916 -0.0905 -0.0919
vn -0.9925 -0.0846 -0.0886
vn -0.9946 -0.0291 -0.0997
vn -0.9930 -0.0783 -0.0882
vn -0.9932 -0.0591 -0.0999
vn -0.9931 -0.0600 -0.1005
vn -0.9946 -0.0181 -0.1023
vn -0.9947 -0.0215 -0.1010
vn -0.9949 -0.0181 -0.0996
vn -0.9933 -0.0576 -0.1006
vn -0.9921 -0.0581 -0.1112
vn -0.9923 -0.0821 -0.0928
vn -0.9924 -0.0790 -0.0942
vn -0.9947 -0.0258 -0.1000
vn -0.9948 -0.0220 -0.0997
vn -0.9947 -0.0259 -0.0997
vn -0.9947 -0.0253 -0.1001
vn -0.9947 -0.0262 -0.0998
vn -0.9947 -0.0252 -0.0998
vn -0.9947 -0.0255 -0.0998
vn -0.9947 -0.0228 -0.1001
vn -0.9942 -0.0370 -0.1010
vn -0.9944 -0.0318 -0.1012
vn -0.9943 -0.0325 -0.1011
vn -0.9943 -0.0338 -0.1011
vn -0.9944 -0.0329 -0.1003
vn -0.9942 -0.0308 -0.1031
vn -0.9944 -0.0346 -0.0994
vn -0.9944 -0.0346 -0.0996
vn -0.9945 -0.0319 -0.0997
vn -0.9945 -0.0335 -0.0992
vn -0.9916 -0.0951 -0.0872
vn -0.9940 -0.0771 -0.0779
vn -0.9922 -0.0839 -0.0919
vn -0.9920 -0.0864 -0.0916
vn -0.9922 -0.0826 -0.0936
vn -0.9921 -0.0850 -0.0923
vn -0.9920 -0.0853 -0.0927
vn -0.9922 -0.1055 -0.0657
vn -0.9325 0.1660 0.3207
vn -0.9228 0.1880 0.3363
vn -0.9273 0.1608 0.3379
vn -0.8115 0.2138 -0.5439
vn -0.8231 0.2076 -0.5286
vn -0.8053 0.2156 -0.5523
vn -0.8011 0.2372 -0.5495
vn -0.9401 0.1625 0.2998
vn -0.7892 -0.6077 0.0882
vn -0.0012 -0.9820 0.1888
vn 0.9986 -0.0446 0.0283
vn 0.9986 -0.0462 0.0259
vn 0.9986 -0.0424 0.0317
vn 0.0061 0.5188 -0.8548
vn 0.9997 0.0016 0.0227
vn 0.9997 0.0024 0.0228
vn 0.9997 0.0017 0.0227
vn 0.0049 0.7151 -0.6990
vn 0.9997 0.0016 0.0230
vn 0.9997 0.0018 0.0238
vn 0.9997 0.0020 0.0229
vn 0.0002 -1.0000 -0.0062
vn 0.9977 -0.0532 0.0419
vn 0.9977 -0.0542 0.0397
vn 0.9975 -0.0497 0.0500
vn -0.0045 0.7858 0.6184
vn -0.0043 0.8091 0.5876
vn -0.0001 1.0000 0.0030
vn 0.0033 -0.8967 -0.4427
vn 0.9991 0.0140 0.0412
vn 0.9993 -0.0000 0.0375
vn 0.9992 0.0055 0.0390
vn -0.0043 0.8101 0.5863
vn -0.0041 0.8332 0.5530
vn 0.9995 0.0030 0.0305
vn 0.9996 0.0008 0.0286
vn 0.9995 0.0014 0.0325
vn -0.0012 0.9879 0.1549
vn 0.9993 0.0011 0.0362
vn 0.0061 -0.5312 -0.8472
vn 0.9996 0.0016 0.0275
vn 0.9996 0.0004 0.0265
vn -0.0041 0.8332 0.5529
vn -0.0042 0.8164 0.5775
vn 0.9744 -0.1389 0.1766
vn 0.9372 -0.3433 0.0621
vn 0.9701 -0.0082 0.2427
vn 0.9997 0.0003 0.0227
vn 0.9997 0.0015 0.0228
vn 0.4307 -0.7832 0.4485
vn 0.9024 -0.3670 0.2258
vn 0.1257 -0.8641 0.4873
vn 0.9997 0.0023 0.0237
vn 0.9997 0.0020 0.0228
vn 0.9997 0.0015 0.0226
vn 0.9997 0.0064 0.0256
vn 0.9997 0.0002 0.0250
vn 0.9997 0.0037 0.0256
vn 0.9992 0.0121 0.0385
vn 0.9993 0.0087 0.0377
vn 0.9984 0.0146 0.0542
vn 0.9995 0.0132 0.0301
vn 0.9996 0.0093 0.0272
vn 0.9995 0.0048 0.0298
vn 0.9991 0.0218 0.0362
vn 0.9995 0.0134 0.0293
vn 0.9996 0.0087 0.0273
vn 0.9997 0.0061 0.0253
vn 0.9996 0.0026 0.0271
vn 0.9989 -0.0000 0.0463
vn 0.0063 0.4519 -0.8920
vn 0.0072 0.0034 -1.0000
vn 0.0072 0.0033 -1.0000
vn -0.0046 -0.7526 0.6584
vn 0.0070 0.1939 -0.9810
vn -0.0071 -0.0726 0.9973
vn 0.0072 0.0203 -0.9998
vn 0.0072 0.0429 -0.9991
vn -0.0068 0.3162 0.9487
vn -0.0068 0.3219 0.9468
vn 0.0072 -0.0022 -1.0000
vn -0.0068 0.3275 0.9448
vn -0.0072 0.1001 0.9950
vn -0.0072 0.0955 0.9954
vn 0.0072 -0.0027 -1.0000
vn 0.0072 -0.0053 -1.0000
vn 0.0072 -0.0026 -1.0000
vn -0.0071 0.1184 0.9929
vn -0.0047 0.7622 0.6473
vn -0.0050 0.7259 0.6878
vn -0.0047 0.7628 0.6467
vn -0.0071 0.1731 0.9849
vn -0.0044 0.7968 0.6042
vn -0.0070 0.2137 0.9769
vn 0.0072 -0.0009 -1.0000
vn 0.0072 -0.0010 -1.0000
vn -0.0067 0.3663 0.9305
vn -0.0063 0.5039 0.8637
vn -0.0062 0.5122 0.8589
vn -0.0064 0.4692 0.8831
vn -0.0062 0.5123 0.8588
vn -0.0052 0.6949 0.7191
vn -0.0059 0.5890 0.8081
vn -0.0059 0.5889 0.8082
vn 0.0072 -0.0023 -1.0000
vn 0.0072 -0.0035 -1.0000
vn 0.0081 -0.0036 -1.0000
vn -0.0057 0.6228 0.7823
vn -0.0036 -0.8722 0.4892
vn -0.0034 -0.8722 0.4892
vn -0.0055 0.6573 0.7536
vn -0.0055 0.6576 0.7533
vn -0.0034 -0.8723 0.4889
vn -0.0052 0.7085 0.7057
vn -0.0051 0.7085 0.7057
vn -0.0067 0.3859 0.9225
vn -0.0067 0.3860 0.9225
vn -0.0064 0.4561 0.8899
vn 0.0235 -0.0033 -0.9997
vn 0.0291 -0.0027 -0.9996
vn 0.0072 -0.0577 -0.9983
vn -0.0138 -0.8723 0.4887
vn -0.0043 0.8156 0.5786
vn 0.0071 -0.1152 -0.9933
vn -0.0026 0.9363 0.3511
vn -0.9952 -0.0000 -0.0980
vn -0.9239 -0.0000 -0.3827
vn -0.9569 -0.0000 -0.2903
vn -0.8315 -0.0000 -0.5556
vn -0.7071 -0.0000 -0.7071
vn -0.5556 -0.0000 -0.8315
vn -0.3827 -0.0000 -0.9239
vn -0.1951 -0.0000 -0.9808
vn 0.1951 -0.0000 -0.9808
vn 0.3827 -0.0000 -0.9239
vn 0.5556 -0.0000 -0.8315
vn 0.7071 -0.0000 -0.7071
vn 0.8315 -0.0000 -0.5556
vn 0.9239 -0.0000 -0.3827
vn 0.9569 -0.0000 -0.2903
vn 0.9952 -0.0000 -0.0980
vn 0.9952 -0.0000 0.0980
vn 0.9239 -0.0000 0.3827
vn 0.9569 -0.0000 0.2903
vn 0.8315 -0.0000 0.5556
vn 0.7071 -0.0000 0.7071
vn 0.5556 -0.0000 0.8315
vn 0.3827 -0.0000 0.9239
vn 0.1951 -0.0000 0.9808
vn -0.1951 -0.0000 0.9808
vn -0.3827 -0.0000 0.9239
vn -0.5556 -0.0000 0.8315
vn -0.7071 -0.0000 0.7071
vn -0.8315 -0.0000 0.5556
vn -0.9239 -0.0000 0.3827
vn -0.0000 -1.0000 -0.0000
vn -0.9569 -0.0000 0.2903
vn -0.9952 -0.0000 0.0980
vn -0.0000 -0.9952 -0.0980
vn -0.0000 -0.9569 -0.2903
vn -0.0000 -0.8819 -0.4714
vn -0.0000 -0.7730 -0.6344
vn -0.0000 -0.6344 -0.7730
vn -0.0000 -0.4714 -0.8819
vn -0.0000 -0.2903 -0.9569
vn -0.0000 -0.0980 -0.9952
vn -0.0000 0.0980 -0.9952
vn -0.0000 0.2903 -0.9569
vn -0.0000 0.4714 -0.8819
vn -0.0000 0.6344 -0.7730
vn -0.0000 0.8819 -0.4714
vn -0.0000 0.9569 -0.2903
vn -0.0000 0.9952 -0.0980
vn -0.0000 0.9952 0.0980
vn -0.0000 0.9569 0.2903
vn -0.0000 0.8819 0.4714
vn -0.0000 0.6344 0.7730
vn -0.0000 0.4714 0.8819
vn -0.0000 0.2903 0.9569
vn -0.0000 0.0980 0.9952
vn -0.0000 -0.0980 0.9952
vn -0.0000 -0.2903 0.9569
vn -0.0000 -0.4714 0.8819
vn -0.0000 -0.6344 0.7730
vn -0.0000 -0.7730 0.6344
vn -0.0000 -0.8819 0.4714
vn 1.0000 -0.0000 -0.0000
vn -0.0000 -0.9569 0.2903
vn -0.0000 -0.9952 0.0980
vn -1.0000 -0.0000 -0.0000
vn 0.9210 0.3876 -0.0382
vn 0.8274 0.5589 -0.0550
vn 0.9565 0.2902 -0.0286
vn 0.9951 0.0980 -0.0097
vn 0.1930 0.9765 -0.0962
vn 0.0975 0.9904 -0.0975
vn 0.3790 0.9210 -0.0907
vn 0.5509 0.8305 -0.0818
vn 0.7023 0.7084 -0.0698
vn 0.8274 0.5374 -0.1630
vn 0.7023 0.6812 -0.2066
vn 0.9210 0.3727 -0.1131
vn 0.8274 0.5375 -0.1630
vn 0.9566 0.2790 -0.0846
vn 0.9951 0.0942 -0.0286
vn 0.1930 0.9389 -0.2848
vn 0.0975 0.9524 -0.2889
vn 0.3790 0.8856 -0.2686
vn 0.5509 0.7986 -0.2423
vn 0.3790 0.8161 -0.4362
vn 0.1930 0.8653 -0.4625
vn 0.5509 0.7360 -0.3934
vn 0.7023 0.6278 -0.3356
vn 0.8274 0.4953 -0.2648
vn 0.9210 0.3435 -0.1836
vn 0.9565 0.2571 -0.1374
vn 0.9565 0.2572 -0.1374
vn 0.9951 0.0869 -0.0464
vn 0.0976 0.8777 -0.4691
vn 0.9210 0.3011 -0.2471
vn 0.8274 0.4342 -0.3563
vn 0.8274 0.4341 -0.3563
vn 0.9565 0.2254 -0.1850
vn 0.9951 0.0761 -0.0625
vn 0.1930 0.7585 -0.6225
vn 0.0975 0.7693 -0.6314
vn 0.3790 0.7154 -0.5871
vn 0.5509 0.6451 -0.5294
vn 0.7023 0.5503 -0.4516
vn 0.3790 0.5871 -0.7154
vn 0.1930 0.6225 -0.7585
vn 0.5509 0.5294 -0.6451
vn 0.7023 0.4516 -0.5503
vn 0.8274 0.3563 -0.4341
vn 0.9210 0.2471 -0.3011
vn 0.9566 0.1850 -0.2254
vn 0.9951 0.0625 -0.0761
vn 0.0975 0.6314 -0.7693
vn 0.9210 0.1836 -0.3435
vn 0.8274 0.2648 -0.4953
vn 0.9566 0.1374 -0.2571
vn 0.9951 0.0464 -0.0869
vn 0.1930 0.4625 -0.8653
vn 0.0975 0.4691 -0.8777
vn 0.0976 0.4691 -0.8777
vn 0.3790 0.4362 -0.8161
vn 0.5509 0.3934 -0.7360
vn 0.7023 0.3356 -0.6278
vn 0.5509 0.2423 -0.7986
vn 0.3790 0.2686 -0.8856
vn 0.7023 0.2066 -0.6812
vn 0.8274 0.1630 -0.5375
vn 0.9210 0.1131 -0.3727
vn 0.9565 0.0847 -0.2790
vn 0.9951 0.0286 -0.0942
vn 0.1930 0.2848 -0.9389
vn 0.0975 0.2889 -0.9524
vn 0.9566 0.0286 -0.2902
vn 0.9210 0.0382 -0.3876
vn 0.9951 0.0097 -0.0980
vn 0.1930 0.0962 -0.9765
vn 0.0975 0.0975 -0.9904
vn 0.3790 0.0907 -0.9210
vn 0.5509 0.0818 -0.8305
vn 0.7023 0.0698 -0.7084
vn 0.8274 0.0551 -0.5589
vn 0.9951 0.0097 0.0980
vn 0.1930 0.0962 0.9765
vn 0.0975 0.0975 0.9904
vn 0.3790 0.0907 0.9210
vn 0.5509 0.0818 0.8305
vn 0.7023 0.0698 0.7084
vn 0.8274 0.0551 0.5589
vn 0.9210 0.0382 0.3876
vn 0.9565 0.0286 0.2902
vn 0.8274 0.1630 0.5374
vn 0.7023 0.2066 0.6812
vn 0.9210 0.1131 0.3727
vn 0.9565 0.0846 0.2790
vn 0.9951 0.0286 0.0942
vn 0.1930 0.2848 0.9389
vn 0.0975 0.2889 0.9524
vn 0.3790 0.2686 0.8856
vn 0.5509 0.2423 0.7986
vn 0.1930 0.4625 0.8653
vn 0.0975 0.4691 0.8777
vn 0.3790 0.4362 0.8161
vn 0.5509 0.3934 0.7360
vn 0.7023 0.3356 0.6278
vn 0.8274 0.2648 0.4953
vn 0.9210 0.1836 0.3435
vn 0.9566 0.1375 0.2571
vn 0.9951 0.0464 0.0869
vn 0.8274 0.3563 0.4342
vn 0.7023 0.4516 0.5503
vn 0.8274 0.3563 0.4341
vn 0.9210 0.2471 0.3011
vn 0.9566 0.1850 0.2254
vn 0.9951 0.0625 0.0761
vn 0.1930 0.6225 0.7585
vn 0.0975 0.6314 0.7693
vn 0.3790 0.5871 0.7153
vn 0.5509 0.5294 0.6451
vn 0.3790 0.7154 0.5871
vn 0.1930 0.7585 0.6225
vn 0.5509 0.6451 0.5294
vn 0.7023 0.5503 0.4516
vn 0.8274 0.4341 0.3563
vn 0.9210 0.3011 0.2471
vn 0.9565 0.2254 0.1850
vn 0.9951 0.0761 0.0625
vn 0.0975 0.7693 0.6314
vn 0.9210 0.3435 0.1836
vn 0.8274 0.4953 0.2648
vn 0.9566 0.2571 0.1374
vn 0.9951 0.0869 0.0464
vn 0.1930 0.8653 0.4625
vn 0.0975 0.8777 0.4691
vn 0.0976 0.8777 0.4691
vn 0.3790 0.8161 0.4362
vn 0.5509 0.7360 0.3934
vn 0.7023 0.6278 0.3356
vn 0.5509 0.7986 0.2423
vn 0.3790 0.8856 0.2686
vn 0.7023 0.6812 0.2066
vn 0.8274 0.5375 0.1630
vn 0.9210 0.3727 0.1131
vn 0.9566 0.2790 0.0846
vn 0.9951 0.0942 0.0286
vn 0.1930 0.9389 0.2848
vn 0.0975 0.9524 0.2889
vn 0.9566 0.2902 0.0286
vn 0.9210 0.3876 0.0382
vn 0.9951 0.0980 0.0097
vn 0.1930 0.9765 0.0962
vn 0.0975 0.9904 0.0975
vn 0.3790 0.9210 0.0907
vn 0.5509 0.8305 0.0818
vn 0.7023 0.7084 0.0698
vn 0.8274 0.5589 0.0551
vn 0.9210 -0.3876 0.0382
vn 0.8274 -0.5589 0.0551
vn 0.9566 -0.2902 0.0286
vn 0.9951 -0.0980 0.0096
vn 0.1930 -0.9765 0.0962
vn 0.0975 -0.9904 0.0975
vn 0.0976 -0.9904 0.0975
vn 0.3790 -0.9210 0.0907
vn 0.5509 -0.8305 0.0818
vn 0.7023 -0.7084 0.0698
vn 0.8274 -0.5375 0.1630
vn 0.7023 -0.6812 0.2066
vn 0.8274 -0.5374 0.1630
vn 0.9210 -0.3727 0.1131
vn 0.9565 -0.2790 0.0846
vn 0.9951 -0.0942 0.0286
vn 0.1930 -0.9389 0.2848
vn 0.0975 -0.9524 0.2889
vn 0.3790 -0.8856 0.2686
vn 0.5509 -0.7986 0.2423
vn 0.3790 -0.8161 0.4362
vn 0.1930 -0.8653 0.4625
vn 0.5509 -0.7360 0.3934
vn 0.7023 -0.6278 0.3356
vn 0.8274 -0.4953 0.2648
vn 0.9210 -0.3435 0.1836
vn 0.9566 -0.2571 0.1374
vn 0.9951 -0.0869 0.0464
vn 0.0975 -0.8777 0.4691
vn 0.9210 -0.3011 0.2471
vn 0.8274 -0.4341 0.3563
vn 0.9566 -0.2254 0.1850
vn 0.9951 -0.0761 0.0625
vn 0.1930 -0.7585 0.6225
vn 0.0975 -0.7693 0.6314
vn 0.3790 -0.7154 0.5871
vn 0.5509 -0.6451 0.5294
vn 0.7023 -0.5503 0.4516
vn 0.3790 -0.5871 0.7154
vn 0.1930 -0.6225 0.7585
vn 0.5509 -0.5294 0.6451
vn 0.7023 -0.4516 0.5503
vn 0.8274 -0.3563 0.4341
vn 0.9210 -0.2471 0.3011
vn 0.9565 -0.1850 0.2254
vn 0.9951 -0.0625 0.0761
vn 0.0975 -0.6314 0.7693
vn 0.9210 -0.1836 0.3435
vn 0.8274 -0.2648 0.4953
vn 0.9566 -0.1374 0.2571
vn 0.9951 -0.0464 0.0869
vn 0.1930 -0.4625 0.8653
vn 0.0975 -0.4691 0.8777
vn 0.3790 -0.4362 0.8161
vn 0.5509 -0.3934 0.7360
vn 0.7023 -0.3356 0.6278
vn 0.5509 -0.2423 0.7986
vn 0.3790 -0.2686 0.8856
vn 0.7023 -0.2066 0.6812
vn 0.8274 -0.1630 0.5374
vn 0.9210 -0.1131 0.3727
vn 0.9565 -0.0846 0.2790
vn 0.9951 -0.0286 0.0942
vn 0.1930 -0.2848 0.9389
vn 0.0975 -0.2889 0.9524
vn 0.9565 -0.0286 0.2902
vn 0.9210 -0.0382 0.3876
vn 0.9951 -0.0097 0.0980
vn 0.1930 -0.0962 0.9765
vn 0.0975 -0.0976 0.9904
vn 0.3790 -0.0907 0.9210
vn 0.5509 -0.0818 0.8305
vn 0.7023 -0.0698 0.7084
vn 0.8274 -0.0551 0.5589
vn 0.9951 -0.0097 -0.0980
vn 0.1930 -0.0962 -0.9765
vn 0.0975 -0.0976 -0.9904
vn 0.3790 -0.0907 -0.9210
vn 0.5509 -0.0818 -0.8305
vn 0.7023 -0.0698 -0.7084
vn 0.8274 -0.0551 -0.5589
vn 0.9210 -0.0382 -0.3876
vn 0.9565 -0.0286 -0.2902
vn 0.8274 -0.1630 -0.5374
vn 0.7023 -0.2066 -0.6812
vn 0.9210 -0.1130 -0.3727
vn 0.9565 -0.0846 -0.2790
vn 0.9951 -0.0286 -0.0942
vn 0.1930 -0.2848 -0.9389
vn 0.0975 -0.2889 -0.9524
vn 0.3790 -0.2686 -0.8856
vn 0.5509 -0.2423 -0.7986
vn 0.1930 -0.4625 -0.8653
vn 0.0975 -0.4691 -0.8777
vn 0.0975 -0.4692 -0.8777
vn 0.3790 -0.4362 -0.8161
vn 0.5509 -0.3934 -0.7360
vn 0.7023 -0.3356 -0.6278
vn 0.8274 -0.2647 -0.4953
vn 0.9210 -0.1836 -0.3435
vn 0.9566 -0.1374 -0.2571
vn 0.9951 -0.0464 -0.0869
vn 0.8274 -0.3563 -0.4341
vn 0.7023 -0.4516 -0.5503
vn 0.9210 -0.2471 -0.3011
vn 0.9565 -0.1850 -0.2254
vn 0.9951 -0.0625 -0.0761
vn 0.1930 -0.6225 -0.7585
vn 0.0975 -0.6314 -0.7693
vn 0.3790 -0.5871 -0.7154
vn 0.5509 -0.5294 -0.6451
vn 0.3790 -0.7154 -0.5871
vn 0.1930 -0.7585 -0.6225
vn 0.5509 -0.6451 -0.5294
vn 0.7023 -0.5503 -0.4516
vn 0.8274 -0.4341 -0.3563
vn 0.8274 -0.4342 -0.3563
vn 0.9210 -0.3011 -0.2471
vn 0.9565 -0.2254 -0.1850
vn 0.9951 -0.0761 -0.0625
vn 0.0975 -0.7693 -0.6314
vn 0.9210 -0.3435 -0.1836
vn 0.8274 -0.4953 -0.2648
vn 0.9565 -0.2571 -0.1375
vn 0.9951 -0.0869 -0.0464
vn 0.1930 -0.8653 -0.4625
vn 0.0975 -0.8777 -0.4691
vn 0.0976 -0.8777 -0.4692
vn 0.3790 -0.8161 -0.4362
vn 0.5509 -0.7360 -0.3934
vn 0.7023 -0.6278 -0.3356
vn 0.5509 -0.7986 -0.2423
vn 0.3790 -0.8856 -0.2686
vn 0.7023 -0.6812 -0.2066
vn 0.8274 -0.5375 -0.1630
vn 0.9210 -0.3727 -0.1131
vn 0.9565 -0.2790 -0.0847
vn 0.9951 -0.0942 -0.0286
vn 0.1930 -0.9389 -0.2848
vn 0.0975 -0.9524 -0.2889
vn 0.9565 -0.2902 -0.0286
vn 0.9210 -0.3876 -0.0382
vn 0.9951 -0.0980 -0.0096
vn 0.1930 -0.9765 -0.0962
vn 0.0976 -0.9904 -0.0975
vn 0.3790 -0.9210 -0.0907
vn 0.5509 -0.8305 -0.0818
vn 0.7023 -0.7084 -0.0698
vn 0.8274 -0.5589 -0.0551
vn 0.8274 -0.5589 -0.0550
vn -0.0000 -0.1476 -0.9890
vn -0.0000 0.9285 -0.3713
vn -0.9978 -0.0656 -0.0000
vn -0.9746 -0.0641 -0.2144
vn -0.0000 -0.1476 0.9890
vn 0.4396 0.3943 -0.8070
vn 0.6107 0.3319 -0.7190
vn 0.6107 0.3319 -0.7189
vn -0.0000 0.9285 0.3713
vn -0.0000 0.1476 0.9890
vn -0.0000 -0.9285 0.3713
vn -0.0000 0.9999 0.0126
vn -0.0000 0.1476 -0.9890
vn -0.0000 -0.9285 -0.3713
vn -0.0000 0.9999 -0.0126
vn 0.8398 0.5429 -0.0000
vn 0.5743 0.8187 -0.0000
vn 0.9948 0.1018 -0.0000
vn 0.8870 0.4617 -0.0000
vn 0.5743 -0.8187 -0.0000
vn 0.8398 -0.5429 -0.0000
vn 0.9961 -0.0884 -0.0000
vn 0.8870 -0.4617 -0.0000
vn -0.8868 0.4621 0.0024
vn -0.8395 0.5433 0.0008
vn -0.8867 0.4623 0.0014
vn -0.9962 0.0876 0.0006
vn -0.9961 0.0878 0.0013
vn -0.9962 0.0874 -0.0000
vn 0.4363 -0.8998 -0.0000
vn -0.8397 0.5431 0.0012
vn -0.7849 0.6197 0.0003
vn -0.8868 -0.4621 -0.0005
vn -0.8397 -0.5431 -0.0017
vn -0.8870 -0.4617 -0.0005
vn -0.9948 -0.1020 -0.0001
vn -0.9948 -0.1020 -0.0005
vn -0.9948 -0.1018 -0.0000
vn 0.4363 0.8998 -0.0000
vn -0.8397 -0.5430 -0.0008
vn -0.7855 -0.6189 -0.0004
vn -0.8868 0.4621 -0.0024
vn -0.8395 0.5433 -0.0008
vn -0.8397 0.5431 -0.0012
vn -0.9962 0.0876 -0.0006
vn -0.9961 0.0878 -0.0013
vn -0.9961 0.0884 -0.0032
vn -0.7849 0.6196 -0.0002
vn -0.7851 0.6193 -0.0000
vn -0.8397 -0.5431 0.0017
vn -0.8868 -0.4621 0.0005
vn -0.8870 -0.4617 0.0005
vn -0.9948 -0.1020 0.0005
vn -0.9948 -0.1020 0.0001
vn -0.7855 -0.6189 0.0004
vn -0.8397 -0.5430 0.0008
vn -0.7846 0.6200 -0.0000
vn -0.9948 -0.1021 -0.0003
vn -0.7856 -0.6187 -0.0000
vn -0.7283 0.6822 0.0645
vn -0.8456 0.5314 0.0502
vn -0.7278 0.6828 0.0645
vn -0.9304 0.3521 0.1025
vn -0.9606 0.2669 0.0777
vn -0.9295 0.3542 0.1031
vn -0.7278 0.6828 -0.0645
vn -0.5794 0.8114 -0.0767
vn -0.5789 0.8118 -0.0767
vn -0.5794 0.8114 0.0767
vn -0.5789 0.8118 0.0767
vn -0.4035 0.9109 -0.0861
vn -0.4031 0.9111 -0.0861
vn -0.4035 0.9109 0.0861
vn -0.4031 0.9111 0.0861
vn -0.9313 0.3242 0.1663
vn -0.9610 0.2461 0.1262
vn -0.9299 0.3272 0.1678
vn -0.8472 0.5101 0.1485
vn -0.8459 0.5120 0.1490
vn -0.2244 0.9702 -0.0917
vn -0.2242 0.9702 -0.0917
vn -0.4124 0.5922 0.6923
vn -0.5870 0.5262 0.6152
vn -0.4103 0.5928 0.6930
vn -0.2244 0.9702 0.0917
vn -0.2242 0.9702 0.0917
vn -0.9940 0.1049 0.0305
vn -0.1402 0.9507 0.2767
vn -0.2247 0.9356 0.2723
vn 0.7278 0.6828 -0.0645
vn 0.5794 0.8114 -0.0767
vn 0.7283 0.6822 -0.0645
vn -0.1398 0.9858 0.0931
vn -0.4148 -0.4428 0.7949
vn -0.5901 -0.3929 0.7053
vn -0.5923 -0.3921 0.7039
vn -0.5835 0.7226 0.3706
vn -0.7299 0.6083 0.3119
vn -0.5814 0.7240 0.3713
vn -0.5865 0.6364 0.5011
vn -0.7322 0.5352 0.4214
vn -0.5840 0.6378 0.5022
vn -0.9297 0.3667 0.0346
vn -0.9604 0.2775 0.0262
vn -0.9294 0.3675 0.0347
vn -0.7347 0.5330 0.4197
vn -0.8485 0.4157 0.3273
vn -0.9294 0.3675 -0.0347
vn -0.8461 0.5307 -0.0502
vn -0.8456 0.5314 -0.0502
vn -0.8461 0.5307 0.0501
vn -0.5810 0.7815 0.2274
vn -0.7283 0.6579 0.1915
vn -0.5796 0.7824 0.2277
vn -0.8488 0.4704 0.2413
vn -0.8470 0.4731 0.2426
vn -0.8507 0.4129 0.3251
vn -0.9308 0.2873 0.2262
vn -0.7397 0.3275 0.5878
vn -0.8524 0.2545 0.4568
vn -0.7376 0.3286 0.5899
vn -0.1410 0.8809 0.4518
vn -0.2257 0.8669 0.4445
vn -0.8556 -0.0529 0.5149
vn -0.9344 -0.0364 0.3543
vn -0.9347 -0.0363 0.3536
vn -0.7374 0.4390 0.5133
vn -0.8505 0.3419 0.3997
vn -0.7349 0.4408 0.5154
vn -0.2282 0.7649 0.6023
vn -0.4076 0.7174 0.5649
vn -0.2272 0.7651 0.6025
vn -0.2300 0.6326 0.7396
vn -0.2289 0.6328 0.7397
vn -0.9942 0.0847 0.0667
vn -0.1420 0.7777 0.6124
vn -0.8542 0.2530 0.4542
vn -0.9328 0.1754 0.3148
vn -0.9323 0.2842 0.2237
vn -0.9615 0.2158 0.1699
vn -0.5896 0.5250 0.6138
vn -0.4096 0.7167 0.5644
vn -0.5923 0.3921 0.7039
vn -0.5901 0.3929 0.7053
vn -0.7420 0.0685 0.6669
vn -0.8552 0.0529 0.5156
vn -0.7414 0.0685 0.6675
vn -0.1431 0.6433 0.7521
vn -0.7413 0.2023 0.6399
vn -0.8541 0.1568 0.4960
vn -0.7399 0.2028 0.6414
vn -0.9333 0.2334 0.2729
vn -0.9621 0.1772 0.2072
vn -0.9318 0.2360 0.2759
vn -0.4165 0.2741 0.8668
vn -0.5927 0.2428 0.7679
vn -0.4153 0.2742 0.8674
vn -0.9943 0.0695 0.0813
vn -0.8526 0.3396 0.3970
vn -0.1442 0.4816 0.8645
vn -0.2306 0.4736 0.8500
vn -0.8556 0.0529 0.5149
vn -0.9344 0.0364 0.3543
vn -0.9341 0.1738 0.3119
vn -0.9627 0.1318 0.2365
vn -0.9346 -0.1072 0.3392
vn -0.9631 -0.0812 0.2567
vn -0.5942 0.2425 0.7669
vn -0.2315 0.4734 0.8499
vn -0.4130 0.4432 0.7956
vn -0.9943 0.0517 0.0927
vn -0.5949 0.0821 0.7996
vn -0.5944 0.0821 0.8000
vn -0.7413 -0.2023 0.6399
vn -0.8541 -0.1568 0.4960
vn -0.8553 -0.1562 0.4941
vn -0.1450 0.2983 0.9434
vn -0.2320 0.2932 0.9275
vn -0.2326 0.2932 0.9273
vn -0.5949 -0.0821 0.7996
vn -0.7414 -0.0685 0.6675
vn -0.7419 -0.0685 0.6670
vn -0.9346 0.1072 0.3392
vn -0.9631 0.0812 0.2567
vn -0.9337 0.1079 0.3413
vn -0.9944 0.0318 0.1006
vn -0.8553 0.1562 0.4941
vn -0.1455 0.1010 0.9842
vn -0.2329 0.0993 0.9674
vn -0.4096 -0.7167 0.5643
vn -0.5840 -0.6378 0.5022
vn -0.5865 -0.6364 0.5011
vn -0.9347 0.0363 0.3536
vn -0.9633 0.0274 0.2671
vn -0.4165 -0.2741 0.8668
vn -0.5927 -0.2428 0.7679
vn -0.5942 -0.2425 0.7669
vn -0.7397 -0.3275 0.5878
vn -0.8524 -0.2545 0.4568
vn -0.8542 -0.2530 0.4542
vn -0.2326 -0.2932 0.9273
vn -0.4153 -0.2742 0.8674
vn -0.4172 -0.0928 0.9041
vn -0.5944 -0.0821 0.8000
vn -0.2332 0.0993 0.9674
vn -0.4168 0.0928 0.9043
vn -0.2315 -0.4734 0.8499
vn -0.4130 -0.4432 0.7956
vn -0.9944 0.0107 0.1047
vn -0.7374 -0.4391 0.5133
vn -0.8505 -0.3419 0.3997
vn -0.8526 -0.3396 0.3970
vn -0.1455 -0.1010 0.9842
vn -0.2329 -0.0993 0.9674
vn -0.2331 -0.0993 0.9674
vn -0.4168 -0.0928 0.9043
vn -0.9944 -0.0107 0.1047
vn -0.8507 -0.4129 -0.3251
vn -0.9308 -0.2873 -0.2262
vn -0.8485 -0.4157 -0.3273
vn -0.9633 -0.0274 0.2671
vn -0.4124 -0.5922 0.6923
vn -0.5871 -0.5262 0.6152
vn -0.5896 -0.5250 0.6138
vn -0.9337 -0.1079 0.3413
vn -0.8552 -0.0529 0.5156
vn -0.9943 -0.0517 0.0928
vn -0.2300 -0.6326 0.7396
vn -0.4103 -0.5928 0.6930
vn -0.7347 -0.5330 0.4197
vn -0.8485 -0.4157 0.3273
vn -0.8507 -0.4129 0.3252
vn -0.9944 -0.0318 0.1006
vn -0.1450 -0.2983 0.9434
vn -0.2320 -0.2932 0.9275
vn -0.9328 -0.1754 0.3148
vn -0.9341 -0.1738 0.3119
vn -0.7349 -0.4408 0.5154
vn -0.2282 -0.7649 0.6023
vn -0.4076 -0.7175 0.5649
vn -0.1442 -0.4816 0.8645
vn -0.2306 -0.4736 0.8500
vn -0.9627 -0.1317 0.2365
vn -0.4070 -0.8128 0.4168
vn -0.5814 -0.7240 0.3713
vn -0.5835 -0.7226 0.3706
vn -0.9318 -0.2360 0.2759
vn -0.9333 -0.2334 0.2729
vn -0.7376 -0.3286 0.5899
vn -0.8472 -0.5101 0.1485
vn -0.9295 -0.3542 0.1031
vn -0.9304 -0.3521 0.1025
vn -0.2266 -0.8667 0.4445
vn -0.4053 -0.8134 0.4172
vn -0.7298 -0.6564 0.1911
vn -0.8459 -0.5120 0.1490
vn -0.9943 -0.0695 0.0813
vn -0.1431 -0.6433 0.7521
vn -0.2289 -0.6328 0.7397
vn -0.9308 -0.2873 0.2262
vn -0.9323 -0.2842 0.2238
vn -0.8488 -0.4704 0.2412
vn -0.9299 -0.3272 0.1678
vn -0.9313 -0.3242 0.1662
vn -0.7299 -0.6083 0.3119
vn -0.7320 -0.6062 0.3109
vn -0.9297 -0.3667 0.0347
vn -0.9604 -0.2775 0.0262
vn -0.9942 -0.0847 0.0667
vn -0.1420 -0.7777 0.6124
vn -0.2272 -0.7651 0.6025
vn -0.5810 -0.7815 0.2274
vn -0.7283 -0.6579 0.1915
vn -0.9941 -0.0966 0.0496
vn -0.9615 -0.2158 0.1699
vn -0.8470 -0.4731 0.2426
vn -0.7322 -0.5352 0.4214
vn -0.5794 -0.8114 0.0767
vn -0.7278 -0.6828 0.0645
vn -0.7283 -0.6822 0.0645
vn -0.7283 -0.6822 -0.0645
vn -0.8456 -0.5314 -0.0502
vn -0.7278 -0.6828 -0.0645
vn -0.1410 -0.8809 0.4518
vn -0.2257 -0.8669 0.4446
vn -0.8461 -0.5307 0.0502
vn -0.9294 -0.3675 0.0347
vn -0.2252 -0.9355 0.2723
vn -0.4037 -0.8784 0.2557
vn -0.4049 -0.8779 0.2555
vn -0.4035 -0.9109 0.0861
vn -0.5789 -0.8118 0.0767
vn -0.2244 -0.9702 0.0917
vn -0.4031 -0.9111 0.0861
vn -0.9940 -0.1049 0.0305
vn -0.1402 -0.9507 0.2767
vn -0.2247 -0.9356 0.2723
vn -0.8461 -0.5307 -0.0502
vn -0.9294 -0.3675 -0.0347
vn -0.5794 -0.8114 -0.0767
vn -0.5789 -0.8118 -0.0767
vn -0.9940 -0.1090 0.0103
vn -0.9606 -0.2669 0.0777
vn -0.8456 -0.5314 0.0502
vn -0.5796 -0.7824 0.2277
vn -0.7320 -0.6062 -0.3109
vn -0.8470 -0.4731 -0.2426
vn -0.7299 -0.6083 -0.3120
vn -0.1398 -0.9858 0.0932
vn -0.2242 -0.9702 0.0917
vn -0.9942 -0.0847 -0.0667
vn -0.7298 -0.6564 -0.1911
vn -0.8459 -0.5120 -0.1490
vn -0.7283 -0.6579 -0.1915
vn -0.2244 -0.9702 -0.0917
vn -0.4031 -0.9111 -0.0861
vn -0.2242 -0.9702 -0.0917
vn -0.4049 -0.8779 -0.2555
vn -0.5796 -0.7824 -0.2277
vn -0.4037 -0.8784 -0.2557
vn -0.2252 -0.9355 -0.2723
vn -0.2247 -0.9356 -0.2723
vn -0.9940 -0.1090 -0.0103
vn -0.1398 -0.9858 -0.0932
vn -0.8488 -0.4704 -0.2412
vn -0.9299 -0.3272 -0.1678
vn -0.9297 -0.3667 -0.0347
vn -0.9604 -0.2775 -0.0262
vn -0.8542 -0.2530 -0.4542
vn -0.9328 -0.1754 -0.3148
vn -0.8524 -0.2545 -0.4568
vn -0.5810 -0.7815 -0.2274
vn -0.4035 -0.9109 -0.0861
vn -0.5835 -0.7226 -0.3706
vn -0.5814 -0.7240 -0.3713
vn -0.7374 -0.4391 -0.5133
vn -0.8505 -0.3419 -0.3997
vn -0.7349 -0.4408 -0.5154
vn -0.1402 -0.9507 -0.2767
vn -0.4165 0.2741 -0.8668
vn -0.5927 0.2428 -0.7679
vn -0.5942 0.2425 -0.7669
vn -0.5865 -0.6364 -0.5011
vn -0.7322 -0.5352 -0.4214
vn -0.5840 -0.6378 -0.5022
vn -0.9304 -0.3521 -0.1025
vn -0.9606 -0.2669 -0.0777
vn -0.9295 -0.3542 -0.1031
vn -0.9940 -0.1049 -0.0305
vn -0.8472 -0.5101 -0.1485
vn -0.1410 -0.8809 -0.4518
vn -0.2257 -0.8669 -0.4446
vn -0.8526 -0.3396 -0.3971
vn -0.9318 -0.2360 -0.2759
vn -0.9313 -0.3242 -0.1663
vn -0.9610 -0.2461 -0.1262
vn -0.4124 -0.5922 -0.6923
vn -0.5871 -0.5262 -0.6152
vn -0.4103 -0.5928 -0.6930
vn -0.9346 -0.1072 -0.3392
vn -0.9631 -0.0812 -0.2567
vn -0.9337 -0.1079 -0.3413
vn -0.2299 -0.6326 -0.7396
vn -0.2289 -0.6328 -0.7397
vn -0.4096 -0.7167 -0.5643
vn -0.4076 -0.7175 -0.5649
vn -0.2266 -0.8667 -0.4445
vn -0.4053 -0.8135 -0.4172
vn -0.9941 -0.0966 -0.0496
vn -0.7413 -0.2023 -0.6399
vn -0.8541 -0.1568 -0.4960
vn -0.7399 -0.2028 -0.6414
vn -0.1420 -0.7777 -0.6124
vn -0.2272 -0.7651 -0.6025
vn -0.2282 -0.7649 -0.6023
vn -0.5923 -0.3921 -0.7039
vn -0.7376 -0.3286 -0.5899
vn -0.5901 -0.3929 -0.7053
vn -0.9323 -0.2842 -0.2237
vn -0.9615 -0.2158 -0.1699
vn -0.2315 -0.4735 -0.8498
vn -0.4130 -0.4432 -0.7956
vn -0.2306 -0.4736 -0.8500
vn -0.7347 -0.5330 -0.4197
vn -0.9333 -0.2334 -0.2729
vn -0.9621 -0.1772 -0.2072
vn -0.4165 -0.2741 -0.8668
vn -0.5927 -0.2428 -0.7679
vn -0.4153 -0.2742 -0.8674
vn -0.8556 -0.0529 -0.5149
vn -0.9344 -0.0364 -0.3543
vn -0.8552 -0.0529 -0.5156
vn -0.2326 -0.2932 -0.9273
vn -0.2320 -0.2932 -0.9275
vn -0.4148 -0.4428 -0.7949
vn -0.9943 -0.0695 -0.0813
vn -0.1431 -0.6433 -0.7521
vn -0.2331 -0.0993 -0.9674
vn -0.4168 -0.0928 -0.9043
vn -0.2329 -0.0993 -0.9674
vn -0.7419 0.0685 -0.6670
vn -0.8552 0.0529 -0.5156
vn -0.8556 0.0529 -0.5149
vn -0.1442 -0.4816 -0.8645
vn -0.9943 -0.0517 -0.0927
vn -0.9341 -0.1737 -0.3119
vn -0.9627 -0.1318 -0.2365
vn -0.8553 -0.1562 -0.4940
vn -0.7397 -0.3275 -0.5878
vn -0.9944 -0.0108 -0.1047
vn -0.7413 0.2023 -0.6399
vn -0.8541 0.1568 -0.4960
vn -0.8553 0.1562 -0.4940
vn 0.8974 -0.4056 -0.1738
vn 0.9686 -0.2332 -0.0865
vn 0.9600 -0.2694 -0.0762
vn -0.2331 0.0993 -0.9674
vn -0.4168 0.0928 -0.9043
vn -0.4172 0.0928 -0.9041
vn -0.9944 -0.0318 -0.1006
vn -0.1450 -0.2983 -0.9434
vn -0.9347 -0.0363 -0.3536
vn -0.9633 -0.0274 -0.2671
vn -0.5944 0.0821 -0.8000
vn -0.5949 0.0821 -0.7996
vn -0.7414 0.0685 -0.6675
vn -0.4172 -0.0928 -0.9041
vn -0.5944 -0.0821 -0.8000
vn -0.7419 -0.0685 -0.6670
vn -0.7414 -0.0685 -0.6675
vn -0.2326 0.2932 -0.9273
vn -0.4153 0.2742 -0.8674
vn -0.1455 -0.1010 -0.9842
vn -0.4148 0.4428 -0.7949
vn -0.5901 0.3929 -0.7053
vn -0.5923 0.3921 -0.7039
vn -0.9344 0.0364 -0.3543
vn -0.9347 0.0363 -0.3536
vn -0.5949 -0.0821 -0.7996
vn -0.8526 0.3396 -0.3971
vn -0.9318 0.2360 -0.2759
vn -0.9333 0.2334 -0.2729
vn -0.2315 0.4735 -0.8498
vn -0.4130 0.4432 -0.7956
vn -0.7374 0.4391 -0.5133
vn -0.8505 0.3419 -0.3998
vn -0.9944 0.0108 -0.1047
vn -0.1455 0.1010 -0.9842
vn -0.2329 0.0993 -0.9674
vn -0.9337 0.1079 -0.3413
vn -0.9346 0.1072 -0.3392
vn -0.8542 0.2530 -0.4542
vn -0.9328 0.1754 -0.3148
vn -0.9341 0.1737 -0.3119
vn -0.7376 0.3286 -0.5899
vn -0.7397 0.3275 -0.5878
vn -0.9944 0.0318 -0.1006
vn -0.1450 0.2983 -0.9434
vn -0.2320 0.2932 -0.9275
vn -0.5896 0.5250 -0.6138
vn -0.7349 0.4408 -0.5154
vn -0.9943 0.0517 -0.0927
vn -0.9631 0.0812 -0.2567
vn -0.8524 0.2545 -0.4568
vn 0.9997 0.0213 -0.0107
vn -0.7399 0.2028 -0.6414
vn -0.7320 0.6062 -0.3109
vn -0.8470 0.4731 -0.2426
vn -0.8488 0.4704 -0.2412
vn -0.1442 0.4816 -0.8645
vn -0.2306 0.4736 -0.8500
vn -0.7347 0.5330 -0.4197
vn -0.8485 0.4157 -0.3273
vn -0.8507 0.4129 -0.3252
vn -0.2299 0.6326 -0.7396
vn -0.4103 0.5928 -0.6930
vn -0.4124 0.5922 -0.6923
vn -0.4096 0.7167 -0.5643
vn -0.5840 0.6378 -0.5022
vn -0.5865 0.6364 -0.5011
vn -0.2282 0.7649 -0.6023
vn -0.4076 0.7174 -0.5649
vn 0.9054 -0.3146 -0.2850
vn 0.9411 -0.2606 -0.2156
vn -0.9943 0.0695 -0.0813
vn -0.1431 0.6433 -0.7521
vn -0.2289 0.6328 -0.7397
vn -0.9299 0.3272 -0.1678
vn -0.9313 0.3242 -0.1662
vn -0.9621 0.1772 -0.2072
vn -0.7321 0.5352 -0.4214
vn -0.5870 0.5262 -0.6152
vn -0.5835 0.7226 -0.3706
vn -0.7299 0.6083 -0.3120
vn 0.4031 0.9111 -0.0861
vn 0.2244 0.9702 -0.0917
vn 0.4035 0.9109 -0.0861
vn -0.1420 0.7777 -0.6124
vn -0.2272 0.7651 -0.6025
vn -0.7298 0.6564 -0.1910
vn -0.8459 0.5120 -0.1490
vn -0.8472 0.5101 -0.1485
vn -0.9323 0.2841 -0.2238
vn -0.9615 0.2158 -0.1699
vn -0.4049 0.8779 -0.2555
vn -0.5796 0.7824 -0.2277
vn -0.5810 0.7815 -0.2274
vn -0.9942 0.0847 -0.0667
vn -0.9308 0.2873 -0.2262
vn -0.1410 0.8809 -0.4518
vn -0.2257 0.8669 -0.4446
vn -0.2266 0.8667 -0.4445
vn 0.8456 0.5314 -0.0502
vn 0.8461 0.5307 -0.0501
vn -0.9610 0.2461 -0.1262
vn -0.7283 0.6579 -0.1915
vn -0.4053 0.8134 -0.4172
vn -0.4070 0.8128 -0.4168
vn -0.9941 0.0966 -0.0496
vn 0.9633 -0.0274 -0.2671
vn 0.9347 -0.0363 -0.3536
vn 0.9344 -0.0364 -0.3543
vn 0.9943 0.0517 -0.0927
vn -0.1402 0.9507 -0.2767
vn -0.2247 0.9356 -0.2723
vn -0.2252 0.9355 -0.2723
vn -0.4037 0.8784 -0.2557
vn -0.9303 0.3521 -0.1025
vn -0.9606 0.2669 -0.0777
vn -0.9940 0.1049 -0.0305
vn -0.9295 0.3542 -0.1031
vn -0.1398 0.9858 -0.0931
vn 0.9299 0.3272 0.1678
vn 0.8488 0.4704 0.2412
vn 0.8470 0.4731 0.2426
vn -0.9604 0.2775 -0.0262
vn -0.9297 0.3667 -0.0347
vn 0.9941 0.0966 0.0496
vn -0.9940 0.1090 -0.0103
vn 0.4037 0.8784 0.2557
vn 0.2252 0.9355 0.2723
vn 0.2247 0.9356 0.2723
vn 0.8459 0.5120 0.1490
vn 0.7298 0.6565 0.1911
vn 0.7283 0.6579 0.1915
vn 0.9942 0.0847 -0.0667
vn 0.9941 -0.0966 0.0496
vn 0.9943 0.0695 0.0813
vn 0.9940 0.1090 0.0103
vn 0.5561 -0.2866 -0.7801
vn 0.7077 -0.2622 -0.6560
vn 0.5796 0.7824 0.2277
vn 0.4049 0.8779 0.2555
vn -0.7283 0.6822 -0.0645
vn -0.8461 0.5307 -0.0501
vn -0.9304 0.3521 -0.1025
vn -0.9313 0.3242 -0.1663
vn 0.4148 0.4428 -0.7949
vn 0.5901 0.3929 -0.7053
vn 0.4130 0.4432 -0.7956
vn 0.2252 0.9355 -0.2723
vn 0.4037 0.8784 -0.2557
vn 0.2247 0.9356 -0.2723
vn -0.9297 0.3667 0.0347
vn -0.7299 0.6083 -0.3119
vn -0.5814 0.7240 -0.3713
vn -0.4053 0.8135 -0.4172
vn -0.2257 0.8668 -0.4446
vn -0.9323 0.2842 -0.2237
vn -0.8486 0.4157 -0.3273
vn -0.7322 0.5352 -0.4214
vn -0.9944 -0.0318 -0.1007
vn -0.9943 0.0517 -0.0928
vn -0.2300 0.6326 -0.7396
vn -0.9627 0.1317 -0.2365
vn -0.2315 0.4734 -0.8499
vn -0.9633 0.0274 -0.2671
vn -0.7420 -0.0685 -0.6669
vn -0.8553 0.1562 -0.4941
vn -0.8556 0.0528 -0.5149
vn -0.7420 0.0685 -0.6669
vn -0.2332 0.0993 -0.9674
vn -0.8553 -0.1562 -0.4941
vn -0.5942 -0.2425 -0.7669
vn -0.2315 -0.4735 -0.8499
vn -0.8505 -0.3419 -0.3998
vn -0.5896 -0.5250 -0.6138
vn -0.5870 -0.5262 -0.6152
vn -0.2289 -0.6327 -0.7398
vn -0.9615 -0.2158 -0.1700
vn -0.8507 -0.4129 -0.3252
vn -0.7299 -0.6083 -0.3119
vn -0.4070 -0.8128 -0.4168
vn -0.9940 -0.1048 -0.0305
vn -0.7298 -0.6565 -0.1911
vn -0.2257 -0.8669 0.4445
vn -0.7298 -0.6565 0.1911
vn -0.9303 -0.3521 0.1025
vn -0.9610 -0.2461 0.1262
vn -0.9313 -0.3242 0.1663
vn -0.4053 -0.8135 0.4172
vn -0.4076 -0.7174 0.5649
vn -0.9621 -0.1772 0.2072
vn -0.8507 -0.4129 0.3251
vn -0.9627 -0.1318 0.2365
vn -0.9341 -0.1737 0.3119
vn -0.8526 -0.3396 0.3971
vn -0.7349 -0.4409 0.5154
vn -0.5870 -0.5262 0.6152
vn -0.2299 -0.6326 0.7396
vn -0.2315 -0.4735 0.8498
vn -0.8553 -0.1562 0.4940
vn -0.7399 -0.2028 0.6414
vn -0.4165 -0.2741 0.8669
vn -0.7419 -0.0685 0.6669
vn -0.4172 0.0928 0.9041
vn -0.2331 0.0993 0.9674
vn -0.2266 0.8667 0.4445
vn -0.4148 0.4428 0.7949
vn -0.8507 0.4129 0.3252
vn -0.2315 0.4735 0.8498
vn -0.2299 0.6326 0.7396
vn -0.9323 0.2841 0.2238
vn -0.8526 0.3396 0.3971
vn -0.8505 0.3419 0.3998
vn -0.5871 0.5262 0.6152
vn -0.7321 0.5352 0.4214
vn -0.9941 0.0966 0.0496
vn -0.9313 0.3242 0.1662
vn -0.7298 0.6565 0.1911
vn -0.8488 0.4704 0.2412
vn -0.7320 0.6062 0.3109
vn -0.7299 0.6083 0.3120
vn -0.4070 0.8128 0.4168
vn -0.4053 0.8135 0.4172
vn -0.4049 0.8779 0.2555
vn 0.9341 0.1737 0.3119
vn 0.9627 0.1317 0.2365
vn -0.9940 0.1048 -0.0305
vn -0.4037 0.8784 0.2557
vn -0.2252 0.9355 0.2723
vn 0.7298 0.6565 -0.1911
vn 0.8459 0.5120 -0.1490
vn 0.7283 0.6579 -0.1915
vn 0.5942 -0.2425 0.7669
vn 0.7399 -0.2028 0.6414
vn 0.5927 -0.2428 0.7679
vn 0.4049 0.8779 -0.2555
vn 0.5796 0.7824 -0.2277
vn 0.5896 -0.5250 0.6138
vn 0.7349 -0.4408 0.5154
vn 0.5871 -0.5262 0.6152
vn 0.4070 -0.8128 0.4168
vn 0.5814 -0.7240 0.3713
vn 0.4053 -0.8135 0.4172
vn 0.8456 0.5314 0.0502
vn 0.7283 0.6822 0.0645
vn 0.7278 0.6828 0.0645
vn 0.7320 0.6062 -0.3109
vn 0.8470 0.4731 -0.2426
vn 0.7299 0.6083 -0.3119
vn 0.9313 -0.3242 -0.1662
vn 0.9610 -0.2461 -0.1262
vn -0.9940 0.1090 0.0103
vn 0.9333 -0.2334 -0.2729
vn 0.9621 -0.1772 -0.2072
vn 0.5942 -0.2425 -0.7669
vn 0.7399 -0.2028 -0.6414
vn 0.7413 -0.2023 -0.6399
vn 0.4172 0.0928 -0.9041
vn 0.5944 0.0821 -0.8000
vn 0.4168 0.0928 -0.9043
vn 0.2266 0.8667 -0.4445
vn 0.4053 0.8135 -0.4172
vn 0.2257 0.8669 -0.4446
vn 0.9940 0.1090 -0.0103
vn 0.9941 0.0966 -0.0496
vn 0.4070 0.8128 -0.4168
vn 0.5814 0.7240 -0.3713
vn -0.8451 0.5346 -0.0000
vn -0.7890 0.6107 0.0667
vn -0.7893 0.6140 -0.0000
vn -0.2263 0.9692 0.0970
vn -0.2985 0.9544 -0.0000
vn -0.2981 0.9497 0.0958
vn 0.2532 0.4400 -0.8616
vn 0.1881 0.5356 -0.8232
vn 0.2604 0.5219 -0.8123
vn -0.8924 0.4513 -0.0000
vn -0.8449 0.5317 0.0595
vn 0.9293 0.3460 -0.1293
vn 0.9600 0.2709 -0.0704
vn 0.9592 0.2624 -0.1049
vn -0.8441 0.5229 0.1184
vn -0.8921 0.4488 0.0517
vn -0.8915 0.4412 0.1030
vn -0.8428 0.5085 0.1761
vn -0.8904 0.4287 0.1532
vn -0.9681 0.0467 0.2462
vn -0.9465 0.1180 0.3003
vn -0.9703 0.0698 0.2317
vn -0.6528 0.7576 -0.0000
vn -0.7248 0.6850 0.0735
vn -0.6524 0.7537 0.0796
vn -0.7251 0.6887 -0.0000
vn -0.7248 0.6850 -0.0735
vn -0.7882 0.6010 0.1329
vn -0.7238 0.6743 0.1462
vn -0.7222 0.6565 0.2176
vn -0.7867 0.5848 0.1977
vn -0.4823 0.8349 0.2651
vn -0.5713 0.8031 0.1691
vn -0.5695 0.7826 0.2516
vn -0.5727 0.8197 -0.0000
vn -0.4854 0.8697 0.0895
vn -0.4857 0.8741 -0.0000
vn -0.5724 0.8156 0.0850
vn -0.6524 0.7537 -0.0796
vn -0.5724 0.8156 -0.0850
vn -0.6514 0.7420 0.1584
vn -0.6497 0.7228 0.2357
vn -0.8818 0.3320 0.3349
vn -0.9244 0.2903 0.2475
vn -0.9221 0.2643 0.2826
vn -0.2981 0.9497 -0.0958
vn -0.2268 0.9740 -0.0000
vn -0.2263 0.9692 -0.0970
vn -0.3922 0.9151 0.0932
vn -0.3926 0.9197 -0.0000
vn -0.3922 0.9151 -0.0932
vn -0.4842 0.8566 0.1782
vn -0.1813 0.7549 0.6302
vn -0.2121 0.8077 0.5501
vn -0.2070 0.7501 0.6281
vn -0.3910 0.9015 0.1855
vn -0.3890 0.8789 0.2760
vn -0.9991 -0.0088 0.0421
vn -0.9988 0.0037 0.0488
vn -0.2011 0.9796 -0.0000
vn -0.2007 0.9748 0.0974
vn -0.2230 0.9315 0.2874
vn -0.1994 0.9606 0.1938
vn -0.2251 0.9550 0.1932
vn -0.2969 0.9357 0.1906
vn -0.4853 0.8697 -0.0895
vn -0.9809 0.1924 -0.0273
vn -0.9606 0.2778 -0.0000
vn -0.9605 0.2761 -0.0354
vn -0.3827 0.8079 0.4481
vn -0.2920 0.8803 0.3739
vn -0.3862 0.8476 0.3638
vn -0.4763 0.7667 0.4306
vn -0.5669 0.7540 0.3317
vn -0.5638 0.7178 0.4086
vn -0.2949 0.9125 0.2836
vn -0.9968 0.0652 -0.0465
vn -0.9973 0.0737 -0.0055
vn -0.9966 0.0639 -0.0528
vn -0.9800 0.1817 0.0810
vn -0.9600 0.2709 0.0705
vn -0.9807 0.1879 0.0544
vn -1.0000 0.0013 0.0088
vn -0.9998 0.0155 0.0102
vn -0.9969 0.0695 0.0368
vn -0.9957 0.0532 0.0754
vn -0.9954 0.0507 0.0813
vn -0.9997 -0.0022 0.0260
vn -0.9995 0.0115 0.0302
vn -0.9782 0.1609 0.1316
vn -0.9582 0.2504 0.1382
vn -0.9793 0.1721 0.1066
vn -0.9977 -0.0247 0.0630
vn -0.9965 -0.0382 0.0741
vn -0.9965 -0.0218 0.0801
vn -0.2672 0.5986 0.7552
vn -0.3681 0.6424 0.6722
vn -0.3621 0.5735 0.7349
vn -0.9809 0.1924 0.0273
vn -0.9605 0.2762 0.0354
vn -0.9812 0.1932 -0.0000
vn -0.9887 0.1498 0.0003
vn -0.9887 0.1498 -0.0003
vn -0.9883 0.1453 0.0458
vn -0.9884 0.1448 0.0460
vn -0.9871 0.1318 0.0906
vn -0.9872 0.1314 0.0901
vn -0.9883 0.1452 0.0464
vn -0.4675 0.6676 0.5795
vn -0.5599 0.6742 0.4816
vn -0.5555 0.6237 0.5499
vn -0.9308 0.3629 0.0436
vn -0.9310 0.3651 -0.0000
vn -0.9308 0.3629 -0.0436
vn -0.9302 0.3565 0.0869
vn -0.2165 0.8575 0.4667
vn -0.1945 0.9042 0.3802
vn -0.2202 0.8989 0.3789
vn -0.9727 0.1435 0.1821
vn -0.9553 0.2172 0.2006
vn -0.9770 0.1464 0.1548
vn -0.7822 0.5339 0.3210
vn -0.8411 0.4886 0.2322
vn -0.8388 0.4632 0.2860
vn -0.9293 0.3460 0.1293
vn -0.9593 0.2624 0.1049
vn -0.9280 0.3313 0.1705
vn -0.9264 0.3127 0.2100
vn -0.9569 0.2354 0.1703
vn -0.8888 0.4113 0.2020
vn -0.8869 0.3892 0.2489
vn -0.7848 0.5624 0.2606
vn -0.7201 0.6318 0.2869
vn -0.7173 0.6005 0.3534
vn -0.6473 0.6960 0.3107
vn -0.6407 0.6213 0.4511
vn -0.6365 0.5740 0.5151
vn -0.6443 0.6621 0.3828
vn -0.4796 0.8049 0.3495
vn -0.1974 0.9370 0.2884
vn -0.9973 0.0714 -0.0160
vn -0.9971 0.0717 0.0261
vn -0.9972 0.0713 -0.0224
vn -1.0000 0.0013 -0.0088
vn -0.9998 0.0154 -0.0102
vn -0.9960 0.0594 0.0667
vn -0.9942 0.0359 0.1014
vn -0.9938 0.0323 0.1067
vn -0.9952 -0.0535 0.0823
vn -0.9951 -0.0387 0.0914
vn -0.7757 0.4600 0.4320
vn -0.8362 0.4327 0.3371
vn -0.8330 0.3974 0.3849
vn -0.9872 0.1320 0.0900
vn -0.2841 0.7904 0.5428
vn -0.2791 0.7335 0.6198
vn -0.9589 -0.0571 0.2778
vn -0.9351 -0.0117 0.3542
vn -0.9615 -0.0302 0.2733
vn -0.4722 0.7208 0.5075
vn -0.3785 0.7601 0.5282
vn -0.2884 0.8395 0.4605
vn -0.3737 0.7047 0.6031
vn -0.7140 0.5628 0.4165
vn -0.7102 0.5191 0.4756
vn -0.1908 0.8627 0.4683
vn -0.4564 0.5414 0.7061
vn -0.5504 0.5668 0.6130
vn -0.5449 0.5040 0.6701
vn -0.9973 0.0714 0.0153
vn -0.9964 0.0636 0.0565
vn -0.9973 0.0726 0.0090
vn -0.9946 0.0436 0.0941
vn -0.9922 0.0138 0.1235
vn -0.9917 0.0093 0.1279
vn -0.9937 -0.0702 0.0874
vn -0.9934 -0.0574 0.0992
vn -0.9852 0.1103 0.1310
vn -0.9853 0.1097 0.1309
vn -0.9852 0.1100 0.1313
vn -0.9167 0.2028 0.3443
vn -0.9513 0.1725 0.2554
vn -0.9490 0.1463 0.2792
vn -0.9534 0.1962 0.2291
vn -0.8845 0.3627 0.2933
vn -0.1692 0.6177 0.7679
vn -0.2013 0.6851 0.7001
vn -0.1950 0.6134 0.7654
vn -0.7792 0.4997 0.3783
vn -0.3485 0.4191 0.8384
vn -0.2604 0.5219 0.8123
vn -0.3555 0.4988 0.7904
vn -0.6267 0.4619 0.6277
vn -0.7058 0.4699 0.5301
vn -0.7010 0.4156 0.5795
vn -0.8788 0.2973 0.3733
vn -0.8295 0.3575 0.4290
vn -0.8256 0.3136 0.4690
vn -0.8754 0.2590 0.4081
vn -0.7718 0.4153 0.4815
vn -0.7674 0.3660 0.5264
vn -0.9692 0.1037 0.2232
vn -0.9740 0.1119 0.1970
vn -0.6318 0.5207 0.5742
vn -0.4622 0.6076 0.6459
vn -0.2734 0.6694 0.6908
vn -0.4501 0.4697 0.7595
vn -0.4433 0.3932 0.8055
vn -0.9968 0.0654 0.0460
vn -0.9952 0.0497 0.0849
vn -0.9969 0.0678 0.0401
vn -0.9928 0.0228 0.1177
vn -0.9900 -0.0121 0.1408
vn -0.9894 -0.0174 0.1443
vn -0.8679 0.1733 0.4656
vn -0.9136 0.1679 0.3704
vn -0.9103 0.1305 0.3928
vn -0.9922 -0.0875 0.0891
vn -0.9917 -0.0772 0.1032
vn -0.1550 0.4565 0.8761
vn -0.1881 0.5356 0.8232
vn -0.1808 0.4526 0.8732
vn -0.9827 0.0811 0.1667
vn -0.9827 0.0805 0.1666
vn -0.9826 0.0807 0.1671
vn -0.9195 0.2351 0.3150
vn -0.1624 0.5398 0.8260
vn -0.6150 0.3300 0.7161
vn -0.6958 0.3568 0.6233
vn -0.6903 0.2939 0.6612
vn -0.9958 0.0535 0.0749
vn -0.9935 0.0306 0.1099
vn -0.9959 0.0570 0.0696
vn -0.9906 -0.0022 0.1369
vn -0.9874 -0.0409 0.1527
vn -0.9868 -0.0468 0.1551
vn -0.9906 -0.1048 0.0874
vn -0.9899 -0.0975 0.1032
vn -0.5389 0.4360 0.7208
vn -0.5325 0.3633 0.7645
vn -0.9795 0.0455 0.1961
vn -0.9843 0.0318 0.1735
vn -0.9853 0.0255 0.1689
vn -0.3333 0.2476 0.9097
vn -0.2456 0.3536 0.9026
vn -0.3410 0.3351 0.8783
vn -0.9381 0.0225 0.3456
vn -0.9068 0.0912 0.4115
vn -0.9410 0.0557 0.3337
vn -0.8718 0.2176 0.4390
vn -0.9438 0.0877 0.3186
vn -0.8214 0.2660 0.5045
vn -0.8170 0.2151 0.5351
vn -0.1650 0.2740 0.9475
vn -0.1473 0.3686 0.9178
vn -0.1731 0.3651 0.9147
vn -0.7627 0.3125 0.5662
vn -0.7577 0.2554 0.6005
vn -0.6210 0.3981 0.6751
vn -0.2211 0.0766 0.9722
vn -0.3254 0.1575 0.9324
vn -0.3173 0.0656 0.9461
vn -0.4288 0.2284 0.8741
vn -0.5257 0.2867 0.8009
vn -0.5187 0.2069 0.8295
vn -0.6021 0.1835 0.7770
vn -0.6844 0.2276 0.6926
vn -0.6783 0.1586 0.7174
vn -0.8637 0.1267 0.4878
vn -0.7524 0.1953 0.6291
vn -0.8073 0.1056 0.5806
vn -0.8594 0.0781 0.5052
vn -0.7469 0.1326 0.6516
vn -0.9636 -0.0036 0.2671
vn -0.9661 0.0219 0.2574
vn -0.6087 0.2583 0.7502
vn -0.4362 0.3124 0.8439
vn -0.2532 0.4400 0.8616
vn -0.8122 0.1614 0.5606
vn -0.4212 0.1417 0.8958
vn -0.4134 0.0534 0.9090
vn -0.9942 0.0363 0.1009
vn -0.9945 0.0408 0.0963
vn -0.9881 -0.0304 0.1509
vn -0.9847 -0.0715 0.1587
vn -0.9841 -0.0777 0.1599
vn -0.8505 -0.0230 0.5254
vn -0.8995 0.0079 0.4369
vn -0.8957 -0.0351 0.4433
vn -0.9877 -0.1299 0.0867
vn -0.9792 -0.1666 0.1159
vn -0.1224 0.0869 0.9887
vn -0.1568 0.1801 0.9711
vn -0.1483 0.0843 0.9853
vn -0.9759 0.0049 0.2180
vn -0.9812 -0.0041 0.1932
vn -0.9822 -0.0094 0.1875
vn -0.2295 0.1711 0.9582
vn -0.2376 0.2637 0.9349
vn -0.1309 0.1830 0.9744
vn -0.5884 0.0280 0.8081
vn -0.6721 0.0876 0.7353
vn -0.6657 0.0151 0.7461
vn -0.1053 -0.1070 0.9887
vn -0.1398 -0.0123 0.9901
vn -0.1313 -0.1090 0.9853
vn -0.9923 0.0143 0.1231
vn -0.9926 0.0196 0.1195
vn -0.9854 -0.0608 0.1589
vn -0.9820 -0.1027 0.1587
vn -0.9813 -0.1090 0.1586
vn -0.8414 -0.1262 0.5254
vn -0.8919 -0.0786 0.4454
vn -0.8880 -0.1221 0.4433
vn -0.5114 0.1247 0.8502
vn -0.5040 0.0408 0.8627
vn -0.9721 -0.0392 0.2315
vn -0.9777 -0.0432 0.2055
vn -0.9754 -0.0607 0.2121
vn -0.9032 0.0502 0.4263
vn -0.8550 0.0280 0.5178
vn -0.9320 -0.0466 0.3594
vn -0.7236 -0.1308 0.6777
vn -0.7918 -0.0699 0.6067
vn -0.7866 -0.1291 0.6038
vn -0.8460 -0.0746 0.5280
vn -0.7412 0.0680 0.6679
vn -0.7970 -0.0106 0.6038
vn -0.7354 0.0022 0.6777
vn -0.5953 0.1065 0.7964
vn -0.9768 -0.1619 0.1405
vn -0.9799 -0.1233 0.1568
vn -0.9802 -0.1170 0.1595
vn -0.0886 -0.2973 0.9507
vn -0.1228 -0.2047 0.9711
vn -0.1145 -0.2986 0.9475
vn -0.2043 -0.1141 0.9722
vn -0.3091 -0.0273 0.9506
vn -0.3009 -0.1201 0.9461
vn -0.3976 -0.1249 0.9090
vn -0.4966 -0.0438 0.8669
vn -0.4891 -0.1284 0.8627
vn -0.7295 -0.0643 0.6809
vn -0.5814 -0.0513 0.8120
vn -0.6528 -0.1313 0.7461
vn -0.4055 -0.0358 0.9134
vn -0.5744 -0.1305 0.8081
vn -0.3822 -0.2999 0.8741
vn -0.4817 -0.2123 0.8502
vn -0.4745 -0.2945 0.8296
vn -0.8022 0.0481 0.5951
vn -0.2127 -0.0188 0.9769
vn -0.6592 -0.0581 0.7497
vn -0.5607 -0.2861 0.7770
vn -0.6464 -0.2038 0.7353
vn -0.6401 -0.2749 0.7174
vn -0.9900 -0.0115 0.1405
vn -0.9904 -0.0057 0.1379
vn -0.9826 -0.0922 0.1610
vn -0.9793 -0.1331 0.1525
vn -0.9786 -0.1393 0.1512
vn -0.9863 -0.1459 0.0767
vn -0.9773 -0.1876 0.0981
vn -0.9851 -0.1597 0.0638
vn -0.9758 -0.2047 0.0765
vn -0.9875 -0.0403 0.1525
vn -0.9741 -0.0840 0.2099
vn -0.9879 -0.0341 0.1512
vn -0.7121 -0.2612 0.6516
vn -0.7814 -0.1877 0.5951
vn -0.7764 -0.2453 0.5806
vn -0.9567 -0.0844 0.2786
vn -0.8734 -0.2878 0.3928
vn -0.8282 -0.2758 0.4878
vn -0.8769 -0.2484 0.4115
vn -0.9289 -0.0819 0.3611
vn -0.9717 -0.1024 0.2129
vn -0.9258 -0.1172 0.3594
vn -0.6282 -0.4102 0.6612
vn -0.5541 -0.3608 0.7502
vn -0.6340 -0.3439 0.6926
vn -0.0988 -0.4773 0.8732
vn -0.0805 -0.3887 0.9178
vn -0.1065 -0.3898 0.9147
vn -0.8325 -0.2273 0.5052
vn -0.8842 -0.1652 0.4369
vn -0.8805 -0.2075 0.4263
vn -0.9519 -0.1385 0.2733
vn -0.9705 -0.1248 0.2062
vn -0.9541 -0.1116 0.2778
vn -0.9227 -0.1521 0.3542
vn -0.9681 -0.1434 0.2056
vn -0.7013 -0.3841 0.6006
vn -0.7714 -0.3011 0.5606
vn -0.7667 -0.3547 0.5351
vn -0.8369 -0.1772 0.5178
vn -0.9197 -0.1864 0.3456
vn -0.7178 -0.1967 0.6679
vn -0.7066 -0.3239 0.6291
vn -0.5675 -0.2091 0.7964
vn -0.3899 -0.2133 0.8958
vn -0.1960 -0.2086 0.9582
vn -0.2849 -0.3022 0.9097
vn -0.9749 -0.1804 0.1308
vn -0.9751 -0.1755 0.1357
vn -0.0969 -0.2031 0.9744
vn -0.9450 -0.2154 0.2462
vn -0.9168 -0.2196 0.3337
vn -0.9473 -0.1906 0.2574
vn -0.3546 -0.6130 0.7061
vn -0.4543 -0.5235 0.7208
vn -0.4483 -0.5916 0.6701
vn -0.2697 -0.4737 0.8384
vn -0.1799 -0.3912 0.9026
vn -0.2771 -0.3896 0.8783
vn -0.4675 -0.3742 0.8009
vn -0.4607 -0.4508 0.7645
vn -0.5478 -0.4325 0.7161
vn -0.0585 -0.6378 0.7679
vn -0.0915 -0.5603 0.8232
vn -0.0846 -0.6380 0.7654
vn -0.3748 -0.3839 0.8439
vn -0.1878 -0.3013 0.9349
vn -0.3677 -0.4647 0.8055
vn -0.5362 -0.5644 0.6277
vn -0.6227 -0.4730 0.6233
vn -0.6175 -0.5319 0.5795
vn -0.6916 -0.4947 0.5264
vn -0.7622 -0.4056 0.5045
vn -0.7580 -0.4533 0.4690
vn -0.9848 -0.0708 0.1587
vn -0.9852 -0.0644 0.1587
vn -0.9773 -0.1531 0.1466
vn -0.9841 -0.1707 0.0484
vn -0.9747 -0.2173 0.0520
vn -0.9834 -0.1785 0.0312
vn -0.9740 -0.2249 0.0255
vn -0.9820 -0.1020 0.1588
vn -0.9670 -0.1642 0.1947
vn -0.9825 -0.0957 0.1600
vn -0.8101 -0.4811 0.3349
vn -0.8642 -0.3924 0.3150
vn -0.8616 -0.4216 0.2826
vn -0.9494 -0.1651 0.2671
vn -0.9646 -0.1823 0.1903
vn -0.9139 -0.2515 0.3185
vn -0.8241 -0.3225 0.4656
vn -0.6083 -0.6354 0.4756
vn -0.5310 -0.6232 0.5742
vn -0.6127 -0.5862 0.5301
vn -0.0464 -0.7750 0.6302
vn -0.0783 -0.7097 0.7001
vn -0.0726 -0.7747 0.6281
vn -0.8166 -0.4082 0.4081
vn -0.8701 -0.3252 0.3704
vn -0.8670 -0.3601 0.3443
vn -0.9431 -0.2386 0.2317
vn -0.9638 -0.2005 0.1756
vn -0.9113 -0.2818 0.3003
vn -0.9616 -0.2174 0.1678
vn -0.6833 -0.5887 0.4320
vn -0.7541 -0.4972 0.4290
vn -0.7506 -0.5370 0.3849
vn -0.9088 -0.3102 0.2792
vn -0.8202 -0.3668 0.4390
vn -0.6963 -0.4412 0.5662
vn -0.6872 -0.5440 0.4815
vn -0.5418 -0.5007 0.6751
vn -0.3609 -0.5413 0.7595
vn -0.2627 -0.5533 0.7904
vn -0.1723 -0.4775 0.8616
vn -0.2561 -0.6280 0.7349
vn -0.1651 -0.5594 0.8123
vn -0.0727 -0.4765 0.8761
vn -0.9410 -0.2608 0.2158
vn -0.9376 -0.2993 0.1771
vn -0.9065 -0.3363 0.2554
vn -0.9394 -0.2806 0.1970
vn -0.1371 -0.8770 0.4605
vn -0.2397 -0.8146 0.5282
vn -0.2354 -0.8624 0.4481
vn -0.9831 -0.1828 0.0128
vn -0.9738 -0.2272 -0.0020
vn -0.1464 -0.7710 0.6198
vn -0.2500 -0.6969 0.6722
vn -0.2445 -0.7593 0.6031
vn -0.4427 -0.6544 0.6130
vn -0.4377 -0.7113 0.5499
vn -0.5263 -0.6765 0.5151
vn -0.0631 -0.8821 0.4667
vn -0.0413 -0.8329 0.5519
vn -0.0675 -0.8324 0.5501
vn -0.3488 -0.6791 0.6459
vn -0.0303 -0.9570 0.2884
vn -0.0594 -0.9235 0.3789
vn -0.0566 -0.9561 0.2874
vn -0.1583 -0.6361 0.7552
vn -0.3435 -0.7391 0.5795
vn -0.3347 -0.8382 0.4306
vn -0.4333 -0.7618 0.4816
vn -0.4294 -0.8054 0.4086
vn -0.1521 -0.7069 0.6908
vn -0.0521 -0.7098 0.7025
vn -0.9349 -0.3296 0.1316
vn -0.9025 -0.3810 0.2006
vn -0.9363 -0.3151 0.1548
vn -0.6012 -0.7167 0.3534
vn -0.5221 -0.7238 0.4511
vn -0.6045 -0.6791 0.4165
vn -0.9793 -0.1325 0.1527
vn -0.9797 -0.1266 0.1551
vn -0.9728 -0.2040 0.1099
vn -0.9843 -0.1763 -0.0000
vn -0.9817 -0.1902 0.0102
vn -0.9610 -0.2324 0.1498
vn -0.9568 -0.2714 0.1044
vn -0.9587 -0.2587 0.1182
vn -0.9589 -0.2475 0.1388
vn -0.9044 -0.3600 0.2292
vn -0.8132 -0.4465 0.3733
vn -0.3287 -0.9065 0.2651
vn -0.4262 -0.8416 0.3318
vn -0.4237 -0.8701 0.2516
vn -0.9331 -0.3504 0.0810
vn -0.8996 -0.4143 0.1382
vn -0.9341 -0.3408 0.1066
vn -0.6767 -0.6626 0.3210
vn -0.7475 -0.5723 0.3371
vn -0.7448 -0.6028 0.2860
vn -0.8593 -0.4476 0.2475
vn -0.8573 -0.4700 0.2100
vn -0.9009 -0.3992 0.1702
vn -0.8074 -0.5119 0.2933
vn -0.8051 -0.5384 0.2489
vn -0.6798 -0.6283 0.3783
vn -0.5155 -0.7986 0.3107
vn -0.5132 -0.8253 0.2357
vn -0.5185 -0.7646 0.3828
vn -0.3388 -0.7923 0.5075
vn -0.1414 -0.8279 0.5427
vn -0.9768 -0.1613 0.1408
vn -0.9772 -0.1560 0.1443
vn -0.3257 -0.9412 0.0895
vn -0.4219 -0.8907 0.1691
vn -0.4208 -0.9032 0.0850
vn -0.9711 -0.2231 0.0849
vn -0.8016 -0.5779 0.1533
vn -0.8557 -0.4886 0.1705
vn -0.8544 -0.5033 0.1293
vn -0.9831 -0.1828 -0.0128
vn -0.9817 -0.1902 -0.0102
vn -0.6723 -0.7134 0.1977
vn -0.7426 -0.6282 0.2322
vn -0.7408 -0.6482 0.1761
vn -0.1307 -0.9500 0.2836
vn -0.1335 -0.9178 0.3739
vn -0.9349 -0.3296 -0.1316
vn -0.8996 -0.4143 -0.1382
vn -0.9341 -0.3408 -0.1066
vn -0.2319 -0.9021 0.3638
vn -0.3314 -0.8764 0.3496
vn -0.0270 -0.9949 -0.0974
vn -0.0528 -0.9986 -0.0000
vn -0.0532 -0.9939 -0.0971
vn -0.2292 -0.9334 0.2760
vn -0.5984 -0.7481 0.2869
vn -0.5962 -0.7728 0.2176
vn -0.0369 -0.8828 0.4683
vn -0.9321 -0.3611 0.0274
vn -0.8978 -0.4347 0.0705
vn -0.9327 -0.3566 0.0544
vn -0.5104 -0.8562 0.0796
vn -0.5947 -0.7906 0.1463
vn -0.5937 -0.8013 0.0735
vn -0.9745 -0.1873 0.1235
vn -0.9748 -0.1827 0.1280
vn -0.9699 -0.2369 0.0565
vn -0.9834 -0.1785 -0.0312
vn -0.9738 -0.2272 0.0020
vn -0.9570 -0.2784 0.0821
vn -0.9580 -0.2860 0.0198
vn -0.9595 -0.2789 0.0385
vn -0.9587 -0.2784 0.0586
vn -0.2260 -0.9697 0.0932
vn -0.1286 -0.9732 0.1906
vn -0.2272 -0.9560 0.1855
vn -0.8985 -0.4262 0.1049
vn -0.8032 -0.5605 0.2020
vn -0.0270 -0.9949 0.0974
vn -0.0545 -0.9797 0.1932
vn -0.0532 -0.9939 0.0970
vn -0.6742 -0.6910 0.2606
vn -0.3257 -0.9412 -0.0895
vn -0.4204 -0.9073 -0.0000
vn -0.4208 -0.9032 -0.0850
vn -0.9321 -0.3611 -0.0273
vn -0.8972 -0.4417 -0.0000
vn -0.9322 -0.3619 -0.0000
vn -0.6700 -0.7394 0.0668
vn -0.7396 -0.6626 0.1184
vn -0.7388 -0.6713 0.0594
vn -0.8535 -0.5138 0.0869
vn -0.8529 -0.5202 0.0437
vn -0.8973 -0.4400 0.0354
vn -0.8005 -0.5904 0.1030
vn -0.7998 -0.5980 0.0517
vn -0.6708 -0.7296 0.1329
vn -0.5115 -0.8446 0.1584
vn -0.5101 -0.8601 -0.0000
vn -0.5104 -0.8562 -0.0796
vn -0.3268 -0.9281 0.1782
vn -0.0282 -0.9806 0.1938
vn -0.9726 -0.2093 0.1014
vn -0.9728 -0.2057 0.1067
vn -0.1307 -0.9500 -0.2836
vn -0.2272 -0.9560 -0.1855
vn -0.2292 -0.9334 -0.2760
vn -0.7998 -0.5980 -0.0517
vn -0.8527 -0.5224 -0.0000
vn -0.8529 -0.5202 -0.0437
vn -0.9841 -0.1707 -0.0484
vn -0.9740 -0.2249 -0.0255
vn -0.6700 -0.7394 -0.0668
vn -0.7385 -0.6742 -0.0000
vn -0.7388 -0.6713 -0.0595
vn -0.1269 -0.9919 -0.0000
vn -0.1273 -0.9872 -0.0958
vn -0.3253 -0.9456 -0.0000
vn -0.1273 -0.9872 0.0958
vn -0.2260 -0.9697 -0.0932
vn -0.5934 -0.8049 -0.0000
vn -0.5937 -0.8013 -0.0735
vn -0.0266 -0.9996 -0.0000
vn -0.2256 -0.9742 -0.0000
vn -0.3287 -0.9064 -0.2651
vn -0.4219 -0.8907 -0.1691
vn -0.4237 -0.8701 -0.2516
vn -0.9710 -0.2267 0.0755
vn -0.9711 -0.2242 0.0814
vn -0.9592 -0.2827 -0.0000
vn -0.9700 -0.2387 -0.0466
vn -0.9700 -0.2373 -0.0528
vn -0.9851 -0.1597 -0.0638
vn -0.9747 -0.2173 -0.0520
vn -0.9580 -0.2860 -0.0198
vn -0.8544 -0.5033 -0.1293
vn -0.8978 -0.4347 -0.0704
vn -0.8985 -0.4262 -0.1049
vn -0.8973 -0.4400 -0.0354
vn -0.7996 -0.6005 -0.0000
vn -0.0303 -0.9570 -0.2884
vn -0.0545 -0.9797 -0.1932
vn -0.0566 -0.9561 -0.2874
vn -0.6697 -0.7426 -0.0000
vn -0.2354 -0.8624 -0.4481
vn -0.1335 -0.9178 -0.3739
vn -0.2319 -0.9021 -0.3638
vn -0.5132 -0.8253 -0.2357
vn -0.5947 -0.7906 -0.1463
vn -0.5962 -0.7728 -0.2176
vn -0.8005 -0.5904 -0.1030
vn -0.7395 -0.6626 -0.1184
vn -0.7408 -0.6482 -0.1761
vn -0.8016 -0.5779 -0.1533
vn -0.6708 -0.7296 -0.1329
vn -0.6723 -0.7134 -0.1977
vn -0.9331 -0.3504 -0.0810
vn -0.9327 -0.3566 -0.0544
vn -0.5115 -0.8446 -0.1584
vn -0.3268 -0.9281 -0.1782
vn -0.1286 -0.9732 -0.1906
vn -0.0282 -0.9806 -0.1938
vn -0.3314 -0.8764 -0.3495
vn -0.3347 -0.8382 -0.4306
vn -0.9700 -0.2387 0.0466
vn -0.9700 -0.2373 0.0528
vn -0.9595 -0.2790 -0.0385
vn -0.9710 -0.2267 -0.0755
vn -0.9711 -0.2242 -0.0814
vn -0.8051 -0.5384 -0.2489
vn -0.8557 -0.4886 -0.1705
vn -0.8573 -0.4700 -0.2100
vn -0.9863 -0.1459 -0.0767
vn -0.9758 -0.2048 -0.0765
vn -0.0369 -0.8828 -0.4683
vn -0.0595 -0.9235 -0.3789
vn -0.0631 -0.8821 -0.4667
vn -0.9587 -0.2783 -0.0586
vn -0.8535 -0.5138 -0.0869
vn -0.0332 -0.9243 -0.3802
vn -0.5185 -0.7646 -0.3828
vn -0.5984 -0.7481 -0.2869
vn -0.6012 -0.7167 -0.3534
vn -0.0464 -0.7750 -0.6302
vn -0.0675 -0.8324 -0.5501
vn -0.0726 -0.7747 -0.6281
vn -0.9570 -0.2784 -0.0821
vn -0.9726 -0.2094 -0.1014
vn -0.9728 -0.2058 -0.1067
vn -0.8101 -0.4811 -0.3349
vn -0.8593 -0.4476 -0.2475
vn -0.8616 -0.4217 -0.2826
vn -0.4262 -0.8416 -0.3317
vn -0.4294 -0.8054 -0.4086
vn -0.9568 -0.2714 -0.1044
vn -0.9009 -0.3992 -0.1703
vn -0.6833 -0.5887 -0.4320
vn -0.7475 -0.5724 -0.3371
vn -0.7506 -0.5370 -0.3849
vn -0.8032 -0.5605 -0.2021
vn -0.8074 -0.5119 -0.2933
vn -0.7426 -0.6282 -0.2322
vn -0.7448 -0.6028 -0.2860
vn -0.6742 -0.6910 -0.2606
vn -0.6767 -0.6626 -0.3210
vn -0.5155 -0.7986 -0.3107
vn -0.0585 -0.6378 -0.7679
vn -0.0783 -0.7097 -0.7001
vn -0.0846 -0.6380 -0.7654
vn -0.1464 -0.7710 -0.6198
vn -0.2397 -0.8146 -0.5281
vn -0.2446 -0.7593 -0.6031
vn -0.3435 -0.7391 -0.5794
vn -0.4333 -0.7618 -0.4816
vn -0.4377 -0.7113 -0.5500
vn -0.6798 -0.6283 -0.3783
vn -0.6045 -0.6791 -0.4165
vn -0.6083 -0.6354 -0.4756
vn -0.5221 -0.7238 -0.4511
vn -0.5263 -0.6765 -0.5151
vn -0.3388 -0.7923 -0.5075
vn -0.1371 -0.8770 -0.4605
vn -0.1414 -0.8279 -0.5427
vn -0.5362 -0.5644 -0.6277
vn -0.6127 -0.5862 -0.5301
vn -0.6175 -0.5319 -0.5795
vn -0.9699 -0.2369 -0.0565
vn -0.2697 -0.4736 -0.8384
vn -0.1651 -0.5594 -0.8123
vn -0.2627 -0.5534 -0.7904
vn -0.9587 -0.2587 -0.1182
vn -0.9745 -0.1873 -0.1235
vn -0.9748 -0.1827 -0.1279
vn -0.8166 -0.4082 -0.4081
vn -0.8642 -0.3924 -0.3150
vn -0.8670 -0.3601 -0.3443
vn -0.6916 -0.4947 -0.5264
vn -0.7541 -0.4972 -0.4290
vn -0.7580 -0.4532 -0.4690
vn -0.9363 -0.3151 -0.1548
vn -0.9025 -0.3810 -0.2006
vn -0.9589 -0.2475 -0.1388
vn -0.9044 -0.3600 -0.2291
vn -0.0728 -0.4765 -0.8761
vn -0.0915 -0.5603 -0.8232
vn -0.0988 -0.4773 -0.8732
vn -0.1583 -0.6361 -0.7552
vn -0.2500 -0.6969 -0.6722
vn -0.2561 -0.6280 -0.7349
vn -0.9711 -0.2231 -0.0849
vn -0.7121 -0.2612 -0.6516
vn -0.7714 -0.3011 -0.5606
vn -0.7764 -0.2453 -0.5806
vn -0.9610 -0.2324 -0.1498
vn -0.9768 -0.1613 -0.1408
vn -0.9772 -0.1560 -0.1443
vn -0.8241 -0.3225 -0.4656
vn -0.8701 -0.3252 -0.3704
vn -0.8734 -0.2878 -0.3928
vn -0.1521 -0.7069 -0.6908
vn -0.4483 -0.5916 -0.6701
vn -0.3488 -0.6791 -0.6459
vn -0.4427 -0.6544 -0.6130
vn -0.9394 -0.2806 -0.1970
vn -0.9376 -0.2993 -0.1771
vn -0.9065 -0.3363 -0.2554
vn -0.9616 -0.2174 -0.1678
vn -0.8132 -0.4465 -0.3733
vn -0.9088 -0.3102 -0.2792
vn -0.7667 -0.3547 -0.5351
vn -0.8202 -0.3668 -0.4390
vn -0.7013 -0.3841 -0.6005
vn -0.7622 -0.4056 -0.5045
vn -0.6872 -0.5440 -0.4815
vn -0.5310 -0.6232 -0.5742
vn -0.3546 -0.6130 -0.7061
vn -0.1313 -0.1090 -0.9853
vn -0.0968 -0.2031 -0.9744
vn -0.1228 -0.2047 -0.9711
vn -0.1145 -0.2986 -0.9475
vn -0.0805 -0.3887 -0.9178
vn -0.1065 -0.3898 -0.9147
vn -0.9410 -0.2608 -0.2158
vn -0.3677 -0.4647 -0.8055
vn -0.4543 -0.5235 -0.7208
vn -0.4607 -0.4508 -0.7645
vn -0.6963 -0.4412 -0.5662
vn -0.6226 -0.4730 -0.6233
vn -0.6282 -0.4102 -0.6612
vn -0.5418 -0.5007 -0.6751
vn -0.5478 -0.4326 -0.7161
vn -0.3609 -0.5413 -0.7595
vn -0.3822 -0.2999 -0.8741
vn -0.4674 -0.3743 -0.8009
vn -0.4745 -0.2945 -0.8295
vn -0.5607 -0.2861 -0.7770
vn -0.6340 -0.3439 -0.6926
vn -0.6401 -0.2749 -0.7174
vn -0.9728 -0.2040 -0.1099
vn -0.9638 -0.2005 -0.1756
vn -0.9793 -0.1325 -0.1527
vn -0.9798 -0.1266 -0.1551
vn -0.9773 -0.1876 -0.0981
vn -0.9749 -0.1803 -0.1308
vn -0.9431 -0.2386 -0.2317
vn -0.9937 -0.0702 -0.0874
vn -0.9952 -0.0535 -0.0823
vn -0.9934 -0.0574 -0.0992
vn -0.9113 -0.2818 -0.3003
vn -0.9646 -0.1823 -0.1903
vn -0.9139 -0.2515 -0.3185
vn -0.4134 0.0534 -0.9090
vn -0.4966 -0.0438 -0.8669
vn -0.5041 0.0408 -0.8627
vn -0.5744 -0.1306 -0.8081
vn -0.6464 -0.2038 -0.7353
vn -0.6528 -0.1313 -0.7461
vn -0.9906 -0.1048 -0.0874
vn -0.9877 -0.1299 -0.0867
vn -0.9945 -0.1052 -0.0000
vn -0.8325 -0.2273 -0.5052
vn -0.8769 -0.2484 -0.4115
vn -0.8805 -0.2075 -0.4263
vn -0.9473 -0.1906 -0.2574
vn -0.9670 -0.1642 -0.1947
vn -0.9450 -0.2154 -0.2462
vn -0.9168 -0.2196 -0.3337
vn -0.9681 -0.1434 -0.2056
vn -0.9197 -0.1864 -0.3456
vn -0.8282 -0.2758 -0.4878
vn -0.7066 -0.3239 -0.6291
vn -0.7236 -0.1308 -0.6777
vn -0.7178 -0.1967 -0.6679
vn -0.5541 -0.3608 -0.7502
vn -0.7814 -0.1877 -0.5951
vn -0.7866 -0.1291 -0.6038
vn -0.3748 -0.3839 -0.8439
vn -0.2771 -0.3896 -0.8783
vn -0.1723 -0.4775 -0.8616
vn -0.2848 -0.3022 -0.9097
vn -0.9875 -0.0403 -0.1525
vn -0.9741 -0.0840 -0.2099
vn -0.9717 -0.1024 -0.2129
vn -0.1799 -0.3912 -0.9026
vn -0.8414 -0.1261 -0.5254
vn -0.8842 -0.1652 -0.4369
vn -0.8880 -0.1221 -0.4433
vn -0.9541 -0.1116 -0.2778
vn -0.9227 -0.1521 -0.3542
vn -0.9519 -0.1385 -0.2733
vn -0.9922 -0.0875 -0.0891
vn -0.9899 -0.0975 -0.1032
vn -0.9820 -0.1020 -0.1587
vn -0.2043 -0.1141 -0.9722
vn -0.2928 -0.2120 -0.9324
vn -0.3009 -0.1201 -0.9461
vn -0.5675 -0.2091 -0.7964
vn -0.4817 -0.2122 -0.8502
vn -0.4891 -0.1284 -0.8627
vn -0.1483 0.0843 -0.9853
vn -0.1139 -0.0100 -0.9934
vn -0.1398 -0.0123 -0.9901
vn -0.3898 -0.2133 -0.8958
vn -0.1878 -0.3012 -0.9349
vn -0.3976 -0.1249 -0.9090
vn -0.7354 0.0022 -0.6777
vn -0.7918 -0.0698 -0.6067
vn -0.7971 -0.0106 -0.6038
vn -0.5884 0.0280 -0.8081
vn -0.6592 -0.0581 -0.7497
vn -0.6657 0.0151 -0.7461
vn -0.1960 -0.2086 -0.9582
vn -0.0885 -0.2973 -0.9507
vn -0.9705 -0.1248 -0.2063
vn -0.9848 -0.0709 -0.1587
vn -0.9852 -0.0645 -0.1586
vn -0.9917 -0.0772 -0.1032
vn -0.9965 -0.0382 -0.0741
vn -0.9951 -0.0387 -0.0914
vn -0.9768 -0.1619 -0.1405
vn -0.9799 -0.1233 -0.1568
vn -0.9761 -0.1677 -0.1380
vn -0.8595 0.0781 -0.5052
vn -0.8995 0.0079 -0.4369
vn -0.9032 0.0502 -0.4263
vn -0.9494 -0.1651 -0.2671
vn -0.9258 -0.1172 -0.3594
vn -0.8369 -0.1772 -0.5178
vn -0.6021 0.1835 -0.7770
vn -0.6721 0.0876 -0.7353
vn -0.6784 0.1586 -0.7174
vn -0.1650 0.2740 -0.9475
vn -0.1309 0.1830 -0.9744
vn -0.1567 0.1801 -0.9711
vn -0.8957 -0.0352 -0.4433
vn -0.8460 -0.0746 -0.5280
vn -0.8919 -0.0787 -0.4454
vn -0.9567 -0.0844 -0.2786
vn -0.9289 -0.0819 -0.3611
vn -0.9754 -0.0607 -0.2120
vn -0.7469 0.1326 -0.6516
vn -0.8022 0.0481 -0.5951
vn -0.8073 0.1056 -0.5806
vn -0.9320 -0.0466 -0.3594
vn -0.7295 -0.0643 -0.6810
vn -0.8505 -0.0231 -0.5254
vn -0.7412 0.0680 -0.6679
vn -0.5814 -0.0513 -0.8120
vn -0.4055 -0.0358 -0.9134
vn -0.2127 -0.0188 -0.9769
vn -0.3091 -0.0273 -0.9506
vn -0.1053 -0.1070 -0.9887
vn -0.9589 -0.0571 -0.2778
vn -0.9636 -0.0036 -0.2671
vn -0.9351 -0.0117 -0.3542
vn -0.9615 -0.0302 -0.2733
vn -0.2532 0.4400 -0.8616
vn -0.3411 0.3351 -0.8783
vn -0.3485 0.4192 -0.8384
vn -0.9977 -0.0247 -0.0630
vn -0.9965 -0.0218 -0.0801
vn -0.9782 0.1609 -0.1316
vn -0.9553 0.2172 -0.2007
vn -0.9770 0.1464 -0.1548
vn -0.2377 0.2637 -0.9349
vn -0.3254 0.1575 -0.9324
vn -0.3333 0.2476 -0.9097
vn -0.5953 0.1065 -0.7964
vn -0.4212 0.1418 -0.8958
vn -0.5187 0.2069 -0.8295
vn -0.1550 0.4565 -0.8761
vn -0.1731 0.3651 -0.9147
vn -0.1808 0.4526 -0.8732
vn -0.3173 0.0656 -0.9461
vn -0.1950 0.6133 -0.7654
vn -0.1624 0.5397 -0.8260
vn -0.1881 0.5356 -0.8232
vn -0.2212 0.0766 -0.9722
vn -0.4288 0.2284 -0.8741
vn -0.4433 0.3932 -0.8055
vn -0.5257 0.2867 -0.8009
vn -0.5325 0.3633 -0.7645
vn -0.2295 0.1711 -0.9582
vn -0.1224 0.0870 -0.9887
vn -0.5114 0.1247 -0.8502
vn -0.9681 0.0467 -0.2462
vn -0.9410 0.0558 -0.3337
vn -0.9661 0.0218 -0.2574
vn -0.6903 0.2939 -0.6612
vn -0.6087 0.2583 -0.7502
vn -0.6844 0.2276 -0.6926
vn -0.9793 -0.1331 -0.1525
vn -0.9826 -0.0922 -0.1610
vn -0.9786 -0.1393 -0.1512
vn -0.9777 -0.0432 -0.2055
vn -0.9900 -0.0115 -0.1405
vn -0.9904 -0.0057 -0.1380
vn -0.9982 -0.0185 -0.0568
vn -0.9978 -0.0075 -0.0657
vn -0.9759 0.0049 -0.2180
vn -0.9811 -0.0041 -0.1932
vn -0.9721 -0.0392 -0.2315
vn -0.9381 0.0225 -0.3456
vn -0.8550 0.0280 -0.5178
vn -0.5449 0.5040 -0.6701
vn -0.4501 0.4697 -0.7595
vn -0.5389 0.4360 -0.7208
vn -0.9692 0.1038 -0.2232
vn -0.9465 0.1180 -0.3003
vn -0.9703 0.0698 -0.2317
vn -0.7577 0.2554 -0.6006
vn -0.8122 0.1615 -0.5606
vn -0.8170 0.2151 -0.5351
vn -0.9068 0.0912 -0.4115
vn -0.9103 0.1305 -0.3929
vn -0.9438 0.0877 -0.3186
vn -0.8637 0.1267 -0.4878
vn -0.8679 0.1733 -0.4656
vn -0.7524 0.1952 -0.6291
vn -0.6210 0.3981 -0.6751
vn -0.6267 0.4619 -0.6277
vn -0.6150 0.3300 -0.7161
vn -0.4362 0.3124 -0.8439
vn -0.2456 0.3536 -0.9026
vn -0.1473 0.3687 -0.9178
vn -0.9820 -0.1026 -0.1587
vn -0.9854 -0.0608 -0.1590
vn -0.9813 -0.1090 -0.1586
vn -0.2791 0.7335 -0.6198
vn -0.3681 0.6423 -0.6722
vn -0.3736 0.7048 -0.6031
vn -0.9923 0.0143 -0.1231
vn -0.9926 0.0195 -0.1195
vn -0.9167 0.2029 -0.3443
vn -0.8718 0.2176 -0.4390
vn -0.9136 0.1679 -0.3704
vn -0.9991 -0.0088 -0.0422
vn -0.9988 0.0037 -0.0488
vn -0.7674 0.3660 -0.5264
vn -0.8214 0.2660 -0.5045
vn -0.8256 0.3136 -0.4690
vn -0.9822 -0.0095 -0.1875
vn -0.2604 0.5219 -0.8123
vn -0.2672 0.5986 -0.7552
vn -0.9600 0.2709 -0.0704
vn -0.9807 0.1879 -0.0544
vn -0.3555 0.4988 -0.7904
vn -0.3621 0.5735 -0.7349
vn -0.4564 0.5415 -0.7061
vn -0.6958 0.3568 -0.6233
vn -0.7010 0.4156 -0.5795
vn -0.4675 0.6676 -0.5795
vn -0.5504 0.5668 -0.6130
vn -0.5555 0.6237 -0.5499
vn -0.9847 -0.0715 -0.1587
vn -0.9881 -0.0304 -0.1509
vn -0.9841 -0.0777 -0.1599
vn -0.9843 0.0319 -0.1735
vn -0.9942 0.0363 -0.1009
vn -0.9945 0.0408 -0.0964
vn -0.9997 -0.0022 -0.0260
vn -0.9995 0.0115 -0.0301
vn -0.9853 0.0255 -0.1689
vn -0.9795 0.0455 -0.1961
vn -0.9221 0.2643 -0.2826
vn -0.9513 0.1725 -0.2554
vn -0.9534 0.1962 -0.2291
vn -0.9490 0.1464 -0.2792
vn -0.7627 0.3125 -0.5662
vn -0.8754 0.2590 -0.4081
vn -0.1813 0.7549 -0.6302
vn -0.2013 0.6851 -0.7001
vn -0.2070 0.7501 -0.6281
vn -0.2884 0.8395 -0.4605
vn -0.3785 0.7601 -0.5281
vn -0.3827 0.8079 -0.4481
vn -0.7101 0.5191 -0.4756
vn -0.6319 0.5207 -0.5742
vn -0.7058 0.4699 -0.5301
vn -0.8788 0.2973 -0.3733
vn -0.8295 0.3575 -0.4290
vn -0.8330 0.3974 -0.3849
vn -0.8818 0.3319 -0.3349
vn -0.7718 0.4153 -0.4815
vn -0.7757 0.4600 -0.4320
vn -0.9727 0.1435 -0.1821
vn -0.9740 0.1119 -0.1970
vn -0.6365 0.5740 -0.5151
vn -0.4622 0.6076 -0.6459
vn -0.2734 0.6694 -0.6908
vn -0.1692 0.6178 -0.7679
vn -0.4722 0.7208 -0.5075
vn -0.4763 0.7667 -0.4306
vn -0.9874 -0.0409 -0.1527
vn -0.9906 -0.0022 -0.1369
vn -0.9868 -0.0467 -0.1551
vn -0.9935 0.0306 -0.1099
vn -0.9958 0.0535 -0.0749
vn -0.9959 0.0570 -0.0696
vn -0.8869 0.3892 -0.2489
vn -0.9244 0.2903 -0.2475
vn -0.9264 0.3127 -0.2100
vn -0.2165 0.8575 -0.4667
vn -0.1864 0.8128 -0.5519
vn -0.2121 0.8077 -0.5501
vn -0.9826 0.0807 -0.1671
vn -0.9827 0.0806 -0.1666
vn -0.9827 0.0811 -0.1667
vn -0.9195 0.2351 -0.3150
vn -0.2841 0.7904 -0.5428
vn -0.6443 0.6621 -0.3828
vn -0.7140 0.5628 -0.4165
vn -0.7173 0.6005 -0.3534
vn -0.9900 -0.0121 -0.1408
vn -0.9928 0.0228 -0.1177
vn -0.9894 -0.0174 -0.1443
vn -0.9952 0.0497 -0.0849
vn -0.9968 0.0654 -0.0459
vn -0.9969 0.0678 -0.0400
vn -0.9957 0.0532 -0.0755
vn -0.9969 0.0695 -0.0368
vn -0.9954 0.0508 -0.0814
vn -0.5599 0.6742 -0.4816
vn -0.5638 0.7178 -0.4086
vn -0.9852 0.1100 -0.1313
vn -0.9853 0.1097 -0.1309
vn -0.9852 0.1103 -0.1309
vn -0.3890 0.8789 -0.2760
vn -0.2920 0.8803 -0.3739
vn -0.3862 0.8476 -0.3638
vn -0.9593 0.2624 -0.1048
vn -0.9280 0.3313 -0.1705
vn -0.9582 0.2505 -0.1382
vn -0.9569 0.2354 -0.1703
vn 0.2949 0.9125 0.2836
vn 0.2201 0.8989 0.3789
vn 0.2920 0.8803 0.3738
vn -0.8846 0.3627 -0.2933
vn -0.8361 0.4327 -0.3371
vn -0.2230 0.9315 -0.2874
vn -0.1945 0.9042 -0.3802
vn -0.2201 0.8989 -0.3789
vn -0.7792 0.4997 -0.3783
vn -0.7823 0.5339 -0.3210
vn -0.6407 0.6213 -0.4511
vn -0.3910 0.9015 -0.1855
vn 0.2532 0.4400 0.8616
vn 0.1731 0.3651 0.9147
vn 0.2456 0.3536 0.9026
vn -0.4823 0.8349 -0.2651
vn -0.5670 0.7540 -0.3317
vn -0.5695 0.7826 -0.2516
vn 0.1650 0.2740 0.9475
vn 0.2295 0.1711 0.9582
vn 0.2377 0.2637 0.9349
vn -0.6497 0.7227 -0.2357
vn -0.7201 0.6318 -0.2869
vn -0.7222 0.6565 -0.2176
vn -0.8888 0.4113 -0.2020
vn -0.8388 0.4632 -0.2860
vn -0.8411 0.4886 -0.2322
vn -0.8428 0.5085 -0.1761
vn -0.8904 0.4287 -0.1532
vn 0.2212 0.0766 0.9722
vn 0.1398 -0.0123 0.9901
vn 0.2127 -0.0188 0.9769
vn 0.2791 0.7335 0.6198
vn 0.2013 0.6851 0.7001
vn 0.2734 0.6694 0.6908
vn -0.7848 0.5624 -0.2606
vn -0.7868 0.5848 -0.1977
vn 0.9792 -0.1666 0.1159
vn 0.9773 -0.1531 0.1466
vn 0.9877 -0.1299 0.0867
vn 0.3091 -0.0273 0.9506
vn 0.3173 0.0656 0.9461
vn 0.1313 -0.1090 0.9853
vn 0.1960 -0.2086 0.9582
vn 0.2043 -0.1141 0.9722
vn -0.9800 0.1818 -0.0810
vn -0.9793 0.1721 -0.1066
vn -0.6473 0.6960 -0.3107
vn -0.9982 -0.0186 0.0568
vn -0.9978 -0.0075 0.0658
vn 0.2848 -0.3022 0.9097
vn 0.1799 -0.3912 0.9026
vn 0.2771 -0.3896 0.8783
vn -0.4796 0.8049 -0.3495
vn 0.0988 -0.4773 0.8732
vn 0.1651 -0.5594 0.8123
vn 0.1723 -0.4775 0.8616
vn -0.5713 0.8032 -0.1691
vn -0.1908 0.8627 -0.4683
vn -0.4842 0.8566 -0.1782
vn 0.9450 -0.2154 0.2462
vn 0.9113 -0.2818 0.3003
vn 0.9431 -0.2386 0.2317
vn -0.9922 0.0138 -0.1235
vn -0.9946 0.0436 -0.0941
vn -0.9917 0.0093 -0.1280
vn 0.2981 0.9497 0.0958
vn 0.2251 0.9550 0.1932
vn 0.2969 0.9357 0.1906
vn -0.9964 0.0636 -0.0565
vn -0.9973 0.0714 -0.0153
vn -0.9973 0.0726 -0.0090
vn -0.8921 0.4488 -0.0518
vn -0.9302 0.3565 -0.0869
vn 0.1464 -0.7710 0.6198
vn 0.0675 -0.8324 0.5501
vn 0.1414 -0.8279 0.5427
vn -0.8449 0.5316 -0.0595
vn -0.1994 0.9606 -0.1938
vn -0.2251 0.9550 -0.1932
vn -0.9871 0.1318 -0.0905
vn -0.9872 0.1314 -0.0901
vn -0.9871 0.1320 -0.0901
vn 0.9376 -0.2993 0.1771
vn 0.9025 -0.3810 0.2006
vn 0.9363 -0.3151 0.1548
vn 0.8818 0.3319 0.3349
vn 0.9195 0.2351 0.3150
vn 0.9221 0.2643 0.2826
vn -0.2969 0.9357 -0.1906
vn -0.2949 0.9125 -0.2836
vn -0.1973 0.9370 -0.2884
vn -0.7238 0.6743 -0.1462
vn 0.7890 0.6107 0.0668
vn 0.8451 0.5345 -0.0000
vn 0.7893 0.6140 -0.0000
vn -0.9942 0.0359 -0.1014
vn -0.9960 0.0594 -0.0667
vn -0.9938 0.0323 -0.1067
vn -0.9971 0.0717 -0.0260
vn -0.9973 0.0713 0.0160
vn -0.9972 0.0713 0.0224
vn 0.0532 -0.9939 -0.0970
vn 0.1286 -0.9732 -0.1906
vn 0.1273 -0.9872 -0.0958
vn -0.9883 0.1452 -0.0464
vn -0.9884 0.1448 -0.0460
vn -0.9883 0.1453 -0.0458
vn 0.8449 0.5316 0.0595
vn 0.8924 0.4513 -0.0000
vn 0.0631 -0.8821 -0.4667
vn 0.1414 -0.8279 -0.5427
vn 0.1371 -0.8770 -0.4605
vn 0.0566 -0.9561 0.2874
vn 0.1286 -0.9732 0.1906
vn 0.1307 -0.9500 0.2836
vn 0.7248 0.6850 0.0735
vn 0.6528 0.7576 -0.0000
vn 0.6524 0.7537 0.0796
vn -0.9293 0.3460 -0.1293
vn -0.9968 0.0652 0.0465
vn -0.9973 0.0737 0.0055
vn -0.9972 0.0750 -0.0012
vn 0.1464 -0.7710 -0.6198
vn 0.0783 -0.7097 -0.7001
vn 0.1521 -0.7069 -0.6908
vn -0.8915 0.4412 -0.1030
vn -0.8441 0.5229 -0.1184
vn 0.0846 -0.6380 -0.7654
vn 0.1651 -0.5594 -0.8123
vn 0.1583 -0.6361 -0.7552
vn -0.2007 0.9748 -0.0974
vn -0.7882 0.6010 -0.1328
vn -0.6514 0.7420 -0.1584
vn -0.7890 0.6107 -0.0667
vn 0.2627 -0.5534 -0.7904
vn 0.2561 -0.6280 -0.7349
vn 0.0988 -0.4773 -0.8732
vn 0.1799 -0.3912 -0.9026
vn 0.1723 -0.4775 -0.8616
vn 0.9494 -0.1651 0.2671
vn 0.9168 -0.2196 0.3337
vn 0.9473 -0.1906 0.2574
vn 0.0631 -0.8821 0.4667
vn 0.1335 -0.9178 0.3739
vn 0.1371 -0.8770 0.4605
vn 0.8754 0.2590 -0.4081
vn 0.9195 0.2351 -0.3150
vn 0.9167 0.2028 -0.3443
vn 0.9494 -0.1651 -0.2671
vn 0.9227 -0.1521 -0.3542
vn 0.9519 -0.1385 -0.2733
vn 0.8016 -0.5779 0.1532
vn 0.8535 -0.5138 0.0869
vn 0.8544 -0.5033 0.1293
vn 0.1313 -0.1090 -0.9853
vn 0.2127 -0.0188 -0.9769
vn 0.2043 -0.1141 -0.9722
vn 0.9541 -0.1116 -0.2778
vn 0.9289 -0.0819 -0.3611
vn 0.9567 -0.0844 -0.2786
vn 0.1650 0.2740 -0.9475
vn 0.2456 0.3536 -0.9026
vn 0.2376 0.2637 -0.9349
vn 0.1878 -0.3013 -0.9349
vn 0.2928 -0.2120 -0.9324
vn 0.2849 -0.3022 -0.9097
vn 0.1950 0.6134 -0.7654
vn 0.2734 0.6694 -0.6908
vn 0.2672 0.5986 -0.7552
vn 0.8595 0.0781 -0.5052
vn 0.9068 0.0912 -0.4115
vn 0.9032 0.0502 -0.4263
vn 0.2165 0.8575 -0.4667
vn 0.2920 0.8803 -0.3738
vn 0.2884 0.8395 -0.4605
vn 0.2949 0.9125 -0.2836
vn 0.3910 0.9015 -0.1855
vn 0.3890 0.8789 -0.2760
vn 0.7867 0.5848 -0.1977
vn 0.8441 0.5229 -0.1184
vn 0.8428 0.5085 -0.1761
vn 0.6443 0.6621 -0.3828
vn 0.7201 0.6318 -0.2869
vn 0.7173 0.6005 -0.3534
vn 0.8904 0.4287 0.1532
vn 0.9280 0.3313 0.1705
vn 0.9293 0.3460 0.1293
vn 0.8904 0.4287 -0.1533
vn 0.9302 0.3565 -0.0869
vn 0.2212 0.0766 -0.9722
vn 0.1568 0.1801 -0.9711
vn 0.2295 0.1711 -0.9582
vn 0.8892 0.4545 -0.0523
vn 0.7852 0.6156 -0.0672
vn 0.9570 0.2698 -0.1070
vn 0.9801 0.1814 -0.0809
vn 0.6482 0.7573 0.0799
vn 0.7852 0.6156 0.0672
vn 0.6482 0.7573 -0.0799
vn 0.4817 0.8717 0.0897
vn 0.4817 0.8717 -0.0897
vn 0.9545 0.2422 -0.1738
vn 0.9782 0.1606 -0.1314
vn 0.8874 0.4341 -0.1548
vn 0.3086 0.9464 0.0955
vn 0.4527 0.5428 -0.7074
vn 0.6224 0.4643 -0.6302
vn 0.3086 0.9464 -0.0955
vn 0.9993 0.0171 -0.0318
vn 0.2225 0.9316 -0.2874
vn 0.3053 0.9093 -0.2829
vn 0.2224 0.9316 -0.2874
vn 0.2258 0.9693 -0.0971
vn 0.7829 0.5895 -0.1990
vn 0.3638 -0.4651 -0.8070
vn 0.5432 -0.4337 -0.7190
vn 0.6401 0.6653 -0.3843
vn 0.7783 0.5383 -0.3232
vn 0.6323 0.5769 -0.5172
vn 0.7718 0.4639 -0.4349
vn 0.9810 0.1921 -0.0273
vn 0.9582 0.2838 -0.0361
vn 0.8788 0.3364 -0.3384
vn 0.8892 0.4545 0.0523
vn 0.9582 0.2838 0.0361
vn 0.6455 0.7262 -0.2366
vn 0.8839 0.3943 -0.2514
vn 0.9510 0.2022 -0.2339
vn 0.7536 0.2580 -0.6046
vn 0.8647 0.1762 -0.4704
vn 0.2159 0.8576 -0.4668
vn 0.2989 0.8364 -0.4594
vn 0.8380 -0.1264 -0.5308
vn 0.9228 -0.1177 -0.3669
vn 0.7634 0.3692 -0.5299
vn 0.8723 0.2628 -0.4123
vn 0.2896 0.7307 -0.6182
vn 0.4639 0.6692 -0.5805
vn 0.2777 0.5961 -0.7533
vn 0.9976 -0.0029 -0.0695
vn 0.2065 0.7502 -0.6282
vn 0.9101 0.1307 -0.3932
vn 0.9756 0.1304 -0.1769
vn 0.7634 0.3693 -0.5299
vn 0.7311 0.0030 -0.6822
vn 0.8472 -0.0222 -0.5308
vn 0.1944 0.6135 -0.7654
vn 0.7427 0.1343 -0.6560
vn 0.8562 0.0799 -0.5104
vn 0.9722 0.0919 -0.2155
vn 0.9722 0.0918 -0.2155
vn 0.4251 0.2292 -0.8757
vn 0.5977 0.1849 -0.7801
vn 0.9962 -0.0181 -0.0847
vn 0.9165 0.2031 -0.3447
vn 0.1802 0.4527 -0.8733
vn 0.2638 0.4379 -0.8595
vn 0.9291 -0.0457 -0.3669
vn 0.9682 0.0466 -0.2459
vn 0.9166 -0.1883 -0.3528
vn 0.9495 -0.1650 -0.2668
vn 0.9915 -0.1301 -0.0000
vn 0.9939 -0.0457 -0.1007
vn 0.9947 -0.0359 -0.0966
vn 0.5839 0.0287 -0.8113
vn 0.7078 -0.2622 -0.6560
vn 0.8290 -0.2285 -0.5104
vn 0.1645 0.2741 -0.9475
vn 0.2483 0.2621 -0.9326
vn 0.5699 -0.1305 -0.8113
vn 0.7193 -0.1309 -0.6822
vn 0.9637 -0.0037 -0.2668
vn 0.9921 -0.0661 -0.1069
vn 0.9030 0.0503 -0.4267
vn 0.1477 0.0844 -0.9854
vn 0.2318 0.0754 -0.9698
vn 0.3396 -0.7401 -0.5805
vn 0.5216 -0.6786 -0.5172
vn 0.9590 -0.0572 -0.2775
vn 0.3784 -0.3000 -0.8757
vn 0.6968 -0.3859 -0.6046
vn 0.8205 -0.3248 -0.4704
vn 0.1986 -0.3015 -0.9326
vn 0.3938 -0.1248 -0.9107
vn 0.4096 0.0539 -0.9107
vn 0.1831 -0.4773 -0.8595
vn 0.9902 -0.0873 -0.1090
vn 0.6870 -0.4972 -0.5299
vn 0.8129 -0.4114 -0.4123
vn 0.1307 -0.1090 -0.9854
vn 0.2150 -0.1149 -0.9698
vn 0.2150 -0.1148 -0.9698
vn 0.9883 -0.1085 -0.1070
vn 0.8064 -0.4850 0.3384
vn 0.9009 -0.3655 0.2339
vn 0.9228 -0.1176 -0.3669
vn 0.9542 -0.1116 -0.2775
vn 0.3507 -0.6137 -0.7074
vn 0.5315 -0.5660 -0.6302
vn 0.9849 -0.1477 -0.0907
vn 0.9865 -0.1289 -0.1007
vn 0.1691 -0.6355 -0.7533
vn 0.6787 -0.5918 -0.4349
vn 0.8064 -0.4850 -0.3384
vn 0.1140 -0.2986 -0.9475
vn 0.9107 -0.2548 -0.3251
vn 0.1572 -0.7701 -0.6182
vn 0.1573 -0.7701 -0.6182
vn 0.0982 -0.4772 -0.8733
vn 0.9451 -0.2153 -0.2459
vn 0.3308 -0.8393 -0.4314
vn 0.5138 -0.7670 -0.3843
vn 0.7978 -0.5827 -0.1548
vn 0.8950 -0.4331 -0.1070
vn 0.1479 -0.8758 -0.4594
vn 0.6676 -0.7174 -0.1990
vn 0.9834 -0.1641 -0.0771
vn 0.0840 -0.6380 -0.7654
vn 0.9009 -0.3655 -0.2339
vn 0.8013 -0.5429 -0.2514
vn 0.8974 -0.4055 -0.1738
vn 0.6721 -0.6662 -0.3232
vn 0.6721 -0.6662 -0.3231
vn 0.8937 -0.4471 -0.0361
vn 0.9590 -0.2807 -0.0389
vn 0.9587 -0.2845 -0.0000
vn 0.0720 -0.7747 -0.6282
vn 0.5084 -0.8280 -0.2366
vn 0.9377 -0.2991 -0.1769
vn 0.5057 -0.8590 -0.0799
vn 0.6653 -0.7435 -0.0672
vn 0.6653 -0.7435 0.0672
vn 0.7960 -0.6031 0.0523
vn 0.0625 -0.8822 -0.4668
vn 0.7960 -0.6031 -0.0523
vn 0.1415 -0.9487 -0.2829
vn 0.3248 -0.9077 -0.2656
vn 0.3217 -0.9426 -0.0897
vn 0.1382 -0.9858 -0.0955
vn 0.0560 -0.9562 -0.2874
vn 0.8937 -0.4471 0.0361
vn 0.5057 -0.8590 0.0799
vn 0.6721 -0.6662 0.3232
vn 0.8013 -0.5429 0.2514
vn 0.0526 -0.9939 -0.0971
vn 0.9834 -0.1641 0.0771
vn 0.9686 -0.2332 0.0865
vn 0.6676 -0.7174 0.1990
vn 0.7978 -0.5827 0.1548
vn 0.1382 -0.9858 0.0955
vn 0.3217 -0.9426 0.0897
vn 0.3248 -0.9077 0.2656
vn 0.5084 -0.8280 0.2366
vn 0.1415 -0.9487 0.2829
vn 0.9590 -0.2807 0.0389
vn 0.0526 -0.9939 0.0970
vn 0.8974 -0.4055 0.1738
vn 0.8205 -0.3248 0.4704
vn 0.9107 -0.2548 0.3252
vn 0.5138 -0.7670 0.3843
vn 0.6870 -0.4972 0.5299
vn 0.8129 -0.4114 0.4123
vn 0.0560 -0.9562 0.2874
vn 0.4251 0.2292 0.8757
vn 0.5977 0.1849 0.7801
vn 0.5216 -0.6786 0.5172
vn 0.6787 -0.5918 0.4349
vn 0.8950 -0.4331 0.1070
vn 0.9600 -0.2694 0.0762
vn 0.0625 -0.8822 0.4668
vn 0.1479 -0.8758 0.4594
vn 0.9054 -0.3146 0.2850
vn 0.3507 -0.6137 0.7074
vn 0.5315 -0.5660 0.6302
vn 0.9166 -0.1883 0.3528
vn 0.9495 -0.1650 0.2668
vn 0.1691 -0.6355 0.7533
vn 0.1691 -0.6356 0.7533
vn 0.3396 -0.7401 0.5805
vn 0.3308 -0.8393 0.4314
vn 0.7078 -0.2622 0.6560
vn 0.8290 -0.2285 0.5104
vn 0.0720 -0.7747 0.6282
vn 0.1572 -0.7701 0.6182
vn 0.1573 -0.7701 0.6182
vn 0.5432 -0.4337 0.7190
vn 0.6968 -0.3859 0.6046
vn 0.9377 -0.2991 0.1769
vn 0.1831 -0.4773 0.8595
vn 0.3638 -0.4651 0.8070
vn 0.9411 -0.2606 0.2155
vn 0.3784 -0.3000 0.8757
vn 0.5561 -0.2866 0.7801
vn 0.8380 -0.1264 0.5308
vn 0.9228 -0.1177 0.3669
vn 0.1986 -0.3015 0.9326
vn 0.9849 -0.1477 0.0907
vn 0.0840 -0.6380 0.7654
vn 0.2150 -0.1149 0.9698
vn 0.3938 -0.1248 0.9107
vn 0.7311 0.0030 0.6822
vn 0.8472 -0.0222 0.5308
vn 0.0982 -0.4772 0.8733
vn 0.9865 -0.1289 0.1007
vn 0.9451 -0.2153 0.2459
vn 0.9902 -0.0873 0.1090
vn 0.9883 -0.1085 0.1070
vn 0.7427 0.1343 0.6560
vn 0.8562 0.0799 0.5104
vn 0.2318 0.0754 0.9698
vn 0.4096 0.0539 0.9107
vn 0.1140 -0.2986 0.9476
vn 0.9542 -0.1116 0.2775
vn 0.5839 0.0287 0.8113
vn 0.5840 0.0287 0.8113
vn 0.5699 -0.1305 0.8113
vn 0.7193 -0.1309 0.6822
vn 0.2483 0.2621 0.9326
vn 0.1307 -0.1090 0.9854
vn 0.4396 0.3943 0.8070
vn 0.6107 0.3319 0.7190
vn 0.9291 -0.0456 0.3669
vn 0.8723 0.2628 0.4123
vn 0.9165 0.2031 0.3446
vn 0.2638 0.4379 0.8594
vn 0.7634 0.3693 0.5299
vn 0.9921 -0.0661 0.1070
vn 0.1477 0.0844 0.9854
vn 0.9030 0.0503 0.4267
vn 0.8647 0.1762 0.4704
vn 0.9101 0.1307 0.3932
vn 0.6107 0.3319 0.7189
vn 0.7536 0.2580 0.6046
vn 0.9939 -0.0458 0.1007
vn 0.1645 0.2740 0.9476
vn 0.6224 0.4643 0.6302
vn 0.9947 -0.0359 0.0966
vn 0.9637 -0.0037 0.2668
vn 0.7783 0.5383 0.3232
vn 0.8839 0.3943 0.2514
vn 0.1802 0.4527 0.8733
vn 0.7718 0.4639 0.4349
vn 0.8788 0.3364 0.3384
vn 0.2777 0.5961 0.7533
vn 0.4527 0.5428 0.7074
vn 0.4639 0.6692 0.5805
vn 0.6323 0.5768 0.5172
vn 0.2896 0.7307 0.6182
vn 0.9962 -0.0181 0.0847
vn 0.1944 0.6135 0.7654
vn 0.9545 0.2422 0.1738
vn 0.9722 0.0919 0.2155
vn 0.9722 0.0919 0.2156
vn 0.4786 0.8369 -0.2656
vn 0.6401 0.6653 0.3843
vn 0.2064 0.7502 0.6282
vn 0.7829 0.5895 0.1990
vn 0.8874 0.4341 0.1548
vn 0.9510 0.2022 0.2339
vn 0.9756 0.1303 0.1769
vn 0.4786 0.8369 0.2656
vn 0.6455 0.7262 0.2366
vn 0.9976 -0.0029 0.0695
vn 0.2159 0.8576 0.4668
vn 0.2989 0.8364 0.4594
vn 0.9782 0.1606 0.1314
vn 0.4726 0.7685 0.4314
vn 0.9986 0.0089 0.0516
vn 0.2224 0.9316 0.2874
vn 0.3053 0.9093 0.2829
vn 0.9570 0.2698 0.1070
vn 0.9801 0.1814 0.0810
vn 0.9993 0.0171 0.0318
vn 0.2258 0.9693 0.0971
vn 0.9810 0.1921 0.0273
vn 0.9997 0.0213 0.0107
vn 0.4726 0.7685 -0.4314
vn 0.9303 0.3521 -0.1025
vn 0.9606 0.2669 -0.0777
vn 0.9295 0.3542 -0.1031
vn 0.5794 0.8114 0.0767
vn 0.5789 0.8118 0.0767
vn 0.5789 0.8118 -0.0767
vn 0.4035 0.9109 0.0861
vn 0.4031 0.9111 0.0861
vn 0.9313 0.3242 -0.1663
vn 0.9610 0.2461 -0.1262
vn 0.9299 0.3272 -0.1678
vn 0.8472 0.5101 -0.1485
vn 0.2244 0.9702 0.0917
vn 0.2242 0.9702 0.0917
vn 0.4124 0.5922 -0.6923
vn 0.5870 0.5262 -0.6152
vn 0.4103 0.5928 -0.6930
vn 0.2242 0.9702 -0.0917
vn 0.9940 0.1048 -0.0305
vn 0.1402 0.9507 -0.2767
vn 0.1398 0.9858 -0.0931
vn -0.7298 0.6564 -0.1911
vn 0.4148 -0.4428 -0.7949
vn 0.5901 -0.3929 -0.7053
vn 0.5923 -0.3921 -0.7039
vn 0.5835 0.7226 -0.3706
vn 0.5865 0.6364 -0.5011
vn 0.7322 0.5352 -0.4214
vn 0.5840 0.6378 -0.5022
vn 0.9297 0.3667 -0.0346
vn 0.9604 0.2775 -0.0262
vn 0.9294 0.3675 -0.0347
vn 0.7347 0.5330 -0.4197
vn 0.8486 0.4157 -0.3273
vn 0.9294 0.3675 0.0347
vn 0.8461 0.5307 0.0502
vn 0.5810 0.7815 -0.2274
vn 0.8488 0.4704 -0.2413
vn 0.8507 0.4129 -0.3251
vn 0.9308 0.2873 -0.2262
vn 0.7397 0.3275 -0.5878
vn 0.8524 0.2545 -0.4568
vn 0.7376 0.3286 -0.5899
vn 0.1410 0.8809 -0.4518
vn 0.8556 -0.0529 -0.5149
vn 0.7374 0.4390 -0.5133
vn 0.8505 0.3419 -0.3998
vn 0.7349 0.4408 -0.5154
vn 0.2282 0.7649 -0.6023
vn 0.4076 0.7174 -0.5649
vn 0.2272 0.7651 -0.6025
vn 0.2300 0.6326 -0.7396
vn 0.2289 0.6328 -0.7397
vn 0.1420 0.7777 -0.6124
vn 0.8542 0.2530 -0.4542
vn 0.9328 0.1754 -0.3148
vn 0.9323 0.2842 -0.2237
vn 0.9615 0.2158 -0.1699
vn 0.5896 0.5250 -0.6138
vn 0.4096 0.7167 -0.5644
vn 0.5923 0.3921 -0.7039
vn 0.7420 0.0685 -0.6669
vn 0.8552 0.0529 -0.5156
vn 0.7414 0.0685 -0.6675
vn 0.1431 0.6433 -0.7521
vn 0.7413 0.2023 -0.6399
vn 0.8541 0.1568 -0.4960
vn 0.7399 0.2028 -0.6414
vn 0.9333 0.2334 -0.2729
vn 0.9621 0.1772 -0.2072
vn 0.9318 0.2360 -0.2759
vn 0.4165 0.2741 -0.8669
vn 0.5927 0.2428 -0.7679
vn 0.4153 0.2742 -0.8674
vn 0.9943 0.0695 -0.0813
vn 0.8526 0.3396 -0.3971
vn 0.1442 0.4816 -0.8645
vn 0.2306 0.4735 -0.8500
vn 0.8556 0.0529 -0.5149
vn 0.9344 0.0364 -0.3543
vn 0.9341 0.1738 -0.3119
vn 0.9627 0.1317 -0.2365
vn 0.9346 -0.1072 -0.3392
vn 0.9631 -0.0812 -0.2567
vn 0.5942 0.2425 -0.7669
vn 0.2315 0.4734 -0.8499
vn 0.9943 0.0516 -0.0927
vn 0.5949 0.0821 -0.7996
vn 0.8541 -0.1568 -0.4960
vn 0.8553 -0.1562 -0.4941
vn 0.1450 0.2983 -0.9434
vn 0.2320 0.2932 -0.9275
vn 0.2326 0.2932 -0.9273
vn 0.5949 -0.0821 -0.7996
vn 0.7414 -0.0685 -0.6675
vn 0.7419 -0.0685 -0.6670
vn 0.9346 0.1072 -0.3392
vn 0.9631 0.0812 -0.2567
vn 0.9337 0.1079 -0.3413
vn 0.9944 0.0318 -0.1006
vn 0.8553 0.1562 -0.4941
vn 0.1455 0.1010 -0.9842
vn 0.2329 0.0993 -0.9674
vn 0.4096 -0.7167 -0.5643
vn 0.5840 -0.6378 -0.5022
vn 0.5865 -0.6364 -0.5011
vn 0.9347 0.0363 -0.3536
vn 0.9633 0.0274 -0.2671
vn 0.4165 -0.2741 -0.8669
vn 0.5927 -0.2428 -0.7679
vn 0.7397 -0.3275 -0.5878
vn 0.8524 -0.2545 -0.4568
vn 0.8542 -0.2530 -0.4542
vn 0.2327 -0.2932 -0.9273
vn 0.4153 -0.2742 -0.8674
vn 0.4172 -0.0928 -0.9041
vn 0.5944 -0.0821 -0.8000
vn 0.2331 0.0993 -0.9674
vn 0.2315 -0.4734 -0.8499
vn 0.4130 -0.4432 -0.7956
vn 0.9944 0.0107 -0.1047
vn 0.7374 -0.4391 -0.5133
vn 0.8505 -0.3419 -0.3997
vn 0.8526 -0.3396 -0.3971
vn 0.1455 -0.1010 -0.9842
vn 0.2329 -0.0993 -0.9674
vn 0.2331 -0.0993 -0.9674
vn 0.4168 -0.0928 -0.9043
vn 0.9944 -0.0107 -0.1047
vn 0.8507 -0.4129 0.3251
vn 0.9308 -0.2873 0.2262
vn 0.8485 -0.4157 0.3273
vn 0.4124 -0.5922 -0.6923
vn 0.5871 -0.5262 -0.6152
vn 0.5896 -0.5250 -0.6138
vn 0.9337 -0.1079 -0.3413
vn 0.8552 -0.0529 -0.5156
vn 0.9943 -0.0517 -0.0928
vn 0.2300 -0.6326 -0.7396
vn 0.4103 -0.5928 -0.6930
vn 0.7347 -0.5330 -0.4197
vn 0.8486 -0.4157 -0.3273
vn 0.8507 -0.4129 -0.3252
vn 0.9944 -0.0318 -0.1006
vn 0.1450 -0.2983 -0.9434
vn 0.2320 -0.2932 -0.9274
vn 0.9328 -0.1754 -0.3148
vn 0.9341 -0.1737 -0.3119
vn 0.7349 -0.4408 -0.5154
vn 0.2282 -0.7649 -0.6023
vn 0.4076 -0.7174 -0.5649
vn 0.1442 -0.4816 -0.8645
vn 0.2306 -0.4736 -0.8500
vn 0.9627 -0.1317 -0.2365
vn 0.4070 -0.8128 -0.4168
vn 0.5814 -0.7240 -0.3713
vn 0.5835 -0.7226 -0.3706
vn 0.9318 -0.2360 -0.2759
vn 0.7376 -0.3286 -0.5899
vn 0.8472 -0.5101 -0.1485
vn 0.9295 -0.3542 -0.1031
vn 0.9303 -0.3521 -0.1025
vn 0.2266 -0.8667 -0.4445
vn 0.4053 -0.8135 -0.4172
vn 0.7298 -0.6564 -0.1911
vn 0.8459 -0.5120 -0.1490
vn 0.9943 -0.0695 -0.0813
vn 0.1431 -0.6433 -0.7521
vn 0.2289 -0.6328 -0.7397
vn 0.9308 -0.2873 -0.2262
vn 0.9323 -0.2842 -0.2238
vn 0.8488 -0.4704 -0.2412
vn 0.9299 -0.3272 -0.1678
vn 0.7299 -0.6083 -0.3119
vn 0.7320 -0.6062 -0.3109
vn 0.9297 -0.3667 -0.0347
vn 0.9604 -0.2775 -0.0262
vn 0.9942 -0.0847 -0.0667
vn 0.1420 -0.7777 -0.6124
vn 0.2272 -0.7651 -0.6025
vn 0.5810 -0.7815 -0.2274
vn 0.7283 -0.6579 -0.1915
vn 0.9941 -0.0966 -0.0496
vn 0.9615 -0.2158 -0.1699
vn 0.8470 -0.4731 -0.2426
vn 0.7322 -0.5352 -0.4214
vn 0.5794 -0.8114 -0.0767
vn 0.7278 -0.6828 -0.0645
vn 0.7283 -0.6822 -0.0645
vn 0.7283 -0.6822 0.0645
vn 0.8456 -0.5314 0.0502
vn 0.7278 -0.6828 0.0645
vn 0.1410 -0.8809 -0.4518
vn 0.2257 -0.8669 -0.4446
vn 0.8461 -0.5307 -0.0502
vn 0.9294 -0.3675 -0.0347
vn 0.2252 -0.9355 -0.2723
vn 0.4037 -0.8784 -0.2557
vn 0.4049 -0.8779 -0.2555
vn 0.4035 -0.9109 -0.0861
vn 0.5789 -0.8118 -0.0767
vn 0.2244 -0.9702 -0.0917
vn 0.4031 -0.9111 -0.0861
vn 0.9940 -0.1049 -0.0305
vn 0.1402 -0.9507 -0.2767
vn 0.2247 -0.9356 -0.2723
vn 0.8461 -0.5307 0.0502
vn 0.9294 -0.3675 0.0347
vn 0.5794 -0.8114 0.0767
vn 0.5789 -0.8118 0.0767
vn 0.9940 -0.1090 -0.0103
vn 0.9606 -0.2669 -0.0777
vn 0.8456 -0.5314 -0.0502
vn 0.5796 -0.7824 -0.2277
vn 0.7320 -0.6062 0.3109
vn 0.8470 -0.4731 0.2426
vn 0.7299 -0.6083 0.3119
vn 0.1398 -0.9858 -0.0931
vn 0.2242 -0.9702 -0.0917
vn 0.9942 -0.0847 0.0667
vn 0.7298 -0.6565 0.1911
vn 0.8459 -0.5120 0.1490
vn 0.7283 -0.6579 0.1915
vn 0.2244 -0.9702 0.0917
vn 0.4031 -0.9111 0.0861
vn 0.2242 -0.9702 0.0917
vn 0.4049 -0.8779 0.2555
vn 0.5796 -0.7824 0.2277
vn 0.4037 -0.8784 0.2557
vn 0.2252 -0.9355 0.2723
vn 0.2247 -0.9356 0.2723
vn 0.9940 -0.1090 0.0103
vn 0.1398 -0.9858 0.0932
vn 0.8488 -0.4704 0.2412
vn 0.9299 -0.3272 0.1678
vn 0.9297 -0.3667 0.0347
vn 0.9604 -0.2775 0.0262
vn 0.8542 -0.2530 0.4542
vn 0.9328 -0.1754 0.3148
vn 0.8524 -0.2545 0.4568
vn 0.5810 -0.7815 0.2274
vn 0.4035 -0.9109 0.0861
vn 0.5835 -0.7226 0.3706
vn 0.7374 -0.4390 0.5133
vn 0.8505 -0.3419 0.3997
vn 0.1402 -0.9507 0.2767
vn 0.4165 0.2741 0.8668
vn 0.5927 0.2428 0.7679
vn 0.5942 0.2425 0.7669
vn 0.5865 -0.6364 0.5011
vn 0.7322 -0.5352 0.4214
vn 0.5840 -0.6378 0.5022
vn 0.9304 -0.3521 0.1025
vn 0.9606 -0.2669 0.0777
vn 0.9295 -0.3542 0.1031
vn 0.9940 -0.1049 0.0305
vn 0.8472 -0.5101 0.1485
vn 0.1410 -0.8809 0.4518
vn 0.2257 -0.8669 0.4446
vn 0.8526 -0.3396 0.3971
vn 0.9318 -0.2360 0.2759
vn 0.9313 -0.3242 0.1663
vn 0.9610 -0.2461 0.1262
vn 0.4124 -0.5922 0.6923
vn 0.4103 -0.5928 0.6930
vn 0.9346 -0.1072 0.3392
vn 0.9631 -0.0812 0.2567
vn 0.9337 -0.1079 0.3413
vn 0.2299 -0.6326 0.7396
vn 0.2289 -0.6328 0.7397
vn 0.4096 -0.7167 0.5644
vn 0.4076 -0.7175 0.5649
vn 0.2266 -0.8667 0.4445
vn 0.7413 -0.2023 0.6399
vn 0.8541 -0.1568 0.4960
vn 0.1420 -0.7777 0.6124
vn 0.2272 -0.7651 0.6025
vn 0.2282 -0.7650 0.6023
vn 0.5923 -0.3921 0.7039
vn 0.7376 -0.3286 0.5899
vn 0.5901 -0.3929 0.7053
vn 0.9323 -0.2842 0.2237
vn 0.9615 -0.2158 0.1699
vn 0.2315 -0.4735 0.8498
vn 0.4130 -0.4432 0.7956
vn 0.2306 -0.4736 0.8500
vn 0.7347 -0.5330 0.4197
vn 0.9333 -0.2334 0.2729
vn 0.9621 -0.1772 0.2072
vn 0.4165 -0.2741 0.8668
vn 0.4153 -0.2742 0.8674
vn 0.8556 -0.0528 0.5149
vn 0.9344 -0.0364 0.3543
vn 0.8552 -0.0529 0.5156
vn 0.2326 -0.2932 0.9273
vn 0.2320 -0.2932 0.9275
vn 0.4148 -0.4428 0.7949
vn 0.9943 -0.0695 0.0813
vn 0.1431 -0.6433 0.7521
vn 0.2331 -0.0993 0.9674
vn 0.4168 -0.0928 0.9043
vn 0.2329 -0.0993 0.9674
vn 0.7419 0.0685 0.6670
vn 0.8552 0.0529 0.5156
vn 0.8556 0.0529 0.5149
vn 0.1442 -0.4816 0.8645
vn 0.9943 -0.0517 0.0927
vn 0.9341 -0.1737 0.3119
vn 0.9627 -0.1317 0.2365
vn 0.8553 -0.1562 0.4940
vn 0.7397 -0.3275 0.5878
vn 0.9944 -0.0108 0.1047
vn 0.7413 0.2023 0.6399
vn 0.8541 0.1568 0.4960
vn 0.8553 0.1562 0.4941
vn 0.2331 0.0993 0.9674
vn 0.4168 0.0928 0.9043
vn 0.4172 0.0928 0.9041
vn 0.9944 -0.0318 0.1006
vn 0.1450 -0.2983 0.9434
vn 0.9347 -0.0363 0.3536
vn 0.9633 -0.0274 0.2671
vn 0.5944 0.0821 0.8000
vn 0.5949 0.0821 0.7996
vn 0.7414 0.0685 0.6675
vn 0.4172 -0.0928 0.9041
vn 0.5944 -0.0821 0.8000
vn 0.7419 -0.0684 0.6670
vn 0.7414 -0.0685 0.6675
vn 0.2326 0.2932 0.9273
vn 0.4153 0.2742 0.8674
vn 0.1455 -0.1010 0.9842
vn 0.4148 0.4428 0.7949
vn 0.5901 0.3929 0.7053
vn 0.5923 0.3921 0.7039
vn 0.9344 0.0364 0.3543
vn 0.9347 0.0363 0.3536
vn 0.5949 -0.0821 0.7996
vn 0.8526 0.3396 0.3971
vn 0.9318 0.2360 0.2759
vn 0.9333 0.2334 0.2729
vn 0.2315 0.4735 0.8498
vn 0.4130 0.4432 0.7956
vn 0.7374 0.4390 0.5133
vn 0.8505 0.3419 0.3998
vn 0.9944 0.0108 0.1047
vn 0.1455 0.1010 0.9842
vn 0.2329 0.0993 0.9674
vn 0.9337 0.1079 0.3413
vn 0.9346 0.1072 0.3392
vn 0.8542 0.2530 0.4542
vn 0.9328 0.1754 0.3148
vn 0.7376 0.3286 0.5899
vn 0.7397 0.3275 0.5878
vn 0.9944 0.0318 0.1006
vn 0.1450 0.2983 0.9434
vn 0.2320 0.2932 0.9275
vn 0.5896 0.5250 0.6138
vn 0.7349 0.4408 0.5154
vn 0.9943 0.0517 0.0927
vn 0.9631 0.0812 0.2567
vn 0.8524 0.2545 0.4568
vn 0.7399 0.2028 0.6414
vn 0.7320 0.6062 0.3109
vn 0.1442 0.4816 0.8645
vn 0.2306 0.4736 0.8500
vn 0.7347 0.5330 0.4197
vn 0.8486 0.4157 0.3273
vn 0.8507 0.4129 0.3251
vn 0.2300 0.6326 0.7396
vn 0.4103 0.5928 0.6930
vn 0.4124 0.5922 0.6923
vn 0.4096 0.7167 0.5644
vn 0.5840 0.6378 0.5022
vn 0.5865 0.6364 0.5011
vn 0.2282 0.7649 0.6023
vn 0.4076 0.7174 0.5649
vn 0.1431 0.6433 0.7521
vn 0.2289 0.6327 0.7398
vn 0.9313 0.3242 0.1662
vn 0.9621 0.1772 0.2072
vn 0.7321 0.5352 0.4214
vn 0.5870 0.5262 0.6152
vn 0.5835 0.7226 0.3706
vn 0.7299 0.6083 0.3119
vn 0.1420 0.7777 0.6124
vn 0.2272 0.7651 0.6025
vn 0.7298 0.6564 0.1910
vn 0.8472 0.5101 0.1485
vn 0.9323 0.2842 0.2238
vn 0.9615 0.2158 0.1699
vn 0.5810 0.7815 0.2274
vn 0.9942 0.0847 0.0667
vn 0.9308 0.2873 0.2262
vn 0.1410 0.8809 0.4518
vn 0.2257 0.8669 0.4445
vn 0.2266 0.8667 0.4445
vn 0.9610 0.2461 0.1262
vn 0.4053 0.8135 0.4172
vn 0.4070 0.8128 0.4168
vn 0.1402 0.9507 0.2767
vn 0.9304 0.3521 0.1025
vn 0.9606 0.2669 0.0777
vn 0.9940 0.1049 0.0305
vn 0.9295 0.3542 0.1031
vn 0.1398 0.9858 0.0931
vn 0.9604 0.2775 0.0262
vn 0.9297 0.3667 0.0347
vn 0.8461 0.5307 0.0501
vn 0.9313 0.3242 0.1663
vn 0.9297 0.3667 -0.0347
vn 0.5814 0.7240 0.3713
vn 0.2257 0.8668 0.4446
vn 0.9323 0.2842 0.2237
vn 0.4076 0.7175 0.5649
vn 0.8507 0.4129 0.3252
vn 0.8485 0.4157 0.3273
vn 0.7322 0.5351 0.4214
vn 0.2289 0.6328 0.7397
vn 0.9627 0.1318 0.2365
vn 0.9633 0.0274 0.2671
vn 0.9943 -0.0517 0.0928
vn 0.7420 -0.0685 0.6669
vn 0.8553 0.1562 0.4940
vn 0.8556 -0.0529 0.5149
vn 0.4165 -0.2741 0.8669
vn 0.7398 -0.3275 0.5878
vn 0.4096 -0.7167 0.5643
vn 0.8505 -0.3419 0.3998
vn 0.2300 -0.6326 0.7396
vn 0.2282 -0.7649 0.6023
vn 0.9313 -0.3242 0.1662
vn 0.8507 -0.4129 0.3252
vn 0.8486 -0.4157 0.3273
vn 0.7322 -0.5351 0.4214
vn 0.8461 -0.5307 0.0501
vn 0.9941 -0.0967 -0.0496
vn 0.7298 -0.6565 0.1910
vn 0.1398 -0.9858 -0.0932
vn 0.9682 0.0466 0.2459
vn 0.9313 -0.3242 -0.1663
vn 0.9615 -0.2158 -0.1700
vn 0.7299 -0.6083 -0.3120
vn 0.4076 -0.7175 -0.5649
vn 0.2282 -0.7650 -0.6023
vn 0.8507 -0.4129 -0.3251
vn 0.9627 -0.1318 -0.2365
vn 0.9341 -0.1738 -0.3119
vn 0.5901 -0.3929 -0.7052
vn 0.8526 -0.3396 -0.3970
vn 0.2299 -0.6326 -0.7396
vn 0.2289 -0.6327 -0.7398
vn 0.2315 -0.4735 -0.8498
vn 0.8553 -0.1562 -0.4940
vn 0.9590 -0.0571 0.2775
vn 0.4165 -0.2741 -0.8668
vn 0.2326 -0.2932 -0.9273
vn 0.2320 -0.2932 -0.9275
vn 0.7420 -0.0685 -0.6669
vn 0.4165 0.2741 -0.8668
vn 0.9627 0.1318 -0.2365
vn 0.8553 0.1562 -0.4940
vn 0.8485 0.4157 -0.3273
vn 0.8507 0.4129 -0.3252
vn 0.2315 0.4735 -0.8498
vn 0.2306 0.4736 -0.8500
vn 0.9986 0.0089 -0.0516
vn 0.9323 0.2842 -0.2238
vn 0.7077 -0.2622 0.6560
vn 0.8505 0.3419 -0.3997
vn 0.7374 0.4391 -0.5133
vn 0.7349 0.4409 -0.5154
vn 0.9941 0.0967 -0.0496
vn 0.4076 0.7175 -0.5649
vn 0.9313 0.3242 -0.1662
vn 0.9940 0.1049 -0.0305
vn 0.7298 0.6564 -0.1911
vn 0.9304 0.3521 -0.1025
vn 0.8488 0.4704 -0.2412
vn -0.0000 -0.9999 0.0126
vn -0.0000 -0.9999 -0.0126
vn 0.7890 0.6107 -0.0667
vn 0.2268 0.9740 -0.0000
vn 0.2982 0.9497 -0.0958
vn 0.2263 0.9692 -0.0970
vn 0.8449 0.5316 -0.0595
vn 0.8915 0.4412 -0.1030
vn 0.8921 0.4488 -0.0517
vn 0.9681 0.0467 -0.2462
vn 0.9465 0.1180 -0.3003
vn 0.9703 0.0698 -0.2317
vn 0.7248 0.6851 -0.0735
vn 0.6524 0.7537 -0.0796
vn 0.7251 0.6887 -0.0000
vn 0.7882 0.6010 -0.1329
vn 0.7238 0.6743 -0.1463
vn 0.7223 0.6565 -0.2176
vn 0.4823 0.8349 -0.2651
vn 0.5713 0.8031 -0.1691
vn 0.5695 0.7826 -0.2516
vn 0.5727 0.8197 -0.0000
vn 0.4853 0.8697 -0.0895
vn 0.4857 0.8741 -0.0000
vn 0.5724 0.8156 -0.0850
vn 0.5724 0.8156 0.0850
vn 0.6514 0.7420 -0.1584
vn 0.6497 0.7228 -0.2357
vn 0.8818 0.3319 -0.3349
vn 0.9244 0.2903 -0.2475
vn 0.9221 0.2643 -0.2826
vn 0.2263 0.9692 0.0970
vn 0.2985 0.9544 -0.0000
vn 0.3922 0.9151 -0.0932
vn 0.3926 0.9197 -0.0000
vn 0.3922 0.9151 0.0932
vn 0.4842 0.8566 -0.1782
vn 0.1813 0.7549 -0.6302
vn 0.2121 0.8077 -0.5501
vn 0.2070 0.7501 -0.6281
vn 0.9991 -0.0088 -0.0422
vn 0.9988 0.0038 -0.0489
vn 0.2011 0.9796 -0.0000
vn 0.2007 0.9748 -0.0974
vn 0.2230 0.9315 -0.2874
vn 0.1995 0.9605 -0.1938
vn 0.2251 0.9550 -0.1932
vn 0.2969 0.9357 -0.1906
vn 0.4853 0.8697 0.0895
vn 0.9809 0.1924 0.0274
vn 0.9606 0.2778 -0.0000
vn 0.9605 0.2761 0.0354
vn 0.3827 0.8079 -0.4481
vn 0.3862 0.8476 -0.3638
vn 0.4763 0.7667 -0.4306
vn 0.5669 0.7540 -0.3317
vn 0.5638 0.7178 -0.4086
vn 0.9968 0.0652 0.0466
vn 0.9973 0.0737 0.0055
vn 0.9966 0.0639 0.0528
vn 0.9800 0.1818 -0.0810
vn 0.9807 0.1879 -0.0544
vn 1.0000 0.0013 -0.0088
vn 0.9998 0.0155 -0.0102
vn 0.9969 0.0695 -0.0368
vn 0.9957 0.0532 -0.0754
vn 0.9954 0.0508 -0.0813
vn 0.9997 -0.0021 -0.0260
vn 0.9995 0.0115 -0.0301
vn 0.9782 0.1609 -0.1316
vn 0.9582 0.2504 -0.1382
vn 0.9793 0.1721 -0.1066
vn 0.9977 -0.0247 -0.0630
vn 0.9965 -0.0382 -0.0741
vn 0.9965 -0.0219 -0.0802
vn 0.3681 0.6424 -0.6722
vn 0.3621 0.5735 -0.7349
vn 0.9809 0.1924 -0.0274
vn 0.9605 0.2761 -0.0354
vn 0.9812 0.1932 -0.0000
vn 0.9887 0.1498 -0.0003
vn 0.9887 0.1498 0.0003
vn 0.9883 0.1453 -0.0458
vn 0.9884 0.1448 -0.0460
vn 0.9871 0.1318 -0.0906
vn 0.9872 0.1314 -0.0902
vn 0.9883 0.1452 -0.0463
vn 0.4675 0.6676 -0.5795
vn 0.5599 0.6742 -0.4816
vn 0.5555 0.6237 -0.5499
vn 0.9310 0.3651 -0.0000
vn 0.9308 0.3629 -0.0436
vn 0.9308 0.3629 0.0437
vn 0.1945 0.9042 -0.3802
vn 0.2201 0.8989 -0.3789
vn 0.9727 0.1435 -0.1821
vn 0.9553 0.2172 -0.2006
vn 0.9770 0.1464 -0.1548
vn 0.7823 0.5339 -0.3210
vn 0.8411 0.4886 -0.2322
vn 0.8388 0.4632 -0.2860
vn 0.9280 0.3313 -0.1705
vn 0.9264 0.3127 -0.2100
vn 0.9569 0.2354 -0.1703
vn 0.8888 0.4113 -0.2020
vn 0.8869 0.3892 -0.2489
vn 0.7848 0.5624 -0.2606
vn 0.6473 0.6960 -0.3107
vn 0.6407 0.6213 -0.4511
vn 0.6365 0.5740 -0.5151
vn 0.4796 0.8049 -0.3495
vn 0.1973 0.9370 -0.2884
vn 0.9973 0.0713 0.0159
vn 0.9971 0.0717 -0.0260
vn 0.9972 0.0713 0.0223
vn 1.0000 0.0013 0.0088
vn 0.9998 0.0154 0.0102
vn 0.9960 0.0594 -0.0667
vn 0.9942 0.0359 -0.1015
vn 0.9938 0.0323 -0.1067
vn 0.9952 -0.0535 -0.0823
vn 0.9951 -0.0387 -0.0915
vn 0.7757 0.4600 -0.4320
vn 0.8362 0.4327 -0.3371
vn 0.8330 0.3974 -0.3849
vn 0.9872 0.1320 -0.0901
vn 0.2841 0.7904 -0.5428
vn 0.2791 0.7335 -0.6198
vn 0.9589 -0.0571 -0.2778
vn 0.9351 -0.0117 -0.3542
vn 0.9615 -0.0302 -0.2733
vn 0.4722 0.7208 -0.5075
vn 0.3785 0.7601 -0.5282
vn 0.3736 0.7048 -0.6031
vn 0.7140 0.5628 -0.4165
vn 0.7101 0.5191 -0.4756
vn 0.1908 0.8627 -0.4683
vn 0.4564 0.5414 -0.7061
vn 0.5504 0.5668 -0.6130
vn 0.5449 0.5040 -0.6701
vn 0.9973 0.0714 -0.0153
vn 0.9964 0.0635 -0.0565
vn 0.9973 0.0726 -0.0091
vn 0.9946 0.0436 -0.0940
vn 0.9923 0.0138 -0.1235
vn 0.9917 0.0093 -0.1279
vn 0.9937 -0.0702 -0.0874
vn 0.9934 -0.0574 -0.0992
vn 0.9852 0.1104 -0.1309
vn 0.9853 0.1098 -0.1309
vn 0.9852 0.1100 -0.1314
vn 0.9513 0.1725 -0.2554
vn 0.9490 0.1463 -0.2792
vn 0.9534 0.1962 -0.2291
vn 0.8845 0.3627 -0.2933
vn 0.1692 0.6177 -0.7679
vn 0.2013 0.6851 -0.7001
vn 0.7792 0.4997 -0.3783
vn 0.3485 0.4191 -0.8384
vn 0.3555 0.4988 -0.7904
vn 0.6267 0.4619 -0.6277
vn 0.7058 0.4699 -0.5301
vn 0.7010 0.4156 -0.5795
vn 0.8788 0.2973 -0.3733
vn 0.8295 0.3575 -0.4290
vn 0.8256 0.3136 -0.4690
vn 0.7718 0.4153 -0.4815
vn 0.6318 0.5207 -0.5742
vn 0.7674 0.3660 -0.5264
vn 0.9692 0.1037 -0.2232
vn 0.9740 0.1119 -0.1970
vn 0.4622 0.6076 -0.6459
vn 0.4501 0.4697 -0.7595
vn 0.4433 0.3932 -0.8055
vn 0.9968 0.0654 -0.0460
vn 0.9952 0.0497 -0.0849
vn 0.9969 0.0678 -0.0400
vn 0.9928 0.0228 -0.1177
vn 0.9900 -0.0121 -0.1408
vn 0.9894 -0.0175 -0.1443
vn 0.8679 0.1733 -0.4656
vn 0.9136 0.1679 -0.3704
vn 0.9103 0.1305 -0.3928
vn 0.9922 -0.0875 -0.0891
vn 0.9917 -0.0772 -0.1032
vn 0.1550 0.4565 -0.8761
vn 0.1808 0.4526 -0.8732
vn 0.9827 0.0811 -0.1667
vn 0.9827 0.0806 -0.1666
vn 0.9826 0.0807 -0.1672
vn 0.1624 0.5398 -0.8260
vn 0.6150 0.3300 -0.7161
vn 0.6958 0.3568 -0.6233
vn 0.6903 0.2939 -0.6612
vn 0.9958 0.0536 -0.0749
vn 0.9935 0.0306 -0.1099
vn 0.9959 0.0571 -0.0695
vn 0.9906 -0.0021 -0.1369
vn 0.9874 -0.0409 -0.1527
vn 0.9868 -0.0468 -0.1551
vn 0.9906 -0.1048 -0.0874
vn 0.9899 -0.0975 -0.1032
vn 0.5389 0.4360 -0.7208
vn 0.5325 0.3633 -0.7645
vn 0.9795 0.0456 -0.1961
vn 0.9843 0.0318 -0.1735
vn 0.9853 0.0255 -0.1689
vn 0.3333 0.2477 -0.9097
vn 0.3411 0.3351 -0.8783
vn 0.9410 0.0558 -0.3336
vn 0.9381 0.0225 -0.3456
vn 0.9438 0.0877 -0.3185
vn 0.8718 0.2176 -0.4390
vn 0.8214 0.2660 -0.5045
vn 0.8170 0.2151 -0.5351
vn 0.1473 0.3686 -0.9178
vn 0.1731 0.3651 -0.9147
vn 0.7627 0.3125 -0.5662
vn 0.7577 0.2554 -0.6005
vn 0.6210 0.3981 -0.6751
vn 0.3254 0.1575 -0.9324
vn 0.3173 0.0656 -0.9461
vn 0.5187 0.2069 -0.8295
vn 0.4362 0.3124 -0.8439
vn 0.5257 0.2867 -0.8009
vn 0.6021 0.1835 -0.7770
vn 0.6844 0.2276 -0.6926
vn 0.6783 0.1586 -0.7174
vn 0.8122 0.1614 -0.5606
vn 0.8637 0.1266 -0.4878
vn 0.7524 0.1953 -0.6291
vn 0.8073 0.1056 -0.5806
vn 0.7469 0.1326 -0.6516
vn 0.9637 -0.0036 -0.2671
vn 0.9661 0.0219 -0.2574
vn 0.6087 0.2582 -0.7502
vn 0.4288 0.2284 -0.8741
vn 0.4212 0.1417 -0.8958
vn 0.4134 0.0534 -0.9090
vn 0.9942 0.0363 -0.1009
vn 0.9945 0.0407 -0.0963
vn 0.9881 -0.0304 -0.1508
vn 0.9847 -0.0714 -0.1587
vn 0.9841 -0.0777 -0.1599
vn 0.8505 -0.0231 -0.5254
vn 0.8995 0.0079 -0.4369
vn 0.8957 -0.0351 -0.4433
vn 0.9877 -0.1299 -0.0867
vn 0.9792 -0.1666 -0.1159
vn 0.1224 0.0870 -0.9887
vn 0.1483 0.0843 -0.9853
vn 0.9759 0.0049 -0.2180
vn 0.9811 -0.0041 -0.1932
vn 0.9822 -0.0095 -0.1875
vn 0.1392 0.2772 -0.9507
vn 0.5884 0.0280 -0.8081
vn 0.6721 0.0876 -0.7353
vn 0.6657 0.0151 -0.7461
vn 0.1053 -0.1070 -0.9887
vn 0.1398 -0.0123 -0.9901
vn 0.9923 0.0143 -0.1231
vn 0.9926 0.0196 -0.1195
vn 0.9854 -0.0607 -0.1590
vn 0.9820 -0.1027 -0.1587
vn 0.9813 -0.1090 -0.1586
vn 0.8414 -0.1262 -0.5254
vn 0.8919 -0.0786 -0.4454
vn 0.8880 -0.1221 -0.4433
vn 0.5114 0.1247 -0.8502
vn 0.5040 0.0408 -0.8627
vn 0.9721 -0.0391 -0.2315
vn 0.9777 -0.0432 -0.2055
vn 0.9754 -0.0607 -0.2121
vn 0.8550 0.0280 -0.5178
vn 0.9320 -0.0467 -0.3594
vn 0.7236 -0.1308 -0.6777
vn 0.7918 -0.0698 -0.6067
vn 0.7866 -0.1291 -0.6038
vn 0.8460 -0.0746 -0.5280
vn 0.8022 0.0481 -0.5951
vn 0.7970 -0.0106 -0.6038
vn 0.7412 0.0680 -0.6679
vn 0.7354 0.0022 -0.6777
vn 0.5953 0.1065 -0.7964
vn 0.9767 -0.1620 -0.1405
vn 0.9799 -0.1234 -0.1568
vn 0.9802 -0.1170 -0.1595
vn 0.0885 -0.2973 -0.9507
vn 0.1228 -0.2047 -0.9711
vn 0.1145 -0.2986 -0.9475
vn 0.3091 -0.0272 -0.9506
vn 0.3009 -0.1201 -0.9461
vn 0.4891 -0.1284 -0.8627
vn 0.4055 -0.0358 -0.9134
vn 0.4966 -0.0438 -0.8669
vn 0.7295 -0.0643 -0.6809
vn 0.6592 -0.0581 -0.7497
vn 0.6528 -0.1313 -0.7461
vn 0.5814 -0.0513 -0.8120
vn 0.5744 -0.1305 -0.8081
vn 0.3977 -0.1249 -0.9090
vn 0.4745 -0.2944 -0.8296
vn 0.3899 -0.2133 -0.8958
vn 0.4817 -0.2123 -0.8502
vn 0.5607 -0.2861 -0.7770
vn 0.6464 -0.2038 -0.7353
vn 0.6401 -0.2749 -0.7174
vn 0.9900 -0.0115 -0.1405
vn 0.9904 -0.0056 -0.1379
vn 0.9826 -0.0922 -0.1610
vn 0.9793 -0.1332 -0.1525
vn 0.9786 -0.1394 -0.1512
vn 0.9863 -0.1459 -0.0767
vn 0.9773 -0.1876 -0.0981
vn 0.9851 -0.1597 -0.0638
vn 0.9758 -0.2047 -0.0765
vn 0.9875 -0.0403 -0.1525
vn 0.9741 -0.0840 -0.2099
vn 0.9879 -0.0340 -0.1512
vn 0.7121 -0.2612 -0.6516
vn 0.7814 -0.1877 -0.5951
vn 0.7764 -0.2453 -0.5806
vn 0.8734 -0.2878 -0.3928
vn 0.8283 -0.2758 -0.4878
vn 0.8769 -0.2484 -0.4115
vn 0.9717 -0.1024 -0.2129
vn 0.9258 -0.1172 -0.3594
vn 0.6282 -0.4102 -0.6612
vn 0.5541 -0.3608 -0.7502
vn 0.6340 -0.3439 -0.6926
vn 0.0805 -0.3887 -0.9178
vn 0.1065 -0.3898 -0.9147
vn 0.8325 -0.2273 -0.5052
vn 0.8842 -0.1652 -0.4369
vn 0.8805 -0.2075 -0.4263
vn 0.9705 -0.1248 -0.2063
vn 0.9681 -0.1434 -0.2056
vn 0.7667 -0.3547 -0.5351
vn 0.7066 -0.3239 -0.6291
vn 0.7714 -0.3011 -0.5605
vn 0.8369 -0.1772 -0.5178
vn 0.9197 -0.1864 -0.3456
vn 0.7178 -0.1967 -0.6679
vn 0.7013 -0.3841 -0.6005
vn 0.5675 -0.2091 -0.7964
vn 0.1960 -0.2086 -0.9582
vn 0.3822 -0.2999 -0.8741
vn 0.9749 -0.1804 -0.1308
vn 0.9751 -0.1755 -0.1357
vn 0.0969 -0.2031 -0.9744
vn 0.9450 -0.2154 -0.2462
vn 0.9168 -0.2196 -0.3337
vn 0.9473 -0.1906 -0.2574
vn 0.3546 -0.6130 -0.7061
vn 0.4543 -0.5235 -0.7208
vn 0.4483 -0.5916 -0.6701
vn 0.2697 -0.4736 -0.8384
vn 0.2771 -0.3896 -0.8783
vn 0.4675 -0.3742 -0.8009
vn 0.4607 -0.4509 -0.7645
vn 0.5478 -0.4325 -0.7161
vn 0.0585 -0.6378 -0.7679
vn 0.0915 -0.5603 -0.8232
vn 0.3748 -0.3839 -0.8439
vn 0.3677 -0.4647 -0.8056
vn 0.6175 -0.5319 -0.5795
vn 0.5418 -0.5006 -0.6751
vn 0.6227 -0.4730 -0.6233
vn 0.6915 -0.4947 -0.5264
vn 0.7622 -0.4056 -0.5045
vn 0.7580 -0.4533 -0.4690
vn 0.9848 -0.0708 -0.1586
vn 0.9852 -0.0644 -0.1586
vn 0.9773 -0.1531 -0.1466
vn 0.9841 -0.1707 -0.0484
vn 0.9747 -0.2173 -0.0520
vn 0.9834 -0.1785 -0.0312
vn 0.9740 -0.2249 -0.0254
vn 0.9820 -0.1019 -0.1587
vn 0.9670 -0.1642 -0.1947
vn 0.9825 -0.0957 -0.1599
vn 0.8101 -0.4811 -0.3349
vn 0.8642 -0.3924 -0.3150
vn 0.8616 -0.4216 -0.2826
vn 0.9646 -0.1823 -0.1903
vn 0.9139 -0.2515 -0.3185
vn 0.8241 -0.3225 -0.4656
vn 0.6083 -0.6354 -0.4756
vn 0.5310 -0.6232 -0.5742
vn 0.6127 -0.5862 -0.5301
vn 0.0464 -0.7750 -0.6302
vn 0.0726 -0.7747 -0.6281
vn 0.8166 -0.4082 -0.4081
vn 0.8701 -0.3252 -0.3704
vn 0.8670 -0.3601 -0.3443
vn 0.9431 -0.2386 -0.2317
vn 0.9638 -0.2005 -0.1756
vn 0.9113 -0.2818 -0.3003
vn 0.9616 -0.2174 -0.1678
vn 0.7506 -0.5370 -0.3849
vn 0.6872 -0.5440 -0.4815
vn 0.7541 -0.4972 -0.4290
vn 0.9088 -0.3102 -0.2792
vn 0.8202 -0.3668 -0.4390
vn 0.6963 -0.4412 -0.5662
vn 0.6833 -0.5887 -0.4320
vn 0.5362 -0.5644 -0.6277
vn 0.3609 -0.5413 -0.7594
vn 0.0727 -0.4765 -0.8761
vn 0.9410 -0.2608 -0.2158
vn 0.9376 -0.2993 -0.1771
vn 0.9065 -0.3363 -0.2554
vn 0.9394 -0.2806 -0.1970
vn 0.2397 -0.8146 -0.5282
vn 0.2354 -0.8624 -0.4481
vn 0.9831 -0.1828 -0.0127
vn 0.9738 -0.2272 0.0021
vn 0.2500 -0.6969 -0.6722
vn 0.2446 -0.7593 -0.6031
vn 0.4427 -0.6544 -0.6130
vn 0.4377 -0.7113 -0.5499
vn 0.5263 -0.6765 -0.5151
vn 0.0413 -0.8329 -0.5519
vn 0.0675 -0.8324 -0.5501
vn 0.3488 -0.6791 -0.6459
vn 0.0303 -0.9570 -0.2884
vn 0.0594 -0.9235 -0.3789
vn 0.0566 -0.9561 -0.2874
vn 0.3435 -0.7391 -0.5794
vn 0.3348 -0.8382 -0.4306
vn 0.4333 -0.7618 -0.4816
vn 0.4294 -0.8054 -0.4086
vn 0.0521 -0.7098 -0.7025
vn 0.9349 -0.3296 -0.1316
vn 0.9025 -0.3810 -0.2006
vn 0.9363 -0.3151 -0.1548
vn 0.6012 -0.7167 -0.3534
vn 0.5221 -0.7238 -0.4511
vn 0.6045 -0.6791 -0.4165
vn 0.9794 -0.1325 -0.1527
vn 0.9798 -0.1266 -0.1551
vn 0.9728 -0.2039 -0.1100
vn 0.9843 -0.1762 -0.0000
vn 0.9817 -0.1901 -0.0102
vn 0.9610 -0.2324 -0.1498
vn 0.9568 -0.2714 -0.1044
vn 0.9587 -0.2587 -0.1182
vn 0.9589 -0.2475 -0.1388
vn 0.9044 -0.3600 -0.2291
vn 0.8132 -0.4465 -0.3733
vn 0.3287 -0.9064 -0.2651
vn 0.4262 -0.8416 -0.3318
vn 0.4237 -0.8701 -0.2516
vn 0.9331 -0.3504 -0.0810
vn 0.8996 -0.4143 -0.1382
vn 0.9341 -0.3408 -0.1066
vn 0.6767 -0.6626 -0.3210
vn 0.7475 -0.5723 -0.3371
vn 0.7448 -0.6028 -0.2860
vn 0.8593 -0.4476 -0.2475
vn 0.8573 -0.4700 -0.2100
vn 0.9009 -0.3992 -0.1702
vn 0.8074 -0.5119 -0.2933
vn 0.8051 -0.5384 -0.2489
vn 0.6797 -0.6283 -0.3783
vn 0.5155 -0.7986 -0.3107
vn 0.5132 -0.8253 -0.2357
vn 0.5185 -0.7646 -0.3828
vn 0.3388 -0.7923 -0.5075
vn 0.9768 -0.1613 -0.1408
vn 0.9772 -0.1559 -0.1443
vn 0.3257 -0.9412 -0.0895
vn 0.4219 -0.8907 -0.1691
vn 0.4208 -0.9032 -0.0850
vn 0.9711 -0.2230 -0.0849
vn 0.8544 -0.5033 -0.1293
vn 0.8032 -0.5605 -0.2020
vn 0.8557 -0.4886 -0.1705
vn 0.9831 -0.1828 0.0127
vn 0.9817 -0.1901 0.0102
vn 0.7408 -0.6482 -0.1761
vn 0.6742 -0.6910 -0.2606
vn 0.7426 -0.6282 -0.2322
vn 0.1306 -0.9500 -0.2836
vn 0.1335 -0.9178 -0.3738
vn 0.9349 -0.3296 0.1316
vn 0.8996 -0.4143 0.1382
vn 0.9341 -0.3408 0.1067
vn 0.3314 -0.8764 -0.3496
vn 0.0270 -0.9949 0.0974
vn 0.0528 -0.9986 -0.0000
vn 0.0532 -0.9939 0.0971
vn 0.2292 -0.9335 -0.2760
vn 0.5984 -0.7481 -0.2869
vn 0.5962 -0.7728 -0.2176
vn 0.0369 -0.8828 -0.4683
vn 0.2319 -0.9021 -0.3638
vn 0.9321 -0.3611 -0.0273
vn 0.8978 -0.4348 -0.0705
vn 0.9327 -0.3566 -0.0543
vn 0.5937 -0.8013 -0.0735
vn 0.5115 -0.8446 -0.1584
vn 0.5947 -0.7906 -0.1462
vn 0.9745 -0.1873 -0.1235
vn 0.9748 -0.1827 -0.1279
vn 0.9699 -0.2370 -0.0565
vn 0.9834 -0.1785 0.0312
vn 0.9738 -0.2272 -0.0021
vn 0.9570 -0.2784 -0.0821
vn 0.9580 -0.2861 -0.0198
vn 0.9595 -0.2790 -0.0385
vn 0.9587 -0.2784 -0.0586
vn 0.2260 -0.9697 -0.0932
vn 0.2272 -0.9560 -0.1855
vn 0.8985 -0.4262 -0.1049
vn 0.8016 -0.5779 -0.1533
vn 0.0270 -0.9949 -0.0974
vn 0.0545 -0.9797 -0.1932
vn 0.6722 -0.7135 -0.1977
vn 0.4208 -0.9032 0.0850
vn 0.3253 -0.9456 -0.0000
vn 0.4204 -0.9073 -0.0000
vn 0.9321 -0.3611 0.0273
vn 0.8972 -0.4417 -0.0000
vn 0.9322 -0.3619 -0.0000
vn 0.6700 -0.7394 -0.0668
vn 0.7396 -0.6626 -0.1184
vn 0.7388 -0.6713 -0.0595
vn 0.8535 -0.5138 -0.0869
vn 0.8529 -0.5202 -0.0437
vn 0.8973 -0.4400 -0.0354
vn 0.8005 -0.5904 -0.1030
vn 0.7998 -0.5980 -0.0517
vn 0.6708 -0.7296 -0.1328
vn 0.5101 -0.8601 -0.0000
vn 0.5104 -0.8562 0.0796
vn 0.5104 -0.8562 -0.0796
vn 0.3268 -0.9281 -0.1782
vn 0.0282 -0.9806 -0.1938
vn 0.9726 -0.2093 -0.1015
vn 0.9728 -0.2057 -0.1068
vn 0.2272 -0.9560 0.1855
vn 0.2292 -0.9335 0.2760
vn 0.7998 -0.5980 0.0518
vn 0.8527 -0.5224 -0.0000
vn 0.8529 -0.5202 0.0437
vn 0.9841 -0.1707 0.0484
vn 0.9740 -0.2249 0.0254
vn 0.6700 -0.7394 0.0668
vn 0.7385 -0.6742 -0.0000
vn 0.7388 -0.6713 0.0595
vn 0.1274 -0.9872 0.0958
vn 0.1270 -0.9919 -0.0000
vn 0.2260 -0.9697 0.0932
vn 0.3257 -0.9412 0.0895
vn 0.5934 -0.8049 -0.0000
vn 0.5937 -0.8013 0.0735
vn 0.0266 -0.9996 -0.0000
vn 0.2256 -0.9742 -0.0000
vn 0.3287 -0.9064 0.2651
vn 0.4219 -0.8907 0.1691
vn 0.4237 -0.8701 0.2516
vn 0.9710 -0.2267 -0.0755
vn 0.9711 -0.2242 -0.0814
vn 0.9592 -0.2827 -0.0000
vn 0.9700 -0.2386 0.0467
vn 0.9700 -0.2373 0.0529
vn 0.9851 -0.1597 0.0638
vn 0.9747 -0.2173 0.0520
vn 0.9580 -0.2861 0.0198
vn 0.8978 -0.4348 0.0704
vn 0.8985 -0.4262 0.1049
vn 0.8973 -0.4400 0.0354
vn 0.7996 -0.6005 -0.0000
vn 0.0303 -0.9570 0.2884
vn 0.0545 -0.9797 0.1932
vn 0.6697 -0.7426 -0.0000
vn 0.2354 -0.8624 0.4482
vn 0.2320 -0.9021 0.3638
vn 0.5132 -0.8253 0.2357
vn 0.5946 -0.7906 0.1462
vn 0.5962 -0.7728 0.2176
vn 0.8005 -0.5904 0.1030
vn 0.7396 -0.6626 0.1184
vn 0.7408 -0.6482 0.1761
vn 0.6708 -0.7296 0.1328
vn 0.6723 -0.7134 0.1977
vn 0.9331 -0.3504 0.0810
vn 0.9327 -0.3566 0.0543
vn 0.5115 -0.8446 0.1584
vn 0.3268 -0.9281 0.1782
vn 0.0282 -0.9806 0.1938
vn 0.3314 -0.8764 0.3495
vn 0.3347 -0.8382 0.4306
vn 0.9700 -0.2387 -0.0467
vn 0.9700 -0.2373 -0.0529
vn 0.9595 -0.2790 0.0385
vn 0.9710 -0.2267 0.0755
vn 0.9712 -0.2241 0.0814
vn 0.8051 -0.5384 0.2489
vn 0.8557 -0.4886 0.1705
vn 0.8573 -0.4700 0.2100
vn 0.9863 -0.1459 0.0767
vn 0.9758 -0.2047 0.0765
vn 0.0369 -0.8828 0.4683
vn 0.0594 -0.9235 0.3789
vn 0.9587 -0.2784 0.0586
vn 0.0332 -0.9243 0.3802
vn 0.5185 -0.7646 0.3828
vn 0.5984 -0.7481 0.2869
vn 0.6012 -0.7167 0.3534
vn 0.0464 -0.7750 0.6302
vn 0.0726 -0.7747 0.6281
vn 0.9570 -0.2784 0.0821
vn 0.9726 -0.2093 0.1015
vn 0.9728 -0.2057 0.1068
vn 0.8101 -0.4811 0.3349
vn 0.8593 -0.4476 0.2475
vn 0.8616 -0.4216 0.2826
vn 0.4262 -0.8416 0.3317
vn 0.4294 -0.8054 0.4086
vn 0.9568 -0.2713 0.1044
vn 0.9009 -0.3992 0.1702
vn 0.6833 -0.5887 0.4320
vn 0.7475 -0.5723 0.3371
vn 0.7506 -0.5370 0.3849
vn 0.8032 -0.5605 0.2021
vn 0.8074 -0.5119 0.2933
vn 0.7426 -0.6282 0.2322
vn 0.7448 -0.6028 0.2860
vn 0.6742 -0.6910 0.2606
vn 0.6767 -0.6626 0.3210
vn 0.5155 -0.7986 0.3107
vn 0.0846 -0.6380 0.7654
vn 0.0521 -0.7098 0.7025
vn 0.0783 -0.7097 0.7001
vn 0.2397 -0.8146 0.5281
vn 0.2446 -0.7593 0.6031
vn 0.4377 -0.7113 0.5499
vn 0.3388 -0.7923 0.5075
vn 0.4333 -0.7618 0.4816
vn 0.6798 -0.6283 0.3783
vn 0.6045 -0.6791 0.4165
vn 0.6083 -0.6354 0.4756
vn 0.5221 -0.7238 0.4511
vn 0.5263 -0.6765 0.5151
vn 0.3435 -0.7391 0.5794
vn 0.0413 -0.8329 0.5519
vn 0.5361 -0.5644 0.6277
vn 0.6127 -0.5862 0.5301
vn 0.6175 -0.5319 0.5795
vn 0.9699 -0.2369 0.0565
vn 0.2697 -0.4736 0.8384
vn 0.2627 -0.5534 0.7904
vn 0.9587 -0.2587 0.1182
vn 0.9745 -0.1873 0.1235
vn 0.9748 -0.1827 0.1279
vn 0.8166 -0.4082 0.4081
vn 0.8642 -0.3924 0.3150
vn 0.8670 -0.3601 0.3443
vn 0.6916 -0.4946 0.5264
vn 0.7541 -0.4972 0.4290
vn 0.7580 -0.4532 0.4690
vn 0.9589 -0.2475 0.1388
vn 0.9044 -0.3600 0.2291
vn 0.0728 -0.4765 0.8761
vn 0.0915 -0.5603 0.8232
vn 0.1583 -0.6361 0.7552
vn 0.2500 -0.6969 0.6722
vn 0.2561 -0.6280 0.7349
vn 0.9711 -0.2231 0.0849
vn 0.7764 -0.2453 0.5806
vn 0.7066 -0.3239 0.6291
vn 0.7714 -0.3011 0.5606
vn 0.9610 -0.2324 0.1498
vn 0.9768 -0.1613 0.1408
vn 0.9772 -0.1559 0.1443
vn 0.8241 -0.3225 0.4656
vn 0.8701 -0.3252 0.3704
vn 0.8734 -0.2878 0.3928
vn 0.1521 -0.7069 0.6908
vn 0.3546 -0.6130 0.7061
vn 0.4427 -0.6544 0.6130
vn 0.4483 -0.5916 0.6701
vn 0.9394 -0.2806 0.1970
vn 0.9065 -0.3363 0.2554
vn 0.9616 -0.2174 0.1678
vn 0.8132 -0.4465 0.3733
vn 0.9088 -0.3102 0.2792
vn 0.7667 -0.3547 0.5351
vn 0.8202 -0.3668 0.4390
vn 0.7013 -0.3841 0.6006
vn 0.7622 -0.4056 0.5045
vn 0.6872 -0.5440 0.4815
vn 0.5310 -0.6232 0.5742
vn 0.3488 -0.6791 0.6459
vn 0.0968 -0.2031 0.9744
vn 0.1228 -0.2047 0.9711
vn 0.1145 -0.2986 0.9475
vn 0.0805 -0.3887 0.9178
vn 0.1065 -0.3898 0.9147
vn 0.9410 -0.2608 0.2158
vn 0.3677 -0.4647 0.8056
vn 0.4543 -0.5236 0.7208
vn 0.4607 -0.4509 0.7645
vn 0.6963 -0.4412 0.5662
vn 0.5418 -0.5006 0.6751
vn 0.6282 -0.4102 0.6612
vn 0.5478 -0.4325 0.7161
vn 0.3609 -0.5413 0.7595
vn 0.4745 -0.2945 0.8295
vn 0.3748 -0.3840 0.8439
vn 0.4674 -0.3742 0.8009
vn 0.0585 -0.6379 0.7679
vn 0.6227 -0.4730 0.6233
vn 0.5607 -0.2861 0.7770
vn 0.6340 -0.3439 0.6926
vn 0.6401 -0.2749 0.7174
vn 0.9728 -0.2040 0.1099
vn 0.9638 -0.2005 0.1756
vn 0.9793 -0.1325 0.1527
vn 0.9798 -0.1266 0.1551
vn 0.9773 -0.1876 0.0981
vn 0.9749 -0.1804 0.1308
vn 0.9937 -0.0702 0.0874
vn 0.9952 -0.0535 0.0823
vn 0.9934 -0.0574 0.0992
vn 0.9646 -0.1823 0.1903
vn 0.9139 -0.2515 0.3185
vn 0.4134 0.0534 0.9090
vn 0.4966 -0.0438 0.8669
vn 0.5041 0.0408 0.8627
vn 0.5744 -0.1306 0.8081
vn 0.6464 -0.2038 0.7353
vn 0.6528 -0.1313 0.7461
vn 0.9906 -0.1048 0.0874
vn 0.9944 -0.1052 -0.0000
vn 0.8325 -0.2273 0.5052
vn 0.8769 -0.2484 0.4115
vn 0.8805 -0.2075 0.4263
vn 0.9670 -0.1641 0.1946
vn 0.9681 -0.1434 0.2056
vn 0.9197 -0.1864 0.3456
vn 0.8283 -0.2758 0.4878
vn 0.7236 -0.1308 0.6777
vn 0.7178 -0.1967 0.6679
vn 0.5541 -0.3608 0.7502
vn 0.7121 -0.2612 0.6516
vn 0.7814 -0.1877 0.5951
vn 0.7866 -0.1291 0.6038
vn 0.3822 -0.2999 0.8741
vn 0.9875 -0.0403 0.1525
vn 0.9741 -0.0840 0.2099
vn 0.9717 -0.1024 0.2129
vn 0.8414 -0.1261 0.5254
vn 0.8842 -0.1652 0.4369
vn 0.8880 -0.1221 0.4433
vn 0.9541 -0.1116 0.2778
vn 0.9227 -0.1521 0.3542
vn 0.9519 -0.1385 0.2733
vn 0.9922 -0.0875 0.0891
vn 0.9899 -0.0975 0.1032
vn 0.9820 -0.1020 0.1587
vn 0.2928 -0.2120 0.9324
vn 0.3009 -0.1201 0.9461
vn 0.5675 -0.2091 0.7964
vn 0.3899 -0.2133 0.8958
vn 0.4891 -0.1284 0.8627
vn 0.1483 0.0843 0.9853
vn 0.1139 -0.0100 0.9934
vn 0.1878 -0.3012 0.9349
vn 0.3976 -0.1249 0.9090
vn 0.7354 0.0022 0.6777
vn 0.7918 -0.0698 0.6067
vn 0.7971 -0.0106 0.6038
vn 0.5884 0.0280 0.8081
vn 0.6592 -0.0581 0.7497
vn 0.6657 0.0151 0.7461
vn 0.0885 -0.2973 0.9507
vn 0.4817 -0.2122 0.8502
vn 0.9705 -0.1248 0.2063
vn 0.9848 -0.0709 0.1587
vn 0.9852 -0.0645 0.1586
vn 0.9917 -0.0772 0.1032
vn 0.9965 -0.0382 0.0741
vn 0.9951 -0.0387 0.0915
vn 0.9768 -0.1619 0.1405
vn 0.9799 -0.1234 0.1568
vn 0.9761 -0.1677 0.1380
vn 0.8595 0.0781 0.5052
vn 0.8995 0.0079 0.4369
vn 0.9032 0.0502 0.4263
vn 0.9258 -0.1172 0.3594
vn 0.8369 -0.1772 0.5178
vn 0.6021 0.1835 0.7770
vn 0.6721 0.0876 0.7353
vn 0.6784 0.1586 0.7174
vn 0.1392 0.2772 0.9507
vn 0.1567 0.1801 0.9711
vn 0.8957 -0.0352 0.4433
vn 0.8460 -0.0746 0.5279
vn 0.8919 -0.0787 0.4454
vn 0.9567 -0.0844 0.2786
vn 0.9289 -0.0819 0.3611
vn 0.9754 -0.0607 0.2120
vn 0.7469 0.1326 0.6516
vn 0.8022 0.0481 0.5951
vn 0.8073 0.1056 0.5806
vn 0.9320 -0.0466 0.3595
vn 0.8505 -0.0231 0.5254
vn 0.7295 -0.0643 0.6810
vn 0.7412 0.0680 0.6679
vn 0.5814 -0.0513 0.8120
vn 0.4055 -0.0358 0.9134
vn 0.1053 -0.1070 0.9887
vn 0.9589 -0.0571 0.2778
vn 0.9637 -0.0036 0.2671
vn 0.9351 -0.0117 0.3542
vn 0.9615 -0.0302 0.2733
vn 0.3485 0.4191 0.8384
vn 0.3411 0.3351 0.8783
vn 0.9977 -0.0247 0.0630
vn 0.9965 -0.0218 0.0801
vn 0.9782 0.1609 0.1316
vn 0.9553 0.2172 0.2007
vn 0.9770 0.1464 0.1548
vn 0.3254 0.1575 0.9324
vn 0.3333 0.2476 0.9097
vn 0.5953 0.1065 0.7964
vn 0.4212 0.1418 0.8958
vn 0.5187 0.2069 0.8296
vn 0.1550 0.4565 0.8761
vn 0.1808 0.4526 0.8732
vn 0.1950 0.6134 0.7654
vn 0.1623 0.5397 0.8260
vn 0.1881 0.5356 0.8232
vn 0.4288 0.2284 0.8741
vn 0.4433 0.3931 0.8055
vn 0.5257 0.2867 0.8009
vn 0.5325 0.3633 0.7645
vn 0.1309 0.1830 0.9744
vn 0.5114 0.1247 0.8502
vn 0.9681 0.0467 0.2462
vn 0.9410 0.0557 0.3337
vn 0.9661 0.0218 0.2574
vn 0.6903 0.2939 0.6612
vn 0.6087 0.2583 0.7502
vn 0.6844 0.2277 0.6926
vn 0.9793 -0.1332 0.1525
vn 0.9826 -0.0922 0.1610
vn 0.9786 -0.1394 0.1512
vn 0.9777 -0.0432 0.2055
vn 0.9900 -0.0115 0.1405
vn 0.9904 -0.0056 0.1380
vn 0.9982 -0.0185 0.0568
vn 0.9978 -0.0075 0.0658
vn 0.9759 0.0049 0.2180
vn 0.9811 -0.0041 0.1932
vn 0.9721 -0.0392 0.2315
vn 0.9381 0.0225 0.3456
vn 0.8550 0.0280 0.5178
vn 0.4564 0.5414 0.7061
vn 0.5389 0.4360 0.7208
vn 0.5449 0.5040 0.6701
vn 0.9692 0.1037 0.2232
vn 0.9465 0.1180 0.3003
vn 0.9703 0.0699 0.2317
vn 0.8170 0.2151 0.5351
vn 0.7524 0.1952 0.6291
vn 0.8122 0.1615 0.5605
vn 0.9068 0.0912 0.4115
vn 0.9103 0.1305 0.3928
vn 0.9438 0.0877 0.3185
vn 0.8637 0.1267 0.4878
vn 0.8679 0.1733 0.4656
vn 0.7577 0.2554 0.6006
vn 0.6210 0.3981 0.6752
vn 0.6267 0.4619 0.6277
vn 0.4362 0.3124 0.8439
vn 0.6150 0.3300 0.7161
vn 0.9820 -0.1026 0.1587
vn 0.9854 -0.0608 0.1590
vn 0.9813 -0.1090 0.1586
vn 0.3681 0.6424 0.6722
vn 0.3736 0.7048 0.6031
vn 0.9923 0.0143 0.1231
vn 0.9926 0.0196 0.1195
vn 0.8754 0.2590 0.4081
vn 0.9136 0.1679 0.3704
vn 0.9167 0.2028 0.3443
vn 0.9991 -0.0089 0.0422
vn 0.9988 0.0037 0.0489
vn 0.7674 0.3660 0.5264
vn 0.8214 0.2660 0.5045
vn 0.8256 0.3136 0.4690
vn 0.9822 -0.0095 0.1875
vn 0.2604 0.5219 0.8123
vn 0.2672 0.5986 0.7552
vn 0.9600 0.2709 0.0705
vn 0.9807 0.1879 0.0544
vn 0.3555 0.4988 0.7904
vn 0.4501 0.4697 0.7595
vn 0.3621 0.5735 0.7349
vn 0.6958 0.3568 0.6233
vn 0.7010 0.4156 0.5795
vn 0.4675 0.6676 0.5795
vn 0.5504 0.5668 0.6130
vn 0.5555 0.6237 0.5499
vn 0.9847 -0.0714 0.1587
vn 0.9881 -0.0304 0.1508
vn 0.9841 -0.0777 0.1599
vn 0.9843 0.0319 0.1735
vn 0.9942 0.0363 0.1009
vn 0.9945 0.0407 0.0963
vn 0.9997 -0.0021 0.0260
vn 0.9995 0.0115 0.0301
vn 0.9853 0.0255 0.1689
vn 0.9795 0.0456 0.1961
vn 0.9513 0.1725 0.2554
vn 0.9534 0.1962 0.2291
vn 0.9490 0.1463 0.2792
vn 0.8718 0.2176 0.4390
vn 0.1813 0.7549 0.6302
vn 0.2070 0.7501 0.6281
vn 0.7627 0.3125 0.5662
vn 0.2884 0.8395 0.4605
vn 0.3785 0.7601 0.5281
vn 0.3827 0.8079 0.4481
vn 0.7101 0.5191 0.4756
vn 0.6319 0.5207 0.5742
vn 0.7058 0.4699 0.5301
vn 0.8788 0.2973 0.3733
vn 0.8295 0.3575 0.4290
vn 0.8330 0.3974 0.3849
vn 0.7718 0.4153 0.4815
vn 0.7757 0.4600 0.4320
vn 0.9727 0.1435 0.1821
vn 0.9740 0.1119 0.1970
vn 0.6365 0.5740 0.5151
vn 0.4622 0.6076 0.6459
vn 0.1692 0.6178 0.7679
vn 0.4722 0.7208 0.5074
vn 0.4763 0.7667 0.4306
vn 0.9874 -0.0409 0.1527
vn 0.9906 -0.0021 0.1369
vn 0.9868 -0.0468 0.1551
vn 0.9935 0.0306 0.1099
vn 0.9958 0.0536 0.0749
vn 0.9959 0.0570 0.0695
vn 0.8869 0.3892 0.2489
vn 0.9244 0.2903 0.2475
vn 0.9264 0.3127 0.2100
vn 0.2165 0.8575 0.4667
vn 0.1864 0.8128 0.5519
vn 0.2121 0.8077 0.5501
vn 0.9826 0.0807 0.1671
vn 0.9827 0.0806 0.1666
vn 0.9827 0.0811 0.1667
vn 0.2841 0.7904 0.5428
vn 0.6443 0.6621 0.3828
vn 0.7140 0.5628 0.4165
vn 0.7173 0.6005 0.3534
vn 0.9900 -0.0121 0.1408
vn 0.9928 0.0228 0.1177
vn 0.9894 -0.0174 0.1443
vn 0.9952 0.0497 0.0849
vn 0.9968 0.0654 0.0459
vn 0.9969 0.0678 0.0400
vn 0.9957 0.0532 0.0755
vn 0.9969 0.0695 0.0368
vn 0.9954 0.0507 0.0814
vn 0.5599 0.6742 0.4816
vn 0.5637 0.7178 0.4086
vn 0.9852 0.1100 0.1314
vn 0.9853 0.1097 0.1309
vn 0.9852 0.1103 0.1309
vn 0.3862 0.8476 0.3638
vn 0.3890 0.8789 0.2760
vn 0.9582 0.2505 0.1382
vn 0.9593 0.2624 0.1048
vn 0.9569 0.2354 0.1703
vn 0.8361 0.4327 0.3371
vn 0.8845 0.3627 0.2933
vn 0.8388 0.4632 0.2860
vn 0.1973 0.9370 0.2884
vn 0.2230 0.9315 0.2874
vn 0.7792 0.4997 0.3783
vn 0.7823 0.5339 0.3210
vn 0.6407 0.6213 0.4511
vn 0.3910 0.9015 0.1855
vn 0.4823 0.8349 0.2651
vn 0.5669 0.7540 0.3318
vn 0.5695 0.7826 0.2516
vn 0.6497 0.7227 0.2357
vn 0.7201 0.6318 0.2869
vn 0.7223 0.6565 0.2176
vn 0.8888 0.4113 0.2020
vn 0.8411 0.4886 0.2322
vn 0.8428 0.5085 0.1761
vn 0.7848 0.5624 0.2606
vn 0.7867 0.5848 0.1977
vn 0.9800 0.1818 0.0810
vn 0.9793 0.1721 0.1066
vn 0.6473 0.6960 0.3107
vn 0.9982 -0.0186 -0.0568
vn 0.9978 -0.0075 -0.0658
vn 0.4796 0.8048 0.3495
vn 0.5713 0.8031 0.1691
vn 0.1908 0.8627 0.4683
vn 0.4842 0.8566 0.1782
vn 0.9922 0.0138 0.1235
vn 0.9946 0.0436 0.0940
vn 0.9917 0.0092 0.1280
vn 0.9964 0.0636 0.0565
vn 0.9973 0.0714 0.0153
vn 0.9973 0.0726 0.0090
vn 0.8921 0.4488 0.0518
vn 0.9302 0.3566 0.0869
vn 0.1995 0.9605 0.1938
vn 0.9871 0.1318 0.0906
vn 0.9872 0.1314 0.0901
vn 0.9872 0.1320 0.0901
vn 0.7238 0.6743 0.1462
vn 0.9942 0.0359 0.1014
vn 0.9960 0.0593 0.0667
vn 0.9938 0.0323 0.1067
vn 0.9971 0.0717 0.0260
vn 0.9973 0.0713 -0.0159
vn 0.9972 0.0713 -0.0223
vn 0.9883 0.1452 0.0463
vn 0.9884 0.1448 0.0459
vn 0.9883 0.1453 0.0458
vn 0.9968 0.0652 -0.0466
vn 0.9973 0.0737 -0.0055
vn 0.9972 0.0750 0.0012
vn 0.8915 0.4412 0.1030
vn 0.7882 0.6010 0.1329
vn 0.2007 0.9748 0.0974
vn 0.6514 0.7420 0.1584
vn 0.8441 0.5229 0.1184
vn -0.9792 -0.1666 -0.1159
vn -0.9773 -0.1531 -0.1466
vn 0.4527 0.5429 -0.7074
vn 0.2258 0.9693 -0.0970
vn 0.8892 0.4544 0.0523
vn 0.9756 0.1303 -0.1769
vn 0.5840 0.0287 -0.8113
vn 0.9883 -0.1085 -0.1069
vn 0.9009 -0.3656 0.2339
vn 0.0527 -0.9939 -0.0971
vn 0.0526 -0.9939 0.0971
vn 0.9377 -0.2990 0.1769
vn 0.9902 -0.0873 0.1091
vn 0.2638 0.4379 0.8595
vn 0.9939 -0.0457 0.1007
vn 0.1645 0.2740 0.9475
vn 0.4527 0.5429 0.7074
vn 0.6323 0.5769 0.5172
vn 0.2065 0.7502 0.6282
vn 0.9986 0.0090 0.0516
vn 0.3054 0.9092 0.2829
vn 0.2258 0.9693 0.0970
vn -0.2928 -0.2120 0.9324
vn -0.9627 0.1318 -0.2365
vn -0.0047 -0.7392 0.6734
vn 0.9997 0.0002 0.0229
vn 0.9997 0.0015 0.0229
vn 0.9997 0.0011 0.0229
vn -0.0068 -0.2983 0.9544
vn 0.0730 -0.5566 0.8275
vn 0.9411 -0.2606 -0.2155
vn -0.9947 -0.0215 0.1003
vn -0.9947 -0.0217 0.1003
vn -0.9946 -0.0269 0.1000
vn -0.9947 -0.0272 0.0992
vn -0.9946 -0.0258 0.1004
vn -0.9946 -0.0268 0.1001
vn -0.9946 -0.0268 0.0999
vn -0.9946 -0.0268 0.0998
vn 0.9996 0.0065 -0.0261
vn 0.9997 0.0013 -0.0234
vn 0.6654 0.0003 0.7465
vn 0.9997 0.0046 -0.0256
vn 0.9997 0.0004 -0.0249
vn -0.9916 -0.0910 0.0923
vn -0.9916 -0.0906 0.0925
vn -0.9916 -0.0836 0.0986
vn -0.9924 -0.0728 0.0993
vn -0.9907 -0.0767 0.1121
vn -0.9918 -0.0865 0.0941
vn -0.9916 -0.0942 0.0886
vn -0.9913 -0.0927 0.0937
vn -0.9914 -0.0869 0.0977
vn -0.9910 -0.0915 0.0979
vn -0.9908 -0.0909 0.1003
vn 0.9995 0.0077 -0.0294
vn 0.9996 0.0096 -0.0261
vn 0.9995 0.0120 -0.0308
vn -0.9945 -0.0320 0.0999
vn -0.9943 -0.0332 0.1018
vn -0.9942 -0.0366 0.1015
vn -0.9941 -0.0399 0.1008
vn -0.9942 -0.0351 0.1020
vn -0.9942 -0.0353 0.1015
vn -0.9943 -0.0342 0.1012
vn -0.9945 -0.0336 0.0992
vn -0.9944 -0.0313 0.1012
vn -0.9945 -0.0320 0.0997
vn -0.9946 -0.0341 0.0982
vn -0.9946 -0.0347 0.0976
vn -0.9945 -0.0314 0.0998
vn -0.9945 -0.0317 0.0998
vn -0.9946 -0.0314 0.0992
vn -0.9920 -0.0877 0.0908
vn -0.9931 -0.0792 0.0869
vn -0.9924 -0.0855 0.0889
vn -0.9919 -0.0897 0.0900
vn -0.9922 -0.0884 0.0881
vn -0.9920 -0.0898 0.0884
vn 0.9990 0.0207 -0.0405
vn 0.9992 0.0238 -0.0312
vn 0.9980 0.0426 -0.0463
vn -0.9848 -0.1548 0.0784
vn 0.9967 0.0544 -0.0608
vn 0.9975 0.0533 -0.0462
vn 0.9956 -0.0000 -0.0941
vn 0.9980 0.0199 -0.0605
vn 0.9869 0.1311 -0.0943
vn 0.9997 0.0018 -0.0238
vn 0.9997 0.0020 -0.0230
vn 0.9996 0.0007 -0.0280
vn 0.9997 0.0008 -0.0233
vn 0.9997 0.0021 -0.0247
vn 0.9997 0.0023 -0.0237
vn 0.9986 -0.0169 -0.0501
vn 0.9995 -0.0089 -0.0317
vn 0.9897 -0.0000 -0.1433
vn 0.9839 -0.1519 -0.0945
vn 0.9698 -0.2009 -0.1383
vn -0.9955 -0.0068 0.0943
vn -0.9953 -0.0041 0.0963
vn -0.9949 -0.0011 0.1010
vn -0.9381 -0.0377 0.3443
vn -0.9955 0.0186 0.0932
vn -0.9956 0.0138 0.0928
vn -0.9959 0.0176 0.0884
vn -0.9939 0.0247 0.1076
vn -0.9738 0.0890 0.2095
vn -0.9960 0.0056 0.0894
vn -0.7949 0.5196 0.3133
vn -0.9961 -0.0025 0.0881
vn -0.9983 -0.0011 0.0578
vn -0.9922 0.0937 0.0817
vn -0.9790 0.1815 0.0925
vn -0.9892 0.1189 0.0852
vn -0.9900 0.1202 0.0740
vn -0.9908 0.1155 0.0701
vn -0.9903 0.1125 0.0816
vn -0.9953 -0.0536 0.0806
vn -0.9966 -0.0479 0.0674
vn -0.9898 -0.1079 0.0936
vn -0.9941 -0.0853 0.0672
vn -0.9869 -0.1311 0.0943
vn -0.9948 -0.0143 0.1010
vn -0.9964 0.0103 0.0845
vn -0.9975 -0.0073 0.0705
vn -0.9966 -0.0089 0.0821
vn -0.9761 0.1968 0.0922
vn -0.9792 0.1748 0.1034
vn -0.9812 0.1690 0.0927
vn -0.9840 0.1352 0.1162
vn -0.9859 0.1234 0.1132
vn -0.9882 0.1010 0.1154
vn -0.9882 0.1112 0.1051
vn -0.9869 0.1319 0.0933
vn -0.6187 0.6783 0.3964
vn -0.9771 0.1688 0.1293
vn -0.9796 0.1620 0.1185
vn -0.9698 0.2009 0.1383
vn -0.9927 -0.0701 0.0978
vn -0.9921 -0.0850 0.0924
vn -0.9931 -0.0695 0.0946
vn -0.9936 -0.0607 0.0950
vn -0.9935 -0.0542 0.1006
vn -0.9935 -0.0664 0.0922
vn -0.9943 -0.0359 0.1007
vn -0.9924 -0.0865 0.0875
vn -0.9921 -0.0910 0.0869
vn -0.9932 -0.0734 0.0905
vn -0.9948 -0.0178 0.1001
vn -0.0000 0.7730 -0.6345
vn -0.0000 -0.8723 -0.4889
vn -0.7984 0.5195 -0.3045
vn -0.7404 -0.5810 -0.3379
vn -0.9947 -0.0231 0.1000
vn -0.9954 -0.0204 0.0940
vn -0.9947 -0.0210 0.1010
vn -0.9947 -0.0217 0.1006
vn -0.9947 -0.0211 0.1011
vn -0.9946 -0.0222 0.1012
vn -0.9946 -0.0203 0.1015
vn -0.9947 -0.0192 0.1010
vn -0.9947 -0.0184 0.1008
vn -0.9946 -0.0216 0.1012
vn -0.9947 -0.0217 0.1009
vn -0.9945 -0.0167 0.1035
vn -0.9946 -0.0167 0.1027
vn -0.9947 -0.0197 0.1010
vn -0.9947 -0.0209 0.1011
vn -0.9948 -0.0185 0.1001
vn -0.9948 -0.0211 0.1000
vn -0.9946 -0.0181 0.1018
vn -0.9948 -0.0178 0.1000
vn -0.9947 -0.0224 0.1001
vn -0.9949 -0.0179 0.0993
vn -0.9949 -0.0178 0.0995
vn -0.9947 -0.0187 0.1012
vn -0.9947 -0.0185 0.1010
vn -0.9949 -0.0187 0.0996
vn -0.9951 -0.0122 0.0980
vn -0.9947 -0.0194 0.1006
vn -0.9948 -0.0185 0.1002
vn -0.9948 -0.0178 0.1006
vn -0.9946 -0.0269 0.0998
vn -0.9946 -0.0270 0.0997
vn -0.9947 -0.0250 0.0994
vn -0.9947 -0.0254 0.0999
vn -0.9946 -0.0258 0.1001
vn -0.9946 -0.0265 0.1000
vn -0.9947 -0.0268 0.0995
vn -0.8656 0.2493 0.4344
vn -0.8730 0.2144 0.4381
vn -0.8677 0.2223 0.4447
vn -0.9142 -0.3951 0.0898
vn -0.8113 0.3314 -0.4816
vn -0.8242 0.3258 -0.4631
vn -0.8682 0.2282 0.4406
vn -0.9231 -0.0270 0.3837
vn -0.8748 0.1939 0.4440
vn -0.9947 -0.0215 0.1006
vn -0.9956 0.0155 0.0927
vn -0.9957 -0.0054 0.0928
vn -0.9955 -0.0010 0.0949
vn -0.9951 -0.0042 0.0988
vn -0.9957 0.0019 0.0928
vn -0.8989 -0.2527 -0.3580
vn -0.9948 0.0108 0.1010
vn -0.9961 0.0113 0.0879
vn -0.9953 0.0347 0.0899
vn -0.9954 0.0354 0.0893
vn -0.9850 0.1496 0.0862
vn -0.9956 -0.0029 0.0939
vn -0.9958 0.0008 0.0921
vn -0.9956 0.0097 0.0928
vn -0.9956 -0.0044 0.0933
vn -0.9954 0.0129 0.0954
vn -0.9957 0.0046 0.0928
vn -0.9959 0.0056 0.0902
vn -0.9959 0.0079 0.0896
vn -0.9955 0.0015 0.0947
vn -0.9960 0.0054 0.0897
vn -0.9948 0.0087 0.1018
vn -0.9947 -0.0209 0.1010
vn -0.9960 0.0192 0.0872
vn -0.9961 0.0188 0.0868
vn -0.9954 0.0259 0.0927
vn -0.9961 0.0141 0.0877
vn -0.9910 0.1059 0.0816
vn -0.9905 0.1109 0.0816
vn -0.9717 0.1744 0.1596
vn -0.9956 -0.0037 0.0932
vn -0.9957 -0.0058 0.0928
vn -0.9957 -0.0055 0.0930
vn -0.9957 -0.0042 0.0929
vn -0.9956 0.0016 0.0939
vn -0.9957 0.0055 0.0928
vn -0.9955 0.0031 0.0951
vn -0.9953 0.0033 0.0969
vn -0.9956 0.0035 0.0938
vn -0.9904 0.1078 0.0867
vn -0.9927 0.0172 0.1197
vn -0.9958 0.0229 0.0888
vn -0.9956 0.0298 0.0892
vn -0.9964 0.0080 0.0844
vn 0.1714 0.8173 0.5501
vn -0.9991 0.0246 -0.0332
vn -0.9993 -0.0381 -0.0031
vn -0.9885 -0.0845 0.1256
vn -0.8129 0.5778 -0.0722
vn -0.9089 0.2605 0.3255
vn -0.8950 0.2535 0.3670
vn -0.9790 -0.0831 0.1859
vn -0.9712 0.0886 0.2213
vn -0.9857 0.1436 0.0881
vn -0.9996 -0.0037 -0.0263
vn -0.8762 0.2158 0.4310
vn -0.9479 0.0235 0.3177
vn -0.9895 -0.0938 0.1097
vn 0.9709 -0.1101 -0.2127
vn -0.9994 -0.0325 -0.0103
vn -0.9963 -0.0628 -0.0580
vn -0.9981 -0.0527 -0.0327
vn 0.9997 0.0135 -0.0196
vn -0.9855 -0.1556 0.0675
vn -0.9901 -0.1211 0.0704
vn -0.9940 -0.0711 0.0835
vn -1.0000 0.0069 -0.0009
vn -0.9944 -0.0692 0.0803
vn -0.9932 -0.0706 0.0924
vn -0.9928 -0.0792 0.0895
vn -0.9933 -0.0751 0.0877
vn -0.9766 -0.1802 0.1177
vn -0.9920 -0.0857 0.0925
vn -0.9905 -0.0879 0.1062
vn -0.9927 -0.0783 0.0922
vn -0.9923 -0.0885 0.0867
vn -0.9921 -0.0868 0.0907
vn -0.9923 -0.1050 0.0660
vn -0.9924 -0.0902 0.0843
vn -0.9944 -0.0333 0.1003
vn -0.9989 -0.0464 -0.0083
vn -0.9947 -0.0336 0.0976
vn -0.9945 -0.0328 0.0997
vn -0.9945 -0.0324 0.0998
vn -0.9944 -0.0334 0.0999
vn -0.9945 -0.0352 0.0985
vn -0.9944 -0.0322 0.1002
vn -0.9944 -0.0318 0.1009
vn -0.9941 -0.0323 0.1038
vn -0.9940 -0.0321 0.1043
vn -0.9944 -0.0318 0.1004
vn -0.9945 -0.0315 0.0999
vn -0.9945 -0.0315 0.0997
vn -0.9937 -0.0878 0.0700
vn -0.9914 -0.0728 0.1088
vn -0.9883 -0.0633 0.1386
vn -0.9916 -0.0915 0.0919
vn -0.9915 -0.0913 0.0923
vn -0.9983 0.0215 -0.0533
vn -0.9930 -0.0616 0.1006
vn -0.9836 -0.0444 0.1747
vn -0.9919 -0.0839 0.0957
vn -0.9923 -0.0820 0.0926
vn -0.9922 -0.0830 0.0926
vn -0.9929 -0.0917 0.0755
vn -0.9922 -0.0837 0.0923
vn -0.9921 -0.0898 0.0879
vn -0.9923 -0.0908 0.0840
vn -0.9920 -0.0862 0.0921
vn -0.9931 -0.0736 0.0916
vn -0.9933 -0.0621 0.0974
vn -0.9672 -0.1842 0.1751
vn -0.9892 -0.0973 0.1097
vn -0.9898 -0.0383 0.1374
vn -0.9932 -0.0580 0.1010
vn -0.9914 -0.0757 0.1071
vn -0.9932 -0.0590 0.0999
vn -0.9947 -0.0259 0.0997
vn -0.9947 -0.0261 0.0998
vn -0.9947 -0.0262 0.0999
vn -0.9947 -0.0262 0.0998
vn -0.9946 -0.0285 0.0997
vn -0.9947 -0.0253 0.0997
vn -0.9947 -0.0257 0.0998
vn -0.9947 -0.0253 0.0998
vn -0.9947 -0.0257 0.0997
vn -0.9943 -0.0224 0.1039
vn -0.9946 -0.0266 0.1001
vn -0.9945 -0.0275 0.1013
vn -0.9946 -0.0299 0.0998
vn -0.9960 -0.0221 0.0864
vn -0.9943 -0.0346 0.1006
vn -0.9943 -0.0344 0.1007
vn -0.9945 -0.0316 0.1000
vn -0.9945 -0.0321 0.0998
vn -0.9944 -0.0309 0.1011
vn -0.9940 -0.0255 0.1066
vn -0.9945 -0.0342 0.0994
vn -0.9943 -0.0334 0.1017
vn -0.9942 -0.0370 0.1009
vn -0.9944 -0.0353 0.0992
vn -0.9944 -0.0363 0.0996
vn -0.9943 -0.0354 0.1004
vn -0.9945 -0.0334 0.0995
vn -0.9944 -0.0346 0.0996
vn -0.9427 0.1704 -0.2867
vn 0.9986 -0.0484 -0.0227
vn 0.9997 0.0012 -0.0229
vn 0.9975 -0.0497 -0.0500
vn 0.9984 0.0334 -0.0463
vn 0.9993 -0.0000 -0.0375
vn 0.9114 -0.4111 -0.0207
vn 0.9997 0.0002 -0.0229
vn 0.9998 0.0029 -0.0218
vn 0.9875 -0.0172 0.1569
vn 0.9997 0.0020 -0.0232
vn 0.9997 0.0003 -0.0261
vn 0.9996 -0.0003 -0.0269
vn 0.9997 0.0040 -0.0261
vn 0.9996 0.0004 -0.0281
vn 0.9997 0.0003 -0.0254
vn 0.9997 0.0071 -0.0250
vn 0.9997 0.0081 -0.0247
vn 0.2468 0.0051 -0.9691
vn 0.9990 0.0235 -0.0375
vn 0.9986 -0.0325 0.0429
vn 0.9888 -0.1073 0.1040
vn 0.9998 -0.0123 0.0178
vn 0.0072 -0.0010 1.0000
vn -0.0062 0.5123 -0.8588
vn -0.0034 -0.8722 -0.4892
vn -0.9947 -0.0216 -0.1003
vn -0.9946 -0.0263 -0.0999
vn -0.9946 -0.0267 -0.1001
vn -0.9946 -0.0269 -0.1000
vn -0.9946 -0.0266 -0.0999
vn -0.9946 -0.0267 -0.0999
vn -0.9946 -0.0269 -0.0998
vn -0.9946 -0.0268 -0.0998
vn -0.9946 -0.0257 -0.1008
vn -0.9946 -0.0268 -0.1001
vn 0.9997 0.0011 0.0241
vn 0.6654 0.0002 -0.7465
vn 0.9997 0.0013 0.0234
vn 0.9996 0.0065 0.0261
vn 0.9997 -0.0000 0.0248
vn -0.9924 -0.0728 -0.0993
vn -0.9916 -0.0906 -0.0925
vn -0.9916 -0.0910 -0.0923
vn -0.9917 -0.0849 -0.0969
vn -0.9914 -0.0869 -0.0977
vn -0.9939 -0.0627 -0.0903
vn -0.9916 -0.0942 -0.0886
vn -0.9921 -0.0834 -0.0941
vn -0.9913 -0.0927 -0.0937
vn -0.9910 -0.0915 -0.0979
vn 0.9996 0.0096 0.0261
vn 0.9995 0.0077 0.0294
vn 0.9995 0.0120 0.0308
vn -0.9945 -0.0314 -0.0998
vn -0.9942 -0.0366 -0.1015
vn -0.9943 -0.0332 -0.1018
vn -0.9942 -0.0351 -0.1020
vn -0.9941 -0.0399 -0.1008
vn -0.9943 -0.0342 -0.1012
vn -0.9942 -0.0359 -0.1013
vn -0.9945 -0.0315 -0.1001
vn -0.9944 -0.0277 -0.1019
vn -0.9945 -0.0336 -0.0992
vn -0.9946 -0.0341 -0.0982
vn -0.9946 -0.0347 -0.0976
vn -0.9945 -0.0315 -0.1000
vn -0.9945 -0.0314 -0.0996
vn -0.9945 -0.0314 -0.1001
vn -0.9920 -0.0877 -0.0908
vn -0.9924 -0.0855 -0.0889
vn -0.9931 -0.0792 -0.0869
vn -0.9919 -0.0898 -0.0897
vn -0.9917 -0.0916 -0.0902
vn -0.9919 -0.0892 -0.0903
vn -0.9916 -0.0944 -0.0883
vn -0.9918 -0.0918 -0.0889
vn -0.9923 -0.0857 -0.0891
vn 0.9992 0.0238 0.0312
vn 0.9990 0.0207 0.0405
vn 0.9980 0.0426 0.0463
vn 0.9975 0.0533 0.0462
vn 0.9967 0.0544 0.0608
vn 0.9946 0.0563 0.0874
vn 0.9956 -0.0000 0.0941
vn 0.9869 0.1311 0.0943
vn 0.9997 0.0020 0.0230
vn 0.9996 0.0007 0.0279
vn 0.9997 0.0021 0.0247
vn 0.9997 0.0008 0.0233
vn 0.9986 -0.0169 0.0501
vn 0.9995 -0.0089 0.0317
vn 0.9868 -0.1310 0.0947
vn 0.9987 -0.0000 0.0501
vn 0.9955 -0.0803 0.0499
vn 0.9701 -0.1978 0.1405
vn -0.9955 -0.0068 -0.0943
vn -0.9953 -0.0074 -0.0962
vn -0.9381 -0.0377 -0.3443
vn -0.9949 -0.0011 -0.1010
vn -0.9958 0.0183 -0.0897
vn -0.9737 0.0890 -0.2095
vn -0.9938 0.0240 -0.1086
vn -0.9958 0.0168 -0.0897
vn -0.9956 0.0138 -0.0928
vn -0.9956 0.0169 -0.0923
vn -0.9983 -0.0011 -0.0578
vn -0.9956 0.0227 -0.0912
vn -0.9962 -0.0024 -0.0876
vn -0.9954 0.0398 -0.0871
vn -0.9869 0.1340 -0.0897
vn -0.9908 0.1155 -0.0701
vn -0.9900 0.1202 -0.0740
vn -0.9903 0.1125 -0.0816
vn -0.9966 -0.0479 -0.0674
vn -0.9953 -0.0536 -0.0806
vn -0.9841 0.1598 0.0775
vn -0.9898 -0.1079 -0.0936
vn -0.9941 -0.0853 -0.0672
vn -0.9868 -0.1323 -0.0933
vn -0.9951 -0.0154 -0.0978
vn -0.9974 0.0030 -0.0713
vn -0.9964 0.0103 -0.0845
vn -0.9975 -0.0073 -0.0705
vn -0.9888 0.1249 -0.0819
vn -0.9786 0.1735 -0.1109
vn -0.9812 0.1690 -0.0927
vn -0.9792 0.1748 -0.1034
vn -0.6188 0.6782 -0.3964
vn -0.9869 0.1319 -0.0932
vn -0.9882 0.1112 -0.1051
vn -0.9882 0.1010 -0.1154
vn -0.9857 0.1242 -0.1141
vn -0.9839 0.1369 -0.1149
vn -0.9796 0.1620 -0.1185
vn -0.9698 0.2009 -0.1383
vn -0.9749 0.1761 -0.1365
vn -0.9931 -0.0695 -0.0946
vn -0.9921 -0.0850 -0.0924
vn -0.9927 -0.0701 -0.0978
vn -0.9935 -0.0542 -0.1006
vn -0.9936 -0.0607 -0.0950
vn -0.9935 -0.0664 -0.0922
vn -0.9943 -0.0359 -0.1007
vn -0.9945 -0.0321 -0.0997
vn -0.9921 -0.0910 -0.0869
vn -0.9924 -0.0865 -0.0875
vn -0.9932 -0.0734 -0.0905
vn -0.9947 -0.0219 -0.1001
vn -0.9948 -0.0178 -0.1001
vn -0.7026 0.0014 -0.7116
vn -0.7984 0.5195 0.3045
vn -0.9216 0.3728 -0.1077
vn -0.9141 -0.4022 -0.0518
vn -0.9947 -0.0234 -0.1001
vn -0.9947 -0.0217 -0.1006
vn -0.9937 -0.0233 -0.1093
vn -0.9948 -0.0191 -0.1004
vn -0.9945 -0.0171 -0.1030
vn -0.9947 -0.0206 -0.1011
vn -0.9883 0.0172 -0.1513
vn -0.9946 -0.0223 -0.1010
vn -0.9946 -0.0206 -0.1019
vn -0.9947 -0.0192 -0.1010
vn -0.9946 -0.0206 -0.1013
vn -0.9945 -0.0166 -0.1036
vn -0.9946 -0.0219 -0.1012
vn -0.9946 -0.0213 -0.1011
vn -0.9947 -0.0197 -0.1010
vn -0.9250 -0.0629 -0.3746
vn -0.9948 -0.0182 -0.1005
vn -0.9948 -0.0211 -0.0999
vn -0.9947 -0.0224 -0.1002
vn -0.9948 -0.0179 -0.1000
vn -0.9949 -0.0178 -0.0995
vn -0.9949 -0.0178 -0.0989
vn -0.9946 -0.0164 -0.1028
vn -0.9948 -0.0181 -0.0998
vn -0.9949 -0.0188 -0.0996
vn -0.9947 -0.0194 -0.1006
vn -0.9951 -0.0122 -0.0980
vn -0.9948 -0.0185 -0.1002
vn -0.9946 -0.0293 -0.0998
vn -0.9947 -0.0257 -0.0995
vn -0.9946 -0.0270 -0.0997
vn -0.9947 -0.0251 -0.0995
vn -0.9946 -0.0259 -0.1000
vn -0.9946 -0.0269 -0.1004
vn -0.9942 -0.0274 -0.1037
vn -0.8655 0.2493 -0.4344
vn -0.8677 0.2223 -0.4447
vn -0.8730 0.2144 -0.4381
vn -0.9140 -0.3950 -0.0928
vn -0.8242 0.3258 0.4631
vn -0.8113 0.3314 0.4816
vn -0.8693 0.2230 -0.4412
vn -0.7948 -0.5946 -0.1213
vn -0.8748 0.1939 -0.4440
vn -0.9948 -0.0177 -0.1006
vn -0.8191 0.3043 0.4862
vn -0.9951 0.0148 -0.0977
vn -0.9957 -0.0054 -0.0928
vn -0.9951 -0.0042 -0.0988
vn -0.9955 -0.0010 -0.0949
vn -0.9957 0.0019 -0.0928
vn -0.9948 0.0108 -0.1010
vn -0.8989 -0.2527 0.3579
vn -0.9961 0.0113 -0.0879
vn -0.9954 0.0338 -0.0891
vn -0.9954 0.0354 -0.0893
vn -0.9954 0.0398 -0.0872
vn -0.9956 0.0097 -0.0928
vn -0.9958 0.0008 -0.0921
vn -0.9956 -0.0035 -0.0935
vn -0.9959 0.0056 -0.0902
vn -0.9957 0.0046 -0.0928
vn -0.9953 0.0157 -0.0960
vn -0.9959 0.0079 -0.0896
vn -0.9956 -0.0046 -0.0934
vn -0.9960 0.0054 -0.0897
vn -0.9948 0.0087 -0.1018
vn -0.9949 0.0123 -0.1005
vn -0.9947 -0.0197 -0.1007
vn -0.9961 0.0188 -0.0868
vn -0.9960 0.0192 -0.0872
vn -0.9952 0.0251 -0.0949
vn -0.9915 0.0969 -0.0868
vn -0.9905 0.1109 -0.0816
vn -0.9931 0.0449 -0.1080
vn -0.9957 -0.0055 -0.0930
vn -0.9957 -0.0058 -0.0928
vn -0.9957 -0.0045 -0.0926
vn -0.9955 0.0031 -0.0951
vn -0.9957 0.0055 -0.0928
vn -0.9956 0.0016 -0.0939
vn -0.9953 0.0033 -0.0969
vn -0.9956 -0.0047 -0.0933
vn -0.9944 0.0157 -0.1048
vn -0.9904 0.1078 -0.0867
vn -0.9952 0.0233 -0.0948
vn -0.9938 0.0219 -0.1089
vn -0.9956 0.0298 -0.0892
vn -0.9958 0.0229 -0.0888
vn 0.1714 0.8173 -0.5501
vn -0.4893 -0.4418 0.7519
vn -0.9885 0.1509 0.0056
vn -0.9993 -0.0381 0.0031
vn -0.9885 -0.0845 -0.1256
vn -0.9394 0.3417 -0.0257
vn -0.9107 0.2538 -0.3259
vn -0.9804 -0.0205 -0.1960
vn -0.9857 0.1436 -0.0881
vn -0.9999 -0.0098 0.0112
vn -0.9963 -0.0805 0.0298
vn -0.8081 0.4999 -0.3115
vn -0.9165 0.0187 -0.3996
vn -0.9895 -0.0938 -0.1097
vn -0.9560 0.0029 -0.2934
vn -0.9981 -0.0527 0.0327
vn -0.9980 -0.0540 -0.0316
vn 0.9701 -0.0459 0.2384
vn -0.9856 -0.1551 -0.0679
vn -0.9901 -0.1211 -0.0704
vn -0.9932 -0.0809 -0.0839
vn -0.9935 -0.0740 -0.0860
vn -0.9944 -0.0692 -0.0803
vn -1.0000 0.0069 0.0009
vn -0.9928 -0.0787 -0.0904
vn -0.9932 -0.0706 -0.0924
vn -0.9916 -0.0895 -0.0936
vn -0.9913 -0.0859 -0.0997
vn -0.9925 -0.0800 -0.0921
vn -0.9921 -0.0899 -0.0879
vn -0.9924 -0.0815 -0.0919
vn -0.9921 -0.0888 -0.0890
vn -0.9948 -0.0342 -0.0963
vn -0.9920 -0.0857 -0.0926
vn -0.9918 -0.0893 -0.0909
vn -0.9920 -0.0889 -0.0898
vn -0.9946 -0.0337 -0.0978
vn -0.9989 -0.0461 0.0083
vn -0.9944 -0.0334 -0.1001
vn -0.9945 -0.0328 -0.0997
vn -0.9944 -0.0334 -0.0999
vn -0.9945 -0.0322 -0.0997
vn -0.9945 -0.0352 -0.0985
vn -0.9944 -0.0321 -0.1003
vn -0.9944 -0.0319 -0.1003
vn -0.9944 -0.0321 -0.1007
vn -0.9940 -0.0322 -0.1041
vn -0.9945 -0.0316 -0.0999
vn -0.9945 -0.0317 -0.1003
vn -0.9908 -0.0735 -0.1134
vn -0.9938 -0.0840 -0.0726
vn -0.9916 -0.0915 -0.0919
vn -0.9883 -0.0633 -0.1386
vn -0.9915 -0.0913 -0.0923
vn -0.9983 0.0215 0.0533
vn -0.9930 -0.0616 -0.1006
vn -0.9836 -0.0444 -0.1747
vn -0.9919 -0.0839 -0.0957
vn -0.9923 -0.0820 -0.0926
vn -0.9922 -0.0830 -0.0926
vn -0.9929 -0.0917 -0.0755
vn -0.9922 -0.0837 -0.0923
vn -0.9923 -0.0913 -0.0839
vn -0.9921 -0.0898 -0.0879
vn -0.9920 -0.0862 -0.0921
vn -0.9933 -0.0621 -0.0974
vn -0.9931 -0.0736 -0.0916
vn -0.9672 -0.1842 -0.1751
vn -0.9895 -0.0956 -0.1083
vn -0.9898 -0.0383 -0.1374
vn -0.9932 -0.0580 -0.1010
vn -0.9914 -0.0757 -0.1072
vn -0.9932 -0.0590 -0.0999
vn -0.9947 -0.0259 -0.0999
vn -0.9947 -0.0250 -0.1000
vn -0.9946 -0.0285 -0.0997
vn -0.9947 -0.0253 -0.0997
vn -0.9947 -0.0254 -0.0998
vn -0.9943 -0.0224 -0.1039
vn -0.9947 -0.0253 -0.0998
vn -0.9946 -0.0264 -0.1001
vn -0.9947 -0.0254 -0.0999
vn -0.9945 -0.0275 -0.1013
vn -0.9946 -0.0299 -0.0998
vn -0.9960 -0.0221 -0.0864
vn -0.9943 -0.0346 -0.1007
vn -0.9936 -0.0294 -0.1093
vn -0.9944 -0.0326 -0.1005
vn -0.9945 -0.0324 -0.0998
vn -0.9945 -0.0320 -0.0997
vn -0.9945 -0.0316 -0.1000
vn -0.9944 -0.0310 -0.1010
vn -0.9940 -0.0257 -0.1065
vn -0.9944 -0.0325 -0.1001
vn -0.9943 -0.0326 -0.1020
vn -0.9945 -0.0324 -0.0999
vn -0.9944 -0.0315 -0.1009
vn -0.9944 -0.0363 -0.0996
vn -0.9944 -0.0353 -0.0992
vn -0.9943 -0.0365 -0.1006
vn -0.9943 -0.0348 -0.1003
vn -0.9945 -0.0334 -0.0995
vn -0.9945 -0.0339 -0.0992
vn -0.9935 -0.0421 -0.1057
vn -0.9943 -0.0352 -0.1001
vn -0.8261 0.2103 -0.5229
vn -0.9427 0.1704 0.2867
vn 0.9986 -0.0484 0.0227
vn 0.9997 0.0012 0.0229
vn 0.9978 -0.0576 0.0316
vn 0.9984 0.0334 0.0463
vn 0.9114 -0.4111 0.0207
vn 0.9997 0.0009 0.0235
vn 0.9997 0.0003 0.0261
vn 0.9997 0.0018 0.0240
vn 1.0000 -0.0000 0.0080
vn 0.9875 -0.0172 -0.1569
vn 0.9997 0.0040 0.0261
vn 0.9997 0.0081 0.0247
vn 0.9997 0.0071 0.0250
vn 0.9997 0.0003 0.0258
vn 0.9990 0.0235 0.0375
vn 0.2468 0.0051 0.9691
vn 0.9986 -0.0325 -0.0429
vn 0.9888 -0.1073 -0.1040
vn 0.9998 -0.0123 -0.0179
vn -0.0072 0.0954 0.9954
vn -0.0138 -0.8724 0.4887
vn 0.8274 0.1630 -0.5374
vn 0.0976 -0.4691 0.8777
vn 0.7023 -0.5502 -0.4516
vn 0.9565 -0.2572 -0.1375
vn 0.8274 -0.5374 -0.1630
vn 0.0976 -0.9524 -0.2889
vn -0.9746 -0.0641 0.2144
vn -0.9961 0.0884 0.0032
vn -0.8867 0.4623 -0.0014
vn -0.9948 -0.1021 0.0003
vn -0.7860 -0.6182 -0.0000
vn -0.9627 0.1317 0.2365
vn -0.9631 -0.0812 -0.2568
vn -0.1442 0.4816 -0.8644
vn -0.1398 -0.9858 -0.0931
vn -0.9626 -0.1318 0.2365
vn -0.1442 0.4816 0.8644
vn -0.1864 0.8128 0.5519
vn -0.9991 -0.0174 0.0376
vn -0.9972 0.0750 0.0013
vn -0.9999 -0.0085 0.0078
vn -0.9969 0.0722 0.0304
vn -0.9997 -0.0115 0.0232
vn -0.9888 0.1493 -0.0000
vn -0.9969 0.0717 0.0330
vn -0.9999 -0.0085 -0.0078
vn -0.9961 0.0632 0.0610
vn -0.9961 0.0623 0.0632
vn -0.9948 0.0485 0.0892
vn -0.1756 0.6897 0.7025
vn -0.9947 0.0471 0.0912
vn -0.9931 0.0285 0.1139
vn -0.9828 0.0900 0.1610
vn -0.9929 0.0268 0.1156
vn -0.9909 0.0042 0.1343
vn -0.9798 0.0553 0.1922
vn -0.1392 0.2772 0.9507
vn -0.9885 -0.0236 0.1496
vn -0.1139 -0.0100 0.9934
vn -0.9858 -0.0539 0.1590
vn -0.9761 -0.1677 0.1379
vn -0.9830 -0.0854 0.1623
vn -0.0654 -0.5598 0.8260
vn -0.9776 -0.1474 0.1505
vn -0.0333 -0.9243 0.3802
vn -0.9729 -0.2001 0.1157
vn -0.9711 -0.2204 0.0912
vn -0.9698 -0.2356 0.0633
vn -0.0413 -0.8329 -0.5519
vn -0.0521 -0.7098 -0.7025
vn -0.9698 -0.2356 -0.0633
vn -0.0654 -0.5598 -0.8260
vn -0.9711 -0.2204 -0.0912
vn -0.9729 -0.2002 -0.1157
vn -0.9751 -0.1755 -0.1357
vn -0.9879 -0.0341 -0.1512
vn -0.9825 -0.0957 -0.1599
vn -0.9803 -0.1169 -0.1595
vn -0.1392 0.2772 -0.9507
vn -0.9830 -0.0854 -0.1623
vn -0.9858 -0.0539 -0.1590
vn -0.9991 -0.0175 -0.0376
vn -0.9885 -0.0236 -0.1495
vn -0.9997 -0.0115 -0.0232
vn -0.9798 0.0553 -0.1923
vn -0.1755 0.6897 -0.7025
vn -0.9909 0.0042 -0.1343
vn -0.9929 0.0268 -0.1156
vn -0.9828 0.0899 -0.1611
vn -0.9931 0.0285 -0.1139
vn -0.9947 0.0471 -0.0912
vn -0.9969 0.0722 -0.0304
vn 0.9776 -0.1474 0.1504
vn -0.9948 0.0485 -0.0892
vn -0.9961 0.0623 -0.0632
vn -0.9961 0.0632 -0.0610
vn -0.9969 0.0717 -0.0329
vn -0.9966 0.0639 0.0528
vn 0.3053 0.9092 -0.2829
vn 0.6323 0.5768 -0.5172
vn 0.9030 0.0503 -0.4266
vn 0.1140 -0.2986 -0.9476
vn 0.0982 -0.4773 -0.8733
vn 0.1442 0.4816 0.8644
vn 0.9615 0.2158 0.1700
vn 0.1442 0.4816 -0.8644
vn 0.1864 0.8128 -0.5519
vn 0.9991 -0.0175 -0.0376
vn 0.9972 0.0750 -0.0012
vn 0.9999 -0.0085 -0.0078
vn 0.9969 0.0722 -0.0304
vn 0.9997 -0.0115 -0.0232
vn 0.9888 0.1493 -0.0000
vn 0.9969 0.0717 -0.0329
vn 0.9999 -0.0085 0.0078
vn 0.9961 0.0632 -0.0610
vn 0.9961 0.0622 -0.0633
vn 0.9948 0.0485 -0.0891
vn 0.1756 0.6897 -0.7025
vn 0.9947 0.0471 -0.0913
vn 0.9931 0.0286 -0.1139
vn 0.9828 0.0899 -0.1610
vn 0.9929 0.0268 -0.1157
vn 0.9909 0.0042 -0.1342
vn 0.9798 0.0553 -0.1922
vn 0.9885 -0.0236 -0.1495
vn 0.1309 0.1830 -0.9744
vn 0.1139 -0.0100 -0.9934
vn 0.9858 -0.0538 -0.1590
vn 0.9761 -0.1678 -0.1380
vn 0.9830 -0.0854 -0.1623
vn 0.0654 -0.5598 -0.8260
vn 0.9776 -0.1474 -0.1505
vn 0.0333 -0.9243 -0.3802
vn 0.9729 -0.2001 -0.1157
vn 0.9711 -0.2204 -0.0913
vn 0.9698 -0.2356 -0.0633
vn 0.9698 -0.2356 0.0633
vn 0.0654 -0.5598 0.8260
vn 0.9711 -0.2204 0.0913
vn 0.9729 -0.2001 0.1157
vn 0.9751 -0.1755 0.1357
vn 0.9879 -0.0341 0.1512
vn 0.9825 -0.0957 0.1599
vn 0.1224 0.0870 0.9887
vn 0.9802 -0.1170 0.1595
vn 0.1473 0.3687 0.9178
vn 0.9830 -0.0854 0.1623
vn 0.9858 -0.0539 0.1590
vn 0.9991 -0.0175 0.0376
vn 0.9885 -0.0236 0.1495
vn 0.9997 -0.0115 0.0232
vn 0.9798 0.0553 0.1922
vn 0.1755 0.6897 0.7025
vn 0.9909 0.0043 0.1343
vn 0.9929 0.0268 0.1157
vn 0.9828 0.0899 0.1610
vn 0.9931 0.0285 0.1139
vn 0.9947 0.0471 0.0913
vn 0.9969 0.0722 0.0304
vn 0.1945 0.9042 0.3802
vn 0.9948 0.0485 0.0891
vn 0.9961 0.0623 0.0633
vn 0.9961 0.0632 0.0610
vn 0.9969 0.0717 0.0329
vn 0.9966 0.0639 -0.0528
vn -0.9776 -0.1474 -0.1505
vn 0.1944 0.6134 -0.7654
vn 0.1478 0.0844 -0.9854
vn 0.9998 0.0021 0.0222
vt 0.678020 0.679675
vt 0.678510 0.671600
vt 0.674416 0.670712
vt 0.861416 0.616920
vt 0.893039 0.567583
vt 0.861118 0.567874
vt 0.698203 0.686527
vt 0.702521 0.686500
vt 0.127527 0.420839
vt 0.223572 0.235544
vt 0.085056 0.395460
vt 0.861593 0.656625
vt 0.893337 0.616629
vt 0.240923 0.301525
vt 0.260380 0.267457
vt 0.720876 0.739235
vt 0.736629 0.750194
vt 0.735211 0.747261
vt 0.197682 0.452031
vt 0.215811 0.424184
vt 0.193200 0.418279
vt 0.726482 0.720753
vt 0.723427 0.717206
vt 0.714401 0.714359
vt 0.861657 0.658464
vt 0.893514 0.656334
vt 0.861593 0.656352
vt 0.763072 0.782151
vt 0.762158 0.778477
vt 0.758719 0.777760
vt 0.861589 0.651655
vt 0.893578 0.635503
vt 0.861657 0.635631
vt 0.237018 0.460839
vt 0.254551 0.430963
vt 0.233747 0.428306
vt 0.861342 0.642604
vt 0.893510 0.626176
vt 0.861589 0.626305
vt 0.281926 0.463636
vt 0.307964 0.430211
vt 0.274817 0.431811
vt 0.319393 0.462512
vt 0.332853 0.427757
vt 0.311136 0.429898
vt 0.767679 0.804310
vt 0.768033 0.801985
vt 0.764832 0.795172
vt 0.861054 0.652338
vt 0.893263 0.639560
vt 0.861342 0.639688
vt 0.878872 0.655817
vt 0.847221 0.666513
vt 0.879151 0.666479
vt 0.860304 0.675572
vt 0.892975 0.653188
vt 0.861054 0.653316
vt 0.392004 0.452106
vt 0.383553 0.415668
vt 0.358035 0.422447
vt 0.846703 0.649187
vt 0.878872 0.658184
vt 0.878633 0.649153
vt 0.426233 0.443637
vt 0.426850 0.411788
vt 0.150639 0.172311
vt 0.152708 0.212872
vt 0.171886 0.190732
vt 0.113473 0.357991
vt 0.109356 0.360230
vt 0.892520 0.498904
vt 0.892279 0.470725
vt 0.860599 0.499195
vt 0.938834 0.638559
vt 0.906654 0.705237
vt 0.938549 0.705746
vt 0.892225 0.463599
vt 0.860358 0.471015
vt 0.145276 0.167660
vt 0.131420 0.194498
vt 0.098759 0.127330
vt 0.103729 0.170596
vt 0.122997 0.148345
vt 0.126046 0.189860
vt 0.938907 0.575263
vt 0.906939 0.638049
vt 0.076197 0.107768
vt 0.043816 0.125705
vt 0.041894 0.147461
vt 0.938824 0.522637
vt 0.907012 0.574754
vt 0.032992 0.203320
vt 0.079453 0.149638
vt 0.938720 0.502924
vt 0.906929 0.522127
vt 0.906735 0.483814
vt 0.938549 0.464317
vt 0.906654 0.463808
vt 0.938630 0.484324
vt 0.906825 0.502415
vt 0.066527 0.099385
vt 0.045796 0.105274
vt 0.799766 0.531498
vt 0.779970 0.494930
vt 0.751707 0.498227
vt 0.657198 0.515498
vt 0.680972 0.501791
vt 0.715794 0.480772
vt 0.713672 0.465898
vt 0.714808 0.473844
vt 0.601140 0.510753
vt 0.644833 0.471483
vt 0.597794 0.476409
vt 0.795148 0.807154
vt 0.830072 0.784962
vt 0.831300 0.781041
vt 0.589014 0.556007
vt 0.641060 0.509074
vt 0.684599 0.466626
vt 0.476306 0.884637
vt 0.463222 0.868705
vt 0.463215 0.884634
vt 0.599962 0.906282
vt 0.587346 0.909013
vt 0.600321 0.910718
vt 0.463501 0.897793
vt 0.085302 0.909208
vt 0.073381 0.927154
vt 0.086458 0.927048
vt 0.848031 0.567993
vt 0.462841 0.923367
vt 0.475908 0.920270
vt 0.462818 0.920282
vt 0.145084 0.916136
vt 0.154745 0.951707
vt 0.141655 0.951684
vt 0.463218 0.948610
vt 0.475932 0.923355
vt 0.587346 0.930810
vt 0.600321 0.932515
vt 0.892241 0.666465
vt 0.450797 0.877461
vt 0.455988 0.905875
vt 0.455929 0.874877
vt 0.891723 0.649139
vt 0.476569 0.916218
vt 0.463744 0.871385
vt 0.463479 0.916336
vt 0.476215 0.928519
vt 0.463125 0.928637
vt 0.847967 0.653369
vt 0.204473 0.898788
vt 0.200570 0.890609
vt 0.200601 0.900970
vt 0.573133 0.136602
vt 0.576881 0.134011
vt 0.576451 0.132756
vt 0.888855 0.411823
vt 0.923676 0.298103
vt 0.890701 0.370089
vt 0.920149 0.406543
vt 0.923676 0.371457
vt 0.777403 0.025085
vt 0.779286 0.064469
vt 0.794801 0.081184
vt 0.757406 0.005229
vt 0.713575 0.065500
vt 0.734534 0.068626
vt 0.708079 0.051517
vt 0.711017 0.058986
vt 0.752546 0.000000
vt 0.679958 0.058933
vt 0.707227 0.049356
vt 0.572238 0.130745
vt 0.572348 0.132343
vt 0.574886 0.128185
vt 0.626531 0.051414
vt 0.572509 0.068159
vt 0.557491 0.091047
vt 0.571117 0.130012
vt 0.570292 0.136464
vt 0.577099 0.128554
vt 0.571163 0.137217
vt 0.573952 0.134741
vt 0.881613 0.226473
vt 0.899640 0.214795
vt 0.879995 0.197719
vt 0.861225 0.219486
vt 0.859048 0.208985
vt 0.896040 0.179113
vt 0.861954 0.166439
vt 0.869317 0.177360
vt 0.919474 0.260855
vt 0.904769 0.230586
vt 0.893223 0.253501
vt 0.852600 0.380388
vt 0.861146 0.363700
vt 0.849515 0.377711
vt 0.896557 0.287413
vt 0.896902 0.307757
vt 0.855219 0.114098
vt 0.806985 0.095482
vt 0.810578 0.099699
vt 0.878483 0.147272
vt 0.838272 0.133749
vt 0.854391 0.155225
vt 0.847271 0.471135
vt 0.463218 0.902767
vt 0.476313 0.868708
vt 0.463264 0.859580
vt 0.476105 0.886361
vt 0.463014 0.886373
vt 0.450303 0.931554
vt 0.458120 0.907527
vt 0.450303 0.906249
vt 0.847217 0.464009
vt 0.860304 0.463890
vt 0.463442 0.932461
vt 0.476500 0.925778
vt 0.463410 0.925774
vt 0.459495 0.930488
vt 0.450444 0.919232
vt 0.450340 0.931045
vt 0.463465 0.901675
vt 0.459599 0.918675
vt 0.450340 0.915665
vt 0.893863 0.637840
vt 0.476556 0.901678
vt 0.463349 0.960782
vt 0.476431 0.951309
vt 0.463341 0.951306
vt 0.476833 0.871267
vt 0.450856 0.908459
vt 0.455929 0.914428
vt 0.893936 0.574545
vt 0.456679 0.942365
vt 0.451492 0.911279
vt 0.450265 0.942342
vt 0.476768 0.954496
vt 0.463744 0.982084
vt 0.476833 0.981966
vt 0.463678 0.954614
vt 0.204442 0.904053
vt 0.200601 0.897335
vt 0.200570 0.906234
vt 0.833767 0.896607
vt 0.847024 0.867307
vt 0.833936 0.867031
vt 0.893853 0.521919
vt 0.848506 0.656744
vt 0.846854 0.857635
vt 0.833767 0.857359
vt 0.848571 0.658472
vt 0.633872 0.907755
vt 0.620881 0.929814
vt 0.633872 0.931320
vt 0.848503 0.651707
vt 0.463269 0.985918
vt 0.476306 0.970016
vt 0.463215 0.970012
vt 0.848503 0.626357
vt 0.893578 0.463599
vt 0.476089 0.881676
vt 0.462999 0.881688
vt 0.476040 0.869508
vt 0.462949 0.869520
vt 0.893659 0.483606
vt 0.848255 0.639741
vt 0.806699 0.869520
vt 0.819659 0.857359
vt 0.806569 0.857371
vt 0.578839 0.106761
vt 0.575943 0.110019
vt 0.579628 0.118181
vt 0.134868 0.673850
vt 0.131850 0.674500
vt 0.132205 0.682652
vt 0.137640 0.661461
vt 0.131850 0.647558
vt 0.570698 0.098372
vt 0.577516 0.087730
vt 0.541277 0.103192
vt 0.560928 0.127548
vt 0.561868 0.126457
vt 0.538101 0.107811
vt 0.542714 0.111796
vt 0.531463 0.102030
vt 0.540761 0.093776
vt 0.544921 0.100213
vt 0.564652 0.130774
vt 0.748576 0.628626
vt 0.796099 0.558173
vt 0.802288 0.536430
vt 0.730807 0.684633
vt 0.702338 0.685197
vt 0.607530 0.581705
vt 0.620249 0.576938
vt 0.596508 0.566414
vt 0.629275 0.590824
vt 0.625009 0.606011
vt 0.648123 0.589286
vt 0.653442 0.637371
vt 0.657559 0.604069
vt 0.692927 0.608802
vt 0.684146 0.615289
vt 0.698872 0.613937
vt 0.649587 0.640161
vt 0.654495 0.646981
vt 0.611526 0.583382
vt 0.619292 0.598046
vt 0.609692 0.584708
vt 0.658687 0.633711
vt 0.461210 0.607184
vt 0.457743 0.623604
vt 0.459136 0.623688
vt 0.684597 0.530399
vt 0.719731 0.566472
vt 0.720244 0.521537
vt 0.655145 0.564109
vt 0.460565 0.579656
vt 0.460200 0.604321
vt 0.461593 0.604405
vt 0.460200 0.656578
vt 0.461593 0.656663
vt 0.593177 0.561787
vt 0.661624 0.536855
vt 0.613086 0.550406
vt 0.459817 0.607099
vt 0.942190 0.899029
vt 0.943597 0.924903
vt 0.943597 0.899024
vt 0.611681 0.548408
vt 0.611663 0.547667
vt 0.448047 0.894611
vt 0.446747 0.884254
vt 0.446650 0.894726
vt 0.448143 0.940523
vt 0.446273 0.906967
vt 0.446747 0.940637
vt 0.805019 0.943096
vt 0.803615 0.930966
vt 0.803615 0.943043
vt 0.447670 0.906853
vt 0.247427 0.921914
vt 0.246041 0.924274
vt 0.247447 0.924263
vt 0.281573 0.663828
vt 0.280873 0.678853
vt 0.282263 0.678972
vt 0.247427 0.941613
vt 0.279780 0.731419
vt 0.281170 0.731538
vt 0.302108 0.903372
vt 0.284404 0.900384
vt 0.349371 0.936437
vt 0.283263 0.917618
vt 0.348325 0.938920
vt 0.328897 0.836544
vt 0.331701 0.848402
vt 0.335382 0.847394
vt 0.364874 0.866820
vt 0.356073 0.832990
vt 0.357786 0.849460
vt 0.333083 0.808856
vt 0.327760 0.814037
vt 0.333580 0.817270
vt 0.327245 0.803694
vt 0.332556 0.799931
vt 0.319698 0.801420
vt 0.327343 0.805667
vt 0.367889 0.849491
vt 0.364185 0.848781
vt 0.313925 0.895516
vt 0.346640 0.922790
vt 0.307092 0.794416
vt 0.284477 0.789998
vt 0.287672 0.791773
vt 0.316113 0.830333
vt 0.283463 0.790502
vt 0.133302 0.733883
vt 0.131887 0.732882
vt 0.131902 0.733927
vt 0.459140 0.565259
vt 0.458624 0.551563
vt 0.457743 0.565366
vt 0.133251 0.735234
vt 0.131850 0.735278
vt 0.940314 0.695130
vt 0.941718 0.631573
vt 0.940314 0.631583
vt 0.459441 0.572676
vt 0.460834 0.572761
vt 0.279774 0.734087
vt 0.281165 0.734206
vt 0.199053 0.880594
vt 0.197762 0.900677
vt 0.199168 0.900694
vt 0.940786 0.936169
vt 0.942191 0.899030
vt 0.940786 0.899024
vt 0.133288 0.732838
vt 0.131850 0.732197
vt 0.459140 0.477755
vt 0.457821 0.463742
vt 0.457743 0.477862
vt 0.461449 0.499964
vt 0.458836 0.487857
vt 0.460052 0.500071
vt 0.459848 0.565366
vt 0.461241 0.565450
vt 0.460233 0.487750
vt 0.460021 0.551457
vt 0.199053 0.923987
vt 0.281165 0.647655
vt 0.280182 0.663709
vt 0.940786 0.933350
vt 0.939116 0.903566
vt 0.940726 0.902327
vt 0.670254 0.930287
vt 0.671748 0.944901
vt 0.671748 0.929860
vt 0.685736 0.913663
vt 0.686838 0.907900
vt 0.685332 0.907625
vt 0.943259 0.689197
vt 0.944659 0.704122
vt 0.943177 0.687809
vt 0.945897 0.688514
vt 0.944659 0.703082
vt 0.944659 0.687809
vt 0.685218 0.929937
vt 0.687241 0.913938
vt 0.944797 0.683279
vt 0.943296 0.631976
vt 0.944797 0.631573
vt 0.315274 0.839975
vt 0.314422 0.838809
vt 0.946346 0.930659
vt 0.944742 0.884959
vt 0.946346 0.883714
vt 0.436914 0.938414
vt 0.437856 0.896183
vt 0.438424 0.938668
vt 0.137798 0.714240
vt 0.139437 0.708213
vt 0.137798 0.706990
vt 0.436347 0.895929
vt 0.438424 0.884394
vt 0.686724 0.906477
vt 0.685218 0.906202
vt 0.303767 0.832893
vt 0.300152 0.842337
vt 0.329749 0.837709
vt 0.328612 0.815203
vt 0.315615 0.811217
vt 0.131924 0.880576
vt 0.139796 0.869824
vt 0.141651 0.870495
vt 0.288523 0.792938
vt 0.283263 0.792118
vt 0.285140 0.789668
vt 0.940786 0.899024
vt 0.320550 0.802585
vt 0.328097 0.804860
vt 0.328195 0.806833
vt 0.333436 0.817221
vt 0.309839 0.854387
vt 0.019374 0.853060
vt 0.068606 0.864862
vt 0.076436 0.878236
vt 0.029729 0.819656
vt 0.017254 0.804564
vt 0.061273 0.801474
vt 0.076086 0.807887
vt 0.063750 0.814793
vt 0.356426 0.862130
vt 0.365036 0.849947
vt 0.356940 0.834120
vt 0.251411 0.939516
vt 0.248881 0.922878
vt 0.248957 0.921914
vt 0.365725 0.867986
vt 0.368979 0.869099
vt 0.076153 0.804470
vt 0.059394 0.796867
vt 0.000000 0.866670
vt 0.006212 0.798302
vt 0.016518 0.871854
vt 0.790580 0.804975
vt 0.838279 0.758792
vt 0.766485 0.798651
vt 0.756807 0.762091
vt 0.756344 0.759924
vt 0.748129 0.766445
vt 0.723037 0.703792
vt 0.716876 0.713387
vt 0.700963 0.711560
vt 0.702054 0.709825
vt 0.700956 0.709144
vt 0.795346 0.690041
vt 0.790004 0.692366
vt 0.785804 0.710954
vt 0.726423 0.637276
vt 0.713491 0.640377
vt 0.717019 0.641632
vt 0.801549 0.567193
vt 0.790833 0.568781
vt 0.783505 0.580927
vt 0.786497 0.691755
vt 0.805338 0.679143
vt 0.767207 0.721341
vt 0.780939 0.717600
vt 0.780284 0.708863
vt 0.781585 0.618076
vt 0.804610 0.595979
vt 0.729189 0.652632
vt 0.772250 0.659983
vt 0.760774 0.664447
vt 0.754422 0.667004
vt 0.800217 0.603146
vt 0.744684 0.649760
vt 0.813420 0.616841
vt 0.732832 0.640017
vt 0.736158 0.641245
vt 0.744045 0.634089
vt 0.781932 0.690959
vt 0.809475 0.669354
vt 0.794789 0.671463
vt 0.752979 0.688211
vt 0.756059 0.695951
vt 0.800224 0.650269
vt 0.793129 0.652864
vt 0.803713 0.669083
vt 0.784551 0.655536
vt 0.807889 0.645448
vt 0.812445 0.638255
vt 0.747526 0.736600
vt 0.740360 0.744606
vt 0.746445 0.749216
vt 0.767294 0.749359
vt 0.788049 0.734348
vt 0.786766 0.734225
vt 0.768288 0.759026
vt 0.791080 0.736678
vt 0.903039 0.225259
vt 0.900843 0.227747
vt 0.899204 0.229704
vt 0.894740 0.223332
vt 0.863847 0.976391
vt 0.847242 0.971622
vt 0.847232 0.976668
vt 0.018928 0.268522
vt 0.054043 0.272984
vt 0.066219 0.213911
vt 0.982637 0.351823
vt 0.966245 0.357247
vt 0.982855 0.357324
vt 0.000000 0.335374
vt 0.051115 0.287206
vt 0.545849 0.857515
vt 0.529422 0.862133
vt 0.546023 0.862289
vt 0.005866 0.339443
vt 0.046946 0.329354
vt 0.044528 0.325442
vt 0.863857 0.971346
vt 0.847229 0.849338
vt 0.460653 0.789379
vt 0.457743 0.772888
vt 0.457743 0.789505
vt 0.529356 0.980738
vt 0.545957 0.980895
vt 0.863843 0.849062
vt 0.847217 0.843903
vt 0.390544 0.380310
vt 0.351439 0.383349
vt 0.366836 0.396555
vt 0.245989 0.940429
vt 0.239404 0.923850
vt 0.239404 0.940452
vt 0.324288 0.360064
vt 0.315870 0.315567
vt 0.297345 0.336957
vt 0.529322 0.985195
vt 0.545923 0.985351
vt 0.342686 0.338817
vt 0.966245 0.177861
vt 0.982684 0.183176
vt 0.982855 0.177938
vt 0.290084 0.293211
vt 0.271439 0.314738
vt 0.229680 0.923886
vt 0.229680 0.940488
vt 0.383286 0.658665
vt 0.440524 0.688006
vt 0.440505 0.658524
vt 0.330551 0.687888
vt 0.440529 0.695105
vt 0.317876 0.694973
vt 0.284641 0.714993
vt 0.283610 0.723058
vt 0.440567 0.626647
vt 0.295512 0.781388
vt 0.430357 0.789668
vt 0.440567 0.749448
vt 0.283197 0.491981
vt 0.279503 0.468039
vt 0.141925 0.465894
vt 0.283205 0.629695
vt 0.283253 0.602117
vt 0.237452 0.616942
vt 0.283234 0.566348
vt 0.166305 0.530347
vt 0.184014 0.559619
vt 0.189000 0.565944
vt 0.219378 0.599656
vt 0.283216 0.530854
vt 0.150719 0.496147
vt 0.163922 0.525810
vt 0.253949 0.629577
vt 0.276678 0.645174
vt 0.283106 0.641898
vt 0.999801 0.151959
vt 0.983390 0.158876
vt 1.000000 0.158841
vt 0.982677 0.339631
vt 0.966027 0.351746
vt 0.863831 0.978154
vt 0.847217 0.978430
vt 0.999704 0.144169
vt 0.983191 0.151995
vt 0.457690 0.467113
vt 0.441126 0.463636
vt 0.441073 0.467002
vt 0.999592 0.122922
vt 0.983095 0.144205
vt 0.457657 0.472299
vt 0.441040 0.472189
vt 0.982899 0.096754
vt 0.999509 0.096718
vt 0.440902 0.495041
vt 0.789899 0.868040
vt 0.806517 0.865076
vt 0.789900 0.865047
vt 0.982595 0.202007
vt 0.965998 0.206671
vt 0.982608 0.206748
vt 0.789853 0.890636
vt 0.806516 0.868069
vt 0.440926 0.630772
vt 0.457245 0.612940
vt 0.440628 0.612830
vt 0.806444 0.901706
vt 0.789827 0.901677
vt 0.440984 0.646456
vt 0.457543 0.630883
vt 0.789822 0.910663
vt 0.982457 0.332347
vt 0.966067 0.339554
vt 0.789846 0.919769
vt 0.806439 0.910692
vt 0.965924 0.311997
vt 0.982534 0.312074
vt 0.789875 0.924589
vt 0.806463 0.919798
vt 0.440726 0.544429
vt 0.457344 0.531782
vt 0.440727 0.531672
vt 0.789951 0.930937
vt 0.806492 0.924618
vt 0.457229 0.564010
vt 0.440612 0.563899
vt 0.982948 0.032094
vt 0.999388 0.061524
vt 0.999558 0.032058
vt 0.440593 0.571095
vt 0.967734 0.825758
vt 0.971443 0.768335
vt 0.967347 0.768286
vt 0.982532 0.240856
vt 0.965882 0.276251
vt 0.982491 0.276328
vt 0.982803 0.068653
vt 0.999413 0.068617
vt 0.440724 0.582025
vt 0.457209 0.571206
vt 0.984244 0.839436
vt 0.967628 0.839597
vt 0.440632 0.610210
vt 0.457341 0.582135
vt 0.457248 0.610320
vt 0.984007 0.871226
vt 0.967391 0.871386
vt 0.983962 0.876013
vt 0.967347 0.876173
vt 0.440879 0.504119
vt 0.457519 0.495151
vt 0.806525 0.861404
vt 0.789951 0.857359
vt 0.789908 0.861375
vt 0.440751 0.526749
vt 0.457495 0.504230
vt 0.457368 0.526859
vt 0.995908 0.000006
vt 1.000000 0.000000
vt 0.965922 0.240779
vt 0.982637 0.188455
vt 0.965985 0.201930
vt 0.971840 0.705795
vt 0.967743 0.705746
vt 0.441126 0.650198
vt 0.457601 0.646566
vt 0.966075 0.183098
vt 0.529249 0.989217
vt 0.545849 0.989373
vt 0.670207 0.677576
vt 0.669108 0.681940
vt 0.875204 0.487411
vt 0.843263 0.493654
vt 0.875194 0.493661
vt 0.678101 0.700996
vt 0.678765 0.700294
vt 0.200166 0.879573
vt 0.146952 0.812309
vt 0.151550 0.838540
vt 0.393394 0.114128
vt 0.250644 0.687781
vt 0.204825 0.720949
vt 0.249978 0.721874
vt 0.846611 0.476212
vt 0.878544 0.512760
vt 0.878541 0.476264
vt 0.204117 0.647536
vt 0.204396 0.684590
vt 0.372656 0.148435
vt 0.376623 0.145317
vt 0.723924 0.755384
vt 0.726254 0.757661
vt 0.400169 0.179515
vt 0.409219 0.201063
vt 0.434219 0.179156
vt 0.698741 0.730958
vt 0.699798 0.736316
vt 0.844134 0.510599
vt 0.876082 0.567847
vt 0.876064 0.510696
vt 0.745361 0.787375
vt 0.745694 0.792209
vt 0.748140 0.792899
vt 0.846555 0.529002
vt 0.878526 0.530451
vt 0.878485 0.529005
vt 0.207390 0.756473
vt 0.249286 0.757332
vt 0.415842 0.218236
vt 0.421422 0.238455
vt 0.448516 0.216849
vt 0.211244 0.801402
vt 0.213824 0.819908
vt 0.248050 0.820609
vt 0.847221 0.500674
vt 0.878980 0.501658
vt 0.879151 0.500672
vt 0.209970 0.792270
vt 0.248588 0.793062
vt 0.425134 0.258401
vt 0.428250 0.291445
vt 0.457655 0.260910
vt 0.428391 0.294630
vt 0.429347 0.316438
vt 0.461856 0.298162
vt 0.759925 0.798704
vt 0.765363 0.803906
vt 0.846937 0.502544
vt 0.878866 0.502542
vt 0.846785 0.504402
vt 0.878672 0.505339
vt 0.878714 0.504400
vt 0.215197 0.867959
vt 0.247113 0.868613
vt 0.424561 0.368360
vt 0.461856 0.371522
vt 0.846703 0.506141
vt 0.878633 0.506139
vt 0.219495 0.905974
vt 0.251411 0.906629
vt 0.458329 0.406610
vt 0.191086 0.168599
vt 0.362250 0.075682
vt 0.329185 0.109140
vt 0.326681 0.113143
vt 0.843304 0.478503
vt 0.843273 0.487404
vt 0.198072 0.783144
vt 0.152764 0.776990
vt 0.151841 0.784104
vt 0.198682 0.811236
vt 0.151749 0.789800
vt 0.875235 0.478513
vt 0.843322 0.478546
vt 0.843304 0.478513
vt 0.983856 0.463599
vt 0.952201 0.521358
vt 0.984079 0.520221
vt 0.875252 0.478546
vt 0.843325 0.478555
vt 0.169880 0.150130
vt 0.142296 0.126104
vt 0.164527 0.145468
vt 0.197918 0.776053
vt 0.155382 0.747467
vt 0.154739 0.754719
vt 0.196582 0.714551
vt 0.161707 0.685431
vt 0.157964 0.715352
vt 0.197278 0.746598
vt 0.952174 0.573160
vt 0.984053 0.572023
vt 0.089400 0.073118
vt 0.983856 0.613951
vt 0.118113 0.105038
vt 0.110662 0.068129
vt 0.195934 0.684721
vt 0.163741 0.672598
vt 0.594760 0.904474
vt 0.562830 0.888429
vt 0.562830 0.904577
vt 0.594761 0.873268
vt 0.562833 0.857504
vt 0.562830 0.873371
vt 0.195656 0.671936
vt 0.168251 0.648198
vt 0.594760 0.888327
vt 0.069459 0.077976
vt 0.048232 0.083479
vt 0.482505 0.691989
vt 0.498781 0.748136
vt 0.500748 0.681723
vt 0.477366 0.652385
vt 0.478117 0.653634
vt 0.508369 0.626024
vt 0.463933 0.645652
vt 0.528927 0.607823
vt 0.528457 0.599408
vt 0.542224 0.553159
vt 0.491087 0.582144
vt 0.485543 0.593757
vt 0.729489 0.857359
vt 0.761634 0.831276
vt 0.725381 0.857278
vt 0.473853 0.618313
vt 0.527956 0.590482
vt 0.550887 0.557025
vt 0.996276 0.190950
vt 0.983157 0.213434
vt 0.996244 0.213501
vt 0.834066 0.898430
vt 0.846766 0.901817
vt 0.847065 0.896884
vt 0.995942 0.231933
vt 0.982855 0.231865
vt 0.073381 0.891326
vt 0.072224 0.909314
vt 0.875235 0.478510
vt 0.888294 0.487414
vt 0.888325 0.478513
vt 0.142297 0.747738
vt 0.141655 0.754990
vt 0.953924 0.421785
vt 0.940869 0.417855
vt 0.940849 0.421531
vt 0.154745 0.880599
vt 0.141655 0.880576
vt 0.953487 0.454058
vt 0.940411 0.453804
vt 0.206410 0.905706
vt 0.833767 0.903363
vt 0.847065 0.926109
vt 0.891762 0.505338
vt 0.891804 0.504399
vt 0.450797 0.943161
vt 0.455960 0.919933
vt 0.450856 0.917011
vt 0.202113 0.867691
vt 0.891957 0.502541
vt 0.205157 0.892734
vt 0.199046 0.899506
vt 0.205583 0.899877
vt 0.571100 0.140682
vt 0.569795 0.140435
vt 0.813790 0.428766
vt 0.781224 0.462467
vt 0.888056 0.443573
vt 0.917424 0.436605
vt 0.529474 0.352708
vt 0.518938 0.344906
vt 0.490216 0.356447
vt 0.527244 0.307802
vt 0.521176 0.287494
vt 0.467723 0.339472
vt 0.506553 0.284043
vt 0.461857 0.335404
vt 0.509897 0.255153
vt 0.480783 0.268554
vt 0.565046 0.139539
vt 0.568803 0.136433
vt 0.567204 0.136552
vt 0.524285 0.129360
vt 0.531577 0.115609
vt 0.503747 0.147499
vt 0.564018 0.138202
vt 0.563425 0.144331
vt 0.569107 0.140332
vt 0.675669 0.433475
vt 0.695356 0.450502
vt 0.704363 0.430988
vt 0.694559 0.411789
vt 0.683855 0.411128
vt 0.654001 0.425796
vt 0.625513 0.439154
vt 0.659523 0.452012
vt 0.732762 0.438644
vt 0.711714 0.453337
vt 0.743760 0.463599
vt 0.837294 0.391221
vt 0.786989 0.434578
vt 0.568791 0.378679
vt 0.546906 0.395468
vt 0.589373 0.420836
vt 0.629972 0.414164
vt 0.888343 0.478546
vt 0.953523 0.397228
vt 0.953944 0.418109
vt 0.996265 0.177928
vt 0.983189 0.190883
vt 0.940542 0.379632
vt 0.940448 0.396974
vt 0.888346 0.478555
vt 0.875255 0.478555
vt 0.995978 0.280249
vt 0.982920 0.270960
vt 0.982891 0.280181
vt 0.458457 0.928744
vt 0.450901 0.942185
vt 0.458753 0.942252
vt 0.995973 0.237371
vt 0.996007 0.271027
vt 0.458484 0.924656
vt 0.450605 0.928678
vt 0.951977 0.464736
vt 0.939131 0.521824
vt 0.982886 0.237304
vt 0.458129 0.907726
vt 0.450632 0.924590
vt 0.996098 0.319139
vt 0.983001 0.306171
vt 0.983011 0.319071
vt 0.047017 0.906268
vt 0.033940 0.907660
vt 0.047027 0.907726
vt 0.144484 0.720545
vt 0.996088 0.306238
vt 0.034128 0.900153
vt 0.033930 0.906202
vt 0.939105 0.573626
vt 0.456679 0.880599
vt 0.450265 0.880576
vt 0.047768 0.893289
vt 0.034980 0.891220
vt 0.034681 0.893223
vt 0.047215 0.900219
vt 0.204694 0.886615
vt 0.198620 0.892362
vt 0.154006 0.691600
vt 0.144880 0.715624
vt 0.383074 0.918088
vt 0.371171 0.892348
vt 0.370001 0.917494
vt 0.938907 0.615554
vt 0.951977 0.615088
vt 0.891632 0.476285
vt 0.384245 0.892942
vt 0.371779 0.884140
vt 0.889172 0.567887
vt 0.889155 0.510734
vt 0.646803 0.926829
vt 0.633872 0.908199
vt 0.633872 0.928780
vt 0.150049 0.676701
vt 0.157286 0.685522
vt 0.891576 0.529006
vt 0.996276 0.352733
vt 0.983162 0.331637
vt 0.983189 0.352666
vt 0.607850 0.888285
vt 0.892241 0.500671
vt 0.996249 0.331705
vt 0.607854 0.857359
vt 0.594763 0.857401
vt 0.953617 0.379885
vt 0.940526 0.374674
vt 0.155166 0.648469
vt 0.150656 0.672870
vt 0.213251 0.815798
vt 0.200739 0.819640
vt 0.953601 0.374928
vt 0.940430 0.363353
vt 0.607851 0.873226
vt 0.892070 0.501657
vt 0.953505 0.363607
vt 0.940411 0.352123
vt 0.542886 0.148245
vt 0.554308 0.147396
vt 0.545691 0.144925
vt 0.134710 0.707841
vt 0.137433 0.715585
vt 0.137787 0.707940
vt 0.131850 0.696975
vt 0.533400 0.141408
vt 0.523848 0.149654
vt 0.559982 0.128633
vt 0.533993 0.111597
vt 0.524609 0.112413
vt 0.525245 0.753124
vt 0.607172 0.730403
vt 0.675524 0.704497
vt 0.673214 0.700394
vt 0.672880 0.728385
vt 0.598947 0.592271
vt 0.601797 0.622630
vt 0.609269 0.605224
vt 0.645716 0.642932
vt 0.615032 0.665036
vt 0.612840 0.636256
vt 0.606582 0.677233
vt 0.640597 0.646731
vt 0.607851 0.586027
vt 0.247476 0.925178
vt 0.248853 0.944216
vt 0.248881 0.925130
vt 0.514615 0.669542
vt 0.557396 0.683316
vt 0.534352 0.638540
vt 0.575686 0.621301
vt 0.606066 0.671321
vt 0.136446 0.824597
vt 0.137038 0.852806
vt 0.137843 0.824558
vt 0.138265 0.891172
vt 0.139658 0.929226
vt 0.139658 0.891055
vt 0.547778 0.618798
vt 0.247447 0.921962
vt 0.248853 0.921914
vt 0.649014 0.906257
vt 0.647608 0.932795
vt 0.649014 0.932803
vt 0.573910 0.574841
vt 0.461066 0.711231
vt 0.459669 0.723094
vt 0.461069 0.723172
vt 0.461336 0.737132
vt 0.459534 0.771381
vt 0.460934 0.771459
vt 0.460934 0.697266
vt 0.459667 0.711152
vt 0.459936 0.737053
vt 0.139671 0.945968
vt 0.138280 0.943956
vt 0.138265 0.945982
vt 0.139994 0.666054
vt 0.140833 0.683234
vt 0.141389 0.665985
vt 0.139671 0.929343
vt 0.139686 0.943942
vt 0.139437 0.683303
vt 0.141655 0.736187
vt 0.020635 0.794384
vt 0.085628 0.758291
vt 0.023367 0.780733
vt 0.086768 0.775528
vt 0.034633 0.705317
vt 0.055600 0.696720
vt 0.041119 0.694462
vt 0.012220 0.707395
vt 0.005819 0.706719
vt 0.005130 0.724761
vt 0.036928 0.666774
vt 0.042255 0.671952
vt 0.042668 0.663582
vt 0.037450 0.657850
vt 0.042766 0.661609
vt 0.050316 0.659331
vt 0.012446 0.692794
vt 0.002113 0.707431
vt 0.067917 0.761288
vt 0.032051 0.764787
vt 0.082357 0.649664
vt 0.084889 0.647558
vt 0.062926 0.652320
vt 0.054404 0.669126
vt 0.086567 0.648392
vt 0.085553 0.647888
vt 0.134712 0.732761
vt 0.133302 0.733652
vt 0.134704 0.733666
vt 0.459141 0.756801
vt 0.458136 0.772659
vt 0.459534 0.772762
vt 0.133344 0.735185
vt 0.134746 0.735200
vt 0.938907 0.631593
vt 0.940314 0.700330
vt 0.940314 0.631573
vt 0.137511 0.816683
vt 0.136114 0.816722
vt 0.140259 0.736256
vt 0.141646 0.738873
vt 0.946203 0.680050
vt 0.944912 0.657596
vt 0.944797 0.680051
vt 0.761817 0.906217
vt 0.763223 0.942953
vt 0.763223 0.906193
vt 0.134746 0.732168
vt 0.133311 0.732746
vt 0.689780 0.925172
vt 0.688380 0.941973
vt 0.689780 0.942036
vt 0.943123 0.692223
vt 0.941772 0.705443
vt 0.943177 0.705511
vt 0.137038 0.808333
vt 0.135641 0.808372
vt 0.943177 0.681342
vt 0.941718 0.692155
vt 0.459534 0.697290
vt 0.457743 0.756698
vt 0.946203 0.631573
vt 0.946319 0.657595
vt 0.140259 0.647628
vt 0.141655 0.647558
vt 0.081355 0.830479
vt 0.082950 0.797891
vt 0.082934 0.831502
vt 0.942190 0.941950
vt 0.943714 0.925673
vt 0.942190 0.924908
vt 0.764748 0.915195
vt 0.763626 0.908537
vt 0.763223 0.915822
vt 0.797499 0.932124
vt 0.796097 0.943738
vt 0.796016 0.944924
vt 0.760148 0.930892
vt 0.761729 0.943597
vt 0.760148 0.944639
vt 0.765265 0.934809
vt 0.763740 0.935437
vt 0.139437 0.648303
vt 0.137903 0.706245
vt 0.137903 0.647558
vt 0.806568 0.932034
vt 0.805018 0.943971
vt 0.806568 0.945040
vt 0.941718 0.680249
vt 0.943296 0.632598
vt 0.943296 0.681274
vt 0.141226 0.938827
vt 0.140116 0.895308
vt 0.141655 0.894715
vt 0.279774 0.816363
vt 0.281378 0.823278
vt 0.281378 0.815356
vt 0.139688 0.881170
vt 0.141226 0.880576
vt 0.765151 0.907910
vt 0.763740 0.906820
vt 0.066259 0.690798
vt 0.069883 0.700237
vt 0.081348 0.693917
vt 0.053908 0.688243
vt 0.054756 0.697882
vt 0.041411 0.673114
vt 0.131928 0.856893
vt 0.133783 0.856224
vt 0.141655 0.866977
vt 0.081513 0.650826
vt 0.086768 0.650007
vt 0.082950 0.834592
vt 0.049472 0.660492
vt 0.041921 0.662771
vt 0.036433 0.675188
vt 0.040275 0.695624
vt 0.038315 0.706323
vt 0.060184 0.712299
vt 0.428766 0.845949
vt 0.379537 0.857749
vt 0.416474 0.838999
vt 0.418414 0.812479
vt 0.430887 0.797388
vt 0.386868 0.794301
vt 0.384394 0.807616
vt 0.372055 0.800726
vt 0.370001 0.811514
vt 0.004975 0.707881
vt 0.013581 0.720066
vt 0.013065 0.692052
vt 0.013932 0.690922
vt 0.687241 0.923796
vt 0.689780 0.907167
vt 0.689780 0.925110
vt 0.004286 0.725923
vt 0.001023 0.727043
vt 0.371990 0.797283
vt 0.388750 0.789668
vt 0.441931 0.791096
vt 0.444629 0.791168
vt 0.448143 0.859549
vt 0.371705 0.871161
vt 0.431624 0.864747
vt 0.762696 0.801378
vt 0.702070 0.856830
vt 0.761022 0.826250
vt 0.738002 0.773733
vt 0.731114 0.780584
vt 0.732217 0.782988
vt 0.697635 0.727235
vt 0.700937 0.715433
vt 0.680646 0.726843
vt 0.698674 0.710786
vt 0.699368 0.712701
vt 0.673407 0.791853
vt 0.654445 0.789937
vt 0.650541 0.794267
vt 0.629541 0.704596
vt 0.626942 0.697334
vt 0.622420 0.712134
vt 0.536981 0.751496
vt 0.522306 0.754641
vt 0.532067 0.761156
vt 0.637029 0.800286
vt 0.654982 0.786415
vt 0.673180 0.785953
vt 0.681255 0.789348
vt 0.689171 0.777509
vt 0.613795 0.727839
vt 0.558394 0.773197
vt 0.586671 0.758369
vt 0.642894 0.748140
vt 0.637265 0.753345
vt 0.631450 0.759992
vt 0.575376 0.788177
vt 0.624936 0.746910
vt 0.566587 0.771304
vt 0.623089 0.722629
vt 0.622981 0.719084
vt 0.633101 0.787840
vt 0.626431 0.801103
vt 0.655679 0.781832
vt 0.670128 0.767423
vt 0.664067 0.753524
vt 0.628006 0.795551
vt 0.611274 0.786268
vt 0.607625 0.789378
vt 0.590235 0.793658
vt 0.621253 0.773073
vt 0.722204 0.766664
vt 0.719769 0.759427
vt 0.709898 0.763683
vt 0.715707 0.786489
vt 0.695164 0.800157
vt 0.694872 0.801414
vt 0.724556 0.790503
vt 0.731405 0.788168
vt 0.706196 0.452381
vt 0.708342 0.449859
vt 0.710053 0.447951
vt 0.703100 0.444451
vt 0.863878 0.848290
vt 0.880470 0.843957
vt 0.863857 0.843627
vt 0.236610 0.062370
vt 0.227228 0.028221
vt 0.179864 0.082807
vt 0.965985 0.169294
vt 0.982453 0.175506
vt 0.982601 0.169272
vt 0.250274 0.057451
vt 0.290713 -0.000000
vt 0.251549 0.982585
vt 0.268027 0.987456
vt 0.268165 0.982676
vt 0.291407 0.047337
vt 0.293954 0.050013
vt 0.295573 0.005230
vt 0.863897 0.970900
vt 0.880491 0.848620
vt 0.164687 0.051393
vt 0.789101 0.952485
vt 0.772573 0.948950
vt 0.772502 0.952308
vt 0.457188 0.784517
vt 0.440950 0.666101
vt 0.440593 0.784883
vt 0.863857 0.977560
vt 0.880510 0.971229
vt 0.403269 0.354525
vt 0.369709 0.362247
vt 0.789172 0.949127
vt 0.772795 0.940542
vt 0.361114 0.317580
vt 0.457545 0.665734
vt 0.440927 0.661380
vt 0.388014 0.341155
vt 0.965943 0.004365
vt 0.982453 -0.000000
vt 0.965836 0.000022
vt 0.334420 0.294186
vt 0.789393 0.940719
vt 0.773124 0.928152
vt 0.283263 0.524995
vt 0.340670 0.495602
vt 0.283264 0.495513
vt 0.283263 0.532093
vt 0.393268 0.524777
vt 0.283350 0.463636
vt 0.418798 0.625305
vt 0.434301 0.605249
vt 0.440248 0.559905
vt 0.141383 0.465892
vt 0.003761 0.468062
vt 0.000066 0.492004
vt 0.045835 0.616957
vt 0.000011 0.602140
vt 0.000061 0.629719
vt 0.099287 0.559625
vt 0.117000 0.530350
vt 0.000028 0.566371
vt 0.063916 0.599668
vt 0.094300 0.565952
vt 0.119383 0.525812
vt 0.132588 0.496148
vt 0.000046 0.530877
vt 0.000159 0.641922
vt 0.014189 0.640085
vt 0.029334 0.629595
vt 0.251682 0.974964
vt 0.268298 0.975055
vt 0.965943 0.157339
vt 0.982559 0.157317
vt 0.940336 0.352233
vt 0.923726 0.353521
vt 0.940341 0.353630
vt 0.251748 0.966948
vt 0.268364 0.967039
vt 0.923729 0.357021
vt 0.940343 0.357131
vt 0.251839 0.945905
vt 0.268455 0.945996
vt 0.923726 0.361899
vt 0.940341 0.362009
vt 0.268534 0.920337
vt 0.251918 0.920246
vt 0.940327 0.383436
vt 0.923712 0.383326
vt 0.174795 0.895626
vt 0.158185 0.892602
vt 0.158180 0.895585
vt 0.966023 0.022665
vt 0.982626 0.027282
vt 0.982639 0.022643
vt 0.174789 0.918090
vt 0.158174 0.918049
vt 0.789702 0.905356
vt 0.773123 0.886894
vt 0.773103 0.905180
vt 0.158181 0.928950
vt 0.174796 0.928991
vt 0.789822 0.923904
vt 0.773223 0.923728
vt 0.174800 0.937679
vt 0.158185 0.937638
vt 0.966162 0.150197
vt 0.982778 0.150175
vt 0.174803 0.946122
vt 0.158188 0.946081
vt 0.982701 0.130338
vt 0.966085 0.130361
vt 0.174804 0.950397
vt 0.158189 0.950356
vt 0.940293 0.428313
vt 0.923720 0.416751
vt 0.923678 0.428203
vt 0.457451 0.656400
vt 0.440593 0.650675
vt 0.440855 0.656767
vt 0.923770 0.445153
vt 0.940385 0.445263
vt 0.252033 0.885783
vt 0.268474 0.857020
vt 0.251858 0.856929
vt 0.940411 0.451345
vt 0.923797 0.451236
vt 0.512635 0.893578
vt 0.516369 0.939172
vt 0.529249 0.893868
vt 0.966086 0.060677
vt 0.982743 0.095363
vt 0.982703 0.060655
vt 0.268626 0.892820
vt 0.268649 0.885874
vt 0.940291 0.460582
vt 0.923676 0.460472
vt 0.529136 0.882883
vt 0.512523 0.882593
vt 0.789677 0.884400
vt 0.772502 0.857359
vt 0.773079 0.884223
vt 0.252010 0.892729
vt 0.789721 0.887070
vt 0.528886 0.857649
vt 0.512272 0.857359
vt 0.966127 0.095385
vt 0.940291 0.391947
vt 0.923676 0.391838
vt 0.940328 0.412441
vt 0.923713 0.412331
vt 0.174801 0.892643
vt 0.158187 0.888943
vt 0.940335 0.416861
vt 0.255506 0.825578
vt 0.251411 0.825536
vt 0.966010 0.027305
vt 0.965979 0.009388
vt 0.982595 0.009365
vt 0.512272 0.939188
vt 0.516793 0.988814
vt 0.789723 0.928328
vt 0.982560 0.004343
vt 0.457522 0.661014
vt 0.467951 0.857440
vt 0.470270 0.990251
vt 0.470270 0.857445
vt 0.465719 0.857423
vt 0.467951 0.990246
vt 0.463661 0.857396
vt 0.465719 0.990229
vt 0.461856 0.857360
vt 0.463662 0.990203
vt 0.561023 0.857672
vt 0.562830 0.987411
vt 0.562830 0.857371
vt 0.558965 0.857895
vt 0.561023 0.987712
vt 0.556733 0.858032
vt 0.558965 0.987935
vt 0.554414 0.858077
vt 0.556733 0.988071
vt 0.552096 0.858028
vt 0.554414 0.988116
vt 0.549869 0.857889
vt 0.552096 0.988068
vt 0.547818 0.857662
vt 0.549869 0.987928
vt 0.546023 0.987399
vt 0.547818 0.987702
vt 0.493679 0.857382
vt 0.495470 0.990189
vt 0.495470 0.857359
vt 0.491631 0.857399
vt 0.493679 0.990212
vt 0.489406 0.857410
vt 0.491631 0.990230
vt 0.487089 0.857414
vt 0.489406 0.990240
vt 0.484769 0.857410
vt 0.487089 0.990244
vt 0.482535 0.857400
vt 0.484769 0.990241
vt 0.480474 0.857383
vt 0.482535 0.990231
vt 0.478663 0.857361
vt 0.480474 0.990214
vt 0.510505 0.857451
vt 0.512272 0.990240
vt 0.512272 0.857516
vt 0.508476 0.857402
vt 0.510505 0.990175
vt 0.506263 0.857371
vt 0.508476 0.990126
vt 0.503950 0.857359
vt 0.506263 0.990095
vt 0.501627 0.990091
vt 0.503950 0.990083
vt 0.499383 0.857393
vt 0.501627 0.857366
vt 0.497304 0.857438
vt 0.499383 0.990117
vt 0.495470 0.857500
vt 0.497304 0.990162
vt 0.476867 0.857395
vt 0.478663 0.990165
vt 0.478663 0.857359
vt 0.474815 0.857422
vt 0.476867 0.990202
vt 0.659458 0.906202
vt 0.649014 0.919169
vt 0.661741 0.929859
vt 0.472588 0.857439
vt 0.474815 0.990229
vt 0.472588 0.990246
vt 0.755611 0.907531
vt 0.739805 0.912438
vt 0.744599 0.928512
vt 0.095373 0.891086
vt 0.097739 0.935771
vt 0.097739 0.891084
vt 0.093003 0.891084
vt 0.095373 0.935773
vt 0.090722 0.891078
vt 0.093003 0.935771
vt 0.088616 0.891069
vt 0.090722 0.935765
vt 0.086768 0.891056
vt 0.088616 0.935756
vt 0.122924 0.935751
vt 0.121099 0.891068
vt 0.121099 0.935756
vt 0.125012 0.935747
vt 0.122924 0.891062
vt 0.127282 0.935744
vt 0.125012 0.891058
vt 0.129648 0.935743
vt 0.127282 0.891056
vt 0.132018 0.891056
vt 0.129648 0.891055
vt 0.134302 0.935747
vt 0.132018 0.935744
vt 0.136411 0.935750
vt 0.134302 0.891058
vt 0.138265 0.935756
vt 0.136411 0.891062
vt 0.417318 0.884226
vt 0.419181 0.928936
vt 0.419181 0.884292
vt 0.415202 0.884178
vt 0.417318 0.928870
vt 0.412914 0.884148
vt 0.415202 0.928822
vt 0.410543 0.884140
vt 0.412914 0.928793
vt 0.408178 0.884152
vt 0.410543 0.928784
vt 0.405913 0.928828
vt 0.408178 0.928796
vt 0.403832 0.884235
vt 0.405913 0.884184
vt 0.402017 0.928948
vt 0.403832 0.928880
vt 0.014916 0.891307
vt 0.016965 0.935957
vt 0.016965 0.891279
vt 0.012671 0.891325
vt 0.014916 0.935984
vt 0.010315 0.891332
vt 0.012671 0.936002
vt 0.007939 0.936006
vt 0.010315 0.936009
vt 0.005634 0.891316
vt 0.007939 0.891329
vt 0.003490 0.891292
vt 0.005634 0.935993
vt 0.001587 0.935937
vt 0.003490 0.935970
vt 0.000000 0.891220
vt 0.001587 0.891260
vt 0.102104 0.891068
vt 0.103934 0.935742
vt 0.103934 0.891055
vt 0.564204 0.910935
vt 0.569187 0.927362
vt 0.585612 0.922379
vt 0.100012 0.891078
vt 0.102104 0.935755
vt 0.100012 0.935765
vt 0.714793 0.914749
vt 0.722883 0.929889
vt 0.738018 0.921797
vt 0.427786 0.884171
vt 0.430153 0.928856
vt 0.430153 0.884168
vt 0.425417 0.884169
vt 0.427786 0.928858
vt 0.423135 0.884163
vt 0.425417 0.928856
vt 0.421030 0.884153
vt 0.423135 0.928850
vt 0.419181 0.884141
vt 0.421030 0.928841
vt 0.105758 0.935751
vt 0.103934 0.891068
vt 0.103934 0.935756
vt 0.107846 0.935747
vt 0.105758 0.891062
vt 0.110117 0.891056
vt 0.107846 0.891058
vt 0.112482 0.935744
vt 0.110117 0.935744
vt 0.114853 0.935744
vt 0.112482 0.891055
vt 0.117136 0.935747
vt 0.114853 0.891056
vt 0.119245 0.935750
vt 0.117136 0.891058
vt 0.121099 0.935756
vt 0.119245 0.891062
vt 0.400154 0.884226
vt 0.402017 0.928936
vt 0.402017 0.884292
vt 0.398038 0.884178
vt 0.400154 0.928870
vt 0.395750 0.884148
vt 0.398038 0.928822
vt 0.393378 0.884140
vt 0.395750 0.928793
vt 0.391014 0.884152
vt 0.393378 0.928784
vt 0.388748 0.884184
vt 0.391014 0.928796
vt 0.386668 0.884236
vt 0.388748 0.928829
vt 0.384852 0.884304
vt 0.386668 0.928880
vt 0.031881 0.891307
vt 0.033930 0.935957
vt 0.033930 0.891279
vt 0.029636 0.891325
vt 0.031881 0.935984
vt 0.027280 0.891332
vt 0.029636 0.936002
vt 0.024904 0.891329
vt 0.027280 0.936010
vt 0.022599 0.891316
vt 0.024904 0.936007
vt 0.020454 0.891293
vt 0.022599 0.935993
vt 0.018552 0.891260
vt 0.020454 0.935970
vt 0.016965 0.891220
vt 0.018552 0.935937
vt 0.434517 0.884153
vt 0.436347 0.928827
vt 0.436347 0.884140
vt 0.048532 0.899776
vt 0.056623 0.914916
vt 0.071760 0.906824
vt 0.432425 0.884162
vt 0.434517 0.928840
vt 0.432425 0.928850
vt 0.690640 0.914749
vt 0.698730 0.929889
vt 0.713865 0.921797
vt 0.137082 0.764475
vt 0.134872 0.765378
vt 0.136988 0.765381
vt 0.139323 0.764926
vt 0.139276 0.765388
vt 0.141647 0.765397
vt 0.134644 0.780314
vt 0.132299 0.777982
vt 0.132268 0.780270
vt 0.136978 0.778326
vt 0.136949 0.780439
vt 0.139095 0.780642
vt 0.140998 0.780914
vt 0.139120 0.778740
vt 0.135008 0.764063
vt 0.133010 0.765379
vt 0.133678 0.762098
vt 0.133182 0.763705
vt 0.135398 0.762800
vt 0.139460 0.764482
vt 0.134675 0.778070
vt 0.132349 0.775866
vt 0.137024 0.776371
vt 0.141020 0.779297
vt 0.139162 0.776981
vt 0.134789 0.774167
vt 0.134723 0.775994
vt 0.139218 0.775431
vt 0.133199 0.759785
vt 0.132258 0.761525
vt 0.134479 0.760618
vt 0.137350 0.763605
vt 0.136026 0.761637
vt 0.139681 0.764074
vt 0.137783 0.762804
vt 0.136870 0.760619
vt 0.138364 0.762103
vt 0.139977 0.763716
vt 0.728890 0.932337
vt 0.731261 0.930353
vt 0.728893 0.930519
vt 0.726618 0.931005
vt 0.724521 0.933334
vt 0.724523 0.931792
vt 0.134461 0.758261
vt 0.726615 0.932717
vt 0.728888 0.934405
vt 0.726614 0.934666
vt 0.722685 0.935654
vt 0.722687 0.934162
vt 0.136857 0.758261
vt 0.135552 0.759322
vt 0.137896 0.759786
vt 0.139070 0.761529
vt 0.140337 0.763424
vt 0.731257 0.932207
vt 0.139875 0.761103
vt 0.140748 0.763207
vt 0.731255 0.936599
vt 0.731255 0.934316
vt 0.728888 0.936645
vt 0.724519 0.935087
vt 0.726614 0.936776
vt 0.722685 0.937268
vt 0.139064 0.759168
vt 0.724521 0.938957
vt 0.724519 0.936986
vt 0.722687 0.938944
vt 0.139957 0.756994
vt 0.138345 0.757475
vt 0.140748 0.760843
vt 0.141192 0.763074
vt 0.728890 0.938970
vt 0.141655 0.760758
vt 0.141655 0.763031
vt 0.728893 0.941290
vt 0.731257 0.938969
vt 0.726618 0.941151
vt 0.726615 0.938965
vt 0.724523 0.940924
vt 0.722689 0.940617
vt 0.141647 0.758667
vt 0.140331 0.758790
vt 0.141170 0.767719
vt 0.141632 0.767767
vt 0.134266 0.883062
vt 0.131924 0.880748
vt 0.131956 0.883110
vt 0.134143 0.885325
vt 0.131967 0.885371
vt 0.131956 0.887445
vt 0.131924 0.889250
vt 0.133914 0.887403
vt 0.141583 0.772154
vt 0.139878 0.773830
vt 0.141551 0.774003
vt 0.141611 0.770048
vt 0.140269 0.772018
vt 0.140705 0.769955
vt 0.139005 0.771628
vt 0.139835 0.769686
vt 0.140727 0.767582
vt 0.136468 0.883004
vt 0.134279 0.880699
vt 0.136217 0.885272
vt 0.133589 0.889215
vt 0.135781 0.887355
vt 0.138476 0.882942
vt 0.136524 0.880640
vt 0.138109 0.885212
vt 0.135176 0.889174
vt 0.137483 0.887301
vt 0.136790 0.772534
vt 0.138270 0.773334
vt 0.139034 0.769253
vt 0.140319 0.767362
vt 0.136825 0.770156
vt 0.137843 0.771000
vt 0.138333 0.768672
vt 0.139961 0.767065
vt 0.134789 0.791002
vt 0.132349 0.789352
vt 0.132416 0.791167
vt 0.137024 0.788830
vt 0.137086 0.790507
vt 0.139218 0.789703
vt 0.135495 0.771460
vt 0.135917 0.773797
vt 0.136978 0.786908
vt 0.134723 0.789221
vt 0.139120 0.786464
vt 0.139162 0.788194
vt 0.141020 0.785865
vt 0.141055 0.787336
vt 0.135991 0.769130
vt 0.137759 0.767965
vt 0.139668 0.766705
vt 0.132299 0.787271
vt 0.135373 0.767961
vt 0.139452 0.766295
vt 0.134675 0.787180
vt 0.132268 0.785006
vt 0.134644 0.784958
vt 0.136949 0.784814
vt 0.139095 0.784580
vt 0.133647 0.768667
vt 0.134434 0.770154
vt 0.136940 0.782630
vt 0.140991 0.782591
vt 0.140998 0.784263
vt 0.134996 0.766694
vt 0.137073 0.766288
vt 0.137333 0.767160
vt 0.139319 0.765850
vt 0.134634 0.782639
vt 0.132258 0.782641
vt 0.139086 0.782614
vt 0.133167 0.767054
vt 0.136956 0.749144
vt 0.139126 0.748245
vt 0.137045 0.748238
vt 0.134734 0.748695
vt 0.134779 0.748233
vt 0.132415 0.748231
vt 0.138661 0.802092
vt 0.141033 0.804412
vt 0.141027 0.802139
vt 0.136390 0.801953
vt 0.138667 0.804321
vt 0.134306 0.803617
vt 0.134301 0.801727
vt 0.132474 0.801423
vt 0.140777 0.749930
vt 0.140942 0.748255
vt 0.138613 0.750826
vt 0.138997 0.749561
vt 0.134599 0.749139
vt 0.138676 0.806372
vt 0.136395 0.804053
vt 0.134314 0.805356
vt 0.132478 0.803030
vt 0.136404 0.805985
vt 0.138689 0.808167
vt 0.134324 0.806877
vt 0.139496 0.753024
vt 0.141655 0.752130
vt 0.140289 0.751540
vt 0.137990 0.751992
vt 0.136692 0.750015
vt 0.136263 0.750818
vt 0.134380 0.749549
vt 0.141042 0.806503
vt 0.137151 0.753014
vt 0.134086 0.749907
vt 0.692561 0.938913
vt 0.690176 0.940684
vt 0.692538 0.940470
vt 0.694799 0.939888
vt 0.696891 0.937641
vt 0.696872 0.938960
vt 0.139467 0.755404
vt 0.140722 0.753874
vt 0.694820 0.938422
vt 0.692572 0.937047
vt 0.696901 0.936059
vt 0.137128 0.755391
vt 0.138428 0.754324
vt 0.135685 0.751522
vt 0.136129 0.753852
vt 0.134981 0.752100
vt 0.133727 0.750202
vt 0.690199 0.939097
vt 0.134178 0.752529
vt 0.133318 0.750421
vt 0.692572 0.934943
vt 0.690211 0.937194
vt 0.694831 0.936664
vt 0.694831 0.934682
vt 0.698702 0.935255
vt 0.696901 0.934275
vt 0.134964 0.754475
vt 0.694820 0.932553
vt 0.698694 0.932109
vt 0.698702 0.933738
vt 0.133699 0.754859
vt 0.135644 0.756184
vt 0.133307 0.752793
vt 0.132873 0.750555
vt 0.692561 0.932683
vt 0.690211 0.935049
vt 0.132411 0.750601
vt 0.692538 0.930353
vt 0.690199 0.932745
vt 0.694799 0.930358
vt 0.696891 0.932359
vt 0.698678 0.930429
vt 0.132383 0.754988
vt 0.134034 0.756673
vt 0.132401 0.752882
vt 0.132873 0.745910
vt 0.132411 0.745865
vt 0.795863 0.937204
vt 0.793754 0.939762
vt 0.796016 0.939567
vt 0.795812 0.934926
vt 0.793645 0.937395
vt 0.793982 0.932981
vt 0.795863 0.932819
vt 0.796016 0.930966
vt 0.132383 0.741501
vt 0.134034 0.739837
vt 0.132360 0.739672
vt 0.132401 0.743592
vt 0.133699 0.741631
vt 0.133307 0.743682
vt 0.134964 0.742015
vt 0.134178 0.743946
vt 0.133318 0.746045
vt 0.791605 0.937572
vt 0.793722 0.935106
vt 0.792253 0.933131
vt 0.794416 0.931103
vt 0.789856 0.940102
vt 0.791674 0.939942
vt 0.790121 0.935420
vt 0.791800 0.935272
vt 0.790742 0.933264
vt 0.137128 0.741118
vt 0.136193 0.738943
vt 0.135644 0.740325
vt 0.136129 0.742638
vt 0.134981 0.744375
vt 0.133727 0.746264
vt 0.138428 0.742186
vt 0.137151 0.743477
vt 0.134086 0.746559
vt 0.138676 0.793144
vt 0.141055 0.791167
vt 0.138689 0.791331
vt 0.136416 0.791816
vt 0.134314 0.794142
vt 0.134324 0.792605
vt 0.137938 0.739875
vt 0.136404 0.793524
vt 0.138667 0.795209
vt 0.136395 0.795470
vt 0.132485 0.794972
vt 0.134306 0.795892
vt 0.137990 0.744499
vt 0.136263 0.745657
vt 0.135685 0.744953
vt 0.134380 0.746917
vt 0.141042 0.793016
vt 0.136692 0.746460
vt 0.134599 0.747327
vt 0.141027 0.797403
vt 0.141033 0.795122
vt 0.136390 0.797577
vt 0.134301 0.797789
vt 0.132478 0.796461
vt 0.138613 0.745665
vt 0.139496 0.743487
vt 0.134299 0.799759
vt 0.132473 0.799750
vt 0.132474 0.798074
vt 0.140777 0.746581
vt 0.140289 0.744971
vt 0.136956 0.747332
vt 0.134734 0.747771
vt 0.138659 0.799771
vt 0.138661 0.797447
vt 0.136388 0.799766
vt 0.141025 0.799772
vt 0.138997 0.746930
vt 0.078143 0.796867
vt 0.081355 0.837025
vt 0.078143 0.837011
vt 0.279774 0.734206
vt 0.283058 0.752718
vt 0.279846 0.752713
vt 0.628303 0.857359
vt 0.629100 0.906249
vt 0.614530 0.906249
vt 0.690176 0.865327
vt 0.710244 0.906193
vt 0.695700 0.905827
vt 0.279774 0.815355
vt 0.282987 0.774537
vt 0.282987 0.815356
vt 0.756438 0.935188
vt 0.758195 0.933947
vt 0.758180 0.935529
vt 0.282986 0.774536
vt 0.279774 0.774531
vt 0.731339 0.865844
vt 0.724793 0.906193
vt 0.141055 0.846689
vt 0.137843 0.808333
vt 0.141055 0.808337
vt 0.670110 0.857359
vt 0.649014 0.897715
vt 0.655561 0.857359
vt 0.460952 0.697161
vt 0.458115 0.678413
vt 0.461324 0.678387
vt 0.132428 0.822547
vt 0.135639 0.836840
vt 0.132427 0.836834
vt 0.772502 0.898225
vt 0.752434 0.857359
vt 0.766978 0.857725
vt 0.086768 0.796867
vt 0.083556 0.837536
vt 0.083556 0.796875
vt 0.690176 0.898232
vt 0.669491 0.906202
vt 0.460952 0.656663
vt 0.135639 0.808339
vt 0.132427 0.808333
vt 0.731339 0.897707
vt 0.737885 0.857359
vt 0.279665 0.672787
vt 0.266231 0.647537
vt 0.266359 0.672789
vt 0.946167 0.202273
vt 0.960060 0.177861
vt 0.940381 0.202269
vt 0.929463 0.262237
vt 0.927394 0.226681
vt 0.923676 0.262233
vt 0.279774 0.734311
vt 0.266444 0.697937
vt 0.266468 0.734312
vt 0.933181 0.226685
vt 0.279750 0.697935
vt 0.266231 0.825534
vt 0.279665 0.800892
vt 0.266359 0.800894
vt 0.960060 0.352119
vt 0.946167 0.327686
vt 0.940381 0.327682
vt 0.927394 0.303250
vt 0.266444 0.776149
vt 0.933181 0.303254
vt 0.279750 0.776148
vt 0.939127 0.833028
vt 0.952470 0.858287
vt 0.952433 0.833026
vt 0.939116 0.791050
vt 0.952422 0.791049
vt 0.704483 0.943387
vt 0.710270 0.930363
vt 0.704483 0.930353
vt 0.939164 0.858289
vt 0.952526 0.883713
vt 0.952433 0.754829
vt 0.939164 0.730207
vt 0.939127 0.754830
vt 0.716905 0.930400
vt 0.722685 0.943443
vt 0.722685 0.930353
vt 0.952470 0.730207
vt 0.939220 0.705748
vt 0.264717 0.647537
vt 0.251539 0.672790
vt 0.264845 0.672789
vt 0.929461 0.000006
vt 0.943350 0.024946
vt 0.949136 0.024951
vt 0.962119 0.049890
vt 0.960051 0.086177
vt 0.965836 0.086182
vt 0.264930 0.697937
vt 0.251648 0.734314
vt 0.264954 0.734312
vt 0.956334 0.049885
vt 0.251624 0.697938
vt 0.251539 0.800895
vt 0.264717 0.825535
vt 0.264845 0.800894
vt 0.943350 0.152948
vt 0.929461 0.177861
vt 0.949136 0.152954
vt 0.962119 0.128040
vt 0.251624 0.776150
vt 0.264930 0.776149
vt 0.956334 0.128034
vt 0.967253 0.833026
vt 0.953984 0.858287
vt 0.967290 0.858287
vt 0.967243 0.791048
vt 0.953947 0.833026
vt 0.716056 0.943397
vt 0.710270 0.930353
vt 0.710270 0.943387
vt 0.954040 0.883712
vt 0.967346 0.883712
vt 0.967290 0.730205
vt 0.953947 0.754829
vt 0.967253 0.754828
vt 0.953937 0.791049
vt 0.698702 0.943490
vt 0.704483 0.943443
vt 0.967346 0.705746
vt 0.953984 0.730207
vt 0.952526 0.705747
vt 0.071393 0.934743
vt 0.072834 0.936292
vt 0.071222 0.936287
vt 0.074682 0.936294
vt 0.076650 0.936738
vt 0.074748 0.937130
vt 0.138899 0.721158
vt 0.137402 0.722374
vt 0.137398 0.720627
vt 0.138904 0.724188
vt 0.137404 0.724190
vt 0.135686 0.722174
vt 0.135681 0.720233
vt 0.135687 0.724192
vt 0.076768 0.937163
vt 0.074970 0.937934
vt 0.072930 0.937505
vt 0.133820 0.722051
vt 0.133814 0.719990
vt 0.135673 0.729934
vt 0.137381 0.730767
vt 0.135662 0.731499
vt 0.133821 0.724193
vt 0.078791 0.936297
vt 0.076615 0.936296
vt 0.131877 0.724193
vt 0.133820 0.726334
vt 0.131876 0.726391
vt 0.190404 0.901445
vt 0.191931 0.902662
vt 0.190408 0.902930
vt 0.131876 0.721995
vt 0.749359 0.941300
vt 0.751082 0.939246
vt 0.751081 0.940935
vt 0.137402 0.726006
vt 0.138899 0.727216
vt 0.137398 0.727751
vt 0.138893 0.728583
vt 0.137391 0.729358
vt 0.074774 0.935459
vt 0.071754 0.939316
vt 0.073788 0.939746
vt 0.072437 0.940685
vt 0.075021 0.934655
vt 0.072968 0.935078
vt 0.073328 0.933912
vt 0.138903 0.725732
vt 0.073252 0.938671
vt 0.075339 0.938674
vt 0.073365 0.941884
vt 0.075413 0.941462
vt 0.074504 0.942868
vt 0.133814 0.728393
vt 0.131870 0.728503
vt 0.078721 0.942510
vt 0.077934 0.940496
vt 0.078737 0.940578
vt 0.074518 0.940689
vt 0.133806 0.730289
vt 0.133795 0.731950
vt 0.076963 0.937554
vt 0.131862 0.730449
vt 0.076458 0.939856
vt 0.071335 0.941453
vt 0.072427 0.942864
vt 0.135681 0.728148
vt 0.073766 0.944021
vt 0.075809 0.943600
vt 0.077556 0.942391
vt 0.077231 0.944050
vt 0.131850 0.732153
vt 0.076438 0.942037
vt 0.077228 0.937898
vt 0.075841 0.939323
vt 0.749356 0.931977
vt 0.751081 0.934079
vt 0.749359 0.933681
vt 0.745536 0.929850
vt 0.747486 0.931627
vt 0.745541 0.931469
vt 0.077554 0.938179
vt 0.079542 0.940496
vt 0.078759 0.938561
vt 0.079185 0.938518
vt 0.075301 0.944881
vt 0.747481 0.930049
vt 0.752589 0.936035
vt 0.751082 0.935750
vt 0.080204 0.944050
vt 0.079891 0.942391
vt 0.747490 0.933436
vt 0.745544 0.933326
vt 0.751083 0.937495
vt 0.752590 0.937519
vt 0.077928 0.938389
vt 0.077164 0.940252
vt 0.747492 0.935408
vt 0.745547 0.935349
vt 0.749351 0.944568
vt 0.751078 0.942499
vt 0.751073 0.943877
vt 0.078335 0.938518
vt 0.749361 0.939422
vt 0.081640 0.943600
vt 0.081019 0.942037
vt 0.747492 0.939531
vt 0.749362 0.937477
vt 0.749361 0.935538
vt 0.747490 0.941524
vt 0.082969 0.942868
vt 0.082063 0.941462
vt 0.745547 0.937461
vt 0.747493 0.937466
vt 0.084387 0.933912
vt 0.082270 0.933915
vt 0.083851 0.932837
vt 0.749356 0.943037
vt 0.078715 0.944202
vt 0.079596 0.938389
vt 0.747486 0.943369
vt 0.084138 0.941884
vt 0.082982 0.940689
vt 0.745547 0.939580
vt 0.080320 0.940252
vt 0.083720 0.944021
vt 0.747481 0.944994
vt 0.745544 0.941625
vt 0.081893 0.882715
vt 0.080084 0.883597
vt 0.080134 0.882160
vt 0.081039 0.939856
vt 0.752589 0.939008
vt 0.752588 0.940445
vt 0.084312 0.938671
vt 0.082195 0.938674
vt 0.082587 0.937934
vt 0.083786 0.883058
vt 0.081838 0.884312
vt 0.085830 0.939316
vt 0.083742 0.939746
vt 0.079976 0.938179
vt 0.745541 0.943518
vt 0.081672 0.939323
vt 0.086232 0.941453
vt 0.085105 0.940685
vt 0.082835 0.937130
vt 0.080795 0.937163
vt 0.080926 0.936738
vt 0.080311 0.937898
vt 0.745536 0.945186
vt 0.080170 0.880531
vt 0.078574 0.881412
vt 0.078605 0.880027
vt 0.080588 0.937554
vt 0.085095 0.942864
vt 0.080193 0.878772
vt 0.078624 0.878532
vt 0.086287 0.937832
vt 0.084805 0.936291
vt 0.086458 0.936287
vt 0.085740 0.883213
vt 0.083727 0.884753
vt 0.084671 0.937505
vt 0.083829 0.881136
vt 0.081934 0.880905
vt 0.081960 0.878952
vt 0.083856 0.879062
vt 0.085785 0.881241
vt 0.082927 0.936294
vt 0.078631 0.876984
vt 0.080201 0.876953
vt 0.086336 0.934743
vt 0.085926 0.933259
vt 0.085812 0.879112
vt 0.080627 0.935038
vt 0.080823 0.935430
vt 0.084709 0.935078
vt 0.081968 0.876929
vt 0.083865 0.876915
vt 0.080193 0.875141
vt 0.081960 0.874916
vt 0.083856 0.874778
vt 0.080975 0.936296
vt 0.085822 0.876909
vt 0.082639 0.934655
vt 0.083121 0.931894
vt 0.081151 0.932733
vt 0.082227 0.931121
vt 0.078624 0.875443
vt 0.078605 0.873969
vt 0.080170 0.873407
vt 0.085244 0.931890
vt 0.084315 0.930691
vt 0.085812 0.874716
vt 0.659336 0.935209
vt 0.657631 0.937254
vt 0.657635 0.935555
vt 0.078574 0.872617
vt 0.080134 0.871817
vt 0.080940 0.935854
vt 0.082861 0.935459
vt 0.083829 0.872733
vt 0.085785 0.872618
vt 0.081767 0.933266
vt 0.081893 0.871224
vt 0.080084 0.870434
vt 0.081838 0.869686
vt 0.079662 0.934204
vt 0.080445 0.932337
vt 0.083786 0.870858
vt 0.083727 0.869226
vt 0.081934 0.872990
vt 0.083176 0.929706
vt 0.081201 0.930546
vt 0.081871 0.928975
vt 0.085740 0.870694
vt 0.085303 0.929702
vt 0.083964 0.928544
vt 0.661262 0.944840
vt 0.659372 0.942809
vt 0.661231 0.943061
vt 0.080362 0.934695
vt 0.657647 0.940740
vt 0.659350 0.940971
vt 0.079675 0.932093
vt 0.080084 0.930192
vt 0.661207 0.941111
vt 0.659401 0.944484
vt 0.657667 0.942394
vt 0.085680 0.869019
vt 0.659336 0.939043
vt 0.661193 0.939063
vt 0.078965 0.928373
vt 0.078918 0.930073
vt 0.663203 0.944996
vt 0.663171 0.943171
vt 0.080036 0.934413
vt 0.079255 0.934075
vt 0.077477 0.928525
vt 0.077748 0.930192
vt 0.055139 0.928507
vt 0.055221 0.926521
vt 0.055622 0.926666
vt 0.661188 0.936998
vt 0.659332 0.937097
vt 0.663147 0.941169
vt 0.657635 0.939005
vt 0.656155 0.938950
vt 0.656152 0.937461
vt 0.080449 0.928525
vt 0.661193 0.934994
vt 0.663132 0.939069
vt 0.659350 0.933452
vt 0.657647 0.933973
vt 0.078872 0.932011
vt 0.075576 0.931121
vt 0.077289 0.932337
vt 0.076570 0.932733
vt 0.661207 0.933128
vt 0.074712 0.929706
vt 0.076620 0.930546
vt 0.078831 0.934031
vt 0.663127 0.936949
vt 0.078066 0.932093
vt 0.075573 0.927684
vt 0.076040 0.928975
vt 0.078405 0.934075
vt 0.663132 0.934892
vt 0.074011 0.928544
vt 0.077994 0.934204
vt 0.055852 0.922411
vt 0.056163 0.924576
vt 0.055437 0.922513
vt 0.656155 0.936016
vt 0.072576 0.931890
vt 0.074657 0.931894
vt 0.073898 0.932837
vt 0.663147 0.932978
vt 0.073542 0.930691
vt 0.661231 0.931472
vt 0.659372 0.931892
vt 0.135662 0.716874
vt 0.137370 0.716444
vt 0.137381 0.717604
vt 0.661262 0.930089
vt 0.659401 0.930589
vt 0.053690 0.927815
vt 0.054542 0.926013
vt 0.054856 0.926300
vt 0.077614 0.934413
vt 0.663171 0.931278
vt 0.075937 0.933266
vt 0.075414 0.933915
vt 0.072635 0.929702
vt 0.657667 0.932569
vt 0.071499 0.931112
vt 0.193659 0.900521
vt 0.195541 0.902339
vt 0.193664 0.902462
vt 0.663203 0.929860
vt 0.071850 0.933259
vt 0.077279 0.934695
vt 0.137391 0.719017
vt 0.131862 0.717931
vt 0.133795 0.716424
vt 0.133806 0.718090
vt 0.242969 0.912861
vt 0.244881 0.913737
vt 0.243310 0.914033
vt 0.077003 0.935038
vt 0.138893 0.719788
vt 0.135673 0.718443
vt 0.237051 0.912913
vt 0.235885 0.911162
vt 0.236659 0.910931
vt 0.237482 0.915140
vt 0.237901 0.912927
vt 0.238310 0.913062
vt 0.131870 0.719880
vt 0.076795 0.935430
vt 0.241271 0.916846
vt 0.243310 0.916460
vt 0.242969 0.917621
vt 0.239613 0.915618
vt 0.239489 0.916041
vt 0.076664 0.935854
vt 0.193664 0.906497
vt 0.195542 0.904481
vt 0.195541 0.906622
vt 0.245028 0.915284
vt 0.244881 0.916826
vt 0.238687 0.913278
vt 0.239017 0.913565
vt 0.235935 0.916718
vt 0.235664 0.916371
vt 0.239288 0.916429
vt 0.239017 0.916768
vt 0.239613 0.914734
vt 0.239655 0.915176
vt 0.758170 0.940714
vt 0.759714 0.941802
vt 0.758180 0.942368
vt 0.191931 0.906293
vt 0.193666 0.904480
vt 0.198113 0.935658
vt 0.200047 0.934826
vt 0.199688 0.935993
vt 0.084126 0.859240
vt 0.085622 0.858023
vt 0.085626 0.859509
vt 0.203722 0.935953
vt 0.201741 0.935570
vt 0.202134 0.934829
vt 0.200617 0.933751
vt 0.082409 0.859040
vt 0.084121 0.857493
vt 0.203999 0.935609
vt 0.202657 0.934180
vt 0.080543 0.858916
vt 0.082404 0.857098
vt 0.080529 0.854956
vt 0.078594 0.856746
vt 0.078585 0.854796
vt 0.084127 0.861056
vt 0.410002 0.932521
vt 0.411731 0.934616
vt 0.409984 0.934279
vt 0.443561 0.887908
vt 0.441677 0.886361
vt 0.443553 0.886008
vt 0.078599 0.858860
vt 0.080538 0.856856
vt 0.203335 0.937211
vt 0.201494 0.936373
vt 0.203384 0.936769
vt 0.203514 0.936344
vt 0.201401 0.937209
vt 0.201376 0.932809
vt 0.199295 0.932805
vt 0.200261 0.931605
vt 0.668244 0.934994
vt 0.670198 0.932977
vt 0.670183 0.934892
vt 0.198218 0.932027
vt 0.199355 0.930616
vt 0.084105 0.854470
vt 0.082397 0.855309
vt 0.082386 0.853739
vt 0.203339 0.931461
vt 0.201431 0.930621
vt 0.202760 0.929890
vt 0.080518 0.853289
vt 0.078574 0.853086
vt 0.204333 0.935328
vt 0.203290 0.933648
vt 0.666423 0.931892
vt 0.668313 0.930089
vt 0.668282 0.931472
vt 0.670254 0.929859
vt 0.670222 0.931278
vt 0.204714 0.935118
vt 0.204009 0.933252
vt 0.205511 0.937212
vt 0.668244 0.939063
vt 0.670179 0.936949
vt 0.670183 0.939068
vt 0.202296 0.932036
vt 0.200730 0.929459
vt 0.206382 0.935118
vt 0.206755 0.935328
vt 0.084093 0.853310
vt 0.082373 0.852450
vt 0.202293 0.928599
vt 0.205124 0.934990
vt 0.664699 0.933973
vt 0.666401 0.933451
vt 0.668259 0.933128
vt 0.204786 0.933008
vt 0.205550 0.934946
vt 0.205637 0.930987
vt 0.204196 0.929439
vt 0.205685 0.929287
vt 0.205975 0.934990
vt 0.205592 0.932926
vt 0.204468 0.931107
vt 0.203981 0.928069
vt 0.664687 0.935555
vt 0.666388 0.935209
vt 0.663203 0.937461
vt 0.664682 0.937254
vt 0.207871 0.933648
vt 0.666383 0.937097
vt 0.668239 0.936998
vt 0.206395 0.933008
vt 0.207081 0.935609
vt 0.663207 0.938950
vt 0.664699 0.940740
vt 0.663217 0.940426
vt 0.207164 0.933252
vt 0.206803 0.931107
vt 0.207168 0.929439
vt 0.664687 0.939005
vt 0.207347 0.935953
vt 0.666388 0.939043
vt 0.666401 0.940971
vt 0.668259 0.941111
vt 0.670198 0.941169
vt 0.207920 0.931461
vt 0.208590 0.929890
vt 0.664719 0.942394
vt 0.666453 0.944484
vt 0.664745 0.943902
vt 0.208946 0.932036
vt 0.209896 0.930621
vt 0.210683 0.929459
vt 0.666423 0.942809
vt 0.668282 0.943061
vt 0.670222 0.943171
vt 0.208487 0.934180
vt 0.668313 0.944840
vt 0.670254 0.944996
vt 0.208989 0.934829
vt 0.209841 0.932809
vt 0.211035 0.931605
vt 0.212023 0.930616
vt 0.191958 0.883375
vt 0.193759 0.884547
vt 0.191995 0.884964
vt 0.210570 0.933751
vt 0.211963 0.932805
vt 0.213114 0.932027
vt 0.191909 0.881991
vt 0.193718 0.882781
vt 0.193663 0.881244
vt 0.195610 0.882416
vt 0.195552 0.880783
vt 0.197565 0.882251
vt 0.209359 0.935570
vt 0.207542 0.936344
vt 0.195654 0.884291
vt 0.197610 0.884175
vt 0.209581 0.936373
vt 0.207660 0.936769
vt 0.211429 0.935993
vt 0.211106 0.934826
vt 0.212646 0.934173
vt 0.190398 0.884175
vt 0.190430 0.885526
vt 0.213056 0.935658
vt 0.192018 0.886698
vt 0.190449 0.887001
vt 0.193784 0.886474
vt 0.209647 0.937209
vt 0.211390 0.938419
vt 0.209554 0.938045
vt 0.195681 0.886336
vt 0.197637 0.886274
vt 0.207695 0.937211
vt 0.207646 0.937653
vt 0.207307 0.938469
vt 0.207031 0.938812
vt 0.195690 0.888473
vt 0.193793 0.888487
vt 0.197646 0.888467
vt 0.211525 0.937206
vt 0.213178 0.937202
vt 0.192025 0.888510
vt 0.190455 0.888542
vt 0.213007 0.938746
vt 0.195552 0.896310
vt 0.197565 0.894770
vt 0.197505 0.896510
vt 0.192018 0.890330
vt 0.190449 0.890089
vt 0.193784 0.890509
vt 0.210461 0.940661
vt 0.212550 0.940231
vt 0.211824 0.941599
vt 0.195681 0.890620
vt 0.197637 0.890670
vt 0.207515 0.938078
vt 0.209307 0.938848
vt 0.193759 0.892463
vt 0.195654 0.892694
vt 0.197610 0.892798
vt 0.208914 0.939589
vt 0.206696 0.939094
vt 0.211031 0.939586
vt 0.190430 0.891585
vt 0.191995 0.892088
vt 0.190398 0.892970
vt 0.191958 0.893717
vt 0.205479 0.939476
vt 0.206262 0.941410
vt 0.205456 0.941493
vt 0.193718 0.894273
vt 0.195610 0.894615
vt 0.208391 0.940238
vt 0.205054 0.939432
vt 0.209688 0.943783
vt 0.211815 0.943778
vt 0.210439 0.944936
vt 0.207758 0.940771
vt 0.209702 0.941603
vt 0.210858 0.942799
vt 0.212951 0.942368
vt 0.205905 0.939432
vt 0.191909 0.895154
vt 0.193663 0.895870
vt 0.206316 0.939303
vt 0.744023 0.942499
vt 0.742297 0.944568
vt 0.742302 0.943038
vt 0.740427 0.944994
vt 0.740432 0.943369
vt 0.738482 0.945186
vt 0.738487 0.943518
vt 0.207039 0.941167
vt 0.208783 0.942377
vt 0.745535 0.939008
vt 0.744026 0.940935
vt 0.744028 0.939246
vt 0.207739 0.942951
vt 0.208359 0.944515
vt 0.208877 0.945796
vt 0.742305 0.941300
vt 0.204647 0.939303
vt 0.740436 0.941524
vt 0.738490 0.941626
vt 0.742307 0.939422
vt 0.740438 0.939531
vt 0.738492 0.939580
vt 0.206611 0.943305
vt 0.206923 0.944965
vt 0.205441 0.943425
vt 0.205435 0.945117
vt 0.745536 0.937519
vt 0.744029 0.937495
vt 0.742308 0.937477
vt 0.740439 0.937466
vt 0.738493 0.937461
vt 0.203884 0.941167
vt 0.744028 0.935750
vt 0.742307 0.935538
vt 0.740438 0.935408
vt 0.738492 0.935349
vt 0.204653 0.941410
vt 0.204275 0.943305
vt 0.203951 0.944965
vt 0.745535 0.936035
vt 0.744026 0.934079
vt 0.742302 0.931977
vt 0.744023 0.932545
vt 0.203158 0.942951
vt 0.202529 0.944515
vt 0.745534 0.934614
vt 0.742305 0.933681
vt 0.740436 0.933436
vt 0.738490 0.933326
vt 0.203177 0.940771
vt 0.204274 0.939094
vt 0.740432 0.931627
vt 0.738487 0.931469
vt 0.202561 0.940238
vt 0.203948 0.938812
vt 0.201237 0.941603
vt 0.202132 0.942377
vt 0.201224 0.943783
vt 0.200486 0.944936
vt 0.200085 0.942799
vt 0.080538 0.865258
vt 0.078599 0.863256
vt 0.080543 0.863200
vt 0.199147 0.943778
vt 0.742297 0.930490
vt 0.744019 0.931207
vt 0.200508 0.940661
vt 0.198474 0.940231
vt 0.199972 0.939586
vt 0.740427 0.930049
vt 0.738482 0.929850
vt 0.202058 0.939589
vt 0.203682 0.938469
vt 0.082386 0.868365
vt 0.080529 0.867154
vt 0.082397 0.866800
vt 0.080518 0.868816
vt 0.078585 0.867314
vt 0.201689 0.938848
vt 0.203487 0.938078
vt 0.080545 0.861058
vt 0.199156 0.941599
vt 0.198055 0.942368
vt 0.084105 0.867632
vt 0.084114 0.866224
vt 0.085616 0.865448
vt 0.084121 0.864616
vt 0.085622 0.864081
vt 0.203370 0.937653
vt 0.082404 0.865014
vt 0.078594 0.865368
vt 0.201467 0.938045
vt 0.199650 0.938419
vt 0.197942 0.937202
vt 0.199554 0.937206
vt 0.198064 0.938746
vt 0.084126 0.862871
vt 0.085626 0.862597
vt 0.082409 0.863075
vt 0.085627 0.861053
vt 0.082411 0.861057
vt 0.224452 0.918222
vt 0.222762 0.917044
vt 0.223092 0.916768
vt 0.078601 0.861059
vt 0.228523 0.912245
vt 0.226491 0.911777
vt 0.227819 0.910866
vt 0.386371 0.938344
vt 0.384855 0.936617
vt 0.386371 0.936593
vt 0.441685 0.888151
vt 0.439945 0.886934
vt 0.216476 0.922833
vt 0.218572 0.922428
vt 0.218024 0.923717
vt 0.604163 0.918276
vt 0.605799 0.919159
vt 0.604107 0.919873
vt 0.227500 0.915249
vt 0.228956 0.913737
vt 0.229103 0.915284
vt 0.225747 0.910823
vt 0.226872 0.909651
vt 0.217495 0.914245
vt 0.219538 0.914243
vt 0.219414 0.914666
vt 0.218111 0.912711
vt 0.220010 0.913515
vt 0.219739 0.913854
vt 0.411747 0.941455
vt 0.413273 0.939480
vt 0.413286 0.940886
vt 0.409975 0.936167
vt 0.411723 0.938066
vt 0.409975 0.938112
vt 0.441666 0.884792
vt 0.443541 0.884342
vt 0.223688 0.914734
vt 0.221557 0.915140
vt 0.223564 0.914307
vt 0.223092 0.913565
vt 0.223363 0.913912
vt 0.439936 0.885522
vt 0.564776 0.935556
vt 0.563828 0.936083
vt 0.563974 0.935351
vt 0.065869 0.922679
vt 0.066808 0.921678
vt 0.066817 0.922701
vt 0.440398 0.919747
vt 0.439438 0.918750
vt 0.440408 0.918836
vt 0.565636 0.935774
vt 0.564646 0.936213
vt 0.431124 0.934766
vt 0.430431 0.935585
vt 0.430259 0.935219
vt 0.564580 0.936879
vt 0.565522 0.936350
vt 0.565465 0.936933
vt 0.564580 0.937549
vt 0.565465 0.937519
vt 0.569405 0.939572
vt 0.568440 0.940007
vt 0.569190 0.939353
vt 0.070237 0.922021
vt 0.070969 0.922958
vt 0.070245 0.922888
vt 0.563079 0.935963
vt 0.563238 0.935163
vt 0.563474 0.934382
vt 0.563755 0.936826
vt 0.070969 0.923773
vt 0.562999 0.937591
vt 0.563756 0.937573
vt 0.068613 0.924723
vt 0.069461 0.923756
vt 0.069452 0.924686
vt 0.069452 0.921907
vt 0.068622 0.922775
vt 0.068613 0.921811
vt 0.069461 0.922827
vt 0.070221 0.921171
vt 0.069435 0.921005
vt 0.070245 0.923764
vt 0.070237 0.924641
vt 0.566030 0.939780
vt 0.566691 0.938944
vt 0.566881 0.939403
vt 0.066788 0.920675
vt 0.065859 0.921640
vt 0.065839 0.920622
vt 0.067738 0.922733
vt 0.067729 0.921735
vt 0.067710 0.920756
vt 0.068622 0.923749
vt 0.064761 0.928834
vt 0.065772 0.927834
vt 0.065725 0.928787
vt 0.067738 0.923741
vt 0.067729 0.924751
vt 0.570261 0.937446
vt 0.570322 0.937691
vt 0.570096 0.937617
vt 0.064896 0.921612
vt 0.064906 0.922662
vt 0.065859 0.924779
vt 0.064906 0.923723
vt 0.065869 0.923728
vt 0.066817 0.923735
vt 0.068595 0.920867
vt 0.568561 0.936195
vt 0.567499 0.936245
vt 0.567616 0.935858
vt 0.067682 0.926732
vt 0.066788 0.925794
vt 0.067710 0.925751
vt 0.068568 0.926636
vt 0.069435 0.925608
vt 0.069409 0.926513
vt 0.066808 0.924769
vt 0.570067 0.937040
vt 0.569415 0.936727
vt 0.570285 0.936945
vt 0.568382 0.937405
vt 0.567381 0.937043
vt 0.568385 0.937098
vt 0.570248 0.937194
vt 0.569353 0.937149
vt 0.570053 0.937330
vt 0.568472 0.938013
vt 0.567421 0.937849
vt 0.568415 0.937711
vt 0.570430 0.937919
vt 0.570579 0.938121
vt 0.570342 0.938139
vt 0.066559 0.930443
vt 0.067548 0.929472
vt 0.067487 0.930287
vt 0.568412 0.936792
vt 0.567421 0.936641
vt 0.568474 0.936490
vt 0.569354 0.936933
vt 0.569458 0.936516
vt 0.569396 0.937789
vt 0.569374 0.937575
vt 0.569333 0.937363
vt 0.068489 0.928441
vt 0.069375 0.927391
vt 0.069334 0.928236
vt 0.566450 0.936493
vt 0.566547 0.936005
vt 0.566691 0.935529
vt 0.566402 0.936988
vt 0.065810 0.926841
vt 0.064876 0.925836
vt 0.065839 0.925820
vt 0.070961 0.924588
vt 0.568679 0.938591
vt 0.567616 0.938631
vt 0.568563 0.938306
vt 0.563974 0.939047
vt 0.564645 0.938215
vt 0.564776 0.938871
vt 0.566402 0.937486
vt 0.567381 0.937447
vt 0.566450 0.937981
vt 0.566547 0.938468
vt 0.567499 0.938245
vt 0.565522 0.938103
vt 0.565636 0.938678
vt 0.563828 0.938315
vt 0.070946 0.925396
vt 0.563238 0.939203
vt 0.070221 0.925510
vt 0.070165 0.927191
vt 0.070126 0.927987
vt 0.070197 0.926363
vt 0.068595 0.925689
vt 0.064896 0.924784
vt 0.570370 0.936707
vt 0.570138 0.936758
vt 0.570766 0.938290
vt 0.570537 0.938354
vt 0.564475 0.940449
vt 0.564970 0.939512
vt 0.565225 0.940130
vt 0.066722 0.927777
vt 0.066676 0.928716
vt 0.570452 0.940199
vt 0.569727 0.940962
vt 0.570170 0.940079
vt 0.068533 0.927557
vt 0.067646 0.927686
vt 0.066760 0.926800
vt 0.067601 0.928602
vt 0.563165 0.940987
vt 0.563474 0.939983
vt 0.563786 0.940736
vt 0.064847 0.926868
vt 0.068380 0.930068
vt 0.069285 0.929037
vt 0.069229 0.929789
vt 0.569477 0.937988
vt 0.570982 0.938419
vt 0.570770 0.938527
vt 0.569541 0.938194
vt 0.567391 0.940255
vt 0.567961 0.939360
vt 0.568185 0.939695
vt 0.567771 0.939004
vt 0.565806 0.939239
vt 0.064641 0.930607
vt 0.065670 0.929693
vt 0.065607 0.930541
vt 0.564190 0.939761
vt 0.070894 0.926959
vt 0.070923 0.926189
vt 0.582822 0.929861
vt 0.581880 0.928935
vt 0.582832 0.929119
vt 0.564064 0.942489
vt 0.564170 0.941455
vt 0.564622 0.942133
vt 0.566306 0.940297
vt 0.565540 0.940720
vt 0.565912 0.941276
vt 0.566631 0.940783
vt 0.564826 0.941107
vt 0.565240 0.941727
vt 0.568994 0.939117
vt 0.568825 0.938861
vt 0.070080 0.928743
vt 0.070027 0.929452
vt 0.068438 0.929281
vt 0.066622 0.929608
vt 0.583757 0.929373
vt 0.583747 0.930089
vt 0.570193 0.937890
vt 0.569659 0.938374
vt 0.567416 0.941650
vt 0.567706 0.940639
vt 0.568057 0.940990
vt 0.571219 0.938504
vt 0.571032 0.938650
vt 0.579920 0.929518
vt 0.580910 0.928818
vt 0.580899 0.929590
vt 0.569762 0.938563
vt 0.567115 0.939842
vt 0.066490 0.931215
vt 0.064570 0.931399
vt 0.065536 0.931325
vt 0.565239 0.943786
vt 0.565138 0.942762
vt 0.565714 0.943338
vt 0.569913 0.938716
vt 0.571468 0.938541
vt 0.571313 0.938720
vt 0.584646 0.929695
vt 0.584637 0.930379
vt 0.570050 0.938881
vt 0.582804 0.931528
vt 0.581860 0.930522
vt 0.582812 0.930667
vt 0.569372 0.940772
vt 0.568441 0.941305
vt 0.569037 0.940548
vt 0.567002 0.941236
vt 0.568725 0.940292
vt 0.566335 0.941792
vt 0.566808 0.942265
vt 0.580881 0.931326
vt 0.579910 0.930365
vt 0.580890 0.930429
vt 0.565712 0.942303
vt 0.566239 0.942830
vt 0.564619 0.943167
vt 0.563572 0.942793
vt 0.068314 0.930795
vt 0.585491 0.930083
vt 0.585482 0.930728
vt 0.581839 0.933308
vt 0.582797 0.932438
vt 0.582792 0.933386
vt 0.067419 0.931040
vt 0.583730 0.931699
vt 0.584628 0.931122
vt 0.584621 0.931916
vt 0.585467 0.932177
vt 0.586268 0.931783
vt 0.586261 0.932479
vt 0.567868 0.942021
vt 0.566814 0.943302
vt 0.567880 0.943060
vt 0.568355 0.942346
vt 0.566343 0.943855
vt 0.567020 0.944307
vt 0.567433 0.943716
vt 0.569898 0.939937
vt 0.569644 0.939765
vt 0.585474 0.931428
vt 0.583738 0.930867
vt 0.581869 0.929696
vt 0.567324 0.942689
vt 0.583724 0.932577
vt 0.583718 0.933492
vt 0.570228 0.939002
vt 0.569411 0.942845
vt 0.569292 0.941815
vt 0.569750 0.942004
vt 0.571719 0.938528
vt 0.571602 0.938734
vt 0.579889 0.933225
vt 0.580874 0.932272
vt 0.580868 0.933259
vt 0.570395 0.939137
vt 0.581844 0.932337
vt 0.581851 0.931405
vt 0.579895 0.932228
vt 0.585456 0.933791
vt 0.586256 0.933213
vt 0.586251 0.933979
vt 0.579881 0.935302
vt 0.580864 0.934276
vt 0.580861 0.935315
vt 0.570593 0.939220
vt 0.570545 0.943128
vt 0.570225 0.942148
vt 0.570712 0.942244
vt 0.584615 0.932754
vt 0.584609 0.933628
vt 0.570783 0.939320
vt 0.568854 0.941581
vt 0.568871 0.942622
vt 0.570100 0.941116
vt 0.570221 0.944711
vt 0.569726 0.943823
vt 0.570381 0.943953
vt 0.569971 0.943015
vt 0.568090 0.944066
vt 0.569086 0.943630
vt 0.568778 0.944351
vt 0.567738 0.944690
vt 0.585461 0.932967
vt 0.571415 0.939425
vt 0.571200 0.939424
vt 0.579880 0.937425
vt 0.580859 0.936365
vt 0.580859 0.937415
vt 0.581831 0.935333
vt 0.582788 0.934363
vt 0.582785 0.935361
vt 0.583711 0.935400
vt 0.584605 0.934529
vt 0.584603 0.935449
vt 0.586983 0.934914
vt 0.586986 0.934192
vt 0.585453 0.934640
vt 0.586245 0.935575
vt 0.586981 0.935651
vt 0.583714 0.934436
vt 0.585450 0.935507
vt 0.583710 0.937348
vt 0.584601 0.936378
vt 0.584602 0.937308
vt 0.568469 0.943375
vt 0.581834 0.934310
vt 0.586248 0.934769
vt 0.585449 0.937260
vt 0.586244 0.936390
vt 0.586244 0.937205
vt 0.570994 0.939363
vt 0.571964 0.938466
vt 0.571889 0.938691
vt 0.572191 0.938358
vt 0.572162 0.938593
vt 0.571707 0.944781
vt 0.571046 0.944017
vt 0.571714 0.944016
vt 0.570746 0.940285
vt 0.572684 0.942144
vt 0.572295 0.943125
vt 0.572197 0.942242
vt 0.570485 0.941232
vt 0.570881 0.941310
vt 0.586248 0.938807
vt 0.585450 0.938130
vt 0.586245 0.938013
vt 0.580864 0.939479
vt 0.579881 0.938477
vt 0.580861 0.938457
vt 0.571712 0.943183
vt 0.571206 0.942292
vt 0.571703 0.942291
vt 0.571352 0.940374
vt 0.571047 0.940347
vt 0.571282 0.941349
vt 0.571629 0.939445
vt 0.573179 0.944560
vt 0.572379 0.943949
vt 0.573034 0.943818
vt 0.571127 0.943184
vt 0.571685 0.941349
vt 0.586980 0.936396
vt 0.586981 0.937882
vt 0.586983 0.938607
vt 0.586980 0.937142
vt 0.585449 0.936383
vt 0.583710 0.936373
vt 0.581830 0.936367
vt 0.582783 0.937379
vt 0.572253 0.939299
vt 0.572054 0.939381
vt 0.579880 0.936363
vt 0.572266 0.940285
vt 0.572086 0.941308
vt 0.571964 0.940343
vt 0.583724 0.941069
vt 0.584609 0.940015
vt 0.584615 0.940860
vt 0.582788 0.939362
vt 0.581831 0.938427
vt 0.582785 0.938380
vt 0.584603 0.938230
vt 0.584605 0.939135
vt 0.585453 0.938983
vt 0.579895 0.941478
vt 0.580868 0.940472
vt 0.580874 0.941426
vt 0.583711 0.938314
vt 0.581830 0.937401
vt 0.583714 0.939262
vt 0.585461 0.940609
vt 0.586251 0.939577
vt 0.586256 0.940318
vt 0.574579 0.944056
vt 0.573673 0.943622
vt 0.574291 0.943365
vt 0.571840 0.939404
vt 0.572393 0.938207
vt 0.572410 0.938443
vt 0.572563 0.938020
vt 0.572625 0.938248
vt 0.574972 0.942010
vt 0.574055 0.941572
vt 0.574468 0.941295
vt 0.571659 0.940376
vt 0.572481 0.941229
vt 0.572869 0.943010
vt 0.586268 0.941682
vt 0.585467 0.941366
vt 0.586261 0.941022
vt 0.579910 0.943253
vt 0.580881 0.942333
vt 0.580890 0.943183
vt 0.573969 0.942613
vt 0.573159 0.941999
vt 0.573617 0.941808
vt 0.572559 0.940193
vt 0.572867 0.941111
vt 0.572458 0.939235
vt 0.575855 0.943287
vt 0.574880 0.943048
vt 0.575435 0.942676
vt 0.573239 0.940956
vt 0.573429 0.942839
vt 0.586986 0.939313
vt 0.576227 0.943839
vt 0.575236 0.943703
vt 0.574832 0.944679
vt 0.573891 0.944342
vt 0.585456 0.939812
vt 0.583718 0.940183
vt 0.582792 0.940316
vt 0.581834 0.939433
vt 0.582797 0.941233
vt 0.581839 0.940411
vt 0.579884 0.939510
vt 0.572843 0.940077
vt 0.573369 0.939760
vt 0.573595 0.940765
vt 0.573112 0.939930
vt 0.084532 0.851489
vt 0.083480 0.852092
vt 0.083564 0.851334
vt 0.572692 0.937803
vt 0.572798 0.938014
vt 0.581860 0.943081
vt 0.582804 0.942104
vt 0.582812 0.942921
vt 0.584621 0.941663
vt 0.584628 0.942416
vt 0.585474 0.942076
vt 0.085509 0.851587
vt 0.086403 0.852450
vt 0.085422 0.852376
vt 0.583730 0.941910
vt 0.086633 0.849870
vt 0.085586 0.850733
vt 0.085651 0.849823
vt 0.581844 0.941351
vt 0.583738 0.942698
vt 0.082612 0.851116
vt 0.081610 0.851538
vt 0.081688 0.850839
vt 0.581851 0.942244
vt 0.579902 0.942394
vt 0.573823 0.939347
vt 0.574241 0.940283
vt 0.573604 0.939563
vt 0.079952 0.850117
vt 0.080725 0.851164
vt 0.079885 0.850730
vt 0.572638 0.939116
vt 0.572777 0.937566
vt 0.572922 0.937751
vt 0.573145 0.938724
vt 0.572980 0.938862
vt 0.572827 0.939013
vt 0.573930 0.940540
vt 0.574485 0.942336
vt 0.082743 0.849481
vt 0.081755 0.850083
vt 0.081813 0.849278
vt 0.574188 0.938853
vt 0.574782 0.939685
vt 0.574016 0.939108
vt 0.576957 0.942284
vt 0.575952 0.942250
vt 0.576424 0.941776
vt 0.574852 0.940979
vt 0.575203 0.940627
vt 0.574526 0.939997
vt 0.575424 0.941637
vt 0.575838 0.941222
vt 0.576431 0.942813
vt 0.080644 0.851763
vt 0.079809 0.851287
vt 0.577432 0.942742
vt 0.081524 0.852174
vt 0.080862 0.849792
vt 0.080916 0.849033
vt 0.584637 0.943111
vt 0.080798 0.850505
vt 0.583747 0.943427
vt 0.582822 0.943676
vt 0.082532 0.851849
vt 0.580899 0.943969
vt 0.581869 0.943855
vt 0.579920 0.944047
vt 0.082829 0.847670
vt 0.081859 0.848430
vt 0.081895 0.847549
vt 0.576534 0.940280
vt 0.575518 0.940242
vt 0.575794 0.939828
vt 0.572814 0.937316
vt 0.572992 0.937470
vt 0.577844 0.941086
vt 0.576848 0.941258
vt 0.577219 0.940700
vt 0.084671 0.849752
vt 0.084607 0.850648
vt 0.574539 0.936480
vt 0.575546 0.936628
vt 0.574597 0.936782
vt 0.083637 0.850513
vt 0.082683 0.850324
vt 0.086768 0.845810
vt 0.085770 0.846847
vt 0.085783 0.845805
vt 0.083699 0.849639
vt 0.080012 0.849454
vt 0.080062 0.848748
vt 0.086491 0.851652
vt 0.574450 0.938297
vt 0.575196 0.938992
vt 0.574331 0.938581
vt 0.080993 0.847403
vt 0.080103 0.848005
vt 0.080134 0.847233
vt 0.573266 0.938545
vt 0.572801 0.937064
vt 0.573006 0.937180
vt 0.573585 0.937988
vt 0.573485 0.938179
vt 0.573401 0.938378
vt 0.083788 0.847763
vt 0.084723 0.848810
vt 0.083750 0.848720
vt 0.575006 0.939348
vt 0.576209 0.940768
vt 0.086727 0.847897
vt 0.085703 0.848866
vt 0.085743 0.847871
vt 0.079159 0.849679
vt 0.079213 0.849073
vt 0.079259 0.848427
vt 0.082867 0.845753
vt 0.081918 0.846643
vt 0.081930 0.845720
vt 0.574599 0.937701
vt 0.575467 0.938232
vt 0.574537 0.938002
vt 0.578480 0.939737
vt 0.577534 0.940109
vt 0.577790 0.939490
vt 0.576028 0.939389
vt 0.576218 0.938929
vt 0.575350 0.938619
vt 0.576810 0.939762
vt 0.577034 0.939220
vt 0.079296 0.847747
vt 0.079325 0.847041
vt 0.080960 0.848234
vt 0.081016 0.846549
vt 0.081027 0.845679
vt 0.082792 0.848593
vt 0.086687 0.848903
vt 0.084789 0.843728
vt 0.083827 0.844769
vt 0.083814 0.843761
vt 0.577318 0.938083
vt 0.576362 0.938452
vt 0.576459 0.937964
vt 0.572740 0.936820
vt 0.572964 0.936892
vt 0.079353 0.845574
vt 0.078591 0.846176
vt 0.078599 0.845512
vt 0.084789 0.846822
vt 0.084802 0.845796
vt 0.082854 0.846720
vt 0.084762 0.847830
vt 0.083827 0.845779
vt 0.080155 0.846439
vt 0.080165 0.845630
vt 0.086754 0.846863
vt 0.083814 0.846780
vt 0.082854 0.843805
vt 0.081930 0.844789
vt 0.081918 0.843860
vt 0.573628 0.937777
vt 0.572632 0.936592
vt 0.572866 0.936619
vt 0.573689 0.937570
vt 0.576507 0.936971
vt 0.575585 0.937434
vt 0.575585 0.937030
vt 0.575546 0.937836
vt 0.577984 0.938849
vt 0.577203 0.938659
vt 0.078574 0.846828
vt 0.086754 0.843688
vt 0.085783 0.844754
vt 0.085770 0.843705
vt 0.079344 0.846314
vt 0.083750 0.841788
vt 0.084762 0.842706
vt 0.083788 0.842764
vt 0.081016 0.843925
vt 0.080165 0.844814
vt 0.080155 0.844000
vt 0.577375 0.937500
vt 0.578114 0.938193
vt 0.078599 0.844843
vt 0.578180 0.936857
vt 0.577375 0.936914
vt 0.079353 0.844828
vt 0.079344 0.844083
vt 0.574629 0.937087
vt 0.574627 0.937395
vt 0.081027 0.844801
vt 0.082867 0.844779
vt 0.084802 0.844761
vt 0.086768 0.844748
vt 0.078591 0.844175
vt 0.082829 0.842843
vt 0.082792 0.841900
vt 0.573691 0.937355
vt 0.577203 0.935755
vt 0.576459 0.936476
vt 0.576362 0.935989
vt 0.572483 0.936389
vt 0.572717 0.936370
vt 0.086686 0.841613
vt 0.085743 0.842667
vt 0.085703 0.841651
vt 0.573710 0.937140
vt 0.576507 0.937469
vt 0.086727 0.842639
vt 0.080960 0.842211
vt 0.080134 0.843195
vt 0.080103 0.842406
vt 0.086568 0.839664
vt 0.085651 0.840667
vt 0.085586 0.839723
vt 0.573670 0.936929
vt 0.576810 0.934653
vt 0.576218 0.935513
vt 0.576028 0.935054
vt 0.081895 0.842941
vt 0.081859 0.842042
vt 0.573647 0.936715
vt 0.575467 0.936232
vt 0.578195 0.933924
vt 0.577790 0.934894
vt 0.577534 0.934276
vt 0.577318 0.936330
vt 0.577034 0.935195
vt 0.078574 0.843514
vt 0.577984 0.935534
vt 0.079325 0.843347
vt 0.079296 0.842625
vt 0.080993 0.843059
vt 0.086403 0.837918
vt 0.085509 0.838830
vt 0.085422 0.837995
vt 0.084607 0.839807
vt 0.083699 0.840842
vt 0.083637 0.839935
vt 0.082683 0.840112
vt 0.081813 0.841170
vt 0.081755 0.840335
vt 0.079259 0.841926
vt 0.080062 0.841642
vt 0.080012 0.840910
vt 0.079213 0.841256
vt 0.080916 0.841389
vt 0.080862 0.840601
vt 0.082743 0.840987
vt 0.084723 0.841706
vt 0.578696 0.935327
vt 0.578114 0.936191
vt 0.084671 0.840736
vt 0.080725 0.839158
vt 0.079952 0.840216
vt 0.079885 0.839568
vt 0.248492 0.919933
vt 0.249452 0.920928
vt 0.248508 0.920778
vt 0.573566 0.936515
vt 0.576209 0.933650
vt 0.575794 0.934615
vt 0.575518 0.934202
vt 0.577430 0.932647
vt 0.577219 0.933686
vt 0.576848 0.933130
vt 0.574448 0.936187
vt 0.575350 0.935846
vt 0.573502 0.936310
vt 0.575196 0.935473
vt 0.251375 0.920199
vt 0.250417 0.921022
vt 0.250400 0.920143
vt 0.084446 0.838105
vt 0.083564 0.839077
vt 0.083480 0.838275
vt 0.575236 0.930658
vt 0.575436 0.931716
vt 0.574880 0.931345
vt 0.573384 0.936130
vt 0.575424 0.932783
vt 0.575203 0.933818
vt 0.574852 0.933467
vt 0.084532 0.838927
vt 0.081610 0.838804
vt 0.082612 0.839283
vt 0.081688 0.839543
vt 0.574186 0.935632
vt 0.574333 0.935902
vt 0.575006 0.935117
vt 0.573282 0.935941
vt 0.576534 0.934137
vt 0.574782 0.934782
vt 0.575952 0.932140
vt 0.575838 0.933197
vt 0.576431 0.931544
vt 0.576424 0.932613
vt 0.079159 0.840622
vt 0.578400 0.932884
vt 0.577844 0.933267
vt 0.080798 0.839855
vt 0.082532 0.838508
vt 0.250358 0.916196
vt 0.251339 0.917254
vt 0.250365 0.917229
vt 0.250374 0.918237
vt 0.251361 0.919258
vt 0.250386 0.919212
vt 0.574018 0.935375
vt 0.247578 0.919755
vt 0.246718 0.920305
vt 0.246703 0.919527
vt 0.576958 0.932071
vt 0.577948 0.932207
vt 0.079809 0.838972
vt 0.576856 0.931001
vt 0.080644 0.838517
vt 0.081524 0.838124
vt 0.245890 0.919987
vt 0.245876 0.919253
vt 0.083386 0.837536
vt 0.082441 0.837796
vt 0.249470 0.921733
vt 0.248526 0.921564
vt 0.247594 0.920570
vt 0.247554 0.917986
vt 0.246691 0.918702
vt 0.246680 0.917839
vt 0.250435 0.921841
vt 0.251411 0.921914
vt 0.245116 0.919618
vt 0.245104 0.918936
vt 0.245854 0.917662
vt 0.245093 0.918213
vt 0.245083 0.917456
vt 0.573131 0.935788
vt 0.572522 0.936155
vt 0.573821 0.935140
vt 0.571594 0.935970
vt 0.571343 0.935982
vt 0.571457 0.935775
vt 0.574526 0.934470
vt 0.572993 0.935623
vt 0.574241 0.934185
vt 0.247534 0.914146
vt 0.246662 0.915104
vt 0.246661 0.914173
vt 0.245841 0.915958
vt 0.245076 0.916673
vt 0.245071 0.915872
vt 0.572080 0.936091
vt 0.572296 0.936220
vt 0.571538 0.937258
vt 0.574485 0.932087
vt 0.574468 0.933152
vt 0.574055 0.932876
vt 0.573367 0.934728
vt 0.572815 0.935502
vt 0.573606 0.934921
vt 0.573930 0.933929
vt 0.572648 0.935367
vt 0.573595 0.933705
vt 0.574972 0.932412
vt 0.575855 0.931072
vt 0.573891 0.930023
vt 0.574832 0.929649
vt 0.574579 0.930308
vt 0.245864 0.918476
vt 0.575550 0.930032
vt 0.574291 0.931031
vt 0.573674 0.930775
vt 0.247565 0.918891
vt 0.248478 0.919039
vt 0.249436 0.920062
vt 0.248467 0.918102
vt 0.572028 0.935859
vt 0.572049 0.935140
vt 0.572260 0.935183
vt 0.249422 0.919145
vt 0.573429 0.931588
vt 0.573617 0.932642
vt 0.573159 0.932453
vt 0.572559 0.934294
vt 0.573239 0.933515
vt 0.572842 0.934413
vt 0.571843 0.936006
vt 0.249394 0.916175
vt 0.248458 0.917133
vt 0.248451 0.916141
vt 0.245846 0.916820
vt 0.246672 0.916946
vt 0.246666 0.916032
vt 0.250353 0.914097
vt 0.251328 0.915152
vt 0.250354 0.915149
vt 0.247545 0.917051
vt 0.249410 0.918185
vt 0.247539 0.916093
vt 0.572448 0.929663
vt 0.573034 0.930582
vt 0.572379 0.930453
vt 0.245836 0.914206
vt 0.245068 0.915059
vt 0.245067 0.914243
vt 0.249401 0.917192
vt 0.251349 0.918273
vt 0.572450 0.935283
vt 0.572290 0.935983
vt 0.571746 0.935789
vt 0.571098 0.936044
vt 0.571170 0.935818
vt 0.571127 0.931250
vt 0.571703 0.932165
vt 0.571206 0.932166
vt 0.573114 0.934556
vt 0.572867 0.933361
vt 0.573969 0.931811
vt 0.245841 0.912474
vt 0.245068 0.913432
vt 0.245071 0.912633
vt 0.250358 0.912022
vt 0.251328 0.913033
vt 0.250354 0.913052
vt 0.572197 0.932213
vt 0.572869 0.931419
vt 0.572684 0.932309
vt 0.572265 0.934207
vt 0.572481 0.933245
vt 0.571843 0.935079
vt 0.570962 0.929593
vt 0.571714 0.930388
vt 0.571046 0.930389
vt 0.572086 0.933167
vt 0.573179 0.929808
vt 0.572295 0.931305
vt 0.574080 0.929338
vt 0.570878 0.928867
vt 0.571707 0.929591
vt 0.572502 0.928945
vt 0.245837 0.915083
vt 0.247535 0.915121
vt 0.249390 0.915144
vt 0.248447 0.915135
vt 0.251333 0.916210
vt 0.571965 0.934146
vt 0.571352 0.934116
vt 0.571685 0.933128
vt 0.571659 0.934118
vt 0.249410 0.910123
vt 0.248458 0.911167
vt 0.248467 0.910237
vt 0.570871 0.936152
vt 0.570898 0.935917
vt 0.569188 0.935146
vt 0.568725 0.934194
vt 0.569407 0.934930
vt 0.249394 0.912065
vt 0.248447 0.913120
vt 0.248451 0.912131
vt 0.245837 0.913333
vt 0.247535 0.913176
vt 0.246666 0.912336
vt 0.251349 0.910001
vt 0.250365 0.911019
vt 0.250374 0.910051
vt 0.248446 0.914124
vt 0.250400 0.908258
vt 0.251361 0.909068
vt 0.250386 0.909128
vt 0.249389 0.914108
vt 0.247539 0.912221
vt 0.247554 0.910393
vt 0.246672 0.911447
vt 0.246680 0.910590
vt 0.249390 0.913079
vt 0.251327 0.914089
vt 0.246662 0.913248
vt 0.570746 0.934208
vt 0.570881 0.933169
vt 0.571047 0.934150
vt 0.245083 0.911102
vt 0.245846 0.911636
vt 0.245076 0.911854
vt 0.571628 0.935078
vt 0.570669 0.936303
vt 0.570649 0.936066
vt 0.570989 0.935123
vt 0.571203 0.935100
vt 0.571414 0.935059
vt 0.571282 0.933128
vt 0.571712 0.931249
vt 0.246703 0.909003
vt 0.247565 0.909536
vt 0.246691 0.909773
vt 0.571692 0.928866
vt 0.570169 0.934416
vt 0.570100 0.933366
vt 0.570453 0.934300
vt 0.569491 0.929814
vt 0.570381 0.930456
vt 0.569726 0.930588
vt 0.570712 0.932215
vt 0.570225 0.932313
vt 0.570485 0.933248
vt 0.570545 0.931308
vt 0.569971 0.931423
vt 0.570221 0.929667
vt 0.569269 0.929109
vt 0.245864 0.910057
vt 0.245876 0.909331
vt 0.245854 0.910828
vt 0.247545 0.911291
vt 0.249401 0.911077
vt 0.251339 0.910979
vt 0.249470 0.906838
vt 0.248508 0.907739
vt 0.248526 0.907030
vt 0.569292 0.932649
vt 0.569411 0.931594
vt 0.569750 0.932458
vt 0.570500 0.936490
vt 0.570434 0.936262
vt 0.568090 0.930318
vt 0.569086 0.930783
vt 0.568469 0.931040
vt 0.249422 0.909214
vt 0.249436 0.908358
vt 0.567771 0.935485
vt 0.568681 0.935912
vt 0.248478 0.909350
vt 0.248492 0.908514
vt 0.247578 0.908730
vt 0.567416 0.929074
vt 0.568490 0.929347
vt 0.567738 0.929661
vt 0.247611 0.907297
vt 0.246718 0.908288
vt 0.246735 0.907636
vt 0.570790 0.935204
vt 0.570262 0.936495
vt 0.570585 0.935268
vt 0.568441 0.933162
vt 0.569372 0.933712
vt 0.569037 0.933937
vt 0.569727 0.933521
vt 0.568778 0.930031
vt 0.568871 0.931820
vt 0.251411 0.906628
vt 0.250417 0.907451
vt 0.250435 0.906714
vt 0.245093 0.910386
vt 0.066622 0.917058
vt 0.067487 0.916483
vt 0.067548 0.917227
vt 0.566343 0.930501
vt 0.566644 0.929489
vt 0.567020 0.930046
vt 0.568355 0.932097
vt 0.567880 0.931357
vt 0.567324 0.931730
vt 0.567868 0.932424
vt 0.567434 0.930671
vt 0.566814 0.931087
vt 0.569643 0.934732
vt 0.569899 0.934563
vt 0.245890 0.908657
vt 0.565535 0.929522
vt 0.565916 0.929978
vt 0.247594 0.907981
vt 0.249452 0.907564
vt 0.251375 0.908189
vt 0.068380 0.916741
vt 0.068438 0.917459
vt 0.570405 0.935387
vt 0.567002 0.933212
vt 0.568057 0.933478
vt 0.567706 0.933830
vt 0.065670 0.916948
vt 0.064641 0.916088
vt 0.065607 0.916174
vt 0.570216 0.935490
vt 0.568854 0.932885
vt 0.066559 0.916295
vt 0.065536 0.915473
vt 0.066490 0.915605
vt 0.064570 0.915380
vt 0.564619 0.931157
vt 0.565714 0.931019
vt 0.565138 0.931597
vt 0.570063 0.935642
vt 0.569559 0.936325
vt 0.069229 0.917067
vt 0.069285 0.917752
vt 0.569898 0.935780
vt 0.067646 0.918897
vt 0.066676 0.917885
vt 0.067601 0.918034
vt 0.567961 0.935129
vt 0.567391 0.934215
vt 0.568185 0.934792
vt 0.568440 0.934480
vt 0.943111 0.624942
vt 0.944080 0.625993
vt 0.943127 0.625967
vt 0.567416 0.932796
vt 0.566808 0.932155
vt 0.065772 0.918687
vt 0.064761 0.917720
vt 0.065725 0.917788
vt 0.566239 0.931561
vt 0.565712 0.932090
vt 0.565239 0.930535
vt 0.068314 0.916091
vt 0.069167 0.916446
vt 0.564161 0.930773
vt 0.067682 0.919807
vt 0.195519 0.928711
vt 0.196504 0.929444
vt 0.195533 0.929537
vt 0.067419 0.915809
vt 0.068533 0.919072
vt 0.069334 0.918496
vt 0.069375 0.919292
vt 0.196517 0.930341
vt 0.195556 0.931352
vt 0.195546 0.930420
vt 0.563577 0.932567
vt 0.564622 0.932229
vt 0.564170 0.932908
vt 0.566631 0.933665
vt 0.566335 0.932629
vt 0.565912 0.933148
vt 0.565540 0.933705
vt 0.566306 0.934153
vt 0.195565 0.932324
vt 0.196543 0.933292
vt 0.195571 0.933326
vt 0.943219 0.628888
vt 0.944219 0.629866
vt 0.943264 0.629780
vt 0.565240 0.932667
vt 0.564826 0.933288
vt 0.426450 0.938642
vt 0.426179 0.939301
vt 0.426343 0.938430
vt 0.194616 0.933379
vt 0.194610 0.932402
vt 0.196547 0.934331
vt 0.195578 0.935383
vt 0.195576 0.934349
vt 0.568823 0.935640
vt 0.568996 0.935385
vt 0.070126 0.918805
vt 0.070080 0.918104
vt 0.070165 0.919555
vt 0.194623 0.936395
vt 0.195576 0.937443
vt 0.194621 0.937396
vt 0.068489 0.918238
vt 0.196543 0.938495
vt 0.195565 0.939427
vt 0.195571 0.938449
vt 0.069409 0.920131
vt 0.064705 0.916871
vt 0.068568 0.919951
vt 0.425710 0.940163
vt 0.425067 0.940964
vt 0.425422 0.940058
vt 0.943103 0.622873
vt 0.944056 0.623902
vt 0.943103 0.623907
vt 0.569778 0.935959
vt 0.565806 0.935213
vt 0.566881 0.935069
vt 0.195533 0.942096
vt 0.196490 0.942983
vt 0.195519 0.942869
vt 0.564970 0.934915
vt 0.064847 0.919585
vt 0.065810 0.919634
vt 0.569642 0.936126
vt 0.424633 0.939587
vt 0.423734 0.940072
vt 0.424407 0.939379
vt 0.431957 0.939968
vt 0.430873 0.939973
vt 0.431128 0.939546
vt 0.066760 0.919703
vt 0.066722 0.918770
vt 0.064808 0.918628
vt 0.562830 0.934152
vt 0.563786 0.933628
vt 0.434327 0.936393
vt 0.433410 0.935814
vt 0.434217 0.935655
vt 0.732244 0.938233
vt 0.733217 0.937184
vt 0.733219 0.938219
vt 0.433509 0.936476
vt 0.432544 0.935985
vt 0.732262 0.934080
vt 0.733250 0.933160
vt 0.733236 0.934129
vt 0.732295 0.942252
vt 0.733250 0.941234
vt 0.733269 0.942177
vt 0.938907 0.623126
vt 0.939649 0.622189
vt 0.939642 0.623057
vt 0.567115 0.934629
vt 0.733269 0.932231
vt 0.732318 0.931259
vt 0.733291 0.931352
vt 0.566030 0.934671
vt 0.565225 0.934296
vt 0.439449 0.931459
vt 0.440408 0.930547
vt 0.440420 0.931350
vt 0.064876 0.920583
vt 0.564475 0.933947
vt 0.563165 0.933341
vt 0.564190 0.934637
vt 0.441362 0.930396
vt 0.441373 0.931180
vt 0.439427 0.929766
vt 0.440390 0.928769
vt 0.440398 0.929684
vt 0.426312 0.940283
vt 0.425838 0.941198
vt 0.426009 0.940236
vt 0.732344 0.944017
vt 0.733291 0.943073
vt 0.733317 0.943914
vt 0.070197 0.920346
vt 0.429502 0.931881
vt 0.429472 0.932940
vt 0.429045 0.932684
vt 0.425139 0.934399
vt 0.425062 0.933358
vt 0.425418 0.934270
vt 0.421436 0.939969
vt 0.421989 0.939098
vt 0.422202 0.939547
vt 0.439405 0.925824
vt 0.440375 0.924771
vt 0.440376 0.925802
vt 0.425706 0.934164
vt 0.425832 0.933123
vt 0.426004 0.934092
vt 0.439412 0.921650
vt 0.440390 0.920702
vt 0.440384 0.921691
vt 0.440384 0.927810
vt 0.441333 0.926758
vt 0.441338 0.927726
vt 0.439449 0.917879
vt 0.440433 0.917180
vt 0.440420 0.917978
vt 0.427275 0.931204
vt 0.427647 0.932183
vt 0.427155 0.932110
vt 0.944219 0.617121
vt 0.943219 0.618057
vt 0.943264 0.617230
vt 0.943181 0.618942
vt 0.942222 0.619979
vt 0.942252 0.619069
vt 0.433465 0.933553
vt 0.433021 0.934534
vt 0.432735 0.933928
vt 0.433763 0.931450
vt 0.433715 0.932512
vt 0.433229 0.931857
vt 0.070961 0.922152
vt 0.432631 0.937737
vt 0.431627 0.938145
vt 0.431700 0.937653
vt 0.431953 0.934334
vt 0.431337 0.935215
vt 0.440376 0.923736
vt 0.439408 0.922680
vt 0.440379 0.922706
vt 0.220413 0.927011
vt 0.218725 0.925678
vt 0.220173 0.925322
vt 0.219899 0.929099
vt 0.220161 0.931140
vt 0.219168 0.929440
vt 0.221725 0.923827
vt 0.219974 0.923906
vt 0.218271 0.924323
vt 0.939116 0.891363
vt 0.940773 0.889418
vt 0.940759 0.891355
vt 0.939169 0.887945
vt 0.940817 0.887557
vt 0.219817 0.931392
vt 0.218518 0.929917
vt 0.219275 0.927290
vt 0.218214 0.927786
vt 0.942577 0.891350
vt 0.942593 0.889293
vt 0.652903 0.931881
vt 0.654619 0.933957
vt 0.652879 0.933440
vt 0.942639 0.887318
vt 0.221273 0.933023
vt 0.220548 0.930960
vt 0.944560 0.887210
vt 0.942715 0.885501
vt 0.944637 0.885345
vt 0.944512 0.889237
vt 0.217374 0.926308
vt 0.652879 0.944472
vt 0.654604 0.942377
vt 0.654619 0.943885
vt 0.216683 0.925065
vt 0.216173 0.927190
vt 0.215269 0.926101
vt 0.214086 0.927393
vt 0.215166 0.928288
vt 0.220962 0.930858
vt 0.220683 0.928906
vt 0.216479 0.929341
vt 0.221583 0.926959
vt 0.217269 0.928478
vt 0.217973 0.930511
vt 0.214394 0.929561
vt 0.215472 0.931441
vt 0.213885 0.930960
vt 0.942816 0.883911
vt 0.944742 0.883713
vt 0.215347 0.933765
vt 0.217386 0.934340
vt 0.215626 0.934900
vt 0.215872 0.930341
vt 0.651023 0.931466
vt 0.652931 0.930578
vt 0.650999 0.933122
vt 0.219529 0.931707
vt 0.649105 0.929860
vt 0.649074 0.931278
vt 0.217279 0.931958
vt 0.213178 0.928890
vt 0.654640 0.932553
vt 0.656139 0.935996
vt 0.654604 0.935538
vt 0.213659 0.932431
vt 0.213725 0.933918
vt 0.649048 0.932977
vt 0.215294 0.932597
vt 0.217555 0.931200
vt 0.219308 0.932071
vt 0.652851 0.937086
vt 0.654594 0.937237
vt 0.649029 0.934892
vt 0.650980 0.934987
vt 0.217157 0.932754
vt 0.217193 0.933558
vt 0.219162 0.932471
vt 0.217727 0.935070
vt 0.219219 0.933731
vt 0.219399 0.934117
vt 0.656130 0.937441
vt 0.652862 0.935198
vt 0.656128 0.938929
vt 0.654591 0.938988
vt 0.214081 0.935363
vt 0.216122 0.935959
vt 0.214712 0.936711
vt 0.649018 0.936948
vt 0.650969 0.936992
vt 0.656130 0.940405
vt 0.654594 0.940724
vt 0.219098 0.932892
vt 0.649014 0.939067
vt 0.650965 0.939057
vt 0.769148 0.910018
vt 0.770945 0.908879
vt 0.770910 0.910412
vt 0.219117 0.933318
vt 0.652862 0.942797
vt 0.216815 0.936901
vt 0.215595 0.937910
vt 0.650969 0.941104
vt 0.650980 0.943054
vt 0.652851 0.940959
vt 0.652848 0.939031
vt 0.650999 0.944833
vt 0.217680 0.937690
vt 0.216695 0.938914
vt 0.649018 0.941168
vt 0.225255 0.937351
vt 0.224563 0.935434
vt 0.226046 0.936488
vt 0.769239 0.906828
vt 0.769187 0.908314
vt 0.219652 0.934460
vt 0.767296 0.907968
vt 0.218682 0.938295
vt 0.217970 0.939685
vt 0.649029 0.943170
vt 0.218205 0.935719
vt 0.215884 0.939888
vt 0.767255 0.909776
vt 0.649048 0.944995
vt 0.770889 0.912081
vt 0.769125 0.911873
vt 0.218800 0.936262
vt 0.656139 0.941812
vt 0.656152 0.943094
vt 0.220941 0.938870
vt 0.220249 0.936954
vt 0.221047 0.937075
vt 0.767230 0.911745
vt 0.220846 0.940417
vt 0.219783 0.938694
vt 0.219967 0.934747
vt 0.765398 0.906193
vt 0.765342 0.907812
vt 0.219490 0.936679
vt 0.772473 0.910942
vt 0.772454 0.912362
vt 0.221853 0.937039
vt 0.221154 0.935177
vt 0.221581 0.935158
vt 0.220331 0.934968
vt 0.765299 0.909668
vt 0.770882 0.913823
vt 0.772448 0.913843
vt 0.220733 0.935113
vt 0.219372 0.940192
vt 0.772502 0.909638
vt 0.772454 0.915330
vt 0.770889 0.915571
vt 0.222335 0.940350
vt 0.223249 0.938539
vt 0.223783 0.939995
vt 0.765274 0.911689
vt 0.222111 0.938818
vt 0.767221 0.913800
vt 0.769117 0.913809
vt 0.769125 0.915750
vt 0.767229 0.915861
vt 0.765265 0.913797
vt 0.222637 0.936847
vt 0.770910 0.917256
vt 0.772473 0.916763
vt 0.226336 0.938483
vt 0.224311 0.938043
vt 0.765274 0.915912
vt 0.223013 0.934310
vt 0.222725 0.934624
vt 0.225134 0.939364
vt 0.769148 0.917623
vt 0.767255 0.917850
vt 0.769187 0.919356
vt 0.770945 0.918816
vt 0.767296 0.919689
vt 0.221995 0.935057
vt 0.765299 0.917953
vt 0.223368 0.936506
vt 0.224018 0.936029
vt 0.227052 0.934388
vt 0.224981 0.934745
vt 0.225256 0.933988
vt 0.772502 0.918089
vt 0.225807 0.940417
vt 0.227221 0.939380
vt 0.227343 0.937384
vt 0.226653 0.935488
vt 0.228115 0.936111
vt 0.765341 0.919840
vt 0.603578 0.922646
vt 0.601858 0.924748
vt 0.601837 0.923209
vt 0.228404 0.938089
vt 0.222382 0.934876
vt 0.767351 0.921308
vt 0.765398 0.921502
vt 0.603602 0.933689
vt 0.601873 0.931594
vt 0.603618 0.931963
vt 0.223445 0.933124
vt 0.225378 0.933192
vt 0.605484 0.934021
vt 0.605501 0.932189
vt 0.603578 0.935205
vt 0.601858 0.933147
vt 0.769239 0.920881
vt 0.228850 0.933241
vt 0.227230 0.933233
vt 0.607410 0.935821
vt 0.607435 0.934169
vt 0.605460 0.935631
vt 0.600340 0.929665
vt 0.601880 0.929911
vt 0.605510 0.930204
vt 0.603626 0.930094
vt 0.223234 0.933945
vt 0.601880 0.928165
vt 0.603626 0.928153
vt 0.225342 0.932387
vt 0.227178 0.932065
vt 0.605510 0.928144
vt 0.607453 0.932288
vt 0.605501 0.926088
vt 0.603618 0.926216
vt 0.228428 0.930309
vt 0.226898 0.930929
vt 0.607462 0.930252
vt 0.223380 0.933545
vt 0.228624 0.934712
vt 0.223426 0.932699
vt 0.227797 0.928961
vt 0.226402 0.929870
vt 0.605484 0.924114
vt 0.603602 0.924357
vt 0.607462 0.928138
vt 0.601873 0.926422
vt 0.600322 0.925274
vt 0.228783 0.931754
vt 0.605460 0.922298
vt 0.607453 0.926028
vt 0.601811 0.921863
vt 0.603549 0.921151
vt 0.225150 0.931605
vt 0.600334 0.926697
vt 0.224844 0.928139
vt 0.224331 0.930227
vt 0.223735 0.929683
vt 0.605428 0.920711
vt 0.226914 0.927762
vt 0.225814 0.926758
vt 0.223324 0.932285
vt 0.607435 0.924002
vt 0.224808 0.930876
vt 0.225709 0.928928
vt 0.228938 0.928184
vt 0.227900 0.926775
vt 0.223143 0.931899
vt 0.607410 0.922139
vt 0.226606 0.925594
vt 0.222891 0.931556
vt 0.224538 0.925988
vt 0.222741 0.927135
vt 0.223137 0.925480
vt 0.607378 0.920510
vt 0.223842 0.927534
vt 0.942715 0.897224
vt 0.940984 0.898402
vt 0.940888 0.896888
vt 0.939169 0.894790
vt 0.940817 0.895163
vt 0.942639 0.895393
vt 0.222576 0.931269
vt 0.944742 0.899024
vt 0.944637 0.897374
vt 0.223045 0.929266
vt 0.222287 0.928992
vt 0.225107 0.924688
vt 0.939233 0.896342
vt 0.940888 0.885845
vt 0.223459 0.924091
vt 0.944560 0.895496
vt 0.221663 0.925256
vt 0.222211 0.931048
vt 0.940773 0.893295
vt 0.942593 0.893410
vt 0.944512 0.893461
vt 0.221810 0.930903
vt 0.944496 0.891347
vt 0.221388 0.930839
vt 0.221489 0.928870
vt 0.939233 0.886404
vt 0.939129 0.893109
vt 0.770992 0.920188
vt 0.940984 0.884348
vt 0.939319 0.885056
vt 0.227044 0.912861
vt 0.225346 0.913568
vt 0.224965 0.912821
vt 0.438435 0.892105
vt 0.439957 0.890292
vt 0.439958 0.892108
vt 0.438430 0.889075
vt 0.439952 0.888545
vt 0.441690 0.890092
vt 0.441691 0.892110
vt 0.224452 0.912163
vt 0.443566 0.889969
vt 0.443568 0.892111
vt 0.410028 0.930961
vt 0.411747 0.933034
vt 0.445509 0.887799
vt 0.445501 0.885850
vt 0.445515 0.889914
vt 0.198570 0.934173
vt 0.410028 0.943554
vt 0.411770 0.942963
vt 0.228897 0.910121
vt 0.227784 0.908693
vt 0.225718 0.908648
vt 0.226426 0.907514
vt 0.225580 0.914375
vt 0.224840 0.910035
vt 0.225659 0.915212
vt 0.227385 0.914033
vt 0.438424 0.887705
vt 0.223828 0.911621
vt 0.224401 0.907895
vt 0.222683 0.909072
vt 0.222973 0.907422
vt 0.445489 0.884140
vt 0.219226 0.909370
vt 0.220734 0.910931
vt 0.219960 0.911163
vt 0.223806 0.909443
vt 0.408180 0.929168
vt 0.408145 0.930551
vt 0.408118 0.932207
vt 0.222762 0.913278
vt 0.406230 0.928948
vt 0.406195 0.930367
vt 0.222342 0.910957
vt 0.224878 0.906629
vt 0.410060 0.929659
vt 0.411770 0.931630
vt 0.413273 0.935070
vt 0.221487 0.907246
vt 0.220349 0.909034
vt 0.220001 0.907375
vt 0.406167 0.932066
vt 0.221516 0.908933
vt 0.222385 0.913062
vt 0.223115 0.911213
vt 0.411723 0.936315
vt 0.408099 0.934073
vt 0.406147 0.933981
vt 0.221976 0.912927
vt 0.219248 0.911547
vt 0.220717 0.913036
vt 0.220340 0.913239
vt 0.413266 0.936515
vt 0.413266 0.938004
vt 0.217256 0.908512
vt 0.218192 0.909928
vt 0.408090 0.936077
vt 0.406138 0.936038
vt 0.411731 0.939801
vt 0.221551 0.912877
vt 0.221538 0.910862
vt 0.408090 0.938142
vt 0.406138 0.938157
vt 0.604203 0.908551
vt 0.605849 0.907380
vt 0.605886 0.908969
vt 0.221126 0.912913
vt 0.410002 0.941878
vt 0.216102 0.909478
vt 0.217285 0.910687
vt 0.408118 0.942140
vt 0.409984 0.940041
vt 0.408145 0.943919
vt 0.215154 0.910663
vt 0.216541 0.911618
vt 0.406147 0.940258
vt 0.408099 0.940190
vt 0.217285 0.919483
vt 0.219248 0.918671
vt 0.218192 0.920271
vt 0.604163 0.906785
vt 0.605799 0.905996
vt 0.218572 0.907802
vt 0.602316 0.906418
vt 0.604107 0.905247
vt 0.214451 0.912020
vt 0.215988 0.912684
vt 0.406167 0.942260
vt 0.218623 0.912070
vt 0.214005 0.909883
vt 0.602359 0.908293
vt 0.406195 0.944085
vt 0.604229 0.910477
vt 0.605908 0.910703
vt 0.215119 0.908490
vt 0.215532 0.915057
vt 0.217416 0.915080
vt 0.602386 0.910338
vt 0.213871 0.915040
vt 0.215647 0.913845
vt 0.600381 0.906252
vt 0.602257 0.904785
vt 0.217730 0.913445
vt 0.607341 0.909532
vt 0.607360 0.911007
vt 0.217495 0.915917
vt 0.219372 0.915107
vt 0.219414 0.915549
vt 0.600426 0.908176
vt 0.605916 0.912515
vt 0.607367 0.912547
vt 0.214017 0.913498
vt 0.213178 0.911479
vt 0.605908 0.914335
vt 0.607360 0.914095
vt 0.214017 0.916587
vt 0.215988 0.917444
vt 0.214451 0.918078
vt 0.600454 0.910275
vt 0.215647 0.916272
vt 0.602395 0.912475
vt 0.604237 0.912490
vt 0.604229 0.914513
vt 0.602386 0.914622
vt 0.600463 0.912468
vt 0.217730 0.916724
vt 0.607341 0.915590
vt 0.605886 0.916093
vt 0.215154 0.919458
vt 0.216102 0.920673
vt 0.600454 0.914671
vt 0.220340 0.917006
vt 0.220010 0.916719
vt 0.216541 0.918528
vt 0.604203 0.916466
vt 0.602359 0.916696
vt 0.605849 0.917722
vt 0.602316 0.918617
vt 0.219538 0.915976
vt 0.600426 0.916799
vt 0.218623 0.918128
vt 0.219226 0.920862
vt 0.220734 0.919335
vt 0.220349 0.921234
vt 0.213178 0.918602
vt 0.214005 0.920225
vt 0.215119 0.921653
vt 0.217256 0.921676
vt 0.600381 0.918771
vt 0.388094 0.931075
vt 0.386369 0.933177
vt 0.386366 0.931643
vt 0.219739 0.916371
vt 0.218111 0.917471
vt 0.602257 0.920312
vt 0.600321 0.920510
vt 0.219960 0.919078
vt 0.388094 0.942136
vt 0.386369 0.940034
vt 0.388097 0.940398
vt 0.221551 0.917407
vt 0.221538 0.919430
vt 0.389967 0.942467
vt 0.389970 0.940623
vt 0.388089 0.943667
vt 0.386366 0.941598
vt 0.220001 0.922902
vt 0.221516 0.921372
vt 0.221487 0.923078
vt 0.391909 0.944284
vt 0.391914 0.942617
vt 0.389962 0.944093
vt 0.384854 0.938106
vt 0.388099 0.938521
vt 0.389973 0.938630
vt 0.220717 0.917221
vt 0.388100 0.936575
vt 0.222342 0.919360
vt 0.222683 0.921271
vt 0.389973 0.936564
vt 0.391918 0.940724
vt 0.388099 0.934637
vt 0.389973 0.934506
vt 0.224401 0.922522
vt 0.223806 0.920935
vt 0.391920 0.938679
vt 0.221126 0.917356
vt 0.221976 0.917370
vt 0.225718 0.921811
vt 0.224840 0.920377
vt 0.389970 0.932535
vt 0.388097 0.932779
vt 0.391921 0.936559
vt 0.386371 0.934849
vt 0.384854 0.935134
vt 0.384852 0.933712
vt 0.222973 0.922949
vt 0.389967 0.930725
vt 0.391920 0.934447
vt 0.388089 0.929589
vt 0.386362 0.930306
vt 0.223115 0.919129
vt 0.226491 0.918688
vt 0.224965 0.917581
vt 0.389962 0.929148
vt 0.227819 0.919661
vt 0.225747 0.919618
vt 0.222385 0.917248
vt 0.391918 0.932424
vt 0.223828 0.918745
vt 0.227783 0.921856
vt 0.226872 0.920845
vt 0.391914 0.930568
vt 0.228897 0.920464
vt 0.226426 0.922992
vt 0.228956 0.916826
vt 0.227044 0.917621
vt 0.227385 0.916460
vt 0.391909 0.928949
vt 0.228523 0.918304
vt 0.443553 0.898207
vt 0.441666 0.899417
vt 0.441677 0.897852
vt 0.441685 0.896066
vt 0.439945 0.897276
vt 0.439952 0.895668
vt 0.443561 0.896311
vt 0.223363 0.916429
vt 0.445501 0.898367
vt 0.443541 0.899868
vt 0.225346 0.916846
vt 0.225580 0.916046
vt 0.438424 0.896500
vt 0.438430 0.895133
vt 0.439936 0.898684
vt 0.439957 0.893923
vt 0.438434 0.893649
vt 0.445509 0.896422
vt 0.223564 0.916041
vt 0.445515 0.894309
vt 0.443566 0.894253
vt 0.223688 0.915618
vt 0.441690 0.894127
vt 0.445516 0.892112
vt 0.223730 0.915177
vt 0.084114 0.855882
vt 0.085616 0.856654
vt 0.243425 0.915248
vt 0.190409 0.904475
vt 0.241584 0.915212
vt 0.241505 0.916046
vt 0.191933 0.904477
vt 0.197491 0.904482
vt 0.197489 0.906679
vt 0.191927 0.900915
vt 0.197489 0.902283
vt 0.071344 0.937832
vt 0.239489 0.914307
vt 0.241505 0.914375
vt 0.241271 0.913567
vt 0.135686 0.726209
vt 0.244448 0.918304
vt 0.397035 0.930725
vt 0.398977 0.928949
vt 0.398982 0.930568
vt 0.190404 0.907503
vt 0.191927 0.908038
vt 0.193659 0.908436
vt 0.241672 0.919618
vt 0.243744 0.919661
vt 0.242797 0.920845
vt 0.195536 0.908681
vt 0.197484 0.908791
vt 0.240890 0.917581
vt 0.193651 0.910222
vt 0.195527 0.910577
vt 0.766913 0.932585
vt 0.765362 0.933408
vt 0.765374 0.932087
vt 0.197475 0.910737
vt 0.240377 0.918222
vt 0.397041 0.934506
vt 0.398986 0.932424
vt 0.398988 0.934447
vt 0.242416 0.918687
vt 0.190398 0.908870
vt 0.191920 0.909645
vt 0.237476 0.917407
vt 0.237051 0.917356
vt 0.244822 0.920463
vt 0.243708 0.921856
vt 0.238687 0.917044
vt 0.191910 0.911054
vt 0.193641 0.911787
vt 0.195516 0.912238
vt 0.197464 0.912442
vt 0.239753 0.918744
vt 0.238310 0.917248
vt 0.239731 0.920935
vt 0.241643 0.921811
vt 0.240326 0.922521
vt 0.237901 0.917370
vt 0.239040 0.919129
vt 0.240765 0.920377
vt 0.242351 0.922992
vt 0.393434 0.931643
vt 0.395157 0.929589
vt 0.395162 0.931075
vt 0.397030 0.929148
vt 0.240803 0.923827
vt 0.236659 0.919334
vt 0.393437 0.933177
vt 0.395165 0.932779
vt 0.397039 0.932535
vt 0.238267 0.919360
vt 0.236642 0.917221
vt 0.391922 0.935134
vt 0.393440 0.936593
vt 0.391923 0.936617
vt 0.237463 0.919430
vt 0.238608 0.921271
vt 0.238898 0.922949
vt 0.393439 0.934849
vt 0.236265 0.917005
vt 0.395167 0.934637
vt 0.395168 0.936575
vt 0.397042 0.936564
vt 0.398989 0.936559
vt 0.237441 0.921372
vt 0.237412 0.923077
vt 0.393439 0.938344
vt 0.395165 0.940398
vt 0.393437 0.940034
vt 0.236274 0.921234
vt 0.235926 0.922901
vt 0.391922 0.938106
vt 0.395167 0.938521
vt 0.397041 0.938630
vt 0.398988 0.938679
vt 0.235886 0.919078
vt 0.397039 0.940623
vt 0.398986 0.940724
vt 0.235173 0.918671
vt 0.235151 0.920862
vt 0.234497 0.922428
vt 0.391921 0.939543
vt 0.393434 0.941598
vt 0.395157 0.943667
vt 0.393430 0.942975
vt 0.234117 0.920270
vt 0.233181 0.921676
vt 0.232401 0.922832
vt 0.395162 0.942136
vt 0.397035 0.942467
vt 0.398982 0.942617
vt 0.234548 0.918128
vt 0.397030 0.944093
vt 0.398977 0.944284
vt 0.234036 0.917471
vt 0.232466 0.918528
vt 0.233210 0.919482
vt 0.232027 0.920673
vt 0.231044 0.921653
vt 0.231079 0.919458
vt 0.229930 0.920225
vt 0.443902 0.914654
vt 0.442265 0.913771
vt 0.443951 0.913217
vt 0.233655 0.916724
vt 0.231572 0.916272
vt 0.233420 0.915917
vt 0.442210 0.915368
vt 0.440418 0.914112
vt 0.440360 0.915808
vt 0.438484 0.914266
vt 0.235463 0.915976
vt 0.235339 0.915549
vt 0.235339 0.914665
vt 0.235463 0.914242
vt 0.440461 0.912191
vt 0.442306 0.911961
vt 0.438528 0.912294
vt 0.231913 0.917444
vt 0.230376 0.918078
vt 0.229103 0.918602
vt 0.443988 0.911588
vt 0.229942 0.916586
vt 0.440461 0.903788
vt 0.438556 0.905770
vt 0.438528 0.903671
vt 0.445443 0.911085
vt 0.444011 0.909830
vt 0.445462 0.909590
vt 0.442331 0.910008
vt 0.231572 0.913845
vt 0.229796 0.915040
vt 0.229942 0.913498
vt 0.440488 0.910117
vt 0.438556 0.910166
vt 0.235297 0.915107
vt 0.233341 0.915080
vt 0.442340 0.907985
vt 0.440497 0.907970
vt 0.438565 0.907963
vt 0.233420 0.914245
vt 0.235664 0.913854
vt 0.231457 0.915057
vt 0.445469 0.908042
vt 0.444018 0.908010
vt 0.445462 0.906502
vt 0.444011 0.906198
vt 0.236642 0.913035
vt 0.235173 0.911547
vt 0.442331 0.905972
vt 0.440488 0.905833
vt 0.059221 0.921780
vt 0.058033 0.923452
vt 0.057781 0.923109
vt 0.233655 0.913445
vt 0.231079 0.910662
vt 0.229103 0.911478
vt 0.229930 0.909882
vt 0.234036 0.912711
vt 0.231913 0.912684
vt 0.230376 0.912020
vt 0.445443 0.905027
vt 0.443988 0.904464
vt 0.236265 0.913239
vt 0.442306 0.904046
vt 0.235935 0.913515
vt 0.443951 0.902875
vt 0.442265 0.902280
vt 0.440418 0.901913
vt 0.438484 0.901747
vt 0.234548 0.912070
vt 0.232466 0.911617
vt 0.233181 0.908512
vt 0.231044 0.908490
vt 0.232401 0.907354
vt 0.233210 0.910687
vt 0.232027 0.909478
vt 0.443902 0.901491
vt 0.442210 0.900742
vt 0.237476 0.912876
vt 0.440360 0.900281
vt 0.438424 0.900072
vt 0.404598 0.941455
vt 0.402879 0.943554
vt 0.402853 0.941878
vt 0.400997 0.943919
vt 0.400969 0.942140
vt 0.399046 0.944085
vt 0.399018 0.942260
vt 0.234117 0.909928
vt 0.235151 0.909370
vt 0.060040 0.923158
vt 0.058316 0.924251
vt 0.058214 0.923838
vt 0.234497 0.907802
vt 0.406124 0.939480
vt 0.404582 0.939801
vt 0.402836 0.940041
vt 0.400951 0.940190
vt 0.398999 0.940258
vt 0.237463 0.910862
vt 0.404574 0.938066
vt 0.402827 0.938112
vt 0.400941 0.938142
vt 0.398989 0.938157
vt 0.236274 0.909034
vt 0.235926 0.907374
vt 0.406117 0.938004
vt 0.404574 0.936315
vt 0.402836 0.934279
vt 0.404582 0.934616
vt 0.237441 0.908933
vt 0.237412 0.907246
vt 0.406117 0.936515
vt 0.402827 0.936167
vt 0.400941 0.936077
vt 0.398989 0.936038
vt 0.238267 0.910957
vt 0.400951 0.934073
vt 0.398999 0.933981
vt 0.239040 0.911213
vt 0.239731 0.909443
vt 0.238608 0.909071
vt 0.238898 0.907422
vt 0.406124 0.935070
vt 0.240326 0.907895
vt 0.195516 0.896712
vt 0.197475 0.898219
vt 0.195527 0.898378
vt 0.404598 0.933034
vt 0.406138 0.933724
vt 0.402853 0.932521
vt 0.240765 0.910035
vt 0.242797 0.909651
vt 0.241672 0.910823
vt 0.400969 0.932207
vt 0.399018 0.932066
vt 0.239753 0.911620
vt 0.400997 0.930551
vt 0.402879 0.930961
vt 0.054707 0.922945
vt 0.055051 0.922693
vt 0.399046 0.930367
vt 0.240377 0.912163
vt 0.195536 0.900278
vt 0.766920 0.930903
vt 0.765380 0.929171
vt 0.766920 0.929157
vt 0.241643 0.908648
vt 0.242351 0.907513
vt 0.404621 0.931630
vt 0.243708 0.908693
vt 0.239288 0.913912
vt 0.402911 0.929659
vt 0.404651 0.930458
vt 0.401031 0.929168
vt 0.399081 0.928949
vt 0.240890 0.912821
vt 0.242416 0.911777
vt 0.244448 0.912245
vt 0.243744 0.910865
vt 0.244822 0.910121
vt 0.191910 0.897891
vt 0.193651 0.898731
vt 0.191920 0.899304
vt 0.193641 0.897162
vt 0.190398 0.900075
vt 0.197484 0.900169
vt 0.607854 0.865916
vt 0.649014 0.865258
vt 0.643621 0.905784
vt 0.688344 0.944145
vt 0.685218 0.944875
vt 0.685218 0.930212
vt 0.135641 0.836840
vt 0.135533 0.851184
vt 0.132432 0.836840
vt 0.190408 0.906019
vt 0.749351 0.930490
vt 0.751078 0.932545
vt 0.434035 0.934931
vt 0.944064 0.621813
vt 0.943127 0.620848
vt 0.944080 0.620795
vt 0.433247 0.935164
vt 0.432203 0.934864
vt 0.432401 0.935416
vt 0.427522 0.934164
vt 0.428206 0.933357
vt 0.427810 0.934270
vt 0.938926 0.621529
vt 0.939662 0.621339
vt 0.434758 0.934718
vt 0.434956 0.935509
vt 0.435076 0.936317
vt 0.433784 0.934228
vt 0.938944 0.620763
vt 0.434134 0.933212
vt 0.941358 0.619242
vt 0.940480 0.620300
vt 0.940507 0.619461
vt 0.940445 0.622076
vt 0.941307 0.621037
vt 0.941292 0.621982
vt 0.940459 0.621175
vt 0.940438 0.622996
vt 0.939682 0.620515
vt 0.939708 0.619724
vt 0.430475 0.932532
vt 0.430239 0.933570
vt 0.429871 0.933236
vt 0.944056 0.622852
vt 0.943111 0.621850
vt 0.942199 0.620928
vt 0.942184 0.621906
vt 0.942176 0.622904
vt 0.941329 0.620121
vt 0.945297 0.615554
vt 0.944271 0.616347
vt 0.944328 0.615646
vt 0.427661 0.936452
vt 0.427501 0.936257
vt 0.427737 0.936227
vt 0.945030 0.621786
vt 0.945046 0.620757
vt 0.944135 0.618860
vt 0.945070 0.619759
vt 0.944104 0.619807
vt 0.943150 0.619875
vt 0.941285 0.622945
vt 0.429730 0.936856
vt 0.430666 0.936357
vt 0.430725 0.936756
vt 0.942333 0.617398
vt 0.942289 0.618205
vt 0.941436 0.617629
vt 0.940542 0.618666
vt 0.940582 0.617922
vt 0.428009 0.936737
vt 0.428732 0.936741
vt 0.427853 0.936916
vt 0.429374 0.935686
vt 0.429503 0.935965
vt 0.427780 0.936674
vt 0.428608 0.936333
vt 0.427898 0.936468
vt 0.429033 0.935175
vt 0.430051 0.934873
vt 0.429214 0.935423
vt 0.427306 0.936097
vt 0.427084 0.935978
vt 0.427290 0.935860
vt 0.441386 0.917354
vt 0.441373 0.918132
vt 0.429609 0.936253
vt 0.430567 0.935965
vt 0.429682 0.936552
vt 0.428699 0.936528
vt 0.428783 0.936950
vt 0.428295 0.935772
vt 0.428407 0.935956
vt 0.428534 0.936130
vt 0.442326 0.916908
vt 0.443230 0.916657
vt 0.443216 0.917245
vt 0.431626 0.936167
vt 0.431505 0.935684
vt 0.431699 0.936659
vt 0.945141 0.617894
vt 0.944173 0.617961
vt 0.434737 0.932908
vt 0.434483 0.933950
vt 0.428599 0.934740
vt 0.429540 0.934249
vt 0.428825 0.934949
vt 0.432637 0.932314
vt 0.432391 0.933354
vt 0.431993 0.932816
vt 0.430869 0.934339
vt 0.430573 0.933939
vt 0.429811 0.934549
vt 0.431651 0.933831
vt 0.431302 0.933360
vt 0.433081 0.932913
vt 0.939740 0.618974
vt 0.432921 0.929783
vt 0.433175 0.930800
vt 0.432525 0.930211
vt 0.939778 0.618272
vt 0.941394 0.618409
vt 0.945102 0.618802
vt 0.427878 0.937167
vt 0.428066 0.937021
vt 0.426843 0.935905
vt 0.427023 0.935749
vt 0.431584 0.931259
vt 0.431543 0.932320
vt 0.431048 0.931871
vt 0.943314 0.616467
vt 0.943371 0.615777
vt 0.426307 0.934044
vt 0.426634 0.933044
vt 0.426614 0.934031
vt 0.941484 0.616911
vt 0.942382 0.616654
vt 0.441400 0.916643
vt 0.442341 0.916293
vt 0.432682 0.931252
vt 0.432078 0.930704
vt 0.945187 0.617045
vt 0.942438 0.615980
vt 0.442300 0.918346
vt 0.443203 0.917900
vt 0.443192 0.918617
vt 0.428136 0.935627
vt 0.426592 0.935880
vt 0.426738 0.935692
vt 0.427991 0.935468
vt 0.428917 0.933737
vt 0.428571 0.933530
vt 0.429241 0.933978
vt 0.430909 0.932925
vt 0.438470 0.917811
vt 0.439463 0.917069
vt 0.432136 0.931761
vt 0.441352 0.919858
vt 0.441362 0.918970
vt 0.434234 0.931098
vt 0.940628 0.617236
vt 0.431069 0.929237
vt 0.431423 0.930218
vt 0.430724 0.929799
vt 0.430005 0.932182
vt 0.430511 0.931472
vt 0.429937 0.931127
vt 0.430985 0.930815
vt 0.431821 0.929688
vt 0.430346 0.930431
vt 0.428089 0.934399
vt 0.428351 0.934559
vt 0.444050 0.918267
vt 0.444063 0.917649
vt 0.444039 0.918943
vt 0.442313 0.917595
vt 0.440448 0.916451
vt 0.438498 0.916244
vt 0.439477 0.916329
vt 0.442289 0.919155
vt 0.442280 0.920013
vt 0.427532 0.936021
vt 0.427807 0.935356
vt 0.428422 0.931433
vt 0.428596 0.932472
vt 0.428128 0.932304
vt 0.426341 0.935905
vt 0.426448 0.935692
vt 0.438448 0.919626
vt 0.439427 0.919676
vt 0.427634 0.935229
vt 0.438458 0.918691
vt 0.444021 0.920443
vt 0.444825 0.919997
vt 0.444817 0.920715
vt 0.427431 0.935155
vt 0.426101 0.935978
vt 0.426164 0.935749
vt 0.443181 0.919389
vt 0.443172 0.920208
vt 0.427236 0.935064
vt 0.441338 0.921755
vt 0.441344 0.920790
vt 0.427435 0.933123
vt 0.427036 0.933064
vt 0.427826 0.933221
vt 0.428973 0.931630
vt 0.429333 0.930841
vt 0.428703 0.930616
vt 0.438439 0.920606
vt 0.439419 0.920645
vt 0.429672 0.930112
vt 0.444835 0.919321
vt 0.428971 0.929861
vt 0.429988 0.929450
vt 0.444029 0.919671
vt 0.441333 0.922745
vt 0.441330 0.923750
vt 0.443159 0.921956
vt 0.442272 0.920912
vt 0.443165 0.921067
vt 0.444008 0.922091
vt 0.444811 0.921468
vt 0.444806 0.922247
vt 0.428055 0.930453
vt 0.427854 0.931290
vt 0.428248 0.929680
vt 0.427394 0.930355
vt 0.429221 0.929175
vt 0.427625 0.928858
vt 0.427511 0.929570
vt 0.426920 0.934044
vt 0.427224 0.934091
vt 0.444014 0.921252
vt 0.442266 0.921844
vt 0.442261 0.922800
vt 0.442259 0.923770
vt 0.427024 0.935031
vt 0.426106 0.931204
vt 0.426659 0.932086
vt 0.426163 0.932110
vt 0.425878 0.936097
vt 0.425896 0.935860
vt 0.438425 0.923719
vt 0.439405 0.923726
vt 0.426815 0.934980
vt 0.438433 0.921621
vt 0.444002 0.923825
vt 0.444802 0.923047
vt 0.444800 0.923859
vt 0.438425 0.925839
vt 0.439404 0.924778
vt 0.426600 0.934989
vt 0.424959 0.931433
vt 0.425672 0.932183
vt 0.425190 0.932304
vt 0.443154 0.922869
vt 0.443152 0.923795
vt 0.426385 0.934980
vt 0.426690 0.931176
vt 0.426231 0.933064
vt 0.424563 0.929861
vt 0.425397 0.930453
vt 0.424749 0.930616
vt 0.425527 0.931291
vt 0.426726 0.930322
vt 0.426059 0.930355
vt 0.445540 0.923155
vt 0.445544 0.922423
vt 0.445538 0.923897
vt 0.444004 0.922951
vt 0.425769 0.935155
vt 0.425964 0.935064
vt 0.438433 0.927900
vt 0.439408 0.926857
vt 0.439412 0.927864
vt 0.441329 0.924760
vt 0.441330 0.925766
vt 0.443152 0.925653
vt 0.442258 0.924745
vt 0.443151 0.924726
vt 0.445538 0.924644
vt 0.444799 0.924675
vt 0.444800 0.925487
vt 0.445538 0.925387
vt 0.444001 0.924702
vt 0.444002 0.925576
vt 0.442259 0.925716
vt 0.443159 0.927459
vt 0.442261 0.926674
vt 0.443154 0.926567
vt 0.426023 0.929570
vt 0.444008 0.927279
vt 0.444802 0.926288
vt 0.444806 0.927070
vt 0.426176 0.935031
vt 0.425684 0.936257
vt 0.425655 0.936022
vt 0.425524 0.936452
vt 0.425450 0.936227
vt 0.423189 0.930432
vt 0.424120 0.930842
vt 0.423516 0.931128
vt 0.423450 0.933237
vt 0.423377 0.932183
vt 0.423848 0.932941
vt 0.425441 0.933222
vt 0.444817 0.928547
vt 0.444014 0.928091
vt 0.444811 0.927825
vt 0.438439 0.928884
vt 0.439419 0.928837
vt 0.423879 0.931882
vt 0.424723 0.932472
vt 0.424274 0.932685
vt 0.425567 0.935229
vt 0.422407 0.931872
vt 0.422550 0.930816
vt 0.422943 0.931473
vt 0.424408 0.931631
vt 0.424697 0.933530
vt 0.445540 0.926120
vt 0.421548 0.930706
vt 0.421952 0.931261
vt 0.445544 0.926835
vt 0.444004 0.926438
vt 0.440379 0.926818
vt 0.442266 0.927608
vt 0.425064 0.935627
vt 0.425210 0.935468
vt 0.438428 0.926882
vt 0.424630 0.934741
vt 0.424352 0.933738
vt 0.424877 0.934560
vt 0.442300 0.930943
vt 0.443181 0.929920
vt 0.443192 0.930642
vt 0.441352 0.929554
vt 0.441344 0.928661
vt 0.443165 0.928320
vt 0.443172 0.929143
vt 0.444021 0.928867
vt 0.438470 0.931533
vt 0.439438 0.930643
vt 0.442272 0.928511
vt 0.442280 0.929373
vt 0.444835 0.929860
vt 0.444029 0.929599
vt 0.444825 0.929227
vt 0.420901 0.932315
vt 0.421912 0.932321
vt 0.421463 0.932818
vt 0.425393 0.935356
vt 0.425406 0.936675
vt 0.425290 0.936469
vt 0.425333 0.936916
vt 0.425179 0.936737
vt 0.421432 0.934335
vt 0.422453 0.934340
vt 0.422198 0.934767
vt 0.424028 0.933979
vt 0.422907 0.932533
vt 0.737731 0.933313
vt 0.736941 0.932263
vt 0.737748 0.932620
vt 0.422900 0.929800
vt 0.731314 0.932099
vt 0.732295 0.932153
vt 0.422081 0.933361
vt 0.423082 0.933571
vt 0.422749 0.933940
vt 0.424404 0.934949
vt 0.423729 0.934250
vt 0.424906 0.935773
vt 0.420722 0.933930
vt 0.420457 0.932915
vt 0.421065 0.933356
vt 0.423459 0.934550
vt 0.422474 0.932926
vt 0.420945 0.931254
vt 0.421400 0.931762
vt 0.419496 0.933214
vt 0.420075 0.933555
vt 0.420399 0.931859
vt 0.444039 0.930280
vt 0.442289 0.930186
vt 0.438448 0.929823
vt 0.424196 0.935175
vt 0.423856 0.935686
vt 0.423219 0.934874
vt 0.424016 0.935424
vt 0.734209 0.933261
vt 0.734195 0.934207
vt 0.425308 0.937167
vt 0.425122 0.937022
vt 0.734249 0.931497
vt 0.734227 0.932355
vt 0.736106 0.931216
vt 0.736962 0.931566
vt 0.736083 0.931955
vt 0.735207 0.930925
vt 0.736062 0.932746
vt 0.736922 0.933008
vt 0.731295 0.933052
vt 0.732276 0.933096
vt 0.735183 0.931699
vt 0.734274 0.930695
vt 0.731263 0.936121
vt 0.732251 0.935096
vt 0.732244 0.936133
vt 0.733317 0.930530
vt 0.735162 0.932527
vt 0.735130 0.934315
vt 0.736046 0.933581
vt 0.736033 0.934452
vt 0.732344 0.930425
vt 0.731337 0.931196
vt 0.423621 0.936254
vt 0.422840 0.935586
vt 0.423727 0.935965
vt 0.737704 0.934809
vt 0.736906 0.933796
vt 0.737716 0.934045
vt 0.424794 0.935957
vt 0.425333 0.937418
vt 0.425123 0.937312
vt 0.424504 0.936529
vt 0.424594 0.936333
vt 0.424668 0.936131
vt 0.423012 0.935221
vt 0.421733 0.933832
vt 0.735114 0.936220
vt 0.736023 0.935352
vt 0.736017 0.936270
vt 0.737769 0.931972
vt 0.423502 0.936857
vt 0.422607 0.936358
vt 0.423550 0.936553
vt 0.419506 0.934933
vt 0.420437 0.934536
vt 0.420212 0.935166
vt 0.421986 0.935217
vt 0.421819 0.935685
vt 0.422704 0.935966
vt 0.421182 0.934865
vt 0.420986 0.935418
vt 0.738468 0.934326
vt 0.738482 0.933657
vt 0.738458 0.935025
vt 0.736884 0.935465
vt 0.736879 0.936331
vt 0.736893 0.934617
vt 0.735144 0.933402
vt 0.735114 0.938168
vt 0.736015 0.937199
vt 0.736017 0.938130
vt 0.421626 0.936660
vt 0.420844 0.935987
vt 0.421699 0.936168
vt 0.425406 0.937660
vt 0.425179 0.937597
vt 0.419953 0.936478
vt 0.419326 0.935657
vt 0.420050 0.935816
vt 0.733219 0.936151
vt 0.733225 0.935130
vt 0.424199 0.939153
vt 0.423222 0.939448
vt 0.424018 0.938904
vt 0.735120 0.935257
vt 0.731280 0.940331
vt 0.732251 0.939276
vt 0.732262 0.940299
vt 0.734178 0.936180
vt 0.737696 0.935597
vt 0.737691 0.936402
vt 0.731280 0.934046
vt 0.734185 0.935183
vt 0.423503 0.937471
vt 0.422528 0.937161
vt 0.423490 0.937164
vt 0.737691 0.938032
vt 0.736877 0.937207
vt 0.737689 0.937217
vt 0.424471 0.936742
vt 0.425525 0.937882
vt 0.425291 0.937866
vt 0.424420 0.937381
vt 0.424429 0.937166
vt 0.424420 0.936951
vt 0.734178 0.938197
vt 0.734176 0.937188
vt 0.422548 0.936758
vt 0.420758 0.936567
vt 0.731263 0.938243
vt 0.732242 0.937182
vt 0.738450 0.935746
vt 0.738445 0.936483
vt 0.736033 0.939959
vt 0.735120 0.939134
vt 0.736023 0.939053
vt 0.423623 0.938074
vt 0.422608 0.937964
vt 0.423550 0.937775
vt 0.419218 0.937886
vt 0.419920 0.937147
vt 0.419954 0.937816
vt 0.421602 0.937157
vt 0.421627 0.937654
vt 0.422548 0.937564
vt 0.420730 0.937152
vt 0.419217 0.936395
vt 0.420759 0.937738
vt 0.738444 0.937227
vt 0.738445 0.937974
vt 0.736884 0.938955
vt 0.736893 0.939809
vt 0.736879 0.938085
vt 0.735112 0.937193
vt 0.731261 0.937181
vt 0.734209 0.941139
vt 0.734227 0.942059
vt 0.420988 0.938887
vt 0.421700 0.938146
vt 0.421821 0.938629
vt 0.425685 0.938077
vt 0.425452 0.938107
vt 0.419509 0.939349
vt 0.420052 0.938478
vt 0.420215 0.939128
vt 0.733236 0.940254
vt 0.733225 0.939246
vt 0.734195 0.940183
vt 0.735130 0.940084
vt 0.737696 0.938841
vt 0.737704 0.939636
vt 0.731269 0.939296
vt 0.734185 0.939199
vt 0.735162 0.941896
vt 0.736046 0.940841
vt 0.736063 0.941689
vt 0.424471 0.937591
vt 0.425880 0.938237
vt 0.425657 0.938312
vt 0.424505 0.937804
vt 0.422842 0.938736
vt 0.423015 0.939101
vt 0.422706 0.938356
vt 0.420845 0.938318
vt 0.731314 0.942304
vt 0.732276 0.941295
vt 0.738450 0.938714
vt 0.738458 0.939440
vt 0.734274 0.943754
vt 0.734249 0.942933
vt 0.736922 0.941440
vt 0.737716 0.940409
vt 0.737731 0.941152
vt 0.421186 0.939439
vt 0.420441 0.939758
vt 0.420727 0.940364
vt 0.738468 0.940147
vt 0.738482 0.940827
vt 0.423858 0.938642
vt 0.423729 0.938363
vt 0.736906 0.940641
vt 0.735144 0.941007
vt 0.731295 0.941337
vt 0.420080 0.940726
vt 0.735183 0.942740
vt 0.735207 0.943532
vt 0.424595 0.937999
vt 0.422087 0.940943
vt 0.422457 0.939974
vt 0.422753 0.940374
vt 0.426102 0.938356
vt 0.425898 0.938474
vt 0.731364 0.944087
vt 0.732318 0.943163
vt 0.424669 0.938201
vt 0.731337 0.943224
vt 0.736963 0.942913
vt 0.737748 0.941858
vt 0.737769 0.942521
vt 0.197484 0.942268
vt 0.196504 0.942198
vt 0.424796 0.938375
vt 0.422914 0.941772
vt 0.423087 0.940742
vt 0.423455 0.941077
vt 0.736083 0.942495
vt 0.736106 0.943251
vt 0.424908 0.938559
vt 0.423463 0.939772
vt 0.421961 0.943020
vt 0.421919 0.941972
vt 0.422414 0.942422
vt 0.421738 0.940472
vt 0.422480 0.941378
vt 0.421071 0.940938
vt 0.421470 0.941476
vt 0.420463 0.941366
vt 0.419502 0.941053
vt 0.420407 0.942409
vt 0.420908 0.941966
vt 0.736941 0.942200
vt 0.196528 0.940442
vt 0.197497 0.941409
vt 0.196517 0.941348
vt 0.194566 0.942690
vt 0.194579 0.941936
vt 0.192759 0.941431
vt 0.193638 0.942442
vt 0.192746 0.942126
vt 0.421408 0.942519
vt 0.737792 0.943134
vt 0.421558 0.943561
vt 0.736987 0.943573
vt 0.736132 0.943951
vt 0.191898 0.941746
vt 0.191910 0.941091
vt 0.734303 0.944513
vt 0.735234 0.944265
vt 0.193652 0.941714
vt 0.733347 0.944693
vt 0.731394 0.944886
vt 0.732374 0.944807
vt 0.191102 0.941306
vt 0.191113 0.940697
vt 0.191930 0.939625
vt 0.191123 0.940037
vt 0.191131 0.939334
vt 0.194616 0.938378
vt 0.194610 0.939332
vt 0.425067 0.938705
vt 0.423887 0.942422
vt 0.423854 0.941373
vt 0.424281 0.941629
vt 0.423199 0.943848
vt 0.422951 0.942820
vt 0.423525 0.943165
vt 0.425212 0.938864
vt 0.424033 0.940343
vt 0.197523 0.938525
vt 0.196536 0.939488
vt 0.195556 0.940367
vt 0.194592 0.941120
vt 0.194602 0.940249
vt 0.426069 0.943937
vt 0.425297 0.944600
vt 0.425407 0.943839
vt 0.425396 0.938976
vt 0.424967 0.942871
vt 0.424730 0.941841
vt 0.425198 0.942009
vt 0.195546 0.941259
vt 0.193673 0.940084
vt 0.192770 0.940678
vt 0.192780 0.939876
vt 0.424881 0.939768
vt 0.424357 0.940583
vt 0.425570 0.939103
vt 0.423384 0.942121
vt 0.424703 0.940791
vt 0.424759 0.943676
vt 0.424416 0.942673
vt 0.424574 0.944419
vt 0.424129 0.943451
vt 0.422559 0.943465
vt 0.191921 0.940382
vt 0.422911 0.944466
vt 0.193663 0.940925
vt 0.197529 0.935379
vt 0.196549 0.935381
vt 0.196549 0.936431
vt 0.197527 0.937493
vt 0.196547 0.937473
vt 0.425143 0.939928
vt 0.193687 0.938278
vt 0.192787 0.939031
vt 0.192793 0.938152
vt 0.423872 0.944167
vt 0.191937 0.938828
vt 0.191143 0.937823
vt 0.190398 0.938328
vt 0.190403 0.937623
vt 0.191942 0.937999
vt 0.193681 0.939199
vt 0.192799 0.936325
vt 0.193691 0.937330
vt 0.192797 0.937247
vt 0.197507 0.940493
vt 0.191138 0.938593
vt 0.191948 0.936277
vt 0.191146 0.937029
vt 0.191148 0.936221
vt 0.425772 0.939177
vt 0.426166 0.938585
vt 0.427086 0.938356
vt 0.427308 0.938237
vt 0.427292 0.938474
vt 0.425967 0.939268
vt 0.425447 0.941100
vt 0.193681 0.932509
vt 0.192793 0.933545
vt 0.192787 0.932644
vt 0.191946 0.934523
vt 0.191148 0.935406
vt 0.191146 0.934591
vt 0.426594 0.938454
vt 0.426587 0.937168
vt 0.426114 0.943099
vt 0.425679 0.942130
vt 0.426171 0.942203
vt 0.426388 0.939352
vt 0.426237 0.941257
vt 0.425535 0.943013
vt 0.190406 0.936898
vt 0.190406 0.934667
vt 0.190408 0.935413
vt 0.191946 0.937146
vt 0.190408 0.936158
vt 0.427522 0.944709
vt 0.426736 0.943970
vt 0.427404 0.943937
vt 0.193694 0.936364
vt 0.426740 0.938641
vt 0.427027 0.939300
vt 0.426818 0.939351
vt 0.427284 0.943099
vt 0.426667 0.942227
vt 0.427163 0.942203
vt 0.426925 0.940283
vt 0.426640 0.941277
vt 0.426618 0.940296
vt 0.426845 0.938430
vt 0.194623 0.935386
vt 0.194621 0.934377
vt 0.191948 0.935400
vt 0.193694 0.935390
vt 0.192797 0.934465
vt 0.196536 0.932275
vt 0.197523 0.933269
vt 0.195578 0.936417
vt 0.193691 0.934416
vt 0.428981 0.944418
vt 0.428065 0.943839
vt 0.428713 0.943676
vt 0.191937 0.932807
vt 0.191143 0.933785
vt 0.191138 0.932995
vt 0.197529 0.936440
vt 0.192799 0.935394
vt 0.426603 0.939342
vt 0.427025 0.938585
vt 0.427502 0.938077
vt 0.427533 0.938312
vt 0.429510 0.942422
vt 0.428603 0.941841
vt 0.429052 0.941628
vt 0.427042 0.941257
vt 0.426699 0.943128
vt 0.426034 0.944709
vt 0.191921 0.931193
vt 0.191131 0.932229
vt 0.191123 0.931495
vt 0.197497 0.930286
vt 0.196528 0.931288
vt 0.428136 0.942008
vt 0.427863 0.943013
vt 0.427654 0.942129
vt 0.427228 0.940236
vt 0.427441 0.941198
vt 0.427240 0.939267
vt 0.430356 0.943847
vt 0.429342 0.943450
vt 0.429946 0.943164
vt 0.427832 0.941099
vt 0.428430 0.942870
vt 0.190403 0.933930
vt 0.430735 0.944465
vt 0.429683 0.944166
vt 0.190398 0.933207
vt 0.191942 0.933656
vt 0.193687 0.933453
vt 0.197527 0.934318
vt 0.427527 0.940163
vt 0.428093 0.939928
vt 0.428212 0.940963
vt 0.427815 0.940057
vt 0.194566 0.928876
vt 0.194579 0.929682
vt 0.427662 0.937882
vt 0.427738 0.938107
vt 0.429611 0.938073
vt 0.430434 0.938735
vt 0.429505 0.938362
vt 0.194602 0.931453
vt 0.194592 0.930544
vt 0.191930 0.931983
vt 0.193673 0.931593
vt 0.192770 0.930932
vt 0.197469 0.928532
vt 0.196490 0.928605
vt 0.944271 0.630714
vt 0.945297 0.631573
vt 0.944328 0.631498
vt 0.193663 0.930715
vt 0.193638 0.929105
vt 0.192759 0.930138
vt 0.192746 0.929395
vt 0.197507 0.931243
vt 0.192780 0.931770
vt 0.428603 0.939586
vt 0.428922 0.940583
vt 0.428355 0.939768
vt 0.432087 0.943560
vt 0.431832 0.944561
vt 0.431434 0.944046
vt 0.427434 0.939176
vt 0.427780 0.937660
vt 0.427899 0.937865
vt 0.427994 0.938863
vt 0.427810 0.938975
vt 0.427636 0.939103
vt 0.428576 0.940790
vt 0.428981 0.942672
vt 0.941484 0.630238
vt 0.940679 0.630652
vt 0.940628 0.629958
vt 0.429999 0.944814
vt 0.429036 0.939152
vt 0.429544 0.940071
vt 0.428828 0.939378
vt 0.431056 0.942420
vt 0.430995 0.943463
vt 0.430519 0.942819
vt 0.429478 0.941372
vt 0.429876 0.941076
vt 0.429246 0.940342
vt 0.430012 0.942120
vt 0.430482 0.941771
vt 0.191113 0.930798
vt 0.431593 0.943019
vt 0.191910 0.930444
vt 0.939870 0.630274
vt 0.939821 0.629620
vt 0.193652 0.929883
vt 0.191898 0.929743
vt 0.942333 0.629643
vt 0.942289 0.628773
vt 0.431308 0.940942
vt 0.430244 0.940741
vt 0.430577 0.940373
vt 0.427853 0.937418
vt 0.428010 0.937597
vt 0.432644 0.941964
vt 0.431551 0.941971
vt 0.431999 0.941474
vt 0.943371 0.631387
vt 0.943314 0.630616
vt 0.430745 0.937160
vt 0.429742 0.937163
vt 0.194550 0.928133
vt 0.193624 0.928387
vt 0.942382 0.630458
vt 0.941537 0.630965
vt 0.433772 0.942798
vt 0.432690 0.943011
vt 0.433237 0.942407
vt 0.195504 0.927949
vt 0.196474 0.927832
vt 0.942438 0.631211
vt 0.941394 0.628612
vt 0.940582 0.629207
vt 0.940542 0.628405
vt 0.428139 0.938705
vt 0.428066 0.937312
vt 0.428297 0.938559
vt 0.430055 0.939447
vt 0.430261 0.939100
vt 0.429815 0.939771
vt 0.430915 0.941377
vt 0.945141 0.629009
vt 0.944174 0.628960
vt 0.432144 0.942517
vt 0.432535 0.944038
vt 0.943150 0.626973
vt 0.942252 0.627857
vt 0.942222 0.626904
vt 0.191885 0.929098
vt 0.192732 0.928710
vt 0.434140 0.941051
vt 0.434293 0.942093
vt 0.433722 0.941751
vt 0.431656 0.940471
vt 0.432397 0.940936
vt 0.432740 0.940362
vt 0.433088 0.941365
vt 0.433470 0.940724
vt 0.429376 0.938641
vt 0.429217 0.938903
vt 0.939778 0.628912
vt 0.939740 0.628156
vt 0.941436 0.629451
vt 0.945239 0.630781
vt 0.941358 0.627727
vt 0.941329 0.626807
vt 0.428409 0.938375
vt 0.432404 0.938886
vt 0.431340 0.939096
vt 0.431507 0.938628
vt 0.944104 0.627015
vt 0.945102 0.628045
vt 0.944135 0.628007
vt 0.428536 0.938201
vt 0.943181 0.627950
vt 0.939682 0.626532
vt 0.938968 0.627127
vt 0.938944 0.626357
vt 0.428609 0.937998
vt 0.428774 0.937165
vt 0.940507 0.627561
vt 0.940480 0.626682
vt 0.428700 0.937803
vt 0.942199 0.625922
vt 0.942184 0.624922
vt 0.430667 0.937963
vt 0.430726 0.937563
vt 0.430569 0.938355
vt 0.433025 0.939757
vt 0.432207 0.939438
vt 0.433250 0.939126
vt 0.945030 0.624958
vt 0.944064 0.624952
vt 0.433788 0.940049
vt 0.434487 0.940314
vt 0.434743 0.941340
vt 0.434761 0.939545
vt 0.434039 0.939347
vt 0.939708 0.627360
vt 0.942176 0.623913
vt 0.941292 0.624894
vt 0.940459 0.625778
vt 0.940445 0.624856
vt 0.939649 0.624810
vt 0.938926 0.625564
vt 0.938913 0.624756
vt 0.432545 0.938317
vt 0.433412 0.938476
vt 0.433510 0.937814
vt 0.434959 0.938754
vt 0.434219 0.938623
vt 0.434328 0.937884
vt 0.429730 0.937470
vt 0.429683 0.937774
vt 0.939662 0.625679
vt 0.941307 0.625859
vt 0.940438 0.623926
vt 0.945070 0.627043
vt 0.941285 0.623919
vt 0.428732 0.937590
vt 0.432630 0.936565
vt 0.431724 0.937156
vt 0.945022 0.623897
vt 0.428783 0.937381
vt 0.938907 0.623941
vt 0.432659 0.937151
vt 0.434364 0.937139
vt 0.945022 0.622836
vt 0.435077 0.937947
vt 0.939642 0.623933
vt 0.433542 0.937145
vt 0.055303 0.918564
vt 0.053615 0.917231
vt 0.055063 0.916875
vt 0.054058 0.920993
vt 0.056615 0.915380
vt 0.054864 0.915458
vt 0.053161 0.915876
vt 0.413286 0.936598
vt 0.414944 0.934653
vt 0.414929 0.936590
vt 0.413339 0.933180
vt 0.414987 0.932792
vt 0.053408 0.921470
vt 0.054165 0.918843
vt 0.053104 0.919339
vt 0.416747 0.936585
vt 0.416763 0.934528
vt 0.756478 0.931871
vt 0.756455 0.933431
vt 0.416809 0.932553
vt 0.418730 0.932445
vt 0.416885 0.930736
vt 0.418808 0.930580
vt 0.418682 0.934472
vt 0.052264 0.917861
vt 0.756455 0.944463
vt 0.758195 0.943875
vt 0.051573 0.916618
vt 0.051063 0.918743
vt 0.050159 0.917654
vt 0.048976 0.918946
vt 0.050056 0.919841
vt 0.055573 0.920459
vt 0.054789 0.920651
vt 0.051368 0.920894
vt 0.056473 0.918512
vt 0.052159 0.920031
vt 0.052863 0.922064
vt 0.048775 0.922513
vt 0.050762 0.921894
vt 0.050362 0.922993
vt 0.418912 0.928948
vt 0.416987 0.929146
vt 0.050236 0.925317
vt 0.052275 0.925893
vt 0.050516 0.926453
vt 0.049284 0.921114
vt 0.754599 0.931456
vt 0.756507 0.930569
vt 0.754574 0.933112
vt 0.054419 0.923260
vt 0.752650 0.931269
vt 0.754629 0.930074
vt 0.052169 0.923510
vt 0.048068 0.920443
vt 0.758216 0.932543
vt 0.759728 0.934641
vt 0.759714 0.935986
vt 0.048615 0.925471
vt 0.050184 0.924149
vt 0.752624 0.932968
vt 0.048549 0.923984
vt 0.054198 0.923624
vt 0.052445 0.922753
vt 0.756427 0.937076
vt 0.758170 0.937228
vt 0.752605 0.934882
vt 0.754556 0.934978
vt 0.052047 0.924307
vt 0.052083 0.925111
vt 0.054052 0.924024
vt 0.052617 0.926623
vt 0.054108 0.925284
vt 0.054289 0.925670
vt 0.759706 0.937431
vt 0.758167 0.938979
vt 0.759704 0.938920
vt 0.049602 0.928264
vt 0.051012 0.927512
vt 0.754545 0.936982
vt 0.752594 0.936939
vt 0.759706 0.940396
vt 0.053988 0.924445
vt 0.752590 0.939058
vt 0.754541 0.939047
vt 0.194282 0.916267
vt 0.196078 0.915128
vt 0.196044 0.916661
vt 0.054007 0.924871
vt 0.756438 0.942787
vt 0.050485 0.929463
vt 0.051705 0.928454
vt 0.754545 0.941095
vt 0.754556 0.943045
vt 0.756427 0.940950
vt 0.756424 0.939022
vt 0.754574 0.944824
vt 0.052570 0.929243
vt 0.051585 0.930467
vt 0.752594 0.941159
vt 0.060145 0.928904
vt 0.059453 0.926987
vt 0.060935 0.928041
vt 0.194320 0.914563
vt 0.196125 0.913790
vt 0.048971 0.926916
vt 0.192429 0.914217
vt 0.194372 0.913077
vt 0.053572 0.929848
vt 0.052860 0.931238
vt 0.752605 0.943160
vt 0.053095 0.927272
vt 0.049480 0.930260
vt 0.050774 0.931441
vt 0.192388 0.916025
vt 0.752624 0.944985
vt 0.196022 0.918330
vt 0.194258 0.918122
vt 0.759728 0.943084
vt 0.055831 0.930423
vt 0.055937 0.928628
vt 0.192363 0.917994
vt 0.054262 0.931745
vt 0.055736 0.931970
vt 0.190475 0.914061
vt 0.192484 0.912639
vt 0.054380 0.928232
vt 0.054673 0.930247
vt 0.197606 0.917191
vt 0.197588 0.918611
vt 0.056471 0.926711
vt 0.056743 0.928592
vt 0.190433 0.915917
vt 0.196015 0.920072
vt 0.197582 0.920092
vt 0.197635 0.915887
vt 0.197588 0.921578
vt 0.196022 0.921820
vt 0.057225 0.931903
vt 0.058139 0.930092
vt 0.058673 0.931547
vt 0.190407 0.917938
vt 0.057001 0.930371
vt 0.192354 0.920049
vt 0.194250 0.920058
vt 0.194258 0.921999
vt 0.192363 0.922110
vt 0.056044 0.926730
vt 0.190398 0.920046
vt 0.057526 0.928400
vt 0.196044 0.923505
vt 0.197606 0.923012
vt 0.061226 0.930036
vt 0.059200 0.929596
vt 0.190407 0.922161
vt 0.057903 0.925862
vt 0.057615 0.926177
vt 0.060024 0.930917
vt 0.194282 0.923872
vt 0.192388 0.924099
vt 0.194320 0.925605
vt 0.196078 0.925065
vt 0.192429 0.925938
vt 0.056885 0.926609
vt 0.190433 0.924202
vt 0.058258 0.928058
vt 0.058908 0.927581
vt 0.061942 0.925941
vt 0.059871 0.926298
vt 0.060146 0.925541
vt 0.197635 0.924338
vt 0.062110 0.930933
vt 0.062233 0.928937
vt 0.061542 0.927041
vt 0.063005 0.927664
vt 0.190475 0.926089
vt 0.768618 0.923638
vt 0.766899 0.925740
vt 0.766878 0.924201
vt 0.063294 0.929642
vt 0.057271 0.926429
vt 0.192484 0.927557
vt 0.190531 0.927751
vt 0.768642 0.934680
vt 0.768658 0.932954
vt 0.058335 0.924677
vt 0.060268 0.924745
vt 0.770525 0.935012
vt 0.770542 0.933180
vt 0.768618 0.936197
vt 0.766899 0.934138
vt 0.194372 0.927130
vt 0.063740 0.924794
vt 0.062120 0.924785
vt 0.772476 0.935160
vt 0.770500 0.936622
vt 0.765380 0.930656
vt 0.768666 0.931085
vt 0.770550 0.931196
vt 0.058124 0.925498
vt 0.768666 0.929145
vt 0.060232 0.923940
vt 0.062068 0.923617
vt 0.770550 0.929136
vt 0.772493 0.933280
vt 0.768658 0.927208
vt 0.770542 0.927079
vt 0.063318 0.921862
vt 0.061788 0.922482
vt 0.772502 0.931244
vt 0.058270 0.925098
vt 0.063514 0.926265
vt 0.062687 0.920514
vt 0.061292 0.921423
vt 0.768642 0.925348
vt 0.770525 0.925106
vt 0.772502 0.929130
vt 0.766913 0.927413
vt 0.765362 0.926265
vt 0.063673 0.923307
vt 0.770500 0.923290
vt 0.772493 0.927020
vt 0.766851 0.922855
vt 0.768589 0.922143
vt 0.765374 0.927688
vt 0.059734 0.919692
vt 0.058625 0.921236
vt 0.770468 0.921702
vt 0.060704 0.918311
vt 0.060599 0.920481
vt 0.772476 0.924994
vt 0.059698 0.922429
vt 0.063828 0.919737
vt 0.061804 0.919315
vt 0.062790 0.918327
vt 0.772450 0.923131
vt 0.061496 0.917147
vt 0.059428 0.917541
vt 0.057631 0.918688
vt 0.058027 0.917033
vt 0.772418 0.921502
vt 0.058732 0.919087
vt 0.416885 0.942459
vt 0.415154 0.943637
vt 0.415059 0.942123
vt 0.413339 0.940025
vt 0.414987 0.940398
vt 0.416809 0.940628
vt 0.057466 0.922822
vt 0.418912 0.944259
vt 0.418808 0.942609
vt 0.057177 0.920545
vt 0.059997 0.916241
vt 0.413403 0.941577
vt 0.415059 0.931080
vt 0.058349 0.915644
vt 0.418730 0.940731
vt 0.056553 0.916809
vt 0.057101 0.922601
vt 0.057935 0.920819
vt 0.413300 0.938344
vt 0.416763 0.938645
vt 0.418682 0.938696
vt 0.056700 0.922456
vt 0.414944 0.938530
vt 0.418666 0.936582
vt 0.056278 0.922392
vt 0.056379 0.920423
vt 0.413403 0.931639
vt 0.196125 0.926437
vt 0.415154 0.929583
vt 0.413489 0.930291
vt 0.582783 0.936370
vt 0.084446 0.852267
vt 0.086395 0.931112
vt 0.082429 0.927684
vt 0.174804 0.880617
vt 0.158189 0.880576
vt 0.174803 0.884540
vt 0.283263 0.560215
vt 0.440593 0.556227
vt 0.405951 0.531851
vt 0.174802 0.888984
vt 0.600334 0.931095
vt 0.600340 0.928179
vt 0.688764 0.671901
vt 0.687014 0.672078
vt 0.682994 0.671945
vt 0.671920 0.668602
vt 0.670414 0.669104
vt 0.697179 0.706301
vt 0.697551 0.705540
vt 0.696131 0.702150
vt 0.694840 0.697684
vt 0.694196 0.695582
vt 0.691444 0.671629
vt 0.700405 0.672812
vt 0.697145 0.671847
vt 0.706826 0.677229
vt 0.703526 0.674897
vt 0.704276 0.680132
vt 0.709532 0.680936
vt 0.701371 0.679817
vt 0.694208 0.694289
vt 0.699597 0.680496
vt 0.694647 0.693745
vt 0.695395 0.693317
vt 0.696482 0.694041
vt 0.697681 0.694608
vt 0.699182 0.681702
vt 0.699358 0.683048
vt 0.698758 0.694584
vt 0.699334 0.693602
vt 0.699366 0.691917
vt 0.698210 0.689996
vt 0.697406 0.688879
vt 0.700405 0.684292
vt 0.701621 0.685301
vt 0.697004 0.687848
vt 0.700609 0.687354
vt 0.701363 0.687564
vt 0.698858 0.686808
vt 0.697327 0.686934
vt 0.163670 0.439165
vt 0.184704 0.414880
vt 0.163317 0.406321
vt 0.257590 0.302765
vt 0.267838 0.311650
vt 0.158494 0.404325
vt 0.156021 0.401845
vt 0.253219 0.299782
vt 0.247266 0.298856
vt 0.156011 0.399820
vt 0.158534 0.395452
vt 0.741550 0.767978
vt 0.746665 0.764279
vt 0.746484 0.763676
vt 0.744636 0.723663
vt 0.744614 0.722059
vt 0.741982 0.725740
vt 0.743763 0.724546
vt 0.746121 0.761643
vt 0.746605 0.758340
vt 0.746346 0.757019
vt 0.744763 0.756216
vt 0.743131 0.755826
vt 0.741416 0.755276
vt 0.739822 0.727806
vt 0.737672 0.732943
vt 0.738530 0.731034
vt 0.739000 0.728935
vt 0.739854 0.754678
vt 0.736018 0.738508
vt 0.737275 0.734488
vt 0.738163 0.753200
vt 0.735368 0.741931
vt 0.734994 0.745124
vt 0.220805 0.425332
vt 0.702551 0.710411
vt 0.744315 0.721381
vt 0.743808 0.720677
vt 0.742805 0.720680
vt 0.741501 0.721183
vt 0.739682 0.721932
vt 0.738307 0.722424
vt 0.736566 0.723149
vt 0.734635 0.722343
vt 0.733801 0.721751
vt 0.732292 0.722057
vt 0.731279 0.722789
vt 0.730059 0.722885
vt 0.703310 0.711308
vt 0.704642 0.712766
vt 0.729029 0.722938
vt 0.706336 0.713460
vt 0.708135 0.713732
vt 0.727909 0.722867
vt 0.727335 0.722244
vt 0.710425 0.713901
vt 0.712833 0.714015
vt 0.718431 0.714369
vt 0.716193 0.713880
vt 0.721901 0.716484
vt 0.720053 0.715619
vt 0.726006 0.719524
vt 0.724796 0.718323
vt 0.893578 0.658447
vt 0.762383 0.796943
vt 0.764062 0.793970
vt 0.763411 0.791143
vt 0.762184 0.786029
vt 0.753015 0.773937
vt 0.750770 0.770378
vt 0.754659 0.776047
vt 0.762150 0.783666
vt 0.756433 0.777246
vt 0.763738 0.781199
vt 0.763195 0.779613
vt 0.761069 0.777663
vt 0.893510 0.651526
vt 0.262598 0.431300
vt 0.893263 0.642476
vt 0.353186 0.423470
vt 0.768415 0.803433
vt 0.892975 0.652210
vt 0.846943 0.655851
vt 0.892225 0.675444
vt 0.372333 0.401350
vt 0.381527 0.409374
vt 0.379826 0.416385
vt 0.371002 0.418817
vt 0.846943 0.658218
vt 0.455604 0.436674
vt 0.172559 0.230005
vt 0.049955 0.331496
vt 0.028362 0.356425
vt 0.052408 0.333243
vt 0.188056 0.244652
vt 0.192980 0.250978
vt 0.071029 0.346241
vt 0.080277 0.352323
vt 0.195965 0.258286
vt 0.196311 0.264031
vt 0.088167 0.356621
vt 0.096876 0.359695
vt 0.117079 0.354945
vt 0.101868 0.360635
vt 0.739242 0.490877
vt 0.719147 0.505411
vt 0.736189 0.512260
vt 0.771820 0.551718
vt 0.773151 0.483732
vt 0.791209 0.514774
vt 0.685245 0.526637
vt 0.707513 0.513825
vt 0.735466 0.488649
vt 0.716741 0.481881
vt 0.700926 0.498085
vt 0.683296 0.501238
vt 0.696614 0.507222
vt 0.649366 0.512381
vt 0.657601 0.469915
vt 0.817863 0.818011
vt 0.602063 0.520190
vt 0.575982 0.537911
vt 0.713342 0.463599
vt 0.625270 0.529799
vt 0.586986 0.904577
vt 0.476592 0.897796
vt 0.847512 0.499314
vt 0.158174 0.916159
vt 0.476309 0.948598
vt 0.891962 0.655802
vt 0.891962 0.658170
vt 0.847217 0.675625
vt 0.204442 0.888428
vt 0.573901 0.137268
vt 0.866093 0.364766
vt 0.895246 0.331017
vt 0.894956 0.335115
vt 0.824078 0.075661
vt 0.738722 0.069922
vt 0.752547 0.074197
vt 0.770068 0.055147
vt 0.714752 0.066360
vt 0.689067 0.028231
vt 0.654448 0.068363
vt 0.582823 0.125369
vt 0.587670 0.119750
vt 0.578915 0.122996
vt 0.571625 0.131456
vt 0.569862 0.133502
vt 0.570252 0.134106
vt 0.581134 0.125995
vt 0.574460 0.111843
vt 0.564749 0.131664
vt 0.575200 0.136672
vt 0.583477 0.127056
vt 0.867870 0.251602
vt 0.879559 0.252476
vt 0.910337 0.216799
vt 0.896460 0.281598
vt 0.894872 0.267516
vt 0.832551 0.126128
vt 0.476309 0.902755
vt 0.476354 0.859583
vt 0.458120 0.932832
vt 0.476532 0.932464
vt 0.459495 0.915108
vt 0.893578 0.705028
vt 0.476439 0.960786
vt 0.450797 0.917011
vt 0.457906 0.911302
vt 0.204473 0.895154
vt 0.848329 0.617039
vt 0.846854 0.896884
vt 0.848506 0.656359
vt 0.620881 0.906249
vt 0.848571 0.635684
vt 0.476360 0.985922
vt 0.893749 0.502206
vt 0.848255 0.642657
vt 0.847967 0.652391
vt 0.819790 0.869508
vt 0.723917 0.646467
vt 0.723071 0.645639
vt 0.720885 0.644048
vt 0.710575 0.639406
vt 0.708271 0.638217
vt 0.711625 0.595272
vt 0.698367 0.611170
vt 0.726750 0.603613
vt 0.710961 0.636860
vt 0.713671 0.636350
vt 0.718203 0.636107
vt 0.773626 0.553718
vt 0.722252 0.636260
vt 0.821379 0.575951
vt 0.817571 0.567216
vt 0.806119 0.584237
vt 0.805962 0.587106
vt 0.802530 0.572330
vt 0.804442 0.580963
vt 0.800912 0.560899
vt 0.799922 0.558579
vt 0.730838 0.638569
vt 0.750152 0.626725
vt 0.759822 0.613746
vt 0.775785 0.592088
vt 0.778388 0.588346
vt 0.798469 0.555868
vt 0.699653 0.709740
vt 0.722041 0.696309
vt 0.722248 0.695131
vt 0.723378 0.693180
vt 0.725819 0.690282
vt 0.728738 0.687671
vt 0.733759 0.679552
vt 0.735598 0.673554
vt 0.736691 0.668594
vt 0.734994 0.663341
vt 0.732631 0.657982
vt 0.725679 0.648193
vt 0.680750 0.552736
vt 0.740187 0.549510
vt 0.658709 0.549123
vt 0.459172 0.579572
vt 0.611708 0.549540
vt 0.644100 0.529203
vt 0.942190 0.924908
vt 0.448143 0.884140
vt 0.805019 0.931018
vt 0.246021 0.921925
vt 0.246021 0.941624
vt 0.370001 0.887438
vt 0.365492 0.882919
vt 0.288683 0.836019
vt 0.299300 0.841172
vt 0.357559 0.834861
vt 0.354840 0.876930
vt 0.337959 0.906852
vt 0.941718 0.695120
vt 0.197646 0.880576
vt 0.942191 0.936175
vt 0.133251 0.732153
vt 0.459218 0.463636
vt 0.197646 0.923969
vt 0.279774 0.647535
vt 0.939176 0.934588
vt 0.670254 0.945328
vt 0.943177 0.705511
vt 0.945897 0.703787
vt 0.686724 0.930212
vt 0.943296 0.683682
vt 0.944742 0.931904
vt 0.139437 0.715463
vt 0.436914 0.884140
vt 0.141655 0.878367
vt 0.131924 0.866977
vt 0.031670 0.846142
vt 0.078143 0.818683
vt 0.248881 0.940807
vt 0.006536 0.776907
vt 0.003617 0.766040
vt 0.000009 0.745260
vt 0.001393 0.764038
vt 0.006484 0.775618
vt 0.006533 0.788702
vt 0.776030 0.815925
vt 0.842637 0.738916
vt 0.843884 0.733236
vt 0.845588 0.719167
vt 0.847217 0.705150
vt 0.834158 0.701000
vt 0.790222 0.735266
vt 0.790943 0.739748
vt 0.784499 0.762862
vt 0.758950 0.755394
vt 0.757575 0.757940
vt 0.759830 0.756074
vt 0.782990 0.760983
vt 0.779678 0.750398
vt 0.775099 0.767626
vt 0.772307 0.767222
vt 0.763902 0.764779
vt 0.758735 0.763901
vt 0.756643 0.713356
vt 0.755438 0.712319
vt 0.752533 0.709006
vt 0.748487 0.704561
vt 0.746278 0.703484
vt 0.745039 0.705294
vt 0.742917 0.709047
vt 0.739212 0.711598
vt 0.734707 0.712312
vt 0.729971 0.711889
vt 0.726660 0.709914
vt 0.724924 0.707320
vt 0.722463 0.700096
vt 0.722259 0.699110
vt 0.721893 0.697155
vt 0.757920 0.754599
vt 0.754711 0.752629
vt 0.750287 0.751160
vt 0.743548 0.748435
vt 0.741849 0.746677
vt 0.739933 0.742200
vt 0.759885 0.716145
vt 0.740695 0.739259
vt 0.744299 0.736870
vt 0.770482 0.722360
vt 0.750354 0.737813
vt 0.772450 0.721654
vt 0.753453 0.739479
vt 0.754711 0.740850
vt 0.777084 0.719670
vt 0.822986 0.697453
vt 0.823931 0.664670
vt 0.805960 0.677673
vt 0.787683 0.713113
vt 0.772112 0.704361
vt 0.770328 0.703454
vt 0.801022 0.685662
vt 0.754546 0.672792
vt 0.754055 0.668130
vt 0.755711 0.666343
vt 0.765184 0.662525
vt 0.768919 0.661047
vt 0.814271 0.629580
vt 0.815074 0.622850
vt 0.815597 0.619299
vt 0.814998 0.616832
vt 0.801196 0.625957
vt 0.786188 0.636362
vt 0.733965 0.640839
vt 0.770613 0.644594
vt 0.758586 0.650713
vt 0.749605 0.656033
vt 0.740215 0.638265
vt 0.761039 0.635252
vt 0.805770 0.590608
vt 0.803224 0.599021
vt 0.836879 0.613223
vt 0.832108 0.600566
vt 0.763691 0.700080
vt 0.752835 0.693798
vt 0.752113 0.692418
vt 0.752440 0.689915
vt 0.754614 0.673436
vt 0.753613 0.687708
vt 0.754826 0.674234
vt 0.756238 0.674435
vt 0.783895 0.672867
vt 0.755735 0.687260
vt 0.808575 0.668419
vt 0.824236 0.653951
vt 0.847217 0.647821
vt 0.841524 0.625548
vt 0.813902 0.632670
vt 0.810764 0.642462
vt 0.775984 0.658790
vt 0.804329 0.647797
vt 0.529249 0.857359
vt 0.044389 0.319877
vt 0.460653 0.772762
vt 0.863831 0.843627
vt 0.245989 0.923827
vt 0.440548 0.723226
vt 0.288761 0.711249
vt 0.283263 0.719380
vt 0.283892 0.726056
vt 0.286235 0.748643
vt 0.287682 0.759617
vt 0.289588 0.768397
vt 0.292958 0.776996
vt 0.300715 0.786788
vt 0.305101 0.788439
vt 0.309763 0.789175
vt 0.434477 0.785649
vt 0.438054 0.778612
vt 0.439620 0.770751
vt 0.143281 0.474345
vt 0.283199 0.496725
vt 0.283263 0.478418
vt 0.282679 0.473158
vt 0.141655 0.469385
vt 0.148412 0.463636
vt 0.143456 0.464567
vt 0.273347 0.464964
vt 0.283263 0.622402
vt 0.221681 0.601859
vt 0.172478 0.542104
vt 0.196572 0.575548
vt 0.153674 0.504808
vt 0.257885 0.632589
vt 0.269085 0.640064
vt 0.279650 0.647536
vt 0.457743 0.463746
vt 0.982983 0.122957
vt 0.806470 0.890665
vt 0.965847 0.332270
vt 0.457343 0.544539
vt 0.806568 0.930966
vt 0.982778 0.061560
vt 0.984350 0.825597
vt 0.806568 0.857388
vt 0.966027 0.188378
vt 0.457743 0.650309
vt 0.669458 0.670373
vt 0.670666 0.673411
vt 0.667955 0.685796
vt 0.667231 0.687400
vt 0.666122 0.689856
vt 0.664515 0.695333
vt 0.664394 0.698731
vt 0.665378 0.702354
vt 0.666541 0.706225
vt 0.669196 0.709968
vt 0.670105 0.704727
vt 0.670730 0.701871
vt 0.696339 0.706413
vt 0.687962 0.700069
vt 0.689750 0.701347
vt 0.693576 0.703989
vt 0.671938 0.700404
vt 0.686732 0.699670
vt 0.674434 0.700988
vt 0.686077 0.699913
vt 0.685930 0.703066
vt 0.685774 0.701748
vt 0.685433 0.700487
vt 0.675281 0.702375
vt 0.675851 0.703849
vt 0.676702 0.705084
vt 0.684450 0.704314
vt 0.685565 0.704080
vt 0.681388 0.702104
vt 0.682842 0.703810
vt 0.680584 0.700986
vt 0.678079 0.704323
vt 0.678120 0.703541
vt 0.678159 0.701707
vt 0.679735 0.700278
vt 0.151809 0.880576
vt 0.147054 0.828728
vt 0.204413 0.686833
vt 0.846613 0.512708
vt 0.251411 0.648505
vt 0.204364 0.680352
vt 0.308754 0.271691
vt 0.305185 0.268564
vt 0.294938 0.259680
vt 0.395599 0.171586
vt 0.416660 0.147309
vt 0.384095 0.151627
vt 0.291365 0.255775
vt 0.289605 0.250013
vt 0.381435 0.147135
vt 0.378629 0.145039
vt 0.291348 0.243353
vt 0.697038 0.756303
vt 0.698552 0.756833
vt 0.699667 0.756285
vt 0.701366 0.754974
vt 0.736414 0.771657
vt 0.735901 0.771293
vt 0.704011 0.753581
vt 0.705343 0.753160
vt 0.707484 0.753381
vt 0.709567 0.753173
vt 0.734089 0.770304
vt 0.729633 0.769048
vt 0.730803 0.769713
vt 0.729525 0.765619
vt 0.729375 0.767292
vt 0.729549 0.763817
vt 0.711157 0.753286
vt 0.715369 0.753370
vt 0.729479 0.762146
vt 0.718821 0.753841
vt 0.721967 0.754500
vt 0.728616 0.760071
vt 0.411064 0.205845
vt 0.699977 0.713706
vt 0.696490 0.755803
vt 0.696306 0.754148
vt 0.695984 0.755099
vt 0.698486 0.751584
vt 0.697197 0.753071
vt 0.700631 0.749013
vt 0.699390 0.750435
vt 0.700955 0.744612
vt 0.700185 0.745946
vt 0.700481 0.746926
vt 0.701972 0.743883
vt 0.702451 0.742757
vt 0.701056 0.717261
vt 0.702829 0.741796
vt 0.700742 0.719053
vt 0.700174 0.721279
vt 0.699516 0.723599
vt 0.699344 0.725196
vt 0.703117 0.740712
vt 0.702709 0.739969
vt 0.698320 0.726745
vt 0.698072 0.729023
vt 0.701566 0.738687
vt 0.700552 0.737845
vt 0.698974 0.732986
vt 0.699174 0.734662
vt 0.844151 0.567750
vt 0.740892 0.777488
vt 0.743552 0.780749
vt 0.759031 0.797592
vt 0.752099 0.793288
vt 0.756557 0.796076
vt 0.745029 0.782978
vt 0.745602 0.785042
vt 0.749870 0.792506
vt 0.744521 0.789573
vt 0.744947 0.790865
vt 0.747025 0.793228
vt 0.846596 0.530449
vt 0.422897 0.246375
vt 0.847051 0.501660
vt 0.427987 0.337178
vt 0.766615 0.804729
vt 0.846742 0.505341
vt 0.427660 0.342126
vt 0.425902 0.355483
vt 0.424743 0.364567
vt 0.418043 0.367248
vt 0.408797 0.359284
vt 0.315572 0.025092
vt 0.296031 0.052193
vt 0.210860 0.185820
vt 0.311537 0.068784
vt 0.318869 0.077077
vt 0.227556 0.199085
vt 0.234516 0.203062
vt 0.324243 0.084278
vt 0.328519 0.092465
vt 0.242172 0.204980
vt 0.247909 0.204506
vt 0.330158 0.097274
vt 0.330818 0.104746
vt 0.147012 0.808613
vt 0.200166 0.647536
vt 0.499670 0.663383
vt 0.479498 0.677833
vt 0.461941 0.707731
vt 0.470393 0.717753
vt 0.485640 0.734712
vt 0.526844 0.728044
vt 0.471109 0.649250
vt 0.478584 0.673544
vt 0.511348 0.655018
vt 0.530578 0.637961
vt 0.508550 0.642585
vt 0.498513 0.643775
vt 0.507107 0.628054
vt 0.510696 0.539099
vt 0.764703 0.856273
vt 0.461856 0.644610
vt 0.552634 0.582080
vt 0.086458 0.891220
vt 0.834066 0.927655
vt 0.455901 0.946083
vt 0.891723 0.506138
vt 0.839049 0.395970
vt 0.847804 0.419585
vt 0.853829 0.452048
vt 0.809774 0.429636
vt 0.564107 0.375721
vt 0.548222 0.365691
vt 0.535315 0.324845
vt 0.529122 0.311764
vt 0.522195 0.288537
vt 0.514365 0.285888
vt 0.504291 0.283508
vt 0.515606 0.228562
vt 0.560479 0.144268
vt 0.558510 0.153396
vt 0.563385 0.147797
vt 0.563765 0.146036
vt 0.569598 0.133807
vt 0.567822 0.135844
vt 0.494846 0.203355
vt 0.547297 0.143185
vt 0.562848 0.150858
vt 0.571197 0.141291
vt 0.729813 0.425256
vt 0.727293 0.413803
vt 0.698856 0.460811
vt 0.642147 0.420058
vt 0.766802 0.437127
vt 0.761033 0.437856
vt 0.746868 0.438285
vt 0.606427 0.401258
vt 0.598071 0.396677
vt 0.983178 0.177861
vt 0.938907 0.465202
vt 0.450277 0.907660
vt 0.048068 0.891286
vt 0.198157 0.886244
vt 0.888284 0.493664
vt 0.891634 0.512781
vt 0.384852 0.884734
vt 0.646803 0.906249
vt 0.891617 0.530452
vt 0.607850 0.904432
vt 0.200166 0.815530
vt 0.953487 0.352377
vt 0.137787 0.682652
vt 0.631934 0.712674
vt 0.609046 0.678591
vt 0.631417 0.711608
vt 0.630603 0.709030
vt 0.629479 0.697776
vt 0.629473 0.700851
vt 0.629084 0.695213
vt 0.587290 0.684765
vt 0.625596 0.699743
vt 0.590390 0.701759
vt 0.528166 0.730392
vt 0.502657 0.752094
vt 0.526994 0.776363
vt 0.534068 0.782748
vt 0.549549 0.771663
vt 0.546779 0.770902
vt 0.544207 0.768272
vt 0.536627 0.763717
vt 0.623924 0.703966
vt 0.526301 0.758556
vt 0.622783 0.707854
vt 0.524415 0.756880
vt 0.622242 0.716733
vt 0.589484 0.736349
vt 0.604869 0.731295
vt 0.559493 0.745900
vt 0.563869 0.744618
vt 0.550830 0.748399
vt 0.679797 0.726715
vt 0.698970 0.712044
vt 0.678614 0.726537
vt 0.676405 0.726990
vt 0.665937 0.731324
vt 0.669476 0.730326
vt 0.660180 0.732512
vt 0.648855 0.731815
vt 0.653906 0.732353
vt 0.640082 0.724595
vt 0.644413 0.728538
vt 0.633010 0.714893
vt 0.636103 0.719632
vt 0.247447 0.944264
vt 0.534805 0.697337
vt 0.556760 0.641979
vt 0.560340 0.619925
vt 0.135641 0.852845
vt 0.138265 0.929343
vt 0.574607 0.575093
vt 0.575672 0.575477
vt 0.576056 0.577059
vt 0.546087 0.599749
vt 0.647608 0.906249
vt 0.459534 0.697187
vt 0.138265 0.929357
vt -0.000000 0.745386
vt 0.070727 0.699076
vt 0.004511 0.740863
vt 0.021680 0.796867
vt 0.015167 0.734868
vt 0.056095 0.753437
vt 0.938907 0.700351
vt 0.140250 0.738943
vt 0.761817 0.942977
vt 0.133344 0.732153
vt 0.688380 0.925110
vt 0.941772 0.681274
vt 0.458136 0.697187
vt 0.944797 0.631574
vt 0.081371 0.796867
vt 0.943714 0.942715
vt 0.796016 0.930966
vt 0.761729 0.929850
vt 0.139437 0.706990
vt 0.805018 0.930966
vt 0.941718 0.631573
vt 0.139688 0.939421
vt 0.279774 0.824285
vt 0.765265 0.906193
vt 0.131922 0.864776
vt 0.141655 0.853384
vt 0.041824 0.664744
vt 0.689704 0.906202
vt 0.440429 0.828540
vt 0.444036 0.807760
vt 0.442652 0.826538
vt 0.437562 0.838118
vt 0.437513 0.851202
vt 0.437509 0.839407
vt 0.681840 0.854653
vt 0.662177 0.851181
vt 0.676058 0.854031
vt 0.648587 0.834568
vt 0.648368 0.848275
vt 0.695052 0.803766
vt 0.696117 0.805029
vt 0.699072 0.805874
vt 0.723036 0.807100
vt 0.712752 0.798569
vt 0.721734 0.805073
vt 0.730542 0.799696
vt 0.724083 0.780490
vt 0.724448 0.781541
vt 0.726934 0.779994
vt 0.729207 0.779456
vt 0.731048 0.796918
vt 0.684960 0.764951
vt 0.679213 0.754422
vt 0.682142 0.759671
vt 0.684360 0.763479
vt 0.678894 0.751985
vt 0.685239 0.750562
vt 0.681004 0.751384
vt 0.688836 0.747857
vt 0.690946 0.743810
vt 0.692051 0.739183
vt 0.691230 0.735415
vt 0.689323 0.732945
vt 0.682384 0.727811
vt 0.683254 0.728317
vt 0.686577 0.730035
vt 0.722810 0.775590
vt 0.723657 0.779260
vt 0.722385 0.763667
vt 0.722825 0.770927
vt 0.721259 0.761498
vt 0.717624 0.758257
vt 0.686573 0.768912
vt 0.714593 0.758047
vt 0.711181 0.760707
vt 0.689095 0.780940
vt 0.710149 0.766750
vt 0.687799 0.782583
vt 0.711643 0.771849
vt 0.710743 0.770221
vt 0.684445 0.786349
vt 0.635437 0.800409
vt 0.617392 0.813330
vt 0.648778 0.822842
vt 0.674856 0.794322
vt 0.671510 0.776771
vt 0.671218 0.774790
vt 0.644584 0.798261
vt 0.647159 0.750086
vt 0.641710 0.748130
vt 0.634040 0.756919
vt 0.640673 0.749144
vt 0.587188 0.793027
vt 0.629382 0.762815
vt 0.580549 0.791653
vt 0.574866 0.789671
vt 0.577016 0.791022
vt 0.587909 0.779474
vt 0.602548 0.768540
vt 0.632837 0.740079
vt 0.615309 0.756377
vt 0.623400 0.720419
vt 0.618972 0.725531
vt 0.628452 0.733419
vt 0.609493 0.744330
vt 0.552931 0.772593
vt 0.561720 0.772848
vt 0.564486 0.809282
vt 0.554000 0.800739
vt 0.668640 0.758872
vt 0.667624 0.755131
vt 0.666544 0.754008
vt 0.662280 0.753494
vt 0.647748 0.750354
vt 0.648437 0.750809
vt 0.648179 0.752213
vt 0.637897 0.777951
vt 0.661601 0.753935
vt 0.625830 0.799953
vt 0.660501 0.755806
vt 0.574697 0.817601
vt 0.594009 0.830072
vt 0.607129 0.810217
vt 0.595995 0.794048
vt 0.627063 0.765978
vt 0.615992 0.780362
vt 0.600519 0.793789
vt 0.604265 0.792010
vt 0.965836 0.175528
vt 0.251411 0.987365
vt 0.281663 0.046151
vt 0.287192 0.045498
vt 0.880470 0.977890
vt 0.283263 0.586436
vt 0.284225 0.607739
vt 0.285797 0.615599
vt 0.289380 0.622632
vt 0.293504 0.626648
vt 0.414135 0.626045
vt 0.423184 0.623650
vt 0.428385 0.618245
vt 0.430936 0.613851
vt 0.436202 0.596467
vt 0.437640 0.585492
vt 0.439967 0.562903
vt 0.000063 0.496748
vt 0.140027 0.474344
vt 0.141655 0.469384
vt 0.139853 0.464566
vt 0.134894 0.463636
vt 0.009919 0.464986
vt 0.000584 0.473181
vt 0.000000 0.478441
vt 0.061613 0.601872
vt -0.000000 0.622425
vt 0.110824 0.542108
vt 0.086725 0.575557
vt 0.129632 0.504809
vt 0.003617 0.647558
vt 0.006591 0.645196
vt 0.025396 0.632608
vt 0.923721 0.352123
vt 0.457188 0.650309
vt 0.789101 0.857535
vt 0.512696 0.988830
vt 0.461856 0.990166
vt 0.546023 0.857359
vt 0.478663 0.990191
vt 0.495470 0.990224
vt 0.663979 0.929410
vt 0.666087 0.928523
vt 0.667985 0.927234
vt 0.669599 0.925590
vt 0.670866 0.923656
vt 0.671740 0.921506
vt 0.672185 0.919222
vt 0.672185 0.916892
vt 0.671740 0.914607
vt 0.670866 0.912452
vt 0.669599 0.910512
vt 0.667985 0.908861
vt 0.666087 0.907563
vt 0.663979 0.906667
vt 0.661741 0.906207
vt 0.657220 0.906651
vt 0.655112 0.907538
vt 0.653214 0.908827
vt 0.651600 0.910471
vt 0.650332 0.912405
vt 0.649459 0.914555
vt 0.649014 0.916839
vt 0.649459 0.921455
vt 0.650332 0.923609
vt 0.651600 0.925549
vt 0.653214 0.927200
vt 0.655112 0.928498
vt 0.657220 0.929395
vt 0.659458 0.929854
vt 0.746715 0.929399
vt 0.748961 0.929850
vt 0.751250 0.929846
vt 0.753496 0.929387
vt 0.755611 0.928492
vt 0.757515 0.927194
vt 0.759134 0.925544
vt 0.760406 0.923605
vt 0.761283 0.921451
vt 0.761729 0.919165
vt 0.761729 0.916836
vt 0.761283 0.914552
vt 0.760406 0.912401
vt 0.759134 0.910466
vt 0.757515 0.908822
vt 0.753496 0.906643
vt 0.751250 0.906193
vt 0.748961 0.906197
vt 0.746715 0.906655
vt 0.744599 0.907551
vt 0.742696 0.908848
vt 0.741077 0.910498
vt 0.738928 0.914592
vt 0.738482 0.916877
vt 0.738482 0.919207
vt 0.738928 0.921491
vt 0.739805 0.923642
vt 0.741077 0.925576
vt 0.742696 0.927221
vt 0.086768 0.935743
vt 0.138265 0.891067
vt 0.402017 0.884304
vt 0.000000 0.935897
vt 0.586522 0.920180
vt 0.586986 0.917847
vt 0.586986 0.915467
vt 0.586522 0.913133
vt 0.585612 0.910935
vt 0.584290 0.908956
vt 0.582608 0.907274
vt 0.580629 0.905952
vt 0.578431 0.905041
vt 0.576098 0.904577
vt 0.573719 0.904577
vt 0.571385 0.905041
vt 0.569187 0.905952
vt 0.567209 0.907274
vt 0.565526 0.908956
vt 0.563294 0.913133
vt 0.562830 0.915467
vt 0.562830 0.917847
vt 0.563294 0.920180
vt 0.564204 0.922379
vt 0.565526 0.924357
vt 0.567208 0.926040
vt 0.571385 0.928273
vt 0.573718 0.928737
vt 0.576097 0.928737
vt 0.578431 0.928273
vt 0.580629 0.927362
vt 0.582607 0.926040
vt 0.584290 0.924357
vt 0.738482 0.919463
vt 0.738482 0.917083
vt 0.738017 0.914749
vt 0.737107 0.912551
vt 0.735785 0.910572
vt 0.734103 0.908890
vt 0.732125 0.907568
vt 0.729928 0.906657
vt 0.727595 0.906193
vt 0.725216 0.906193
vt 0.722883 0.906657
vt 0.720685 0.907568
vt 0.718707 0.908890
vt 0.717025 0.910572
vt 0.715703 0.912551
vt 0.714329 0.917083
vt 0.714329 0.919463
vt 0.714793 0.921796
vt 0.715703 0.923995
vt 0.717025 0.925973
vt 0.718707 0.927656
vt 0.720685 0.928978
vt 0.725216 0.930353
vt 0.727595 0.930353
vt 0.729928 0.929889
vt 0.732126 0.928978
vt 0.734104 0.927656
vt 0.735786 0.925973
vt 0.737107 0.923995
vt 0.419181 0.928828
vt 0.121099 0.891067
vt 0.384852 0.928948
vt 0.016965 0.935897
vt 0.072224 0.904490
vt 0.072224 0.902110
vt 0.071760 0.899777
vt 0.070850 0.897578
vt 0.069528 0.895600
vt 0.067845 0.893917
vt 0.065867 0.892595
vt 0.063669 0.891684
vt 0.061336 0.891220
vt 0.058956 0.891220
vt 0.056623 0.891684
vt 0.054425 0.892595
vt 0.052446 0.893917
vt 0.050764 0.895599
vt 0.049442 0.897578
vt 0.048068 0.902110
vt 0.048068 0.904489
vt 0.048532 0.906823
vt 0.049442 0.909022
vt 0.050764 0.911000
vt 0.052446 0.912683
vt 0.054425 0.914005
vt 0.058956 0.915380
vt 0.061336 0.915380
vt 0.063669 0.914916
vt 0.065867 0.914005
vt 0.067846 0.912683
vt 0.069528 0.911001
vt 0.070850 0.909022
vt 0.714329 0.919463
vt 0.714329 0.917083
vt 0.713865 0.914749
vt 0.712954 0.912551
vt 0.711633 0.910572
vt 0.709951 0.908890
vt 0.707973 0.907568
vt 0.705775 0.906657
vt 0.703442 0.906193
vt 0.701063 0.906193
vt 0.698730 0.906657
vt 0.696532 0.907568
vt 0.694554 0.908890
vt 0.692872 0.910572
vt 0.691550 0.912551
vt 0.690176 0.917083
vt 0.690176 0.919463
vt 0.690640 0.921797
vt 0.691551 0.923995
vt 0.692872 0.925973
vt 0.694554 0.927656
vt 0.696532 0.928978
vt 0.701063 0.930353
vt 0.703442 0.930353
vt 0.705775 0.929889
vt 0.707973 0.928978
vt 0.709951 0.927656
vt 0.711633 0.925973
vt 0.712954 0.923995
vt 0.141055 0.777801
vt 0.137086 0.774649
vt 0.132416 0.774003
vt 0.731261 0.941335
vt 0.141632 0.756838
vt 0.138571 0.880576
vt 0.136624 0.889128
vt 0.134394 0.772534
vt 0.132485 0.804509
vt 0.136416 0.807676
vt 0.141055 0.808333
vt 0.137938 0.756659
vt 0.690176 0.930369
vt 0.696872 0.930384
vt 0.132360 0.756837
vt 0.792946 0.931231
vt 0.789822 0.937729
vt 0.139467 0.741131
vt 0.081355 0.796881
vt 0.282986 0.734211
vt 0.710862 0.857359
vt 0.279774 0.774536
vt 0.137843 0.846684
vt 0.457743 0.697187
vt 0.135641 0.822553
vt 0.751817 0.906193
vt 0.086768 0.837529
vt 0.684654 0.857725
vt 0.457743 0.656689
vt 0.279537 0.647535
vt 0.965847 0.177865
vt 0.279537 0.825533
vt 0.965847 0.352123
vt 0.710270 0.943397
vt 0.939220 0.883713
vt 0.716905 0.943490
vt 0.251411 0.647538
vt 0.923676 0.000000
vt 0.251411 0.825536
vt 0.923676 0.177855
vt 0.716056 0.930363
vt 0.698702 0.930400
vt 0.954040 0.705747
vt 0.138903 0.722643
vt 0.752588 0.934614
vt 0.082157 0.944881
vt 0.085680 0.884952
vt 0.657694 0.943902
vt 0.656166 0.940426
vt 0.077262 0.927155
vt 0.135650 0.715585
vt 0.131850 0.716221
vt 0.666453 0.930589
vt 0.664719 0.932569
vt 0.663207 0.936016
vt 0.209148 0.928599
vt 0.197505 0.880576
vt 0.744019 0.943877
vt 0.745534 0.940445
vt 0.202021 0.945796
vt 0.078574 0.869019
vt 0.562999 0.936775
vt 0.064808 0.927871
vt 0.563079 0.938403
vt 0.562830 0.940177
vt 0.064705 0.929749
vt 0.563577 0.941760
vt 0.579931 0.928737
vt 0.579902 0.931271
vt 0.564161 0.943512
vt 0.069167 0.930483
vt 0.565916 0.944342
vt 0.579884 0.934253
vt 0.569491 0.944566
vt 0.568490 0.945001
vt 0.570962 0.944783
vt 0.572448 0.944707
vt 0.579889 0.940513
vt 0.575550 0.944293
vt 0.574080 0.944992
vt 0.086568 0.850790
vt 0.576856 0.943320
vt 0.577430 0.941707
vt 0.578195 0.940427
vt 0.578180 0.937526
vt 0.086633 0.840618
vt 0.578480 0.934613
vt 0.086491 0.838761
vt 0.578841 0.936059
vt 0.251392 0.921087
vt 0.577432 0.931577
vt 0.576227 0.930485
vt 0.251333 0.911993
vt 0.573301 0.929103
vt 0.570068 0.928949
vt 0.568225 0.928737
vt 0.251392 0.907373
vt 0.566308 0.929004
vt 0.564817 0.930114
vt 0.564064 0.931836
vt 0.938913 0.622319
vt 0.434286 0.932155
vt 0.070946 0.921361
vt 0.939129 0.889619
vt 0.651053 0.930084
vt 0.654666 0.931381
vt 0.656152 0.934651
vt 0.770992 0.907541
vt 0.767351 0.906390
vt 0.214590 0.938707
vt 0.601837 0.934512
vt 0.229680 0.929769
vt 0.942816 0.898831
vt 0.939319 0.897705
vt 0.438434 0.890561
vt 0.411799 0.930458
vt 0.413286 0.933724
vt 0.216476 0.907354
vt 0.600321 0.904577
vt 0.386362 0.942975
vt 0.384852 0.939543
vt 0.224878 0.923827
vt 0.445489 0.900072
vt 0.393430 0.930306
vt 0.391921 0.933712
vt 0.233949 0.923717
vt 0.438424 0.916005
vt 0.404621 0.942963
vt 0.406138 0.940886
vt 0.197464 0.896510
vt 0.240803 0.906628
vt 0.751073 0.931207
vt 0.945239 0.616262
vt 0.435112 0.933701
vt 0.433610 0.930408
vt 0.441416 0.916005
vt 0.438484 0.916992
vt 0.428431 0.928977
vt 0.438428 0.922662
vt 0.438424 0.924782
vt 0.425286 0.929680
vt 0.426767 0.929534
vt 0.423862 0.930113
vt 0.422202 0.930220
vt 0.438458 0.930709
vt 0.419914 0.932514
vt 0.731269 0.935073
vt 0.731364 0.930353
vt 0.419757 0.934230
vt 0.419181 0.937141
vt 0.419328 0.938625
vt 0.419761 0.940051
vt 0.197469 0.943061
vt 0.419921 0.941753
vt 0.420954 0.943013
vt 0.197516 0.939529
vt 0.422212 0.944047
vt 0.423648 0.944815
vt 0.426778 0.944746
vt 0.197516 0.932240
vt 0.428259 0.944599
vt 0.197484 0.929380
vt 0.429233 0.945089
vt 0.433184 0.943449
vt 0.197453 0.927751
vt 0.945187 0.629923
vt 0.945046 0.626010
vt 0.435117 0.940547
vt 0.435117 0.937132
vt 0.413300 0.934854
vt 0.752680 0.929850
vt 0.758242 0.931371
vt 0.190531 0.912442
vt 0.060697 0.931970
vt 0.766878 0.935503
vt 0.772450 0.936812
vt 0.064570 0.921322
vt 0.416987 0.944066
vt 0.413489 0.942940
vt 0.435087 0.548100
vt 0.600322 0.932416
s 1
usemtl Main
f 646/1/1 144/2/2 143/3/2
f 646/1/1 165/7/5 161/8/6
f 656/16/13 345/17/14 344/18/14
f 315/22/18 312/23/18 306/24/18
f 295/28/20 292/29/21 290/30/20
f 982/46/34 283/47/35 280/48/36
f 33/103/77 35/104/78 37/105/79
f 194/106/80 216/107/81 38/108/82
f 57/109/83 194/106/84 28/110/85
f 31/111/86 42/112/87 69/113/88
f 53/114/89 44/115/89 29/116/89
f 681/117/90 221/118/91 73/119/92
f 734/134/101 74/135/101 31/136/101
f 57/239/173 128/240/173 47/241/173
f 360/291/207 374/292/208 72/293/209
f 440/294/210 160/295/211 161/8/6
f 887/296/212 182/297/213 876/298/214
f 189/299/215 880/300/216 185/301/217
f 880/300/218 183/302/218 185/301/218
f 192/303/219 184/304/220 185/301/221
f 191/305/222 183/302/223 186/306/224
f 183/302/225 647/307/225 881/308/225
f 188/309/226 886/310/227 189/299/228
f 887/296/229 674/311/229 188/309/229
f 190/312/218 191/305/218 192/303/218
f 196/316/232 207/317/233 205/318/234
f 182/297/235 184/304/236 203/319/237
f 678/325/240 213/326/241 211/327/242
f 681/117/90 193/332/245 220/333/246
f 70/489/404 45/490/405 282/491/406
f 507/492/407 506/493/408 285/494/20
f 446/495/409 308/496/18 312/23/18
f 404/500/412 403/501/413 400/502/414
f 382/503/415 389/504/416 390/505/417
f 370/506/417 375/507/417 376/508/417
f 394/511/419 398/512/420 401/513/421
f 424/514/422 427/515/423 434/516/424
f 364/517/410 410/518/425 408/519/426
f 425/520/427 422/521/428 416/522/427
f 361/523/429 431/524/5 429/525/5
f 466/526/430 467/527/431 470/528/432
f 356/509/433 463/529/434 459/530/435
f 478/531/436 477/532/437 469/533/438
f 476/534/439 480/535/440 482/536/441
f 493/537/442 497/538/443 500/539/444
f 487/540/445 486/541/446 489/542/447
f 506/493/408 512/543/448 517/544/449
f 646/1/579 838/716/580 839/717/580
f 646/1/579 859/721/583 860/722/583
f 649/723/584 674/724/584 880/725/584
f 653/727/584 656/728/584 657/729/584
f 646/733/584 978/734/584 653/727/584
f 656/16/591 1045/737/592 1046/738/592
f 1011/742/596 1014/743/597 656/16/598
f 991/747/600 994/748/601 996/749/600
f 657/729/584 659/753/584 660/754/584
f 982/758/584 724/759/584 666/760/584
f 660/754/584 663/764/584 664/765/584
f 980/772/614 984/773/615 982/46/614
f 666/760/584 668/779/584 669/780/584
f 669/780/584 728/785/584 672/786/584
f 679/794/584 681/795/584 678/796/584
f 675/797/584 678/796/584 876/798/584
f 682/810/584 734/811/584 704/812/584
f 688/813/584 691/814/584 733/815/584
f 685/816/584 733/815/584 734/811/584
f 692/823/584 694/824/584 691/814/584
f 695/831/584 697/832/584 694/824/584
f 706/836/657 719/837/658 903/838/659
f 708/839/660 707/840/661 915/841/662
f 731/842/663 893/843/664 899/844/665
f 701/845/666 712/846/667 702/847/668
f 749/848/669 723/849/669 699/850/669
f 717/851/670 920/852/671 718/853/672
f 704/812/584 780/867/584 753/868/584
f 793/872/101 734/134/101 701/873/101
f 668/779/584 769/876/584 728/785/584
f 724/759/584 767/884/584 668/779/584
f 733/815/584 826/961/584 780/867/584
f 731/968/750 817/969/750 774/970/750
f 691/814/584 827/974/584 778/975/584
f 694/824/584 828/989/584 781/990/584
f 694/824/584 785/1002/584 783/1003/584
f 725/1004/761 763/1005/584 724/759/584
f 719/837/785 1075/1024/786 1061/1025/787
f 854/1026/788 850/1027/789 1143/1028/790
f 877/1029/791 887/296/792 876/298/793
f 882/1030/794 886/310/795 888/1031/796
f 880/300/797 878/1032/797 647/307/797
f 882/1030/798 890/1033/799 891/1034/800
f 884/1035/801 881/308/802 889/1036/803
f 878/1032/804 881/308/804 647/307/804
f 885/1037/805 886/310/806 674/311/807
f 887/296/808 885/1037/808 674/311/808
f 889/1036/797 891/1034/797 890/1033/797
f 904/1041/811 906/1042/812 895/1043/813
f 902/1044/814 879/1045/815 877/1029/816
f 912/1052/821 877/1029/822 678/325/823
f 919/1058/826 678/325/827 681/117/828
f 983/1222/982 751/1223/983 750/1224/984
f 986/1225/985 1208/1226/986 1209/1227/987
f 1009/1228/596 1002/1229/596 1185/1230/596
f 1101/1233/989 1104/1234/990 1105/1235/991
f 1091/1236/992 1087/1237/993 1083/1238/786
f 1076/1239/786 1074/1240/786 1071/1241/994
f 1102/1244/996 1099/1245/997 1095/1246/998
f 1130/1247/583 1128/1248/999 1125/1249/1000
f 1108/1250/1001 1111/1251/1002 1113/1252/1003
f 1117/1253/1004 1121/1254/1005 1126/1255/1004
f 1130/1247/583 1132/1256/583 1062/1257/1006
f 1171/1258/1007 1168/1259/1008 1167/1260/1009
f 1159/1261/1010 1163/1262/1011 1167/1260/1009
f 1170/1263/1012 1179/1264/1013 1180/1265/1014
f 1184/1266/1015 1180/1265/1014 1177/1267/1016
f 1201/1268/1017 1198/1269/1018 1194/1270/1019
f 1188/1271/1020 1190/1272/1021 1187/1273/1022
f 1213/1274/1023 1210/1275/1024 1188/1271/1020
f 646/1/1 141/6126/1 146/6127/5326
f 646/1/1 146/6127/5326 145/6128/2
f 142/6129/5327 834/6130/2 646/1/1
f 143/3/2 142/6129/5327 646/1/1
f 646/1/1 145/6128/2 144/2/2
f 646/1/1 835/6131/5 181/6132/5328
f 180/6133/5 179/6134/5328 178/6135/5
f 646/1/1 181/6132/5328 180/6133/5
f 147/6136/5 141/6126/1 646/1/1
f 149/6137/5 148/6138/5 147/6136/5
f 151/6139/5329 150/6140/424 149/6137/5
f 153/6141/5 152/6142/5330 151/6139/5329
f 154/6143/5 153/6141/5 151/6139/5329
f 151/6139/5329 149/6137/5 147/6136/5
f 646/1/1 180/6133/5 178/6135/5
f 646/1/1 178/6135/5 177/6144/5
f 151/6139/5329 147/6136/5 646/1/1
f 155/6145/5 154/6143/5 151/6139/5329
f 155/6145/5 151/6139/5329 646/1/1
f 646/1/1 177/6144/5 176/6146/5
f 175/6147/5 174/6148/5 173/6149/5
f 646/1/1 176/6146/5 175/6147/5
f 156/6150/5331 155/6145/5 646/1/1
f 157/6151/5 156/6150/5331 646/1/1
f 646/1/1 175/6147/5 173/6149/5
f 173/6149/5 172/6152/5 171/6153/5332
f 171/6153/5332 170/6154/5333 169/6155/424
f 171/6153/5332 169/6155/424 168/6156/5
f 646/1/1 173/6149/5 171/6153/5332
f 158/6157/5 157/6151/5 646/1/1
f 161/8/6 160/295/211 159/6158/5
f 159/6158/5 158/6157/5 646/1/1
f 646/1/1 171/6153/5332 168/6156/5
f 646/1/1 168/6156/5 167/6159/5
f 161/8/6 159/6158/5 646/1/1
f 163/6160/5 162/6161/428 161/8/6
f 165/7/5 164/6162/5 163/6160/5
f 646/1/1 167/6159/5 166/6163/5
f 165/7/5 163/6160/5 161/8/6
f 646/1/1 166/6163/5 165/7/5
f 656/16/13 659/6175/5339 278/6176/5340
f 656/16/13 278/6176/5340 354/6177/5341
f 333/6178/14 279/6179/14 656/16/13
f 335/6180/14 334/6181/5342 333/6178/14
f 335/6180/14 333/6178/14 656/16/13
f 656/16/13 354/6177/5341 353/6182/5343
f 353/6182/5343 352/6183/5344 351/6184/5345
f 351/6184/5345 350/6185/5346 349/6186/14
f 351/6184/5345 349/6186/14 348/6187/14
f 336/6188/5347 335/6180/14 656/16/13
f 339/6189/14 338/6190/14 337/6191/14
f 337/6191/14 336/6188/5347 656/16/13
f 353/6182/5343 351/6184/5345 348/6187/14
f 353/6182/5343 348/6187/14 347/6192/5348
f 339/6189/14 337/6191/14 656/16/13
f 341/6193/14 340/6194/5349 339/6189/14
f 341/6193/14 339/6189/14 656/16/13
f 656/16/13 353/6182/5343 347/6192/5348
f 656/16/13 347/6192/5348 346/6195/14
f 342/6196/14 341/6193/14 656/16/13
f 343/6197/14 342/6196/14 656/16/13
f 656/16/13 346/6195/14 345/17/14
f 344/18/14 343/6197/14 656/16/13
f 281/6199/410 652/497/410 656/16/5353
f 656/16/5353 279/6179/145 330/6200/431
f 330/6200/431 329/6201/5354 328/6202/5355
f 328/6202/5355 327/6203/5356 326/6204/5357
f 326/6204/5357 325/6205/5358 324/6206/5359
f 323/6207/5360 322/6208/5361 321/6209/5362
f 324/6206/5359 323/6207/5360 321/6209/5362
f 324/6206/5359 321/6209/5362 320/6210/5363
f 330/6200/431 328/6202/5355 326/6204/5357
f 324/6206/5359 320/6210/5363 319/6211/5364
f 330/6200/431 326/6204/5357 324/6206/5359
f 300/6212/5365 281/6199/410 656/16/5353
f 301/6213/18 300/6212/5365 656/16/5353
f 656/16/5353 330/6200/431 324/6206/5359
f 324/6206/5359 319/6211/5364 318/6214/5366
f 656/16/5353 324/6206/5359 318/6214/5366
f 302/6215/18 301/6213/18 656/16/5353
f 303/6216/18 302/6215/18 656/16/5353
f 656/16/5353 318/6214/5366 317/6217/18
f 656/16/5353 317/6217/18 316/6218/18
f 304/6219/18 303/6216/18 656/16/5353
f 306/24/18 305/6220/18 304/6219/18
f 309/6221/5365 308/496/18 307/6222/18
f 306/24/18 304/6219/18 656/16/5353
f 309/6221/5365 307/6222/18 306/24/18
f 312/23/18 311/6223/5367 310/6224/18
f 310/6224/18 309/6221/5365 306/24/18
f 306/24/18 656/16/5353 316/6218/18
f 315/22/18 314/6225/18 313/6226/18
f 306/24/18 316/6218/18 315/22/18
f 312/23/18 310/6224/18 306/24/18
f 315/22/18 313/6226/18 312/23/18
f 278/6176/5340 659/6175/5339 663/6228/5368
f 663/6228/5368 280/48/5369 299/6229/5370
f 299/6229/5370 298/6230/5371 297/6231/20
f 663/6228/5368 299/6229/5370 297/6231/20
f 285/494/20 278/6176/5340 663/6228/5368
f 287/6232/20 286/6233/20 285/494/20
f 287/6232/20 285/494/20 663/6228/5368
f 287/6232/20 663/6228/5368 297/6231/20
f 288/6234/20 287/6232/20 297/6231/20
f 288/6234/20 297/6231/20 296/6235/20
f 289/6236/20 288/6234/20 296/6235/20
f 295/28/20 294/6237/5372 293/6238/5373
f 289/6236/20 296/6235/20 295/28/20
f 292/29/21 291/6239/20 290/30/20
f 290/30/20 289/6236/20 295/28/20
f 295/28/20 293/6238/5373 292/29/21
f 280/48/36 663/6228/34 982/46/34
f 982/46/34 284/6244/5377 283/47/35
f 283/47/35 282/491/406 280/48/36
f 37/105/79 34/6268/121 198/6269/5394
f 204/6270/5395 202/6271/5396 33/103/77
f 37/105/79 198/6269/5394 204/6270/5395
f 35/104/78 36/6272/121 37/105/79
f 33/103/77 63/6273/5397 35/104/78
f 37/105/79 204/6270/5395 33/103/77
f 38/108/82 28/110/82 194/106/80
f 218/6274/5398 196/316/5399 197/6275/5400
f 34/6268/5401 64/6276/5402 65/6277/5403
f 214/6278/5404 198/6269/5399 34/6268/5401
f 215/6279/5405 214/6278/5404 34/6268/5401
f 215/6279/5405 34/6268/5401 65/6277/5403
f 197/6275/5400 217/6280/5406 216/107/81
f 216/107/81 215/6279/5405 65/6277/5403
f 194/106/80 218/6274/5398 197/6275/5400
f 216/107/81 65/6277/5403 38/108/82
f 194/106/80 197/6275/5400 216/107/81
f 57/109/83 200/6281/5407 194/106/84
f 31/111/86 32/6282/5408 42/112/87
f 53/114/89 43/6283/89 44/115/89
f 73/119/92 32/6282/5408 31/111/86
f 48/6284/5409 704/6285/275 681/117/90
f 73/119/92 31/111/86 48/6284/5409
f 57/109/5410 47/6286/5411 73/119/92
f 221/118/91 200/6281/275 57/109/5410
f 681/117/90 199/6287/5412 221/118/91
f 73/119/92 48/6284/5409 681/117/90
f 221/118/91 57/109/5410 73/119/92
f 734/134/101 780/6291/101 74/135/101
f 57/239/173 91/242/173 128/240/173
f 146/6127/5326 141/6126/1 362/6345/5449
f 362/6345/5449 392/6346/5450 391/6347/417
f 391/6347/417 390/505/417 389/504/416
f 391/6347/417 389/504/416 388/6348/5451
f 146/6127/5326 362/6345/5449 391/6347/417
f 144/2/2 145/6128/2 146/6127/5326
f 142/6129/5327 143/3/2 144/2/2
f 881/308/5452 834/6130/2 142/6129/5327
f 186/306/5453 881/308/5452 142/6129/5327
f 142/6129/5327 144/2/2 146/6127/5326
f 146/6127/5326 391/6347/417 388/6348/5451
f 146/6127/5326 388/6348/5451 387/6349/5454
f 186/306/5453 142/6129/5327 146/6127/5326
f 201/6350/5455 184/304/5456 187/6351/5457
f 186/306/5453 146/6127/5326 387/6349/5454
f 201/6350/5455 187/6351/5457 186/306/5453
f 209/6352/5458 201/6350/5455 186/306/5453
f 186/306/5453 387/6349/5454 386/6353/5459
f 186/306/5453 386/6353/5459 385/6354/5460
f 209/6352/5458 186/306/5453 385/6354/5460
f 209/6352/5458 385/6354/5460 384/6355/5461
f 33/103/5458 202/6271/5462 210/6356/5463
f 210/6356/5463 209/6352/5458 384/6355/5461
f 210/6356/5463 384/6355/5461 383/6357/5464
f 72/293/209 33/103/5458 210/6356/5463
f 62/6358/5465 71/6359/5466 72/293/209
f 367/6360/5467 359/6361/5468 62/6358/5465
f 369/6362/5469 368/6363/5470 367/6360/5467
f 371/6364/5471 370/506/417 369/6362/5469
f 371/6364/5471 369/6362/5469 367/6360/5467
f 367/6360/5467 62/6358/5465 72/293/209
f 72/293/209 210/6356/5463 383/6357/5464
f 72/293/209 383/6357/5464 382/503/415
f 371/6364/5471 367/6360/5467 72/293/209
f 372/6365/5472 371/6364/5471 72/293/209
f 72/293/209 382/503/415 381/6366/5473
f 381/6366/5473 361/523/429 360/291/207
f 360/291/207 380/6367/5474 379/6368/5475
f 379/6368/5475 378/6369/417 377/6370/5476
f 377/6370/5476 376/508/417 375/507/417
f 377/6370/5476 375/507/417 374/292/208
f 360/291/207 379/6368/5475 377/6370/5476
f 72/293/209 381/6366/5473 360/291/207
f 373/6371/5477 372/6365/5472 72/293/209
f 360/291/207 377/6370/5476 374/292/208
f 374/292/208 373/6371/5477 72/293/209
f 181/6132/5328 835/6131/5 978/6372/5478
f 181/6132/5328 978/6372/5478 331/499/211
f 179/6134/5328 180/6133/5 181/6132/5328
f 177/6144/5 178/6135/5 179/6134/5328
f 175/6147/5 176/6146/5 177/6144/5
f 174/6148/5 175/6147/5 177/6144/5
f 177/6144/5 179/6134/5328 181/6132/5328
f 181/6132/5328 331/499/211 332/498/411
f 332/498/411 281/6199/410 366/6373/410
f 332/498/411 366/6373/410 444/6374/211
f 177/6144/5 181/6132/5328 332/498/411
f 173/6149/5 174/6148/5 177/6144/5
f 173/6149/5 177/6144/5 332/498/411
f 332/498/411 444/6374/211 443/6375/211
f 442/6376/211 441/6377/5479 440/294/210
f 332/498/411 443/6375/211 442/6376/211
f 172/6152/5 173/6149/5 332/498/411
f 171/6153/5332 172/6152/5 332/498/411
f 332/498/411 442/6376/211 440/294/210
f 440/294/210 439/6378/5480 438/6379/5481
f 438/6379/5481 437/6380/5482 436/6381/5483
f 436/6381/5483 435/6382/5484 434/516/424
f 434/516/424 433/6383/5 362/6345/5449
f 362/6345/5449 141/6126/1 147/6136/5
f 362/6345/5449 147/6136/5 148/6138/5
f 436/6381/5483 434/516/424 362/6345/5449
f 440/294/210 438/6379/5481 436/6381/5483
f 171/6153/5332 332/498/411 440/294/210
f 170/6154/5333 171/6153/5332 440/294/210
f 440/294/210 436/6381/5483 362/6345/5449
f 362/6345/5449 148/6138/5 149/6137/5
f 362/6345/5449 149/6137/5 150/6140/424
f 169/6155/424 170/6154/5333 440/294/210
f 167/6159/5 168/6156/5 169/6155/424
f 165/7/5 166/6163/5 167/6159/5
f 164/6162/5 165/7/5 167/6159/5
f 440/294/210 362/6345/5449 150/6140/424
f 440/294/210 150/6140/424 151/6139/5329
f 164/6162/5 167/6159/5 169/6155/424
f 163/6160/5 164/6162/5 169/6155/424
f 440/294/210 151/6139/5329 152/6142/5330
f 152/6142/5330 153/6141/5 154/6143/5
f 154/6143/5 155/6145/5 156/6150/5331
f 156/6150/5331 157/6151/5 158/6157/5
f 158/6157/5 159/6158/5 160/295/211
f 156/6150/5331 158/6157/5 160/295/211
f 152/6142/5330 154/6143/5 156/6150/5331
f 162/6161/428 163/6160/5 169/6155/424
f 162/6161/428 169/6155/424 440/294/210
f 440/294/210 152/6142/5330 156/6150/5331
f 440/294/210 156/6150/5331 160/295/211
f 161/8/6 162/6161/428 440/294/210
f 887/296/212 188/309/5485 182/297/213
f 185/301/217 182/297/5486 188/309/5487
f 189/299/215 886/310/5488 880/300/216
f 185/301/217 188/309/5487 189/299/215
f 880/300/218 647/307/218 183/302/218
f 185/301/221 183/302/5489 190/312/5490
f 192/303/219 191/305/5491 184/304/220
f 185/301/221 190/312/5490 192/303/219
f 187/6351/5492 184/304/5493 191/305/222
f 191/305/222 190/312/1180 183/302/223
f 183/302/223 881/308/5494 186/306/224
f 186/306/224 187/6351/5492 191/305/222
f 188/309/226 674/311/5495 886/310/227
f 205/318/234 197/6275/5496 196/316/232
f 196/316/232 208/6384/5497 207/317/233
f 207/317/233 206/6385/5498 205/318/234
f 203/319/237 195/6386/5499 182/297/235
f 182/297/235 185/301/5500 184/304/236
f 184/304/236 201/6350/5501 203/319/237
f 219/6388/5502 193/332/82 678/325/240
f 678/325/240 876/298/229 182/297/5503
f 182/297/5503 195/6386/5399 213/326/241
f 213/326/241 212/6389/5504 211/327/242
f 211/327/242 219/6388/5502 678/325/240
f 678/325/240 182/297/5503 213/326/241
f 220/333/246 199/6287/5412 681/117/90
f 681/117/90 678/325/5505 193/332/245
f 284/6244/5377 982/46/34 725/6429/5558
f 70/489/404 53/114/152 29/116/5559
f 284/6244/5377 725/6429/5558 70/489/404
f 283/47/35 284/6244/5377 70/489/404
f 70/489/404 29/116/5559 45/490/405
f 45/490/405 27/6430/153 280/48/36
f 282/491/406 283/47/35 70/489/404
f 45/490/405 280/48/36 282/491/406
f 299/6229/5370 280/48/5369 27/6430/5560
f 27/6430/5560 66/6431/5561 67/6432/5562
f 67/6432/5562 68/6433/5563 61/6434/5564
f 61/6434/5564 486/541/446 518/6435/20
f 61/6434/5564 518/6435/20 517/544/449
f 27/6430/5560 67/6432/5562 61/6434/5564
f 298/6230/5371 299/6229/5370 27/6430/5560
f 296/6235/20 297/6231/20 298/6230/5371
f 294/6237/5372 295/28/20 296/6235/20
f 294/6237/5372 296/6235/20 298/6230/5371
f 298/6230/5371 27/6430/5560 61/6434/5564
f 61/6434/5564 517/544/449 516/6436/5565
f 61/6434/5564 516/6436/5565 515/6437/5566
f 289/6236/20 290/30/20 291/6239/20
f 287/6232/20 288/6234/20 289/6236/20
f 286/6233/20 287/6232/20 289/6236/20
f 286/6233/20 289/6236/20 291/6239/20
f 488/6438/5567 278/6176/5340 285/494/20
f 285/494/20 286/6233/20 291/6239/20
f 285/494/20 291/6239/20 292/29/21
f 505/6439/20 504/6440/20 488/6438/5567
f 506/493/408 505/6439/20 488/6438/5567
f 298/6230/5371 61/6434/5564 515/6437/5566
f 514/6441/5568 513/6442/5569 512/543/448
f 298/6230/5371 515/6437/5566 514/6441/5568
f 294/6237/5372 298/6230/5371 514/6441/5568
f 514/6441/5568 512/543/448 511/6443/5570
f 510/6444/5571 509/6445/5572 508/6446/5573
f 294/6237/5372 514/6441/5568 511/6443/5570
f 294/6237/5372 511/6443/5570 510/6444/5571
f 293/6238/5373 294/6237/5372 510/6444/5571
f 293/6238/5373 510/6444/5571 508/6446/5573
f 292/29/21 293/6238/5373 508/6446/5573
f 292/29/21 508/6446/5573 507/492/407
f 506/493/408 488/6438/5567 285/494/20
f 285/494/20 292/29/21 507/492/407
f 330/6200/431 279/6179/145 358/6447/145
f 457/6448/5574 456/6449/5575 455/6450/5576
f 330/6200/431 358/6447/145 457/6448/5574
f 329/6201/5354 330/6200/431 457/6448/5574
f 457/6448/5574 455/6450/5576 454/6451/5577
f 454/6451/5577 453/6452/5578 452/6453/5579
f 457/6448/5574 454/6451/5577 452/6453/5579
f 328/6202/5355 329/6201/5354 457/6448/5574
f 325/6205/5358 326/6204/5357 327/6203/5356
f 327/6203/5356 328/6202/5355 457/6448/5574
f 457/6448/5574 452/6453/5579 451/6454/5580
f 457/6448/5574 451/6454/5580 450/6455/5581
f 325/6205/5358 327/6203/5356 457/6448/5574
f 323/6207/5360 324/6206/5359 325/6205/5358
f 322/6208/5361 323/6207/5360 325/6205/5358
f 325/6205/5358 457/6448/5574 450/6455/5581
f 325/6205/5358 450/6455/5581 449/6456/5582
f 322/6208/5361 325/6205/5358 449/6456/5582
f 322/6208/5361 449/6456/5582 448/6457/5583
f 319/6211/5364 320/6210/5363 321/6209/5362
f 321/6209/5362 322/6208/5361 448/6457/5583
f 321/6209/5362 448/6457/5583 447/6458/5584
f 318/6214/5366 319/6211/5364 321/6209/5362
f 316/6218/18 317/6217/18 318/6214/5366
f 314/6225/18 315/22/18 316/6218/18
f 314/6225/18 316/6218/18 318/6214/5366
f 318/6214/5366 321/6209/5362 447/6458/5584
f 446/495/409 445/6459/5585 485/6460/5586
f 318/6214/5366 447/6458/5584 446/495/409
f 314/6225/18 318/6214/5366 446/495/409
f 446/495/409 485/6460/5586 484/6461/5587
f 484/6461/5587 366/6373/410 281/6199/410
f 281/6199/410 300/6212/5365 301/6213/18
f 301/6213/18 302/6215/18 303/6216/18
f 303/6216/18 304/6219/18 305/6220/18
f 305/6220/18 306/24/18 307/6222/18
f 305/6220/18 307/6222/18 308/496/18
f 301/6213/18 303/6216/18 305/6220/18
f 484/6461/5587 281/6199/410 301/6213/18
f 313/6226/18 314/6225/18 446/495/409
f 446/495/409 484/6461/5587 301/6213/18
f 301/6213/18 305/6220/18 308/496/18
f 309/6221/5365 310/6224/18 311/6223/5367
f 446/495/409 301/6213/18 308/496/18
f 308/496/18 309/6221/5365 311/6223/5367
f 312/23/18 313/6226/18 446/495/409
f 308/496/18 311/6223/5367 312/23/18
f 354/6177/5341 278/6176/5340 488/6438/5567
f 488/6438/5567 503/6462/5588 502/6463/5589
f 501/6464/5590 500/539/444 499/6465/5591
f 488/6438/5567 502/6463/5589 501/6464/5590
f 353/6182/5343 354/6177/5341 488/6438/5567
f 352/6183/5344 353/6182/5343 488/6438/5567
f 488/6438/5567 501/6464/5590 499/6465/5591
f 351/6184/5345 352/6183/5344 488/6438/5567
f 348/6187/14 349/6186/14 350/6185/5346
f 350/6185/5346 351/6184/5345 488/6438/5567
f 350/6185/5346 488/6438/5567 499/6465/5591
f 347/6192/5348 348/6187/14 350/6185/5346
f 345/17/14 346/6195/14 347/6192/5348
f 343/6197/14 344/18/14 345/17/14
f 341/6193/14 342/6196/14 343/6197/14
f 338/6190/14 339/6189/14 340/6194/5349
f 340/6194/5349 341/6193/14 343/6197/14
f 343/6197/14 345/17/14 347/6192/5348
f 347/6192/5348 350/6185/5346 499/6465/5591
f 347/6192/5348 499/6465/5591 498/6466/5592
f 340/6194/5349 343/6197/14 347/6192/5348
f 336/6188/5347 337/6191/14 338/6190/14
f 338/6190/14 340/6194/5349 347/6192/5348
f 347/6192/5348 498/6466/5592 497/538/443
f 347/6192/5348 497/538/443 496/6467/5593
f 336/6188/5347 338/6190/14 347/6192/5348
f 334/6181/5342 335/6180/14 336/6188/5347
f 358/6447/5594 279/6179/14 333/6178/14
f 358/6447/5594 333/6178/14 334/6181/5342
f 393/6468/5595 358/6447/5594 334/6181/5342
f 336/6188/5347 347/6192/5348 496/6467/5593
f 336/6188/5347 496/6467/5593 495/6469/5596
f 393/6468/5595 334/6181/5342 336/6188/5347
f 394/511/419 393/6468/5595 336/6188/5347
f 336/6188/5347 495/6469/5596 494/6470/5597
f 336/6188/5347 494/6470/5597 493/537/442
f 395/6471/5598 394/511/419 336/6188/5347
f 395/6471/5598 336/6188/5347 493/537/442
f 395/6471/5598 493/537/442 492/6472/5599
f 396/6473/5600 395/6471/5598 492/6472/5599
f 491/6474/5601 490/6475/5602 487/540/445
f 396/6473/5600 492/6472/5599 491/6474/5601
f 397/6476/5603 396/6473/5600 491/6474/5601
f 491/6474/5601 487/540/445 489/542/447
f 489/542/447 486/541/446 61/6434/5564
f 39/6477/5604 30/6478/418 355/6479/5605
f 489/542/447 61/6434/5564 39/6477/5604
f 397/6476/5603 491/6474/5601 489/542/447
f 398/512/420 397/6476/5603 489/542/447
f 489/542/447 39/6477/5604 355/6479/5605
f 489/542/447 355/6479/5605 406/510/5606
f 399/6480/5607 398/512/420 489/542/447
f 402/6481/5608 401/513/421 400/502/414
f 399/6480/5607 489/542/447 406/510/5606
f 357/6482/5609 402/6481/5608 400/502/414
f 400/502/414 399/6480/5607 406/510/5606
f 400/502/414 406/510/5606 405/6483/5610
f 356/509/5611 357/6482/5609 400/502/414
f 403/501/413 356/509/5611 400/502/414
f 400/502/414 405/6483/5610 404/500/412
f 392/6346/5450 362/6345/5449 361/523/429
f 361/523/429 381/6366/5473 382/503/415
f 382/503/415 383/6357/5464 384/6355/5461
f 384/6355/5461 385/6354/5460 386/6353/5459
f 386/6353/5459 387/6349/5454 388/6348/5451
f 386/6353/5459 388/6348/5451 389/504/416
f 382/503/415 384/6355/5461 386/6353/5459
f 392/6346/5450 361/523/429 382/503/415
f 391/6347/417 392/6346/5450 382/503/415
f 382/503/415 386/6353/5459 389/504/416
f 390/505/417 391/6347/417 382/503/415
f 380/6367/5474 360/291/207 359/6361/5468
f 359/6361/5468 367/6360/5467 368/6363/5470
f 380/6367/5474 359/6361/5468 368/6363/5470
f 379/6368/5475 380/6367/5474 368/6363/5470
f 379/6368/5475 368/6363/5470 369/6362/5469
f 378/6369/417 379/6368/5475 369/6362/5469
f 370/506/417 371/6364/5471 372/6365/5472
f 378/6369/417 369/6362/5469 370/506/417
f 377/6370/5476 378/6369/417 370/506/417
f 370/506/417 372/6365/5472 373/6371/5477
f 373/6371/5477 374/292/208 375/507/417
f 376/508/417 377/6370/5476 370/506/417
f 370/506/417 373/6371/5477 375/507/417
f 402/6481/5608 357/6482/5609 358/6447/5594
f 358/6447/5594 393/6468/5595 394/511/419
f 394/511/419 395/6471/5598 396/6473/5600
f 396/6473/5600 397/6476/5603 398/512/420
f 398/512/420 399/6480/5607 400/502/414
f 401/513/421 402/6481/5608 358/6447/5594
f 398/512/420 400/502/414 401/513/421
f 394/511/419 396/6473/5600 398/512/420
f 401/513/421 358/6447/5594 394/511/419
f 444/6374/211 366/6373/410 365/6484/410
f 444/6374/211 365/6484/410 407/6485/5612
f 442/6376/211 443/6375/211 444/6374/211
f 441/6377/5479 442/6376/211 444/6374/211
f 444/6374/211 407/6485/5612 408/519/426
f 409/6486/5613 410/518/425 411/6487/5614
f 441/6377/5479 444/6374/211 408/519/426
f 440/294/210 441/6377/5479 408/519/426
f 439/6378/5480 440/294/210 408/519/426
f 438/6379/5481 439/6378/5480 408/519/426
f 437/6380/5482 438/6379/5481 408/519/426
f 437/6380/5482 408/519/426 409/6486/5613
f 436/6381/5483 437/6380/5482 409/6486/5613
f 436/6381/5483 409/6486/5613 411/6487/5614
f 435/6382/5484 436/6381/5483 411/6487/5614
f 412/6488/5615 364/517/410 363/6489/5616
f 435/6382/5484 411/6487/5614 412/6488/5615
f 434/516/424 435/6382/5484 412/6488/5615
f 412/6488/5615 363/6489/5616 413/6490/5617
f 413/6490/5617 414/6491/427 415/6492/427
f 415/6492/427 416/522/427 417/6493/427
f 415/6492/427 417/6493/427 418/6494/5618
f 412/6488/5615 413/6490/5617 415/6492/427
f 361/523/429 362/6345/5449 433/6383/5
f 432/6495/5 361/523/429 433/6383/5
f 412/6488/5615 415/6492/427 418/6494/5618
f 419/6496/5619 420/6497/5620 421/6498/5621
f 412/6488/5615 418/6494/5618 419/6496/5619
f 432/6495/5 433/6383/5 434/516/424
f 431/524/5 432/6495/5 434/516/424
f 412/6488/5615 419/6496/5619 421/6498/5621
f 434/516/424 412/6488/5615 421/6498/5621
f 430/6499/5 431/524/5 434/516/424
f 359/6361/5468 360/291/207 429/525/5
f 429/525/5 430/6499/5 434/516/424
f 434/516/424 421/6498/5621 422/521/428
f 434/516/424 422/521/428 423/6500/5622
f 359/6361/5468 429/525/5 434/516/424
f 427/515/423 428/6501/5623 359/6361/5468
f 425/520/427 426/6502/427 427/515/423
f 434/516/424 423/6500/5622 424/514/422
f 424/514/422 425/520/427 427/515/423
f 427/515/423 359/6361/5468 434/516/424
f 407/6485/5612 365/6484/410 364/517/410
f 364/517/410 412/6488/5615 411/6487/5614
f 410/518/425 409/6486/5613 408/519/426
f 364/517/410 411/6487/5614 410/518/425
f 408/519/426 407/6485/5612 364/517/410
f 413/6490/5617 363/6489/5616 59/6503/5624
f 59/6503/5624 46/6504/5625 62/6358/5465
f 62/6358/5465 359/6361/5468 428/6501/5623
f 62/6358/5465 428/6501/5623 427/515/423
f 414/6491/427 413/6490/5617 59/6503/5624
f 415/6492/427 414/6491/427 59/6503/5624
f 59/6503/5624 62/6358/5465 427/515/423
f 59/6503/5624 427/515/423 426/6502/427
f 416/522/427 415/6492/427 59/6503/5624
f 418/6494/5618 417/6493/427 416/522/427
f 420/6497/5620 419/6496/5619 418/6494/5618
f 422/521/428 421/6498/5621 420/6497/5620
f 424/514/422 423/6500/5622 422/521/428
f 59/6503/5624 426/6502/427 425/520/427
f 425/520/427 424/514/422 422/521/428
f 422/521/428 420/6497/5620 418/6494/5618
f 416/522/427 59/6503/5624 425/520/427
f 422/521/428 418/6494/5618 416/522/427
f 429/525/5 360/291/207 361/523/429
f 361/523/429 432/6495/5 431/524/5
f 431/524/5 430/6499/5 429/525/5
f 457/6448/5574 358/6447/145 357/6482/5626
f 457/6448/5574 357/6482/5626 458/6505/5627
f 456/6449/5575 457/6448/5574 458/6505/5627
f 456/6449/5575 458/6505/5627 459/530/435
f 455/6450/5576 456/6449/5575 459/530/435
f 455/6450/5576 459/530/435 460/6506/5578
f 454/6451/5577 455/6450/5576 460/6506/5578
f 454/6451/5577 460/6506/5578 461/6507/5578
f 451/6454/5580 452/6453/5579 453/6452/5578
f 453/6452/5578 454/6451/5577 461/6507/5578
f 453/6452/5578 461/6507/5578 462/6508/5578
f 450/6455/5581 451/6454/5580 453/6452/5578
f 448/6457/5583 449/6456/5582 450/6455/5581
f 446/495/409 447/6458/5584 448/6457/5583
f 484/6461/5587 485/6460/5586 445/6459/5585
f 445/6459/5585 446/495/409 448/6457/5583
f 448/6457/5583 450/6455/5581 453/6452/5578
f 453/6452/5578 462/6508/5578 463/529/434
f 448/6457/5583 453/6452/5578 463/529/434
f 484/6461/5587 445/6459/5585 448/6457/5583
f 365/6484/410 366/6373/410 484/6461/5587
f 474/6509/5628 365/6484/410 484/6461/5587
f 484/6461/5587 448/6457/5583 463/529/434
f 484/6461/5587 463/529/434 464/6510/5629
f 473/6511/18 474/6509/5628 484/6461/5587
f 472/6512/5630 473/6511/18 484/6461/5587
f 472/6512/5630 484/6461/5587 464/6510/5629
f 471/6513/5631 472/6512/5630 464/6510/5629
f 471/6513/5631 464/6510/5629 465/6514/5632
f 468/6515/5633 469/533/438 470/528/432
f 470/528/432 471/6513/5631 465/6514/5632
f 466/526/430 356/509/433 355/6479/145
f 470/528/432 465/6514/5632 466/526/430
f 467/527/431 468/6515/5633 470/528/432
f 466/526/430 355/6479/145 467/527/431
f 458/6505/5627 357/6482/5626 356/509/433
f 356/509/433 466/526/430 465/6514/5632
f 465/6514/5632 464/6510/5629 463/529/434
f 463/529/434 462/6508/5578 461/6507/5578
f 461/6507/5578 460/6506/5578 459/530/435
f 459/530/435 458/6505/5627 356/509/433
f 356/509/433 465/6514/5632 463/529/434
f 463/529/434 461/6507/5578 459/530/435
f 467/527/431 355/6479/145 30/6478/145
f 40/6516/5634 60/6517/5635 41/6518/5636
f 467/527/431 30/6478/145 40/6516/5634
f 468/6515/5633 467/527/431 40/6516/5634
f 40/6516/5634 41/6518/5636 59/6503/5624
f 59/6503/5624 363/6489/5616 483/6519/5362
f 59/6503/5624 483/6519/5362 482/536/441
f 468/6515/5633 40/6516/5634 59/6503/5624
f 471/6513/5631 470/528/432 469/533/438
f 469/533/438 468/6515/5633 59/6503/5624
f 59/6503/5624 482/536/441 481/6520/5637
f 469/533/438 59/6503/5624 481/6520/5637
f 472/6512/5630 471/6513/5631 469/533/438
f 474/6509/5628 473/6511/18 472/6512/5630
f 364/517/410 365/6484/410 474/6509/5628
f 477/532/437 476/534/439 475/6521/5638
f 475/6521/5638 364/517/410 474/6509/5628
f 474/6509/5628 472/6512/5630 469/533/438
f 469/533/438 481/6520/5637 480/535/440
f 469/533/438 480/535/440 479/6522/5639
f 475/6521/5638 474/6509/5628 469/533/438
f 477/532/437 475/6521/5638 469/533/438
f 469/533/438 479/6522/5639 478/531/436
f 483/6519/5362 363/6489/5616 364/517/410
f 364/517/410 475/6521/5638 476/534/439
f 476/534/439 477/532/437 478/531/436
f 478/531/436 479/6522/5639 480/535/440
f 480/535/440 481/6520/5637 482/536/441
f 482/536/441 483/6519/5362 364/517/410
f 476/534/439 478/531/436 480/535/440
f 482/536/441 364/517/410 476/534/439
f 503/6462/5588 488/6438/5567 487/540/445
f 490/6475/5602 491/6474/5601 492/6472/5599
f 503/6462/5588 487/540/445 490/6475/5602
f 500/539/444 501/6464/5590 502/6463/5589
f 502/6463/5589 503/6462/5588 490/6475/5602
f 490/6475/5602 492/6472/5599 493/537/442
f 493/537/442 494/6470/5597 495/6469/5596
f 495/6469/5596 496/6467/5593 497/538/443
f 497/538/443 498/6466/5592 499/6465/5591
f 500/539/444 502/6463/5589 490/6475/5602
f 497/538/443 499/6465/5591 500/539/444
f 493/537/442 495/6469/5596 497/538/443
f 500/539/444 490/6475/5602 493/537/442
f 518/6435/20 486/541/446 487/540/445
f 487/540/445 488/6438/5567 504/6440/20
f 504/6440/20 505/6439/20 506/493/408
f 506/493/408 507/492/407 508/6446/5573
f 509/6445/5572 510/6444/5571 511/6443/5570
f 506/493/408 508/6446/5573 509/6445/5572
f 487/540/445 504/6440/20 506/493/408
f 517/544/449 518/6435/20 487/540/445
f 515/6437/5566 516/6436/5565 517/544/449
f 513/6442/5569 514/6441/5568 515/6437/5566
f 509/6445/5572 511/6443/5570 512/543/448
f 513/6442/5569 515/6437/5566 517/544/449
f 506/493/408 509/6445/5572 512/543/448
f 512/543/448 513/6442/5569 517/544/449
f 517/544/449 487/540/445 506/493/408
f 646/1/579 834/6130/580 836/6569/5666
f 646/1/579 836/6569/5666 837/6570/580
f 840/6571/580 833/6572/579 646/1/579
f 839/717/580 840/6571/580 646/1/579
f 646/1/579 837/6570/580 838/716/580
f 646/1/579 833/6572/579 841/6573/583
f 841/6573/583 842/6574/583 843/6575/583
f 843/6575/583 844/6576/583 845/6577/789
f 845/6577/789 846/6578/5667 847/6579/583
f 845/6577/789 847/6579/583 848/6580/5668
f 841/6573/583 843/6575/583 845/6577/789
f 875/6581/789 835/6131/583 646/1/579
f 872/6582/583 873/6583/5669 874/6584/583
f 874/6584/583 875/6581/789 646/1/579
f 646/1/579 841/6573/583 845/6577/789
f 845/6577/789 848/6580/5668 849/6585/583
f 646/1/579 845/6577/789 849/6585/583
f 872/6582/583 874/6584/583 646/1/579
f 871/6586/583 872/6582/583 646/1/579
f 646/1/579 849/6585/583 850/1027/789
f 646/1/579 850/1027/789 851/6587/583
f 870/6588/583 871/6586/583 646/1/579
f 867/6589/583 868/6590/583 869/6591/583
f 869/6591/583 870/6588/583 646/1/579
f 646/1/579 851/6587/583 852/6592/583
f 853/6593/583 854/1026/788 855/6594/5670
f 646/1/579 852/6592/583 853/6593/583
f 867/6589/583 869/6591/583 646/1/579
f 865/6595/5671 866/6596/583 867/6589/583
f 863/6597/5672 864/6598/5673 865/6595/5671
f 862/6599/583 863/6597/5672 865/6595/5671
f 865/6595/5671 867/6589/583 646/1/579
f 646/1/579 853/6593/583 855/6594/5670
f 855/6594/5670 856/6600/5674 857/6601/583
f 857/6601/583 858/6602/583 859/721/583
f 855/6594/5670 857/6601/583 859/721/583
f 862/6599/583 865/6595/5671 646/1/579
f 861/6603/5675 862/6599/583 646/1/579
f 646/1/579 855/6594/5670 859/721/583
f 860/722/583 861/6603/5675 646/1/579
f 880/725/584 647/6604/584 649/723/584
f 649/723/584 675/797/584 674/724/584
f 674/724/584 886/6605/584 880/725/584
f 653/727/584 652/6606/584 656/728/584
f 653/727/584 648/6608/584 646/733/584
f 646/733/584 835/6609/584 978/734/584
f 978/734/584 652/6606/584 653/727/584
f 656/16/591 979/6621/592 1034/6622/592
f 1034/6622/592 1035/6623/5681 1036/6624/592
f 656/16/591 1034/6622/592 1036/6624/592
f 977/6625/5682 659/6175/5683 656/16/591
f 1055/6626/5684 977/6625/5682 656/16/591
f 656/16/591 1036/6624/592 1037/6627/5685
f 1038/6628/592 1039/6629/592 1040/6630/592
f 656/16/591 1037/6627/5685 1038/6628/592
f 1054/6631/5686 1055/6626/5684 656/16/591
f 1052/6632/5687 1053/6633/5688 1054/6631/5686
f 1050/6634/592 1051/6635/5689 1052/6632/5687
f 1049/6636/592 1050/6634/592 1052/6632/5687
f 656/16/591 1038/6628/592 1040/6630/592
f 1040/6630/592 1041/6637/592 1042/6638/592
f 656/16/591 1040/6630/592 1042/6638/592
f 1049/6636/592 1052/6632/5687 1054/6631/5686
f 1048/6639/5690 1049/6636/592 1054/6631/5686
f 656/16/591 1042/6638/592 1043/6640/592
f 656/16/591 1043/6640/592 1044/6641/592
f 1048/6639/5690 1054/6631/5686 656/16/591
f 1047/6642/592 1048/6639/5690 656/16/591
f 656/16/591 1044/6641/592 1045/737/592
f 1046/738/592 1047/6642/592 656/16/591
f 656/16/598 652/497/988 981/1232/988
f 656/16/598 981/1232/988 1001/6644/5694
f 1031/6645/1008 979/6621/723 656/16/598
f 1029/6646/5695 1030/6647/5696 1031/6645/1008
f 1027/6648/5697 1028/6649/5698 1029/6646/5695
f 1025/6650/5699 1026/6651/5700 1027/6648/5697
f 1022/6652/5701 1023/6653/5702 1024/6654/5703
f 1022/6652/5701 1024/6654/5703 1025/6650/5699
f 1021/6655/5704 1022/6652/5701 1025/6650/5699
f 1027/6648/5697 1029/6646/5695 1031/6645/1008
f 1020/6656/5705 1021/6655/5704 1025/6650/5699
f 1025/6650/5699 1027/6648/5697 1031/6645/1008
f 656/16/598 1001/6644/5694 1002/1229/596
f 656/16/598 1002/1229/596 1003/6657/596
f 1025/6650/5699 1031/6645/1008 656/16/598
f 1019/6658/5706 1020/6656/5705 1025/6650/5699
f 1019/6658/5706 1025/6650/5699 656/16/598
f 656/16/598 1003/6657/596 1004/6659/596
f 1005/6660/596 1006/6661/596 1007/6662/596
f 656/16/598 1004/6659/596 1005/6660/596
f 1018/6663/596 1019/6658/5706 656/16/598
f 1017/6664/596 1018/6663/596 656/16/598
f 656/16/598 1005/6660/596 1007/6662/596
f 1008/6665/596 1009/1228/596 1010/6666/5707
f 656/16/598 1007/6662/596 1008/6665/596
f 1016/6667/596 1017/6664/596 656/16/598
f 1014/743/597 1015/6668/5708 1016/6667/596
f 1012/6669/596 1013/6670/596 1014/743/597
f 1008/6665/596 1010/6666/5707 1011/742/596
f 1011/742/596 1012/6669/596 1014/743/597
f 1014/743/597 1016/6667/596 656/16/598
f 656/16/598 1008/6665/596 1011/742/596
f 663/6228/5709 659/6175/5683 977/6625/5682
f 977/6625/5682 986/1225/985 987/6672/600
f 977/6625/5682 987/6672/600 988/6673/600
f 1000/6674/5710 980/772/5711 663/6228/5709
f 998/6675/600 999/6676/5712 1000/6674/5710
f 998/6675/600 1000/6674/5710 663/6228/5709
f 663/6228/5709 977/6625/5682 988/6673/600
f 663/6228/5709 988/6673/600 989/6677/600
f 998/6675/600 663/6228/5709 989/6677/600
f 998/6675/600 989/6677/600 990/6678/5713
f 997/6679/5714 998/6675/600 990/6678/5713
f 991/747/600 992/6680/5715 993/6681/5716
f 997/6679/5714 990/6678/5713 991/747/600
f 994/748/601 995/6682/5717 996/749/600
f 996/749/600 997/6679/5714 991/747/600
f 991/747/600 993/6681/5716 994/748/601
f 657/729/584 656/728/584 659/753/584
f 666/760/584 664/765/584 663/764/584
f 982/758/584 725/1004/761 724/759/584
f 666/760/584 663/764/584 982/758/584
f 660/754/584 659/753/584 663/764/584
f 982/46/614 663/6228/614 980/772/614
f 980/772/614 983/1222/982 984/773/615
f 984/773/615 985/6687/614 982/46/614
f 666/760/584 724/759/584 668/779/584
f 669/780/584 668/779/584 728/785/584
f 679/794/584 682/810/584 681/795/584
f 887/6707/584 674/724/584 675/797/584
f 675/797/584 679/794/584 678/796/584
f 876/798/584 887/6707/584 675/797/584
f 704/812/584 681/795/584 682/810/584
f 682/810/584 685/816/584 734/811/584
f 688/813/584 692/823/584 691/814/584
f 685/816/584 688/813/584 733/815/584
f 692/823/584 695/831/584 694/824/584
f 695/831/584 698/6708/584 697/832/584
f 897/6709/5736 703/6710/699 706/836/657
f 706/836/657 743/6711/699 742/6712/5737
f 742/6712/5737 705/6713/5738 719/837/658
f 719/837/658 901/6714/5739 903/838/659
f 903/838/659 897/6709/5736 706/836/657
f 706/836/657 742/6712/5737 719/837/658
f 893/843/5740 730/6715/660 708/839/660
f 707/840/661 744/6716/5741 703/6710/5742
f 896/6717/5743 895/1043/5744 917/6718/5745
f 915/841/662 916/6719/5746 896/6717/5743
f 915/841/662 896/6717/5743 917/6718/5745
f 707/840/661 703/6710/5742 897/6709/5744
f 707/840/661 897/6709/5744 913/6720/5747
f 915/841/662 917/6718/5745 893/843/5740
f 707/840/661 913/6720/5747 914/6721/5748
f 915/841/662 893/843/5740 708/839/660
f 707/840/661 914/6721/5748 915/841/662
f 731/842/663 730/6715/5749 893/843/664
f 701/845/666 748/6722/5750 712/846/667
f 749/848/669 713/6723/669 723/849/669
f 701/845/666 702/847/668 717/851/670
f 717/851/670 716/6724/5751 731/842/5752
f 731/842/5752 899/844/856 920/852/671
f 920/852/671 898/6725/5753 681/117/828
f 681/117/828 704/6285/856 718/853/672
f 718/853/672 701/845/666 717/851/670
f 717/851/670 731/842/5752 920/852/671
f 920/852/671 681/117/828 718/853/672
f 704/812/584 734/811/584 780/867/584
f 793/872/101 780/6291/101 734/134/101
f 668/779/584 767/884/584 769/876/584
f 724/759/584 763/1005/584 767/884/584
f 780/867/584 734/811/584 733/815/584
f 733/815/584 778/975/584 826/961/584
f 731/968/750 716/6764/750 817/969/750
f 778/975/584 733/815/584 691/814/584
f 691/814/584 781/990/584 827/974/584
f 781/990/584 691/814/584 694/824/584
f 694/824/584 783/1003/584 828/989/584
f 694/824/584 697/832/584 785/1002/584
f 725/1004/761 764/6772/584 763/1005/584
f 1063/6775/5794 833/6572/579 840/6571/580
f 840/6571/580 839/717/580 838/716/580
f 838/716/580 837/6570/580 836/6569/5666
f 836/6569/5666 834/6130/580 881/308/5795
f 836/6569/5666 881/308/5795 883/6776/5796
f 840/6571/580 838/716/580 836/6569/5666
f 1093/6777/5797 1063/6775/5794 840/6571/580
f 1091/1236/992 1092/6778/5798 1093/6777/5797
f 1089/6779/5799 1090/6780/5800 1091/1236/992
f 1089/6779/5799 1091/1236/992 1093/6777/5797
f 1093/6777/5797 840/6571/580 836/6569/5666
f 1089/6779/5799 1093/6777/5797 836/6569/5666
f 1088/6781/5801 1089/6779/5799 836/6569/5666
f 1088/6781/5801 836/6569/5666 883/6776/5796
f 1087/1237/993 1088/6781/5801 883/6776/5796
f 884/1035/5802 879/1045/5803 900/6782/5804
f 1087/1237/993 883/6776/5796 884/1035/5802
f 1086/6783/5805 1087/1237/993 884/1035/5802
f 884/1035/5802 900/6782/5804 908/6784/5806
f 909/6785/5807 901/6714/5808 719/837/785
f 1086/6783/5805 884/1035/5802 908/6784/5806
f 908/6784/5806 909/6785/5807 719/837/785
f 719/837/785 714/6786/5809 752/6787/5810
f 752/6787/5810 741/6788/5811 1060/6789/5812
f 1068/6790/5813 1069/6791/5814 1070/6792/5815
f 752/6787/5810 1060/6789/5812 1068/6790/5813
f 1086/6783/5805 908/6784/5806 719/837/785
f 1085/6793/5816 1086/6783/5805 719/837/785
f 719/837/785 752/6787/5810 1068/6790/5813
f 1068/6790/5813 1070/6792/5815 1071/1241/994
f 1068/6790/5813 1071/1241/994 1072/6794/5817
f 1084/6795/786 1085/6793/5816 719/837/785
f 1083/1238/786 1084/6795/786 719/837/785
f 719/837/785 1068/6790/5813 1072/6794/5817
f 719/837/785 1072/6794/5817 1073/6796/786
f 1082/6797/5818 1083/1238/786 719/837/785
f 1061/1025/787 1062/1257/1006 1082/6797/5818
f 1080/6798/5819 1081/6799/5820 1061/1025/787
f 1078/6800/5821 1079/6801/786 1080/6798/5819
f 1076/1239/786 1077/6802/786 1078/6800/5821
f 1075/1024/786 1076/1239/786 1078/6800/5821
f 1078/6800/5821 1080/6798/5819 1061/1025/787
f 1061/1025/787 1082/6797/5818 719/837/785
f 719/837/785 1073/6796/786 1074/1240/786
f 1075/1024/786 1078/6800/5821 1061/1025/787
f 719/837/785 1074/1240/786 1075/1024/786
f 978/6372/5672 835/6131/583 875/6581/789
f 875/6581/789 874/6584/583 873/6583/5669
f 873/6583/5669 872/6582/583 871/6586/583
f 871/6586/583 870/6588/583 869/6591/583
f 871/6586/583 869/6591/583 868/6590/583
f 875/6581/789 873/6583/5669 871/6586/583
f 1032/1231/788 978/6372/5672 875/6581/789
f 1067/6803/5822 981/1232/988 1033/6804/788
f 1033/6804/788 1032/1231/788 875/6581/789
f 875/6581/789 871/6586/583 868/6590/583
f 875/6581/789 868/6590/583 867/6589/583
f 1067/6803/5822 1033/6804/788 875/6581/789
f 1145/6805/788 1067/6803/5822 875/6581/789
f 875/6581/789 867/6589/583 866/6596/583
f 875/6581/789 866/6596/583 865/6595/5671
f 1144/6806/788 1145/6805/788 875/6581/789
f 1141/6807/5823 1142/6808/5824 1143/1028/790
f 1143/1028/790 1144/6806/788 875/6581/789
f 1143/1028/790 875/6581/789 865/6595/5671
f 1140/6809/5825 1141/6807/5823 1143/1028/790
f 1138/6810/5826 1139/6811/1004 1140/6809/5825
f 1136/6812/5827 1137/6813/5828 1138/6810/5826
f 1134/6814/5675 1135/6815/789 1136/6812/5827
f 833/6572/579 1063/6775/5794 1134/6814/5675
f 841/6573/583 833/6572/579 1134/6814/5675
f 1134/6814/5675 1136/6812/5827 1138/6810/5826
f 1138/6810/5826 1140/6809/5825 1143/1028/790
f 1143/1028/790 865/6595/5671 864/6598/5673
f 863/6597/5672 862/6599/583 861/6603/5675
f 1143/1028/790 864/6598/5673 863/6597/5672
f 1134/6814/5675 1138/6810/5826 1143/1028/790
f 842/6574/583 841/6573/583 1134/6814/5675
f 843/6575/583 842/6574/583 1134/6814/5675
f 1143/1028/790 863/6597/5672 861/6603/5675
f 861/6603/5675 860/722/583 859/721/583
f 861/6603/5675 859/721/583 858/6602/583
f 844/6576/583 843/6575/583 1134/6814/5675
f 845/6577/789 844/6576/583 1134/6814/5675
f 861/6603/5675 858/6602/583 857/6601/583
f 861/6603/5675 857/6601/583 856/6600/5674
f 845/6577/789 1134/6814/5675 1143/1028/790
f 848/6580/5668 847/6579/583 846/6578/5667
f 846/6578/5667 845/6577/789 1143/1028/790
f 1143/1028/790 861/6603/5675 856/6600/5674
f 1143/1028/790 856/6600/5674 855/6594/5670
f 848/6580/5668 846/6578/5667 1143/1028/790
f 850/1027/789 849/6585/583 848/6580/5668
f 852/6592/583 851/6587/583 850/1027/789
f 854/1026/788 853/6593/583 852/6592/583
f 1143/1028/790 855/6594/5670 854/1026/788
f 850/1027/789 848/6580/5668 1143/1028/790
f 854/1026/788 852/6592/583 850/1027/789
f 877/1029/791 885/1037/5829 887/296/792
f 885/1037/5830 877/1029/5831 882/1030/794
f 882/1030/794 880/300/5832 886/310/795
f 888/1031/796 885/1037/5830 882/1030/794
f 880/300/797 882/1030/797 878/1032/797
f 889/1036/5833 878/1032/5834 882/1030/798
f 882/1030/798 879/1045/5835 890/1033/799
f 891/1034/800 889/1036/5833 882/1030/798
f 890/1033/5836 879/1045/5837 884/1035/801
f 884/1035/801 883/6776/5838 881/308/802
f 881/308/802 878/1032/5839 889/1036/803
f 889/1036/803 890/1033/5836 884/1035/801
f 885/1037/805 888/1031/5840 886/310/806
f 895/1043/813 896/6717/5841 904/1041/811
f 904/1041/811 905/6817/5842 906/1042/812
f 906/1042/812 907/6818/5843 895/1043/813
f 877/1029/816 894/6819/5844 902/1044/814
f 902/1044/814 900/6782/5845 879/1045/815
f 879/1045/815 882/1030/5846 877/1029/816
f 678/325/823 892/6822/660 918/6823/5847
f 910/6824/5848 911/6825/5849 912/1052/821
f 678/325/823 918/6823/5847 910/6824/5848
f 877/1029/822 876/298/808 678/325/823
f 912/1052/821 894/6819/5744 877/1029/822
f 678/325/823 910/6824/5848 912/1052/821
f 681/117/828 898/6725/5753 919/1058/826
f 919/1058/826 892/6822/5850 678/325/827
f 725/6429/5901 982/46/614 985/6687/614
f 725/6429/5901 985/6687/614 984/773/615
f 699/850/5902 723/849/730 750/1224/984
f 750/1224/984 725/6429/5901 984/773/615
f 983/1222/982 980/772/614 737/6863/5903
f 750/1224/984 984/773/615 983/1222/982
f 751/1223/983 699/850/5902 750/1224/984
f 983/1222/982 737/6863/5903 751/1223/983
f 737/6863/5904 980/772/5711 1000/6674/5710
f 999/6676/5712 998/6675/600 997/6679/5714
f 737/6863/5904 1000/6674/5710 999/6676/5712
f 710/6864/5905 747/6865/5906 737/6863/5904
f 740/6866/5907 711/6867/5908 710/6864/5905
f 1219/6868/5909 1187/1273/1022 740/6866/5907
f 1218/6869/5910 1219/6868/5909 740/6866/5907
f 740/6866/5907 710/6864/5905 737/6863/5904
f 737/6863/5904 999/6676/5712 997/6679/5714
f 997/6679/5714 996/749/600 995/6682/5717
f 737/6863/5904 997/6679/5714 995/6682/5717
f 1218/6869/5910 740/6866/5907 737/6863/5904
f 1217/6870/5911 1218/6869/5910 737/6863/5904
f 737/6863/5904 995/6682/5717 994/748/601
f 737/6863/5904 994/748/601 993/6681/5716
f 1216/6871/5912 1217/6870/5911 737/6863/5904
f 1213/1274/1023 1214/6872/5913 1215/6873/5914
f 1216/6871/5912 737/6863/5904 993/6681/5716
f 1213/1274/1023 1215/6873/5914 1216/6871/5912
f 1212/6874/5915 1213/1274/1023 1216/6871/5912
f 1216/6871/5912 993/6681/5716 992/6680/5715
f 992/6680/5715 991/747/600 990/6678/5713
f 990/6678/5713 989/6677/600 988/6673/600
f 990/6678/5713 988/6673/600 987/6672/600
f 1216/6871/5912 992/6680/5715 990/6678/5713
f 1212/6874/5915 1216/6871/5912 990/6678/5713
f 990/6678/5713 987/6672/600 986/1225/985
f 986/1225/985 977/6625/5682 1189/6875/5916
f 1189/6875/5916 1205/6876/600 1206/6877/600
f 1189/6875/5916 1206/6877/600 1207/6878/5917
f 1212/6874/5915 990/6678/5713 986/1225/985
f 1209/1227/987 1210/1275/1024 1211/6879/5918
f 1211/6879/5918 1212/6874/5915 986/1225/985
f 986/1225/985 1189/6875/5916 1207/6878/5917
f 986/1225/985 1207/6878/5917 1208/1226/986
f 1209/1227/987 1211/6879/5918 986/1225/985
f 1059/6880/723 979/6621/723 1031/6645/1008
f 1059/6880/723 1031/6645/1008 1030/6647/5696
f 1156/6881/5919 1157/6882/5920 1158/6883/5921
f 1158/6883/5921 1059/6880/723 1030/6647/5696
f 1158/6883/5921 1030/6647/5696 1029/6646/5695
f 1155/6884/5922 1156/6881/5919 1158/6883/5921
f 1153/6885/5923 1154/6886/5924 1155/6884/5922
f 1153/6885/5923 1155/6884/5922 1158/6883/5921
f 1158/6883/5921 1029/6646/5695 1028/6649/5698
f 1028/6649/5698 1027/6648/5697 1026/6651/5700
f 1026/6651/5700 1025/6650/5699 1024/6654/5703
f 1026/6651/5700 1024/6654/5703 1023/6653/5702
f 1158/6883/5921 1028/6649/5698 1026/6651/5700
f 1152/6887/5925 1153/6885/5923 1158/6883/5921
f 1151/6888/5926 1152/6887/5925 1158/6883/5921
f 1158/6883/5921 1026/6651/5700 1023/6653/5702
f 1022/6652/5701 1021/6655/5704 1020/6656/5705
f 1158/6883/5921 1023/6653/5702 1022/6652/5701
f 1151/6888/5926 1158/6883/5921 1022/6652/5701
f 1022/6652/5701 1020/6656/5705 1019/6658/5706
f 1019/6658/5706 1018/6663/596 1017/6664/596
f 1017/6664/596 1016/6667/596 1015/6668/5708
f 1019/6658/5706 1017/6664/596 1015/6668/5708
f 1151/6888/5926 1022/6652/5701 1019/6658/5706
f 1150/6889/5927 1151/6888/5926 1019/6658/5706
f 1150/6889/5927 1019/6658/5706 1015/6668/5708
f 1149/6890/5928 1150/6889/5927 1015/6668/5708
f 1149/6890/5928 1015/6668/5708 1014/743/597
f 1148/6891/5929 1149/6890/5928 1014/743/597
f 1148/6891/5929 1014/743/597 1013/6670/596
f 1186/6892/596 1146/6893/5930 1147/6894/5931
f 1147/6894/5931 1148/6891/5929 1013/6670/596
f 1012/6669/596 1011/742/596 1010/6666/5707
f 1147/6894/5931 1013/6670/596 1012/6669/596
f 1185/1230/596 1186/6892/596 1147/6894/5931
f 981/1232/988 1067/6803/5822 1185/1230/596
f 1002/1229/596 1001/6644/5694 981/1232/988
f 1004/6659/596 1003/6657/596 1002/1229/596
f 1006/6661/596 1005/6660/596 1004/6659/596
f 1008/6665/596 1007/6662/596 1006/6661/596
f 1012/6669/596 1010/6666/5707 1009/1228/596
f 1009/1228/596 1008/6665/596 1006/6661/596
f 1006/6661/596 1004/6659/596 1002/1229/596
f 1002/1229/596 981/1232/988 1185/1230/596
f 1185/1230/596 1147/6894/5931 1012/6669/596
f 1009/1228/596 1006/6661/596 1002/1229/596
f 1185/1230/596 1012/6669/596 1009/1228/596
f 1189/6875/5916 977/6625/5682 1055/6626/5684
f 1055/6626/5684 1054/6631/5686 1053/6633/5688
f 1189/6875/5916 1055/6626/5684 1053/6633/5688
f 1203/6895/5932 1204/6896/5933 1189/6875/5916
f 1200/6897/5934 1201/1268/1017 1202/6898/5935
f 1202/6898/5935 1203/6895/5932 1189/6875/5916
f 1189/6875/5916 1053/6633/5688 1052/6632/5687
f 1051/6635/5689 1050/6634/592 1049/6636/592
f 1189/6875/5916 1052/6632/5687 1051/6635/5689
f 1200/6897/5934 1202/6898/5935 1189/6875/5916
f 1200/6897/5934 1189/6875/5916 1051/6635/5689
f 1051/6635/5689 1049/6636/592 1048/6639/5690
f 1048/6639/5690 1047/6642/592 1046/738/592
f 1046/738/592 1045/737/592 1044/6641/592
f 1044/6641/592 1043/6640/592 1042/6638/592
f 1041/6637/592 1040/6630/592 1039/6629/592
f 1044/6641/592 1042/6638/592 1041/6637/592
f 1048/6639/5690 1046/738/592 1044/6641/592
f 1200/6897/5934 1051/6635/5689 1048/6639/5690
f 1199/6899/5936 1200/6897/5934 1048/6639/5690
f 1048/6639/5690 1044/6641/592 1041/6637/592
f 1039/6629/592 1038/6628/592 1037/6627/5685
f 1048/6639/5690 1041/6637/592 1039/6629/592
f 1198/1269/1018 1199/6899/5936 1048/6639/5690
f 1197/6900/5937 1198/1269/1018 1048/6639/5690
f 1048/6639/5690 1039/6629/592 1037/6627/5685
f 1037/6627/5685 1036/6624/592 1035/6623/5681
f 1034/6622/592 979/6621/592 1059/6880/5938
f 1035/6623/5681 1034/6622/592 1059/6880/5938
f 1035/6623/5681 1059/6880/5938 1094/6901/5939
f 1197/6900/5937 1048/6639/5690 1037/6627/5685
f 1196/6902/5940 1197/6900/5937 1037/6627/5685
f 1037/6627/5685 1035/6623/5681 1094/6901/5939
f 1037/6627/5685 1094/6901/5939 1095/1246/998
f 1195/6903/5941 1196/6902/5940 1037/6627/5685
f 1194/1270/1019 1195/6903/5941 1037/6627/5685
f 1037/6627/5685 1095/1246/998 1096/6904/5942
f 1194/1270/1019 1037/6627/5685 1096/6904/5942
f 1193/6905/5943 1194/1270/1019 1096/6904/5942
f 1193/6905/5943 1096/6904/5942 1097/6906/5944
f 1188/1271/1020 1191/6907/5945 1192/6908/5946
f 1192/6908/5946 1193/6905/5943 1097/6906/5944
f 1192/6908/5946 1097/6906/5944 1098/6909/5947
f 1190/1272/1021 1188/1271/1020 1192/6908/5946
f 740/6866/5907 1187/1273/1022 1190/1272/1021
f 1056/6910/5948 739/6911/995 709/6912/5949
f 709/6912/5949 740/6866/5907 1190/1272/1021
f 1190/1272/1021 1192/6908/5946 1098/6909/5947
f 1190/1272/1021 1098/6909/5947 1099/1245/997
f 1056/6910/5948 709/6912/5949 1190/1272/1021
f 1107/1242/5950 1056/6910/5948 1190/1272/1021
f 1190/1272/1021 1099/1245/997 1100/6913/5951
f 1101/1233/989 1102/1244/996 1103/6914/5952
f 1107/1242/5950 1190/1272/1021 1100/6913/5951
f 1101/1233/989 1103/6914/5952 1058/6915/5953
f 1107/1242/5950 1100/6913/5951 1101/1233/989
f 1106/6916/5954 1107/1242/5950 1101/1233/989
f 1101/1233/989 1058/6915/5953 1057/1243/5955
f 1101/1233/989 1057/1243/5955 1104/1234/990
f 1105/1235/991 1106/6916/5954 1101/1233/989
f 1062/1257/1006 1063/6775/5794 1093/6777/5797
f 1062/1257/1006 1093/6777/5797 1092/6778/5798
f 1083/1238/786 1082/6797/5818 1062/1257/1006
f 1085/6793/5816 1084/6795/786 1083/1238/786
f 1087/1237/993 1086/6783/5805 1085/6793/5816
f 1089/6779/5799 1088/6781/5801 1087/1237/993
f 1090/6780/5800 1089/6779/5799 1087/1237/993
f 1087/1237/993 1085/6793/5816 1083/1238/786
f 1083/1238/786 1062/1257/1006 1092/6778/5798
f 1091/1236/992 1090/6780/5800 1087/1237/993
f 1083/1238/786 1092/6778/5798 1091/1236/992
f 1060/6789/5812 1061/1025/787 1081/6799/5820
f 1060/6789/5812 1081/6799/5820 1080/6798/5819
f 1069/6791/5814 1068/6790/5813 1060/6789/5812
f 1069/6791/5814 1060/6789/5812 1080/6798/5819
f 1069/6791/5814 1080/6798/5819 1079/6801/786
f 1070/6792/5815 1069/6791/5814 1079/6801/786
f 1070/6792/5815 1079/6801/786 1078/6800/5821
f 1073/6796/786 1072/6794/5817 1071/1241/994
f 1071/1241/994 1070/6792/5815 1078/6800/5821
f 1071/1241/994 1078/6800/5821 1077/6802/786
f 1074/1240/786 1073/6796/786 1071/1241/994
f 1076/1239/786 1075/1024/786 1074/1240/786
f 1071/1241/994 1077/6802/786 1076/1239/786
f 1059/6880/5938 1058/6915/5953 1103/6914/5952
f 1102/1244/996 1101/1233/989 1100/6913/5951
f 1059/6880/5938 1103/6914/5952 1102/1244/996
f 1095/1246/998 1094/6901/5939 1059/6880/5938
f 1097/6906/5944 1096/6904/5942 1095/1246/998
f 1099/1245/997 1098/6909/5947 1097/6906/5944
f 1102/1244/996 1100/6913/5951 1099/1245/997
f 1095/1246/998 1059/6880/5938 1102/1244/996
f 1099/1245/997 1097/6906/5944 1095/1246/998
f 1066/6917/988 1067/6803/5822 1145/6805/788
f 1145/6805/788 1144/6806/788 1143/1028/790
f 1145/6805/788 1143/1028/790 1142/6808/5824
f 1108/1250/1001 1066/6917/988 1145/6805/788
f 1109/6918/1004 1108/1250/1001 1145/6805/788
f 1109/6918/1004 1145/6805/788 1142/6808/5824
f 1112/6919/5956 1111/1251/1002 1110/6920/5957
f 1109/6918/1004 1142/6808/5824 1141/6807/5823
f 1109/6918/1004 1141/6807/5823 1140/6809/5825
f 1109/6918/1004 1140/6809/5825 1139/6811/1004
f 1110/6920/5957 1109/6918/1004 1139/6811/1004
f 1110/6920/5957 1139/6811/1004 1138/6810/5826
f 1112/6919/5956 1110/6920/5957 1138/6810/5826
f 1112/6919/5956 1138/6810/5826 1137/6813/5828
f 1064/6921/5958 1065/6922/988 1113/1252/1003
f 1113/1252/1003 1112/6919/5956 1137/6813/5828
f 1113/1252/1003 1137/6813/5828 1136/6812/5827
f 1114/6923/5959 1064/6921/5958 1113/1252/1003
f 1116/6924/1004 1115/6925/1004 1114/6923/5959
f 1118/6926/1004 1117/1253/1004 1116/6924/1004
f 1119/6927/5960 1118/6926/1004 1116/6924/1004
f 1116/6924/1004 1114/6923/5959 1113/1252/1003
f 1113/1252/1003 1136/6812/5827 1135/6815/789
f 1134/6814/5675 1063/6775/5794 1062/1257/1006
f 1119/6927/5960 1116/6924/1004 1113/1252/1003
f 1122/6928/5961 1121/1254/1005 1120/6929/5962
f 1120/6929/5962 1119/6927/5960 1113/1252/1003
f 1135/6815/789 1134/6814/5675 1062/1257/1006
f 1135/6815/789 1062/1257/1006 1133/6930/583
f 1122/6928/5961 1120/6929/5962 1113/1252/1003
f 1122/6928/5961 1113/1252/1003 1135/6815/789
f 1135/6815/789 1133/6930/583 1132/1256/583
f 1135/6815/789 1132/1256/583 1131/6931/583
f 1123/6932/5963 1122/6928/5961 1135/6815/789
f 1124/6933/5964 1123/6932/5963 1135/6815/789
f 1135/6815/789 1131/6931/583 1130/1247/583
f 1130/1247/583 1061/1025/787 1060/6789/5812
f 1060/6789/5812 1129/6934/5965 1128/1248/999
f 1128/1248/999 1127/6935/1004 1126/1255/1004
f 1125/1249/1000 1124/6933/5964 1135/6815/789
f 1128/1248/999 1126/1255/1004 1125/1249/1000
f 1130/1247/583 1060/6789/5812 1128/1248/999
f 1125/1249/1000 1135/6815/789 1130/1247/583
f 1065/6922/988 1066/6917/988 1108/1250/1001
f 1108/1250/1001 1109/6918/1004 1110/6920/5957
f 1111/1251/1002 1112/6919/5956 1113/1252/1003
f 1108/1250/1001 1110/6920/5957 1111/1251/1002
f 1113/1252/1003 1065/6922/988 1108/1250/1001
f 738/6936/5966 1064/6921/5958 1114/6923/5959
f 738/6936/5966 1114/6923/5959 1115/6925/1004
f 741/6788/5811 715/6937/5967 738/6936/5966
f 1129/6934/5965 1060/6789/5812 741/6788/5811
f 1128/1248/999 1129/6934/5965 741/6788/5811
f 741/6788/5811 738/6936/5966 1115/6925/1004
f 741/6788/5811 1115/6925/1004 1116/6924/1004
f 1127/6935/1004 1128/1248/999 741/6788/5811
f 1124/6933/5964 1125/1249/1000 1126/1255/1004
f 1126/1255/1004 1127/6935/1004 741/6788/5811
f 741/6788/5811 1116/6924/1004 1117/1253/1004
f 1117/1253/1004 1118/6926/1004 1119/6927/5960
f 1119/6927/5960 1120/6929/5962 1121/1254/1005
f 1121/1254/1005 1122/6928/5961 1123/6932/5963
f 1123/6932/5963 1124/6933/5964 1126/1255/1004
f 1126/1255/1004 741/6788/5811 1117/1253/1004
f 1117/1253/1004 1119/6927/5960 1121/1254/1005
f 1121/1254/1005 1123/6932/5963 1126/1255/1004
f 1062/1257/1006 1061/1025/787 1130/1247/583
f 1130/1247/583 1131/6931/583 1132/1256/583
f 1132/1256/583 1133/6930/583 1062/1257/1006
f 1058/6915/5968 1059/6880/723 1158/6883/5921
f 1058/6915/5968 1158/6883/5921 1157/6882/5920
f 1159/1261/1010 1058/6915/5968 1157/6882/5920
f 1159/1261/1010 1157/6882/5920 1156/6881/5919
f 1160/6938/5969 1159/1261/1010 1156/6881/5919
f 1160/6938/5969 1156/6881/5919 1155/6884/5922
f 1161/6939/5970 1160/6938/5969 1155/6884/5922
f 1154/6886/5924 1153/6885/5923 1152/6887/5925
f 1161/6939/5970 1155/6884/5922 1154/6886/5924
f 1162/6940/5971 1161/6939/5970 1154/6886/5924
f 1154/6886/5924 1152/6887/5925 1151/6888/5926
f 1151/6888/5926 1150/6889/5927 1149/6890/5928
f 1149/6890/5928 1148/6891/5929 1147/6894/5931
f 1146/6893/5930 1186/6892/596 1185/1230/596
f 1149/6890/5928 1147/6894/5931 1146/6893/5930
f 1154/6886/5924 1151/6888/5926 1149/6890/5928
f 1163/1262/1011 1162/6940/5971 1154/6886/5924
f 1164/6941/5972 1163/1262/1011 1154/6886/5924
f 1154/6886/5924 1149/6890/5928 1146/6893/5930
f 1146/6893/5930 1185/1230/596 1067/6803/5822
f 1067/6803/5822 1066/6917/988 1175/6942/5973
f 1067/6803/5822 1175/6942/5973 1174/6943/596
f 1154/6886/5924 1146/6893/5930 1067/6803/5822
f 1164/6941/5972 1154/6886/5924 1067/6803/5822
f 1067/6803/5822 1174/6943/596 1173/6944/5974
f 1067/6803/5822 1173/6944/5974 1172/6945/5975
f 1165/6946/5976 1164/6941/5972 1067/6803/5822
f 1165/6946/5976 1067/6803/5822 1172/6945/5975
f 1171/1258/1007 1170/1263/1012 1169/6947/5977
f 1165/6946/5976 1172/6945/5975 1171/1258/1007
f 1166/6948/5978 1165/6946/5976 1171/1258/1007
f 1171/1258/1007 1169/6947/5977 1168/1259/1008
f 1168/1259/1008 1056/6910/723 1057/1243/5979
f 1167/1260/1009 1166/6948/5978 1171/1258/1007
f 1168/1259/1008 1057/1243/5979 1167/1260/1009
f 1057/1243/5979 1058/6915/5968 1159/1261/1010
f 1159/1261/1010 1160/6938/5969 1161/6939/5970
f 1161/6939/5970 1162/6940/5971 1163/1262/1011
f 1163/1262/1011 1164/6941/5972 1165/6946/5976
f 1165/6946/5976 1166/6948/5978 1167/1260/1009
f 1167/1260/1009 1057/1243/5979 1159/1261/1010
f 1159/1261/1010 1161/6939/5970 1163/1262/1011
f 1163/1262/1011 1165/6946/5976 1167/1260/1009
f 739/6911/723 1056/6910/723 1168/1259/1008
f 739/6911/723 1168/1259/1008 1169/6947/5977
f 746/6949/5980 700/6950/5981 745/6951/5982
f 745/6951/5982 739/6911/723 1169/6947/5977
f 1170/1263/1012 1171/1258/1007 1172/6945/5975
f 745/6951/5982 1169/6947/5977 1170/1263/1012
f 738/6936/5966 746/6949/5980 745/6951/5982
f 1184/1266/1015 1064/6921/5958 738/6936/5966
f 1183/6952/5983 1184/1266/1015 738/6936/5966
f 738/6936/5966 745/6951/5982 1170/1263/1012
f 1170/1263/1012 1172/6945/5975 1173/6944/5974
f 1173/6944/5974 1174/6943/596 1175/6942/5973
f 1175/6942/5973 1066/6917/988 1065/6922/988
f 1176/6953/5984 1177/1267/1016 1178/6954/5985
f 1175/6942/5973 1065/6922/988 1176/6953/5984
f 1170/1263/1012 1173/6944/5974 1175/6942/5973
f 1183/6952/5983 738/6936/5966 1170/1263/1012
f 1182/6955/5986 1183/6952/5983 1170/1263/1012
f 1170/1263/1012 1175/6942/5973 1176/6953/5984
f 1170/1263/1012 1176/6953/5984 1178/6954/5985
f 1181/6956/5987 1182/6955/5986 1170/1263/1012
f 1180/1265/1014 1181/6956/5987 1170/1263/1012
f 1170/1263/1012 1178/6954/5985 1179/1264/1013
f 1065/6922/988 1064/6921/5958 1184/1266/1015
f 1184/1266/1015 1183/6952/5983 1182/6955/5986
f 1182/6955/5986 1181/6956/5987 1180/1265/1014
f 1180/1265/1014 1179/1264/1013 1178/6954/5985
f 1177/1267/1016 1176/6953/5984 1065/6922/988
f 1180/1265/1014 1178/6954/5985 1177/1267/1016
f 1184/1266/1015 1182/6955/5986 1180/1265/1014
f 1177/1267/1016 1065/6922/988 1184/1266/1015
f 1188/1271/1020 1189/6875/5916 1204/6896/5933
f 1203/6895/5932 1202/6898/5935 1201/1268/1017
f 1188/1271/1020 1204/6896/5933 1203/6895/5932
f 1193/6905/5943 1192/6908/5946 1191/6907/5945
f 1191/6907/5945 1188/1271/1020 1203/6895/5932
f 1201/1268/1017 1200/6897/5934 1199/6899/5936
f 1191/6907/5945 1203/6895/5932 1201/1268/1017
f 1194/1270/1019 1193/6905/5943 1191/6907/5945
f 1196/6902/5940 1195/6903/5941 1194/1270/1019
f 1198/1269/1018 1197/6900/5937 1196/6902/5940
f 1201/1268/1017 1199/6899/5936 1198/1269/1018
f 1194/1270/1019 1191/6907/5945 1201/1268/1017
f 1198/1269/1018 1196/6902/5940 1194/1270/1019
f 1188/1271/1020 1187/1273/1022 1219/6868/5909
f 1219/6868/5909 1218/6869/5910 1217/6870/5911
f 1217/6870/5911 1216/6871/5912 1215/6873/5914
f 1217/6870/5911 1215/6873/5914 1214/6872/5913
f 1188/1271/1020 1219/6868/5909 1217/6870/5911
f 1205/6876/600 1189/6875/5916 1188/1271/1020
f 1207/6878/5917 1206/6877/600 1205/6876/600
f 1209/1227/987 1208/1226/986 1207/6878/5917
f 1212/6874/5915 1211/6879/5918 1210/1275/1024
f 1210/1275/1024 1209/1227/987 1207/6878/5917
f 1207/6878/5917 1205/6876/600 1188/1271/1020
f 1188/1271/1020 1217/6870/5911 1214/6872/5913
f 1213/1274/1023 1212/6874/5915 1210/1275/1024
f 1188/1271/1020 1214/6872/5913 1213/1274/1023
f 1210/1275/1024 1207/6878/5917 1188/1271/1020
usemtl Edge
f 49/4/3 2/5/4 3/6/4
f 1/9/7 649/10/8 2/11/9
f 50/12/10 1/13/3 49/4/3
f 1/9/7 566/14/11 648/15/12
f 5/19/15 579/20/16 578/21/17
f 51/25/19 4/26/10 50/27/10
f 52/31/22 5/32/22 51/33/22
f 6/34/23 575/35/24 574/36/25
f 8/37/26 6/38/27 52/39/27
f 7/40/28 577/41/29 576/42/30
f 9/43/31 572/44/32 559/45/33
f 54/49/37 7/50/26 8/51/26
f 12/52/38 10/53/39 55/54/39
f 55/55/39 9/56/37 54/57/37
f 10/58/40 583/59/41 580/60/42
f 672/61/43 12/62/38 728/63/43
f 11/64/44 669/65/45 10/58/46
f 679/66/47 529/67/48 675/68/49
f 539/69/50 538/70/50 2/11/9
f 13/71/51 3/6/4 2/5/4
f 15/72/52 14/73/51 13/71/51
f 17/74/53 58/75/54 16/76/54
f 16/77/55 56/78/52 15/72/52
f 682/79/56 534/80/57 679/66/47
f 688/81/58 527/82/59 685/83/60
f 685/83/61 531/84/62 682/79/56
f 19/85/63 18/86/53 17/74/53
f 692/87/64 23/88/65 21/89/66
f 21/90/67 20/91/63 19/85/63
f 692/87/68 19/92/69 532/93/70
f 23/94/71 22/95/67 21/90/67
f 26/96/72 698/97/73 697/98/73
f 25/99/72 24/100/71 23/94/71
f 695/101/74 25/102/75 23/88/76
f 106/120/93 35/121/94 63/122/95
f 70/123/96 83/124/96 53/125/96
f 33/126/97 106/120/93 63/122/95
f 725/127/98 123/128/98 70/129/98
f 14/73/51 77/130/4 3/6/4
f 44/131/99 101/132/100 29/133/100
f 43/137/102 122/138/103 44/131/99
f 53/125/96 121/139/104 43/140/104
f 85/141/39 12/52/38 55/54/39
f 120/142/105 31/143/105 69/144/105
f 12/62/38 769/145/43 728/63/43
f 119/146/106 69/147/107 42/148/108
f 93/149/109 42/148/108 32/150/109
f 84/151/37 55/55/39 54/57/37
f 118/152/110 61/153/110 68/154/110
f 780/155/111 75/156/112 74/157/113
f 767/158/114 84/159/115 121/160/116
f 767/158/117 86/161/118 85/162/119
f 88/163/120 107/164/121 106/165/122
f 90/166/123 112/167/124 110/168/125
f 90/166/126 91/169/127 89/170/85
f 92/171/128 129/172/129 128/173/130
f 132/174/131 133/175/132 120/176/133
f 95/177/134 96/178/135 134/179/136
f 98/180/137 783/181/138 97/182/139
f 97/182/139 828/183/140 140/184/141
f 522/185/142 523/186/143 102/187/144
f 103/188/145 102/187/145 114/189/145
f 80/190/146 100/191/147 115/192/148
f 82/193/149 521/194/150 118/195/151
f 763/196/152 123/197/152 764/198/152
f 84/159/115 99/199/153 124/200/154
f 78/201/155 76/202/156 126/203/157
f 79/204/158 105/205/159 127/206/160
f 90/207/52 14/73/51 56/78/52
f 101/132/100 45/208/161 29/133/100
f 107/209/94 36/210/162 35/121/94
f 45/208/161 99/211/163 27/212/163
f 108/213/164 37/214/164 36/215/164
f 92/216/55 56/78/52 58/217/55
f 62/218/165 125/219/166 71/220/166
f 109/221/167 34/222/167 37/223/167
f 125/219/166 72/224/168 71/220/166
f 87/225/167 64/226/167 34/222/167
f 94/227/53 58/75/54 18/86/53
f 126/228/168 33/126/97 72/224/168
f 110/213/169 65/214/169 64/215/169
f 59/229/170 127/230/171 46/231/171
f 111/147/172 38/146/172 65/232/172
f 74/233/105 48/234/105 31/143/105
f 127/230/171 62/218/165 46/231/171
f 38/146/173 89/150/173 28/149/173
f 95/235/63 18/86/53 20/91/63
f 75/236/174 704/237/174 48/238/174
f 28/149/173 91/242/173 57/239/173
f 128/241/175 73/242/176 47/240/175
f 104/243/110 39/244/110 61/245/110
f 77/130/4 49/4/3 3/6/4
f 73/242/176 93/149/109 32/150/109
f 39/246/177 103/247/177 30/248/177
f 96/249/67 20/91/63 22/95/67
f 49/4/3 79/250/10 50/12/10
f 30/248/177 114/251/177 40/252/177
f 50/27/10 80/253/19 51/25/19
f 40/254/178 102/255/178 60/256/178
f 51/33/22 81/257/22 52/31/22
f 60/258/179 115/259/180 41/260/181
f 24/100/71 96/249/67 22/95/67
f 81/261/27 8/37/26 52/39/27
f 115/259/180 59/229/170 41/260/181
f 785/262/73 26/96/72 697/98/73
f 27/212/163 116/263/182 66/264/183
f 66/264/183 117/265/184 67/266/184
f 98/267/72 24/100/71 26/96/72
f 82/268/26 54/49/37 8/51/26
f 67/269/184 118/270/185 68/271/185
f 132/272/186 131/273/187 133/274/188
f 131/275/189 130/276/190 133/277/191
f 130/276/190 136/278/192 134/279/193
f 132/272/186 136/280/194 131/273/187
f 136/280/195 135/281/195 134/179/195
f 137/282/196 778/283/197 139/284/198
f 137/282/196 781/285/199 827/286/200
f 828/287/201 137/282/202 140/288/203
f 137/282/196 138/289/204 140/288/205
f 139/284/206 778/283/206 826/290/206
f 196/313/230 239/314/231 208/315/231
f 194/320/238 249/321/238 218/322/238
f 208/315/239 238/323/239 207/324/239
f 218/322/243 225/328/230 196/313/230
f 238/329/244 206/330/244 207/331/244
f 235/334/247 217/335/248 197/336/249
f 237/337/250 205/338/250 206/339/250
f 248/340/251 216/341/251 217/342/251
f 236/343/252 197/336/249 205/338/252
f 216/344/253 246/345/254 215/346/254
f 198/347/255 234/348/256 204/349/256
f 246/345/254 214/350/257 215/346/254
f 204/349/258 231/351/259 202/352/260
f 260/353/261 230/354/262 231/355/263
f 231/355/259 240/356/264 241/357/265
f 263/358/266 225/359/267 249/360/268
f 226/361/269 247/362/270 248/363/271
f 229/364/272 222/365/273 223/366/274
f 257/367/275 229/364/272 254/368/275
f 256/369/276 228/370/277 257/367/275
f 245/371/278 247/362/279 258/372/280
f 238/373/281 260/353/282 261/374/283
f 256/369/276 222/365/284 228/370/277
f 252/375/285 250/376/286 255/377/287
f 222/365/288 244/378/289 263/358/290
f 255/377/82 250/376/82 251/379/82
f 251/380/291 193/381/292 219/382/291
f 240/383/293 201/384/294 209/385/293
f 242/386/295 219/382/295 211/387/295
f 210/388/296 240/389/296 209/390/296
f 229/391/297 194/320/298 200/392/299
f 202/352/260 241/393/265 210/394/300
f 220/395/301 252/396/301 199/397/301
f 212/398/302 242/399/302 211/400/302
f 250/401/303 220/402/304 193/381/292
f 244/403/305 212/404/305 213/405/305
f 233/406/306 195/407/307 203/408/306
f 254/409/308 200/392/299 221/410/308
f 232/411/307 213/405/309 195/407/307
f 230/412/294 203/408/310 201/384/294
f 252/396/301 221/413/311 199/397/301
f 214/414/312 227/415/255 198/347/255
f 256/416/313 269/417/314 255/418/314
f 272/419/315 226/420/316 258/421/315
f 222/422/317 267/423/318 228/424/319
f 268/425/320 258/426/321 247/427/322
f 224/428/323 273/429/324 265/430/325
f 263/431/326 264/432/327 222/422/317
f 260/433/328 273/434/328 259/435/328
f 265/436/325 263/358/329 224/437/323
f 261/438/330 274/439/330 260/440/330
f 261/441/331 276/442/331 275/443/331
f 257/444/332 270/445/333 256/446/313
f 262/447/334 266/448/335 276/442/334
f 228/424/319 271/449/336 257/450/337
f 232/451/338 273/452/339 265/436/340
f 244/378/341 265/436/340 277/453/342
f 244/378/343 264/454/344 243/455/345
f 243/456/345 267/457/346 271/458/347
f 243/455/345 269/459/348 242/460/349
f 269/459/350 251/379/350 242/460/350
f 250/376/351 251/379/352 269/459/353
f 269/459/354 253/461/355 250/376/356
f 269/417/357 253/462/357 255/418/357
f 252/375/358 269/459/359 270/463/360
f 254/368/361 270/463/360 271/464/362
f 229/364/363 271/464/364 267/465/365
f 229/364/363 264/454/366 223/366/367
f 277/453/368 194/466/369 223/366/367
f 225/359/370 277/453/371 265/436/372
f 239/467/373 265/436/372 273/452/374
f 274/468/375 239/469/373 273/470/374
f 237/471/376 274/468/377 275/472/378
f 276/473/379 237/471/380 275/472/381
f 266/474/382 236/475/383 276/473/384
f 235/476/385 272/477/386 248/363/387
f 248/363/387 268/478/388 247/362/389
f 272/479/390 246/480/391 268/481/392
f 245/371/393 266/482/394 227/483/395
f 276/473/396 227/484/395 266/474/394
f 275/472/397 234/485/398 276/473/399
f 240/486/400 231/487/401 275/472/402
f 273/470/403 230/488/403 274/468/403
f 652/497/410 332/498/411 331/499/211
f 356/509/418 404/500/418 406/510/418
f 519/545/450 524/546/451 521/194/452
f 520/547/453 525/548/454 522/185/455
f 524/546/456 520/547/453 521/194/457
f 519/545/450 525/548/458 524/546/451
f 523/186/459 522/185/459 525/548/459
f 627/549/460 567/550/460 568/551/460
f 17/552/461 530/553/462 526/554/463
f 584/555/464 642/556/464 583/557/464
f 16/558/465 533/559/466 530/553/467
f 542/560/468 600/561/468 541/562/468
f 15/563/469 537/564/470 536/565/470
f 626/566/471 566/567/471 567/550/471
f 526/554/472 19/92/473 17/552/474
f 583/568/475 641/569/476 582/570/477
f 541/562/478 599/571/478 540/572/478
f 625/573/479 565/574/479 566/567/479
f 666/575/480 558/576/481 573/577/482
f 582/578/477 640/579/483 581/580/484
f 552/581/485 657/582/486 556/583/487
f 540/572/488 598/584/488 539/585/488
f 558/576/481 660/586/489 552/581/485
f 624/587/490 564/588/490 565/589/490
f 556/583/487 653/590/491 560/591/492
f 581/580/484 639/592/493 580/593/494
f 543/623/524 601/624/524 542/625/524
f 554/626/525 643/627/526 584/555/526
f 628/628/527 568/551/527 569/629/527
f 544/630/528 602/631/528 543/623/528
f 629/632/529 569/633/529 570/634/529
f 545/635/530 603/636/531 544/630/531
f 630/637/532 570/634/533 571/638/532
f 588/639/534 545/635/530 529/640/534
f 561/641/535 630/637/532 571/638/532
f 546/642/536 587/643/537 528/644/537
f 562/645/538 619/646/539 560/647/539
f 547/648/540 605/649/536 546/642/536
f 572/650/541 618/651/542 559/652/542
f 607/653/543 547/648/540 548/654/543
f 555/655/544 631/656/545 572/650/541
f 549/657/546 607/653/543 548/654/543
f 573/658/547 613/659/525 554/626/525
f 550/660/548 608/661/548 549/657/548
f 617/662/539 573/658/547 558/663/539
f 551/664/549 609/665/549 550/660/549
f 574/666/550 616/667/551 557/668/551
f 538/669/552 610/670/552 551/664/552
f 634/671/553 574/666/550 575/672/554
f 586/673/555 531/674/556 527/675/557
f 553/676/558 634/671/553 575/672/554
f 530/677/559 585/678/504 526/679/560
f 556/680/539 611/681/539 552/682/539
f 531/674/556 592/683/534 534/684/534
f 576/685/561 612/686/558 553/676/558
f 591/687/562 530/677/559 533/688/562
f 577/689/563 635/690/564 576/685/561
f 534/684/534 588/639/534 529/640/534
f 559/652/542 636/691/565 577/689/563
f 593/692/562 533/688/562 535/693/562
f 552/682/539 617/662/539 558/663/539
f 594/694/566 535/693/566 536/695/566
f 578/696/567 620/697/535 561/641/535
f 595/698/568 536/699/568 537/700/568
f 579/701/569 637/702/570 578/696/567
f 528/644/537 595/698/537 537/700/571
f 557/668/551 638/703/569 579/701/569
f 596/704/572 527/675/557 532/705/573
f 560/647/539 615/706/539 556/680/539
f 563/707/574 621/708/575 562/645/538
f 526/679/560 596/709/503 532/710/576
f 580/711/494 614/712/544 555/655/544
f 623/713/577 563/707/574 564/588/577
f 539/585/578 597/714/578 538/715/578
f 720/718/581 644/719/582 721/720/582
f 644/726/585 649/10/586 648/15/587
f 644/730/582 651/731/588 721/732/582
f 644/726/585 1268/735/589 1269/736/590
f 1279/739/593 1280/740/594 654/741/595
f 650/744/588 655/745/599 651/746/588
f 654/750/602 722/751/602 655/752/602
f 1275/755/603 1276/756/604 658/757/605
f 658/761/606 662/762/607 722/763/606
f 1277/766/608 1278/767/609 661/768/610
f 1260/769/611 1273/770/612 665/771/613
f 662/762/607 665/774/616 726/775/616
f 667/776/617 671/777/618 727/778/617
f 665/774/616 727/778/617 726/775/616
f 1284/781/619 666/575/620 667/782/621
f 671/777/618 672/783/622 728/784/622
f 669/65/623 670/787/624 667/782/625
f 1230/788/626 679/66/627 675/68/628
f 645/789/629 1240/790/630 1241/791/630
f 720/718/581 673/792/631 645/793/581
f 729/799/631 676/800/632 673/801/631
f 680/802/633 684/803/634 683/804/634
f 677/805/632 680/806/635 676/800/632
f 1235/807/636 682/79/637 679/66/627
f 1228/808/638 688/81/639 685/83/640
f 1232/809/641 685/83/642 682/79/637
f 683/804/634 687/817/643 686/818/643
f 692/87/644 693/819/645 695/101/646
f 687/817/643 689/820/647 686/818/643
f 1233/821/648 689/822/649 692/87/650
f 690/825/647 693/826/651 689/827/647
f 736/828/652 698/829/653 696/830/652
f 735/833/651 696/830/652 693/826/651
f 695/101/654 696/834/655 698/835/656
f 742/854/673 795/855/674 705/856/675
f 750/857/676 762/858/676 812/859/676
f 719/860/677 795/855/674 755/861/677
f 725/127/678 812/862/678 764/863/678
f 729/864/631 756/865/581 771/866/631
f 749/869/679 789/870/680 811/871/681
f 713/874/682 811/871/681 810/875/682
f 723/877/676 810/878/683 762/858/676
f 727/778/617 768/879/618 766/880/617
f 701/881/684 809/882/684 748/883/684
f 728/784/622 768/879/618 671/777/618
f 748/232/685 808/148/686 712/146/687
f 712/146/687 776/150/688 702/149/688
f 727/778/617 765/885/616 726/775/616
f 740/886/689 807/887/689 711/888/689
f 754/889/690 780/155/691 793/890/692
f 811/891/693 765/892/694 767/158/695
f 767/158/696 768/893/697 769/894/698
f 796/895/699 797/896/699 771/897/700
f 799/898/701 801/899/702 773/900/703
f 773/900/704 774/901/705 775/902/706
f 775/902/707 818/903/708 777/904/709
f 809/905/710 822/906/711 821/907/712
f 823/908/713 830/909/714 782/910/715
f 783/181/716 786/911/717 784/912/718
f 832/913/719 783/181/716 784/912/718
f 790/914/720 1224/915/721 1223/916/722
f 791/917/723 803/918/723 790/914/723
f 804/919/724 758/920/725 759/921/726
f 807/922/727 1222/923/728 761/924/729
f 812/925/730 763/196/730 764/198/730
f 813/926/731 761/924/732 765/892/694
f 815/927/733 756/928/734 757/929/735
f 816/930/736 757/929/735 758/920/725
f 729/799/631 773/931/632 677/805/632
f 751/932/737 789/870/680 699/933/680
f 743/934/738 796/935/673 742/854/673
f 751/932/737 787/936/739 813/937/740
f 706/213/741 797/214/741 743/215/741
f 677/805/632 775/938/635 732/939/635
f 741/940/742 814/941/743 794/942/742
f 703/943/744 798/944/744 706/945/744
f 714/946/745 814/941/743 752/947/743
f 744/948/744 770/949/744 703/943/744
f 732/950/633 777/951/634 684/803/634
f 719/860/677 815/952/745 714/946/745
f 707/953/746 799/954/746 744/948/746
f 738/955/747 816/956/748 788/957/747
f 708/958/749 800/959/749 707/960/749
f 718/233/684 793/234/684 701/143/684
f 741/940/742 816/956/748 715/962/748
f 708/958/750 772/963/750 801/964/750
f 684/803/634 779/965/643 687/817/643
f 704/237/751 754/966/751 718/967/751
f 730/971/750 774/970/750 772/963/750
f 717/239/752 817/240/753 716/241/753
f 709/972/689 792/973/689 740/886/689
f 721/720/582 756/865/581 720/718/581
f 717/239/752 776/150/688 818/242/754
f 709/976/755 791/977/755 802/978/755
f 687/817/643 782/979/647 690/980/647
f 651/731/588 757/981/582 721/732/582
f 739/982/755 803/983/755 791/977/755
f 651/746/588 759/984/599 758/985/588
f 745/986/756 790/987/756 803/988/756
f 722/751/602 759/991/602 655/752/602
f 700/992/757 804/993/758 790/994/757
f 690/825/647 784/995/651 735/833/651
f 662/762/607 760/996/606 722/763/606
f 738/955/747 804/993/758 746/997/759
f 736/828/652 785/998/653 697/999/653
f 737/1000/739 805/1001/760 787/936/739
f 747/1006/762 806/1007/763 805/1001/760
f 735/833/651 786/1008/652 736/828/652
f 726/775/616 761/1009/607 662/762/607
f 710/1010/764 807/1011/765 806/1007/763
f 821/1012/766 822/1013/767 820/1014/768
f 820/1015/769 822/1016/770 819/1017/771
f 819/1017/771 825/1018/772 820/1015/769
f 825/1019/773 821/1012/766 820/1014/768
f 825/1019/774 823/908/774 824/1020/774
f 831/1021/775 827/286/776 829/1022/777
f 829/1022/777 827/286/776 781/285/778
f 828/287/779 829/1022/780 781/285/781
f 829/1022/777 832/1023/782 830/909/783
f 831/1021/784 826/290/784 778/283/784
f 895/1038/809 938/1039/810 924/1040/809
f 893/1046/817 948/1047/818 922/1048/819
f 907/1049/820 937/1050/820 938/1051/820
f 917/1053/824 924/1040/809 948/1054/824
f 905/1055/825 937/1056/825 906/1057/825
f 916/1059/829 934/1060/830 896/1061/831
f 904/1062/832 936/1063/832 905/1064/832
f 915/1065/833 947/1066/833 916/1059/833
f 896/1061/831 935/1067/834 904/1062/834
f 915/1068/835 945/1069/836 946/1070/835
f 897/1071/837 933/1072/838 926/1073/837
f 913/1074/839 945/1069/836 914/1075/836
f 903/1076/840 930/1077/841 933/1072/840
f 930/1078/842 929/1079/843 960/1080/844
f 930/1078/845 939/1081/846 929/1079/846
f 948/1082/847 923/1083/848 962/1084/849
f 947/1085/850 957/1086/851 925/1087/852
f 928/1088/853 921/1089/854 927/1090/855
f 953/1091/856 927/1090/855 956/1092/856
f 955/1093/857 956/1092/856 927/1090/858
f 957/1086/859 945/1094/860 944/1095/861
f 960/1080/862 959/1096/863 936/1097/864
f 921/1089/865 955/1093/857 927/1090/858
f 954/1098/866 952/1099/867 951/1100/868
f 921/1089/869 942/1101/870 954/1098/871
f 954/1098/660 950/1102/660 949/1103/660
f 892/1104/872 950/1105/873 918/1106/873
f 900/1107/874 939/1108/875 908/1109/875
f 918/1106/876 941/1110/876 910/1111/876
f 909/1112/877 939/1113/877 940/1114/877
f 893/1046/817 928/1115/878 899/1116/879
f 901/1117/841 940/1118/880 930/1077/841
f 919/1119/881 951/1120/881 952/1121/881
f 911/1122/882 941/1123/882 942/1124/882
f 919/1125/883 949/1126/884 892/1104/872
f 911/1127/885 943/1128/886 912/1129/886
f 894/1130/887 932/1131/888 902/1132/888
f 899/1116/879 953/1133/889 920/1134/889
f 912/1135/890 931/1136/887 894/1130/887
f 902/1137/891 929/1138/874 900/1107/874
f 920/1139/892 951/1120/881 898/1140/881
f 913/1141/893 926/1073/837 944/1142/893
f 968/1143/894 955/1144/895 954/1145/894
f 925/1146/896 971/1147/897 957/1148/897
f 921/1149/898 966/1150/899 963/1151/900
f 957/1152/901 967/1153/902 946/1154/903
f 923/1155/904 972/1156/905 958/1157/905
f 962/1158/906 963/1151/900 976/1159/906
f 972/1160/907 959/1161/907 958/1162/907
f 962/1163/908 964/1164/909 923/1165/904
f 973/1166/910 960/1167/910 959/1168/910
f 960/1169/911 975/1170/911 961/1171/911
f 956/1172/912 969/1173/913 970/1174/912
f 961/1171/914 965/1175/915 925/1176/896
f 927/1177/916 970/1178/917 966/1150/899
f 931/1179/918 972/1180/919 932/1181/920
f 943/1182/921 964/1183/922 931/1179/918
f 963/1184/923 943/1182/924 942/1101/925
f 970/1185/926 966/1186/927 942/1187/925
f 968/1188/928 942/1101/925 941/1189/929
f 968/1188/930 941/1189/930 950/1102/930
f 949/1103/931 968/1188/932 950/1102/933
f 968/1188/932 949/1103/931 952/1099/934
f 968/1143/935 954/1145/935 952/1190/935
f 951/1100/936 968/1188/937 952/1099/938
f 953/1091/939 969/1191/940 951/1100/936
f 928/1088/941 970/1192/942 953/1091/943
f 963/1184/944 928/1088/941 922/1193/945
f 922/1193/945 948/1082/946 976/1194/947
f 924/1195/948 976/1194/949 948/1082/950
f 938/1196/951 964/1183/952 924/1195/948
f 973/1197/953 938/1198/951 937/1199/954
f 973/1197/955 936/1200/956 974/1201/957
f 975/1202/958 936/1200/959 935/1203/960
f 965/1204/961 935/1203/962 934/1205/963
f 971/1206/964 934/1207/963 947/1085/965
f 967/1208/966 947/1085/965 946/1209/967
f 971/1210/968 945/1211/969 944/1212/970
f 965/1213/971 944/1095/970 926/1214/972
f 975/1202/973 926/1215/972 933/1216/974
f 974/1201/975 933/1216/976 930/1217/977
f 974/1201/978 940/1218/979 939/1219/980
f 972/1220/981 973/1197/981 929/1221/981
f 1032/1231/788 981/1232/988 652/497/988
f 1107/1242/995 1105/1235/995 1057/1243/995
f 1220/1276/1025 1222/923/1026 1225/1277/1027
f 1221/1278/1028 1226/1279/1029 1225/1277/1030
f 1225/1277/1030 1222/923/1031 1221/1278/1028
f 1226/1279/1032 1220/1276/1025 1225/1277/1027
f 1224/915/1033 1226/1279/1033 1223/916/1033
f 1268/1280/1034 1327/1281/1034 1269/1282/1034
f 1231/1283/1035 683/1284/1036 1227/1285/1037
f 1285/1286/1038 1342/1287/1038 1343/1288/1038
f 1234/1289/1039 680/1290/1040 1231/1283/1041
f 1243/1291/1042 1300/1292/1042 1301/1293/1042
f 1238/1294/1043 1229/1295/1044 676/1296/1045
f 1267/1297/1046 1326/1298/1046 1268/1280/1046
f 1227/1285/1047 686/1299/1048 1233/821/1049
f 1284/1300/1050 1341/1301/1051 1342/1302/1050
f 1242/1303/1052 1299/1304/1052 1300/1305/1052
f 1266/1306/1053 1325/1307/1053 1267/1297/1053
f 1274/1308/1054 664/1309/1055 666/575/1056
f 1283/1310/1057 1340/1311/1058 1341/1301/1051
f 1253/1312/1059 657/582/1060 660/586/1061
f 1241/1313/1062 1298/1314/1062 1299/1304/1062
f 1259/1315/1063 660/586/1061 664/1309/1055
f 1265/1316/1064 1324/1317/1064 1266/1318/1064
f 1257/1319/1065 653/590/1066 657/582/1060
f 1282/1320/1067 1339/1321/1068 1340/1311/1058
f 1244/1348/1095 1301/1293/1095 1302/1349/1095
f 1255/1350/1096 1343/1288/1097 1313/1351/1096
f 1269/1352/1098 1328/1353/1098 1270/1354/1098
f 1245/1355/1099 1302/1349/1099 1303/1356/1099
f 1270/1354/1100 1329/1357/1100 1271/1358/1100
f 1246/1359/1101 1303/1356/1102 1304/1360/1101
f 1271/1358/1103 1330/1361/1104 1272/1362/1104
f 1246/1359/1101 1289/1363/1105 1230/1364/1105
f 1262/1365/1106 1330/1361/1104 1320/1366/1106
f 1247/1367/1107 1288/1368/1108 1305/1369/1107
f 1263/1370/1109 1319/1371/1110 1321/1372/1111
f 1248/1373/1112 1305/1369/1107 1306/1374/1112
f 1273/1375/1113 1318/1376/1114 1331/1377/1115
f 1248/1373/1112 1307/1378/1116 1249/1379/1116
f 1256/1380/1117 1331/1377/1115 1314/1381/1117
f 1250/1382/1118 1307/1378/1116 1308/1383/1118
f 1274/1384/1119 1313/1351/1096 1332/1385/1120
f 1251/1386/1121 1308/1383/1121 1309/1387/1121
f 1274/1384/1119 1317/1388/1110 1259/1389/1110
f 1252/1390/1122 1309/1387/1122 1310/1391/1122
f 1275/1392/1123 1316/1393/1124 1333/1394/1125
f 1239/1395/1126 1310/1396/1126 1297/1397/1126
f 1275/1392/1123 1334/1398/1127 1276/1399/1128
f 1232/1400/1129 1287/1401/1130 1228/1402/1131
f 1254/1403/1132 1334/1398/1127 1312/1404/1132
f 1231/1405/1133 1286/1406/1076 1290/1407/1134
f 1257/1408/1110 1311/1409/1110 1315/1410/1110
f 1232/1400/1129 1293/1411/1105 1291/1412/1129
f 1277/1413/1135 1312/1404/1132 1335/1414/1136
f 1231/1405/1133 1292/1415/1137 1234/1416/1137
f 1278/1417/1138 1335/1418/1136 1336/1419/1139
f 1235/1420/1105 1289/1363/1105 1293/1411/1105
f 1260/1421/1114 1336/1419/1139 1318/1376/1114
f 1234/1416/1137 1294/1422/1137 1236/1423/1137
f 1253/1424/1110 1317/1388/1110 1311/1409/1110
f 1279/1425/1140 1320/1366/1106 1337/1426/1141
f 1280/1427/1142 1337/1426/1141 1338/1428/1142
f 1229/1429/1108 1295/1430/1108 1288/1368/1108
f 1258/1431/1124 1338/1428/1142 1316/1393/1124
f 1228/1402/1131 1296/1432/1143 1233/1433/1144
f 1261/1434/1110 1315/1410/1110 1319/1371/1110
f 1264/1435/1145 1321/1372/1111 1322/1436/1145
f 1227/1437/1146 1296/1438/1074 1286/1406/1076
f 1281/1439/1147 1314/1381/1117 1339/1321/1068
f 1264/1435/1145 1323/1440/1148 1265/1316/1148
f 1240/1441/1149 1297/1397/1149 1298/1314/1149
f 1346/1442/1150 1345/1443/1150 1344/1444/1150
f 1348/1445/1151 1347/1446/1152 1346/1442/1152
f 1350/1447/1153 1349/1448/1151 1348/1445/1151
f 1352/1449/1154 1351/1450/1153 1350/1447/1153
f 1354/1451/1155 1353/1452/1154 1352/1453/1154
f 1356/1454/1156 1355/1455/1155 1354/1451/1155
f 1358/1456/1157 1357/1457/1156 1356/1454/1156
f 1360/1458/761 1359/1459/1157 1358/1456/1157
f 1362/1460/1158 1361/1461/761 1360/1458/761
f 1364/1462/1159 1363/1463/1158 1362/1460/1158
f 1366/1464/1160 1365/1465/1159 1364/1462/1159
f 1366/1464/1160 1369/1466/1161 1367/1467/1160
f 1370/1468/1162 1369/1469/1161 1368/1470/1161
f 1372/1471/1163 1371/1472/1162 1370/1468/1162
f 1374/1473/1164 1373/1474/1163 1372/1471/1163
f 1376/1475/1165 1375/1476/1165 1374/1473/1165
f 1378/1477/1166 1377/1478/1166 1376/1475/1166
f 1380/1479/1167 1379/1480/1168 1378/1477/1168
f 1382/1481/1169 1381/1482/1167 1380/1479/1167
f 1384/1483/1170 1383/1484/1169 1382/1481/1169
f 1386/1485/1171 1385/1486/1170 1384/1487/1170
f 1388/1488/1172 1387/1489/1171 1386/1485/1171
f 1390/1490/1173 1389/1491/1172 1388/1488/1172
f 1392/1492/584 1391/1493/1173 1390/1490/1173
f 1392/1492/584 1395/1494/1174 1393/1495/584
f 1396/1496/1175 1395/1494/1174 1394/1497/1174
f 1398/1498/1176 1397/1499/1175 1396/1496/1175
f 1400/1500/1177 1399/1501/1176 1398/1498/1176
f 1402/1502/1178 1401/1503/1177 1400/1504/1177
f 1404/1505/1179 1403/1506/1178 1402/1502/1178
f 1377/1507/1180 1393/1508/1180 1345/1509/1180
f 1406/1510/1181 1405/1511/1179 1404/1505/1179
f 1344/1444/1182 1407/1512/1182 1406/1510/1182
f 1378/1513/101 1362/1514/101 1346/1515/101
f 1410/1516/1183 1409/1517/1183 1408/1518/1183
f 1412/1519/1184 1411/1520/1184 1410/1516/1184
f 1414/1521/1185 1413/1522/1185 1412/1519/1185
f 1416/1523/1186 1415/1524/1186 1414/1521/1186
f 1418/1525/1187 1417/1526/1187 1416/1523/1187
f 1420/1527/1188 1419/1528/1188 1418/1529/1188
f 1422/1530/1189 1421/1531/1189 1420/1527/1189
f 1424/1532/1190 1423/1533/1190 1422/1530/1190
f 1426/1534/1191 1425/1535/1191 1424/1532/1191
f 1426/1534/1192 1429/1536/1192 1427/1537/1192
f 1430/1538/1193 1429/1536/1193 1428/1539/1193
f 1432/1540/1194 1431/1541/1194 1430/1538/1194
f 1434/1542/161 1433/1543/161 1432/1540/161
f 1436/1544/1195 1435/1545/1195 1434/1546/1195
f 1438/1547/1196 1437/1548/1196 1436/1544/1196
f 1440/1549/1197 1439/1550/1197 1438/1547/1197
f 1442/1551/1198 1441/1552/1198 1440/1549/1198
f 1444/1553/1199 1443/1554/1199 1442/1551/1199
f 1444/1553/1200 1447/1555/1200 1445/1556/1200
f 1448/1557/737 1447/1555/737 1446/1558/737
f 1448/1557/1201 1451/1559/1201 1449/1560/1201
f 1452/1561/1202 1451/1562/1202 1450/1563/1202
f 1454/1564/1203 1453/1565/1203 1452/1561/1203
f 1456/1566/1204 1455/1567/1204 1454/1564/1204
f 1456/1566/1205 1459/1568/1205 1457/1569/1205
f 1460/1570/1206 1459/1568/1206 1458/1571/1206
f 1462/1572/1207 1461/1573/1207 1460/1570/1207
f 1462/1572/1208 1465/1574/1208 1463/1575/1208
f 1466/1576/1209 1465/1574/1209 1464/1577/1209
f 1468/1578/1210 1467/1579/1210 1466/1580/1210
f 1441/1581/1211 1457/1582/1211 1409/1583/1211
f 1470/1584/1212 1469/1585/1212 1468/1578/1212
f 1408/1518/1213 1471/1586/1213 1470/1584/1213
f 1442/1587/1214 1426/1588/1214 1410/1589/1214
f 1474/1590/1183 1473/1591/1183 1472/1592/1183
f 1476/1593/1184 1475/1594/1184 1474/1590/1184
f 1478/1595/1185 1477/1596/1185 1476/1593/1185
f 1480/1597/1186 1479/1598/1186 1478/1595/1186
f 1482/1599/1187 1481/1600/1187 1480/1597/1187
f 1484/1601/1188 1483/1602/1188 1482/1603/1188
f 1486/1604/1189 1485/1605/1189 1484/1601/1189
f 1486/1604/1190 1489/1606/1190 1487/1607/1190
f 1490/1608/1191 1489/1606/1191 1488/1609/1191
f 1492/1610/1192 1491/1611/1192 1490/1608/1192
f 1494/1612/1193 1493/1613/1193 1492/1610/1193
f 1496/1614/1194 1495/1615/1194 1494/1612/1194
f 1498/1616/161 1497/1617/161 1496/1614/161
f 1500/1618/1195 1499/1619/1195 1498/1620/1195
f 1502/1621/1196 1501/1622/1196 1500/1618/1196
f 1504/1623/1197 1503/1624/1197 1502/1621/1197
f 1506/1625/1198 1505/1626/1198 1504/1623/1198
f 1508/1627/1199 1507/1628/1199 1506/1625/1199
f 1510/1629/1200 1509/1630/1200 1508/1627/1200
f 1512/1631/737 1511/1632/737 1510/1629/737
f 1514/1633/1201 1513/1634/1201 1512/1631/1201
f 1516/1635/1202 1515/1636/1202 1514/1637/1202
f 1518/1638/1203 1517/1639/1203 1516/1635/1203
f 1520/1640/1204 1519/1641/1204 1518/1638/1204
f 1522/1642/1205 1521/1643/1205 1520/1640/1205
f 1524/1644/1206 1523/1645/1206 1522/1642/1206
f 1526/1646/1207 1525/1647/1207 1524/1644/1207
f 1528/1648/1208 1527/1649/1208 1526/1646/1208
f 1530/1650/1209 1529/1651/1209 1528/1648/1209
f 1532/1652/1210 1531/1653/1210 1530/1654/1210
f 1505/1655/1211 1521/1656/1211 1473/1657/1211
f 1534/1658/1212 1533/1659/1212 1532/1652/1212
f 1472/1592/1213 1535/1660/1213 1534/1658/1213
f 1506/1661/1214 1490/1662/1214 1474/1663/1214
f 1545/1664/1215 1538/1665/1216 1670/1666/1215
f 1546/1667/1217 1670/1666/1215 1671/1668/1217
f 1672/1669/1218 1546/1667/1218 1671/1668/1218
f 1668/1670/1219 1539/1671/1220 1667/1672/1220
f 1541/1673/1221 1668/1670/1219 1669/1674/1221
f 1536/1675/1222 1541/1673/1221 1669/1674/1221
f 1537/1676/1223 1542/1677/1222 1536/1675/1222
f 1544/1678/1216 1537/1679/1223 1538/1665/1216
f 1544/1678/1224 1551/1680/1225 1543/1681/1225
f 1545/1664/1226 1552/1682/1227 1544/1678/1224
f 1554/1683/1228 1545/1664/1226 1546/1667/1228
f 1672/1669/1229 1554/1683/1229 1546/1667/1229
f 1540/1684/1230 1547/1685/1231 1539/1671/1231
f 1549/1686/1232 1540/1684/1230 1541/1673/1232
f 1542/1677/1233 1549/1686/1232 1541/1673/1232
f 1543/1687/1225 1550/1688/1233 1542/1677/1233
f 1549/1686/1234 1556/1689/1235 1548/1690/1235
f 1558/1691/1236 1549/1686/1234 1550/1688/1236
f 1551/1680/1237 1558/1692/1236 1550/1693/1236
f 1552/1682/1238 1559/1694/1237 1551/1680/1237
f 1553/1695/1239 1560/1696/1238 1552/1682/1238
f 1562/1697/1240 1553/1695/1239 1554/1683/1241
f 1672/1669/1242 1562/1697/1242 1554/1683/1242
f 1556/1689/1235 1547/1685/1243 1548/1690/1235
f 1561/1698/1244 1568/1699/1245 1560/1696/1246
f 1562/1697/1247 1569/1700/1244 1561/1698/1244
f 1672/1669/1248 1570/1701/1248 1562/1697/1248
f 1564/1702/1249 1555/1703/1250 1556/1704/1249
f 1557/1705/1251 1564/1702/1249 1556/1704/1249
f 1566/1706/1252 1557/1705/1251 1558/1707/1252
f 1559/1694/1253 1566/1708/1252 1558/1692/1252
f 1568/1699/1245 1559/1694/1253 1560/1696/1246
f 1565/1709/1254 1572/1710/1255 1564/1702/1255
f 1566/1706/1256 1573/1711/1254 1565/1709/1254
f 1575/1712/1257 1566/1706/1256 1567/1713/1257
f 1568/1699/1258 1575/1714/1257 1567/1715/1257
f 1569/1700/1259 1576/1716/1258 1568/1699/1258
f 1570/1701/1260 1577/1717/1259 1569/1700/1259
f 1672/1669/1261 1578/1718/1261 1570/1701/1261
f 1572/1710/1255 1563/1719/1262 1564/1702/1255
f 1585/1720/1263 1576/1716/1264 1577/1717/1263
f 1586/1721/1265 1577/1717/1263 1578/1718/1265
f 1672/1669/1266 1586/1721/1266 1578/1718/1266
f 1572/1710/1267 1579/1722/1268 1571/1723/1269
f 1573/1711/1270 1580/1724/1267 1572/1710/1267
f 1574/1725/1271 1581/1726/1270 1573/1711/1270
f 1583/1727/1272 1574/1725/1271 1575/1712/1272
f 1584/1728/1264 1575/1714/1272 1576/1716/1264
f 1590/1729/1273 1581/1726/1274 1582/1730/1273
f 1591/1731/1275 1582/1730/1273 1583/1727/1275
f 1584/1728/1276 1591/1732/1275 1583/1733/1275
f 1593/1734/1277 1584/1728/1276 1585/1720/1277
f 1586/1721/1278 1593/1734/1277 1585/1720/1277
f 1672/1669/1279 1594/1735/1279 1586/1721/1279
f 1588/1736/1280 1579/1722/1281 1580/1724/1280
f 1581/1726/1274 1588/1736/1280 1580/1724/1280
f 1594/1735/1282 1601/1737/1283 1593/1734/1283
f 1672/1669/1284 1602/1738/1284 1594/1735/1284
f 1596/1739/1285 1587/1740/1286 1588/1736/1285
f 1597/1741/1287 1588/1736/1285 1589/1742/1287
f 1598/1743/1288 1589/1742/1287 1590/1729/1288
f 1599/1744/1289 1590/1729/1288 1591/1731/1289
f 1600/1745/1290 1591/1732/1289 1592/1746/1290
f 1593/1734/1283 1600/1745/1290 1592/1746/1290
f 1672/1669/1291 1618/1747/1291 1610/1748/1291
f 1612/1749/1292 1603/1750/1293 1604/1751/1292
f 1613/1752/1294 1604/1751/1292 1605/1753/1294
f 1606/1754/1295 1613/1752/1294 1605/1753/1294
f 1607/1755/1296 1614/1756/1295 1606/1754/1295
f 1608/1757/1297 1615/1758/1296 1607/1759/1296
f 1609/1760/1298 1616/1761/1297 1608/1757/1297
f 1610/1748/1299 1617/1762/1298 1609/1760/1298
f 1624/1763/1300 1615/1758/1301 1616/1761/1300
f 1625/1764/1302 1616/1761/1300 1617/1762/1302
f 1626/1765/1303 1617/1762/1302 1618/1747/1303
f 1672/1669/1304 1626/1765/1304 1618/1747/1304
f 1620/1766/1305 1611/1767/1306 1612/1749/1305
f 1613/1752/1307 1620/1766/1305 1612/1749/1305
f 1614/1756/1308 1621/1768/1307 1613/1752/1307
f 1615/1769/1301 1622/1770/1308 1614/1756/1308
f 1628/1771/1309 1619/1772/1310 1620/1766/1309
f 1621/1768/1311 1628/1771/1309 1620/1766/1309
f 1622/1770/1312 1629/1773/1311 1621/1768/1311
f 1623/1774/1313 1630/1775/1312 1622/1770/1312
f 1624/1763/1314 1631/1776/1313 1623/1777/1313
f 1633/1778/1315 1624/1763/1314 1625/1764/1315
f 1634/1779/1316 1625/1764/1315 1626/1765/1316
f 1672/1669/1317 1634/1779/1317 1626/1765/1317
f 1640/1780/1318 1631/1776/1319 1632/1781/1320
f 1633/1778/1321 1640/1780/1318 1632/1781/1320
f 1634/1779/1322 1641/1782/1321 1633/1778/1321
f 1672/1669/1323 1642/1783/1323 1634/1779/1323
f 1628/1784/1324 1635/1785/1325 1627/1786/1325
f 1637/1787/1326 1628/1784/1324 1629/1788/1326
f 1630/1789/1327 1637/1787/1326 1629/1788/1326
f 1639/1790/1319 1630/1791/1327 1631/1776/1319
f 1645/1792/1328 1636/1793/1329 1637/1787/1328
f 1646/1794/1330 1637/1787/1328 1638/1795/1330
f 1647/1796/1331 1638/1795/1330 1639/1797/1331
f 1648/1798/1332 1639/1790/1331 1640/1780/1332
f 1649/1799/1333 1640/1780/1332 1641/1782/1333
f 1642/1783/1334 1649/1799/1333 1641/1782/1333
f 1672/1669/1335 1650/1800/1335 1642/1783/1335
f 1636/1793/1329 1643/1801/1336 1635/1785/1336
f 1649/1799/1337 1656/1802/1338 1648/1798/1338
f 1658/1803/1339 1649/1799/1337 1650/1800/1339
f 1672/1669/1340 1658/1803/1340 1650/1800/1340
f 1644/1804/1341 1651/1805/1342 1643/1801/1343
f 1645/1792/1344 1652/1806/1341 1644/1804/1341
f 1646/1794/1345 1653/1807/1344 1645/1792/1344
f 1647/1796/1346 1654/1808/1345 1646/1794/1345
f 1648/1798/1338 1655/1809/1346 1647/1810/1346
f 1654/1808/1347 1661/1811/1348 1653/1807/1348
f 1663/1812/1349 1654/1808/1347 1655/1813/1349
f 1664/1814/1350 1655/1809/1349 1656/1802/1350
f 1665/1815/1351 1656/1802/1350 1657/1816/1351
f 1658/1803/1352 1665/1815/1351 1657/1816/1351
f 1672/1669/1353 1666/1817/1353 1658/1803/1353
f 1660/1818/1354 1651/1805/1355 1652/1806/1354
f 1653/1807/1348 1660/1818/1354 1652/1806/1354
f 1666/1817/1356 1670/1666/1357 1665/1815/1357
f 1672/1669/1358 1671/1668/1358 1666/1817/1358
f 1660/1818/1359 1667/1672/1360 1659/1819/1360
f 1669/1674/1361 1660/1818/1359 1661/1811/1361
f 1662/1820/1362 1669/1674/1361 1661/1811/1361
f 1663/1812/1363 1536/1675/1362 1662/1820/1362
f 1538/1665/1364 1663/1821/1363 1664/1814/1364
f 1665/1815/1357 1538/1665/1364 1664/1814/1364
f 1682/1822/1365 1675/1823/1366 1807/1824/1365
f 1683/1825/1367 1807/1824/1365 1808/1826/1367
f 1809/1827/1368 1683/1825/1368 1808/1826/1368
f 1805/1828/1369 1676/1829/1370 1804/1830/1371
f 1806/1831/1372 1677/1832/1369 1805/1828/1369
f 1679/1833/1373 1806/1831/1372 1673/1834/1373
f 1674/1835/1374 1679/1833/1373 1673/1834/1373
f 1675/1823/1366 1680/1836/1374 1674/1837/1374
f 1689/1838/1375 1680/1836/1376 1681/1839/1377
f 1682/1822/1378 1689/1838/1375 1681/1839/1377
f 1691/1840/1379 1682/1822/1378 1683/1825/1379
f 1809/1827/1380 1691/1840/1380 1683/1825/1380
f 1685/1841/1381 1676/1829/1382 1677/1832/1381
f 1678/1842/1383 1685/1841/1381 1677/1832/1381
f 1687/1843/1384 1678/1842/1383 1679/1833/1384
f 1680/1844/1376 1687/1843/1384 1679/1833/1384
f 1686/1845/1385 1693/1846/1386 1685/1841/1386
f 1695/1847/1387 1686/1845/1385 1687/1843/1387
f 1696/1848/1388 1687/1849/1387 1688/1850/1388
f 1697/1851/1389 1688/1850/1388 1689/1838/1389
f 1690/1852/1390 1697/1851/1389 1689/1838/1389
f 1691/1840/1391 1698/1853/1390 1690/1852/1390
f 1809/1827/1392 1699/1854/1392 1691/1840/1392
f 1693/1846/1386 1684/1855/1393 1685/1841/1386
f 1698/1853/1394 1705/1856/1395 1697/1851/1395
f 1707/1857/1396 1698/1853/1394 1699/1854/1396
f 1809/1827/1397 1707/1857/1397 1699/1854/1397
f 1701/1858/1398 1692/1859/1399 1693/1860/1398
f 1694/1861/1400 1701/1858/1398 1693/1860/1398
f 1703/1862/1401 1694/1861/1400 1695/1863/1401
f 1696/1848/1402 1703/1864/1401 1695/1865/1401
f 1705/1856/1395 1696/1848/1402 1697/1851/1395
f 1702/1866/1403 1709/1867/1404 1701/1858/1404
f 1711/1868/1405 1702/1866/1403 1703/1862/1405
f 1712/1869/1406 1703/1864/1405 1704/1870/1406
f 1705/1856/1407 1712/1869/1406 1704/1870/1406
f 1706/1871/1408 1713/1872/1407 1705/1856/1407
f 1707/1857/1409 1714/1873/1408 1706/1871/1408
f 1809/1827/1410 1715/1874/1410 1707/1857/1410
f 1709/1867/1404 1700/1875/1411 1701/1858/1404
f 1722/1876/1412 1713/1872/1413 1714/1873/1412
f 1715/1874/1414 1722/1876/1412 1714/1873/1412
f 1809/1827/1415 1723/1877/1415 1715/1874/1415
f 1717/1878/1416 1708/1879/1417 1709/1867/1416
f 1710/1880/1418 1717/1878/1416 1709/1867/1416
f 1711/1868/1419 1718/1881/1418 1710/1880/1418
f 1712/1882/1420 1719/1883/1419 1711/1868/1419
f 1721/1884/1413 1712/1869/1420 1713/1872/1413
f 1719/1883/1421 1726/1885/1422 1718/1881/1422
f 1728/1886/1423 1719/1883/1421 1720/1887/1423
f 1729/1888/1424 1720/1889/1423 1721/1884/1424
f 1730/1890/1425 1721/1884/1424 1722/1876/1425
f 1731/1891/1426 1722/1876/1425 1723/1877/1426
f 1809/1827/1427 1731/1891/1427 1723/1877/1427
f 1725/1892/1428 1716/1893/1429 1717/1878/1428
f 1718/1881/1422 1725/1892/1428 1717/1878/1428
f 1739/1894/1430 1730/1890/1431 1731/1891/1430
f 1809/1827/1432 1739/1894/1432 1731/1891/1432
f 1733/1895/1433 1724/1896/1434 1725/1892/1433
f 1734/1897/1435 1725/1892/1433 1726/1885/1435
f 1727/1898/1436 1734/1897/1435 1726/1885/1435
f 1736/1899/1437 1727/1898/1436 1728/1886/1437
f 1737/1900/1438 1728/1901/1437 1729/1888/1438
f 1738/1902/1431 1729/1888/1438 1730/1890/1431
f 1809/1827/1439 1755/1903/1439 1747/1904/1439
f 1741/1905/1440 1748/1906/1441 1740/1907/1441
f 1742/1908/1442 1749/1909/1440 1741/1905/1440
f 1751/1910/1443 1742/1908/1442 1743/1911/1443
f 1744/1912/1444 1751/1910/1443 1743/1911/1443
f 1745/1913/1445 1752/1914/1444 1744/1915/1444
f 1746/1916/1446 1753/1917/1445 1745/1913/1445
f 1747/1904/1447 1754/1918/1446 1746/1916/1446
f 1761/1919/1448 1752/1914/1449 1753/1917/1448
f 1762/1920/1450 1753/1917/1448 1754/1918/1450
f 1763/1921/1451 1754/1918/1450 1755/1903/1451
f 1809/1827/1452 1763/1921/1452 1755/1903/1452
f 1757/1922/1453 1748/1906/1454 1749/1909/1453
f 1750/1923/1455 1757/1922/1453 1749/1909/1453
f 1759/1924/1456 1750/1923/1455 1751/1910/1456
f 1752/1925/1449 1759/1924/1456 1751/1910/1456
f 1757/1922/1457 1764/1926/1458 1756/1927/1459
f 1766/1928/1460 1757/1922/1457 1758/1929/1460
f 1767/1930/1461 1758/1929/1460 1759/1924/1461
f 1768/1931/1462 1759/1932/1461 1760/1933/1462
f 1761/1919/1463 1768/1931/1462 1760/1933/1462
f 1762/1920/1464 1769/1934/1463 1761/1919/1463
f 1763/1921/1465 1770/1935/1464 1762/1920/1464
f 1809/1827/1466 1771/1936/1466 1763/1921/1466
f 1769/1934/1467 1776/1937/1468 1768/1931/1468
f 1770/1935/1469 1777/1938/1467 1769/1934/1467
f 1779/1939/1470 1770/1935/1469 1771/1936/1470
f 1809/1827/1471 1779/1939/1471 1771/1936/1471
f 1773/1940/1472 1764/1941/1473 1765/1942/1472
f 1766/1943/1474 1773/1940/1472 1765/1942/1472
f 1775/1944/1475 1766/1943/1474 1767/1945/1475
f 1776/1937/1468 1767/1946/1475 1768/1931/1468
f 1774/1947/1476 1781/1948/1477 1773/1940/1477
f 1775/1944/1478 1782/1949/1476 1774/1947/1476
f 1776/1950/1479 1783/1951/1478 1775/1944/1478
f 1785/1952/1480 1776/1937/1479 1777/1938/1481
f 1786/1953/1482 1777/1938/1481 1778/1954/1482
f 1779/1939/1483 1786/1953/1482 1778/1954/1482
f 1809/1827/1484 1787/1955/1484 1779/1939/1484
f 1781/1948/1477 1772/1956/1485 1773/1940/1477
f 1794/1957/1486 1785/1952/1487 1786/1953/1486
f 1787/1955/1488 1794/1957/1486 1786/1953/1486
f 1809/1827/1489 1795/1958/1489 1787/1955/1489
f 1781/1948/1490 1788/1959/1491 1780/1960/1492
f 1790/1961/1493 1781/1948/1490 1782/1949/1493
f 1791/1962/1494 1782/1949/1493 1783/1951/1494
f 1784/1963/1495 1791/1962/1494 1783/1951/1494
f 1793/1964/1487 1784/1965/1495 1785/1952/1487
f 1799/1966/1496 1790/1961/1497 1791/1962/1496
f 1800/1967/1498 1791/1962/1496 1792/1968/1498
f 1793/1964/1499 1800/1969/1498 1792/1970/1498
f 1802/1971/1500 1793/1964/1499 1794/1957/1500
f 1803/1972/1501 1794/1957/1500 1795/1958/1501
f 1809/1827/1502 1803/1972/1502 1795/1958/1502
f 1797/1973/1503 1788/1959/1504 1789/1974/1503
f 1798/1975/1497 1789/1974/1503 1790/1961/1497
f 1803/1972/1505 1807/1824/1506 1802/1971/1506
f 1809/1827/1507 1808/1826/1507 1803/1972/1507
f 1805/1828/1508 1796/1976/1509 1797/1973/1508
f 1798/1975/1510 1805/1828/1508 1797/1973/1508
f 1673/1834/1511 1798/1975/1510 1799/1966/1511
f 1800/1967/1512 1673/1834/1511 1799/1966/1511
f 1801/1977/1513 1674/1837/1512 1800/1969/1512
f 1802/1971/1506 1675/1823/1514 1801/1977/1513
f 1811/1978/1515 1812/1979/1515 1810/1980/1515
f 1813/1981/1516 1820/1982/1516 1819/1983/1516
f 1820/1984/1517 1818/1985/1517 1814/1986/1518
f 1813/1987/1211 1818/1988/1211 1812/1989/1211
f 1816/1990/1519 1815/1991/1519 1814/1992/1519
f 5276/1993/1520 5267/1994/1521 5275/1995/1522
f 1819/1983/1523 1815/1996/1523 1817/1997/1523
f 1818/1988/1211 1817/1998/1211 1816/1999/1211
f 1822/2000/1524 1823/2001/1524 1821/2002/1524
f 1831/2003/1214 1822/2004/1214 1821/2005/1214
f 1824/2006/1525 1832/2007/1525 1830/2008/1525
f 1829/2009/101 1821/2010/1526 1823/2011/1526
f 1824/2012/1211 1829/2013/1211 1823/2014/1211
f 1827/2015/1527 1826/2016/1527 1825/2017/1527
f 1831/2003/1214 1826/2018/1214 1832/2019/1214
f 1832/2007/1528 1828/2020/1528 1830/2008/1528
f 1825/2021/1529 1829/2009/101 1827/2022/1529
f 1829/2013/1211 1828/2023/1211 1827/2024/1211
f 1837/2025/1530 1847/2026/1531 1854/2027/1530
f 1838/2028/761 1834/2029/761 1837/2030/761
f 1842/2031/761 1835/2032/761 1841/2033/761
f 1841/2034/1532 1852/2035/1532 1850/2036/1532
f 1836/2037/761 1837/2030/761 1835/2032/761
f 1835/2038/1533 1854/2027/1530 1852/2035/1533
f 1855/2039/1534 1845/2040/1535 1860/2041/1535
f 1840/2042/761 1846/2043/761 1845/2044/761
f 1843/2045/761 1842/2031/761 1841/2033/761
f 1858/2046/1536 1841/2034/1536 1850/2036/1536
f 1845/2044/761 1844/2047/761 1843/2045/761
f 1860/2041/1535 1843/2048/1537 1858/2046/1537
f 1844/2049/1538 1859/2050/1539 1857/2051/1540
f 1842/2052/1541 1857/2051/1542 1849/2053/1543
f 1855/2054/1534 1839/2055/1180 1840/2056/1544
f 1846/2057/1545 1856/2058/1546 1859/2050/1539
f 1851/2059/1547 1838/2060/1548 1836/2061/1549
f 1849/2053/1550 1836/2061/1551 1842/2052/1552
f 1833/2062/101 1847/2063/1531 1834/2064/1553
f 1853/2065/1554 1833/2066/1555 1838/2060/1548
f 1875/2067/1531 1865/2068/1530 1882/2069/1530
f 1862/2070/584 1866/2071/584 1865/2072/584
f 1863/2073/584 1870/2074/584 1869/2075/584
f 1880/2076/1532 1869/2077/1532 1878/2078/1532
f 1865/2072/584 1864/2079/584 1863/2073/584
f 1882/2069/1530 1863/2080/1533 1880/2076/1533
f 1873/2081/1535 1883/2082/1534 1888/2083/1535
f 1874/2084/584 1868/2085/584 1873/2086/584
f 1870/2074/584 1871/2087/584 1869/2075/584
f 1878/2078/1536 1871/2088/1536 1886/2089/1536
f 1872/2090/584 1873/2086/584 1871/2087/584
f 1871/2088/1537 1888/2083/1535 1886/2089/1537
f 1872/2091/1556 1887/2092/1557 1874/2093/1558
f 1870/2094/1559 1885/2095/1560 1872/2091/1561
f 1867/2096/1180 1883/2097/1534 1868/2098/1544
f 1874/2093/1558 1884/2099/1562 1867/2100/1563
f 1866/2101/1564 1879/2102/1565 1864/2103/1566
f 1864/2103/1567 1877/2104/1568 1870/2094/1552
f 1875/2056/1531 1861/2105/101 1862/2106/1553
f 1861/2107/1569 1881/2108/1570 1866/2101/1564
f 1847/2026/1531 1882/2069/1530 1854/2027/1530
f 1854/2027/1530 1880/2076/1533 1852/2035/1533
f 1852/2035/1532 1878/2078/1532 1850/2036/1532
f 1850/2036/1536 1886/2089/1536 1858/2046/1536
f 1860/2041/1535 1886/2089/1537 1888/2083/1535
f 1860/2041/1535 1883/2082/1534 1855/2039/1534
f 1884/2099/1562 1859/2050/1539 1856/2058/1571
f 1885/2095/1560 1849/2053/1543 1857/2051/1542
f 1887/2092/1557 1857/2051/1540 1859/2050/1539
f 1877/2104/1568 1851/2059/1572 1849/2053/1550
f 1881/2108/1570 1848/2109/1573 1853/2065/1554
f 1879/2102/1565 1853/2065/1554 1851/2059/1547
f 1892/2110/1574 1898/2111/1575 1899/2112/1576
f 1897/2113/1577 1904/2114/1578 1905/2115/1579
f 2140/2116/1580 1893/2117/1581 2141/2118/1582
f 1893/2117/1583 1899/2119/1576 1900/2120/1584
f 2141/2118/1582 1894/2121/1585 2142/2122/1586
f 1894/2121/1587 1900/2120/1584 1901/2123/1588
f 1905/2115/1589 1912/2124/1590 1913/2125/1591
f 1898/2111/1592 1905/2115/1579 1906/2126/1593
f 2142/2122/1586 1895/2127/1594 2143/2128/1595
f 1925/2129/1596 1932/2130/1597 1933/2131/1598
f 1895/2127/1599 1901/2123/1588 1902/2132/1600
f 2064/2133/1601 1904/2114/1601 1896/2134/1601
f 1903/2135/1602 1910/2136/1603 1911/2137/1602
f 4193/2138/1604 3946/2139/1605 3945/2140/1606
f 1902/2132/1600 2145/2141/1607 1895/2127/1599
f 1981/2142/1608 1972/2143/1609 1980/2144/1610
f 1908/2145/1611 1915/2146/1612 1916/2147/1613
f 1916/2147/1614 1923/2148/1615 1924/2149/1616
f 1890/2150/1617 1896/2134/1618 1897/2113/1619
f 1915/2151/1620 1922/2152/1621 1923/2153/1615
f 2138/2154/1622 1891/2155/1623 2139/2156/1624
f 1891/2155/1625 1897/2113/1619 1898/2111/1575
f 1900/2120/1626 1907/2157/1627 1908/2145/1628
f 1906/2126/1629 1913/2125/1591 1914/2158/1630
f 1914/2158/1631 1921/2159/1632 1922/2152/1621
f 1931/2160/1633 1938/2161/1634 1939/2162/1635
f 1911/2137/1636 1918/2163/1637 1919/2164/1636
f 1962/2165/1638 1953/2166/1639 1961/2167/1640
f 1923/2153/1641 1930/2168/1642 1931/2160/1643
f 1918/2163/1644 1925/2129/1645 1926/2169/1646
f 1926/2169/1647 1933/2131/1598 1934/2170/1648
f 2064/2133/1649 1920/2171/1649 1912/2124/1649
f 1919/2164/1650 1926/2169/1646 1927/2172/1650
f 1930/2168/1651 1937/2173/1652 1938/2161/1634
f 1913/2125/1653 1920/2171/1654 1921/2159/1632
f 1924/2174/1655 1931/2160/1643 1932/2175/1597
f 1917/2176/1656 1924/2149/1616 1925/2129/1645
f 1932/2175/1657 1939/2162/1635 1940/2177/1658
f 1947/2178/1659 1954/2179/1660 1955/2180/1661
f 1927/2172/1662 1934/2170/1648 1935/2181/1662
f 1939/2162/1663 1946/2182/1664 1947/2178/1665
f 1921/2159/1666 1928/2183/1667 1929/2184/1668
f 1941/2185/1669 1948/2186/1670 1949/2187/1671
f 2064/2133/1672 1928/2183/1672 1920/2171/1672
f 1922/2152/1673 1929/2184/1668 1930/2168/1642
f 1935/2188/1674 1942/2189/1675 1943/2190/1674
f 1946/2182/1676 1953/2166/1677 1954/2179/1660
f 1929/2184/1678 1936/2191/1679 1937/2173/1652
f 1969/2192/1680 1960/2193/1681 1968/2194/1681
f 1940/2177/1682 1947/2178/1665 1948/2195/1670
f 1934/2196/1683 1941/2185/1684 1942/2189/1675
f 2064/2133/1685 1936/2191/1685 1928/2183/1685
f 1948/2186/1686 1955/2197/1661 1956/2198/1687
f 1971/2199/1688 1962/2165/1689 1970/2200/1690
f 1943/2190/1691 1950/2201/1692 1951/2202/1691
f 1942/2189/1693 1949/2187/1671 1950/2201/1692
f 1964/2203/1694 1955/2197/1695 1963/2204/1696
f 1937/2173/1697 1944/2205/1698 1945/2206/1699
f 2064/2133/1700 1944/2205/1700 1936/2191/1700
f 1938/2161/1701 1945/2206/1699 1946/2182/1664
f 1951/2202/1702 1958/2207/1703 1959/2208/1702
f 1997/2209/1704 1988/2210/1705 1996/2211/1706
f 1945/2206/1707 1952/2212/1708 1953/2166/1677
f 1973/2213/1709 1964/2203/1710 1972/2143/1711
f 1979/2214/1712 1970/2200/1713 1978/2215/1714
f 1974/2216/1715 1965/2217/1716 1973/2213/1709
f 1965/2217/1717 1956/2198/1718 1964/2203/1694
f 1950/2201/1719 1957/2218/1720 1958/2207/1703
f 1982/2219/1721 1973/2213/1722 1981/2142/1608
f 2064/2133/1723 1952/2212/1723 1944/2205/1723
f 1987/2220/1724 1978/2215/1725 1986/2221/1726
f 1967/2222/1727 1958/2207/1728 1966/2223/1729
f 1966/2223/1729 1957/2218/1730 1965/2217/1717
f 2064/2133/1731 1960/2193/1731 1952/2212/1731
f 2042/2224/1732 2049/2225/1733 2050/2226/1734
f 1961/2167/1640 1952/2212/1735 1960/2193/1735
f 1989/2227/1736 1980/2144/1737 1988/2210/1738
f 1970/2200/1690 1961/2167/1739 1969/2192/1680
f 1963/2228/1696 1954/2179/1740 1962/2165/1638
f 2064/2133/1741 1976/2229/1741 1968/2194/1741
f 1990/2230/1742 1981/2142/1743 1989/2227/1736
f 1995/2231/1744 1986/2221/1745 1994/2232/1746
f 2064/2133/1747 1968/2194/1747 1960/2193/1747
f 1975/2233/1748 1966/2223/1749 1974/2216/1715
f 1978/2215/1714 1969/2192/1750 1977/2234/1751
f 1988/2235/1738 1979/2214/1752 1987/2220/1724
f 1998/2236/1753 1989/2227/1754 1997/2209/1704
f 1983/2237/1755 1974/2216/1756 1982/2219/1721
f 1977/2234/1751 1968/2194/1757 1976/2229/1757
f 2005/2238/1758 1996/2239/1759 2004/2240/1760
f 1986/2221/1726 1977/2234/1761 1985/2241/1762
f 1980/2144/1610 1971/2242/1763 1979/2243/1712
f 2010/2244/1764 2001/2245/1765 2009/2246/1766
f 2006/2247/1767 1997/2248/1768 2005/2238/1758
f 2011/2249/1769 2002/2250/1770 2010/2244/1764
f 2064/2133/1771 1984/2251/1771 1976/2229/1771
f 1991/2252/1772 1982/2219/1773 1990/2230/1742
f 1994/2232/1746 1985/2241/1774 1993/2253/1775
f 2002/2250/1776 1993/2253/1777 2001/2245/1778
f 2004/2254/1760 1995/2231/1779 2003/2255/1780
f 2017/2256/1781 2008/2257/1782 2016/2258/1782
f 2064/2133/1783 1992/2259/1783 1984/2251/1783
f 1999/2260/1784 1990/2230/1785 1998/2236/1753
f 2012/2261/1786 2003/2262/1787 2011/2263/1769
f 2064/2133/1788 2000/2264/1788 1992/2259/1788
f 1993/2253/1775 1984/2251/1789 1992/2259/1789
f 2003/2255/1780 1994/2232/1790 2002/2250/1776
f 1996/2265/1706 1987/2220/1791 1995/2231/1744
f 2020/2266/1792 2011/2263/1793 2019/2267/1794
f 2019/2268/1795 2026/2269/1796 2027/2270/1797
f 2007/2271/1798 1998/2272/1799 2006/2247/1767
f 2018/2273/1800 2009/2246/1801 2017/2256/1781
f 2014/2274/1802 2005/2238/1803 2013/2275/1804
f 2021/2276/1805 2012/2261/1806 2020/2266/1792
f 2022/2277/1807 2013/2275/1808 2021/2276/1805
f 2064/2133/1809 2008/2257/1809 2000/2264/1809
f 2015/2278/1810 2006/2247/1811 2014/2274/1802
f 2018/2273/1812 2025/2279/1813 2026/2269/1796
f 2020/2266/1814 2027/2280/1797 2028/2281/1815
f 2064/2133/1816 2016/2258/1816 2008/2257/1816
f 2009/2246/1766 2000/2264/1817 2008/2257/1817
f 2019/2268/1794 2010/2244/1818 2018/2273/1800
f 2013/2275/1804 2004/2240/1819 2012/2261/1786
f 2035/2282/1820 2042/2224/1821 2043/2283/1822
f 2023/2284/1823 2014/2274/1824 2022/2277/1807
f 2064/2133/1825 2048/2285/1825 2040/2286/1825
f 2027/2270/1826 2034/2287/1827 2035/2282/1828
f 2022/2277/1829 2029/2288/1830 2030/2289/1831
f 2029/2288/1832 2036/2290/1833 2037/2291/1834
f 2030/2289/1835 2037/2291/1834 2038/2292/1836
f 2064/2133/1837 2024/2293/1837 2016/2258/1837
f 2023/2284/1838 2030/2289/1831 2031/2294/1838
f 2034/2287/1839 2041/2295/1840 2042/2224/1821
f 2017/2256/1841 2024/2293/1842 2025/2279/1813
f 2058/2296/1843 2066/2297/1844 2067/2298/1845
f 2028/2281/1846 2035/2299/1828 2036/2290/1833
f 2021/2276/1847 2028/2281/1815 2029/2288/1830
f 2036/2290/1848 2043/2300/1822 2044/2301/1849
f 2051/2302/1850 2058/2296/1851 2059/2303/1852
f 2031/2294/1853 2038/2292/1836 2039/2304/1853
f 2102/2305/1854 2093/2306/1855 2101/2307/1856
f 2044/2301/1857 2051/2308/1858 2052/2309/1859
f 2025/2279/1860 2032/2310/1861 2033/2311/1862
f 2064/2133/1863 2032/2310/1863 2024/2293/1863
f 2026/2269/1864 2033/2311/1862 2034/2287/1827
f 2039/2304/1865 2046/2312/1866 2047/2313/1865
f 2050/2226/1867 2057/2314/1868 2058/2296/1851
f 2033/2311/1869 2040/2286/1870 2041/2295/1840
f 2053/2315/1871 2060/2316/1872 2061/2317/1873
f 2066/2297/1874 2073/2318/1875 2074/2319/1876
f 2054/2320/1877 2061/2317/1873 2062/2321/1878
f 2045/2322/1879 2052/2309/1859 2053/2315/1880
f 2038/2292/1881 2045/2322/1882 2046/2312/1866
f 2064/2133/1883 2040/2286/1883 2032/2310/1883
f 2068/2323/1884 2075/2324/1885 2076/2325/1886
f 2047/2313/1887 2054/2320/1888 2055/2326/1887
f 2046/2312/1889 2053/2315/1880 2054/2320/1888
f 2060/2327/1890 2068/2323/1891 2069/2328/1892
f 2041/2295/1893 2048/2285/1894 2049/2225/1733
f 2062/2329/1895 2070/2330/1896 2071/2331/1897
f 2043/2283/1898 2050/2226/1734 2051/2302/1858
f 2049/2225/1899 2056/2332/1900 2057/2314/1868
f 2070/2330/1901 2077/2333/1902 2078/2334/1903
f 2075/2324/1904 2082/2335/1905 2083/2336/1906
f 2071/2331/1907 2078/2334/1903 2079/2337/1908
f 2061/2338/1909 2069/2339/1892 2070/2330/1896
f 2064/2133/1910 2056/2332/1910 2048/2285/1910
f 2055/2326/1911 2062/2321/1878 2063/2340/1911
f 2079/2337/1912 2086/2341/1913 2087/2342/1914
f 2092/2343/1915 2083/2336/1916 2091/2344/1917
f 2063/2345/1918 2071/2331/1897 2072/2346/1918
f 2065/2347/1919 2056/2332/1919 2064/2133/1919
f 2057/2314/1920 2065/2347/1921 2066/2297/1844
f 2067/2298/1922 2074/2319/1876 2075/2324/1885
f 2059/2303/1923 2067/2298/1845 2068/2323/1891
f 2064/2133/1924 2081/2348/1924 2073/2318/1924
f 2100/2349/1925 2091/2344/1926 2099/2350/1927
f 5336/2351/1928 5327/2352/1929 5335/2353/1930
f 2095/2354/1931 2086/2341/1932 2094/2355/1933
f 2064/2133/1934 2073/2318/1934 2065/2347/1934
f 2072/2346/1935 2079/2337/1908 2080/2356/1935
f 2074/2319/1936 2081/2348/1937 2082/2335/1905
f 2094/2355/1933 2085/2357/1938 2093/2306/1939
f 2093/2306/1939 2084/2358/1940 2092/2359/1915
f 2078/2334/1941 2085/2357/1942 2086/2341/1913
f 2076/2325/1943 2083/2336/1906 2084/2360/1944
f 2103/2361/1945 2094/2355/1946 2102/2305/1854
f 2080/2356/1947 2087/2342/1914 2088/2362/1947
f 2110/2363/1948 2101/2307/1949 2109/2364/1950
f 2091/2344/1917 2082/2335/1951 2090/2365/1952
f 2077/2333/1953 2084/2358/1944 2085/2357/1942
f 2115/2366/1954 2106/2367/1955 2114/2368/1956
f 2111/2369/1957 2102/2305/1958 2110/2363/1948
f 2116/2370/1959 2107/2371/1960 2115/2366/1954
f 2064/2133/1961 2089/2372/1961 2081/2348/1961
f 2096/2373/1962 2087/2342/1963 2095/2354/1931
f 2099/2350/1927 2090/2365/1964 2098/2374/1965
f 2107/2371/1966 2098/2374/1967 2106/2367/1968
f 2109/2375/1950 2100/2349/1969 2108/2376/1970
f 2064/2133/1971 2097/2377/1971 2089/2372/1971
f 2104/2378/1972 2095/2354/1973 2103/2361/1945
f 2117/2379/1974 2108/2376/1975 2116/2370/1959
f 2064/2133/1976 2105/2380/1976 2097/2377/1976
f 2098/2374/1965 2089/2372/1977 2097/2377/1977
f 2108/2376/1970 2099/2350/1978 2107/2371/1966
f 5224/2381/1979 5399/2382/1979 5231/2383/1979
f 2101/2307/1856 2092/2359/1980 2100/2384/1925
f 2132/2385/1981 2123/2386/1982 2131/2387/1983
f 2112/2388/1984 2103/2361/1985 2111/2369/1957
f 2124/2389/1986 2115/2366/1987 2123/2386/1988
f 2119/2390/1989 2110/2363/1990 2118/2391/1991
f 2126/2392/1992 2117/2393/1993 2125/2394/1994
f 2127/2395/1995 2118/2391/1996 2126/2396/1992
f 5320/2397/1997 5311/2398/1998 5319/2399/1998
f 2064/2133/1999 2113/2400/1999 2105/2380/1999
f 2120/2401/2000 2111/2369/2001 2119/2390/1989
f 2131/2387/1983 2122/2402/2002 2130/2403/2003
f 2114/2368/1956 2105/2380/2004 2113/2400/2004
f 2125/2404/1994 2116/2370/2005 2124/2389/1986
f 2118/2391/1991 2109/2364/2006 2117/2405/1974
f 2133/2406/2007 2124/2389/2008 2132/2385/1981
f 4195/2407/2009 3948/2408/2010 3947/2409/2011
f 2128/2410/2012 2119/2390/2013 2127/2395/1995
f 2140/2411/2014 2131/2387/2015 2139/2156/2016
f 2122/2402/2017 2113/2400/2018 2121/2412/2018
f 2142/2122/2019 2133/2413/2020 2141/2118/2021
f 2064/2133/2022 2121/2412/2022 2113/2400/2022
f 2123/2386/1988 2114/2368/2023 2122/2402/2017
f 2136/2414/2024 2127/2415/2025 2135/2416/2026
f 4192/2417/2027 3945/2418/1606 3944/2419/2028
f 2130/2403/2003 2121/2412/2029 2129/2420/2029
f 2141/2118/2021 2132/2421/2030 2140/2116/2014
f 2135/2416/2026 2126/2392/2031 2134/2422/2032
f 2064/2133/2033 2129/2420/2033 2121/2412/2033
f 4134/2423/2034 4127/2424/2035 4135/2425/2036
f 4117/2426/2037 4150/2427/2037 4158/2428/2037
f 2144/2429/2038 2135/2416/2039 2143/2128/2040
f 2143/2128/2040 2134/2422/2041 2142/2122/2019
f 2138/2154/2042 2129/2420/2043 2137/2430/2043
f 2064/2133/2044 2137/2430/2044 2129/2420/2044
f 2139/2156/2016 2130/2403/2045 2138/2154/2042
f 2145/2141/2046 2143/2128/1595 1895/2127/1594
f 3966/2431/2047 3959/2432/2048 3967/2433/2049
f 2137/2430/2050 1890/2150/2051 2138/2154/1622
f 4117/2426/2052 3957/2434/2052 3965/2435/2052
f 1889/2436/2053 2137/2430/2053 2064/2133/2053
f 3962/2437/2054 3955/2438/2055 3963/2439/2056
f 3959/2432/2057 3952/2440/2058 3960/2441/2059
f 4117/2426/2060 4166/2442/2060 4174/2443/2060
f 4117/2426/2061 4045/2444/2061 4053/2445/2061
f 4117/2426/2062 3973/2446/2062 3981/2447/2062
f 4117/2426/2063 3942/2448/2063 3949/2449/2063
f 5299/2450/2064 5306/2451/2065 5307/2452/2064
f 3961/2453/2066 3954/2454/2067 3962/2437/2054
f 2149/2455/2068 2155/2456/1624 2148/2457/2069
f 2150/2458/1581 2156/2459/1580 2149/2460/2068
f 2161/2461/2043 2154/2462/2070 2162/2463/2045
f 2162/2463/2045 2155/2456/2016 2163/2464/2015
f 2151/2465/1585 2157/2466/1582 2150/2458/1581
f 2169/2467/2029 2162/2463/2071 2170/2468/2002
f 2152/2469/1594 2158/2470/1586 2151/2465/1585
f 2167/2471/2039 2160/2472/2038 2168/2473/2038
f 2398/2474/1584 2151/2465/1587 2150/2458/1583
f 3729/2475/2072 3736/2476/2073 3737/2477/2074
f 3698/2478/2075 3705/2479/2076 3706/2480/2077
f 2402/2481/2046 2159/2482/1595 2152/2469/1594
f 2394/2483/1618 2147/2484/2078 2146/2485/1618
f 2147/2484/2051 2153/2486/2050 2146/2485/2050
f 2395/2487/1619 2148/2457/1625 2147/2484/2078
f 2148/2457/2069 2154/2462/1622 2147/2484/2051
f 2171/2488/1982 2164/2489/1981 2172/2490/2079
f 2199/2491/1985 2192/2492/1984 2200/2493/1984
f 2172/2490/2079 2165/2494/2007 2173/2495/2080
f 2173/2496/2080 2166/2497/2032 2174/2498/2081
f 2187/2499/1960 2180/2500/1959 2188/2501/1975
f 2174/2498/2081 2167/2471/2026 2175/2502/2082
f 2175/2502/2082 2168/2473/2024 2176/2503/2024
f 2177/2504/2018 2170/2468/2083 2178/2505/2023
f 2182/2506/1996 2175/2507/1995 2183/2508/2013
f 2183/2508/2013 2176/2509/2012 2184/2510/2012
f 2185/2511/2004 2178/2505/1956 2186/2512/1955
f 2321/2513/2022 2169/2467/2022 2177/2504/2022
f 2215/2514/1963 2208/2515/1962 2216/2516/1962
f 2178/2505/2023 2171/2488/1988 2179/2517/2084
f 2179/2517/2084 2172/2490/1986 2180/2500/2085
f 2180/2500/2085 2173/2495/1994 2181/2518/1993
f 2321/2513/2086 2217/2519/2086 2225/2520/2086
f 2181/2521/1993 2174/2498/1992 2182/2522/1996
f 2188/2501/1975 2181/2518/1974 2189/2523/2006
f 2321/2513/2087 2185/2511/2087 2193/2524/2087
f 2189/2525/2006 2182/2506/1991 2190/2526/1990
f 2190/2526/1990 2183/2508/2088 2191/2527/2001
f 2191/2527/2001 2184/2510/2000 2192/2492/2000
f 2193/2524/2089 2186/2512/1968 2194/2528/1967
f 2321/2513/1971 2193/2524/1971 2201/2529/1971
f 2203/2530/1926 2196/2531/1925 2204/2532/1980
f 2321/2513/1961 2201/2529/1961 2209/2533/1961
f 2186/2512/1955 2179/2517/1954 2187/2499/1960
f 2201/2529/1977 2194/2528/1965 2202/2534/1964
f 2217/2519/1924 2321/2513/1924 2209/2533/1924
f 2194/2528/1967 2187/2499/1966 2195/2535/1978
f 2195/2535/1978 2188/2501/1970 2196/2531/1969
f 2196/2531/1969 2189/2523/1950 2197/2536/1949
f 2197/2537/1949 2190/2526/1948 2198/2538/1958
f 2198/2538/1958 2191/2527/2090 2199/2491/1985
f 2204/2539/1980 2197/2537/1856 2205/2540/1855
f 2217/2519/1875 2226/2541/1874 2225/2520/1875
f 2205/2540/1855 2198/2538/1854 2206/2542/1946
f 2206/2542/1946 2199/2491/1945 2207/2543/1973
f 2207/2543/1973 2200/2493/1972 2208/2515/1972
f 2209/2533/2091 2202/2534/1952 2210/2544/1951
f 2233/2545/1919 2321/2513/1919 2225/2520/1919
f 2212/2546/1944 2221/2547/1953 2220/2548/2092
f 2202/2534/1964 2195/2535/2093 2203/2530/1926
f 2209/2533/1937 2218/2549/1936 2217/2519/1937
f 2210/2544/1951 2203/2530/2094 2211/2550/1916
f 2211/2550/1916 2204/2532/2095 2212/2551/1940
f 2212/2546/1940 2205/2540/1939 2213/2552/1938
f 2321/2513/1910 2233/2545/1910 2241/2553/1910
f 2213/2552/1938 2206/2542/1933 2214/2554/1932
f 2214/2554/1932 2207/2543/2096 2215/2514/1963
f 2213/2552/1942 2222/2555/1941 2221/2547/1953
f 2214/2554/1913 2223/2556/1912 2222/2555/1941
f 2215/2514/1914 2224/2557/1947 2223/2556/1912
f 2210/2544/1905 2219/2558/1904 2218/2549/1936
f 2211/2550/1906 2220/2559/2092 2219/2558/1904
f 2229/2560/1892 2238/2561/1909 2237/2562/1890
f 2218/2549/1876 2227/2563/2097 2226/2541/1874
f 2219/2558/1885 2228/2564/1884 2227/2563/2097
f 2220/2559/1886 2229/2565/2098 2228/2564/1884
f 2221/2547/1902 2230/2566/1901 2229/2560/2098
f 2222/2555/1903 2231/2567/1907 2230/2566/1901
f 2223/2556/1908 2232/2568/1935 2231/2567/1907
f 2225/2520/1921 2234/2569/1920 2233/2545/1921
f 2230/2566/1896 2239/2570/2099 2238/2561/1909
f 2231/2567/1897 2240/2571/1918 2239/2570/2099
f 2233/2545/1900 2242/2572/1899 2241/2553/1900
f 2226/2541/1844 2235/2573/1843 2234/2569/1920
f 2227/2563/1845 2236/2574/1923 2235/2573/1843
f 2228/2564/1891 2237/2575/1890 2236/2574/1923
f 2245/2576/1859 2254/2577/1879 2253/2578/1857
f 2234/2569/1868 2243/2579/1867 2242/2572/1899
f 2235/2573/2100 2244/2580/1850 2243/2579/1867
f 2236/2574/1852 2245/2581/2101 2244/2580/1850
f 2237/2582/2102 2246/2583/1871 2245/2576/2101
f 2238/2584/1873 2247/2585/1877 2246/2583/1871
f 2239/2586/2103 2248/2587/1911 2247/2585/1877
f 2241/2553/1894 2250/2588/1893 2249/2589/2104
f 2321/2513/1825 2241/2553/1825 2249/2589/1825
f 2246/2583/1880 2255/2590/1889 2254/2577/1879
f 2247/2585/1888 2256/2591/1887 2255/2590/1889
f 2249/2589/1870 2258/2592/1869 2257/2593/1870
f 2250/2588/1840 2259/2594/1839 2258/2592/1869
f 2242/2572/1733 2251/2595/2105 2250/2588/1893
f 2243/2579/1734 2252/2596/1898 2251/2595/2105
f 2244/2597/1858 2253/2578/1857 2252/2598/1898
f 2251/2595/1821 2260/2599/1820 2259/2594/1839
f 2252/2598/2106 2261/2600/1848 2260/2601/1820
f 2253/2578/1849 2262/2602/2107 2261/2600/1848
f 2266/2603/1813 2275/2604/1812 2274/2605/1841
f 2254/2577/1882 2263/2606/1881 2262/2602/2107
f 2255/2590/1866 2264/2607/1865 2263/2606/1881
f 2321/2513/1837 2265/2608/1837 2273/2609/1837
f 2257/2593/1861 2266/2603/1860 2265/2608/1861
f 2321/2513/1788 2289/2610/1788 2297/2611/1788
f 2262/2602/1834 2271/2612/1835 2270/2613/1832
f 2321/2513/2108 2257/2593/2108 2265/2608/2108
f 2263/2606/1836 2272/2614/1853 2271/2612/1835
f 2265/2608/1842 2274/2605/1841 2273/2609/1842
f 2258/2592/1862 2267/2615/1864 2266/2603/1860
f 2259/2594/1827 2268/2616/2109 2267/2615/1864
f 2260/2601/1828 2269/2617/1846 2268/2618/2109
f 2261/2600/1833 2270/2613/1832 2269/2617/1846
f 2267/2615/1796 2276/2619/1795 2275/2604/1812
f 2303/2620/2110 2296/2621/1798 2304/2622/1798
f 2268/2618/1797 2277/2623/1814 2276/2624/1795
f 2269/2617/1815 2278/2625/1847 2277/2623/1814
f 2291/2626/1770 2284/2627/2111 2292/2628/1787
f 2270/2613/1830 2279/2629/1829 2278/2625/1847
f 2271/2612/1831 2280/2630/1838 2279/2629/1829
f 2281/2631/1782 2274/2605/1781 2282/2632/1801
f 2286/2633/1808 2279/2629/1807 2287/2634/1824
f 2287/2634/1824 2280/2630/1823 2288/2635/1823
f 2289/2610/1817 2282/2632/2112 2290/2636/1765
f 2321/2513/1816 2273/2609/1816 2281/2631/1816
f 2321/2513/1783 2297/2611/1783 2305/2637/1783
f 2282/2632/1801 2275/2604/1800 2283/2638/1818
f 2283/2638/1818 2276/2619/1794 2284/2627/1793
f 2284/2639/1793 2277/2623/1792 2285/2640/1806
f 2285/2640/1806 2278/2625/1805 2286/2633/1808
f 2292/2641/1787 2285/2640/1786 2293/2642/1819
f 2330/2643/1681 2323/2644/1680 2331/2645/1739
f 2293/2642/1819 2286/2633/1804 2294/2646/1803
f 2294/2646/1803 2287/2634/1802 2295/2647/1811
f 2295/2647/1811 2288/2635/1810 2296/2621/1810
f 2297/2611/2113 2290/2636/2114 2298/2648/1777
f 2338/2649/1731 2321/2513/1731 2330/2643/1731
f 2308/2650/1791 2301/2651/1706 2309/2652/1705
f 2290/2636/1765 2283/2638/1764 2291/2626/1770
f 2305/2637/1789 2298/2648/1775 2306/2653/1774
f 2298/2648/1777 2291/2626/1776 2299/2654/1790
f 2299/2654/1790 2292/2628/1780 2300/2655/1779
f 2300/2655/1779 2293/2656/1760 2301/2651/1759
f 2322/2657/1747 2330/2643/1747 2321/2513/1747
f 2301/2658/1759 2294/2646/1758 2302/2659/2115
f 2302/2659/2115 2295/2647/1767 2303/2620/2110
f 2313/2660/1771 2321/2513/1771 2305/2637/1771
f 2309/2661/1705 2302/2662/1704 2310/2663/2116
f 2310/2663/2116 2303/2664/1753 2311/2665/1785
f 2311/2665/1785 2304/2666/1784 2312/2667/1784
f 2313/2660/2117 2306/2653/1762 2314/2668/1761
f 2306/2653/1774 2299/2654/2118 2307/2669/1745
f 2307/2669/1745 2300/2655/1744 2308/2650/1791
f 2322/2657/2119 2314/2668/2120 2323/2644/1750
f 2325/2670/1763 2317/2671/1610 2326/2672/1609
f 2314/2668/1761 2307/2669/2121 2315/2673/1725
f 2315/2673/1725 2308/2650/1724 2316/2674/2122
f 2316/2674/2122 2309/2652/1738 2317/2675/2123
f 2317/2671/2123 2310/2663/1736 2318/2676/1743
f 2321/2513/1723 2338/2649/1723 2346/2677/1723
f 2313/2660/1741 2322/2657/1741 2321/2513/1741
f 2318/2676/1743 2311/2665/2124 2319/2678/1773
f 2319/2678/1773 2312/2667/1772 2320/2679/1772
f 2326/2672/1609 2318/2676/1608 2327/2680/1722
f 2327/2680/1722 2319/2678/2125 2328/2681/1756
f 2328/2681/1756 2320/2679/1755 2329/2682/1755
f 2323/2644/1750 2315/2673/1714 2324/2683/1713
f 2324/2683/1713 2316/2674/1712 2325/2684/1763
f 2331/2645/1739 2324/2683/2126 2332/2685/1689
f 2332/2685/1689 2325/2684/1688 2333/2686/2127
f 2333/2687/2127 2326/2672/1711 2334/2688/1710
f 2334/2688/1710 2327/2680/2128 2335/2689/1716
f 2335/2689/1716 2328/2681/1715 2336/2690/1749
f 2336/2690/1749 2329/2682/1748 2337/2691/1748
f 2338/2649/1708 2347/2692/1707 2346/2677/1708
f 2342/2693/1718 2335/2689/1717 2343/2694/1730
f 2343/2694/1730 2336/2690/1729 2344/2695/1728
f 2344/2695/1728 2337/2691/1727 2345/2696/1727
f 2339/2697/1639 2332/2685/1638 2340/2698/1740
f 2340/2698/1740 2333/2686/2129 2341/2699/1695
f 2341/2700/1695 2334/2688/1694 2342/2693/1718
f 2350/2701/1670 2359/2702/1669 2358/2703/1682
f 2339/2697/1677 2348/2704/1676 2347/2692/1707
f 2340/2698/1660 2349/2705/1659 2348/2704/1676
f 2341/2700/1661 2350/2701/1686 2349/2706/1659
f 2342/2693/1687 2351/2707/2130 2350/2701/1686
f 2343/2694/1720 2352/2708/2131 2351/2707/2130
f 2344/2695/1703 2353/2709/1702 2352/2708/2131
f 2346/2677/1698 2355/2710/1697 2354/2711/1698
f 2321/2513/1700 2346/2677/1700 2354/2711/1700
f 2351/2707/1671 2360/2712/1693 2359/2702/1669
f 2352/2708/1692 2361/2713/1691 2360/2712/1693
f 2354/2711/1679 2363/2714/1678 2362/2715/1679
f 2355/2710/1652 2364/2716/1651 2363/2714/1678
f 2347/2692/1699 2356/2717/1701 2355/2710/1697
f 2348/2704/1664 2357/2718/1663 2356/2717/1701
f 2349/2705/1665 2358/2719/1682 2357/2718/1663
f 2356/2717/1634 2365/2720/1633 2364/2716/1651
f 2384/2721/1637 2393/2722/1636 2392/2723/2132
f 2357/2718/1635 2366/2724/1657 2365/2720/1633
f 2358/2703/1658 2367/2725/2133 2366/2726/1657
f 2372/2727/1621 2381/2728/1620 2380/2729/2134
f 2359/2702/1684 2368/2730/2135 2367/2725/2133
f 2360/2712/1675 2369/2731/1674 2368/2730/2135
f 2362/2715/1667 2371/2732/1666 2370/2733/1667
f 2367/2734/1598 2376/2735/2136 2375/2736/1596
f 2368/2737/1648 2377/2738/1662 2376/2735/2136
f 2370/2733/1654 2379/2739/2137 2378/2740/1654
f 2321/2513/1672 2362/2715/1672 2370/2733/1672
f 2400/2741/1600 2402/2481/1607 2152/2469/1599
f 2363/2714/1668 2372/2727/2138 2371/2732/1666
f 2364/2716/2139 2373/2742/1641 2372/2727/2138
f 2365/2720/1643 2374/2743/1655 2373/2742/1641
f 2366/2744/2140 2375/2736/1596 2374/2745/1655
f 2373/2746/2141 2382/2747/1614 2381/2748/1620
f 2321/2513/2142 2378/2740/2142 2386/2749/2142
f 2374/2745/1616 2383/2750/1656 2382/2747/1614
f 2375/2736/1645 2384/2721/1644 2383/2750/1656
f 2376/2735/1646 2385/2751/1650 2384/2721/1644
f 2378/2740/1590 2387/2752/2143 2386/2749/1590
f 2321/2513/1601 2386/2749/1601 2394/2483/1601
f 2388/2753/1593 2397/2754/2144 2396/2755/1592
f 2371/2732/1632 2380/2729/2134 2379/2739/2137
f 2386/2749/1578 2395/2487/1577 2394/2483/1578
f 2379/2739/1591 2388/2753/2145 2387/2752/2143
f 2380/2729/1630 2389/2756/2146 2388/2753/2145
f 2381/2748/2147 2390/2757/1611 2389/2758/2146
f 2382/2747/1613 2391/2759/2148 2390/2757/1611
f 2383/2750/2149 2392/2723/2132 2391/2759/2148
f 2389/2758/1627 2398/2474/1626 2397/2760/2144
f 2390/2757/1628 2399/2761/2150 2398/2474/1626
f 3902/2762/2151 3893/2763/2152 3901/2764/2152
f 2321/2513/2153 2153/2486/2153 2161/2461/2153
f 2391/2759/2154 2400/2741/2155 2399/2761/2150
f 2392/2723/1603 2401/2765/1602 2400/2741/2155
f 3695/2766/2156 3702/2767/2157 3703/2768/2158
f 3865/2769/2159 3872/2770/2160 3873/2771/2161
f 3697/2772/2162 3704/2773/2163 3705/2479/2076
f 2387/2752/1579 2396/2755/1592 2395/2487/1577
f 3848/2774/2164 3855/2775/2165 3856/2776/2166
f 3833/2777/2167 3840/2778/2168 3841/2779/2169
f 3935/2780/2170 3688/2781/2171 3936/2782/2172
f 3703/2768/2173 3710/2783/2174 3711/2784/2175
f 3797/2785/2176 3788/2786/2177 3796/2787/2177
f 2321/2513/2178 2394/2483/2178 2146/2485/2178
f 3781/2788/2179 3772/2789/2180 3780/2790/2180
f 3768/2791/2181 3759/2792/2182 3767/2793/2183
f 3745/2794/2184 3752/2795/2185 3753/2796/2186
f 3706/2480/2187 3713/2797/2188 3714/2798/2189
f 3685/2799/2190 3860/2800/2190 3692/2801/2190
f 3860/2800/2191 3708/2802/2191 3700/2803/2191
f 3705/2479/2192 3712/2804/2193 3713/2797/2188
f 2662/2805/2194 2673/2806/2195 2406/2807/2196
f 3176/2808/2197 2409/2809/2198 2677/2810/2199
f 4547/2811/2200 4527/2812/2201 4244/2813/2202
f 2405/2814/2203 3172/2815/2204 2662/2805/2194
f 4976/2816/2205 4207/2817/2206 4484/2818/2207
f 2668/2819/2208 2674/2820/2209 2412/2821/2210
f 2668/2819/2208 2673/2806/2195 3172/2815/2204
f 3181/2822/2211 2412/2821/2210 2687/2823/2212
f 3218/2824/2213 2443/2825/2214 2725/2826/2215
f 2407/2827/2216 3173/2828/2217 2675/2829/2218
f 2406/2807/2196 3173/2830/2217 2663/2831/2219
f 3420/2832/2220 2406/2807/2196 2663/2831/2219
f 2413/2833/2221 3173/2830/2217 2673/2806/2195
f 2669/2834/2222 2675/2829/2218 3173/2828/2217
f 3182/2835/2223 2413/2833/2221 2689/2836/2224
f 2691/2837/2225 2670/2838/2226 3183/2839/2227
f 2664/2840/2228 2676/2841/2229 2408/2842/2230
f 2407/2827/2216 3174/2843/2231 2664/2840/2228
f 3165/2844/2232 2664/2840/2228 3421/2845/2233
f 2414/2846/2234 3174/2843/2231 2675/2829/2218
f 2670/2838/2226 2676/2841/2229 3174/2843/2231
f 3183/2839/2227 2414/2846/2234 2690/2847/2235
f 2718/2848/2236 2696/2849/2237 3203/2850/2238
f 3168/2851/2239 3133/2852/2240 3423/2853/2241
f 2409/2809/2198 3175/2854/2242 2677/2810/2199
f 2408/2842/2230 3175/2854/2242 2665/2855/2243
f 3422/2856/2244 2408/2842/2230 2665/2855/2243
f 2415/2857/2245 3175/2854/2242 2676/2841/2229
f 2722/2858/2246 2701/2859/2247 3200/2860/2248
f 2671/2861/2249 2677/2810/2199 3175/2854/2242
f 3184/2862/2250 2415/2857/2245 2691/2837/2225
f 3136/2863/2251 3137/2864/2251 3190/2865/2252
f 2659/2866/2253 3176/2808/2197 3135/2867/2254
f 3185/2868/2255 2417/2869/2256 2672/2870/2257
f 2416/2871/2258 3176/2808/2197 2677/2810/2199
f 2672/2870/2257 3135/2867/2254 3176/2808/2197
f 3167/2872/2259 2664/2840/2228 2408/2842/2230
f 3425/2873/2260 2404/2874/2261 3170/2875/2262
f 3188/2876/2263 2424/2877/2264 2685/2878/2265
f 2703/2879/2266 2684/2880/2267 3195/2881/2268
f 2692/2882/2269 2672/2870/2257 2416/2871/2258
f 3168/2851/2239 2665/2855/2243 2409/2809/2198
f 3177/2883/2270 2403/2884/2271 3132/2885/2272
f 3187/2886/2273 2411/2887/2274 2666/2888/2275
f 3132/2885/2276 3134/2889/2276 3177/2883/2277
f 2410/2890/2278 3177/2883/2279 3134/2889/2280
f 3134/2889/2281 3136/2863/2281 3186/2891/2282
f 3191/2892/2283 2419/2893/2284 2680/2894/2285
f 3138/2895/2286 3139/2896/2287 3205/2897/2288
f 2733/2898/2289 2715/2899/2290 3211/2900/2291
f 2404/2874/2261 3178/2901/2292 2679/2902/2293
f 2660/2903/2294 2678/2904/2295 3178/2901/2292
f 3169/2905/2296 2660/2903/2294 3425/2873/2260
f 2666/2888/2275 2678/2904/2297 2410/2890/2298
f 2705/2906/2299 2680/2894/2285 2418/2907/2300
f 3178/2901/2292 2411/2887/2274 2679/2902/2293
f 2694/2908/2301 2666/2888/2275 2410/2890/2298
f 2720/2909/2302 2699/2910/2303 3198/2911/2304
f 2405/2814/2203 3179/2912/2305 2674/2820/2209
f 2661/2913/2306 2679/2902/2293 3179/2912/2305
f 3426/2914/2307 2404/2874/2261 2661/2913/2306
f 2411/2887/2274 3179/2912/2305 2679/2902/2293
f 2667/2915/2308 2674/2820/2209 3179/2912/2305
f 3189/2916/2309 2425/2917/2310 2686/2918/2311
f 2690/2847/2235 2669/2834/2222 3182/2919/2223
f 3202/2920/2312 2427/2921/2313 2695/2922/2314
f 2708/2923/2315 2682/2924/2316 3193/2925/2317
f 2419/2893/2284 3180/2926/2318 2688/2927/2319
f 2681/2928/2320 2687/2823/2212 3180/2926/2318
f 3192/2929/2321 2419/2893/2284 2706/2930/2322
f 2420/2931/2323 3181/2822/2211 2687/2823/2212
f 2682/2924/2316 2689/2836/2224 3181/2822/2211
f 3193/2925/2317 2420/2931/2323 2707/2932/2324
f 2421/2933/2325 3182/2835/2223 2689/2836/2224
f 2683/2934/2326 2690/2847/2235 3182/2919/2223
f 3194/2935/2327 2421/2933/2325 2708/2923/2315
f 2422/2936/2328 3183/2839/2227 2690/2847/2235
f 3198/2911/2304 2430/2937/2329 2719/2938/2330
f 2684/2880/2267 2691/2837/2225 3183/2839/2227
f 3195/2881/2268 2422/2936/2328 2709/2939/2331
f 2423/2940/2332 3184/2862/2250 2691/2837/2225
f 2685/2878/2265 2692/2882/2269 3184/2862/2250
f 3188/2876/2263 2423/2940/2332 2703/2879/2266
f 2424/2877/2264 3185/2868/2255 2692/2882/2269
f 2686/2918/2311 2693/2941/2333 3185/2868/2255
f 2707/2932/2324 2681/2928/2320 3192/2929/2321
f 3186/2891/2334 2410/2890/2335 3134/2889/2336
f 3164/2942/2337 3132/2885/2337 3424/2943/2338
f 2418/2907/2339 3186/2891/2340 3136/2863/2341
f 3139/2896/2287 3140/2944/2342 3217/2945/2343
f 2717/2946/2344 2697/2947/2345 3196/2948/2346
f 2680/2894/2285 2694/2908/2347 2418/2907/2300
f 3187/2886/2273 2419/2893/2284 2688/2927/2319
f 3200/2860/2248 2432/2949/2348 2721/2950/2349
f 3233/2951/2350 2459/2952/2351 2755/2953/2352
f 2431/2954/2353 3188/2876/2263 2703/2879/2266
f 2700/2955/2354 2702/2956/2355 3188/2876/2263
f 3199/2957/2356 2431/2954/2353 2720/2909/2302
f 2719/2958/2330 2698/2959/2357 3197/2960/2358
f 2701/2859/2247 2702/2956/2355 2432/2949/2348
f 2701/2859/2247 2704/2961/2359 3189/2916/2309
f 2721/2950/2349 2700/2955/2354 3199/2957/2356
f 2739/2962/2360 2714/2963/2361 3210/2964/2362
f 3190/2865/2363 2418/2907/2364 3136/2863/2365
f 2426/2965/2366 3190/2865/2367 3137/2864/2368
f 3140/2944/2342 3141/2966/2369 3221/2967/2370
f 2695/2922/2314 2705/2906/2371 2426/2965/2372
f 3191/2892/2283 2427/2921/2313 2706/2930/2322
f 2723/2968/2373 2695/2922/2314 2426/2965/2372
f 2427/2921/2313 3192/2929/2321 2706/2930/2322
f 3207/2969/2374 2435/2970/2375 2735/2971/2376
f 2696/2849/2237 2707/2932/2324 3192/2929/2321
f 3203/2850/2238 2427/2921/2313 2724/2972/2377
f 2428/2973/2378 3193/2925/2317 2707/2932/2324
f 2697/2947/2345 2708/2923/2315 3193/2925/2317
f 3196/2948/2346 2428/2973/2378 2718/2848/2236
f 2732/2974/2379 2716/2975/2380 3204/2976/2381
f 2429/2977/2382 3194/2935/2327 2708/2923/2315
f 2698/2978/2357 2709/2939/2331 3194/2979/2327
f 3197/2960/2358 2429/2977/2382 2717/2946/2344
f 3215/2980/2383 2448/2981/2384 2730/2982/2385
f 2430/2937/2329 3195/2881/2268 2709/2939/2331
f 2699/2910/2303 2703/2879/2266 3195/2881/2268
f 2738/2983/2386 2713/2984/2387 3209/2985/2388
f 2436/2986/2389 3196/2948/2346 2718/2848/2236
f 2712/2987/2390 2717/2946/2344 3196/2948/2346
f 3208/2988/2391 2436/2986/2389 2736/2989/2392
f 2437/2990/2393 3197/2960/2358 2717/2946/2344
f 2713/2984/2387 2719/2958/2330 3197/2960/2358
f 3209/2985/2388 2437/2990/2393 2737/2991/2394
f 3206/2992/2395 2435/2970/2375 2710/2993/2396
f 2438/2994/2397 3198/2911/2304 2719/2938/2330
f 2714/2963/2361 2720/2909/2302 3198/2911/2304
f 3210/2964/2362 2438/2994/2397 2738/2995/2386
f 2439/2996/2398 3199/2957/2356 2720/2909/2302
f 3199/2957/2356 2440/2997/2399 2721/2950/2349
f 3211/2900/2291 2439/2996/2398 2739/2962/2360
f 2716/2975/2380 2721/2950/2349 2440/2997/2399
f 2716/2975/2380 2722/2858/2246 3200/2860/2248
f 2737/2991/2394 2712/2987/2390 3208/2988/2391
f 3215/2980/2383 2447/2998/2400 2750/2999/2401
f 3201/3000/2402 2426/2965/2403 3137/2864/2404
f 2434/3001/2405 3201/3000/2406 3138/2895/2407
f 2748/3002/2408 2726/3003/2409 3219/3004/2410
f 3141/2966/2369 3142/3005/2411 3232/3006/2412
f 2752/3007/2413 2731/3008/2414 3216/3009/2415
f 2710/2993/2396 2723/2968/2416 2434/3001/2417
f 3202/2920/2312 2435/2970/2375 2724/2972/2377
f 2734/3010/2418 2710/2993/2396 2434/3001/2417
f 2435/2970/2375 3203/2850/2238 2724/2972/2377
f 2711/3011/2419 2718/2848/2236 3203/2850/2238
f 2448/3012/2384 3204/2976/2381 2733/2898/2289
f 2449/3013/2420 3204/2976/2381 2731/3014/2414
f 2749/3015/2421 2728/3016/2422 3213/3017/2423
f 3205/2897/2424 2434/3001/2425 3138/2895/2426
f 2442/3018/2427 3205/2897/2428 3139/2896/2429
f 3142/3005/2411 3143/3019/2430 3243/3020/2431
f 2750/2999/2401 2729/3021/2432 3214/3022/2433
f 2725/2826/2215 2734/3010/2434 2442/3018/2435
f 3206/2992/2395 2443/2825/2214 2735/2971/2376
f 2753/3023/2436 2725/2826/2215 2442/3018/2435
f 3227/3024/2437 2456/3025/2438 2745/3026/2439
f 2443/2825/2214 3207/2969/2374 2735/2971/2376
f 2765/3027/2440 2741/3028/2441 2451/3029/2442
f 3207/2969/2374 2444/3030/2443 2736/2989/2392
f 3219/3004/2410 2443/2825/2214 2754/3031/2444
f 2444/3030/2443 3208/2988/2391 2736/2989/2392
f 2727/3032/2445 2737/2991/2394 3208/2988/2391
f 3212/3033/2446 2444/3030/2443 2748/3002/2408
f 3220/3034/2447 2457/3035/2448 2746/3036/2449
f 2445/3037/2450 3209/2985/2388 2737/2991/2394
f 2728/3016/2422 2738/2983/2386 3209/2985/2388
f 2747/3038/2451 2728/3016/2422 2445/3037/2450
f 2446/3039/2452 3210/3040/2362 2738/2983/2386
f 3210/2964/2362 2447/3041/2400 2739/2962/2360
f 3214/3022/2433 2446/3042/2452 2749/3043/2421
f 2780/3044/2453 2760/3045/2454 3230/3046/2455
f 2447/3041/2400 3211/2900/2291 2739/2962/2360
f 2730/3047/2385 2733/2898/2289 3211/2900/2291
f 2769/3048/2456 2744/3049/2457 3226/3050/2458
f 2768/3051/2459 2743/3052/2460 3225/3053/2461
f 2452/3054/2462 3212/3033/2446 2748/3002/2408
f 3212/3033/2446 2453/3055/2463 2747/3038/2451
f 3224/3056/2464 2452/3054/2462 2766/3057/2465
f 2453/3055/2463 3213/3017/2423 2747/3038/2451
f 2743/3058/2460 2749/3015/2421 3213/3017/2423
f 3225/3059/2461 2453/3055/2463 2767/3060/2466
f 3222/3061/2467 2451/3029/2442 2740/3062/2468
f 2454/3063/2469 3214/3022/2433 2749/3043/2421
f 2744/3049/2457 2750/2999/2401 3214/3022/2433
f 3226/3050/2458 2454/3063/2469 2768/3051/2459
f 2455/3064/2470 3215/2980/2383 2750/2999/2401
f 2745/3026/2439 2751/3065/2471 3215/2980/2383
f 3227/3024/2437 2455/3064/2470 2769/3048/2456
f 2747/3038/2451 2727/3032/2445 3212/3033/2446
f 2746/3036/2449 2751/3065/2471 2456/3025/2438
f 2746/3036/2449 2752/3007/2413 3216/3009/2415
f 2767/3060/2466 2742/3066/2472 3224/3056/2464
f 3230/3046/2455 2463/3067/2473 2779/3068/2474
f 3217/2945/2475 2442/3018/2435 3139/2896/2476
f 2450/3069/2477 3217/2945/2478 3140/2944/2479
f 2784/3070/2480 2756/3071/2481 3234/3072/2482
f 3143/3019/2430 3144/3073/2483 3247/3074/2484
f 2781/3075/2485 2761/3076/2486 3231/3077/2487
f 2740/3062/2468 2753/3023/2488 2450/3069/2489
f 3218/2824/2213 2451/3029/2442 2754/3031/2444
f 2764/3078/2490 2740/3062/2468 2450/3069/2489
f 2451/3029/2442 3219/3004/2410 2754/3031/2444
f 2741/3028/2441 2748/3002/2408 3219/3004/2410
f 2464/3079/2491 3220/3034/2447 2763/3080/2492
f 2465/3081/2493 3220/3034/2447 2761/3076/2486
f 2777/3082/2494 2758/3083/2495 3228/3084/2496
f 2792/3085/2497 2776/3086/2498 3242/3087/2499
f 3221/2967/2500 2450/3069/2489 3140/2944/2501
f 2458/3088/2502 3221/2967/2503 3141/2966/2504
f 2795/3089/2505 2771/3090/2506 3237/3091/2507
f 2779/3068/2474 2759/3092/2508 3229/3093/2509
f 2755/2953/2352 2764/3078/2510 2458/3088/2511
f 3222/3061/2467 2459/2952/2351 2765/3027/2440
f 2782/3094/2512 2755/2953/2352 2458/3088/2511
f 2459/2952/2351 3223/3095/2513 2765/3027/2440
f 3223/3095/2513 2460/3096/2514 2766/3057/2465
f 3234/3072/2482 2459/2952/2351 2783/3097/2515
f 2796/3098/2516 2772/3099/2517 3238/3100/2518
f 2460/3096/2514 3224/3056/2464 2766/3057/2465
f 3238/3100/2518 2468/3101/2519 2795/3089/2505
f 3224/3056/2464 2461/3102/2520 2767/3060/2466
f 3235/3103/2521 2460/3096/2514 2784/3070/2480
f 2461/3102/2520 3225/3059/2461 2767/3060/2466
f 2758/3083/2495 2768/3051/2459 3225/3053/2461
f 2778/3104/2522 2758/3105/2495 2461/3102/2520
f 2462/3106/2523 3226/3050/2458 2768/3051/2459
f 2759/3092/2508 2769/3048/2456 3226/3050/2458
f 3229/3093/2509 2462/3106/2523 2777/3082/2494
f 3243/3020/2524 2474/3107/2525 2794/3108/2526
f 2810/3109/2527 2791/3110/2528 3246/3111/2529
f 2463/3067/2473 3227/3024/2437 2769/3048/2456
f 3227/3024/2437 2464/3079/2491 2763/3080/2492
f 2799/3112/2530 2775/3113/2531 3241/3114/2532
f 2798/3115/2533 2774/3116/2534 3240/3117/2535
f 2469/3118/2536 3228/3084/2496 2778/3119/2522
f 3228/3084/2496 2470/3120/2537 2777/3082/2494
f 3239/3121/2538 2469/3118/2536 2796/3122/2516
f 2470/3120/2537 3229/3093/2509 2777/3082/2494
f 3229/3093/2509 2471/3123/2539 2779/3068/2474
f 2797/3124/2540 2774/3116/2534 2470/3120/2537
f 2775/3113/2531 2779/3068/2474 2471/3123/2539
f 2775/3113/2531 2780/3044/2453 3230/3046/2455
f 2798/3115/2533 2775/3113/2531 2471/3123/2539
f 2807/3125/2541 2789/3126/2542 3244/3127/2543
f 2778/3104/2522 2757/3128/2544 3235/3103/2521
f 2472/3129/2545 3231/3077/2487 2780/3044/2453
f 2776/3086/2498 2781/3075/2485 3231/3077/2487
f 2797/3124/2540 2773/3130/2546 3239/3121/2538
f 2808/3131/2547 2788/3132/2548 3251/3133/2549
f 3232/3006/2550 2458/3088/2511 3141/2966/2551
f 2466/3134/2552 3232/3006/2553 3142/3005/2554
f 3144/3073/2483 3145/3135/2555 3259/3136/2556
f 3145/3135/2555 3146/3137/2557 3263/3138/2558
f 3243/3020/2559 2466/3134/2560 3142/3005/2561
f 2814/3139/2562 2787/3140/2563 3250/3141/2564
f 2770/3142/2565 2782/3094/2512 2466/3134/2560
f 3253/3143/2566 2484/3144/2567 2801/3145/2568
f 3233/2951/2350 2467/3146/2569 2783/3097/2515
f 2794/3108/2570 2770/3142/2565 2466/3134/2560
f 2467/3146/2569 3234/3072/2482 2783/3097/2515
f 2771/3090/2506 2784/3070/2480 3234/3072/2482
f 3237/3091/2507 2467/3146/2569 2793/3147/2571
f 3255/3148/2572 2486/3149/2573 2803/3150/2574
f 2468/3101/2519 3235/3103/2521 2784/3070/2480
f 2772/3099/2517 2778/3104/2522 3235/3103/2521
f 3258/3151/2575 2489/3152/2576 2806/3153/2577
f 2813/3154/2578 2786/3155/2579 3249/3156/2580
f 2785/3157/2581 2794/3108/2570 2474/3107/2582
f 3236/3158/2583 2475/3159/2584 2793/3147/2571
f 2811/3160/2585 2785/3157/2581 2474/3107/2582
f 2825/3161/2586 2802/3162/2587 3254/3163/2588
f 2475/3159/2584 3237/3091/2507 2793/3147/2571
f 3237/3091/2507 2476/3164/2589 2795/3089/2505
f 3249/3156/2580 2475/3159/2584 2812/3165/2590
f 2476/3164/2589 3238/3100/2518 2795/3089/2505
f 2787/3140/2563 2796/3098/2516 3238/3100/2518
f 3250/3141/2564 2476/3164/2589 2813/3154/2578
f 2477/3166/2591 3239/3121/2538 2796/3122/2516
f 3255/3148/2572 2485/3167/2592 2825/3168/2586
f 2788/3132/2548 2797/3124/2540 3239/3121/2538
f 3251/3133/2549 2477/3166/2591 2814/3169/2562
f 2478/3170/2593 3240/3117/2535 2797/3124/2540
f 2789/3126/2542 2798/3115/2533 3240/3117/2535
f 3244/3127/2543 2478/3170/2593 2808/3131/2547
f 2479/3171/2594 3241/3114/2532 2798/3115/2533
f 3241/3114/2532 2480/3172/2595 2799/3112/2530
f 3245/3173/2596 2479/3171/2594 2807/3125/2541
f 3259/3136/2556 2490/3174/2597 2823/3175/2598
f 2480/3172/2595 3242/3087/2499 2799/3112/2530
f 3242/3087/2499 2481/3176/2599 2792/3085/2497
f 3252/3177/2600 2483/3178/2601 2800/3179/2602
f 2837/3180/2603 2819/3181/2604 3260/3182/2605
f 3257/3183/2606 2488/3184/2607 2805/3185/2608
f 2486/3149/2573 3244/3127/2543 2808/3131/2547
f 2804/3186/2609 2807/3125/2541 3244/3127/2543
f 3256/3187/2610 2486/3149/2573 2826/3188/2611
f 2840/3189/2612 2821/3190/2613 3262/3191/2614
f 2487/3192/2615 3245/3173/2596 2807/3125/2541
f 2805/3185/2608 2809/3193/2616 3245/3173/2596
f 3257/3183/2606 2487/3192/2615 2827/3194/2617
f 2838/3195/2618 2818/3196/2619 3267/3197/2620
f 2809/3193/2616 2791/3110/2528 2480/3172/2595
f 2488/3184/2607 3246/3111/2529 2809/3193/2616
f 2489/3152/2576 3246/3111/2529 2806/3153/2577
f 2827/3194/2617 2804/3186/2609 3256/3187/2610
f 2844/3198/2621 2817/3199/2622 3266/3200/2623
f 3247/3074/2624 2474/3107/2582 3143/3019/2625
f 2482/3201/2626 3247/3074/2484 3144/3073/2483
f 3146/3137/2557 3147/3202/2627 3274/3203/2628
f 3147/3202/2627 3148/3204/2629 3278/3205/2630
f 3259/3136/2631 2482/3201/2632 3144/3073/2633
f 2800/3179/2602 2811/3160/2585 2482/3201/2632
f 2852/3206/2634 2831/3207/2635 3268/3208/2636
f 3248/3209/2637 2483/3178/2601 2812/3165/2590
f 2823/3175/2638 2800/3179/2602 2482/3201/2632
f 2483/3178/2601 3249/3156/2580 2812/3165/2590
f 2801/3145/2568 2813/3154/2578 3249/3156/2580
f 2822/3210/2639 2801/3145/2568 2483/3178/2601
f 2484/3144/2567 3250/3141/2564 2813/3154/2578
f 2802/3162/2587 2814/3139/2562 3250/3141/2564
f 3254/3163/2588 2484/3144/2567 2824/3211/2640
f 3270/3212/2641 2502/3213/2642 2833/3214/2643
f 2485/3167/2592 3251/3133/2549 2814/3169/2562
f 2803/3150/2574 2808/3131/2547 3251/3133/2549
f 2858/3215/2644 2836/3216/2645 3273/3217/2646
f 2843/3218/2647 2816/3219/2648 3265/3220/2649
f 2815/3221/2650 2823/3175/2638 2490/3174/2651
f 3252/3177/2600 2491/3222/2652 2822/3210/2639
f 2841/3223/2653 2815/3221/2650 2490/3174/2651
f 2854/3224/2654 2832/3225/2655 3269/3226/2656
f 2491/3222/2652 3253/3143/2566 2822/3210/2639
f 2816/3219/2648 2824/3211/2640 3253/3143/2566
f 3265/3220/2649 2491/3222/2652 2842/3227/2657
f 2492/3228/2658 3254/3163/2588 2824/3211/2640
f 2817/3199/2622 2825/3161/2586 3254/3163/2588
f 3266/3200/2623 2492/3228/2658 2843/3218/2647
f 2493/3229/2659 3255/3148/2572 2825/3168/2586
f 3270/3230/2641 2501/3231/2660 2854/3224/2654
f 2818/3196/2619 2826/3188/2611 3255/3148/2572
f 3267/3232/2620 2493/3233/2659 2844/3198/2621
f 2494/3234/2661 3256/3187/2610 2826/3188/2611
f 2819/3181/2604 2827/3194/2617 3256/3187/2610
f 3260/3182/2605 2494/3234/2661 2838/3195/2618
f 2495/3235/2662 3257/3183/2606 2827/3194/2617
f 2820/3236/2663 2828/3237/2664 3257/3183/2606
f 3261/3238/2665 2495/3235/2662 2837/3180/2603
f 2496/3239/2666 3258/3151/2575 2828/3237/2664
f 2821/3190/2613 2829/3240/2667 3258/3151/2575
f 3264/3241/2668 2491/3222/2652 2815/3221/2650
f 3275/3242/2669 2499/3243/2670 2830/3244/2671
f 2867/3245/2672 2850/3246/2673 3276/3247/2674
f 3148/3204/2629 3149/3248/2675 3290/3249/2676
f 2857/3250/2677 2835/3251/2678 3272/3252/2679
f 2502/3213/2642 3260/3182/2605 2838/3195/2618
f 2834/3253/2680 2837/3180/2603 3260/3182/2605
f 3271/3254/2681 2502/3213/2642 2855/3255/2682
f 3277/3256/2683 2513/3257/2684 2851/3258/2685
f 2503/3259/2686 3261/3238/2665 2837/3180/2603
f 2888/3260/2687 2866/3261/2688 3289/3262/2689
f 2835/3251/2678 2839/3263/2690 3261/3238/2665
f 2856/3264/2691 2835/3251/2678 2503/3259/2686
f 2868/3265/2692 2849/3266/2693 3283/3267/2694
f 2504/3268/2695 3262/3191/2614 2839/3263/2690
f 2505/3269/2696 3262/3191/2614 2836/3216/2645
f 2856/3264/2691 2834/3253/2680 3271/3254/2681
f 3279/3270/2697 2507/3271/2698 2845/3272/2699
f 3282/3273/2700 2510/3274/2701 2848/3275/2702
f 3263/3138/2703 2490/3174/2651 3145/3135/2704
f 2498/3276/2705 3263/3138/2558 3146/3137/2557
f 3149/3248/2675 3150/3277/2706 3294/3278/2707
f 2830/3244/2671 2841/3223/2653 2498/3276/2708
f 2870/3279/2709 2845/3272/2699 2506/3280/2710
f 3264/3241/2668 2499/3243/2670 2842/3227/2657
f 2859/3281/2711 2830/3244/2671 2498/3276/2708
f 2499/3243/2670 3265/3220/2649 2842/3227/2657
f 2831/3207/2635 2843/3218/2647 3265/3220/2649
f 3268/3208/2636 2499/3243/2670 2853/3282/2712
f 2832/3225/2655 2843/3218/2647 2500/3283/2713
f 2832/3225/2655 2844/3198/2621 3266/3200/2623
f 3269/3226/2656 2500/3283/2713 2852/3206/2634
f 2886/3284/2714 2864/3285/2715 3287/3286/2716
f 2501/3231/2660 3267/3232/2620 2844/3198/2621
f 2833/3214/2643 2838/3195/2618 3267/3197/2620
f 3291/3287/2717 2515/3288/2718 2860/3289/2719
f 2873/3290/2720 2847/3291/2721 3281/3292/2722
f 2846/3293/2723 2853/3282/2712 2507/3271/2698
f 2846/3293/2723 2852/3206/2634 3268/3208/2636
f 3280/3294/2724 2507/3271/2698 2871/3295/2725
f 2508/3296/2726 3269/3226/2656 2852/3206/2634
f 2847/3291/2721 2854/3224/2654 3269/3226/2656
f 3281/3292/2722 2508/3296/2726 2872/3297/2727
f 2509/3298/2728 3270/3230/2641 2854/3224/2654
f 2848/3275/2702 2855/3299/2682 3270/3300/2641
f 3282/3301/2700 2509/3298/2728 2873/3290/2720
f 2510/3274/2701 3271/3302/2681 2855/3299/2682
f 3287/3286/2716 2518/3303/2729 2885/3304/2730
f 2849/3305/2693 2856/3264/2691 3271/3254/2681
f 3283/3267/2694 2510/3274/2701 2874/3306/2731
f 2511/3307/2732 3272/3252/2679 2856/3264/2691
f 2850/3308/2673 2857/3250/2677 3272/3252/2679
f 3276/3247/2674 2511/3309/2732 2868/3265/2692
f 2851/3310/2685 2857/3250/2677 2512/3311/2733
f 2513/3312/2684 3273/3217/2646 2851/3310/2685
f 2872/3297/2727 2846/3293/2723 3280/3294/2724
f 3274/3203/2734 2498/3276/2708 3146/3137/2735
f 2898/3313/2736 2879/3314/2737 3299/3315/2738
f 2506/3280/2739 3274/3203/2628 3147/3202/2627
f 2882/3316/2740 2861/3317/2741 3284/3318/2742
f 3150/3277/2706 3151/3319/2743 3305/3320/2744
f 2884/3321/2745 2862/3322/2746 3285/3323/2747
f 2845/3272/2699 2859/3281/2711 2506/3280/2710
f 3275/3242/2669 2507/3271/2698 2853/3282/2712
f 2887/3324/2748 2866/3261/2688 2520/3325/2749
f 3321/3326/2750 2547/3327/2751 2920/3328/2752
f 2865/3329/2753 2868/3265/2692 2519/3330/2754
f 2917/3331/2755 2896/3332/2756 3304/3333/2757
f 3276/3247/2674 2520/3325/2749 2867/3245/2672
f 3288/3334/2758 2519/3330/2754 2886/3284/2714
f 2885/3304/2730 2863/3335/2759 3286/3336/2760
f 2520/3325/2749 3277/3256/2683 2867/3245/2672
f 2866/3261/2688 2869/3337/2761 3277/3256/2683
f 2887/3324/2748 2865/3329/2753 3288/3334/2758
f 3295/3338/2762 2523/3339/2763 2875/3340/2764
f 2904/3341/2765 2878/3342/2766 3298/3343/2767
f 3278/3205/2768 2506/3280/2710 3147/3202/2769
f 2514/3344/2770 3278/3205/2630 3148/3204/2629
f 3151/3319/2743 3152/3345/2771 3309/3346/2772
f 2860/3289/2719 2870/3279/2709 2514/3344/2773
f 2900/3347/2774 2875/3340/2764 2522/3348/2775
f 3279/3270/2697 2515/3288/2718 2871/3295/2725
f 2889/3349/2776 2860/3289/2719 2514/3344/2773
f 3292/3350/2777 2528/3351/2778 2880/3352/2779
f 2515/3288/2718 3280/3294/2724 2871/3295/2725
f 2861/3317/2741 2872/3297/2727 3280/3294/2724
f 3284/3318/2742 2515/3288/2718 2883/3353/2780
f 2516/3354/2781 3281/3292/2722 2872/3297/2727
f 2862/3322/2746 2873/3290/2720 3281/3292/2722
f 2882/3316/2740 2862/3322/2746 2516/3354/2781
f 2899/3355/2782 2881/3356/2783 3293/3357/2784
f 2863/3335/2759 2873/3358/2720 2517/3359/2785
f 2863/3335/2759 2874/3306/2731 3282/3273/2700
f 3286/3336/2760 2517/3359/2785 2884/3360/2745
f 2915/3361/2786 2894/3362/2787 3302/3363/2788
f 2518/3303/2729 3283/3267/2694 2874/3306/2731
f 2864/3285/2715 2868/3265/2692 3283/3267/2694
f 3306/3364/2789 2531/3365/2790 2890/3366/2791
f 2903/3367/2792 2877/3368/2793 3297/3369/2794
f 2876/3370/2795 2883/3353/2780 2523/3339/2763
f 2876/3370/2795 2882/3316/2740 3284/3318/2742
f 3296/3371/2796 2523/3339/2763 2901/3372/2797
f 2524/3373/2798 3285/3323/2747 2882/3316/2740
f 2877/3368/2793 2884/3321/2745 3285/3323/2747
f 3297/3369/2794 2524/3373/2798 2902/3374/2799
f 2525/3375/2800 3286/3336/2760 2884/3360/2745
f 2878/3342/2766 2885/3304/2730 3286/3336/2760
f 3298/3343/2767 2525/3375/2800 2903/3376/2792
f 2879/3314/2737 2885/3304/2730 2526/3377/2801
f 3302/3363/2788 2534/3378/2802 2914/3379/2803
f 2879/3314/2737 2886/3284/2714 3287/3286/2716
f 3299/3315/2738 2526/3377/2801 2904/3341/2765
f 2527/3380/2804 3288/3334/2758 2886/3284/2714
f 2880/3352/2779 2887/3324/2748 3288/3334/2758
f 3292/3350/2777 2527/3380/2804 2898/3313/2736
f 2528/3351/2778 3289/3262/2689 2887/3324/2748
f 2529/3381/2805 3289/3262/2689 2881/3356/2783
f 3296/3371/2796 2524/3373/2798 2876/3370/2795
f 3290/3249/2806 2514/3344/2773 3148/3204/2807
f 2928/3382/2808 2910/3383/2809 3315/3384/2810
f 2522/3348/2775 3290/3249/2676 3149/3248/2675
f 2913/3385/2811 2891/3386/2812 3307/3387/2813
f 3152/3345/2771 3153/3388/2814 3320/3389/2815
f 2912/3390/2816 2892/3391/2817 3300/3392/2818
f 2875/3340/2764 2889/3349/2776 2522/3348/2775
f 3291/3287/2717 2523/3339/2763 2883/3353/2780
f 3304/3333/2757 2536/3393/2819 2916/3394/2820
f 2535/3395/2821 3292/3350/2777 2898/3313/2736
f 3292/3350/2777 2536/3393/2819 2897/3396/2822
f 3303/3397/2823 2535/3395/2821 2915/3361/2786
f 2914/3379/2803 2893/3398/2824 3301/3399/2825
f 2536/3393/2819 3293/3357/2784 2897/3396/2822
f 2537/3400/2826 3293/3357/2784 2896/3332/2756
f 2916/3394/2820 2895/3401/2827 3303/3397/2823
f 2934/3402/2828 2909/3403/2829 3314/3404/2830
f 3294/3278/2831 2522/3348/2775 3149/3248/2832
f 2530/3405/2833 3294/3278/2834 3150/3277/2835
f 3153/3388/2814 3154/3406/2836 3324/3407/2837
f 2890/3366/2791 2900/3347/2774 2530/3405/2833
f 3295/3338/2762 2531/3365/2790 2901/3372/2797
f 2918/3408/2838 2890/3366/2791 2530/3405/2833
f 2531/3365/2790 3296/3371/2796 2901/3372/2797
f 3311/3409/2839 2539/3410/2840 2930/3411/2841
f 2891/3386/2812 2902/3374/2799 3296/3371/2796
f 3307/3387/2813 2531/3365/2790 2919/3412/2842
f 2892/3413/2817 2902/3374/2799 2532/3414/2843
f 2892/3391/2817 2903/3376/2792 3297/3415/2794
f 2913/3385/2811 2892/3413/2817 2532/3414/2843
f 2927/3416/2844 2911/3417/2845 3308/3418/2846
f 2533/3419/2847 3298/3343/2767 2903/3376/2792
f 2893/3398/2824 2904/3341/2765 3298/3343/2767
f 3301/3399/2825 2533/3419/2847 2912/3390/2816
f 3318/3420/2848 2552/3421/2849 2925/3422/2850
f 2534/3378/2802 3299/3315/2738 2904/3341/2765
f 2894/3362/2787 2898/3313/2736 3299/3315/2738
f 2933/3423/2851 2908/3424/2852 3313/3425/2853
f 2540/3426/2854 3300/3427/2818 2913/3385/2811
f 2907/3428/2855 2912/3390/2816 3300/3392/2818
f 3312/3429/2856 2540/3426/2854 2931/3430/2857
f 2541/3431/2858 3301/3399/2825 2912/3390/2816
f 2908/3424/2852 2914/3379/2803 3301/3399/2825
f 3313/3425/2853 2541/3431/2858 2932/3432/2859
f 3310/3433/2860 2539/3410/2840 2905/3434/2861
f 2542/3435/2862 3302/3363/2788 2914/3379/2803
f 2909/3403/2829 2915/3361/2786 3302/3363/2788
f 3314/3404/2830 2542/3435/2862 2933/3423/2851
f 2910/3383/2809 2915/3361/2786 2543/3436/2863
f 2910/3383/2809 2916/3394/2820 3303/3397/2823
f 2934/3402/2828 2910/3383/2809 2543/3436/2863
f 2544/3437/2864 3304/3333/2757 2916/3394/2820
f 2545/3438/2865 3304/3333/2757 2911/3417/2845
f 2932/3432/2859 2907/3428/2855 3312/3439/2856
f 3318/3420/2848 2551/3440/2866 2944/3441/2867
f 3305/3320/2868 2530/3405/2833 3150/3277/2869
f 2538/3442/2870 3305/3320/2871 3151/3319/2872
f 2949/3443/2873 2921/3444/2874 3322/3445/2875
f 3154/3406/2836 3155/3446/2876 3336/3447/2877
f 2946/3448/2878 2926/3449/2879 3319/3450/2880
f 2905/3434/2861 2918/3408/2838 2538/3442/2870
f 3306/3364/2789 2539/3410/2840 2919/3412/2842
f 2929/3451/2881 2905/3434/2861 2538/3442/2870
f 2906/3452/2882 2919/3412/2842 2539/3410/2840
f 3307/3387/2813 2540/3426/2854 2913/3385/2811
f 2552/3421/2849 3308/3418/2846 2928/3382/2808
f 2553/3453/2883 3308/3418/2846 2926/3449/2879
f 2942/3454/2884 2923/3455/2885 3316/3456/2886
f 2958/3457/2887 2941/3458/2888 3331/3459/2889
f 3309/3346/2772 2538/3442/2870 3151/3319/2743
f 2546/3460/2890 3309/3346/2891 3152/3345/2892
f 2960/3461/2893 2936/3462/2894 3326/3463/2895
f 2944/3441/2867 2924/3464/2896 3317/3465/2897
f 2920/3328/2752 2929/3451/2881 2546/3460/2890
f 3310/3433/2860 2547/3327/2751 2930/3411/2841
f 2947/3466/2898 2920/3328/2752 2546/3460/2890
f 2547/3327/2751 3311/3409/2839 2930/3411/2841
f 2921/3444/2874 2931/3430/2857 3311/3409/2839
f 3322/3445/2875 2547/3327/2751 2948/3467/2899
f 2961/3468/2900 2937/3469/2901 3327/3470/2902
f 2548/3471/2903 3312/3429/2856 2931/3430/2857
f 3327/3470/2902 2556/3472/2904 2960/3461/2893
f 2922/3473/2905 2932/3432/2859 3312/3439/2856
f 3323/3474/2906 2548/3471/2903 2949/3443/2873
f 2549/3475/2907 3313/3425/2853 2932/3432/2859
f 2923/3455/2885 2933/3423/2851 3313/3425/2853
f 3316/3456/2886 2549/3475/2907 2943/3476/2908
f 2550/3477/2909 3314/3404/2830 2933/3423/2851
f 2924/3464/2896 2934/3402/2828 3314/3404/2830
f 3317/3465/2897 2550/3477/2909 2942/3454/2884
f 2976/3478/2910 2956/3479/2911 3335/3480/2912
f 2551/3440/2866 3315/3384/2810 2934/3402/2828
f 2925/3422/2850 2928/3382/2808 3315/3384/2810
f 2964/3481/2913 2940/3482/2914 3330/3483/2915
f 2963/3484/2916 2939/3485/2917 3329/3486/2918
f 2557/3487/2919 3316/3456/2886 2943/3476/2908
f 2938/3488/2920 2942/3454/2884 3316/3456/2886
f 3328/3489/2921 2557/3487/2919 2961/3490/2900
f 2939/3485/2917 2942/3454/2884 2558/3491/2922
f 2939/3485/2917 2944/3441/2867 3317/3465/2897
f 3329/3486/2918 2558/3491/2922 2962/3492/2923
f 2940/3482/2914 2944/3441/2867 2559/3493/2924
f 2940/3482/2914 2945/3494/2925 3318/3420/2848
f 3330/3483/2915 2559/3493/2924 2963/3484/2916
f 2943/3495/2908 2922/3496/2905 3323/3474/2906
f 2560/3497/2926 3319/3450/2880 2945/3494/2925
f 2941/3458/2888 2946/3448/2878 3319/3450/2880
f 2962/3492/2923 2938/3488/2920 3328/3489/2921
f 2972/3498/2927 2953/3499/2928 3332/3500/2929
f 3320/3389/2815 2546/3460/2930 3152/3345/2771
f 3345/3501/2931 2576/3502/2932 2970/3503/2933
f 2554/3504/2934 3320/3389/2935 3153/3388/2936
f 2979/3505/2937 2951/3506/2938 3338/3507/2939
f 2973/3508/2940 2952/3509/2941 3339/3510/2942
f 2935/3511/2943 2947/3466/2898 2554/3504/2934
f 3321/3326/2750 2555/3512/2944 2948/3467/2899
f 2957/3513/2945 2935/3511/2943 2554/3504/2934
f 2936/3462/2894 2948/3467/2899 2555/3512/2944
f 2936/3462/2894 2949/3443/2873 3322/3445/2875
f 2959/3514/2946 2936/3462/2894 2555/3512/2944
f 2988/3515/2947 2971/3516/2948 3346/3517/2949
f 2556/3472/2904 3323/3474/2906 2949/3443/2873
f 2937/3469/2901 2943/3495/2908 3323/3474/2906
f 2975/3518/2950 2955/3519/2951 3334/3520/2952
f 3324/3407/2837 2554/3504/2953 3153/3388/2814
f 3010/3521/2954 2983/3522/2955 3354/3523/2956
f 2562/3524/2957 3324/3407/2958 3154/3406/2959
f 2991/3525/2960 2966/3526/2961 3341/3527/2962
f 2975/3518/2950 2956/3479/2911 2568/3528/2963
f 3333/3529/2964 2567/3530/2965 2954/3531/2966
f 2950/3532/2967 2957/3513/2945 2562/3524/2957
f 3325/3533/2968 2563/3534/2969 2959/3514/2946
f 2977/3535/2970 2950/3532/2967 2562/3524/2957
f 2951/3506/2938 2959/3514/2946 2563/3534/2969
f 3326/3463/2895 2564/3536/2971 2960/3461/2893
f 3338/3507/2939 2563/3534/2969 2978/3537/2972
f 2564/3536/2971 3327/3470/2902 2960/3461/2893
f 3342/3538/2973 2572/3539/2974 2991/3525/2960
f 2952/3509/2941 2961/3468/2900 3327/3470/2902
f 3339/3510/2942 2564/3536/2971 2979/3505/2937
f 2992/3540/2975 2967/3541/2976 3342/3538/2973
f 2565/3542/2977 3328/3489/2921 2961/3490/2900
f 2953/3499/2928 2962/3492/2923 3328/3489/2921
f 2973/3508/2940 2953/3543/2928 2565/3544/2977
f 2566/3545/2978 3329/3486/2918 2962/3492/2923
f 2954/3531/2966 2963/3484/2916 3329/3486/2918
f 3333/3529/2964 2566/3545/2978 2972/3498/2927
f 2567/3530/2965 3330/3483/2915 2963/3484/2916
f 2955/3519/2951 2964/3481/2913 3330/3483/2915
f 3334/3520/2952 2567/3530/2965 2974/3546/2979
f 3362/3547/2980 2594/3548/2981 3002/3549/2982
f 3350/3550/2983 2586/3551/2984 2987/3552/2985
f 2568/3528/2963 3331/3459/2889 2964/3481/2913
f 2956/3479/2911 2958/3457/2887 3331/3459/2889
f 3337/3553/2986 2563/3534/2969 2950/3532/2967
f 2994/3554/2987 2969/3555/2988 3344/3556/2989
f 2573/3557/2990 3332/3558/2929 2973/3508/2940
f 2968/3559/2991 2972/3498/2927 3332/3500/2929
f 3343/3560/2992 2573/3557/2990 2992/3540/2975
f 2574/3561/2993 3333/3529/2964 2972/3498/2927
f 2969/3562/2988 2974/3546/2979 3333/3529/2964
f 3344/3556/2989 2574/3563/2993 2993/3564/2994
f 2970/3565/2933 2974/3546/2979 2575/3566/2995
f 2970/3503/2933 2975/3567/2950 3334/3568/2952
f 2994/3554/2987 2970/3503/2933 2575/3569/2995
f 3003/3570/2996 2985/3571/2997 3348/3572/2998
f 2576/3502/2932 3335/3573/2912 2975/3567/2950
f 2971/3516/2948 2976/3574/2910 3335/3573/2912
f 2993/3564/2994 2968/3575/2991 3343/3576/2992
f 3004/3577/2999 2984/3578/3000 3355/3579/3001
f 3336/3447/2877 2562/3524/3002 3154/3406/2836
f 2570/3580/3003 3336/3447/3004 3155/3446/3005
f 3347/3581/3006 2570/3580/3007 3155/3446/2876
f 2965/3582/3008 2977/3535/2970 2570/3580/3003
f 3158/3583/3009 3159/3584/3010 3378/3585/3011
f 3337/3553/2986 2571/3586/3012 2978/3537/2972
f 2990/3587/3013 2965/3582/3008 2570/3580/3003
f 2571/3586/3012 3338/3507/2939 2978/3537/2972
f 2966/3526/2961 2979/3505/2937 3338/3507/2939
f 3341/3527/2962 2571/3586/3012 2989/3588/3014
f 3033/3589/3015 3015/3590/3016 3364/3591/3017
f 3022/3592/3018 2999/3593/3019 3359/3594/3020
f 3156/3595/3021 2980/3596/3022 2578/3597/3023
f 2572/3539/2974 3339/3510/2942 2979/3505/2937
f 2967/3541/2976 2973/3508/2940 3339/3510/2942
f 3009/3598/3024 2982/3599/3025 3353/3600/3026
f 2981/3601/3027 2990/3587/3013 2579/3602/3028
f 3340/3603/3029 2580/3604/3030 2989/3588/3014
f 3007/3605/3031 2981/3601/3027 2579/3602/3028
f 2580/3604/3030 3341/3527/2962 2989/3588/3014
f 2982/3599/3025 2991/3525/2960 3341/3527/2962
f 3353/3600/3026 2580/3604/3030 3008/3606/3032
f 2581/3607/3033 3342/3538/2973 2991/3525/2960
f 2983/3522/2955 2992/3540/2975 3342/3538/2973
f 3354/3523/2956 2581/3607/3033 3009/3598/3024
f 2582/3608/3034 3343/3560/2992 2992/3540/2975
f 3021/3609/3035 2999/3610/3019 2590/3611/3036
f 3343/3576/2992 2583/3612/3037 2993/3564/2994
f 3355/3613/3001 2582/3608/3034 3010/3521/2954
f 2583/3612/3037 3344/3556/2989 2993/3564/2994
f 3021/3609/3035 2998/3614/3038 3358/3615/3039
f 2985/3571/2997 2994/3554/2987 3344/3556/2989
f 3348/3572/2998 2583/3612/3037 3004/3577/2999
f 2584/3616/3040 3345/3501/2931 2994/3554/2987
f 2986/3617/3041 2995/3618/3042 3345/3501/2931
f 3349/3619/3043 2584/3616/3040 3003/3570/2996
f 3363/3620/3044 2595/3621/3045 3019/3622/3046
f 2585/3623/3047 3346/3517/2949 2995/3618/3042
f 3346/3517/2949 2586/3551/2984 2988/3515/2947
f 3020/3624/3048 2997/3625/3049 3357/3626/3050
f 3356/3627/3051 2588/3628/3052 2996/3629/3053
f 2980/3596/3022 3155/3446/2876 2578/3597/3023
f 3156/3595/3021 3157/3630/3054 3363/3620/3055
f 3347/3581/3056 2579/3602/3028 2990/3587/3013
f 3024/3631/3057 3001/3632/3058 3361/3633/3059
f 2591/3634/3060 3348/3572/2998 3004/3577/2999
f 3000/3635/3061 3003/3570/2996 3348/3572/2998
f 3360/3636/3062 2591/3634/3060 3022/3592/3018
f 3366/3637/3063 2602/3638/3064 3017/3639/3065
f 2592/3640/3066 3349/3619/3043 3003/3570/2996
f 3001/3632/3058 3005/3641/3067 3349/3619/3043
f 3023/3642/3068 3001/3632/3058 2592/3640/3066
f 3040/3643/3069 3013/3644/3070 3370/3645/3071
f 3350/3550/2983 2585/3623/3047 3005/3641/3067
f 3034/3646/3072 3014/3647/3073 3371/3648/3074
f 3002/3549/2982 3005/3641/3067 2593/3649/3075
f 3002/3549/2982 3006/3650/3076 3350/3550/2983
f 3023/3642/3068 3000/3635/3061 3360/3636/3062
f 2587/3651/3077 3351/3652/3078 3156/3595/3079
f 3157/3630/3054 3158/3583/3009 3367/3653/3080
f 3159/3584/3010 3160/3654/3081 3382/3655/3082
f 3363/3620/3083 2587/3651/3084 3156/3595/3085
f 2996/3629/3053 3007/3605/3031 2587/3651/3077
f 3048/3656/3086 3027/3657/3087 3372/3658/3088
f 3352/3659/3089 2588/3628/3052 3008/3606/3032
f 3019/3622/3046 2996/3629/3053 2587/3651/3077
f 2588/3628/3052 3353/3600/3026 3008/3606/3032
f 2997/3625/3049 3009/3598/3024 3353/3600/3026
f 3357/3626/3050 2588/3628/3052 3018/3660/3090
f 2589/3661/3091 3354/3523/2956 3009/3598/3024
f 2998/3614/3038 3010/3521/2954 3354/3523/2956
f 3358/3615/3039 2589/3661/3091 3020/3624/3048
f 3051/3662/3092 3029/3663/3093 3374/3664/3094
f 2590/3611/3036 3355/3613/3001 3010/3521/2954
f 2999/3593/3019 3004/3577/2999 3355/3579/3001
f 3377/3665/3095 2610/3666/3096 3032/3667/3097
f 3369/3668/3098 2597/3669/3099 3012/3670/3100
f 3011/3671/3101 3019/3622/3046 2595/3621/3045
f 3356/3627/3051 2596/3672/3102 3018/3660/3090
f 3037/3673/3103 3011/3671/3101 2595/3621/3045
f 3050/3674/3104 3028/3675/3105 3373/3676/3106
f 2596/3672/3102 3357/3626/3050 3018/3660/3090
f 3012/3670/3100 3020/3624/3048 3357/3626/3050
f 3369/3668/3098 2596/3672/3102 3038/3677/3107
f 3013/3644/3070 3020/3624/3048 2597/3669/3099
f 3358/3615/3039 2598/3678/3108 3021/3609/3035
f 3370/3645/3071 2597/3669/3099 3039/3679/3109
f 2598/3678/3108 3359/3680/3020 3021/3609/3035
f 3374/3681/3094 2606/3682/3110 3050/3674/3104
f 3014/3647/3073 3022/3592/3018 3359/3594/3020
f 3371/3683/3074 2598/3678/3108 3040/3643/3069
f 3015/3590/3016 3022/3592/3018 2599/3684/3111
f 3360/3636/3062 2600/3685/3112 3023/3642/3068
f 3364/3591/3017 2599/3684/3111 3034/3646/3072
f 2600/3685/3112 3361/3633/3059 3023/3642/3068
f 3361/3633/3059 2601/3686/3113 3024/3631/3057
f 3033/3589/3015 3016/3687/3114 2600/3685/3112
f 2601/3686/3113 3362/3547/2980 3024/3631/3057
f 3017/3639/3065 3025/3688/3115 3362/3547/2980
f 3368/3689/3116 2596/3672/3102 3011/3671/3101
f 3379/3690/3117 2604/3691/3118 3026/3692/3119
f 3063/3693/3120 3046/3694/3121 3380/3695/3122
f 3160/3654/3081 3161/3696/3123 3393/3697/3124
f 3410/3698/3125 2636/3699/3126 3086/3700/3127
f 3053/3701/3128 3031/3702/3129 3376/3703/3130
f 2607/3704/3131 3364/3591/3017 3034/3646/3072
f 3364/3591/3017 2608/3705/3132 3033/3589/3015
f 3375/3706/3133 2607/3704/3131 3051/3662/3092
f 3065/3707/3134 3047/3708/3135 3381/3709/3136
f 2608/3705/3132 3365/3710/3137 3033/3589/3015
f 3392/3711/3138 2626/3712/3139 3062/3713/3140
f 3031/3702/3129 3035/3714/3141 3365/3710/3137
f 3376/3703/3130 2608/3705/3132 3052/3715/3142
f 3064/3716/3143 3045/3717/3144 3387/3718/3145
f 3032/3667/3097 3035/3714/3141 2609/3719/3146
f 3032/3667/3097 3036/3720/3147 3366/3637/3063
f 3052/3715/3142 3030/3721/3148 3375/3706/3133
f 3383/3722/3149 2612/3723/3150 3041/3724/3151
f 3386/3725/3152 2615/3726/3153 3044/3727/3154
f 3367/3653/3155 2595/3621/3156 3157/3630/3157
f 2603/3728/3158 3367/3653/3159 3158/3583/3160
f 3161/3696/3123 3162/3729/3161 3397/3730/3162
f 3026/3692/3119 3037/3673/3103 2603/3728/3158
f 3066/3731/3163 3041/3724/3151 2611/3732/3164
f 3368/3689/3116 2604/3691/3118 3038/3677/3107
f 3055/3733/3165 3026/3692/3119 2603/3728/3158
f 3027/3657/3087 3038/3677/3107 2604/3691/3118
f 3027/3657/3087 3039/3679/3109 3369/3668/3098
f 3372/3658/3088 2604/3691/3118 3049/3734/3166
f 2605/3735/3167 3370/3645/3071 3039/3679/3109
f 3028/3675/3105 3040/3643/3069 3370/3645/3071
f 3373/3676/3106 2605/3735/3167 3048/3656/3086
f 3390/3736/3168 2624/3737/3169 3060/3738/3170
f 3029/3739/3093 3040/3643/3069 2606/3682/3110
f 3029/3663/3093 3034/3646/3072 3371/3648/3074
f 3394/3740/3171 2620/3741/3172 3056/3742/3173
f 3069/3743/3174 3043/3744/3175 3385/3745/3176
f 2612/3723/3150 3372/3658/3088 3049/3734/3166
f 3042/3746/3177 3048/3656/3086 3372/3658/3088
f 3384/3747/3178 2612/3723/3150 3067/3748/3179
f 3043/3744/3175 3048/3656/3086 2613/3749/3180
f 3043/3744/3175 3050/3674/3104 3373/3676/3106
f 3385/3745/3176 2613/3749/3180 3068/3750/3181
f 2614/3751/3182 3374/3681/3094 3050/3674/3104
f 3044/3727/3154 3051/3662/3092 3374/3664/3094
f 3386/3752/3152 2614/3751/3182 3069/3743/3174
f 2615/3726/3153 3375/3706/3133 3051/3662/3092
f 3390/3736/3168 2623/3753/3183 3080/3754/3184
f 3045/3717/3144 3052/3715/3142 3375/3706/3133
f 3387/3718/3145 2615/3726/3153 3070/3755/3185
f 2616/3756/3186 3376/3703/3130 3052/3715/3142
f 3046/3694/3121 3053/3701/3128 3376/3703/3130
f 3064/3716/3143 3046/3694/3121 2616/3756/3186
f 2617/3757/3187 3377/3665/3095 3053/3701/3128
f 2618/3758/3188 3377/3665/3095 3047/3708/3135
f 3068/3750/3181 3042/3746/3177 3384/3747/3178
f 3378/3585/3189 2603/3728/3190 3158/3583/3191
f 3094/3759/3192 3076/3760/3193 3403/3761/3194
f 2611/3732/3164 3378/3585/3195 3159/3584/3196
f 3395/3762/3197 2621/3763/3198 3057/3764/3199
f 3162/3729/3200 3163/3765/3200 3409/3766/3201
f 3078/3767/3202 3058/3768/3203 3388/3769/3204
f 3041/3724/3151 3055/3733/3205 2611/3732/3164
f 3379/3690/3117 2612/3723/3150 3049/3734/3166
f 3392/3711/3138 2625/3770/3206 3082/3771/3207
f 3425/2873/2260 2652/3772/3208 3116/3773/3209
f 2624/3737/3169 3380/3695/3122 3064/3716/3143
f 3061/3774/3210 3063/3693/3120 3380/3695/3122
f 3391/3775/3211 2624/3737/3169 3081/3776/3212
f 3080/3777/3184 3059/3778/3213 3389/3779/3214
f 2625/3770/3206 3381/3709/3136 3063/3693/3120
f 3062/3713/3140 3065/3707/3134 3381/3709/3136
f 3391/3775/3211 2625/3770/3206 3061/3774/3210
f 3100/3780/3215 3075/3781/3216 3402/3782/3217
f 3382/3655/3218 2611/3732/3219 3159/3584/3220
f 2619/3783/3221 3382/3655/3222 3160/3654/3223
f 3163/3765/3224 3164/2942/3224 3413/3784/3225
f 3056/3742/3173 3066/3731/3226 2619/3783/3221
f 3383/3722/3149 2620/3741/3172 3067/3748/3179
f 3084/3785/3227 3056/3742/3173 2619/3783/3221
f 2620/3741/3172 3384/3747/3178 3067/3748/3179
f 3399/3786/3228 2628/3787/3229 3096/3788/3230
f 3057/3764/3199 3068/3750/3181 3384/3747/3178
f 3395/3762/3197 2620/3741/3172 3085/3789/3231
f 2621/3763/3198 3385/3745/3176 3068/3750/3181
f 3385/3745/3176 2622/3790/3232 3069/3743/3174
f 3388/3769/3204 2621/3763/3198 3079/3791/3233
f 3093/3792/3234 3077/3793/3235 3396/3794/3236
f 2622/3790/3232 3386/3752/3152 3069/3743/3174
f 3059/3795/3213 3070/3755/3185 3386/3725/3152
f 3389/3779/3214 2622/3790/3232 3078/3767/3202
f 3112/3796/3237 3091/3797/3238 3407/3798/3239
f 2623/3753/3183 3387/3718/3145 3070/3755/3185
f 3060/3738/3170 3064/3716/3143 3387/3718/3145
f 3401/3799/3240 2631/3800/3241 3074/3801/3242
f 2629/3802/3243 3388/3769/3204 3079/3791/3233
f 3073/3803/3244 3078/3767/3202 3388/3769/3204
f 3400/3804/3245 2629/3802/3243 3097/3805/3246
f 3074/3801/3242 3078/3767/3202 2630/3806/3247
f 3074/3801/3242 3080/3777/3184 3389/3779/3214
f 3401/3799/3240 2630/3806/3247 3098/3807/3248
f 3398/3808/3249 2628/3787/3229 3071/3809/3250
f 2631/3810/3241 3390/3736/3168 3080/3754/3184
f 3075/3781/3216 3081/3776/3212 3390/3736/3168
f 3402/3811/3217 2631/3800/3241 3099/3812/3251
f 3076/3760/3193 3081/3776/3212 2632/3813/3252
f 3076/3760/3193 3082/3771/3207 3391/3775/3211
f 3403/3761/3194 2632/3813/3252 3100/3780/3215
f 3077/3793/3235 3082/3771/3207 2633/3814/3253
f 3077/3793/3235 3083/3815/3254 3392/3711/3138
f 3098/3807/3248 3073/3803/3244 3400/3804/3245
f 3407/3798/3239 2640/3816/3255 3111/3817/3256
f 3393/3697/3257 2619/3783/3258 3160/3654/3259
f 2627/3818/3260 3393/3697/3261 3161/3696/3262
f 3109/3819/3263 3087/3820/3264 3411/3821/3265
f 3408/3822/3266 2642/3823/3267 3092/3824/3268
f 3071/3809/3250 3084/3785/3269 2627/3818/3270
f 3394/3740/3171 2628/3787/3229 3085/3789/3231
f 3095/3825/3271 3071/3809/3250 2627/3818/3270
f 3072/3826/3272 3085/3789/3231 2628/3787/3229
f 3072/3826/3272 3079/3791/3233 3395/3762/3197
f 2641/3827/3273 3396/3828/3236 3094/3829/3192
f 3092/3824/3268 3093/3830/3234 3396/3828/3236
f 3110/3831/3274 3089/3832/3275 3405/3833/3276
f 3397/3730/3277 2627/3818/3278 3161/3696/3279
f 2635/3834/3280 3397/3730/3281 3162/3729/3282
f 3424/2943/3283 2651/3835/3284 3164/2942/3285
f 3111/3817/3256 3090/3836/3286 3406/3837/3287
f 3086/3700/3127 3095/3825/3288 2635/3834/3289
f 3398/3808/3249 2636/3699/3126 3096/3788/3230
f 3114/3838/3290 3086/3700/3127 2635/3834/3289
f 3419/3839/3291 2649/3840/3292 3106/3841/3293
f 2636/3699/3126 3399/3786/3228 3096/3788/3230
f 3126/3842/3294 3102/3843/3295 2644/3844/3296
f 3087/3820/3264 3097/3805/3246 3399/3786/3228
f 3411/3821/3265 2636/3699/3126 3115/3845/3297
f 4920/3846/3298 4903/3847/3299 4445/3848/3300
f 2637/3849/3301 3400/3804/3245 3097/3805/3246
f 3088/3850/3302 3098/3807/3248 3400/3804/3245
f 3109/3819/3263 3088/3850/3302 2637/3849/3301
f 3412/3851/3303 2650/3852/3304 3107/3853/3305
f 2638/3854/3306 3401/3799/3240 3098/3807/3248
f 3089/3832/3275 3099/3812/3251 3401/3799/3240
f 3405/3833/3276 2638/3854/3306 3108/3855/3307
f 2639/3856/3308 3402/3811/3217 3099/3812/3251
f 3090/3836/3286 3100/3857/3215 3402/3858/3217
f 3406/3859/3287 2639/3856/3308 3110/3831/3274
f 3168/2851/2239 3121/3860/3309 3422/2856/2244
f 4859/3861/3310 4843/3862/3311 4413/3863/3312
f 2640/3816/3255 3403/3864/3194 3100/3857/3215
f 3403/3864/3194 2641/3827/3273 3094/3829/3192
f 3130/3865/3313 3105/3866/3314 3418/3867/3315
f 5173/3868/3316 4405/3869/3317 4849/3870/3318
f 3129/3871/3319 3104/3872/3320 3417/3873/3321
f 2645/3874/3322 3404/3875/3323 3109/3819/3263
f 3103/3876/3324 3108/3855/3307 3404/3875/3323
f 3416/3877/3325 2645/3874/3322 3127/3878/3326
f 4831/3879/3327 4813/3880/3328 4397/3881/3329
f 4890/3882/3330 4873/3883/3331 4429/3884/3332
f 2646/3885/3333 3405/3833/3276 3108/3855/3307
f 3104/3872/3320 3110/3831/3274 3405/3833/3276
f 3417/3873/3321 2646/3885/3333 3128/3886/3334
f 5147/3887/3335 4375/3888/3336 4776/3889/3337
f 4831/3879/3327 4812/3890/3338 5161/3891/3339
f 5158/3892/3340 4389/3893/3341 4820/3894/3342
f 3414/3895/3343 2644/3844/3296 3101/3896/3344
f 2647/3897/3345 3406/3837/3287 3110/3898/3274
f 3137/2864/3346 3138/2895/2286 3201/3000/3347
f 3105/3866/3314 3111/3817/3256 3406/3837/3287
f 3418/3867/3315 2647/3897/3345 3129/3899/3319
f 5145/3900/3348 4381/3901/3349 4782/3902/3350
f 2648/3903/3351 3407/3798/3239 3111/3817/3256
f 3106/3841/3293 3112/3796/3237 3407/3798/3239
f 3419/3839/3291 2648/3903/3351 3130/3865/3313
f 5142/3904/3352 4372/3905/3353 4791/3906/3354
f 3167/2872/2259 3120/3907/3355 3421/2845/2233
f 3108/3855/3307 3088/3850/3302 3404/3875/3323
f 3107/3853/3305 3112/3796/3237 2649/3840/3292
f 3107/3853/3305 3113/3908/3356 3408/3822/3266
f 3128/3886/3334 3103/3876/3324 3416/3877/3325
f 3422/2856/2244 2656/3909/3357 3167/2872/2259
f 5136/3910/3358 4367/3911/3359 4761/3912/3360
f 3409/3766/3361 2635/3834/3362 3162/3729/3363
f 4964/3913/3364 4918/3914/3365 4453/3915/3366
f 2643/3916/3367 3409/3766/3368 3163/3765/3369
f 3171/3917/3370 3117/3918/3371 3426/2914/2307
f 4760/3919/3372 4737/3920/3373 4356/3921/3374
f 3427/3922/3375 2405/2814/2203 2662/2805/2194
f 3423/2853/2241 2658/3923/3376 3122/3924/3377
f 3101/3896/3344 3114/3838/3378 2643/3916/3379
f 3410/3698/3125 2644/3844/3296 3115/3845/3297
f 3125/3925/3380 3101/3896/3344 2643/3916/3379
f 5121/3926/3381 4351/3927/3382 4731/3928/3383
f 2644/3844/3296 3411/3821/3265 3115/3845/3297
f 4893/3929/3384 4868/3930/3385 5195/3931/3386
f 3102/3843/3295 3109/3819/3263 3411/3821/3265
f 2657/3932/3387 3412/3851/3303 3124/3933/3388
f 3122/3924/3377 3123/3934/3389 3412/3851/3303
f 3165/3935/2232 3119/3936/3390 3420/2832/2220
f 4962/3937/3391 4458/3938/3392 4202/3939/3393
f 3413/3784/3394 2643/3916/3395 3163/3765/3396
f 2651/3835/3397 3413/3784/3398 3164/2942/3399
f 5089/3940/3400 4324/3941/3401 4693/3942/3402
f 3116/3773/3209 3125/3925/3403 2651/3835/3404
f 3414/3895/3343 2652/3772/3208 3126/3842/3294
f 3169/2905/3405 3116/3773/3209 2651/3835/3404
f 5223/3943/3406 4201/3944/3407 4458/3938/3392
f 5073/3945/3408 4308/3946/3409 4663/3947/3410
f 5104/3948/3411 4340/3949/3412 4724/3950/3413
f 5216/3951/3414 4203/3952/3415 4961/3953/3416
f 2652/3772/3208 3415/3954/3417 3126/3842/3294
f 3424/2943/3418 2403/2884/3419 3169/2905/3420
f 3117/3918/3371 3127/3878/3326 3415/3954/3417
f 3426/2914/2307 2652/3772/3208 3170/2875/2262
f 4653/3955/3421 4632/3956/3422 4300/3957/3423
f 2653/3958/3424 3416/3877/3325 3127/3878/3326
f 3118/3959/3425 3128/3886/3334 3416/3877/3325
f 3171/3917/3370 3118/3959/3425 2653/3958/3424
f 5058/3960/3426 4292/3961/3427 4635/3962/3428
f 3133/2852/2240 3131/3963/3429 3423/2853/2241
f 2654/3964/3430 3417/3873/3321 3128/3886/3334
f 3417/3873/3321 2655/3965/3431 3129/3871/3319
f 3420/2832/2220 2654/3964/3430 3166/3966/3432
f 3426/2914/2307 2405/2814/2203 3171/3917/3370
f 4635/3962/3428 4616/3967/3433 5057/3968/3434
f 5054/3969/3435 4284/3970/3436 4624/3971/3437
f 5148/3972/3438 4376/3973/3439 4777/3974/3440
f 5115/3975/3441 4348/3976/3442 4741/3977/3443
f 2655/3978/3431 3418/3867/3315 3129/3899/3319
f 4532/3979/3444 4507/3980/3445 5003/3981/3446
f 3120/3907/3355 3130/3865/3313 3418/3867/3315
f 3165/2844/2232 3120/3907/3355 2655/3978/3431
f 5044/3982/3447 4271/3983/3448 4581/3984/3449
f 2656/3909/3357 3419/3839/3291 3130/3865/3313
f 3121/3860/3309 3124/3933/3388 3419/3839/3291
f 4727/3985/3450 4702/3986/3451 5107/3987/3452
f 5038/3988/3453 4268/3989/3454 4595/3990/3455
f 5032/3991/3456 4263/3992/3457 4566/3993/3458
f 5016/3994/3459 4252/3995/3460 4559/3996/3461
f 4605/3997/3462 4586/3998/3463 5041/3999/3464
f 5000/4000/3465 4236/4001/3466 4529/4002/3467
f 3166/3966/3432 3118/3959/3425 3427/3922/3375
f 4562/4003/3468 4537/4004/3469 5019/4005/3470
f 4985/4006/3471 4220/4007/3472 4498/4008/3473
f 4488/4009/3474 4467/4010/3475 4980/4011/3476
f 4485/4012/3477 4464/4013/3478 4977/4014/3479
f 2736/2989/2392 2711/3011/2419 3207/2969/2374
f 4505/4015/3480 4479/4016/3481 4990/4017/3482
f 3165/2844/2232 2663/4018/2219 2407/2827/2216
f 4923/4019/3483 4898/4020/3484 5211/4021/3485
f 4483/4022/3486 4463/4023/3487 4976/2816/2205
f 4576/4024/3488 4557/4025/3489 4260/4026/3490
f 3430/4027/3491 3438/4028/3492 3431/4029/3492
f 3436/4030/3493 3443/4031/3494 3444/4032/3493
f 3680/4033/3495 3431/4029/3496 3432/4034/3495
f 3432/4034/3497 3438/4028/3492 3439/4035/3497
f 3680/4036/3495 3433/4037/3498 3681/4038/3498
f 3433/4037/3499 3439/4039/3497 3440/4040/3499
f 3444/4032/3500 3451/4041/3501 3452/4042/3500
f 3437/4043/3502 3444/4032/3493 3445/4044/3502
f 3682/4045/3503 3433/4037/3498 3434/4046/3503
f 3464/4047/3504 3471/4048/3505 3472/4049/3504
f 3434/4046/3506 3440/4040/3499 3441/4050/3506
f 3603/4051/3507 3443/4031/3507 3435/4052/3507
f 3442/4053/3508 3449/4054/3509 3450/4055/3510
f 3441/4050/3506 3684/4056/3511 3434/4046/3506
f 3446/4057/3512 3437/4043/3502 3445/4044/3502
f 3520/4058/3513 3511/4059/3514 3519/4060/3514
f 3447/4061/3515 3454/4062/3516 3455/4063/3515
f 3463/4064/3517 3454/4062/3518 3462/4065/3518
f 3428/4066/3519 3436/4030/3520 3429/4067/3520
f 3454/4062/3518 3461/4068/3521 3462/4065/3518
f 3678/4069/3522 3429/4067/3523 3430/4027/3522
f 3430/4027/3491 3436/4030/3520 3437/4043/3491
f 3447/4061/3524 3438/4028/3512 3446/4057/3512
f 3453/4070/3525 3444/4032/3500 3452/4042/3500
f 3453/4070/3521 3460/4071/3526 3461/4068/3521
f 3470/4072/3527 3477/4073/3528 3478/4074/3527
f 3450/4055/3529 3457/4075/3530 3458/4076/3529
f 3493/4077/3531 3500/4078/3532 3501/4079/3531
f 3470/4072/3533 3461/4068/3534 3469/4080/3534
f 3465/4081/3535 3456/4082/3536 3464/4047/3536
f 3473/4083/3537 3464/4047/3504 3472/4049/3504
f 3603/4051/3538 3459/4084/3538 3451/4041/3538
f 3458/4085/3539 3465/4081/3535 3466/4086/3539
f 3469/4080/3528 3476/4087/3540 3477/4073/3528
f 3460/4071/3526 3451/4041/3541 3459/4084/3541
f 3471/4088/3505 3462/4065/3542 3470/4072/3533
f 3456/4082/3536 3463/4089/3517 3464/4047/3536
f 3471/4048/1521 3478/4090/3527 3479/4091/1521
f 3486/4092/3543 3493/4077/3544 3494/4093/3543
f 3474/4094/3545 3465/4081/3537 3473/4083/3537
f 3478/4074/3546 3485/4095/3547 3486/4092/3546
f 3468/4096/3548 3459/4084/3549 3467/4097/3549
f 3488/4098/3550 3479/4091/3551 3487/4099/3551
f 3603/4051/3552 3467/4097/3552 3459/4084/3552
f 3469/4080/3534 3460/4071/3553 3468/4096/3553
f 3482/4100/3554 3473/4083/3555 3481/4101/3555
f 3493/4077/3544 3484/4102/3556 3492/4103/3556
f 3476/4087/3557 3467/4097/3557 3475/4104/3557
f 3508/4105/3558 3499/4106/3559 3507/4107/3559
f 3479/4091/3551 3486/4108/3546 3487/4099/3551
f 3473/4083/3555 3480/4109/1520 3481/4101/3555
f 3603/4051/3560 3475/4104/3561 3467/4097/3562
f 3487/4099/3563 3494/4110/3543 3495/4111/3563
f 3502/4112/3564 3509/4113/3565 3510/4114/2065
f 3490/4115/3566 3481/4101/3567 3489/4116/3567
f 3481/4101/3567 3488/4098/3550 3489/4116/3567
f 3495/4111/3568 3502/4117/3569 3503/4118/3568
f 3476/4087/3570 3483/4119/3570 3484/4102/3570
f 3603/4051/3560 3483/4119/3571 3475/4104/3561
f 3477/4073/3547 3484/4102/3572 3485/4095/3547
f 3498/4120/3573 3489/4116/3574 3497/4121/3574
f 3536/4122/3575 3527/4123/3576 3535/4124/3576
f 3492/4103/3556 3483/4119/3577 3491/4125/3577
f 3512/4126/3578 3503/4118/2064 3511/4059/2064
f 3510/4114/3579 3517/4127/3580 3518/4128/3579
f 3505/4129/3581 3512/4126/3578 3513/4130/3581
f 3504/4131/3582 3495/4111/3568 3503/4118/3568
f 3489/4116/3574 3496/4132/3583 3497/4121/3574
f 3521/4133/3584 3512/4126/3513 3520/4058/3513
f 3603/4051/3560 3491/4125/3585 3483/4119/3571
f 3518/4128/3586 3525/4134/3587 3526/4135/3586
f 3506/4136/3588 3497/4121/3589 3505/4129/3590
f 3497/4121/3589 3504/4131/3582 3505/4129/3590
f 3603/4051/3560 3499/4106/3591 3491/4125/3585
f 3581/4137/3592 3588/4138/3593 3589/4139/3592
f 3492/4103/3594 3499/4106/3595 3500/4078/3532
f 3520/4140/3596 3527/4123/3597 3528/4141/3596
f 3501/4079/3565 3508/4105/3558 3509/4113/3565
f 3502/4112/3569 3493/4077/3531 3501/4079/3531
f 3603/4051/3560 3515/4142/3598 3507/4107/3599
f 3529/4143/3600 3520/4140/3596 3528/4141/3596
f 3526/4135/3601 3533/4144/3602 3534/4145/3601
f 3603/4051/3560 3507/4107/3599 3499/4106/3591
f 3514/4146/3603 3505/4129/3581 3513/4130/3581
f 3517/4127/3580 3508/4105/3604 3516/4147/3604
f 3527/4148/3597 3518/4128/3586 3526/4135/3586
f 3529/4143/3605 3536/4122/3575 3537/4149/3606
f 3522/4150/3607 3513/4130/3584 3521/4133/3584
f 3508/4105/3604 3515/4142/3608 3516/4147/3604
f 3536/4122/3609 3543/4151/3610 3544/4152/3609
f 3525/4134/3587 3516/4147/1997 3524/4153/1997
f 3519/4060/3514 3510/4154/3579 3518/4155/3579
f 3549/4156/3611 3540/4157/3612 3548/4158/3612
f 3545/4159/3613 3536/4122/3609 3544/4152/3609
f 3550/4160/3614 3541/4161/3611 3549/4156/3611
f 3603/4051/3560 3523/4162/3615 3515/4142/3598
f 3522/4163/3616 3529/4143/3600 3530/4164/3616
f 3525/4134/3602 3532/4165/3617 3533/4144/3602
f 3541/4161/3618 3532/4165/3619 3540/4157/3619
f 3543/4151/3610 3534/4166/3620 3542/4167/3621
f 3556/4168/3622 3547/4169/3623 3555/4170/3624
f 3603/4051/3560 3531/4171/1929 3523/4162/3615
f 3538/4172/3625 3529/4143/3605 3537/4149/3606
f 3551/4173/3626 3542/4167/3614 3550/4174/3614
f 3603/4051/3560 3539/4175/1930 3531/4171/1929
f 3524/4153/3617 3531/4171/3627 3532/4165/3617
f 3542/4176/3621 3533/4144/3618 3541/4161/3618
f 3535/4124/3576 3526/4177/3601 3534/4166/3601
f 3551/4173/3628 3558/4178/3629 3559/4179/3628
f 3558/4180/3630 3565/4181/3631 3566/4182/3630
f 3546/4183/3632 3537/4149/3613 3545/4159/3613
f 3557/4184/3633 3548/4158/3622 3556/4168/3622
f 3553/4185/3634 3544/4152/3635 3552/4186/3635
f 3560/4187/3636 3551/4173/3628 3559/4179/3628
f 3553/4185/3637 3560/4187/3636 3561/4188/3637
f 3603/4051/3560 3547/4169/3623 3539/4175/1930
f 3554/4189/3638 3545/4159/3634 3553/4185/3634
f 3557/4184/3631 3564/4190/3639 3565/4181/3631
f 3567/4191/3640 3558/4178/3630 3566/4192/3630
f 3603/4051/3560 3555/4170/3624 3547/4169/3623
f 3548/4158/3612 3539/4175/1930 3547/4169/3623
f 3550/4160/3629 3557/4184/3633 3558/4180/3629
f 3552/4186/3635 3543/4151/3626 3551/4173/3626
f 3582/4193/3641 3573/4194/3642 3581/4137/3642
f 3562/4195/3643 3553/4185/3637 3561/4188/3637
f 3603/4051/3560 3587/4196/3644 3579/4197/3645
f 3566/4182/3646 3573/4194/3647 3574/4198/3646
f 3561/4188/3648 3568/4199/3649 3569/4200/3648
f 3576/4201/3650 3567/4191/3651 3575/4202/3651
f 3577/4203/3652 3568/4199/3650 3576/4201/3650
f 3603/4051/3560 3563/4204/3653 3555/4170/3624
f 3570/4205/3654 3561/4188/3648 3569/4200/3648
f 3581/4137/3642 3572/4206/3655 3580/4207/3655
f 3556/4168/3639 3563/4204/3653 3564/4190/3639
f 3606/4208/3656 3596/4209/3657 3605/4210/3657
f 3567/4191/3651 3574/4211/3646 3575/4202/3651
f 3568/4199/3649 3559/4179/3640 3567/4191/3640
f 3575/4212/3658 3582/4193/3641 3583/4213/3658
f 3590/4214/3659 3597/4215/3660 3598/4216/3659
f 3578/4217/3661 3569/4200/3652 3577/4203/3652
f 3641/4218/3662 3632/4219/3663 3640/4220/3663
f 3583/4213/3664 3590/4214/3665 3591/4221/3664
f 3564/4190/3666 3571/4222/3667 3572/4206/3666
f 3603/4051/3560 3571/4222/3667 3563/4204/3653
f 3565/4181/3647 3572/4206/3666 3573/4194/3647
f 3578/4217/3668 3585/4223/3669 3586/4224/3668
f 3589/4139/3660 3596/4209/3670 3597/4215/3660
f 3580/4207/3655 3571/4222/3667 3579/4197/3645
f 3592/4225/3671 3599/4226/3672 3600/4227/3671
f 3605/4210/3673 3612/4228/3674 3613/4229/3673
f 3593/4230/3675 3600/4227/3671 3601/4231/3676
f 3584/4232/3677 3591/4233/3664 3592/4225/3677
f 3585/4223/3669 3576/4201/3678 3584/4234/3678
f 3603/4051/3560 3579/4197/3645 3571/4222/3667
f 3615/4235/3679 3606/4208/3680 3614/4236/3680
f 3586/4237/3681 3593/4230/3682 3594/4238/3681
f 3585/4239/3683 3592/4225/3677 3593/4230/3682
f 3599/4226/3684 3607/4240/3685 3608/4241/3684
f 3588/4138/3593 3579/4197/3686 3587/4196/3686
f 3610/4242/3687 3600/4227/3688 3609/4243/3688
f 3590/4214/3665 3581/4137/3592 3589/4139/3592
f 3588/4138/3670 3595/4244/3689 3596/4209/3670
f 3609/4243/3690 3616/4245/3691 3617/4246/3690
f 3614/4236/3692 3621/4247/3693 3622/4248/3692
f 3618/4249/3694 3609/4243/3690 3617/4246/3690
f 3609/4243/3688 3599/4226/3684 3608/4241/3684
f 3603/4051/3560 3595/4244/3695 3587/4196/3644
f 3594/4238/3696 3601/4231/3676 3602/4250/3696
f 3626/4251/3697 3617/4246/3698 3625/4252/3698
f 3631/4253/3699 3622/4248/3700 3630/4254/3700
f 3602/4250/3701 3610/4242/3687 3611/4255/3701
f 3604/4256/3702 3595/4244/3695 3603/4051/3560
f 3596/4209/3657 3604/4256/3703 3605/4210/3657
f 3606/4208/3680 3613/4229/3673 3614/4236/3680
f 3607/4257/3685 3597/4215/3656 3606/4208/3656
f 3603/4051/3560 3620/4258/3704 3612/4228/3705
f 3639/4259/3706 3630/4254/3707 3638/4260/3707
f 3634/4261/3708 3625/4252/3709 3633/4262/3709
f 3603/4051/3560 3612/4228/3705 3604/4256/3702
f 3611/4255/3710 3618/4249/3694 3619/4263/3710
f 3621/4247/3693 3612/4228/3711 3620/4258/3711
f 3625/4252/3709 3632/4219/3712 3633/4262/3709
f 3624/4264/3713 3631/4265/3699 3632/4219/3712
f 3625/4252/3698 3616/4245/3714 3624/4264/3714
f 3623/4266/3715 3614/4236/3692 3622/4248/3692
f 3642/4267/3716 3633/4262/3662 3641/4218/3662
f 3619/4263/3717 3626/4251/3697 3627/4268/3717
f 3641/4218/3718 3648/4269/3719 3649/4270/3718
f 3622/4248/3700 3629/4271/3720 3630/4254/3700
f 3616/4245/3714 3623/4272/3715 3624/4264/3714
f 3654/4273/3721 3645/4274/3722 3653/4275/3722
f 3650/4276/3723 3641/4218/3718 3649/4270/3718
f 3647/4277/3724 3654/4273/3721 3655/4278/3724
f 3603/4051/3560 3628/4279/3725 3620/4258/3704
f 3627/4268/3726 3634/4261/3708 3635/4280/3726
f 3630/4254/3707 3637/4281/3727 3638/4260/3707
f 3638/4260/3728 3645/4274/3729 3646/4282/3728
f 3640/4283/3730 3647/4277/3731 3648/4284/3719
f 3603/4051/3560 3636/4285/3732 3628/4279/3725
f 3635/4280/3733 3642/4267/3716 3643/4286/3733
f 3656/4287/3734 3647/4277/3724 3655/4278/3724
f 3603/4051/3560 3644/4288/3735 3636/4285/3732
f 3629/4271/3736 3636/4285/3736 3637/4281/3736
f 3647/4277/3731 3638/4260/3728 3646/4282/3728
f 3640/4283/3663 3631/4253/3706 3639/4259/3706
f 3663/4289/3737 3670/4290/3738 3671/4291/3737
f 3643/4286/3739 3650/4276/3723 3651/4292/3739
f 3655/4278/3740 3662/4293/3741 3663/4289/3740
f 3658/4294/3742 3649/4295/3743 3657/4296/3743
f 3657/4296/3744 3664/4297/3745 3665/4298/3744
f 3666/4299/3746 3657/4296/3744 3665/4298/3744
f 3603/4051/3747 3652/4300/3747 3644/4288/3747
f 3651/4301/3748 3658/4294/3742 3659/4302/3748
f 3670/4290/3738 3661/4303/3749 3669/4304/3749
f 3653/4275/3750 3644/4288/3750 3652/4300/3751
f 3656/4287/3745 3663/4289/3740 3664/4305/3745
f 3649/4295/3743 3656/4306/3734 3657/4296/3743
f 3449/4054/3509 3440/4040/3752 3448/4307/3752
f 3664/4305/3753 3671/4291/3737 3672/4308/3753
f 3659/4302/3754 3666/4299/3746 3667/4309/3754
f 3679/4310/3755 3670/4290/3756 3678/4069/3756
f 3653/4275/3757 3660/4311/3758 3661/4303/3757
f 3673/4312/3759 3680/4036/3760 3681/4038/3759
f 3603/4051/3761 3660/4311/3761 3652/4300/3761
f 3654/4273/3741 3661/4303/3757 3662/4293/3741
f 3667/4309/3762 3674/4313/3763 3675/4314/3762
f 3669/4304/3749 3660/4311/3764 3668/4315/3764
f 3672/4308/3760 3679/4310/3755 3680/4033/3760
f 3674/4313/3763 3665/4298/3765 3673/4312/3765
f 3603/4051/3766 3668/4315/3766 3660/4311/3766
f 3675/4314/3767 3682/4045/3768 3683/4316/3767
f 3674/4313/3768 3681/4038/3759 3682/4045/3768
f 3669/4304/3769 3676/4317/3770 3677/4318/3769
f 3603/4051/3771 3676/4317/3771 3668/4315/3771
f 3670/4290/3756 3677/4318/3769 3678/4069/3756
f 3434/4046/3503 3683/4316/3772 3682/4045/3503
f 3678/4069/3522 3431/4029/3496 3679/4310/3496
f 3448/4307/3752 3439/4039/3524 3447/4319/3524
f 3446/4057/3516 3453/4070/3525 3454/4062/3516
f 3676/4317/3773 3429/4067/3523 3677/4318/3523
f 3428/4066/3774 3676/4317/3774 3603/4051/3774
f 3673/4312/3765 3664/4297/3753 3672/4320/3753
f 3576/4201/3678 3583/4321/3658 3584/4234/3678
f 3488/4098/3583 3495/4111/3563 3496/4132/3583
f 3449/4054/3530 3456/4322/3775 3457/4075/3530
f 3448/4307/3775 3455/4323/3515 3456/4322/3775
f 3688/2781/1606 3694/4324/2027 3695/2766/1604
f 3693/4325/3776 3700/2803/3777 3701/4326/3778
f 3936/4327/2172 3689/4328/3779 3937/4329/3780
f 3689/4328/1605 3695/4330/1604 3696/4331/3781
f 3937/4329/3780 3690/4332/3782 3938/4333/3783
f 3690/4332/2011 3696/4331/3781 3697/2772/2009
f 3701/4326/3784 3708/2802/3785 3709/4334/3786
f 3694/4324/3787 3701/4326/3778 3702/2767/2157
f 3938/4333/3783 3691/4335/3788 3939/4336/3789
f 3721/4337/3790 3728/4338/3791 3729/2475/3792
f 3691/4335/2010 3697/2772/2009 3698/2478/3793
f 3860/2800/3794 3700/2803/3794 3692/2801/3794
f 3699/4339/3795 3706/2480/2077 3707/4340/3795
f 3698/2478/3793 3941/4341/3796 3691/4335/2010
f 2163/2464/2015 2156/4342/3797 2164/2489/2030
f 3777/4343/3798 3768/2791/3799 3776/4344/3800
f 3704/4345/3801 3711/2784/2175 3712/4346/2193
f 3712/4346/3802 3719/4347/3803 3720/4348/3804
f 3686/4349/3805 3692/2801/3806 3693/4325/3807
f 3711/2784/3808 3718/4350/3809 3719/4347/3803
f 3934/4351/3810 3687/4352/3811 3935/2780/2170
f 3687/4352/2028 3693/4325/3807 3694/4324/2027
f 3696/4331/3812 3703/4353/2158 3704/2773/2163
f 3702/2767/3813 3709/4334/3786 3710/2783/2174
f 3710/2783/3814 3717/4354/3815 3718/4350/3809
f 3727/4355/3816 3734/4356/3817 3735/4357/3818
f 3707/4340/3819 3714/2798/2189 3715/4358/3819
f 3758/4359/3820 3749/4360/2036 3757/4361/2035
f 3719/4347/3821 3726/4362/3822 3727/4355/3823
f 3714/4363/3824 3721/4337/3825 3722/4364/3826
f 3722/4364/3827 3729/2475/3792 3730/4365/3828
f 3860/2800/2060 3716/4366/2060 3708/2802/2060
f 3715/4367/3829 3722/4364/3826 3723/4368/3829
f 3726/4362/3830 3733/4369/3831 3734/4356/3817
f 3709/4334/3832 3716/4366/3833 3717/4354/3815
f 3720/4348/3834 3727/4355/3823 3728/4370/3791
f 3713/4371/3835 3720/4372/3804 3721/4337/3825
f 3728/4338/3836 3735/4373/3818 3736/2476/2073
f 3743/4374/3837 3750/4375/3838 3751/4376/3839
f 3723/4368/3840 3730/4365/3828 3731/4377/3840
f 3735/4357/3841 3742/4378/3842 3743/4374/3843
f 3717/4354/3844 3724/4379/3845 3725/4380/3846
f 3737/2477/3847 3744/4381/3848 3745/2794/3849
f 3860/2800/3850 3724/4379/3850 3716/4366/3850
f 3718/4350/3851 3725/4380/3846 3726/4362/3822
f 3731/4377/3852 3738/4382/3853 3739/4383/3852
f 3742/4378/3854 3749/4360/3855 3750/4375/3838
f 3725/4380/3856 3732/4384/3857 3733/4369/3831
f 3765/4385/3858 3756/4386/3859 3764/4387/3859
f 3736/2476/3860 3743/4388/3843 3744/4381/3848
f 3730/4365/3861 3737/2477/2074 3738/4382/3853
f 3860/2800/3862 3732/4384/3862 3724/4379/3862
f 3744/4381/3863 3751/4389/3839 3752/2795/2185
f 3767/4390/2183 3758/4359/3864 3766/4391/3865
f 3739/4383/3866 3746/4392/3867 3747/4393/3866
f 3738/4382/3868 3745/2794/3849 3746/4392/3867
f 3760/4394/3869 3751/4389/3870 3759/2792/3871
f 3733/4369/3872 3740/4395/3873 3741/4396/3874
f 3860/2800/3875 3740/4395/3875 3732/4384/3875
f 3734/4356/3876 3741/4396/3874 3742/4378/3842
f 3747/4393/3877 3754/4397/3878 3755/4398/3877
f 3793/4399/3879 3784/4400/3880 3792/4401/3881
f 3741/4396/3882 3748/4402/3883 3749/4360/3855
f 3769/4403/3884 3760/4394/3885 3768/2791/2181
f 3775/4404/3886 3766/4391/3887 3774/4405/3888
f 3770/4406/3889 3761/4407/3890 3769/4403/3884
f 3761/4407/3891 3752/2795/3892 3760/4394/3869
f 3746/4392/3893 3753/2796/2186 3754/4397/3878
f 3778/4408/3894 3769/4403/3895 3777/4343/3798
f 3860/2800/3896 3748/4402/3896 3740/4395/3896
f 3783/4409/3897 3774/4405/3898 3782/4410/3899
f 3763/4411/3900 3754/4397/3901 3762/4412/3902
f 3762/4412/3902 3753/2796/3903 3761/4407/3891
f 3860/2800/3904 3756/4386/3904 3748/4402/3904
f 3838/4413/3905 3845/4414/3906 3846/4415/3907
f 3757/4361/2035 3748/4402/2034 3756/4386/2034
f 3785/4416/3908 3776/4417/3909 3784/4400/3910
f 3766/4391/3865 3757/4361/3911 3765/4385/3858
f 3759/4418/3871 3750/4375/3912 3758/4359/3820
f 3860/2800/3913 3772/2789/3913 3764/4387/3913
f 3786/4419/3914 3777/4420/3915 3785/4416/3908
f 3791/4421/3916 3782/4410/3917 3790/4422/3918
f 3860/2800/3919 3764/4387/3919 3756/4386/3919
f 3771/4423/3920 3762/4412/3921 3770/4406/3889
f 3774/4405/3888 3765/4385/3922 3773/4424/3923
f 3784/4425/3910 3775/4404/3924 3783/4409/3897
f 3794/4426/3925 3785/4416/3926 3793/4399/3879
f 3779/4427/3927 3770/4406/3928 3778/4408/3894
f 3773/4424/3923 3764/4387/3929 3772/2789/3929
f 3801/4428/3930 3792/4401/3931 3800/4429/3932
f 3782/4410/3899 3773/4424/3933 3781/2788/2179
f 3776/4430/3800 3767/4390/3934 3775/4404/3886
f 3806/4431/3935 3797/2785/3936 3805/4432/3937
f 3802/4433/3938 3793/4399/3939 3801/4428/3930
f 3807/4434/3940 3798/4435/3941 3806/4431/3935
f 3860/2800/3942 3780/2790/3942 3772/2789/3942
f 3787/4436/3943 3778/4437/3944 3786/4419/3914
f 3790/4422/3918 3781/2788/3945 3789/4438/3946
f 3798/4435/3947 3789/4438/3948 3797/2785/2176
f 3800/4429/3932 3791/4439/3949 3799/4440/3950
f 3813/4441/3951 3804/4442/3952 3812/4443/3952
f 3860/2800/3953 3788/2786/3953 3780/2790/3953
f 3795/4444/3954 3786/4419/3955 3794/4426/3925
f 3808/4445/3956 3799/4440/3957 3807/4446/3940
f 3860/2800/3958 3796/2787/3958 3788/2786/3958
f 3789/4438/3946 3780/2790/3959 3788/2786/3959
f 3799/4447/3950 3790/4422/3960 3798/4435/3947
f 3792/4448/3881 3783/4409/3961 3791/4421/3916
f 3816/4449/3962 3807/4446/3963 3815/4450/3964
f 3815/4451/3965 3822/4452/3966 3823/4453/3967
f 3803/4454/3968 3794/4426/3969 3802/4433/3938
f 3814/4455/3970 3805/4432/3971 3813/4441/3951
f 3810/4456/3972 3801/4428/3973 3809/4457/3974
f 3817/4458/3975 3808/4445/3976 3816/4449/3962
f 3818/4459/3977 3809/4457/3978 3817/4458/3975
f 3860/2800/3979 3804/4442/3979 3796/2787/3979
f 3811/4460/3980 3802/4433/3981 3810/4456/3972
f 3814/4455/3982 3821/4461/3983 3822/4452/3966
f 3816/4449/3984 3823/4462/3967 3824/4463/3985
f 3860/2800/3986 3812/4443/3986 3804/4442/3986
f 3805/4432/3937 3796/2787/3987 3804/4442/3987
f 3815/4451/3964 3806/4431/3988 3814/4455/3970
f 3809/4457/3974 3800/4429/3989 3808/4445/3956
f 3831/4464/3990 3838/4413/3991 3839/4465/3992
f 3819/4466/3993 3810/4456/3994 3818/4459/3977
f 3860/2800/3995 3844/4467/3995 3836/4468/3995
f 3823/4453/3996 3830/4469/3997 3831/4464/3998
f 3818/4459/3999 3825/4470/4000 3826/4471/4001
f 3825/4470/4002 3832/4472/4003 3833/2777/4004
f 3826/4471/4005 3833/2777/4004 3834/4473/4006
f 3860/2800/4007 3820/4474/4007 3812/4443/4007
f 3819/4466/4008 3826/4471/4001 3827/4475/4008
f 3830/4469/4009 3837/4476/4010 3838/4413/3991
f 3813/4441/4011 3820/4474/4012 3821/4461/3983
f 3854/4477/4013 3862/4478/4014 3863/4479/4015
f 3824/4480/4016 3831/4464/3998 3832/4481/4003
f 3817/4458/4017 3824/4463/3985 3825/4470/4000
f 3832/4481/4018 3839/4465/3992 3840/4482/2168
f 3847/4483/4019 3854/4477/4020 3855/2775/2165
f 3827/4475/4021 3834/4473/4006 3835/4484/4021
f 3898/4485/4022 3889/4486/4023 3897/4487/4024
f 3840/4482/4025 3847/4483/4026 3848/2774/4027
f 3821/4461/4028 3828/4488/4029 3829/4489/4030
f 3860/2800/4031 3828/4488/4031 3820/4474/4031
f 3822/4452/4032 3829/4489/4030 3830/4469/3997
f 3835/4484/4033 3842/4490/4034 3843/4491/4033
f 3846/4415/4035 3853/4492/4036 3854/4477/4020
f 3829/4489/4037 3836/4468/4038 3837/4476/4010
f 3849/4493/4039 3856/4494/2166 3857/4495/4040
f 3862/4478/4041 3869/4496/4042 3870/4497/4043
f 3850/4498/4044 3857/4495/4040 3858/4499/4045
f 3841/4500/4046 3848/4501/4027 3849/4493/4047
f 3834/4473/4048 3841/2779/2169 3842/4490/4034
f 3860/2800/2061 3836/4468/2061 3828/4488/2061
f 3864/4502/4049 3871/4503/4050 3872/4504/2160
f 3843/4505/4051 3850/4498/4052 3851/4506/4051
f 3842/4507/4053 3849/4493/4047 3850/4498/4052
f 3856/4494/4054 3864/4508/4055 3865/2769/4056
f 3837/4476/4057 3844/4467/4058 3845/4414/3906
f 3858/4499/4059 3866/4509/4060 3867/4510/4061
f 3839/4465/4062 3846/4415/3907 3847/4483/4026
f 3845/4414/4063 3852/4511/4064 3853/4492/4036
f 3866/4509/4065 3873/2771/2161 3874/4512/4066
f 3871/4503/4067 3878/4513/4068 3879/4514/4069
f 3867/4510/4070 3874/4512/4066 3875/4515/4071
f 3857/4495/4072 3865/2769/4056 3866/4509/4060
f 3860/2800/4073 3852/4511/4073 3844/4467/4073
f 3851/4506/4074 3858/4499/4045 3859/4516/4074
f 3875/4515/4075 3882/4517/4076 3883/4518/4077
f 3888/4519/4078 3879/4514/4079 3887/4520/4080
f 3859/4516/4081 3867/4510/4061 3868/4521/4081
f 3861/4522/4082 3852/4511/4082 3860/2800/4082
f 3853/4492/4083 3861/4522/4084 3862/4478/4014
f 3863/4479/4085 3870/4497/4043 3871/4503/4050
f 3855/2775/4086 3863/4479/4015 3864/4502/4055
f 3860/2800/4087 3877/4523/4087 3869/4496/4087
f 3896/4524/4088 3887/4520/4089 3895/4525/4090
f 3891/4526/4091 3882/4517/4092 3890/4527/4093
f 3860/2800/4094 3869/4496/4094 3861/4522/4094
f 3868/4521/4095 3875/4515/4071 3876/4528/4095
f 3870/4497/4096 3877/4523/4097 3878/4513/4068
f 3890/4527/4093 3881/4529/4098 3889/4486/4099
f 3889/4486/4099 3880/4530/4100 3888/4531/4078
f 3874/4512/4101 3881/4529/4102 3882/4517/4076
f 3872/4504/4103 3879/4514/4069 3880/4532/4104
f 3899/4533/4105 3890/4527/4106 3898/4485/4022
f 3876/4528/4107 3883/4518/4077 3884/4534/4107
f 3906/4535/4108 3897/4487/4109 3905/4536/4110
f 3887/4520/4080 3878/4513/4111 3886/4537/4112
f 3873/2771/4113 3880/4530/4104 3881/4529/4102
f 3911/4538/4114 3902/2762/4115 3910/4539/4116
f 3907/4540/4117 3898/4485/4118 3906/4535/4108
f 3912/4541/4119 3903/4542/4120 3911/4538/4114
f 3860/2800/4121 3885/4543/4121 3877/4523/4121
f 3892/4544/4122 3883/4518/4123 3891/4526/4091
f 3895/4525/4090 3886/4537/4124 3894/4545/4125
f 3903/4542/4126 3894/4545/4127 3902/2762/2151
f 3905/4546/4110 3896/4524/4128 3904/4547/4129
f 3860/2800/4130 3893/2763/4130 3885/4543/4130
f 3900/4548/4131 3891/4526/4132 3899/4533/4105
f 3913/4549/4133 3904/4547/4134 3912/4541/4119
f 3860/2800/4135 3901/2764/4135 3893/2763/4135
f 3894/4545/4125 3885/4543/4136 3893/2763/4136
f 3904/4547/4129 3895/4525/4137 3903/4542/4126
f 3897/4550/4024 3888/4519/4138 3896/4524/4088
f 3928/4551/4139 3919/4552/2049 3927/4553/2048
f 3908/4554/4140 3899/4533/4141 3907/4540/4117
f 3920/4555/4142 3911/4538/4143 3919/4552/4144
f 3915/4556/4145 3906/4557/4146 3914/4558/4147
f 3922/4559/4148 3913/4560/4149 3921/4561/4150
f 3923/4562/4151 3914/4558/4152 3922/4559/4148
f 3860/2800/2062 3909/4563/2062 3901/2764/2062
f 3916/4564/4153 3907/4565/4154 3915/4556/4145
f 3927/4553/2048 3918/4566/2047 3926/4567/4155
f 3910/4539/4116 3901/2764/4156 3909/4563/4156
f 3921/4561/4150 3912/4568/4157 3920/4569/4142
f 3914/4558/4147 3905/4570/4158 3913/4560/4133
f 2397/2760/1576 2150/2458/1583 2149/2460/1574
f 3929/4571/4159 3920/4569/4160 3928/4572/4139
f 3924/4573/4161 3915/4556/4162 3923/4562/4151
f 3936/2782/4163 3927/4553/2057 3935/2780/4164
f 3918/4566/4165 3909/4563/4166 3917/4574/4166
f 3938/4333/2067 3929/4571/2066 3937/4329/4167
f 3860/2800/4168 3917/4574/4168 3909/4563/4168
f 3919/4552/4144 3910/4539/4169 3918/4566/4165
f 3932/4575/4170 3923/4562/4171 3931/4576/4172
f 3926/4567/4155 3917/4574/4173 3925/4577/4173
f 3937/4329/4167 3928/4572/2059 3936/4327/4163
f 3931/4576/4172 3922/4559/4174 3930/4578/4175
f 3860/2800/2052 3925/4577/2052 3917/4574/2052
f 3940/4579/4176 3931/4576/2056 3939/4336/2055
f 3939/4336/2055 3930/4578/2054 3938/4333/2067
f 3934/4351/4177 3925/4577/4178 3933/4580/4178
f 2165/4581/2020 2158/2470/2019 2166/2497/2041
f 3860/2800/4179 3933/4580/4179 3925/4577/4179
f 3935/2780/4164 3926/4567/4180 3934/4351/4177
f 3941/4341/4181 3939/4336/3789 3691/4335/3788
f 2170/2468/2002 2163/2464/1983 2171/2488/1982
f 2396/2755/1575 2149/2455/1574 2148/2457/1625
f 2338/2649/1735 2331/2645/1640 2339/2697/1639
f 2164/4582/2030 2157/2466/2021 2165/4581/2020
f 2399/2761/1588 2152/2469/1599 2151/2465/1587
f 2321/2513/2033 2161/2461/2033 2169/2467/2033
f 3933/4580/4182 3686/4349/4183 3934/4351/3810
f 3685/2799/2063 3933/4580/2063 3860/2800/2063
f 2166/2497/2041 2159/2482/2040 2167/2471/2039
f 2321/2513/1649 2370/2733/1649 2378/2740/1649
f 2321/2513/1999 2177/2504/1999 2185/2511/1999
f 2321/2513/1809 2281/2631/1809 2289/2610/1809
f 3945/2418/2171 3951/4583/2170 3944/2419/4184
f 3946/2139/3779 3952/4584/2172 3945/2140/2171
f 3957/2434/4178 3950/4585/4177 3958/4586/4180
f 3958/4586/4180 3951/4583/4164 3959/2432/2057
f 3947/2409/3782 3953/4587/3780 3946/2139/3779
f 3965/2435/4173 3958/4586/4185 3966/2431/2047
f 3948/2408/3788 3954/2454/3783 3947/2409/3782
f 3963/2439/2056 3956/4588/4176 3964/4589/4176
f 4194/4590/3781 3947/2409/2011 3946/2139/1605
f 4198/4591/4181 3955/2438/3789 3948/2408/3788
f 2134/2422/2032 2125/2394/2080 2133/2413/2007
f 1899/2112/2144 1906/2126/1593 1907/4592/1627
f 4190/4593/3806 3943/4594/4186 3942/2448/3806
f 3943/4594/4183 3949/2449/4182 3942/2448/4182
f 4191/4595/3807 3944/2419/2028 3943/4594/4186
f 3944/2419/4184 3950/4585/3810 3943/4594/4183
f 1901/2123/2150 1908/2145/1628 1909/4596/2154
f 3967/2433/2049 3960/2441/4139 3968/4597/4160
f 3995/4598/4141 3988/4599/4140 3996/4600/4140
f 3968/4601/4160 3961/2453/4159 3969/4602/4187
f 3969/4602/4187 3962/2437/4175 3970/4603/4174
f 3983/4604/4120 3976/4605/4119 3984/4606/4134
f 3970/4603/4174 3963/2439/4172 3971/4607/4188
f 3971/4607/4188 3964/4589/4170 3972/4608/4170
f 3973/2446/4166 3966/2431/4189 3974/4609/4169
f 3978/4610/4190 3971/4607/4151 3979/4611/4162
f 5395/4612/3672 5386/4613/3659 5394/4614/3659
f 3979/4611/4162 3972/4608/4161 3980/4615/4161
f 3981/2447/4156 3974/4609/4116 3982/4616/4115
f 4117/2426/4168 3965/2435/4168 3973/2446/4168
f 4011/4617/4123 4004/4618/4122 4012/4619/4122
f 3974/4609/4169 3967/2433/4191 3975/4620/4192
f 3975/4620/4192 3968/4597/4142 3976/4605/4193
f 3976/4621/4193 3969/4602/4150 3977/4622/4149
f 4117/2426/4094 4013/4623/4094 4021/4624/4094
f 3977/4622/4149 3970/4603/4148 3978/4610/4190
f 3984/4606/4134 3977/4625/4133 3985/4626/4158
f 4117/2426/4135 3981/2447/4135 3989/4627/4135
f 3985/4628/4158 3978/4610/4147 3986/4629/4146
f 3986/4629/4146 3979/4611/4145 3987/4630/4194
f 3987/4630/4194 3980/4615/4153 3988/4631/4153
f 3989/4627/4195 3982/4616/2151 3990/4632/4127
f 4117/2426/4130 3989/4627/4130 3997/4633/4130
f 3999/4634/4089 3992/4635/4088 4000/4636/4138
f 4117/2426/4121 3997/4633/4121 4005/4637/4121
f 3982/4616/4115 3975/4620/4114 3983/4604/4120
f 3997/4633/4136 3990/4632/4125 3998/4638/4124
f 4013/4623/4087 4117/2426/4087 4005/4637/4087
f 3990/4632/4127 3983/4604/4126 3991/4639/4137
f 3991/4639/4137 3984/4606/4129 3992/4635/4128
f 3992/4635/4128 3985/4626/4110 3993/4640/4109
f 3993/4641/4109 3986/4642/4108 3994/4643/4118
f 3994/4643/4118 3987/4644/4117 3995/4598/4141
f 4000/4636/4138 3993/4640/4024 4001/4645/4023
f 4013/4623/4042 4022/4646/4041 4021/4624/4042
f 4001/4647/4023 3994/4643/4022 4002/4648/4106
f 4002/4648/4106 3995/4598/4105 4003/4649/4132
f 4003/4649/4132 3996/4600/4131 4004/4618/4131
f 4005/4637/4196 3998/4638/4112 4006/4650/4111
f 4029/4651/4197 4117/2426/4197 4021/4624/4197
f 4008/4652/4104 4017/4653/4113 4016/4654/4198
f 3998/4638/4124 3991/4639/4199 3999/4634/4089
f 4005/4637/4097 4014/4655/4096 4013/4623/4097
f 4006/4650/4111 3999/4634/4080 4007/4656/4079
f 4007/4656/4079 4000/4636/4078 4008/4657/4100
f 4008/4652/4100 4001/4647/4099 4009/4658/4098
f 4117/2426/4073 4029/4651/4073 4037/4659/4073
f 4009/4658/4098 4002/4648/4093 4010/4660/4092
f 4010/4660/4092 4003/4649/4091 4011/4617/4123
f 4009/4658/4102 4018/4661/4101 4017/4653/4113
f 4010/4660/4076 4019/4662/4075 4018/4661/4101
f 4011/4617/4077 4020/4663/4107 4019/4662/4075
f 4006/4650/4068 4015/4664/4200 4014/4655/4096
f 4007/4656/4069 4016/4665/4198 4015/4664/4200
f 4025/4666/4056 4034/4667/4072 4033/4668/4054
f 4014/4655/4043 4023/4669/4085 4022/4646/4041
f 4015/4664/4050 4024/4670/4049 4023/4669/4085
f 4016/4654/2160 4025/4666/2159 4024/4671/4049
f 4017/4653/2161 4026/4672/4201 4025/4666/2159
f 4018/4661/4066 4027/4673/4070 4026/4672/4201
f 4019/4662/4071 4028/4674/4095 4027/4673/4070
f 4021/4624/4084 4030/4675/4083 4029/4651/4084
f 4026/4672/4060 4035/4676/4059 4034/4667/4072
f 4027/4673/4061 4036/4677/4081 4035/4676/4059
f 4029/4651/4064 4038/4678/4063 4037/4659/4064
f 4022/4646/4014 4031/4679/4013 4030/4675/4083
f 4023/4669/4015 4032/4680/4202 4031/4679/4013
f 4024/4671/4055 4033/4668/4054 4032/4681/4202
f 4041/4682/4027 4050/4683/4203 4049/4684/4025
f 4030/4675/4036 4039/4685/4035 4038/4678/4063
f 4031/4679/4204 4040/4686/4019 4039/4685/4035
f 4032/4680/2165 4041/4687/2164 4040/4686/4019
f 4033/4668/2166 4042/4688/4039 4041/4682/2164
f 4034/4667/4040 4043/4689/4205 4042/4688/4039
f 4035/4676/4045 4044/4690/4074 4043/4689/4205
f 4037/4659/4058 4046/4691/4057 4045/2444/4058
f 4117/2426/3995 4037/4659/3995 4045/2444/3995
f 4042/4688/4047 4051/4692/4206 4050/4683/4203
f 4043/4689/4052 4052/4693/4051 4051/4692/4206
f 4045/2444/4038 4054/4694/4207 4053/2445/4038
f 4046/4691/4010 4055/4695/4009 4054/4694/4207
f 4038/4678/3906 4047/4696/4208 4046/4691/4057
f 4039/4685/4209 4048/4697/4062 4047/4696/4208
f 4040/4686/4210 4049/4698/4025 4048/4697/4062
f 4047/4696/3991 4056/4699/3990 4055/4695/4009
f 4048/4697/3992 4057/4700/4018 4056/4699/3990
f 4049/4701/2168 4058/4702/2167 4057/4703/4018
f 4062/4704/3983 4071/4705/4211 4070/4706/4011
f 4050/4707/2169 4059/4708/4048 4058/4702/2167
f 4051/4709/4034 4060/4710/4033 4059/4708/4048
f 4117/2426/4007 4061/4711/4007 4069/4712/4007
f 4053/2445/4029 4062/4704/4028 4061/4711/4029
f 4117/2426/4212 4085/4713/4212 4093/4714/4212
f 4058/4702/4004 4067/4715/4005 4066/4716/4002
f 4117/2426/4031 4053/2445/4031 4061/4711/4031
f 4059/4708/4006 4068/4717/4021 4067/4715/4005
f 4061/4711/4012 4070/4706/4011 4069/4712/4012
f 4054/4694/4030 4063/4718/4032 4062/4704/4028
f 4055/4695/3997 4064/4719/4213 4063/4718/4032
f 4056/4699/3998 4065/4720/4016 4064/4719/4213
f 4057/4703/4003 4066/4716/4002 4065/4721/4016
f 4063/4718/3966 4072/4722/3965 4071/4705/4211
f 4099/4723/3969 4092/4724/3968 4100/4725/3968
f 4064/4726/3967 4073/4727/3984 4072/4728/3965
f 4065/4721/3985 4074/4729/4017 4073/4727/3984
f 4087/4730/3941 4080/4731/3940 4088/4732/3957
f 4066/4716/4000 4075/4733/3999 4074/4729/4017
f 4067/4715/4001 4076/4734/4008 4075/4733/3999
f 4077/4735/3952 4070/4706/3951 4078/4736/3971
f 4082/4737/3978 4075/4733/3977 4083/4738/3994
f 4083/4738/3994 4076/4734/4214 4084/4739/4214
f 4085/4713/3987 4078/4736/3937 4086/4740/3936
f 4117/2426/3986 4069/4712/3986 4077/4735/3986
f 4117/2426/3953 4093/4714/3953 4101/4741/3953
f 4078/4736/3971 4071/4705/3970 4079/4742/3988
f 4079/4742/3988 4072/4722/3964 4080/4731/3963
f 4080/4743/3963 4073/4727/3962 4081/4744/3976
f 4081/4744/3976 4074/4729/3975 4082/4737/3978
f 4088/4745/3957 4081/4744/3956 4089/4746/3989
f 4126/4747/3859 4119/4748/3858 4127/2424/3911
f 4089/4746/3989 4082/4737/3974 4090/4749/3973
f 4090/4749/3973 4083/4738/3972 4091/4750/3981
f 4091/4750/3981 4084/4739/3980 4092/4724/3980
f 5441/4751/4215 5432/4752/4215 5440/4753/4215
f 4093/4714/2177 4086/4740/4216 4094/4754/3948
f 4134/2423/3904 4117/2426/3904 4126/4747/3904
f 4104/4755/3961 4097/4756/3881 4105/4757/3880
f 4086/4740/3936 4079/4742/3935 4087/4730/3941
f 4101/4741/4217 4094/4754/3946 4102/4758/3945
f 4094/4754/3948 4087/4730/3947 4095/4759/3960
f 4095/4759/3960 4088/4732/3950 4096/4760/4218
f 4096/4761/4218 4089/4746/3932 4097/4762/3931
f 4118/4763/3919 4126/4747/3919 4117/2426/3919
f 4097/4762/3931 4090/4749/3930 4098/4764/3939
f 4098/4764/3939 4091/4750/3938 4099/4723/3969
f 4109/4765/3942 4117/2426/3942 4101/4741/3942
f 4105/4766/3880 4098/4764/3879 4106/4767/4219
f 4106/4767/4219 4099/4723/4220 4107/4768/3955
f 4107/4768/3955 4100/4725/3954 4108/4769/3954
f 4109/4765/2180 4102/4758/2179 4110/4770/3933
f 4102/4758/3945 4095/4759/4221 4103/4771/3917
f 4103/4771/3917 4096/4760/3916 4104/4755/3961
f 4118/4763/4222 4110/4770/4223 4119/4748/3922
f 4121/4772/3934 4113/4773/3800 4122/4774/4224
f 4110/4770/3933 4103/4771/4225 4111/4775/3898
f 4111/4775/3898 4104/4755/3897 4112/4776/3924
f 4112/4776/3924 4105/4757/3910 4113/4773/3909
f 4113/4777/3909 4106/4767/3908 4114/4778/3915
f 4117/2426/3896 4134/2423/3896 4142/4779/3896
f 4109/4765/3913 4118/4763/3913 4117/2426/3913
f 4114/4778/3915 4107/4768/4226 4115/4780/4227
f 4115/4780/4227 4108/4769/3943 4116/4781/3943
f 4122/4782/4224 4114/4783/3798 4123/4784/3895
f 4123/4784/3895 4115/4785/4228 4124/4786/3928
f 4124/4786/3928 4116/4787/3927 4125/4788/3927
f 4119/4748/3922 4111/4775/3888 4120/4789/3887
f 4120/4789/3887 4112/4776/3886 4121/4772/3934
f 4127/2424/3911 4120/4789/4229 4128/4790/3864
f 5425/4791/3720 5416/4792/4230 5424/4793/4230
f 4128/4790/3864 4121/4772/2183 4129/4794/2182
f 4129/4795/2182 4122/4782/2181 4130/4796/3885
f 4130/4796/3885 4123/4784/4231 4131/4797/3890
f 4131/4797/3890 4124/4786/4232 4132/4798/4233
f 4132/4798/4233 4125/4788/3920 4133/4799/3920
f 4134/2423/3883 4143/4800/3882 4142/4779/3883
f 4138/4801/3892 4131/4797/3891 4139/4802/3903
f 4139/4802/3903 4132/4798/3902 4140/4803/3901
f 4140/4803/3901 4133/4799/3900 4141/4804/3900
f 4135/2425/2036 4128/4790/3820 4136/4805/3912
f 4136/4805/3912 4129/4794/4234 4137/4806/3870
f 4137/4807/3870 4130/4796/3869 4138/4801/3892
f 4146/4808/3848 4155/4809/4235 4154/4810/3860
f 4135/2425/3855 4144/4811/3854 4143/4800/3882
f 4136/4805/3838 4145/4812/3837 4144/4811/3854
f 4137/4807/3839 4146/4808/3863 4145/4813/3837
f 4138/4801/2185 4147/4814/2184 4146/4808/3863
f 4139/4802/2186 4148/4815/3893 4147/4814/2184
f 4140/4803/3878 4149/4816/3877 4148/4815/3893
f 4142/4779/3873 4151/4817/3872 4150/2427/3873
f 4117/2426/3875 4142/4779/3875 4150/2427/3875
f 4147/4814/3849 4156/4818/3868 4155/4809/4235
f 4148/4815/3867 4157/4819/3866 4156/4818/3868
f 4150/2427/4236 4159/4820/3856 4158/2428/4236
f 4151/4817/3831 4160/4821/3830 4159/4820/3856
f 4143/4800/3874 4152/4822/4237 4151/4817/3872
f 4144/4811/3842 4153/4823/3841 4152/4822/4237
f 4145/4813/3843 4154/4810/3860 4153/4824/3841
f 4152/4822/3817 4161/4825/3816 4160/4821/3830
f 4180/4826/2189 4189/4827/3819 4188/4828/2187
f 4153/4824/3818 4162/4829/3836 4161/4830/3816
f 4154/4810/2073 4163/4831/2072 4162/4829/3836
f 4168/4832/4238 4177/4833/3808 4176/4834/4239
f 4155/4809/2074 4164/4835/4240 4163/4831/2072
f 4156/4818/4241 4165/4836/3852 4164/4835/4240
f 4158/2428/3845 4167/4837/3844 4166/2442/3845
f 4163/4831/3792 4172/4838/3827 4171/4839/3790
f 5399/2382/4242 5247/4840/4242 5239/4841/4242
f 4164/4835/3828 4173/4842/3840 4172/4838/3827
f 4166/2442/3833 4175/4843/4243 4174/2443/3833
f 4117/2426/3850 4158/2428/3850 4166/2442/3850
f 4196/4844/3793 4198/4591/3796 3948/2408/2010
f 4159/4820/3846 4168/4832/3851 4167/4837/3844
f 5404/4845/3691 5411/4846/4244 5412/4847/3691
f 4160/4821/4245 4169/4848/4246 4168/4832/3851
f 1907/4592/2146 1914/2158/1630 1915/2151/1612
f 4161/4825/4247 4170/4849/3834 4169/4848/4246
f 4162/4829/3791 4171/4839/3790 4170/4850/3834
f 4169/4848/3803 4178/4851/3802 4177/4833/3808
f 4117/2426/4248 4174/2443/4248 4182/4852/4248
f 4170/4850/3804 4179/4853/3835 4178/4854/3802
f 4171/4839/4249 4180/4855/3824 4179/4853/3835
f 4172/4838/3826 4181/4856/3829 4180/4855/3824
f 4174/2443/3785 4183/4857/4250 4182/4852/3785
f 2139/2156/1624 1892/2110/2068 2140/2411/1580
f 4117/2426/4251 4182/4852/4251 4190/4593/4251
f 4184/4858/2157 4193/4859/4252 4192/2417/3787
f 4167/4837/3815 4176/4834/4239 4175/4843/4243
f 4182/4852/3777 4191/4595/4253 4190/4593/3777
f 4175/4843/3786 4184/4858/4254 4183/4857/4250
f 4176/4834/2174 4185/4860/2173 4184/4858/4254
f 4177/4833/2175 4186/4861/3801 4185/4860/2173
f 4178/4862/2193 4187/4863/2192 4186/4864/3801
f 4179/4865/2188 4188/4828/2187 4187/4863/2192
f 4185/4866/2158 4194/4590/3812 4193/2138/4252
f 4186/4864/2163 4195/2407/2162 4194/4590/3812
f 4117/2426/4179 3949/2449/4179 3957/2434/4179
f 4187/4863/2076 4196/4844/2075 4195/2407/2162
f 4188/4828/2077 4197/4867/3795 4196/4844/2075
f 1814/1986/1214 1815/4868/1214 1820/1984/1214
f 1820/1984/1214 1811/4869/1214 1810/4870/1214
f 1902/2132/2155 1909/4596/2154 1910/2136/1603
f 4183/4857/3778 4192/2417/3787 4191/4595/4253
f 1816/4871/4255 1814/4872/4255 1818/4873/4255
f 1812/4874/4256 1818/4875/4256 1810/4876/4256
f 4117/2426/2190 4190/4593/2190 3942/2448/2190
f 2037/2291/2107 2044/2301/1849 2045/2322/1882
f 3960/4877/2059 3953/4587/4167 3961/2453/2066
f 1949/2187/2130 1956/2198/1687 1957/2218/1720
f 1933/4878/2133 1940/4879/1658 1941/2185/1684
f 1909/4596/2148 1916/2147/1613 1917/2176/2149
f 1910/2136/2132 1917/2176/2149 1918/2163/1637
f 1889/2436/2178 2064/2133/2178 1896/2134/2178
f 4117/2426/3979 4077/4735/3979 4085/4713/3979
f 4458/3938/3392 4469/4880/4257 4202/3939/3393
f 4929/4881/4258 4473/4882/4259 4972/4883/4260
f 4201/3944/3407 4968/4884/4261 4458/3938/3392
f 4208/4885/4262 4968/4884/4261 4470/4886/4263
f 4464/4013/3478 4469/4880/4257 4968/4884/4261
f 4977/4014/3479 4208/4885/4262 4483/4022/3486
f 5014/4887/4264 4239/4888/4265 4521/4889/4266
f 4203/3952/3415 4969/4890/4267 4471/4891/4268
f 4202/3939/3393 4969/4892/4267 4459/4893/4269
f 5216/4894/3414 4202/3939/3393 4459/4893/4269
f 4209/4895/4270 4969/4892/4267 4469/4880/4257
f 4465/4896/4271 4471/4891/4268 4969/4890/4267
f 4978/4897/4272 4209/4895/4270 4485/4012/3477
f 4487/4898/4273 4466/4899/4274 4979/4900/4275
f 4460/4901/4276 4472/4902/4277 4204/4903/4278
f 4203/3952/3415 4970/4904/4279 4460/4901/4276
f 4961/3953/3416 4460/4901/4276 5217/4905/4280
f 4210/4906/4281 4970/4904/4279 4471/4891/4268
f 4466/4899/4274 4472/4902/4277 4970/4904/4279
f 4486/4907/4282 4466/4899/4274 4210/4906/4281
f 4514/4908/4283 4492/4909/4284 4999/4910/4285
f 4964/3913/3364 4929/4881/4258 5219/4911/4286
f 4205/4912/4287 4971/4913/4288 4473/4882/4259
f 4204/4903/4278 4971/4913/4288 4461/4914/4289
f 5218/4915/4290 4204/4903/4278 4461/4914/4289
f 4211/4916/4291 4971/4913/4288 4472/4902/4277
f 4518/4917/4292 4497/4918/4293 4996/4919/4294
f 4467/4010/3475 4473/4882/4259 4971/4913/4288
f 4980/4011/3476 4211/4916/4291 4487/4898/4273
f 4932/4920/4295 4933/4921/4295 4986/4922/4296
f 4455/4923/4297 4972/4883/4260 4931/4924/4298
f 4981/4925/4299 4213/4926/4300 4468/4927/4301
f 4212/4928/4302 4972/4883/4260 4473/4882/4259
f 4468/4927/4301 4931/4924/4298 4972/4883/4260
f 4963/4929/4303 4460/4901/4276 4204/4903/4278
f 5221/4930/4304 4200/4931/4305 4966/4932/4306
f 4984/4933/4307 4220/4007/3472 4481/4934/4308
f 4499/4935/4309 4480/4936/4310 4991/4937/4311
f 4488/4009/3474 4468/4927/4301 4212/4928/4302
f 4964/3913/3364 4461/4914/4289 4205/4912/4287
f 4973/4938/4312 4199/4939/4313 4928/4940/4314
f 4983/4941/4315 4207/2817/2206 4462/4942/4316
f 4928/4940/4317 4930/4943/4317 4973/4938/4318
f 4206/4944/4319 4973/4938/4320 4930/4943/4321
f 4930/4943/4322 4932/4920/4322 4982/4945/4323
f 4987/4946/4324 4215/4947/4325 4476/4948/4326
f 4934/4949/4327 4935/4950/4328 5001/4951/4329
f 4529/4002/3467 4511/4952/4330 5007/4953/4331
f 4200/4931/4305 4974/4954/4332 4475/4955/4333
f 4456/4956/4334 4474/4957/4335 4974/4954/4332
f 4965/4958/4336 4456/4956/4334 5221/4930/4304
f 4462/4942/4316 4474/4957/4337 4206/4944/4338
f 4501/4959/4339 4476/4948/4326 4214/4960/4340
f 4974/4954/4332 4207/2817/2206 4475/4955/4333
f 4490/4961/4341 4462/4942/4316 4206/4944/4338
f 4516/4962/4342 4495/4963/4343 4994/4964/4344
f 4457/4965/4345 4470/4886/4263 4201/3944/3407
f 4457/4965/4345 4475/4955/4333 4975/4966/4346
f 4966/4932/4306 4457/4965/4345 5222/4967/4347
f 4207/2817/2206 4975/4966/4346 4475/4955/4333
f 4463/4023/3487 4470/4886/4263 4975/4966/4346
f 4985/4006/3471 4221/4968/4348 4482/4969/4349
f 4486/4970/4282 4465/4971/4271 4978/4897/4272
f 4998/4972/4350 4223/4973/4351 4491/4974/4352
f 4504/4975/4353 4478/4976/4354 4989/4977/4355
f 4215/4947/4325 4976/2816/2205 4484/2818/2207
f 4477/4978/4356 4483/4022/3486 4976/2816/2205
f 4988/4979/4357 4215/4947/4325 4502/4980/4358
f 4216/4981/4359 4977/4014/3479 4483/4022/3486
f 4478/4976/4354 4485/4012/3477 4977/4014/3479
f 4989/4977/4355 4216/4981/4359 4503/4982/4360
f 4217/4983/4361 4978/4897/4272 4485/4012/3477
f 4479/4016/3481 4486/4970/4282 4978/4897/4272
f 4504/4975/4353 4479/4016/3481 4217/4983/4361
f 4218/4984/4362 4979/4900/4275 4486/4907/4282
f 4994/4985/4344 4226/4986/4363 4515/4987/4364
f 4480/4936/4310 4487/4898/4273 4979/4900/4275
f 4991/4937/4311 4218/4984/4362 4505/4988/3480
f 4219/4989/4365 4980/4011/3476 4487/4898/4273
f 4481/4934/4308 4488/4009/3474 4980/4011/3476
f 4984/4933/4307 4219/4989/4365 4499/4935/4309
f 4220/4007/3472 4981/4925/4299 4488/4009/3474
f 4482/4969/4349 4489/4990/4366 4981/4925/4299
f 4503/4982/4360 4477/4978/4356 4988/4979/4357
f 4982/4945/4367 4206/4944/4368 4930/4943/4369
f 4960/4991/4370 4928/4940/4370 5220/4992/4371
f 4214/4960/4372 4982/4945/4373 4932/4920/4374
f 4935/4950/4328 4936/4993/4375 5013/4994/4376
f 4513/4995/4377 4493/4996/4378 4992/4997/4379
f 4476/4948/4326 4490/4961/4380 4214/4960/4340
f 4983/4941/4315 4215/4947/4325 4484/2818/2207
f 4996/4919/4294 4228/4998/4381 4517/4999/4382
f 5029/5000/4383 4255/5001/4384 4551/5002/4385
f 4227/5003/4386 4984/4933/4307 4499/4935/4309
f 4496/5004/4387 4498/4008/3473 4984/4933/4307
f 4995/5005/4388 4227/5006/4386 4516/4962/4342
f 4515/4987/4364 4494/5007/4389 4993/5008/4390
f 4497/4918/4293 4498/4008/3473 4228/4998/4381
f 4497/4918/4293 4500/5009/4391 4985/4006/3471
f 4995/5010/4388 4228/4998/4381 4496/5004/4387
f 4535/5011/4392 4510/5012/4393 5006/5013/4394
f 4986/4922/4395 4214/4960/4396 4932/4920/4397
f 4222/5014/4398 4986/4922/4399 4933/4921/4400
f 4936/4993/4375 4937/5015/4401 5017/5016/4402
f 4491/4974/4352 4501/4959/4403 4222/5014/4404
f 4987/4946/4324 4223/4973/4351 4502/4980/4358
f 4519/5017/4405 4491/4974/4352 4222/5014/4404
f 4223/4973/4351 4988/4979/4357 4502/4980/4358
f 5003/3981/3446 4231/5018/4406 4531/5019/4407
f 4492/4909/4284 4503/4982/4360 4988/4979/4357
f 4999/4910/4285 4223/4973/4351 4520/5020/4408
f 4224/5021/4409 4989/4977/4355 4503/4982/4360
f 4493/4996/4378 4504/4975/4353 4989/4977/4355
f 4514/4908/4283 4493/4996/4378 4224/5021/4409
f 4528/5022/4410 4512/5023/4411 5000/4000/3465
f 4225/5024/4412 4990/4017/3482 4504/4975/4353
f 4494/5007/4389 4505/4015/3480 4990/4017/3482
f 4993/5008/4390 4225/5024/4412 4513/4995/4377
f 5011/5025/4413 4244/2813/2202 4526/5026/4414
f 4226/4986/4363 4991/5027/4311 4505/4015/3480
f 4495/5028/4343 4499/4935/4309 4991/4937/4311
f 4534/5029/4415 4509/5030/4416 5005/5031/4417
f 4232/5032/4418 4992/4997/4379 4514/4908/4283
f 4508/5033/4419 4513/4995/4377 4992/4997/4379
f 5004/5034/4420 4232/5032/4418 4532/3979/3444
f 4233/5035/4421 4993/5008/4390 4513/4995/4377
f 4993/5008/4390 4234/5036/4422 4515/4987/4364
f 5005/5031/4417 4233/5035/4421 4533/5037/4423
f 5002/5038/4424 4231/5018/4406 4506/5039/4425
f 4234/5040/4422 4994/4964/4344 4515/5041/4364
f 4510/5012/4393 4516/4962/4342 4994/4964/4344
f 5006/5013/4394 4234/5040/4422 4534/5042/4415
f 4235/5043/4426 4995/5005/4388 4516/4962/4342
f 4511/4952/4330 4517/5044/4382 4995/5005/4388
f 4535/5011/4392 4511/4952/4330 4235/5043/4426
f 4512/5023/4411 4517/5044/4382 4236/4001/3466
f 4512/5023/4411 4518/5045/4292 4996/5046/4294
f 4533/5037/4423 4508/5033/4419 5004/5034/4420
f 5011/5025/4413 4243/5047/4427 4546/5048/4428
f 4997/5049/4429 4222/5014/4430 4933/4921/4431
f 4230/5050/4432 4997/5049/4433 4934/4949/4434
f 4544/5051/4435 4522/5052/4436 5015/5053/4437
f 4937/5015/4401 4938/5054/4438 5028/5055/4439
f 4548/5056/4440 4527/2812/2201 5012/5057/4441
f 4506/5039/4425 4519/5017/4442 4230/5050/4443
f 4998/4972/4350 4231/5018/4406 4520/5020/4408
f 4530/5058/4444 4506/5039/4425 4230/5050/4443
f 4231/5018/4406 4999/4910/4285 4520/5020/4408
f 4507/3980/3445 4514/4908/4283 4999/4910/4285
f 4244/2813/2202 5000/4000/3465 4529/4002/3467
f 4245/5059/4445 5000/4000/3465 4527/2812/2201
f 4545/5060/4446 4524/5061/4447 5009/5062/4448
f 5001/4951/4449 4230/5050/4450 4934/4949/4451
f 4238/5063/4452 5001/4951/4453 4935/4950/4454
f 4938/5054/4438 4939/5064/4455 5039/5065/4456
f 4546/5048/4428 4525/5066/4457 5010/5067/4458
f 4521/4889/4266 4530/5058/4459 4238/5063/4460
f 5002/5038/4424 4239/4888/4265 4531/5019/4407
f 4549/5068/4461 4521/4889/4266 4238/5063/4460
f 5023/5069/4462 4252/3995/3460 4541/5070/4463
f 4239/4888/4265 5003/3981/3446 4531/5019/4407
f 5019/4005/3470 4247/5071/4464 4561/5072/4465
f 4522/5052/4436 4532/3979/3444 5003/3981/3446
f 5015/5053/4437 4239/4888/4265 4550/5073/4466
f 4240/5074/4467 5004/5034/4420 4532/3979/3444
f 4523/5075/4468 4533/5037/4423 5004/5034/4420
f 5008/5076/4469 4240/5074/4467 4544/5051/4435
f 5016/3994/3459 4253/5077/4470 4542/5078/4471
f 4241/5079/4472 5005/5031/4417 4533/5037/4423
f 4524/5061/4447 4534/5042/4415 5005/5080/4417
f 4543/5081/4473 4524/5082/4447 4241/5079/4472
f 4242/5083/4474 5006/5013/4394 4534/5042/4415
f 5006/5013/4394 4243/5047/4427 4535/5011/4392
f 4545/5060/4446 4525/5066/4457 4242/5083/4474
f 4576/4024/3488 4556/5084/4475 5026/5085/4476
f 4243/5047/4427 5007/4953/4331 4535/5011/4392
f 5007/4953/4331 4244/2813/2202 4529/4002/3467
f 5022/5086/4477 4251/5087/4478 4540/5088/4479
f 4564/5089/4480 4539/5090/4481 5021/5091/4482
f 4538/5092/4483 4544/5051/4435 4248/5093/4484
f 5008/5076/4469 4249/5094/4485 4543/5081/4473
f 5020/5095/4486 4248/5093/4484 4562/4003/3468
f 4249/5094/4485 5009/5096/4448 4543/5081/4473
f 4539/5090/4481 4545/5060/4446 5009/5062/4448
f 5021/5097/4482 4249/5094/4485 4563/5098/4487
f 5018/5099/4488 4247/5071/4464 4536/5100/4489
f 4540/5088/4479 4545/5060/4446 4250/5101/4490
f 4540/5088/4479 4546/5048/4428 5010/5067/4458
f 5022/5086/4477 4250/5101/4490 4564/5089/4480
f 4541/5070/4463 4546/5048/4428 4251/5087/4478
f 4541/5070/4463 4547/2811/2200 5011/5025/4413
f 5023/5069/4462 4251/5087/4478 4565/5102/4491
f 4543/5081/4473 4523/5075/4468 5008/5076/4469
f 4252/3995/3460 5012/5057/4441 4547/2811/2200
f 4253/5077/4470 5012/5057/4441 4542/5078/4471
f 4563/5098/4487 4538/5092/4483 5020/5095/4486
f 5026/5085/4476 4259/5103/4492 4575/5104/4493
f 5013/4994/4494 4238/5063/4460 4935/4950/4495
f 4246/5105/4496 5013/4994/4497 4936/4993/4498
f 4580/5106/4499 4552/5107/4500 5030/5108/4501
f 4939/5064/4455 4940/5109/4502 5043/5110/4503
f 4577/5111/4504 4557/4025/3489 5027/5112/4505
f 4536/5100/4489 4549/5068/4506 4246/5105/4507
f 5014/4887/4264 4247/5071/4464 4550/5073/4466
f 4560/5113/4508 4536/5100/4489 4246/5105/4507
f 4247/5071/4464 5015/5053/4437 4550/5073/4466
f 4537/4004/3469 4544/5051/4435 5015/5053/4437
f 4260/4026/3490 5016/3994/3459 4559/3996/3461
f 4557/4025/3489 4558/5114/4509 5016/3994/3459
f 4573/5115/4510 4554/5116/4511 5024/5117/4512
f 4588/5118/4513 4572/5119/4514 5038/3988/3453
f 5017/5016/4515 4246/5105/4507 4936/4993/4516
f 4254/5120/4517 5017/5016/4518 4937/5015/4519
f 4591/5121/4520 4567/5122/4521 5033/5123/4522
f 4575/5104/4493 4555/5124/4523 5025/5125/4524
f 4551/5002/4385 4560/5113/4525 4254/5120/4526
f 5018/5099/4488 4255/5001/4384 4561/5072/4465
f 4578/5126/4527 4551/5002/4385 4254/5120/4526
f 4255/5001/4384 5019/4005/3470 4561/5072/4465
f 5019/4005/3470 4256/5127/4528 4562/4003/3468
f 5030/5108/4501 4255/5001/4384 4579/5128/4529
f 4592/5129/4530 4568/5130/4531 5034/5131/4532
f 4256/5127/4528 5020/5095/4486 4562/4003/3468
f 5034/5131/4532 4264/5132/4533 4591/5121/4520
f 4553/5133/4534 4563/5098/4487 5020/5095/4486
f 5031/5134/4535 4256/5127/4528 4580/5106/4499
f 4257/5135/4536 5021/5091/4482 4563/5136/4487
f 4554/5116/4511 4564/5089/4480 5021/5091/4482
f 5024/5117/4512 4257/5135/4536 4574/5137/4537
f 4258/5138/4538 5022/5086/4477 4564/5089/4480
f 4555/5124/4523 4565/5102/4491 5022/5086/4477
f 5025/5125/4524 4258/5138/4538 4573/5115/4510
f 5039/5065/4539 4270/5139/4540 4590/5140/4541
f 4606/5141/4542 4587/5142/4543 5042/5143/4544
f 4556/5084/4475 4565/5102/4491 4259/5103/4492
f 4556/5084/4475 4559/3996/3461 5023/5069/4462
f 4595/3990/3455 4571/5144/4545 5037/5145/4546
f 5036/5146/4547 4267/5147/4548 4570/5148/4549
f 4265/5149/4550 5024/5117/4512 4574/5137/4537
f 4569/5150/4551 4573/5115/4510 5024/5117/4512
f 5035/5151/4552 4265/5149/4550 4592/5152/4530
f 4570/5148/4549 4573/5115/4510 4266/5153/4553
f 5025/5125/4524 4267/5147/4548 4575/5104/4493
f 4593/5154/4554 4570/5148/4549 4266/5153/4553
f 4267/5147/4548 5026/5085/4476 4575/5104/4493
f 4571/5144/4545 4576/4024/3488 5026/5085/4476
f 5037/5145/4546 4267/5147/4548 4594/5155/4555
f 5040/5156/4556 4275/5157/4557 4585/5158/4558
f 4574/5159/4537 4553/5133/4534 5031/5134/4535
f 4268/3989/3454 5027/5112/4505 4576/4024/3488
f 4572/5119/4514 4577/5111/4504 5027/5112/4505
f 4593/5154/4554 4569/5150/4551 5035/5151/4552
f 4604/5160/4559 4584/5161/4560 5047/5162/4561
f 5028/5055/4562 4254/5120/4526 4937/5015/4563
f 4262/5163/4564 5028/5055/4565 4938/5054/4566
f 4940/5109/4502 4941/5164/4567 5055/5165/4568
f 4941/5164/4567 4942/5166/4569 5059/5167/4570
f 5039/5065/4571 4262/5163/4572 4938/5054/4573
f 4610/5168/4574 4583/5169/4575 5046/5170/4576
f 4566/3993/3458 4578/5126/4527 4262/5163/4572
f 5049/5171/4577 4280/5172/4578 4597/5173/4579
f 5029/5000/4383 4263/3992/3457 4579/5128/4529
f 4590/5140/4580 4566/3993/3458 4262/5163/4572
f 4263/3992/3457 5030/5108/4501 4579/5128/4529
f 4567/5122/4521 4580/5106/4499 5030/5108/4501
f 5033/5123/4522 4263/3992/3457 4589/5174/4581
f 5051/5175/4582 4282/5176/4583 4599/5177/4584
f 4264/5132/4533 5031/5134/4535 4580/5106/4499
f 4568/5130/4531 4574/5159/4537 5031/5134/4535
f 5054/3969/3435 4285/5178/4585 4602/5179/4586
f 4609/5180/4587 4582/5181/4588 5045/5182/4589
f 4581/3984/3449 4590/5140/4580 4270/5139/4590
f 5032/3991/3456 4271/3983/3448 4589/5174/4581
f 4607/5183/4591 4581/3984/3449 4270/5139/4590
f 5050/5184/4592 4281/5185/4593 4598/5186/4594
f 4271/3983/3448 5033/5123/4522 4589/5174/4581
f 5033/5123/4522 4272/5187/4595 4591/5121/4520
f 5045/5182/4589 4271/3983/3448 4608/5188/4596
f 4272/5187/4595 5034/5131/4532 4591/5121/4520
f 4583/5169/4575 4592/5129/4530 5034/5131/4532
f 5046/5170/4576 4272/5187/4595 4609/5180/4587
f 4584/5161/4560 4592/5152/4530 4273/5189/4597
f 5051/5190/4582 4281/5185/4593 4621/5191/4598
f 4584/5161/4560 4593/5154/4554 5035/5151/4552
f 5047/5162/4561 4273/5189/4597 4610/5192/4574
f 4274/5193/4599 5036/5146/4547 4593/5154/4554
f 4585/5158/4558 4594/5155/4555 5036/5146/4547
f 5040/5156/4556 4274/5193/4599 4604/5160/4559
f 4275/5157/4557 5037/5145/4546 4594/5155/4555
f 5037/5145/4546 4276/5194/4600 4595/3990/3455
f 5041/3999/3464 4275/5157/4557 4603/5195/4601
f 5055/5165/4568 4286/5196/4602 4619/5197/4603
f 4276/5194/4600 5038/3988/3453 4595/3990/3455
f 5038/3988/3453 4277/5198/4604 4588/5118/4513
f 5048/5199/4605 4279/5200/4606 4596/5201/4607
f 4633/5202/4608 4615/5203/4609 5056/5204/4610
f 5053/5205/4611 4284/3970/3436 4601/5206/4612
f 4282/5176/4583 5040/5156/4556 4604/5160/4559
f 4600/5207/4613 4603/5195/4601 5040/5156/4556
f 5052/5208/4614 4282/5176/4583 4622/5209/4615
f 4636/5210/4616 4617/5211/4617 5058/3960/3426
f 4283/5212/4618 5041/3999/3464 4603/5195/4601
f 4601/5206/4612 4605/3997/3462 5041/3999/3464
f 5053/5205/4611 4283/5212/4618 4623/5213/4619
f 5063/5214/4620 4290/5215/4621 4614/5216/4622
f 4605/3997/3462 4587/5142/4543 4276/5194/4600
f 4284/3970/3436 5042/5143/4544 4605/3997/3462
f 4285/5178/4585 5042/5143/4544 4602/5179/4586
f 4623/5213/4619 4600/5207/4613 5052/5208/4614
f 4640/5217/4623 4613/5218/4624 5062/5219/4625
f 5043/5110/4626 4270/5139/4590 4939/5064/4627
f 4278/5220/4628 5043/5110/4503 4940/5109/4502
f 4942/5166/4569 4943/5221/4629 5070/5222/4630
f 4943/5221/4629 4944/5223/4631 5074/5224/4632
f 5055/5165/4633 4278/5220/4634 4940/5109/4635
f 4596/5201/4607 4607/5183/4591 4278/5220/4634
f 4648/5225/4636 4627/5226/4637 5064/5227/4638
f 5044/3982/3447 4279/5200/4606 4608/5188/4596
f 4619/5197/4639 4596/5201/4607 4278/5220/4634
f 4279/5200/4606 5045/5182/4589 4608/5188/4596
f 4597/5173/4579 4609/5180/4587 5045/5182/4589
f 5049/5171/4577 4279/5200/4606 4618/5228/4640
f 4280/5172/4578 5046/5170/4576 4609/5180/4587
f 4598/5186/4594 4610/5168/4574 5046/5170/4576
f 5050/5184/4592 4280/5172/4578 4620/5229/4641
f 5066/5230/4642 4298/5231/4643 4629/5232/4644
f 4281/5185/4593 5047/5233/4561 4610/5168/4574
f 4599/5177/4584 4604/5160/4559 5047/5162/4561
f 4654/5234/4645 4632/3956/3422 5069/5235/4646
f 4639/5236/4647 4612/5237/4648 5061/5238/4649
f 4611/5239/4650 4619/5197/4639 4286/5196/4651
f 5048/5199/4605 4287/5240/4652 4618/5228/4640
f 4637/5241/4653 4611/5239/4650 4286/5196/4651
f 5065/5242/4654 4297/5243/4655 4628/5244/4656
f 4287/5240/4652 5049/5171/4577 4618/5228/4640
f 4612/5237/4648 4620/5229/4641 5049/5171/4577
f 5061/5238/4649 4287/5240/4652 4638/5245/4657
f 4613/5218/4624 4620/5229/4641 4288/5246/4658
f 4613/5218/4624 4621/5191/4598 5050/5184/4592
f 5062/5219/4625 4288/5246/4658 4639/5236/4647
f 4614/5247/4622 4621/5191/4598 4289/5248/4659
f 5066/5249/4642 4297/5243/4655 4650/5250/4660
f 4614/5216/4622 4622/5209/4615 5051/5175/4582
f 5063/5251/4620 4289/5248/4659 4640/5217/4623
f 4290/5215/4621 5052/5208/4614 4622/5209/4615
f 4615/5203/4609 4623/5213/4619 5052/5208/4614
f 5056/5204/4610 4290/5215/4621 4634/5252/4661
f 4616/3967/3433 4623/5213/4619 4291/5253/4662
f 5053/5205/4611 4292/3961/3427 4624/3971/3437
f 5057/3968/3434 4291/5253/4662 4633/5202/4608
f 4292/3961/3427 5054/3969/3435 4624/3971/3437
f 4617/5211/4617 4625/5254/4663 5054/3969/3435
f 5060/5255/4664 4287/5240/4652 4611/5239/4650
f 5071/5256/4665 4295/5257/4666 4626/5258/4667
f 4663/3947/3410 4646/5259/4668 5072/5260/4669
f 4944/5223/4631 4945/5261/4670 5086/5262/4671
f 4653/3955/3421 4631/5263/4672 5068/5264/4673
f 4298/5231/4643 5056/5265/4610 4634/5266/4661
f 4630/5267/4674 4633/5268/4608 5056/5265/4610
f 5067/5269/4675 4298/5231/4643 4651/5270/4676
f 5073/3945/3408 4309/5271/4677 4647/5272/4678
f 4299/5273/4679 5057/5274/3434 4633/5268/4608
f 4684/5275/4680 4662/5276/4681 5085/5277/4682
f 4631/5263/4672 4635/5278/3428 5057/5274/3434
f 5068/5264/4673 4299/5273/4679 4652/5279/4683
f 4664/5280/4684 4645/5281/4685 5079/5282/4686
f 4300/3957/3423 5058/5283/3426 4635/5278/3428
f 4301/5284/4687 5058/5283/3426 4632/3956/3422
f 4652/5279/4683 4630/5267/4674 5067/5269/4675
f 5075/5285/4688 4303/5286/4689 4641/5287/4690
f 5078/5288/4691 4306/5289/4692 4644/5290/4693
f 5059/5167/4694 4286/5196/4651 4941/5164/4695
f 4294/5291/4696 5059/5167/4570 4942/5166/4569
f 4945/5261/4670 4946/5292/4697 5090/5293/4698
f 4626/5258/4667 4637/5241/4653 4294/5291/4699
f 4666/5294/4700 4641/5287/4690 4302/5295/4701
f 5060/5255/4664 4295/5257/4666 4638/5245/4657
f 4655/5296/4702 4626/5258/4667 4294/5291/4699
f 4295/5257/4666 5061/5238/4649 4638/5245/4657
f 4627/5226/4637 4639/5236/4647 5061/5238/4649
f 5064/5227/4638 4295/5257/4666 4649/5297/4703
f 4628/5244/4656 4639/5236/4647 4296/5298/4704
f 4628/5244/4656 4640/5217/4623 5062/5219/4625
f 5065/5242/4654 4296/5298/4704 4648/5225/4636
f 4682/5299/4705 4660/5300/4706 5083/5301/4707
f 4297/5243/4655 5063/5251/4620 4640/5217/4623
f 4629/5232/4644 4634/5266/4661 5063/5302/4620
f 5087/5303/4708 4311/5304/4709 4656/5305/4710
f 4669/5306/4711 4643/5307/4712 5077/5308/4713
f 4303/5286/4689 5064/5227/4638 4649/5297/4703
f 4642/5309/4714 4648/5225/4636 5064/5227/4638
f 5076/5310/4715 4303/5286/4689 4667/5311/4716
f 4304/5312/4717 5065/5242/4654 4648/5225/4636
f 4643/5307/4712 4650/5250/4660 5065/5242/4654
f 5077/5308/4713 4304/5312/4717 4668/5313/4718
f 4305/5314/4719 5066/5230/4642 4650/5315/4660
f 4644/5290/4693 4651/5270/4676 5066/5230/4642
f 5078/5288/4691 4305/5314/4719 4669/5316/4711
f 4306/5289/4692 5067/5269/4675 4651/5270/4676
f 5083/5301/4707 4314/5317/4720 4681/5318/4721
f 4645/5281/4685 4652/5279/4683 5067/5269/4675
f 5079/5282/4686 4306/5289/4692 4670/5319/4722
f 4307/5320/4723 5068/5264/4673 4652/5279/4683
f 4646/5259/4668 4653/3955/3421 5068/5264/4673
f 5072/5260/4669 4307/5320/4723 4664/5280/4684
f 4647/5272/4678 4653/3955/3421 4308/3946/3409
f 4309/5271/4677 5069/5235/4646 4647/5272/4678
f 4668/5313/4718 4642/5309/4714 5076/5310/4715
f 5070/5222/4724 4294/5291/4699 4942/5166/4725
f 4694/5321/4726 4675/5322/4727 5095/5323/4728
f 4302/5295/4729 5070/5222/4630 4943/5221/4629
f 5080/5324/4730 4312/5325/4731 4657/5326/4732
f 4946/5292/4697 4947/5327/4733 5101/5328/4734
f 5081/5329/4735 4313/5330/4736 4658/5331/4737
f 4641/5287/4690 4655/5296/4702 4302/5295/4701
f 5071/5256/4665 4303/5286/4689 4649/5297/4703
f 4683/5332/4738 4662/5276/4681 4316/5333/4739
f 5117/5334/4740 4343/5335/4741 4716/5336/4742
f 4315/5337/4743 5072/5260/4669 4664/5280/4684
f 4713/5338/4744 4692/5339/4745 5100/5340/4746
f 5072/5260/4669 4316/5333/4739 4663/3947/3410
f 5084/5341/4747 4315/5337/4743 4682/5299/4705
f 4681/5318/4721 4659/5342/4748 5082/5343/4749
f 4316/5333/4739 5073/3945/3408 4663/3947/3410
f 4662/5276/4681 4665/5344/4750 5073/3945/3408
f 4683/5332/4738 4661/5345/4751 5084/5341/4747
f 5091/5346/4752 4319/5347/4753 4671/5348/4754
f 5094/5349/4755 4322/5350/4756 4674/5351/4757
f 5074/5224/4758 4302/5295/4701 4943/5221/4759
f 4310/5352/4760 5074/5224/4632 4944/5223/4631
f 4947/5327/4733 4948/5353/4761 5105/5354/4762
f 4656/5305/4710 4666/5294/4700 4310/5352/4763
f 4696/5355/4764 4671/5348/4754 4318/5356/4765
f 5075/5285/4688 4311/5304/4709 4667/5311/4716
f 4685/5357/4766 4656/5305/4710 4310/5352/4763
f 5088/5358/4767 4324/3941/3401 4676/5359/4768
f 4311/5304/4709 5076/5310/4715 4667/5311/4716
f 4657/5326/4732 4668/5313/4718 5076/5310/4715
f 5080/5324/4730 4311/5304/4709 4679/5360/4769
f 4312/5325/4731 5077/5308/4713 4668/5313/4718
f 5077/5308/4713 4313/5330/4736 4669/5306/4711
f 5081/5329/4735 4312/5325/4731 4678/5361/4770
f 4695/5362/4771 4677/5363/4772 5089/3940/3400
f 4313/5364/4736 5078/5288/4691 4669/5316/4711
f 4659/5342/4748 4670/5319/4722 5078/5288/4691
f 5082/5343/4749 4313/5364/4736 4680/5365/4773
f 5098/5366/4774 4331/5367/4775 4690/5368/4776
f 4314/5317/4720 5079/5282/4686 4670/5319/4722
f 4660/5300/4706 4664/5280/4684 5079/5282/4686
f 5102/5369/4777 4327/5370/4778 4686/5371/4779
f 4699/5372/4780 4673/5373/4781 5093/5374/4782
f 4672/5375/4783 4679/5360/4769 4319/5347/4753
f 4672/5375/4783 4678/5361/4770 5080/5324/4730
f 5092/5376/4784 4319/5347/4753 4697/5377/4785
f 4320/5378/4786 5081/5329/4735 4678/5361/4770
f 4673/5373/4781 4680/5379/4773 5081/5329/4735
f 5093/5374/4782 4320/5378/4786 4698/5380/4787
f 4321/5381/4788 5082/5343/4749 4680/5365/4773
f 4674/5351/4757 4681/5318/4721 5082/5343/4749
f 5094/5349/4755 4321/5381/4788 4699/5382/4780
f 4675/5322/4727 4681/5318/4721 4322/5350/4756
f 5098/5366/4774 4330/5383/4789 4710/5384/4790
f 4675/5322/4727 4682/5299/4705 5083/5301/4707
f 5095/5323/4728 4322/5350/4756 4700/5385/4791
f 4323/5386/4792 5084/5341/4747 4682/5299/4705
f 4676/5359/4768 4683/5332/4738 5084/5341/4747
f 5088/5358/4767 4323/5386/4792 4694/5321/4726
f 4324/3941/3401 5085/5277/4682 4683/5332/4738
f 4325/5387/4793 5085/5277/4682 4677/5363/4772
f 5092/5376/4784 4320/5378/4786 4672/5375/4783
f 5086/5262/4794 4310/5352/4763 4944/5223/4795
f 4724/3950/3413 4706/5388/4796 5111/5389/4797
f 4318/5356/4765 5086/5262/4671 4945/5261/4670
f 4709/5390/4798 4687/5391/4799 5103/5392/4800
f 4948/5353/4761 4949/5393/4801 5116/5394/4802
f 4708/5395/4803 4688/5396/4804 5096/5397/4805
f 4671/5348/4754 4685/5357/4766 4318/5356/4765
f 5087/5303/4708 4319/5347/4753 4679/5360/4769
f 4712/5398/4806 4692/5339/4745 4332/5399/4807
f 4331/5367/4775 5088/5358/4767 4694/5321/4726
f 5088/5358/4767 4332/5399/4807 4693/3942/3402
f 5099/5400/4808 4331/5367/4775 4711/5401/4809
f 4710/5384/4790 4689/5402/4810 5097/5403/4811
f 4332/5399/4807 5089/3940/3400 4693/3942/3402
f 4333/5404/4812 5089/3940/3400 4692/5339/4745
f 4712/5398/4806 4691/5405/4813 5099/5400/4808
f 4730/5406/4814 4705/5407/4815 5110/5408/4816
f 5090/5293/4817 4318/5356/4765 4945/5261/4818
f 4326/5409/4819 5090/5293/4820 4946/5292/4821
f 4949/5393/4801 4950/5410/4822 5120/5411/4823
f 4686/5371/4779 4696/5355/4764 4326/5409/4819
f 5091/5346/4752 4327/5370/4778 4697/5377/4785
f 4714/5412/4824 4686/5371/4779 4326/5409/4819
f 4687/5391/4799 4697/5377/4785 4327/5370/4778
f 5107/3987/3452 4335/5413/4825 4726/5414/4826
f 4687/5391/4799 4698/5380/4787 5092/5376/4784
f 5103/5392/4800 4327/5370/4778 4715/5415/4827
f 4328/5416/4828 5093/5374/4782 4698/5380/4787
f 4688/5396/4804 4699/5372/4780 5093/5374/4782
f 5096/5397/4805 4328/5416/4828 4709/5390/4798
f 4723/5417/4829 4707/5418/4830 5104/3948/3411
f 4329/5419/4831 5094/5349/4755 4699/5382/4780
f 4689/5402/4810 4700/5385/4791 5094/5349/4755
f 5097/5403/4811 4329/5419/4831 4708/5420/4803
f 5114/5421/4832 4348/3976/3442 4721/5422/4833
f 4690/5368/4776 4700/5385/4791 4330/5383/4789
f 4690/5368/4776 4694/5321/4726 5095/5323/4728
f 4729/5423/4834 4704/5424/4835 5109/5425/4836
f 4336/5426/4837 5096/5397/4805 4709/5390/4798
f 4703/5427/4838 4708/5395/4803 5096/5397/4805
f 5108/5428/4839 4336/5426/4837 4727/3985/3450
f 4337/5429/4840 5097/5403/4811 4708/5420/4803
f 4704/5424/4835 4710/5384/4790 5097/5403/4811
f 5109/5425/4836 4337/5429/4840 4728/5430/4841
f 5106/5431/4842 4335/5413/4825 4701/5432/4843
f 4338/5433/4844 5098/5366/4774 4710/5384/4790
f 4705/5407/4815 4711/5401/4809 5098/5366/4774
f 5110/5408/4816 4338/5433/4844 4729/5423/4834
f 4706/5388/4796 4711/5401/4809 4339/5434/4845
f 4706/5388/4796 4712/5398/4806 5099/5400/4808
f 5111/5389/4797 4339/5434/4845 4730/5406/4814
f 4340/3949/3412 5100/5340/4746 4712/5398/4806
f 4341/5435/4846 5100/5340/4746 4707/5418/4830
f 4728/5436/4841 4703/5427/4838 5108/5428/4839
f 5114/5421/4832 4347/5437/4847 4740/5438/4848
f 5101/5328/4849 4326/5409/4819 4946/5292/4850
f 4334/5439/4851 5101/5328/4852 4947/5327/4853
f 4745/5440/4854 4717/5441/4855 5118/5442/4856
f 4950/5410/4822 4951/5443/4857 5132/5444/4858
f 4742/5445/4859 4722/5446/4860 5115/3975/3441
f 4701/5432/4843 4714/5412/4824 4334/5439/4851
f 5102/5369/4777 4335/5413/4825 4715/5415/4827
f 4725/5447/4861 4701/5432/4843 4334/5439/4851
f 4335/5413/4825 5103/5392/4800 4715/5415/4827
f 5103/5392/4800 4336/5426/4837 4709/5390/4798
f 4348/3976/3442 5104/3948/3411 4724/3950/3413
f 4349/5448/4862 5104/3948/3411 4722/5446/4860
f 4738/5449/4863 4719/5450/4864 5112/5451/4865
f 4754/5452/4866 4737/3920/3373 5127/5453/4867
f 5105/5354/4762 4334/5439/4851 4947/5327/4733
f 4342/5454/4868 5105/5354/4869 4948/5353/4870
f 4756/5455/4871 4732/5456/4872 5122/5457/4873
f 4740/5438/4848 4720/5458/4874 5113/5459/4875
f 4716/5336/4742 4725/5447/4861 4342/5454/4868
f 5106/5431/4842 4343/5335/4741 4726/5414/4826
f 4743/5460/4876 4716/5336/4742 4342/5454/4868
f 4343/5335/4741 5107/3987/3452 4726/5414/4826
f 4717/5441/4855 4727/3985/3450 5107/3987/3452
f 5118/5442/4856 4343/5335/4741 4744/5461/4877
f 4757/5462/4878 4733/5463/4879 5123/5464/4880
f 4344/5465/4881 5108/5428/4839 4727/3985/3450
f 5123/5464/4880 4352/5466/4882 4756/5455/4871
f 4718/5467/4883 4728/5436/4841 5108/5428/4839
f 5119/5468/4884 4344/5465/4881 4745/5440/4854
f 4345/5469/4885 5109/5470/4836 4728/5436/4841
f 4719/5450/4864 4729/5423/4834 5109/5425/4836
f 5112/5471/4865 4345/5469/4885 4739/5472/4886
f 4346/5473/4887 5110/5408/4816 4729/5423/4834
f 4720/5458/4874 4730/5406/4814 5110/5408/4816
f 5113/5459/4875 4346/5473/4887 4738/5449/4863
f 5131/5474/4888 4365/5475/4889 4752/5476/4890
f 4347/5437/4847 5111/5389/4797 4730/5406/4814
f 4721/5422/4833 4724/3950/3413 5111/5389/4797
f 4760/3919/3372 4736/5477/4891 5126/5478/4892
f 5125/5479/4893 4355/5480/4894 4735/5481/4895
f 4353/5482/4896 5112/5471/4865 4739/5472/4886
f 4734/5483/4897 4738/5449/4863 5112/5451/4865
f 5124/5484/4898 4353/5482/4896 4757/5462/4878
f 4354/5485/4899 5113/5459/4875 4738/5449/4863
f 4735/5486/4895 4740/5438/4848 5113/5459/4875
f 5125/5479/4893 4354/5487/4899 4758/5488/4900
f 4736/5489/4891 4740/5438/4848 4355/5490/4894
f 4736/5489/4891 4741/3977/3443 5114/5421/4832
f 5126/5478/4892 4355/5480/4894 4759/5491/4901
f 4739/5472/4886 4718/5467/4883 5119/5468/4884
f 4356/5492/3374 5115/3975/3441 4741/3977/3443
f 4357/5493/4902 5115/3975/3441 4737/5494/3373
f 4758/5488/4900 4734/5495/4897 5124/5496/4898
f 4768/5497/4903 4749/5498/4904 5128/5499/4905
f 5116/5394/4802 4342/5454/4906 4948/5353/4761
f 5141/5500/4907 4372/3905/3353 4766/5501/4908
f 4350/5502/4909 5116/5394/4910 4949/5393/4911
f 4775/5503/4912 4747/5504/4913 5134/5505/4914
f 4769/5506/4915 4748/5507/4916 5135/5508/4917
f 4731/3928/3383 4743/5460/4876 4350/5502/4909
f 5117/5334/4740 4351/3927/3382 4744/5461/4877
f 4753/5509/4918 4731/3928/3383 4350/5502/4909
f 4351/3927/3382 5118/5442/4856 4744/5461/4877
f 4732/5456/4872 4745/5440/4854 5118/5442/4856
f 4755/5510/4919 4732/5456/4872 4351/3927/3382
f 4784/5511/4920 4767/5512/4921 5142/3904/3352
f 4352/5466/4882 5119/5468/4884 4745/5440/4854
f 4733/5463/4879 4739/5472/4886 5119/5468/4884
f 4771/5513/4922 4751/5514/4923 5130/5515/4924
f 5120/5411/4823 4350/5502/4925 4949/5393/4801
f 5150/5516/4926 4378/5517/4927 4779/5518/4928
f 4358/5519/4929 5120/5411/4930 4950/5410/4931
f 4787/5520/4932 4762/5521/4933 5137/5522/4934
f 5131/5474/4888 4364/5523/4935 4771/5513/4922
f 4770/5524/4936 4750/5525/4937 5129/5526/4938
f 4746/5527/4939 4753/5509/4918 4358/5519/4929
f 5121/3926/3381 4359/5528/4940 4755/5510/4919
f 4773/5529/4941 4746/5527/4939 4358/5519/4929
f 4359/5528/4940 5122/5457/4873 4755/5510/4919
f 5122/5457/4873 4360/5530/4942 4756/5455/4871
f 5134/5505/4914 4359/5528/4940 4774/5531/4943
f 4360/5530/4942 5123/5464/4880 4756/5455/4871
f 5138/5532/4944 4368/5533/4945 4787/5520/4932
f 4748/5507/4916 4757/5462/4878 5123/5464/4880
f 5135/5508/4917 4360/5530/4942 4775/5503/4912
f 4788/5534/4946 4763/5535/4947 5138/5532/4944
f 4361/5536/4948 5124/5484/4898 4757/5462/4878
f 5124/5496/4898 4362/5537/4949 4758/5488/4900
f 5128/5538/4905 4361/5536/4948 4769/5506/4915
f 4362/5537/4949 5125/5479/4893 4758/5488/4900
f 4750/5525/4937 4759/5491/4901 5125/5479/4893
f 5129/5526/4938 4362/5537/4949 4768/5497/4903
f 4363/5539/4950 5126/5478/4892 4759/5491/4901
f 4751/5514/4923 4760/3919/3372 5126/5478/4892
f 5130/5515/4924 4363/5539/4950 4770/5524/4936
f 5158/3892/3340 4390/5540/4951 4798/5541/4952
f 5146/5542/4953 4382/5543/4954 4783/5544/4955
f 4364/5523/4935 5127/5453/4867 4760/3919/3372
f 4752/5476/4890 4754/5452/4866 5127/5453/4867
f 5133/5545/4956 4359/5528/4940 4746/5527/4939
f 4790/5546/4957 4765/5547/4958 5140/5548/4959
f 4369/5549/4960 5128/5538/4905 4769/5506/4915
f 5128/5499/4905 4370/5550/4961 4768/5497/4903
f 5139/5551/4962 4369/5552/4960 4788/5553/4946
f 4370/5550/4961 5129/5526/4938 4768/5497/4903
f 4765/5547/4958 4770/5524/4936 5129/5526/4938
f 5140/5548/4959 4370/5550/4961 4789/5554/4963
f 4371/5555/4964 5130/5515/4924 4770/5524/4936
f 4766/5501/4908 4771/5513/4922 5130/5515/4924
f 4790/5546/4957 4766/5501/4908 4371/5555/4964
f 5144/5556/4965 4380/5557/4966 4781/5558/4967
f 4372/3905/3353 5131/5474/4888 4771/5513/4922
f 4767/5512/4921 4772/5559/4968 5131/5474/4888
f 4789/5554/4963 4764/5560/4969 5139/5551/4962
f 4800/5561/4970 4780/5562/4971 5151/5563/4972
f 5132/5444/4858 4358/5519/4973 4950/5410/4822
f 4366/5564/4974 5132/5444/4975 4951/5443/4976
f 5143/5565/4977 4366/5564/4978 4951/5443/4857
f 4761/3912/3360 4773/5529/4941 4366/5564/4974
f 4954/5566/4979 4955/5567/4980 5174/5568/4981
f 5133/5545/4956 4367/3911/3359 4774/5531/4943
f 4786/5569/4982 4761/3912/3360 4366/5564/4974
f 4367/3911/3359 5134/5505/4914 4774/5531/4943
f 4762/5521/4933 4775/5503/4912 5134/5505/4914
f 5137/5522/4934 4367/3911/3359 4785/5570/4983
f 4829/5571/4984 4811/5572/4985 5160/5573/4986
f 4818/5574/4987 4795/5575/4988 5155/5576/4989
f 4952/5577/4990 4776/3889/3337 4374/5578/4991
f 4368/5533/4945 5135/5508/4917 4775/5503/4912
f 4763/5535/4947 4769/5506/4915 5135/5508/4917
f 4805/5579/4992 4778/5580/4993 5149/5581/4994
f 4777/3974/3440 4786/5569/4982 4375/3888/4995
f 5136/3910/3358 4376/3973/3439 4785/5570/4983
f 4803/5582/4996 4777/3974/3440 4375/3888/4995
f 4778/5580/4993 4785/5570/4983 4376/3973/3439
f 4778/5580/4993 4787/5520/4932 5137/5522/4934
f 5149/5581/4994 4376/3973/3439 4804/5583/4997
f 4377/5584/4998 5138/5532/4944 4787/5520/4932
f 5138/5532/4944 4378/5517/4927 4788/5534/4946
f 5150/5516/4926 4377/5584/4998 4805/5579/4992
f 4378/5585/4927 5139/5551/4962 4788/5553/4946
f 4817/5586/4999 4795/5575/4988 4386/5587/5000
f 5139/5551/4962 4379/5588/5001 4789/5554/4963
f 5151/5563/4972 4378/5585/4927 4806/5589/5002
f 4781/5558/4967 4789/5554/4963 4379/5588/5001
f 4817/5590/4999 4794/5591/5003 5154/5592/5004
f 4781/5558/4967 4790/5546/4957 5140/5548/4959
f 5144/5556/4965 4379/5588/5001 4800/5561/4970
f 4380/5557/4966 5141/5500/4907 4790/5546/4957
f 4782/3902/3350 4791/3906/3354 5141/5500/4907
f 4799/5593/5005 4782/3902/3350 4380/5557/4966
f 5159/5594/5006 4391/5595/5007 4815/5596/5008
f 4381/3901/3349 5142/3904/3352 4791/3906/3354
f 5142/3904/3352 4382/5543/4954 4784/5511/4920
f 4816/5597/5009 4793/5598/5010 5153/5599/5011
f 5152/5600/5012 4384/5601/5013 4792/5602/5014
f 4776/3889/3337 4951/5443/4857 4374/5578/4991
f 4952/5577/4990 4953/5603/5015 5159/5594/5016
f 5143/5565/5017 4375/3888/4995 4786/5569/4982
f 4820/3894/3342 4797/5604/5018 5157/5605/5019
f 4387/5606/5020 5144/5556/4965 4800/5561/4970
f 5144/5556/4965 4388/5607/5021 4799/5593/5005
f 5156/5608/5022 4387/5606/5020 4818/5574/4987
f 5162/5609/5023 4398/5610/5024 4813/3880/3328
f 4388/5607/5021 5145/3900/3348 4799/5593/5005
f 4797/5604/5018 4801/5611/5025 5145/3900/3348
f 4819/5612/5026 4797/5604/5018 4388/5607/5021
f 4836/5613/5027 4809/5614/5028 5166/5615/5029
f 5146/5542/4953 4381/3901/3349 4801/5611/5025
f 4830/5616/5030 4810/5617/5031 5167/5618/5032
f 4798/5541/4952 4801/5611/5025 4389/3893/3341
f 4798/5541/4952 4802/5619/5033 5146/5542/4953
f 4819/5612/5026 4796/5620/5034 5156/5608/5022
f 4383/5621/5035 5147/3887/5036 4952/5577/5037
f 4953/5603/5015 4954/5566/4979 5163/5622/5038
f 4955/5567/4980 4956/5623/5039 5178/5624/5040
f 5159/5594/5041 4383/5621/5042 4952/5577/5043
f 4792/5602/5014 4803/5582/4996 4383/5621/5035
f 4844/5625/5044 4823/5626/5045 5168/5627/5046
f 5148/3972/3438 4384/5601/5013 4804/5583/4997
f 4815/5596/5008 4792/5602/5014 4383/5621/5035
f 4384/5601/5013 5149/5581/4994 4804/5583/4997
f 4793/5598/5010 4805/5579/4992 5149/5581/4994
f 5153/5599/5011 4384/5601/5013 4814/5628/5047
f 4385/5629/5048 5150/5516/4926 4805/5579/4992
f 4794/5591/5003 4806/5630/5002 5150/5516/4926
f 5154/5592/5004 4385/5629/5048 4816/5597/5009
f 4847/5631/5049 4825/5632/5050 5170/5633/5051
f 4386/5587/5000 5151/5563/4972 4806/5589/5002
f 4795/5575/4988 4800/5561/4970 5151/5563/4972
f 4850/5634/5052 4828/5635/5053 5173/3868/3316
f 5165/5636/5054 4393/5637/5055 4808/5638/5056
f 4807/5639/5057 4815/5596/5008 4391/5595/5007
f 5152/5600/5012 4392/5640/5058 4814/5628/5047
f 4833/5641/5059 4807/5639/5057 4391/5595/5007
f 4846/5642/5060 4824/5643/5061 5169/5644/5062
f 4392/5640/5058 5153/5599/5011 4814/5628/5047
f 4808/5638/5056 4816/5597/5009 5153/5599/5011
f 5165/5636/5054 4392/5640/5058 4834/5645/5063
f 4393/5637/5055 5154/5592/5004 4816/5597/5009
f 4809/5614/5028 4817/5590/4999 5154/5592/5004
f 5166/5615/5029 4393/5637/5055 4835/5646/5064
f 4394/5647/5065 5155/5576/4989 4817/5586/4999
f 5170/5648/5051 4402/5649/5066 4846/5642/5060
f 4810/5617/5031 4818/5574/4987 5155/5576/4989
f 5167/5618/5032 4394/5647/5065 4836/5650/5027
f 4811/5572/4985 4818/5574/4987 4395/5651/5067
f 4811/5572/4985 4819/5612/5026 5156/5608/5022
f 4830/5616/5030 4811/5572/4985 4395/5651/5067
f 4396/5652/5068 5157/5605/5019 4819/5612/5026
f 4812/3890/3338 4820/3894/3342 5157/5605/5019
f 4829/5571/4984 4812/3890/3338 4396/5652/5068
f 4813/3880/3328 4820/3894/3342 4397/3881/3329
f 4813/3880/3328 4821/5653/5069 5158/3892/3340
f 5164/5654/5070 4392/5640/5058 4807/5639/5057
f 5175/5655/5071 4400/5656/5072 4822/5657/5073
f 5176/5658/5074 4413/3863/3312 4842/5659/5075
f 4956/5623/5039 4957/5660/5076 5189/5661/5077
f 5206/5662/5078 4432/5663/5079 4882/5664/5080
f 4849/3870/3318 4827/5665/5081 5172/5666/5082
f 4403/5667/5083 5160/5573/4986 4830/5616/5030
f 5160/5573/4986 4404/5668/5084 4829/5571/4984
f 5171/5669/5085 4403/5667/5083 4847/5631/5049
f 4861/5670/5086 4843/3862/3311 5177/5671/5087
f 4404/5668/5084 5161/3891/3339 4829/5571/4984
f 5188/5672/5088 4422/5673/5089 4858/5674/5090
f 4827/5665/5081 4831/3879/3327 5161/3891/3339
f 5172/5666/5082 4404/5668/5084 4848/5675/5091
f 4860/5676/5092 4841/5677/5093 5183/5678/5094
f 4828/5635/5053 4831/3879/3327 4405/3869/3317
f 4406/5679/5095 5162/5609/5023 4828/5635/5053
f 4848/5675/5091 4826/5680/5096 5171/5669/5085
f 5179/5681/5097 4408/5682/5098 4837/5683/5099
f 5182/5684/5100 4411/5685/5101 4840/5686/5102
f 5163/5622/5103 4391/5595/5104 4953/5603/5105
f 4399/5687/5106 5163/5622/5107 4954/5566/5108
f 4957/5660/5076 4958/5688/5109 5193/5689/5110
f 4822/5657/5073 4833/5641/5059 4399/5687/5106
f 4862/5690/5111 4837/5683/5099 4407/5691/5112
f 5164/5654/5070 4400/5656/5072 4834/5645/5063
f 4851/5692/5113 4822/5657/5073 4399/5687/5106
f 4400/5656/5072 5165/5636/5054 4834/5645/5063
f 4823/5626/5045 4835/5646/5064 5165/5636/5054
f 5168/5627/5046 4400/5656/5072 4845/5693/5114
f 4401/5694/5115 5166/5615/5029 4835/5646/5064
f 4824/5643/5061 4836/5613/5027 5166/5615/5029
f 5169/5644/5062 4401/5694/5115 4844/5625/5044
f 4877/5695/5116 4856/5696/5117 5186/5697/5118
f 4825/5698/5050 4836/5613/5027 4402/5649/5066
f 4825/5632/5050 4830/5616/5030 5167/5618/5032
f 5190/5699/5119 4416/5700/5120 4852/5701/5121
f 5181/5702/5122 4410/5703/5123 4839/5704/5124
f 4408/5682/5098 5168/5627/5046 4845/5693/5114
f 4838/5705/5125 4844/5625/5044 5168/5627/5046
f 5180/5706/5126 4408/5682/5098 4863/5707/5127
f 4409/5708/5128 5169/5644/5062 4844/5625/5044
f 4839/5704/5124 4846/5642/5060 5169/5644/5062
f 5181/5702/5122 4409/5708/5128 4864/5709/5129
f 4410/5703/5123 5170/5648/5051 4846/5642/5060
f 4840/5710/5102 4847/5631/5049 5170/5633/5051
f 5182/5684/5100 4410/5703/5123 4865/5711/5130
f 4411/5712/5101 5171/5669/5085 4847/5631/5049
f 5186/5697/5118 4419/5713/5131 4876/5714/5132
f 5171/5669/5085 4412/5715/5133 4848/5675/5091
f 5183/5678/5094 4411/5712/5101 4866/5716/5134
f 4412/5715/5133 5172/5666/5082 4848/5675/5091
f 5172/5666/5082 4413/3863/3312 4849/3870/3318
f 5176/5658/5074 4412/5715/5133 4860/5676/5092
f 4413/3863/3312 5173/3868/3316 4849/3870/3318
f 4843/3862/3311 4850/5634/5052 5173/3868/3316
f 4864/5709/5129 4838/5705/5125 5180/5706/5126
f 5174/5568/5135 4399/5687/5136 4954/5566/5137
f 4890/3882/3330 4872/5717/5138 5199/5718/5139
f 4407/5691/5112 5174/5568/5140 4955/5567/5141
f 4875/5719/5142 4853/5720/5143 5191/5721/5144
f 4958/5688/5145 4959/5722/5145 5205/5723/5146
f 4874/5724/5147 4854/5725/5148 5184/5726/5149
f 4837/5683/5099 4851/5692/5150 4407/5691/5112
f 5175/5655/5071 4408/5682/5098 4845/5693/5114
f 5188/5672/5088 4421/5727/5151 4878/5728/5152
f 5221/4930/4304 4448/5729/5153 4912/5730/5154
f 4857/5731/5155 4860/5676/5092 4420/5732/5156
f 4857/5731/5155 4859/3861/3310 5176/5658/5074
f 5187/5733/5157 4420/5734/5156 4877/5695/5116
f 4876/5735/5132 4855/5736/5158 5185/5737/5159
f 4421/5738/5151 5177/5671/5087 4859/3861/3310
f 4858/5739/5090 4861/5670/5086 5177/5671/5087
f 5187/5733/5157 4421/5727/5151 4857/5740/5155
f 4896/5741/5160 4871/5742/5161 5198/5743/5162
f 5178/5624/5163 4407/5691/5164 4955/5567/5165
f 4415/5744/5166 5178/5624/5167 4956/5623/5168
f 4959/5722/5169 4960/4991/5169 5209/5745/5170
f 4852/5701/5121 4862/5690/5171 4415/5744/5166
f 5179/5681/5097 4416/5700/5120 4863/5707/5127
f 4880/5746/5172 4852/5701/5121 4415/5744/5166
f 4416/5700/5120 5180/5706/5126 4863/5707/5127
f 5195/3931/3386 4424/5747/5173 4892/5748/5174
f 4853/5720/5143 4864/5709/5129 5180/5706/5126
f 5191/5721/5144 4416/5700/5120 4881/5749/5175
f 4417/5750/5176 5181/5702/5122 4864/5709/5129
f 4854/5725/5148 4865/5711/5130 5181/5702/5122
f 5184/5726/5149 4417/5750/5176 4875/5719/5142
f 4889/5751/5177 4873/3883/3331 5192/5752/5178
f 4418/5753/5179 5182/5684/5100 4865/5711/5130
f 4855/5736/5158 4866/5754/5134 5182/5684/5100
f 5185/5737/5159 4418/5753/5179 4874/5724/5147
f 4908/5755/5180 4887/5756/5181 5203/5757/5182
f 4419/5758/5131 5183/5678/5094 4866/5716/5134
f 4856/5759/5117 4860/5676/5092 5183/5678/5094
f 5197/5760/5183 4427/5761/5184 4870/5762/5185
f 4425/5763/5186 5184/5726/5149 4875/5719/5142
f 4869/5764/5187 4874/5724/5147 5184/5726/5149
f 5196/5765/5188 4425/5763/5186 4893/3929/3384
f 4426/5766/5189 5185/5737/5159 4874/5724/5147
f 4870/5762/5185 4876/5735/5132 5185/5737/5159
f 5197/5760/5183 4426/5766/5189 4894/5767/5190
f 5194/5768/5191 4424/5747/5173 4867/5769/5192
f 4427/5770/5184 5186/5697/5118 4876/5714/5132
f 4871/5742/5161 4877/5695/5116 5186/5697/5118
f 5198/5743/5162 4427/5770/5184 4895/5771/5193
f 4428/5772/5194 5187/5733/5157 4877/5695/5116
f 4872/5717/5138 4878/5728/5152 5187/5733/5157
f 5199/5718/5139 4428/5772/5194 4896/5741/5160
f 4429/3884/3332 5188/5672/5088 4878/5728/5152
f 4873/3883/3331 4879/5773/5195 5188/5672/5088
f 4894/5767/5190 4869/5764/5187 5196/5765/5188
f 5203/5757/5182 4436/5774/5196 4907/5775/5197
f 5189/5661/5198 4415/5744/5199 4956/5623/5200
f 4423/5776/5201 5189/5661/5202 4957/5660/5203
f 4905/5777/5204 4883/5778/5205 5207/5779/5206
f 5204/5780/5207 4438/5781/5208 4888/5782/5209
f 4867/5769/5192 4880/5746/5210 4423/5776/5211
f 5190/5699/5119 4424/5747/5173 4881/5749/5175
f 4891/5783/5212 4867/5769/5192 4423/5776/5211
f 4424/5747/5173 5191/5721/5144 4881/5749/5175
f 4868/3930/3385 4875/5719/5142 5191/5721/5144
f 4437/5784/5213 5192/5752/5178 4890/3882/3330
f 4888/5782/5209 4889/5751/5177 5192/5752/5178
f 4906/5785/5214 4885/5786/5215 5201/5787/5216
f 5193/5689/5217 4423/5776/5218 4957/5660/5219
f 4431/5788/5220 5193/5689/5221 4958/5688/5222
f 5220/4992/5223 4447/5789/5224 4960/4991/5225
f 4907/5775/5197 4886/5790/5226 5202/5791/5227
f 4882/5664/5080 4891/5783/5228 4431/5788/5229
f 5194/5768/5191 4432/5663/5079 4892/5748/5174
f 4910/5792/5230 4882/5664/5080 4431/5788/5229
f 4920/3846/3298 4902/5793/5231 5215/5794/5232
f 4432/5663/5079 5195/3931/3386 4892/5748/5174
f 5211/4021/3485 4440/5795/5233 4922/5796/5234
f 4883/5778/5205 4893/3929/3384 5195/3931/3386
f 5207/5779/5206 4432/5663/5079 4911/5797/5235
f 4884/5798/5236 4893/3929/3384 4433/5799/5237
f 4884/5798/5236 4894/5767/5190 5196/5765/5188
f 5200/5800/5238 4433/5799/5237 4905/5777/5204
f 4919/5801/5239 4903/3847/3299 5208/5802/5240
f 4434/5803/5241 5197/5760/5183 4894/5767/5190
f 4885/5804/5215 4895/5805/5193 5197/5760/5183
f 5201/5806/5216 4434/5803/5241 4904/5807/5242
f 4435/5808/5243 5198/5743/5162 4895/5771/5193
f 4886/5790/5226 4896/5741/5160 5198/5743/5162
f 5202/5791/5227 4435/5808/5243 4906/5785/5214
f 4964/3913/3364 4917/5809/5244 5218/4915/4290
f 4436/5774/5196 5199/5718/5139 4896/5741/5160
f 5199/5718/5139 4437/5784/5213 4890/3882/3330
f 4926/5810/5245 4901/5811/5246 5214/5812/5247
f 4925/5813/5248 4900/5814/5249 5213/5815/5250
f 4441/5816/5251 5200/5800/5238 4905/5777/5204
f 4899/5817/5252 4904/5807/5242 5200/5800/5238
f 5212/5818/5253 4441/5816/5251 4923/4019/3483
f 4900/5819/5249 4904/5807/5242 4442/5820/5254
f 4900/5814/5249 4906/5785/5214 5201/5787/5216
f 4924/5821/5255 4900/5819/5249 4442/5820/5254
f 5210/5822/5256 4440/5795/5233 4897/5823/5257
f 4443/5824/5258 5202/5791/5227 4906/5785/5214
f 4933/4921/5259 4934/4949/4327 4997/5049/5260
f 4901/5811/5246 4907/5775/5197 5202/5791/5227
f 5214/5812/5247 4443/5824/5258 4925/5813/5248
f 4444/5825/5261 5203/5757/5182 4907/5775/5197
f 4902/5793/5231 4908/5755/5180 5203/5757/5182
f 5215/5794/5232 4444/5825/5261 4926/5810/5245
f 4963/4929/4303 4916/5826/5262 5217/4905/4280
f 4904/5807/5242 4884/5798/5236 5200/5800/5238
f 4445/3848/3300 5204/5780/5207 4908/5755/5180
f 4903/3847/3299 4909/5827/5263 5204/5780/5207
f 4924/5821/5255 4899/5817/5252 5212/5818/5253
f 5218/4915/4290 4452/5828/5264 4963/4929/4303
f 5205/5723/5265 4431/5788/5266 4958/5688/5267
f 4439/5829/5268 5205/5723/5269 4959/5722/5270
f 4967/5830/5271 4913/5831/5272 5222/4967/4347
f 5219/4911/4286 4454/5832/5273 4918/3914/3365
f 4897/5823/5257 4910/5792/5274 4439/5829/5275
f 5206/5662/5078 4440/5795/5233 4911/5797/5235
f 4921/5833/5276 4897/5823/5257 4439/5829/5275
f 4440/5795/5233 5207/5779/5206 4911/5797/5235
f 4898/4020/3484 4905/5777/5204 5207/5779/5206
f 4453/3915/3366 5208/5802/5240 4920/3846/3298
f 4454/5832/5273 5208/5802/5240 4918/3914/3365
f 4961/3953/3416 4915/5834/5277 5216/3951/3414
f 5209/5745/5278 4439/5829/5279 4959/5722/5280
f 4447/5789/5281 5209/5745/5282 4960/4991/5283
f 4912/5730/5154 4921/5833/5284 4447/5789/5285
f 5210/5822/5256 4448/5729/5153 4922/5796/5234
f 4965/4958/5286 4912/5730/5154 4447/5789/5285
f 4448/5729/5153 5211/4021/3485 4922/5796/5234
f 5220/4992/5287 4199/4939/5288 4965/4958/5289
f 4913/5831/5272 4923/4019/3483 5211/4021/3485
f 5222/4967/4347 4448/5729/5153 4966/4932/4306
f 4449/5835/5290 5212/5818/5253 4923/4019/3483
f 5212/5818/5253 4450/5836/5291 4924/5821/5255
f 5223/3943/3406 4449/5835/5290 4967/5830/5271
f 4929/4881/4258 4927/5837/5292 5219/4911/4286
f 4450/5836/5291 5213/5838/5250 4924/5821/5255
f 5213/5815/5250 4451/5839/5293 4925/5813/5248
f 5216/4894/3414 4450/5836/5291 4962/3937/3391
f 4967/5830/5271 4457/4965/4345 4201/3944/3407
f 4451/5839/5293 5214/5812/5247 4925/5813/5248
f 4916/5826/5262 4926/5810/5245 5214/5812/5247
f 4961/3953/3416 4916/5826/5262 4451/5839/5293
f 4452/5828/5264 5215/5794/5232 4926/5810/5245
f 4917/5809/5244 4920/3846/3298 5215/5794/5232
f 3168/2851/2239 3122/3924/3377 2657/3932/3387
f 3097/3805/3246 3072/3826/3272 3399/3786/3228
f 3415/3954/3417 2645/3874/3322 3102/3843/3295
f 3166/3966/3432 2662/2805/2194 2406/2807/2196
f 2931/3430/2857 2906/3452/2882 3311/3409/2839
f 4962/3937/3391 4914/5840/5294 5223/3943/3406
f 3112/3796/3237 3092/3824/3268 2641/3827/3273
f 3180/2926/2318 2411/2887/2274 2688/2927/2319
f 3351/3652/5295 2579/3602/5296 2980/3596/3022
f 2780/3044/2453 2761/3076/2486 2464/3079/2491
f 3319/3450/2880 2552/3421/2849 2945/3494/2925
f 2766/3057/2465 2741/3028/2441 3223/3095/2513
f 3216/3009/2415 2448/2981/2384 2751/3065/2471
f 2689/2836/2224 2668/2819/2208 3181/2822/2211
f 2687/2823/2212 2667/2915/2308 3180/2926/2318
f 5226/5841/3491 5234/5842/3492 5227/5843/3492
f 5240/5844/3493 5231/2383/3494 5239/4841/3494
f 5476/5845/3495 5227/5843/3496 5228/5846/3495
f 5227/5843/3492 5235/5847/3497 5228/5846/3497
f 5476/5848/3495 5229/5849/3498 5477/5850/3498
f 5229/5849/3499 5235/5851/3497 5236/5852/3499
f 5240/5844/3500 5247/4840/3501 5248/5853/3500
f 5233/5854/3502 5240/5844/3493 5241/5855/3502
f 5478/5856/3503 5229/5849/3498 5230/5857/3503
f 5260/5858/5297 5267/1994/3505 5268/5859/3504
f 5230/5857/3506 5236/5852/3499 5237/5860/3506
f 5399/2382/3507 5239/4841/3507 5231/2383/3507
f 5238/5861/3510 5245/5862/3509 5246/5863/3508
f 5237/5860/3506 5480/5864/5298 5230/5857/3506
f 5242/5865/3512 5233/5854/3502 5241/5855/3502
f 5316/5866/3513 5307/2452/3514 5315/5867/3514
f 5243/5868/3515 5250/5869/3516 5251/5870/3515
f 5259/5871/3517 5250/5869/3518 5258/5872/3518
f 5225/5873/3520 5231/2383/3519 5232/5874/3520
f 5250/5869/3518 5257/5875/3521 5258/5872/3518
f 5474/5876/3522 5225/5873/3523 5226/5841/5299
f 5226/5841/3491 5232/5874/3520 5233/5854/3491
f 5235/5847/3524 5242/5865/3512 5243/5868/3524
f 5249/5877/3525 5240/5844/3500 5248/5853/3500
f 5249/5877/3521 5256/5878/3526 5257/5875/3521
f 5274/5879/3527 5265/5880/3528 5273/5881/3528
f 5254/5882/3529 5245/5862/3530 5253/5883/3530
f 5289/5884/3531 5296/5885/3594 5297/5886/3531
f 5266/5887/3542 5257/5875/3534 5265/5880/3534
f 5261/5888/3535 5252/5889/3536 5260/5858/3536
f 5269/5890/3537 5260/5858/5297 5268/5859/3504
f 5399/2382/3538 5255/5891/3538 5247/4840/3538
f 5262/5892/3539 5253/5893/3535 5261/5888/3535
f 5265/5880/3528 5272/5894/3540 5273/5881/3528
f 5256/5878/3526 5247/4840/5300 5255/5891/5300
f 5259/5871/3505 5266/5887/3542 5267/5895/3505
f 5252/5889/3536 5259/5896/3517 5260/5858/3536
f 5275/1995/1522 5266/5897/3527 5274/5898/3527
f 5290/5899/3543 5281/5900/3544 5289/5884/3544
f 5270/5901/3545 5261/5888/3537 5269/5890/3537
f 5274/5879/3546 5281/5900/3547 5282/5902/3546
f 5256/5878/3549 5263/5903/3548 5264/5904/3549
f 5284/5905/3550 5275/1995/3551 5283/5906/3551
f 5399/2382/3552 5263/5903/3552 5255/5891/3552
f 5265/5880/3534 5256/5878/3553 5264/5904/3553
f 5278/5907/3554 5269/5890/3555 5277/5908/3555
f 5289/5884/3544 5280/5909/3556 5288/5910/3556
f 5272/5894/3557 5263/5903/3557 5271/5911/3557
f 5304/5912/3558 5295/5913/3559 5303/5914/3559
f 5275/1995/3551 5282/5915/3546 5283/5906/3551
f 5269/5890/3555 5276/1993/1520 5277/5908/3555
f 5399/2382/3560 5271/5911/3561 5263/5903/3562
f 5291/5916/5301 5282/5915/3543 5290/5917/3543
f 5306/5918/2065 5297/5886/3565 5305/5919/3565
f 5278/5907/3566 5285/5920/3567 5286/5921/3566
f 5277/5908/3567 5284/5905/3550 5285/5920/3567
f 5291/5916/3568 5298/5922/3569 5299/2450/3568
f 5272/5894/3570 5279/5923/3570 5280/5909/3570
f 5399/2382/3560 5279/5923/3571 5271/5911/3561
f 5273/5881/3547 5280/5909/3572 5281/5900/3547
f 5294/5924/3573 5285/5920/3574 5293/5925/3574
f 5332/5926/3575 5323/5927/3576 5331/5928/3576
f 5288/5910/3556 5279/5923/3577 5287/5929/3577
f 5308/5930/3578 5299/2450/2064 5307/2452/2064
f 5314/5931/3579 5305/5919/3580 5313/5932/3580
f 5301/5933/3581 5308/5930/3578 5309/5934/3581
f 5300/5935/3582 5291/5916/3568 5299/2450/3568
f 5285/5920/3574 5292/5936/3583 5293/5925/3574
f 5309/5934/3584 5316/5866/3513 5317/5937/3584
f 5399/2382/3560 5287/5929/3585 5279/5923/3571
f 5314/5931/3586 5321/5938/3587 5322/5939/3586
f 5302/5940/3588 5293/5925/3589 5301/5933/3590
f 5293/5925/3589 5300/5935/3582 5301/5933/3590
f 5399/2382/3560 5295/5913/5302 5287/5929/3585
f 5377/5941/3592 5384/5942/5303 5385/5943/3592
f 5288/5910/3594 5295/5913/3595 5296/5885/3594
f 5324/5944/3596 5315/5945/3597 5323/5927/3597
f 5297/5886/3565 5304/5912/3558 5305/5919/3565
f 5298/5946/3569 5289/5884/3531 5297/5886/3531
f 5399/2382/3560 5311/2398/3598 5303/5914/3599
f 5325/5947/3600 5316/5948/3596 5324/5944/3596
f 5322/5939/3601 5329/5949/3602 5330/5950/3601
f 5399/2382/3560 5303/5914/3599 5295/5913/5302
f 5310/5951/3603 5301/5933/3581 5309/5934/3581
f 5313/5932/3580 5304/5912/3604 5312/5952/3604
f 5315/5953/3597 5322/5939/3586 5323/5954/3597
f 5325/5947/3606 5332/5926/3575 5333/5955/3606
f 5318/5956/3607 5309/5934/3584 5317/5937/3584
f 5304/5912/3604 5311/2398/3608 5312/5952/3604
f 5332/5926/3609 5339/5957/3610 5340/5958/3609
f 5321/5938/3587 5312/5952/1997 5320/2397/1997
f 5307/2452/3514 5314/5959/3579 5315/5867/3514
f 5345/5960/3611 5336/2351/3612 5344/5961/3612
f 5341/5962/3613 5332/5926/3609 5340/5958/3609
f 5338/5963/3614 5345/5960/3611 5346/5964/3614
f 5399/2382/3560 5319/2399/3615 5311/2398/3598
f 5326/5965/3616 5317/5966/3600 5325/5947/3600
f 5321/5938/3602 5328/5967/3617 5329/5949/3602
f 5337/5968/3618 5328/5967/1928 5336/2351/1928
f 5339/5957/3610 5330/5969/3620 5338/5970/3621
f 5344/5961/3622 5351/5971/3624 5352/5972/3622
f 5399/2382/3560 5327/2352/1929 5319/2399/3615
f 5334/5973/3625 5325/5947/3606 5333/5955/3606
f 5347/5974/3626 5338/5970/3614 5346/5975/3614
f 5399/2382/3560 5335/2353/1930 5327/2352/1929
f 5320/2397/3617 5327/2352/3627 5328/5967/3617
f 5338/5963/3621 5329/5949/3618 5337/5968/3618
f 5331/5928/3576 5322/5976/3601 5330/5969/3601
f 5347/5974/3628 5354/5977/3629 5355/5978/3628
f 5354/5979/3630 5361/5980/3631 5362/5981/3630
f 5342/5982/3632 5333/5955/3613 5341/5962/3613
f 5345/5960/3633 5352/5972/3622 5353/5983/3633
f 5349/5984/3634 5340/5958/3635 5348/5985/3635
f 5356/5986/3636 5347/5974/3628 5355/5978/3628
f 5349/5984/3637 5356/5986/3636 5357/5987/3637
f 5399/2382/3560 5343/5988/3623 5335/2353/1930
f 5350/5989/3638 5341/5962/3634 5349/5984/3634
f 5361/5980/3631 5352/5972/3639 5360/5990/3639
f 5363/5991/3640 5354/5977/3630 5362/5992/3630
f 5399/2382/3560 5351/5971/3624 5343/5988/3623
f 5344/5961/3612 5335/2353/1930 5343/5988/3623
f 5346/5964/3629 5353/5983/3633 5354/5979/3629
f 5348/5985/3635 5339/5957/3626 5347/5974/3626
f 5378/5993/3641 5369/5994/3642 5377/5941/3642
f 5358/5995/5304 5349/5984/3637 5357/5987/3637
f 5399/2382/3560 5383/5996/3644 5375/5997/3645
f 5370/5998/3646 5361/5980/3647 5369/5994/3647
f 5357/5987/3648 5364/5999/3649 5365/6000/3648
f 5372/6001/3650 5363/5991/3651 5371/6002/3651
f 5373/6003/3652 5364/5999/3650 5372/6001/3650
f 5399/2382/3560 5359/6004/3653 5351/5971/3624
f 5366/6005/5305 5357/5987/3648 5365/6000/3648
f 5377/5941/3642 5368/6006/3655 5376/6007/3655
f 5360/5990/3639 5351/5971/3624 5359/6004/3653
f 5402/6008/3656 5392/6009/3657 5401/6010/3657
f 5363/5991/3651 5370/6011/3646 5371/6002/3651
f 5364/5999/3649 5355/5978/3640 5363/5991/3640
f 5379/6012/3658 5370/5998/3641 5378/5993/3641
f 5386/6013/3659 5393/6014/3660 5394/6015/3659
f 5374/6016/3661 5365/6000/3652 5373/6003/3652
f 5437/6017/3662 5428/6018/3663 5436/6019/3663
f 5379/6012/3664 5386/6013/3665 5387/6020/3664
f 5360/5990/3666 5367/6021/3667 5368/6006/3666
f 5399/2382/3560 5367/6021/3667 5359/6004/3653
f 5361/5980/3647 5368/6006/3666 5369/5994/3647
f 5374/6016/3668 5381/6022/3669 5382/6023/3668
f 5385/5943/3660 5392/6009/3670 5393/6014/3660
f 5376/6007/3655 5367/6021/3667 5375/5997/3645
f 5388/6024/3671 5395/4612/3672 5396/6025/3671
f 5401/6010/3673 5408/6026/3674 5409/6027/3673
f 5389/6028/3675 5396/6025/3671 5397/6029/3675
f 5380/6030/3677 5387/6031/3664 5388/6024/3677
f 5381/6022/3669 5372/6001/3678 5380/6032/3678
f 5399/2382/3560 5375/5997/3645 5367/6021/3667
f 5411/6033/4244 5402/6008/3680 5410/6034/3680
f 5390/6035/3681 5381/6036/3683 5389/6028/3683
f 5389/6028/3683 5380/6030/3677 5388/6024/3677
f 5404/4845/3684 5394/4614/3685 5403/6037/3685
f 5384/5942/5303 5375/5997/3686 5383/5996/5306
f 5397/6029/3687 5405/6038/3688 5406/6039/3687
f 5378/5993/3665 5385/5943/3592 5386/6013/3665
f 5384/5942/3670 5391/6040/3689 5392/6009/3670
f 5405/6038/3690 5412/4847/3691 5413/6041/3690
f 5410/6034/3692 5417/6042/3693 5418/6043/3692
f 5406/6039/3694 5413/6041/3690 5414/6044/3694
f 5405/6038/3688 5395/4612/3684 5404/4845/3684
f 5399/2382/3560 5391/6040/3695 5383/5996/3644
f 5390/6035/3696 5397/6029/3675 5398/6045/3696
f 5414/6044/3697 5421/6046/3698 5422/6047/3697
f 5427/6048/3699 5418/6043/3700 5426/6049/3700
f 5398/6045/3701 5406/6039/3687 5407/6050/3701
f 5400/6051/3702 5391/6040/3695 5399/2382/3560
f 5401/6010/3657 5391/6040/3703 5400/6051/3703
f 5402/6008/3680 5409/6027/3673 5410/6034/3680
f 5403/6052/3685 5393/6014/3656 5402/6008/3656
f 5399/2382/3560 5416/4792/5307 5408/6026/3705
f 5435/6053/3706 5426/6049/3707 5434/6054/3707
f 5422/6047/3708 5429/6055/3709 5430/6056/3708
f 5399/2382/3560 5408/6026/3705 5400/6051/3702
f 5407/6050/3710 5414/6044/3694 5415/6057/3710
f 5417/6042/3693 5408/6026/3711 5416/4792/3711
f 5421/6046/3709 5428/6018/3712 5429/6055/3709
f 5420/6058/3713 5427/6059/3699 5428/6018/3712
f 5421/6046/3698 5412/4847/3714 5420/6058/3714
f 5419/6060/3715 5410/6034/3692 5418/6043/3692
f 5438/6061/3716 5429/6055/3662 5437/6017/3662
f 5415/6057/3717 5422/6047/3697 5423/6062/3717
f 5437/6017/3718 5444/6063/3719 5445/6064/3718
f 5426/6049/3700 5417/6042/3720 5425/4791/3720
f 5412/4847/3714 5419/6065/3715 5420/6058/3714
f 5450/6066/3721 5441/4751/3722 5449/6067/3722
f 5446/6068/5308 5437/6017/3718 5445/6064/3718
f 5451/6069/3724 5442/6070/3721 5450/6066/3721
f 5399/2382/3560 5424/4793/3725 5416/4792/5307
f 5423/6062/3726 5430/6056/3708 5431/6071/3726
f 5426/6049/3707 5433/6072/3727 5434/6054/3707
f 5434/6054/3728 5441/4751/3729 5442/6070/3728
f 5436/6073/3719 5443/6074/3731 5444/6075/3719
f 5399/2382/3560 5432/4752/5309 5424/4793/3725
f 5431/6071/5310 5438/6061/3716 5439/6076/3733
f 5452/6077/3734 5443/6074/3724 5451/6069/3724
f 5399/2382/3560 5440/4753/3735 5432/4752/5309
f 5425/4791/3736 5432/4752/3736 5433/6072/3736
f 5443/6074/3731 5434/6054/3728 5442/6070/3728
f 5436/6073/3663 5427/6048/3706 5435/6053/3706
f 5459/6078/3737 5466/6079/3738 5467/6080/3737
f 5439/6076/3739 5446/6068/5308 5447/6081/3739
f 5459/6078/3740 5450/6066/3741 5458/6082/3741
f 5454/6083/3742 5445/6084/5311 5453/6085/3743
f 5453/6085/3744 5460/6086/5312 5461/6087/3744
f 5462/6088/3746 5453/6085/3744 5461/6087/3744
f 5399/2382/3747 5448/6089/3747 5440/4753/3747
f 5447/6090/3748 5454/6083/3742 5455/6091/3748
f 5458/6082/3738 5465/6092/3749 5466/6079/3738
f 5449/6067/3750 5440/4753/3750 5448/6089/3750
f 5460/6093/5312 5451/6069/3740 5459/6078/3740
f 5445/6084/5311 5452/6094/3734 5453/6085/3743
f 5245/5862/3509 5236/5852/3752 5244/6095/3752
f 5460/6093/3753 5467/6080/3737 5468/6096/3753
f 5455/6091/3754 5462/6088/3746 5463/6097/5313
f 5475/6098/3755 5466/6079/3756 5474/5876/3756
f 5449/6067/3757 5456/6099/3758 5457/6100/3757
f 5477/5850/3759 5468/6101/3760 5476/5848/3760
f 5399/2382/3761 5456/6099/3761 5448/6089/3761
f 5450/6066/3741 5457/6100/3757 5458/6082/3741
f 5463/6097/3762 5470/6102/3763 5471/6103/3762
f 5465/6092/3749 5456/6099/3764 5464/6104/3764
f 5468/6096/3760 5475/6098/3755 5476/5845/3760
f 5470/6102/3763 5461/6087/3765 5469/6105/3765
f 5399/2382/5314 5464/6104/5314 5456/6099/5314
f 5471/6103/3767 5478/5856/3768 5479/6106/3767
f 5470/6102/5315 5477/5850/3759 5478/5856/3768
f 5465/6092/3769 5472/6107/3770 5473/6108/3769
f 5399/2382/3771 5472/6107/3771 5464/6104/3771
f 5466/6079/3756 5473/6108/3769 5474/5876/3756
f 5230/5857/3503 5479/6106/5316 5478/5856/3503
f 5474/5876/3522 5227/5843/3496 5475/6098/3496
f 5236/5852/3752 5243/6109/3524 5244/6095/3752
f 5250/5869/3516 5241/5855/3525 5249/5877/3525
f 5472/6107/3773 5225/5873/3523 5473/6108/3523
f 5224/2381/3774 5472/6107/3774 5399/2382/3774
f 5469/6105/3765 5460/6086/3753 5468/6101/3753
f 5380/6032/3678 5371/6002/3658 5379/6110/3658
f 5292/5936/3583 5283/5906/3563 5291/5916/5301
f 5245/5862/3530 5252/6111/3775 5253/5883/3530
f 5252/6111/3775 5243/6109/3515 5251/6112/3515
f 2709/2939/2331 2683/2934/2326 3194/2979/2327
f 2692/2882/2269 2671/2861/2249 3184/2862/2250
f 2702/2956/2355 2686/2918/2311 2424/2877/2264
f 3204/2976/2381 2440/2997/2399 2733/2898/2289
f 3220/3034/2447 2456/3025/2438 2763/3080/2492
f 3236/3158/2583 2467/3146/2569 2770/3142/2565
f 3242/3087/2499 2472/3129/2545 2799/3112/2530
f 2809/3193/2616 2790/6113/5317 3245/3173/2596
f 3248/3209/2637 2475/3159/2584 2785/3157/2581
f 3258/3151/2575 2488/3184/2607 2828/3237/2664
f 2839/3263/2690 2820/3236/2663 3261/3238/2665
f 3262/3191/2614 2496/3239/2666 2839/3263/2690
f 2857/3250/2677 2836/3216/2645 2504/3268/2695
f 3277/3256/2683 2512/6114/2733 2867/3245/2672
f 3293/3357/2784 2528/3351/2778 2897/3396/2822
f 3308/3418/2846 2544/3437/2864 2928/3382/2808
f 3325/3533/2968 2555/3512/2944 2935/3511/2943
f 3331/3459/2889 2560/3497/2926 2964/3481/2913
f 3340/3603/3029 2571/3586/3012 2965/3582/3008
f 3346/3517/2949 2576/3502/2932 2995/3618/3042
f 3005/3641/3067 2986/3617/3041 3349/3619/3043
f 3352/3659/3089 2580/3604/3030 2981/3601/3027
f 3362/3547/2980 2593/3649/3075 3024/3631/3057
f 3365/3710/3137 2601/3686/3113 3016/3687/3114
f 3035/3714/3141 3017/3639/3065 2601/3686/3113
f 3377/3665/3095 2609/3719/3146 3053/3701/3128
f 3063/3693/3120 3047/3708/3135 2617/3757/3187
f 3396/3794/3236 2633/3814/3253 3094/3759/3192
f 3412/3851/3303 2649/3840/3292 3124/3933/3388
f 5204/5780/5207 4437/5784/5213 4908/5755/5180
f 2064/2133/2142 1912/2124/2142 1904/2114/2142
f 1972/2143/1711 1963/2204/2127 1971/2242/1688
f 1985/2241/1762 1976/2229/2117 1984/2251/2117
f 2001/2245/1778 1992/2259/2113 2000/2264/2113
f 2052/6115/2101 2059/2303/1852 2060/2327/1872
f 2069/2328/2098 2076/2325/1886 2077/6116/1902
f 2090/2365/1952 2081/2348/2091 2089/2372/2091
f 2106/2367/1968 2097/2377/5318 2105/2380/5318
f 1236/6117/5319 1294/6118/5319 1237/6119/5319
f 1238/6123/5323 1237/6119/5323 1295/1430/5323
f 1237/6119/5324 1294/6118/5324 1295/1430/5324
f 2321/2513/2053 2146/2485/2053 2153/2486/2053
f 2321/2513/1883 2249/2589/1883 2257/2593/1883
f 2321/2513/1685 2354/2711/1685 2362/2715/1685
f 3886/4537/4112 3877/4523/4196 3885/4543/4196
f 3930/4578/4175 3921/4561/4187 3929/4571/4159
f 3480/4109/1520 3471/4048/1521 3479/4091/1521
f 3603/4051/4242 3451/4041/4242 3443/4031/4242
f 3503/4118/2064 3510/4154/2065 3511/4059/2064
f 3516/4147/1997 3523/4162/5325 3524/4153/1997
f 3540/4157/3619 3531/4171/1929 3539/4175/1930
f 3591/4233/3672 3598/6124/3659 3599/4226/3672
f 3616/4245/3691 3607/4240/4244 3615/6125/3679
f 3629/4271/3720 3620/4258/4230 3628/4279/4230
f 3645/4274/4215 3636/4285/4215 3644/4288/4215
f 3428/4066/1979 3603/4051/1979 3435/4052/1979
f 49/4/3 1/13/3 2/5/4
f 1/9/7 648/15/12 649/10/8
f 50/12/10 4/26/10 1/13/3
f 1/9/7 4/6164/5334 561/6165/5334
f 1/9/7 561/6165/5334 571/6166/5334
f 560/591/492 653/590/491 648/15/12
f 563/6167/5335 562/6168/5336 560/591/492
f 563/6167/5335 560/591/492 648/15/12
f 1/9/7 571/6166/5334 570/6169/5334
f 1/9/7 570/6169/5334 569/6170/5334
f 564/6171/11 563/6167/5335 648/15/12
f 565/6172/11 564/6171/11 648/15/12
f 1/9/7 569/6170/5334 568/6173/5337
f 1/9/7 568/6173/5337 567/6174/5338
f 566/14/11 565/6172/11 648/15/12
f 1/9/7 567/6174/5338 566/14/11
f 561/6165/5350 4/6164/5351 5/19/15
f 5/19/15 557/6198/5352 579/20/16
f 578/21/17 561/6165/5350 5/19/15
f 51/25/19 5/6227/19 4/26/10
f 52/31/22 6/6240/22 5/32/22
f 557/6198/5352 5/19/15 6/34/23
f 6/34/23 553/6241/24 575/35/24
f 574/36/25 557/6198/5352 6/34/23
f 8/37/26 7/6242/26 6/38/27
f 553/6241/5374 6/34/5375 7/40/28
f 7/40/28 559/45/33 577/41/29
f 576/42/30 553/6241/5374 7/40/28
f 559/45/33 7/40/28 9/43/31
f 9/43/31 555/6243/5376 572/44/32
f 54/49/37 9/6245/37 7/50/26
f 12/52/38 11/6246/38 10/53/39
f 55/55/39 10/6247/39 9/56/37
f 555/6243/5378 9/43/5379 10/58/40
f 10/58/40 669/65/5380 666/575/5381
f 666/575/5381 554/6248/523 584/6249/523
f 583/59/41 582/6250/523 581/6251/523
f 666/575/5381 584/6249/523 583/59/41
f 580/60/42 555/6243/5378 10/58/40
f 583/59/41 581/6251/523 580/60/42
f 10/58/40 666/575/5381 583/59/41
f 672/61/43 11/6252/38 12/62/38
f 11/64/44 672/6253/5382 669/65/45
f 679/66/47 534/80/57 529/67/48
f 649/10/8 675/68/49 529/67/48
f 649/10/8 529/67/48 545/6254/49
f 528/6255/5383 13/6256/5384 2/11/9
f 546/6257/5385 528/6255/5383 2/11/9
f 649/10/8 545/6254/49 544/6258/49
f 649/10/8 544/6258/49 543/6259/5386
f 547/6260/5387 546/6257/5385 2/11/9
f 548/6261/50 547/6260/5387 2/11/9
f 649/10/8 543/6259/5386 542/6262/5388
f 649/10/8 542/6262/5388 541/6263/50
f 549/6264/50 548/6261/50 2/11/9
f 550/6265/50 549/6264/50 2/11/9
f 2/11/9 649/10/8 541/6263/50
f 2/11/9 541/6263/50 540/6266/50
f 551/6267/50 550/6265/50 2/11/9
f 538/70/50 551/6267/50 2/11/9
f 2/11/9 540/6266/50 539/69/50
f 13/71/51 14/73/51 3/6/4
f 15/72/52 56/78/52 14/73/51
f 17/74/53 18/86/53 58/75/54
f 16/77/55 58/217/55 56/78/52
f 682/79/56 531/84/62 534/80/57
f 688/81/58 532/93/5389 527/82/59
f 685/83/61 527/82/5390 531/84/62
f 19/85/63 20/91/63 18/86/53
f 692/87/64 695/101/5391 23/88/65
f 21/90/67 22/95/67 20/91/63
f 532/93/70 688/81/70 692/87/68
f 692/87/68 21/89/5392 19/92/69
f 23/94/71 24/100/71 22/95/67
f 26/96/72 25/99/72 698/97/73
f 25/99/72 26/96/72 24/100/71
f 695/101/74 698/835/5393 25/102/75
f 106/120/93 107/209/94 35/121/94
f 70/123/96 123/6288/96 83/124/96
f 33/126/97 76/6289/97 106/120/93
f 725/127/98 764/863/98 123/128/98
f 14/73/51 88/6290/51 77/130/4
f 44/131/99 122/138/103 101/132/100
f 43/137/102 121/6292/102 122/138/103
f 53/125/96 83/124/96 121/139/104
f 85/141/39 86/6293/38 12/52/38
f 120/142/105 74/233/105 31/143/105
f 12/62/38 86/6294/38 769/145/43
f 119/146/106 120/232/107 69/147/107
f 93/149/109 119/146/106 42/148/108
f 84/151/37 85/6295/39 55/55/39
f 118/152/110 104/6296/110 61/153/110
f 780/155/111 753/6297/275 75/156/112
f 83/6298/5413 763/196/5414 767/158/114
f 767/158/114 85/162/5415 84/159/115
f 84/159/115 101/6299/5416 122/6300/89
f 121/160/116 83/6298/5413 767/158/114
f 84/159/115 122/6300/89 121/160/116
f 767/158/117 769/894/5417 86/161/118
f 76/202/156 77/6301/5418 88/163/120
f 88/163/120 87/6302/5419 109/6303/121
f 88/163/120 109/6303/121 108/6304/121
f 106/165/122 76/202/156 88/163/120
f 88/163/120 108/6304/121 107/164/121
f 87/6302/5419 88/163/120 90/166/123
f 90/166/123 89/170/82 112/167/124
f 112/167/124 111/6305/5420 110/168/125
f 110/168/125 87/6302/5419 90/166/123
f 90/166/126 92/171/5421 91/169/127
f 92/171/128 94/6306/5422 93/6307/5422
f 92/171/128 93/6307/5422 129/172/129
f 128/173/130 91/169/275 92/171/128
f 93/6308/5423 94/6309/5424 95/6310/134
f 133/175/132 130/6311/5425 139/6312/5426
f 139/6312/5426 826/6313/5427 780/155/5428
f 780/155/5428 74/157/5429 120/176/133
f 120/176/133 119/6314/5430 93/6308/5423
f 133/175/132 139/6312/5426 780/155/5428
f 120/176/133 93/6308/5423 95/6310/134
f 133/175/132 780/155/5428 120/176/133
f 120/176/133 95/6310/134 132/174/131
f 138/289/5431 139/284/5426 130/6315/5425
f 138/289/5431 130/6315/5425 134/179/136
f 135/281/5432 132/272/131 95/177/134
f 96/178/135 138/289/5431 134/179/136
f 134/179/136 135/281/5432 95/177/134
f 98/180/137 785/6316/5433 783/181/138
f 138/6317/5431 96/6318/135 97/182/139
f 97/182/139 783/181/138 828/183/140
f 140/184/141 138/6317/5431 97/182/139
f 113/6319/5434 104/6320/5435 520/547/5436
f 113/6319/5434 520/547/5436 522/185/142
f 102/187/144 103/188/418 113/6319/5434
f 81/6321/5437 80/190/5438 102/187/144
f 523/186/143 519/545/5439 81/6321/5437
f 102/187/144 113/6319/5434 522/185/142
f 523/186/143 81/6321/5437 102/187/144
f 115/192/148 102/187/5440 80/190/146
f 80/190/146 79/204/158 100/191/147
f 116/6322/5441 99/199/5442 82/193/149
f 82/193/149 81/6321/5437 519/545/5439
f 521/194/150 520/547/5436 104/6320/5435
f 82/193/149 519/545/5439 521/194/150
f 117/6323/5443 116/6322/5441 82/193/149
f 521/194/150 104/6320/5435 118/195/151
f 118/195/151 117/6323/5443 82/193/149
f 763/196/152 83/6298/152 123/197/152
f 124/200/154 101/6299/5416 84/159/115
f 84/159/115 82/193/153 99/199/153
f 125/6324/5444 105/205/159 78/201/155
f 78/201/155 77/6301/5418 76/202/156
f 126/203/157 125/6324/5444 78/201/155
f 127/206/160 100/191/147 79/204/158
f 79/204/158 78/201/155 105/205/159
f 90/207/52 88/6290/51 14/73/51
f 101/132/100 124/6325/5445 45/208/161
f 107/209/94 108/6326/162 36/210/162
f 45/208/161 124/6325/5445 99/211/163
f 108/213/164 109/6327/164 37/214/164
f 92/216/55 90/207/52 56/78/52
f 62/218/165 105/6328/165 125/219/166
f 109/221/167 87/225/167 34/222/167
f 125/219/166 126/228/168 72/224/168
f 87/225/167 110/6329/167 64/226/167
f 94/227/53 92/6330/54 58/75/54
f 126/228/168 76/6289/97 33/126/97
f 110/213/169 111/6327/169 65/214/169
f 59/229/170 100/6331/170 127/230/171
f 111/147/172 112/148/172 38/146/172
f 74/233/105 75/6332/105 48/234/105
f 127/230/171 105/6328/165 62/218/165
f 38/146/173 112/148/173 89/150/173
f 95/235/63 94/227/53 18/86/53
f 75/236/174 753/6333/174 704/237/174
f 28/149/173 89/150/173 91/242/173
f 128/241/175 129/239/5446 73/242/176
f 104/243/110 113/6334/110 39/244/110
f 77/130/4 78/6335/3 49/4/3
f 73/242/176 129/239/5446 93/149/109
f 39/246/177 113/6336/177 103/247/177
f 96/249/67 95/235/63 20/91/63
f 49/4/3 78/6335/3 79/250/10
f 30/248/177 103/247/177 114/251/177
f 50/27/10 79/6337/10 80/253/19
f 40/254/178 114/6338/178 102/255/178
f 51/33/22 80/6339/22 81/257/22
f 60/258/179 102/6340/179 115/259/180
f 24/100/71 97/6341/71 96/249/67
f 81/261/27 82/6342/26 8/37/26
f 115/259/180 100/6331/170 59/229/170
f 785/262/73 98/267/72 26/96/72
f 27/212/163 99/211/163 116/263/182
f 66/264/183 116/263/182 117/265/184
f 98/267/72 97/6341/71 24/100/71
f 82/268/26 84/6343/37 54/49/37
f 67/269/184 117/6344/184 118/270/185
f 130/276/190 131/275/189 136/278/192
f 132/272/186 135/281/5447 136/280/194
f 139/284/198 138/289/204 137/282/196
f 137/282/196 827/286/200 778/283/197
f 828/287/201 781/285/5448 137/282/202
f 196/313/230 225/328/230 239/314/231
f 194/320/238 223/6387/238 249/321/238
f 208/315/239 239/314/239 238/323/239
f 218/322/243 249/321/243 225/328/230
f 238/329/244 237/6390/244 206/330/244
f 235/334/247 248/6391/248 217/335/248
f 237/337/250 236/343/250 205/338/250
f 248/340/251 247/6392/251 216/341/251
f 236/343/252 235/334/247 197/336/249
f 216/344/253 247/6393/253 246/345/254
f 198/347/255 227/415/255 234/348/256
f 246/345/254 245/6394/257 214/350/257
f 204/349/258 234/348/258 231/351/259
f 234/6395/5506 227/483/5507 226/361/5508
f 234/6395/5506 226/361/5508 262/6396/5509
f 224/437/5510 232/451/5511 233/6397/5512
f 259/6398/5513 224/437/5510 233/6397/5512
f 231/355/263 234/6395/5506 262/6396/5509
f 231/355/263 262/6396/5509 261/374/5514
f 259/6398/5513 233/6397/5512 230/354/5515
f 231/355/263 261/374/5514 260/353/261
f 260/353/261 259/6398/5516 230/354/262
f 231/355/5517 230/354/5517 240/356/5517
f 249/360/268 223/366/5518 222/365/5519
f 263/358/266 224/437/5520 225/359/267
f 249/360/268 222/365/5519 263/358/266
f 248/363/271 235/476/5399 226/361/269
f 226/361/269 258/372/5521 247/362/270
f 229/364/272 228/370/5522 222/365/273
f 254/368/275 252/375/285 256/369/5523
f 257/367/275 228/370/5522 229/364/272
f 254/368/275 256/369/5523 257/367/275
f 258/372/280 226/361/5508 227/483/5507
f 245/371/278 246/6399/5524 247/362/279
f 258/372/280 227/483/5507 245/371/278
f 262/6396/5525 226/361/5526 235/476/5527
f 262/6396/5525 235/476/5527 236/6400/5528
f 225/359/5529 224/437/5530 259/6398/5531
f 239/467/5532 225/359/5529 259/6398/5531
f 261/374/283 262/6396/5525 236/6400/5528
f 261/374/283 236/6400/5528 237/6401/5533
f 239/467/5532 259/6398/5531 260/353/282
f 261/374/283 237/6401/5533 238/373/281
f 238/373/281 239/467/5532 260/353/282
f 256/369/276 255/377/5534 222/365/284
f 255/377/287 256/369/5523 252/375/285
f 252/375/285 253/461/5535 250/376/286
f 222/365/288 255/377/82 251/379/5536
f 251/379/5536 242/460/5537 243/455/5538
f 244/378/289 232/451/5511 224/437/5510
f 222/365/288 251/379/5536 243/455/5538
f 244/378/289 224/437/5510 263/358/290
f 222/365/288 243/455/5538 244/378/289
f 251/380/291 250/401/303 193/381/292
f 240/383/293 230/412/294 201/384/294
f 242/386/295 251/380/295 219/382/295
f 210/388/296 241/6402/296 240/389/296
f 229/391/297 223/6387/298 194/320/298
f 202/352/260 231/351/259 241/393/265
f 220/395/301 253/6403/301 252/396/301
f 212/398/302 243/6404/302 242/399/302
f 250/401/303 253/6405/304 220/402/304
f 244/403/305 243/6406/305 212/404/305
f 233/406/306 232/411/307 195/407/307
f 254/409/308 229/391/297 200/392/299
f 232/411/307 244/403/309 213/405/309
f 230/412/294 233/406/310 203/408/310
f 252/396/301 254/6407/311 221/413/311
f 214/414/312 245/6408/312 227/415/255
f 256/416/313 270/6409/333 269/417/314
f 272/419/315 266/6410/335 226/420/316
f 222/422/317 264/432/327 267/423/318
f 268/425/320 272/6411/5539 258/426/321
f 224/428/323 259/6412/324 273/429/324
f 263/431/326 277/6413/326 264/432/327
f 260/433/328 274/6414/328 273/434/328
f 265/436/325 277/453/329 263/358/329
f 261/438/330 275/6415/330 274/439/330
f 261/441/331 262/447/331 276/442/331
f 257/444/332 271/6416/332 270/445/333
f 262/447/334 226/6417/316 266/448/335
f 228/424/319 267/423/318 271/449/336
f 232/451/338 233/6397/5540 273/452/339
f 244/378/341 232/451/338 265/436/340
f 244/378/343 277/453/5541 264/454/344
f 271/458/347 270/6418/5542 243/456/345
f 243/456/345 264/6419/344 267/457/346
f 243/455/345 270/463/5542 269/459/348
f 252/375/358 253/461/5543 269/459/359
f 254/368/361 252/375/358 270/463/360
f 229/364/363 254/368/5544 271/464/364
f 229/364/363 267/465/365 264/454/366
f 223/366/367 264/454/366 277/453/368
f 277/453/368 249/360/5545 194/466/369
f 225/359/370 249/360/5546 277/453/371
f 239/467/373 225/359/370 265/436/372
f 274/468/375 238/6420/5547 239/469/373
f 237/471/376 238/6420/5548 274/468/377
f 276/473/379 236/475/5549 237/471/380
f 266/474/382 235/6421/385 236/475/383
f 235/476/385 266/482/382 272/477/386
f 248/363/387 272/477/386 268/478/388
f 272/479/390 245/6422/393 246/480/391
f 245/371/393 272/477/390 266/482/394
f 276/473/396 234/485/5550 227/484/395
f 275/472/397 231/487/5551 234/485/398
f 275/472/402 274/468/5552 240/486/400
f 259/6423/5553 240/6424/5554 274/6425/5555
f 230/6426/5556 273/6427/339 233/6428/5540
f 259/6423/5553 274/6425/5555 230/6426/5557
f 331/499/211 978/6372/5478 652/497/410
f 652/497/410 281/6199/410 332/498/411
f 406/510/418 355/6479/418 356/509/418
f 356/509/418 403/501/418 404/500/418
f 404/500/418 405/6483/418 406/510/418
f 520/547/453 524/546/456 525/548/454
f 519/545/450 523/186/5640 525/548/458
f 627/549/460 626/566/460 567/550/460
f 17/552/461 16/558/5641 530/553/462
f 584/555/464 643/627/464 642/556/464
f 16/558/465 15/563/469 533/559/466
f 542/560/468 601/6523/468 600/561/468
f 535/6524/5642 533/559/466 15/563/469
f 15/563/469 13/6256/5384 528/6255/5383
f 15/563/469 528/6255/5383 537/564/470
f 536/565/470 535/6524/5642 15/563/469
f 626/566/471 625/573/471 566/567/471
f 526/554/472 532/93/5643 19/92/473
f 583/568/475 642/6525/475 641/569/476
f 541/562/478 600/561/478 599/571/478
f 625/573/479 624/6526/479 565/574/479
f 573/577/482 554/6248/5644 666/575/480
f 666/575/480 664/1309/5645 558/576/481
f 582/578/477 641/6527/476 640/579/483
f 552/581/485 660/586/489 657/582/486
f 540/572/488 599/571/488 598/584/488
f 558/576/481 664/1309/5645 660/586/489
f 624/587/490 623/713/490 564/588/490
f 556/583/487 657/582/486 653/590/491
f 581/580/484 640/579/483 639/592/493
f 543/623/524 602/631/524 601/624/524
f 554/626/525 613/659/525 643/627/526
f 628/628/527 627/549/527 568/551/527
f 544/630/528 603/636/528 602/631/528
f 629/632/529 628/6558/529 569/633/529
f 545/635/530 604/6559/530 603/636/531
f 630/637/532 629/632/533 570/634/533
f 588/639/534 604/6559/530 545/635/530
f 561/641/535 620/697/535 630/637/532
f 546/642/536 605/649/536 587/643/537
f 562/645/538 621/708/575 619/646/539
f 547/648/540 606/6560/540 605/649/536
f 572/650/541 631/656/545 618/651/542
f 607/653/543 606/6560/540 547/648/540
f 555/655/544 614/712/544 631/656/545
f 549/657/546 608/661/546 607/653/543
f 573/658/547 632/6561/5663 613/659/525
f 550/660/548 609/665/548 608/661/548
f 617/662/539 632/6561/5663 573/658/547
f 551/664/549 610/670/549 609/665/549
f 574/666/550 633/6562/5664 616/667/551
f 538/669/552 597/6563/552 610/670/552
f 634/671/553 633/6562/5664 574/666/550
f 586/673/555 590/6564/556 531/674/556
f 553/676/558 612/686/558 634/671/553
f 530/677/559 589/6565/5665 585/678/504
f 556/680/539 615/706/539 611/681/539
f 531/674/556 590/6564/556 592/683/534
f 576/685/561 635/690/564 612/686/558
f 591/687/562 589/6565/5665 530/677/559
f 577/689/563 636/691/565 635/690/564
f 534/684/534 592/683/534 588/639/534
f 559/652/542 618/651/542 636/691/565
f 593/692/562 591/687/562 533/688/562
f 552/682/539 611/681/539 617/662/539
f 594/694/566 593/692/566 535/693/566
f 578/696/567 637/702/570 620/697/535
f 595/698/568 594/6566/568 536/699/568
f 579/701/569 638/703/569 637/702/570
f 528/644/537 587/643/537 595/698/537
f 557/668/551 616/667/551 638/703/569
f 596/704/572 586/673/555 527/675/557
f 560/647/539 619/646/539 615/706/539
f 563/707/574 622/6567/574 621/708/575
f 526/679/560 585/678/504 596/709/503
f 580/711/494 639/6568/493 614/712/544
f 623/713/577 622/6567/574 563/707/574
f 539/585/578 598/584/578 597/714/578
f 720/718/581 645/793/581 644/719/582
f 644/726/585 645/789/629 649/10/586
f 644/730/582 650/6607/588 651/731/588
f 648/15/587 653/590/1066 1261/6610/5676
f 1261/6610/5676 1263/6611/5677 1264/6612/5678
f 648/15/587 1261/6610/5676 1264/6612/5678
f 1262/6613/5679 650/6614/5679 644/726/585
f 1272/6615/5679 1262/6613/5679 644/726/585
f 648/15/587 1264/6612/5678 1265/6616/5680
f 648/15/587 1265/6616/5680 1266/6617/5680
f 1271/6618/5679 1272/6615/5679 644/726/585
f 1270/6619/5679 1271/6618/5679 644/726/585
f 648/15/587 1266/6617/5680 1267/6620/5680
f 648/15/587 1267/6620/5680 1268/735/589
f 1269/736/590 1270/6619/5679 644/726/585
f 644/726/585 648/15/587 1268/735/589
f 654/741/595 650/6614/5691 1262/6613/5692
f 654/741/595 1262/6613/5692 1279/739/593
f 1280/740/594 1258/6643/5693 654/741/595
f 650/744/588 654/6671/599 655/745/599
f 654/750/602 658/6683/602 722/751/602
f 658/757/605 654/741/595 1258/6643/5693
f 658/757/605 1258/6643/5693 1275/755/603
f 1276/756/604 1254/6684/604 658/757/605
f 658/761/606 661/6685/607 662/762/607
f 661/768/610 658/757/5718 1254/6684/5719
f 661/768/610 1254/6684/5719 1277/766/608
f 1278/767/609 1260/769/611 661/768/610
f 665/771/613 661/768/610 1260/769/611
f 1273/770/612 1256/6686/5720 665/771/613
f 662/762/607 661/6685/607 665/774/616
f 667/776/617 670/6688/618 671/777/618
f 665/774/616 667/776/617 727/778/617
f 667/782/621 665/771/5721 1256/6686/5722
f 1281/6689/5723 1282/6690/1094 1283/6691/1094
f 667/782/621 1256/6686/5722 1281/6689/5723
f 666/575/620 669/65/5724 667/782/621
f 1285/6692/1094 1255/6693/1094 666/575/620
f 1281/6689/5723 1283/6691/1094 1284/781/619
f 1284/781/619 1285/6692/1094 666/575/620
f 667/782/621 1281/6689/5723 1284/781/619
f 671/777/618 670/6688/618 672/783/622
f 669/65/623 672/6253/5725 670/787/624
f 1230/788/626 1235/807/636 679/66/627
f 645/789/629 673/6694/5726 1229/1295/1044
f 645/789/629 1229/1295/1044 1247/6695/5727
f 1230/788/626 675/68/628 649/10/586
f 1246/6696/628 1230/788/626 649/10/586
f 645/789/629 1247/6695/5727 1248/6697/5728
f 645/789/629 1248/6697/5728 1249/6698/630
f 1245/6699/628 1246/6696/628 649/10/586
f 1244/6700/5729 1245/6699/628 649/10/586
f 645/789/629 1249/6698/630 1250/6701/630
f 645/789/629 1250/6701/630 1251/6702/630
f 1243/6703/1077 1244/6700/5729 649/10/586
f 1242/6704/630 1243/6703/1077 649/10/586
f 645/789/629 1251/6702/630 1252/6705/630
f 645/789/629 1252/6705/630 1239/6706/630
f 1242/6704/630 649/10/586 645/789/629
f 1241/791/630 1242/6704/630 645/789/629
f 645/789/629 1239/6706/630 1240/790/630
f 720/718/581 729/864/631 673/792/631
f 729/799/631 677/805/632 676/800/632
f 680/802/633 732/950/633 684/803/634
f 677/805/632 732/939/635 680/806/635
f 1235/807/636 1232/809/641 682/79/637
f 1228/808/638 1233/821/5730 688/81/639
f 1232/809/641 1228/808/5731 685/83/642
f 683/804/634 684/803/634 687/817/643
f 692/87/644 689/822/5732 693/819/645
f 687/817/643 690/980/647 689/820/647
f 692/87/650 688/81/5733 1233/821/648
f 1233/821/648 686/1299/5734 689/822/649
f 690/825/647 735/833/651 693/826/651
f 736/828/652 697/999/653 698/829/653
f 735/833/651 736/828/652 696/830/652
f 695/101/654 693/819/5735 696/834/655
f 742/854/673 796/935/673 795/855/674
f 750/857/676 723/877/676 762/858/676
f 719/860/677 705/856/675 795/855/674
f 725/127/678 750/6726/678 812/862/678
f 729/864/631 720/718/581 756/865/581
f 749/869/679 699/933/680 789/870/680
f 713/874/682 749/869/679 811/871/681
f 723/877/676 713/6727/683 810/878/683
f 727/778/617 671/777/618 768/879/618
f 701/881/684 793/6728/684 809/882/684
f 728/784/622 769/6729/622 768/879/618
f 748/232/685 809/147/685 808/148/686
f 712/146/687 808/148/686 776/150/688
f 727/778/617 766/880/617 765/885/616
f 740/886/689 792/973/689 807/887/689
f 754/889/690 753/6297/856 780/155/691
f 767/158/695 763/196/5754 762/6730/5755
f 767/158/695 762/6730/5755 810/6731/5756
f 765/892/694 766/6732/5757 767/158/695
f 811/891/693 789/6733/5758 765/892/694
f 767/158/695 810/6731/5756 811/891/693
f 767/158/696 766/6732/5759 768/893/697
f 771/897/700 756/928/734 755/6734/5760
f 771/897/700 755/6734/5760 795/6735/5761
f 798/6736/699 770/6737/5762 771/897/700
f 797/896/699 798/6736/699 771/897/700
f 771/897/700 795/6735/5761 796/895/699
f 773/900/703 771/897/700 770/6737/5762
f 799/898/701 800/6738/5763 801/899/702
f 773/900/703 770/6737/5762 799/898/701
f 801/899/702 772/6739/660 773/900/703
f 773/900/704 772/6739/5749 774/901/705
f 775/902/707 774/901/856 817/6740/5764
f 818/903/708 776/6741/709 777/904/709
f 775/902/707 817/6740/5764 818/903/708
f 779/6742/5765 777/6743/5766 776/6744/5767
f 776/6744/5767 808/6745/5768 809/905/710
f 809/905/710 793/890/5769 780/155/5770
f 780/155/5770 826/6313/5771 831/6746/5772
f 831/6746/5772 819/6747/5773 822/906/711
f 779/6742/5765 776/6744/5767 809/905/710
f 780/155/5770 831/6746/5772 822/906/711
f 821/907/712 779/6742/5765 809/905/710
f 809/905/710 780/155/5770 822/906/711
f 779/6748/5765 821/1012/712 824/1020/5774
f 823/908/713 819/6749/5773 831/1021/5772
f 779/6748/5765 824/1020/5774 823/908/713
f 823/908/713 831/1021/5772 830/909/714
f 782/910/715 779/6748/5765 823/908/713
f 783/181/716 785/6316/5775 786/911/717
f 784/912/718 782/6750/715 830/6751/714
f 832/913/719 828/183/5776 783/181/716
f 784/912/718 830/6751/714 832/913/719
f 1221/1278/5777 792/6752/5778 802/6753/5779
f 802/6753/5779 791/917/995 790/914/720
f 790/914/720 759/921/5780 760/6754/5781
f 760/6754/5781 1220/1276/5782 1224/915/721
f 1223/916/722 1221/1278/5777 802/6753/5779
f 790/914/720 760/6754/5781 1224/915/721
f 1223/916/722 802/6753/5779 790/914/720
f 759/921/726 790/914/5783 804/919/724
f 804/919/724 788/6755/5784 758/920/725
f 761/924/729 787/6756/5785 805/6757/5786
f 761/924/729 805/6757/5786 806/6758/5787
f 1220/1276/5782 760/6754/5781 761/924/729
f 792/6752/5778 1221/1278/5777 1222/923/728
f 1222/923/728 1220/1276/5782 761/924/729
f 761/924/729 806/6758/5787 807/922/727
f 807/922/727 792/6752/5778 1222/923/728
f 812/925/730 762/6730/730 763/196/730
f 765/892/694 789/6733/5758 813/926/731
f 813/926/731 787/6756/732 761/924/732
f 757/929/735 794/6759/5788 814/6760/5789
f 815/927/733 755/6734/5760 756/928/734
f 757/929/735 814/6760/5789 815/927/733
f 758/920/725 788/6755/5784 816/930/736
f 816/930/736 794/6759/5788 757/929/735
f 729/799/631 771/866/631 773/931/632
f 751/932/737 813/937/740 789/870/680
f 743/934/738 797/6761/738 796/935/673
f 751/932/737 737/1000/739 787/936/739
f 706/213/741 798/6327/741 797/214/741
f 677/805/632 773/931/632 775/938/635
f 741/940/742 752/947/743 814/941/743
f 703/943/744 770/949/744 798/944/744
f 714/946/745 815/952/745 814/941/743
f 744/948/744 799/954/744 770/949/744
f 732/950/633 775/6762/633 777/951/634
f 719/860/677 755/861/677 815/952/745
f 707/953/746 800/6763/746 799/954/746
f 738/955/747 715/962/748 816/956/748
f 708/958/749 801/964/749 800/959/749
f 718/233/684 754/6332/684 793/234/684
f 741/940/742 794/942/742 816/956/748
f 708/958/750 730/971/750 772/963/750
f 684/803/634 777/951/634 779/965/643
f 704/237/751 753/6333/751 754/966/751
f 730/971/750 731/968/750 774/970/750
f 717/239/752 818/242/754 817/240/753
f 709/972/689 802/6765/689 792/973/689
f 721/720/582 757/6766/582 756/865/581
f 717/239/752 702/149/688 776/150/688
f 709/976/755 739/982/755 791/977/755
f 687/817/643 779/965/643 782/979/647
f 651/731/588 758/6767/588 757/981/582
f 739/982/755 745/6768/755 803/983/755
f 651/746/588 655/745/599 759/984/599
f 745/986/756 700/6769/756 790/987/756
f 722/751/602 760/6770/602 759/991/602
f 700/992/757 746/997/759 804/993/758
f 690/825/647 782/6771/647 784/995/651
f 662/762/607 761/1009/607 760/996/606
f 738/955/747 788/957/747 804/993/758
f 736/828/652 786/1008/652 785/998/653
f 737/1000/739 747/1006/762 805/1001/760
f 747/1006/762 710/1010/764 806/1007/763
f 735/833/651 784/995/651 786/1008/652
f 726/775/616 765/885/616 761/1009/607
f 710/1010/764 711/6773/765 807/1011/765
f 819/1017/771 823/6774/5790 825/1018/772
f 825/1019/773 824/1020/5791 821/1012/766
f 829/1022/777 830/909/783 831/1021/775
f 831/1021/775 778/283/5792 827/286/776
f 828/287/779 832/1023/5793 829/1022/780
f 895/1038/809 907/6816/810 938/1039/810
f 893/1046/817 917/6820/818 948/1047/818
f 907/1049/820 906/6821/820 937/1050/820
f 917/1053/824 895/1038/809 924/1040/809
f 905/1055/825 936/6826/825 937/1056/825
f 916/1059/829 947/1066/829 934/1060/830
f 904/1062/832 935/1067/832 936/1063/832
f 915/1065/833 946/6827/833 947/1066/833
f 896/1061/831 934/1060/830 935/1067/834
f 915/1068/835 914/1075/836 945/1069/836
f 897/1071/837 903/1076/838 933/1072/838
f 913/1074/839 944/6828/839 945/1069/836
f 903/1076/840 901/1117/841 930/1077/841
f 925/1087/5851 926/1214/5852 933/6829/5853
f 932/1181/5854 931/1179/5855 923/1083/5856
f 932/1181/5854 923/1083/5856 958/6830/5857
f 961/6831/5858 925/1087/5851 933/6829/5853
f 960/1080/844 961/6831/5858 933/6829/5853
f 929/1079/5859 932/1181/5854 958/6830/5857
f 929/1079/843 958/6830/5860 959/1096/5861
f 960/1080/844 933/6829/5853 930/1078/842
f 929/1079/843 959/1096/5861 960/1080/844
f 930/1078/845 940/6832/5862 939/1081/846
f 921/1089/5863 922/1193/5864 948/1082/847
f 948/1082/847 924/1195/5744 923/1083/848
f 962/1084/849 921/1089/5863 948/1082/847
f 925/1087/852 934/1207/5744 947/1085/850
f 947/1085/850 946/1209/5865 957/1086/851
f 928/1088/853 922/1193/5866 921/1089/854
f 955/1093/5867 951/1100/868 953/1091/856
f 953/1091/856 928/1088/853 927/1090/855
f 956/1092/856 955/1093/5867 953/1091/856
f 926/1214/5852 925/1087/5851 957/1086/859
f 957/1086/859 946/1209/5868 945/1094/860
f 944/1095/861 926/1214/5852 957/1086/859
f 934/1207/5869 925/1087/5870 961/6831/5871
f 958/6830/5872 923/1083/5873 924/1195/5874
f 958/6830/5872 924/1195/5874 938/1196/5875
f 935/6833/5876 934/1207/5869 961/6831/5871
f 936/1097/864 935/6833/5876 961/6831/5871
f 959/1096/863 958/6830/5872 938/1196/5875
f 959/1096/863 938/1196/5875 937/6834/5877
f 936/1097/864 961/6831/5871 960/1080/862
f 959/1096/863 937/6834/5877 936/1097/864
f 921/1089/865 954/1098/5878 955/1093/857
f 951/1100/868 955/1093/5867 954/1098/866
f 954/1098/5749 949/1103/5749 952/1099/5749
f 921/1089/869 962/1084/5879 923/1083/5856
f 923/1083/5856 931/1179/5855 943/1182/5880
f 942/1101/870 941/1189/5881 950/1102/5882
f 921/1089/869 923/1083/5856 943/1182/5880
f 942/1101/870 950/1102/5882 954/1098/871
f 921/1089/869 943/1182/5880 942/1101/870
f 892/1104/872 949/1126/884 950/1105/873
f 900/1107/874 929/1138/874 939/1108/875
f 918/1106/876 950/1105/876 941/1110/876
f 909/1112/877 908/6835/877 939/1113/877
f 893/1046/817 922/1048/819 928/1115/878
f 901/1117/841 909/6836/880 940/1118/880
f 919/1119/881 898/1140/881 951/1120/881
f 911/1122/882 910/6837/882 941/1123/882
f 919/1125/883 952/6838/883 949/1126/884
f 911/1127/885 942/6839/885 943/1128/886
f 894/1130/887 931/1136/887 932/1131/888
f 899/1116/879 928/1115/878 953/1133/889
f 912/1135/890 943/6840/890 931/1136/887
f 902/1137/891 932/6841/891 929/1138/874
f 920/1139/892 953/6842/892 951/1120/881
f 913/1141/893 897/1071/837 926/1073/837
f 968/1143/894 969/6843/913 955/1144/895
f 925/1146/896 965/6844/915 971/1147/897
f 921/1149/898 927/1177/916 966/1150/899
f 957/1152/901 971/6845/5883 967/1153/902
f 923/1155/904 964/6846/909 972/1156/905
f 962/1158/906 921/1149/898 963/1151/900
f 972/1160/907 973/6847/907 959/1161/907
f 962/1163/908 976/6848/908 964/1164/909
f 973/1166/910 974/6849/910 960/1167/910
f 960/1169/911 974/6850/911 975/1170/911
f 956/1172/912 955/6851/895 969/1173/913
f 961/1171/914 975/1170/914 965/1175/915
f 927/1177/916 956/6852/5884 970/1178/917
f 931/1179/918 964/1183/922 972/1180/919
f 943/1182/921 976/1194/5885 964/1183/922
f 963/1184/923 976/1194/5886 943/1182/924
f 942/1187/925 969/6853/5887 970/1185/926
f 966/1186/927 963/6854/923 942/1187/925
f 968/1188/928 969/1191/5887 942/1101/925
f 951/1100/936 969/1191/940 968/1188/937
f 953/1091/939 970/1192/5888 969/1191/940
f 928/1088/941 966/6855/5889 970/1192/942
f 963/1184/944 966/6855/5889 928/1088/941
f 976/1194/947 963/1184/944 922/1193/945
f 924/1195/948 964/1183/952 976/1194/949
f 938/1196/951 972/1180/5890 964/1183/952
f 973/1197/953 972/1220/5890 938/1198/951
f 973/1197/955 937/1199/5891 936/1200/956
f 975/1202/958 974/1201/5892 936/1200/959
f 965/1204/961 975/1202/5893 935/1203/962
f 971/1206/964 965/1213/961 934/1207/963
f 967/1208/966 971/1206/964 947/1085/965
f 971/1210/968 967/6856/5894 945/1211/969
f 965/1213/971 971/1206/968 944/1095/970
f 975/1202/973 965/1204/971 926/1215/972
f 974/1201/975 975/1202/5895 933/1216/976
f 939/1219/980 973/1197/5896 974/1201/978
f 974/1201/978 930/1217/5897 940/1218/979
f 932/6857/920 972/6858/919 929/6859/5898
f 929/6859/5899 973/6860/5899 939/6861/5899
f 929/6859/5900 939/6861/5900 958/6862/5900
f 652/497/988 978/6372/5672 1032/1231/788
f 1032/1231/788 1033/6804/788 981/1232/988
f 1057/1243/995 1056/6910/995 1107/1242/995
f 1107/1242/995 1106/6916/995 1105/1235/995
f 1105/1235/995 1104/1234/995 1057/1243/995
f 1221/1278/1028 1223/916/5988 1226/1279/1029
f 1226/1279/1032 1224/915/5989 1220/1276/1025
f 1268/1280/1034 1326/1298/1034 1327/1281/1034
f 1231/1283/1035 680/1290/5990 683/1284/1036
f 1285/1286/1038 1284/6957/1038 1342/1287/1038
f 1234/1289/1039 676/1296/1045 680/1290/1040
f 1243/1291/1042 1242/6958/1042 1300/1292/1042
f 676/1296/1045 1234/1289/1039 1236/6959/5991
f 676/1296/1045 1236/6959/5991 1237/6960/1043
f 1229/1295/1044 673/6694/5726 676/1296/1045
f 676/1296/1045 1237/6960/1043 1238/1294/1043
f 1267/1297/1046 1325/1307/1046 1326/1298/1046
f 1227/1285/1047 683/1284/5992 686/1299/1048
f 1284/1300/1050 1283/1310/1057 1341/1301/1051
f 1242/1303/1052 1241/1313/1052 1299/1304/1052
f 1266/1306/1053 1324/6961/1053 1325/1307/1053
f 666/575/1056 1255/6693/5993 1274/1308/1054
f 1274/1308/1054 1259/1315/1063 664/1309/1055
f 1283/1310/1057 1282/1320/1067 1340/1311/1058
f 1253/1312/1059 1257/1319/1065 657/582/1060
f 1241/1313/1062 1240/1441/1062 1298/1314/1062
f 1259/1315/1063 1253/1312/1059 660/586/1061
f 1265/1316/1064 1323/1440/1064 1324/1317/1064
f 1257/1319/1065 1261/6610/5676 653/590/1066
f 1282/1320/1067 1281/1439/1147 1339/1321/1068
f 1244/1348/1095 1243/1291/1095 1301/1293/1095
f 1255/1350/1096 1285/1286/1097 1343/1288/1097
f 1269/1352/1098 1327/6990/1098 1328/1353/1098
f 1245/1355/1099 1244/1348/1099 1302/1349/1099
f 1270/1354/1100 1328/1353/1100 1329/1357/1100
f 1246/1359/1101 1245/1355/1102 1303/1356/1102
f 1271/1358/1103 1329/1357/1103 1330/1361/1104
f 1246/1359/1101 1304/1360/1101 1289/1363/1105
f 1262/1365/1106 1272/1362/1104 1330/1361/1104
f 1247/1367/1107 1229/1429/1108 1288/1368/1108
f 1263/1370/1109 1261/1434/1110 1319/1371/1110
f 1248/1373/1112 1247/1367/1107 1305/1369/1107
f 1273/1375/1113 1260/1421/1114 1318/1376/1114
f 1248/1373/1112 1306/1374/1112 1307/1378/1116
f 1256/1380/1117 1273/1375/1113 1331/1377/1115
f 1250/1382/1118 1249/1379/1116 1307/1378/1116
f 1274/1384/1119 1255/1350/1096 1313/1351/1096
f 1251/1386/1121 1250/1382/1121 1308/1383/1121
f 1274/1384/1119 1332/1385/1120 1317/1388/1110
f 1252/1390/1122 1251/1386/1122 1309/1387/1122
f 1275/1392/1123 1258/1431/1124 1316/1393/1124
f 1239/1395/1126 1252/6991/1126 1310/1396/1126
f 1275/1392/1123 1333/1394/1125 1334/1398/1127
f 1232/1400/1129 1291/1412/1129 1287/1401/1130
f 1254/1403/1132 1276/1399/1128 1334/1398/1127
f 1231/1405/1133 1227/1437/1146 1286/1406/1076
f 1257/1408/1110 1253/1424/1110 1311/1409/1110
f 1232/1400/1129 1235/1420/1105 1293/1411/1105
f 1277/1413/1135 1254/1403/1132 1312/1404/1132
f 1231/1405/1133 1290/1407/1134 1292/1415/1137
f 1278/1417/1138 1277/6992/1135 1335/1418/1136
f 1235/1420/1105 1230/1364/1105 1289/1363/1105
f 1260/1421/1114 1278/1417/1138 1336/1419/1139
f 1234/1416/1137 1292/1415/1137 1294/1422/1137
f 1253/1424/1110 1259/1389/1110 1317/1388/1110
f 1279/1425/1140 1262/1365/1106 1320/1366/1106
f 1280/1427/1142 1279/1425/1140 1337/1426/1141
f 1229/1429/1108 1238/6123/6009 1295/1430/1108
f 1258/1431/1124 1280/1427/1142 1338/1428/1142
f 1228/1402/1131 1287/1401/1130 1296/1432/1143
f 1261/1434/1110 1257/1408/1110 1315/1410/1110
f 1264/1435/1145 1263/1370/1109 1321/1372/1111
f 1227/1437/1146 1233/6993/6010 1296/1438/1074
f 1281/1439/1147 1256/1380/1117 1314/1381/1117
f 1264/1435/1145 1322/1436/1145 1323/1440/1148
f 1240/1441/1149 1239/1395/1149 1297/1397/1149
f 1346/1442/1150 1347/1446/1150 1345/1443/1150
f 1348/1445/1151 1349/1448/1151 1347/1446/1152
f 1350/1447/1153 1351/1450/1153 1349/1448/1151
f 1352/1449/1154 1353/6994/1154 1351/1450/1153
f 1354/1451/1155 1355/1455/1155 1353/1452/1154
f 1356/1454/1156 1357/1457/1156 1355/1455/1155
f 1358/1456/1157 1359/1459/1157 1357/1457/1156
f 1360/1458/761 1361/1461/761 1359/1459/1157
f 1362/1460/1158 1363/1463/1158 1361/1461/761
f 1364/1462/1159 1365/1465/1159 1363/1463/1158
f 1366/1464/1160 1367/1467/1160 1365/1465/1159
f 1366/1464/1160 1368/6995/1161 1369/1466/1161
f 1370/1468/1162 1371/1472/1162 1369/1469/1161
f 1372/1471/1163 1373/1474/1163 1371/1472/1162
f 1374/1473/1164 1375/1476/1164 1373/1474/1163
f 1376/1475/1165 1377/1478/1165 1375/1476/1165
f 1378/1477/1166 1379/1480/1166 1377/1478/1166
f 1380/1479/1167 1381/1482/1167 1379/1480/1168
f 1382/1481/1169 1383/1484/1169 1381/1482/1167
f 1384/1483/1170 1385/6996/1170 1383/1484/1169
f 1386/1485/1171 1387/1489/1171 1385/1486/1170
f 1388/1488/1172 1389/1491/1172 1387/1489/1171
f 1390/1490/1173 1391/1493/1173 1389/1491/1172
f 1392/1492/584 1393/1495/584 1391/1493/1173
f 1392/1492/584 1394/1497/1174 1395/1494/1174
f 1396/1496/1175 1397/1499/1175 1395/1494/1174
f 1398/1498/1176 1399/1501/1176 1397/1499/1175
f 1400/1500/1177 1401/6997/1177 1399/1501/1176
f 1402/1502/1178 1403/1506/1178 1401/1503/1177
f 1404/1505/1179 1405/1511/1179 1403/1506/1178
f 1345/1509/1180 1347/6998/1180 1349/6999/1180
f 1349/6999/1180 1351/7000/1180 1353/7001/1180
f 1353/7001/1180 1355/7002/1180 1357/7003/1180
f 1357/7003/1180 1359/7004/1180 1361/7005/1180
f 1361/7005/1180 1363/7006/1180 1365/7007/1180
f 1365/7007/1180 1367/7008/1180 1369/7009/1180
f 1369/7009/1180 1371/7010/1180 1373/7011/1180
f 1373/7011/1180 1375/7012/1180 1377/1507/1180
f 1377/1507/1180 1379/7013/1180 1381/7014/1180
f 1381/7014/1180 1383/7015/1180 1385/7016/1180
f 1385/7016/1180 1387/7017/1180 1389/7018/1180
f 1389/7018/1180 1391/7019/1180 1393/1508/1180
f 1393/1508/1180 1395/7020/1180 1397/7021/1180
f 1397/7021/1180 1399/7022/1180 1401/7023/1180
f 1401/7023/1180 1403/7024/1180 1405/7025/1180
f 1405/7025/1180 1407/7026/1180 1345/1509/1180
f 1345/1509/1180 1349/6999/1180 1353/7001/1180
f 1353/7001/1180 1357/7003/1180 1361/7005/1180
f 1361/7005/1180 1365/7007/1180 1369/7009/1180
f 1369/7009/1180 1373/7011/1180 1377/1507/1180
f 1377/1507/1180 1381/7014/1180 1385/7016/1180
f 1385/7016/1180 1389/7018/1180 1393/1508/1180
f 1393/1508/1180 1397/7021/1180 1401/7023/1180
f 1401/7023/1180 1405/7025/1180 1345/1509/1180
f 1345/1509/1180 1353/7001/1180 1361/7005/1180
f 1361/7005/1180 1369/7009/1180 1377/1507/1180
f 1377/1507/1180 1385/7016/1180 1393/1508/1180
f 1393/1508/1180 1401/7023/1180 1345/1509/1180
f 1345/1509/1180 1361/7005/1180 1377/1507/1180
f 1406/1510/1181 1407/1512/1181 1405/1511/1179
f 1344/1444/1182 1345/1443/1182 1407/1512/1182
f 1346/1515/101 1344/7027/101 1406/7028/101
f 1406/7028/101 1404/7029/101 1402/7030/101
f 1402/7030/101 1400/7031/101 1398/7032/101
f 1398/7032/101 1396/7033/101 1394/7034/101
f 1394/7034/101 1392/7035/101 1390/7036/101
f 1390/7036/101 1388/7037/101 1386/7038/101
f 1386/7038/101 1384/7039/101 1382/7040/101
f 1382/7040/101 1380/7041/101 1378/1513/101
f 1378/1513/101 1376/7042/101 1374/7043/101
f 1374/7043/101 1372/7044/101 1370/7045/101
f 1370/7045/101 1368/7046/101 1366/7047/101
f 1366/7047/101 1364/7048/101 1362/1514/101
f 1362/1514/101 1360/7049/101 1358/7050/101
f 1358/7050/101 1356/7051/101 1354/7052/101
f 1354/7052/101 1352/7053/101 1350/7054/101
f 1350/7054/101 1348/7055/101 1346/1515/101
f 1346/1515/101 1406/7028/101 1402/7030/101
f 1402/7030/101 1398/7032/101 1394/7034/101
f 1394/7034/101 1390/7036/101 1386/7038/101
f 1386/7038/101 1382/7040/101 1378/1513/101
f 1378/1513/101 1374/7043/101 1370/7045/101
f 1370/7045/101 1366/7047/101 1362/1514/101
f 1362/1514/101 1358/7050/101 1354/7052/101
f 1354/7052/101 1350/7054/101 1346/1515/101
f 1346/1515/101 1402/7030/101 1394/7034/101
f 1394/7034/101 1386/7038/101 1378/1513/101
f 1378/1513/101 1370/7045/101 1362/1514/101
f 1362/1514/101 1354/7052/101 1346/1515/101
f 1346/1515/101 1394/7034/101 1378/1513/101
f 1410/1516/1183 1411/1520/1183 1409/1517/1183
f 1412/1519/1184 1413/1522/1184 1411/1520/1184
f 1414/1521/1185 1415/1524/1185 1413/1522/1185
f 1416/1523/1186 1417/1526/1186 1415/1524/1186
f 1418/1525/1187 1419/7056/1187 1417/1526/1187
f 1420/1527/1188 1421/1531/1188 1419/1528/1188
f 1422/1530/1189 1423/1533/1189 1421/1531/1189
f 1424/1532/1190 1425/1535/1190 1423/1533/1190
f 1426/1534/1191 1427/1537/1191 1425/1535/1191
f 1426/1534/1192 1428/1539/1192 1429/1536/1192
f 1430/1538/1193 1431/1541/1193 1429/1536/1193
f 1432/1540/1194 1433/1543/1194 1431/1541/1194
f 1434/1542/161 1435/7057/161 1433/1543/161
f 1436/1544/1195 1437/1548/1195 1435/1545/1195
f 1438/1547/1196 1439/1550/1196 1437/1548/1196
f 1440/1549/1197 1441/1552/1197 1439/1550/1197
f 1442/1551/1198 1443/1554/1198 1441/1552/1198
f 1444/1553/1199 1445/1556/1199 1443/1554/1199
f 1444/1553/1200 1446/1558/1200 1447/1555/1200
f 1448/1557/737 1449/1560/737 1447/1555/737
f 1448/1557/1201 1450/7058/1201 1451/1559/1201
f 1452/1561/1202 1453/1565/1202 1451/1562/1202
f 1454/1564/1203 1455/1567/1203 1453/1565/1203
f 1456/1566/1204 1457/1569/1204 1455/1567/1204
f 1456/1566/1205 1458/1571/1205 1459/1568/1205
f 1460/1570/1206 1461/1573/1206 1459/1568/1206
f 1462/1572/1207 1463/1575/1207 1461/1573/1207
f 1462/1572/1208 1464/1577/1208 1465/1574/1208
f 1466/1576/1209 1467/7059/1209 1465/1574/1209
f 1468/1578/1210 1469/1585/1210 1467/1579/1210
f 1409/1583/1211 1411/7060/1211 1413/7061/1211
f 1413/7061/1211 1415/7062/1211 1417/7063/1211
f 1417/7063/1211 1419/7064/1211 1421/7065/1211
f 1421/7065/1211 1423/7066/1211 1425/7067/1211
f 1425/7067/1211 1427/7068/1211 1429/7069/1211
f 1429/7069/1211 1431/7070/1211 1433/7071/1211
f 1433/7071/1211 1435/7072/1211 1437/7073/1211
f 1437/7073/1211 1439/7074/1211 1441/1581/1211
f 1441/1581/1211 1443/7075/1211 1445/7076/1211
f 1445/7076/1211 1447/7077/1211 1449/7078/1211
f 1449/7078/1211 1451/7079/1211 1453/7080/1211
f 1453/7080/1211 1455/7081/1211 1457/1582/1211
f 1457/1582/1211 1459/7082/1211 1461/7083/1211
f 1461/7083/1211 1463/7084/1211 1465/7085/1211
f 1465/7085/1211 1467/7086/1211 1469/7087/1211
f 1469/7087/1211 1471/7088/1211 1409/1583/1211
f 1409/1583/1211 1413/7061/1211 1417/7063/1211
f 1417/7063/1211 1421/7065/1211 1425/7067/1211
f 1425/7067/1211 1429/7069/1211 1433/7071/1211
f 1433/7071/1211 1437/7073/1211 1441/1581/1211
f 1441/1581/1211 1445/7076/1211 1449/7078/1211
f 1449/7078/1211 1453/7080/1211 1457/1582/1211
f 1457/1582/1211 1461/7083/1211 1465/7085/1211
f 1465/7085/1211 1469/7087/1211 1409/1583/1211
f 1409/1583/1211 1417/7063/1211 1425/7067/1211
f 1425/7067/1211 1433/7071/1211 1441/1581/1211
f 1441/1581/1211 1449/7078/1211 1457/1582/1211
f 1457/1582/1211 1465/7085/1211 1409/1583/1211
f 1409/1583/1211 1425/7067/1211 1441/1581/1211
f 1470/1584/1212 1471/1586/1212 1469/1585/1212
f 1408/1518/1213 1409/1517/1213 1471/1586/1213
f 1410/1589/1214 1408/7089/1214 1470/7090/1214
f 1470/7090/1214 1468/7091/1214 1466/7092/1214
f 1466/7092/1214 1464/7093/1214 1462/7094/1214
f 1462/7094/1214 1460/7095/1214 1458/7096/1214
f 1458/7096/1214 1456/7097/1214 1454/7098/1214
f 1454/7098/1214 1452/7099/1214 1450/7100/1214
f 1450/7100/1214 1448/7101/1214 1446/7102/1214
f 1446/7102/1214 1444/7103/1214 1442/1587/1214
f 1442/1587/1214 1440/7104/1214 1438/7105/1214
f 1438/7105/1214 1436/7106/1214 1434/7107/1214
f 1434/7107/1214 1432/7108/1214 1430/7109/1214
f 1430/7109/1214 1428/7110/1214 1426/1588/1214
f 1426/1588/1214 1424/7111/1214 1422/7112/1214
f 1422/7112/1214 1420/7113/1214 1418/7114/1214
f 1418/7114/1214 1416/7115/1214 1414/7116/1214
f 1414/7116/1214 1412/7117/1214 1410/1589/1214
f 1410/1589/1214 1470/7090/1214 1466/7092/1214
f 1466/7092/1214 1462/7094/1214 1458/7096/1214
f 1458/7096/1214 1454/7098/1214 1450/7100/1214
f 1450/7100/1214 1446/7102/1214 1442/1587/1214
f 1442/1587/1214 1438/7105/1214 1434/7107/1214
f 1434/7107/1214 1430/7109/1214 1426/1588/1214
f 1426/1588/1214 1422/7112/1214 1418/7114/1214
f 1418/7114/1214 1414/7116/1214 1410/1589/1214
f 1410/1589/1214 1466/7092/1214 1458/7096/1214
f 1458/7096/1214 1450/7100/1214 1442/1587/1214
f 1442/1587/1214 1434/7107/1214 1426/1588/1214
f 1426/1588/1214 1418/7114/1214 1410/1589/1214
f 1410/1589/1214 1458/7096/1214 1442/1587/1214
f 1474/1590/1183 1475/1594/1183 1473/1591/1183
f 1476/1593/1184 1477/1596/1184 1475/1594/1184
f 1478/1595/1185 1479/1598/1185 1477/1596/1185
f 1480/1597/1186 1481/1600/1186 1479/1598/1186
f 1482/1599/1187 1483/7118/1187 1481/1600/1187
f 1484/1601/1188 1485/1605/1188 1483/1602/1188
f 1486/1604/1189 1487/1607/1189 1485/1605/1189
f 1486/1604/1190 1488/1609/1190 1489/1606/1190
f 1490/1608/1191 1491/1611/1191 1489/1606/1191
f 1492/1610/1192 1493/1613/1192 1491/1611/1192
f 1494/1612/1193 1495/1615/1193 1493/1613/1193
f 1496/1614/1194 1497/1617/1194 1495/1615/1194
f 1498/1616/161 1499/7119/161 1497/1617/161
f 1500/1618/1195 1501/1622/1195 1499/1619/1195
f 1502/1621/1196 1503/1624/1196 1501/1622/1196
f 1504/1623/1197 1505/1626/1197 1503/1624/1197
f 1506/1625/1198 1507/1628/1198 1505/1626/1198
f 1508/1627/1199 1509/1630/1199 1507/1628/1199
f 1510/1629/1200 1511/1632/1200 1509/1630/1200
f 1512/1631/737 1513/1634/737 1511/1632/737
f 1514/1633/1201 1515/7120/1201 1513/1634/1201
f 1516/1635/1202 1517/1639/1202 1515/1636/1202
f 1518/1638/1203 1519/1641/1203 1517/1639/1203
f 1520/1640/1204 1521/1643/1204 1519/1641/1204
f 1522/1642/1205 1523/1645/1205 1521/1643/1205
f 1524/1644/1206 1525/1647/1206 1523/1645/1206
f 1526/1646/1207 1527/1649/1207 1525/1647/1207
f 1528/1648/1208 1529/1651/1208 1527/1649/1208
f 1530/1650/1209 1531/7121/1209 1529/1651/1209
f 1532/1652/1210 1533/1659/1210 1531/1653/1210
f 1473/1657/1211 1475/7122/1211 1477/7123/1211
f 1477/7123/1211 1479/7124/1211 1481/7125/1211
f 1481/7125/1211 1483/7126/1211 1485/7127/1211
f 1485/7127/1211 1487/7128/1211 1489/7129/1211
f 1489/7129/1211 1491/7130/1211 1493/7131/1211
f 1493/7131/1211 1495/7132/1211 1497/7133/1211
f 1497/7133/1211 1499/7134/1211 1501/7135/1211
f 1501/7135/1211 1503/7136/1211 1505/1655/1211
f 1505/1655/1211 1507/7137/1211 1509/7138/1211
f 1509/7138/1211 1511/7139/1211 1513/7140/1211
f 1513/7140/1211 1515/7141/1211 1517/7142/1211
f 1517/7142/1211 1519/7143/1211 1521/1656/1211
f 1521/1656/1211 1523/7144/1211 1525/7145/1211
f 1525/7145/1211 1527/7146/1211 1529/7147/1211
f 1529/7147/1211 1531/7148/1211 1533/7149/1211
f 1533/7149/1211 1535/7150/1211 1473/1657/1211
f 1473/1657/1211 1477/7123/1211 1481/7125/1211
f 1481/7125/1211 1485/7127/1211 1489/7129/1211
f 1489/7129/1211 1493/7131/1211 1497/7133/1211
f 1497/7133/1211 1501/7135/1211 1505/1655/1211
f 1505/1655/1211 1509/7138/1211 1513/7140/1211
f 1513/7140/1211 1517/7142/1211 1521/1656/1211
f 1521/1656/1211 1525/7145/1211 1529/7147/1211
f 1529/7147/1211 1533/7149/1211 1473/1657/1211
f 1473/1657/1211 1481/7125/1211 1489/7129/1211
f 1489/7129/1211 1497/7133/1211 1505/1655/1211
f 1505/1655/1211 1513/7140/1211 1521/1656/1211
f 1521/1656/1211 1529/7147/1211 1473/1657/1211
f 1473/1657/1211 1489/7129/1211 1505/1655/1211
f 1534/1658/1212 1535/1660/1212 1533/1659/1212
f 1472/1592/1213 1473/1591/1213 1535/1660/1213
f 1474/1663/1214 1472/7151/1214 1534/7152/1214
f 1534/7152/1214 1532/7153/1214 1530/7154/1214
f 1530/7154/1214 1528/7155/1214 1526/7156/1214
f 1526/7156/1214 1524/7157/1214 1522/7158/1214
f 1522/7158/1214 1520/7159/1214 1518/7160/1214
f 1518/7160/1214 1516/7161/1214 1514/7162/1214
f 1514/7162/1214 1512/7163/1214 1510/7164/1214
f 1510/7164/1214 1508/7165/1214 1506/1661/1214
f 1506/1661/1214 1504/7166/1214 1502/7167/1214
f 1502/7167/1214 1500/7168/1214 1498/7169/1214
f 1498/7169/1214 1496/7170/1214 1494/7171/1214
f 1494/7171/1214 1492/7172/1214 1490/1662/1214
f 1490/1662/1214 1488/7173/1214 1486/7174/1214
f 1486/7174/1214 1484/7175/1214 1482/7176/1214
f 1482/7176/1214 1480/7177/1214 1478/7178/1214
f 1478/7178/1214 1476/7179/1214 1474/1663/1214
f 1474/1663/1214 1534/7152/1214 1530/7154/1214
f 1530/7154/1214 1526/7156/1214 1522/7158/1214
f 1522/7158/1214 1518/7160/1214 1514/7162/1214
f 1514/7162/1214 1510/7164/1214 1506/1661/1214
f 1506/1661/1214 1502/7167/1214 1498/7169/1214
f 1498/7169/1214 1494/7171/1214 1490/1662/1214
f 1490/1662/1214 1486/7174/1214 1482/7176/1214
f 1482/7176/1214 1478/7178/1214 1474/1663/1214
f 1474/1663/1214 1530/7154/1214 1522/7158/1214
f 1522/7158/1214 1514/7162/1214 1506/1661/1214
f 1506/1661/1214 1498/7169/1214 1490/1662/1214
f 1490/1662/1214 1482/7176/1214 1474/1663/1214
f 1474/1663/1214 1522/7158/1214 1506/1661/1214
f 1545/1664/1215 1544/1678/1216 1538/1665/1216
f 1546/1667/1217 1545/1664/1215 1670/1666/1215
f 1668/1670/1219 1540/1684/1219 1539/1671/1220
f 1541/1673/1221 1540/1684/1219 1668/1670/1219
f 1536/1675/1222 1542/1677/1222 1541/1673/1221
f 1537/1676/1223 1543/1687/1223 1542/1677/1222
f 1544/1678/1216 1543/1681/1223 1537/1679/1223
f 1544/1678/1224 1552/1682/1227 1551/1680/1225
f 1545/1664/1226 1553/1695/1226 1552/1682/1227
f 1554/1683/1228 1553/1695/1226 1545/1664/1226
f 1540/1684/1230 1548/1690/1230 1547/1685/1231
f 1549/1686/1232 1548/1690/1230 1540/1684/1230
f 1542/1677/1233 1550/1688/1233 1549/1686/1232
f 1543/1687/1225 1551/7180/1225 1550/1688/1233
f 1549/1686/1234 1557/7181/1234 1556/1689/1235
f 1558/1691/1236 1557/7181/1234 1549/1686/1234
f 1551/1680/1237 1559/1694/1237 1558/1692/1236
f 1552/1682/1238 1560/1696/1238 1559/1694/1237
f 1553/1695/1239 1561/1698/1239 1560/1696/1238
f 1562/1697/1240 1561/1698/1239 1553/1695/1239
f 1556/1689/1235 1555/7182/1243 1547/1685/1243
f 1561/1698/1244 1569/1700/1244 1568/1699/1245
f 1562/1697/1247 1570/1701/1247 1569/1700/1244
f 1564/1702/1249 1563/1719/1250 1555/1703/1250
f 1557/1705/1251 1565/1709/1251 1564/1702/1249
f 1566/1706/1252 1565/1709/1251 1557/1705/1251
f 1559/1694/1253 1567/1715/1253 1566/1708/1252
f 1568/1699/1245 1567/1715/1253 1559/1694/1253
f 1565/1709/1254 1573/1711/1254 1572/1710/1255
f 1566/1706/1256 1574/1725/1256 1573/1711/1254
f 1575/1712/1257 1574/1725/1256 1566/1706/1256
f 1568/1699/1258 1576/1716/1258 1575/1714/1257
f 1569/1700/1259 1577/1717/1259 1576/1716/1258
f 1570/1701/1260 1578/1718/1260 1577/1717/1259
f 1572/1710/1255 1571/1723/1262 1563/1719/1262
f 1585/1720/1263 1584/1728/1264 1576/1716/1264
f 1586/1721/1265 1585/1720/1263 1577/1717/1263
f 1572/1710/1267 1580/1724/1267 1579/1722/1268
f 1573/1711/1270 1581/1726/1270 1580/1724/1267
f 1574/1725/1271 1582/1730/1271 1581/1726/1270
f 1583/1727/1272 1582/1730/1271 1574/1725/1271
f 1584/1728/1264 1583/1733/1272 1575/1714/1272
f 1590/1729/1273 1589/1742/1274 1581/1726/1274
f 1591/1731/1275 1590/1729/1273 1582/1730/1273
f 1584/1728/1276 1592/1746/6011 1591/1732/1275
f 1593/1734/1277 1592/1746/6011 1584/1728/1276
f 1586/1721/1278 1594/1735/1278 1593/1734/1277
f 1588/1736/1280 1587/1740/1281 1579/1722/1281
f 1581/1726/1274 1589/1742/1274 1588/1736/1280
f 1594/1735/1282 1602/1738/1282 1601/1737/1283
f 1596/1739/1285 1595/7183/1286 1587/1740/1286
f 1597/1741/1287 1596/1739/1285 1588/1736/1285
f 1598/1743/1288 1597/1741/1287 1589/1742/1287
f 1599/1744/1289 1598/1743/1288 1590/1729/1288
f 1600/1745/1290 1599/7184/1289 1591/1732/1289
f 1593/1734/1283 1601/1737/1283 1600/1745/1290
f 1612/1749/1292 1611/1767/1293 1603/1750/1293
f 1613/1752/1294 1612/1749/1292 1604/1751/1292
f 1606/1754/1295 1614/1756/1295 1613/1752/1294
f 1607/1755/1296 1615/1769/1296 1614/1756/1295
f 1608/1757/1297 1616/1761/1297 1615/1758/1296
f 1609/1760/1298 1617/1762/1298 1616/1761/1297
f 1610/1748/1299 1618/1747/1299 1617/1762/1298
f 1624/1763/1300 1623/1777/1301 1615/1758/1301
f 1625/1764/1302 1624/1763/1300 1616/1761/1300
f 1626/1765/1303 1625/1764/1302 1617/1762/1302
f 1620/1766/1305 1619/1772/1306 1611/1767/1306
f 1613/1752/1307 1621/1768/1307 1620/1766/1305
f 1614/1756/1308 1622/1770/1308 1621/1768/1307
f 1615/1769/1301 1623/1774/1301 1622/1770/1308
f 1628/1771/1309 1627/7185/1310 1619/1772/1310
f 1621/1768/1311 1629/1773/1311 1628/1771/1309
f 1622/1770/1312 1630/1775/1312 1629/1773/1311
f 1623/1774/1313 1631/7186/1313 1630/1775/1312
f 1624/1763/1314 1632/1781/1314 1631/1776/1313
f 1633/1778/1315 1632/1781/1314 1624/1763/1314
f 1634/1779/1316 1633/1778/1315 1625/1764/1315
f 1640/1780/1318 1639/1790/1319 1631/1776/1319
f 1633/1778/1321 1641/1782/1321 1640/1780/1318
f 1634/1779/1322 1642/1783/1322 1641/1782/1321
f 1628/1784/1324 1636/1793/1324 1635/1785/1325
f 1637/1787/1326 1636/1793/1324 1628/1784/1324
f 1630/1789/1327 1638/1795/1327 1637/1787/1326
f 1639/1790/1319 1638/7187/1327 1630/1791/1327
f 1645/1792/1328 1644/1804/1329 1636/1793/1329
f 1646/1794/1330 1645/1792/1328 1637/1787/1328
f 1647/1796/1331 1646/1794/1330 1638/1795/1330
f 1648/1798/1332 1647/1810/1331 1639/1790/1331
f 1649/1799/1333 1648/1798/1332 1640/1780/1332
f 1642/1783/1334 1650/1800/1334 1649/1799/1333
f 1636/1793/1329 1644/1804/1329 1643/1801/1336
f 1649/1799/1337 1657/1816/1337 1656/1802/1338
f 1658/1803/1339 1657/1816/1337 1649/1799/1337
f 1644/1804/1341 1652/1806/1341 1651/1805/1342
f 1645/1792/1344 1653/1807/1344 1652/1806/1341
f 1646/1794/1345 1654/1808/1345 1653/1807/1344
f 1647/1796/1346 1655/1813/1346 1654/1808/1345
f 1648/1798/1338 1656/1802/1338 1655/1809/1346
f 1654/1808/1347 1662/1820/1347 1661/1811/1348
f 1663/1812/1349 1662/1820/1347 1654/1808/1347
f 1664/1814/1350 1663/1821/1349 1655/1809/1349
f 1665/1815/1351 1664/1814/1350 1656/1802/1350
f 1658/1803/1352 1666/1817/1352 1665/1815/1351
f 1660/1818/1354 1659/1819/1355 1651/1805/1355
f 1653/1807/1348 1661/1811/1348 1660/1818/1354
f 1666/1817/1356 1671/1668/1356 1670/1666/1357
f 1660/1818/1359 1668/1670/1359 1667/1672/1360
f 1669/1674/1361 1668/1670/1359 1660/1818/1359
f 1662/1820/1362 1536/1675/1362 1669/1674/1361
f 1663/1812/1363 1537/1676/1363 1536/1675/1362
f 1538/1665/1364 1537/1679/1363 1663/1821/1363
f 1665/1815/1357 1670/1666/1357 1538/1665/1364
f 1682/1822/1365 1681/1839/1366 1675/1823/1366
f 1683/1825/1367 1682/1822/1365 1807/1824/1365
f 1805/1828/1369 1677/1832/1369 1676/1829/1370
f 1806/1831/1372 1678/1842/1372 1677/1832/1369
f 1679/1833/1373 1678/1842/1372 1806/1831/1372
f 1674/1835/1374 1680/1844/1374 1679/1833/1373
f 1675/1823/1366 1681/1839/1366 1680/1836/1374
f 1689/1838/1375 1688/1850/1376 1680/1836/1376
f 1682/1822/1378 1690/1852/1378 1689/1838/1375
f 1691/1840/1379 1690/1852/1378 1682/1822/1378
f 1685/1841/1381 1684/1855/1382 1676/1829/1382
f 1678/1842/1383 1686/1845/1383 1685/1841/1381
f 1687/1843/1384 1686/1845/1383 1678/1842/1383
f 1680/1844/1376 1688/7188/1376 1687/1843/1384
f 1686/1845/1385 1694/7189/1385 1693/1846/1386
f 1695/1847/1387 1694/7189/1385 1686/1845/1385
f 1696/1848/1388 1695/1865/1387 1687/1849/1387
f 1697/1851/1389 1696/1848/1388 1688/1850/1388
f 1690/1852/1390 1698/1853/1390 1697/1851/1389
f 1691/1840/1391 1699/1854/1391 1698/1853/1390
f 1693/1846/1386 1692/7190/1393 1684/1855/1393
f 1698/1853/1394 1706/1871/1394 1705/1856/1395
f 1707/1857/1396 1706/1871/1394 1698/1853/1394
f 1701/1858/1398 1700/1875/1399 1692/1859/1399
f 1694/1861/1400 1702/1866/1400 1701/1858/1398
f 1703/1862/1401 1702/1866/1400 1694/1861/1400
f 1696/1848/1402 1704/1870/1402 1703/1864/1401
f 1705/1856/1395 1704/1870/1402 1696/1848/1402
f 1702/1866/1403 1710/1880/1403 1709/1867/1404
f 1711/1868/1405 1710/1880/1403 1702/1866/1403
f 1712/1869/1406 1711/7191/1405 1703/1864/1405
f 1705/1856/1407 1713/1872/1407 1712/1869/1406
f 1706/1871/1408 1714/1873/1408 1713/1872/1407
f 1707/1857/1409 1715/1874/1409 1714/1873/1408
f 1709/1867/1404 1708/1879/1411 1700/1875/1411
f 1722/1876/1412 1721/1884/1413 1713/1872/1413
f 1715/1874/1414 1723/1877/1414 1722/1876/1412
f 1717/1878/1416 1716/1893/6012 1708/1879/1417
f 1710/1880/1418 1718/1881/1418 1717/1878/1416
f 1711/1868/1419 1719/1883/1419 1718/1881/1418
f 1712/1882/1420 1720/1887/1420 1719/1883/1419
f 1721/1884/1413 1720/1889/1420 1712/1869/1420
f 1719/1883/1421 1727/1898/1421 1726/1885/1422
f 1728/1886/1423 1727/1898/1421 1719/1883/1421
f 1729/1888/1424 1728/1901/1423 1720/1889/1423
f 1730/1890/1425 1729/1888/1424 1721/1884/1424
f 1731/1891/1426 1730/1890/1425 1722/1876/1425
f 1725/1892/1428 1724/1896/1429 1716/1893/1429
f 1718/1881/1422 1726/1885/1422 1725/1892/1428
f 1739/1894/1430 1738/1902/1431 1730/1890/1431
f 1733/1895/1433 1732/7192/1434 1724/1896/1434
f 1734/1897/1435 1733/1895/1433 1725/1892/1433
f 1727/1898/1436 1735/7193/1436 1734/1897/1435
f 1736/1899/1437 1735/7193/1436 1727/1898/1436
f 1737/1900/1438 1736/7194/1437 1728/1901/1437
f 1738/1902/1431 1737/1900/1438 1729/1888/1438
f 1741/1905/1440 1749/1909/1440 1748/1906/1441
f 1742/1908/1442 1750/1923/1442 1749/1909/1440
f 1751/1910/1443 1750/1923/1442 1742/1908/1442
f 1744/1912/1444 1752/1925/1444 1751/1910/1443
f 1745/1913/1445 1753/1917/1445 1752/1914/1444
f 1746/1916/1446 1754/1918/1446 1753/1917/1445
f 1747/1904/1447 1755/1903/1447 1754/1918/1446
f 1761/1919/1448 1760/1933/1449 1752/1914/1449
f 1762/1920/1450 1761/1919/1448 1753/1917/1448
f 1763/1921/1451 1762/1920/1450 1754/1918/1450
f 1757/1922/1453 1756/1927/1454 1748/1906/1454
f 1750/1923/1455 1758/1929/1455 1757/1922/1453
f 1759/1924/1456 1758/1929/1455 1750/1923/1455
f 1752/1925/1449 1760/7195/1449 1759/1924/1456
f 1757/1922/1457 1765/7196/1457 1764/1926/1458
f 1766/1928/1460 1765/7196/1457 1757/1922/1457
f 1767/1930/1461 1766/1928/1460 1758/1929/1460
f 1768/1931/1462 1767/1946/1461 1759/1932/1461
f 1761/1919/1463 1769/1934/1463 1768/1931/1462
f 1762/1920/1464 1770/1935/1464 1769/1934/1463
f 1763/1921/1465 1771/1936/1465 1770/1935/1464
f 1769/1934/1467 1777/1938/1467 1776/1937/1468
f 1770/1935/1469 1778/1954/1469 1777/1938/1467
f 1779/1939/1470 1778/1954/1469 1770/1935/1469
f 1773/1940/1472 1772/1956/1473 1764/1941/1473
f 1766/1943/1474 1774/1947/1474 1773/1940/1472
f 1775/1944/1475 1774/1947/1474 1766/1943/1474
f 1776/1937/1468 1775/7197/1475 1767/1946/1475
f 1774/1947/1476 1782/1949/1476 1781/1948/1477
f 1775/1944/1478 1783/1951/1478 1782/1949/1476
f 1776/1950/1479 1784/1963/6013 1783/1951/1478
f 1785/1952/1480 1784/1965/6013 1776/1937/1479
f 1786/1953/1482 1785/1952/1480 1777/1938/1481
f 1779/1939/1483 1787/1955/1483 1786/1953/1482
f 1781/1948/1477 1780/1960/1485 1772/1956/1485
f 1794/1957/1486 1793/1964/1487 1785/1952/1487
f 1787/1955/1488 1795/1958/6014 1794/1957/1486
f 1781/1948/1490 1789/1974/1490 1788/1959/1491
f 1790/1961/1493 1789/1974/1490 1781/1948/1490
f 1791/1962/1494 1790/1961/1493 1782/1949/1493
f 1784/1963/1495 1792/1968/1495 1791/1962/1494
f 1793/1964/1487 1792/1970/1495 1784/1965/1495
f 1799/1966/1496 1798/1975/1497 1790/1961/1497
f 1800/1967/1498 1799/1966/1496 1791/1962/1496
f 1793/1964/1499 1801/1977/6015 1800/1969/1498
f 1802/1971/1500 1801/1977/6015 1793/1964/1499
f 1803/1972/1501 1802/1971/1500 1794/1957/1500
f 1797/1973/1503 1796/1976/6016 1788/1959/1504
f 1798/1975/1497 1797/1973/1503 1789/1974/1503
f 1803/1972/1505 1808/1826/1505 1807/1824/1506
f 1805/1828/1508 1804/1830/1509 1796/1976/1509
f 1798/1975/1510 1806/1831/1510 1805/1828/1508
f 1673/1834/1511 1806/1831/1510 1798/1975/1510
f 1800/1967/1512 1674/1835/1512 1673/1834/1511
f 1801/1977/1513 1675/1823/1514 1674/1837/1512
f 1802/1971/1506 1807/1824/1506 1675/1823/1514
f 1811/1978/1515 1813/7198/1515 1812/1979/1515
f 1813/1981/1516 1811/7199/1516 1820/1982/1516
f 1820/1984/1517 1810/4870/6017 1818/1985/1517
f 1813/1987/1211 1819/7200/1211 1818/1988/1211
f 1816/1990/1519 1817/7201/1519 1815/1991/1519
f 5276/1993/1520 5268/5859/1520 5267/1994/1521
f 1819/1983/1523 1820/1982/1523 1815/1996/1523
f 1818/1988/1211 1819/7200/1211 1817/1998/1211
f 1822/2000/1524 1824/7202/1524 1823/2001/1524
f 1831/2003/1214 1832/2019/1214 1822/2004/1214
f 1824/2006/1525 1822/7203/1525 1832/2007/1525
f 1829/2009/101 1831/7204/101 1821/2010/1526
f 1824/2012/1211 1830/7205/1211 1829/2013/1211
f 1827/2015/1527 1828/7206/1527 1826/2016/1527
f 1831/2003/1214 1825/7207/1214 1826/2018/1214
f 1832/2007/1528 1826/7208/1528 1828/2020/1528
f 1825/2021/1529 1831/7204/101 1829/2009/101
f 1829/2013/1211 1830/7205/1211 1828/2023/1211
f 1837/2025/1530 1834/7209/1553 1847/2026/1531
f 1838/2028/761 1833/7210/761 1834/2029/761
f 1842/2031/761 1836/2037/761 1835/2032/761
f 1841/2034/1532 1835/2038/1532 1852/2035/1532
f 1836/2037/761 1838/2028/761 1837/2030/761
f 1835/2038/1533 1837/2025/1530 1854/2027/1530
f 1855/2039/1534 1840/7211/1544 1845/2040/1535
f 1840/2042/761 1839/7212/761 1846/2043/761
f 1843/2045/761 1844/2047/761 1842/2031/761
f 1858/2046/1536 1843/2048/1536 1841/2034/1536
f 1845/2044/761 1846/2043/761 1844/2047/761
f 1860/2041/1535 1845/2040/1535 1843/2048/1537
f 1844/2049/1538 1846/2057/1545 1859/2050/1539
f 1842/2052/1541 1844/2049/6018 1857/2051/1542
f 1855/2054/1534 1856/7213/1180 1839/2055/1180
f 1846/2057/1545 1839/7214/1563 1856/2058/1546
f 1851/2059/1547 1853/2065/1554 1838/2060/1548
f 1849/2053/1550 1851/2059/1572 1836/2061/1551
f 1833/2062/101 1848/7215/101 1847/2063/1531
f 1853/2065/1554 1848/2109/1573 1833/2066/1555
f 1875/2067/1531 1862/7216/1553 1865/2068/1530
f 1862/2070/584 1861/7217/584 1866/2071/584
f 1863/2073/584 1864/2079/584 1870/2074/584
f 1880/2076/1532 1863/2080/1532 1869/2077/1532
f 1865/2072/584 1866/2071/584 1864/2079/584
f 1882/2069/1530 1865/2068/1530 1863/2080/1533
f 1873/2081/1535 1868/7218/1544 1883/2082/1534
f 1874/2084/584 1867/7219/584 1868/2085/584
f 1870/2074/584 1872/2090/584 1871/2087/584
f 1878/2078/1536 1869/2077/1536 1871/2088/1536
f 1872/2090/584 1874/2084/584 1873/2086/584
f 1871/2088/1537 1873/2081/1535 1888/2083/1535
f 1872/2091/1556 1885/2095/6019 1887/2092/1557
f 1870/2094/1559 1877/2104/1543 1885/2095/1560
f 1867/2096/1180 1884/7220/1180 1883/2097/1534
f 1874/2093/1558 1887/2092/1557 1884/2099/1562
f 1866/2101/1564 1881/2108/1570 1879/2102/1565
f 1864/2103/1567 1879/2102/6020 1877/2104/1568
f 1875/2056/1531 1876/7221/101 1861/2105/101
f 1861/2107/1569 1876/7222/6021 1881/2108/1570
f 1847/2026/1531 1875/2067/1531 1882/2069/1530
f 1854/2027/1530 1882/2069/1530 1880/2076/1533
f 1852/2035/1532 1880/2076/1532 1878/2078/1532
f 1850/2036/1536 1878/2078/1536 1886/2089/1536
f 1860/2041/1535 1858/2046/1537 1886/2089/1537
f 1860/2041/1535 1888/2083/1535 1883/2082/1534
f 1884/2099/1562 1887/2092/1557 1859/2050/1539
f 1885/2095/1560 1877/2104/1543 1849/2053/1543
f 1887/2092/1557 1885/2095/6019 1857/2051/1540
f 1877/2104/1568 1879/2102/6020 1851/2059/1572
f 1881/2108/1570 1876/7222/6021 1848/2109/1573
f 1879/2102/1565 1881/2108/1570 1853/2065/1554
f 1892/2110/1574 1891/2155/1625 1898/2111/1575
f 1897/2113/1577 1896/2134/1578 1904/2114/1578
f 2140/2116/1580 1892/7223/2068 1893/2117/1581
f 1893/2117/1583 1892/7223/1574 1899/2119/1576
f 2141/2118/1582 1893/2117/1581 1894/2121/1585
f 1894/2121/1587 1893/2117/1583 1900/2120/1584
f 1905/2115/1589 1904/2114/1590 1912/2124/1590
f 1898/2111/1592 1897/2113/1577 1905/2115/1579
f 2142/2122/1586 1894/2121/1585 1895/2127/1594
f 1925/2129/1596 1924/2149/1655 1932/2130/1597
f 1895/2127/1599 1894/2121/1587 1901/2123/1588
f 1903/2135/1602 1902/2132/2155 1910/2136/1603
f 4193/2138/1604 4194/4590/3781 3946/2139/1605
f 1902/2132/1600 1903/2135/1607 2145/2141/1607
f 1981/2142/1608 1973/2213/1722 1972/2143/1609
f 1908/2145/1611 1907/2157/2146 1915/2146/1612
f 1916/2147/1614 1915/2146/1620 1923/2148/1615
f 1890/2150/1617 1889/2436/1618 1896/2134/1618
f 1915/2151/1620 1914/2158/1631 1922/2152/1621
f 2138/2154/1622 1890/2150/2051 1891/2155/1623
f 1891/2155/1625 1890/2150/1617 1897/2113/1619
f 1900/2120/1626 1899/2119/2144 1907/2157/1627
f 1906/2126/1629 1905/2115/1589 1913/2125/1591
f 1914/2158/1631 1913/2125/1653 1921/2159/1632
f 1931/2160/1633 1930/2168/1651 1938/2161/1634
f 1911/2137/1636 1910/2136/2132 1918/2163/1637
f 1962/2165/1638 1954/2179/1740 1953/2166/1639
f 1923/2153/1641 1922/2152/1673 1930/2168/1642
f 1918/2163/1644 1917/2176/1656 1925/2129/1645
f 1926/2169/1647 1925/2129/1596 1933/2131/1598
f 1919/2164/1650 1918/2163/1644 1926/2169/1646
f 1930/2168/1651 1929/2184/1678 1937/2173/1652
f 1913/2125/1653 1912/2124/1654 1920/2171/1654
f 1924/2174/1655 1923/2153/1641 1931/2160/1643
f 1917/2176/1656 1916/2147/1614 1924/2149/1616
f 1932/2175/1657 1931/2160/1633 1939/2162/1635
f 1947/2178/1659 1946/2182/1676 1954/2179/1660
f 1927/2172/1662 1926/2169/1647 1934/2170/1648
f 1939/2162/1663 1938/2161/1701 1946/2182/1664
f 1921/2159/1666 1920/2171/1667 1928/2183/1667
f 1941/2185/1669 1940/4879/1682 1948/2186/1670
f 1922/2152/1673 1921/2159/1666 1929/2184/1668
f 1935/2188/1674 1934/2196/1683 1942/2189/1675
f 1946/2182/1676 1945/2206/1707 1953/2166/1677
f 1929/2184/1678 1928/2183/6022 1936/2191/1679
f 1969/2192/1680 1961/2167/1739 1960/2193/1681
f 1940/2177/1682 1939/2162/1663 1947/2178/1665
f 1934/2196/1683 1933/4878/2133 1941/2185/1684
f 1948/2186/1686 1947/7224/1659 1955/2197/1661
f 1971/2199/1688 1963/2228/2127 1962/2165/1689
f 1943/2190/1691 1942/2189/1693 1950/2201/1692
f 1942/2189/1693 1941/2185/1669 1949/2187/1671
f 1964/2203/1694 1956/2198/1718 1955/2197/1695
f 1937/2173/1697 1936/2191/1698 1944/2205/1698
f 1938/2161/1701 1937/2173/1697 1945/2206/1699
f 1951/2202/1702 1950/2201/1719 1958/2207/1703
f 1997/2209/1704 1989/2227/1754 1988/2210/1705
f 1945/2206/1707 1944/2205/1708 1952/2212/1708
f 1973/2213/1709 1965/2217/1716 1964/2203/1710
f 1979/2214/1712 1971/2199/1763 1970/2200/1713
f 1974/2216/1715 1966/2223/1749 1965/2217/1716
f 1965/2217/1717 1957/2218/1730 1956/2198/1718
f 1950/2201/1719 1949/2187/2130 1957/2218/1720
f 1982/2219/1721 1974/2216/1756 1973/2213/1722
f 1987/2220/1724 1979/2214/1752 1978/2215/1725
f 1967/2222/1727 1959/2208/1727 1958/2207/1728
f 1966/2223/1729 1958/2207/1728 1957/2218/1730
f 2042/2224/1732 2041/2295/1893 2049/2225/1733
f 1961/2167/1640 1953/2166/1639 1952/2212/1735
f 1989/2227/1736 1981/2142/1743 1980/2144/1737
f 1970/2200/1690 1962/2165/1689 1961/2167/1739
f 1963/2228/1696 1955/2180/1695 1954/2179/1740
f 1990/2230/1742 1982/2219/1773 1981/2142/1743
f 1995/2231/1744 1987/2220/1791 1986/2221/1745
f 1975/2233/1748 1967/2222/1748 1966/2223/1749
f 1978/2215/1714 1970/2200/1713 1969/2192/1750
f 1988/2235/1738 1980/7225/1737 1979/2214/1752
f 1998/2236/1753 1990/2230/1785 1989/2227/1754
f 1983/2237/1755 1975/2233/1755 1974/2216/1756
f 1977/2234/1751 1969/2192/1750 1968/2194/1757
f 2005/2238/1758 1997/2248/1768 1996/2239/1759
f 1986/2221/1726 1978/2215/1725 1977/2234/1761
f 1980/2144/1610 1972/2143/1609 1971/2242/1763
f 2010/2244/1764 2002/2250/1770 2001/2245/1765
f 2006/2247/1767 1998/2272/1799 1997/2248/1768
f 2011/2249/1769 2003/2255/1787 2002/2250/1770
f 1991/2252/1772 1983/2237/1772 1982/2219/1773
f 1994/2232/1746 1986/2221/1745 1985/2241/1774
f 2002/2250/1776 1994/2232/1790 1993/2253/1777
f 2004/2254/1760 1996/2265/1759 1995/2231/1779
f 2017/2256/1781 2009/2246/1801 2008/2257/1782
f 1999/2260/1784 1991/2252/1784 1990/2230/1785
f 2012/2261/1786 2004/2240/1819 2003/2262/1787
f 1993/2253/1775 1985/2241/1774 1984/2251/1789
f 2003/2255/1780 1995/2231/1779 1994/2232/1790
f 1996/2265/1706 1988/2235/1705 1987/2220/1791
f 2020/2266/1792 2012/2261/1806 2011/2263/1793
f 2019/2268/1795 2018/2273/1812 2026/2269/1796
f 2007/2271/1798 1999/7226/1798 1998/2272/1799
f 2018/2273/1800 2010/2244/1818 2009/2246/1801
f 2014/2274/1802 2006/2247/1811 2005/2238/1803
f 2021/2276/1805 2013/2275/1808 2012/2261/1806
f 2022/2277/1807 2014/2274/1824 2013/2275/1808
f 2015/2278/1810 2007/2271/1810 2006/2247/1811
f 2018/2273/1812 2017/2256/1841 2025/2279/1813
f 2020/2266/1814 2019/2267/1795 2027/2280/1797
f 2009/2246/1766 2001/2245/1765 2000/2264/1817
f 2019/2268/1794 2011/2249/1793 2010/2244/1818
f 2013/2275/1804 2005/2238/1803 2004/2240/1819
f 2035/2282/1820 2034/2287/1839 2042/2224/1821
f 2023/2284/1823 2015/2278/1823 2014/2274/1824
f 2027/2270/1826 2026/2269/1864 2034/2287/1827
f 2022/2277/1829 2021/2276/1847 2029/2288/1830
f 2029/2288/1832 2028/2281/1846 2036/2290/1833
f 2030/2289/1835 2029/2288/1832 2037/2291/1834
f 2023/2284/1838 2022/2277/1829 2030/2289/1831
f 2034/2287/1839 2033/2311/1869 2041/2295/1840
f 2017/2256/1841 2016/2258/1842 2024/2293/1842
f 2058/2296/1843 2057/2314/1920 2066/2297/1844
f 2028/2281/1846 2027/2280/1826 2035/2299/1828
f 2021/2276/1847 2020/2266/1814 2028/2281/1815
f 2036/2290/1848 2035/2299/1820 2043/2300/1822
f 2051/2302/1850 2050/2226/1867 2058/2296/1851
f 2031/2294/1853 2030/2289/1835 2038/2292/1836
f 2102/2305/1854 2094/2355/1946 2093/2306/1855
f 2044/2301/1857 2043/2300/1898 2051/2308/1858
f 2025/2279/1860 2024/2293/1861 2032/2310/1861
f 2026/2269/1864 2025/2279/1860 2033/2311/1862
f 2039/2304/1865 2038/2292/1881 2046/2312/1866
f 2050/2226/1867 2049/2225/1899 2057/2314/1868
f 2033/2311/1869 2032/2310/1870 2040/2286/1870
f 2053/2315/1871 2052/2309/2101 2060/2316/1872
f 2066/2297/1874 2065/2347/6023 2073/2318/1875
f 2054/2320/1877 2053/2315/1871 2061/2317/1873
f 2045/2322/1879 2044/2301/1857 2052/2309/1859
f 2038/2292/1881 2037/2291/2107 2045/2322/1882
f 2068/2323/1884 2067/2298/1922 2075/2324/1885
f 2047/2313/1887 2046/2312/1889 2054/2320/1888
f 2046/2312/1889 2045/2322/1879 2053/2315/1880
f 2060/2327/1890 2059/2303/1923 2068/2323/1891
f 2041/2295/1893 2040/2286/1894 2048/2285/1894
f 2062/2329/1895 2061/2338/1909 2070/2330/1896
f 2043/2283/1898 2042/2224/1732 2050/2226/1734
f 2049/2225/1899 2048/2285/1900 2056/2332/1900
f 2070/2330/1901 2069/2339/2098 2077/2333/1902
f 2075/2324/1904 2074/2319/1936 2082/2335/1905
f 2071/2331/1907 2070/2330/1901 2078/2334/1903
f 2061/2338/1909 2060/7227/1890 2069/2339/1892
f 2055/2326/1911 2054/2320/1877 2062/2321/1878
f 2079/2337/1912 2078/2334/1941 2086/2341/1913
f 2092/2343/1915 2084/2360/1940 2083/2336/1916
f 2063/2345/1918 2062/2329/1895 2071/2331/1897
f 2057/2314/1920 2056/2332/1921 2065/2347/1921
f 2067/2298/1922 2066/2297/1874 2074/2319/1876
f 2059/2303/1923 2058/2296/1843 2067/2298/1845
f 2100/2349/1925 2092/2343/1980 2091/2344/1926
f 5336/2351/1928 5328/5967/1928 5327/2352/1929
f 2095/2354/1931 2087/2342/1963 2086/2341/1932
f 2072/2346/1935 2071/2331/1907 2079/2337/1908
f 2074/2319/1936 2073/2318/1937 2081/2348/1937
f 2094/2355/1933 2086/2341/1932 2085/2357/1938
f 2093/2306/1939 2085/2357/1938 2084/2358/1940
f 2078/2334/1941 2077/2333/1953 2085/2357/1942
f 2076/2325/1943 2075/2324/1904 2083/2336/1906
f 2103/2361/1945 2095/2354/1973 2094/2355/1946
f 2080/2356/1947 2079/2337/1912 2087/2342/1914
f 2110/2363/1948 2102/2305/1958 2101/2307/1949
f 2091/2344/1917 2083/2336/1916 2082/2335/1951
f 2077/2333/1953 2076/7228/1943 2084/2358/1944
f 2115/2366/1954 2107/2371/1960 2106/2367/1955
f 2111/2369/1957 2103/2361/1985 2102/2305/1958
f 2116/2370/1959 2108/2376/1975 2107/2371/1960
f 2096/2373/1962 2088/2362/1962 2087/2342/1963
f 2099/2350/1927 2091/2344/1926 2090/2365/1964
f 2107/2371/1966 2099/2350/1978 2098/2374/1967
f 2109/2375/1950 2101/7229/1949 2100/2349/1969
f 2104/2378/1972 2096/2373/1972 2095/2354/1973
f 2117/2379/1974 2109/2375/2006 2108/2376/1975
f 2098/2374/1965 2090/2365/1964 2089/2372/1977
f 2108/2376/1970 2100/2349/1969 2099/2350/1978
f 2101/2307/1856 2093/2306/1855 2092/2359/1980
f 2132/2385/1981 2124/2389/2008 2123/2386/1982
f 2112/2388/1984 2104/2378/6024 2103/2361/1985
f 2124/2389/1986 2116/2370/2005 2115/2366/1987
f 2119/2390/1989 2111/2369/2001 2110/2363/1990
f 2126/2392/1992 2118/7230/1996 2117/2393/1993
f 2127/2395/1995 2119/2390/2013 2118/2391/1996
f 5320/2397/1997 5312/5952/1997 5311/2398/1998
f 2120/2401/2000 2112/2388/2000 2111/2369/2001
f 2131/2387/1983 2123/2386/1982 2122/2402/2002
f 2114/2368/1956 2106/2367/1955 2105/2380/2004
f 2125/2404/1994 2117/2379/1993 2116/2370/2005
f 2118/2391/1991 2110/2363/1990 2109/2364/2006
f 2133/2406/2007 2125/2404/2080 2124/2389/2008
f 4195/2407/2009 4196/4844/3793 3948/2408/2010
f 2128/2410/2012 2120/2401/2012 2119/2390/2013
f 2140/2411/2014 2132/2385/2030 2131/2387/2015
f 2122/2402/2017 2114/2368/2023 2113/2400/2018
f 2142/2122/2019 2134/2422/2041 2133/2413/2020
f 2123/2386/1988 2115/2366/1987 2114/2368/2023
f 2136/2414/2024 2128/7231/2024 2127/2415/2025
f 4192/2417/2027 4193/4859/1604 3945/2418/1606
f 2130/2403/2003 2122/2402/2002 2121/2412/2029
f 2141/2118/2021 2133/2413/2020 2132/2421/2030
f 2135/2416/2026 2127/2415/2025 2126/2392/2031
f 4134/2423/2034 4126/4747/2034 4127/2424/2035
f 2144/2429/2038 2136/2414/2038 2135/2416/2039
f 2143/2128/2040 2135/2416/2039 2134/2422/2041
f 2138/2154/2042 2130/2403/2045 2129/2420/2043
f 2139/2156/2016 2131/2387/2015 2130/2403/2045
f 2145/2141/2046 2144/2429/2046 2143/2128/1595
f 3966/2431/2047 3958/4586/4185 3959/2432/2048
f 2137/2430/2050 1889/2436/2050 1890/2150/2051
f 3962/2437/2054 3954/2454/2067 3955/2438/2055
f 3959/2432/2057 3951/4583/4164 3952/2440/2058
f 5299/2450/2064 5298/5922/2065 5306/2451/2065
f 3961/2453/2066 3953/4587/4167 3954/2454/2067
f 2149/2455/2068 2156/4342/1580 2155/2456/1624
f 2150/2458/1581 2157/2466/1582 2156/2459/1580
f 2161/2461/2043 2153/2486/2043 2154/2462/2070
f 2162/2463/2045 2154/2462/2070 2155/2456/2016
f 2151/2465/1585 2158/2470/1586 2157/2466/1582
f 2169/2467/2029 2161/2461/2029 2162/2463/2071
f 2152/2469/1594 2159/2482/1595 2158/2470/1586
f 2167/2471/2039 2159/2482/2040 2160/2472/2038
f 2398/2474/1584 2399/2761/1588 2151/2465/1587
f 3729/2475/2072 3728/4338/3836 3736/2476/2073
f 3698/2478/2075 3697/2772/2162 3705/2479/2076
f 2402/2481/2046 2160/2472/2046 2159/2482/1595
f 2394/2483/1618 2395/2487/1619 2147/2484/2078
f 2147/2484/2051 2154/2462/1622 2153/2486/2050
f 2395/2487/1619 2396/2755/1575 2148/2457/1625
f 2148/2457/2069 2155/2456/1624 2154/2462/1622
f 2171/2488/1982 2163/2464/1983 2164/2489/1981
f 2199/2491/1985 2191/2527/2090 2192/2492/1984
f 2172/2490/2079 2164/2489/1981 2165/2494/2007
f 2173/2496/2080 2165/4581/2007 2166/2497/2032
f 2187/2499/1960 2179/2517/1954 2180/2500/1959
f 2174/2498/2081 2166/2497/2032 2167/2471/2026
f 2175/2502/2082 2167/2471/2026 2168/2473/2024
f 2177/2504/2018 2169/2467/2018 2170/2468/2083
f 2182/2506/1996 2174/7232/1992 2175/2507/1995
f 2183/2508/2013 2175/2507/1995 2176/2509/2012
f 2185/2511/2004 2177/2504/2004 2178/2505/1956
f 2215/2514/1963 2207/2543/2096 2208/2515/1962
f 2178/2505/2023 2170/2468/2083 2171/2488/1988
f 2179/2517/2084 2171/2488/1988 2172/2490/1986
f 2180/2500/2085 2172/2490/1986 2173/2495/1994
f 2181/2521/1993 2173/2496/1994 2174/2498/1992
f 2188/2501/1975 2180/2500/1959 2181/2518/1974
f 2189/2525/2006 2181/7233/1974 2182/2506/1991
f 2190/2526/1990 2182/2506/1991 2183/2508/2088
f 2191/2527/2001 2183/2508/2088 2184/2510/2000
f 2193/2524/2089 2185/2511/2089 2186/2512/1968
f 2203/2530/1926 2195/2535/2093 2196/2531/1925
f 2186/2512/1955 2178/2505/1956 2179/2517/1954
f 2201/2529/1977 2193/2524/1977 2194/2528/1965
f 2194/2528/1967 2186/2512/1968 2187/2499/1966
f 2195/2535/1978 2187/2499/1966 2188/2501/1970
f 2196/2531/1969 2188/2501/1970 2189/2523/1950
f 2197/2537/1949 2189/2525/1950 2190/2526/1948
f 2198/2538/1958 2190/2526/1948 2191/2527/2090
f 2204/2539/1980 2196/7234/1925 2197/2537/1856
f 2217/2519/1875 2218/2549/1876 2226/2541/1874
f 2205/2540/1855 2197/2537/1856 2198/2538/1854
f 2206/2542/1946 2198/2538/1854 2199/2491/1945
f 2207/2543/1973 2199/2491/1945 2200/2493/1972
f 2209/2533/2091 2201/2529/2091 2202/2534/1952
f 2212/2546/1944 2213/2552/1942 2221/2547/1953
f 2202/2534/1964 2194/2528/1965 2195/2535/2093
f 2209/2533/1937 2210/2544/1905 2218/2549/1936
f 2210/2544/1951 2202/2534/1952 2203/2530/2094
f 2211/2550/1916 2203/2530/2094 2204/2532/2095
f 2212/2546/1940 2204/2539/2095 2205/2540/1939
f 2213/2552/1938 2205/2540/1939 2206/2542/1933
f 2214/2554/1932 2206/2542/1933 2207/2543/2096
f 2213/2552/1942 2214/2554/1913 2222/2555/1941
f 2214/2554/1913 2215/2514/1914 2223/2556/1912
f 2215/2514/1914 2216/2516/1947 2224/2557/1947
f 2210/2544/1905 2211/2550/1906 2219/2558/1904
f 2211/2550/1906 2212/2551/1944 2220/2559/2092
f 2229/2560/1892 2230/2566/1896 2238/2561/1909
f 2218/2549/1876 2219/2558/1885 2227/2563/2097
f 2219/2558/1885 2220/2559/1886 2228/2564/1884
f 2220/2559/1886 2221/7235/1902 2229/2565/2098
f 2221/2547/1902 2222/2555/1903 2230/2566/1901
f 2222/2555/1903 2223/2556/1908 2231/2567/1907
f 2223/2556/1908 2224/2557/1935 2232/2568/1935
f 2225/2520/1921 2226/2541/1844 2234/2569/1920
f 2230/2566/1896 2231/2567/1897 2239/2570/2099
f 2231/2567/1897 2232/2568/1918 2240/2571/1918
f 2233/2545/1900 2234/2569/1868 2242/2572/1899
f 2226/2541/1844 2227/2563/1845 2235/2573/1843
f 2227/2563/1845 2228/2564/1891 2236/2574/1923
f 2228/2564/1891 2229/2565/1892 2237/2575/1890
f 2245/2576/1859 2246/2583/1880 2254/2577/1879
f 2234/2569/1868 2235/2573/2100 2243/2579/1867
f 2235/2573/2100 2236/2574/1852 2244/2580/1850
f 2236/2574/1852 2237/2575/2102 2245/2581/2101
f 2237/2582/2102 2238/2584/1873 2246/2583/1871
f 2238/2584/1873 2239/2586/2103 2247/2585/1877
f 2239/2586/2103 2240/7236/1911 2248/2587/1911
f 2241/2553/1894 2242/2572/1733 2250/2588/1893
f 2246/2583/1880 2247/2585/1888 2255/2590/1889
f 2247/2585/1888 2248/2587/1887 2256/2591/1887
f 2249/2589/1870 2250/2588/1840 2258/2592/1869
f 2250/2588/1840 2251/2595/1821 2259/2594/1839
f 2242/2572/1733 2243/2579/1734 2251/2595/2105
f 2243/2579/1734 2244/2580/1858 2252/2596/1898
f 2244/2597/1858 2245/2576/1859 2253/2578/1857
f 2251/2595/1821 2252/2596/2106 2260/2599/1820
f 2252/2598/2106 2253/2578/1849 2261/2600/1848
f 2253/2578/1849 2254/2577/1882 2262/2602/2107
f 2266/2603/1813 2267/2615/1796 2275/2604/1812
f 2254/2577/1882 2255/2590/1866 2263/2606/1881
f 2255/2590/1866 2256/2591/1865 2264/2607/1865
f 2257/2593/1861 2258/2592/1862 2266/2603/1860
f 2262/2602/1834 2263/2606/1836 2271/2612/1835
f 2263/2606/1836 2264/2607/1853 2272/2614/1853
f 2265/2608/1842 2266/2603/1813 2274/2605/1841
f 2258/2592/1862 2259/2594/1827 2267/2615/1864
f 2259/2594/1827 2260/2599/1828 2268/2616/2109
f 2260/2601/1828 2261/2600/1833 2269/2617/1846
f 2261/2600/1833 2262/2602/1834 2270/2613/1832
f 2267/2615/1796 2268/2616/1797 2276/2619/1795
f 2303/2620/2110 2295/2647/1767 2296/2621/1798
f 2268/2618/1797 2269/2617/1815 2277/2623/1814
f 2269/2617/1815 2270/2613/1830 2278/2625/1847
f 2291/2626/1770 2283/2638/1764 2284/2627/2111
f 2270/2613/1830 2271/2612/1831 2279/2629/1829
f 2271/2612/1831 2272/2614/6025 2280/2630/1838
f 2281/2631/1782 2273/2609/1782 2274/2605/1781
f 2286/2633/1808 2278/2625/1805 2279/2629/1807
f 2287/2634/1824 2279/2629/1807 2280/2630/1823
f 2289/2610/1817 2281/2631/1817 2282/2632/2112
f 2282/2632/1801 2274/2605/1781 2275/2604/1800
f 2283/2638/1818 2275/2604/1800 2276/2619/1794
f 2284/2639/1793 2276/2624/1794 2277/2623/1792
f 2285/2640/1806 2277/2623/1792 2278/2625/1805
f 2292/2641/1787 2284/2639/2111 2285/2640/1786
f 2330/2643/1681 2322/2657/1681 2323/2644/1680
f 2293/2642/1819 2285/2640/1786 2286/2633/1804
f 2294/2646/1803 2286/2633/1804 2287/2634/1802
f 2295/2647/1811 2287/2634/1802 2288/2635/1810
f 2297/2611/2113 2289/2610/2113 2290/2636/2114
f 2308/2650/1791 2300/2655/1744 2301/2651/1706
f 2290/2636/1765 2282/2632/2112 2283/2638/1764
f 2305/2637/1789 2297/2611/1789 2298/2648/1775
f 2298/2648/1777 2290/2636/2114 2291/2626/1776
f 2299/2654/1790 2291/2626/1776 2292/2628/1780
f 2300/2655/1779 2292/2628/1780 2293/2656/1760
f 2301/2658/1759 2293/2642/1760 2294/2646/1758
f 2302/2659/2115 2294/2646/1758 2295/2647/1767
f 2309/2661/1705 2301/7237/1706 2302/2662/1704
f 2310/2663/2116 2302/2662/1704 2303/2664/1753
f 2311/2665/1785 2303/2664/1753 2304/2666/1784
f 2313/2660/2117 2305/2637/2117 2306/2653/1762
f 2306/2653/1774 2298/2648/1775 2299/2654/2118
f 2307/2669/1745 2299/2654/2118 2300/2655/1744
f 2322/2657/2119 2313/2660/6026 2314/2668/2120
f 2325/2670/1763 2316/7238/1712 2317/2671/1610
f 2314/2668/1761 2306/2653/1762 2307/2669/2121
f 2315/2673/1725 2307/2669/2121 2308/2650/1724
f 2316/2674/2122 2308/2650/1724 2309/2652/1738
f 2317/2671/2123 2309/2661/1738 2310/2663/1736
f 2318/2676/1743 2310/2663/1736 2311/2665/2124
f 2319/2678/1773 2311/2665/2124 2312/2667/1772
f 2326/2672/1609 2317/2671/1610 2318/2676/1608
f 2327/2680/1722 2318/2676/1608 2319/2678/2125
f 2328/2681/1756 2319/2678/2125 2320/2679/1755
f 2323/2644/1750 2314/2668/2120 2315/2673/1714
f 2324/2683/1713 2315/2673/1714 2316/2674/1712
f 2331/2645/1739 2323/2644/1680 2324/2683/2126
f 2332/2685/1689 2324/2683/2126 2325/2684/1688
f 2333/2687/2127 2325/2670/1688 2326/2672/1711
f 2334/2688/1710 2326/2672/1711 2327/2680/2128
f 2335/2689/1716 2327/2680/2128 2328/2681/1715
f 2336/2690/1749 2328/2681/1715 2329/2682/1748
f 2338/2649/1708 2339/2697/1677 2347/2692/1707
f 2342/2693/1718 2334/2688/1694 2335/2689/1717
f 2343/2694/1730 2335/2689/1717 2336/2690/1729
f 2344/2695/1728 2336/2690/1729 2337/2691/1727
f 2339/2697/1639 2331/2645/1640 2332/2685/1638
f 2340/2698/1740 2332/2685/1638 2333/2686/2129
f 2341/2700/1695 2333/2687/2129 2334/2688/1694
f 2350/2701/1670 2351/2707/1671 2359/2702/1669
f 2339/2697/1677 2340/2698/1660 2348/2704/1676
f 2340/2698/1660 2341/2699/1661 2349/2705/1659
f 2341/2700/1661 2342/2693/1687 2350/2701/1686
f 2342/2693/1687 2343/2694/1720 2351/2707/2130
f 2343/2694/1720 2344/2695/1703 2352/2708/2131
f 2344/2695/1703 2345/2696/1702 2353/2709/1702
f 2346/2677/1698 2347/2692/1699 2355/2710/1697
f 2351/2707/1671 2352/2708/1692 2360/2712/1693
f 2352/2708/1692 2353/2709/1691 2361/2713/1691
f 2354/2711/1679 2355/2710/1652 2363/2714/1678
f 2355/2710/1652 2356/2717/1634 2364/2716/1651
f 2347/2692/1699 2348/2704/1664 2356/2717/1701
f 2348/2704/1664 2349/2705/1665 2357/2718/1663
f 2349/2705/1665 2350/7239/1670 2358/2719/1682
f 2356/2717/1634 2357/2718/1635 2365/2720/1633
f 2384/2721/1637 2385/2751/1636 2393/2722/1636
f 2357/2718/1635 2358/2719/1658 2366/2724/1657
f 2358/2703/1658 2359/2702/1684 2367/2725/2133
f 2372/2727/1621 2373/2742/2141 2381/2728/1620
f 2359/2702/1684 2360/2712/1675 2368/2730/2135
f 2360/2712/1675 2361/2713/6027 2369/2731/1674
f 2362/2715/1667 2363/2714/1668 2371/2732/1666
f 2367/2734/1598 2368/2737/1648 2376/2735/2136
f 2368/2737/1648 2369/7240/1662 2377/2738/1662
f 2370/2733/1654 2371/2732/1632 2379/2739/2137
f 2400/2741/1600 2401/2765/1607 2402/2481/1607
f 2363/2714/1668 2364/2716/2139 2372/2727/2138
f 2364/2716/2139 2365/2720/1643 2373/2742/1641
f 2365/2720/1643 2366/2724/2140 2374/2743/1655
f 2366/2744/2140 2367/2734/1598 2375/2736/1596
f 2373/2746/2141 2374/2745/1616 2382/2747/1614
f 2374/2745/1616 2375/2736/1645 2383/2750/1656
f 2375/2736/1645 2376/2735/1646 2384/2721/1644
f 2376/2735/1646 2377/2738/1650 2385/2751/1650
f 2378/2740/1590 2379/2739/1591 2387/2752/2143
f 2388/2753/1593 2389/2756/1627 2397/2754/2144
f 2371/2732/1632 2372/2727/1621 2380/2729/2134
f 2386/2749/1578 2387/2752/1579 2395/2487/1577
f 2379/2739/1591 2380/2729/1630 2388/2753/2145
f 2380/2729/1630 2381/2728/2147 2389/2756/2146
f 2381/2748/2147 2382/2747/1613 2390/2757/1611
f 2382/2747/1613 2383/2750/2149 2391/2759/2148
f 2383/2750/2149 2384/2721/1637 2392/2723/2132
f 2389/2758/1627 2390/2757/1628 2398/2474/1626
f 2390/2757/1628 2391/2759/2154 2399/2761/2150
f 3902/2762/2151 3894/4545/4127 3893/2763/2152
f 2391/2759/2154 2392/2723/1603 2400/2741/2155
f 2392/2723/1603 2393/2722/1602 2401/2765/1602
f 3695/2766/2156 3694/4324/3787 3702/2767/2157
f 3865/2769/2159 3864/4508/4049 3872/2770/2160
f 3697/2772/2162 3696/4331/3812 3704/2773/2163
f 2387/2752/1579 2388/2753/1593 2396/2755/1592
f 3848/2774/2164 3847/4483/4019 3855/2775/2165
f 3833/2777/2167 3832/4472/4018 3840/2778/2168
f 3935/2780/2170 3687/4352/3811 3688/2781/2171
f 3703/2768/2173 3702/2767/3813 3710/2783/2174
f 3797/2785/2176 3789/4438/3948 3788/2786/2177
f 3781/2788/2179 3773/4424/3933 3772/2789/2180
f 3768/2791/2181 3760/4394/3885 3759/2792/2182
f 3745/2794/2184 3744/4381/3863 3752/2795/2185
f 3706/2480/2187 3705/2479/2192 3713/2797/2188
f 3705/2479/2192 3704/2773/3801 3712/2804/2193
f 2662/2805/2194 3172/2815/2204 2673/2806/2195
f 3176/2808/2197 3133/2852/2240 2409/2809/2198
f 4547/2811/2200 5012/5057/4441 4527/2812/2201
f 2405/2814/2203 2674/2820/2209 3172/2815/2204
f 4976/2816/2205 4463/4023/3487 4207/2817/2206
f 2668/2819/2208 3172/2815/2204 2674/2820/2209
f 2668/2819/2208 2413/2833/2221 2673/2806/2195
f 3181/2822/2211 2668/2819/2208 2412/2821/2210
f 3218/2824/2213 2754/3031/2444 2443/2825/2214
f 2407/2827/2216 2663/4018/2219 3173/2828/2217
f 2406/2807/2196 2673/2806/2195 3173/2830/2217
f 3420/2832/2220 3166/3966/3432 2406/2807/2196
f 2413/2833/2221 2669/7241/2222 3173/2830/2217
f 2669/2834/2222 2414/2846/2234 2675/2829/2218
f 3182/2835/2223 2669/7241/2222 2413/2833/2221
f 2691/2837/2225 2415/2857/2245 2670/2838/2226
f 2664/2840/2228 3174/2843/2231 2676/2841/2229
f 2407/2827/2216 2675/2829/2218 3174/2843/2231
f 3165/2844/2232 2407/2827/2216 2664/2840/2228
f 2414/2846/2234 2670/2838/2226 3174/2843/2231
f 2670/2838/2226 2415/2857/2245 2676/2841/2229
f 3183/2839/2227 2670/2838/2226 2414/2846/2234
f 2718/2848/2236 2428/2973/2378 2696/2849/2237
f 3168/2851/2239 2409/2809/2198 3133/2852/2240
f 2409/2809/2198 2665/2855/2243 3175/2854/2242
f 2408/2842/2230 2676/2841/2229 3175/2854/2242
f 3422/2856/2244 3167/2872/2259 2408/2842/2230
f 2415/2857/2245 2671/2861/2249 3175/2854/2242
f 2722/2858/2246 2433/7242/6028 2701/2859/2247
f 2671/2861/2249 2416/2871/2258 2677/2810/2199
f 3184/2862/2250 2671/2861/2249 2415/2857/2245
f 3136/2863/2251 2578/3597/6029 3137/2864/2251
f 2659/2866/2253 3133/2852/2240 3176/2808/2197
f 3185/2868/2255 2693/2941/2333 2417/2869/2256
f 2416/2871/2258 2672/2870/2257 3176/2808/2197
f 2672/2870/2257 2417/2869/2256 3135/2867/2254
f 3167/2872/2259 3421/2845/2233 2664/2840/2228
f 3425/2873/2260 2660/2903/2294 2404/2874/2261
f 3188/2876/2263 2702/2956/2355 2424/2877/2264
f 2703/2879/2266 2423/2940/2332 2684/2880/2267
f 2692/2882/2269 3185/2868/2255 2672/2870/2257
f 3168/2851/2239 3422/2856/2244 2665/2855/2243
f 3177/2883/2270 2678/2904/6030 2403/2884/2271
f 3187/2886/2273 2688/2927/2319 2411/2887/2274
f 3132/2885/2276 2578/3597/6031 3134/2889/2276
f 2410/2890/2278 2678/2904/6032 3177/2883/2279
f 3134/2889/2281 2578/3597/6033 3136/2863/2281
f 3191/2892/2283 2706/2930/2322 2419/2893/2284
f 3138/2895/2286 2578/3597/3023 3139/2896/2287
f 2733/2898/2289 2440/2997/2399 2715/2899/2290
f 2404/2874/2261 2660/2903/2294 3178/2901/2292
f 2660/2903/2294 2403/2884/6034 2678/2904/2295
f 3169/2905/2296 2403/2884/6034 2660/2903/2294
f 2666/2888/2275 3178/2901/2292 2678/2904/2297
f 2705/2906/2299 3191/2892/2283 2680/2894/2285
f 3178/2901/2292 2666/2888/2275 2411/2887/2274
f 2694/2908/2301 3187/2886/2273 2666/2888/2275
f 2720/2909/2302 2431/2954/2353 2699/2910/2303
f 2405/2814/2203 2661/2913/2306 3179/2912/2305
f 2661/2913/2306 2404/2874/2261 2679/2902/2293
f 3426/2914/2307 3170/2875/2262 2404/2874/2261
f 2411/2887/2274 2667/2915/2308 3179/2912/2305
f 2667/2915/2308 2412/2821/2210 2674/2820/2209
f 3189/2916/2309 2704/2961/2359 2425/2917/2310
f 2690/2847/2235 2414/2846/2234 2669/2834/2222
f 3202/2920/2312 2724/2972/2377 2427/2921/2313
f 2708/2923/2315 2421/2933/2325 2682/2924/2316
f 2419/2893/2284 2681/2928/2320 3180/2926/2318
f 2681/2928/2320 2420/2931/2323 2687/2823/2212
f 3192/2929/2321 2681/2928/2320 2419/2893/2284
f 2420/2931/2323 2682/2924/2316 3181/2822/2211
f 2682/2924/2316 2421/2933/2325 2689/2836/2224
f 3193/2925/2317 2682/2924/2316 2420/2931/2323
f 2421/2933/2325 2683/7243/2326 3182/2835/2223
f 2683/2934/2326 2422/2936/2328 2690/2847/2235
f 3194/2935/2327 2683/7243/2326 2421/2933/2325
f 2422/2936/2328 2684/2880/2267 3183/2839/2227
f 3198/2911/2304 2699/2910/2303 2430/2937/2329
f 2684/2880/2267 2423/2940/2332 2691/2837/2225
f 3195/2881/2268 2684/2880/2267 2422/2936/2328
f 2423/2940/2332 2685/2878/2265 3184/2862/2250
f 2685/2878/2265 2424/2877/2264 2692/2882/2269
f 3188/2876/2263 2685/2878/2265 2423/2940/2332
f 2424/2877/2264 2686/2918/2311 3185/2868/2255
f 2686/2918/2311 2425/2917/2310 2693/2941/2333
f 2707/2932/2324 2420/2931/2323 2681/2928/2320
f 3186/2891/2334 2694/2908/6035 2410/2890/2335
f 3164/2942/2337 2578/3597/6036 3132/2885/2337
f 2418/2907/2339 2694/2908/6037 3186/2891/2340
f 3139/2896/2287 2578/3597/3023 3140/2944/2342
f 2717/2946/2344 2429/2977/2382 2697/2947/2345
f 2680/2894/2285 3187/2886/2273 2694/2908/2347
f 3187/2886/2273 2680/2894/2285 2419/2893/2284
f 3200/2860/2248 2701/2859/2247 2432/2949/2348
f 3233/2951/2350 2783/3097/2515 2459/2952/2351
f 2431/2954/2353 2700/2955/2354 3188/2876/2263
f 2700/2955/2354 2432/2949/2348 2702/2956/2355
f 3199/2957/2356 2700/2955/2354 2431/2954/2353
f 2719/2958/2330 2430/7244/2329 2698/2959/2357
f 2701/2859/2247 3189/2916/2309 2702/2956/2355
f 2701/2859/2247 2433/7242/6028 2704/2961/2359
f 2721/2950/2349 2432/2949/2348 2700/2955/2354
f 2739/2962/2360 2439/2996/2398 2714/2963/2361
f 3190/2865/2363 2705/2906/6038 2418/2907/2364
f 2426/2965/2366 2705/2906/6039 3190/2865/2367
f 3140/2944/2342 2578/3597/3023 3141/2966/2369
f 2695/2922/2314 3191/2892/2283 2705/2906/2371
f 3191/2892/2283 2695/2922/2314 2427/2921/2313
f 2723/2968/2373 3202/2920/2312 2695/2922/2314
f 2427/2921/2313 2696/2849/2237 3192/2929/2321
f 3207/2969/2374 2711/3011/2419 2435/2970/2375
f 2696/2849/2237 2428/2973/2378 2707/2932/2324
f 3203/2850/2238 2696/2849/2237 2427/2921/2313
f 2428/2973/2378 2697/2947/2345 3193/2925/2317
f 2697/2947/2345 2429/2977/2382 2708/2923/2315
f 3196/2948/2346 2697/2947/2345 2428/2973/2378
f 2732/2974/2379 2441/7245/6040 2716/2975/2380
f 2429/2977/2382 2698/2959/2357 3194/2935/2327
f 2698/2978/2357 2430/2937/2329 2709/2939/2331
f 3197/2960/2358 2698/2959/2357 2429/2977/2382
f 3215/2980/2383 2751/3065/2471 2448/2981/2384
f 2430/2937/2329 2699/2910/2303 3195/2881/2268
f 2699/2910/2303 2431/2954/2353 2703/2879/2266
f 2738/2983/2386 2438/7246/2397 2713/2984/2387
f 2436/2986/2389 2712/2987/2390 3196/2948/2346
f 2712/2987/2390 2437/2990/2393 2717/2946/2344
f 3208/2988/2391 2712/2987/2390 2436/2986/2389
f 2437/2990/2393 2713/2984/2387 3197/2960/2358
f 2713/2984/2387 2438/7246/2397 2719/2958/2330
f 3209/2985/2388 2713/2984/2387 2437/2990/2393
f 3206/2992/2395 2735/2971/2376 2435/2970/2375
f 2438/2994/2397 2714/2963/2361 3198/2911/2304
f 2714/2963/2361 2439/2996/2398 2720/2909/2302
f 3210/2964/2362 2714/2963/2361 2438/2994/2397
f 2439/2996/2398 2715/2899/2290 3199/2957/2356
f 3199/2957/2356 2715/2899/2290 2440/2997/2399
f 3211/2900/2291 2715/2899/2290 2439/2996/2398
f 2716/2975/2380 3200/2860/2248 2721/2950/2349
f 2716/2975/2380 2441/7245/6040 2722/2858/2246
f 2737/2991/2394 2437/2990/2393 2712/2987/2390
f 3215/2980/2383 2730/2982/2385 2447/2998/2400
f 3201/3000/2402 2723/2968/6041 2426/2965/2403
f 2434/3001/2405 2723/2968/6042 3201/3000/2406
f 2748/3002/2408 2444/3030/2443 2726/3003/2409
f 3141/2966/2369 2578/3597/3023 3142/3005/2411
f 2752/3007/2413 2449/7247/2420 2731/3008/2414
f 2710/2993/2396 3202/2920/6043 2723/2968/2416
f 3202/2920/2312 2710/2993/2396 2435/2970/2375
f 2734/3010/2418 3206/2992/2395 2710/2993/2396
f 2435/2970/2375 2711/3011/2419 3203/2850/2238
f 2711/3011/2419 2436/2986/2389 2718/2848/2236
f 2448/3012/2384 2731/3014/2414 3204/2976/2381
f 2449/3013/2420 2732/2974/2379 3204/2976/2381
f 2749/3015/2421 2446/3039/2452 2728/3016/2422
f 3205/2897/2424 2734/3010/6044 2434/3001/2425
f 2442/3018/2427 2734/3010/6045 3205/2897/2428
f 3142/3005/2411 2578/3597/3023 3143/3019/2430
f 2750/2999/2401 2447/2998/2400 2729/3021/2432
f 2725/2826/2215 3206/2992/6046 2734/3010/2434
f 3206/2992/2395 2725/2826/2215 2443/2825/2214
f 2753/3023/2436 3218/2824/2213 2725/2826/2215
f 3227/3024/2437 2763/3080/2492 2456/3025/2438
f 2443/2825/2214 2726/3003/2409 3207/2969/2374
f 2765/3027/2440 3223/3095/2513 2741/3028/2441
f 3207/2969/2374 2726/3003/2409 2444/3030/2443
f 3219/3004/2410 2726/3003/2409 2443/2825/2214
f 2444/3030/2443 2727/3032/2445 3208/2988/2391
f 2727/3032/2445 2445/3037/2450 2737/2991/2394
f 3212/3033/2446 2727/3032/2445 2444/3030/2443
f 3220/3034/2447 2762/7248/6047 2457/3035/2448
f 2445/3037/2450 2728/3016/2422 3209/2985/2388
f 2728/3016/2422 2446/3039/2452 2738/2983/2386
f 2747/3038/2451 3213/3017/2423 2728/3016/2422
f 2446/3039/2452 2729/7249/2432 3210/3040/2362
f 3210/2964/2362 2729/7250/2432 2447/3041/2400
f 3214/3022/2433 2729/3021/2432 2446/3042/2452
f 2780/3044/2453 2464/3079/2491 2760/3045/2454
f 2447/3041/2400 2730/3047/2385 3211/2900/2291
f 2730/3047/2385 2448/3012/2384 2733/2898/2289
f 2769/3048/2456 2455/3064/2470 2744/3049/2457
f 2768/3051/2459 2454/3063/2469 2743/3052/2460
f 2452/3054/2462 2742/3066/2472 3212/3033/2446
f 3212/3033/2446 2742/3066/2472 2453/3055/2463
f 3224/3056/2464 2742/3066/2472 2452/3054/2462
f 2453/3055/2463 2743/3058/2460 3213/3017/2423
f 2743/3058/2460 2454/7251/2469 2749/3015/2421
f 3225/3059/2461 2743/3058/2460 2453/3055/2463
f 3222/3061/2467 2765/3027/2440 2451/3029/2442
f 2454/3063/2469 2744/3049/2457 3214/3022/2433
f 2744/3049/2457 2455/3064/2470 2750/2999/2401
f 3226/3050/2458 2744/3049/2457 2454/3063/2469
f 2455/3064/2470 2745/3026/2439 3215/2980/2383
f 2745/3026/2439 2456/3025/2438 2751/3065/2471
f 3227/3024/2437 2745/3026/2439 2455/3064/2470
f 2747/3038/2451 2445/3037/2450 2727/3032/2445
f 2746/3036/2449 3216/3009/2415 2751/3065/2471
f 2746/3036/2449 2457/3035/2448 2752/3007/2413
f 2767/3060/2466 2453/3055/2463 2742/3066/2472
f 3230/3046/2455 2760/3045/2454 2463/3067/2473
f 3217/2945/2475 2753/3023/2436 2442/3018/2435
f 2450/3069/2477 2753/3023/6048 3217/2945/2478
f 2784/3070/2480 2460/3096/2514 2756/3071/2481
f 3143/3019/2430 2578/3597/3023 3144/3073/2483
f 2781/3075/2485 2465/3081/2493 2761/3076/2486
f 2740/3062/2468 3218/2824/2213 2753/3023/2488
f 3218/2824/2213 2740/3062/2468 2451/3029/2442
f 2764/3078/2490 3222/3061/2467 2740/3062/2468
f 2451/3029/2442 2741/3028/2441 3219/3004/2410
f 2741/3028/2441 2452/3054/2462 2748/3002/2408
f 2464/3079/2491 2761/3076/2486 3220/3034/2447
f 2465/3081/2493 2762/7248/6047 3220/3034/2447
f 2777/3082/2494 2462/3106/2523 2758/3083/2495
f 2792/3085/2497 2473/7252/6049 2776/3086/2498
f 3221/2967/2500 2764/3078/2490 2450/3069/2489
f 2458/3088/2502 2764/3078/6050 3221/2967/2503
f 2795/3089/2505 2468/3101/2519 2771/3090/2506
f 2779/3068/2474 2463/3067/2473 2759/3092/2508
f 2755/2953/2352 3222/3061/2467 2764/3078/2510
f 3222/3061/2467 2755/2953/2352 2459/2952/2351
f 2782/3094/2512 3233/2951/2350 2755/2953/2352
f 2459/2952/2351 2756/3071/2481 3223/3095/2513
f 3223/3095/2513 2756/3071/2481 2460/3096/2514
f 3234/3072/2482 2756/3071/2481 2459/2952/2351
f 2796/3098/2516 2469/7253/2536 2772/3099/2517
f 2460/3096/2514 2757/3128/2544 3224/3056/2464
f 3238/3100/2518 2772/3099/2517 2468/3101/2519
f 3224/3056/2464 2757/3128/2544 2461/3102/2520
f 3235/3103/2521 2757/3128/2544 2460/3096/2514
f 2461/3102/2520 2758/3105/2495 3225/3059/2461
f 2758/3083/2495 2462/3106/2523 2768/3051/2459
f 2778/3104/2522 3228/7254/2496 2758/3105/2495
f 2462/3106/2523 2759/3092/2508 3226/3050/2458
f 2759/3092/2508 2463/3067/2473 2769/3048/2456
f 3229/3093/2509 2759/3092/2508 2462/3106/2523
f 3243/3020/2524 3143/3019/6051 2474/3107/2525
f 2810/3109/2527 2481/3176/2599 2791/3110/2528
f 2463/3067/2473 2760/3045/2454 3227/3024/2437
f 3227/3024/2437 2760/3045/2454 2464/3079/2491
f 2799/3112/2530 2472/3129/2545 2775/3113/2531
f 2798/3115/2533 2471/3123/2539 2774/3116/2534
f 2469/3118/2536 2773/3130/2546 3228/3084/2496
f 3228/3084/2496 2773/3130/2546 2470/3120/2537
f 3239/3121/2538 2773/3130/2546 2469/3118/2536
f 2470/3120/2537 2774/3116/2534 3229/3093/2509
f 3229/3093/2509 2774/3116/2534 2471/3123/2539
f 2797/3124/2540 3240/3117/2535 2774/3116/2534
f 2775/3113/2531 3230/3046/2455 2779/3068/2474
f 2775/3113/2531 2472/3129/2545 2780/3044/2453
f 2798/3115/2533 3241/3114/2532 2775/3113/2531
f 2807/3125/2541 2479/3171/2594 2789/3126/2542
f 2778/3104/2522 2461/3102/2520 2757/3128/2544
f 2472/3129/2545 2776/3086/2498 3231/3077/2487
f 2776/3086/2498 2473/7252/6049 2781/3075/2485
f 2797/3124/2540 2470/3120/2537 2773/3130/2546
f 2808/3131/2547 2478/3170/2593 2788/3132/2548
f 3232/3006/2550 2782/3094/2512 2458/3088/2511
f 2466/3134/2552 2782/3094/6052 3232/3006/2553
f 3144/3073/2483 2578/3597/3023 3145/3135/2555
f 3145/3135/2555 2578/3597/3023 3146/3137/2557
f 3243/3020/2559 2794/3108/2570 2466/3134/2560
f 2814/3139/2562 2477/7255/2591 2787/3140/2563
f 2770/3142/2565 3233/2951/2350 2782/3094/2512
f 3253/3143/2566 2824/3211/2640 2484/3144/2567
f 3233/2951/2350 2770/3142/2565 2467/3146/2569
f 2794/3108/2570 3236/3158/2583 2770/3142/2565
f 2467/3146/2569 2771/3090/2506 3234/3072/2482
f 2771/3090/2506 2468/3101/2519 2784/3070/2480
f 3237/3091/2507 2771/3090/2506 2467/3146/2569
f 3255/3148/2572 2826/3188/2611 2486/3149/2573
f 2468/3101/2519 2772/3099/2517 3235/3103/2521
f 2772/3099/2517 2469/7253/2536 2778/3104/2522
f 3258/3151/2575 2829/3240/2667 2489/3152/2576
f 2813/3154/2578 2476/3164/2589 2786/3155/2579
f 2785/3157/2581 3236/3158/2583 2794/3108/2570
f 3236/3158/2583 2785/3157/2581 2475/3159/2584
f 2811/3160/2585 3248/3209/2637 2785/3157/2581
f 2825/3161/2586 2485/7256/2592 2802/3162/2587
f 2475/3159/2584 2786/3155/2579 3237/3091/2507
f 3237/3091/2507 2786/3155/2579 2476/3164/2589
f 3249/3156/2580 2786/3155/2579 2475/3159/2584
f 2476/3164/2589 2787/3140/2563 3238/3100/2518
f 2787/3140/2563 2477/7255/2591 2796/3098/2516
f 3250/3141/2564 2787/3140/2563 2476/3164/2589
f 2477/3166/2591 2788/3132/2548 3239/3121/2538
f 3255/3148/2572 2803/3150/2574 2485/3167/2592
f 2788/3132/2548 2478/3170/2593 2797/3124/2540
f 3251/3133/2549 2788/3132/2548 2477/3166/2591
f 2478/3170/2593 2789/3126/2542 3240/3117/2535
f 2789/3126/2542 2479/3171/2594 2798/3115/2533
f 3244/3127/2543 2789/3126/2542 2478/3170/2593
f 2479/3171/2594 2790/6113/5317 3241/3114/2532
f 3241/3114/2532 2790/6113/5317 2480/3172/2595
f 3245/3173/2596 2790/6113/5317 2479/3171/2594
f 3259/3136/2556 3145/3135/2555 2490/3174/2597
f 2480/3172/2595 2791/3110/2528 3242/3087/2499
f 3242/3087/2499 2791/3110/2528 2481/3176/2599
f 3252/3177/2600 2822/3210/2639 2483/3178/2601
f 2837/3180/2603 2495/3235/2662 2819/3181/2604
f 3257/3183/2606 2828/3237/2664 2488/3184/2607
f 2486/3149/2573 2804/3186/2609 3244/3127/2543
f 2804/3186/2609 2487/3192/2615 2807/3125/2541
f 3256/3187/2610 2804/3186/2609 2486/3149/2573
f 2840/3189/2612 2497/7257/6053 2821/3190/2613
f 2487/3192/2615 2805/3185/2608 3245/3173/2596
f 2805/3185/2608 2488/3184/2607 2809/3193/2616
f 3257/3183/2606 2805/3185/2608 2487/3192/2615
f 2838/3195/2618 2494/3234/2661 2818/3196/2619
f 2809/3193/2616 3246/3111/2529 2791/3110/2528
f 2488/3184/2607 2806/3153/2577 3246/3111/2529
f 2489/3152/2576 2810/3109/2527 3246/3111/2529
f 2827/3194/2617 2487/3192/2615 2804/3186/2609
f 2844/3198/2621 2493/3233/2659 2817/3199/2622
f 3247/3074/2624 2811/3160/2585 2474/3107/2582
f 2482/3201/2626 2811/3160/6054 3247/3074/2484
f 3146/3137/2557 2578/3597/3023 3147/3202/2627
f 3147/3202/2627 2578/3597/3023 3148/3204/2629
f 3259/3136/2631 2823/3175/2638 2482/3201/2632
f 2800/3179/2602 3248/3209/2637 2811/3160/2585
f 2852/3206/2634 2500/3283/2713 2831/3207/2635
f 3248/3209/2637 2800/3179/2602 2483/3178/2601
f 2823/3175/2638 3252/3177/2600 2800/3179/2602
f 2483/3178/2601 2801/3145/2568 3249/3156/2580
f 2801/3145/2568 2484/3144/2567 2813/3154/2578
f 2822/3210/2639 3253/3143/2566 2801/3145/2568
f 2484/3144/2567 2802/3162/2587 3250/3141/2564
f 2802/3162/2587 2485/7256/2592 2814/3139/2562
f 3254/3163/2588 2802/3162/2587 2484/3144/2567
f 3270/3212/2641 2855/3255/2682 2502/3213/2642
f 2485/3167/2592 2803/3150/2574 3251/3133/2549
f 2803/3150/2574 2486/3149/2573 2808/3131/2547
f 2858/3215/2644 2505/3269/2696 2836/3216/2645
f 2843/3218/2647 2492/3228/2658 2816/3219/2648
f 2815/3221/2650 3252/3177/2600 2823/3175/2638
f 3252/3177/2600 2815/3221/2650 2491/3222/2652
f 2841/3223/2653 3264/3241/2668 2815/3221/2650
f 2854/3224/2654 2501/3231/2660 2832/3225/2655
f 2491/3222/2652 2816/3219/2648 3253/3143/2566
f 2816/3219/2648 2492/3228/2658 2824/3211/2640
f 3265/3220/2649 2816/3219/2648 2491/3222/2652
f 2492/3228/2658 2817/3199/2622 3254/3163/2588
f 2817/3199/2622 2493/3233/2659 2825/3161/2586
f 3266/3200/2623 2817/3199/2622 2492/3228/2658
f 2493/3229/2659 2818/3196/2619 3255/3148/2572
f 3270/3230/2641 2833/7258/2643 2501/3231/2660
f 2818/3196/2619 2494/3234/2661 2826/3188/2611
f 3267/3232/2620 2818/7259/2619 2493/3233/2659
f 2494/3234/2661 2819/3181/2604 3256/3187/2610
f 2819/3181/2604 2495/3235/2662 2827/3194/2617
f 3260/3182/2605 2819/3181/2604 2494/3234/2661
f 2495/3235/2662 2820/3236/2663 3257/3183/2606
f 2820/3236/2663 2496/3239/2666 2828/3237/2664
f 3261/3238/2665 2820/3236/2663 2495/3235/2662
f 2496/3239/2666 2821/3190/2613 3258/3151/2575
f 2821/3190/2613 2497/7257/6053 2829/3240/2667
f 3264/3241/2668 2842/3227/2657 2491/3222/2652
f 3275/3242/2669 2853/3282/2712 2499/3243/2670
f 2867/3245/2672 2512/6114/2733 2850/3246/2673
f 3148/3204/2629 2578/3597/3023 3149/3248/2675
f 2857/3250/2677 2504/3268/2695 2835/3251/2678
f 2502/3213/2642 2834/3253/2680 3260/3182/2605
f 2834/3253/2680 2503/3259/2686 2837/3180/2603
f 3271/3254/2681 2834/3253/2680 2502/3213/2642
f 3277/3256/2683 2869/3337/2761 2513/3257/2684
f 2503/3259/2686 2835/3251/2678 3261/3238/2665
f 2888/3260/2687 2521/7260/6055 2866/3261/2688
f 2835/3251/2678 2504/3268/2695 2839/3263/2690
f 2856/3264/2691 3272/3252/2679 2835/3251/2678
f 2868/3265/2692 2511/3309/2732 2849/3266/2693
f 2504/3268/2695 2836/3216/2645 3262/3191/2614
f 2505/3269/2696 2840/3189/2612 3262/3191/2614
f 2856/3264/2691 2503/3259/2686 2834/3253/2680
f 3279/3270/2697 2871/3295/2725 2507/3271/2698
f 3282/3273/2700 2874/3306/2731 2510/3274/2701
f 3263/3138/2703 2841/3223/2653 2490/3174/2651
f 2498/3276/2705 2841/3223/6056 3263/3138/2558
f 3149/3248/2675 2578/3597/3023 3150/3277/2706
f 2830/3244/2671 3264/3241/2668 2841/3223/2653
f 2870/3279/2709 3279/3270/2697 2845/3272/2699
f 3264/3241/2668 2830/3244/2671 2499/3243/2670
f 2859/3281/2711 3275/3242/2669 2830/3244/2671
f 2499/3243/2670 2831/3207/2635 3265/3220/2649
f 2831/3207/2635 2500/3283/2713 2843/3218/2647
f 3268/3208/2636 2831/3207/2635 2499/3243/2670
f 2832/3225/2655 3266/3200/2623 2843/3218/2647
f 2832/3225/2655 2501/3231/2660 2844/3198/2621
f 3269/3226/2656 2832/3225/2655 2500/3283/2713
f 2886/3284/2714 2519/3330/2754 2864/3285/2715
f 2501/3231/2660 2833/7258/2643 3267/3232/2620
f 2833/3214/2643 2502/3213/2642 2838/3195/2618
f 3291/3287/2717 2883/3353/2780 2515/3288/2718
f 2873/3290/2720 2509/3298/2728 2847/3291/2721
f 2846/3293/2723 3268/3208/2636 2853/3282/2712
f 2846/3293/2723 2508/3296/2726 2852/3206/2634
f 3280/3294/2724 2846/3293/2723 2507/3271/2698
f 2508/3296/2726 2847/3291/2721 3269/3226/2656
f 2847/3291/2721 2509/3298/2728 2854/3224/2654
f 3281/3292/2722 2847/3291/2721 2508/3296/2726
f 2509/3298/2728 2848/7261/2702 3270/3230/2641
f 2848/3275/2702 2510/3274/2701 2855/3299/2682
f 3282/3301/2700 2848/7261/2702 2509/3298/2728
f 2510/3274/2701 2849/3266/2693 3271/3302/2681
f 3287/3286/2716 2864/3285/2715 2518/3303/2729
f 2849/3305/2693 2511/3307/2732 2856/3264/2691
f 3283/3267/2694 2849/3266/2693 2510/3274/2701
f 2511/3307/2732 2850/3308/2673 3272/3252/2679
f 2850/3308/2673 2512/3311/2733 2857/3250/2677
f 3276/3247/2674 2850/3246/2673 2511/3309/2732
f 2851/3310/2685 3273/3217/2646 2857/3250/2677
f 2513/3312/2684 2858/3215/2644 3273/3217/2646
f 2872/3297/2727 2508/3296/2726 2846/3293/2723
f 3274/3203/2734 2859/3281/2711 2498/3276/2708
f 2898/3313/2736 2527/3380/2804 2879/3314/2737
f 2506/3280/2739 2859/3281/6057 3274/3203/2628
f 2882/3316/2740 2516/3354/2781 2861/3317/2741
f 3150/3277/2706 2578/3597/3023 3151/3319/2743
f 2884/3321/2745 2517/7262/2785 2862/3322/2746
f 2845/3272/2699 3275/3242/2669 2859/3281/2711
f 3275/3242/2669 2845/3272/2699 2507/3271/2698
f 2887/3324/2748 3289/3262/2689 2866/3261/2688
f 3321/3326/2750 2948/3467/2899 2547/3327/2751
f 2865/3329/2753 3276/3247/2674 2868/3265/2692
f 2917/3331/2755 2537/3400/2826 2896/3332/2756
f 3276/3247/2674 2865/3329/2753 2520/3325/2749
f 3288/3334/2758 2865/3329/2753 2519/3330/2754
f 2885/3304/2730 2518/3303/2729 2863/3335/2759
f 2520/3325/2749 2866/3261/2688 3277/3256/2683
f 2866/3261/2688 2521/7260/6055 2869/3337/2761
f 2887/3324/2748 2520/3325/2749 2865/3329/2753
f 3295/3338/2762 2901/3372/2797 2523/3339/2763
f 2904/3341/2765 2526/3377/2801 2878/3342/2766
f 3278/3205/2768 2870/3279/2709 2506/3280/2710
f 2514/3344/2770 2870/3279/6058 3278/3205/2630
f 3151/3319/2743 2578/3597/3023 3152/3345/2771
f 2860/3289/2719 3279/3270/2697 2870/3279/2709
f 2900/3347/2774 3295/3338/2762 2875/3340/2764
f 3279/3270/2697 2860/3289/2719 2515/3288/2718
f 2889/3349/2776 3291/3287/2717 2860/3289/2719
f 3292/3350/2777 2897/3396/2822 2528/3351/2778
f 2515/3288/2718 2861/3317/2741 3280/3294/2724
f 2861/3317/2741 2516/3354/2781 2872/3297/2727
f 3284/3318/2742 2861/3317/2741 2515/3288/2718
f 2516/3354/2781 2862/3322/2746 3281/3292/2722
f 2862/3322/2746 2517/7262/2785 2873/3290/2720
f 2882/3316/2740 3285/3323/2747 2862/3322/2746
f 2899/3355/2782 2529/3381/2805 2881/3356/2783
f 2863/3335/2759 3282/3273/2700 2873/3358/2720
f 2863/3335/2759 2518/3303/2729 2874/3306/2731
f 3286/3336/2760 2863/3335/2759 2517/3359/2785
f 2915/3361/2786 2535/3395/2821 2894/3362/2787
f 2518/3303/2729 2864/3285/2715 3283/3267/2694
f 2864/3285/2715 2519/3330/2754 2868/3265/2692
f 3306/3364/2789 2919/3412/2842 2531/3365/2790
f 2903/3367/2792 2525/7263/2800 2877/3368/2793
f 2876/3370/2795 3284/3318/2742 2883/3353/2780
f 2876/3370/2795 2524/3373/2798 2882/3316/2740
f 3296/3371/2796 2876/3370/2795 2523/3339/2763
f 2524/3373/2798 2877/3368/2793 3285/3323/2747
f 2877/3368/2793 2525/7263/2800 2884/3321/2745
f 3297/3369/2794 2877/3368/2793 2524/3373/2798
f 2525/3375/2800 2878/3342/2766 3286/3336/2760
f 2878/3342/2766 2526/3377/2801 2885/3304/2730
f 3298/3343/2767 2878/3342/2766 2525/3375/2800
f 2879/3314/2737 3287/3286/2716 2885/3304/2730
f 3302/3363/2788 2894/3362/2787 2534/3378/2802
f 2879/3314/2737 2527/3380/2804 2886/3284/2714
f 3299/3315/2738 2879/3314/2737 2526/3377/2801
f 2527/3380/2804 2880/3352/2779 3288/3334/2758
f 2880/3352/2779 2528/3351/2778 2887/3324/2748
f 3292/3350/2777 2880/3352/2779 2527/3380/2804
f 2528/3351/2778 2881/3356/2783 3289/3262/2689
f 2529/3381/2805 2888/3260/2687 3289/3262/2689
f 3296/3371/2796 2902/3374/2799 2524/3373/2798
f 3290/3249/2806 2889/3349/2776 2514/3344/2773
f 2928/3382/2808 2544/3437/2864 2910/3383/2809
f 2522/3348/2775 2889/3349/2776 3290/3249/2676
f 2913/3385/2811 2532/3414/2843 2891/3386/2812
f 3152/3345/2771 2578/3597/3023 3153/3388/2814
f 2912/3390/2816 2533/3419/2847 2892/3391/2817
f 2875/3340/2764 3291/3287/2717 2889/3349/2776
f 3291/3287/2717 2875/3340/2764 2523/3339/2763
f 3304/3333/2757 2896/3332/2756 2536/3393/2819
f 2535/3395/2821 2895/3401/2827 3292/3350/2777
f 3292/3350/2777 2895/3401/2827 2536/3393/2819
f 3303/3397/2823 2895/3401/2827 2535/3395/2821
f 2914/3379/2803 2534/3378/2802 2893/3398/2824
f 2536/3393/2819 2896/3332/2756 3293/3357/2784
f 2537/3400/2826 2899/3355/2782 3293/3357/2784
f 2916/3394/2820 2536/3393/2819 2895/3401/2827
f 2934/3402/2828 2543/3436/2863 2909/3403/2829
f 3294/3278/2831 2900/3347/2774 2522/3348/2775
f 2530/3405/2833 2900/3347/2774 3294/3278/2834
f 3153/3388/2814 2578/3597/3023 3154/3406/2836
f 2890/3366/2791 3295/3338/2762 2900/3347/2774
f 3295/3338/2762 2890/3366/2791 2531/3365/2790
f 2918/3408/2838 3306/3364/2789 2890/3366/2791
f 2531/3365/2790 2891/3386/2812 3296/3371/2796
f 3311/3409/2839 2906/3452/2882 2539/3410/2840
f 2891/3386/2812 2532/3414/2843 2902/3374/2799
f 3307/3387/2813 2891/3386/2812 2531/3365/2790
f 2892/3413/2817 3297/3369/2794 2902/3374/2799
f 2892/3391/2817 2533/3419/2847 2903/3376/2792
f 2913/3385/2811 3300/3427/2818 2892/3413/2817
f 2927/3416/2844 2545/3438/2865 2911/3417/2845
f 2533/3419/2847 2893/3398/2824 3298/3343/2767
f 2893/3398/2824 2534/3378/2802 2904/3341/2765
f 3301/3399/2825 2893/3398/2824 2533/3419/2847
f 3318/3420/2848 2945/3494/2925 2552/3421/2849
f 2534/3378/2802 2894/3362/2787 3299/3315/2738
f 2894/3362/2787 2535/3395/2821 2898/3313/2736
f 2933/3423/2851 2542/3435/2862 2908/3424/2852
f 2540/3426/2854 2907/7264/2855 3300/3427/2818
f 2907/3428/2855 2541/3431/2858 2912/3390/2816
f 3312/3429/2856 2907/7264/2855 2540/3426/2854
f 2541/3431/2858 2908/3424/2852 3301/3399/2825
f 2908/3424/2852 2542/3435/2862 2914/3379/2803
f 3313/3425/2853 2908/3424/2852 2541/3431/2858
f 3310/3433/2860 2930/3411/2841 2539/3410/2840
f 2542/3435/2862 2909/3403/2829 3302/3363/2788
f 2909/3403/2829 2543/3436/2863 2915/3361/2786
f 3314/3404/2830 2909/3403/2829 2542/3435/2862
f 2910/3383/2809 3303/3397/2823 2915/3361/2786
f 2910/3383/2809 2544/3437/2864 2916/3394/2820
f 2934/3402/2828 3315/3384/2810 2910/3383/2809
f 2544/3437/2864 2911/3417/2845 3304/3333/2757
f 2545/3438/2865 2917/3331/2755 3304/3333/2757
f 2932/3432/2859 2541/3431/2858 2907/3428/2855
f 3318/3420/2848 2925/3422/2850 2551/3440/2866
f 3305/3320/2868 2918/3408/2838 2530/3405/2833
f 2538/3442/2870 2918/3408/2838 3305/3320/2871
f 2949/3443/2873 2548/3471/2903 2921/3444/2874
f 3154/3406/2836 2578/3597/3023 3155/3446/2876
f 2946/3448/2878 2553/3453/2883 2926/3449/2879
f 2905/3434/2861 3306/3364/2789 2918/3408/2838
f 3306/3364/2789 2905/3434/2861 2539/3410/2840
f 2929/3451/2881 3310/3433/2860 2905/3434/2861
f 2906/3452/2882 3307/3387/2813 2919/3412/2842
f 3307/3387/2813 2906/3452/2882 2540/3426/2854
f 2552/3421/2849 2926/3449/2879 3308/3418/2846
f 2553/3453/2883 2927/3416/2844 3308/3418/2846
f 2942/3454/2884 2550/3477/2909 2923/3455/2885
f 2958/3457/2887 2561/7265/6059 2941/3458/2888
f 3309/3346/2772 2929/3451/2881 2538/3442/2870
f 2546/3460/2890 2929/3451/2881 3309/3346/2891
f 2960/3461/2893 2556/3472/2904 2936/3462/2894
f 2944/3441/2867 2551/3440/2866 2924/3464/2896
f 2920/3328/2752 3310/3433/2860 2929/3451/2881
f 3310/3433/2860 2920/3328/2752 2547/3327/2751
f 2947/3466/2898 3321/3326/2750 2920/3328/2752
f 2547/3327/2751 2921/3444/2874 3311/3409/2839
f 2921/3444/2874 2548/3471/2903 2931/3430/2857
f 3322/3445/2875 2921/3444/2874 2547/3327/2751
f 2961/3468/2900 2557/7266/2919 2937/3469/2901
f 2548/3471/2903 2922/3496/2905 3312/3429/2856
f 3327/3470/2902 2937/3469/2901 2556/3472/2904
f 2922/3473/2905 2549/3475/2907 2932/3432/2859
f 3323/3474/2906 2922/3496/2905 2548/3471/2903
f 2549/3475/2907 2923/3455/2885 3313/3425/2853
f 2923/3455/2885 2550/3477/2909 2933/3423/2851
f 3316/3456/2886 2923/3455/2885 2549/3475/2907
f 2550/3477/2909 2924/3464/2896 3314/3404/2830
f 2924/3464/2896 2551/3440/2866 2934/3402/2828
f 3317/3465/2897 2924/3464/2896 2550/3477/2909
f 2976/3478/2910 2569/7267/6060 2956/3479/2911
f 2551/3440/2866 2925/3422/2850 3315/3384/2810
f 2925/3422/2850 2552/3421/2849 2928/3382/2808
f 2964/3481/2913 2560/3497/2926 2940/3482/2914
f 2963/3484/2916 2559/3493/2924 2939/3485/2917
f 2557/3487/2919 2938/3488/2920 3316/3456/2886
f 2938/3488/2920 2558/3491/2922 2942/3454/2884
f 3328/3489/2921 2938/3488/2920 2557/3487/2919
f 2939/3485/2917 3317/3465/2897 2942/3454/2884
f 2939/3485/2917 2559/3493/2924 2944/3441/2867
f 3329/3486/2918 2939/3485/2917 2558/3491/2922
f 2940/3482/2914 3318/3420/2848 2944/3441/2867
f 2940/3482/2914 2560/3497/2926 2945/3494/2925
f 3330/3483/2915 2940/3482/2914 2559/3493/2924
f 2943/3495/2908 2549/7268/2907 2922/3496/2905
f 2560/3497/2926 2941/3458/2888 3319/3450/2880
f 2941/3458/2888 2561/7265/6059 2946/3448/2878
f 2962/3492/2923 2558/3491/2922 2938/3488/2920
f 2972/3498/2927 2566/3545/2978 2953/3499/2928
f 3320/3389/2815 2947/3466/6061 2546/3460/2930
f 3345/3501/2931 2995/3618/3042 2576/3502/2932
f 2554/3504/2934 2947/3466/2898 3320/3389/2935
f 2979/3505/2937 2564/3536/2971 2951/3506/2938
f 2973/3508/2940 2565/3544/2977 2952/3509/2941
f 2935/3511/2943 3321/3326/2750 2947/3466/2898
f 3321/3326/2750 2935/3511/2943 2555/3512/2944
f 2957/3513/2945 3325/3533/2968 2935/3511/2943
f 2936/3462/2894 3322/3445/2875 2948/3467/2899
f 2936/3462/2894 2556/3472/2904 2949/3443/2873
f 2959/3514/2946 3326/3463/2895 2936/3462/2894
f 2988/3515/2947 2577/7269/6062 2971/3516/2948
f 2556/3472/2904 2937/3469/2901 3323/3474/2906
f 2937/3469/2901 2557/7266/2919 2943/3495/2908
f 2975/3518/2950 2568/3528/2963 2955/3519/2951
f 3324/3407/2837 2957/3513/6063 2554/3504/2953
f 3010/3521/2954 2582/3608/3034 2983/3522/2955
f 2562/3524/2957 2957/3513/2945 3324/3407/2958
f 2991/3525/2960 2572/3539/2974 2966/3526/2961
f 2975/3518/2950 3335/3480/2912 2956/3479/2911
f 3333/3529/2964 2974/3546/2979 2567/3530/2965
f 2950/3532/2967 3325/3533/2968 2957/3513/2945
f 3325/3533/2968 2950/3532/2967 2563/3534/2969
f 2977/3535/2970 3337/3553/2986 2950/3532/2967
f 2951/3506/2938 3326/3463/2895 2959/3514/2946
f 3326/3463/2895 2951/3506/2938 2564/3536/2971
f 3338/3507/2939 2951/3506/2938 2563/3534/2969
f 2564/3536/2971 2952/3509/2941 3327/3470/2902
f 3342/3538/2973 2967/3541/2976 2572/3539/2974
f 2952/3509/2941 2565/3544/2977 2961/3468/2900
f 3339/3510/2942 2952/3509/2941 2564/3536/2971
f 2992/3540/2975 2573/3557/2990 2967/3541/2976
f 2565/3542/2977 2953/3499/2928 3328/3489/2921
f 2953/3499/2928 2566/3545/2978 2962/3492/2923
f 2973/3508/2940 3332/3558/2929 2953/3543/2928
f 2566/3545/2978 2954/3531/2966 3329/3486/2918
f 2954/3531/2966 2567/3530/2965 2963/3484/2916
f 3333/3529/2964 2954/3531/2966 2566/3545/2978
f 2567/3530/2965 2955/3519/2951 3330/3483/2915
f 2955/3519/2951 2568/3528/2963 2964/3481/2913
f 3334/3520/2952 2955/3519/2951 2567/3530/2965
f 3362/3547/2980 3025/3688/3115 2594/3548/2981
f 3350/3550/2983 3006/3650/3076 2586/3551/2984
f 2568/3528/2963 2956/3479/2911 3331/3459/2889
f 2956/3479/2911 2569/7267/6060 2958/3457/2887
f 3337/3553/2986 2978/3537/2972 2563/3534/2969
f 2994/3554/2987 2575/3569/2995 2969/3555/2988
f 2573/3557/2990 2968/7270/2991 3332/3558/2929
f 2968/3559/2991 2574/3561/2993 2972/3498/2927
f 3343/3560/2992 2968/7270/2991 2573/3557/2990
f 2574/3561/2993 2969/3562/2988 3333/3529/2964
f 2969/3562/2988 2575/3566/2995 2974/3546/2979
f 3344/3556/2989 2969/3555/2988 2574/3563/2993
f 2970/3565/2933 3334/3520/2952 2974/3546/2979
f 2970/3503/2933 2576/3502/2932 2975/3567/2950
f 2994/3554/2987 3345/3501/2931 2970/3503/2933
f 3003/3570/2996 2584/3616/3040 2985/3571/2997
f 2576/3502/2932 2971/3516/2948 3335/3573/2912
f 2971/3516/2948 2577/7269/6062 2976/3574/2910
f 2993/3564/2994 2574/3563/2993 2968/3575/2991
f 3004/3577/2999 2583/3612/3037 2984/3578/3000
f 3336/3447/2877 2977/3535/6064 2562/3524/3002
f 2570/3580/3003 2977/3535/2970 3336/3447/3004
f 3347/3581/3006 2990/3587/6065 2570/3580/3007
f 2965/3582/3008 3337/3553/2986 2977/3535/2970
f 3158/3583/3009 2578/3597/3023 3159/3584/3010
f 3337/3553/2986 2965/3582/3008 2571/3586/3012
f 2990/3587/3013 3340/3603/3029 2965/3582/3008
f 2571/3586/3012 2966/3526/2961 3338/3507/2939
f 2966/3526/2961 2572/3539/2974 2979/3505/2937
f 3341/3527/2962 2966/3526/2961 2571/3586/3012
f 3033/3589/3015 2600/3685/3112 3015/3590/3016
f 3022/3592/3018 2591/3634/3060 2999/3593/3019
f 3156/3595/3021 3351/3652/5295 2980/3596/3022
f 2572/3539/2974 2967/3541/2976 3339/3510/2942
f 2967/3541/2976 2573/3557/2990 2973/3508/2940
f 3009/3598/3024 2581/3607/3033 2982/3599/3025
f 2981/3601/3027 3340/3603/3029 2990/3587/3013
f 3340/3603/3029 2981/3601/3027 2580/3604/3030
f 3007/3605/3031 3352/3659/3089 2981/3601/3027
f 2580/3604/3030 2982/3599/3025 3341/3527/2962
f 2982/3599/3025 2581/3607/3033 2991/3525/2960
f 3353/3600/3026 2982/3599/3025 2580/3604/3030
f 2581/3607/3033 2983/3522/2955 3342/3538/2973
f 2983/3522/2955 2582/3608/3034 2992/3540/2975
f 3354/3523/2956 2983/3522/2955 2581/3607/3033
f 2582/3608/3034 2984/7271/3000 3343/3560/2992
f 3021/3609/3035 3359/3680/3020 2999/3610/3019
f 3343/3576/2992 2984/3578/3000 2583/3612/3037
f 3355/3613/3001 2984/7271/3000 2582/3608/3034
f 2583/3612/3037 2985/3571/2997 3344/3556/2989
f 3021/3609/3035 2590/3611/3036 2998/3614/3038
f 2985/3571/2997 2584/3616/3040 2994/3554/2987
f 3348/3572/2998 2985/3571/2997 2583/3612/3037
f 2584/3616/3040 2986/3617/3041 3345/3501/2931
f 2986/3617/3041 2585/3623/3047 2995/3618/3042
f 3349/3619/3043 2986/3617/3041 2584/3616/3040
f 3363/3620/3044 3157/3630/6066 2595/3621/3045
f 2585/3623/3047 2987/3552/2985 3346/3517/2949
f 3346/3517/2949 2987/3552/2985 2586/3551/2984
f 3020/3624/3048 2589/3661/3091 2997/3625/3049
f 3356/3627/3051 3018/3660/3090 2588/3628/3052
f 2980/3596/3022 3347/3581/3006 3155/3446/2876
f 3156/3595/3021 2578/3597/3023 3157/3630/3054
f 3347/3581/3056 2980/3596/6067 2579/3602/3028
f 3024/3631/3057 2593/3649/3075 3001/3632/3058
f 2591/3634/3060 3000/3635/3061 3348/3572/2998
f 3000/3635/3061 2592/3640/3066 3003/3570/2996
f 3360/3636/3062 3000/3635/3061 2591/3634/3060
f 3366/3637/3063 3036/3720/3147 2602/3638/3064
f 2592/3640/3066 3001/3632/3058 3349/3619/3043
f 3001/3632/3058 2593/3649/3075 3005/3641/3067
f 3023/3642/3068 3361/3633/3059 3001/3632/3058
f 3040/3643/3069 2598/3678/3108 3013/3644/3070
f 3350/3550/2983 2987/3552/2985 2585/3623/3047
f 3034/3646/3072 2599/3684/3111 3014/3647/3073
f 3002/3549/2982 3350/3550/2983 3005/3641/3067
f 3002/3549/2982 2594/3548/2981 3006/3650/3076
f 3023/3642/3068 2592/3640/3066 3000/3635/3061
f 2587/3651/3077 3007/3605/3031 3351/3652/3078
f 3157/3630/3054 2578/3597/3023 3158/3583/3009
f 3159/3584/3010 2578/3597/3023 3160/3654/3081
f 3363/3620/3083 3019/3622/6068 2587/3651/3084
f 2996/3629/3053 3352/3659/3089 3007/3605/3031
f 3048/3656/3086 2605/3735/3167 3027/3657/3087
f 3352/3659/3089 2996/3629/3053 2588/3628/3052
f 3019/3622/3046 3356/3627/3051 2996/3629/3053
f 2588/3628/3052 2997/3625/3049 3353/3600/3026
f 2997/3625/3049 2589/3661/3091 3009/3598/3024
f 3357/3626/3050 2997/3625/3049 2588/3628/3052
f 2589/3661/3091 2998/3614/3038 3354/3523/2956
f 2998/3614/3038 2590/3611/3036 3010/3521/2954
f 3358/3615/3039 2998/3614/3038 2589/3661/3091
f 3051/3662/3092 2607/3704/3131 3029/3663/3093
f 2590/3611/3036 2999/3610/3019 3355/3613/3001
f 2999/3593/3019 2591/3634/3060 3004/3577/2999
f 3377/3665/3095 3054/7272/6069 2610/3666/3096
f 3369/3668/3098 3039/3679/3109 2597/3669/3099
f 3011/3671/3101 3356/3627/3051 3019/3622/3046
f 3356/3627/3051 3011/3671/3101 2596/3672/3102
f 3037/3673/3103 3368/3689/3116 3011/3671/3101
f 3050/3674/3104 2606/3682/3110 3028/3675/3105
f 2596/3672/3102 3012/3670/3100 3357/3626/3050
f 3012/3670/3100 2597/3669/3099 3020/3624/3048
f 3369/3668/3098 3012/3670/3100 2596/3672/3102
f 3013/3644/3070 3358/3615/3039 3020/3624/3048
f 3358/3615/3039 3013/3644/3070 2598/3678/3108
f 3370/3645/3071 3013/3644/3070 2597/3669/3099
f 2598/3678/3108 3014/7273/3073 3359/3680/3020
f 3374/3681/3094 3029/3739/3093 2606/3682/3110
f 3014/3647/3073 2599/3684/3111 3022/3592/3018
f 3371/3683/3074 3014/7273/3073 2598/3678/3108
f 3015/3590/3016 3360/3636/3062 3022/3592/3018
f 3360/3636/3062 3015/3590/3016 2600/3685/3112
f 3364/3591/3017 3015/3590/3016 2599/3684/3111
f 2600/3685/3112 3016/3687/3114 3361/3633/3059
f 3361/3633/3059 3016/3687/3114 2601/3686/3113
f 3033/3589/3015 3365/3710/3137 3016/3687/3114
f 2601/3686/3113 3017/3639/3065 3362/3547/2980
f 3017/3639/3065 2602/3638/3064 3025/3688/3115
f 3368/3689/3116 3038/3677/3107 2596/3672/3102
f 3379/3690/3117 3049/3734/3166 2604/3691/3118
f 3063/3693/3120 2617/3757/3187 3046/3694/3121
f 3160/3654/3081 2578/3597/3023 3161/3696/3123
f 3410/3698/3125 3115/3845/3297 2636/3699/3126
f 3053/3701/3128 2609/3719/3146 3031/3702/3129
f 2607/3704/3131 3030/3721/3148 3364/3591/3017
f 3364/3591/3017 3030/3721/3148 2608/3705/3132
f 3375/3706/3133 3030/3721/3148 2607/3704/3131
f 3065/3707/3134 2618/3758/3188 3047/3708/3135
f 2608/3705/3132 3031/3702/3129 3365/3710/3137
f 3392/3711/3138 3083/3815/3254 2626/3712/3139
f 3031/3702/3129 2609/3719/3146 3035/3714/3141
f 3376/3703/3130 3031/3702/3129 2608/3705/3132
f 3064/3716/3143 2616/3756/3186 3045/3717/3144
f 3032/3667/3097 3366/3637/3063 3035/3714/3141
f 3032/3667/3097 2610/3666/3096 3036/3720/3147
f 3052/3715/3142 2608/3705/3132 3030/3721/3148
f 3383/3722/3149 3067/3748/3179 2612/3723/3150
f 3386/3725/3152 3070/3755/3185 2615/3726/3153
f 3367/3653/3155 3037/3673/6070 2595/3621/3156
f 2603/3728/3158 3037/3673/3103 3367/3653/3159
f 3161/3696/3123 2578/3597/3023 3162/3729/3161
f 3026/3692/3119 3368/3689/3116 3037/3673/3103
f 3066/3731/3163 3383/3722/3149 3041/3724/3151
f 3368/3689/3116 3026/3692/3119 2604/3691/3118
f 3055/3733/3165 3379/3690/3117 3026/3692/3119
f 3027/3657/3087 3369/3668/3098 3038/3677/3107
f 3027/3657/3087 2605/3735/3167 3039/3679/3109
f 3372/3658/3088 3027/3657/3087 2604/3691/3118
f 2605/3735/3167 3028/3675/3105 3370/3645/3071
f 3028/3675/3105 2606/3682/3110 3040/3643/3069
f 3373/3676/3106 3028/3675/3105 2605/3735/3167
f 3390/3736/3168 3081/3776/3212 2624/3737/3169
f 3029/3739/3093 3371/3683/3074 3040/3643/3069
f 3029/3663/3093 2607/3704/3131 3034/3646/3072
f 3394/3740/3171 3085/3789/3231 2620/3741/3172
f 3069/3743/3174 2614/3751/3182 3043/3744/3175
f 2612/3723/3150 3042/3746/3177 3372/3658/3088
f 3042/3746/3177 2613/3749/3180 3048/3656/3086
f 3384/3747/3178 3042/3746/3177 2612/3723/3150
f 3043/3744/3175 3373/3676/3106 3048/3656/3086
f 3043/3744/3175 2614/3751/3182 3050/3674/3104
f 3385/3745/3176 3043/3744/3175 2613/3749/3180
f 2614/3751/3182 3044/7274/3154 3374/3681/3094
f 3044/3727/3154 2615/3726/3153 3051/3662/3092
f 3386/3752/3152 3044/7274/3154 2614/3751/3182
f 2615/3726/3153 3045/3717/3144 3375/3706/3133
f 3390/3736/3168 3060/3738/3170 2623/3753/3183
f 3045/3717/3144 2616/3756/3186 3052/3715/3142
f 3387/3718/3145 3045/3717/3144 2615/3726/3153
f 2616/3756/3186 3046/3694/3121 3376/3703/3130
f 3046/3694/3121 2617/3757/3187 3053/3701/3128
f 3064/3716/3143 3380/3695/3122 3046/3694/3121
f 2617/3757/3187 3047/3708/3135 3377/3665/3095
f 2618/3758/3188 3054/7272/6069 3377/3665/3095
f 3068/3750/3181 2613/3749/3180 3042/3746/3177
f 3378/3585/3189 3055/3733/6071 2603/3728/3190
f 3094/3759/3192 2633/3814/3253 3076/3760/3193
f 2611/3732/3164 3055/3733/3205 3378/3585/3195
f 3395/3762/3197 3079/3791/3233 2621/3763/3198
f 3162/3729/3200 2578/3597/6072 3163/3765/3200
f 3078/3767/3202 2622/3790/3232 3058/3768/3203
f 3041/3724/3151 3379/3690/3117 3055/3733/3205
f 3379/3690/3117 3041/3724/3151 2612/3723/3150
f 3392/3711/3138 3062/3713/3140 2625/3770/3206
f 3425/2873/2260 3170/2875/2262 2652/3772/3208
f 2624/3737/3169 3061/3774/3210 3380/3695/3122
f 3061/3774/3210 2625/3770/3206 3063/3693/3120
f 3391/3775/3211 3061/3774/3210 2624/3737/3169
f 3080/3777/3184 2623/7275/3183 3059/3778/3213
f 2625/3770/3206 3062/3713/3140 3381/3709/3136
f 3062/3713/3140 2626/3712/3139 3065/3707/3134
f 3391/3775/3211 3082/3771/3207 2625/3770/3206
f 3100/3780/3215 2632/3813/3252 3075/3781/3216
f 3382/3655/3218 3066/3731/6073 2611/3732/3219
f 2619/3783/3221 3066/3731/3226 3382/3655/3222
f 3163/3765/3224 2578/3597/6074 3164/2942/3224
f 3056/3742/3173 3383/3722/3149 3066/3731/3226
f 3383/3722/3149 3056/3742/3173 2620/3741/3172
f 3084/3785/3227 3394/3740/6075 3056/3742/3173
f 2620/3741/3172 3057/3764/3199 3384/3747/3178
f 3399/3786/3228 3072/3826/3272 2628/3787/3229
f 3057/3764/3199 2621/3763/3198 3068/3750/3181
f 3395/3762/3197 3057/3764/3199 2620/3741/3172
f 2621/3763/3198 3058/3768/3203 3385/3745/3176
f 3385/3745/3176 3058/3768/3203 2622/3790/3232
f 3388/3769/3204 3058/3768/3203 2621/3763/3198
f 3093/3792/3234 2634/7276/6076 3077/3793/3235
f 2622/3790/3232 3059/3778/3213 3386/3752/3152
f 3059/3795/3213 2623/3753/3183 3070/3755/3185
f 3389/3779/3214 3059/3778/3213 2622/3790/3232
f 3112/3796/3237 2641/3827/3273 3091/3797/3238
f 2623/3753/3183 3060/3738/3170 3387/3718/3145
f 3060/3738/3170 2624/3737/3169 3064/3716/3143
f 3401/3799/3240 3099/3812/3251 2631/3800/3241
f 2629/3802/3243 3073/3803/3244 3388/3769/3204
f 3073/3803/3244 2630/3806/3247 3078/3767/3202
f 3400/3804/3245 3073/3803/3244 2629/3802/3243
f 3074/3801/3242 3389/3779/3214 3078/3767/3202
f 3074/3801/3242 2631/3800/3241 3080/3777/3184
f 3401/3799/3240 3074/3801/3242 2630/3806/3247
f 3398/3808/3249 3096/3788/3230 2628/3787/3229
f 2631/3810/3241 3075/3781/3216 3390/3736/3168
f 3075/3781/3216 2632/3813/3252 3081/3776/3212
f 3402/3811/3217 3075/7277/3216 2631/3800/3241
f 3076/3760/3193 3391/3775/3211 3081/3776/3212
f 3076/3760/3193 2633/3814/3253 3082/3771/3207
f 3403/3761/3194 3076/3760/3193 2632/3813/3252
f 3077/3793/3235 3392/3711/3138 3082/3771/3207
f 3077/3793/3235 2634/7276/6076 3083/3815/3254
f 3098/3807/3248 2630/3806/3247 3073/3803/3244
f 3407/3798/3239 3091/3797/3238 2640/3816/3255
f 3393/3697/3257 3084/3785/6077 2619/3783/3258
f 2627/3818/3260 3084/3785/6078 3393/3697/3261
f 3109/3819/3263 2637/3849/3301 3087/3820/3264
f 3408/3822/3266 3113/3908/3356 2642/3823/3267
f 3071/3809/3250 3394/3740/3171 3084/3785/3269
f 3394/3740/3171 3071/3809/3250 2628/3787/3229
f 3095/3825/3271 3398/3808/6079 3071/3809/3250
f 3072/3826/3272 3395/3762/3197 3085/3789/3231
f 3072/3826/3272 2629/3802/3243 3079/3791/3233
f 2641/3827/3273 3092/3824/3268 3396/3828/3236
f 3092/3824/3268 2642/3823/3267 3093/3830/3234
f 3110/3831/3274 2639/3856/3308 3089/3832/3275
f 3397/3730/3277 3095/3825/6080 2627/3818/3278
f 2635/3834/3280 3095/3825/6081 3397/3730/3281
f 3424/2943/3283 3169/2905/6082 2651/3835/3284
f 3111/3817/3256 2640/3816/3255 3090/3836/3286
f 3086/3700/3127 3398/3808/3249 3095/3825/3288
f 3398/3808/3249 3086/3700/3127 2636/3699/3126
f 3114/3838/3290 3410/3698/3125 3086/3700/3127
f 3419/3839/3291 3124/3933/3388 2649/3840/3292
f 2636/3699/3126 3087/3820/3264 3399/3786/3228
f 3126/3842/3294 3415/3954/3417 3102/3843/3295
f 3087/3820/3264 2637/3849/3301 3097/3805/3246
f 3411/3821/3265 3087/3820/3264 2636/3699/3126
f 4920/3846/3298 5208/5802/5240 4903/3847/3299
f 2637/3849/3301 3088/3850/3302 3400/3804/3245
f 3088/3850/3302 2638/3854/3306 3098/3807/3248
f 3109/3819/3263 3404/3875/3323 3088/3850/3302
f 3412/3851/3303 3123/3934/3389 2650/3852/3304
f 2638/3854/3306 3089/3832/3275 3401/3799/3240
f 3089/3832/3275 2639/3856/3308 3099/3812/3251
f 3405/3833/3276 3089/3832/3275 2638/3854/3306
f 2639/3856/3308 3090/7278/3286 3402/3811/3217
f 3090/3836/3286 2640/3816/3255 3100/3857/3215
f 3406/3859/3287 3090/7278/3286 2639/3856/3308
f 3168/2851/2239 2657/3932/3387 3121/3860/3309
f 4859/3861/3310 5177/5671/5087 4843/3862/3311
f 2640/3816/3255 3091/3797/3238 3403/3864/3194
f 3403/3864/3194 3091/3797/3238 2641/3827/3273
f 3130/3865/3313 2648/3903/3351 3105/3866/3314
f 5173/3868/3316 4828/5635/5053 4405/3869/3317
f 3129/3871/3319 2647/7279/3345 3104/3872/3320
f 2645/3874/3322 3103/3876/3324 3404/3875/3323
f 3103/3876/3324 2646/3885/3333 3108/3855/3307
f 3416/3877/3325 3103/3876/3324 2645/3874/3322
f 4831/3879/3327 5162/5609/5023 4813/3880/3328
f 4890/3882/3330 5192/5752/5178 4873/3883/3331
f 2646/3885/3333 3104/3872/3320 3405/3833/3276
f 3104/3872/3320 2647/7279/3345 3110/3831/3274
f 3417/3873/3321 3104/3872/3320 2646/3885/3333
f 5147/3887/3335 4803/5582/6083 4375/3888/3336
f 4831/3879/3327 4397/3881/3329 4812/3890/3338
f 5158/3892/3340 4798/5541/4952 4389/3893/3341
f 3414/3895/3343 3126/3842/3294 2644/3844/3296
f 2647/3897/3345 3105/3866/3314 3406/3837/3287
f 3137/2864/3346 2578/3597/3023 3138/2895/2286
f 3105/3866/3314 2648/3903/3351 3111/3817/3256
f 3418/3867/3315 3105/3866/3314 2647/3897/3345
f 5145/3900/3348 4801/5611/5025 4381/3901/3349
f 2648/3903/3351 3106/3841/3293 3407/3798/3239
f 3106/3841/3293 2649/3840/3292 3112/3796/3237
f 3419/3839/3291 3106/3841/3293 2648/3903/3351
f 5142/3904/3352 4767/5512/4921 4372/3905/3353
f 3167/2872/2259 2656/3909/3357 3120/3907/3355
f 3108/3855/3307 2638/3854/3306 3088/3850/3302
f 3107/3853/3305 3408/3822/3266 3112/3796/3237
f 3107/3853/3305 2650/3852/3304 3113/3908/3356
f 3128/3886/3334 2646/3885/3333 3103/3876/3324
f 3422/2856/2244 3121/3860/3309 2656/3909/3357
f 5136/3910/3358 4785/5570/4983 4367/3911/3359
f 3409/3766/3361 3114/3838/6084 2635/3834/3362
f 4964/3913/3364 5219/4911/4286 4918/3914/3365
f 2643/3916/3367 3114/3838/6085 3409/3766/3368
f 3171/3917/3370 2653/3958/3424 3117/3918/3371
f 4760/3919/3372 5127/5453/4867 4737/3920/3373
f 3427/3922/3375 3171/3917/3370 2405/2814/2203
f 3423/2853/2241 3131/3963/3429 2658/3923/3376
f 3101/3896/3344 3410/3698/3125 3114/3838/3378
f 3410/3698/3125 3101/3896/3344 2644/3844/3296
f 3125/3925/3380 3414/3895/3343 3101/3896/3344
f 5121/3926/3381 4755/5510/4919 4351/3927/3382
f 2644/3844/3296 3102/3843/3295 3411/3821/3265
f 4893/3929/3384 4425/5763/5186 4868/3930/3385
f 3102/3843/3295 2645/3874/3322 3109/3819/3263
f 2657/3932/3387 3122/3924/3377 3412/3851/3303
f 3122/3924/3377 2658/3923/3376 3123/3934/3389
f 3165/3935/2232 2655/3965/3431 3119/3936/3390
f 4962/3937/3391 5223/3943/3406 4458/3938/3392
f 3413/3784/3394 3125/3925/6086 2643/3916/3395
f 2651/3835/3397 3125/3925/6087 3413/3784/3398
f 5089/3940/3400 4677/5363/4772 4324/3941/3401
f 3116/3773/3209 3414/3895/3343 3125/3925/3403
f 3414/3895/3343 3116/3773/3209 2652/3772/3208
f 3169/2905/3405 3425/2873/2260 3116/3773/3209
f 5223/3943/3406 4967/5830/5271 4201/3944/3407
f 5073/3945/3408 4647/5272/4678 4308/3946/3409
f 5104/3948/3411 4707/5418/4830 4340/3949/3412
f 5216/3951/3414 4459/7280/4269 4203/3952/3415
f 2652/3772/3208 3117/3918/3371 3415/3954/3417
f 3424/2943/3418 3132/2885/6088 2403/2884/3419
f 3117/3918/3371 2653/3958/3424 3127/3878/3326
f 3426/2914/2307 3117/3918/3371 2652/3772/3208
f 4653/3955/3421 5069/5235/4646 4632/3956/3422
f 2653/3958/3424 3118/3959/3425 3416/3877/3325
f 3118/3959/3425 2654/3964/3430 3128/3886/3334
f 3171/3917/3370 3427/3922/3375 3118/3959/3425
f 5058/3960/3426 4617/5211/4617 4292/3961/3427
f 3133/2852/2240 2659/2866/2253 3131/3963/3429
f 2654/3964/3430 3119/3936/3390 3417/3873/3321
f 3417/3873/3321 3119/3936/3390 2655/3965/3431
f 3420/2832/2220 3119/3936/3390 2654/3964/3430
f 3426/2914/2307 2661/2913/2306 2405/2814/2203
f 4635/3962/3428 4292/3961/3427 4616/3967/3433
f 5054/3969/3435 4602/5179/4586 4284/3970/3436
f 5148/3972/3438 4804/5583/4997 4376/3973/3439
f 5115/3975/3441 4722/5446/4860 4348/3976/3442
f 2655/3978/3431 3120/3907/3355 3418/3867/3315
f 4532/3979/3444 4232/5032/4418 4507/3980/3445
f 3120/3907/3355 2656/3909/3357 3130/3865/3313
f 3165/2844/2232 3421/2845/2233 3120/3907/3355
f 5044/3982/3447 4608/5188/4596 4271/3983/3448
f 2656/3909/3357 3121/3860/3309 3419/3839/3291
f 3121/3860/3309 2657/3932/3387 3124/3933/3388
f 4727/3985/3450 4336/5426/4837 4702/3986/3451
f 5038/3988/3453 4572/5119/4514 4268/3989/3454
f 5032/3991/3456 4589/5174/4581 4263/3992/3457
f 5016/3994/3459 4542/5078/4471 4252/3995/3460
f 4605/3997/3462 4276/5194/4600 4586/3998/3463
f 5000/4000/3465 4512/5023/4411 4236/4001/3466
f 3166/3966/3432 2654/3964/3430 3118/3959/3425
f 4562/4003/3468 4248/5093/4484 4537/4004/3469
f 4985/4006/3471 4482/4969/4349 4220/4007/3472
f 4488/4009/3474 4212/4928/4302 4467/4010/3475
f 4485/4012/3477 4209/4895/4270 4464/4013/3478
f 2736/2989/2392 2436/2986/2389 2711/3011/2419
f 4505/4015/3480 4218/7281/4362 4479/4016/3481
f 3165/2844/2232 3420/7282/2220 2663/4018/2219
f 4923/4019/3483 4441/5816/5251 4898/4020/3484
f 4483/4022/3486 4208/4885/4262 4463/4023/3487
f 4576/4024/3488 5027/5112/4505 4557/4025/3489
f 3430/4027/3491 3437/4043/3491 3438/4028/3492
f 3436/4030/3493 3435/4052/3494 3443/4031/3494
f 3680/4033/3495 3679/4310/3496 3431/4029/3496
f 3432/4034/3497 3431/4029/3492 3438/4028/3492
f 3680/4036/3495 3432/7283/3495 3433/4037/3498
f 3433/4037/3499 3432/7283/3497 3439/4039/3497
f 3444/4032/3500 3443/4031/3501 3451/4041/3501
f 3437/4043/3502 3436/4030/3493 3444/4032/3493
f 3682/4045/3503 3681/4038/3498 3433/4037/3498
f 3464/4047/3504 3463/4089/3505 3471/4048/3505
f 3434/4046/3506 3433/4037/3499 3440/4040/3499
f 3442/4053/3508 3441/4050/6089 3449/4054/3509
f 3441/4050/3506 3442/4053/3511 3684/4056/3511
f 3446/4057/3512 3438/4028/3512 3437/4043/3502
f 3520/4058/3513 3512/4126/3513 3511/4059/3514
f 3447/4061/3515 3446/4057/3516 3454/4062/3516
f 3463/4064/3517 3455/4063/6090 3454/4062/3518
f 3428/4066/3519 3435/4052/3519 3436/4030/3520
f 3454/4062/3518 3453/4070/3521 3461/4068/3521
f 3678/4069/3522 3677/4318/3523 3429/4067/3523
f 3430/4027/3491 3429/4067/3520 3436/4030/3520
f 3447/4061/3524 3439/4035/3524 3438/4028/3512
f 3453/4070/3525 3445/4044/3525 3444/4032/3500
f 3453/4070/3521 3452/4042/3526 3460/4071/3526
f 3470/4072/3527 3469/4080/3528 3477/4073/3528
f 3450/4055/3529 3449/4054/3530 3457/4075/3530
f 3493/4077/3531 3492/4103/3594 3500/4078/3532
f 3470/4072/3533 3462/4065/3542 3461/4068/3534
f 3465/4081/3535 3457/7284/3535 3456/4082/3536
f 3473/4083/3537 3465/4081/3537 3464/4047/3504
f 3458/4085/3539 3457/7284/3535 3465/4081/3535
f 3469/4080/3528 3468/4096/3540 3476/4087/3540
f 3460/4071/3526 3452/4042/3526 3451/4041/3541
f 3471/4088/3505 3463/4064/3505 3462/4065/3542
f 3456/4082/3536 3455/7285/6090 3463/4089/3517
f 3471/4048/1521 3470/7286/3527 3478/4090/3527
f 3486/4092/3543 3485/4095/3544 3493/4077/3544
f 3474/4094/3545 3466/4086/3545 3465/4081/3537
f 3478/4074/3546 3477/4073/3547 3485/4095/3547
f 3468/4096/3548 3460/4071/3548 3459/4084/3549
f 3488/4098/3550 3480/4109/3550 3479/4091/3551
f 3469/4080/3534 3461/4068/3534 3460/4071/3553
f 3482/4100/3554 3474/4094/3554 3473/4083/3555
f 3493/4077/3544 3485/4095/3544 3484/4102/3556
f 3476/4087/3557 3468/4096/3557 3467/4097/3557
f 3508/4105/3558 3500/4078/3558 3499/4106/3559
f 3479/4091/3551 3478/4090/3546 3486/4108/3546
f 3473/4083/3555 3472/4049/1520 3480/4109/1520
f 3487/4099/3563 3486/4108/3543 3494/4110/3543
f 3502/4112/3564 3501/4079/3565 3509/4113/3565
f 3490/4115/3566 3482/4100/3566 3481/4101/3567
f 3481/4101/3567 3480/4109/3550 3488/4098/3550
f 3495/4111/3568 3494/4110/3569 3502/4117/3569
f 3476/4087/3570 3475/4104/3570 3483/4119/3570
f 3477/4073/3547 3476/4087/6091 3484/4102/3572
f 3498/4120/3573 3490/4115/3573 3489/4116/3574
f 3536/4122/3575 3528/4141/3575 3527/4123/3576
f 3492/4103/3556 3484/4102/3556 3483/4119/3577
f 3512/4126/3578 3504/4131/3578 3503/4118/2064
f 3510/4114/3579 3509/4113/3580 3517/4127/3580
f 3505/4129/3581 3504/4131/3578 3512/4126/3578
f 3504/4131/3582 3496/4132/3582 3495/4111/3568
f 3489/4116/3574 3488/4098/3583 3496/4132/3583
f 3521/4133/3584 3513/4130/3584 3512/4126/3513
f 3518/4128/3586 3517/4127/3587 3525/4134/3587
f 3506/4136/3588 3498/4120/3588 3497/4121/3589
f 3497/4121/3589 3496/4132/3582 3504/4131/3582
f 3581/4137/3592 3580/4207/3593 3588/4138/3593
f 3492/4103/3594 3491/4125/3595 3499/4106/3595
f 3520/4140/3596 3519/7287/3597 3527/4123/3597
f 3501/4079/3565 3500/4078/3558 3508/4105/3558
f 3502/4112/3569 3494/4093/3569 3493/4077/3531
f 3529/4143/3600 3521/7288/3600 3520/4140/3596
f 3526/4135/3601 3525/4134/3602 3533/4144/3602
f 3514/4146/3603 3506/4136/6092 3505/4129/3581
f 3517/4127/3580 3509/4113/3580 3508/4105/3604
f 3527/4148/3597 3519/7289/3597 3518/4128/3586
f 3529/4143/3605 3528/4141/3575 3536/4122/3575
f 3522/4150/3607 3514/4146/6093 3513/4130/3584
f 3508/4105/3604 3507/4107/3608 3515/4142/3608
f 3536/4122/3609 3535/4124/3610 3543/4151/3610
f 3525/4134/3587 3517/4127/3587 3516/4147/1997
f 3519/4060/3514 3511/4059/3514 3510/4154/3579
f 3549/4156/3611 3541/4161/3611 3540/4157/3612
f 3545/4159/3613 3537/4149/3613 3536/4122/3609
f 3550/4160/3614 3542/4176/3614 3541/4161/3611
f 3522/4163/3616 3521/7288/3600 3529/4143/3600
f 3525/4134/3602 3524/4153/3617 3532/4165/3617
f 3541/4161/3618 3533/4144/3618 3532/4165/3619
f 3543/4151/3610 3535/4124/3610 3534/4166/3620
f 3556/4168/3622 3548/4158/3622 3547/4169/3623
f 3538/4172/3625 3530/4164/3625 3529/4143/3605
f 3551/4173/3626 3543/4151/3626 3542/4167/3614
f 3524/4153/3617 3523/4162/3627 3531/4171/3627
f 3542/4176/3621 3534/4145/3620 3533/4144/3618
f 3535/4124/3576 3527/4123/3576 3526/4177/3601
f 3551/4173/3628 3550/4174/3629 3558/4178/3629
f 3558/4180/3630 3557/4184/3631 3565/4181/3631
f 3546/4183/3632 3538/4172/3632 3537/4149/3613
f 3557/4184/3633 3549/4156/3633 3548/4158/3622
f 3553/4185/3634 3545/4159/3634 3544/4152/3635
f 3560/4187/3636 3552/4186/3636 3551/4173/3628
f 3553/4185/3637 3552/4186/3636 3560/4187/3636
f 3554/4189/3638 3546/4183/3638 3545/4159/3634
f 3557/4184/3631 3556/4168/3639 3564/4190/3639
f 3567/4191/3640 3559/4179/3640 3558/4178/3630
f 3548/4158/3612 3540/4157/3612 3539/4175/1930
f 3550/4160/3629 3549/4156/3633 3557/4184/3633
f 3552/4186/3635 3544/4152/3635 3543/4151/3626
f 3582/4193/3641 3574/4198/3641 3573/4194/3642
f 3562/4195/3643 3554/4189/3643 3553/4185/3637
f 3566/4182/3646 3565/4181/3647 3573/4194/3647
f 3561/4188/3648 3560/4187/3649 3568/4199/3649
f 3576/4201/3650 3568/4199/3650 3567/4191/3651
f 3577/4203/3652 3569/4200/3652 3568/4199/3650
f 3570/4205/3654 3562/4195/5305 3561/4188/3648
f 3581/4137/3642 3573/4194/3642 3572/4206/3655
f 3556/4168/3639 3555/4170/3624 3563/4204/3653
f 3606/4208/3656 3597/4215/3656 3596/4209/3657
f 3567/4191/3651 3566/4192/3646 3574/4211/3646
f 3568/4199/3649 3560/4187/3649 3559/4179/3640
f 3575/4212/3658 3574/4198/3641 3582/4193/3641
f 3590/4214/3659 3589/4139/3660 3597/4215/3660
f 3578/4217/3661 3570/4205/3661 3569/4200/3652
f 3641/4218/3662 3633/4262/3662 3632/4219/3663
f 3583/4213/3664 3582/4193/3665 3590/4214/3665
f 3564/4190/3666 3563/4204/3653 3571/4222/3667
f 3565/4181/3647 3564/4190/3666 3572/4206/3666
f 3578/4217/3668 3577/4203/3669 3585/4223/3669
f 3589/4139/3660 3588/4138/3670 3596/4209/3670
f 3580/4207/3655 3572/4206/3655 3571/4222/3667
f 3592/4225/3671 3591/4233/3672 3599/4226/3672
f 3605/4210/3673 3604/4256/3674 3612/4228/3674
f 3593/4230/3675 3592/4225/3671 3600/4227/3671
f 3584/4232/3677 3583/7290/3664 3591/4233/3664
f 3585/4223/3669 3577/4203/3669 3576/4201/3678
f 3615/4235/3679 3607/4257/4244 3606/4208/3680
f 3586/4237/3681 3585/4239/3683 3593/4230/3682
f 3585/4239/3683 3584/4232/3677 3592/4225/3677
f 3599/4226/3684 3598/6124/3685 3607/4240/3685
f 3588/4138/3593 3580/4207/3593 3579/4197/3686
f 3610/4242/3687 3601/4231/3687 3600/4227/3688
f 3590/4214/3665 3582/4193/3665 3581/4137/3592
f 3588/4138/3670 3587/4196/3689 3595/4244/3689
f 3609/4243/3690 3608/4241/3691 3616/4245/3691
f 3614/4236/3692 3613/4229/3693 3621/4247/3693
f 3618/4249/3694 3610/4242/3694 3609/4243/3690
f 3609/4243/3688 3600/4227/3688 3599/4226/3684
f 3594/4238/3696 3593/4230/3675 3601/4231/3676
f 3626/4251/3697 3618/4249/3697 3617/4246/3698
f 3631/4253/3699 3623/4266/3699 3622/4248/3700
f 3602/4250/3701 3601/4231/3687 3610/4242/3687
f 3596/4209/3657 3595/4244/3703 3604/4256/3703
f 3606/4208/3680 3605/4210/3673 3613/4229/3673
f 3607/4257/3685 3598/4216/3685 3597/4215/3656
f 3639/4259/3706 3631/4253/3706 3630/4254/3707
f 3634/4261/3708 3626/4251/3708 3625/4252/3709
f 3611/4255/3710 3610/4242/3694 3618/4249/3694
f 3621/4247/3693 3613/4229/3693 3612/4228/3711
f 3625/4252/3709 3624/4264/3713 3632/4219/3712
f 3624/4264/3713 3623/4272/3699 3631/4265/3699
f 3625/4252/3698 3617/4246/3698 3616/4245/3714
f 3623/4266/3715 3615/4235/3715 3614/4236/3692
f 3642/4267/3716 3634/4261/3716 3633/4262/3662
f 3619/4263/3717 3618/4249/3697 3626/4251/3697
f 3641/4218/3718 3640/4220/3730 3648/4269/3719
f 3622/4248/3700 3621/4247/3720 3629/4271/3720
f 3616/4245/3714 3615/6125/3715 3623/4272/3715
f 3654/4273/3721 3646/4282/3721 3645/4274/3722
f 3650/4276/3723 3642/4267/3723 3641/4218/3718
f 3647/4277/3724 3646/4282/3721 3654/4273/3721
f 3627/4268/3726 3626/4251/3708 3634/4261/3708
f 3630/4254/3707 3629/4271/3727 3637/4281/3727
f 3638/4260/3728 3637/4281/3729 3645/4274/3729
f 3640/4283/3730 3639/4259/3731 3647/4277/3731
f 3635/4280/3733 3634/4261/3716 3642/4267/3716
f 3656/4287/3734 3648/4284/3734 3647/4277/3724
f 3629/4271/3736 3628/4279/3736 3636/4285/3736
f 3647/4277/3731 3639/4259/3731 3638/4260/3728
f 3640/4283/3663 3632/7291/3663 3631/4253/3706
f 3663/4289/3737 3662/4293/3738 3670/4290/3738
f 3643/4286/3739 3642/4267/3723 3650/4276/3723
f 3655/4278/3740 3654/4273/3741 3662/4293/3741
f 3658/4294/3742 3650/7292/3742 3649/4295/3743
f 3657/4296/3744 3656/4306/3745 3664/4297/3745
f 3666/4299/3746 3658/4294/3746 3657/4296/3744
f 3651/4301/3748 3650/7292/3742 3658/4294/3742
f 3670/4290/3738 3662/4293/3738 3661/4303/3749
f 3653/4275/3750 3645/4274/3750 3644/4288/3750
f 3656/4287/3745 3655/4278/3740 3663/4289/3740
f 3649/4295/3743 3648/7293/3734 3656/4306/3734
f 3449/4054/3509 3441/4050/6089 3440/4040/3752
f 3664/4305/3753 3663/4289/3737 3671/4291/3737
f 3659/4302/3754 3658/4294/3746 3666/4299/3746
f 3679/4310/3755 3671/4291/3755 3670/4290/3756
f 3653/4275/3757 3652/4300/3758 3660/4311/3758
f 3673/4312/3759 3672/4320/3760 3680/4036/3760
f 3654/4273/3741 3653/4275/3757 3661/4303/3757
f 3667/4309/3762 3666/4299/3763 3674/4313/3763
f 3669/4304/3749 3661/4303/3749 3660/4311/3764
f 3672/4308/3760 3671/4291/3755 3679/4310/3755
f 3674/4313/3763 3666/4299/3763 3665/4298/3765
f 3675/4314/3767 3674/4313/3768 3682/4045/3768
f 3674/4313/3768 3673/4312/3759 3681/4038/3759
f 3669/4304/3769 3668/4315/3770 3676/4317/3770
f 3670/4290/3756 3669/4304/3769 3677/4318/3769
f 3434/4046/3503 3684/4056/3772 3683/4316/3772
f 3678/4069/3522 3430/4027/3522 3431/4029/3496
f 3448/4307/3752 3440/4040/3752 3439/4039/3524
f 3446/4057/3516 3445/4044/3525 3453/4070/3525
f 3676/4317/3773 3428/4066/3773 3429/4067/3523
f 3673/4312/3765 3665/4298/3765 3664/4297/3753
f 3576/4201/3678 3575/4202/3658 3583/4321/3658
f 3488/4098/3583 3487/4099/3563 3495/4111/3563
f 3449/4054/3530 3448/4307/3775 3456/4322/3775
f 3448/4307/3775 3447/4319/3515 3455/4323/3515
f 3688/2781/1606 3687/4352/2028 3694/4324/2027
f 3693/4325/3776 3692/2801/3777 3700/2803/3777
f 3936/4327/2172 3688/7294/2171 3689/4328/3779
f 3689/4328/1605 3688/7294/1606 3695/4330/1604
f 3937/4329/3780 3689/4328/3779 3690/4332/3782
f 3690/4332/2011 3689/4328/1605 3696/4331/3781
f 3701/4326/3784 3700/2803/3785 3708/2802/3785
f 3694/4324/3787 3693/4325/3776 3701/4326/3778
f 3938/4333/3783 3690/4332/3782 3691/4335/3788
f 3721/4337/3790 3720/4372/3834 3728/4338/3791
f 3691/4335/2010 3690/4332/2011 3697/2772/2009
f 3699/4339/3795 3698/2478/2075 3706/2480/2077
f 3698/2478/3793 3699/4339/3796 3941/4341/3796
f 2163/2464/2015 2155/2456/2016 2156/4342/3797
f 3777/4343/3798 3769/4403/3895 3768/2791/3799
f 3704/4345/3801 3703/2768/2173 3711/2784/2175
f 3712/4346/3802 3711/2784/3808 3719/4347/3803
f 3686/4349/3805 3685/2799/3806 3692/2801/3806
f 3711/2784/3808 3710/2783/3814 3718/4350/3809
f 3934/4351/3810 3686/4349/4183 3687/4352/3811
f 3687/4352/2028 3686/4349/3805 3693/4325/3807
f 3696/4331/3812 3695/4330/2156 3703/4353/2158
f 3702/2767/3813 3701/4326/3784 3709/4334/3786
f 3710/2783/3814 3709/4334/3832 3717/4354/3815
f 3727/4355/3816 3726/4362/3830 3734/4356/3817
f 3707/4340/3819 3706/2480/2187 3714/2798/2189
f 3758/4359/3820 3750/4375/3912 3749/4360/2036
f 3719/4347/3821 3718/4350/3851 3726/4362/3822
f 3714/4363/3824 3713/4371/3835 3721/4337/3825
f 3722/4364/3827 3721/4337/3790 3729/2475/3792
f 3715/4367/3829 3714/4363/3824 3722/4364/3826
f 3726/4362/3830 3725/4380/3856 3733/4369/3831
f 3709/4334/3832 3708/2802/3833 3716/4366/3833
f 3720/4348/3834 3719/4347/3821 3727/4355/3823
f 3713/4371/3835 3712/7295/3802 3720/4372/3804
f 3728/4338/3836 3727/7296/3816 3735/4373/3818
f 3743/4374/3837 3742/4378/3854 3750/4375/3838
f 3723/4368/3840 3722/4364/3827 3730/4365/3828
f 3735/4357/3841 3734/4356/3876 3742/4378/3842
f 3717/4354/3844 3716/4366/3845 3724/4379/3845
f 3737/2477/3847 3736/2476/3860 3744/4381/3848
f 3718/4350/3851 3717/4354/3844 3725/4380/3846
f 3731/4377/3852 3730/4365/3861 3738/4382/3853
f 3742/4378/3854 3741/4396/3882 3749/4360/3855
f 3725/4380/3856 3724/4379/3857 3732/4384/3857
f 3765/4385/3858 3757/4361/3911 3756/4386/3859
f 3736/2476/3860 3735/4373/3841 3743/4388/3843
f 3730/4365/3861 3729/2475/2072 3737/2477/2074
f 3744/4381/3863 3743/4388/3837 3751/4389/3839
f 3767/4390/2183 3759/4418/2182 3758/4359/3864
f 3739/4383/3866 3738/4382/3868 3746/4392/3867
f 3738/4382/3868 3737/2477/3847 3745/2794/3849
f 3760/4394/3869 3752/2795/3892 3751/4389/3870
f 3733/4369/3872 3732/4384/3873 3740/4395/3873
f 3734/4356/3876 3733/4369/3872 3741/4396/3874
f 3747/4393/3877 3746/4392/3893 3754/4397/3878
f 3793/4399/3879 3785/4416/3926 3784/4400/3880
f 3741/4396/3882 3740/4395/3883 3748/4402/3883
f 3769/4403/3884 3761/4407/3890 3760/4394/3885
f 3775/4404/3886 3767/4390/3934 3766/4391/3887
f 3770/4406/3889 3762/4412/3921 3761/4407/3890
f 3761/4407/3891 3753/2796/3903 3752/2795/3892
f 3746/4392/3893 3745/2794/2184 3753/2796/2186
f 3778/4408/3894 3770/4406/3928 3769/4403/3895
f 3783/4409/3897 3775/4404/3924 3774/4405/3898
f 3763/4411/3900 3755/4398/3900 3754/4397/3901
f 3762/4412/3902 3754/4397/3901 3753/2796/3903
f 3838/4413/3905 3837/4476/4057 3845/4414/3906
f 3757/4361/2035 3749/4360/2036 3748/4402/2034
f 3785/4416/3908 3777/4420/3915 3776/4417/3909
f 3766/4391/3865 3758/4359/3864 3757/4361/3911
f 3759/4418/3871 3751/4376/3870 3750/4375/3912
f 3786/4419/3914 3778/4437/3944 3777/4420/3915
f 3791/4421/3916 3783/4409/3961 3782/4410/3917
f 3771/4423/3920 3763/4411/3920 3762/4412/3921
f 3774/4405/3888 3766/4391/3887 3765/4385/3922
f 3784/4425/3910 3776/4430/3909 3775/4404/3924
f 3794/4426/3925 3786/4419/3955 3785/4416/3926
f 3779/4427/3927 3771/4423/3927 3770/4406/3928
f 3773/4424/3923 3765/4385/3922 3764/4387/3929
f 3801/4428/3930 3793/4399/3939 3792/4401/3931
f 3782/4410/3899 3774/4405/3898 3773/4424/3933
f 3776/4430/3800 3768/7297/3799 3767/4390/3934
f 3806/4431/3935 3798/4435/3941 3797/2785/3936
f 3802/4433/3938 3794/4426/3969 3793/4399/3939
f 3807/4434/3940 3799/4447/3957 3798/4435/3941
f 3787/4436/3943 3779/7298/3943 3778/4437/3944
f 3790/4422/3918 3782/4410/3917 3781/2788/3945
f 3798/4435/3947 3790/4422/3960 3789/4438/3948
f 3800/4429/3932 3792/4401/3931 3791/4439/3949
f 3813/4441/3951 3805/4432/3971 3804/4442/3952
f 3795/4444/3954 3787/4436/3954 3786/4419/3955
f 3808/4445/3956 3800/4429/3989 3799/4440/3957
f 3789/4438/3946 3781/2788/3945 3780/2790/3959
f 3799/4447/3950 3791/4421/3949 3790/4422/3960
f 3792/4448/3881 3784/4425/3880 3783/4409/3961
f 3816/4449/3962 3808/4445/3976 3807/4446/3963
f 3815/4451/3965 3814/4455/3982 3822/4452/3966
f 3803/4454/3968 3795/4444/3968 3794/4426/3969
f 3814/4455/3970 3806/4431/3988 3805/4432/3971
f 3810/4456/3972 3802/4433/3981 3801/4428/3973
f 3817/4458/3975 3809/4457/3978 3808/4445/3976
f 3818/4459/3977 3810/4456/3994 3809/4457/3978
f 3811/4460/3980 3803/4454/3980 3802/4433/3981
f 3814/4455/3982 3813/4441/4011 3821/4461/3983
f 3816/4449/3984 3815/4450/3965 3823/4462/3967
f 3805/4432/3937 3797/2785/3936 3796/2787/3987
f 3815/4451/3964 3807/4434/3963 3806/4431/3988
f 3809/4457/3974 3801/4428/3973 3800/4429/3989
f 3831/4464/3990 3830/4469/4009 3838/4413/3991
f 3819/4466/3993 3811/4460/3993 3810/4456/3994
f 3823/4453/3996 3822/4452/4032 3830/4469/3997
f 3818/4459/3999 3817/4458/4017 3825/4470/4000
f 3825/4470/4002 3824/4463/4016 3832/4472/4003
f 3826/4471/4005 3825/4470/4002 3833/2777/4004
f 3819/4466/4008 3818/4459/3999 3826/4471/4001
f 3830/4469/4009 3829/4489/4037 3837/4476/4010
f 3813/4441/4011 3812/4443/4012 3820/4474/4012
f 3854/4477/4013 3853/4492/4083 3862/4478/4014
f 3824/4480/4016 3823/4453/3996 3831/4464/3998
f 3817/4458/4017 3816/4449/3984 3824/4463/3985
f 3832/4481/4018 3831/4464/3990 3839/4465/3992
f 3847/4483/4019 3846/4415/4035 3854/4477/4020
f 3827/4475/4021 3826/4471/4005 3834/4473/4006
f 3898/4485/4022 3890/4527/4106 3889/4486/4023
f 3840/4482/4025 3839/4465/4062 3847/4483/4026
f 3821/4461/4028 3820/4474/4029 3828/4488/4029
f 3822/4452/4032 3821/4461/4028 3829/4489/4030
f 3835/4484/4033 3834/4473/4048 3842/4490/4034
f 3846/4415/4035 3845/4414/4063 3853/4492/4036
f 3829/4489/4037 3828/4488/4038 3836/4468/4038
f 3849/4493/4039 3848/4501/2164 3856/4494/2166
f 3862/4478/4041 3861/4522/4042 3869/4496/4042
f 3850/4498/4044 3849/4493/4039 3857/4495/4040
f 3841/4500/4046 3840/7299/4025 3848/4501/4027
f 3834/4473/4048 3833/2777/2167 3841/2779/2169
f 3864/4502/4049 3863/4479/4085 3871/4503/4050
f 3843/4505/4051 3842/4507/4053 3850/4498/4052
f 3842/4507/4053 3841/4500/4046 3849/4493/4047
f 3856/4494/4054 3855/7300/4086 3864/4508/4055
f 3837/4476/4057 3836/4468/4058 3844/4467/4058
f 3858/4499/4059 3857/4495/4072 3866/4509/4060
f 3839/4465/4062 3838/4413/3905 3846/4415/3907
f 3845/4414/4063 3844/4467/4064 3852/4511/4064
f 3866/4509/4065 3865/2769/2159 3873/2771/2161
f 3871/4503/4067 3870/4497/4096 3878/4513/4068
f 3867/4510/4070 3866/4509/4065 3874/4512/4066
f 3857/4495/4072 3856/4494/4054 3865/2769/4056
f 3851/4506/4074 3850/4498/4044 3858/4499/4045
f 3875/4515/4075 3874/4512/4101 3882/4517/4076
f 3888/4519/4078 3880/4532/4100 3879/4514/4079
f 3859/4516/4081 3858/4499/4059 3867/4510/4061
f 3853/4492/4083 3852/4511/4084 3861/4522/4084
f 3863/4479/4085 3862/4478/4041 3870/4497/4043
f 3855/2775/4086 3854/4477/4013 3863/4479/4015
f 3896/4524/4088 3888/4519/4138 3887/4520/4089
f 3891/4526/4091 3883/4518/4123 3882/4517/4092
f 3868/4521/4095 3867/4510/4070 3875/4515/4071
f 3870/4497/4096 3869/4496/4097 3877/4523/4097
f 3890/4527/4093 3882/4517/4092 3881/4529/4098
f 3889/4486/4099 3881/4529/4098 3880/4530/4100
f 3874/4512/4101 3873/2771/4113 3881/4529/4102
f 3872/4504/4103 3871/4503/4067 3879/4514/4069
f 3899/4533/4105 3891/4526/4132 3890/4527/4106
f 3876/4528/4107 3875/4515/4075 3883/4518/4077
f 3906/4535/4108 3898/4485/4118 3897/4487/4109
f 3887/4520/4080 3879/4514/4079 3878/4513/4111
f 3873/2771/4113 3872/2770/4103 3880/4530/4104
f 3911/4538/4114 3903/4542/4120 3902/2762/4115
f 3907/4540/4117 3899/4533/4141 3898/4485/4118
f 3912/4541/4119 3904/4547/4134 3903/4542/4120
f 3892/4544/4122 3884/4534/4122 3883/4518/4123
f 3895/4525/4090 3887/4520/4089 3886/4537/4124
f 3903/4542/4126 3895/4525/4137 3894/4545/4127
f 3905/4546/4110 3897/4550/4109 3896/4524/4128
f 3900/4548/4131 3892/4544/4131 3891/4526/4132
f 3913/4549/4133 3905/4546/4158 3904/4547/4134
f 3894/4545/4125 3886/4537/4124 3885/4543/4136
f 3904/4547/4129 3896/4524/4128 3895/4525/4137
f 3897/4550/4024 3889/7301/4023 3888/4519/4138
f 3928/4551/4139 3920/4555/4160 3919/4552/2049
f 3908/4554/4140 3900/4548/6094 3899/4533/4141
f 3920/4555/4142 3912/4541/4157 3911/4538/4143
f 3915/4556/4145 3907/4565/4154 3906/4557/4146
f 3922/4559/4148 3914/4558/4152 3913/4560/4149
f 3923/4562/4151 3915/4556/4162 3914/4558/4152
f 3916/4564/4153 3908/7302/4153 3907/4565/4154
f 3927/4553/2048 3919/4552/2049 3918/4566/2047
f 3910/4539/4116 3902/2762/4115 3901/2764/4156
f 3921/4561/4150 3913/4560/4149 3912/4568/4157
f 3914/4558/4147 3906/4557/4146 3905/4570/4158
f 2397/2760/1576 2398/2474/1584 2150/2458/1583
f 3929/4571/4159 3921/4561/4187 3920/4569/4160
f 3924/4573/4161 3916/4564/4161 3915/4556/4162
f 3936/2782/4163 3928/4551/2059 3927/4553/2057
f 3918/4566/4165 3910/4539/4169 3909/4563/4166
f 3938/4333/2067 3930/4578/2054 3929/4571/2066
f 3919/4552/4144 3911/4538/4143 3910/4539/4169
f 3932/4575/4170 3924/4573/4170 3923/4562/4171
f 3926/4567/4155 3918/4566/2047 3917/4574/4173
f 3937/4329/4167 3929/4571/2066 3928/4572/2059
f 3931/4576/4172 3923/4562/4171 3922/4559/4174
f 3940/4579/4176 3932/4575/4176 3931/4576/2056
f 3939/4336/2055 3931/4576/2056 3930/4578/2054
f 3934/4351/4177 3926/4567/4180 3925/4577/4178
f 2165/4581/2020 2157/2466/2021 2158/2470/2019
f 3935/2780/4164 3927/4553/2057 3926/4567/4180
f 3941/4341/4181 3940/4579/4181 3939/4336/3789
f 2170/2468/2002 2162/2463/2071 2163/2464/1983
f 2396/2755/1575 2397/2754/1576 2149/2455/1574
f 2338/2649/1735 2330/2643/1735 2331/2645/1640
f 2164/4582/2030 2156/2459/3797 2157/2466/2021
f 2399/2761/1588 2400/2741/1600 2152/2469/1599
f 3933/4580/4182 3685/2799/4182 3686/4349/4183
f 2166/2497/2041 2158/2470/2019 2159/2482/2040
f 3945/2418/2171 3952/2440/2172 3951/4583/2170
f 3946/2139/3779 3953/4587/3780 3952/4584/2172
f 3957/2434/4178 3949/2449/4178 3950/4585/4177
f 3958/4586/4180 3950/4585/4177 3951/4583/4164
f 3947/2409/3782 3954/2454/3783 3953/4587/3780
f 3965/2435/4173 3957/2434/4173 3958/4586/4185
f 3948/2408/3788 3955/2438/3789 3954/2454/3783
f 3963/2439/2056 3955/2438/2055 3956/4588/4176
f 4194/4590/3781 4195/2407/2009 3947/2409/2011
f 4198/4591/4181 3956/4588/4181 3955/2438/3789
f 2134/2422/2032 2126/2392/2031 2125/2394/2080
f 1899/2112/2144 1898/2111/1592 1906/2126/1593
f 4190/4593/3806 4191/4595/3807 3943/4594/4186
f 3943/4594/4183 3950/4585/3810 3949/2449/4182
f 4191/4595/3807 4192/2417/2027 3944/2419/2028
f 3944/2419/4184 3951/4583/2170 3950/4585/3810
f 1901/2123/2150 1900/2120/1626 1908/2145/1628
f 3967/2433/2049 3959/2432/2048 3960/2441/4139
f 3995/4598/4141 3987/4644/4117 3988/4599/4140
f 3968/4601/4160 3960/4877/4139 3961/2453/4159
f 3969/4602/4187 3961/2453/4159 3962/2437/4175
f 3983/4604/4120 3975/4620/4114 3976/4605/4119
f 3970/4603/4174 3962/2437/4175 3963/2439/4172
f 3971/4607/4188 3963/2439/4172 3964/4589/4170
f 3973/2446/4166 3965/2435/6095 3966/2431/4189
f 3978/4610/4190 3970/4603/4148 3971/4607/4151
f 5395/4612/3672 5387/6031/3672 5386/4613/3659
f 3979/4611/4162 3971/4607/4151 3972/4608/4161
f 3981/2447/4156 3973/2446/4156 3974/4609/4116
f 4011/4617/4123 4003/4649/4091 4004/4618/4122
f 3974/4609/4169 3966/2431/4189 3967/2433/4191
f 3975/4620/4192 3967/2433/4191 3968/4597/4142
f 3976/4621/4193 3968/4601/4142 3969/4602/4150
f 3977/4622/4149 3969/4602/4150 3970/4603/4148
f 3984/4606/4134 3976/4605/4119 3977/4625/4133
f 3985/4628/4158 3977/4622/4133 3978/4610/4147
f 3986/4629/4146 3978/4610/4147 3979/4611/4145
f 3987/4630/4194 3979/4611/4145 3980/4615/4153
f 3989/4627/4195 3981/2447/2152 3982/4616/2151
f 3999/4634/4089 3991/4639/4199 3992/4635/4088
f 3982/4616/4115 3974/4609/4116 3975/4620/4114
f 3997/4633/4136 3989/4627/4136 3990/4632/4125
f 3990/4632/4127 3982/4616/2151 3983/4604/4126
f 3991/4639/4137 3983/4604/4126 3984/4606/4129
f 3992/4635/4128 3984/4606/4129 3985/4626/4110
f 3993/4641/4109 3985/7303/4110 3986/4642/4108
f 3994/4643/4118 3986/4642/4108 3987/4644/4117
f 4000/4636/4138 3992/4635/4088 3993/4640/4024
f 4013/4623/4042 4014/4655/4043 4022/4646/4041
f 4001/4647/4023 3993/4641/4024 3994/4643/4022
f 4002/4648/4106 3994/4643/4022 3995/4598/4105
f 4003/4649/4132 3995/4598/4105 3996/4600/4131
f 4005/4637/4196 3997/4633/4196 3998/4638/4112
f 4008/4652/4104 4009/4658/4102 4017/4653/4113
f 3998/4638/4124 3990/4632/4125 3991/4639/4199
f 4005/4637/4097 4006/4650/4068 4014/4655/4096
f 4006/4650/4111 3998/4638/4112 3999/4634/4080
f 4007/4656/4079 3999/4634/4080 4000/4636/4078
f 4008/4652/4100 4000/7304/4078 4001/4647/4099
f 4009/4658/4098 4001/4647/4099 4002/4648/4093
f 4010/4660/4092 4002/4648/4093 4003/4649/4091
f 4009/4658/4102 4010/4660/4076 4018/4661/4101
f 4010/4660/4076 4011/4617/4077 4019/4662/4075
f 4011/4617/4077 4012/4619/4107 4020/4663/4107
f 4006/4650/4068 4007/4656/4069 4015/4664/4200
f 4007/4656/4069 4008/4657/4104 4016/4665/4198
f 4025/4666/4056 4026/4672/4060 4034/4667/4072
f 4014/4655/4043 4015/4664/4050 4023/4669/4085
f 4015/4664/4050 4016/4665/2160 4024/4670/4049
f 4016/4654/2160 4017/4653/2161 4025/4666/2159
f 4017/4653/2161 4018/4661/4066 4026/4672/4201
f 4018/4661/4066 4019/4662/4071 4027/4673/4070
f 4019/4662/4071 4020/4663/4095 4028/4674/4095
f 4021/4624/4084 4022/4646/4014 4030/4675/4083
f 4026/4672/4060 4027/4673/4061 4035/4676/4059
f 4027/4673/4061 4028/4674/4081 4036/4677/4081
f 4029/4651/4064 4030/4675/4036 4038/4678/4063
f 4022/4646/4014 4023/4669/4015 4031/4679/4013
f 4023/4669/4015 4024/4670/4055 4032/4680/4202
f 4024/4671/4055 4025/4666/4056 4033/4668/4054
f 4041/4682/4027 4042/4688/4047 4050/4683/4203
f 4030/4675/4036 4031/4679/4204 4039/4685/4035
f 4031/4679/4204 4032/4680/2165 4040/4686/4019
f 4032/4680/2165 4033/7305/2166 4041/4687/2164
f 4033/4668/2166 4034/4667/4040 4042/4688/4039
f 4034/4667/4040 4035/4676/4045 4043/4689/4205
f 4035/4676/4045 4036/4677/4074 4044/4690/4074
f 4037/4659/4058 4038/4678/3906 4046/4691/4057
f 4042/4688/4047 4043/4689/4052 4051/4692/4206
f 4043/4689/4052 4044/4690/4051 4052/4693/4051
f 4045/2444/4038 4046/4691/4010 4054/4694/4207
f 4046/4691/4010 4047/4696/3991 4055/4695/4009
f 4038/4678/3906 4039/4685/4209 4047/4696/4208
f 4039/4685/4209 4040/4686/4210 4048/4697/4062
f 4040/4686/4210 4041/4687/4027 4049/4698/4025
f 4047/4696/3991 4048/4697/3992 4056/4699/3990
f 4048/4697/3992 4049/4698/2168 4057/4700/4018
f 4049/4701/2168 4050/4707/2169 4058/4702/2167
f 4062/4704/3983 4063/4718/3966 4071/4705/4211
f 4050/4707/2169 4051/4709/4034 4059/4708/4048
f 4051/4709/4034 4052/7306/4033 4060/4710/4033
f 4053/2445/4029 4054/4694/4030 4062/4704/4028
f 4058/4702/4004 4059/4708/4006 4067/4715/4005
f 4059/4708/4006 4060/4710/4021 4068/4717/4021
f 4061/4711/4012 4062/4704/3983 4070/4706/4011
f 4054/4694/4030 4055/4695/3997 4063/4718/4032
f 4055/4695/3997 4056/4699/3998 4064/4719/4213
f 4056/4699/3998 4057/4700/4003 4065/4720/4016
f 4057/4703/4003 4058/4702/4004 4066/4716/4002
f 4063/4718/3966 4064/4719/3967 4072/4722/3965
f 4099/4723/3969 4091/4750/3938 4092/4724/3968
f 4064/4726/3967 4065/4721/3985 4073/4727/3984
f 4065/4721/3985 4066/4716/4000 4074/4729/4017
f 4087/4730/3941 4079/4742/3935 4080/4731/3940
f 4066/4716/4000 4067/4715/4001 4075/4733/3999
f 4067/4715/4001 4068/4717/4008 4076/4734/4008
f 4077/4735/3952 4069/4712/3952 4070/4706/3951
f 4082/4737/3978 4074/4729/3975 4075/4733/3977
f 4083/4738/3994 4075/4733/3977 4076/4734/4214
f 4085/4713/3987 4077/4735/3987 4078/4736/3937
f 4078/4736/3971 4070/4706/3951 4071/4705/3970
f 4079/4742/3988 4071/4705/3970 4072/4722/3964
f 4080/4743/3963 4072/4728/3964 4073/4727/3962
f 4081/4744/3976 4073/4727/3962 4074/4729/3975
f 4088/4745/3957 4080/4743/3940 4081/4744/3956
f 4126/4747/3859 4118/4763/3859 4119/4748/3858
f 4089/4746/3989 4081/4744/3956 4082/4737/3974
f 4090/4749/3973 4082/4737/3974 4083/4738/3972
f 4091/4750/3981 4083/4738/3972 4084/4739/3980
f 5441/4751/4215 5433/6072/4215 5432/4752/4215
f 4093/4714/2177 4085/4713/2177 4086/4740/4216
f 4104/4755/3961 4096/4760/3916 4097/4756/3881
f 4086/4740/3936 4078/4736/3937 4079/4742/3935
f 4101/4741/4217 4093/4714/4217 4094/4754/3946
f 4094/4754/3948 4086/4740/4216 4087/4730/3947
f 4095/4759/3960 4087/4730/3947 4088/4732/3950
f 4096/4761/4218 4088/4745/3950 4089/4746/3932
f 4097/4762/3931 4089/4746/3932 4090/4749/3930
f 4098/4764/3939 4090/4749/3930 4091/4750/3938
f 4105/4766/3880 4097/4762/3881 4098/4764/3879
f 4106/4767/4219 4098/4764/3879 4099/4723/4220
f 4107/4768/3955 4099/4723/4220 4100/4725/3954
f 4109/4765/2180 4101/4741/2180 4102/4758/2179
f 4102/4758/3945 4094/4754/3946 4095/4759/4221
f 4103/4771/3917 4095/4759/4221 4096/4760/3916
f 4118/4763/4222 4109/4765/4222 4110/4770/4223
f 4121/4772/3934 4112/4776/3886 4113/4773/3800
f 4110/4770/3933 4102/4758/2179 4103/4771/4225
f 4111/4775/3898 4103/4771/4225 4104/4755/3897
f 4112/4776/3924 4104/4755/3897 4105/4757/3910
f 4113/4777/3909 4105/4766/3910 4106/4767/3908
f 4114/4778/3915 4106/4767/3908 4107/4768/4226
f 4115/4780/4227 4107/4768/4226 4108/4769/3943
f 4122/4782/4224 4113/7307/3800 4114/4783/3798
f 4123/4784/3895 4114/4783/3798 4115/4785/4228
f 4124/4786/3928 4115/4785/4228 4116/4787/3927
f 4119/4748/3922 4110/4770/4223 4111/4775/3888
f 4120/4789/3887 4111/4775/3888 4112/4776/3886
f 4127/2424/3911 4119/4748/3858 4120/4789/4229
f 5425/4791/3720 5417/6042/3720 5416/4792/4230
f 4128/4790/3864 4120/4789/4229 4121/4772/2183
f 4129/4795/2182 4121/7308/2183 4122/4782/2181
f 4130/4796/3885 4122/4782/2181 4123/4784/4231
f 4131/4797/3890 4123/4784/4231 4124/4786/4232
f 4132/4798/4233 4124/4786/4232 4125/4788/3920
f 4134/2423/3883 4135/2425/3855 4143/4800/3882
f 4138/4801/3892 4130/4796/3869 4131/4797/3891
f 4139/4802/3903 4131/4797/3891 4132/4798/3902
f 4140/4803/3901 4132/4798/3902 4133/4799/3900
f 4135/2425/2036 4127/2424/2035 4128/4790/3820
f 4136/4805/3912 4128/4790/3820 4129/4794/4234
f 4137/4807/3870 4129/4795/4234 4130/4796/3869
f 4146/4808/3848 4147/4814/3849 4155/4809/4235
f 4135/2425/3855 4136/4805/3838 4144/4811/3854
f 4136/4805/3838 4137/4806/3839 4145/4812/3837
f 4137/4807/3839 4138/4801/2185 4146/4808/3863
f 4138/4801/2185 4139/4802/2186 4147/4814/2184
f 4139/4802/2186 4140/4803/3878 4148/4815/3893
f 4140/4803/3878 4141/4804/3877 4149/4816/3877
f 4142/4779/3873 4143/4800/3874 4151/4817/3872
f 4147/4814/3849 4148/4815/3867 4156/4818/3868
f 4148/4815/3867 4149/4816/3866 4157/4819/3866
f 4150/2427/4236 4151/4817/3831 4159/4820/3856
f 4151/4817/3831 4152/4822/3817 4160/4821/3830
f 4143/4800/3874 4144/4811/3842 4152/4822/4237
f 4144/4811/3842 4145/4812/3843 4153/4823/3841
f 4145/4813/3843 4146/4808/3848 4154/4810/3860
f 4152/4822/3817 4153/4823/3818 4161/4825/3816
f 4180/4826/2189 4181/7309/3819 4189/4827/3819
f 4153/4824/3818 4154/4810/2073 4162/4829/3836
f 4154/4810/2073 4155/4809/2074 4163/4831/2072
f 4168/4832/4238 4169/4848/3803 4177/4833/3808
f 4155/4809/2074 4156/4818/4241 4164/4835/4240
f 4156/4818/4241 4157/4819/6096 4165/4836/3852
f 4158/2428/3845 4159/4820/3846 4167/4837/3844
f 4163/4831/3792 4164/4835/3828 4172/4838/3827
f 4164/4835/3828 4165/4836/3840 4173/4842/3840
f 4166/2442/3833 4167/4837/3815 4175/4843/4243
f 4196/4844/3793 4197/4867/3796 4198/4591/3796
f 4159/4820/3846 4160/4821/4245 4168/4832/3851
f 5404/4845/3691 5403/6037/4244 5411/4846/4244
f 4160/4821/4245 4161/4825/4247 4169/4848/4246
f 1907/4592/2146 1906/2126/1629 1914/2158/1630
f 4161/4825/4247 4162/7310/3791 4170/4849/3834
f 4162/4829/3791 4163/4831/3792 4171/4839/3790
f 4169/4848/3803 4170/4849/3804 4178/4851/3802
f 4170/4850/3804 4171/4839/4249 4179/4853/3835
f 4171/4839/4249 4172/4838/3826 4180/4855/3824
f 4172/4838/3826 4173/4842/3829 4181/4856/3829
f 4174/2443/3785 4175/4843/3786 4183/4857/4250
f 2139/2156/1624 1891/2155/1623 1892/2110/2068
f 4184/4858/2157 4185/4860/2158 4193/4859/4252
f 4167/4837/3815 4168/4832/4238 4176/4834/4239
f 4182/4852/3777 4183/4857/3778 4191/4595/4253
f 4175/4843/3786 4176/4834/2174 4184/4858/4254
f 4176/4834/2174 4177/4833/2175 4185/4860/2173
f 4177/4833/2175 4178/4851/2193 4186/4861/3801
f 4178/4862/2193 4179/4865/2188 4187/4863/2192
f 4179/4865/2188 4180/4826/2189 4188/4828/2187
f 4185/4866/2158 4186/4864/2163 4194/4590/3812
f 4186/4864/2163 4187/4863/2076 4195/2407/2162
f 4187/4863/2076 4188/4828/2077 4196/4844/2075
f 4188/4828/2077 4189/4827/3795 4197/4867/3795
f 1902/2132/2155 1901/2123/2150 1909/4596/2154
f 4183/4857/3778 4184/4858/2157 4192/2417/3787
f 2037/2291/2107 2036/2290/1848 2044/2301/1849
f 3960/4877/2059 3952/4584/2058 3953/4587/4167
f 1949/2187/2130 1948/2186/1686 1956/2198/1687
f 1933/4878/2133 1932/7311/1657 1940/4879/1658
f 1909/4596/2148 1908/2145/1611 1916/2147/1613
f 1910/2136/2132 1909/4596/2148 1917/2176/2149
f 4458/3938/3392 4968/4884/4261 4469/4880/4257
f 4929/4881/4258 4205/4912/4287 4473/4882/4259
f 4201/3944/3407 4470/4886/4263 4968/4884/4261
f 4208/4885/4262 4464/4013/3478 4968/4884/4261
f 4464/4013/3478 4209/4895/4270 4469/4880/4257
f 4977/4014/3479 4464/4013/3478 4208/4885/4262
f 5014/4887/4264 4550/5073/4466 4239/4888/4265
f 4203/3952/3415 4459/7280/4269 4969/4890/4267
f 4202/3939/3393 4469/4880/4257 4969/4892/4267
f 5216/4894/3414 4962/3937/3391 4202/3939/3393
f 4209/4895/4270 4465/4971/4271 4969/4892/4267
f 4465/4896/4271 4210/4906/4281 4471/4891/4268
f 4978/4897/4272 4465/4971/4271 4209/4895/4270
f 4487/4898/4273 4211/4916/4291 4466/4899/4274
f 4460/4901/4276 4970/4904/4279 4472/4902/4277
f 4203/3952/3415 4471/4891/4268 4970/4904/4279
f 4961/3953/3416 4203/3952/3415 4460/4901/4276
f 4210/4906/4281 4466/4899/4274 4970/4904/4279
f 4466/4899/4274 4211/4916/4291 4472/4902/4277
f 4486/4907/4282 4979/4900/4275 4466/4899/4274
f 4514/4908/4283 4224/5021/4409 4492/4909/4284
f 4964/3913/3364 4205/4912/4287 4929/4881/4258
f 4205/4912/4287 4461/4914/4289 4971/4913/4288
f 4204/4903/4278 4472/4902/4277 4971/4913/4288
f 5218/4915/4290 4963/4929/4303 4204/4903/4278
f 4211/4916/4291 4467/4010/3475 4971/4913/4288
f 4518/4917/4292 4229/7312/6097 4497/4918/4293
f 4467/4010/3475 4212/4928/4302 4473/4882/4259
f 4980/4011/3476 4467/4010/3475 4211/4916/4291
f 4932/4920/4295 4374/5578/6098 4933/4921/4295
f 4455/4923/4297 4929/4881/4258 4972/4883/4260
f 4981/4925/4299 4489/4990/4366 4213/4926/4300
f 4212/4928/4302 4468/4927/4301 4972/4883/4260
f 4468/4927/4301 4213/4926/4300 4931/4924/4298
f 4963/4929/4303 5217/4905/4280 4460/4901/4276
f 5221/4930/4304 4456/4956/4334 4200/4931/4305
f 4984/4933/4307 4498/4008/3473 4220/4007/3472
f 4499/4935/4309 4219/4989/4365 4480/4936/4310
f 4488/4009/3474 4981/4925/4299 4468/4927/4301
f 4964/3913/3364 5218/4915/4290 4461/4914/4289
f 4973/4938/4312 4474/4957/6099 4199/4939/4313
f 4983/4941/4315 4484/2818/2207 4207/2817/2206
f 4928/4940/4317 4374/5578/6100 4930/4943/4317
f 4206/4944/4319 4474/4957/6101 4973/4938/4320
f 4930/4943/4322 4374/5578/6102 4932/4920/4322
f 4987/4946/4324 4502/4980/4358 4215/4947/4325
f 4934/4949/4327 4374/5578/4991 4935/4950/4328
f 4529/4002/3467 4236/4001/3466 4511/4952/4330
f 4200/4931/4305 4456/4956/4334 4974/4954/4332
f 4456/4956/4334 4199/4939/6103 4474/4957/4335
f 4965/4958/4336 4199/4939/6103 4456/4956/4334
f 4462/4942/4316 4974/4954/4332 4474/4957/4337
f 4501/4959/4339 4987/4946/4324 4476/4948/4326
f 4974/4954/4332 4462/4942/4316 4207/2817/2206
f 4490/4961/4341 4983/4941/4315 4462/4942/4316
f 4516/4962/4342 4227/5006/4386 4495/4963/4343
f 4457/4965/4345 4975/4966/4346 4470/4886/4263
f 4457/4965/4345 4200/4931/4305 4475/4955/4333
f 4966/4932/4306 4200/4931/4305 4457/4965/4345
f 4207/2817/2206 4463/4023/3487 4975/4966/4346
f 4463/4023/3487 4208/4885/4262 4470/4886/4263
f 4985/4006/3471 4500/5009/4391 4221/4968/4348
f 4486/4970/4282 4210/7313/4281 4465/4971/4271
f 4998/4972/4350 4520/5020/4408 4223/4973/4351
f 4504/4975/4353 4217/4983/4361 4478/4976/4354
f 4215/4947/4325 4477/4978/4356 4976/2816/2205
f 4477/4978/4356 4216/4981/4359 4483/4022/3486
f 4988/4979/4357 4477/4978/4356 4215/4947/4325
f 4216/4981/4359 4478/4976/4354 4977/4014/3479
f 4478/4976/4354 4217/4983/4361 4485/4012/3477
f 4989/4977/4355 4478/4976/4354 4216/4981/4359
f 4217/4983/4361 4479/4016/3481 4978/4897/4272
f 4479/4016/3481 4218/7281/4362 4486/4970/4282
f 4504/4975/4353 4990/4017/3482 4479/4016/3481
f 4218/4984/4362 4480/4936/4310 4979/4900/4275
f 4994/4985/4344 4495/7314/4343 4226/4986/4363
f 4480/4936/4310 4219/4989/4365 4487/4898/4273
f 4991/4937/4311 4480/4936/4310 4218/4984/4362
f 4219/4989/4365 4481/4934/4308 4980/4011/3476
f 4481/4934/4308 4220/4007/3472 4488/4009/3474
f 4984/4933/4307 4481/4934/4308 4219/4989/4365
f 4220/4007/3472 4482/4969/4349 4981/4925/4299
f 4482/4969/4349 4221/4968/4348 4489/4990/4366
f 4503/4982/4360 4216/4981/4359 4477/4978/4356
f 4982/4945/4367 4490/4961/6104 4206/4944/4368
f 4960/4991/4370 4374/5578/6105 4928/4940/4370
f 4214/4960/4372 4490/4961/6106 4982/4945/4373
f 4935/4950/4328 4374/5578/4991 4936/4993/4375
f 4513/4995/4377 4225/5024/4412 4493/4996/4378
f 4476/4948/4326 4983/4941/4315 4490/4961/4380
f 4983/4941/4315 4476/4948/4326 4215/4947/4325
f 4996/4919/4294 4497/4918/4293 4228/4998/4381
f 5029/5000/4383 4579/5128/4529 4255/5001/4384
f 4227/5003/4386 4496/5004/4387 4984/4933/4307
f 4496/5004/4387 4228/4998/4381 4498/4008/3473
f 4995/5005/4388 4496/7315/4387 4227/5006/4386
f 4515/4987/4364 4226/4986/4363 4494/5007/4389
f 4497/4918/4293 4985/4006/3471 4498/4008/3473
f 4497/4918/4293 4229/7312/6097 4500/5009/4391
f 4995/5010/4388 4517/4999/4382 4228/4998/4381
f 4535/5011/4392 4235/5043/4426 4510/5012/4393
f 4986/4922/4395 4501/4959/6107 4214/4960/4396
f 4222/5014/4398 4501/4959/6108 4986/4922/4399
f 4936/4993/4375 4374/5578/4991 4937/5015/4401
f 4491/4974/4352 4987/4946/4324 4501/4959/4403
f 4987/4946/4324 4491/4974/4352 4223/4973/4351
f 4519/5017/4405 4998/4972/4350 4491/4974/4352
f 4223/4973/4351 4492/4909/4284 4988/4979/4357
f 5003/3981/3446 4507/3980/3445 4231/5018/4406
f 4492/4909/4284 4224/5021/4409 4503/4982/4360
f 4999/4910/4285 4492/4909/4284 4223/4973/4351
f 4224/5021/4409 4493/4996/4378 4989/4977/4355
f 4493/4996/4378 4225/5024/4412 4504/4975/4353
f 4514/4908/4283 4992/4997/4379 4493/4996/4378
f 4528/5022/4410 4237/7316/6109 4512/5023/4411
f 4225/5024/4412 4494/5007/4389 4990/4017/3482
f 4494/5007/4389 4226/4986/4363 4505/4015/3480
f 4993/5008/4390 4494/5007/4389 4225/5024/4412
f 5011/5025/4413 4547/2811/2200 4244/2813/2202
f 4226/4986/4363 4495/7314/4343 4991/5027/4311
f 4495/5028/4343 4227/5003/4386 4499/4935/4309
f 4534/5029/4415 4234/5036/4422 4509/5030/4416
f 4232/5032/4418 4508/5033/4419 4992/4997/4379
f 4508/5033/4419 4233/5035/4421 4513/4995/4377
f 5004/5034/4420 4508/5033/4419 4232/5032/4418
f 4233/5035/4421 4509/5030/4416 4993/5008/4390
f 4993/5008/4390 4509/5030/4416 4234/5036/4422
f 5005/5031/4417 4509/5030/4416 4233/5035/4421
f 5002/5038/4424 4531/5019/4407 4231/5018/4406
f 4234/5040/4422 4510/5012/4393 4994/4964/4344
f 4510/5012/4393 4235/5043/4426 4516/4962/4342
f 5006/5013/4394 4510/5012/4393 4234/5040/4422
f 4235/5043/4426 4511/4952/4330 4995/5005/4388
f 4511/4952/4330 4236/4001/3466 4517/5044/4382
f 4535/5011/4392 5007/4953/4331 4511/4952/4330
f 4512/5023/4411 4996/5046/4294 4517/5044/4382
f 4512/5023/4411 4237/7316/6109 4518/5045/4292
f 4533/5037/4423 4233/5035/4421 4508/5033/4419
f 5011/5025/4413 4526/5026/4414 4243/5047/4427
f 4997/5049/4429 4519/5017/6110 4222/5014/4430
f 4230/5050/4432 4519/5017/6111 4997/5049/4433
f 4544/5051/4435 4240/5074/4467 4522/5052/4436
f 4937/5015/4401 4374/5578/4991 4938/5054/4438
f 4548/5056/4440 4245/5059/4445 4527/2812/2201
f 4506/5039/4425 4998/4972/6112 4519/5017/4442
f 4998/4972/4350 4506/5039/4425 4231/5018/4406
f 4530/5058/4444 5002/5038/4424 4506/5039/4425
f 4231/5018/4406 4507/3980/3445 4999/4910/4285
f 4507/3980/3445 4232/5032/4418 4514/4908/4283
f 4244/2813/2202 4527/2812/2201 5000/4000/3465
f 4245/5059/4445 4528/5022/4410 5000/4000/3465
f 4545/5060/4446 4242/5083/4474 4524/5061/4447
f 5001/4951/4449 4530/5058/6113 4230/5050/4450
f 4238/5063/4452 4530/5058/6114 5001/4951/4453
f 4938/5054/4438 4374/5578/4991 4939/5064/4455
f 4546/5048/4428 4243/5047/4427 4525/5066/4457
f 4521/4889/4266 5002/5038/6115 4530/5058/4459
f 5002/5038/4424 4521/4889/4266 4239/4888/4265
f 4549/5068/4461 5014/4887/4264 4521/4889/4266
f 5023/5069/4462 4559/3996/3461 4252/3995/3460
f 4239/4888/4265 4522/5052/4436 5003/3981/3446
f 5019/4005/3470 4537/4004/3469 4247/5071/4464
f 4522/5052/4436 4240/5074/4467 4532/3979/3444
f 5015/5053/4437 4522/5052/4436 4239/4888/4265
f 4240/5074/4467 4523/5075/4468 5004/5034/4420
f 4523/5075/4468 4241/5079/4472 4533/5037/4423
f 5008/5076/4469 4523/5075/4468 4240/5074/4467
f 5016/3994/3459 4558/5114/4509 4253/5077/4470
f 4241/5079/4472 4524/5082/4447 5005/5031/4417
f 4524/5061/4447 4242/5083/4474 4534/5042/4415
f 4543/5081/4473 5009/5096/4448 4524/5082/4447
f 4242/5083/4474 4525/5066/4457 5006/5013/4394
f 5006/5013/4394 4525/5066/4457 4243/5047/4427
f 4545/5060/4446 5010/5067/4458 4525/5066/4457
f 4576/4024/3488 4260/4026/3490 4556/5084/4475
f 4243/5047/4427 4526/5026/4414 5007/4953/4331
f 5007/4953/4331 4526/5026/4414 4244/2813/2202
f 5022/5086/4477 4565/5102/4491 4251/5087/4478
f 4564/5089/4480 4250/5101/4490 4539/5090/4481
f 4538/5092/4483 5008/5076/4469 4544/5051/4435
f 5008/5076/4469 4538/5092/4483 4249/5094/4485
f 5020/5095/4486 4538/5092/4483 4248/5093/4484
f 4249/5094/4485 4539/7317/4481 5009/5096/4448
f 4539/5090/4481 4250/5101/4490 4545/5060/4446
f 5021/5097/4482 4539/7317/4481 4249/5094/4485
f 5018/5099/4488 4561/5072/4465 4247/5071/4464
f 4540/5088/4479 5010/5067/4458 4545/5060/4446
f 4540/5088/4479 4251/5087/4478 4546/5048/4428
f 5022/5086/4477 4540/5088/4479 4250/5101/4490
f 4541/5070/4463 5011/5025/4413 4546/5048/4428
f 4541/5070/4463 4252/3995/3460 4547/2811/2200
f 5023/5069/4462 4541/5070/4463 4251/5087/4478
f 4543/5081/4473 4241/5079/4472 4523/5075/4468
f 4252/3995/3460 4542/5078/4471 5012/5057/4441
f 4253/5077/4470 4548/5056/4440 5012/5057/4441
f 4563/5098/4487 4249/5094/4485 4538/5092/4483
f 5026/5085/4476 4556/5084/4475 4259/5103/4492
f 5013/4994/4494 4549/5068/4461 4238/5063/4460
f 4246/5105/4496 4549/5068/6116 5013/4994/4497
f 4580/5106/4499 4256/5127/4528 4552/5107/4500
f 4939/5064/4455 4374/5578/4991 4940/5109/4502
f 4577/5111/4504 4261/7318/6117 4557/4025/3489
f 4536/5100/4489 5014/4887/4264 4549/5068/4506
f 5014/4887/4264 4536/5100/4489 4247/5071/4464
f 4560/5113/4508 5018/5099/4488 4536/5100/4489
f 4247/5071/4464 4537/4004/3469 5015/5053/4437
f 4537/4004/3469 4248/5093/4484 4544/5051/4435
f 4260/4026/3490 4557/4025/3489 5016/3994/3459
f 4557/4025/3489 4261/7318/6117 4558/5114/4509
f 4573/5115/4510 4258/5138/4538 4554/5116/4511
f 4588/5118/4513 4269/7319/6118 4572/5119/4514
f 5017/5016/4515 4560/5113/4508 4246/5105/4507
f 4254/5120/4517 4560/5113/6119 5017/5016/4518
f 4591/5121/4520 4264/5132/4533 4567/5122/4521
f 4575/5104/4493 4259/5103/4492 4555/5124/4523
f 4551/5002/4385 5018/5099/4488 4560/5113/4525
f 5018/5099/4488 4551/5002/4385 4255/5001/4384
f 4578/5126/4527 5029/5000/4383 4551/5002/4385
f 4255/5001/4384 4552/5107/4500 5019/4005/3470
f 5019/4005/3470 4552/5107/4500 4256/5127/4528
f 5030/5108/4501 4552/5107/4500 4255/5001/4384
f 4592/5129/4530 4265/7320/4550 4568/5130/4531
f 4256/5127/4528 4553/5133/4534 5020/5095/4486
f 5034/5131/4532 4568/5130/4531 4264/5132/4533
f 4553/5133/4534 4257/7321/4536 4563/5098/4487
f 5031/5134/4535 4553/5133/4534 4256/5127/4528
f 4257/5135/4536 4554/5116/4511 5021/5091/4482
f 4554/5116/4511 4258/5138/4538 4564/5089/4480
f 5024/5117/4512 4554/5116/4511 4257/5135/4536
f 4258/5138/4538 4555/5124/4523 5022/5086/4477
f 4555/5124/4523 4259/5103/4492 4565/5102/4491
f 5025/5125/4524 4555/5124/4523 4258/5138/4538
f 5039/5065/4539 4939/5064/6120 4270/5139/4540
f 4606/5141/4542 4277/5198/4604 4587/5142/4543
f 4556/5084/4475 5023/5069/4462 4565/5102/4491
f 4556/5084/4475 4260/4026/3490 4559/3996/3461
f 4595/3990/3455 4268/3989/3454 4571/5144/4545
f 5036/5146/4547 4594/5155/4555 4267/5147/4548
f 4265/5149/4550 4569/5150/4551 5024/5117/4512
f 4569/5150/4551 4266/5153/4553 4573/5115/4510
f 5035/5151/4552 4569/5150/4551 4265/5149/4550
f 4570/5148/4549 5025/5125/4524 4573/5115/4510
f 5025/5125/4524 4570/5148/4549 4267/5147/4548
f 4593/5154/4554 5036/5146/4547 4570/5148/4549
f 4267/5147/4548 4571/5144/4545 5026/5085/4476
f 4571/5144/4545 4268/3989/3454 4576/4024/3488
f 5037/5145/4546 4571/5144/4545 4267/5147/4548
f 5040/5156/4556 4603/5195/4601 4275/5157/4557
f 4574/5159/4537 4257/7321/4536 4553/5133/4534
f 4268/3989/3454 4572/5119/4514 5027/5112/4505
f 4572/5119/4514 4269/7319/6118 4577/5111/4504
f 4593/5154/4554 4266/5153/4553 4569/5150/4551
f 4604/5160/4559 4274/5193/4599 4584/5161/4560
f 5028/5055/4562 4578/5126/4527 4254/5120/4526
f 4262/5163/4564 4578/5126/6121 5028/5055/4565
f 4940/5109/4502 4374/5578/4991 4941/5164/4567
f 4941/5164/4567 4374/5578/4991 4942/5166/4569
f 5039/5065/4571 4590/5140/4580 4262/5163/4572
f 4610/5168/4574 4273/7322/4597 4583/5169/4575
f 4566/3993/3458 5029/5000/4383 4578/5126/4527
f 5049/5171/4577 4620/5229/4641 4280/5172/4578
f 5029/5000/4383 4566/3993/3458 4263/3992/3457
f 4590/5140/4580 5032/3991/3456 4566/3993/3458
f 4263/3992/3457 4567/5122/4521 5030/5108/4501
f 4567/5122/4521 4264/5132/4533 4580/5106/4499
f 5033/5123/4522 4567/5122/4521 4263/3992/3457
f 5051/5175/4582 4622/5209/4615 4282/5176/4583
f 4264/5132/4533 4568/5130/4531 5031/5134/4535
f 4568/5130/4531 4265/7320/4550 4574/5159/4537
f 5054/3969/3435 4625/5254/4663 4285/5178/4585
f 4609/5180/4587 4272/5187/4595 4582/5181/4588
f 4581/3984/3449 5032/3991/3456 4590/5140/4580
f 5032/3991/3456 4581/3984/3449 4271/3983/3448
f 4607/5183/4591 5044/3982/3447 4581/3984/3449
f 5050/5184/4592 4621/5191/4598 4281/5185/4593
f 4271/3983/3448 4582/5181/4588 5033/5123/4522
f 5033/5123/4522 4582/5181/4588 4272/5187/4595
f 5045/5182/4589 4582/5181/4588 4271/3983/3448
f 4272/5187/4595 4583/5169/4575 5034/5131/4532
f 4583/5169/4575 4273/7322/4597 4592/5129/4530
f 5046/5170/4576 4583/5169/4575 4272/5187/4595
f 4584/5161/4560 5035/5151/4552 4592/5152/4530
f 5051/5190/4582 4599/7323/4584 4281/5185/4593
f 4584/5161/4560 4274/5193/4599 4593/5154/4554
f 5047/5162/4561 4584/5161/4560 4273/5189/4597
f 4274/5193/4599 4585/5158/4558 5036/5146/4547
f 4585/5158/4558 4275/5157/4557 4594/5155/4555
f 5040/5156/4556 4585/5158/4558 4274/5193/4599
f 4275/5157/4557 4586/3998/3463 5037/5145/4546
f 5037/5145/4546 4586/3998/3463 4276/5194/4600
f 5041/3999/3464 4586/3998/3463 4275/5157/4557
f 5055/5165/4568 4941/5164/4567 4286/5196/4602
f 4276/5194/4600 4587/5142/4543 5038/3988/3453
f 5038/3988/3453 4587/5142/4543 4277/5198/4604
f 5048/5199/4605 4618/5228/4640 4279/5200/4606
f 4633/5202/4608 4291/5253/4662 4615/5203/4609
f 5053/5205/4611 4624/3971/3437 4284/3970/3436
f 4282/5176/4583 4600/5207/4613 5040/5156/4556
f 4600/5207/4613 4283/5212/4618 4603/5195/4601
f 5052/5208/4614 4600/5207/4613 4282/5176/4583
f 4636/5210/4616 4293/7324/6122 4617/5211/4617
f 4283/5212/4618 4601/5206/4612 5041/3999/3464
f 4601/5206/4612 4284/3970/3436 4605/3997/3462
f 5053/5205/4611 4601/5206/4612 4283/5212/4618
f 5063/5214/4620 4634/5252/4661 4290/5215/4621
f 4605/3997/3462 5042/5143/4544 4587/5142/4543
f 4284/3970/3436 4602/5179/4586 5042/5143/4544
f 4285/5178/4585 4606/5141/4542 5042/5143/4544
f 4623/5213/4619 4283/5212/4618 4600/5207/4613
f 4640/5217/4623 4289/5248/4659 4613/5218/4624
f 5043/5110/4626 4607/5183/4591 4270/5139/4590
f 4278/5220/4628 4607/5183/6123 5043/5110/4503
f 4942/5166/4569 4374/5578/4991 4943/5221/4629
f 4943/5221/4629 4374/5578/4991 4944/5223/4631
f 5055/5165/4633 4619/5197/4639 4278/5220/4634
f 4596/5201/4607 5044/3982/3447 4607/5183/4591
f 4648/5225/4636 4296/5298/4704 4627/5226/4637
f 5044/3982/3447 4596/5201/4607 4279/5200/4606
f 4619/5197/4639 5048/5199/4605 4596/5201/4607
f 4279/5200/4606 4597/5173/4579 5045/5182/4589
f 4597/5173/4579 4280/5172/4578 4609/5180/4587
f 5049/5171/4577 4597/5173/4579 4279/5200/4606
f 4280/5172/4578 4598/5186/4594 5046/5170/4576
f 4598/5186/4594 4281/5185/4593 4610/5168/4574
f 5050/5184/4592 4598/5186/4594 4280/5172/4578
f 5066/5230/4642 4651/5270/4676 4298/5231/4643
f 4281/5185/4593 4599/7323/4584 5047/5233/4561
f 4599/5177/4584 4282/5176/4583 4604/5160/4559
f 4654/5234/4645 4301/5284/4687 4632/3956/3422
f 4639/5236/4647 4288/5246/4658 4612/5237/4648
f 4611/5239/4650 5048/5199/4605 4619/5197/4639
f 5048/5199/4605 4611/5239/4650 4287/5240/4652
f 4637/5241/4653 5060/5255/4664 4611/5239/4650
f 5065/5242/4654 4650/5250/4660 4297/5243/4655
f 4287/5240/4652 4612/5237/4648 5049/5171/4577
f 4612/5237/4648 4288/5246/4658 4620/5229/4641
f 5061/5238/4649 4612/5237/4648 4287/5240/4652
f 4613/5218/4624 5050/5184/4592 4620/5229/4641
f 4613/5218/4624 4289/5248/4659 4621/5191/4598
f 5062/5219/4625 4613/5218/4624 4288/5246/4658
f 4614/5247/4622 5051/5190/4582 4621/5191/4598
f 5066/5249/4642 4629/7325/4644 4297/5243/4655
f 4614/5216/4622 4290/5215/4621 4622/5209/4615
f 5063/5251/4620 4614/5247/4622 4289/5248/4659
f 4290/5215/4621 4615/5203/4609 5052/5208/4614
f 4615/5203/4609 4291/5253/4662 4623/5213/4619
f 5056/5204/4610 4615/5203/4609 4290/5215/4621
f 4616/3967/3433 5053/5205/4611 4623/5213/4619
f 5053/5205/4611 4616/3967/3433 4292/3961/3427
f 5057/3968/3434 4616/3967/3433 4291/5253/4662
f 4292/3961/3427 4617/5211/4617 5054/3969/3435
f 4617/5211/4617 4293/7324/6122 4625/5254/4663
f 5060/5255/4664 4638/5245/4657 4287/5240/4652
f 5071/5256/4665 4649/5297/4703 4295/5257/4666
f 4663/3947/3410 4308/3946/3409 4646/5259/4668
f 4944/5223/4631 4374/5578/4991 4945/5261/4670
f 4653/3955/3421 4300/3957/3423 4631/5263/4672
f 4298/5231/4643 4630/5267/4674 5056/5265/4610
f 4630/5267/4674 4299/5273/4679 4633/5268/4608
f 5067/5269/4675 4630/5267/4674 4298/5231/4643
f 5073/3945/3408 4665/5344/4750 4309/5271/4677
f 4299/5273/4679 4631/5263/4672 5057/5274/3434
f 4684/5275/4680 4317/7326/6124 4662/5276/4681
f 4631/5263/4672 4300/3957/3423 4635/5278/3428
f 5068/5264/4673 4631/5263/4672 4299/5273/4679
f 4664/5280/4684 4307/5320/4723 4645/5281/4685
f 4300/3957/3423 4632/3956/3422 5058/5283/3426
f 4301/5284/4687 4636/7327/4616 5058/5283/3426
f 4652/5279/4683 4299/5273/4679 4630/5267/4674
f 5075/5285/4688 4667/5311/4716 4303/5286/4689
f 5078/5288/4691 4670/5319/4722 4306/5289/4692
f 5059/5167/4694 4637/5241/4653 4286/5196/4651
f 4294/5291/4696 4637/5241/6125 5059/5167/4570
f 4945/5261/4670 4374/5578/4991 4946/5292/4697
f 4626/5258/4667 5060/5255/4664 4637/5241/4653
f 4666/5294/4700 5075/5285/4688 4641/5287/4690
f 5060/5255/4664 4626/5258/4667 4295/5257/4666
f 4655/5296/4702 5071/5256/4665 4626/5258/4667
f 4295/5257/4666 4627/5226/4637 5061/5238/4649
f 4627/5226/4637 4296/5298/4704 4639/5236/4647
f 5064/5227/4638 4627/5226/4637 4295/5257/4666
f 4628/5244/4656 5062/5219/4625 4639/5236/4647
f 4628/5244/4656 4297/5243/4655 4640/5217/4623
f 5065/5242/4654 4628/5244/4656 4296/5298/4704
f 4682/5299/4705 4315/5337/4743 4660/5300/4706
f 4297/5243/4655 4629/7325/4644 5063/5251/4620
f 4629/5232/4644 4298/5231/4643 4634/5266/4661
f 5087/5303/4708 4679/5360/4769 4311/5304/4709
f 4669/5306/4711 4305/7328/4719 4643/5307/4712
f 4303/5286/4689 4642/5309/4714 5064/5227/4638
f 4642/5309/4714 4304/5312/4717 4648/5225/4636
f 5076/5310/4715 4642/5309/4714 4303/5286/4689
f 4304/5312/4717 4643/5307/4712 5065/5242/4654
f 4643/5307/4712 4305/7328/4719 4650/5250/4660
f 5077/5308/4713 4643/5307/4712 4304/5312/4717
f 4305/5314/4719 4644/5290/4693 5066/5230/4642
f 4644/5290/4693 4306/5289/4692 4651/5270/4676
f 5078/5288/4691 4644/5290/4693 4305/5314/4719
f 4306/5289/4692 4645/5281/4685 5067/5269/4675
f 5083/5301/4707 4660/5300/4706 4314/5317/4720
f 4645/5281/4685 4307/5320/4723 4652/5279/4683
f 5079/5282/4686 4645/5281/4685 4306/5289/4692
f 4307/5320/4723 4646/5259/4668 5068/5264/4673
f 4646/5259/4668 4308/3946/3409 4653/3955/3421
f 5072/5260/4669 4646/5259/4668 4307/5320/4723
f 4647/5272/4678 5069/5235/4646 4653/3955/3421
f 4309/5271/4677 4654/5234/4645 5069/5235/4646
f 4668/5313/4718 4304/5312/4717 4642/5309/4714
f 5070/5222/4724 4655/5296/4702 4294/5291/4699
f 4694/5321/4726 4323/5386/4792 4675/5322/4727
f 4302/5295/4729 4655/5296/6126 5070/5222/4630
f 5080/5324/4730 4678/5361/4770 4312/5325/4731
f 4946/5292/4697 4374/5578/4991 4947/5327/4733
f 5081/5329/4735 4680/5379/4773 4313/5330/4736
f 4641/5287/4690 5071/5256/4665 4655/5296/4702
f 5071/5256/4665 4641/5287/4690 4303/5286/4689
f 4683/5332/4738 5085/5277/4682 4662/5276/4681
f 5117/5334/4740 4744/5461/4877 4343/5335/4741
f 4315/5337/4743 4661/5345/4751 5072/5260/4669
f 4713/5338/4744 4333/5404/4812 4692/5339/4745
f 5072/5260/4669 4661/5345/4751 4316/5333/4739
f 5084/5341/4747 4661/5345/4751 4315/5337/4743
f 4681/5318/4721 4314/5317/4720 4659/5342/4748
f 4316/5333/4739 4662/5276/4681 5073/3945/3408
f 4662/5276/4681 4317/7326/6124 4665/5344/4750
f 4683/5332/4738 4316/5333/4739 4661/5345/4751
f 5091/5346/4752 4697/5377/4785 4319/5347/4753
f 5094/5349/4755 4700/5385/4791 4322/5350/4756
f 5074/5224/4758 4666/5294/4700 4302/5295/4701
f 4310/5352/4760 4666/5294/6127 5074/5224/4632
f 4947/5327/4733 4374/5578/4991 4948/5353/4761
f 4656/5305/4710 5075/5285/4688 4666/5294/4700
f 4696/5355/4764 5091/5346/4752 4671/5348/4754
f 5075/5285/4688 4656/5305/4710 4311/5304/4709
f 4685/5357/4766 5087/5303/4708 4656/5305/4710
f 5088/5358/4767 4693/3942/3402 4324/3941/3401
f 4311/5304/4709 4657/5326/4732 5076/5310/4715
f 4657/5326/4732 4312/5325/4731 4668/5313/4718
f 5080/5324/4730 4657/5326/4732 4311/5304/4709
f 4312/5325/4731 4658/5331/4737 5077/5308/4713
f 5077/5308/4713 4658/5331/4737 4313/5330/4736
f 5081/5329/4735 4658/5331/4737 4312/5325/4731
f 4695/5362/4771 4325/5387/4793 4677/5363/4772
f 4313/5364/4736 4659/5342/4748 5078/5288/4691
f 4659/5342/4748 4314/5317/4720 4670/5319/4722
f 5082/5343/4749 4659/5342/4748 4313/5364/4736
f 5098/5366/4774 4711/5401/4809 4331/5367/4775
f 4314/5317/4720 4660/5300/4706 5079/5282/4686
f 4660/5300/4706 4315/5337/4743 4664/5280/4684
f 5102/5369/4777 4715/5415/4827 4327/5370/4778
f 4699/5372/4780 4321/7329/4788 4673/5373/4781
f 4672/5375/4783 5080/5324/4730 4679/5360/4769
f 4672/5375/4783 4320/5378/4786 4678/5361/4770
f 5092/5376/4784 4672/5375/4783 4319/5347/4753
f 4320/5378/4786 4673/5373/4781 5081/5329/4735
f 4673/5373/4781 4321/7329/4788 4680/5379/4773
f 5093/5374/4782 4673/5373/4781 4320/5378/4786
f 4321/5381/4788 4674/5351/4757 5082/5343/4749
f 4674/5351/4757 4322/5350/4756 4681/5318/4721
f 5094/5349/4755 4674/5351/4757 4321/5381/4788
f 4675/5322/4727 5083/5301/4707 4681/5318/4721
f 5098/5366/4774 4690/5368/4776 4330/5383/4789
f 4675/5322/4727 4323/5386/4792 4682/5299/4705
f 5095/5323/4728 4675/5322/4727 4322/5350/4756
f 4323/5386/4792 4676/5359/4768 5084/5341/4747
f 4676/5359/4768 4324/3941/3401 4683/5332/4738
f 5088/5358/4767 4676/5359/4768 4323/5386/4792
f 4324/3941/3401 4677/5363/4772 5085/5277/4682
f 4325/5387/4793 4684/5275/4680 5085/5277/4682
f 5092/5376/4784 4698/5380/4787 4320/5378/4786
f 5086/5262/4794 4685/5357/4766 4310/5352/4763
f 4724/3950/3413 4340/3949/3412 4706/5388/4796
f 4318/5356/4765 4685/5357/4766 5086/5262/4671
f 4709/5390/4798 4328/5416/4828 4687/5391/4799
f 4948/5353/4761 4374/5578/4991 4949/5393/4801
f 4708/5395/4803 4329/7330/4831 4688/5396/4804
f 4671/5348/4754 5087/5303/4708 4685/5357/4766
f 5087/5303/4708 4671/5348/4754 4319/5347/4753
f 4712/5398/4806 5100/5340/4746 4692/5339/4745
f 4331/5367/4775 4691/5405/4813 5088/5358/4767
f 5088/5358/4767 4691/5405/4813 4332/5399/4807
f 5099/5400/4808 4691/5405/4813 4331/5367/4775
f 4710/5384/4790 4330/5383/4789 4689/5402/4810
f 4332/5399/4807 4692/5339/4745 5089/3940/3400
f 4333/5404/4812 4695/5362/4771 5089/3940/3400
f 4712/5398/4806 4332/5399/4807 4691/5405/4813
f 4730/5406/4814 4339/5434/4845 4705/5407/4815
f 5090/5293/4817 4696/5355/4764 4318/5356/4765
f 4326/5409/4819 4696/5355/4764 5090/5293/4820
f 4949/5393/4801 4374/5578/4991 4950/5410/4822
f 4686/5371/4779 5091/5346/4752 4696/5355/4764
f 5091/5346/4752 4686/5371/4779 4327/5370/4778
f 4714/5412/4824 5102/5369/4777 4686/5371/4779
f 4687/5391/4799 5092/5376/4784 4697/5377/4785
f 5107/3987/3452 4702/3986/3451 4335/5413/4825
f 4687/5391/4799 4328/5416/4828 4698/5380/4787
f 5103/5392/4800 4687/5391/4799 4327/5370/4778
f 4328/5416/4828 4688/5396/4804 5093/5374/4782
f 4688/5396/4804 4329/7330/4831 4699/5372/4780
f 5096/5397/4805 4688/5396/4804 4328/5416/4828
f 4723/5417/4829 4341/5435/4846 4707/5418/4830
f 4329/5419/4831 4689/5402/4810 5094/5349/4755
f 4689/5402/4810 4330/5383/4789 4700/5385/4791
f 5097/5403/4811 4689/5402/4810 4329/5419/4831
f 5114/5421/4832 4741/3977/3443 4348/3976/3442
f 4690/5368/4776 5095/5323/4728 4700/5385/4791
f 4690/5368/4776 4331/5367/4775 4694/5321/4726
f 4729/5423/4834 4338/5433/4844 4704/5424/4835
f 4336/5426/4837 4703/5427/4838 5096/5397/4805
f 4703/5427/4838 4337/7331/4840 4708/5395/4803
f 5108/5428/4839 4703/5427/4838 4336/5426/4837
f 4337/5429/4840 4704/5424/4835 5097/5403/4811
f 4704/5424/4835 4338/5433/4844 4710/5384/4790
f 5109/5425/4836 4704/5424/4835 4337/5429/4840
f 5106/5431/4842 4726/5414/4826 4335/5413/4825
f 4338/5433/4844 4705/5407/4815 5098/5366/4774
f 4705/5407/4815 4339/5434/4845 4711/5401/4809
f 5110/5408/4816 4705/5407/4815 4338/5433/4844
f 4706/5388/4796 5099/5400/4808 4711/5401/4809
f 4706/5388/4796 4340/3949/3412 4712/5398/4806
f 5111/5389/4797 4706/5388/4796 4339/5434/4845
f 4340/3949/3412 4707/5418/4830 5100/5340/4746
f 4341/5435/4846 4713/5338/4744 5100/5340/4746
f 4728/5436/4841 4337/7331/4840 4703/5427/4838
f 5114/5421/4832 4721/5422/4833 4347/5437/4847
f 5101/5328/4849 4714/5412/4824 4326/5409/4819
f 4334/5439/4851 4714/5412/4824 5101/5328/4852
f 4745/5440/4854 4344/5465/4881 4717/5441/4855
f 4950/5410/4822 4374/5578/4991 4951/5443/4857
f 4742/5445/4859 4349/5448/4862 4722/5446/4860
f 4701/5432/4843 5102/5369/4777 4714/5412/4824
f 5102/5369/4777 4701/5432/4843 4335/5413/4825
f 4725/5447/4861 5106/5431/4842 4701/5432/4843
f 4335/5413/4825 4702/3986/3451 5103/5392/4800
f 5103/5392/4800 4702/3986/3451 4336/5426/4837
f 4348/3976/3442 4722/5446/4860 5104/3948/3411
f 4349/5448/4862 4723/5417/4829 5104/3948/3411
f 4738/5449/4863 4346/5473/4887 4719/5450/4864
f 4754/5452/4866 4357/7332/4902 4737/3920/3373
f 5105/5354/4762 4725/5447/4861 4334/5439/4851
f 4342/5454/4868 4725/5447/4861 5105/5354/4869
f 4756/5455/4871 4352/5466/4882 4732/5456/4872
f 4740/5438/4848 4347/5437/4847 4720/5458/4874
f 4716/5336/4742 5106/5431/4842 4725/5447/4861
f 5106/5431/4842 4716/5336/4742 4343/5335/4741
f 4743/5460/4876 5117/5334/4740 4716/5336/4742
f 4343/5335/4741 4717/5441/4855 5107/3987/3452
f 4717/5441/4855 4344/5465/4881 4727/3985/3450
f 5118/5442/4856 4717/5441/4855 4343/5335/4741
f 4757/5462/4878 4353/5482/4896 4733/5463/4879
f 4344/5465/4881 4718/5467/4883 5108/5428/4839
f 5123/5464/4880 4733/5463/4879 4352/5466/4882
f 4718/5467/4883 4345/5469/4885 4728/5436/4841
f 5119/5468/4884 4718/5467/4883 4344/5465/4881
f 4345/5469/4885 4719/7333/4864 5109/5470/4836
f 4719/5450/4864 4346/5473/4887 4729/5423/4834
f 5112/5471/4865 4719/7333/4864 4345/5469/4885
f 4346/5473/4887 4720/5458/4874 5110/5408/4816
f 4720/5458/4874 4347/5437/4847 4730/5406/4814
f 5113/5459/4875 4720/5458/4874 4346/5473/4887
f 5131/5474/4888 4772/5559/4968 4365/5475/4889
f 4347/5437/4847 4721/5422/4833 5111/5389/4797
f 4721/5422/4833 4348/3976/3442 4724/3950/3413
f 4760/3919/3372 4356/3921/3374 4736/5477/4891
f 5125/5479/4893 4759/5491/4901 4355/5480/4894
f 4353/5482/4896 4734/7334/4897 5112/5471/4865
f 4734/5483/4897 4354/5485/4899 4738/5449/4863
f 5124/5484/4898 4734/7334/4897 4353/5482/4896
f 4354/5485/4899 4735/5486/4895 5113/5459/4875
f 4735/5486/4895 4355/5490/4894 4740/5438/4848
f 5125/5479/4893 4735/5481/4895 4354/5487/4899
f 4736/5489/4891 5114/5421/4832 4740/5438/4848
f 4736/5489/4891 4356/5492/3374 4741/3977/3443
f 5126/5478/4892 4736/5477/4891 4355/5480/4894
f 4739/5472/4886 4345/5469/4885 4718/5467/4883
f 4356/5492/3374 4737/5494/3373 5115/3975/3441
f 4357/5493/4902 4742/5445/4859 5115/3975/3441
f 4758/5488/4900 4354/5487/4899 4734/5495/4897
f 4768/5497/4903 4362/5537/4949 4749/5498/4904
f 5116/5394/4802 4743/5460/6128 4342/5454/4906
f 5141/5500/4907 4791/3906/3354 4372/3905/3353
f 4350/5502/4909 4743/5460/4876 5116/5394/4910
f 4775/5503/4912 4360/5530/4942 4747/5504/4913
f 4769/5506/4915 4361/5536/4948 4748/5507/4916
f 4731/3928/3383 5117/5334/4740 4743/5460/4876
f 5117/5334/4740 4731/3928/3383 4351/3927/3382
f 4753/5509/4918 5121/3926/3381 4731/3928/3383
f 4351/3927/3382 4732/5456/4872 5118/5442/4856
f 4732/5456/4872 4352/5466/4882 4745/5440/4854
f 4755/5510/4919 5122/5457/4873 4732/5456/4872
f 4784/5511/4920 4373/7335/6129 4767/5512/4921
f 4352/5466/4882 4733/5463/4879 5119/5468/4884
f 4733/5463/4879 4353/5482/4896 4739/5472/4886
f 4771/5513/4922 4364/5523/4935 4751/5514/4923
f 5120/5411/4823 4753/5509/6130 4350/5502/4925
f 5150/5516/4926 4806/5630/5002 4378/5517/4927
f 4358/5519/4929 4753/5509/4918 5120/5411/4930
f 4787/5520/4932 4368/5533/4945 4762/5521/4933
f 5131/5474/4888 4752/5476/4890 4364/5523/4935
f 4770/5524/4936 4363/5539/4950 4750/5525/4937
f 4746/5527/4939 5121/3926/3381 4753/5509/4918
f 5121/3926/3381 4746/5527/4939 4359/5528/4940
f 4773/5529/4941 5133/5545/4956 4746/5527/4939
f 4359/5528/4940 4747/5504/4913 5122/5457/4873
f 5122/5457/4873 4747/5504/4913 4360/5530/4942
f 5134/5505/4914 4747/5504/4913 4359/5528/4940
f 4360/5530/4942 4748/5507/4916 5123/5464/4880
f 5138/5532/4944 4763/5535/4947 4368/5533/4945
f 4748/5507/4916 4361/5536/4948 4757/5462/4878
f 5135/5508/4917 4748/5507/4916 4360/5530/4942
f 4788/5534/4946 4369/5549/4960 4763/5535/4947
f 4361/5536/4948 4749/7336/4904 5124/5484/4898
f 5124/5496/4898 4749/5498/4904 4362/5537/4949
f 5128/5538/4905 4749/7336/4904 4361/5536/4948
f 4362/5537/4949 4750/5525/4937 5125/5479/4893
f 4750/5525/4937 4363/5539/4950 4759/5491/4901
f 5129/5526/4938 4750/5525/4937 4362/5537/4949
f 4363/5539/4950 4751/5514/4923 5126/5478/4892
f 4751/5514/4923 4364/5523/4935 4760/3919/3372
f 5130/5515/4924 4751/5514/4923 4363/5539/4950
f 5158/3892/3340 4821/5653/5069 4390/5540/4951
f 5146/5542/4953 4802/5619/5033 4382/5543/4954
f 4364/5523/4935 4752/5476/4890 5127/5453/4867
f 4752/5476/4890 4365/5475/4889 4754/5452/4866
f 5133/5545/4956 4774/5531/4943 4359/5528/4940
f 4790/5546/4957 4371/5555/4964 4765/5547/4958
f 4369/5549/4960 4764/7337/4969 5128/5538/4905
f 5128/5499/4905 4764/5560/4969 4370/5550/4961
f 5139/5551/4962 4764/5560/4969 4369/5552/4960
f 4370/5550/4961 4765/5547/4958 5129/5526/4938
f 4765/5547/4958 4371/5555/4964 4770/5524/4936
f 5140/5548/4959 4765/5547/4958 4370/5550/4961
f 4371/5555/4964 4766/5501/4908 5130/5515/4924
f 4766/5501/4908 4372/3905/3353 4771/5513/4922
f 4790/5546/4957 5141/5500/4907 4766/5501/4908
f 5144/5556/4965 4799/5593/5005 4380/5557/4966
f 4372/3905/3353 4767/5512/4921 5131/5474/4888
f 4767/5512/4921 4373/7335/6129 4772/5559/4968
f 4789/5554/4963 4370/5550/4961 4764/5560/4969
f 4800/5561/4970 4379/5588/5001 4780/5562/4971
f 5132/5444/4858 4773/5529/6131 4358/5519/4973
f 4366/5564/4974 4773/5529/4941 5132/5444/4975
f 5143/5565/4977 4786/5569/6132 4366/5564/4978
f 4761/3912/3360 5133/5545/4956 4773/5529/4941
f 4954/5566/4979 4374/5578/4991 4955/5567/4980
f 5133/5545/4956 4761/3912/3360 4367/3911/3359
f 4786/5569/4982 5136/3910/3358 4761/3912/3360
f 4367/3911/3359 4762/5521/4933 5134/5505/4914
f 4762/5521/4933 4368/5533/4945 4775/5503/4912
f 5137/5522/4934 4762/5521/4933 4367/3911/3359
f 4829/5571/4984 4396/5652/5068 4811/5572/4985
f 4818/5574/4987 4387/5606/5020 4795/5575/4988
f 4952/5577/4990 5147/3887/3335 4776/3889/3337
f 4368/5533/4945 4763/5535/4947 5135/5508/4917
f 4763/5535/4947 4369/5549/4960 4769/5506/4915
f 4805/5579/4992 4377/5584/4998 4778/5580/4993
f 4777/3974/3440 5136/3910/3358 4786/5569/4982
f 5136/3910/3358 4777/3974/3440 4376/3973/3439
f 4803/5582/4996 5148/3972/3438 4777/3974/3440
f 4778/5580/4993 5137/5522/4934 4785/5570/4983
f 4778/5580/4993 4377/5584/4998 4787/5520/4932
f 5149/5581/4994 4778/5580/4993 4376/3973/3439
f 4377/5584/4998 4779/5518/4928 5138/5532/4944
f 5138/5532/4944 4779/5518/4928 4378/5517/4927
f 5150/5516/4926 4779/5518/4928 4377/5584/4998
f 4378/5585/4927 4780/5562/4971 5139/5551/4962
f 4817/5586/4999 5155/5576/4989 4795/5575/4988
f 5139/5551/4962 4780/5562/4971 4379/5588/5001
f 5151/5563/4972 4780/5562/4971 4378/5585/4927
f 4781/5558/4967 5140/5548/4959 4789/5554/4963
f 4817/5590/4999 4386/7338/5000 4794/5591/5003
f 4781/5558/4967 4380/5557/4966 4790/5546/4957
f 5144/5556/4965 4781/5558/4967 4379/5588/5001
f 4380/5557/4966 4782/3902/3350 5141/5500/4907
f 4782/3902/3350 4381/3901/3349 4791/3906/3354
f 4799/5593/5005 5145/3900/3348 4782/3902/3350
f 5159/5594/5006 4953/5603/6133 4391/5595/5007
f 4381/3901/3349 4783/5544/4955 5142/3904/3352
f 5142/3904/3352 4783/5544/4955 4382/5543/4954
f 4816/5597/5009 4385/5629/5048 4793/5598/5010
f 5152/5600/5012 4814/5628/5047 4384/5601/5013
f 4776/3889/3337 5143/5565/4977 4951/5443/4857
f 4952/5577/4990 4374/5578/4991 4953/5603/5015
f 5143/5565/5017 4776/3889/6134 4375/3888/4995
f 4820/3894/3342 4389/3893/3341 4797/5604/5018
f 4387/5606/5020 4796/5620/5034 5144/5556/4965
f 5144/5556/4965 4796/5620/5034 4388/5607/5021
f 5156/5608/5022 4796/5620/5034 4387/5606/5020
f 5162/5609/5023 4832/7339/6135 4398/5610/5024
f 4388/5607/5021 4797/5604/5018 5145/3900/3348
f 4797/5604/5018 4389/3893/3341 4801/5611/5025
f 4819/5612/5026 5157/5605/5019 4797/5604/5018
f 4836/5613/5027 4394/7340/5065 4809/5614/5028
f 5146/5542/4953 4783/5544/4955 4381/3901/3349
f 4830/5616/5030 4395/5651/5067 4810/5617/5031
f 4798/5541/4952 5146/5542/4953 4801/5611/5025
f 4798/5541/4952 4390/5540/4951 4802/5619/5033
f 4819/5612/5026 4388/5607/5021 4796/5620/5034
f 4383/5621/5035 4803/5582/4996 5147/3887/5036
f 4953/5603/5015 4374/5578/4991 4954/5566/4979
f 4955/5567/4980 4374/5578/4991 4956/5623/5039
f 5159/5594/5041 4815/5596/6136 4383/5621/5042
f 4792/5602/5014 5148/3972/3438 4803/5582/4996
f 4844/5625/5044 4401/5694/5115 4823/5626/5045
f 5148/3972/3438 4792/5602/5014 4384/5601/5013
f 4815/5596/5008 5152/5600/5012 4792/5602/5014
f 4384/5601/5013 4793/5598/5010 5149/5581/4994
f 4793/5598/5010 4385/5629/5048 4805/5579/4992
f 5153/5599/5011 4793/5598/5010 4384/5601/5013
f 4385/5629/5048 4794/5591/5003 5150/5516/4926
f 4794/5591/5003 4386/7338/5000 4806/5630/5002
f 5154/5592/5004 4794/5591/5003 4385/5629/5048
f 4847/5631/5049 4403/5667/5083 4825/5632/5050
f 4386/5587/5000 4795/5575/4988 5151/5563/4972
f 4795/5575/4988 4387/5606/5020 4800/5561/4970
f 4850/5634/5052 4406/5679/5095 4828/5635/5053
f 5165/5636/5054 4835/5646/5064 4393/5637/5055
f 4807/5639/5057 5152/5600/5012 4815/5596/5008
f 5152/5600/5012 4807/5639/5057 4392/5640/5058
f 4833/5641/5059 5164/5654/5070 4807/5639/5057
f 4846/5642/5060 4402/5649/5066 4824/5643/5061
f 4392/5640/5058 4808/5638/5056 5153/5599/5011
f 4808/5638/5056 4393/5637/5055 4816/5597/5009
f 5165/5636/5054 4808/5638/5056 4392/5640/5058
f 4393/5637/5055 4809/5614/5028 5154/5592/5004
f 4809/5614/5028 4394/7340/5065 4817/5590/4999
f 5166/5615/5029 4809/5614/5028 4393/5637/5055
f 4394/5647/5065 4810/5617/5031 5155/5576/4989
f 5170/5648/5051 4825/5698/5050 4402/5649/5066
f 4810/5617/5031 4395/5651/5067 4818/5574/4987
f 5167/5618/5032 4810/5617/5031 4394/5647/5065
f 4811/5572/4985 5156/5608/5022 4818/5574/4987
f 4811/5572/4985 4396/5652/5068 4819/5612/5026
f 4830/5616/5030 5160/5573/4986 4811/5572/4985
f 4396/5652/5068 4812/3890/3338 5157/5605/5019
f 4812/3890/3338 4397/3881/3329 4820/3894/3342
f 4829/5571/4984 5161/3891/3339 4812/3890/3338
f 4813/3880/3328 5158/3892/3340 4820/3894/3342
f 4813/3880/3328 4398/5610/5024 4821/5653/5069
f 5164/5654/5070 4834/5645/5063 4392/5640/5058
f 5175/5655/5071 4845/5693/5114 4400/5656/5072
f 5176/5658/5074 4859/3861/3310 4413/3863/3312
f 4956/5623/5039 4374/5578/4991 4957/5660/5076
f 5206/5662/5078 4911/5797/5235 4432/5663/5079
f 4849/3870/3318 4405/3869/3317 4827/5665/5081
f 4403/5667/5083 4826/5680/5096 5160/5573/4986
f 5160/5573/4986 4826/5680/5096 4404/5668/5084
f 5171/5669/5085 4826/5680/5096 4403/5667/5083
f 4861/5670/5086 4414/7341/6137 4843/3862/3311
f 4404/5668/5084 4827/5665/5081 5161/3891/3339
f 5188/5672/5088 4879/5773/5195 4422/5673/5089
f 4827/5665/5081 4405/3869/3317 4831/3879/3327
f 5172/5666/5082 4827/5665/5081 4404/5668/5084
f 4860/5676/5092 4412/5715/5133 4841/5677/5093
f 4828/5635/5053 5162/5609/5023 4831/3879/3327
f 4406/5679/5095 4832/7339/6135 5162/5609/5023
f 4848/5675/5091 4404/5668/5084 4826/5680/5096
f 5179/5681/5097 4863/5707/5127 4408/5682/5098
f 5182/5684/5100 4866/5754/5134 4411/5685/5101
f 5163/5622/5103 4833/5641/6138 4391/5595/5104
f 4399/5687/5106 4833/5641/5059 5163/5622/5107
f 4957/5660/5076 4374/5578/4991 4958/5688/5109
f 4822/5657/5073 5164/5654/5070 4833/5641/5059
f 4862/5690/5111 5179/5681/5097 4837/5683/5099
f 5164/5654/5070 4822/5657/5073 4400/5656/5072
f 4851/5692/5113 5175/5655/5071 4822/5657/5073
f 4400/5656/5072 4823/5626/5045 5165/5636/5054
f 4823/5626/5045 4401/5694/5115 4835/5646/5064
f 5168/5627/5046 4823/5626/5045 4400/5656/5072
f 4401/5694/5115 4824/5643/5061 5166/5615/5029
f 4824/5643/5061 4402/5649/5066 4836/5613/5027
f 5169/5644/5062 4824/5643/5061 4401/5694/5115
f 4877/5695/5116 4420/5734/5156 4856/5696/5117
f 4825/5698/5050 5167/7342/5032 4836/5613/5027
f 4825/5632/5050 4403/5667/5083 4830/5616/5030
f 5190/5699/5119 4881/5749/5175 4416/5700/5120
f 5181/5702/5122 4865/5711/5130 4410/5703/5123
f 4408/5682/5098 4838/5705/5125 5168/5627/5046
f 4838/5705/5125 4409/5708/5128 4844/5625/5044
f 5180/5706/5126 4838/5705/5125 4408/5682/5098
f 4409/5708/5128 4839/5704/5124 5169/5644/5062
f 4839/5704/5124 4410/5703/5123 4846/5642/5060
f 5181/5702/5122 4839/5704/5124 4409/5708/5128
f 4410/5703/5123 4840/5686/5102 5170/5648/5051
f 4840/5710/5102 4411/5712/5101 4847/5631/5049
f 5182/5684/5100 4840/5686/5102 4410/5703/5123
f 4411/5712/5101 4841/5677/5093 5171/5669/5085
f 5186/5697/5118 4856/5696/5117 4419/5713/5131
f 5171/5669/5085 4841/5677/5093 4412/5715/5133
f 5183/5678/5094 4841/5677/5093 4411/5712/5101
f 4412/5715/5133 4842/5659/5075 5172/5666/5082
f 5172/5666/5082 4842/5659/5075 4413/3863/3312
f 5176/5658/5074 4842/5659/5075 4412/5715/5133
f 4413/3863/3312 4843/3862/3311 5173/3868/3316
f 4843/3862/3311 4414/7341/6137 4850/5634/5052
f 4864/5709/5129 4409/5708/5128 4838/5705/5125
f 5174/5568/5135 4851/5692/6139 4399/5687/5136
f 4890/3882/3330 4429/3884/3332 4872/5717/5138
f 4407/5691/5112 4851/5692/5150 5174/5568/5140
f 4875/5719/5142 4417/5750/5176 4853/5720/5143
f 4958/5688/5145 4374/5578/6140 4959/5722/5145
f 4874/5724/5147 4418/5753/5179 4854/5725/5148
f 4837/5683/5099 5175/5655/5071 4851/5692/5150
f 5175/5655/5071 4837/5683/5099 4408/5682/5098
f 5188/5672/5088 4858/5674/5090 4421/5727/5151
f 5221/4930/4304 4966/4932/4306 4448/5729/5153
f 4857/5731/5155 5176/5658/5074 4860/5676/5092
f 4857/5731/5155 4421/5738/5151 4859/3861/3310
f 5187/5733/5157 4857/5740/5155 4420/5734/5156
f 4876/5735/5132 4419/7343/5131 4855/5736/5158
f 4421/5738/5151 4858/5739/5090 5177/5671/5087
f 4858/5739/5090 4422/7344/5089 4861/5670/5086
f 5187/5733/5157 4878/5728/5152 4421/5727/5151
f 4896/5741/5160 4428/5772/5194 4871/5742/5161
f 5178/5624/5163 4862/5690/6141 4407/5691/5164
f 4415/5744/5166 4862/5690/5171 5178/5624/5167
f 4959/5722/5169 4374/5578/6142 4960/4991/5169
f 4852/5701/5121 5179/5681/5097 4862/5690/5171
f 5179/5681/5097 4852/5701/5121 4416/5700/5120
f 4880/5746/5172 5190/5699/6143 4852/5701/5121
f 4416/5700/5120 4853/5720/5143 5180/5706/5126
f 5195/3931/3386 4868/3930/3385 4424/5747/5173
f 4853/5720/5143 4417/5750/5176 4864/5709/5129
f 5191/5721/5144 4853/5720/5143 4416/5700/5120
f 4417/5750/5176 4854/5725/5148 5181/5702/5122
f 4854/5725/5148 4418/5753/5179 4865/5711/5130
f 5184/5726/5149 4854/5725/5148 4417/5750/5176
f 4889/5751/5177 4430/7345/6144 4873/3883/3331
f 4418/5753/5179 4855/5736/5158 5182/5684/5100
f 4855/5736/5158 4419/7343/5131 4866/5754/5134
f 5185/5737/5159 4855/5736/5158 4418/5753/5179
f 4908/5755/5180 4437/5784/5213 4887/5756/5181
f 4419/5758/5131 4856/5759/5117 5183/5678/5094
f 4856/5759/5117 4420/5732/5156 4860/5676/5092
f 5197/5760/5183 4895/5805/5193 4427/5761/5184
f 4425/5763/5186 4869/5764/5187 5184/5726/5149
f 4869/5764/5187 4426/5766/5189 4874/5724/5147
f 5196/5765/5188 4869/5764/5187 4425/5763/5186
f 4426/5766/5189 4870/5762/5185 5185/5737/5159
f 4870/5762/5185 4427/5761/5184 4876/5735/5132
f 5197/5760/5183 4870/5762/5185 4426/5766/5189
f 5194/5768/5191 4892/5748/5174 4424/5747/5173
f 4427/5770/5184 4871/5742/5161 5186/5697/5118
f 4871/5742/5161 4428/5772/5194 4877/5695/5116
f 5198/5743/5162 4871/5742/5161 4427/5770/5184
f 4428/5772/5194 4872/5717/5138 5187/5733/5157
f 4872/5717/5138 4429/3884/3332 4878/5728/5152
f 5199/5718/5139 4872/5717/5138 4428/5772/5194
f 4429/3884/3332 4873/3883/3331 5188/5672/5088
f 4873/3883/3331 4430/7345/6144 4879/5773/5195
f 4894/5767/5190 4426/5766/5189 4869/5764/5187
f 5203/5757/5182 4887/5756/5181 4436/5774/5196
f 5189/5661/5198 4880/5746/6145 4415/5744/5199
f 4423/5776/5201 4880/5746/6146 5189/5661/5202
f 4905/5777/5204 4433/5799/5237 4883/5778/5205
f 5204/5780/5207 4909/5827/5263 4438/5781/5208
f 4867/5769/5192 5190/5699/5119 4880/5746/5210
f 5190/5699/5119 4867/5769/5192 4424/5747/5173
f 4891/5783/5212 5194/5768/6147 4867/5769/5192
f 4424/5747/5173 4868/3930/3385 5191/5721/5144
f 4868/3930/3385 4425/5763/5186 4875/5719/5142
f 4437/5784/5213 4888/5782/5209 5192/5752/5178
f 4888/5782/5209 4438/5781/5208 4889/5751/5177
f 4906/5785/5214 4435/5808/5243 4885/5786/5215
f 5193/5689/5217 4891/5783/6148 4423/5776/5218
f 4431/5788/5220 4891/5783/6149 5193/5689/5221
f 5220/4992/5223 4965/4958/6150 4447/5789/5224
f 4907/5775/5197 4436/5774/5196 4886/5790/5226
f 4882/5664/5080 5194/5768/5191 4891/5783/5228
f 5194/5768/5191 4882/5664/5080 4432/5663/5079
f 4910/5792/5230 5206/5662/5078 4882/5664/5080
f 4920/3846/3298 4445/3848/3300 4902/5793/5231
f 4432/5663/5079 4883/5778/5205 5195/3931/3386
f 5211/4021/3485 4898/4020/3484 4440/5795/5233
f 4883/5778/5205 4433/5799/5237 4893/3929/3384
f 5207/5779/5206 4883/5778/5205 4432/5663/5079
f 4884/5798/5236 5196/5765/5188 4893/3929/3384
f 4884/5798/5236 4434/5803/5241 4894/5767/5190
f 5200/5800/5238 4884/5798/5236 4433/5799/5237
f 4919/5801/5239 4446/7346/6151 4903/3847/3299
f 4434/5803/5241 4885/5804/5215 5197/5760/5183
f 4885/5804/5215 4435/7347/5243 4895/5805/5193
f 5201/5806/5216 4885/5804/5215 4434/5803/5241
f 4435/5808/5243 4886/5790/5226 5198/5743/5162
f 4886/5790/5226 4436/5774/5196 4896/5741/5160
f 5202/5791/5227 4886/5790/5226 4435/5808/5243
f 4964/3913/3364 4453/3915/3366 4917/5809/5244
f 4436/5774/5196 4887/5756/5181 5199/5718/5139
f 5199/5718/5139 4887/5756/5181 4437/5784/5213
f 4926/5810/5245 4444/5825/5261 4901/5811/5246
f 4925/5813/5248 4443/5824/5258 4900/5814/5249
f 4441/5816/5251 4899/5817/5252 5200/5800/5238
f 4899/5817/5252 4442/5820/5254 4904/5807/5242
f 5212/5818/5253 4899/5817/5252 4441/5816/5251
f 4900/5819/5249 5201/5806/5216 4904/5807/5242
f 4900/5814/5249 4443/5824/5258 4906/5785/5214
f 4924/5821/5255 5213/5838/5250 4900/5819/5249
f 5210/5822/5256 4922/5796/5234 4440/5795/5233
f 4443/5824/5258 4901/5811/5246 5202/5791/5227
f 4933/4921/5259 4374/5578/4991 4934/4949/4327
f 4901/5811/5246 4444/5825/5261 4907/5775/5197
f 5214/5812/5247 4901/5811/5246 4443/5824/5258
f 4444/5825/5261 4902/5793/5231 5203/5757/5182
f 4902/5793/5231 4445/3848/3300 4908/5755/5180
f 5215/5794/5232 4902/5793/5231 4444/5825/5261
f 4963/4929/4303 4452/5828/5264 4916/5826/5262
f 4904/5807/5242 4434/5803/5241 4884/5798/5236
f 4445/3848/3300 4903/3847/3299 5204/5780/5207
f 4903/3847/3299 4446/7346/6151 4909/5827/5263
f 4924/5821/5255 4442/5820/5254 4899/5817/5252
f 5218/4915/4290 4917/5809/5244 4452/5828/5264
f 5205/5723/5265 4910/5792/6152 4431/5788/5266
f 4439/5829/5268 4910/5792/6153 5205/5723/5269
f 4967/5830/5271 4449/5835/5290 4913/5831/5272
f 5219/4911/4286 4927/5837/5292 4454/5832/5273
f 4897/5823/5257 5206/5662/5078 4910/5792/5274
f 5206/5662/5078 4897/5823/5257 4440/5795/5233
f 4921/5833/5276 5210/5822/5256 4897/5823/5257
f 4440/5795/5233 4898/4020/3484 5207/5779/5206
f 4898/4020/3484 4441/5816/5251 4905/5777/5204
f 4453/3915/3366 4918/3914/3365 5208/5802/5240
f 4454/5832/5273 4919/5801/5239 5208/5802/5240
f 4961/3953/3416 4451/5839/5293 4915/5834/5277
f 5209/5745/5278 4921/5833/6154 4439/5829/5279
f 4447/5789/5281 4921/5833/6155 5209/5745/5282
f 4912/5730/5154 5210/5822/5256 4921/5833/5284
f 5210/5822/5256 4912/5730/5154 4448/5729/5153
f 4965/4958/5286 5221/4930/4304 4912/5730/5154
f 4448/5729/5153 4913/5831/5272 5211/4021/3485
f 5220/4992/5287 4928/4940/6156 4199/4939/5288
f 4913/5831/5272 4449/5835/5290 4923/4019/3483
f 5222/4967/4347 4913/5831/5272 4448/5729/5153
f 4449/5835/5290 4914/5840/5294 5212/5818/5253
f 5212/5818/5253 4914/5840/5294 4450/5836/5291
f 5223/3943/3406 4914/5840/5294 4449/5835/5290
f 4929/4881/4258 4455/4923/4297 4927/5837/5292
f 4450/5836/5291 4915/7348/5277 5213/5838/5250
f 5213/5815/5250 4915/5834/5277 4451/5839/5293
f 5216/4894/3414 4915/7348/5277 4450/5836/5291
f 4967/5830/5271 5222/4967/4347 4457/4965/4345
f 4451/5839/5293 4916/5826/5262 5214/5812/5247
f 4916/5826/5262 4452/5828/5264 4926/5810/5245
f 4961/3953/3416 5217/4905/4280 4916/5826/5262
f 4452/5828/5264 4917/5809/5244 5215/5794/5232
f 4917/5809/5244 4453/3915/3366 4920/3846/3298
f 3168/2851/2239 3423/2853/2241 3122/3924/3377
f 3097/3805/3246 2629/3802/3243 3072/3826/3272
f 3415/3954/3417 3127/3878/3326 2645/3874/3322
f 3166/3966/3432 3427/3922/3375 2662/2805/2194
f 2931/3430/2857 2540/3426/2854 2906/3452/2882
f 4962/3937/3391 4450/5836/5291 4914/5840/5294
f 3112/3796/3237 3408/3822/3266 3092/3824/3268
f 3180/2926/2318 2667/2915/2308 2411/2887/2274
f 3351/3652/5295 3007/3605/6157 2579/3602/5296
f 2780/3044/2453 3231/3077/2487 2761/3076/2486
f 3319/3450/2880 2926/3449/2879 2552/3421/2849
f 2766/3057/2465 2452/3054/2462 2741/3028/2441
f 3216/3009/2415 2731/3008/2414 2448/2981/2384
f 2689/2836/2224 2413/2833/2221 2668/2819/2208
f 2687/2823/2212 2412/2821/2210 2667/2915/2308
f 5226/5841/3491 5233/5854/3491 5234/5842/3492
f 5240/5844/3493 5232/5874/3493 5231/2383/3494
f 5476/5845/3495 5475/6098/3496 5227/5843/3496
f 5227/5843/3492 5234/5842/3492 5235/5847/3497
f 5476/5848/3495 5228/7349/3495 5229/5849/3498
f 5229/5849/3499 5228/7349/3497 5235/5851/3497
f 5240/5844/3500 5239/4841/3501 5247/4840/3501
f 5233/5854/3502 5232/5874/3493 5240/5844/3493
f 5478/5856/3503 5477/5850/3498 5229/5849/3498
f 5260/5858/5297 5259/5896/3505 5267/1994/3505
f 5230/5857/3506 5229/5849/3499 5236/5852/3499
f 5238/5861/3510 5237/5860/6089 5245/5862/3509
f 5237/5860/3506 5238/5861/3511 5480/5864/5298
f 5242/5865/3512 5234/5842/3512 5233/5854/3502
f 5316/5866/3513 5308/5930/3513 5307/2452/3514
f 5243/5868/3515 5242/5865/3516 5250/5869/3516
f 5259/5871/3517 5251/5870/6090 5250/5869/3518
f 5225/5873/3520 5224/2381/3519 5231/2383/3519
f 5250/5869/3518 5249/5877/3521 5257/5875/3521
f 5474/5876/3522 5473/6108/3523 5225/5873/3523
f 5226/5841/3491 5225/5873/3520 5232/5874/3520
f 5235/5847/3524 5234/5842/3512 5242/5865/3512
f 5249/5877/3525 5241/5855/3525 5240/5844/3500
f 5249/5877/3521 5248/5853/3526 5256/5878/3526
f 5274/5879/3527 5266/5887/3527 5265/5880/3528
f 5254/5882/3529 5246/5863/3529 5245/5862/3530
f 5289/5884/3531 5288/5910/3594 5296/5885/3594
f 5266/5887/3542 5258/5872/3542 5257/5875/3534
f 5261/5888/3535 5253/5893/3535 5252/5889/3536
f 5269/5890/3537 5261/5888/3537 5260/5858/5297
f 5262/5892/3539 5254/7350/3539 5253/5893/3535
f 5265/5880/3528 5264/5904/3540 5272/5894/3540
f 5256/5878/3526 5248/5853/3526 5247/4840/5300
f 5259/5871/3505 5258/5872/3542 5266/5887/3542
f 5252/5889/3536 5251/7351/6090 5259/5896/3517
f 5275/1995/1522 5267/1994/1521 5266/5897/3527
f 5290/5899/3543 5282/5902/3543 5281/5900/3544
f 5270/5901/3545 5262/5892/6158 5261/5888/3537
f 5274/5879/3546 5273/5881/3547 5281/5900/3547
f 5256/5878/3549 5255/5891/3548 5263/5903/3548
f 5284/5905/3550 5276/1993/3550 5275/1995/3551
f 5265/5880/3534 5257/5875/3534 5256/5878/3553
f 5278/5907/3554 5270/5901/3554 5269/5890/3555
f 5289/5884/3544 5281/5900/3544 5280/5909/3556
f 5272/5894/3557 5264/5904/3557 5263/5903/3557
f 5304/5912/3558 5296/5885/3558 5295/5913/3559
f 5275/1995/3551 5274/5898/3546 5282/5915/3546
f 5269/5890/3555 5268/5859/1520 5276/1993/1520
f 5291/5916/5301 5283/5906/3563 5282/5915/3543
f 5306/5918/2065 5298/5946/2065 5297/5886/3565
f 5278/5907/3566 5277/5908/3567 5285/5920/3567
f 5277/5908/3567 5276/1993/3550 5284/5905/3550
f 5291/5916/3568 5290/5917/3569 5298/5922/3569
f 5272/5894/3570 5271/5911/3570 5279/5923/3570
f 5273/5881/3547 5272/5894/3572 5280/5909/3572
f 5294/5924/3573 5286/5921/6159 5285/5920/3574
f 5332/5926/3575 5324/5944/3575 5323/5927/3576
f 5288/5910/3556 5280/5909/3556 5279/5923/3577
f 5308/5930/3578 5300/5935/3578 5299/2450/2064
f 5314/5931/3579 5306/5918/3579 5305/5919/3580
f 5301/5933/3581 5300/5935/3578 5308/5930/3578
f 5300/5935/3582 5292/5936/3582 5291/5916/3568
f 5285/5920/3574 5284/5905/3583 5292/5936/3583
f 5309/5934/3584 5308/5930/3513 5316/5866/3513
f 5314/5931/3586 5313/5932/3587 5321/5938/3587
f 5302/5940/3588 5294/5924/3588 5293/5925/3589
f 5293/5925/3589 5292/5936/3582 5300/5935/3582
f 5377/5941/3592 5376/6007/3593 5384/5942/5303
f 5288/5910/3594 5287/5929/3595 5295/5913/3595
f 5324/5944/3596 5316/5948/3596 5315/5945/3597
f 5297/5886/3565 5296/5885/3558 5304/5912/3558
f 5298/5946/3569 5290/5899/3569 5289/5884/3531
f 5325/5947/3600 5317/5966/3600 5316/5948/3596
f 5322/5939/3601 5321/5938/3602 5329/5949/3602
f 5310/5951/3603 5302/5940/6092 5301/5933/3581
f 5313/5932/3580 5305/5919/3580 5304/5912/3604
f 5315/5953/3597 5314/5931/3586 5322/5939/3586
f 5325/5947/3606 5324/5944/3575 5332/5926/3575
f 5318/5956/3607 5310/5951/3607 5309/5934/3584
f 5304/5912/3604 5303/5914/3608 5311/2398/3608
f 5332/5926/3609 5331/5928/3610 5339/5957/3610
f 5321/5938/3587 5313/5932/3587 5312/5952/1997
f 5307/2452/3514 5306/2451/3579 5314/5959/3579
f 5345/5960/3611 5337/5968/3611 5336/2351/3612
f 5341/5962/3613 5333/5955/3613 5332/5926/3609
f 5338/5963/3614 5337/5968/3611 5345/5960/3611
f 5326/5965/3616 5318/7352/3616 5317/5966/3600
f 5321/5938/3602 5320/2397/3617 5328/5967/3617
f 5337/5968/3618 5329/5949/3618 5328/5967/1928
f 5339/5957/3610 5331/5928/3610 5330/5969/3620
f 5344/5961/3622 5343/5988/3623 5351/5971/3624
f 5334/5973/3625 5326/5965/3625 5325/5947/3606
f 5347/5974/3626 5339/5957/3626 5338/5970/3614
f 5320/2397/3617 5319/2399/3627 5327/2352/3627
f 5338/5963/3621 5330/5950/3620 5329/5949/3618
f 5331/5928/3576 5323/5927/3576 5322/5976/3601
f 5347/5974/3628 5346/5975/3629 5354/5977/3629
f 5354/5979/3630 5353/5983/3631 5361/5980/3631
f 5342/5982/3632 5334/5973/3632 5333/5955/3613
f 5345/5960/3633 5344/5961/3622 5352/5972/3622
f 5349/5984/3634 5341/5962/3634 5340/5958/3635
f 5356/5986/3636 5348/5985/3636 5347/5974/3628
f 5349/5984/3637 5348/5985/3636 5356/5986/3636
f 5350/5989/3638 5342/5982/3638 5341/5962/3634
f 5361/5980/3631 5353/5983/3631 5352/5972/3639
f 5363/5991/3640 5355/5978/3640 5354/5977/3630
f 5344/5961/3612 5336/2351/3612 5335/2353/1930
f 5346/5964/3629 5345/5960/3633 5353/5983/3633
f 5348/5985/3635 5340/5958/3635 5339/5957/3626
f 5378/5993/3641 5370/5998/3641 5369/5994/3642
f 5358/5995/5304 5350/5989/5304 5349/5984/3637
f 5370/5998/3646 5362/5981/3646 5361/5980/3647
f 5357/5987/3648 5356/5986/3649 5364/5999/3649
f 5372/6001/3650 5364/5999/3650 5363/5991/3651
f 5373/6003/3652 5365/6000/3652 5364/5999/3650
f 5366/6005/5305 5358/5995/5305 5357/5987/3648
f 5377/5941/3642 5369/5994/3642 5368/6006/3655
f 5360/5990/3639 5352/5972/3639 5351/5971/3624
f 5402/6008/3656 5393/6014/3656 5392/6009/3657
f 5363/5991/3651 5362/5992/3646 5370/6011/3646
f 5364/5999/3649 5356/5986/3649 5355/5978/3640
f 5379/6012/3658 5371/7353/3658 5370/5998/3641
f 5386/6013/3659 5385/5943/3660 5393/6014/3660
f 5374/6016/3661 5366/6005/3661 5365/6000/3652
f 5437/6017/3662 5429/6055/3662 5428/6018/3663
f 5379/6012/3664 5378/5993/3665 5386/6013/3665
f 5360/5990/3666 5359/6004/3653 5367/6021/3667
f 5361/5980/3647 5360/5990/3666 5368/6006/3666
f 5374/6016/3668 5373/6003/3669 5381/6022/3669
f 5385/5943/3660 5384/5942/3670 5392/6009/3670
f 5376/6007/3655 5368/6006/3655 5367/6021/3667
f 5388/6024/3671 5387/6031/3672 5395/4612/3672
f 5401/6010/3673 5400/6051/3674 5408/6026/3674
f 5389/6028/3675 5388/6024/3671 5396/6025/3671
f 5380/6030/3677 5379/7354/3664 5387/6031/3664
f 5381/6022/3669 5373/6003/3669 5372/6001/3678
f 5411/6033/4244 5403/6052/4244 5402/6008/3680
f 5390/6035/3681 5382/7355/3681 5381/6036/3683
f 5389/6028/3683 5381/6036/3683 5380/6030/3677
f 5404/4845/3684 5395/4612/3684 5394/4614/3685
f 5384/5942/5303 5376/6007/3593 5375/5997/3686
f 5397/6029/3687 5396/6025/3688 5405/6038/3688
f 5378/5993/3665 5377/5941/3592 5385/5943/3592
f 5384/5942/3670 5383/5996/3689 5391/6040/3689
f 5405/6038/3690 5404/4845/3691 5412/4847/3691
f 5410/6034/3692 5409/6027/3693 5417/6042/3693
f 5406/6039/3694 5405/6038/3690 5413/6041/3690
f 5405/6038/3688 5396/6025/3688 5395/4612/3684
f 5390/6035/3696 5389/6028/3675 5397/6029/3675
f 5414/6044/3697 5413/6041/3698 5421/6046/3698
f 5427/6048/3699 5419/6060/3699 5418/6043/3700
f 5398/6045/3701 5397/6029/3687 5406/6039/3687
f 5401/6010/3657 5392/6009/3657 5391/6040/3703
f 5402/6008/3680 5401/6010/3673 5409/6027/3673
f 5403/6052/3685 5394/6015/3685 5393/6014/3656
f 5435/6053/3706 5427/6048/3706 5426/6049/3707
f 5422/6047/3708 5421/6046/3709 5429/6055/3709
f 5407/6050/3710 5406/6039/3694 5414/6044/3694
f 5417/6042/3693 5409/6027/3693 5408/6026/3711
f 5421/6046/3709 5420/6058/3713 5428/6018/3712
f 5420/6058/3713 5419/6065/3699 5427/6059/3699
f 5421/6046/3698 5413/6041/3698 5412/4847/3714
f 5419/6060/3715 5411/6033/3715 5410/6034/3692
f 5438/6061/3716 5430/6056/3716 5429/6055/3662
f 5415/6057/3717 5414/6044/3697 5422/6047/3697
f 5437/6017/3718 5436/6019/3719 5444/6063/3719
f 5426/6049/3700 5418/6043/3700 5417/6042/3720
f 5412/4847/3714 5411/4846/3715 5419/6065/3715
f 5450/6066/3721 5442/6070/3721 5441/4751/3722
f 5446/6068/5308 5438/6061/5308 5437/6017/3718
f 5451/6069/3724 5443/6074/3724 5442/6070/3721
f 5423/6062/3726 5422/6047/3708 5430/6056/3708
f 5426/6049/3707 5425/4791/3727 5433/6072/3727
f 5434/6054/3728 5433/6072/3729 5441/4751/3729
f 5436/6073/3719 5435/6053/3731 5443/6074/3731
f 5431/6071/5310 5430/6056/3716 5438/6061/3716
f 5452/6077/3734 5444/6075/3734 5443/6074/3724
f 5425/4791/3736 5424/4793/3736 5432/4752/3736
f 5443/6074/3731 5435/6053/3731 5434/6054/3728
f 5436/6073/3663 5428/7356/3663 5427/6048/3706
f 5459/6078/3737 5458/6082/3738 5466/6079/3738
f 5439/6076/3739 5438/6061/5308 5446/6068/5308
f 5459/6078/3740 5451/6069/3740 5450/6066/3741
f 5454/6083/3742 5446/7357/3742 5445/6084/5311
f 5453/6085/3744 5452/6094/5312 5460/6086/5312
f 5462/6088/3746 5454/6083/3746 5453/6085/3744
f 5447/6090/3748 5446/7357/3742 5454/6083/3742
f 5458/6082/3738 5457/6100/3749 5465/6092/3749
f 5449/6067/3750 5441/4751/3750 5440/4753/3750
f 5460/6093/5312 5452/6077/5312 5451/6069/3740
f 5445/6084/5311 5444/7358/3734 5452/6094/3734
f 5245/5862/3509 5237/5860/6089 5236/5852/3752
f 5460/6093/3753 5459/6078/3737 5467/6080/3737
f 5455/6091/3754 5454/6083/3746 5462/6088/3746
f 5475/6098/3755 5467/6080/3755 5466/6079/3756
f 5449/6067/3757 5448/6089/3758 5456/6099/3758
f 5477/5850/3759 5469/6105/3759 5468/6101/3760
f 5450/6066/3741 5449/6067/3757 5457/6100/3757
f 5463/6097/3762 5462/6088/3763 5470/6102/3763
f 5465/6092/3749 5457/6100/3749 5456/6099/3764
f 5468/6096/3760 5467/6080/3755 5475/6098/3755
f 5470/6102/3763 5462/6088/3763 5461/6087/3765
f 5471/6103/3767 5470/6102/5315 5478/5856/3768
f 5470/6102/5315 5469/6105/3759 5477/5850/3759
f 5465/6092/3769 5464/6104/3770 5472/6107/3770
f 5466/6079/3756 5465/6092/3769 5473/6108/3769
f 5230/5857/3503 5480/5864/3772 5479/6106/5316
f 5474/5876/3522 5226/5841/5299 5227/5843/3496
f 5236/5852/3752 5235/5851/3524 5243/6109/3524
f 5250/5869/3516 5242/5865/3516 5241/5855/3525
f 5472/6107/3773 5224/2381/3773 5225/5873/3523
f 5469/6105/3765 5461/6087/3765 5460/6086/3753
f 5380/6032/3678 5372/6001/3678 5371/6002/3658
f 5292/5936/3583 5284/5905/3583 5283/5906/3563
f 5245/5862/3530 5244/6095/3775 5252/6111/3775
f 5252/6111/3775 5244/6095/3775 5243/6109/3515
f 2709/2939/2331 2422/2936/2328 2683/2934/2326
f 2692/2882/2269 2416/2871/2258 2671/2861/2249
f 2702/2956/2355 3189/2916/2309 2686/2918/2311
f 3204/2976/2381 2716/2975/2380 2440/2997/2399
f 3220/3034/2447 2746/3036/2449 2456/3025/2438
f 3236/3158/2583 2793/3147/2571 2467/3146/2569
f 3242/3087/2499 2776/3086/2498 2472/3129/2545
f 2809/3193/2616 2480/3172/2595 2790/6113/5317
f 3248/3209/2637 2812/3165/2590 2475/3159/2584
f 3258/3151/2575 2806/3153/2577 2488/3184/2607
f 2839/3263/2690 2496/3239/2666 2820/3236/2663
f 3262/3191/2614 2821/3190/2613 2496/3239/2666
f 2857/3250/2677 3273/3217/2646 2836/3216/2645
f 3277/3256/2683 2851/3258/2685 2512/6114/2733
f 3293/3357/2784 2881/3356/2783 2528/3351/2778
f 3308/3418/2846 2911/3417/2845 2544/3437/2864
f 3325/3533/2968 2959/3514/2946 2555/3512/2944
f 3331/3459/2889 2941/3458/2888 2560/3497/2926
f 3340/3603/3029 2989/3588/3014 2571/3586/3012
f 3346/3517/2949 2971/3516/2948 2576/3502/2932
f 3005/3641/3067 2585/3623/3047 2986/3617/3041
f 3352/3659/3089 3008/3606/3032 2580/3604/3030
f 3362/3547/2980 3002/3549/2982 2593/3649/3075
f 3365/3710/3137 3035/3714/3141 2601/3686/3113
f 3035/3714/3141 3366/3637/3063 3017/3639/3065
f 3377/3665/3095 3032/3667/3097 2609/3719/3146
f 3063/3693/3120 3381/3709/3136 3047/3708/3135
f 3396/3794/3236 3077/3793/3235 2633/3814/3253
f 3412/3851/3303 3107/3853/3305 2649/3840/3292
f 5204/5780/5207 4888/5782/5209 4437/5784/5213
f 1972/2143/1711 1964/2203/1710 1963/2204/2127
f 1985/2241/1762 1977/2234/1761 1976/2229/2117
f 2001/2245/1778 1993/2253/1777 1992/2259/2113
f 2052/6115/2101 2051/2302/1850 2059/2303/1852
f 2069/2328/2098 2068/2323/1884 2076/2325/1886
f 2090/2365/1952 2082/2335/1951 2081/2348/2091
f 2106/2367/1968 2098/2374/1967 2097/2377/5318
f 3886/4537/4112 3878/4513/4111 3877/4523/4196
f 3930/4578/4175 3922/4559/4174 3921/4561/4187
f 3480/4109/1520 3472/4049/1520 3471/4048/1521
f 3503/4118/2064 3502/4117/3564 3510/4154/2065
f 3516/4147/1997 3515/4142/5325 3523/4162/5325
f 3540/4157/3619 3532/4165/3619 3531/4171/1929
f 3591/4233/3672 3590/7360/3659 3598/6124/3659
f 3616/4245/3691 3608/4241/3691 3607/4240/4244
f 3629/4271/3720 3621/4247/3720 3620/4258/4230
f 3645/4274/4215 3637/4281/4215 3636/4285/4215
usemtl Back
f 585/594/495 590/595/496 586/596/497
f 589/597/498 592/598/499 590/595/499
f 591/599/500 594/600/501 587/601/502
f 596/602/503 585/594/504 586/596/505
f 610/603/506 600/604/507 604/605/508
f 621/606/509 624/607/510 628/608/511
f 613/609/512 617/610/513 631/611/514
f 611/612/515 616/613/516 634/614/517
f 617/610/513 612/615/518 636/616/519
f 615/617/520 620/618/521 638/619/522
f 614/620/523 641/621/523 643/622/523
f 1291/1322/1069 1286/1323/1070 1287/1324/1071
f 1293/1325/1072 1290/1326/1073 1291/1322/1072
f 1296/1327/1074 1287/1324/1075 1286/1323/1076
f 1298/1328/1077 1308/1329/1078 1288/1330/1079
f 1328/1331/1080 1324/1332/1081 1321/1333/1082
f 1331/1334/1083 1317/1335/1084 1313/1336/1085
f 1334/1337/1086 1316/1338/1087 1311/1339/1088
f 1336/1340/1089 1312/1341/1090 1317/1335/1084
f 1338/1342/1091 1320/1343/1092 1315/1344/1093
f 1343/1345/1094 1340/1346/1094 1314/1347/1094
f 1289/6120/5320 1295/6121/5321 1292/6122/5322
f 585/594/495 589/597/5646 590/595/496
f 589/597/498 591/599/500 592/598/499
f 588/6528/5647 592/598/499 591/599/500
f 591/599/500 593/6529/5648 594/600/501
f 594/600/501 595/6530/470 587/601/502
f 587/601/502 588/6528/5647 591/599/500
f 604/605/508 588/6528/5647 587/601/502
f 587/601/502 605/6531/5649 606/6532/5650
f 606/6532/5650 607/6533/50 608/6534/50
f 608/6534/50 609/6535/50 610/603/506
f 610/603/506 597/6536/50 598/6537/50
f 598/6537/50 599/6538/50 600/604/507
f 600/604/507 601/6539/5651 602/6540/5652
f 602/6540/5652 603/6541/49 604/605/508
f 604/605/508 587/601/502 606/6532/5650
f 606/6532/5650 608/6534/50 610/603/506
f 610/603/506 598/6537/50 600/604/507
f 600/604/507 602/6540/5652 604/605/508
f 604/605/508 606/6532/5650 610/603/506
f 630/6542/5334 620/618/521 619/6543/5653
f 621/606/509 622/6544/5654 623/6545/5655
f 630/6542/5334 619/6543/5653 621/606/509
f 628/608/511 629/6546/5334 630/6542/5334
f 626/6547/5656 627/6548/5657 628/608/511
f 624/607/510 625/6549/11 626/6547/5656
f 621/606/509 623/6545/5655 624/607/510
f 628/608/511 630/6542/5334 621/606/509
f 624/607/510 626/6547/5656 628/608/511
f 631/611/514 614/620/5376 613/609/512
f 613/609/512 632/6550/5658 617/610/513
f 617/610/513 618/6551/5659 631/611/514
f 634/614/517 612/615/518 611/612/515
f 611/612/515 615/617/520 616/613/516
f 616/613/516 633/6552/5660 634/614/517
f 636/616/519 618/6551/5659 617/610/513
f 617/610/513 611/612/515 612/615/518
f 612/615/518 635/6553/5661 636/616/519
f 638/619/522 616/613/516 615/617/520
f 615/617/520 619/6543/5653 620/618/521
f 620/618/521 637/6554/5662 638/619/522
f 643/622/523 613/609/523 614/620/523
f 614/620/523 639/6555/523 640/6556/523
f 641/621/523 642/6557/523 643/622/523
f 614/620/523 640/6556/523 641/621/523
f 1291/1322/1069 1290/1326/5994 1286/1323/1070
f 1293/1325/1072 1292/6122/5322 1290/1326/1073
f 1288/1330/1079 1289/6120/5320 1304/6962/628
f 1304/6962/628 1303/6963/628 1302/6964/5995
f 1302/6964/5995 1301/6965/5996 1300/6966/5997
f 1300/6966/5997 1299/6967/630 1298/1328/1077
f 1298/1328/1077 1297/6968/630 1310/6969/630
f 1310/6969/630 1309/6970/630 1308/1329/1078
f 1308/1329/1078 1307/6971/630 1306/6972/5998
f 1306/6972/5998 1305/6973/5999 1288/1330/1079
f 1288/1330/1079 1304/6962/628 1302/6964/5995
f 1302/6964/5995 1300/6966/5997 1298/1328/1077
f 1298/1328/1077 1310/6969/630 1308/1329/1078
f 1308/1329/1078 1306/6972/5998 1288/1330/1079
f 1288/1330/1079 1302/6964/5995 1298/1328/1077
f 1319/6974/6000 1320/1343/1092 1330/6975/5679
f 1330/6975/5679 1329/6976/5679 1328/1331/1080
f 1328/1331/1080 1327/6977/6001 1326/6978/6002
f 1326/6978/6002 1325/6979/5680 1324/1332/1081
f 1324/1332/1081 1323/6980/5680 1322/6981/6003
f 1321/1333/1082 1319/6974/6000 1330/6975/5679
f 1324/1332/1081 1322/6981/6003 1321/1333/1082
f 1328/1331/1080 1326/6978/6002 1324/1332/1081
f 1321/1333/1082 1330/6975/5679 1328/1331/1080
f 1313/1336/1085 1314/1347/5720 1331/1334/1083
f 1331/1334/1083 1318/6982/6004 1317/1335/1084
f 1317/1335/1084 1332/6983/6005 1313/1336/1085
f 1311/1339/1088 1312/1341/1090 1334/1337/1086
f 1334/1337/1086 1333/6984/6006 1316/1338/1087
f 1316/1338/1087 1315/1344/1093 1311/1339/1088
f 1317/1335/1084 1318/6982/6004 1336/1340/1089
f 1336/1340/1089 1335/6985/6007 1312/1341/1090
f 1312/1341/1090 1311/1339/1088 1317/1335/1084
f 1315/1344/1093 1316/1338/1087 1338/1342/1091
f 1338/1342/1091 1337/6986/6008 1320/1343/1092
f 1320/1343/1092 1319/6974/6000 1315/1344/1093
f 1314/1347/1094 1313/1336/1094 1343/1345/1094
f 1343/1345/1094 1342/6987/1094 1341/6988/1094
f 1340/1346/1094 1339/6989/1094 1314/1347/1094
f 1343/1345/1094 1341/6988/1094 1340/1346/1094
f 1292/6122/5322 1293/1325/1072 1289/6120/5320
f 1289/6120/5320 1288/1330/1079 1295/6121/5321
f 1295/6121/5321 1294/7359/6160 1292/6122/5322
