# Blender 4.4.3
# www.blender.org
mtllib arbiters_blade_ms.mtl
o Master_Sword
v 0.026209 -0.022667 -0.116885
v 0.023816 -0.041138 -0.148335
v 0.000034 -0.068931 -0.184833
v 0.019242 -0.033004 -0.134991
v 0.025410 -0.050459 -0.110701
v 0.023080 -0.061506 -0.144485
v 0.000011 -0.073649 -0.183443
v 0.018561 -0.057411 -0.130066
v 0.034869 -0.030770 -0.094929
v 0.018520 -0.040203 -0.094929
v 0.044687 -0.016652 -0.094929
v 0.000017 -0.043515 -0.094929
v -0.099159 0.000001 -0.044668
v -0.060955 0.000001 -0.015604
v -0.091610 0.034156 -0.044668
v -0.056314 0.020998 -0.015604
v -0.070113 0.063112 -0.044668
v -0.043098 0.038799 -0.015604
v -0.037940 0.082459 -0.044668
v -0.023319 0.050693 -0.015604
v 0.000011 0.089253 -0.044668
v 0.000011 0.054870 -0.015604
v 0.037962 0.082459 -0.044668
v 0.023342 0.050693 -0.015604
v 0.070135 0.063112 -0.044668
v 0.043120 0.038799 -0.015604
v 0.091632 0.034156 -0.044668
v 0.056336 0.020998 -0.015604
v 0.099181 0.000001 -0.044668
v 0.060977 0.000001 -0.015604
v 0.091632 -0.034155 -0.044668
v 0.056336 -0.020997 -0.015604
v 0.070135 -0.063111 -0.044668
v 0.043120 -0.038798 -0.015604
v 0.037962 -0.082458 -0.044668
v 0.023342 -0.050692 -0.015604
v 0.000011 -0.089252 -0.044668
v 0.000011 -0.054869 -0.015604
v -0.037940 -0.082458 -0.044668
v -0.023319 -0.050692 -0.015604
v -0.070113 -0.063111 -0.044668
v -0.043098 -0.038798 -0.015604
v -0.091610 -0.034155 -0.044668
v -0.056314 -0.020997 -0.015604
v -0.025175 -0.022667 -0.116885
v -0.055034 0.001507 -0.082828
v 0.039708 0.014798 -0.104219
v 0.055056 0.001507 -0.082828
v 0.046373 0.009026 -0.094929
v 0.015901 0.034303 -0.107378
v 0.057046 0.051148 -0.058573
v 0.074268 0.027681 -0.058573
v -0.039686 0.014798 -0.104219
v 0.000015 0.072334 -0.058573
v 0.030772 0.066828 -0.058573
v 0.021209 -0.046038 -0.082828
v 0.000020 -0.049831 -0.082828
v 0.039642 0.035237 -0.082828
v 0.051174 -0.019069 -0.082828
v 0.051174 0.019070 -0.082828
v 0.039642 -0.035236 -0.082828
v 0.000020 0.049832 -0.082828
v 0.021209 0.046039 -0.082828
v -0.039686 -0.014797 -0.104219
v -0.055034 -0.001506 -0.082828
v 0.000017 0.043516 -0.094929
v 0.044687 0.016653 -0.094929
v 0.018520 0.040204 -0.094929
v 0.030772 -0.066827 -0.058573
v 0.000015 -0.072333 -0.058573
v 0.080386 0.000001 -0.058573
v 0.074268 -0.027680 -0.058573
v 0.034869 0.030771 -0.094929
v 0.057046 -0.051147 -0.058573
v 0.026209 0.022668 -0.116885
v -0.091610 0.034156 -0.023989
v -0.099159 0.000001 -0.023989
v -0.070113 0.063112 -0.023989
v -0.037940 0.082459 -0.023989
v 0.000011 0.089253 -0.023989
v 0.037962 0.082459 -0.023989
v 0.070135 0.063112 -0.023989
v 0.091632 0.034156 -0.023989
v 0.099181 0.000001 -0.023989
v 0.091632 -0.034155 -0.023989
v 0.070135 -0.063111 -0.023989
v 0.037962 -0.082458 -0.023989
v 0.000011 -0.089252 -0.023989
v -0.037940 -0.082458 -0.023989
v -0.070113 -0.063111 -0.023989
v -0.091610 -0.034155 -0.023989
v -0.056314 0.020998 -0.007246
v -0.060955 0.000001 -0.007246
v -0.043098 0.038799 -0.007246
v -0.023319 0.050693 -0.007246
v 0.000011 0.054870 -0.007246
v 0.023342 0.050693 -0.007246
v 0.043120 0.038799 -0.007246
v 0.056336 0.020998 -0.007246
v 0.060977 0.000001 -0.007246
v 0.056336 -0.020997 -0.007246
v 0.043120 -0.038798 -0.007246
v 0.023342 -0.050692 -0.007246
v 0.000011 -0.054869 -0.007246
v -0.023319 -0.050692 -0.007246
v -0.043098 -0.038798 -0.007246
v -0.056314 -0.020997 -0.007246
v -0.047438 0.017689 -0.007246
v -0.051348 0.000001 -0.007246
v -0.036305 0.032685 -0.007246
v -0.019643 0.042705 -0.007246
v 0.000011 0.046223 -0.007246
v 0.019665 0.042705 -0.007246
v 0.036327 0.032685 -0.007246
v 0.047460 0.017689 -0.007246
v 0.051370 0.000001 -0.007246
v 0.047460 -0.017688 -0.007246
v 0.036327 -0.032684 -0.007246
v 0.019665 -0.042704 -0.007246
v 0.000011 -0.046222 -0.007246
v -0.019643 -0.042704 -0.007246
v -0.036305 -0.032684 -0.007246
v -0.047438 -0.017688 -0.007246
v -0.033365 0.012443 0.005881
v -0.036115 0.000001 0.005881
v -0.025534 0.022991 0.005881
v -0.013814 0.030039 0.005881
v 0.000011 0.032514 0.005881
v 0.013836 0.030039 0.005881
v 0.025556 0.022991 0.005881
v 0.033387 0.012443 0.005881
v 0.036137 0.000001 0.005881
v 0.033387 -0.012442 0.005881
v 0.025556 -0.022990 0.005881
v 0.013836 -0.030038 0.005881
v 0.000011 -0.032513 0.005881
v -0.013814 -0.030038 0.005881
v -0.025534 -0.022990 0.005881
v -0.033365 -0.012442 0.005881
v -0.033365 0.012443 0.337785
v -0.036115 0.000000 0.337785
v -0.025534 0.022991 0.337785
v -0.013814 0.030039 0.337785
v 0.000011 0.032514 0.337785
v 0.013836 0.030039 0.337785
v 0.025556 0.022991 0.337785
v 0.033387 0.012443 0.337785
v 0.036137 0.000000 0.337785
v 0.033387 -0.012442 0.337785
v 0.025556 -0.022990 0.337785
v 0.013836 -0.030038 0.337785
v 0.000011 -0.032513 0.337785
v -0.013814 -0.030038 0.337785
v -0.025534 -0.022990 0.337785
v -0.033365 -0.012442 0.337785
v -0.039394 0.014690 0.337785
v -0.042641 0.000000 0.337785
v -0.030148 0.027144 0.337785
v -0.016311 0.035465 0.337785
v 0.000011 0.038387 0.337785
v 0.016333 0.035465 0.337785
v 0.030170 0.027144 0.337785
v 0.039416 0.014690 0.337785
v 0.042663 0.000000 0.337785
v 0.039416 -0.014689 0.337785
v 0.030170 -0.027143 0.337785
v 0.016333 -0.035464 0.337785
v 0.000011 -0.038386 0.337785
v -0.016311 -0.035464 0.337785
v -0.030148 -0.027143 0.337785
v -0.039394 -0.014689 0.337785
v -0.039394 0.014690 0.352058
v -0.042641 0.000000 0.352058
v -0.030148 0.027144 0.352058
v -0.016311 0.035465 0.352058
v 0.000011 0.038387 0.352058
v 0.016333 0.035465 0.352058
v 0.030170 0.027144 0.352058
v 0.039416 0.014690 0.352058
v 0.042662 0.000000 0.352058
v 0.039416 -0.014689 0.352058
v 0.030170 -0.027143 0.352058
v 0.016333 -0.035464 0.352058
v 0.000011 -0.038386 0.352058
v -0.016311 -0.035464 0.352058
v -0.030148 -0.027143 0.352058
v -0.039394 -0.014689 0.352058
v -0.068356 0.025487 0.391959
v -0.073988 0.000000 0.391959
v -0.052314 0.047093 0.391959
v -0.028307 0.061530 0.391959
v 0.000011 0.066600 0.391959
v 0.028329 0.061530 0.391959
v 0.052336 0.047093 0.391959
v 0.068377 0.025487 0.391959
v 0.074010 0.000000 0.391959
v 0.068377 -0.025486 0.391959
v 0.052336 -0.047092 0.391959
v 0.028329 -0.061529 0.391959
v 0.000011 -0.066599 0.391959
v -0.028307 -0.061529 0.391959
v -0.052314 -0.047092 0.391959
v -0.068356 -0.025486 0.391959
v -0.033399 0.012456 0.413955
v -0.025560 0.023015 0.413955
v -0.013828 0.030070 0.413955
v 0.013850 0.030070 0.413955
v 0.025582 0.023015 0.413955
v 0.033421 0.012456 0.413955
v 0.033421 -0.012455 0.413955
v 0.025582 -0.023014 0.413955
v 0.013850 -0.030069 0.413955
v -0.013828 -0.030069 0.413955
v -0.025560 -0.023014 0.413955
v -0.033399 -0.012455 0.413955
v -0.024168 -0.052534 0.402479
v -0.044665 -0.040208 0.402479
v 0.044687 0.040209 0.402479
v 0.058383 0.021761 0.402479
v -0.058361 -0.021760 0.402479
v 0.063193 0.000000 0.402479
v -0.063171 0.000000 0.402479
v -0.058361 0.021761 0.402479
v 0.058383 -0.021760 0.402479
v -0.044665 0.040209 0.402479
v 0.044687 -0.040208 0.402479
v -0.024168 0.052535 0.402479
v 0.024190 -0.052534 0.402479
v 0.000011 0.056864 0.402479
v 0.000011 -0.056863 0.402479
v 0.024190 0.052535 0.402479
v -0.023758 0.008861 0.466694
v -0.043315 -0.016151 0.352058
v 0.043337 0.016152 0.352058
v -0.033149 -0.029844 0.352058
v 0.033171 0.029845 0.352058
v -0.017935 -0.038993 0.352058
v 0.017957 0.038994 0.352058
v 0.000011 -0.042206 0.352058
v 0.000011 0.042206 0.352058
v 0.017957 -0.038993 0.352058
v -0.017935 0.038994 0.352058
v 0.033171 -0.029844 0.352058
v -0.033149 0.029845 0.352058
v 0.043337 -0.016151 0.352058
v -0.046885 0.000000 0.352058
v -0.043315 0.016152 0.352058
v 0.046907 0.000000 0.352058
v 0.015901 -0.034302 -0.107378
v -0.023780 -0.041138 -0.148335
v -0.011488 -0.109453 -0.101465
v -0.016488 -0.117884 -0.091229
v 0.000013 -0.117840 -0.030798
v 0.004093 -0.125943 -0.034542
v 0.005137 -0.129173 -0.036034
v -0.019343 -0.033004 -0.134991
v 0.010030 -0.121514 -0.032495
v -0.015879 -0.034302 -0.107378
v 0.046373 -0.009025 -0.094929
v 0.055056 -0.001506 -0.082828
v 0.039708 -0.014797 -0.104219
v 0.055722 0.000001 -0.081987
v -0.046351 0.009026 -0.094929
v -0.015879 0.034303 -0.107378
v -0.057024 0.051148 -0.058573
v -0.074246 0.027681 -0.058573
v -0.030750 0.066828 -0.058573
v -0.039620 0.035237 -0.082828
v -0.051152 0.019070 -0.082828
v -0.021187 0.046039 -0.082828
v 0.000011 -0.009025 -0.094929
v -0.044665 0.016653 -0.094929
v -0.018498 0.040204 -0.094929
v -0.080364 0.000001 -0.058573
v -0.034847 0.030771 -0.094929
v -0.026187 0.022668 -0.116885
v -0.055699 0.000001 -0.081987
v 0.000011 0.000001 -0.080403
v -0.000050 -0.033004 -0.134991
v -0.046351 -0.009025 -0.094929
v 0.000018 -0.041138 -0.148335
v -0.057024 -0.051147 -0.058573
v -0.074246 -0.027680 -0.058573
v -0.030750 -0.066827 -0.058573
v -0.039620 -0.035236 -0.082828
v -0.051152 -0.019069 -0.082828
v -0.021187 -0.046038 -0.082828
v -0.044665 -0.016652 -0.094929
v -0.018498 -0.040203 -0.094929
v 0.000011 -0.001506 -0.082828
v -0.034847 -0.030770 -0.094929
v 0.000011 -0.014797 -0.104219
v 0.000011 -0.022667 -0.116885
v 0.000011 0.073650 -0.183443
v 0.023080 0.061507 -0.144485
v 0.025410 0.050460 -0.110701
v 0.019242 0.033005 -0.134991
v 0.000034 0.068932 -0.184833
v 0.023816 0.041139 -0.148335
v 0.000011 0.009026 -0.094929
v 0.000011 0.033005 -0.134991
v 0.000011 0.041140 -0.148335
v 0.000011 0.001507 -0.082828
v 0.000011 0.014798 -0.104219
v 0.000011 0.022668 -0.116885
v 0.051642 0.019248 0.372008
v -0.051621 -0.019247 0.372008
v 0.000011 -0.045582 0.407554
v 0.000011 0.045583 0.407554
v 0.019393 -0.042112 0.407554
v -0.019371 0.042113 0.407554
v 0.035824 -0.032231 0.407554
v -0.035802 0.032232 0.407554
v 0.046803 -0.017443 0.407554
v -0.046781 0.017444 0.407554
v 0.050658 0.000000 0.407554
v -0.046781 -0.017443 0.407554
v 0.046803 0.017444 0.407554
v -0.035802 -0.032231 0.407554
v -0.050636 0.000000 0.407554
v 0.035824 0.032232 0.407554
v -0.019371 -0.042112 0.407554
v 0.024759 0.004431 0.466694
v 0.024759 -0.004430 0.466694
v -0.023758 -0.008860 0.466694
v -0.018181 -0.016372 0.466694
v -0.009834 -0.021391 0.466694
v 0.000011 -0.027147 0.466694
v 0.009856 -0.021391 0.466694
v 0.018203 -0.016372 0.466694
v 0.023780 -0.008860 0.466694
v 0.030174 0.000000 0.466694
v 0.023780 0.008861 0.466694
v 0.018203 0.016373 0.466694
v 0.009856 0.021392 0.466694
v 0.000011 0.027148 0.466694
v -0.009834 0.021392 0.466694
v -0.018181 0.016373 0.466694
v -0.030153 0.000000 0.466694
v -0.039506 -0.035565 0.372008
v 0.039528 0.035566 0.372008
v -0.021376 -0.046468 0.372008
v 0.021397 0.046469 0.372008
v 0.000011 -0.050296 0.372008
v 0.000011 0.050297 0.372008
v 0.021397 -0.046468 0.372008
v -0.021376 0.046469 0.372008
v 0.039528 -0.035565 0.372008
v -0.039506 0.035566 0.372008
v 0.051642 -0.019247 0.372008
v 0.055896 0.000000 0.372008
v -0.051621 0.019248 0.372008
v -0.055875 0.000000 0.372008
v 0.019393 0.042113 0.407554
v 0.004934 -0.022273 0.466694
v -0.004912 -0.022273 0.466694
v -0.024737 -0.004430 0.466694
v -0.024737 0.004431 0.466694
v -0.004912 0.022273 0.466694
v 0.004934 0.022273 0.466694
v 0.000011 0.000000 0.466694
v 0.000011 -0.094720 -0.118494
v -0.009177 -0.125650 -0.080461
v 0.010989 -0.122868 -0.122324
v 0.011079 -0.136286 -0.147465
v 0.008373 -0.147679 -0.175479
v 0.006528 -0.180817 -0.178067
v 0.008731 -0.163951 -0.139572
v 0.008475 -0.144400 -0.104923
v -0.023189 -0.216690 -0.221279
v -0.012017 -0.113273 -0.049608
v 0.000011 -0.121125 -0.037806
v -0.018111 -0.175832 -0.208414
v 0.000011 -0.129784 -0.193916
v -0.017664 -0.143848 -0.198344
v 0.000011 -0.157913 -0.202773
v 0.017150 -0.113539 -0.128448
v 0.017628 -0.125429 -0.150562
v 0.017716 -0.134674 -0.174463
v 0.000011 -0.170266 -0.081281
v 0.000011 -0.199367 -0.129467
v -0.003470 -0.157913 -0.202773
v 0.000011 -0.193750 -0.214056
v -0.002746 -0.193750 -0.214056
v -0.018059 -0.084198 -0.090365
v 0.000011 -0.079383 -0.097601
v -0.011967 -0.093154 -0.079848
v 0.018866 -0.164248 -0.176773
v 0.018015 -0.150119 -0.143519
v 0.017299 -0.134298 -0.114157
v 0.017667 -0.157333 -0.093102
v 0.020178 -0.181659 -0.134520
v 0.021292 -0.202030 -0.179723
v 0.016273 -0.099287 -0.070629
v -0.009747 -0.105420 -0.061410
v 0.009769 -0.105420 -0.061410
v -0.016251 -0.099287 -0.070629
v 0.011989 -0.093154 -0.079848
v -0.021270 -0.202030 -0.179723
v -0.020156 -0.181659 -0.134520
v -0.017645 -0.157333 -0.093102
v 0.018081 -0.084198 -0.090365
v 0.002768 -0.193750 -0.214056
v 0.003492 -0.157913 -0.202773
v -0.017277 -0.134298 -0.114157
v 0.017686 -0.143848 -0.198344
v -0.017993 -0.150119 -0.143519
v 0.018133 -0.175832 -0.208414
v -0.018844 -0.164248 -0.176773
v 0.012039 -0.113273 -0.049608
v 0.000011 -0.239630 -0.228502
v 0.000011 -0.223242 -0.181380
v 0.023211 -0.216690 -0.221279
v 0.000011 -0.084401 -0.173223
v -0.017694 -0.134674 -0.174463
v -0.017606 -0.125429 -0.150562
v -0.017128 -0.113539 -0.128448
v 0.000011 -0.104038 -0.134435
v 0.000011 -0.114572 -0.153660
v 0.000011 -0.121668 -0.173447
v 0.000015 -0.098049 -0.052543
v 0.000016 -0.081711 -0.068747
v 0.000017 -0.073046 -0.086898
v 0.017033 -0.104111 -0.060717
v 0.020741 -0.087742 -0.080738
v 0.024165 -0.080400 -0.100895
v 0.009857 -0.110596 -0.070912
v 0.012013 -0.093600 -0.095778
v 0.015510 -0.086837 -0.119331
v 0.013592 -0.097873 -0.106744
v 0.019290 -0.091531 -0.132323
v -0.008453 -0.144400 -0.104923
v 0.009199 -0.125650 -0.080461
v -0.008709 -0.163951 -0.139572
v -0.006506 -0.180817 -0.178067
v 0.016510 -0.117884 -0.091229
v 0.011510 -0.109453 -0.101465
v -0.008351 -0.147679 -0.175479
v 0.017200 -0.101601 -0.110672
v 0.000011 -0.144479 -0.054205
v -0.011057 -0.136286 -0.147465
v -0.010968 -0.122868 -0.122324
v 0.015512 -0.135593 -0.066675
v -0.000043 -0.133099 -0.069435
v 0.000014 -0.107944 -0.041671
v 0.014031 -0.112812 -0.046606
v 0.006975 -0.118270 -0.052727
v 0.007894 -0.122249 -0.057190
v -0.000043 -0.138068 0.000599
v -0.017178 -0.101601 -0.110672
v -0.015490 -0.135593 -0.066675
v -0.025387 -0.050458 -0.110701
v -0.023042 -0.061506 -0.144485
v -0.018660 -0.057411 -0.130066
v -0.004178 -0.125943 -0.034542
v 0.000012 -0.138019 -0.040121
v -0.005113 -0.129173 -0.036034
v -0.010006 -0.121514 -0.032495
v -0.000042 -0.109406 -0.136854
v -0.017009 -0.104111 -0.060717
v -0.020717 -0.087742 -0.080738
v -0.024142 -0.080400 -0.100894
v -0.009942 -0.110596 -0.070912
v -0.012098 -0.093600 -0.095778
v -0.015601 -0.086837 -0.119331
v -0.013677 -0.097873 -0.106744
v -0.019260 -0.091531 -0.132323
v -0.014007 -0.112812 -0.046606
v -0.007060 -0.118270 -0.052727
v -0.007979 -0.122249 -0.057190
v 0.018561 0.057412 -0.130066
v -0.023780 0.041139 -0.148335
v -0.011488 0.109287 -0.101465
v -0.016488 0.117718 -0.091229
v 0.000013 0.117674 -0.030798
v 0.004093 0.125777 -0.034542
v 0.005137 0.129007 -0.036034
v -0.019343 0.033005 -0.134991
v 0.010030 0.121348 -0.032495
v 0.000011 0.094554 -0.118494
v -0.009177 0.125484 -0.080461
v 0.010989 0.122702 -0.122324
v 0.011079 0.136121 -0.147465
v 0.008373 0.147513 -0.175479
v 0.006528 0.180651 -0.178067
v 0.008731 0.163785 -0.139572
v 0.008475 0.144234 -0.104923
v -0.023189 0.216524 -0.221279
v -0.012017 0.113107 -0.049608
v 0.000011 0.120959 -0.037806
v -0.018111 0.175666 -0.208414
v 0.000011 0.129618 -0.193916
v -0.017664 0.143683 -0.198344
v 0.000011 0.157747 -0.202773
v 0.017150 0.113373 -0.128448
v 0.017628 0.125263 -0.150562
v 0.017716 0.134508 -0.174463
v 0.000011 0.170100 -0.081281
v 0.000011 0.199202 -0.129467
v -0.003470 0.157747 -0.202773
v 0.000011 0.193584 -0.214056
v -0.002746 0.193584 -0.214056
v -0.018059 0.084032 -0.090365
v 0.000011 0.095127 -0.098537
v -0.011967 0.092988 -0.079848
v 0.018866 0.164082 -0.176773
v 0.018015 0.149953 -0.143519
v 0.017299 0.134132 -0.114157
v 0.017667 0.157167 -0.093102
v 0.020178 0.181493 -0.134520
v 0.021292 0.201864 -0.179723
v 0.016273 0.099121 -0.070629
v -0.009747 0.105255 -0.061410
v 0.009769 0.105255 -0.061410
v -0.016251 0.099121 -0.070629
v 0.011989 0.092988 -0.079848
v -0.021270 0.201864 -0.179723
v -0.020156 0.181493 -0.134520
v -0.017645 0.157167 -0.093102
v 0.018081 0.084032 -0.090365
v 0.002768 0.193584 -0.214056
v 0.003492 0.157747 -0.202773
v -0.017277 0.134132 -0.114157
v 0.017686 0.143683 -0.198344
v -0.017993 0.149953 -0.143519
v 0.018133 0.175666 -0.208414
v -0.018844 0.164082 -0.176773
v 0.012039 0.113107 -0.049608
v 0.000011 0.239464 -0.228502
v 0.000011 0.223077 -0.181380
v 0.023211 0.216524 -0.221279
v 0.000011 0.084236 -0.173223
v -0.017694 0.134508 -0.174463
v -0.017606 0.125263 -0.150562
v -0.017128 0.113373 -0.128448
v 0.000011 0.103873 -0.134435
v 0.000011 0.114406 -0.153660
v 0.000011 0.121502 -0.173447
v 0.000015 0.097883 -0.052543
v 0.000016 0.081545 -0.068747
v 0.000017 0.073047 -0.087346
v 0.017033 0.103945 -0.060717
v 0.020741 0.087576 -0.080738
v 0.024165 0.080401 -0.100886
v 0.009857 0.110431 -0.070912
v 0.012013 0.093435 -0.095778
v 0.015510 0.086838 -0.119331
v 0.013592 0.097707 -0.106744
v 0.019290 0.091532 -0.132323
v -0.008453 0.144234 -0.104923
v 0.009199 0.125484 -0.080461
v -0.008709 0.163785 -0.139572
v -0.006506 0.180651 -0.178067
v 0.016510 0.117718 -0.091229
v 0.011510 0.109287 -0.101465
v -0.008351 0.147513 -0.175479
v 0.017200 0.101435 -0.110672
v 0.000011 0.144313 -0.054205
v -0.011057 0.136121 -0.147465
v -0.010968 0.122702 -0.122324
v 0.015512 0.135427 -0.066675
v -0.000043 0.132933 -0.069435
v 0.000014 0.107779 -0.041671
v 0.014031 0.112647 -0.046606
v 0.006975 0.118104 -0.052727
v 0.007894 0.122083 -0.057190
v -0.000043 0.137902 0.000599
v -0.017178 0.101435 -0.110672
v -0.015490 0.135427 -0.066675
v -0.025387 0.050460 -0.110701
v -0.023042 0.061507 -0.144485
v -0.018660 0.057412 -0.130066
v -0.004178 0.125777 -0.034542
v 0.000012 0.137853 -0.040121
v -0.005113 0.129007 -0.036034
v -0.010006 0.121348 -0.032495
v -0.000042 0.109240 -0.136854
v -0.017009 0.103945 -0.060717
v -0.020717 0.087576 -0.080738
v -0.024142 0.080401 -0.100886
v -0.009942 0.110431 -0.070912
v -0.012098 0.093435 -0.095778
v -0.015601 0.086838 -0.119331
v -0.013677 0.097707 -0.106744
v -0.019260 0.091532 -0.132323
v -0.014007 0.112647 -0.046606
v -0.007060 0.118104 -0.052727
v -0.007979 0.122083 -0.057190
v -0.015504 0.033712 0.005881
v 0.000011 0.036489 0.005881
v 0.015526 -0.033711 0.005881
v 0.000011 -0.036488 0.005881
v 0.015526 0.033712 0.005881
v -0.015504 -0.033711 0.005881
v 0.028679 0.025802 0.005881
v -0.028657 -0.025801 0.005881
v 0.037468 0.013964 0.005881
v -0.037446 -0.013963 0.005881
v 0.040554 0.000001 0.005881
v -0.040532 0.000001 0.005881
v -0.037446 0.013964 0.005881
v 0.037468 -0.013963 0.005881
v -0.028657 0.025802 0.005881
v 0.028679 -0.025801 0.005881
v -0.032255 -0.012028 -0.017094
v -0.035429 -0.013211 -0.017094
v -0.032255 -0.012028 0.000776
v -0.035429 -0.013211 0.000776
v 0.035451 0.013212 0.000776
v 0.032277 0.012029 0.000776
v 0.035451 0.013212 -0.017094
v 0.032277 0.012029 -0.017094
v -0.034913 0.000001 -0.006490
v -0.038349 0.000001 -0.006490
v -0.034913 0.000001 0.011380
v -0.038349 0.000001 0.011380
v 0.038371 0.000001 0.011380
v 0.034935 0.000001 0.011380
v 0.038371 0.000001 -0.006490
v 0.034935 0.000001 -0.006490
v -0.032255 0.012029 0.004114
v -0.035429 0.013212 0.004114
v -0.032255 0.012029 0.021985
v -0.035429 0.013212 0.021985
v 0.035451 -0.013211 0.021985
v 0.032277 -0.012028 0.021985
v 0.035451 -0.013211 0.004114
v 0.032277 -0.012028 0.004114
v -0.024684 0.022226 0.014719
v -0.027113 0.024413 0.014719
v -0.024684 0.022226 0.032589
v -0.027113 0.024413 0.032589
v 0.027135 -0.024411 0.032589
v 0.024706 -0.022225 0.032589
v 0.027135 -0.024411 0.014719
v 0.024706 -0.022225 0.014719
v -0.013354 0.029040 0.025323
v -0.014669 0.031896 0.025323
v -0.013354 0.029040 0.043194
v -0.014669 0.031896 0.043194
v 0.014691 -0.031895 0.043194
v 0.013376 -0.029039 0.043194
v 0.014691 -0.031895 0.025323
v 0.013376 -0.029039 0.025323
v 0.000011 0.031432 0.035927
v 0.000011 0.034524 0.035927
v 0.000011 0.031432 0.053798
v 0.000011 0.034524 0.053798
v 0.000011 -0.034523 0.053798
v 0.000011 -0.031431 0.053798
v 0.000011 -0.034523 0.035927
v 0.000011 -0.031431 0.035927
v 0.013376 0.029040 0.046532
v 0.014691 0.031896 0.046532
v 0.013376 0.029040 0.064402
v 0.014691 0.031896 0.064402
v -0.014669 -0.031895 0.064402
v -0.013354 -0.029039 0.064402
v -0.014669 -0.031895 0.046532
v -0.013354 -0.029039 0.046532
v 0.024706 0.022226 0.057136
v 0.027135 0.024413 0.057136
v 0.024706 0.022226 0.075007
v 0.027135 0.024413 0.075007
v -0.027114 -0.024411 0.075007
v -0.024684 -0.022225 0.075007
v -0.027114 -0.024411 0.057136
v -0.024684 -0.022225 0.057136
v 0.032277 0.012029 0.067741
v 0.035451 0.013212 0.067741
v 0.032277 0.012029 0.085611
v 0.035451 0.013212 0.085611
v -0.035429 -0.013211 0.085611
v -0.032255 -0.012028 0.085611
v -0.035429 -0.013211 0.067741
v -0.032255 -0.012028 0.067741
v 0.034935 0.000001 0.078345
v 0.038371 0.000001 0.078345
v 0.034935 0.000001 0.096216
v 0.038371 0.000001 0.096216
v -0.038349 0.000001 0.096216
v -0.034913 0.000001 0.096216
v -0.038349 0.000001 0.078345
v -0.034913 0.000001 0.078345
v 0.032277 -0.012028 0.088949
v 0.035451 -0.013211 0.088949
v 0.032277 -0.012028 0.106820
v 0.035451 -0.013211 0.106820
v -0.035429 0.013212 0.106820
v -0.032255 0.012029 0.106820
v -0.035429 0.013212 0.088949
v -0.032255 0.012029 0.088949
v 0.024706 -0.022225 0.099554
v 0.027135 -0.024411 0.099554
v 0.024706 -0.022225 0.117424
v 0.027135 -0.024411 0.117424
v -0.027114 0.024413 0.117424
v -0.024684 0.022226 0.117424
v -0.027113 0.024413 0.099554
v -0.024684 0.022226 0.099554
v 0.013376 -0.029039 0.110158
v 0.014691 -0.031895 0.110158
v 0.013376 -0.029039 0.128029
v 0.014691 -0.031895 0.128029
v -0.014669 0.031896 0.128029
v -0.013354 0.029040 0.128029
v -0.014669 0.031896 0.110158
v -0.013354 0.029040 0.110158
v 0.000011 -0.031431 0.120762
v 0.000011 -0.034523 0.120762
v 0.000011 -0.031431 0.138633
v 0.000011 -0.034523 0.138633
v 0.000011 0.034524 0.138633
v 0.000011 0.031432 0.138633
v 0.000011 0.034524 0.120762
v 0.000011 0.031432 0.120762
v -0.013354 -0.029039 0.131367
v -0.014669 -0.031895 0.131367
v -0.013354 -0.029039 0.149237
v -0.014669 -0.031895 0.149237
v 0.014691 0.031896 0.149237
v 0.013376 0.029040 0.149237
v 0.014691 0.031896 0.131367
v 0.013376 0.029040 0.131367
v -0.024684 -0.022225 0.141971
v -0.027114 -0.024411 0.141971
v -0.024684 -0.022225 0.159842
v -0.027114 -0.024411 0.159842
v 0.027135 0.024413 0.159842
v 0.024706 0.022226 0.159842
v 0.027135 0.024413 0.141971
v 0.024706 0.022226 0.141971
v -0.032255 -0.012028 0.152576
v -0.035429 -0.013211 0.152576
v -0.032255 -0.012028 0.170446
v -0.035429 -0.013211 0.170446
v 0.035451 0.013212 0.170446
v 0.032277 0.012029 0.170446
v 0.035451 0.013212 0.152576
v 0.032277 0.012029 0.152576
v -0.034913 0.000001 0.163180
v -0.038349 0.000001 0.163180
v -0.034913 0.000001 0.181051
v -0.038349 0.000001 0.181051
v 0.038371 0.000001 0.181051
v 0.034935 0.000001 0.181051
v 0.038371 0.000001 0.163180
v 0.034935 0.000001 0.163180
v -0.032255 0.012029 0.173784
v -0.035429 0.013212 0.173784
v -0.032255 0.012029 0.191655
v -0.035429 0.013212 0.191655
v 0.035451 -0.013211 0.191655
v 0.032277 -0.012028 0.191655
v 0.035451 -0.013211 0.173784
v 0.032277 -0.012028 0.173784
v -0.024684 0.022226 0.184389
v -0.027114 0.024413 0.184389
v -0.024684 0.022226 0.202259
v -0.027114 0.024413 0.202259
v 0.027135 -0.024411 0.202259
v 0.024706 -0.022225 0.202259
v 0.027135 -0.024411 0.184389
v 0.024706 -0.022225 0.184389
v -0.013354 0.029040 0.194993
v -0.014669 0.031896 0.194993
v -0.013354 0.029040 0.212864
v -0.014669 0.031896 0.212864
v 0.014691 -0.031895 0.212864
v 0.013376 -0.029039 0.212864
v 0.014691 -0.031895 0.194993
v 0.013376 -0.029039 0.194993
v 0.000011 0.031432 0.205597
v 0.000011 0.034524 0.205597
v 0.000011 0.031432 0.223468
v 0.000011 0.034524 0.223468
v 0.000011 -0.034523 0.223468
v 0.000011 -0.031431 0.223468
v 0.000011 -0.034523 0.205597
v 0.000011 -0.031431 0.205597
v 0.013376 0.029040 0.216202
v 0.014691 0.031896 0.216202
v 0.013376 0.029040 0.234072
v 0.014691 0.031896 0.234072
v -0.014669 -0.031895 0.234072
v -0.013354 -0.029039 0.234072
v -0.014669 -0.031895 0.216202
v -0.013354 -0.029039 0.216202
v 0.024706 0.022226 0.226806
v 0.027135 0.024413 0.226806
v 0.024706 0.022226 0.244677
v 0.027135 0.024413 0.244677
v -0.027114 -0.024411 0.244677
v -0.024684 -0.022225 0.244677
v -0.027114 -0.024411 0.226806
v -0.024684 -0.022225 0.226806
v 0.032277 0.012029 0.237411
v 0.035451 0.013212 0.237411
v 0.032277 0.012029 0.255281
v 0.035451 0.013212 0.255281
v -0.035429 -0.013211 0.255281
v -0.032255 -0.012028 0.255281
v -0.035429 -0.013211 0.237411
v -0.032255 -0.012028 0.237411
v 0.034935 0.000001 0.248015
v 0.038371 0.000001 0.248015
v 0.034935 0.000001 0.265886
v 0.038371 0.000001 0.265886
v -0.038349 0.000001 0.265886
v -0.034913 0.000001 0.265886
v -0.038349 0.000001 0.248015
v -0.034913 0.000001 0.248015
v 0.032277 -0.012028 0.258619
v 0.035451 -0.013211 0.258619
v 0.032277 -0.012028 0.276490
v 0.035451 -0.013211 0.276490
v -0.035429 0.013212 0.276490
v -0.032255 0.012029 0.276490
v -0.035429 0.013212 0.258619
v -0.032255 0.012029 0.258619
v 0.024706 -0.022225 0.269224
v 0.027135 -0.024411 0.269224
v 0.024706 -0.022225 0.287094
v 0.027135 -0.024411 0.287094
v -0.027114 0.024413 0.287094
v -0.024684 0.022226 0.287094
v -0.027114 0.024413 0.269224
v -0.024684 0.022226 0.269224
v 0.013376 -0.029039 0.279828
v 0.014691 -0.031895 0.279828
v 0.013376 -0.029039 0.297699
v 0.014691 -0.031895 0.297699
v -0.014669 0.031896 0.297699
v -0.013354 0.029040 0.297699
v -0.014669 0.031896 0.279828
v -0.013354 0.029040 0.279828
v 0.000011 -0.031431 0.290433
v 0.000011 -0.034523 0.290433
v 0.000011 -0.031431 0.308303
v 0.000011 -0.034523 0.308303
v 0.000011 0.034524 0.308303
v 0.000011 0.031432 0.308303
v 0.000011 0.034524 0.290433
v 0.000011 0.031432 0.290433
v -0.013354 -0.029039 0.301037
v -0.014669 -0.031895 0.301037
v -0.013354 -0.029039 0.318907
v -0.014669 -0.031895 0.318907
v 0.014691 0.031896 0.318907
v 0.013376 0.029040 0.318907
v 0.014691 0.031896 0.301037
v 0.013376 0.029040 0.301037
v -0.024684 -0.022225 0.311641
v -0.027114 -0.024411 0.311641
v -0.024684 -0.022225 0.329512
v -0.027114 -0.024411 0.329512
v 0.027135 0.024413 0.329512
v 0.024706 0.022226 0.329512
v 0.027135 0.024413 0.311641
v 0.024706 0.022226 0.311641
v -0.032255 -0.012028 0.322246
v -0.035429 -0.013211 0.322246
v -0.032255 -0.012028 0.340116
v -0.035429 -0.013211 0.340116
v 0.035451 0.013212 0.340116
v 0.032277 0.012029 0.340116
v 0.035451 0.013212 0.322246
v 0.032277 0.012029 0.322246
v -0.034913 0.000001 0.332850
v -0.038349 0.000001 0.332850
v -0.034913 0.000001 0.350721
v -0.038349 0.000001 0.350721
v 0.038371 0.000000 0.350721
v 0.034935 0.000001 0.350721
v 0.038371 0.000000 0.332850
v 0.034935 0.000001 0.332850
v -0.032255 0.012029 0.343454
v -0.035429 0.013212 0.343454
v -0.032255 0.012029 0.361325
v -0.035429 0.013212 0.361325
v 0.035451 -0.013211 0.361325
v 0.032277 -0.012028 0.361325
v 0.035451 -0.013211 0.343454
v 0.032277 -0.012028 0.343454
v -0.036187 0.013495 0.000776
v -0.032255 0.012029 0.000776
v -0.036187 0.013495 -0.017094
v -0.032255 0.012029 -0.017094
v 0.032277 -0.012028 -0.017094
v 0.036209 -0.013494 -0.017094
v 0.032277 -0.012028 0.000776
v 0.036209 -0.013494 0.000776
v -0.039169 0.000001 0.011380
v -0.034913 0.000001 0.011380
v -0.039169 0.000001 -0.006490
v -0.034913 0.000001 -0.006490
v 0.034935 0.000001 -0.006490
v 0.039191 0.000001 -0.006490
v 0.034935 0.000001 0.011380
v 0.039191 0.000001 0.011380
v -0.036187 -0.013494 0.021985
v -0.032255 -0.012028 0.021985
v -0.036187 -0.013494 0.004114
v -0.032255 -0.012028 0.004114
v 0.032277 0.012029 0.004114
v 0.036209 0.013495 0.004114
v 0.032277 0.012029 0.021985
v 0.036209 0.013495 0.021985
v -0.027693 -0.024933 0.032589
v -0.024684 -0.022225 0.032589
v -0.027693 -0.024933 0.014719
v -0.024684 -0.022225 0.014719
v 0.024706 0.022226 0.014719
v 0.027715 0.024935 0.014719
v 0.024706 0.022226 0.032589
v 0.027715 0.024935 0.032589
v -0.014983 -0.032577 0.043194
v -0.013354 -0.029039 0.043194
v -0.014983 -0.032577 0.025323
v -0.013354 -0.029039 0.025323
v 0.013376 0.029040 0.025323
v 0.015004 0.032578 0.025323
v 0.013376 0.029040 0.043194
v 0.015004 0.032578 0.043194
v 0.000011 -0.035261 0.053798
v 0.000011 -0.031431 0.053798
v 0.000011 -0.035261 0.035927
v 0.000011 -0.031431 0.035927
v 0.000011 0.031432 0.035927
v 0.000011 0.035263 0.035927
v 0.000011 0.031432 0.053798
v 0.000011 0.035263 0.053798
v 0.015004 -0.032577 0.064402
v 0.013376 -0.029039 0.064402
v 0.015004 -0.032577 0.046532
v 0.013376 -0.029039 0.046532
v -0.013354 0.029040 0.046532
v -0.014983 0.032578 0.046532
v -0.013354 0.029040 0.064402
v -0.014983 0.032578 0.064402
v 0.027715 -0.024933 0.075007
v 0.024706 -0.022225 0.075007
v 0.027715 -0.024933 0.057136
v 0.024706 -0.022225 0.057136
v -0.024684 0.022226 0.057136
v -0.027693 0.024935 0.057136
v -0.024684 0.022226 0.075007
v -0.027693 0.024935 0.075007
v 0.036209 -0.013494 0.085611
v 0.032277 -0.012028 0.085611
v 0.036209 -0.013494 0.067741
v 0.032277 -0.012028 0.067741
v -0.032255 0.012029 0.067741
v -0.036187 0.013495 0.067741
v -0.032255 0.012029 0.085611
v -0.036187 0.013495 0.085611
v 0.039191 0.000001 0.096216
v 0.034935 0.000001 0.096216
v 0.039191 0.000001 0.078345
v 0.034935 0.000001 0.078345
v -0.034913 0.000001 0.078345
v -0.039169 0.000001 0.078345
v -0.034913 0.000001 0.096216
v -0.039169 0.000001 0.096216
v 0.036209 0.013495 0.106820
v 0.032277 0.012029 0.106820
v 0.036209 0.013495 0.088949
v 0.032277 0.012029 0.088949
v -0.032255 -0.012028 0.088949
v -0.036187 -0.013494 0.088949
v -0.032255 -0.012028 0.106820
v -0.036187 -0.013494 0.106820
v 0.027715 0.024935 0.117424
v 0.024706 0.022226 0.117424
v 0.027715 0.024935 0.099554
v 0.024706 0.022226 0.099554
v -0.024684 -0.022225 0.099554
v -0.027693 -0.024933 0.099554
v -0.024684 -0.022225 0.117424
v -0.027693 -0.024933 0.117424
v 0.015004 0.032578 0.128029
v 0.013376 0.029040 0.128029
v 0.015004 0.032578 0.110158
v 0.013376 0.029040 0.110158
v -0.013354 -0.029039 0.110158
v -0.014983 -0.032577 0.110158
v -0.013354 -0.029039 0.128029
v -0.014983 -0.032577 0.128029
v 0.000011 0.035263 0.138633
v 0.000011 0.031432 0.138633
v 0.000011 0.035263 0.120762
v 0.000011 0.031432 0.120762
v 0.000011 -0.031431 0.120762
v 0.000011 -0.035261 0.120762
v 0.000011 -0.031431 0.138633
v 0.000011 -0.035261 0.138633
v -0.014983 0.032578 0.149237
v -0.013354 0.029040 0.149237
v -0.014983 0.032578 0.131367
v -0.013354 0.029040 0.131367
v 0.013376 -0.029039 0.131367
v 0.015004 -0.032577 0.131367
v 0.013376 -0.029039 0.149237
v 0.015004 -0.032577 0.149237
v -0.027694 0.024934 0.159842
v -0.024684 0.022226 0.159842
v -0.027694 0.024934 0.141971
v -0.024684 0.022226 0.141971
v 0.024706 -0.022225 0.141971
v 0.027715 -0.024933 0.141971
v 0.024706 -0.022225 0.159842
v 0.027715 -0.024933 0.159842
v -0.036187 0.013495 0.170446
v -0.032255 0.012029 0.170446
v -0.036187 0.013495 0.152576
v -0.032255 0.012029 0.152576
v 0.032277 -0.012028 0.152576
v 0.036209 -0.013494 0.152576
v 0.032277 -0.012028 0.170446
v 0.036209 -0.013494 0.170446
v -0.039169 0.000001 0.181051
v -0.034913 0.000001 0.181051
v -0.039169 0.000001 0.163180
v -0.034913 0.000001 0.163180
v 0.034935 0.000001 0.163180
v 0.039191 0.000001 0.163180
v 0.034935 0.000001 0.181051
v 0.039191 0.000001 0.181051
v -0.036187 -0.013494 0.191655
v -0.032255 -0.012028 0.191655
v -0.036187 -0.013494 0.173784
v -0.032255 -0.012028 0.173784
v 0.032277 0.012029 0.173784
v 0.036209 0.013495 0.173784
v 0.032277 0.012029 0.191655
v 0.036209 0.013495 0.191655
v -0.027693 -0.024933 0.202259
v -0.024684 -0.022225 0.202259
v -0.027693 -0.024933 0.184389
v -0.024684 -0.022225 0.184389
v 0.024706 0.022226 0.184389
v 0.027715 0.024935 0.184389
v 0.024706 0.022226 0.202259
v 0.027715 0.024935 0.202259
v -0.014983 -0.032577 0.212864
v -0.013354 -0.029039 0.212864
v -0.014983 -0.032577 0.194993
v -0.013354 -0.029039 0.194993
v 0.013376 0.029040 0.194993
v 0.015004 0.032578 0.194993
v 0.013376 0.029040 0.212864
v 0.015004 0.032578 0.212864
v 0.000011 -0.035261 0.223468
v 0.000011 -0.031431 0.223468
v 0.000011 -0.035261 0.205597
v 0.000011 -0.031431 0.205597
v 0.000011 0.031432 0.205597
v 0.000011 0.035263 0.205597
v 0.000011 0.031432 0.223468
v 0.000011 0.035263 0.223468
v 0.015004 -0.032577 0.234072
v 0.013376 -0.029039 0.234072
v 0.015004 -0.032577 0.216202
v 0.013376 -0.029039 0.216202
v -0.013354 0.029040 0.216202
v -0.014983 0.032578 0.216202
v -0.013354 0.029040 0.234072
v -0.014983 0.032578 0.234072
v 0.027715 -0.024933 0.244677
v 0.024706 -0.022225 0.244677
v 0.027715 -0.024933 0.226806
v 0.024706 -0.022225 0.226806
v -0.024684 0.022226 0.226806
v -0.027694 0.024935 0.226806
v -0.024684 0.022226 0.244677
v -0.027694 0.024935 0.244677
v 0.036208 -0.013494 0.255281
v 0.032277 -0.012028 0.255281
v 0.036208 -0.013494 0.237411
v 0.032277 -0.012028 0.237411
v -0.032255 0.012029 0.237411
v -0.036187 0.013495 0.237411
v -0.032255 0.012029 0.255281
v -0.036187 0.013495 0.255281
v 0.039191 0.000001 0.265886
v 0.034935 0.000001 0.265886
v 0.039191 0.000001 0.248015
v 0.034935 0.000001 0.248015
v -0.034913 0.000001 0.248015
v -0.039169 0.000001 0.248015
v -0.034913 0.000001 0.265886
v -0.039169 0.000001 0.265886
v 0.036208 0.013495 0.276490
v 0.032277 0.012029 0.276490
v 0.036208 0.013495 0.258619
v 0.032277 0.012029 0.258619
v -0.032255 -0.012028 0.258619
v -0.036187 -0.013494 0.258619
v -0.032255 -0.012028 0.276490
v -0.036187 -0.013494 0.276490
v 0.027715 0.024935 0.287094
v 0.024706 0.022226 0.287094
v 0.027715 0.024935 0.269224
v 0.024706 0.022226 0.269224
v -0.024684 -0.022225 0.269224
v -0.027693 -0.024933 0.269224
v -0.024684 -0.022225 0.287094
v -0.027694 -0.024933 0.287094
v 0.015004 0.032578 0.297699
v 0.013376 0.029040 0.297699
v 0.015004 0.032578 0.279828
v 0.013376 0.029040 0.279828
v -0.013354 -0.029039 0.279828
v -0.014983 -0.032577 0.279828
v -0.013354 -0.029039 0.297699
v -0.014983 -0.032577 0.297699
v 0.000011 0.035263 0.308303
v 0.000011 0.031432 0.308303
v 0.000011 0.035263 0.290433
v 0.000011 0.031432 0.290433
v 0.000011 -0.031431 0.290433
v 0.000011 -0.035261 0.290433
v 0.000011 -0.031431 0.308303
v 0.000011 -0.035261 0.308303
v -0.014983 0.032578 0.318907
v -0.013354 0.029040 0.318907
v -0.014983 0.032578 0.301037
v -0.013354 0.029040 0.301037
v 0.013376 -0.029039 0.301037
v 0.015004 -0.032577 0.301037
v 0.013376 -0.029039 0.318907
v 0.015004 -0.032577 0.318907
v -0.027694 0.024935 0.329512
v -0.024684 0.022226 0.329512
v -0.027694 0.024935 0.311641
v -0.024684 0.022226 0.311641
v 0.024706 -0.022225 0.311641
v 0.027715 -0.024933 0.311641
v 0.024706 -0.022225 0.329512
v 0.027715 -0.024933 0.329512
v -0.036187 0.013495 0.340116
v -0.032255 0.012029 0.340116
v -0.036187 0.013495 0.322246
v -0.032255 0.012029 0.322246
v 0.032277 -0.012028 0.322246
v 0.036208 -0.013494 0.322246
v 0.032277 -0.012028 0.340116
v 0.036208 -0.013494 0.340116
v -0.039169 0.000001 0.350721
v -0.034913 0.000001 0.350721
v -0.039169 0.000001 0.332850
v -0.034913 0.000001 0.332850
v 0.034935 0.000001 0.332850
v 0.039191 0.000001 0.332850
v 0.034935 0.000001 0.350721
v 0.039191 0.000001 0.350721
v -0.036187 -0.013494 0.361325
v -0.032255 -0.012028 0.361325
v -0.036187 -0.013494 0.343454
v -0.032255 -0.012028 0.343454
v 0.032277 0.012029 0.343454
v 0.036208 0.013495 0.343454
v 0.032277 0.012029 0.361325
v 0.036208 0.013495 0.361325
v 0.000011 -0.073162 -1.757482
v 0.000011 -0.079549 -0.513551
v 0.000011 0.073163 -1.757482
v 0.000011 0.079550 -0.513551
v 0.000011 0.000001 -2.007059
v 0.000011 0.022731 -1.965463
v 0.000011 0.038937 -1.923867
v 0.000011 0.051276 -1.882270
v 0.000011 0.061625 -1.840674
v 0.000011 0.069491 -1.799078
v 0.000011 -0.069490 -1.799078
v 0.000011 -0.061623 -1.840674
v 0.000011 -0.051275 -1.882270
v 0.000011 -0.038936 -1.923867
v 0.000011 -0.022730 -1.965463
v 0.014739 -0.049224 -0.513551
v 0.014739 0.049225 -0.513551
v 0.014740 0.000001 -1.886749
v 0.014740 0.014066 -1.861009
v 0.014740 0.027065 -1.835270
v 0.014740 0.034714 -1.809530
v 0.014740 0.040582 -1.783791
v 0.014740 0.043000 -1.758051
v 0.014740 -0.042999 -1.758052
v 0.014740 -0.040581 -1.783791
v 0.014740 -0.034713 -1.809530
v 0.014740 -0.027064 -1.835270
v 0.014740 -0.014065 -1.861009
v -0.014717 -0.049224 -0.513551
v -0.014717 0.049225 -0.513551
v -0.014717 0.000001 -1.886749
v -0.014717 0.014066 -1.861009
v -0.014717 0.027065 -1.835270
v -0.014717 0.034714 -1.809530
v -0.014717 0.040582 -1.783791
v -0.014717 0.043000 -1.758051
v -0.014717 -0.042999 -1.758052
v -0.014717 -0.040581 -1.783791
v -0.014717 -0.034713 -1.809530
v -0.014717 -0.027064 -1.835270
v -0.014717 -0.014065 -1.861009
v 0.014739 -0.097983 -0.433429
v 0.014739 -0.080043 -0.479282
v 0.000011 -0.097856 -0.425625
v 0.000011 -0.081252 -0.410616
v 0.000011 -0.067144 -0.395607
v 0.000011 -0.087688 -0.487572
v 0.014739 -0.035748 -0.377773
v 0.000011 -0.057951 -0.377773
v 0.000011 -0.097983 -0.473080
v 0.014739 -0.097983 -0.464421
v 0.014739 -0.055503 -0.399256
v 0.014739 -0.073883 -0.416820
v 0.014739 0.097984 -0.433429
v 0.000011 0.097857 -0.425625
v 0.000011 0.081253 -0.410616
v 0.000011 0.067145 -0.395607
v 0.014739 0.035749 -0.377773
v 0.000011 0.057952 -0.377773
v 0.000011 0.097984 -0.473080
v 0.014739 0.097984 -0.464421
v 0.014739 0.055504 -0.399256
v 0.014739 0.073884 -0.416820
v -0.014717 -0.097983 -0.433429
v -0.014717 -0.035748 -0.377773
v -0.014717 -0.097983 -0.464421
v -0.014717 -0.055503 -0.399256
v -0.014717 -0.073883 -0.416820
v -0.014717 0.097984 -0.433429
v -0.014717 0.035749 -0.377773
v -0.014717 0.097984 -0.464421
v -0.014717 0.055504 -0.399256
v -0.014717 0.073884 -0.416820
v 0.014739 -0.051982 -0.156158
v 0.000011 -0.066130 -0.180260
v -0.014717 -0.051982 -0.156158
v -0.014717 -0.038715 -0.248132
v 0.000011 -0.058964 -0.248132
v 0.014739 -0.038715 -0.248132
v -0.014717 -0.040537 -0.219369
v 0.000011 -0.061003 -0.219369
v 0.014739 -0.040537 -0.219369
v -0.014717 -0.042780 -0.196374
v 0.000011 -0.062798 -0.202627
v 0.014739 -0.042780 -0.196374
v 0.014739 -0.008556 -0.218044
v 0.014739 0.051983 -0.156158
v 0.000011 0.066131 -0.180260
v -0.014717 0.051983 -0.156158
v -0.014717 0.038716 -0.248132
v 0.000011 0.058965 -0.248132
v 0.014739 0.038716 -0.248132
v -0.014717 0.040538 -0.219369
v 0.000011 0.061004 -0.219369
v 0.014739 0.040538 -0.219369
v -0.014717 0.042781 -0.196374
v 0.000011 0.062799 -0.202627
v 0.014739 0.042781 -0.196374
v 0.014739 0.008557 -0.218044
v -0.014717 0.000001 -0.071208
v 0.014739 0.000001 -0.071208
v 0.014739 -0.008556 -0.184515
v 0.014739 0.000001 -0.087154
v 0.014739 0.008557 -0.184515
v 0.014739 -0.034551 -0.142701
v 0.022563 -0.021256 -0.142685
v 0.022563 0.000001 -0.218044
v 0.014739 0.000001 -0.228893
v 0.022563 0.000001 -0.175279
v 0.022563 0.000001 -0.109220
v 0.014739 0.034552 -0.142701
v 0.022563 0.021257 -0.142685
v 0.022563 -0.023910 -0.142701
v 0.022563 0.000001 -0.105057
v 0.022563 0.000001 -0.179365
v 0.022563 0.023911 -0.142701
v 0.041280 0.000001 -0.142685
v -0.014717 -0.008556 -0.218044
v -0.014717 0.008557 -0.218044
v -0.014717 -0.008556 -0.184515
v -0.014717 0.000001 -0.087154
v -0.014717 0.008557 -0.184515
v -0.014717 -0.034551 -0.142701
v -0.022541 -0.021256 -0.142685
v -0.022541 0.000001 -0.218044
v -0.014717 0.000001 -0.228893
v -0.022541 0.000001 -0.175279
v -0.022541 0.000001 -0.109220
v -0.014717 0.034552 -0.142701
v -0.022541 0.021257 -0.142685
v -0.022541 -0.023910 -0.142701
v -0.022541 0.000001 -0.105057
v -0.022541 0.000001 -0.179365
v -0.022541 0.023911 -0.142701
v -0.041258 0.000001 -0.142685
v 0.000011 -0.067287 -0.295587
v 0.000011 -0.067287 -0.270984
v 0.000011 -0.057523 -0.270984
v 0.000011 -0.057523 -0.295587
v 0.018497 -0.041592 -0.295587
v 0.018497 -0.041592 -0.270984
v -0.018475 -0.041592 -0.295587
v -0.018475 -0.041592 -0.270984
v -0.014254 -0.037134 -0.295587
v -0.014254 -0.037134 -0.270984
v 0.014276 -0.037134 -0.270984
v 0.014276 -0.037134 -0.295587
v 0.014276 0.037135 -0.295587
v 0.014276 0.037135 -0.270984
v -0.014254 0.037135 -0.270984
v -0.014254 0.037135 -0.295587
v -0.018475 0.041593 -0.270984
v -0.018475 0.041593 -0.295587
v 0.018497 0.041593 -0.270984
v 0.018497 0.041593 -0.295587
v 0.000011 0.057524 -0.295587
v 0.000011 0.057524 -0.270984
v 0.000011 0.067288 -0.270984
v 0.000011 0.067288 -0.295587
v 0.000011 -0.081443 -0.502139
v 0.014739 -0.062826 -0.496390
v 0.014739 0.080044 -0.479282
v 0.000011 0.087689 -0.487572
v -0.014717 -0.080043 -0.479282
v 0.000011 0.081444 -0.502139
v 0.014739 0.062827 -0.496390
v -0.014717 -0.062826 -0.496390
v -0.014717 0.080044 -0.479282
v -0.014717 0.062827 -0.496390
v 0.026209 -0.022667 -0.116885
v 0.026209 -0.022667 -0.116885
v 0.026209 -0.022667 -0.116885
v 0.019242 -0.033004 -0.134991
v 0.019242 -0.033004 -0.134991
v 0.023816 -0.041138 -0.148335
v 0.023816 -0.041138 -0.148335
v 0.000034 -0.068931 -0.184833
v 0.000034 -0.068931 -0.184833
v 0.025410 -0.050459 -0.110701
v 0.023080 -0.061506 -0.144485
v 0.000011 -0.073649 -0.183443
v 0.018561 -0.057411 -0.130066
v -0.099159 0.000001 -0.044668
v -0.091610 0.034156 -0.044668
v -0.091610 0.034156 -0.023989
v -0.099159 0.000001 -0.023989
v -0.070113 0.063112 -0.044668
v -0.070113 0.063112 -0.023989
v -0.037940 0.082459 -0.044668
v -0.037940 0.082459 -0.023989
v 0.000011 0.089253 -0.044668
v 0.000011 0.089253 -0.023989
v 0.037962 0.082459 -0.044668
v 0.037962 0.082459 -0.023989
v 0.070135 0.063112 -0.044668
v 0.070135 0.063112 -0.023989
v 0.091632 0.034156 -0.044668
v 0.091632 0.034156 -0.023989
v 0.099181 0.000001 -0.044668
v 0.099181 0.000001 -0.023989
v 0.091632 -0.034155 -0.044668
v 0.091632 -0.034155 -0.023989
v 0.070135 -0.063111 -0.044668
v 0.070135 -0.063111 -0.023989
v 0.037962 -0.082458 -0.044668
v 0.037962 -0.082458 -0.023989
v 0.000011 -0.089252 -0.044668
v 0.000011 -0.089252 -0.023989
v -0.037940 -0.082458 -0.044668
v -0.037940 -0.082458 -0.023989
v -0.070113 -0.063111 -0.044668
v -0.070113 -0.063111 -0.023989
v -0.091610 -0.034155 -0.044668
v -0.091610 -0.034155 -0.023989
v 0.039708 0.014798 -0.104219
v 0.026209 0.022668 -0.116885
v 0.026209 0.022668 -0.116885
v 0.026209 0.022668 -0.116885
v 0.046373 0.009026 -0.094929
v -0.015879 0.034303 -0.107378
v -0.026187 0.022668 -0.116885
v -0.026187 0.022668 -0.116885
v -0.026187 0.022668 -0.116885
v 0.055056 0.001507 -0.082828
v 0.015901 0.034303 -0.107378
v 0.000017 0.043516 -0.094929
v 0.000017 0.043516 -0.094929
v -0.046351 0.009026 -0.094929
v -0.055034 0.001507 -0.082828
v -0.039686 0.014798 -0.104219
v -0.056314 0.020998 -0.015604
v -0.060955 0.000001 -0.015604
v -0.043098 0.038799 -0.015604
v -0.023319 0.050693 -0.015604
v 0.000011 0.054870 -0.015604
v 0.023342 0.050693 -0.015604
v 0.043120 0.038799 -0.015604
v 0.056336 0.020998 -0.015604
v 0.060977 0.000001 -0.015604
v 0.056336 -0.020997 -0.015604
v 0.043120 -0.038798 -0.015604
v 0.023342 -0.050692 -0.015604
v 0.000011 -0.054869 -0.015604
v -0.023319 -0.050692 -0.015604
v -0.043098 -0.038798 -0.015604
v -0.056314 -0.020997 -0.015604
v -0.056314 0.020998 -0.007246
v -0.060955 0.000001 -0.007246
v -0.043098 0.038799 -0.007246
v -0.023319 0.050693 -0.007246
v 0.000011 0.054870 -0.007246
v 0.023342 0.050693 -0.007246
v 0.043120 0.038799 -0.007246
v 0.056336 0.020998 -0.007246
v 0.060977 0.000001 -0.007246
v 0.056336 -0.020997 -0.007246
v 0.043120 -0.038798 -0.007246
v 0.023342 -0.050692 -0.007246
v 0.000011 -0.054869 -0.007246
v -0.023319 -0.050692 -0.007246
v -0.043098 -0.038798 -0.007246
v -0.056314 -0.020997 -0.007246
v -0.047438 0.017689 -0.007246
v -0.051348 0.000001 -0.007246
v -0.036305 0.032685 -0.007246
v -0.019643 0.042705 -0.007246
v 0.000011 0.046223 -0.007246
v 0.019665 0.042705 -0.007246
v 0.036327 0.032685 -0.007246
v 0.047460 0.017689 -0.007246
v 0.051370 0.000001 -0.007246
v 0.047460 -0.017688 -0.007246
v 0.036327 -0.032684 -0.007246
v 0.019665 -0.042704 -0.007246
v 0.000011 -0.046222 -0.007246
v -0.019643 -0.042704 -0.007246
v -0.036305 -0.032684 -0.007246
v -0.047438 -0.017688 -0.007246
v -0.033365 0.012443 0.005881
v -0.036115 0.000001 0.005881
v -0.025534 0.022991 0.005881
v -0.013814 0.030039 0.005881
v 0.000011 0.032514 0.005881
v 0.013836 0.030039 0.005881
v 0.025556 0.022991 0.005881
v 0.033387 0.012443 0.005881
v 0.036137 0.000001 0.005881
v 0.033387 -0.012442 0.005881
v 0.025556 -0.022990 0.005881
v 0.013836 -0.030038 0.005881
v 0.000011 -0.032513 0.005881
v -0.013814 -0.030038 0.005881
v -0.025534 -0.022990 0.005881
v -0.033365 -0.012442 0.005881
v -0.033365 0.012443 0.337785
v -0.036115 0.000000 0.337785
v -0.025534 0.022991 0.337785
v -0.013814 0.030039 0.337785
v 0.000011 0.032514 0.337785
v 0.013836 0.030039 0.337785
v 0.025556 0.022991 0.337785
v 0.033387 0.012443 0.337785
v 0.036137 0.000000 0.337785
v 0.033387 -0.012442 0.337785
v 0.025556 -0.022990 0.337785
v 0.013836 -0.030038 0.337785
v 0.000011 -0.032513 0.337785
v -0.013814 -0.030038 0.337785
v -0.025534 -0.022990 0.337785
v -0.033365 -0.012442 0.337785
v -0.039394 0.014690 0.337785
v -0.042641 0.000000 0.337785
v -0.030148 0.027144 0.337785
v -0.016311 0.035465 0.337785
v 0.000011 0.038387 0.337785
v 0.016333 0.035465 0.337785
v 0.030170 0.027144 0.337785
v 0.039416 0.014690 0.337785
v 0.042663 0.000000 0.337785
v 0.039416 -0.014689 0.337785
v 0.030170 -0.027143 0.337785
v 0.016333 -0.035464 0.337785
v 0.000011 -0.038386 0.337785
v -0.016311 -0.035464 0.337785
v -0.030148 -0.027143 0.337785
v -0.039394 -0.014689 0.337785
v -0.039394 0.014690 0.352058
v -0.042641 0.000000 0.352058
v -0.030148 0.027144 0.352058
v -0.016311 0.035465 0.352058
v 0.000011 0.038387 0.352058
v 0.016333 0.035465 0.352058
v 0.030170 0.027144 0.352058
v 0.039416 0.014690 0.352058
v 0.042662 0.000000 0.352058
v 0.039416 -0.014689 0.352058
v 0.030170 -0.027143 0.352058
v 0.016333 -0.035464 0.352058
v 0.000011 -0.038386 0.352058
v -0.016311 -0.035464 0.352058
v -0.030148 -0.027143 0.352058
v -0.039394 -0.014689 0.352058
v -0.068356 0.025487 0.391959
v -0.073988 0.000000 0.391959
v -0.052314 0.047093 0.391959
v -0.028307 0.061530 0.391959
v 0.000011 0.066600 0.391959
v 0.028329 0.061530 0.391959
v 0.052336 0.047093 0.391959
v 0.068377 0.025487 0.391959
v 0.074010 0.000000 0.391959
v 0.068377 -0.025486 0.391959
v 0.052336 -0.047092 0.391959
v 0.028329 -0.061529 0.391959
v 0.000011 -0.066599 0.391959
v -0.028307 -0.061529 0.391959
v -0.052314 -0.047092 0.391959
v -0.068356 -0.025486 0.391959
v -0.025560 0.023015 0.413955
v -0.033399 0.012456 0.413955
v -0.033399 0.012456 0.413955
v -0.013828 0.030070 0.413955
v -0.013828 0.030070 0.413955
v 0.025582 0.023015 0.413955
v 0.013850 0.030070 0.413955
v 0.013850 0.030070 0.413955
v 0.033421 0.012456 0.413955
v 0.033421 0.012456 0.413955
v 0.025582 -0.023014 0.413955
v 0.033421 -0.012455 0.413955
v 0.033421 -0.012455 0.413955
v 0.013850 -0.030069 0.413955
v 0.013850 -0.030069 0.413955
v -0.025560 -0.023014 0.413955
v -0.013828 -0.030069 0.413955
v -0.013828 -0.030069 0.413955
v -0.033399 -0.012455 0.413955
v -0.033399 -0.012455 0.413955
v -0.024737 -0.004430 0.466694
v -0.024737 -0.004430 0.466694
v -0.023758 -0.008860 0.466694
v -0.018181 -0.016372 0.466694
v -0.009834 -0.021391 0.466694
v -0.004912 -0.022273 0.466694
v -0.004912 -0.022273 0.466694
v 0.000011 -0.027147 0.466694
v 0.000011 -0.027147 0.466694
v 0.004934 -0.022273 0.466694
v 0.004934 -0.022273 0.466694
v 0.009856 -0.021391 0.466694
v 0.018203 -0.016372 0.466694
v 0.023780 -0.008860 0.466694
v 0.024759 -0.004430 0.466694
v 0.024759 -0.004430 0.466694
v 0.030174 0.000000 0.466694
v 0.030174 0.000000 0.466694
v 0.024759 0.004431 0.466694
v 0.024759 0.004431 0.466694
v 0.023780 0.008861 0.466694
v 0.018203 0.016373 0.466694
v 0.009856 0.021392 0.466694
v 0.004934 0.022273 0.466694
v 0.004934 0.022273 0.466694
v 0.000011 0.027148 0.466694
v 0.000011 0.027148 0.466694
v -0.004912 0.022273 0.466694
v -0.004912 0.022273 0.466694
v -0.009834 0.021392 0.466694
v -0.018181 0.016373 0.466694
v -0.023758 0.008861 0.466694
v -0.024737 0.004431 0.466694
v -0.024737 0.004431 0.466694
v -0.030153 0.000000 0.466694
v -0.030153 0.000000 0.466694
v 0.046907 0.000000 0.352058
v 0.043337 -0.016151 0.352058
v -0.043315 0.016152 0.352058
v -0.033149 0.029845 0.352058
v 0.033171 -0.029844 0.352058
v -0.017935 0.038994 0.352058
v 0.017957 -0.038993 0.352058
v 0.000011 0.042206 0.352058
v 0.000011 -0.042206 0.352058
v 0.017957 0.038994 0.352058
v -0.017935 -0.038993 0.352058
v 0.033171 0.029845 0.352058
v -0.033149 -0.029844 0.352058
v 0.043337 0.016152 0.352058
v -0.043315 -0.016151 0.352058
v -0.046885 0.000000 0.352058
v 0.015901 -0.034302 -0.107378
v 0.000017 -0.043515 -0.094929
v 0.000017 -0.043515 -0.094929
v -0.019343 -0.033004 -0.134991
v -0.019343 -0.033004 -0.134991
v -0.019343 -0.033004 -0.134991
v -0.023780 -0.041138 -0.148335
v -0.023780 -0.041138 -0.148335
v -0.023780 -0.041138 -0.148335
v 0.000011 -0.223242 -0.181380
v 0.000011 -0.199367 -0.129467
v 0.000011 -0.239630 -0.228502
v 0.000011 -0.239630 -0.228502
v -0.023189 -0.216690 -0.221279
v -0.023189 -0.216690 -0.221279
v -0.025175 -0.022667 -0.116885
v -0.025175 -0.022667 -0.116885
v -0.025175 -0.022667 -0.116885
v -0.019260 -0.091531 -0.132323
v -0.023042 -0.061506 -0.144485
v -0.015601 -0.086837 -0.119331
v -0.018660 -0.057411 -0.130066
v -0.024142 -0.080400 -0.100894
v -0.025387 -0.050458 -0.110701
v -0.015879 -0.034302 -0.107378
v 0.046373 -0.009025 -0.094929
v 0.055056 -0.001506 -0.082828
v 0.055722 0.000001 -0.081987
v 0.055722 0.000001 -0.081987
v 0.039708 -0.014797 -0.104219
v -0.046351 -0.009025 -0.094929
v -0.039686 -0.014797 -0.104219
v -0.055034 -0.001506 -0.082828
v -0.055699 0.000001 -0.081987
v -0.055699 0.000001 -0.081987
v 0.000011 0.000001 -0.080403
v 0.000011 0.239464 -0.228502
v 0.000011 0.239464 -0.228502
v -0.023189 0.216524 -0.221279
v -0.023189 0.216524 -0.221279
v 0.000011 0.223077 -0.181380
v 0.000011 0.199202 -0.129467
v -0.019343 0.033005 -0.134991
v -0.019343 0.033005 -0.134991
v -0.019343 0.033005 -0.134991
v -0.023780 0.041139 -0.148335
v -0.023780 0.041139 -0.148335
v -0.023780 0.041139 -0.148335
v 0.019242 0.033005 -0.134991
v 0.019242 0.033005 -0.134991
v 0.018561 0.057412 -0.130066
v 0.000034 0.068932 -0.184833
v 0.000034 0.068932 -0.184833
v 0.000011 0.073650 -0.183443
v 0.023816 0.041139 -0.148335
v 0.023816 0.041139 -0.148335
v 0.023080 0.061507 -0.144485
v 0.000011 0.045583 0.407554
v 0.000011 0.045583 0.407554
v -0.050636 0.000000 0.407554
v -0.050636 0.000000 0.407554
v 0.050658 0.000000 0.407554
v 0.050658 0.000000 0.407554
v 0.000011 -0.045582 0.407554
v 0.000011 -0.045582 0.407554
v -0.017645 -0.157333 -0.093102
v -0.015490 -0.135593 -0.066675
v -0.017128 -0.113539 -0.128448
v -0.017178 -0.101601 -0.110672
v -0.010968 -0.122868 -0.122324
v -0.011488 -0.109453 -0.101465
v -0.016251 -0.099287 -0.070629
v -0.016488 -0.117884 -0.091229
v 0.000011 -0.079383 -0.097601
v 0.000011 -0.094720 -0.118494
v -0.009747 -0.105420 -0.061410
v -0.009177 -0.125650 -0.080461
v 0.011079 -0.136286 -0.147465
v 0.010989 -0.122868 -0.122324
v 0.008373 -0.147679 -0.175479
v 0.003492 -0.157913 -0.202773
v 0.003492 -0.157913 -0.202773
v 0.008731 -0.163951 -0.139572
v 0.006528 -0.180817 -0.178067
v 0.008475 -0.144400 -0.104923
v 0.009199 -0.125650 -0.080461
v -0.017664 -0.143848 -0.198344
v -0.017664 -0.143848 -0.198344
v 0.000011 -0.129784 -0.193916
v 0.000011 -0.129784 -0.193916
v 0.017628 -0.125429 -0.150562
v 0.017150 -0.113539 -0.128448
v 0.017716 -0.134674 -0.174463
v 0.017686 -0.143848 -0.198344
v 0.017686 -0.143848 -0.198344
v 0.000011 -0.170266 -0.081281
v 0.018015 -0.150119 -0.143519
v 0.018866 -0.164248 -0.176773
v 0.017299 -0.134298 -0.114157
v 0.016510 -0.117884 -0.091229
v 0.020178 -0.181659 -0.134520
v 0.017667 -0.157333 -0.093102
v 0.021292 -0.202030 -0.179723
v 0.023211 -0.216690 -0.221279
v 0.023211 -0.216690 -0.221279
v 0.011510 -0.109453 -0.101465
v 0.011989 -0.093154 -0.079848
v 0.002768 -0.193750 -0.214056
v 0.002768 -0.193750 -0.214056
v 0.017200 -0.101601 -0.110672
v 0.018081 -0.084198 -0.090365
v -0.012017 -0.113273 -0.049608
v 0.018133 -0.175832 -0.208414
v 0.018133 -0.175832 -0.208414
v 0.015512 -0.135593 -0.066675
v 0.012039 -0.113273 -0.049608
v -0.018844 -0.164248 -0.176773
v -0.018111 -0.175832 -0.208414
v -0.018111 -0.175832 -0.208414
v -0.018059 -0.084198 -0.090365
v 0.000011 -0.121668 -0.173447
v -0.006506 -0.180817 -0.178067
v -0.002746 -0.193750 -0.214056
v -0.002746 -0.193750 -0.214056
v -0.011967 -0.093154 -0.079848
v -0.021270 -0.202030 -0.179723
v -0.020156 -0.181659 -0.134520
v -0.017277 -0.134298 -0.114157
v -0.017993 -0.150119 -0.143519
v -0.017694 -0.134674 -0.174463
v -0.017606 -0.125429 -0.150562
v -0.025387 0.050460 -0.110701
v 0.000017 0.073047 -0.087346
v 0.025410 0.050460 -0.110701
v 0.000011 -0.104038 -0.134435
v 0.000011 -0.114572 -0.153660
v 0.000017 -0.073046 -0.086898
v 0.024165 -0.080400 -0.100895
v 0.015510 -0.086837 -0.119331
v 0.019290 -0.091531 -0.132323
v 0.000011 -0.084401 -0.173223
v -0.008453 -0.144400 -0.104923
v -0.008709 -0.163951 -0.139572
v 0.000014 -0.107944 -0.041671
v 0.000015 -0.098049 -0.052543
v 0.000016 -0.081711 -0.068747
v 0.014031 -0.112812 -0.046606
v 0.017033 -0.104111 -0.060717
v 0.020741 -0.087742 -0.080738
v 0.012013 -0.093600 -0.095778
v 0.013592 -0.097873 -0.106744
v -0.003470 -0.157913 -0.202773
v -0.003470 -0.157913 -0.202773
v -0.008351 -0.147679 -0.175479
v -0.011057 -0.136286 -0.147465
v 0.009769 -0.105420 -0.061410
v 0.016273 -0.099287 -0.070629
v 0.000011 -0.144479 -0.054205
v 0.000013 -0.117840 -0.030798
v 0.010030 -0.121514 -0.032495
v 0.004093 -0.125943 -0.034542
v 0.006975 -0.118270 -0.052727
v 0.005137 -0.129173 -0.036034
v 0.007894 -0.122249 -0.057190
v -0.000043 -0.138068 0.000599
v -0.000043 -0.138068 0.000599
v -0.000043 -0.138068 0.000599
v -0.000043 -0.138068 0.000599
v -0.000043 -0.138068 0.000599
v -0.000043 -0.138068 0.000599
v -0.000043 -0.138068 0.000599
v -0.014007 -0.112812 -0.046606
v -0.017009 -0.104111 -0.060717
v -0.020717 -0.087742 -0.080738
v -0.012098 -0.093600 -0.095778
v -0.013677 -0.097873 -0.106744
v -0.010006 -0.121514 -0.032495
v -0.004178 -0.125943 -0.034542
v -0.007060 -0.118270 -0.052727
v -0.005113 -0.129173 -0.036034
v -0.007979 -0.122249 -0.057190
v -0.000043 -0.133099 -0.069435
v 0.000012 -0.138019 -0.040121
v -0.000042 -0.109406 -0.136854
v 0.000011 -0.121125 -0.037806
v -0.019260 0.091532 -0.132323
v -0.023042 0.061507 -0.144485
v -0.015601 0.086838 -0.119331
v -0.018660 0.057412 -0.130066
v -0.024142 0.080401 -0.100886
v -0.017645 0.157167 -0.093102
v -0.015490 0.135427 -0.066675
v -0.017128 0.113373 -0.128448
v -0.017178 0.101435 -0.110672
v -0.010968 0.122702 -0.122324
v -0.011488 0.109287 -0.101465
v -0.016251 0.099121 -0.070629
v -0.016488 0.117718 -0.091229
v 0.000011 0.095127 -0.098537
v 0.000011 0.094554 -0.118494
v -0.009747 0.105255 -0.061410
v -0.009177 0.125484 -0.080461
v 0.011079 0.136121 -0.147465
v 0.010989 0.122702 -0.122324
v 0.008373 0.147513 -0.175479
v 0.003492 0.157747 -0.202773
v 0.003492 0.157747 -0.202773
v 0.008731 0.163785 -0.139572
v 0.006528 0.180651 -0.178067
v 0.008475 0.144234 -0.104923
v 0.009199 0.125484 -0.080461
v -0.017664 0.143683 -0.198344
v -0.017664 0.143683 -0.198344
v 0.000011 0.129618 -0.193916
v 0.000011 0.129618 -0.193916
v 0.017628 0.125263 -0.150562
v 0.017150 0.113373 -0.128448
v 0.017716 0.134508 -0.174463
v 0.017686 0.143683 -0.198344
v 0.017686 0.143683 -0.198344
v 0.000011 0.170100 -0.081281
v 0.018015 0.149953 -0.143519
v 0.018866 0.164082 -0.176773
v 0.017299 0.134132 -0.114157
v 0.016510 0.117718 -0.091229
v 0.020178 0.181493 -0.134520
v 0.017667 0.157167 -0.093102
v 0.021292 0.201864 -0.179723
v 0.023211 0.216524 -0.221279
v 0.023211 0.216524 -0.221279
v 0.011510 0.109287 -0.101465
v 0.011989 0.092988 -0.079848
v 0.002768 0.193584 -0.214056
v 0.002768 0.193584 -0.214056
v 0.017200 0.101435 -0.110672
v 0.018081 0.084032 -0.090365
v -0.012017 0.113107 -0.049608
v 0.018133 0.175666 -0.208414
v 0.018133 0.175666 -0.208414
v 0.015512 0.135427 -0.066675
v 0.012039 0.113107 -0.049608
v -0.018844 0.164082 -0.176773
v -0.018111 0.175666 -0.208414
v -0.018111 0.175666 -0.208414
v -0.018059 0.084032 -0.090365
v 0.000011 0.121502 -0.173447
v -0.006506 0.180651 -0.178067
v -0.002746 0.193584 -0.214056
v -0.002746 0.193584 -0.214056
v -0.011967 0.092988 -0.079848
v -0.021270 0.201864 -0.179723
v -0.020156 0.181493 -0.134520
v -0.017277 0.134132 -0.114157
v -0.017993 0.149953 -0.143519
v -0.017694 0.134508 -0.174463
v -0.017606 0.125263 -0.150562
v 0.000011 0.103873 -0.134435
v 0.000011 0.114406 -0.153660
v 0.024165 0.080401 -0.100886
v 0.015510 0.086838 -0.119331
v 0.019290 0.091532 -0.132323
v 0.000011 0.084236 -0.173223
v -0.008453 0.144234 -0.104923
v -0.008709 0.163785 -0.139572
v 0.000014 0.107779 -0.041671
v 0.000015 0.097883 -0.052543
v 0.000016 0.081545 -0.068747
v 0.014031 0.112647 -0.046606
v 0.017033 0.103945 -0.060717
v 0.020741 0.087576 -0.080738
v 0.012013 0.093435 -0.095778
v 0.013592 0.097707 -0.106744
v -0.003470 0.157747 -0.202773
v -0.003470 0.157747 -0.202773
v -0.008351 0.147513 -0.175479
v -0.011057 0.136121 -0.147465
v 0.009769 0.105255 -0.061410
v 0.016273 0.099121 -0.070629
v 0.000011 0.144313 -0.054205
v 0.000013 0.117674 -0.030798
v 0.010030 0.121348 -0.032495
v 0.004093 0.125777 -0.034542
v 0.006975 0.118104 -0.052727
v 0.005137 0.129007 -0.036034
v 0.007894 0.122083 -0.057190
v -0.000043 0.137902 0.000599
v -0.000043 0.137902 0.000599
v -0.000043 0.137902 0.000599
v -0.000043 0.137902 0.000599
v -0.000043 0.137902 0.000599
v -0.000043 0.137902 0.000599
v -0.000043 0.137902 0.000599
v -0.014007 0.112647 -0.046606
v -0.017009 0.103945 -0.060717
v -0.020717 0.087576 -0.080738
v -0.012098 0.093435 -0.095778
v -0.013677 0.097707 -0.106744
v -0.010006 0.121348 -0.032495
v -0.004178 0.125777 -0.034542
v -0.007060 0.118104 -0.052727
v -0.005113 0.129007 -0.036034
v -0.007979 0.122083 -0.057190
v -0.000043 0.132933 -0.069435
v 0.000012 0.137853 -0.040121
v -0.000042 0.109240 -0.136854
v 0.000011 0.120959 -0.037806
v 0.028679 -0.025801 0.005881
v 0.015526 -0.033711 0.005881
v -0.028657 0.025802 0.005881
v -0.015504 0.033712 0.005881
v 0.037468 -0.013963 0.005881
v -0.037446 0.013964 0.005881
v 0.040554 0.000001 0.005881
v -0.037446 -0.013963 0.005881
v -0.040532 0.000001 0.005881
v 0.037468 0.013964 0.005881
v -0.028657 -0.025801 0.005881
v 0.028679 0.025802 0.005881
v -0.015504 -0.033711 0.005881
v 0.015526 0.033712 0.005881
v 0.000011 -0.036488 0.005881
v 0.000011 0.036489 0.005881
v -0.038349 0.000001 -0.006490
v -0.035429 -0.013211 -0.017094
v -0.038349 0.000001 0.011380
v -0.035429 -0.013211 0.000776
v 0.038371 0.000001 0.011380
v 0.035451 0.013212 0.000776
v 0.038371 0.000001 -0.006490
v 0.035451 0.013212 -0.017094
v -0.035429 0.013212 0.004114
v -0.035429 0.013212 0.021985
v 0.035451 -0.013211 0.021985
v 0.035451 -0.013211 0.004114
v -0.027113 0.024413 0.014719
v -0.027113 0.024413 0.032589
v 0.027135 -0.024411 0.032589
v 0.027135 -0.024411 0.014719
v -0.014669 0.031896 0.025323
v -0.014669 0.031896 0.043194
v 0.014691 -0.031895 0.043194
v 0.014691 -0.031895 0.025323
v 0.000011 0.034524 0.035927
v 0.000011 0.034524 0.053798
v 0.000011 -0.034523 0.053798
v 0.000011 -0.034523 0.035927
v 0.014691 0.031896 0.046532
v 0.014691 0.031896 0.064402
v -0.014669 -0.031895 0.064402
v -0.014669 -0.031895 0.046532
v 0.027135 0.024413 0.057136
v 0.027135 0.024413 0.075007
v -0.027114 -0.024411 0.075007
v -0.027114 -0.024411 0.057136
v 0.035451 0.013212 0.067741
v 0.035451 0.013212 0.085611
v -0.035429 -0.013211 0.085611
v -0.035429 -0.013211 0.067741
v 0.038371 0.000001 0.078345
v 0.038371 0.000001 0.096216
v -0.038349 0.000001 0.096216
v -0.038349 0.000001 0.078345
v 0.035451 -0.013211 0.088949
v 0.035451 -0.013211 0.106820
v -0.035429 0.013212 0.106820
v -0.035429 0.013212 0.088949
v 0.027135 -0.024411 0.099554
v 0.027135 -0.024411 0.117424
v -0.027114 0.024413 0.117424
v -0.027113 0.024413 0.099554
v 0.014691 -0.031895 0.110158
v 0.014691 -0.031895 0.128029
v -0.014669 0.031896 0.128029
v -0.014669 0.031896 0.110158
v 0.000011 -0.034523 0.120762
v 0.000011 -0.034523 0.138633
v 0.000011 0.034524 0.138633
v 0.000011 0.034524 0.120762
v -0.014669 -0.031895 0.131367
v -0.014669 -0.031895 0.149237
v 0.014691 0.031896 0.149237
v 0.014691 0.031896 0.131367
v -0.027114 -0.024411 0.141971
v -0.027114 -0.024411 0.159842
v 0.027135 0.024413 0.159842
v 0.027135 0.024413 0.141971
v -0.035429 -0.013211 0.152576
v -0.035429 -0.013211 0.170446
v 0.035451 0.013212 0.170446
v 0.035451 0.013212 0.152576
v -0.038349 0.000001 0.163180
v -0.038349 0.000001 0.181051
v 0.038371 0.000001 0.181051
v 0.038371 0.000001 0.163180
v -0.035429 0.013212 0.173784
v -0.035429 0.013212 0.191655
v 0.035451 -0.013211 0.191655
v 0.035451 -0.013211 0.173784
v -0.027114 0.024413 0.184389
v -0.027114 0.024413 0.202259
v 0.027135 -0.024411 0.202259
v 0.027135 -0.024411 0.184389
v -0.014669 0.031896 0.194993
v -0.014669 0.031896 0.212864
v 0.014691 -0.031895 0.212864
v 0.014691 -0.031895 0.194993
v 0.000011 0.034524 0.205597
v 0.000011 0.034524 0.223468
v 0.000011 -0.034523 0.223468
v 0.000011 -0.034523 0.205597
v 0.014691 0.031896 0.216202
v 0.014691 0.031896 0.234072
v -0.014669 -0.031895 0.234072
v -0.014669 -0.031895 0.216202
v 0.027135 0.024413 0.226806
v 0.027135 0.024413 0.244677
v -0.027114 -0.024411 0.244677
v -0.027114 -0.024411 0.226806
v 0.035451 0.013212 0.237411
v 0.035451 0.013212 0.255281
v -0.035429 -0.013211 0.255281
v -0.035429 -0.013211 0.237411
v 0.038371 0.000001 0.248015
v 0.038371 0.000001 0.265886
v -0.038349 0.000001 0.265886
v -0.038349 0.000001 0.248015
v 0.035451 -0.013211 0.258619
v 0.035451 -0.013211 0.276490
v -0.035429 0.013212 0.276490
v -0.035429 0.013212 0.258619
v 0.027135 -0.024411 0.269224
v 0.027135 -0.024411 0.287094
v -0.027114 0.024413 0.287094
v -0.027114 0.024413 0.269224
v 0.014691 -0.031895 0.279828
v 0.014691 -0.031895 0.297699
v -0.014669 0.031896 0.297699
v -0.014669 0.031896 0.279828
v 0.000011 -0.034523 0.290433
v 0.000011 -0.034523 0.308303
v 0.000011 0.034524 0.308303
v 0.000011 0.034524 0.290433
v -0.014669 -0.031895 0.301037
v -0.014669 -0.031895 0.318907
v 0.014691 0.031896 0.318907
v 0.014691 0.031896 0.301037
v -0.027114 -0.024411 0.311641
v -0.027114 -0.024411 0.329512
v 0.027135 0.024413 0.329512
v 0.027135 0.024413 0.311641
v -0.035429 -0.013211 0.322246
v -0.035429 -0.013211 0.340116
v 0.035451 0.013212 0.340116
v 0.035451 0.013212 0.322246
v -0.038349 0.000001 0.332850
v -0.038349 0.000001 0.350721
v 0.038371 0.000000 0.350721
v 0.038371 0.000000 0.332850
v -0.035429 0.013212 0.343454
v -0.035429 0.013212 0.361325
v 0.035451 -0.013211 0.361325
v 0.035451 -0.013211 0.343454
v -0.039169 0.000001 0.011380
v -0.036187 0.013495 0.000776
v -0.039169 0.000001 -0.006490
v -0.036187 0.013495 -0.017094
v 0.039191 0.000001 -0.006490
v 0.036209 -0.013494 -0.017094
v 0.039191 0.000001 0.011380
v 0.036209 -0.013494 0.000776
v -0.036187 -0.013494 0.021985
v -0.036187 -0.013494 0.004114
v 0.036209 0.013495 0.004114
v 0.036209 0.013495 0.021985
v -0.027693 -0.024933 0.032589
v -0.027693 -0.024933 0.014719
v 0.027715 0.024935 0.014719
v 0.027715 0.024935 0.032589
v -0.014983 -0.032577 0.043194
v -0.014983 -0.032577 0.025323
v 0.015004 0.032578 0.025323
v 0.015004 0.032578 0.043194
v 0.000011 -0.035261 0.053798
v 0.000011 -0.035261 0.035927
v 0.000011 0.035263 0.035927
v 0.000011 0.035263 0.053798
v 0.015004 -0.032577 0.064402
v 0.015004 -0.032577 0.046532
v -0.014983 0.032578 0.046532
v -0.014983 0.032578 0.064402
v 0.027715 -0.024933 0.075007
v 0.027715 -0.024933 0.057136
v -0.027693 0.024935 0.057136
v -0.027693 0.024935 0.075007
v 0.036209 -0.013494 0.085611
v 0.036209 -0.013494 0.067741
v -0.036187 0.013495 0.067741
v -0.036187 0.013495 0.085611
v 0.039191 0.000001 0.096216
v 0.039191 0.000001 0.078345
v -0.039169 0.000001 0.078345
v -0.039169 0.000001 0.096216
v 0.036209 0.013495 0.106820
v 0.036209 0.013495 0.088949
v -0.036187 -0.013494 0.088949
v -0.036187 -0.013494 0.106820
v 0.027715 0.024935 0.117424
v 0.027715 0.024935 0.099554
v -0.027693 -0.024933 0.099554
v -0.027693 -0.024933 0.117424
v 0.015004 0.032578 0.128029
v 0.015004 0.032578 0.110158
v -0.014983 -0.032577 0.110158
v -0.014983 -0.032577 0.128029
v 0.000011 0.035263 0.138633
v 0.000011 0.035263 0.120762
v 0.000011 -0.035261 0.120762
v 0.000011 -0.035261 0.138633
v -0.014983 0.032578 0.149237
v -0.014983 0.032578 0.131367
v 0.015004 -0.032577 0.131367
v 0.015004 -0.032577 0.149237
v -0.027694 0.024934 0.159842
v -0.027694 0.024934 0.141971
v 0.027715 -0.024933 0.141971
v 0.027715 -0.024933 0.159842
v -0.036187 0.013495 0.170446
v -0.036187 0.013495 0.152576
v 0.036209 -0.013494 0.152576
v 0.036209 -0.013494 0.170446
v -0.039169 0.000001 0.181051
v -0.039169 0.000001 0.163180
v 0.039191 0.000001 0.163180
v 0.039191 0.000001 0.181051
v -0.036187 -0.013494 0.191655
v -0.036187 -0.013494 0.173784
v 0.036209 0.013495 0.173784
v 0.036209 0.013495 0.191655
v -0.027693 -0.024933 0.202259
v -0.027693 -0.024933 0.184389
v 0.027715 0.024935 0.184389
v 0.027715 0.024935 0.202259
v -0.014983 -0.032577 0.212864
v -0.014983 -0.032577 0.194993
v 0.015004 0.032578 0.194993
v 0.015004 0.032578 0.212864
v 0.000011 -0.035261 0.223468
v 0.000011 -0.035261 0.205597
v 0.000011 0.035263 0.205597
v 0.000011 0.035263 0.223468
v 0.015004 -0.032577 0.234072
v 0.015004 -0.032577 0.216202
v -0.014983 0.032578 0.216202
v -0.014983 0.032578 0.234072
v 0.027715 -0.024933 0.244677
v 0.027715 -0.024933 0.226806
v -0.027694 0.024935 0.226806
v -0.027694 0.024935 0.244677
v 0.036208 -0.013494 0.255281
v 0.036208 -0.013494 0.237411
v -0.036187 0.013495 0.237411
v -0.036187 0.013495 0.255281
v 0.039191 0.000001 0.265886
v 0.039191 0.000001 0.248015
v -0.039169 0.000001 0.248015
v -0.039169 0.000001 0.265886
v 0.036208 0.013495 0.276490
v 0.036208 0.013495 0.258619
v -0.036187 -0.013494 0.258619
v -0.036187 -0.013494 0.276490
v 0.027715 0.024935 0.287094
v 0.027715 0.024935 0.269224
v -0.027693 -0.024933 0.269224
v -0.027694 -0.024933 0.287094
v 0.015004 0.032578 0.297699
v 0.015004 0.032578 0.279828
v -0.014983 -0.032577 0.279828
v -0.014983 -0.032577 0.297699
v 0.000011 0.035263 0.308303
v 0.000011 0.035263 0.290433
v 0.000011 -0.035261 0.290433
v 0.000011 -0.035261 0.308303
v -0.014983 0.032578 0.318907
v -0.014983 0.032578 0.301037
v 0.015004 -0.032577 0.301037
v 0.015004 -0.032577 0.318907
v -0.027694 0.024935 0.329512
v -0.027694 0.024935 0.311641
v 0.027715 -0.024933 0.311641
v 0.027715 -0.024933 0.329512
v -0.036187 0.013495 0.340116
v -0.036187 0.013495 0.322246
v 0.036208 -0.013494 0.322246
v 0.036208 -0.013494 0.340116
v -0.039169 0.000001 0.350721
v -0.039169 0.000001 0.332850
v 0.039191 0.000001 0.332850
v 0.039191 0.000001 0.350721
v -0.036187 -0.013494 0.361325
v -0.036187 -0.013494 0.343454
v 0.036208 0.013495 0.343454
v 0.036208 0.013495 0.361325
v 0.000011 -0.073162 -1.757482
v 0.000011 -0.079549 -0.513551
v 0.000011 0.079550 -0.513551
v 0.000011 0.073163 -1.757482
v 0.000011 0.069491 -1.799078
v 0.000011 0.000001 -2.007059
v 0.000011 0.000001 -2.007059
v 0.000011 0.000001 -2.007059
v 0.000011 0.022731 -1.965463
v 0.000011 0.038937 -1.923867
v 0.000011 0.051276 -1.882270
v 0.000011 0.061625 -1.840674
v 0.000011 -0.069490 -1.799078
v 0.000011 -0.061623 -1.840674
v 0.000011 -0.051275 -1.882270
v 0.000011 -0.038936 -1.923867
v 0.000011 -0.022730 -1.965463
v 0.014740 0.000001 -1.886749
v 0.014740 0.000001 -1.886749
v 0.014740 0.014066 -1.861009
v 0.014740 0.027065 -1.835270
v 0.014740 0.034714 -1.809530
v 0.014740 0.040582 -1.783791
v 0.014740 0.043000 -1.758051
v 0.014740 -0.042999 -1.758052
v 0.014740 -0.040581 -1.783791
v 0.014740 -0.034713 -1.809530
v 0.014740 -0.027064 -1.835270
v 0.014740 -0.014065 -1.861009
v 0.014739 -0.049224 -0.513551
v 0.014739 0.049225 -0.513551
v -0.014717 0.000001 -1.886749
v -0.014717 0.000001 -1.886749
v -0.014717 0.014066 -1.861009
v -0.014717 0.027065 -1.835270
v -0.014717 0.034714 -1.809530
v -0.014717 0.040582 -1.783791
v -0.014717 0.043000 -1.758051
v -0.014717 -0.042999 -1.758052
v -0.014717 -0.040581 -1.783791
v -0.014717 -0.034713 -1.809530
v -0.014717 -0.027064 -1.835270
v -0.014717 -0.014065 -1.861009
v -0.014717 -0.049224 -0.513551
v -0.014717 0.049225 -0.513551
v 0.000011 -0.067144 -0.395607
v 0.000011 -0.057951 -0.377773
v 0.000011 -0.097856 -0.425625
v 0.000011 -0.097856 -0.425625
v 0.014739 -0.097983 -0.433429
v 0.014739 -0.097983 -0.433429
v 0.000011 -0.081252 -0.410616
v 0.014739 -0.073883 -0.416820
v 0.014739 -0.097983 -0.464421
v 0.014739 -0.097983 -0.464421
v 0.014739 -0.080043 -0.479282
v 0.000011 -0.097983 -0.473080
v 0.000011 -0.097983 -0.473080
v 0.000011 -0.087688 -0.487572
v 0.014739 -0.062826 -0.496390
v 0.000011 -0.081443 -0.502139
v 0.014739 -0.035748 -0.377773
v 0.014739 -0.055503 -0.399256
v -0.014717 0.035749 -0.377773
v -0.014717 0.038716 -0.248132
v -0.014717 0.080044 -0.479282
v -0.014717 0.062827 -0.496390
v 0.000011 0.057952 -0.377773
v 0.000011 0.067145 -0.395607
v 0.000011 0.097857 -0.425625
v 0.000011 0.097857 -0.425625
v 0.014739 0.097984 -0.433429
v 0.014739 0.097984 -0.433429
v 0.000011 0.081253 -0.410616
v 0.014739 0.073884 -0.416820
v 0.000011 0.097984 -0.473080
v 0.000011 0.097984 -0.473080
v 0.014739 0.097984 -0.464421
v 0.014739 0.097984 -0.464421
v 0.014739 0.035749 -0.377773
v 0.014739 0.055504 -0.399256
v -0.014717 -0.080043 -0.479282
v -0.014717 -0.062826 -0.496390
v -0.014717 -0.073883 -0.416820
v -0.014717 -0.097983 -0.433429
v -0.014717 -0.097983 -0.433429
v -0.014717 -0.097983 -0.464421
v -0.014717 -0.097983 -0.464421
v -0.014717 -0.035748 -0.377773
v -0.014717 -0.055503 -0.399256
v -0.014717 0.073884 -0.416820
v -0.014717 0.097984 -0.433429
v -0.014717 0.097984 -0.433429
v -0.014717 0.097984 -0.464421
v -0.014717 0.097984 -0.464421
v -0.014717 0.055504 -0.399256
v 0.000011 -0.058964 -0.248132
v -0.014717 -0.042780 -0.196374
v -0.014717 -0.051982 -0.156158
v 0.000011 -0.061003 -0.219369
v 0.014739 -0.040537 -0.219369
v 0.014739 -0.038715 -0.248132
v -0.014717 -0.038715 -0.248132
v -0.014717 -0.040537 -0.219369
v 0.000011 -0.062798 -0.202627
v 0.014739 -0.042780 -0.196374
v 0.000011 -0.066130 -0.180260
v 0.014739 -0.051982 -0.156158
v 0.014739 0.008557 -0.218044
v 0.014739 0.008557 -0.218044
v 0.022563 0.000001 -0.218044
v 0.022563 0.000001 -0.218044
v 0.022563 0.000001 -0.218044
v -0.014717 0.051983 -0.156158
v -0.014717 0.042781 -0.196374
v 0.000011 0.061004 -0.219369
v 0.000011 0.058965 -0.248132
v 0.014739 0.038716 -0.248132
v 0.014739 0.040538 -0.219369
v -0.014717 0.040538 -0.219369
v 0.000011 0.062799 -0.202627
v 0.014739 0.042781 -0.196374
v 0.000011 0.066131 -0.180260
v 0.014739 0.051983 -0.156158
v 0.014739 0.000001 -0.228893
v 0.014739 0.000001 -0.228893
v 0.022563 -0.023910 -0.142701
v 0.022563 -0.023910 -0.142701
v 0.022563 0.000001 -0.105057
v 0.022563 0.000001 -0.105057
v 0.014739 0.000001 -0.087154
v 0.014739 0.000001 -0.087154
v 0.014739 -0.034551 -0.142701
v 0.014739 -0.034551 -0.142701
v 0.014739 -0.008556 -0.218044
v 0.014739 -0.008556 -0.218044
v 0.014739 -0.008556 -0.184515
v 0.014739 -0.008556 -0.184515
v 0.022563 0.000001 -0.179365
v 0.022563 0.000001 -0.179365
v 0.022563 0.000001 -0.179365
v 0.022563 0.000001 -0.179365
v 0.014739 0.008557 -0.184515
v 0.014739 0.008557 -0.184515
v 0.014739 0.034552 -0.142701
v 0.014739 0.034552 -0.142701
v 0.022563 0.023911 -0.142701
v 0.022563 0.023911 -0.142701
v 0.022563 -0.021256 -0.142685
v 0.022563 -0.021256 -0.142685
v 0.022563 0.000001 -0.109220
v 0.022563 0.000001 -0.109220
v 0.022563 0.000001 -0.175279
v 0.022563 0.000001 -0.175279
v 0.022563 0.021257 -0.142685
v 0.022563 0.021257 -0.142685
v 0.041280 0.000001 -0.142685
v 0.041280 0.000001 -0.142685
v 0.041280 0.000001 -0.142685
v -0.022541 -0.023910 -0.142701
v -0.022541 -0.023910 -0.142701
v -0.022541 0.000001 -0.105057
v -0.022541 0.000001 -0.105057
v -0.014717 0.000001 -0.087154
v -0.014717 0.000001 -0.087154
v -0.014717 -0.034551 -0.142701
v -0.014717 -0.034551 -0.142701
v -0.014717 -0.008556 -0.218044
v -0.014717 -0.008556 -0.218044
v -0.022541 0.000001 -0.218044
v -0.022541 0.000001 -0.218044
v -0.022541 0.000001 -0.218044
v -0.014717 -0.008556 -0.184515
v -0.014717 -0.008556 -0.184515
v -0.014717 0.008557 -0.184515
v -0.014717 0.008557 -0.184515
v -0.014717 0.008557 -0.218044
v -0.014717 0.008557 -0.218044
v -0.022541 0.000001 -0.179365
v -0.022541 0.000001 -0.179365
v -0.022541 0.000001 -0.179365
v -0.022541 0.000001 -0.179365
v -0.014717 0.000001 -0.228893
v -0.014717 0.000001 -0.228893
v -0.014717 0.034552 -0.142701
v -0.014717 0.034552 -0.142701
v -0.022541 0.023911 -0.142701
v -0.022541 0.023911 -0.142701
v -0.022541 -0.021256 -0.142685
v -0.022541 -0.021256 -0.142685
v -0.022541 0.000001 -0.109220
v -0.022541 0.000001 -0.109220
v -0.022541 0.000001 -0.175279
v -0.022541 0.000001 -0.175279
v -0.022541 0.021257 -0.142685
v -0.022541 0.021257 -0.142685
v -0.041258 0.000001 -0.142685
v -0.041258 0.000001 -0.142685
v -0.041258 0.000001 -0.142685
v 0.000011 -0.067287 -0.295587
v 0.000011 -0.067287 -0.295587
v 0.000011 -0.067287 -0.270984
v 0.000011 -0.067287 -0.270984
v -0.018475 -0.041592 -0.295587
v -0.018475 -0.041592 -0.295587
v -0.018475 -0.041592 -0.270984
v -0.018475 -0.041592 -0.270984
v 0.018497 -0.041592 -0.270984
v 0.018497 -0.041592 -0.270984
v 0.018497 -0.041592 -0.295587
v 0.018497 -0.041592 -0.295587
v -0.014254 -0.037134 -0.295587
v -0.014254 -0.037134 -0.270984
v 0.014276 -0.037134 -0.270984
v 0.014276 -0.037134 -0.295587
v 0.014276 0.037135 -0.295587
v 0.018497 0.041593 -0.295587
v 0.018497 0.041593 -0.295587
v 0.014276 0.037135 -0.270984
v 0.018497 0.041593 -0.270984
v 0.018497 0.041593 -0.270984
v -0.014254 0.037135 -0.270984
v -0.018475 0.041593 -0.270984
v -0.018475 0.041593 -0.270984
v -0.018475 0.041593 -0.295587
v -0.018475 0.041593 -0.295587
v -0.014254 0.037135 -0.295587
v 0.000011 0.067288 -0.270984
v 0.000011 0.067288 -0.270984
v 0.000011 0.067288 -0.295587
v 0.000011 0.067288 -0.295587
v 0.000011 0.081444 -0.502139
v 0.000011 0.087689 -0.487572
v 0.014739 0.080044 -0.479282
v 0.014739 0.062827 -0.496390
vn 0.3043 -0.8325 -0.4630
vn 0.0001 -0.8876 -0.4606
vn 0.3596 -0.8114 -0.4607
vn 0.9396 -0.1375 -0.3135
vn 0.9473 -0.0922 -0.3068
vn 0.9405 -0.1328 -0.3128
vn 0.9555 0.0152 0.2947
vn 0.9536 0.0286 0.2998
vn 0.9555 0.0148 0.2945
vn 0.8648 -0.2078 -0.4572
vn 0.8712 -0.1255 -0.4745
vn 0.8635 -0.2180 -0.4548
vn -1.0000 -0.0000 -0.0000
vn -0.9098 0.4151 -0.0000
vn 0.7973 -0.3498 -0.4919
vn 0.5946 -0.6466 -0.4779
vn 0.5796 -0.6620 -0.4752
vn 0.7590 -0.4361 -0.4834
vn -0.6719 0.7406 -0.0000
vn -0.3516 0.9361 -0.0000
vn -0.0000 1.0000 -0.0000
vn 0.3516 0.9361 -0.0000
vn 0.6719 0.7406 -0.0000
vn 0.9098 0.4151 -0.0000
vn 1.0000 -0.0000 -0.0000
vn 0.9098 -0.4151 -0.0000
vn 0.6719 -0.7406 -0.0000
vn 0.3516 -0.9361 -0.0000
vn -0.0000 -1.0000 -0.0000
vn -0.3516 -0.9361 -0.0000
vn -0.6719 -0.7406 -0.0000
vn -0.9098 -0.4151 -0.0000
vn 0.5948 -0.0000 -0.8039
vn 0.5494 -0.2457 -0.7986
vn 0.5906 -0.2674 -0.7614
vn 0.6378 -0.0000 -0.7702
vn 0.7530 -0.0000 -0.6581
vn 0.2245 -0.5887 -0.7765
vn -0.0000 -0.6349 -0.7726
vn -0.0000 -0.6815 -0.7318
vn 0.2361 -0.6346 -0.7359
vn 0.0001 -0.8120 -0.5837
vn 0.2796 -0.7594 -0.5875
vn 0.4183 -0.4533 -0.7871
vn 0.4456 -0.4918 -0.7481
vn 0.5370 -0.5904 -0.6026
vn 0.7590 0.4361 -0.4834
vn 0.7973 0.3498 -0.4919
vn 0.8496 0.1878 -0.4929
vn 0.7189 -0.3218 -0.6161
vn 0.7189 0.3218 -0.6161
vn 0.7819 0.0937 -0.6163
vn 0.5946 0.6466 -0.4779
vn 0.5370 0.5904 -0.6026
vn -0.2144 -0.0000 0.9768
vn -0.1973 0.0928 0.9760
vn -0.1987 0.0888 0.9760
vn -0.1495 0.1698 0.9741
vn -0.1534 0.1656 0.9742
vn -0.0801 0.2198 0.9723
vn -0.0837 0.2181 0.9723
vn -0.0000 0.2369 0.9715
vn 0.0801 0.2198 0.9723
vn 0.0837 0.2181 0.9723
vn 0.1495 0.1698 0.9741
vn 0.1534 0.1656 0.9742
vn 0.1973 0.0928 0.9760
vn 0.1987 0.0888 0.9760
vn 0.2144 -0.0000 0.9768
vn 0.1973 -0.0928 0.9760
vn 0.1987 -0.0888 0.9760
vn 0.1495 -0.1698 0.9741
vn 0.1534 -0.1656 0.9742
vn 0.0801 -0.2198 0.9723
vn 0.0837 -0.2181 0.9723
vn -0.0000 -0.2369 0.9715
vn -0.0801 -0.2198 0.9723
vn -0.0837 -0.2181 0.9723
vn -0.1495 -0.1698 0.9741
vn -0.1534 -0.1656 0.9742
vn -0.1973 -0.0928 0.9760
vn -0.1987 -0.0888 0.9760
vn -0.0000 -0.0000 1.0000
vn -0.0000 -0.0000 -1.0000
vn 0.7582 -0.3475 -0.5517
vn 0.8296 -0.0000 -0.5583
vn 0.7404 -0.0000 -0.6722
vn 0.6802 -0.3058 -0.6662
vn -0.2724 -0.3020 0.9136
vn -0.1466 -0.3926 0.9080
vn -0.1682 -0.4012 0.9004
vn -0.2803 -0.3176 0.9058
vn -0.5656 0.6261 -0.5367
vn -0.7582 0.3475 -0.5517
vn -0.6802 0.3058 -0.6662
vn -0.5135 0.5578 -0.6520
vn 0.5656 -0.6261 -0.5367
vn 0.5135 -0.5578 -0.6520
vn -0.2986 0.7984 -0.5229
vn -0.2741 0.7193 -0.6383
vn 0.2986 -0.7984 -0.5229
vn 0.2741 -0.7193 -0.6383
vn -0.0000 0.8557 -0.5175
vn -0.0000 0.7743 -0.6328
vn -0.0000 -0.8557 -0.5175
vn -0.0000 -0.7743 -0.6328
vn 0.2986 0.7984 -0.5229
vn 0.2741 0.7193 -0.6383
vn -0.2986 -0.7984 -0.5229
vn -0.2741 -0.7193 -0.6383
vn 0.5656 0.6261 -0.5367
vn 0.5135 0.5578 -0.6520
vn -0.5656 -0.6261 -0.5367
vn -0.5135 -0.5578 -0.6520
vn 0.7582 0.3475 -0.5517
vn 0.6802 0.3058 -0.6662
vn -0.7582 -0.3475 -0.5517
vn -0.6802 -0.3058 -0.6662
vn -0.8296 -0.0000 -0.5584
vn -0.7404 -0.0000 -0.6722
vn 0.4901 -0.8534 0.1775
vn 0.6621 -0.7265 0.1841
vn 0.6587 -0.7296 0.1840
vn 0.3446 -0.9218 0.1778
vn 0.3577 0.1643 0.9193
vn 0.2724 0.3020 0.9136
vn 0.2803 0.3176 0.9058
vn 0.3619 0.1980 0.9109
vn -0.3577 -0.1643 0.9193
vn -0.3619 -0.1980 0.9109
vn 0.3841 -0.0000 0.9233
vn -0.3577 0.1643 0.9193
vn -0.3841 -0.0000 0.9233
vn -0.3619 0.1980 0.9109
vn 0.3577 -0.1643 0.9193
vn 0.3619 -0.1980 0.9109
vn -0.2724 0.3020 0.9136
vn -0.2803 0.3176 0.9058
vn 0.2724 -0.3020 0.9136
vn 0.2803 -0.3176 0.9058
vn -0.1466 0.3926 0.9080
vn -0.1682 0.4012 0.9004
vn 0.1466 -0.3926 0.9080
vn 0.1682 -0.4012 0.9004
vn 0.1466 0.3926 0.9080
vn -0.0000 0.4193 0.9079
vn 0.1682 0.4012 0.9004
vn -0.0000 -0.4193 0.9079
vn 0.4855 0.5268 0.6977
vn 0.2598 0.6811 0.6846
vn 0.2074 0.5562 0.8047
vn 0.3895 0.4327 0.8131
vn -0.2598 -0.6811 0.6846
vn -0.0000 -0.7339 0.6792
vn -0.0000 -0.5982 0.8013
vn -0.2074 -0.5562 0.8047
vn -0.0000 0.7339 0.6792
vn -0.0000 0.5982 0.8013
vn 0.2598 -0.6811 0.6846
vn 0.2074 -0.5562 0.8047
vn -0.2598 0.6811 0.6846
vn -0.2074 0.5563 0.8047
vn 0.4855 -0.5268 0.6977
vn 0.3895 -0.4327 0.8131
vn -0.4855 0.5268 0.6977
vn -0.3895 0.4327 0.8131
vn 0.6413 -0.2880 0.7112
vn 0.5177 -0.2382 0.8217
vn -0.6413 0.2880 0.7112
vn -0.5177 0.2382 0.8217
vn 0.6972 -0.0000 0.7169
vn 0.5645 -0.0000 0.8254
vn -0.6972 -0.0000 0.7169
vn -0.6413 -0.2880 0.7112
vn -0.5177 -0.2382 0.8217
vn -0.5645 -0.0000 0.8254
vn 0.6413 0.2880 0.7112
vn 0.5177 0.2382 0.8217
vn -0.4855 -0.5268 0.6977
vn -0.3895 -0.4327 0.8131
vn -0.4901 0.8534 0.1775
vn -0.6621 0.7265 0.1841
vn -0.6587 0.7296 0.1840
vn -0.3446 0.9218 0.1778
vn 0.8014 -0.5687 0.1853
vn 0.8922 -0.4092 0.1910
vn -0.8014 0.5687 0.1853
vn -0.8922 0.4092 0.1910
vn 0.9587 -0.2119 0.1897
vn -0.6220 -0.7526 0.2160
vn -0.9587 0.2119 0.1897
vn 0.6220 0.7526 0.2160
vn -0.8014 -0.5687 0.1853
vn -0.6621 -0.7265 0.1841
vn -0.6587 -0.7296 0.1840
vn -0.8922 -0.4092 0.1910
vn 0.8014 0.5687 0.1853
vn 0.6621 0.7265 0.1841
vn 0.6587 0.7296 0.1840
vn 0.8922 0.4092 0.1910
vn -0.4901 -0.8534 0.1775
vn -0.3446 -0.9218 0.1778
vn 0.4901 0.8534 0.1775
vn 0.3446 0.9218 0.1778
vn -0.1736 -0.9696 0.1727
vn 0.1736 0.9696 0.1727
vn 0.6831 -0.6971 0.2179
vn 0.3043 0.8325 -0.4630
vn 0.2796 0.7594 -0.5875
vn 0.0001 0.8876 -0.4606
vn 0.0001 0.8120 -0.5837
vn 0.5906 0.2674 -0.7614
vn 0.4456 0.4918 -0.7481
vn 0.5494 0.2457 -0.7986
vn 0.4183 0.4533 -0.7871
vn 0.2361 0.6346 -0.7359
vn 0.2245 0.5887 -0.7765
vn -0.0000 0.6815 -0.7318
vn -0.0000 0.6349 -0.7726
vn 0.5796 0.6620 -0.4752
vn 0.3596 0.8114 -0.4607
vn 0.5622 0.1642 0.8105
vn 0.5570 0.1602 0.8149
vn 0.5530 0.1960 0.8098
vn 0.5502 0.2070 0.8090
vn -0.9448 -0.1264 -0.3023
vn -0.9460 -0.1207 -0.3009
vn -0.9551 -0.0699 -0.2879
vn -0.9578 0.0128 0.2871
vn -0.9579 0.0124 0.2869
vn -0.9561 0.0269 0.2919
vn -0.8648 -0.2068 -0.4576
vn -0.8635 -0.2172 -0.4552
vn -0.8710 -0.1241 -0.4753
vn -0.5836 0.1806 0.7917
vn -0.5574 0.1998 0.8058
vn -0.5682 0.1687 0.8054
vn -0.5501 0.2069 0.8091
vn 0.8496 -0.1878 -0.4929
vn 0.7819 -0.0937 -0.6163
vn -0.7590 0.4361 -0.4834
vn -0.8496 0.1878 -0.4929
vn -0.7973 0.3498 -0.4919
vn -0.7819 0.0937 -0.6163
vn -0.7189 0.3218 -0.6161
vn -0.5370 0.5904 -0.6026
vn -0.5946 0.6466 -0.4779
vn -0.2796 0.7594 -0.5875
vn -0.3043 0.8325 -0.4629
vn -0.5906 0.2674 -0.7614
vn -0.4456 0.4918 -0.7481
vn -0.5494 0.2457 -0.7986
vn -0.4183 0.4533 -0.7871
vn -0.2360 0.6346 -0.7359
vn -0.2245 0.5887 -0.7765
vn -0.6378 -0.0000 -0.7702
vn -0.7530 -0.0000 -0.6581
vn -0.5948 -0.0000 -0.8039
vn -0.3595 0.8115 -0.4607
vn -0.5796 0.6620 -0.4752
vn -0.7469 -0.4407 -0.4980
vn -0.7939 -0.3513 -0.4963
vn -0.8496 -0.1878 -0.4929
vn -0.7189 -0.3218 -0.6161
vn -0.7819 -0.0937 -0.6163
vn -0.5925 -0.6437 -0.4843
vn -0.5370 -0.5904 -0.6026
vn -0.3057 -0.8304 -0.4658
vn -0.2796 -0.7594 -0.5875
vn -0.5906 -0.2674 -0.7614
vn -0.4456 -0.4918 -0.7481
vn -0.5494 -0.2457 -0.7986
vn -0.4183 -0.4533 -0.7871
vn -0.2360 -0.6346 -0.7359
vn -0.2245 -0.5887 -0.7765
vn -0.5732 -0.6581 -0.4882
vn -0.3646 -0.8046 -0.4688
vn -0.0000 0.8563 -0.5165
vn -0.0000 0.8494 -0.5278
vn -0.0000 0.8591 -0.5119
vn 0.0064 0.7782 -0.6280
vn 0.0097 0.7359 -0.6770
vn -0.0000 0.7359 -0.6771
vn -0.0000 0.7962 -0.6051
vn -0.0000 0.8539 -0.5205
vn -0.0000 0.8612 -0.5082
vn -0.0000 0.8258 -0.5639
vn -0.0000 0.8684 -0.4958
vn -0.0000 0.7956 -0.6058
vn -0.0000 0.8562 -0.5166
vn -0.0064 0.7782 -0.6280
vn -0.0097 0.7359 -0.6770
vn -0.0000 0.8282 -0.5604
vn -0.0000 0.8613 -0.5081
vn -0.5499 -0.1937 0.8124
vn -0.5570 -0.1601 0.8150
vn -0.5461 -0.2039 0.8125
vn -0.5622 -0.1642 0.8105
vn -0.8646 0.2071 -0.4578
vn -0.8710 0.1241 -0.4753
vn -0.8633 0.2178 -0.4553
vn -0.9578 -0.0128 0.2871
vn -0.9561 -0.0269 0.2919
vn -0.9579 -0.0124 0.2869
vn -0.9414 0.1363 -0.3086
vn -0.9491 0.0912 -0.3016
vn -0.9423 0.1317 -0.3079
vn 0.5501 -0.1938 0.8123
vn 0.5463 -0.2039 0.8124
vn 0.5570 -0.1602 0.8149
vn 0.5622 -0.1642 0.8105
vn 0.8646 0.2081 -0.4574
vn 0.8633 0.2186 -0.4550
vn 0.8712 0.1255 -0.4745
vn -0.0000 -0.8562 -0.5166
vn -0.0000 -0.8591 -0.5119
vn -0.0000 -0.8494 -0.5278
vn 0.0064 -0.7782 -0.6280
vn -0.0000 -0.7962 -0.6051
vn -0.0000 -0.7359 -0.6771
vn 0.0097 -0.7359 -0.6770
vn -0.0064 -0.7782 -0.6280
vn -0.0097 -0.7359 -0.6770
vn -0.6145 0.6846 -0.3921
vn -0.8302 0.3830 -0.4051
vn 0.6145 -0.6846 -0.3921
vn 0.8302 -0.3830 -0.4051
vn -0.3222 0.8669 -0.3804
vn 0.3222 -0.8669 -0.3804
vn -0.0000 0.9267 -0.3758
vn -0.0000 -0.9267 -0.3758
vn 0.3222 0.8669 -0.3804
vn -0.3222 -0.8669 -0.3804
vn 0.6145 0.6846 -0.3921
vn -0.6145 -0.6846 -0.3921
vn 0.8302 0.3830 -0.4051
vn -0.8302 -0.3830 -0.4051
vn 0.9117 -0.0000 -0.4108
vn -0.9117 -0.0000 -0.4108
vn 0.9587 0.2119 0.1897
vn 0.6220 -0.7526 0.2160
vn -0.6831 0.6971 0.2179
vn 0.1736 -0.9696 0.1727
vn -0.6831 -0.6971 0.2179
vn -0.9587 -0.2119 0.1897
vn -0.6220 0.7526 0.2160
vn -0.1736 0.9696 0.1727
vn 0.6831 0.6971 0.2179
vn 0.9555 -0.0152 0.2947
vn 0.9555 -0.0148 0.2945
vn 0.9536 -0.0286 0.2998
vn 0.9396 0.1375 -0.3134
vn 0.9405 0.1329 -0.3128
vn 0.9473 0.0922 -0.3068
vn 0.8405 0.4872 -0.2371
vn 0.8840 0.4026 -0.2375
vn 0.8874 0.3943 -0.2387
vn 0.8354 0.4951 -0.2387
vn 0.7837 0.5709 -0.2447
vn 0.7654 0.5954 -0.2443
vn 0.7340 0.6342 -0.2431
vn 0.8206 -0.5126 0.2525
vn 0.8424 -0.4522 0.2931
vn 0.8442 -0.4467 0.2964
vn 0.8178 -0.5196 0.2475
vn 0.7834 -0.5859 0.2074
vn 0.7699 -0.6070 0.1972
vn 0.7485 -0.6378 0.1815
vn -0.9730 0.1434 0.1810
vn -0.9639 0.1954 0.1809
vn -0.9717 0.1518 0.1810
vn -0.8621 -0.5055 -0.0344
vn -0.8572 -0.5103 -0.0701
vn -0.8610 -0.5067 -0.0430
vn -0.9782 0.1022 0.1808
vn -0.6608 -0.7234 -0.2001
vn -0.7150 -0.6704 -0.1986
vn -0.7223 -0.6633 -0.1958
vn -0.6567 -0.7279 -0.1975
vn -0.3924 0.7392 0.5474
vn -0.4426 0.6888 0.5742
vn -0.4492 0.6866 0.5717
vn -0.3940 0.7359 0.5507
vn -0.4981 0.6977 0.5149
vn -0.5370 0.5728 0.6193
vn -0.5474 0.4980 0.6726
vn -0.4851 0.7404 0.4654
vn 0.6719 -0.6493 0.3563
vn 0.6903 -0.5767 0.4370
vn 0.6917 -0.5703 0.4431
vn 0.6707 -0.6537 0.3505
vn 0.6591 -0.6918 0.2948
vn 0.6571 -0.6981 0.2843
vn 0.6528 -0.7105 0.2629
vn 0.5437 0.7639 -0.3476
vn 0.5328 0.7317 -0.4252
vn 0.5327 0.7314 -0.4258
vn 0.5441 0.7661 -0.3419
vn 0.5479 0.7820 -0.2972
vn 0.5482 0.7810 -0.2991
vn 0.5490 0.7786 -0.3039
vn -0.4954 0.6455 0.5813
vn -0.5006 0.6368 0.5864
vn -0.7929 -0.5695 -0.2165
vn -0.8412 -0.5008 -0.2042
vn -0.8934 -0.3705 -0.2543
vn -0.7545 -0.6358 -0.1626
vn -0.7852 -0.5791 -0.2193
vn -0.7989 -0.5534 -0.2355
vn -0.9795 0.0515 0.1949
vn -0.9731 0.0313 0.2283
vn -0.9656 0.0121 0.2596
vn -0.6886 -0.6700 -0.2775
vn -0.7521 -0.5699 -0.3310
vn -0.8267 -0.3911 -0.4044
vn -0.0000 0.3003 -0.9538
vn 0.8822 0.4234 -0.2058
vn 0.9125 0.3551 -0.2030
vn 0.9132 0.3527 -0.2041
vn 0.8777 0.4315 -0.2086
vn 0.8126 0.5255 -0.2519
vn 0.7884 0.5540 -0.2675
vn 0.7436 0.6009 -0.2933
vn 0.8503 -0.4823 0.2105
vn 0.8767 -0.4145 0.2441
vn 0.8772 -0.4134 0.2441
vn 0.8467 -0.4915 0.2040
vn 0.7895 -0.5879 0.1764
vn 0.7632 -0.6208 0.1794
vn 0.7233 -0.6658 0.1831
vn -0.8767 -0.4145 0.2441
vn -0.8772 -0.4134 0.2441
vn -0.8977 -0.3653 0.2464
vn -0.8952 -0.3716 0.2461
vn -0.9125 0.3551 -0.2030
vn -0.9132 0.3527 -0.2041
vn -0.9269 0.2990 -0.2269
vn -0.9255 0.3055 -0.2240
vn -0.5328 0.7317 -0.4252
vn -0.5327 0.7314 -0.4258
vn -0.4945 0.7037 -0.5102
vn -0.4994 0.7062 -0.5019
vn -0.6903 -0.5767 0.4370
vn -0.6917 -0.5703 0.4431
vn -0.7191 -0.4414 0.5368
vn -0.7168 -0.4527 0.5304
vn -0.8424 -0.4522 0.2931
vn -0.8442 -0.4467 0.2964
vn -0.8601 -0.3875 0.3318
vn -0.8583 -0.3952 0.3273
vn -0.8840 0.4026 -0.2375
vn -0.8874 0.3943 -0.2387
vn -0.9392 0.2733 -0.2079
vn -0.9339 0.2857 -0.2148
vn 0.8952 -0.3716 0.2461
vn 0.9056 -0.3444 0.2475
vn 0.8977 -0.3653 0.2464
vn 0.9255 0.3055 -0.2240
vn 0.9310 0.2787 -0.2357
vn 0.9269 0.2990 -0.2269
vn -0.9613 0.2133 -0.1741
vn -0.8655 -0.3616 0.3468
vn -0.7307 -0.3665 0.5760
vn -0.4659 0.6879 -0.5566
vn 0.4994 0.7062 -0.5019
vn 0.4659 0.6879 -0.5566
vn 0.4945 0.7037 -0.5102
vn 0.7168 -0.4527 0.5304
vn 0.7307 -0.3665 0.5760
vn 0.7191 -0.4414 0.5368
vn -0.9310 0.2787 -0.2357
vn 0.8583 -0.3952 0.3273
vn 0.8655 -0.3616 0.3468
vn 0.8601 -0.3875 0.3318
vn 0.9339 0.2857 -0.2148
vn 0.9613 0.2133 -0.1741
vn 0.9392 0.2733 -0.2079
vn -0.9056 -0.3444 0.2475
vn -0.7234 -0.6658 0.1831
vn -0.7632 -0.6208 0.1794
vn -0.7895 -0.5879 0.1764
vn 0.5371 0.5728 0.6192
vn 0.5476 0.4979 0.6725
vn 0.8387 -0.5035 -0.2075
vn 0.8911 -0.3733 -0.2580
vn 0.9718 0.0351 0.2331
vn 0.9639 0.0155 0.2659
vn 0.7509 -0.5717 -0.3305
vn 0.8263 -0.3921 -0.4043
vn 0.6866 -0.6724 -0.2765
vn 0.9786 0.0558 0.1980
vn 0.7099 -0.6747 -0.2018
vn 0.7173 -0.6678 -0.1990
vn 0.7952 -0.5575 -0.2385
vn 0.7814 -0.5831 -0.2225
vn 0.7512 -0.6392 -0.1649
vn 0.7895 -0.5734 -0.2191
vn 0.4427 0.6887 0.5742
vn 0.4494 0.6865 0.5717
vn 0.5007 0.6367 0.5864
vn 0.4956 0.6454 0.5813
vn 0.4852 0.7403 0.4653
vn 0.4982 0.6976 0.5148
vn -0.8467 -0.4915 0.2040
vn -0.8503 -0.4823 0.2105
vn -0.7436 0.6009 -0.2933
vn -0.7884 0.5540 -0.2675
vn -0.8126 0.5255 -0.2519
vn -0.8777 0.4315 -0.2086
vn -0.8822 0.4234 -0.2058
vn -0.5490 0.7786 -0.3039
vn -0.5482 0.7810 -0.2991
vn -0.5479 0.7820 -0.2972
vn -0.5441 0.7661 -0.3419
vn -0.5437 0.7639 -0.3476
vn -0.6528 -0.7105 0.2629
vn -0.6571 -0.6981 0.2843
vn -0.6591 -0.6918 0.2948
vn -0.6707 -0.6537 0.3505
vn -0.6719 -0.6493 0.3563
vn -0.7485 -0.6378 0.1815
vn -0.7699 -0.6070 0.1972
vn -0.7834 -0.5859 0.2074
vn -0.8178 -0.5196 0.2475
vn -0.8206 -0.5126 0.2525
vn -0.7340 0.6342 -0.2431
vn -0.7654 0.5954 -0.2443
vn -0.7837 0.5709 -0.2447
vn -0.8354 0.4951 -0.2387
vn -0.8405 0.4872 -0.2371
vn 0.3925 0.7389 0.5478
vn 0.3941 0.7355 0.5511
vn 0.6546 -0.7282 -0.2032
vn 0.6503 -0.7327 -0.2005
vn 0.9673 0.1719 0.1863
vn 0.9691 0.1621 0.1857
vn 0.9764 0.1150 0.1826
vn 0.8624 -0.5050 -0.0347
vn 0.8615 -0.5059 -0.0440
vn 0.8581 -0.5082 -0.0733
vn 0.9566 0.2217 0.1891
vn 0.3714 0.7802 0.5033
vn 0.8652 -0.5014 0.0006
vn 0.6280 -0.7555 -0.1867
vn -0.3714 0.7808 0.5024
vn -0.8656 -0.5007 -0.0018
vn -0.6349 -0.7503 -0.1842
vn -0.0000 -0.8539 -0.5205
vn -0.0000 -0.8258 -0.5639
vn -0.0000 -0.8612 -0.5082
vn -0.0000 -0.8684 -0.4958
vn -0.0000 -0.7956 -0.6058
vn -0.0000 -0.8282 -0.5604
vn -0.0000 -0.8613 -0.5081
vn 0.8405 -0.4872 -0.2371
vn 0.8354 -0.4951 -0.2387
vn 0.8874 -0.3943 -0.2387
vn 0.8840 -0.4026 -0.2375
vn 0.7837 -0.5709 -0.2447
vn 0.7654 -0.5954 -0.2443
vn 0.7340 -0.6342 -0.2431
vn 0.8206 0.5126 0.2525
vn 0.8178 0.5196 0.2475
vn 0.8442 0.4467 0.2964
vn 0.8424 0.4522 0.2931
vn 0.7834 0.5859 0.2074
vn 0.7699 0.6070 0.1972
vn 0.7485 0.6378 0.1815
vn -0.9730 -0.1434 0.1810
vn -0.9717 -0.1518 0.1810
vn -0.9639 -0.1954 0.1809
vn -0.8621 0.5055 -0.0344
vn -0.8610 0.5067 -0.0430
vn -0.8572 0.5103 -0.0701
vn -0.9782 -0.1022 0.1808
vn -0.6608 0.7234 -0.2001
vn -0.6567 0.7279 -0.1975
vn -0.7223 0.6633 -0.1958
vn -0.7150 0.6704 -0.1986
vn -0.3924 -0.7392 0.5474
vn -0.3940 -0.7359 0.5507
vn -0.4492 -0.6866 0.5717
vn -0.4426 -0.6888 0.5742
vn -0.4959 -0.7013 0.5121
vn -0.4814 -0.7460 0.4602
vn -0.5428 -0.5023 0.6731
vn -0.5327 -0.5756 0.6204
vn 0.6719 0.6493 0.3563
vn 0.6707 0.6537 0.3505
vn 0.6917 0.5703 0.4431
vn 0.6903 0.5767 0.4370
vn 0.6591 0.6918 0.2948
vn 0.6571 0.6981 0.2843
vn 0.6528 0.7105 0.2629
vn 0.5437 -0.7639 -0.3476
vn 0.5441 -0.7661 -0.3419
vn 0.5327 -0.7314 -0.4258
vn 0.5328 -0.7317 -0.4252
vn 0.5479 -0.7820 -0.2972
vn 0.5482 -0.7810 -0.2991
vn 0.5490 -0.7786 -0.3039
vn -0.4954 -0.6455 0.5813
vn -0.5006 -0.6368 0.5864
vn -0.7922 0.5709 -0.2157
vn -0.7523 0.6390 -0.1603
vn -0.8931 0.3716 -0.2535
vn -0.8396 0.5041 -0.2022
vn -0.7852 0.5791 -0.2193
vn -0.7989 0.5534 -0.2355
vn -0.9795 -0.0521 0.1947
vn -0.9656 -0.0121 0.2598
vn -0.9731 -0.0317 0.2281
vn -0.6856 0.6730 -0.2775
vn -0.8259 0.3924 -0.4048
vn -0.7498 0.5728 -0.3311
vn -0.0000 -0.3003 -0.9538
vn 0.8822 -0.4234 -0.2058
vn 0.8777 -0.4315 -0.2086
vn 0.9132 -0.3527 -0.2041
vn 0.9125 -0.3551 -0.2030
vn 0.8126 -0.5255 -0.2519
vn 0.7884 -0.5540 -0.2675
vn 0.7436 -0.6009 -0.2933
vn 0.8503 0.4823 0.2105
vn 0.8467 0.4915 0.2040
vn 0.8772 0.4134 0.2441
vn 0.8767 0.4145 0.2441
vn 0.7895 0.5879 0.1764
vn 0.7632 0.6208 0.1794
vn 0.7234 0.6658 0.1831
vn -0.8767 0.4145 0.2441
vn -0.8952 0.3716 0.2461
vn -0.8977 0.3653 0.2464
vn -0.8772 0.4134 0.2441
vn -0.9125 -0.3551 -0.2030
vn -0.9255 -0.3055 -0.2240
vn -0.9269 -0.2990 -0.2269
vn -0.9132 -0.3527 -0.2041
vn -0.5328 -0.7317 -0.4252
vn -0.3523 -0.8256 -0.4407
vn -0.2874 -0.8551 -0.4316
vn -0.5327 -0.7314 -0.4258
vn -0.6903 0.5767 0.4370
vn -0.7168 0.4527 0.5304
vn -0.7191 0.4414 0.5368
vn -0.6917 0.5703 0.4431
vn -0.8424 0.4522 0.2931
vn -0.8583 0.3952 0.3273
vn -0.8601 0.3875 0.3318
vn -0.8442 0.4467 0.2964
vn -0.8840 -0.4026 -0.2375
vn -0.9339 -0.2857 -0.2148
vn -0.9392 -0.2733 -0.2079
vn -0.8874 -0.3943 -0.2387
vn 0.8952 0.3716 0.2461
vn 0.8977 0.3653 0.2464
vn 0.9056 0.3444 0.2475
vn 0.9255 -0.3055 -0.2240
vn 0.9269 -0.2990 -0.2269
vn 0.9310 -0.2787 -0.2357
vn -0.9613 -0.2133 -0.1741
vn -0.8655 0.3616 0.3468
vn -0.7307 0.3665 0.5760
vn -0.0652 -0.9202 -0.3861
vn 0.3523 -0.8256 -0.4407
vn 0.2874 -0.8551 -0.4316
vn 0.0652 -0.9202 -0.3861
vn 0.7168 0.4527 0.5304
vn 0.7191 0.4414 0.5368
vn 0.7307 0.3665 0.5760
vn -0.9310 -0.2787 -0.2357
vn 0.8583 0.3952 0.3273
vn 0.8601 0.3875 0.3318
vn 0.8655 0.3616 0.3468
vn 0.9339 -0.2857 -0.2148
vn 0.9392 -0.2733 -0.2079
vn 0.9613 -0.2133 -0.1741
vn -0.9056 0.3444 0.2475
vn -0.7234 0.6658 0.1831
vn -0.7895 0.5879 0.1764
vn -0.7632 0.6208 0.1794
vn 0.5329 -0.5755 0.6203
vn 0.5429 -0.5022 0.6730
vn 0.8372 0.5068 -0.2054
vn 0.8909 0.3744 -0.2572
vn 0.9719 -0.0355 0.2329
vn 0.9638 -0.0155 0.2661
vn 0.7487 0.5747 -0.3305
vn 0.8255 0.3934 -0.4047
vn 0.6836 0.6755 -0.2765
vn 0.9786 -0.0564 0.1978
vn 0.7099 0.6747 -0.2018
vn 0.7814 0.5831 -0.2225
vn 0.7952 0.5575 -0.2385
vn 0.7173 0.6678 -0.1990
vn 0.7887 0.5747 -0.2182
vn 0.7490 0.6423 -0.1626
vn 0.4427 -0.6887 0.5742
vn 0.4956 -0.6454 0.5813
vn 0.5007 -0.6367 0.5864
vn 0.4494 -0.6865 0.5717
vn 0.4961 -0.7012 0.5121
vn 0.4815 -0.7459 0.4601
vn -0.8503 0.4823 0.2105
vn -0.8467 0.4915 0.2040
vn -0.7436 -0.6009 -0.2933
vn -0.8126 -0.5255 -0.2519
vn -0.7884 -0.5540 -0.2675
vn -0.8822 -0.4234 -0.2058
vn -0.8777 -0.4315 -0.2086
vn -0.5490 -0.7786 -0.3039
vn -0.5479 -0.7820 -0.2972
vn -0.5482 -0.7810 -0.2991
vn -0.5437 -0.7639 -0.3476
vn -0.5441 -0.7661 -0.3419
vn -0.6528 0.7105 0.2629
vn -0.6591 0.6918 0.2948
vn -0.6571 0.6981 0.2843
vn -0.6719 0.6493 0.3563
vn -0.6707 0.6537 0.3505
vn -0.7485 0.6378 0.1814
vn -0.7834 0.5859 0.2074
vn -0.7699 0.6070 0.1972
vn -0.8206 0.5126 0.2525
vn -0.8178 0.5196 0.2475
vn -0.7340 -0.6342 -0.2431
vn -0.7837 -0.5709 -0.2447
vn -0.7654 -0.5954 -0.2443
vn -0.8405 -0.4872 -0.2371
vn -0.8354 -0.4951 -0.2387
vn 0.3925 -0.7389 0.5478
vn 0.3941 -0.7355 0.5511
vn 0.6546 0.7282 -0.2032
vn 0.6503 0.7327 -0.2005
vn 0.9673 -0.1719 0.1863
vn 0.9764 -0.1150 0.1826
vn 0.9691 -0.1621 0.1857
vn 0.8624 0.5050 -0.0347
vn 0.8581 0.5082 -0.0733
vn 0.8615 0.5059 -0.0440
vn 0.9566 -0.2217 0.1891
vn 0.3714 -0.7802 0.5033
vn 0.8652 0.5014 0.0006
vn 0.6280 0.7555 -0.1867
vn -0.3714 -0.7808 0.5024
vn -0.8656 0.5007 -0.0018
vn -0.6349 0.7503 -0.1842
vn 0.2843 -0.7468 0.6012
vn 0.5338 -0.5802 0.6152
vn 0.5250 -0.5888 0.6146
vn 0.2769 -0.7498 0.6010
vn -0.2843 0.7468 0.6012
vn -0.5338 0.5802 0.6152
vn -0.5250 0.5888 0.6146
vn -0.2769 0.7498 0.6010
vn 0.7084 -0.3187 0.6297
vn 0.7048 -0.3274 0.6294
vn -0.7084 0.3187 0.6297
vn -0.7048 0.3274 0.6294
vn 0.7718 -0.0000 0.6359
vn -0.7718 -0.0000 0.6359
vn -0.7084 -0.3187 0.6297
vn -0.7048 -0.3274 0.6294
vn 0.7084 0.3187 0.6297
vn 0.7048 0.3274 0.6294
vn -0.5338 -0.5802 0.6152
vn -0.5250 -0.5888 0.6146
vn 0.5338 0.5802 0.6152
vn 0.5250 0.5888 0.6146
vn -0.2843 -0.7468 0.6012
vn -0.2769 -0.7498 0.6010
vn 0.2843 0.7468 0.6012
vn 0.2769 0.7498 0.6010
vn -0.0000 -0.8033 0.5956
vn -0.0000 0.8033 0.5956
vn -0.9764 -0.2158 -0.0000
vn -0.9957 0.0931 -0.0000
vn -0.9957 -0.0931 -0.0000
vn -0.8690 0.4949 -0.0000
vn -0.9430 0.3328 -0.0000
vn -0.6098 0.7926 -0.0000
vn -0.7290 0.6846 -0.0000
vn -0.2820 0.9594 -0.0000
vn -0.4188 0.9081 -0.0000
vn 0.0703 0.9975 -0.0000
vn -0.0703 0.9975 -0.0000
vn 0.4188 0.9081 -0.0000
vn 0.2820 0.9594 -0.0000
vn 0.7290 0.6846 -0.0000
vn 0.6098 0.7926 -0.0000
vn 0.9430 0.3328 -0.0000
vn 0.8690 0.4949 -0.0000
vn 0.9957 -0.0931 -0.0000
vn 0.9957 0.0931 -0.0000
vn 0.8690 -0.4949 -0.0000
vn 0.9430 -0.3328 -0.0000
vn 0.6098 -0.7926 -0.0000
vn 0.7290 -0.6846 -0.0000
vn 0.2820 -0.9594 -0.0000
vn 0.4188 -0.9081 -0.0000
vn -0.0703 -0.9975 -0.0000
vn 0.0703 -0.9975 -0.0000
vn -0.4188 -0.9081 -0.0000
vn -0.2820 -0.9594 -0.0000
vn -0.7290 -0.6846 -0.0000
vn -0.6098 -0.7926 -0.0000
vn -0.9430 -0.3328 -0.0000
vn -0.8690 -0.4949 -0.0000
vn -0.9764 0.2158 -0.0000
vn 0.1118 -0.6247 0.7728
vn -0.0000 -0.6286 0.7777
vn -0.2216 -0.5823 0.7822
vn -0.2140 -0.5856 0.7819
vn -0.4123 -0.4484 0.7930
vn -0.4035 -0.4574 0.7924
vn -0.5421 -0.2441 0.8041
vn -0.5386 -0.2529 0.8037
vn -0.5883 -0.0000 0.8087
vn -0.5421 0.2441 0.8041
vn -0.5386 0.2529 0.8037
vn -0.4123 0.4485 0.7930
vn -0.4035 0.4574 0.7924
vn -0.2216 0.5823 0.7822
vn -0.2140 0.5856 0.7819
vn -0.0000 0.6286 0.7777
vn 0.2216 0.5823 0.7822
vn 0.2140 0.5856 0.7819
vn 0.4123 0.4484 0.7930
vn 0.4036 0.4574 0.7924
vn 0.5421 0.2441 0.8041
vn 0.5386 0.2529 0.8037
vn 0.5883 -0.0000 0.8087
vn 0.5421 -0.2441 0.8041
vn 0.5386 -0.2529 0.8037
vn 0.4123 -0.4485 0.7930
vn 0.4035 -0.4574 0.7924
vn 0.2216 -0.5823 0.7822
vn 0.2140 -0.5856 0.7819
vn -0.4036 -0.4574 0.7924
vn -0.4123 0.4484 0.7930
vn 0.4035 0.4574 0.7924
vn -0.1118 -0.6247 0.7728
vn -0.1118 0.6247 -0.7728
vn -0.0000 0.6286 -0.7777
vn 0.2140 0.5856 -0.7819
vn 0.2216 0.5823 -0.7822
vn 0.4035 0.4574 -0.7924
vn 0.4123 0.4484 -0.7930
vn 0.5386 0.2529 -0.8037
vn 0.5421 0.2441 -0.8041
vn 0.5883 -0.0000 -0.8087
vn 0.5386 -0.2529 -0.8037
vn 0.5421 -0.2441 -0.8041
vn 0.4035 -0.4574 -0.7924
vn 0.4123 -0.4484 -0.7930
vn 0.2140 -0.5856 -0.7819
vn 0.2216 -0.5823 -0.7822
vn -0.0000 -0.6286 -0.7777
vn -0.2140 -0.5856 -0.7819
vn -0.2216 -0.5823 -0.7822
vn -0.4035 -0.4574 -0.7924
vn -0.4123 -0.4485 -0.7930
vn -0.5386 -0.2529 -0.8037
vn -0.5421 -0.2441 -0.8041
vn -0.5883 -0.0000 -0.8087
vn -0.5386 0.2529 -0.8037
vn -0.5421 0.2441 -0.8041
vn -0.4035 0.4574 -0.7924
vn -0.4123 0.4485 -0.7930
vn -0.2140 0.5856 -0.7819
vn -0.2216 0.5823 -0.7822
vn 0.4036 0.4574 -0.7924
vn 0.4123 -0.4485 -0.7930
vn -0.4123 -0.4484 -0.7930
vn -0.4123 0.4484 -0.7930
vn 0.1118 0.6247 -0.7728
vn -0.1118 0.6247 0.7728
vn 0.4123 -0.4484 0.7930
vn 0.1118 0.6247 0.7728
vn 0.1118 -0.6247 -0.7728
vn 0.4123 0.4485 -0.7930
vn -0.1118 -0.6247 -0.7728
vn 0.9764 0.2158 -0.0000
vn 0.9764 -0.2158 -0.0000
vn 0.1111 0.6205 0.7763
vn -0.0000 0.6244 0.7811
vn -0.2125 0.5816 0.7852
vn -0.2201 0.5784 0.7855
vn -0.4007 0.4543 0.7957
vn -0.4094 0.4453 0.7963
vn -0.5347 0.2511 0.8069
vn -0.5382 0.2423 0.8072
vn -0.5840 -0.0000 0.8118
vn -0.5347 -0.2511 0.8069
vn -0.5382 -0.2423 0.8072
vn -0.4007 -0.4543 0.7957
vn -0.4094 -0.4453 0.7963
vn -0.2125 -0.5816 0.7852
vn -0.2201 -0.5784 0.7855
vn -0.0000 -0.6244 0.7811
vn 0.2125 -0.5816 0.7852
vn 0.2201 -0.5784 0.7855
vn 0.4007 -0.4543 0.7957
vn 0.4094 -0.4453 0.7963
vn 0.5347 -0.2511 0.8069
vn 0.5382 -0.2423 0.8072
vn 0.5840 -0.0000 0.8118
vn 0.5347 0.2511 0.8069
vn 0.5382 0.2423 0.8072
vn 0.4007 0.4543 0.7957
vn 0.4094 0.4453 0.7963
vn 0.2125 0.5816 0.7852
vn 0.2201 0.5784 0.7855
vn -0.1111 0.6205 0.7763
vn -0.1111 -0.6205 -0.7763
vn -0.0000 -0.6244 -0.7811
vn 0.2201 -0.5784 -0.7855
vn 0.2125 -0.5816 -0.7852
vn 0.4094 -0.4453 -0.7963
vn 0.4007 -0.4543 -0.7957
vn 0.5382 -0.2423 -0.8072
vn 0.5347 -0.2511 -0.8069
vn 0.5840 -0.0000 -0.8118
vn 0.5382 0.2423 -0.8072
vn 0.5347 0.2511 -0.8069
vn 0.4094 0.4453 -0.7963
vn 0.4007 0.4543 -0.7957
vn 0.2201 0.5784 -0.7855
vn 0.2125 0.5816 -0.7852
vn -0.0000 0.6244 -0.7811
vn -0.2201 0.5784 -0.7855
vn -0.2125 0.5816 -0.7852
vn -0.4094 0.4453 -0.7963
vn -0.4007 0.4543 -0.7957
vn -0.5382 0.2423 -0.8072
vn -0.5347 0.2511 -0.8069
vn -0.5840 -0.0000 -0.8118
vn -0.5382 -0.2423 -0.8072
vn -0.5347 -0.2511 -0.8069
vn -0.4094 -0.4453 -0.7963
vn -0.4007 -0.4543 -0.7957
vn -0.2201 -0.5784 -0.7855
vn -0.2125 -0.5816 -0.7852
vn 0.1111 -0.6205 -0.7763
vn -0.9958 0.0917 -0.0000
vn -0.9958 -0.0917 -0.0000
vn -0.9425 -0.3341 -0.0000
vn -0.8696 -0.4937 -0.0000
vn -0.7281 -0.6855 -0.0000
vn -0.6108 -0.7918 -0.0000
vn -0.4177 -0.9086 -0.0000
vn -0.2832 -0.9591 -0.0000
vn -0.0691 -0.9976 -0.0000
vn 0.0691 -0.9976 -0.0000
vn 0.2832 -0.9591 -0.0000
vn 0.4177 -0.9086 -0.0000
vn 0.6108 -0.7918 -0.0000
vn 0.7281 -0.6855 -0.0000
vn 0.8696 -0.4937 -0.0000
vn 0.9425 -0.3341 -0.0000
vn 0.9958 -0.0917 -0.0000
vn 0.9958 0.0917 -0.0000
vn 0.9425 0.3341 -0.0000
vn 0.8696 0.4937 -0.0000
vn 0.7281 0.6855 -0.0000
vn 0.6108 0.7918 -0.0000
vn 0.4177 0.9086 -0.0000
vn 0.2832 0.9591 -0.0000
vn 0.0691 0.9976 -0.0000
vn -0.0691 0.9976 -0.0000
vn -0.2832 0.9591 -0.0000
vn -0.4177 0.9086 -0.0000
vn -0.6108 0.7918 -0.0000
vn -0.7281 0.6855 -0.0000
vn -0.8696 0.4937 -0.0000
vn -0.9425 0.3341 -0.0000
vn -0.1111 -0.6205 0.7763
vn 0.1111 -0.6205 0.7763
vn 0.1111 0.6205 -0.7763
vn -0.1111 0.6205 -0.7763
vn 0.8987 0.4380 -0.0203
vn 0.8763 0.4618 -0.1373
vn 0.8841 0.4562 -0.1010
vn 0.8984 0.4385 -0.0225
vn 0.9018 -0.4276 -0.0619
vn 0.8984 -0.4386 -0.0225
vn 0.8987 -0.4380 -0.0203
vn 0.9122 -0.3989 -0.0941
vn 0.9047 -0.4209 -0.0659
vn 0.9176 -0.3866 -0.0926
vn 0.9289 -0.3513 -0.1172
vn 0.9546 -0.2729 -0.1191
vn 0.9449 -0.3080 -0.1110
vn 0.9578 -0.2708 -0.0960
vn 0.9578 0.2708 -0.0960
vn 0.9449 0.3080 -0.1110
vn 0.9546 0.2729 -0.1191
vn 0.9669 0.2277 -0.1152
vn 0.9689 0.2171 -0.1186
vn 0.9289 0.3513 -0.1172
vn 0.9176 0.3866 -0.0926
vn 0.9122 0.3989 -0.0941
vn 0.9669 -0.2277 -0.1152
vn 0.9047 0.4209 -0.0659
vn 0.9018 0.4276 -0.0619
vn 0.9456 -0.2879 -0.1512
vn 0.9456 0.2879 -0.1512
vn 0.9689 -0.2171 -0.1186
vn 0.8841 -0.4562 -0.1010
vn 0.8763 -0.4618 -0.1373
vn -0.8987 0.4380 -0.0203
vn -0.8984 0.4385 -0.0225
vn -0.8841 0.4562 -0.1010
vn -0.8763 0.4618 -0.1373
vn -0.9018 -0.4276 -0.0619
vn -0.8987 -0.4380 -0.0203
vn -0.8984 -0.4386 -0.0225
vn -0.9122 -0.3989 -0.0941
vn -0.9047 -0.4209 -0.0659
vn -0.9289 -0.3513 -0.1172
vn -0.9176 -0.3866 -0.0926
vn -0.9546 -0.2729 -0.1191
vn -0.9578 -0.2708 -0.0960
vn -0.9449 -0.3080 -0.1110
vn -0.9578 0.2708 -0.0960
vn -0.9546 0.2729 -0.1191
vn -0.9449 0.3080 -0.1110
vn -0.9669 0.2277 -0.1152
vn -0.9689 0.2171 -0.1186
vn -0.9289 0.3513 -0.1172
vn -0.9122 0.3989 -0.0941
vn -0.9176 0.3866 -0.0926
vn -0.9669 -0.2277 -0.1152
vn -0.9047 0.4209 -0.0659
vn -0.9018 0.4276 -0.0619
vn -0.9456 -0.2879 -0.1512
vn -0.9456 0.2879 -0.1512
vn -0.9689 -0.2171 -0.1186
vn -0.8763 -0.4618 -0.1373
vn -0.8841 -0.4562 -0.1010
vn 0.5177 -0.5636 0.6437
vn 0.4658 -0.5428 0.6988
vn 0.5229 -0.5655 0.6377
vn 0.7939 -0.5150 -0.3234
vn 0.7797 -0.5251 -0.3411
vn 0.6124 -0.6006 -0.5141
vn 0.5056 -0.6218 -0.5981
vn 0.6238 -0.5974 -0.5039
vn 0.7769 -0.5843 0.2345
vn 0.6336 -0.5798 0.5123
vn 0.6547 -0.5778 0.4874
vn 0.7961 -0.5837 0.1599
vn 0.8158 -0.5778 -0.0237
vn 0.8156 -0.5781 -0.0243
vn -0.0044 -1.0000 0.0016
vn -0.0000 -1.0000 0.0016
vn 0.5177 0.5636 0.6437
vn 0.5229 0.5655 0.6377
vn 0.4658 0.5428 0.6988
vn 0.7797 0.5251 -0.3411
vn 0.6238 0.5974 -0.5039
vn 0.6124 0.6006 -0.5141
vn 0.7939 0.5150 -0.3234
vn 0.7769 0.5843 0.2345
vn 0.7961 0.5837 0.1599
vn 0.6547 0.5778 0.4874
vn 0.6336 0.5798 0.5123
vn 0.8156 0.5781 -0.0243
vn 0.8158 0.5778 -0.0237
vn -0.0044 1.0000 0.0016
vn -0.0000 1.0000 0.0016
vn 0.5056 0.6218 -0.5981
vn -0.5177 -0.5636 0.6437
vn -0.5229 -0.5655 0.6377
vn -0.4658 -0.5428 0.6988
vn -0.7797 -0.5251 -0.3411
vn -0.6238 -0.5974 -0.5039
vn -0.6124 -0.6006 -0.5141
vn -0.7939 -0.5150 -0.3234
vn -0.7769 -0.5843 0.2345
vn -0.7961 -0.5837 0.1599
vn -0.6547 -0.5778 0.4874
vn -0.6336 -0.5798 0.5123
vn -0.8156 -0.5781 -0.0243
vn -0.8158 -0.5778 -0.0237
vn 0.0044 -1.0000 0.0016
vn -0.7939 0.5150 -0.3234
vn -0.7797 0.5251 -0.3411
vn -0.6124 0.6006 -0.5141
vn -0.5056 0.6218 -0.5981
vn -0.6238 0.5974 -0.5039
vn -0.5177 0.5636 0.6437
vn -0.4658 0.5428 0.6988
vn -0.5229 0.5655 0.6377
vn -0.7769 0.5843 0.2345
vn -0.6336 0.5798 0.5123
vn -0.6547 0.5778 0.4874
vn -0.7961 0.5837 0.1599
vn -0.8158 0.5778 -0.0237
vn -0.8156 0.5781 -0.0243
vn 0.0044 1.0000 0.0016
vn -0.5056 -0.6218 -0.5981
vn 0.8106 -0.5834 -0.0496
vn 0.8105 -0.5836 -0.0488
vn -0.8105 -0.5836 -0.0488
vn -0.8106 -0.5834 -0.0496
vn -0.8064 -0.5844 -0.0905
vn -0.8073 -0.5840 -0.0857
vn 0.8073 -0.5840 -0.0857
vn 0.8064 -0.5844 -0.0905
vn 0.8014 -0.5865 -0.1175
vn -0.8014 -0.5865 -0.1175
vn 0.8106 0.5834 -0.0496
vn 0.8105 0.5836 -0.0488
vn -0.8105 0.5836 -0.0488
vn -0.8106 0.5834 -0.0496
vn -0.8064 0.5844 -0.0905
vn -0.8073 0.5840 -0.0857
vn 0.8073 0.5840 -0.0857
vn 0.8064 0.5844 -0.0905
vn 0.8014 0.5865 -0.1175
vn -0.8014 0.5865 -0.1175
vn 0.7713 0.5370 -0.3415
vn 0.7713 -0.5370 -0.3415
vn 0.7640 -0.5466 0.3429
vn 0.7380 0.6748 -0.0000
vn 0.7380 -0.6748 -0.0000
vn 0.6515 0.5957 -0.4698
vn 0.6515 -0.5957 -0.4698
vn 0.7640 0.5466 0.3429
vn 0.6892 -0.6069 -0.3958
vn 0.6920 0.6093 0.3870
vn 0.6892 0.6069 -0.3958
vn 0.6920 -0.6093 0.3870
vn -0.7713 0.5370 -0.3415
vn -0.7713 -0.5370 -0.3415
vn -0.7640 -0.5466 0.3429
vn -0.7380 0.6748 -0.0000
vn -0.7380 -0.6748 -0.0000
vn -0.6515 0.5957 -0.4698
vn -0.6515 -0.5957 -0.4698
vn -0.7640 0.5466 0.3429
vn -0.6892 -0.6069 -0.3958
vn -0.6920 0.6093 0.3870
vn -0.6892 0.6069 -0.3958
vn -0.6920 -0.6093 0.3870
vn 0.7262 0.6875 -0.0000
vn -0.8118 -0.5840 -0.0000
vn 0.8118 -0.5840 -0.0000
vn -0.7262 0.6875 -0.0000
vn -0.7262 -0.6875 -0.0000
vn 0.8118 0.5840 -0.0000
vn -0.8118 0.5840 -0.0000
vn 0.7262 -0.6875 -0.0000
vt 0.289742 0.684762
vt 0.295540 0.679640
vt 0.294405 0.689067
vt 0.333632 0.620117
vt 0.345743 0.623559
vt 0.346171 0.634516
vt 0.332217 0.630910
vt 0.335378 0.612493
vt 0.345337 0.615437
vt 0.338914 0.589877
vt 0.341365 0.590302
vt 0.321919 0.781020
vt 0.321919 0.790845
vt 0.305373 0.790845
vt 0.305373 0.781020
vt 0.281841 0.698198
vt 0.284874 0.691181
vt 0.294488 0.696970
vt 0.286324 0.699706
vt 0.288827 0.790845
vt 0.288827 0.781020
vt 0.272281 0.790845
vt 0.272281 0.781020
vt 0.255735 0.790845
vt 0.255735 0.781020
vt 0.520471 0.781020
vt 0.520471 0.790845
vt 0.503925 0.790845
vt 0.503925 0.781020
vt 0.487379 0.790845
vt 0.487379 0.781020
vt 0.470833 0.790845
vt 0.470833 0.781020
vt 0.454287 0.790845
vt 0.454287 0.781020
vt 0.437741 0.790845
vt 0.437741 0.781020
vt 0.421195 0.790845
vt 0.421195 0.781020
vt 0.404649 0.790845
vt 0.404649 0.781020
vt 0.388103 0.790845
vt 0.388103 0.781020
vt 0.371557 0.790845
vt 0.371557 0.781020
vt 0.355011 0.790845
vt 0.355011 0.781020
vt 0.409927 0.718254
vt 0.401022 0.722079
vt 0.400304 0.718706
vt 0.407977 0.715410
vt 0.338465 0.790845
vt 0.338465 0.781020
vt 0.249189 0.705034
vt 0.251273 0.689472
vt 0.260929 0.692049
vt 0.259121 0.705034
vt 0.273888 0.705034
vt 0.266885 0.662450
vt 0.279610 0.652886
vt 0.284348 0.661705
vt 0.273994 0.669576
vt 0.291936 0.674655
vt 0.285080 0.680409
vt 0.257318 0.674995
vt 0.265966 0.680013
vt 0.279441 0.687937
vt 0.286324 0.710363
vt 0.281841 0.711871
vt 0.281070 0.708453
vt 0.275800 0.696273
vt 0.275800 0.713796
vt 0.274375 0.705711
vt 0.284874 0.718888
vt 0.279441 0.722132
vt 0.416709 0.711327
vt 0.430240 0.720224
vt 0.419070 0.731601
vt 0.420363 0.702337
vt 0.436339 0.705437
vt 0.420297 0.692591
vt 0.436339 0.689324
vt 0.416524 0.683610
vt 0.430159 0.674272
vt 0.409515 0.676846
vt 0.418360 0.663068
vt 0.400455 0.673264
vt 0.403334 0.657244
vt 0.390751 0.673432
vt 0.387334 0.657593
vt 0.381836 0.677265
vt 0.372680 0.663906
vt 0.375045 0.684202
vt 0.361501 0.675296
vt 0.371395 0.693210
vt 0.355426 0.690107
vt 0.371459 0.702953
vt 0.355421 0.706217
vt 0.375274 0.711936
vt 0.361647 0.721243
vt 0.382279 0.718692
vt 0.373424 0.732457
vt 0.391326 0.722242
vt 0.388445 0.738244
vt 0.404428 0.737903
vt 0.391951 0.718842
vt 0.384167 0.715777
vt 0.386016 0.712925
vt 0.392564 0.715511
vt 0.383790 0.680114
vt 0.377940 0.686092
vt 0.413821 0.709440
vt 0.416960 0.701691
vt 0.374800 0.693853
vt 0.416892 0.693306
vt 0.374863 0.702235
vt 0.413643 0.685583
vt 0.378150 0.709954
vt 0.407617 0.679761
vt 0.399830 0.676666
vt 0.391471 0.676809
vt 0.405938 0.690859
vt 0.407758 0.695214
vt 0.406473 0.695485
vt 0.404834 0.691614
vt 0.399215 0.679994
vt 0.392177 0.680118
vt 0.399601 0.715402
vt 0.385705 0.682904
vt 0.406067 0.712623
vt 0.410991 0.707592
vt 0.380775 0.687942
vt 0.413628 0.701063
vt 0.378135 0.694480
vt 0.413557 0.694006
vt 0.378194 0.701533
vt 0.410831 0.687508
vt 0.380960 0.708020
vt 0.405758 0.682618
vt 0.385878 0.704699
vt 0.384006 0.700356
vt 0.385302 0.700076
vt 0.386969 0.703944
vt 0.402526 0.687591
vt 0.401808 0.688693
vt 0.389279 0.707981
vt 0.389997 0.706868
vt 0.398130 0.685817
vt 0.397886 0.687129
vt 0.393683 0.709704
vt 0.393920 0.708405
vt 0.393374 0.685917
vt 0.393654 0.687210
vt 0.398417 0.709614
vt 0.398139 0.708325
vt 0.389017 0.687810
vt 0.389769 0.688896
vt 0.406067 0.704326
vt 0.402764 0.707725
vt 0.402015 0.706642
vt 0.404959 0.703611
vt 0.385708 0.691215
vt 0.386818 0.691932
vt 0.407823 0.699931
vt 0.406525 0.699694
vt 0.383948 0.695620
vt 0.385250 0.695857
vt 0.384879 0.810603
vt 0.392965 0.810603
vt 0.392965 0.813120
vt 0.384879 0.813120
vt 0.468029 0.813120
vt 0.476538 0.813120
vt 0.476538 0.819237
vt 0.468029 0.819237
vt 0.443375 0.810603
vt 0.451426 0.810603
vt 0.451426 0.813120
vt 0.443375 0.813120
vt 0.376823 0.810603
vt 0.376823 0.813120
vt 0.434755 0.810603
vt 0.434755 0.813120
vt 0.492684 0.810603
vt 0.501305 0.810603
vt 0.501305 0.813120
vt 0.492684 0.813120
vt 0.368202 0.810603
vt 0.368202 0.813120
vt 0.426134 0.810603
vt 0.426134 0.813120
vt 0.484634 0.810603
vt 0.484634 0.813120
vt 0.418078 0.810603
vt 0.418078 0.813120
vt 0.476538 0.810603
vt 0.409982 0.810603
vt 0.409982 0.813120
vt 0.468029 0.810603
vt 0.401474 0.810603
vt 0.401474 0.813120
vt 0.459522 0.810603
vt 0.459522 0.813120
vt 0.426134 0.830100
vt 0.434755 0.830100
vt 0.434755 0.841142
vt 0.426134 0.841142
vt 0.409982 0.819237
vt 0.401474 0.819237
vt 0.459522 0.819237
vt 0.392965 0.819237
vt 0.451426 0.819237
vt 0.384879 0.819237
vt 0.443375 0.819237
vt 0.376823 0.819237
vt 0.434755 0.819237
vt 0.501305 0.819237
vt 0.492684 0.819237
vt 0.368202 0.819237
vt 0.426134 0.819237
vt 0.484634 0.819237
vt 0.418078 0.819237
vt 0.394567 0.865011
vt 0.401887 0.864924
vt 0.400777 0.870685
vt 0.395759 0.870748
vt 0.484634 0.830100
vt 0.492684 0.830100
vt 0.492684 0.841142
vt 0.484634 0.841142
vt 0.418078 0.830100
vt 0.418078 0.841142
vt 0.476538 0.830100
vt 0.476538 0.841142
vt 0.409982 0.830100
vt 0.409982 0.841142
vt 0.468029 0.830100
vt 0.468029 0.841142
vt 0.401474 0.830100
vt 0.401474 0.841142
vt 0.459522 0.830100
vt 0.459522 0.841142
vt 0.392965 0.830100
vt 0.392965 0.841142
vt 0.451426 0.830100
vt 0.451426 0.841142
vt 0.384879 0.830100
vt 0.384879 0.841142
vt 0.443375 0.830100
vt 0.443375 0.841142
vt 0.376823 0.830100
vt 0.376823 0.841142
vt 0.501305 0.830100
vt 0.501305 0.841142
vt 0.368202 0.830100
vt 0.368202 0.841142
vt 0.385399 0.937994
vt 0.389898 0.935116
vt 0.401385 0.954498
vt 0.398184 0.956546
vt 0.408905 0.898886
vt 0.402185 0.901776
vt 0.400986 0.896030
vt 0.405605 0.894057
vt 0.387854 0.867894
vt 0.391148 0.872716
vt 0.414008 0.893658
vt 0.379984 0.879870
vt 0.382748 0.873115
vt 0.385714 0.880986
vt 0.416776 0.886903
vt 0.411040 0.885787
vt 0.379986 0.887172
vt 0.385732 0.886002
vt 0.416739 0.879590
vt 0.410995 0.880766
vt 0.382832 0.893914
vt 0.387680 0.890624
vt 0.413911 0.872832
vt 0.409064 0.876133
vt 0.394862 0.901829
vt 0.388057 0.899071
vt 0.395965 0.896073
vt 0.408680 0.867693
vt 0.404535 0.912935
vt 0.392753 0.913072
vt 0.393903 0.906897
vt 0.403242 0.906816
vt 0.404020 0.853681
vt 0.415051 0.858075
vt 0.411535 0.863351
vt 0.402840 0.859852
vt 0.381702 0.908726
vt 0.385191 0.903426
vt 0.423434 0.866486
vt 0.418196 0.869955
vt 0.373339 0.900294
vt 0.378557 0.896797
vt 0.427917 0.877383
vt 0.421783 0.878577
vt 0.368811 0.889414
vt 0.374941 0.888190
vt 0.427917 0.889110
vt 0.421810 0.887886
vt 0.368850 0.877686
vt 0.374958 0.878889
vt 0.423485 0.899930
vt 0.418299 0.896485
vt 0.373267 0.866853
vt 0.381460 0.858498
vt 0.384957 0.863658
vt 0.378454 0.870295
vt 0.415300 0.908284
vt 0.411799 0.903128
vt 0.392237 0.853860
vt 0.393509 0.859980
vt 0.434464 0.927114
vt 0.439665 0.928330
vt 0.433786 0.950081
vt 0.430086 0.949215
vt 0.394583 0.932551
vt 0.404718 0.952674
vt 0.444771 0.929899
vt 0.437419 0.951197
vt 0.406443 0.951878
vt 0.453535 0.929238
vt 0.458264 0.936647
vt 0.444026 0.954295
vt 0.441882 0.952541
vt 0.439192 0.951878
vt 0.400222 0.925809
vt 0.408830 0.927588
vt 0.411547 0.950100
vt 0.408794 0.950413
vt 0.462583 0.939791
vt 0.448707 0.957542
vt 0.445635 0.955306
vt 0.414095 0.926686
vt 0.417139 0.949010
vt 0.413393 0.949652
vt 0.466676 0.943222
vt 0.451619 0.959983
vt 0.419409 0.926145
vt 0.420919 0.948626
vt 0.452988 0.961301
vt 0.422818 0.948563
vt 0.406759 0.980143
vt 0.405474 0.978859
vt 0.413216 0.973687
vt 0.376777 0.939704
vt 0.396658 0.957677
vt 0.394243 0.959036
vt 0.434755 0.820874
vt 0.426134 0.820874
vt 0.492684 0.820874
vt 0.484634 0.820874
vt 0.418078 0.820874
vt 0.476538 0.820874
vt 0.409982 0.820874
vt 0.468029 0.820874
vt 0.401474 0.820874
vt 0.459522 0.820874
vt 0.392965 0.820874
vt 0.451426 0.820874
vt 0.384879 0.820874
vt 0.443375 0.820874
vt 0.376823 0.820874
vt 0.501305 0.820874
vt 0.368202 0.820874
vt 0.289742 0.725306
vt 0.285080 0.729660
vt 0.295540 0.730429
vt 0.291936 0.735414
vt 0.260929 0.718020
vt 0.265966 0.730056
vt 0.251273 0.720596
vt 0.257319 0.735074
vt 0.273994 0.740493
vt 0.266885 0.747619
vt 0.284348 0.748364
vt 0.279610 0.757182
vt 0.294488 0.713099
vt 0.294405 0.721002
vt 0.346171 0.638942
vt 0.338094 0.642690
vt 0.332217 0.635336
vt 0.330076 0.649659
vt 0.262911 0.557917
vt 0.264328 0.568636
vt 0.250437 0.572252
vt 0.250814 0.561399
vt 0.261167 0.550321
vt 0.251207 0.553282
vt 0.257621 0.527709
vt 0.255169 0.528125
vt 0.250437 0.576678
vt 0.264328 0.573063
vt 0.258346 0.580264
vt 0.266271 0.587357
vt 0.281070 0.701616
vt 0.274375 0.704357
vt 0.332801 0.699559
vt 0.327526 0.701486
vt 0.328293 0.698053
vt 0.320808 0.704243
vt 0.322228 0.696132
vt 0.325855 0.687768
vt 0.331320 0.691001
vt 0.331455 0.680205
vt 0.336174 0.684528
vt 0.338302 0.674298
vt 0.341984 0.679310
vt 0.307325 0.691912
vt 0.312361 0.679854
vt 0.297655 0.689333
vt 0.303718 0.674839
vt 0.320368 0.669409
vt 0.313295 0.662325
vt 0.330499 0.661515
vt 0.325767 0.652886
vt 0.305518 0.704923
vt 0.320321 0.704922
vt 0.295568 0.704925
vt 0.340897 0.688832
vt 0.341006 0.696784
vt 0.332800 0.710295
vt 0.328290 0.711795
vt 0.327527 0.708361
vt 0.322226 0.713711
vt 0.320808 0.705601
vt 0.331302 0.718837
vt 0.325850 0.722068
vt 0.336164 0.725286
vt 0.331455 0.729616
vt 0.341984 0.730490
vt 0.338312 0.735510
vt 0.307329 0.717933
vt 0.312370 0.729986
vt 0.297660 0.720517
vt 0.303731 0.735008
vt 0.320385 0.740423
vt 0.313320 0.747514
vt 0.330527 0.748305
vt 0.325805 0.756940
vt 0.341232 0.713228
vt 0.340873 0.720970
vt 0.333711 0.512140
vt 0.340860 0.505902
vt 0.340815 0.522906
vt 0.333749 0.522962
vt 0.352959 0.499419
vt 0.353788 0.499138
vt 0.353974 0.522803
vt 0.352631 0.522813
vt 0.316247 0.512854
vt 0.323741 0.514707
vt 0.323802 0.523015
vt 0.316326 0.523104
vt 0.346100 0.503067
vt 0.345975 0.522865
vt 0.294372 0.523286
vt 0.333889 0.534218
vt 0.341127 0.539906
vt 0.353326 0.546199
vt 0.354160 0.546467
vt 0.316410 0.533354
vt 0.323874 0.531322
vt 0.346411 0.542659
vt 0.440459 0.573958
vt 0.446337 0.581308
vt 0.438323 0.588284
vt 0.454411 0.577558
vt 0.447138 0.528537
vt 0.449589 0.528953
vt 0.453561 0.554090
vt 0.443603 0.551148
vt 0.453976 0.562194
vt 0.441867 0.558757
vt 0.454411 0.573132
vt 0.440459 0.569532
vt 0.373689 0.634305
vt 0.375831 0.648629
vt 0.367812 0.641659
vt 0.359735 0.637911
vt 0.366992 0.588846
vt 0.370528 0.611462
vt 0.360569 0.614406
vt 0.364542 0.589271
vt 0.374059 0.511388
vt 0.374198 0.522644
vt 0.367132 0.522699
vt 0.366821 0.505699
vt 0.354622 0.499406
vt 0.355317 0.522792
vt 0.361972 0.522740
vt 0.361537 0.502946
vt 0.374236 0.533900
vt 0.367088 0.539702
vt 0.354989 0.546186
vt 0.361848 0.542538
vt 0.427226 0.922127
vt 0.428211 0.948910
vt 0.425554 0.948128
vt 0.392647 0.961301
vt 0.374204 0.948109
vt 0.420957 0.968514
vt 0.422347 0.971870
vt 0.406759 0.967230
vt 0.404779 0.970192
vt 0.404140 0.967622
vt 0.419672 0.967230
vt 0.416710 0.965250
vt 0.419280 0.964611
vt 0.419672 0.980143
vt 0.421652 0.977181
vt 0.422292 0.979751
vt 0.409721 0.982123
vt 0.407151 0.982763
vt 0.404084 0.975503
vt 0.422347 0.975503
vt 0.404084 0.971870
vt 0.418388 0.981428
vt 0.408043 0.965946
vt 0.415032 0.982818
vt 0.411399 0.964555
vt 0.411399 0.982818
vt 0.415032 0.964555
vt 0.372274 0.619087
vt 0.360163 0.622528
vt 0.373689 0.629879
vt 0.359735 0.633485
vt 0.340641 0.454402
vt 0.361116 0.456327
vt 0.359474 0.466851
vt 0.334884 0.465763
vt 0.319610 0.450666
vt 0.310182 0.462745
vt 0.301276 0.445926
vt 0.288912 0.458586
vt 0.345450 0.445443
vt 0.362535 0.447733
vt 0.327648 0.441566
vt 0.311719 0.437214
vt 0.330308 0.568335
vt 0.344339 0.579159
vt 0.329060 0.570085
vt 0.321286 0.562738
vt 0.324534 0.553864
vt 0.334270 0.563530
vt 0.320423 0.565846
vt 0.326585 0.573092
vt 0.318408 0.570822
vt 0.325324 0.582489
vt 0.317403 0.582476
vt 0.318408 0.575249
vt 0.326585 0.577518
vt 0.296893 0.582314
vt 0.281232 0.583784
vt 0.279915 0.570208
vt 0.296661 0.570765
vt 0.358608 0.479541
vt 0.329567 0.479541
vt 0.301068 0.476839
vt 0.277053 0.472674
vt 0.359553 0.420702
vt 0.370419 0.422571
vt 0.367489 0.432520
vt 0.354642 0.430319
vt 0.350015 0.417457
vt 0.342516 0.426303
vt 0.339921 0.414005
vt 0.330782 0.421922
vt 0.309481 0.582304
vt 0.310288 0.572972
vt 0.296661 0.566339
vt 0.279915 0.565781
vt 0.278615 0.555513
vt 0.296697 0.557620
vt 0.310288 0.568546
vt 0.311677 0.561767
vt 0.277293 0.548523
vt 0.296379 0.551910
vt 0.274936 0.527709
vt 0.296630 0.535089
vt 0.247783 0.457458
vt 0.258058 0.443007
vt 0.259334 0.443075
vt 0.257723 0.472998
vt 0.251571 0.430937
vt 0.258981 0.419616
vt 0.260594 0.419703
vt 0.252901 0.410089
vt 0.261582 0.401358
vt 0.350442 0.437001
vt 0.365098 0.439373
vt 0.335531 0.432788
vt 0.321651 0.428222
vt 0.300487 0.354720
vt 0.302879 0.361572
vt 0.289865 0.362750
vt 0.289057 0.355610
vt 0.305442 0.369933
vt 0.290466 0.370301
vt 0.297558 0.344770
vt 0.288269 0.345837
vt 0.308503 0.389051
vt 0.309369 0.401740
vt 0.289173 0.397988
vt 0.290413 0.387409
vt 0.306861 0.378527
vt 0.290466 0.378093
vt 0.378920 0.433410
vt 0.393533 0.433159
vt 0.392549 0.441031
vt 0.378112 0.440550
vt 0.392654 0.447082
vt 0.377511 0.448101
vt 0.274927 0.383206
vt 0.275133 0.375757
vt 0.275323 0.369282
vt 0.273605 0.392344
vt 0.274444 0.355359
vt 0.274616 0.345930
vt 0.379707 0.423637
vt 0.393361 0.423730
vt 0.377564 0.465210
vt 0.393050 0.461007
vt 0.394372 0.470144
vt 0.378804 0.475788
vt 0.275428 0.363230
vt 0.392844 0.453557
vt 0.377511 0.455893
vt 0.337195 0.344122
vt 0.346325 0.350422
vt 0.332446 0.354988
vt 0.325461 0.348503
vt 0.315177 0.645962
vt 0.316570 0.632411
vt 0.316570 0.627985
vt 0.317901 0.617687
vt 0.319245 0.610686
vt 0.321609 0.589877
vt 0.300149 0.614030
vt 0.299916 0.597218
vt 0.299814 0.619736
vt 0.278083 0.632857
vt 0.276075 0.627852
vt 0.284832 0.623819
vt 0.286202 0.630618
vt 0.299824 0.628470
vt 0.279054 0.644503
vt 0.278083 0.637283
vt 0.286202 0.635044
vt 0.286968 0.644365
vt 0.299824 0.632897
vt 0.299543 0.644428
vt 0.317534 0.359201
vt 0.313335 0.352518
vt 0.356258 0.359414
vt 0.340329 0.363766
vt 0.322527 0.367643
vt 0.328056 0.336205
vt 0.317962 0.339656
vt 0.308424 0.342902
vt 0.379065 0.380786
vt 0.390924 0.394874
vt 0.366909 0.399039
vt 0.357795 0.384944
vt 0.338410 0.401740
vt 0.333093 0.387962
vt 0.366701 0.368126
vt 0.348367 0.372865
vt 0.327336 0.376602
vt 0.271143 0.644478
vt 0.269915 0.639510
vt 0.269915 0.635084
vt 0.267438 0.632049
vt 0.266201 0.630286
vt 0.275226 0.624743
vt 0.262269 0.625470
vt 0.272037 0.615861
vt 0.269274 0.410971
vt 0.262206 0.419790
vt 0.252151 0.641036
vt 0.252151 0.645463
vt 0.268357 0.431841
vt 0.260611 0.443144
vt 0.269274 0.458615
vt 0.344339 0.583586
vt 0.391538 0.512259
vt 0.391621 0.522507
vt 0.384145 0.522565
vt 0.384074 0.514232
vt 0.413575 0.522344
vt 0.391699 0.532760
vt 0.384204 0.530846
vt 0.472440 0.451442
vt 0.478196 0.462803
vt 0.453606 0.463891
vt 0.451965 0.453367
vt 0.493470 0.447706
vt 0.502899 0.459785
vt 0.511805 0.442966
vt 0.524169 0.455626
vt 0.467631 0.442483
vt 0.450546 0.444773
vt 0.485433 0.438606
vt 0.501361 0.434254
vt 0.374449 0.569004
vt 0.375689 0.570755
vt 0.360401 0.579772
vt 0.370506 0.564192
vt 0.380260 0.554568
vt 0.383476 0.563441
vt 0.384329 0.566548
vt 0.378152 0.573766
vt 0.386326 0.571525
vt 0.379397 0.583162
vt 0.378152 0.578193
vt 0.386326 0.575951
vt 0.387308 0.583173
vt 0.407793 0.583075
vt 0.408063 0.571541
vt 0.424810 0.571041
vt 0.423426 0.584595
vt 0.483514 0.476581
vt 0.454473 0.476581
vt 0.512013 0.473879
vt 0.536027 0.469714
vt 0.453528 0.417742
vt 0.458439 0.427358
vt 0.445591 0.429560
vt 0.442661 0.419611
vt 0.463066 0.414497
vt 0.470565 0.423343
vt 0.473160 0.411045
vt 0.482299 0.418962
vt 0.395221 0.583025
vt 0.394443 0.573702
vt 0.408063 0.567114
vt 0.408052 0.558404
vt 0.426136 0.556335
vt 0.424810 0.566614
vt 0.394443 0.569276
vt 0.393077 0.562501
vt 0.408382 0.552698
vt 0.427469 0.549344
vt 0.408154 0.535890
vt 0.429836 0.528537
vt 0.566387 0.456624
vt 0.556447 0.472164
vt 0.554836 0.442242
vt 0.556112 0.442173
vt 0.562599 0.430103
vt 0.553577 0.418869
vt 0.555189 0.418783
vt 0.561269 0.409256
vt 0.552589 0.400524
vt 0.462638 0.434041
vt 0.447983 0.436413
vt 0.477550 0.429828
vt 0.491429 0.425262
vt 0.516640 0.353633
vt 0.528070 0.354523
vt 0.527262 0.361663
vt 0.514248 0.360486
vt 0.526661 0.369214
vt 0.511685 0.368846
vt 0.519569 0.343684
vt 0.528858 0.344750
vt 0.508625 0.387964
vt 0.526714 0.386323
vt 0.527954 0.396902
vt 0.507758 0.400654
vt 0.526662 0.377007
vt 0.510266 0.377440
vt 0.434161 0.430450
vt 0.434969 0.437590
vt 0.420531 0.438071
vt 0.419548 0.430199
vt 0.435570 0.445141
vt 0.420427 0.444122
vt 0.541994 0.374670
vt 0.542200 0.382120
vt 0.541804 0.368196
vt 0.543522 0.391257
vt 0.542512 0.344843
vt 0.542683 0.354272
vt 0.433373 0.420677
vt 0.419720 0.420770
vt 0.435517 0.462250
vt 0.434277 0.472828
vt 0.418709 0.467184
vt 0.420031 0.458047
vt 0.541700 0.362144
vt 0.435569 0.452933
vt 0.420237 0.450597
vt 0.479932 0.343035
vt 0.491666 0.347416
vt 0.484681 0.353901
vt 0.470802 0.349335
vt 0.390729 0.644931
vt 0.389336 0.631380
vt 0.389336 0.626954
vt 0.388005 0.616656
vt 0.386661 0.609655
vt 0.384297 0.588846
vt 0.405757 0.613000
vt 0.405990 0.596187
vt 0.406092 0.618706
vt 0.427823 0.631826
vt 0.419704 0.629587
vt 0.421074 0.622788
vt 0.429831 0.626821
vt 0.406082 0.627439
vt 0.426852 0.643472
vt 0.418938 0.643335
vt 0.419704 0.634013
vt 0.427823 0.636252
vt 0.406363 0.643398
vt 0.406082 0.631866
vt 0.503792 0.351432
vt 0.499593 0.358115
vt 0.476798 0.362679
vt 0.460870 0.358327
vt 0.494600 0.366557
vt 0.489071 0.335118
vt 0.499165 0.338570
vt 0.508704 0.341816
vt 0.438062 0.379699
vt 0.459333 0.383858
vt 0.450218 0.397953
vt 0.426203 0.393787
vt 0.484035 0.386876
vt 0.478717 0.400654
vt 0.468761 0.371779
vt 0.450426 0.367039
vt 0.489792 0.375515
vt 0.434763 0.643448
vt 0.435991 0.638479
vt 0.435991 0.634053
vt 0.438468 0.631018
vt 0.430680 0.623712
vt 0.439705 0.629255
vt 0.433869 0.614830
vt 0.443637 0.624439
vt 0.544896 0.410138
vt 0.551964 0.418956
vt 0.453755 0.640005
vt 0.453755 0.644432
vt 0.545813 0.431008
vt 0.553559 0.442310
vt 0.544896 0.457782
vt 0.360401 0.584198
vt 0.259963 0.806334
vt 0.266121 0.806334
vt 0.266121 0.967423
vt 0.259963 0.967423
vt 0.352321 0.806334
vt 0.358478 0.806334
vt 0.358478 0.967423
vt 0.352321 0.967423
vt 0.309221 0.806334
vt 0.315378 0.806334
vt 0.315378 0.967423
vt 0.309221 0.967423
vt 0.272278 0.806334
vt 0.272278 0.967423
vt 0.321535 0.806334
vt 0.321535 0.967423
vt 0.278435 0.806334
vt 0.278435 0.967423
vt 0.327692 0.806334
vt 0.327692 0.967423
vt 0.284592 0.806334
vt 0.284592 0.967423
vt 0.333849 0.806334
vt 0.333849 0.967423
vt 0.290749 0.806334
vt 0.290749 0.967423
vt 0.340006 0.806334
vt 0.340006 0.967423
vt 0.296906 0.806334
vt 0.296906 0.967423
vt 0.346163 0.806334
vt 0.346164 0.967423
vt 0.303063 0.806334
vt 0.303064 0.967423
vt 0.257351 0.279755
vt 0.265349 0.279856
vt 0.260171 0.286331
vt 0.252131 0.286352
vt 0.273250 0.279923
vt 0.268119 0.286367
vt 0.281114 0.279969
vt 0.276020 0.286393
vt 0.288946 0.279998
vt 0.283885 0.286404
vt 0.296747 0.280013
vt 0.291716 0.286403
vt 0.304522 0.280015
vt 0.299518 0.286390
vt 0.312274 0.280005
vt 0.307293 0.286368
vt 0.320004 0.279986
vt 0.315044 0.286336
vt 0.327716 0.279957
vt 0.322773 0.286298
vt 0.335411 0.279921
vt 0.330484 0.286253
vt 0.343093 0.279880
vt 0.338179 0.286203
vt 0.350764 0.279833
vt 0.345860 0.286149
vt 0.358425 0.279782
vt 0.353530 0.286092
vt 0.366078 0.279729
vt 0.361190 0.286034
vt 0.373727 0.279674
vt 0.368842 0.285975
vt 0.381373 0.279618
vt 0.376489 0.285916
vt 0.389017 0.279564
vt 0.384133 0.285860
vt 0.396662 0.279511
vt 0.391775 0.285806
vt 0.404310 0.279461
vt 0.399418 0.285755
vt 0.411962 0.279415
vt 0.407064 0.285710
vt 0.419622 0.279374
vt 0.414714 0.285671
vt 0.427290 0.279340
vt 0.422370 0.285639
vt 0.434969 0.279313
vt 0.430035 0.285615
vt 0.442662 0.279296
vt 0.437711 0.285602
vt 0.450370 0.279288
vt 0.445400 0.285600
vt 0.458096 0.279293
vt 0.453104 0.285610
vt 0.465843 0.279310
vt 0.460826 0.285635
vt 0.473613 0.279343
vt 0.468567 0.285676
vt 0.481409 0.279392
vt 0.476332 0.285735
vt 0.489234 0.279460
vt 0.484122 0.285813
vt 0.497091 0.279547
vt 0.491940 0.285913
vt 0.504984 0.279658
vt 0.499790 0.286037
vt 0.512922 0.279787
vt 0.507676 0.286190
vt 0.520948 0.279871
vt 0.515656 0.286387
vt 0.257593 0.278293
vt 0.265362 0.278419
vt 0.273252 0.278480
vt 0.281113 0.278531
vt 0.288942 0.278566
vt 0.296741 0.278586
vt 0.304514 0.278593
vt 0.312263 0.278587
vt 0.319992 0.278571
vt 0.327702 0.278546
vt 0.335396 0.278513
vt 0.343077 0.278473
vt 0.350747 0.278428
vt 0.358408 0.278379
vt 0.366061 0.278327
vt 0.373709 0.278273
vt 0.381355 0.278218
vt 0.388999 0.278163
vt 0.396645 0.278110
vt 0.404293 0.278059
vt 0.411947 0.278012
vt 0.419607 0.277970
vt 0.427277 0.277934
vt 0.434958 0.277905
vt 0.442652 0.277885
vt 0.450362 0.277875
vt 0.458091 0.277875
vt 0.465840 0.277889
vt 0.473613 0.277917
vt 0.481412 0.277961
vt 0.489240 0.278023
vt 0.497101 0.278105
vt 0.504999 0.278209
vt 0.512929 0.278341
vt 0.520753 0.278399
vt 0.260183 0.287777
vt 0.252368 0.287822
vt 0.268120 0.287817
vt 0.276024 0.287837
vt 0.283891 0.287842
vt 0.291725 0.287835
vt 0.299529 0.287817
vt 0.307305 0.287790
vt 0.315058 0.287754
vt 0.322789 0.287712
vt 0.330501 0.287664
vt 0.338196 0.287611
vt 0.345878 0.287555
vt 0.353548 0.287496
vt 0.361208 0.287436
vt 0.368861 0.287376
vt 0.376507 0.287317
vt 0.384151 0.287260
vt 0.391792 0.287206
vt 0.399435 0.287156
vt 0.407079 0.287111
vt 0.414728 0.287073
vt 0.422383 0.287042
vt 0.430046 0.287020
vt 0.437720 0.287009
vt 0.445407 0.287010
vt 0.453108 0.287023
vt 0.460827 0.287052
vt 0.468566 0.287097
vt 0.476327 0.287160
vt 0.484113 0.287243
vt 0.491927 0.287348
vt 0.499773 0.287477
vt 0.507647 0.287624
vt 0.515397 0.287842
vt 0.515397 0.304686
vt 0.507647 0.304468
vt 0.507676 0.303034
vt 0.515656 0.303231
vt 0.499774 0.304321
vt 0.499790 0.302881
vt 0.491927 0.304192
vt 0.491940 0.302757
vt 0.484113 0.304087
vt 0.484122 0.302657
vt 0.476327 0.304004
vt 0.476332 0.302579
vt 0.468566 0.303941
vt 0.468567 0.302520
vt 0.460827 0.303896
vt 0.460826 0.302479
vt 0.453108 0.303867
vt 0.453104 0.302454
vt 0.445407 0.303854
vt 0.445400 0.302444
vt 0.437720 0.303853
vt 0.437711 0.302446
vt 0.430046 0.303865
vt 0.430035 0.302459
vt 0.422383 0.303886
vt 0.422370 0.302483
vt 0.414728 0.303917
vt 0.414714 0.302515
vt 0.407079 0.303955
vt 0.407064 0.302554
vt 0.399435 0.304000
vt 0.399418 0.302599
vt 0.391793 0.304050
vt 0.391775 0.302650
vt 0.384151 0.304104
vt 0.384133 0.302704
vt 0.376507 0.304161
vt 0.376489 0.302761
vt 0.368861 0.304220
vt 0.368842 0.302819
vt 0.361208 0.304280
vt 0.361190 0.302878
vt 0.353548 0.304340
vt 0.353530 0.302936
vt 0.345878 0.304399
vt 0.345861 0.302993
vt 0.338197 0.304455
vt 0.338179 0.303047
vt 0.330501 0.304508
vt 0.330485 0.303097
vt 0.322789 0.304556
vt 0.322773 0.303142
vt 0.315058 0.304598
vt 0.315044 0.303180
vt 0.307305 0.304634
vt 0.307293 0.303212
vt 0.299529 0.304661
vt 0.299518 0.303235
vt 0.291725 0.304679
vt 0.291716 0.303247
vt 0.283891 0.304686
vt 0.283885 0.303249
vt 0.276024 0.304681
vt 0.276020 0.303237
vt 0.268120 0.304661
vt 0.268119 0.303211
vt 0.260183 0.304621
vt 0.260171 0.303175
vt 0.252368 0.304666
vt 0.252131 0.303196
vt 0.520948 0.296715
vt 0.512922 0.296631
vt 0.512929 0.295185
vt 0.520753 0.295243
vt 0.504984 0.296502
vt 0.504999 0.295053
vt 0.497091 0.296391
vt 0.497101 0.294949
vt 0.489234 0.296304
vt 0.489240 0.294867
vt 0.481409 0.296236
vt 0.481412 0.294805
vt 0.473613 0.296187
vt 0.473613 0.294761
vt 0.465843 0.296154
vt 0.465840 0.294733
vt 0.458096 0.296137
vt 0.458091 0.294720
vt 0.450370 0.296132
vt 0.450362 0.294719
vt 0.442662 0.296140
vt 0.442652 0.294729
vt 0.434970 0.296157
vt 0.434958 0.294749
vt 0.427290 0.296184
vt 0.427277 0.294778
vt 0.419622 0.296218
vt 0.419607 0.294814
vt 0.411962 0.296259
vt 0.411947 0.294857
vt 0.404310 0.296305
vt 0.404294 0.294904
vt 0.396662 0.296355
vt 0.396645 0.294954
vt 0.389017 0.296408
vt 0.389000 0.295007
vt 0.381373 0.296463
vt 0.381355 0.295062
vt 0.373727 0.296518
vt 0.373710 0.295117
vt 0.366079 0.296573
vt 0.366061 0.295171
vt 0.358425 0.296626
vt 0.358408 0.295223
vt 0.350764 0.296677
vt 0.350747 0.295272
vt 0.343093 0.296724
vt 0.343078 0.295317
vt 0.335411 0.296766
vt 0.335397 0.295357
vt 0.327716 0.296801
vt 0.327702 0.295390
vt 0.320004 0.296830
vt 0.319992 0.295415
vt 0.312274 0.296849
vt 0.312263 0.295431
vt 0.304522 0.296859
vt 0.304514 0.295437
vt 0.296747 0.296857
vt 0.296741 0.295430
vt 0.288946 0.296842
vt 0.288942 0.295410
vt 0.281114 0.296813
vt 0.281113 0.295375
vt 0.273250 0.296767
vt 0.273252 0.295324
vt 0.265349 0.296700
vt 0.265362 0.295263
vt 0.257351 0.296599
vt 0.257593 0.295137
vt 0.255142 0.271534
vt 0.254798 0.269707
vt 0.262956 0.269442
vt 0.263004 0.271234
vt 0.270974 0.269242
vt 0.271000 0.271041
vt 0.278940 0.269087
vt 0.278958 0.270877
vt 0.286861 0.268969
vt 0.286872 0.270749
vt 0.294743 0.268881
vt 0.294747 0.270653
vt 0.302590 0.268822
vt 0.302588 0.270586
vt 0.310406 0.268788
vt 0.310399 0.270545
vt 0.318195 0.268775
vt 0.318183 0.270527
vt 0.325960 0.268782
vt 0.325944 0.270529
vt 0.333704 0.268805
vt 0.333685 0.270548
vt 0.341432 0.268843
vt 0.341409 0.270582
vt 0.349145 0.268893
vt 0.349120 0.270629
vt 0.356847 0.268953
vt 0.356820 0.270687
vt 0.364540 0.269021
vt 0.364511 0.270753
vt 0.372227 0.269095
vt 0.372197 0.270826
vt 0.379910 0.269173
vt 0.379880 0.270903
vt 0.387593 0.269253
vt 0.387562 0.270984
vt 0.395277 0.269333
vt 0.395246 0.271065
vt 0.402965 0.269413
vt 0.402934 0.271145
vt 0.410659 0.269489
vt 0.410630 0.271223
vt 0.418363 0.269560
vt 0.418335 0.271297
vt 0.426079 0.269624
vt 0.426053 0.271364
vt 0.433810 0.269679
vt 0.433786 0.271423
vt 0.441559 0.269723
vt 0.441537 0.271472
vt 0.449329 0.269754
vt 0.449310 0.271508
vt 0.457123 0.269770
vt 0.457108 0.271529
vt 0.464945 0.269768
vt 0.464935 0.271534
vt 0.472799 0.269745
vt 0.472794 0.271518
vt 0.480689 0.269698
vt 0.480689 0.271481
vt 0.488620 0.269626
vt 0.488627 0.271418
vt 0.496597 0.269523
vt 0.496610 0.271326
vt 0.504624 0.269388
vt 0.504646 0.271202
vt 0.512720 0.269225
vt 0.512728 0.271039
vt 0.520948 0.269124
vt 0.520706 0.270979
vt 0.249477 0.263070
vt 0.249719 0.261216
vt 0.257697 0.261156
vt 0.257705 0.262970
vt 0.265780 0.260993
vt 0.265801 0.262807
vt 0.273815 0.260868
vt 0.273829 0.262671
vt 0.281799 0.260777
vt 0.281805 0.262569
vt 0.289736 0.260714
vt 0.289736 0.262496
vt 0.297632 0.260676
vt 0.297626 0.262450
vt 0.305491 0.260661
vt 0.305480 0.262427
vt 0.313317 0.260665
vt 0.313303 0.262425
vt 0.321115 0.260687
vt 0.321097 0.262440
vt 0.328888 0.260723
vt 0.328867 0.262471
vt 0.336639 0.260772
vt 0.336615 0.262515
vt 0.344372 0.260831
vt 0.344346 0.262571
vt 0.352090 0.260898
vt 0.352062 0.262635
vt 0.359796 0.260971
vt 0.359766 0.262706
vt 0.367491 0.261049
vt 0.367461 0.262782
vt 0.375180 0.261130
vt 0.375149 0.262861
vt 0.382864 0.261211
vt 0.382833 0.262942
vt 0.390546 0.261291
vt 0.390515 0.263022
vt 0.398228 0.261369
vt 0.398199 0.263100
vt 0.405914 0.261441
vt 0.405886 0.263174
vt 0.413606 0.261508
vt 0.413579 0.263242
vt 0.421305 0.261565
vt 0.421280 0.263301
vt 0.429016 0.261612
vt 0.428994 0.263351
vt 0.436740 0.261646
vt 0.436721 0.263389
vt 0.444482 0.261666
vt 0.444466 0.263413
vt 0.452242 0.261667
vt 0.452231 0.263419
vt 0.460026 0.261649
vt 0.460019 0.263407
vt 0.467837 0.261608
vt 0.467835 0.263373
vt 0.475678 0.261541
vt 0.475682 0.263313
vt 0.483553 0.261446
vt 0.483564 0.263226
vt 0.491468 0.261317
vt 0.491486 0.263107
vt 0.499426 0.261154
vt 0.499451 0.262953
vt 0.507421 0.260960
vt 0.507469 0.262753
vt 0.515284 0.260661
vt 0.515628 0.262488
vt 0.515723 0.245137
vt 0.520948 0.251878
vt 0.512703 0.251839
vt 0.507541 0.245279
vt 0.504599 0.251883
vt 0.499505 0.245371
vt 0.496565 0.251915
vt 0.491522 0.245432
vt 0.488583 0.251926
vt 0.483586 0.245469
vt 0.480648 0.251920
vt 0.475692 0.245485
vt 0.472754 0.251899
vt 0.467835 0.245484
vt 0.464897 0.251863
vt 0.460010 0.245467
vt 0.457074 0.251817
vt 0.452213 0.245436
vt 0.449278 0.251760
vt 0.444442 0.245393
vt 0.441508 0.251695
vt 0.436692 0.245340
vt 0.433760 0.251623
vt 0.428961 0.245280
vt 0.426030 0.251546
vt 0.421244 0.245212
vt 0.418315 0.251466
vt 0.413540 0.245140
vt 0.410613 0.251383
vt 0.405846 0.245064
vt 0.402921 0.251300
vt 0.398158 0.244986
vt 0.395235 0.251218
vt 0.390475 0.244908
vt 0.387554 0.251138
vt 0.382793 0.244831
vt 0.379875 0.251062
vt 0.375110 0.244756
vt 0.372195 0.250991
vt 0.367424 0.244686
vt 0.364512 0.250926
vt 0.359731 0.244621
vt 0.356823 0.250870
vt 0.352030 0.244563
vt 0.349126 0.250824
vt 0.344317 0.244515
vt 0.341417 0.250790
vt 0.336590 0.244477
vt 0.333695 0.250770
vt 0.328845 0.244451
vt 0.325955 0.250766
vt 0.321079 0.244440
vt 0.318196 0.250779
vt 0.313289 0.244446
vt 0.310413 0.250813
vt 0.305472 0.244471
vt 0.302602 0.250870
vt 0.297623 0.244517
vt 0.294762 0.250953
vt 0.289738 0.244588
vt 0.286886 0.251065
vt 0.281813 0.244685
vt 0.278970 0.251208
vt 0.273842 0.244813
vt 0.271011 0.251388
vt 0.265821 0.244975
vt 0.263000 0.251614
vt 0.257732 0.245164
vt 0.254849 0.251906
vt 0.249511 0.245292
vt 0.515405 0.243301
vt 0.507519 0.243482
vt 0.499502 0.243568
vt 0.491524 0.243638
vt 0.483593 0.243685
vt 0.475703 0.243711
vt 0.467849 0.243717
vt 0.460028 0.243707
vt 0.452234 0.243682
vt 0.444465 0.243645
vt 0.436718 0.243597
vt 0.428988 0.243540
vt 0.421273 0.243475
vt 0.413570 0.243405
vt 0.405876 0.243331
vt 0.398188 0.243255
vt 0.390505 0.243177
vt 0.382823 0.243100
vt 0.375139 0.243025
vt 0.367452 0.242954
vt 0.359758 0.242887
vt 0.352055 0.242827
vt 0.344340 0.242775
vt 0.336610 0.242734
vt 0.328862 0.242704
vt 0.321093 0.242688
vt 0.313299 0.242688
vt 0.305477 0.242706
vt 0.297623 0.242745
vt 0.289732 0.242807
vt 0.281801 0.242895
vt 0.273823 0.243012
vt 0.265794 0.243162
vt 0.257718 0.243352
vt 0.249747 0.243438
vt 0.520640 0.253730
vt 0.512681 0.253652
vt 0.504595 0.253698
vt 0.496556 0.253719
vt 0.488570 0.253719
vt 0.480631 0.253703
vt 0.472734 0.253673
vt 0.464875 0.253630
vt 0.457049 0.253576
vt 0.449252 0.253513
vt 0.441480 0.253443
vt 0.433730 0.253366
vt 0.425999 0.253286
vt 0.418284 0.253202
vt 0.410582 0.253117
vt 0.402889 0.253032
vt 0.395204 0.252949
vt 0.387524 0.252868
vt 0.379846 0.252792
vt 0.372167 0.252721
vt 0.364486 0.252658
vt 0.356799 0.252603
vt 0.349104 0.252560
vt 0.341399 0.252528
vt 0.333680 0.252512
vt 0.325944 0.252511
vt 0.318189 0.252530
vt 0.310410 0.252570
vt 0.302606 0.252633
vt 0.294771 0.252724
vt 0.286902 0.252844
vt 0.278994 0.252997
vt 0.271042 0.253186
vt 0.263054 0.253405
vt 0.255198 0.253730
vt 0.096855 0.140694
vt 0.099263 0.759403
vt 0.082785 0.760296
vt 0.080617 0.140508
vt 0.039644 0.127780
vt 0.038410 0.140411
vt 0.022174 0.140518
vt 0.042544 0.115152
vt 0.024128 0.119968
vt 0.028178 0.099439
vt 0.046332 0.102531
vt 0.059663 0.077285
vt 0.033535 0.078933
vt 0.039931 0.058430
vt 0.079477 0.058513
vt 0.085786 0.079044
vt 0.071227 0.038015
vt 0.059791 0.017513
vt 0.072886 0.102589
vt 0.091054 0.099582
vt 0.076612 0.115230
vt 0.048267 0.037966
vt 0.095003 0.120133
vt 0.079448 0.127865
vt 0.052730 0.089906
vt 0.066542 0.089935
vt 0.033341 0.760107
vt 0.016897 0.759177
vt 0.137245 0.140674
vt 0.153483 0.140530
vt 0.149699 0.760311
vt 0.133223 0.759375
vt 0.194489 0.127909
vt 0.211926 0.140693
vt 0.195690 0.140544
vt 0.191622 0.115274
vt 0.210026 0.120138
vt 0.187867 0.102643
vt 0.206029 0.099598
vt 0.174602 0.077362
vt 0.194384 0.058559
vt 0.200725 0.079078
vt 0.154838 0.058539
vt 0.148475 0.079054
vt 0.163140 0.038062
vt 0.174630 0.017591
vt 0.161313 0.102632
vt 0.157554 0.115263
vt 0.143153 0.099577
vt 0.186101 0.038074
vt 0.139150 0.120118
vt 0.154685 0.127891
vt 0.181503 0.090002
vt 0.167691 0.089994
vt 0.199143 0.760251
vt 0.215590 0.759364
vt 0.014734 0.814731
vt 0.006428 0.807594
vt 0.008888 0.800520
vt 0.020654 0.809087
vt 0.026420 0.768836
vt 0.015501 0.764615
vt 0.017700 0.777588
vt 0.008811 0.785230
vt 0.006083 0.777986
vt 0.011645 0.771289
vt 0.026754 0.830214
vt 0.021775 0.821902
vt 0.029841 0.818093
vt 0.039719 0.829352
vt 0.038548 0.894798
vt 0.026550 0.894702
vt 0.113142 0.978415
vt 0.106548 0.982297
vt 0.106549 0.958693
vt 0.113142 0.963000
vt 0.101366 0.815084
vt 0.095440 0.809417
vt 0.107246 0.800843
vt 0.109704 0.807939
vt 0.098438 0.777844
vt 0.086221 0.818425
vt 0.089711 0.769060
vt 0.100654 0.764849
vt 0.104512 0.771538
vt 0.089275 0.830581
vt 0.076321 0.829656
vt 0.094294 0.822262
vt 0.088848 0.895018
vt 0.076856 0.894995
vt 0.120980 0.978415
vt 0.120980 0.963000
vt 0.127573 0.958693
vt 0.127573 0.982297
vt 0.107339 0.785512
vt 0.110080 0.778255
vt 0.057658 0.904397
vt 0.217608 0.814924
vt 0.211703 0.809264
vt 0.223491 0.800728
vt 0.225933 0.807808
vt 0.214739 0.777773
vt 0.202492 0.818246
vt 0.206042 0.768998
vt 0.216972 0.764806
vt 0.220811 0.771490
vt 0.205548 0.830375
vt 0.192585 0.829480
vt 0.210549 0.822076
vt 0.205584 0.894864
vt 0.193585 0.894928
vt 0.099955 0.978415
vt 0.099955 0.963000
vt 0.142750 0.769058
vt 0.131818 0.764818
vt 0.134000 0.777818
vt 0.125079 0.785463
vt 0.122358 0.778199
vt 0.127943 0.771497
vt 0.136916 0.809399
vt 0.125132 0.800795
vt 0.155982 0.829688
vt 0.146112 0.818432
vt 0.130975 0.815051
vt 0.122656 0.807884
vt 0.143026 0.830580
vt 0.138029 0.822248
vt 0.155277 0.895026
vt 0.143285 0.895017
vt 0.134166 0.978415
vt 0.134166 0.963000
vt 0.223607 0.785438
vt 0.226354 0.778202
vt 0.174451 0.904478
vt 0.025550 0.908846
vt 0.037594 0.909047
vt 0.194502 0.909179
vt 0.206546 0.909011
vt 0.195637 0.920574
vt 0.207413 0.917233
vt 0.024661 0.917066
vt 0.036429 0.920439
vt 0.022973 0.928008
vt 0.031878 0.940245
vt 0.200134 0.940392
vt 0.209072 0.928179
vt 0.089709 0.909165
vt 0.077668 0.909247
vt 0.154428 0.909276
vt 0.142386 0.909162
vt 0.153345 0.920673
vt 0.141556 0.917386
vt 0.090518 0.917392
vt 0.078720 0.920647
vt 0.092097 0.928349
vt 0.083072 0.940497
vt 0.148940 0.940511
vt 0.139947 0.928340
vt 0.053398 0.909747
vt 0.266102 0.095119
vt 0.279532 0.118660
vt 0.272418 0.118253
vt 0.259951 0.098362
vt 0.253820 0.095081
vt 0.247363 0.118176
vt 0.240246 0.118540
vt 0.259834 0.136755
vt 0.259802 0.147233
vt 0.265230 0.078006
vt 0.260010 0.079110
vt 0.254797 0.077974
vt 0.260029 0.072893
vt 0.248675 0.118173
vt 0.259944 0.100686
vt 0.259891 0.118114
vt 0.259840 0.134681
vt 0.271106 0.118241
vt 0.053327 0.926333
vt 0.040426 0.946907
vt 0.057305 0.974335
vt 0.057266 0.982182
vt 0.061863 0.909789
vt 0.074457 0.947073
vt 0.061770 0.926372
vt 0.170232 0.909859
vt 0.170284 0.926445
vt 0.157535 0.947111
vt 0.296524 0.095056
vt 0.302657 0.098333
vt 0.290081 0.118154
vt 0.282964 0.118523
vt 0.308806 0.095086
vt 0.322250 0.118620
vt 0.315135 0.118217
vt 0.302536 0.147204
vt 0.302562 0.136726
vt 0.297492 0.077948
vt 0.302705 0.079081
vt 0.307924 0.077974
vt 0.302721 0.072864
vt 0.313824 0.118206
vt 0.302608 0.118086
vt 0.302652 0.100657
vt 0.302567 0.134652
vt 0.291392 0.118150
vt 0.174629 0.982264
vt 0.174612 0.974416
vt 0.191567 0.947031
vt 0.178697 0.909838
vt 0.178727 0.926421
vt 0.285891 0.039351
vt 0.288923 0.039351
vt 0.288923 0.052090
vt 0.285891 0.052090
vt 0.270041 0.039351
vt 0.270041 0.052090
vt 0.254192 0.052090
vt 0.254192 0.039351
vt 0.286760 0.054995
vt 0.274285 0.054837
vt 0.265797 0.054837
vt 0.253323 0.054995
vt 0.251159 0.052090
vt 0.251159 0.039351
vt 0.253323 0.036446
vt 0.265797 0.036604
vt 0.274285 0.036604
vt 0.286760 0.036446
vt 0.314778 0.038608
vt 0.298928 0.038608
vt 0.298060 0.035703
vt 0.310534 0.035861
vt 0.330627 0.038608
vt 0.319022 0.035861
vt 0.331496 0.035703
vt 0.330628 0.051347
vt 0.333660 0.038608
vt 0.333660 0.051347
vt 0.314778 0.051347
vt 0.331496 0.054252
vt 0.319022 0.054094
vt 0.298928 0.051347
vt 0.310534 0.054094
vt 0.298060 0.054252
vt 0.295896 0.051347
vt 0.295896 0.038608
s 1
usemtl Master_Sword
f 10/1/1 1597/2/2 1595/3/3
f 1346/4/4 1337/5/5 1334/6/5 1343/7/6
f 1344/8/7 1339/9/8 1338/5/8 8/4/9
f 1345/10/10 1341/11/11 1340/9/11 6/8/12
f 1347/12/13 1350/13/13 1349/14/14 1348/15/14
f 11/16/15 9/17/16 1335/18/17 1624/19/18
f 1348/15/14 1349/14/14 1352/20/19 1351/21/19
f 1351/21/19 1352/20/19 1354/22/20 1353/23/20
f 1353/23/20 1354/22/20 1356/24/21 1355/25/21
f 1355/26/21 1356/27/21 1358/28/22 1357/29/22
f 1357/29/22 1358/28/22 1360/30/23 1359/31/23
f 1359/31/23 1360/30/23 1362/32/24 1361/33/24
f 1361/33/24 1362/32/24 1364/34/25 1363/35/25
f 1363/35/25 1364/34/25 1366/36/26 1365/37/26
f 1365/37/26 1366/36/26 1368/38/27 1367/39/27
f 1367/39/27 1368/38/27 1370/40/28 1369/41/28
f 1369/41/28 1370/40/28 1372/42/29 1371/43/29
f 10/1/1 1595/3/3 1335/18/17 9/17/16
f 1371/43/29 1372/42/29 1374/44/30 1373/45/30
f 1373/45/30 1374/44/30 1376/46/31 1375/47/31
f 14/48/13 44/49/32 1426/50/32 1412/51/13
f 1375/47/31 1376/46/31 1378/52/32 1377/53/32
f 1377/53/32 1378/52/32 1350/13/13 1347/12/13
f 29/54/33 31/55/34 72/56/35 71/57/36
f 71/57/36 72/56/35 1622/58/37
f 35/59/38 37/60/39 70/61/40 69/62/41
f 69/62/41 70/61/40 57/63/42 56/64/43
f 33/65/44 35/59/38 69/62/41 74/66/45
f 74/66/45 69/62/41 56/64/43 61/67/46
f 1379/68/47 67/69/48 1383/70/49
f 31/55/34 33/65/44 74/66/45 72/56/35
f 72/56/35 74/66/45 61/67/46 59/71/50
f 1383/70/49 67/69/48 60/72/51 1388/73/52
f 60/72/51 67/69/48 73/74/53 58/75/54
f 1396/48/55 1395/76/56 76/77/57 77/78/55
f 1395/76/56 1397/79/58 78/80/59 76/77/57
f 1397/79/58 1398/81/60 79/82/61 78/80/59
f 1398/81/60 1399/83/62 80/84/62 79/82/61
f 1399/83/62 1400/85/63 81/86/64 80/84/62
f 1400/85/63 1401/87/65 82/88/66 81/86/64
f 1401/87/65 1402/89/67 83/90/68 82/88/66
f 1402/89/67 1403/91/69 84/92/69 83/90/68
f 1403/91/69 1404/93/70 85/94/71 84/92/69
f 1404/93/70 1405/95/72 86/96/73 85/94/71
f 1405/95/72 1406/97/74 87/98/75 86/96/73
f 1406/97/74 1407/99/76 88/100/76 87/98/75
f 1407/99/76 1408/101/77 89/102/78 88/100/76
f 1408/101/77 1409/103/79 90/104/80 89/102/78
f 1409/103/79 1410/49/81 91/105/82 90/104/80
f 1410/49/81 1396/48/55 77/78/55 91/105/82
f 1425/106/83 105/107/83 1440/108/83 1441/109/83
f 32/93/26 30/91/25 1419/110/25 1420/111/26
f 18/79/19 16/76/14 1411/112/14 1413/113/19
f 34/95/27 32/93/26 1420/111/26 1421/114/27
f 20/81/20 18/79/19 1413/113/19 1414/115/20
f 36/97/28 34/95/27 1421/114/27 1422/116/28
f 22/83/21 20/81/20 1414/115/20 1415/117/21
f 38/99/29 36/97/28 1422/116/28 1423/118/29
f 24/85/22 22/83/21 1415/117/21 1416/119/22
f 40/101/30 38/99/29 1423/118/29 1424/107/30
f 26/87/23 24/85/22 1416/119/22 1417/120/23
f 42/103/31 40/101/30 1424/107/30 106/106/31
f 28/89/24 26/87/23 1417/120/23 1418/121/24
f 44/49/32 42/103/31 106/106/31 1426/50/32
f 30/91/25 28/89/24 1418/121/24 1419/110/25
f 16/76/14 14/48/13 1412/51/13 1411/112/14
f 590/122/83 1904/123/83 1446/124/83 1447/125/83
f 99/121/83 98/120/83 1433/126/83 1434/127/83
f 107/50/83 1425/106/83 1441/109/83 1442/128/83
f 100/110/83 99/121/83 1434/127/83 1435/129/83
f 92/112/83 93/51/83 1428/130/83 1427/131/83
f 93/51/83 107/50/83 1442/128/83 1428/130/83
f 101/111/83 100/110/83 1435/129/83 1436/132/83
f 94/113/83 92/112/83 1427/131/83 1429/133/83
f 102/114/83 101/111/83 1436/132/83 1437/134/83
f 95/115/83 94/113/83 1429/133/83 1430/135/83
f 103/116/83 102/114/83 1437/134/83 1438/136/83
f 96/117/83 95/115/83 1430/135/83 1431/137/83
f 104/118/83 103/116/83 1438/136/83 1439/138/83
f 97/119/83 96/117/83 1431/137/83 1432/139/83
f 105/107/83 104/118/83 1439/138/83 1440/108/83
f 98/120/83 97/119/83 1432/139/83 1433/126/83
f 592/140/83 1902/141/83 1454/142/83 1455/143/83
f 593/144/83 590/122/83 1447/125/83 1448/145/83
f 594/146/83 592/140/83 1455/143/83 1456/147/83
f 595/148/83 593/144/83 1448/145/83 1449/149/83
f 596/150/83 594/146/83 1456/147/83 1457/151/83
f 597/152/83 595/148/83 1449/149/83 1450/153/83
f 598/154/83 596/150/83 1457/151/83 1458/155/83
f 599/156/83 597/152/83 1450/153/83 1451/157/83
f 601/158/83 1909/159/83 1444/160/83 1443/161/83
f 1909/159/83 598/154/83 1458/155/83 1444/160/83
f 602/162/83 599/156/83 1451/157/83 1452/163/83
f 603/164/83 601/158/83 1443/161/83 1445/165/83
f 604/166/83 602/162/83 1452/163/83 1453/167/83
f 1904/123/83 603/164/83 1445/165/83 1446/124/83
f 1902/141/83 604/166/83 1453/167/83 1454/142/83
f 1473/168/84 1472/169/84 1488/170/84 1489/171/84
f 1479/172/21 159/173/20 1494/174/20 1495/175/21
f 1466/176/84 1465/177/84 1481/178/84 1482/179/84
f 1474/180/84 1473/168/84 1489/171/84 1490/181/84
f 1467/182/84 1466/176/84 1482/179/84 1483/183/84
f 1459/184/84 1460/185/84 1476/186/84 1475/187/84
f 1460/188/84 1474/180/84 1490/181/84 1476/189/84
f 1468/190/84 1467/182/84 1483/183/84 1484/191/84
f 1461/192/84 1459/184/84 1475/187/84 1477/193/84
f 1469/194/84 1468/190/84 1484/191/84 1485/195/84
f 1462/196/84 1461/192/84 1477/193/84 1478/173/84
f 1470/197/84 1469/194/84 1485/195/84 1486/198/84
f 1463/199/84 1462/196/84 1478/173/84 160/172/84
f 1471/200/84 1470/197/84 1486/198/84 1487/201/84
f 1464/202/84 1463/199/84 160/172/84 1480/203/84
f 1472/169/84 1471/200/84 1487/201/84 1488/170/84
f 1465/177/84 1464/202/84 1480/203/84 1481/178/84
f 350/204/85 351/205/86 1515/206/87 1516/207/88
f 168/201/29 167/198/28 1502/208/28 1503/209/29
f 161/203/22 1479/172/21 1495/175/21 1496/210/22
f 169/170/30 168/201/29 1503/209/29 1504/211/30
f 162/178/23 161/203/22 1496/210/22 1497/212/23
f 170/171/31 169/170/30 1504/211/30 1505/213/31
f 163/179/24 162/178/23 1497/212/23 1498/214/24
f 171/181/32 170/171/31 1505/213/31 1506/215/32
f 164/183/25 163/179/24 1498/214/24 1499/216/25
f 156/187/14 157/186/13 1492/217/13 1491/218/14
f 157/189/13 171/181/32 1506/215/32 1492/219/13
f 165/191/26 164/183/25 1499/216/25 1500/220/26
f 158/193/19 156/187/14 1491/218/14 1493/221/19
f 166/195/27 165/191/26 1500/220/26 1501/222/27
f 159/173/20 158/193/19 1493/221/19 1494/174/20
f 167/198/28 166/195/27 1501/222/27 1502/208/28
f 319/223/89 322/224/90 1539/225/91 1538/226/92
f 349/227/93 352/228/94 1507/229/95 1509/230/96
f 348/231/97 350/204/85 1516/207/88 1517/232/98
f 347/233/99 349/227/93 1509/230/96 1510/234/100
f 346/235/101 348/231/97 1517/232/98 1518/236/102
f 345/237/103 347/233/99 1510/234/100 1511/238/104
f 344/239/105 346/235/101 1518/236/102 1519/240/106
f 343/241/107 345/237/103 1511/238/104 1512/242/108
f 342/243/109 344/239/105 1519/240/106 1520/244/110
f 341/245/111 343/241/107 1512/242/108 1513/246/112
f 340/247/113 342/243/109 1520/244/110 1521/248/114
f 306/249/115 341/245/111 1513/246/112 1514/250/116
f 307/251/117 340/247/113 1521/248/114 1522/252/118
f 351/205/86 306/249/115 1514/250/116 1515/206/87
f 352/228/94 353/253/119 1508/254/120 1507/229/95
f 353/255/119 307/251/117 1522/252/118 1508/256/120
f 1536/257/121 211/258/122 1555/259/123 1554/260/124
f 318/261/125 321/262/126 1528/263/127 1531/264/128
f 317/265/129 319/223/89 1538/226/92 1541/266/130
f 1656/267/131 318/261/125 1531/264/128
f 315/268/132 1654/269/133 1524/270/134
f 1654/269/133 317/265/129 1541/266/130
f 314/271/135 1656/267/131 1534/272/136
f 313/273/137 315/268/132 1524/270/134 1523/274/138
f 312/275/139 314/271/135 1534/272/136 1533/276/140
f 311/277/141 313/273/137 1523/274/138 1526/278/142
f 310/279/143 312/275/139 1533/276/140 1537/280/144
f 354/281/145 1652/282/146 1529/283/147
f 322/224/90 1658/284/148 1539/225/91
f 321/262/126 354/281/145 1529/283/147 1528/263/127
f 194/285/149 193/286/150 231/287/151 218/288/152
f 201/289/153 200/290/154 230/291/155 216/292/156
f 193/286/150 192/293/157 229/294/158 231/287/151
f 200/290/154 199/295/159 228/296/160 230/291/155
f 192/293/157 191/297/161 227/298/162 229/294/158
f 199/295/159 198/299/163 226/300/164 228/296/160
f 191/297/161 190/301/165 225/302/166 227/298/162
f 198/299/163 197/303/167 224/304/168 226/300/164
f 190/301/165 188/305/169 223/306/170 225/302/166
f 197/303/167 196/307/171 221/308/172 224/304/168
f 189/309/173 203/310/174 220/311/175 222/312/176
f 188/305/169 189/309/173 222/312/176 223/306/170
f 196/307/171 195/313/177 219/314/178 221/308/172
f 203/310/174 202/315/179 217/316/180 220/311/175
f 195/313/177 194/285/149 218/288/152 219/314/178
f 202/315/179 201/289/153 216/292/156 217/316/180
f 1527/317/181 205/318/182 1573/319/183 1572/320/184
f 211/258/122 1535/321/185 1556/322/186 1555/259/123
f 205/318/182 1525/323/187 1574/324/188 1573/319/183
f 1535/321/185 1558/325/189 1556/322/186
f 1655/326/190 215/327/190 1544/328/190 1578/329/190
f 1525/323/187 1576/330/191 1574/324/188
f 1657/331/192 1532/332/192 1562/333/192 1560/334/192
f 1542/327/193 214/335/194 1546/336/195 1545/337/196
f 209/332/197 208/338/198 1564/339/199 333/340/200
f 214/335/194 1540/341/201 1547/342/202 1546/336/195
f 208/338/198 1530/343/203 1565/344/204 1564/339/199
f 1540/341/201 1549/345/205 1547/342/202
f 1530/343/203 1567/346/206 1565/344/204
f 1561/347/83 1563/348/83 361/349/83
f 1659/350/207 212/257/207 1553/351/207 1551/352/207
f 181/220/84 180/216/84 1579/353/84 1580/354/84
f 174/221/84 172/218/84 1581/355/84 1582/356/84
f 182/222/84 181/220/84 1580/354/84 1583/357/84
f 175/174/84 174/221/84 1582/356/84 1584/358/84
f 183/208/84 182/222/84 1583/357/84 1585/359/84
f 176/175/84 175/174/84 1584/358/84 1586/360/84
f 184/209/84 183/208/84 1585/359/84 1587/361/84
f 177/210/84 176/175/84 1586/360/84 1588/362/84
f 185/211/84 184/209/84 1587/361/84 1589/363/84
f 178/212/84 177/210/84 1588/362/84 1590/364/84
f 186/213/84 185/211/84 1589/363/84 1591/365/84
f 179/214/84 178/212/84 1590/364/84 1592/366/84
f 187/215/84 186/213/84 1591/365/84 1593/367/84
f 180/216/84 179/214/84 1592/366/84 1579/353/84
f 172/218/84 173/217/84 1594/368/84 1581/355/84
f 173/219/84 187/215/84 1593/367/84 1594/369/84
f 58/75/54 73/74/53 68/370/208 63/371/209
f 63/371/209 68/370/208 1390/372/210 62/373/211
f 56/64/43 57/63/42 1597/2/2 10/1/1
f 52/374/212 60/72/51 58/75/54 51/375/213
f 27/376/214 52/374/212 51/375/213 25/377/215
f 51/375/213 58/75/54 63/371/209 55/378/216
f 25/377/215 51/375/213 55/378/216 23/379/217
f 55/378/216 63/371/209 62/373/211 54/380/218
f 61/67/46 56/64/43 10/1/1 9/17/16
f 23/379/217 55/378/216 54/380/218 21/381/219
f 71/57/36 1622/58/37 52/374/212
f 29/54/33 71/57/36 52/374/212 27/376/214
f 68/370/208 73/74/53 1380/382/220 1389/383/221
f 59/71/50 61/67/46 9/17/16 11/16/15
f 67/69/48 1379/68/47 1380/382/220 73/74/53
f 1/384/222 249/385/223 5/386/224
f 5/386/224 249/385/223 1596/387/225
f 454/388/226 452/389/227 1610/390/228 1599/391/228
f 453/392/229 1616/388/230 1598/391/231 1601/393/231
f 7/394/232 1614/392/233 1602/393/234 1342/395/234
f 68/370/208 1389/383/221 1390/372/210
f 1611/396/235 1618/397/236 1619/398/237
f 1618/397/236 12/399/238 1619/398/237
f 1620/400/239 1621/401/240 59/71/50 11/16/15
f 1624/19/18 1620/400/239 11/16/15
f 1394/402/241 1392/403/242 272/404/243
f 1392/403/242 1393/405/244 269/406/245 272/404/243
f 269/406/245 268/407/246 275/408/247 272/404/243
f 268/407/246 270/409/248 273/410/249 275/408/247
f 270/409/248 62/411/211 1390/412/210 273/410/249
f 266/413/250 265/414/251 268/407/246 269/406/245
f 15/415/252 17/416/253 265/414/251 266/413/250
f 265/414/251 267/417/254 270/409/248 268/407/246
f 17/416/253 19/418/255 267/417/254 265/414/251
f 267/417/254 54/419/218 62/411/211 270/409/248
f 19/418/255 21/420/219 54/419/218 267/417/254
f 274/421/256 266/413/250 1628/422/257
f 13/423/258 15/415/252 266/413/250 274/421/256
f 273/410/249 1384/424/259 1385/425/260 275/408/247
f 272/404/243 275/408/247 1385/425/260 1394/402/241
f 273/410/249 1390/412/210 1384/424/259
f 1626/426/261 288/427/262 1625/428/263
f 1625/428/263 288/427/262 286/429/264 1627/430/265
f 286/429/264 288/427/262 291/431/266 285/432/267
f 285/432/267 291/431/266 289/433/268 287/434/269
f 287/434/269 289/433/268 1597/435/2 57/436/42
f 283/437/270 286/429/264 285/432/267 282/438/271
f 43/439/272 283/437/270 282/438/271 41/440/273
f 282/438/271 285/432/267 287/434/269 284/441/274
f 41/440/273 282/438/271 284/441/274 39/442/275
f 284/441/274 287/434/269 57/436/42 70/443/40
f 39/442/275 284/441/274 70/443/40 37/444/39
f 274/421/256 1628/422/257 283/437/270
f 13/423/258 274/421/256 283/437/270 43/439/272
f 289/433/268 291/431/266 45/445/276 258/446/277
f 288/427/262 1626/426/261 45/445/276 291/431/266
f 289/433/268 258/446/277 1597/435/2
f 1612/447/278 64/448/279 292/449/279 293/450/280
f 65/451/281 277/452/282 1630/453/283 290/454/284
f 1603/455/285 1600/456/285 279/457/286 281/458/287
f 64/448/279 280/459/279 271/460/279 292/449/279
f 256/456/288 1612/447/278 293/450/280 279/457/286
f 280/459/279 65/451/281 290/454/284 271/460/279
f 250/455/289 281/458/287 3/461/289
f 1336/462/290 293/450/280 292/449/279 261/463/279
f 260/464/291 290/454/284 1630/453/283 1623/465/292
f 2/466/293 281/458/287 279/457/286 4/467/294
f 261/463/279 292/449/279 271/460/279 259/468/279
f 4/467/294 279/457/286 293/450/280 1336/462/290
f 259/468/279 271/460/279 290/454/284 260/464/291
f 2/466/293 3/461/289 281/458/287
f 1726/469/295 264/470/296 1391/471/297
f 1387/472/298 264/470/296 1726/469/295
f 294/473/299 1646/474/300 1642/475/300 1781/476/301
f 571/476/302 1640/475/303 1637/477/303 1783/478/304
f 572/478/305 1639/477/306 276/479/306 570/480/307
f 296/481/308 66/482/309 50/483/310
f 75/484/311 296/481/308 50/483/310
f 1648/485/312 295/486/313 1649/487/314 1647/488/314
f 1386/489/315 305/490/316 304/491/317 53/492/317
f 46/493/318 303/494/319 278/453/320 1629/452/321
f 53/492/317 304/491/317 300/495/317 263/496/317
f 263/496/317 300/495/317 303/494/319 46/493/318
f 1381/497/315 47/498/317 304/491/317 305/490/316
f 48/499/322 262/465/323 278/453/320 303/494/319
f 47/498/317 49/500/317 300/495/317 304/491/317
f 49/500/317 48/499/322 303/494/319 300/495/317
f 244/356/324 247/355/325 352/228/94 349/227/93
f 219/314/178 218/288/152 321/262/126 318/261/125
f 243/357/326 245/354/327 350/204/85 348/231/97
f 220/311/175 217/316/180 319/223/89 317/265/129
f 242/358/328 244/356/324 349/227/93 347/233/99
f 221/308/172 219/314/178 318/261/125 1656/267/131
f 241/359/329 243/357/326 348/231/97 346/235/101
f 223/306/170 222/312/176 1654/269/133 315/268/132
f 240/360/330 242/358/328 347/233/99 345/237/103
f 222/312/176 220/311/175 317/265/129 1654/269/133
f 239/361/331 241/359/329 346/235/101 344/239/105
f 224/304/168 221/308/172 1656/267/131 314/271/135
f 238/362/332 240/360/330 345/237/103 343/241/107
f 225/302/166 223/306/170 315/268/132 313/273/137
f 237/363/333 239/361/331 344/239/105 342/243/109
f 226/300/164 224/304/168 314/271/135 312/275/139
f 236/364/334 238/362/332 343/241/107 341/245/111
f 227/298/162 225/302/166 313/273/137 311/277/141
f 235/365/335 237/363/333 342/243/109 340/247/113
f 228/296/160 226/300/164 312/275/139 310/279/143
f 234/366/336 236/364/334 341/245/111 306/249/115
f 229/294/158 227/298/162 311/277/141 1652/282/146
f 233/367/337 235/365/335 340/247/113 307/251/117
f 230/291/155 228/296/160 310/279/143 1658/284/148
f 248/353/338 234/366/336 306/249/115 351/205/86
f 231/287/151 229/294/158 1652/282/146 354/281/145
f 247/355/325 246/368/339 353/253/119 352/228/94
f 216/292/156 230/291/155 1658/284/148 322/224/90
f 323/333/340 209/332/197 333/340/200
f 246/369/339 233/367/337 307/251/117 353/255/119
f 1557/325/341 210/321/341 316/331/341 1559/334/341
f 245/354/327 248/353/338 351/205/86 350/204/85
f 218/288/152 231/287/151 354/281/145 321/262/126
f 1653/501/342 206/317/342 1571/502/342 1569/503/342
f 217/316/180 216/292/156 322/224/90 319/223/89
f 1552/351/343 1536/257/121 1554/260/124
f 1548/504/344 213/505/344 308/350/344 1550/352/344
f 1537/280/144 1658/284/148 310/279/143
f 1543/328/345 1542/327/193 1545/337/196
f 1575/330/346 204/323/346 320/326/346 1577/329/346
f 1526/278/142 1652/282/146 311/277/141
f 1570/502/347 1527/317/181 1572/320/184
f 1566/346/348 207/343/348 309/501/348 1568/503/348
f 325/506/83 326/507/83 361/349/83
f 359/508/83 360/509/83 336/510/83
f 357/511/83 358/512/83 339/513/83
f 355/514/83 356/515/83 328/516/83
f 1561/347/83 324/517/83 332/518/83
f 1563/348/83 334/519/83 361/349/83
f 327/520/83 356/515/83 361/349/83
f 326/507/83 327/520/83 361/349/83
f 334/519/83 335/521/83 361/349/83
f 355/514/83 329/522/83 361/349/83
f 360/509/83 359/508/83 361/349/83
f 359/508/83 337/523/83 361/349/83
f 329/522/83 330/524/83 361/349/83
f 358/512/83 357/511/83 361/349/83
f 335/521/83 360/509/83 361/349/83
f 337/523/83 338/525/83 361/349/83
f 330/524/83 331/526/83 361/349/83
f 331/526/83 324/517/83 361/349/83
f 356/515/83 355/514/83 361/349/83
f 338/525/83 232/527/83 361/349/83
f 232/527/83 358/512/83 361/349/83
f 324/517/83 1561/347/83 361/349/83
f 357/511/83 325/506/83 361/349/83
f 1651/486/349 471/528/350 1643/529/351 1650/487/351
f 1645/528/352 1728/530/353 1382/531/354 297/529/354
f 1622/58/37 72/56/35 1621/401/240
f 1621/401/240 72/56/35 59/71/50
f 52/374/212 1388/73/52 60/72/51
f 52/374/212 1622/58/37 1388/73/52
f 283/437/270 1627/430/265 286/429/264
f 1627/430/265 283/437/270 1628/422/257
f 1628/422/257 266/413/250 1393/405/244
f 1393/405/244 266/413/250 269/406/245
f 1677/532/355 1679/533/356 391/534/357 392/535/358
f 1678/536/359 1677/532/355 392/535/358 1697/537/360
f 1702/538/361 1678/536/359 1697/537/360 1698/539/361
f 1691/540/362 1693/541/363 369/533/364 368/532/365
f 1692/542/366 1691/540/362 368/532/365 367/536/367
f 1707/543/368 1692/542/366 367/536/367 1703/538/368
f 457/544/369 1762/545/370 1772/546/371
f 1774/544/372 1775/547/373 444/548/373 1777/549/374
f 1772/546/371 469/550/375 470/547/375 457/544/369
f 1771/551/376 468/552/377 1773/550/378 455/546/379
f 253/553/380 1738/554/381 1766/555/382 458/556/383
f 1740/557/384 1731/558/385 462/559/386 1768/560/387
f 1695/535/388 1696/534/389 1690/561/390 1605/562/391
f 393/537/392 1695/535/388 1605/562/391 1604/563/393
f 1699/539/394 393/537/392 1604/563/393 1607/564/394
f 1730/565/395 418/566/396 1686/567/397 1685/568/398
f 1715/569/399 1730/565/395 1685/568/398 1687/570/400
f 1684/571/401 1715/569/399 1687/570/400 1688/572/401
f 1739/573/402 1740/557/384 1768/560/387 1767/574/403
f 1738/554/381 1739/573/402 1767/574/403 1766/555/382
f 461/575/404 1617/576/405 465/577/406 1769/578/407
f 460/579/408 461/575/404 1769/578/407 463/580/409
f 468/552/377 460/579/408 463/580/409 1773/550/378
f 464/578/410 1615/577/411 467/581/412 1770/582/410
f 466/582/413 1613/581/414 1735/583/415 1778/584/413
f 1613/581/414 1614/392/233 7/394/232 1735/583/415
f 1615/577/411 1616/388/230 453/392/229 467/581/412
f 1617/576/405 452/389/227 454/388/226 465/577/406
f 1731/558/385 12/399/238 1618/397/236 462/559/386
f 1608/585/416 1718/586/416 383/587/416 1606/588/416
f 1713/589/416 1747/590/416 376/591/416 383/587/416 1718/586/416
f 1681/592/416 1683/593/416 376/591/416 1747/590/416
f 1672/594/417 1673/595/418 390/541/419 389/540/420
f 1674/596/421 1672/594/417 389/540/420 388/542/422
f 1675/597/423 1674/596/421 388/542/422 1708/543/423
f 378/568/424 377/567/425 364/595/426 365/594/427
f 379/570/428 378/568/424 365/594/427 366/596/429
f 1689/572/430 379/570/428 366/596/429 404/597/430
f 1662/598/431 1664/599/432 1665/600/433 450/601/434
f 442/599/435 405/602/436 252/603/437 251/600/438
f 1729/604/439 417/598/440 1663/601/441 1669/605/442
f 1660/606/443 380/607/444 1752/608/445 1661/609/446
f 1722/602/447 1736/610/448 363/611/449 1667/603/450
f 432/610/451 401/606/452 451/609/453 1671/611/454
f 1704/612/455 1705/613/456 1701/614/456 1700/615/457
f 437/615/458 398/614/459 1751/616/459 436/617/460
f 1671/611/454 451/609/453 371/618/461 1670/619/461
f 1667/603/450 363/611/449 395/619/462 1666/620/462
f 1661/609/446 1752/608/445 1779/621/463 1706/618/463
f 1669/605/442 1663/601/441 1714/622/464 1668/623/464
f 362/624/465 386/625/466 402/613/466 439/612/467
f 1709/626/468 1710/627/469 372/628/469 440/629/470
f 251/600/438 252/603/437 397/620/471 1719/630/471
f 1694/617/472 394/616/473 1750/631/473 433/632/474
f 1680/632/475 396/631/476 410/627/476 443/626/477
f 450/601/434 1665/600/433 387/630/478 385/622/478
f 1682/633/479 1746/634/479 1748/635/480 1724/636/481
f 423/637/482 1732/638/483 5/386/224 1596/387/225
f 426/639/484 1733/640/485 1346/4/4 1343/7/6
f 429/640/486 1734/641/487 1344/8/7 8/4/9
f 431/641/488 414/642/489 1345/10/10 6/8/12
f 1745/643/490 459/644/490 414/642/489 431/641/488
f 428/645/491 430/643/491 1734/641/487 429/640/486
f 1741/646/492 1756/647/493 427/648/494 1742/649/495
f 1742/649/495 427/648/494 1744/645/496 1743/650/497
f 1743/650/497 1744/645/496 1733/640/485 426/639/484
f 445/651/498 446/652/499 424/653/500 421/654/501
f 421/654/501 424/653/500 425/655/502 422/656/503
f 422/656/503 425/655/502 1732/638/483 423/637/482
f 1724/636/481 1748/635/480 1749/657/504 1725/658/505
f 1725/658/505 1749/657/504 1664/599/432 1662/598/431
f 382/634/506 1712/659/506 1711/660/507 438/635/508
f 438/635/508 1711/660/507 407/661/509 441/657/510
f 441/657/510 407/661/509 405/602/436 442/599/435
f 1679/533/356 1680/632/475 443/626/477 391/534/357
f 1693/541/363 1694/617/472 433/632/474 369/533/364
f 1696/534/389 1709/626/468 440/629/470 1690/561/390
f 418/566/396 362/624/465 439/612/467 1686/567/397
f 374/662/511 375/633/511 415/636/512 420/663/513
f 420/663/513 415/636/512 416/658/514 419/664/515
f 419/664/515 416/658/514 417/598/440 1729/604/439
f 1609/665/516 411/666/516 412/667/517 1720/668/518
f 1673/595/418 437/615/458 436/617/460 390/541/419
f 377/567/425 1704/612/455 1700/615/457 364/595/426
f 1720/668/518 412/667/517 381/669/519 1721/670/520
f 1721/670/520 381/669/519 380/607/444 1660/606/443
f 373/659/521 1717/671/521 1716/672/522 409/660/523
f 409/660/523 1716/672/522 1737/673/524 1723/661/525
f 1723/661/525 1737/673/524 1736/610/448 1722/602/447
f 384/671/526 370/665/526 399/668/527 435/672/528
f 435/672/528 399/668/527 400/670/529 434/673/530
f 1753/674/531 1754/675/532 446/652/499 445/651/498
f 257/676/533 1755/677/534 1756/647/493 1741/646/492
f 254/677/535 1757/678/536 1758/679/537 447/647/537
f 255/678/538 456/680/539 1776/681/540 448/679/540
f 434/673/530 400/670/529 401/606/452 432/610/451
f 406/682/416 1676/683/416 376/591/416 1683/593/416
f 1757/678/536 254/677/535 1759/684/541
f 1754/675/532 1753/674/531 1760/685/542
f 408/686/416 403/687/416 383/587/416 376/591/416 1676/683/416
f 456/680/539 255/678/538 1761/684/543
f 413/688/416 1606/588/416 383/587/416 403/687/416
f 1755/677/534 257/676/533 1764/684/544
f 458/556/383 1763/689/545 253/553/380
f 1777/549/374 1765/545/546 1774/544/372
f 455/546/379 449/545/547 1771/551/376
f 1641/690/548 302/691/549 301/692/550 1638/693/548
f 478/693/551 301/692/550 305/490/316 1386/489/315
f 472/690/552 298/694/552 302/691/549
f 299/695/553 1644/696/554 301/692/550 302/691/549
f 1644/696/554 1381/497/315 305/490/316 301/692/550
f 299/695/553 302/691/549 298/694/552
f 1802/697/555 510/698/556 509/699/557 1804/700/558
f 1803/701/559 1822/702/560 510/698/556 1802/697/555
f 1827/703/561 1823/704/561 1822/702/560 1803/701/559
f 1816/705/562 486/697/563 487/700/564 1818/706/565
f 1817/707/566 485/701/567 486/697/563 1816/705/562
f 1832/708/568 1828/703/568 485/701/567 1817/707/566
f 575/709/569 1893/710/570 1883/711/571
f 1895/709/572 1898/712/573 562/713/574 1896/714/574
f 1893/710/570 575/709/569 588/714/575 587/715/575
f 1892/716/576 573/710/577 1894/715/578 586/717/579
f 475/718/580 576/719/581 1887/720/582 1859/721/583
f 1861/722/584 1889/723/585 580/724/586 1727/725/587
f 1820/698/588 1636/726/589 1815/727/590 1821/699/591
f 511/702/592 1635/728/593 1636/726/589 1820/698/588
f 1824/704/594 1632/729/594 1635/728/593 511/702/592
f 1852/730/595 1810/731/596 1811/732/597 536/733/598
f 1840/734/599 1812/735/600 1810/731/596 1852/730/595
f 1809/736/601 1813/737/601 1812/735/600 1840/734/599
f 1860/738/602 1888/739/603 1889/723/585 1861/722/584
f 1859/721/583 1887/720/582 1888/739/603 1860/738/602
f 579/740/604 1890/741/605 583/742/606 1784/743/607
f 578/744/608 581/745/609 1890/741/605 579/740/604
f 586/717/579 1894/715/578 581/745/609 578/744/608
f 582/741/610 1891/746/610 585/747/611 1782/742/612
f 584/746/613 1899/748/613 1856/749/614 1780/747/615
f 1780/747/615 1856/749/614 294/473/299 1781/476/301
f 1782/742/612 585/747/611 571/476/302 1783/478/304
f 1784/743/607 583/742/606 572/478/305 570/480/307
f 1727/725/587 580/724/586 1726/469/295 1391/471/297
f 1633/750/616 1631/751/616 501/752/616 1843/753/616
f 1838/754/616 1843/753/616 501/752/616 494/755/616 1868/756/616
f 1806/757/616 1868/756/616 494/755/616 1808/758/616
f 1797/759/617 507/705/618 508/706/619 1798/760/620
f 1799/761/621 506/707/622 507/705/618 1797/759/617
f 1800/762/623 1833/708/623 506/707/622 1799/761/621
f 496/731/624 483/759/625 482/760/626 495/732/627
f 497/735/628 484/761/629 483/759/625 496/731/624
f 1814/737/630 522/762/630 484/761/629 497/735/628
f 1787/763/631 568/764/632 1790/765/633 1789/766/634
f 560/766/635 473/765/636 474/767/637 523/768/638
f 1851/769/639 1794/770/640 1788/764/641 535/763/642
f 1785/771/643 1786/772/644 1873/773/645 498/774/646
f 1847/768/647 1792/767/648 481/775/649 1857/776/650
f 550/776/651 1796/775/652 569/772/653 519/771/654
f 1829/777/655 1825/778/656 1826/779/657 1830/780/657
f 555/778/658 554/781/659 1872/782/660 516/779/660
f 1796/775/652 1795/783/661 489/784/661 569/772/653
f 1792/767/648 1791/785/662 513/783/662 481/775/649
f 1786/772/644 1831/784/663 1900/786/663 1873/773/645
f 1794/770/640 1793/787/664 1839/788/664 1788/764/641
f 480/789/665 557/777/666 520/780/667 504/790/667
f 1834/791/668 558/792/669 490/793/670 1835/794/670
f 473/765/636 1844/795/671 515/785/671 474/767/637
f 1819/781/672 551/796/673 1871/797/674 512/782/674
f 1805/796/675 561/791/676 528/794/677 514/797/677
f 568/764/632 503/788/678 505/795/678 1790/765/633
f 1807/798/679 1849/799/680 1869/800/681 1867/801/679
f 541/802/682 66/482/309 296/481/308 1853/803/683
f 544/804/684 1728/530/353 1645/528/352 1854/805/685
f 547/805/686 471/528/350 1651/486/349 1855/806/687
f 549/806/688 295/486/313 1648/485/312 532/807/689
f 1866/808/690 549/806/688 532/807/689 577/809/690
f 546/810/691 547/805/686 1855/806/687 548/808/691
f 1862/811/692 1863/812/693 545/813/694 1877/814/695
f 1863/812/693 1864/815/696 1865/810/697 545/813/694
f 1864/815/696 544/804/684 1854/805/685 1865/810/697
f 563/816/698 539/817/699 542/818/700 564/819/701
f 539/817/699 540/820/702 543/821/703 542/818/700
f 540/820/702 541/802/682 1853/803/683 543/821/703
f 1849/799/680 1850/822/704 1870/823/705 1869/800/681
f 1850/822/704 1787/763/631 1789/766/634 1870/823/705
f 500/801/706 556/800/707 1836/824/708 1837/825/706
f 556/800/707 559/823/709 525/826/710 1836/824/708
f 559/823/709 560/766/635 523/768/638 525/826/710
f 1804/700/558 509/699/557 561/791/676 1805/796/675
f 1818/706/565 487/700/564 551/796/673 1819/781/672
f 1821/699/591 1815/727/590 558/792/669 1834/791/668
f 536/733/598 1811/732/597 557/777/666 480/789/665
f 492/827/711 538/828/712 533/799/713 493/798/711
f 538/828/712 537/829/714 534/822/715 533/799/713
f 537/829/714 1851/769/639 535/763/642 534/822/715
f 1634/830/716 1845/831/717 530/832/718 529/833/716
f 1798/760/620 508/706/619 554/781/659 555/778/658
f 495/732/627 482/760/626 1825/778/656 1829/777/655
f 1845/831/717 1846/834/719 499/835/720 530/832/718
f 1846/834/719 1785/771/643 498/774/646 499/835/720
f 491/825/721 527/824/722 1841/836/723 1842/837/721
f 527/824/722 1848/826/724 1858/838/725 1841/836/723
f 1848/826/724 1847/768/647 1857/776/650 1858/838/725
f 502/837/726 553/836/727 517/831/728 488/830/726
f 553/836/727 552/838/729 518/834/730 517/831/728
f 1874/839/731 563/816/698 564/819/701 1875/840/732
f 479/841/733 1862/811/692 1877/814/695 1876/842/734
f 476/842/735 565/814/736 1879/843/736 1878/844/737
f 477/844/738 566/843/739 1897/845/739 574/846/740
f 552/838/729 550/776/651 519/771/654 518/834/730
f 524/847/616 1808/758/616 494/755/616 1801/848/616
f 1878/844/737 1880/849/741 476/842/735
f 1875/840/732 1881/850/742 1874/839/731
f 526/851/616 1801/848/616 494/755/616 501/752/616 521/852/616
f 574/846/740 1882/849/743 477/844/738
f 531/853/616 521/852/616 501/752/616 1631/751/616
f 1876/842/734 1885/849/744 479/841/733
f 576/719/581 475/718/580 1884/854/745
f 1898/712/573 1895/709/572 1886/711/746
f 573/710/577 1892/716/576 567/711/747
f 125/855/13 139/856/32 155/857/32 141/858/13
f 124/859/14 125/860/13 141/861/13 140/862/14
f 132/863/25 131/864/24 147/865/24 148/866/25
f 139/856/32 138/867/31 154/868/31 155/857/32
f 131/864/24 130/869/23 146/870/23 147/865/24
f 138/867/31 137/871/30 153/872/30 154/868/31
f 130/869/23 129/873/22 145/874/22 146/870/23
f 137/871/30 136/875/29 152/876/29 153/872/30
f 129/873/22 128/877/21 144/878/21 145/874/22
f 136/875/29 135/879/28 151/880/28 152/876/29
f 128/877/21 127/881/20 143/882/20 144/878/21
f 135/879/28 134/883/27 150/884/27 151/880/28
f 127/881/20 126/885/19 142/886/19 143/882/20
f 134/883/27 133/887/26 149/888/26 150/884/27
f 126/885/19 124/859/14 140/862/14 142/886/19
f 133/887/26 132/863/25 148/866/25 149/888/26
f 119/136/748 118/134/749 1901/166/750 591/141/751
f 111/135/752 110/133/753 1903/164/754 589/123/755
f 118/134/749 117/132/756 1905/162/757 1901/166/750
f 110/133/753 108/131/758 1906/158/759 1903/164/754
f 117/132/756 116/129/760 1907/156/760 1905/162/757
f 109/130/761 123/128/762 1908/154/763 600/159/761
f 108/131/758 109/130/761 600/159/761 1906/158/759
f 116/129/760 115/127/764 1910/152/765 1907/156/760
f 123/128/762 122/109/766 1911/150/767 1908/154/763
f 115/127/764 114/126/768 1912/148/769 1910/152/765
f 122/109/766 121/108/770 1913/146/771 1911/150/767
f 114/126/768 113/139/772 1914/144/773 1912/148/769
f 121/108/770 120/138/774 1915/140/774 1913/146/771
f 113/139/772 112/137/775 1916/122/775 1914/144/773
f 120/138/774 119/136/748 591/141/751 1915/140/774
f 112/137/775 111/135/752 589/123/755 1916/122/775
f 1920/889/776 1919/890/777 1917/891/778 1918/892/776
f 1919/890/777 1926/893/779 1925/894/780 1917/891/778
f 1926/893/779 1930/895/781 1929/896/782 1925/894/780
f 1930/895/781 1934/897/783 1933/898/784 1929/896/782
f 1934/897/783 1938/899/785 1937/900/786 1933/898/784
f 1938/899/785 1942/901/787 1941/902/788 1937/900/786
f 1942/901/787 1946/903/789 1945/904/790 1941/902/788
f 1946/903/789 1950/905/791 1949/906/792 1945/904/790
f 1950/905/791 1954/907/793 1953/908/794 1949/906/792
f 1954/907/793 1958/909/795 1957/910/796 1953/908/794
f 1958/909/795 1962/911/797 1961/912/798 1957/910/796
f 1962/911/797 1966/913/799 1965/914/800 1961/912/798
f 1966/913/799 1970/915/801 1969/916/802 1965/914/800
f 1970/915/801 1974/917/803 1973/918/804 1969/916/802
f 1974/917/803 1978/919/805 1977/920/806 1973/918/804
f 1978/919/805 1982/921/807 1981/922/808 1977/920/806
f 1982/921/807 1986/923/777 1985/924/778 1981/922/808
f 1986/923/777 1990/925/779 1989/926/780 1985/924/778
f 1990/925/779 1994/927/781 1993/928/782 1989/926/780
f 1994/927/781 1998/929/783 1997/930/784 1993/928/782
f 1998/929/783 2002/931/785 2001/932/786 1997/930/784
f 2002/931/785 2006/933/787 2005/934/788 2001/932/786
f 2006/933/787 2010/935/789 2009/936/790 2005/934/788
f 2010/935/789 2014/937/791 2013/938/792 2009/936/790
f 2014/937/791 2018/939/793 2017/940/794 2013/938/792
f 2018/939/793 2022/941/795 2021/942/796 2017/940/794
f 2022/941/795 2026/943/797 2025/944/798 2021/942/796
f 2026/943/797 2030/945/799 2029/946/800 2025/944/798
f 2030/945/799 2034/947/801 2033/948/802 2029/946/800
f 2034/947/801 2038/949/803 2037/950/804 2033/948/802
f 2038/949/803 2042/951/805 2041/952/806 2037/950/804
f 2042/951/805 2046/953/807 2045/954/808 2041/952/806
f 2046/953/807 2050/955/777 2049/956/778 2045/954/808
f 2050/955/777 2054/957/809 2053/958/809 2049/956/778
f 607/959/810 615/960/811 616/890/811 608/889/810
f 615/960/811 623/961/812 624/893/813 616/890/811
f 623/961/812 631/962/814 632/895/815 624/893/813
f 631/962/814 639/963/816 640/897/817 632/895/815
f 639/963/816 647/964/818 648/899/818 640/897/817
f 647/964/818 655/965/819 656/901/820 648/899/818
f 655/965/819 663/966/821 664/903/822 656/901/820
f 663/966/821 671/967/823 672/905/824 664/903/822
f 671/967/823 679/968/825 680/907/825 672/905/824
f 679/968/825 687/969/826 688/909/827 680/907/825
f 687/969/826 695/970/828 696/911/829 688/909/827
f 695/970/828 703/971/830 704/913/831 696/911/829
f 703/971/830 711/972/832 712/915/832 704/913/831
f 711/972/832 719/973/833 720/917/834 712/915/832
f 719/973/833 727/974/835 728/919/836 720/917/834
f 727/974/835 735/975/837 736/921/838 728/919/836
f 735/975/837 743/976/811 744/923/811 736/921/838
f 743/976/811 751/977/812 752/925/813 744/923/811
f 751/977/812 759/978/814 760/927/839 752/925/813
f 759/978/814 767/979/816 768/929/817 760/927/839
f 767/979/816 775/980/818 776/931/818 768/929/817
f 775/980/818 783/981/819 784/933/820 776/931/818
f 783/981/819 791/982/840 792/935/822 784/933/820
f 791/982/840 799/983/823 800/937/824 792/935/822
f 799/983/823 807/984/825 808/939/825 800/937/824
f 807/984/825 815/985/826 816/941/827 808/939/825
f 815/985/826 823/986/828 824/943/841 816/941/827
f 823/986/828 831/987/830 832/945/831 824/943/841
f 831/987/830 839/988/832 840/947/832 832/945/831
f 839/988/832 847/989/833 848/949/834 840/947/832
f 847/989/833 855/990/835 856/951/836 848/949/834
f 855/990/835 863/991/837 864/953/838 856/951/836
f 863/991/837 871/992/811 872/955/811 864/953/838
f 871/992/811 879/993/842 880/957/842 872/955/811
f 606/892/843 614/891/844 613/994/844 605/995/843
f 614/891/844 622/894/845 621/996/846 613/994/844
f 622/894/845 630/896/847 629/997/848 621/996/846
f 630/896/847 638/898/849 637/998/850 629/997/848
f 638/898/849 646/900/851 645/999/851 637/998/850
f 646/900/851 654/902/852 653/1000/853 645/999/851
f 654/902/852 662/904/854 661/1001/855 653/1000/853
f 662/904/854 670/906/856 669/1002/857 661/1001/855
f 670/906/856 678/908/858 677/1003/858 669/1002/857
f 678/908/858 686/910/859 685/1004/860 677/1003/858
f 686/910/859 694/912/861 693/1005/862 685/1004/860
f 694/912/861 702/914/863 701/1006/864 693/1005/862
f 702/914/863 710/916/865 709/1007/865 701/1006/864
f 710/916/865 718/918/866 717/1008/867 709/1007/865
f 718/918/866 726/920/868 725/1009/869 717/1008/867
f 726/920/868 734/922/870 733/1010/871 725/1009/869
f 734/922/870 742/924/844 741/1011/844 733/1010/871
f 742/924/844 750/926/845 749/1012/846 741/1011/844
f 750/926/845 758/928/872 757/1013/848 749/1012/846
f 758/928/872 766/930/849 765/1014/850 757/1013/848
f 766/930/849 774/932/851 773/1015/851 765/1014/850
f 774/932/851 782/934/852 781/1016/853 773/1015/851
f 782/934/852 790/936/854 789/1017/873 781/1016/853
f 790/936/854 798/938/856 797/1018/857 789/1017/873
f 798/938/856 806/940/858 805/1019/858 797/1018/857
f 806/940/858 814/942/859 813/1020/860 805/1019/858
f 814/942/859 822/944/861 821/1021/874 813/1020/860
f 822/944/861 830/946/863 829/1022/864 821/1021/874
f 830/946/863 838/948/865 837/1023/865 829/1022/864
f 838/948/865 846/950/866 845/1024/867 837/1023/865
f 846/950/866 854/952/868 853/1025/875 845/1024/867
f 854/952/868 862/954/870 861/1026/871 853/1025/875
f 862/954/870 870/956/844 869/1027/844 861/1026/871
f 870/956/844 878/958/876 877/1028/876 869/1027/844
f 610/1029/877 618/1030/825 1921/1031/825 1922/1032/877
f 618/1030/825 626/1033/826 1927/1034/827 1921/1031/825
f 626/1033/826 634/1035/828 1931/1036/841 1927/1034/827
f 634/1035/828 642/1037/830 1935/1038/831 1931/1036/841
f 642/1037/830 650/1039/832 1939/1040/832 1935/1038/831
f 650/1039/832 658/1041/833 1943/1042/834 1939/1040/832
f 658/1041/833 666/1043/878 1947/1044/836 1943/1042/834
f 666/1043/878 674/1045/837 1951/1046/838 1947/1044/836
f 674/1045/837 682/1047/811 1955/1048/811 1951/1046/838
f 682/1047/811 690/1049/812 1959/1050/813 1955/1048/811
f 690/1049/812 698/1051/814 1963/1052/815 1959/1050/813
f 698/1051/814 706/1053/816 1967/1054/817 1963/1052/815
f 706/1053/816 714/1055/818 1971/1056/818 1967/1054/817
f 714/1055/818 722/1057/819 1975/1058/820 1971/1056/818
f 722/1057/819 730/1059/840 1979/1060/822 1975/1058/820
f 730/1059/840 738/1061/823 1983/1062/824 1979/1060/822
f 738/1061/823 746/1063/825 1987/1064/825 1983/1062/824
f 746/1063/825 754/1065/826 1991/1066/827 1987/1064/825
f 754/1065/826 762/1067/828 1995/1068/841 1991/1066/827
f 762/1067/828 770/1069/830 1999/1070/831 1995/1068/841
f 770/1069/830 778/1071/832 2003/1072/832 1999/1070/831
f 778/1071/832 786/1073/833 2007/1074/834 2003/1072/832
f 786/1073/833 794/1075/878 2011/1076/836 2007/1074/834
f 794/1075/878 802/1077/837 2015/1078/838 2011/1076/836
f 802/1077/837 810/1079/811 2019/1080/811 2015/1078/838
f 810/1079/811 818/1081/812 2023/1082/813 2019/1080/811
f 818/1081/812 826/1083/814 2027/1084/839 2023/1082/813
f 826/1083/814 834/1085/816 2031/1086/817 2027/1084/839
f 834/1085/816 842/1087/818 2035/1088/818 2031/1086/817
f 842/1087/818 850/1089/819 2039/1090/820 2035/1088/818
f 850/1089/819 858/1091/840 2043/1092/822 2039/1090/820
f 858/1091/840 866/1093/823 2047/1094/824 2043/1092/822
f 866/1093/823 874/1095/825 2051/1096/825 2047/1094/824
f 874/1095/825 882/1097/879 2055/1098/879 2051/1096/825
f 1924/1099/880 1923/1100/858 620/1101/858 612/1102/880
f 1923/1100/858 1928/1103/859 628/1104/860 620/1101/858
f 1928/1103/859 1932/1105/861 636/1106/874 628/1104/860
f 1932/1105/861 1936/1107/863 644/1108/864 636/1106/874
f 1936/1107/863 1940/1109/865 652/1110/865 644/1108/864
f 1940/1109/865 1944/1111/866 660/1112/867 652/1110/865
f 1944/1111/866 1948/1113/868 668/1114/875 660/1112/867
f 1948/1113/868 1952/1115/870 676/1116/871 668/1114/875
f 1952/1115/870 1956/1117/844 684/1118/844 676/1116/871
f 1956/1117/844 1960/1119/845 692/1120/846 684/1118/844
f 1960/1119/845 1964/1121/872 700/1122/881 692/1120/846
f 1964/1121/872 1968/1123/849 708/1124/850 700/1122/881
f 1968/1123/849 1972/1125/851 716/1126/851 708/1124/850
f 1972/1125/851 1976/1127/852 724/1128/853 716/1126/851
f 1976/1127/852 1980/1129/854 732/1130/855 724/1128/853
f 1980/1129/854 1984/1131/856 740/1132/857 732/1130/855
f 1984/1131/856 1988/1133/858 748/1134/858 740/1132/857
f 1988/1133/858 1992/1135/859 756/1136/860 748/1134/858
f 1992/1135/859 1996/1137/861 764/1138/874 756/1136/860
f 1996/1137/861 2000/1139/863 772/1140/864 764/1138/874
f 2000/1139/863 2004/1141/865 780/1142/865 772/1140/864
f 2004/1141/865 2008/1143/866 788/1144/867 780/1142/865
f 2008/1143/866 2012/1145/868 796/1146/875 788/1144/867
f 2012/1145/868 2016/1147/870 804/1148/871 796/1146/875
f 2016/1147/870 2020/1149/844 812/1150/844 804/1148/871
f 2020/1149/844 2024/1151/845 820/1152/846 812/1150/844
f 2024/1151/845 2028/1153/872 828/1154/848 820/1152/846
f 2028/1153/872 2032/1155/849 836/1156/850 828/1154/848
f 2032/1155/849 2036/1157/851 844/1158/851 836/1156/850
f 2036/1157/851 2040/1159/852 852/1160/853 844/1158/851
f 2040/1159/852 2044/1161/854 860/1162/855 852/1160/853
f 2044/1161/854 2048/1163/856 868/1164/857 860/1162/855
f 2048/1163/856 2052/1165/858 876/1166/858 868/1164/857
f 2052/1165/858 2056/1167/882 884/1168/882 876/1166/858
f 609/1032/883 617/1031/793 619/1100/794 611/1099/883
f 617/1031/793 625/1034/795 627/1103/796 619/1100/794
f 625/1034/795 633/1036/797 635/1105/798 627/1103/796
f 633/1036/797 641/1038/799 643/1107/800 635/1105/798
f 641/1038/799 649/1040/801 651/1109/802 643/1107/800
f 649/1040/801 657/1042/803 659/1111/804 651/1109/802
f 657/1042/803 665/1044/805 667/1113/806 659/1111/804
f 665/1044/805 673/1046/807 675/1115/808 667/1113/806
f 673/1046/807 681/1048/777 683/1117/778 675/1115/808
f 681/1048/777 689/1050/779 691/1119/780 683/1117/778
f 689/1050/779 697/1052/781 699/1121/782 691/1119/780
f 697/1052/781 705/1054/783 707/1123/784 699/1121/782
f 705/1054/783 713/1056/785 715/1125/786 707/1123/784
f 713/1056/785 721/1058/787 723/1127/788 715/1125/786
f 721/1058/787 729/1060/789 731/1129/790 723/1127/788
f 729/1060/789 737/1062/791 739/1131/792 731/1129/790
f 737/1062/791 745/1064/793 747/1133/794 739/1131/792
f 745/1064/793 753/1066/795 755/1135/796 747/1133/794
f 753/1066/795 761/1068/797 763/1137/798 755/1135/796
f 761/1068/797 769/1070/799 771/1139/800 763/1137/798
f 769/1070/799 777/1072/801 779/1141/802 771/1139/800
f 777/1072/801 785/1074/803 787/1143/804 779/1141/802
f 785/1074/803 793/1076/805 795/1145/806 787/1143/804
f 793/1076/805 801/1078/807 803/1147/808 795/1145/806
f 801/1078/807 809/1080/777 811/1149/778 803/1147/808
f 809/1080/777 817/1082/779 819/1151/780 811/1149/778
f 817/1082/779 825/1084/781 827/1153/782 819/1151/780
f 825/1084/781 833/1086/783 835/1155/784 827/1153/782
f 833/1086/783 841/1088/785 843/1157/786 835/1155/784
f 841/1088/785 849/1090/787 851/1159/788 843/1157/786
f 849/1090/787 857/1092/789 859/1161/790 851/1159/788
f 857/1092/789 865/1094/791 867/1163/792 859/1161/790
f 865/1094/791 873/1096/793 875/1165/794 867/1163/792
f 873/1096/793 881/1098/884 883/1167/884 875/1165/794
f 886/1169/885 2058/1170/885 2057/1171/886 894/1172/886
f 894/1172/886 2057/1171/886 2065/1173/887 902/1174/888
f 902/1174/888 2065/1173/887 2069/1175/889 910/1176/890
f 910/1176/890 2069/1175/889 2073/1177/891 918/1178/892
f 918/1178/892 2073/1177/891 2077/1179/893 926/1180/893
f 926/1180/893 2077/1179/893 2081/1181/894 934/1182/895
f 934/1182/895 2081/1181/894 2085/1183/896 942/1184/897
f 942/1184/897 2085/1183/896 2089/1185/898 950/1186/899
f 950/1186/899 2089/1185/898 2093/1187/900 958/1188/900
f 958/1188/900 2093/1187/900 2097/1189/901 966/1190/902
f 966/1190/902 2097/1189/901 2101/1191/903 974/1192/904
f 974/1192/904 2101/1191/903 2105/1193/905 982/1194/906
f 982/1194/906 2105/1193/905 2109/1195/907 990/1196/907
f 990/1196/907 2109/1195/907 2113/1197/908 998/1198/909
f 998/1198/909 2113/1197/908 2117/1199/910 1006/1200/911
f 1006/1200/911 2117/1199/910 2121/1201/912 1014/1202/913
f 1014/1202/913 2121/1201/912 2125/1203/886 1022/1204/886
f 1022/1204/886 2125/1203/886 2129/1205/887 1030/1206/888
f 1030/1206/888 2129/1205/887 2133/1207/889 1038/1208/890
f 1038/1208/890 2133/1207/889 2137/1209/891 1046/1210/892
f 1046/1210/892 2137/1209/891 2141/1211/893 1054/1212/893
f 1054/1212/893 2141/1211/893 2145/1213/894 1062/1214/895
f 1062/1214/895 2145/1213/894 2149/1215/896 1070/1216/897
f 1070/1216/897 2149/1215/896 2153/1217/898 1078/1218/899
f 1078/1218/899 2153/1217/898 2157/1219/900 1086/1220/900
f 1086/1220/900 2157/1219/900 2161/1221/901 1094/1222/902
f 1094/1222/902 2161/1221/901 2165/1223/903 1102/1224/904
f 1102/1224/904 2165/1223/903 2169/1225/905 1110/1226/906
f 1110/1226/906 2169/1225/905 2173/1227/907 1118/1228/907
f 1118/1228/907 2173/1227/907 2177/1229/908 1126/1230/909
f 1126/1230/909 2177/1229/908 2181/1231/910 1134/1232/911
f 1134/1232/911 2181/1231/910 2185/1233/912 1142/1234/913
f 1142/1234/913 2185/1233/912 2189/1235/886 1150/1236/886
f 1150/1236/886 2189/1235/886 2193/1237/914 1158/1238/914
f 2060/1239/915 888/1240/915 896/1241/916 2059/1242/916
f 2059/1242/916 896/1241/916 904/1243/917 2066/1244/918
f 2066/1244/918 904/1243/917 912/1245/919 2070/1246/920
f 2070/1246/920 912/1245/919 920/1247/921 2074/1248/922
f 2074/1248/922 920/1247/921 928/1249/923 2078/1250/923
f 2078/1250/923 928/1249/923 936/1251/924 2082/1252/925
f 2082/1252/925 936/1251/924 944/1253/926 2086/1254/927
f 2086/1254/927 944/1253/926 952/1255/928 2090/1256/929
f 2090/1256/929 952/1255/928 960/1257/930 2094/1258/930
f 2094/1258/930 960/1257/930 968/1259/931 2098/1260/932
f 2098/1260/932 968/1259/931 976/1261/933 2102/1262/934
f 2102/1262/934 976/1261/933 984/1263/935 2106/1264/936
f 2106/1264/936 984/1263/935 992/1265/937 2110/1266/937
f 2110/1266/937 992/1265/937 1000/1267/938 2114/1268/939
f 2114/1268/939 1000/1267/938 1008/1269/940 2118/1270/941
f 2118/1270/941 1008/1269/940 1016/1271/942 2122/1272/943
f 2122/1272/943 1016/1271/942 1024/1273/916 2126/1274/916
f 2126/1274/916 1024/1273/916 1032/1275/917 2130/1276/918
f 2130/1276/918 1032/1275/917 1040/1277/919 2134/1278/920
f 2134/1278/920 1040/1277/919 1048/1279/921 2138/1280/922
f 2138/1280/922 1048/1279/921 1056/1281/923 2142/1282/923
f 2142/1282/923 1056/1281/923 1064/1283/924 2146/1284/925
f 2146/1284/925 1064/1283/924 1072/1285/926 2150/1286/927
f 2150/1286/927 1072/1285/926 1080/1287/928 2154/1288/929
f 2154/1288/929 1080/1287/928 1088/1289/930 2158/1290/930
f 2158/1290/930 1088/1289/930 1096/1291/931 2162/1292/932
f 2162/1292/932 1096/1291/931 1104/1293/933 2166/1294/934
f 2166/1294/934 1104/1293/933 1112/1295/935 2170/1296/936
f 2170/1296/936 1112/1295/935 1120/1297/937 2174/1298/937
f 2174/1298/937 1120/1297/937 1128/1299/938 2178/1300/939
f 2178/1300/939 1128/1299/938 1136/1301/940 2182/1302/941
f 2182/1302/941 1136/1301/940 1144/1303/942 2186/1304/943
f 2186/1304/943 1144/1303/942 1152/1305/916 2190/1306/916
f 2190/1306/916 1152/1305/916 1160/1307/944 2194/1308/944
f 885/1170/809 887/1239/809 895/1242/945 893/1171/946
f 893/1171/946 895/1242/945 903/1244/947 901/1173/948
f 901/1173/948 903/1244/947 911/1246/949 909/1175/950
f 909/1175/950 911/1246/949 919/1248/951 917/1177/952
f 917/1177/952 919/1248/951 927/1250/953 925/1179/954
f 925/1179/954 927/1250/953 935/1252/955 933/1181/956
f 933/1181/956 935/1252/955 943/1254/957 941/1183/958
f 941/1183/958 943/1254/957 951/1256/959 949/1185/960
f 949/1185/960 951/1256/959 959/1258/961 957/1187/962
f 957/1187/962 959/1258/961 967/1260/963 965/1189/964
f 965/1189/964 967/1260/963 975/1262/965 973/1191/966
f 973/1191/966 975/1262/965 983/1264/967 981/1193/968
f 981/1193/968 983/1264/967 991/1266/969 989/1195/970
f 989/1195/970 991/1266/969 999/1268/971 997/1197/972
f 997/1197/972 999/1268/971 1007/1270/973 1005/1199/974
f 1005/1199/974 1007/1270/973 1015/1272/975 1013/1201/976
f 1013/1201/976 1015/1272/975 1023/1274/945 1021/1203/946
f 1021/1203/946 1023/1274/945 1031/1276/947 1029/1205/948
f 1029/1205/948 1031/1276/947 1039/1278/949 1037/1207/950
f 1037/1207/950 1039/1278/949 1047/1280/951 1045/1209/952
f 1045/1209/952 1047/1280/951 1055/1282/953 1053/1211/954
f 1053/1211/954 1055/1282/953 1063/1284/955 1061/1213/956
f 1061/1213/956 1063/1284/955 1071/1286/957 1069/1215/958
f 1069/1215/958 1071/1286/957 1079/1288/959 1077/1217/960
f 1077/1217/960 1079/1288/959 1087/1290/961 1085/1219/962
f 1085/1219/962 1087/1290/961 1095/1292/963 1093/1221/964
f 1093/1221/964 1095/1292/963 1103/1294/965 1101/1223/966
f 1101/1223/966 1103/1294/965 1111/1296/967 1109/1225/968
f 1109/1225/968 1111/1296/967 1119/1298/969 1117/1227/970
f 1117/1227/970 1119/1298/969 1127/1300/971 1125/1229/972
f 1125/1229/972 1127/1300/971 1135/1302/973 1133/1231/974
f 1133/1231/974 1135/1302/973 1143/1304/975 1141/1233/976
f 1141/1233/976 1143/1304/975 1151/1306/945 1149/1235/946
f 1149/1235/946 1151/1306/945 1159/1308/776 1157/1237/776
f 2064/1309/884 2062/1310/884 2061/1311/961 2063/1312/962
f 2063/1312/962 2061/1311/961 2067/1313/963 2068/1314/964
f 2068/1314/964 2067/1313/963 2071/1315/965 2072/1316/966
f 2072/1316/966 2071/1315/965 2075/1317/967 2076/1318/968
f 2076/1318/968 2075/1317/967 2079/1319/969 2080/1320/970
f 2080/1320/970 2079/1319/969 2083/1321/971 2084/1322/972
f 2084/1322/972 2083/1321/971 2087/1323/973 2088/1324/974
f 2088/1324/974 2087/1323/973 2091/1325/975 2092/1326/976
f 2092/1326/976 2091/1325/975 2095/1327/945 2096/1328/946
f 2096/1328/946 2095/1327/945 2099/1329/947 2100/1330/948
f 2100/1330/948 2099/1329/947 2103/1331/949 2104/1332/950
f 2104/1332/950 2103/1331/949 2107/1333/951 2108/1334/952
f 2108/1334/952 2107/1333/951 2111/1335/953 2112/1336/954
f 2112/1336/954 2111/1335/953 2115/1337/955 2116/1338/956
f 2116/1338/956 2115/1337/955 2119/1339/957 2120/1340/958
f 2120/1340/958 2119/1339/957 2123/1341/959 2124/1342/960
f 2124/1342/960 2123/1341/959 2127/1343/961 2128/1344/962
f 2128/1344/962 2127/1343/961 2131/1345/963 2132/1346/964
f 2132/1346/964 2131/1345/963 2135/1347/965 2136/1348/966
f 2136/1348/966 2135/1347/965 2139/1349/967 2140/1350/968
f 2140/1350/968 2139/1349/967 2143/1351/969 2144/1352/970
f 2144/1352/970 2143/1351/969 2147/1353/971 2148/1354/972
f 2148/1354/972 2147/1353/971 2151/1355/973 2152/1356/974
f 2152/1356/974 2151/1355/973 2155/1357/975 2156/1358/976
f 2156/1358/976 2155/1357/975 2159/1359/945 2160/1360/946
f 2160/1360/946 2159/1359/945 2163/1361/947 2164/1362/948
f 2164/1362/948 2163/1361/947 2167/1363/949 2168/1364/950
f 2168/1364/950 2167/1363/949 2171/1365/951 2172/1366/952
f 2172/1366/952 2171/1365/951 2175/1367/953 2176/1368/954
f 2176/1368/954 2175/1367/953 2179/1369/955 2180/1370/956
f 2180/1370/956 2179/1369/955 2183/1371/957 2184/1372/958
f 2184/1372/958 2183/1371/957 2187/1373/959 2188/1374/960
f 2188/1374/960 2187/1373/959 2191/1375/961 2192/1376/962
f 2192/1376/962 2191/1375/961 2195/1377/883 2196/1378/883
f 891/1379/977 892/1309/977 900/1312/900 899/1380/900
f 899/1380/900 900/1312/900 908/1314/901 907/1381/902
f 907/1381/902 908/1314/901 916/1316/903 915/1382/904
f 915/1382/904 916/1316/903 924/1318/905 923/1383/906
f 923/1383/906 924/1318/905 932/1320/907 931/1384/907
f 931/1384/907 932/1320/907 940/1322/908 939/1385/909
f 939/1385/909 940/1322/908 948/1324/910 947/1386/911
f 947/1386/911 948/1324/910 956/1326/912 955/1387/913
f 955/1387/913 956/1326/912 964/1328/886 963/1388/886
f 963/1388/886 964/1328/886 972/1330/887 971/1389/888
f 971/1389/888 972/1330/887 980/1332/889 979/1390/890
f 979/1390/890 980/1332/889 988/1334/891 987/1391/892
f 987/1391/892 988/1334/891 996/1336/893 995/1392/893
f 995/1392/893 996/1336/893 1004/1338/894 1003/1393/895
f 1003/1393/895 1004/1338/894 1012/1340/896 1011/1394/897
f 1011/1394/897 1012/1340/896 1020/1342/898 1019/1395/899
f 1019/1395/899 1020/1342/898 1028/1344/900 1027/1396/900
f 1027/1396/900 1028/1344/900 1036/1346/901 1035/1397/902
f 1035/1397/902 1036/1346/901 1044/1348/903 1043/1398/904
f 1043/1398/904 1044/1348/903 1052/1350/905 1051/1399/906
f 1051/1399/906 1052/1350/905 1060/1352/907 1059/1400/907
f 1059/1400/907 1060/1352/907 1068/1354/908 1067/1401/909
f 1067/1401/909 1068/1354/908 1076/1356/910 1075/1402/911
f 1075/1402/911 1076/1356/910 1084/1358/912 1083/1403/913
f 1083/1403/913 1084/1358/912 1092/1360/886 1091/1404/886
f 1091/1404/886 1092/1360/886 1100/1362/887 1099/1405/888
f 1099/1405/888 1100/1362/887 1108/1364/889 1107/1406/890
f 1107/1406/890 1108/1364/889 1116/1366/891 1115/1407/892
f 1115/1407/892 1116/1366/891 1124/1368/893 1123/1408/893
f 1123/1408/893 1124/1368/893 1132/1370/894 1131/1409/895
f 1131/1409/895 1132/1370/894 1140/1372/896 1139/1410/897
f 1139/1410/897 1140/1372/896 1148/1374/898 1147/1411/899
f 1147/1411/899 1148/1374/898 1156/1376/900 1155/1412/900
f 1155/1412/900 1156/1376/900 1164/1378/978 1163/1413/978
f 890/1310/979 889/1414/979 897/1415/930 898/1311/930
f 898/1311/930 897/1415/930 905/1416/931 906/1313/932
f 906/1313/932 905/1416/931 913/1417/933 914/1315/934
f 914/1315/934 913/1417/933 921/1418/935 922/1317/936
f 922/1317/936 921/1418/935 929/1419/937 930/1319/937
f 930/1319/937 929/1419/937 937/1420/938 938/1321/939
f 938/1321/939 937/1420/938 945/1421/940 946/1323/941
f 946/1323/941 945/1421/940 953/1422/942 954/1325/943
f 954/1325/943 953/1422/942 961/1423/916 962/1327/916
f 962/1327/916 961/1423/916 969/1424/917 970/1329/918
f 970/1329/918 969/1424/917 977/1425/919 978/1331/920
f 978/1331/920 977/1425/919 985/1426/921 986/1333/922
f 986/1333/922 985/1426/921 993/1427/923 994/1335/923
f 994/1335/923 993/1427/923 1001/1428/924 1002/1337/925
f 1002/1337/925 1001/1428/924 1009/1429/926 1010/1339/927
f 1010/1339/927 1009/1429/926 1017/1430/928 1018/1341/929
f 1018/1341/929 1017/1430/928 1025/1431/930 1026/1343/930
f 1026/1343/930 1025/1431/930 1033/1432/931 1034/1345/932
f 1034/1345/932 1033/1432/931 1041/1433/933 1042/1347/934
f 1042/1347/934 1041/1433/933 1049/1434/935 1050/1349/936
f 1050/1349/936 1049/1434/935 1057/1435/937 1058/1351/937
f 1058/1351/937 1057/1435/937 1065/1436/938 1066/1353/939
f 1066/1353/939 1065/1436/938 1073/1437/940 1074/1355/941
f 1074/1355/941 1073/1437/940 1081/1438/942 1082/1357/943
f 1082/1357/943 1081/1438/942 1089/1439/916 1090/1359/916
f 1090/1359/916 1089/1439/916 1097/1440/917 1098/1361/918
f 1098/1361/918 1097/1440/917 1105/1441/919 1106/1363/920
f 1106/1363/920 1105/1441/919 1113/1442/921 1114/1365/922
f 1114/1365/922 1113/1442/921 1121/1443/923 1122/1367/923
f 1122/1367/923 1121/1443/923 1129/1444/924 1130/1369/925
f 1130/1369/925 1129/1444/924 1137/1445/926 1138/1371/927
f 1138/1371/927 1137/1445/926 1145/1446/928 1146/1373/929
f 1146/1373/929 1145/1446/928 1153/1447/930 1154/1375/930
f 1154/1375/930 1153/1447/930 1161/1448/980 1162/1377/980
f 2200/1449/981 2199/1450/982 2227/1451/983 2220/1452/984
f 2222/1453/985 2221/1454/986 2197/1455/987
f 2223/1456/988 2222/1453/985 2209/1457/989
f 2223/1456/988 2210/1458/990 2224/1459/991
f 2215/1460/992 2211/1461/993 2212/1462/994
f 2206/1463/995 2207/1464/996 2214/1460/997
f 2206/1463/995 2214/1460/997 2205/1465/998
f 2214/1460/997 2202/1466/999 2205/1465/998
f 2217/1467/1000 2208/1468/1001 2218/1469/1002
f 2215/1460/992 2212/1462/994 2213/1470/1003
f 2207/1464/996 2208/1468/1001 2217/1467/1000
f 2218/1469/1002 2208/1468/1001 2201/1471/1004
f 2219/1472/1005 2201/1471/1004 2200/1449/981
f 2222/1453/985 2197/1455/987 2209/1457/989
f 2223/1456/988 2209/1457/989 2210/1458/990
f 2224/1459/991 2211/1461/993 2225/1473/1006
f 2214/1460/997 2207/1464/996 2216/1474/1007
f 2215/1460/992 2213/1470/1003 2203/1466/1008
f 2217/1467/1000 2216/1474/1007 2207/1464/996
f 2224/1459/991 2210/1458/990 2211/1461/993
f 2218/1469/1002 2201/1471/1004 2219/1472/1005
f 2219/1472/1005 2200/1449/981 2220/1452/984
f 2225/1473/1006 2211/1461/993 2215/1460/992
f 1182/1460/25 1183/1474/25 1192/1473/25
f 1183/1474/25 1184/1467/25 1191/1459/25 1192/1473/25
f 1184/1467/25 1185/1469/25 1190/1456/25 1191/1459/25
f 1185/1469/25 1186/1472/25 1189/1453/25 1190/1456/25
f 1186/1472/25 1187/1452/25 1188/1454/25 1189/1453/25
f 1188/1454/25 1187/1452/25 1181/1451/25 2226/1475/25
f 2197/1455/987 2221/1454/986 1180/1475/1009 2198/1476/1010
f 1167/1477/1011 2234/1478/1012 2241/1479/1013 1168/1480/1014
f 2236/1481/1015 1165/1482/1016 2235/1483/1017
f 2237/1484/1018 1175/1485/1019 2236/1481/1015
f 2237/1484/1018 2238/1486/1020 1176/1487/1021
f 2229/1488/1022 1178/1489/1023 1177/1490/1024
f 1171/1491/1025 2228/1488/1026 1172/1492/1027
f 1171/1491/1025 1170/1493/1028 2228/1488/1026
f 2228/1488/1026 1170/1493/1028 2204/1494/1029
f 2231/1495/1030 2232/1496/1031 1173/1497/1032
f 2229/1488/1022 1179/1498/1033 1178/1489/1023
f 1172/1492/1027 2231/1495/1030 1173/1497/1032
f 2232/1496/1031 1174/1499/1034 1173/1497/1032
f 2233/1500/1035 1167/1477/1011 1174/1499/1034
f 2236/1481/1015 1175/1485/1019 1165/1482/1016
f 2237/1484/1018 1176/1487/1021 1175/1485/1019
f 2238/1486/1020 2239/1501/1036 1177/1490/1024
f 2228/1488/1026 2230/1502/1037 1172/1492/1027
f 2229/1488/1022 1169/1494/1038 1179/1498/1033
f 2231/1495/1030 1172/1492/1027 2230/1502/1037
f 2238/1486/1020 1177/1490/1024 1176/1487/1021
f 2232/1496/1031 2233/1500/1035 1174/1499/1034
f 2233/1500/1035 2234/1478/1012 1167/1477/1011
f 2239/1501/1036 2229/1488/1022 1177/1490/1024
f 1195/1488/13 1205/1501/13 1196/1502/13
f 1196/1502/13 1205/1501/13 1204/1486/13 1197/1495/13
f 1197/1495/13 1204/1486/13 1203/1484/13 1198/1496/13
f 1198/1496/13 1203/1484/13 1202/1481/13 1199/1500/13
f 1199/1500/13 1202/1481/13 1201/1483/13 1200/1478/13
f 1201/1483/13 2240/1503/13 1194/1479/13 1200/1478/13
f 1165/1482/1016 1166/1504/1039 1193/1503/1040 2235/1483/1017
f 2248/1505/1041 2244/1506/1042 2246/1507/1042 2249/1508/1043
f 1180/1475/1009 2256/1509/1044 1324/1510/1045 2198/1476/1010
f 2252/1511/1046 2250/1512/1047 2253/1513/1047 2255/1514/1048
f 2243/1515/1049 2242/1516/1050 2259/1517/1051 2258/1518/1052
f 2242/1516/1050 2248/1505/1041 2249/1508/1043 2259/1517/1051
f 2258/1518/1052 2298/1519/1053 2293/1520/1054 2243/1515/1049
f 2247/1521/1055 2245/1522/1056 2254/1523/1056 2251/1524/1055
f 1217/1508/25 1206/1507/25 1215/1512/25 1207/1511/25
f 2226/1475/25 1212/1518/25 1216/1517/25 1325/1509/25
f 2270/1525/1057 2271/1526/1058 2268/1527/1059 2266/1528/1059
f 1326/1529/25 1227/1526/25 1226/1530/25 2431/1531/25
f 2428/1532/1060 2429/1533/1061 2430/1529/1062 1330/1531/1063
f 2264/1534/1064 2276/1535/1065 2277/1530/1066 2265/1536/1067
f 2265/1536/1067 2277/1530/1066 2271/1526/1058 2270/1525/1057
f 2276/1535/1065 2264/1534/1064 2313/1537/1068 2314/1538/1069
f 2269/1539/1070 2274/1540/1070 2272/1541/1071 2267/1542/1071
f 1181/1451/25 2431/1531/25 1226/1530/25 1222/1535/25
f 1227/1526/25 1326/1529/25 2275/1543/25 1218/1527/25
f 2430/1529/1062 2429/1533/1061 1224/1544/1072 1225/1543/1072
f 2227/1451/983 2199/1450/982 2428/1532/1060 1330/1531/1063
f 1181/1451/25 1222/1535/25 1212/1518/25 2226/1475/25
f 1243/1519/25 1212/1518/25 2322/1545/25
f 1209/1546/1073 2280/1547/1074 2281/1548/1075 1208/1549/1075
f 2278/1550/13 1232/1547/13 1231/1551/13 2279/1552/13
f 2257/1553/1076 1211/1554/1077 1328/1550/1078 1331/1552/1079
f 1213/1555/1080 2285/1556/1081 2286/1551/1082 1210/1557/1083
f 1210/1557/1083 2286/1551/1082 2280/1547/1074 1209/1546/1073
f 2285/1556/1081 1213/1555/1080 1242/1558/1084 2299/1559/1085
f 2282/1560/1086 2283/1561/1086 2254/1523/1056 2245/1522/1056
f 2241/1479/1013 2263/1562/1087 1329/1563/1088 1168/1480/1014
f 2262/1564/1089 2291/1565/1090 2273/1566/1090 1327/1567/1091
f 2287/1568/13 2288/1569/13 2290/1565/13 1332/1564/13
f 1194/1479/13 1234/1570/13 2292/1571/13 1333/1562/13
f 1220/1572/1092 1219/1573/1093 2289/1569/1093 1237/1568/1094
f 1329/1563/1088 2263/1562/1087 2262/1564/1089 1327/1567/1091
f 1332/1564/13 1333/1562/13 2292/1571/13 2287/1568/13
f 1223/1574/1095 1221/1575/1096 1236/1571/1097 2260/1570/1098
f 1221/1575/1096 1220/1572/1092 1237/1568/1094 1236/1571/1097
f 2260/1570/1098 2261/1576/1099 1255/1577/1100 1223/1574/1095
f 1233/1578/1101 2267/1542/1071 2272/1541/1071 1235/1579/1101
f 2240/1503/13 2279/1552/13 1231/1551/13 1229/1556/13
f 1232/1547/13 2278/1550/13 2284/1580/13 1228/1548/13
f 1328/1550/1078 1211/1554/1077 1214/1581/1102 1230/1580/1102
f 1193/1503/1040 1166/1504/1039 2257/1553/1076 1331/1552/1079
f 1194/1479/13 2240/1503/13 1229/1556/13 1234/1570/13
f 1234/1570/13 1229/1556/13 1290/1582/13
f 2296/1583/1103 2293/1520/1054 2298/1519/1053 2297/1584/1104
f 2300/1585/1105 2299/1559/1085 1242/1558/1084 1245/1586/1106
f 2294/1587/1107 2300/1585/1105 1245/1586/1106 2301/1588/1108
f 1248/1589/1109 2296/1583/1103 2297/1584/1104 2302/1590/1110
f 2303/1591/1111 1248/1589/1109 2302/1590/1110 2304/1592/1111
f 2295/1593/1112 2294/1587/1107 2301/1588/1108 1239/1594/1112
f 2312/1595/1113 2315/1596/1114 2314/1538/1069 2313/1537/1068
f 2316/1597/1115 1258/1598/1116 1255/1577/1100 2261/1576/1099
f 2311/1599/1117 2317/1600/1118 1258/1598/1116 2316/1597/1115
f 1261/1601/1119 1262/1602/1120 2315/1596/1114 2312/1595/1113
f 2319/1603/1121 2320/1604/1121 1262/1602/1120 1261/1601/1119
f 2310/1605/1122 1252/1606/1122 2317/1600/1118 2311/1599/1117
f 1243/1519/25 2331/1607/25 1246/1584/25
f 2331/1607/25 1243/1519/25 2322/1545/25
f 1249/1590/25 1246/1584/25 2331/1607/25
f 1249/1590/25 2331/1607/25 1238/1592/25
f 2339/1608/1123 2341/1609/1123 2343/1610/1123 2336/1611/1123
f 2333/1612/1124 2335/1611/1124 2324/1613/1124 2330/1614/1124
f 2329/1614/1125 2323/1613/1125 2325/1615/1125 2327/1616/1125
f 2306/1617/1126 2340/1608/1126 2337/1611/1126 2307/1618/1126
f 2332/1619/1127 2308/1618/1127 1279/1611/1127 2334/1612/1127
f 1263/1617/1128 2309/1618/1128 2321/1620/1128
f 1250/1619/1129 1272/1620/1129 1271/1618/1129
f 2342/1609/1130 2328/1616/1130 2326/1615/1130 2344/1610/1130
f 2346/1621/1131 2349/1622/1131 2354/1623/1131
f 2345/1621/25 2347/1624/25 1278/1615/25 1277/1613/25
f 2350/1622/25 2345/1621/25 1277/1613/25 2338/1611/25
f 2347/1624/25 2351/1625/25 1280/1610/25 1278/1615/25
f 2351/1625/25 2350/1622/25 2338/1611/25 1280/1610/25
f 2352/1625/1132 2348/1624/1132 2353/1623/1132
f 1281/1623/1133 1273/1622/1133 1276/1625/1133
f 2355/1623/1134 1274/1624/1134 1270/1621/1134
f 2331/1607/25 1266/1626/25 1269/1627/25 1238/1592/25
f 1238/1592/25 1269/1627/25 1267/1628/25 1265/1629/25
f 1256/1538/25 1259/1596/25 2305/1630/25
f 1256/1538/25 2305/1630/25 2322/1545/25
f 2318/1602/25 2305/1630/25 1259/1596/25
f 2318/1602/25 1251/1604/25 2305/1630/25
f 2305/1630/25 1251/1604/25 1275/1631/25 1268/1632/25
f 1251/1604/25 1265/1629/25 1267/1628/25 1275/1631/25
f 1290/1582/13 1254/1576/13 1234/1570/13
f 2373/1633/13 2371/1634/13 1293/1635/13 1253/1605/13
f 1260/1599/13 2373/1633/13 1253/1605/13
f 1260/1599/13 1257/1597/13 2373/1633/13
f 2372/1636/1135 2376/1637/1135 2383/1638/1135 2381/1639/1135
f 2369/1640/1136 2363/1641/1136 2357/1642/1136 2375/1637/1136
f 2362/1641/1137 2360/1643/1137 2358/1644/1137 2356/1642/1137
f 1283/1645/1138 2367/1646/1138 2377/1637/1138 1286/1636/1138
f 2364/1647/1139 2370/1640/1139 1297/1637/1139 2366/1646/1139
f 2374/1645/1140 2380/1648/1140 2368/1646/1140
f 2365/1647/1141 1289/1646/1141 2379/1648/1141
f 2382/1639/1142 2384/1638/1142 2359/1644/1142 2361/1643/1142
f 2386/1649/1143 2394/1650/1143 2389/1651/1143
f 2385/1649/13 1295/1642/13 1296/1644/13 2387/1652/13
f 2390/1651/13 2378/1637/13 1295/1642/13 2385/1649/13
f 2387/1652/13 1296/1644/13 1298/1638/13 2391/1653/13
f 2391/1653/13 1298/1638/13 2378/1637/13 2390/1651/13
f 2392/1653/1144 2393/1650/1144 2388/1652/1144
f 1299/1650/1145 1294/1653/1145 1291/1651/1145
f 2395/1650/1146 1288/1649/1146 1292/1652/1146
f 1254/1576/13 1290/1582/13 2373/1633/13
f 1240/1593/13 1264/1654/13 1285/1655/13 1287/1656/13
f 1254/1576/13 2373/1633/13 1257/1597/13
f 1282/1657/13 1240/1593/13 1287/1656/13 1284/1658/13
f 1247/1587/13 1240/1593/13 1282/1657/13
f 1247/1587/13 1282/1657/13 1244/1585/13
f 1282/1657/13 1290/1582/13 1241/1559/13
f 1253/1605/13 1293/1635/13 1285/1655/13 1264/1654/13
f 2322/1545/25 1222/1535/25 1256/1538/25
f 1222/1535/25 2322/1545/25 1212/1518/25
f 1241/1559/13 1244/1585/13 1282/1657/13
f 1241/1559/13 1290/1582/13 1229/1556/13
f 2406/1659/1147 1311/1660/1147 1310/1661/1147 2404/1662/1147
f 2396/1663/1148 2398/1664/1148 2402/1665/1148 2400/1666/1148
f 2405/1662/83 2410/1667/83 1302/1668/83 2399/1664/83
f 2407/1659/1149 1305/1662/1149 1301/1664/1149 2397/1663/1149
f 2399/1664/83 1302/1669/83 2409/1670/83 2403/1665/83
f 1307/1665/1150 1309/1671/1150 2408/1672/1150 2401/1666/1150
f 1306/1666/84 1308/1673/84 1303/1674/84 1300/1663/84
f 1300/1663/84 1303/1675/84 2411/1676/84 1304/1659/84
f 2426/1677/84 2413/1678/84 2412/1679/84 1320/1680/84
f 2421/1681/84 2426/1677/84 1320/1682/84 2423/1683/84
f 2419/1684/1151 2422/1681/1151 1315/1685/1151 2418/1686/1151
f 2424/1687/83 2420/1684/83 1314/1688/83 1321/1689/83
f 2414/1678/1152 2427/1677/1152 2425/1687/1152 2417/1690/1152
f 2416/1690/83 2424/1687/83 1321/1691/83 2415/1692/83
f 1323/1677/1153 1317/1681/1153 1316/1684/1153 1322/1687/1153
f 1319/1678/1154 1318/1690/1154 1313/1693/1154 1312/1694/1154
f 1324/1510/1045 2256/1509/1044 2252/1511/1046 2255/1514/1048
f 1207/1511/25 1325/1509/25 1216/1517/25 1217/1508/25
