# Blender 4.4.3
# www.blender.org
mtllib voxel_arbiters_blade_ms.mtl
o voxel_arbiters_blade_ms
v -0.027327 -0.020547 -2.447896
v -0.027327 -0.020547 -2.430496
v -0.009927 -0.020547 -2.447896
v -0.027327 0.013953 -2.447896
v -0.027327 0.013953 -2.430496
v -0.009927 0.013953 -2.430496
v -0.009927 0.013953 -2.447896
v -0.044427 -0.020547 -2.430496
v -0.044427 -0.020547 -2.413396
v -0.009927 -0.020547 -2.413396
v -0.044427 0.013953 -2.430496
v -0.044427 0.013953 -2.413396
v -0.027327 0.013953 -2.413396
v -0.027327 0.031053 -2.430496
v -0.027327 0.031053 -2.413396
v -0.009927 0.031053 -2.430496
v -0.044427 -0.037647 -2.413396
v -0.009927 -0.037647 -2.413396
v -0.044427 0.031053 -2.413396
v -0.044427 0.031053 -2.395996
v -0.027327 -0.037647 -2.378896
v -0.009927 -0.037647 -2.378896
v -0.009927 -0.003147 -2.378896
v -0.009927 0.013953 -2.378896
v -0.044427 0.031053 -2.378896
v -0.009927 0.031053 -2.378896
v -0.027327 -0.055047 -2.378896
v -0.027327 -0.037647 -2.361496
v -0.027327 -0.055047 -2.361496
v -0.009927 -0.055047 -2.378896
v -0.044427 -0.037647 -2.361496
v -0.009927 -0.003147 -2.344396
v -0.009927 0.013953 -2.344396
v -0.044427 0.048453 -2.378896
v -0.044427 0.048453 -2.361496
v -0.009927 0.048453 -2.361496
v -0.009927 0.048453 -2.378896
v -0.044427 -0.055047 -2.361496
v -0.044427 0.048453 -2.344396
v -0.009927 0.048453 -2.344396
v -0.044427 0.048453 -2.326996
v -0.009927 0.048453 -2.326996
v -0.044427 -0.055047 -2.309896
v -0.009927 -0.055047 -2.309896
v -0.009927 -0.020547 -2.309896
v -0.044427 -0.003147 -2.309896
v -0.009927 -0.003147 -2.309896
v -0.044427 0.013953 -2.309896
v -0.009927 0.013953 -2.309896
v -0.009927 0.031053 -2.309896
v -0.044427 0.065553 -2.326996
v -0.009927 0.065553 -2.326996
v -0.044427 -0.072147 -2.309896
v -0.009927 -0.072147 -2.309896
v -0.009927 -0.072147 -2.292496
v -0.009927 -0.055047 -2.292496
v -0.044427 -0.020547 -2.292496
v -0.044427 -0.003147 -2.292496
v 0.007173 -0.020547 -2.309896
v 0.007173 -0.020547 -2.292496
v 0.007173 -0.003147 -2.292496
v 0.007173 -0.003147 -2.309896
v -0.061827 -0.003147 -2.309896
v -0.061827 0.013953 -2.309896
v -0.061827 -0.003147 -2.292496
v -0.009927 0.013953 -2.240896
v -0.009927 -0.003147 -2.240896
v 0.007173 0.013953 -2.309896
v 0.007173 0.013953 -2.275396
v -0.009927 0.013953 -2.275396
v -0.044427 0.031053 -2.292496
v -0.009927 0.031053 -2.275396
v -0.044427 0.065553 -2.292496
v -0.044427 -0.072147 -2.275396
v -0.009927 -0.072147 -2.258296
v -0.009927 -0.055047 -2.258296
v -0.027327 -0.072147 -2.258296
v -0.044427 -0.037647 -2.275396
v -0.009927 -0.037647 -2.275396
v -0.044427 -0.020547 -2.275396
v -0.009927 -0.020547 -2.275396
v -0.061827 -0.020547 -2.292496
v -0.061827 -0.003147 -2.275396
v -0.061827 -0.020547 -2.275396
v 0.007173 -0.020547 -2.275396
v -0.061827 0.013953 -2.275396
v -0.044427 0.013953 -2.275396
v -0.044427 0.031053 -2.275396
v -0.044427 0.065553 -2.275396
v -0.027327 0.065553 -2.275396
v -0.009927 0.065553 -2.275396
v -0.009927 -0.037647 -2.258296
v -0.061827 -0.037647 -2.275396
v 0.007173 -0.037647 -2.275396
v -0.061827 0.013953 -2.240896
v -0.061827 -0.003147 -2.240896
v -0.061827 -0.020547 -2.240896
v -0.061827 0.031053 -2.275396
v -0.044427 0.031053 -2.258296
v -0.009927 0.031053 -2.258296
v 0.007173 0.031053 -2.275396
v -0.044427 0.048453 -2.275396
v -0.044427 0.065553 -2.240896
v -0.044427 0.048453 -2.240896
v -0.027327 0.065553 -2.240896
v -0.027327 0.082953 -2.275396
v -0.009927 0.082953 -2.275396
v -0.027327 -0.089547 -2.258296
v -0.027327 -0.072147 -2.240896
v -0.027327 -0.089547 -2.240896
v -0.009927 -0.089547 -2.258296
v -0.044427 -0.072147 -2.240896
v -0.061827 -0.037647 -2.240896
v -0.061827 0.031053 -2.240896
v -0.044427 0.031053 -2.240896
v -0.009927 0.031053 -2.240896
v 0.007173 0.031053 -2.240896
v -0.009927 0.048453 -2.240896
v -0.027327 0.082953 -2.240896
v -0.044427 -0.089547 -2.240896
v -0.044427 -0.055047 -2.223796
v -0.009927 -0.055047 -2.223796
v -0.044427 -0.037647 -2.223796
v -0.009927 -0.037647 -2.223796
v -0.061827 -0.037647 -2.223796
v 0.007173 -0.037647 -2.223796
v -0.061827 -0.003147 -2.206396
v -0.061827 -0.020547 -2.206396
v -0.061827 0.031053 -2.223796
v -0.061827 0.048453 -2.240896
v 0.007173 0.048453 -2.240896
v -0.044427 0.082953 -2.240896
v -0.044427 0.082953 -2.223796
v -0.009927 0.082953 -2.223796
v -0.044427 -0.055047 -2.206396
v -0.061827 -0.055047 -2.223796
v 0.007173 -0.055047 -2.223796
v -0.061827 0.031053 -2.189296
v -0.061827 0.013953 -2.189296
v -0.044427 0.048453 -2.206396
v -0.009927 0.048453 -2.206396
v -0.044427 0.082953 -2.206396
v -0.009927 0.082953 -2.206396
v -0.027327 0.082953 -2.206396
v -0.009927 0.082953 -2.189296
v -0.061827 -0.055047 -2.189296
v 0.007173 -0.037647 -2.189296
v -0.061827 -0.003147 -2.189296
v 0.007173 -0.020547 -2.189296
v -0.044427 0.048453 -2.189296
v -0.009927 0.048453 -2.189296
v -0.044427 0.082953 -2.171896
v -0.044427 0.048453 -2.171896
v -0.009927 -0.055047 -2.171896
v 0.007173 -0.055047 -2.171896
v 0.007173 -0.037647 -2.171896
v -0.061827 -0.003147 -2.171896
v -0.061827 0.013953 -2.154796
v -0.009927 0.082953 -2.171896
v -0.044427 -0.055047 -2.154796
v -0.009927 -0.055047 -2.154796
v -0.061827 -0.037647 -2.154796
v -0.061827 -0.020547 -2.154796
v -0.061827 0.031053 -2.154796
v -0.061827 0.048453 -2.154796
v -0.044427 0.048453 -2.154796
v -0.009927 0.048453 -2.154796
v 0.007173 0.048453 -2.154796
v -0.044427 0.065553 -2.154796
v -0.009927 0.065553 -2.154796
v -0.027327 0.082953 -2.154796
v -0.009927 0.082953 -2.154796
v -0.009927 -0.072147 -2.137396
v -0.044427 -0.055047 -2.137396
v -0.009927 -0.055047 -2.137396
v -0.061827 -0.003147 -2.137396
v -0.009927 0.013953 -2.137396
v 0.007173 0.013953 -2.137396
v -0.061827 0.031053 -2.120296
v -0.009927 0.031053 -2.137396
v -0.061827 0.065553 -2.154796
v 0.007173 0.065553 -2.154796
v -0.027327 0.100053 -2.154796
v -0.009927 0.100053 -2.154796
v -0.044427 -0.089547 -2.120296
v -0.009927 -0.089547 -2.120296
v -0.044427 -0.055047 -2.102896
v -0.009927 -0.003147 -2.120296
v -0.061827 -0.003147 -2.102896
v -0.044427 0.065553 -2.120296
v -0.009927 0.065553 -2.120296
v -0.044427 0.082953 -2.120296
v -0.027327 0.082953 -2.120296
v -0.027327 0.100053 -2.120296
v -0.061827 -0.037647 -2.102896
v -0.009927 -0.037647 -2.068396
v -0.009927 -0.037647 -2.085796
v -0.009927 -0.020547 -2.085796
v 0.007173 -0.037647 -2.068396
v 0.007173 -0.037647 -2.085796
v 0.007173 -0.020547 -2.085796
v -0.009927 -0.003147 -2.085796
v 0.007173 -0.003147 -2.085796
v -0.061827 0.031053 -2.102896
v 0.007173 0.031053 -2.085796
v 0.007173 0.031053 -2.120296
v -0.061827 0.048453 -2.102896
v -0.061827 0.065553 -2.102896
v -0.044427 0.065553 -2.102896
v -0.009927 0.065553 -2.102896
v -0.044427 0.082953 -2.102896
v -0.044427 0.100053 -2.120296
v -0.044427 0.100053 -2.102896
v -0.027327 0.100053 -2.102896
v -0.027327 0.082953 -2.102896
v -0.009927 0.100053 -2.102896
v -0.044427 -0.089547 -2.085796
v -0.009927 -0.089547 -2.085796
v -0.009927 -0.072147 -2.085796
v -0.044427 -0.055047 -2.085796
v -0.061827 -0.037647 -2.085796
v -0.061827 -0.003147 -2.085796
v -0.061827 0.031053 -2.085796
v -0.061827 0.048453 -2.068396
v -0.009927 0.065553 -2.085796
v 0.007173 0.065553 -2.085796
v -0.027327 0.082953 -2.068396
v -0.009927 0.100053 -2.085796
v -0.044427 -0.072147 -2.068396
v -0.044427 -0.089547 -2.068396
v -0.027327 -0.089547 -2.068396
v -0.009927 -0.072147 -2.051296
v -0.009927 -0.055047 -2.051296
v -0.044427 -0.055047 -2.051296
v -0.009927 -0.003147 -2.051296
v -0.009927 -0.020547 -2.051296
v 0.007173 -0.020547 -2.051296
v 0.007173 -0.003147 -2.051296
v 0.007173 -0.003147 -2.068396
v 0.007173 0.031053 -2.068396
v -0.009927 0.065553 -2.068396
v -0.044427 -0.072147 -1.982296
v -0.044427 -0.089547 -1.982296
v -0.027327 -0.089547 -1.982296
v -0.009927 -0.089547 -1.982296
v -0.044427 -0.055047 -2.033896
v 0.007173 -0.055047 -2.051296
v 0.007173 0.031053 -2.051296
v -0.009927 -0.072147 -2.016796
v -0.009927 -0.055047 -2.033896
v 0.007173 -0.020547 -2.033896
v -0.061827 -0.003147 -2.033896
v -0.009927 -0.003147 -2.016796
v 0.007173 -0.003147 -2.016796
v 0.007173 -0.003147 -2.033896
v -0.061827 0.031053 -2.033896
v -0.061827 0.065553 -2.033896
v -0.044427 0.065553 -2.033896
v -0.009927 0.065553 -2.033896
v -0.027327 0.082953 -2.033896
v -0.044427 -0.055047 -2.016796
v -0.061827 -0.037647 -2.016796
v -0.061827 -0.055047 -2.016796
v 0.007173 -0.055047 -2.016796
v -0.061827 -0.020547 -2.016796
v -0.061827 -0.003147 -2.016796
v -0.061827 0.031053 -2.016796
v 0.007173 0.031053 -2.016796
v -0.061827 0.065553 -2.016796
v -0.044427 0.065553 -2.016796
v 0.007173 0.048453 -2.016796
v -0.009927 0.065553 -2.016796
v 0.007173 0.065553 -2.016796
v -0.044427 0.065553 -1.999396
v -0.027327 0.082953 -1.999396
v -0.009927 -0.072147 -1.982296
v -0.044427 -0.055047 -1.999396
v -0.009927 -0.055047 -1.999396
v -0.061827 0.013953 -1.999396
v -0.009927 0.013953 -1.982296
v 0.007173 0.013953 -1.982296
v 0.007173 0.031053 -1.982296
v -0.009927 0.065553 -1.982296
v 0.007173 0.048453 -1.982296
v -0.061827 -0.037647 -1.965196
v -0.044427 -0.055047 -1.965196
v -0.061827 0.048453 -1.982296
v -0.044427 -0.089547 -1.947796
v -0.009927 -0.089547 -1.947796
v -0.009927 -0.072147 -1.965196
v -0.009927 -0.055047 -1.965196
v 0.007173 -0.055047 -1.965196
v -0.061827 -0.020547 -1.965196
v -0.009927 0.013953 -1.965196
v 0.007173 0.013953 -1.965196
v -0.061827 0.031053 -1.982296
v -0.061827 0.031053 -1.965196
v -0.009927 0.048453 -1.965196
v 0.007173 0.048453 -1.965196
v -0.061827 0.031053 -1.947796
v -0.061827 0.065553 -1.965196
v 0.007173 0.065553 -1.965196
v -0.009927 0.100053 -1.965196
v -0.044427 -0.055047 -1.913296
v -0.044427 -0.072147 -1.913296
v -0.009927 -0.055047 -1.930696
v -0.061827 0.013953 -1.947796
v -0.061827 -0.020547 -1.947796
v -0.061827 -0.037647 -1.913296
v -0.061827 0.031053 -1.913296
v -0.061827 0.013953 -1.913296
v -0.027327 0.082953 -1.930696
v -0.009927 0.082953 -1.930696
v -0.044427 -0.089547 -1.913296
v 0.007173 0.031053 -1.896196
v 0.007173 0.065553 -1.913296
v -0.044427 -0.055047 -1.896196
v -0.009927 -0.055047 -1.896196
v -0.061827 -0.037647 -1.896196
v 0.007173 0.013953 -1.896196
v -0.061827 0.031053 -1.896196
v -0.061827 0.065553 -1.896196
v -0.044427 0.065553 -1.896196
v -0.009927 0.065553 -1.896196
v -0.027327 -0.089547 -1.878796
v -0.009927 -0.089547 -1.878796
v -0.009927 -0.072147 -1.878796
v -0.061827 -0.037647 -1.861696
v -0.061827 -0.055047 -1.861696
v 0.007173 -0.055047 -1.878796
v 0.007173 -0.037647 -1.878796
v -0.009927 -0.020547 -1.878796
v -0.061827 -0.003147 -1.896196
v -0.061827 0.031053 -1.861696
v -0.061827 -0.003147 -1.861696
v -0.044427 0.031053 -1.861696
v -0.009927 0.013953 -1.861696
v -0.009927 -0.020547 -1.861696
v 0.007173 0.013953 -1.861696
v 0.007173 0.013953 -1.878796
v -0.009927 0.031053 -1.861696
v 0.007173 0.031053 -1.861696
v -0.044427 0.065553 -1.878796
v -0.009927 0.065553 -1.878796
v -0.009927 0.082953 -1.878796
v -0.009927 -0.089547 -1.844296
v -0.009927 -0.072147 -1.844296
v -0.027327 -0.089547 -1.844296
v -0.009927 0.048453 -1.861696
v 0.007173 0.048453 -1.861696
v -0.009927 0.082953 -1.844296
v -0.044427 0.065553 -1.844296
v -0.044427 -0.089547 -1.844296
v -0.009927 -0.055047 -1.844296
v -0.061827 -0.037647 -1.844296
v -0.061827 0.013953 -1.861696
v -0.061827 0.013953 -1.844296
v -0.044427 0.013953 -1.861696
v -0.061827 0.031053 -1.827196
v -0.044427 0.031053 -1.827196
v 0.007173 0.031053 -1.844296
v -0.009927 0.048453 -1.827196
v 0.007173 0.048453 -1.827196
v -0.044427 -0.055047 -1.827196
v -0.061827 -0.037647 -1.827196
v -0.044427 -0.037647 -1.827196
v 0.007173 -0.055047 -1.827196
v 0.007173 -0.037647 -1.827196
v -0.061827 -0.003147 -1.827196
v -0.044427 -0.003147 -1.827196
v -0.061827 0.048453 -1.827196
v -0.009927 0.065553 -1.827196
v -0.027327 0.082953 -1.827196
v -0.009927 0.082953 -1.827196
v -0.044427 -0.089547 -1.809796
v -0.009927 -0.089547 -1.809796
v -0.009927 -0.055047 -1.809796
v -0.061827 -0.037647 -1.809796
v -0.061827 -0.055047 -1.809796
v -0.044427 -0.037647 -1.809796
v -0.044427 -0.020547 -1.809796
v -0.061827 0.048453 -1.792696
v -0.044427 0.048453 -1.792696
v -0.044427 0.065553 -1.792696
v -0.009927 0.065553 -1.775296
v -0.009927 0.048453 -1.775296
v 0.007173 0.048453 -1.775296
v -0.027327 0.082953 -1.792696
v -0.009927 0.065553 -1.792696
v -0.009927 0.082953 -1.792696
v -0.027327 -0.089547 -1.792696
v -0.027327 -0.089547 -1.809796
v -0.009927 -0.072147 -1.792696
v -0.061827 -0.020547 -1.758196
v -0.061827 -0.037647 -1.758196
v -0.061827 -0.003147 -1.792696
v -0.061827 -0.020547 -1.792696
v -0.044427 -0.037647 -1.758196
v -0.044427 -0.020547 -1.792696
v -0.009927 -0.003147 -1.792696
v -0.061827 0.013953 -1.792696
v -0.009927 0.013953 -1.792696
v -0.009927 -0.089547 -1.758196
v -0.009927 -0.072147 -1.758196
v 0.007173 -0.037647 -1.775296
v -0.009927 -0.003147 -1.775296
v 0.007173 -0.003147 -1.775296
v -0.061827 -0.020547 -1.775296
v 0.007173 0.013953 -1.758196
v -0.061827 0.048453 -1.775296
v -0.009927 0.013953 -1.775296
v 0.007173 0.013953 -1.775296
v -0.061827 0.065553 -1.775296
v -0.027327 0.082953 -1.758196
v -0.009927 -0.055047 -1.758196
v -0.009927 -0.020547 -1.775296
v 0.007173 -0.020547 -1.775296
v -0.061827 -0.003147 -1.775296
v -0.061827 -0.003147 -1.758196
v -0.009927 -0.003147 -1.740796
v -0.009927 -0.020547 -1.740796
v 0.007173 -0.020547 -1.740796
v 0.007173 -0.003147 -1.740796
v -0.061827 0.031053 -1.758196
v -0.009927 0.065553 -1.758196
v -0.009927 0.082953 -1.758196
v -0.044427 -0.055047 -1.740796
v -0.044427 -0.037647 -1.740796
v -0.061827 -0.020547 -1.723696
v -0.009927 -0.003147 -1.723696
v 0.007173 -0.003147 -1.723696
v 0.007173 0.013953 -1.723696
v 0.007173 0.065553 -1.740796
v -0.009927 0.065553 -1.723696
v -0.009927 0.082953 -1.723696
v 0.007173 -0.037647 -1.723696
v -0.044427 0.065553 -1.723696
v -0.027327 0.082953 -1.723696
v -0.009927 -0.037647 -1.706296
v 0.007173 -0.037647 -1.706296
v -0.061827 -0.020547 -1.706296
v -0.009927 -0.020547 -1.706296
v 0.007173 -0.020547 -1.706296
v -0.061827 0.013953 -1.706296
v -0.061827 0.048453 -1.706296
v -0.044427 0.065553 -1.689196
v -0.027327 0.082953 -1.672096
v -0.061827 -0.020547 -1.689196
v -0.009927 -0.020547 -1.672096
v 0.007173 -0.020547 -1.672096
v -0.061827 0.013953 -1.689196
v -0.061827 0.048453 -1.672096
v -0.061827 0.013953 -1.672096
v -0.044427 0.065553 -1.672096
v -0.009927 0.065553 -1.689196
v -0.009927 0.082953 -1.689196
v -0.044427 -0.055047 -1.672096
v -0.061827 -0.055047 -1.672096
v -0.061827 -0.020547 -1.672096
v 0.007173 0.013953 -1.672096
v 0.007173 0.031053 -1.672096
v 0.007173 0.065553 -1.672096
v -0.009927 0.065553 -1.637596
v -0.044427 -0.055047 -1.654696
v -0.009927 -0.055047 -1.654696
v -0.009927 -0.037647 -1.654696
v 0.007173 -0.037647 -1.654696
v -0.061827 0.013953 -1.654696
v -0.061827 -0.003147 -1.654696
v -0.009927 0.013953 -1.654696
v -0.009927 0.013953 -1.620196
v 0.007173 0.013953 -1.620196
v 0.007173 0.031053 -1.620196
v -0.061827 0.048453 -1.637596
v -0.044427 0.065553 -1.637596
v -0.044427 0.065553 -1.654696
v -0.044427 -0.055047 -1.637596
v -0.009927 -0.055047 -1.637596
v -0.061827 -0.037647 -1.620196
v -0.061827 -0.055047 -1.620196
v -0.044427 -0.055047 -1.620196
v -0.009927 -0.037647 -1.620196
v -0.009927 -0.055047 -1.620196
v 0.007173 -0.037647 -1.620196
v -0.061827 0.013953 -1.620196
v -0.061827 0.013953 -1.637596
v -0.061827 -0.020547 -1.603096
v -0.061827 -0.037647 -1.603096
v -0.061827 -0.003147 -1.603096
v -0.009927 -0.003147 -1.620196
v 0.007173 -0.003147 -1.620196
v -0.044427 -0.089547 -1.603096
v -0.009927 -0.055047 -1.603096
v 0.007173 -0.055047 -1.603096
v 0.007173 -0.037647 -1.603096
v 0.007173 -0.003147 -1.603096
v -0.061827 0.031053 -1.603096
v -0.009927 -0.072147 -1.585696
v -0.009927 -0.055047 -1.585696
v -0.061827 -0.037647 -1.568596
v 0.007173 -0.020547 -1.585696
v -0.061827 -0.020547 -1.585696
v -0.061827 -0.003147 -1.585696
v -0.061827 -0.003147 -1.568596
v 0.007173 0.013953 -1.603096
v 0.007173 0.013953 -1.568596
v 0.007173 0.031053 -1.568596
v 0.007173 0.031053 -1.603096
v -0.044427 -0.072147 -1.568596
v -0.009927 -0.089547 -1.568596
v -0.009927 -0.072147 -1.568596
v -0.009927 -0.055047 -1.551196
v -0.009927 -0.055047 -1.568596
v 0.007173 -0.037647 -1.568596
v -0.061827 -0.003147 -1.551196
v -0.061827 -0.020547 -1.551196
v 0.007173 -0.037647 -1.516696
v 0.007173 -0.020547 -1.516696
v 0.007173 -0.020547 -1.551196
v -0.061827 0.065553 -1.568596
v -0.061827 0.065553 -1.551196
v -0.061827 0.013953 -1.534096
v -0.044427 0.065553 -1.551196
v -0.044427 0.065553 -1.568596
v 0.007173 0.048453 -1.568596
v -0.044427 -0.055047 -1.534096
v 0.007173 0.013953 -1.516696
v 0.007173 0.048453 -1.516696
v -0.044427 0.065553 -1.534096
v -0.061827 0.065553 -1.534096
v -0.009927 -0.055047 -1.534096
v -0.061827 -0.003147 -1.516696
v -0.061827 0.048453 -1.551196
v -0.061827 0.048453 -1.534096
v -0.009927 -0.055047 -1.516696
v -0.061827 -0.055047 -1.516696
v 0.007173 -0.055047 -1.516696
v -0.061827 0.013953 -1.482196
v -0.061827 -0.003147 -1.482196
v 0.007173 -0.020547 -1.499596
v 0.007173 0.013953 -1.499596
v 0.007173 -0.003147 -1.482196
v 0.007173 0.031053 -1.482196
v 0.007173 0.031053 -1.516696
v -0.044427 0.065553 -1.499596
v -0.009927 0.065553 -1.499596
v -0.044427 -0.072147 -1.482196
v -0.044427 -0.055047 -1.482196
v 0.007173 -0.020547 -1.482196
v -0.009927 0.065553 -1.482196
v -0.009927 0.082953 -1.482196
v -0.009927 0.100053 -1.482196
v -0.044427 -0.072147 -1.465096
v -0.044427 -0.089547 -1.465096
v -0.044427 -0.055047 -1.447696
v -0.009927 -0.055047 -1.465096
v -0.061827 -0.037647 -1.465096
v 0.007173 -0.055047 -1.465096
v 0.007173 -0.037647 -1.465096
v -0.061827 -0.003147 -1.465096
v 0.007173 -0.003147 -1.447696
v -0.061827 0.031053 -1.465096
v -0.009927 0.100053 -1.465096
v -0.044427 -0.089547 -1.447696
v -0.009927 -0.055047 -1.430596
v 0.007173 -0.055047 -1.430596
v 0.007173 -0.037647 -1.430596
v -0.061827 -0.020547 -1.465096
v -0.061827 -0.020547 -1.447696
v -0.061827 0.013953 -1.465096
v -0.061827 0.013953 -1.447696
v 0.007173 0.013953 -1.447696
v -0.061827 0.031053 -1.430596
v 0.007173 0.031053 -1.447696
v -0.061827 0.065553 -1.447696
v -0.027327 -0.089547 -1.430596
v -0.009927 -0.089547 -1.430596
v -0.009927 -0.072147 -1.430596
v 0.007173 -0.020547 -1.430596
v 0.007173 0.013953 -1.430596
v 0.007173 0.048453 -1.430596
v -0.044427 0.065553 -1.430596
v -0.009927 0.065553 -1.430596
v -0.044427 -0.089547 -1.413196
v -0.027327 -0.089547 -1.413196
v -0.009927 -0.089547 -1.378996
v -0.009927 -0.072147 -1.378996
v 0.007173 -0.020547 -1.413196
v 0.007173 0.013953 -1.413196
v -0.061827 0.065553 -1.413196
v -0.044427 0.065553 -1.413196
v -0.009927 0.065553 -1.396096
v -0.027327 0.082953 -1.413196
v -0.009927 0.065553 -1.413196
v 0.007173 0.013953 -1.396096
v -0.061827 -0.003147 -1.396096
v -0.061827 0.013953 -1.396096
v -0.027327 0.082953 -1.378996
v 0.007173 -0.037647 -1.378996
v 0.007173 -0.020547 -1.378996
v -0.061827 0.013953 -1.361596
v -0.061827 0.013953 -1.378996
v 0.007173 0.048453 -1.378996
v -0.009927 0.065553 -1.361596
v -0.009927 0.100053 -1.378996
v 0.007173 -0.037647 -1.344496
v 0.007173 -0.020547 -1.344496
v 0.007173 -0.003147 -1.361596
v 0.007173 0.013953 -1.361596
v -0.061827 0.048453 -1.361596
v -0.044427 0.065553 -1.361596
v -0.009927 0.065553 -1.344496
v 0.007173 0.048453 -1.344496
v -0.009927 -0.089547 -1.344496
v 0.007173 0.013953 -1.327096
v 0.007173 0.031053 -1.344496
v -0.061827 0.031053 -1.361596
v -0.061827 0.031053 -1.344496
v -0.061827 0.065553 -1.327096
v -0.061827 0.048453 -1.327096
v -0.044427 0.065553 -1.327096
v -0.044427 0.065553 -1.344496
v -0.044427 -0.089547 -1.327096
v -0.027327 -0.089547 -1.327096
v -0.044427 -0.055047 -1.327096
v -0.061827 -0.020547 -1.327096
v 0.007173 -0.020547 -1.309996
v -0.061827 -0.003147 -1.327096
v 0.007173 0.048453 -1.309996
v -0.044427 -0.055047 -1.309996
v -0.044427 -0.089547 -1.309996
v -0.027327 -0.089547 -1.309996
v -0.044427 -0.072147 -1.309996
v -0.009927 -0.072147 -1.309996
v -0.009927 -0.055047 -1.309996
v -0.061827 -0.055047 -1.309996
v 0.007173 -0.055047 -1.309996
v -0.061827 0.013953 -1.309996
v -0.061827 0.013953 -1.275496
v -0.061827 -0.003147 -1.275496
v 0.007173 0.031053 -1.292596
v -0.044427 0.065553 -1.309996
v -0.009927 0.065553 -1.309996
v 0.007173 0.065553 -1.309996
v -0.027327 0.082953 -1.309996
v -0.061827 -0.072147 -1.309996
v -0.061827 -0.055047 -1.292596
v 0.007173 -0.072147 -1.309996
v -0.061827 -0.037647 -1.292596
v 0.007173 -0.020547 -1.292596
v -0.009927 0.065553 -1.258096
v -0.009927 0.100053 -1.275496
v -0.061827 -0.037647 -1.206496
v -0.061827 -0.055047 -1.206496
v -0.061827 -0.037647 -1.240996
v 0.007173 0.013953 -1.240996
v 0.007173 -0.072147 -1.258096
v -0.061827 -0.037647 -1.258096
v -0.061827 -0.003147 -1.258096
v -0.061827 0.013953 -1.206496
v -0.061827 -0.003147 -1.206496
v -0.061827 -0.003147 -1.189096
v -0.061827 -0.037647 -1.189096
v -0.044427 -0.072147 -1.240996
v -0.061827 -0.003147 -1.240996
v -0.061827 0.048453 -1.240996
v -0.061827 0.065553 -1.240996
v -0.009927 0.065553 -1.240996
v 0.007173 0.065553 -1.240996
v -0.027327 0.082953 -1.240996
v -0.009927 -0.072147 -1.223596
v 0.007173 -0.072147 -1.223596
v 0.007173 -0.055047 -1.223596
v 0.007173 -0.037647 -1.223596
v 0.007173 -0.020547 -1.223596
v 0.007173 -0.003147 -1.223596
v 0.007173 0.013953 -1.189096
v -0.061827 0.065553 -1.206496
v -0.061827 0.048453 -1.206496
v -0.044427 0.065553 -1.206496
v -0.009927 0.065553 -1.223596
v -0.027327 0.082953 -1.206496
v -0.044427 -0.072147 -1.206496
v 0.007173 -0.055047 -1.189096
v 0.007173 -0.037647 -1.189096
v 0.007173 -0.020547 -1.171996
v 0.007173 -0.003147 -1.171996
v 0.007173 0.013953 -1.171996
v -0.009927 0.065553 -1.206496
v -0.027327 -0.089547 -1.189096
v -0.027327 -0.072147 -1.189096
v -0.009927 -0.089547 -1.189096
v -0.009927 -0.072147 -1.189096
v -0.061827 0.013953 -1.189096
v -0.061827 0.065553 -1.189096
v -0.044427 0.065553 -1.189096
v -0.027327 0.082953 -1.189096
v -0.044427 -0.072147 -1.171996
v -0.044427 -0.089547 -1.171996
v -0.027327 -0.089547 -1.171996
v -0.027327 -0.072147 -1.171996
v -0.061827 -0.072147 -1.171996
v 0.007173 -0.055047 -1.154596
v 0.007173 -0.037647 -1.154596
v -0.061827 0.031053 -1.154596
v -0.061827 -0.020547 -1.154596
v -0.061827 -0.003147 -1.154596
v -0.061827 0.048453 -1.171996
v -0.044427 0.065553 -1.171996
v -0.009927 0.065553 -1.171996
v -0.027327 0.082953 -1.154596
v 0.007173 -0.020547 -1.154596
v -0.061827 0.048453 -1.154596
v 0.007173 0.048453 -1.154596
v -0.009927 0.065553 -1.154596
v -0.044427 -0.072147 -1.137496
v -0.061827 -0.072147 -1.137496
v -0.061827 -0.003147 -1.120096
v -0.061827 -0.020547 -1.120096
v 0.007173 -0.020547 -1.120096
v 0.007173 -0.003147 -1.120096
v 0.007173 -0.003147 -1.154596
v 0.007173 -0.003147 -1.137496
v 0.007173 0.031053 -1.120096
v 0.007173 0.048453 -1.120096
v -0.009927 0.065553 -1.137496
v -0.009927 0.065553 -1.120096
v -0.009927 0.082953 -1.137496
v 0.007173 -0.055047 -1.120096
v 0.007173 -0.055047 -1.102996
v -0.027327 0.082953 -1.102996
v -0.009927 0.082953 -1.102996
v -0.061827 0.031053 -1.102996
v -0.061827 0.048453 -1.051396
v -0.061827 0.031053 -1.051396
v -0.061827 0.031053 -1.068496
v -0.061827 0.013953 -1.051396
v -0.044427 -0.072147 -1.068496
v 0.007173 -0.020547 -1.068496
v -0.061827 0.065553 -1.068496
v -0.044427 0.065553 -1.068496
v -0.009927 0.065553 -1.068496
v -0.044427 -0.072147 -1.033996
v -0.009927 -0.089547 -1.051396
v -0.009927 -0.072147 -1.051396
v -0.061827 -0.055047 -1.051396
v -0.061827 -0.020547 -1.051396
v 0.007173 -0.020547 -1.016896
v 0.007173 0.013953 -1.051396
v 0.007173 0.031053 -1.033996
v 0.007173 0.048453 -1.033996
v -0.044427 0.065553 -1.051396
v 0.007173 0.065553 -1.051396
v -0.027327 0.082953 -1.051396
v -0.009927 0.100053 -1.051396
v 0.007173 -0.072147 -1.033996
v 0.007173 -0.055047 -1.033996
v -0.061827 -0.020547 -1.016896
v 0.007173 -0.020547 -1.033996
v -0.061827 0.013953 -1.033996
v -0.061827 -0.020547 -1.033996
v -0.061827 0.031053 -0.982396
v -0.009927 0.065553 -1.033996
v -0.027327 0.082953 -1.016896
v -0.009927 0.082953 -1.033996
v 0.007173 -0.055047 -1.016896
v -0.061827 -0.003147 -1.033996
v -0.061827 -0.003147 -1.016896
v 0.007173 0.013953 -0.999496
v 0.007173 0.048453 -0.982396
v -0.009927 0.065553 -0.999496
v -0.009927 0.082953 -0.999496
v -0.009927 -0.072147 -0.999496
v 0.007173 -0.055047 -0.999496
v 0.007173 -0.037647 -1.016896
v -0.061827 -0.072147 -0.982396
v -0.009927 -0.072147 -0.947896
v 0.007173 -0.055047 -0.982396
v 0.007173 -0.003147 -0.982396
v 0.007173 0.013953 -0.982396
v -0.009927 0.065553 -0.964996
v -0.009927 0.082953 -0.964996
v -0.044427 0.065553 -0.964996
v 0.007173 0.013953 -0.947896
v -0.044427 -0.072147 -0.947896
v 0.007173 -0.020547 -0.930496
v -0.061827 0.065553 -0.947896
v -0.027327 -0.089547 -0.930496
v -0.027327 -0.072147 -0.930496
v -0.009927 -0.089547 -0.930496
v -0.009927 -0.072147 -0.930496
v -0.061827 -0.072147 -0.930496
v -0.061827 -0.020547 -0.930496
v 0.007173 -0.003147 -0.930496
v 0.007173 0.013953 -0.930496
v -0.061827 0.031053 -0.930496
v -0.061827 0.048453 -0.930496
v -0.044427 0.065553 -0.930496
v -0.009927 0.065553 -0.930496
v -0.027327 0.082953 -0.930496
v -0.009927 -0.072147 -0.878896
v -0.027327 -0.072147 -0.878896
v -0.061827 -0.020547 -0.913396
v -0.061827 -0.003147 -0.913396
v 0.007173 -0.020547 -0.895996
v 0.007173 0.031053 -0.913396
v -0.061827 0.031053 -0.878896
v -0.009927 0.065553 -0.913396
v -0.044427 0.065553 -0.895996
v -0.027327 0.082953 -0.895996
v -0.044427 -0.072147 -0.895996
v -0.044427 -0.089547 -0.895996
v -0.061827 -0.003147 -0.878896
v 0.007173 0.013953 -0.895996
v 0.007173 0.031053 -0.895996
v -0.061827 0.065553 -0.895996
v -0.009927 0.065553 -0.878896
v 0.007173 0.065553 -0.878896
v 0.007173 -0.072147 -0.878896
v 0.007173 -0.020547 -0.861496
v 0.007173 0.013953 -0.861496
v 0.007173 0.031053 -0.861496
v -0.009927 -0.072147 -0.861496
v 0.007173 0.048453 -0.861496
v -0.061827 0.065553 -0.861496
v -0.027327 0.082953 -0.861496
v -0.061827 -0.037647 -0.844396
v -0.061827 -0.020547 -0.844396
v 0.007173 -0.003147 -0.792496
v 0.007173 0.013953 -0.826996
v 0.007173 0.031053 -0.826996
v 0.007173 -0.020547 -0.809896
v 0.007173 -0.003147 -0.809896
v 0.007173 0.048453 -0.826996
v -0.009927 0.065553 -0.844396
v -0.009927 0.082953 -0.844396
v -0.027327 0.082953 -0.809896
v -0.009927 0.082953 -0.809896
v -0.009927 0.100053 -0.809896
v -0.044427 -0.072147 -0.826996
v -0.061827 -0.020547 -0.809896
v -0.061827 -0.003147 -0.826996
v -0.061827 -0.020547 -0.826996
v -0.061827 0.013953 -0.826996
v -0.061827 0.065553 -0.826996
v -0.044427 0.065553 -0.826996
v -0.009927 0.065553 -0.826996
v 0.007173 0.065553 -0.826996
v -0.009927 -0.089547 -0.809896
v -0.009927 -0.072147 -0.809896
v 0.007173 -0.072147 -0.809896
v 0.007173 -0.055047 -0.809896
v -0.061827 0.013953 -0.792496
v -0.061827 -0.003147 -0.792496
v 0.007173 0.031053 -0.775396
v -0.061827 0.048453 -0.809896
v -0.044427 0.065553 -0.809896
v -0.009927 0.065553 -0.792496
v -0.044427 -0.072147 -0.792496
v -0.027327 -0.089547 -0.792496
v -0.027327 -0.072147 -0.792496
v -0.009927 -0.072147 -0.792496
v -0.044427 0.065553 -0.775396
v -0.009927 -0.072147 -0.758296
v -0.061827 0.013953 -0.758296
v -0.044427 -0.072147 -0.758296
v -0.061827 -0.055047 -0.758296
v 0.007173 -0.055047 -0.758296
v -0.061827 -0.020547 -0.758296
v -0.061827 -0.037647 -0.758296
v 0.007173 -0.037647 -0.758296
v 0.007173 -0.003147 -0.758296
v -0.044427 -0.089547 -0.740896
v 0.007173 -0.055047 -0.740896
v -0.061827 -0.055047 -0.689296
v -0.061827 -0.037647 -0.723796
v -0.061827 -0.020547 -0.723796
v 0.007173 -0.037647 -0.740896
v 0.007173 -0.003147 -0.740896
v 0.007173 -0.003147 -0.723796
v 0.007173 0.013953 -0.740896
v 0.007173 0.031053 -0.740896
v -0.061827 0.031053 -0.740896
v 0.007173 -0.072147 -0.723796
v 0.007173 -0.055047 -0.723796
v 0.007173 -0.037647 -0.706396
v -0.061827 0.031053 -0.706396
v -0.061827 0.065553 -0.723796
v 0.007173 0.013953 -0.706396
v 0.007173 0.031053 -0.689296
v 0.007173 0.048453 -0.689296
v 0.007173 -0.037647 -0.689296
v -0.061827 -0.003147 -0.689296
v 0.007173 0.013953 -0.689296
v -0.061827 0.031053 -0.689296
v -0.061827 0.048453 -0.689296
v -0.044427 0.065553 -0.689296
v -0.009927 0.065553 -0.689296
v -0.027327 0.082953 -0.689296
v -0.044427 -0.072147 -0.671896
v -0.061827 -0.055047 -0.671896
v 0.007173 -0.020547 -0.671896
v -0.061827 0.031053 -0.671896
v 0.007173 0.013953 -0.671896
v -0.061827 0.048453 -0.654796
v 0.007173 0.048453 -0.654796
v -0.009927 0.065553 -0.671896
v -0.009927 -0.072147 -0.654796
v -0.044427 -0.072147 -0.637396
v -0.061827 -0.020547 -0.654796
v -0.061827 -0.003147 -0.671896
v 0.007173 -0.072147 -0.620296
v 0.007173 -0.037647 -0.637396
v 0.007173 -0.020547 -0.637396
v 0.007173 -0.003147 -0.637396
v -0.061827 0.013953 -0.637396
v 0.007173 0.031053 -0.637396
v -0.061827 -0.072147 -0.620296
v 0.007173 -0.003147 -0.620296
v -0.061827 0.013953 -0.620296
v 0.007173 0.031053 -0.620296
v -0.061827 0.065553 -0.620296
v -0.044427 0.065553 -0.620296
v -0.009927 0.065553 -0.620296
v 0.007173 0.065553 -0.620296
v -0.044427 0.082953 -0.620296
v -0.027327 0.082953 -0.620296
v -0.009927 0.082953 -0.620296
v -0.044427 -0.072147 -0.602896
v -0.044427 -0.089547 -0.602896
v -0.009927 -0.089547 -0.602896
v -0.009927 -0.072147 -0.602896
v -0.061827 -0.072147 -0.602896
v 0.007173 -0.072147 -0.602896
v -0.061827 -0.037647 -0.602896
v 0.007173 -0.037647 -0.602896
v -0.061827 -0.020547 -0.602896
v -0.061827 0.031053 -0.620296
v -0.061827 0.048453 -0.602896
v -0.061827 0.082953 -0.620296
v -0.061827 0.082953 -0.602896
v -0.044427 0.082953 -0.602896
v -0.027327 0.082953 -0.602896
v 0.007173 0.082953 -0.620296
v -0.027327 0.100053 -0.602896
v -0.061827 -0.089547 -0.602896
v -0.044427 -0.089547 -0.585796
v -0.044427 -0.072147 -0.585796
v -0.009927 -0.089547 -0.585796
v -0.009927 -0.072147 -0.585796
v 0.007173 -0.089547 -0.602896
v -0.061827 0.082953 -0.585796
v -0.044427 0.082953 -0.585796
v -0.009927 0.082953 -0.585796
v 0.007173 0.082953 -0.585796
v -0.044427 0.100053 -0.602896
v -0.044427 0.100053 -0.585796
v -0.009927 0.100053 -0.585796
v -0.044427 -0.106647 -0.585796
v -0.044427 -0.089547 -0.568396
v -0.044427 -0.106647 -0.568396
v -0.009927 -0.106647 -0.585796
v -0.009927 -0.106647 -0.568396
v -0.009927 -0.089547 -0.568396
v -0.061827 -0.089547 -0.568396
v 0.007173 -0.089547 -0.568396
v 0.007173 -0.055047 -0.568396
v 0.007173 -0.020547 -0.568396
v -0.061827 -0.003147 -0.568396
v -0.061827 0.013953 -0.568396
v -0.061827 0.100053 -0.585796
v 0.007173 0.100053 -0.585796
v -0.061827 -0.106647 -0.568396
v 0.007173 -0.106647 -0.568396
v 0.007173 -0.020547 -0.533896
v 0.007173 -0.020547 -0.551296
v -0.061827 0.013953 -0.533896
v 0.007173 0.013953 -0.551296
v 0.007173 -0.106647 -0.516796
v 0.007173 -0.089547 -0.516796
v 0.007173 0.013953 -0.533896
v 0.007173 0.013953 -0.499396
v 0.007173 0.031053 -0.499396
v -0.061827 -0.089547 -0.516796
v -0.061827 -0.106647 -0.516796
v -0.044427 -0.089547 -0.516796
v -0.009927 -0.089547 -0.516796
v -0.061827 -0.037647 -0.516796
v -0.061827 -0.020547 -0.516796
v -0.061827 0.013953 -0.516796
v -0.061827 0.048453 -0.516796
v -0.061827 0.082953 -0.516796
v -0.044427 0.082953 -0.516796
v -0.009927 0.082953 -0.516796
v 0.007173 0.082953 -0.516796
v -0.061827 0.100053 -0.516796
v -0.044427 0.100053 -0.516796
v -0.009927 0.100053 -0.516796
v 0.007173 0.100053 -0.516796
v -0.061827 -0.072147 -0.499396
v -0.061827 -0.089547 -0.499396
v -0.044427 -0.089547 -0.499396
v -0.044427 -0.072147 -0.499396
v -0.009927 -0.089547 -0.499396
v -0.009927 -0.072147 -0.499396
v 0.007173 -0.089547 -0.499396
v 0.007173 -0.072147 -0.499396
v -0.061827 -0.037647 -0.499396
v -0.044427 0.082953 -0.499396
v -0.009927 0.082953 -0.499396
v -0.044427 0.100053 -0.499396
v -0.009927 0.100053 -0.499396
v -0.044427 -0.072147 -0.482296
v -0.044427 -0.089547 -0.482296
v -0.009927 -0.089547 -0.482296
v -0.009927 -0.072147 -0.482296
v -0.061827 -0.037647 -0.482296
v -0.061827 -0.072147 -0.482296
v -0.061827 -0.020547 -0.499396
v -0.061827 -0.055047 -0.465196
v -0.044427 -0.055047 -0.465196
v -0.061827 0.065553 -0.465196
v -0.061827 0.048453 -0.465196
v -0.044427 0.048453 -0.465196
v -0.044427 0.065553 -0.465196
v -0.009927 0.065553 -0.482296
v 0.007173 0.065553 -0.482296
v -0.061827 0.082953 -0.482296
v -0.061827 0.065553 -0.482296
v -0.044427 0.082953 -0.482296
v -0.044427 0.065553 -0.482296
v -0.009927 0.082953 -0.482296
v 0.007173 0.082953 -0.482296
v -0.061827 -0.072147 -0.465196
v -0.044427 -0.072147 -0.465196
v -0.009927 -0.072147 -0.465196
v -0.009927 -0.055047 -0.465196
v 0.007173 -0.072147 -0.465196
v 0.007173 -0.055047 -0.465196
v 0.007173 0.013953 -0.465196
v -0.009927 0.048453 -0.465196
v 0.007173 0.048453 -0.465196
v -0.009927 0.065553 -0.465196
v 0.007173 0.065553 -0.465196
v -0.044427 0.082953 -0.465196
v -0.009927 -0.055047 -0.447796
v 0.007173 -0.055047 -0.447796
v 0.007173 -0.020547 -0.447796
v -0.044427 0.048453 -0.447796
v -0.009927 0.048453 -0.447796
v -0.027327 0.065553 -0.447796
v -0.009927 0.065553 -0.447796
v -0.044427 -0.055047 -0.430696
v -0.061827 -0.037647 -0.430696
v -0.061827 -0.055047 -0.430696
v 0.007173 -0.037647 -0.430696
v 0.007173 -0.020547 -0.430696
v 0.007173 0.013953 -0.430696
v -0.061827 0.031053 -0.430696
v -0.061827 0.048453 -0.430696
v -0.009927 0.048453 -0.413296
v -0.027327 0.082953 -0.447796
v -0.009927 0.082953 -0.447796
v -0.009927 -0.055047 -0.413296
v -0.061827 -0.037647 -0.413296
v 0.007173 -0.055047 -0.413296
v 0.007173 -0.037647 -0.413296
v -0.061827 -0.003147 -0.413296
v 0.007173 -0.020547 -0.396196
v -0.061827 0.031053 -0.396196
v -0.061827 0.013953 -0.396196
v -0.044427 -0.055047 -0.396196
v -0.061827 -0.020547 -0.413296
v -0.061827 -0.020547 -0.378796
v -0.061827 -0.003147 -0.396196
v -0.061827 -0.020547 -0.396196
v 0.007173 0.031053 -0.396196
v -0.009927 0.048453 -0.396196
v -0.061827 0.013953 -0.344296
v -0.061827 -0.003147 -0.344296
v -0.009927 0.048453 -0.361696
v 0.007173 0.031053 -0.361696
v 0.007173 0.048453 -0.361696
v -0.044427 -0.055047 -0.361696
v -0.044427 -0.072147 -0.361696
v -0.009927 -0.072147 -0.361696
v -0.009927 -0.055047 -0.361696
v -0.061827 -0.055047 -0.361696
v 0.007173 -0.055047 -0.361696
v -0.061827 0.048453 -0.361696
v -0.044427 0.048453 -0.361696
v -0.044427 0.065553 -0.361696
v -0.027327 0.065553 -0.361696
v -0.009927 0.065553 -0.361696
v -0.027327 0.082953 -0.361696
v -0.044427 -0.089547 -0.361696
v -0.009927 -0.089547 -0.361696
v -0.061827 -0.072147 -0.361696
v 0.007173 -0.072147 -0.361696
v 0.007173 0.013953 -0.344296
v 0.007173 0.031053 -0.344296
v -0.061827 0.065553 -0.361696
v 0.007173 0.065553 -0.361696
v -0.044427 0.082953 -0.361696
v -0.044427 -0.072147 -0.327196
v -0.044427 -0.089547 -0.327196
v -0.009927 -0.089547 -0.327196
v -0.009927 -0.072147 -0.327196
v -0.061827 -0.055047 -0.327196
v -0.061827 -0.072147 -0.327196
v -0.044427 -0.055047 -0.327196
v -0.009927 -0.055047 -0.327196
v 0.007173 -0.072147 -0.327196
v 0.007173 -0.055047 -0.327196
v -0.061827 -0.037647 -0.327196
v -0.061827 -0.003147 -0.327196
v -0.061827 0.013953 -0.327196
v 0.007173 0.013953 -0.327196
v -0.061827 0.048453 -0.327196
v -0.044427 0.048453 -0.327196
v -0.009927 0.048453 -0.327196
v 0.007173 0.048453 -0.327196
v -0.061827 0.065553 -0.327196
v -0.044427 0.065553 -0.327196
v -0.009927 0.065553 -0.327196
v 0.007173 0.065553 -0.327196
v -0.044427 0.082953 -0.327196
v -0.027327 0.065553 -0.327196
v -0.027327 0.082953 -0.327196
v 0.007173 -0.055047 -0.309796
v -0.061827 -0.003147 -0.309796
v -0.009927 -0.055047 -0.292696
v -0.009927 0.048453 -0.292696
v 0.007173 0.048453 -0.292696
v -0.044427 -0.279147 -0.292696
v -0.044427 -0.262047 -0.292696
v -0.044427 -0.262047 -0.275296
v -0.009927 -0.279147 -0.292696
v -0.009927 -0.279147 -0.275296
v -0.009927 -0.262047 -0.275296
v -0.009927 -0.262047 -0.292696
v 0.007173 -0.020547 -0.275296
v -0.061827 0.048453 -0.275296
v -0.044427 0.065553 -0.275296
v -0.027327 0.065553 -0.275296
v -0.027327 0.082953 -0.275296
v -0.044427 0.255453 -0.292696
v -0.044427 0.272553 -0.292696
v -0.044427 0.272553 -0.275296
v -0.044427 0.255453 -0.275296
v -0.027327 0.272553 -0.292696
v -0.027327 0.272553 -0.275296
v -0.009927 0.255453 -0.292696
v -0.009927 0.255453 -0.275296
v -0.009927 0.272553 -0.275296
v -0.027327 0.289953 -0.292696
v -0.027327 0.289953 -0.275296
v -0.009927 0.289953 -0.275296
v -0.009927 0.289953 -0.292696
v -0.044427 -0.262047 -0.258196
v -0.009927 -0.279147 -0.258196
v 0.007173 -0.279147 -0.275296
v 0.007173 -0.279147 -0.258196
v 0.007173 -0.262047 -0.258196
v -0.009927 -0.262047 -0.258196
v -0.061827 -0.262047 -0.275296
v -0.061827 -0.227547 -0.275296
v -0.044427 -0.227547 -0.275296
v -0.044427 -0.227547 -0.258196
v -0.009927 -0.227547 -0.275296
v -0.009927 -0.227547 -0.258196
v 0.007173 -0.227547 -0.258196
v 0.007173 -0.227547 -0.275296
v -0.044427 -0.210147 -0.275296
v -0.044427 -0.210147 -0.258196
v -0.027327 -0.210147 -0.258196
v -0.009927 -0.210147 -0.258196
v -0.009927 -0.210147 -0.275296
v -0.027327 -0.072147 -0.258196
v -0.009927 -0.072147 -0.258196
v 0.007173 -0.020547 -0.258196
v 0.007173 0.013953 -0.258196
v -0.009927 0.048453 -0.258196
v 0.007173 0.048453 -0.258196
v -0.044427 0.082953 -0.275296
v -0.009927 0.065553 -0.240796
v -0.044427 0.203553 -0.275296
v -0.044427 0.203553 -0.258196
v -0.009927 0.203553 -0.275296
v -0.009927 0.203553 -0.258196
v -0.009927 0.220953 -0.258196
v -0.044427 0.238053 -0.275296
v -0.044427 0.238053 -0.258196
v -0.009927 0.238053 -0.258196
v -0.009927 0.238053 -0.275296
v -0.061827 0.238053 -0.275296
v -0.061827 0.255453 -0.258196
v -0.061827 0.238053 -0.258196
v -0.044427 0.255453 -0.258196
v -0.009927 0.255453 -0.258196
v 0.007173 0.238053 -0.275296
v 0.007173 0.238053 -0.258196
v 0.007173 0.255453 -0.258196
v -0.061827 0.272553 -0.275296
v -0.061827 0.272553 -0.258196
v -0.044427 0.272553 -0.258196
v -0.009927 0.272553 -0.258196
v 0.007173 0.272553 -0.258196
v 0.007173 0.272553 -0.275296
v -0.009927 -0.227547 -0.240796
v 0.007173 -0.227547 -0.240796
v -0.044427 -0.210147 -0.240796
v -0.009927 -0.210147 -0.240796
v 0.007173 -0.210147 -0.240796
v -0.061827 -0.210147 -0.258196
v -0.061827 -0.193047 -0.258196
v -0.061827 -0.193047 -0.240796
v -0.044427 -0.193047 -0.258196
v -0.044427 -0.193047 -0.240796
v -0.009927 -0.193047 -0.258196
v -0.009927 -0.193047 -0.240796
v 0.007173 -0.193047 -0.240796
v 0.007173 -0.193047 -0.258196
v -0.044427 -0.175647 -0.258196
v -0.044427 -0.175647 -0.240796
v -0.009927 -0.175647 -0.240796
v -0.009927 -0.175647 -0.258196
v -0.061827 -0.175647 -0.258196
v -0.061827 -0.158547 -0.258196
v -0.061827 -0.175647 -0.240796
v -0.044427 -0.158547 -0.240796
v -0.009927 -0.158547 -0.240796
v 0.007173 -0.175647 -0.258196
v 0.007173 -0.175647 -0.240796
v 0.007173 -0.158547 -0.258196
v -0.027327 -0.089547 -0.258196
v -0.027327 -0.072147 -0.240796
v -0.027327 -0.089547 -0.240796
v -0.009927 -0.089547 -0.258196
v -0.044427 -0.072147 -0.240796
v -0.061827 0.048453 -0.240796
v -0.044427 0.048453 -0.240796
v -0.009927 0.048453 -0.240796
v 0.007173 0.048453 -0.240796
v -0.044427 0.065553 -0.240796
v -0.061827 0.151953 -0.258196
v -0.061827 0.169053 -0.258196
v -0.044427 0.151953 -0.240796
v -0.044427 0.169053 -0.258196
v -0.044427 0.169053 -0.240796
v -0.009927 0.151953 -0.240796
v -0.009927 0.169053 -0.258196
v -0.009927 0.169053 -0.240796
v 0.007173 0.151953 -0.258196
v 0.007173 0.169053 -0.258196
v -0.044427 0.186453 -0.258196
v -0.044427 0.186453 -0.240796
v -0.009927 0.186453 -0.240796
v -0.009927 0.186453 -0.258196
v -0.061827 0.186453 -0.258196
v -0.061827 0.203553 -0.240796
v -0.044427 0.203553 -0.240796
v -0.009927 0.203553 -0.240796
v 0.007173 0.186453 -0.258196
v 0.007173 0.203553 -0.240796
v -0.061827 0.220953 -0.240796
v -0.044427 0.220953 -0.240796
v -0.009927 0.220953 -0.240796
v 0.007173 0.220953 -0.240796
v 0.007173 0.220953 -0.258196
v -0.044427 -0.262047 -0.223696
v -0.044427 -0.279147 -0.223696
v -0.009927 -0.279147 -0.223696
v -0.009927 -0.262047 -0.223696
v -0.061827 -0.244647 -0.223696
v -0.061827 -0.262047 -0.223696
v -0.044427 -0.244647 -0.223696
v -0.009927 -0.244647 -0.223696
v 0.007173 -0.262047 -0.223696
v 0.007173 -0.244647 -0.223696
v -0.061827 -0.227547 -0.223696
v -0.044427 -0.227547 -0.223696
v -0.009927 -0.227547 -0.223696
v 0.007173 -0.227547 -0.223696
v -0.044427 -0.210147 -0.223696
v -0.009927 -0.210147 -0.223696
v -0.061827 -0.210147 -0.223696
v 0.007173 -0.210147 -0.223696
v -0.061827 -0.158547 -0.223696
v -0.044427 -0.158547 -0.223696
v -0.009927 -0.158547 -0.223696
v 0.007173 -0.158547 -0.223696
v -0.044427 -0.141147 -0.240796
v -0.044427 -0.141147 -0.223696
v -0.009927 -0.141147 -0.223696
v -0.009927 -0.141147 -0.240796
v -0.044427 -0.089547 -0.240796
v -0.044427 -0.072147 -0.223696
v -0.044427 -0.089547 -0.223696
v -0.009927 -0.089547 -0.223696
v -0.009927 -0.072147 -0.223696
v -0.044427 -0.055047 -0.223696
v -0.009927 -0.055047 -0.223696
v -0.061827 -0.055047 -0.223696
v 0.007173 -0.055047 -0.223696
v -0.061827 0.065553 -0.240796
v 0.007173 0.065553 -0.240796
v -0.044427 0.082953 -0.223696
v -0.027327 0.082953 -0.223696
v -0.009927 0.082953 -0.223696
v -0.044427 0.134553 -0.240796
v -0.044427 0.151953 -0.223696
v -0.044427 0.134553 -0.223696
v -0.009927 0.134553 -0.240796
v -0.009927 0.134553 -0.223696
v -0.009927 0.151953 -0.223696
v -0.061827 0.169053 -0.223696
v -0.061827 0.151953 -0.223696
v -0.044427 0.169053 -0.223696
v -0.009927 0.169053 -0.223696
v 0.007173 0.151953 -0.223696
v 0.007173 0.169053 -0.223696
v -0.044427 0.186453 -0.223696
v -0.009927 0.186453 -0.223696
v -0.061827 0.203553 -0.223696
v -0.061827 0.186453 -0.223696
v -0.044427 0.203553 -0.223696
v -0.009927 0.203553 -0.223696
v 0.007173 0.186453 -0.223696
v 0.007173 0.203553 -0.223696
v -0.044427 0.220953 -0.223696
v -0.009927 0.220953 -0.223696
v -0.061827 0.238053 -0.223696
v -0.061827 0.220953 -0.223696
v -0.044427 0.238053 -0.223696
v 0.007173 0.220953 -0.223696
v -0.061827 0.255453 -0.223696
v -0.044427 0.255453 -0.223696
v -0.044427 0.272553 -0.223696
v -0.027327 0.255453 -0.223696
v -0.027327 0.272553 -0.223696
v -0.061827 -0.210147 -0.206296
v -0.044427 -0.210147 -0.206296
v -0.009927 -0.210147 -0.206296
v 0.007173 -0.210147 -0.206296
v -0.061827 -0.193047 -0.206296
v -0.044427 -0.193047 -0.206296
v -0.009927 -0.193047 -0.206296
v 0.007173 -0.193047 -0.206296
v -0.061827 -0.175647 -0.206296
v -0.044427 -0.175647 -0.206296
v -0.061827 -0.158547 -0.206296
v -0.044427 -0.158547 -0.206296
v -0.061827 -0.141147 -0.223696
v -0.044427 -0.141147 -0.206296
v -0.009927 -0.141147 -0.206296
v 0.007173 -0.141147 -0.223696
v -0.044427 -0.106647 -0.223696
v -0.044427 -0.089547 -0.206296
v -0.044427 -0.106647 -0.206296
v -0.009927 -0.106647 -0.223696
v -0.009927 -0.106647 -0.206296
v -0.009927 -0.089547 -0.206296
v -0.044427 -0.072147 -0.206296
v -0.009927 -0.072147 -0.206296
v -0.061827 -0.072147 -0.223696
v -0.061827 -0.072147 -0.206296
v 0.007173 -0.072147 -0.223696
v 0.007173 -0.072147 -0.206296
v -0.061827 -0.020547 -0.206296
v 0.007173 -0.020547 -0.206296
v -0.061827 0.013953 -0.206296
v -0.009927 0.013953 -0.206296
v 0.007173 0.013953 -0.206296
v -0.061827 0.065553 -0.206296
v -0.044427 0.065553 -0.206296
v -0.009927 0.065553 -0.206296
v 0.007173 0.065553 -0.206296
v -0.044427 0.082953 -0.206296
v -0.009927 0.082953 -0.206296
v -0.044427 0.100053 -0.223696
v -0.044427 0.100053 -0.206296
v -0.009927 0.100053 -0.206296
v -0.009927 0.100053 -0.223696
v -0.061827 0.134553 -0.223696
v -0.027327 0.134553 -0.206296
v -0.009927 0.134553 -0.206296
v -0.009927 0.151953 -0.206296
v 0.007173 0.134553 -0.223696
v 0.007173 0.151953 -0.189196
v -0.009927 0.134553 -0.189196
v 0.007173 0.151953 -0.206296
v -0.061827 0.203553 -0.189196
v -0.044427 0.203553 -0.189196
v -0.044427 0.220953 -0.189196
v -0.061827 0.238053 -0.206296
v -0.009927 0.238053 -0.206296
v 0.007173 0.238053 -0.206296
v -0.027327 0.238053 -0.206296
v -0.027327 0.255453 -0.206296
v -0.009927 0.255453 -0.206296
v 0.007173 0.255453 -0.206296
v -0.027327 0.272553 -0.206296
v -0.009927 0.272553 -0.206296
v -0.044427 -0.244647 -0.189196
v -0.044427 -0.262047 -0.189196
v -0.009927 -0.262047 -0.189196
v -0.009927 -0.244647 -0.189196
v -0.061827 -0.227547 -0.189196
v -0.061827 -0.244647 -0.189196
v -0.044427 -0.227547 -0.189196
v -0.061827 -0.210147 -0.189196
v -0.044427 -0.210147 -0.189196
v -0.009927 -0.210147 -0.189196
v 0.007173 -0.210147 -0.189196
v -0.044427 -0.193047 -0.189196
v -0.009927 -0.193047 -0.189196
v -0.061827 -0.175647 -0.189196
v -0.061827 -0.193047 -0.189196
v -0.044427 -0.175647 -0.189196
v 0.007173 -0.193047 -0.189196
v -0.044427 -0.158547 -0.189196
v -0.061827 -0.141147 -0.189196
v -0.061827 -0.158547 -0.189196
v -0.044427 -0.141147 -0.189196
v -0.009927 -0.141147 -0.189196
v 0.007173 -0.141147 -0.189196
v -0.044427 -0.124047 -0.189196
v -0.009927 -0.124047 -0.189196
v -0.044427 -0.106647 -0.189196
v -0.009927 -0.106647 -0.189196
v -0.044427 -0.089547 -0.189196
v -0.009927 -0.089547 -0.189196
v -0.061827 -0.089547 -0.206296
v -0.061827 -0.089547 -0.189196
v 0.007173 -0.089547 -0.206296
v 0.007173 -0.089547 -0.189196
v -0.078927 -0.020547 -0.206296
v 0.024573 -0.020547 -0.206296
v -0.078927 0.013953 -0.206296
v -0.078927 0.013953 -0.189196
v -0.061827 0.013953 -0.189196
v 0.007173 0.013953 -0.189196
v 0.024573 0.013953 -0.189196
v 0.024573 0.013953 -0.206296
v -0.061827 0.031053 -0.189196
v -0.009927 0.013953 -0.189196
v 0.007173 0.031053 -0.189196
v -0.061827 0.082953 -0.206296
v -0.061827 0.082953 -0.189196
v -0.044427 0.082953 -0.189196
v -0.009927 0.082953 -0.189196
v 0.007173 0.082953 -0.189196
v 0.007173 0.082953 -0.206296
v -0.044427 0.100053 -0.189196
v -0.009927 0.100053 -0.189196
v -0.044427 0.117453 -0.206296
v -0.044427 0.117453 -0.189196
v -0.027327 0.117453 -0.206296
v -0.027327 0.117453 -0.189196
v -0.027327 0.134553 -0.189196
v -0.044427 0.134553 -0.189196
v -0.009927 0.151953 -0.189196
v -0.009927 0.169053 -0.189196
v 0.007173 0.169053 -0.189196
v -0.061827 0.186453 -0.189196
v -0.044427 0.186453 -0.189196
v -0.009927 0.186453 -0.189196
v 0.007173 0.186453 -0.189196
v -0.009927 0.203553 -0.189196
v 0.007173 0.203553 -0.189196
v -0.009927 -0.244647 -0.172096
v -0.009927 -0.227547 -0.172096
v 0.007173 -0.244647 -0.172096
v 0.007173 -0.227547 -0.172096
v -0.061827 -0.227547 -0.172096
v -0.009927 -0.210147 -0.154696
v 0.007173 -0.210147 -0.154696
v 0.007173 -0.193047 -0.154696
v -0.061827 -0.158547 -0.172096
v -0.044427 -0.158547 -0.172096
v -0.009927 -0.158547 -0.172096
v 0.007173 -0.158547 -0.172096
v -0.061827 -0.141147 -0.172096
v -0.044427 -0.141147 -0.172096
v -0.009927 -0.141147 -0.172096
v 0.007173 -0.141147 -0.172096
v -0.061827 -0.124047 -0.189196
v -0.061827 -0.124047 -0.172096
v -0.044427 -0.124047 -0.172096
v -0.009927 -0.124047 -0.172096
v 0.007173 -0.124047 -0.172096
v 0.007173 -0.124047 -0.189196
v -0.044427 -0.106647 -0.172096
v -0.009927 -0.106647 -0.172096
v -0.061827 -0.106647 -0.189196
v -0.061827 -0.106647 -0.172096
v 0.007173 -0.106647 -0.189196
v 0.007173 -0.106647 -0.172096
v -0.078927 0.013953 -0.172096
v -0.061827 0.013953 -0.172096
v 0.007173 0.013953 -0.172096
v 0.024573 0.013953 -0.172096
v -0.078927 0.031053 -0.189196
v -0.078927 0.031053 -0.172096
v -0.061827 0.031053 -0.172096
v 0.007173 0.031053 -0.172096
v 0.024573 0.031053 -0.172096
v 0.024573 0.031053 -0.189196
v -0.061827 0.100053 -0.189196
v -0.061827 0.100053 -0.172096
v -0.044427 0.100053 -0.172096
v -0.009927 0.100053 -0.172096
v 0.007173 0.100053 -0.172096
v 0.007173 0.100053 -0.189196
v -0.044427 0.134553 -0.172096
v -0.009927 0.134553 -0.172096
v -0.061827 0.134553 -0.172096
v 0.007173 0.134553 -0.172096
v -0.009927 0.169053 -0.154696
v 0.007173 0.169053 -0.154696
v -0.061827 0.186453 -0.172096
v -0.044427 0.186453 -0.172096
v -0.009927 0.186453 -0.172096
v 0.007173 0.186453 -0.172096
v -0.044427 0.203553 -0.172096
v -0.009927 0.203553 -0.172096
v -0.061827 0.220953 -0.172096
v -0.061827 0.203553 -0.172096
v -0.044427 0.220953 -0.172096
v -0.009927 0.220953 -0.172096
v 0.007173 0.203553 -0.172096
v 0.007173 0.220953 -0.172096
v -0.061827 0.238053 -0.172096
v -0.044427 0.238053 -0.172096
v -0.009927 0.238053 -0.172096
v 0.007173 0.238053 -0.172096
v -0.044427 0.255453 -0.172096
v -0.009927 0.255453 -0.172096
v -0.044427 -0.227547 -0.154696
v -0.044427 -0.244647 -0.154696
v -0.027327 -0.244647 -0.154696
v -0.027327 -0.227547 -0.154696
v -0.009927 -0.227547 -0.154696
v -0.061827 -0.210147 -0.154696
v -0.061827 -0.227547 -0.154696
v -0.044427 -0.210147 -0.154696
v 0.007173 -0.227547 -0.154696
v 0.007173 -0.175647 -0.154696
v -0.061827 -0.158547 -0.154696
v -0.044427 -0.158547 -0.154696
v -0.009927 -0.158547 -0.154696
v 0.007173 -0.158547 -0.154696
v -0.044427 -0.141147 -0.154696
v -0.009927 -0.141147 -0.154696
v -0.061827 -0.141147 -0.154696
v 0.007173 -0.141147 -0.154696
v -0.061827 0.169053 -0.154696
v -0.044427 0.169053 -0.154696
v -0.061827 0.186453 -0.154696
v -0.044427 0.186453 -0.154696
v -0.009927 0.186453 -0.154696
v 0.007173 0.186453 -0.154696
v -0.061827 0.220953 -0.154696
v -0.044427 0.220953 -0.154696
v -0.044427 0.238053 -0.154696
v -0.027327 0.220953 -0.154696
v -0.027327 0.238053 -0.154696
v -0.027327 -0.227547 -0.137596
v -0.027327 -0.244647 -0.137596
v -0.009927 -0.244647 -0.137596
v -0.009927 -0.227547 -0.137596
v -0.044427 -0.210147 -0.137596
v 0.007173 -0.175647 -0.137596
v 0.007173 -0.055047 -0.137596
v -0.061827 -0.037647 -0.137596
v -0.061827 -0.020547 -0.137596
v 0.007173 -0.020547 -0.137596
v -0.078927 -0.020547 -0.137596
v 0.024573 -0.020547 -0.137596
v -0.078927 0.013953 -0.137596
v -0.061827 0.013953 -0.137596
v 0.007173 0.013953 -0.137596
v 0.024573 0.013953 -0.137596
v -0.061827 0.048453 -0.137596
v 0.007173 0.048453 -0.137596
v 0.007173 0.169053 -0.137596
v -0.061827 0.203553 -0.137596
v -0.044427 0.203553 -0.137596
v -0.009927 0.203553 -0.137596
v 0.007173 0.203553 -0.137596
v -0.061827 0.220953 -0.137596
v -0.044427 0.220953 -0.137596
v -0.027327 0.220953 -0.137596
v -0.009927 0.220953 -0.137596
v 0.007173 0.220953 -0.137596
v -0.027327 0.238053 -0.137596
v -0.009927 0.238053 -0.137596
v -0.044427 -0.210147 -0.120196
v -0.044427 -0.227547 -0.120196
v -0.009927 -0.227547 -0.120196
v -0.009927 -0.210147 -0.120196
v -0.061827 -0.193047 -0.120196
v -0.061827 -0.210147 -0.120196
v -0.044427 -0.193047 -0.120196
v -0.009927 -0.193047 -0.120196
v 0.007173 -0.210147 -0.120196
v 0.007173 -0.193047 -0.120196
v -0.061827 -0.072147 -0.120196
v -0.044427 -0.072147 -0.120196
v -0.009927 -0.072147 -0.120196
v 0.007173 -0.072147 -0.120196
v -0.061827 -0.055047 -0.120196
v -0.044427 -0.055047 -0.120196
v -0.009927 -0.055047 -0.120196
v 0.007173 -0.055047 -0.120196
v -0.061827 -0.037647 -0.120196
v 0.024573 -0.055047 -0.137596
v 0.024573 -0.037647 -0.120196
v -0.078927 -0.037647 -0.137596
v -0.078927 -0.020547 -0.120196
v -0.078927 -0.037647 -0.120196
v 0.024573 -0.020547 -0.120196
v -0.096327 -0.020547 -0.137596
v -0.096327 -0.020547 -0.120196
v 0.041673 -0.020547 -0.137596
v 0.041673 -0.020547 -0.120196
v -0.096327 0.013953 -0.137596
v -0.096327 0.013953 -0.120196
v -0.078927 0.013953 -0.120196
v 0.024573 0.013953 -0.120196
v 0.041673 0.013953 -0.120196
v 0.041673 0.013953 -0.137596
v -0.078927 0.031053 -0.120196
v 0.024573 0.031053 -0.120196
v -0.078927 0.048453 -0.137596
v 0.024573 0.048453 -0.137596
v -0.061827 0.065553 -0.120196
v -0.044427 0.065553 -0.120196
v -0.009927 0.065553 -0.120196
v 0.007173 0.065553 -0.120196
v -0.061827 0.082953 -0.120196
v -0.044427 0.082953 -0.120196
v -0.009927 0.082953 -0.120196
v 0.007173 0.082953 -0.120196
v -0.061827 0.151953 -0.120196
v -0.044427 0.151953 -0.120196
v -0.009927 0.151953 -0.120196
v 0.007173 0.151953 -0.120196
v -0.061827 0.169053 -0.120196
v -0.044427 0.169053 -0.120196
v -0.009927 0.169053 -0.120196
v 0.007173 0.169053 -0.120196
v -0.044427 0.186453 -0.120196
v -0.009927 0.186453 -0.120196
v -0.061827 0.203553 -0.120196
v -0.061827 0.186453 -0.120196
v -0.044427 0.203553 -0.120196
v -0.009927 0.203553 -0.120196
v 0.007173 0.186453 -0.120196
v 0.007173 0.203553 -0.120196
v -0.044427 0.220953 -0.120196
v -0.027327 0.203553 -0.120196
v -0.027327 0.220953 -0.120196
v -0.044427 -0.193047 -0.103096
v -0.009927 -0.193047 -0.103096
v -0.061827 -0.175647 -0.103096
v -0.061827 -0.193047 -0.103096
v -0.044427 -0.175647 -0.103096
v -0.009927 -0.175647 -0.103096
v 0.007173 -0.193047 -0.103096
v 0.007173 -0.175647 -0.103096
v -0.061827 -0.158547 -0.103096
v -0.044427 -0.158547 -0.103096
v -0.061827 -0.141147 -0.103096
v -0.044427 -0.141147 -0.103096
v -0.061827 -0.089547 -0.103096
v -0.044427 -0.089547 -0.103096
v -0.009927 -0.089547 -0.103096
v 0.007173 -0.089547 -0.103096
v -0.061827 -0.072147 -0.103096
v -0.044427 -0.072147 -0.103096
v -0.009927 -0.072147 -0.103096
v 0.007173 -0.072147 -0.103096
v -0.044427 -0.055047 -0.103096
v -0.009927 -0.055047 -0.103096
v -0.078927 -0.055047 -0.120196
v -0.078927 -0.037647 -0.103096
v -0.078927 -0.055047 -0.103096
v 0.024573 -0.055047 -0.103096
v 0.024573 -0.037647 -0.103096
v -0.096327 -0.037647 -0.120196
v -0.096327 -0.037647 -0.103096
v 0.041673 -0.037647 -0.120196
v 0.041673 -0.037647 -0.103096
v -0.096327 0.031053 -0.120196
v -0.096327 0.031053 -0.103096
v -0.078927 0.031053 -0.103096
v 0.024573 0.031053 -0.103096
v 0.041673 0.031053 -0.103096
v 0.041673 0.031053 -0.120196
v -0.078927 0.048453 -0.103096
v -0.061827 0.048453 -0.103096
v 0.007173 0.048453 -0.103096
v 0.024573 0.048453 -0.103096
v -0.061827 0.065553 -0.103096
v -0.044427 0.065553 -0.103096
v -0.009927 0.065553 -0.103096
v 0.007173 0.065553 -0.103096
v -0.044427 0.082953 -0.103096
v -0.009927 0.082953 -0.103096
v -0.061827 0.117453 -0.103096
v -0.061827 0.082953 -0.103096
v 0.007173 0.082953 -0.103096
v -0.061827 0.134553 -0.103096
v -0.044427 0.134553 -0.103096
v -0.009927 0.134553 -0.103096
v 0.007173 0.134553 -0.103096
v -0.061827 0.151953 -0.103096
v -0.044427 0.151953 -0.103096
v -0.009927 0.151953 -0.103096
v 0.007173 0.151953 -0.103096
v -0.044427 0.169053 -0.103096
v -0.009927 0.169053 -0.103096
v -0.061827 0.169053 -0.103096
v 0.007173 0.169053 -0.103096
v -0.027327 0.203553 -0.103096
v -0.009927 0.203553 -0.103096
v -0.027327 0.220953 -0.103096
v -0.009927 0.220953 -0.103096
v -0.044427 -0.193047 -0.085696
v -0.044427 -0.210147 -0.085696
v -0.009927 -0.210147 -0.085696
v -0.009927 -0.193047 -0.085696
v -0.061827 -0.158547 -0.085696
v -0.044427 -0.158547 -0.085696
v -0.044427 -0.141147 -0.085696
v -0.061827 -0.141147 -0.085696
v -0.061827 -0.106647 -0.085696
v -0.044427 -0.106647 -0.085696
v -0.009927 -0.106647 -0.085696
v 0.007173 -0.106647 -0.085696
v -0.061827 -0.089547 -0.085696
v -0.044427 -0.089547 -0.085696
v -0.009927 -0.089547 -0.085696
v 0.007173 -0.089547 -0.085696
v -0.078927 -0.072147 -0.103096
v -0.078927 -0.055047 -0.085696
v -0.078927 -0.072147 -0.085696
v 0.024573 -0.072147 -0.103096
v 0.024573 -0.072147 -0.085696
v 0.024573 -0.055047 -0.085696
v -0.096327 -0.055047 -0.103096
v -0.096327 -0.037647 -0.085696
v -0.096327 -0.055047 -0.085696
v -0.078927 -0.037647 -0.085696
v 0.041673 -0.055047 -0.103096
v 0.041673 -0.055047 -0.085696
v 0.041673 -0.037647 -0.085696
v -0.113427 -0.037647 -0.103096
v -0.113427 -0.037647 -0.085696
v 0.059073 -0.037647 -0.103096
v 0.059073 -0.037647 -0.085696
v -0.113427 0.031053 -0.085696
v -0.096327 0.031053 -0.085696
v 0.059073 0.031053 -0.085696
v -0.113427 0.048453 -0.103096
v -0.113427 0.048453 -0.085696
v -0.096327 0.048453 -0.103096
v -0.096327 0.048453 -0.085696
v 0.041673 0.048453 -0.103096
v 0.041673 0.048453 -0.085696
v 0.059073 0.048453 -0.085696
v 0.059073 0.048453 -0.103096
v -0.096327 0.065553 -0.103096
v -0.096327 0.065553 -0.085696
v -0.061827 0.065553 -0.085696
v 0.007173 0.065553 -0.085696
v 0.041673 0.065553 -0.085696
v 0.041673 0.065553 -0.103096
v -0.061827 0.082953 -0.085696
v -0.044427 0.082953 -0.085696
v -0.009927 0.082953 -0.085696
v 0.007173 0.082953 -0.085696
v -0.061827 0.100053 -0.085696
v -0.044427 0.100053 -0.085696
v -0.009927 0.100053 -0.085696
v 0.007173 0.100053 -0.085696
v -0.061827 0.134553 -0.085696
v -0.044427 0.134553 -0.085696
v -0.009927 0.134553 -0.085696
v 0.007173 0.134553 -0.085696
v -0.044427 0.151953 -0.085696
v -0.009927 0.151953 -0.085696
v -0.061827 0.169053 -0.085696
v -0.061827 0.151953 -0.085696
v -0.044427 0.169053 -0.085696
v -0.009927 0.169053 -0.085696
v 0.007173 0.151953 -0.085696
v 0.007173 0.169053 -0.085696
v -0.061827 0.186453 -0.085696
v -0.044427 0.186453 -0.085696
v -0.009927 0.186453 -0.085696
v 0.007173 0.186453 -0.085696
v -0.044427 0.203553 -0.085696
v -0.009927 0.203553 -0.085696
v -0.044427 -0.175647 -0.068596
v -0.044427 -0.193047 -0.068596
v -0.009927 -0.193047 -0.068596
v -0.009927 -0.175647 -0.068596
v -0.061827 -0.175647 -0.068596
v 0.007173 -0.175647 -0.068596
v -0.061827 -0.141147 -0.068596
v -0.044427 -0.141147 -0.068596
v -0.009927 -0.141147 -0.068596
v 0.007173 -0.141147 -0.068596
v -0.061827 -0.124047 -0.068596
v -0.044427 -0.124047 -0.068596
v -0.009927 -0.124047 -0.068596
v 0.007173 -0.124047 -0.068596
v -0.061827 -0.106647 -0.068596
v -0.044427 -0.106647 -0.068596
v -0.009927 -0.106647 -0.068596
v 0.007173 -0.106647 -0.068596
v -0.044427 -0.089547 -0.068596
v -0.009927 -0.089547 -0.068596
v -0.078927 -0.089547 -0.085696
v -0.078927 -0.072147 -0.068596
v -0.078927 -0.089547 -0.068596
v 0.024573 -0.089547 -0.085696
v 0.024573 -0.089547 -0.068596
v 0.024573 -0.072147 -0.068596
v -0.113427 -0.072147 -0.085696
v -0.113427 -0.072147 -0.068596
v 0.059073 -0.072147 -0.085696
v 0.059073 -0.072147 -0.068596
v -0.113427 -0.037647 -0.068596
v 0.059073 -0.037647 -0.068596
v -0.130827 -0.037647 -0.085696
v -0.130827 -0.037647 -0.068596
v 0.076173 -0.037647 -0.085696
v 0.076173 -0.037647 -0.068596
v -0.130827 0.031053 -0.085696
v -0.130827 0.031053 -0.068596
v -0.113427 0.031053 -0.068596
v 0.059073 0.031053 -0.068596
v 0.076173 0.031053 -0.068596
v 0.076173 0.031053 -0.085696
v -0.096327 0.031053 -0.068596
v -0.113427 0.065553 -0.085696
v -0.113427 0.065553 -0.068596
v -0.096327 0.065553 -0.068596
v 0.041673 0.065553 -0.068596
v 0.059073 0.065553 -0.068596
v 0.059073 0.065553 -0.085696
v -0.096327 0.082953 -0.085696
v -0.096327 0.082953 -0.068596
v -0.044427 0.082953 -0.068596
v -0.009927 0.082953 -0.068596
v -0.009927 0.065553 -0.068596
v 0.041673 0.082953 -0.068596
v 0.041673 0.082953 -0.085696
v -0.044427 0.100053 -0.068596
v -0.009927 0.100053 -0.068596
v -0.061827 0.117453 -0.068596
v -0.061827 0.100053 -0.068596
v -0.044427 0.117453 -0.068596
v -0.009927 0.117453 -0.068596
v 0.007173 0.100053 -0.068596
v 0.007173 0.117453 -0.068596
v -0.061827 0.134553 -0.068596
v -0.044427 0.134553 -0.068596
v -0.009927 0.134553 -0.068596
v 0.007173 0.134553 -0.068596
v -0.061827 0.169053 -0.068596
v -0.044427 0.169053 -0.068596
v -0.009927 0.169053 -0.068596
v 0.007173 0.169053 -0.068596
v -0.044427 0.186453 -0.068596
v -0.009927 0.186453 -0.068596
v -0.044427 -0.158547 -0.051196
v -0.044427 -0.175647 -0.051196
v -0.027327 -0.175647 -0.051196
v -0.027327 -0.158547 -0.051196
v -0.044427 -0.141147 -0.051196
v -0.009927 -0.141147 -0.051196
v -0.061827 -0.124047 -0.051196
v -0.061827 -0.141147 -0.051196
v -0.044427 -0.124047 -0.051196
v -0.009927 -0.124047 -0.051196
v 0.007173 -0.141147 -0.051196
v 0.007173 -0.124047 -0.051196
v -0.044427 -0.106647 -0.051196
v -0.009927 -0.106647 -0.051196
v -0.096327 -0.106647 -0.068596
v -0.096327 -0.089547 -0.068596
v -0.096327 -0.089547 -0.051196
v 0.041673 -0.106647 -0.068596
v 0.041673 -0.089547 -0.051196
v 0.041673 -0.089547 -0.068596
v -0.113427 -0.089547 -0.068596
v -0.113427 -0.072147 -0.051196
v -0.113427 -0.089547 -0.051196
v 0.059073 -0.089547 -0.068596
v 0.059073 -0.089547 -0.051196
v 0.059073 -0.072147 -0.051196
v -0.130827 -0.072147 -0.068596
v -0.130827 -0.055047 -0.068596
v -0.130827 -0.055047 -0.051196
v -0.130827 -0.072147 -0.051196
v 0.076173 -0.072147 -0.068596
v 0.076173 -0.072147 -0.051196
v 0.076173 -0.055047 -0.051196
v 0.076173 -0.055047 -0.068596
v -0.147927 -0.055047 -0.068596
v 0.093573 -0.055047 -0.068596
v 0.093573 -0.003147 -0.051196
v 0.093573 -0.003147 -0.068596
v 0.093573 0.013953 -0.068596
v 0.093573 0.013953 -0.051196
v 0.110673 -0.003147 -0.068596
v 0.110673 0.013953 -0.068596
v 0.076173 0.031053 -0.051196
v -0.147927 0.048453 -0.068596
v -0.130827 0.048453 -0.068596
v -0.130827 0.048453 -0.051196
v 0.059073 0.031053 -0.051196
v 0.076173 0.048453 -0.068596
v 0.076173 0.048453 -0.051196
v 0.093573 0.048453 -0.051196
v 0.093573 0.048453 -0.068596
v 0.076173 0.065553 -0.051196
v -0.130827 0.082953 -0.068596
v 0.076173 0.082953 -0.068596
v -0.096327 0.100053 -0.068596
v 0.041673 0.100053 -0.068596
v -0.044427 0.117453 -0.051196
v -0.009927 0.117453 -0.051196
v -0.061827 0.134553 -0.051196
v -0.061827 0.117453 -0.051196
v -0.044427 0.134553 -0.051196
v -0.009927 0.134553 -0.051196
v 0.007173 0.117453 -0.051196
v 0.007173 0.134553 -0.051196
v -0.027327 -0.158547 -0.034096
v -0.027327 -0.175647 -0.034096
v -0.009927 -0.175647 -0.034096
v -0.009927 -0.158547 -0.034096
v -0.044427 -0.141147 -0.034096
v -0.009927 -0.141147 -0.034096
v -0.044427 -0.124047 -0.034096
v -0.009927 -0.124047 -0.034096
v -0.096327 -0.089547 -0.034096
v 0.041673 -0.089547 -0.034096
v -0.130827 -0.089547 -0.051196
v -0.130827 -0.072147 -0.034096
v -0.130827 -0.089547 -0.034096
v -0.113427 -0.089547 -0.034096
v -0.113427 -0.072147 -0.034096
v 0.076173 -0.089547 -0.051196
v -0.130827 -0.055047 -0.034096
v 0.076173 -0.055047 -0.034096
v 0.093573 -0.003147 -0.034096
v 0.093573 0.013953 -0.034096
v -0.130827 0.048453 -0.034096
v 0.076173 0.048453 -0.034096
v 0.093573 0.048453 -0.034096
v 0.076173 0.065553 -0.034096
v 0.093573 0.065553 -0.034096
v 0.093573 0.065553 -0.051196
v -0.096327 0.082953 -0.034096
v 0.041673 0.082953 -0.034096
v -0.044427 0.100053 -0.034096
v -0.009927 0.100053 -0.034096
v -0.044427 0.117453 -0.034096
v -0.009927 0.117453 -0.034096
v -0.044427 0.134553 -0.034096
v -0.009927 0.134553 -0.034096
v -0.044427 -0.158547 -0.016696
v -0.009927 -0.158547 -0.016696
v -0.096327 -0.089547 -0.016696
v -0.096327 -0.106647 -0.016696
v -0.027327 -0.106647 -0.016696
v 0.041673 -0.106647 -0.016696
v 0.041673 -0.089547 -0.016696
v -0.113427 -0.072147 -0.016696
v -0.113427 -0.089547 -0.016696
v -0.078927 -0.072147 -0.016696
v 0.024573 -0.072147 -0.016696
v 0.076173 -0.089547 -0.016696
v -0.130827 -0.055047 -0.016696
v -0.130827 -0.072147 -0.016696
v -0.096327 -0.055047 -0.016696
v -0.078927 -0.055047 -0.016696
v 0.024573 -0.055047 -0.016696
v 0.041673 -0.055047 -0.016696
v 0.076173 -0.055047 -0.016696
v -0.147927 -0.037647 -0.016696
v -0.147927 -0.055047 -0.016696
v -0.130827 -0.037647 -0.016696
v -0.113427 -0.020547 -0.016696
v -0.096327 -0.037647 -0.016696
v 0.041673 -0.037647 -0.016696
v 0.059073 -0.037647 -0.034096
v 0.059073 -0.037647 -0.016696
v 0.093573 -0.055047 -0.016696
v -0.096327 -0.020547 -0.016696
v 0.093573 -0.003147 -0.016696
v 0.093573 0.013953 -0.016696
v 0.110673 -0.003147 -0.016696
v 0.110673 0.013953 -0.016696
v -0.113427 0.031053 -0.016696
v 0.059073 0.031053 -0.034096
v 0.059073 0.031053 -0.016696
v -0.147927 0.048453 -0.016696
v -0.130827 0.048453 -0.016696
v -0.096327 0.031053 -0.016696
v -0.096327 0.048453 -0.016696
v 0.041673 0.048453 -0.016696
v 0.041673 0.031053 -0.016696
v 0.076173 0.048453 -0.016696
v 0.093573 0.048453 -0.016696
v -0.078927 0.048453 -0.016696
v -0.078927 0.065553 -0.016696
v 0.024573 0.065553 -0.016696
v 0.024573 0.048453 -0.016696
v -0.130827 0.082953 -0.016696
v -0.096327 0.082953 -0.016696
v 0.041673 0.082953 -0.016696
v 0.076173 0.082953 -0.016696
v -0.096327 0.100053 -0.016696
v -0.044427 0.100053 -0.016696
v -0.009927 0.100053 -0.016696
v 0.041673 0.100053 -0.016696
v -0.044427 0.117453 -0.016696
v -0.009927 0.117453 -0.016696
v -0.044427 0.151953 -0.016696
v -0.044427 0.134553 -0.016696
v -0.027327 0.134553 -0.016696
v -0.027327 0.151953 -0.016696
v -0.044427 -0.175647 -0.016696
v -0.044427 -0.175647 0.000404
v -0.027327 -0.175647 0.000404
v -0.027327 -0.158547 0.000404
v -0.009927 -0.175647 -0.016696
v -0.009927 -0.158547 0.000404
v -0.044427 -0.141147 0.000404
v -0.009927 -0.141147 0.000404
v -0.078927 -0.055047 0.000404
v -0.078927 -0.072147 0.000404
v -0.061827 -0.055047 0.000404
v 0.007173 -0.055047 0.000404
v 0.024573 -0.072147 0.000404
v 0.024573 -0.055047 0.000404
v -0.096327 -0.055047 0.000404
v -0.078927 -0.037647 0.000404
v -0.061827 -0.037647 0.000404
v 0.007173 -0.037647 0.000404
v 0.024573 -0.037647 0.000404
v 0.041673 -0.055047 0.000404
v 0.041673 -0.037647 0.000404
v -0.096327 -0.020547 0.000404
v -0.078927 -0.020547 0.000404
v 0.024573 -0.020547 0.000404
v 0.041673 -0.020547 0.000404
v 0.059073 -0.037647 0.000404
v -0.113427 -0.020547 0.000404
v -0.096327 0.013953 0.000404
v 0.041673 0.013953 0.000404
v -0.113427 0.031053 0.000404
v -0.096327 0.031053 0.000404
v -0.078927 0.013953 -0.016696
v -0.078927 0.013953 0.000404
v 0.024573 0.013953 0.000404
v 0.041673 0.031053 0.000404
v 0.059073 0.031053 0.000404
v -0.096327 0.048453 0.000404
v -0.078927 0.048453 0.000404
v 0.024573 0.048453 0.000404
v 0.041673 0.048453 0.000404
v -0.078927 0.065553 0.000404
v -0.027327 0.048453 0.000404
v -0.009927 0.048453 0.000404
v 0.024573 0.065553 0.000404
v -0.027327 0.151953 0.000404
v -0.027327 0.134553 0.000404
v -0.009927 0.134553 0.000404
v -0.009927 0.151953 0.000404
v -0.044427 0.169053 0.000404
v -0.044427 0.151953 0.000404
v -0.027327 0.169053 0.000404
v -0.027327 -0.158547 0.017804
v -0.027327 -0.175647 0.017804
v -0.009927 -0.175647 0.017804
v -0.009927 -0.158547 0.017804
v -0.078927 -0.020547 0.017804
v 0.024573 -0.020547 0.017804
v -0.096327 -0.020547 0.017804
v 0.041673 -0.020547 0.017804
v -0.096327 0.013953 0.017804
v -0.078927 0.013953 0.017804
v 0.024573 0.013953 0.017804
v 0.041673 0.013953 0.017804
v -0.078927 0.031053 0.017804
v -0.061827 0.013953 0.000404
v -0.061827 0.031053 0.017804
v -0.061827 0.031053 0.000404
v 0.007173 0.013953 0.000404
v 0.007173 0.031053 0.000404
v 0.007173 0.031053 0.017804
v 0.024573 0.031053 0.017804
v -0.078927 0.048453 0.017804
v -0.061827 0.048453 0.017804
v -0.044427 0.048453 0.017804
v -0.027327 0.031053 0.000404
v -0.027327 0.048453 0.017804
v -0.009927 0.048453 0.017804
v 0.007173 0.048453 0.017804
v 0.024573 0.048453 0.017804
v -0.027327 0.169053 0.017804
v -0.027327 0.151953 0.017804
v -0.009927 0.151953 0.017804
v -0.009927 0.169053 0.017804
v -0.078927 -0.037647 0.034904
v -0.009927 0.048453 0.052304
v -0.044427 0.048453 0.052304
v -0.078927 0.031053 0.052304
v -0.061827 0.031053 0.052304
v -0.078927 -0.003147 0.069404
v -0.078927 0.013953 0.069404
v -0.061827 -0.037647 0.086804
v -0.061827 -0.055047 0.086804
v -0.027327 -0.055047 0.086804
v -0.027327 -0.037647 0.086804
v -0.009927 -0.055047 0.086804
v -0.009927 -0.037647 0.086804
v 0.007173 -0.055047 0.086804
v 0.007173 -0.037647 0.086804
v -0.078927 -0.003147 0.103904
v -0.078927 -0.020547 0.103904
v -0.061827 0.031053 0.086804
v 0.007173 0.031053 0.086804
v -0.061827 0.048453 0.086804
v -0.044427 0.031053 0.086804
v -0.044427 0.048453 0.086804
v -0.009927 0.031053 0.086804
v -0.009927 0.048453 0.086804
v 0.007173 0.048453 0.086804
v -0.078927 0.031053 0.103904
v -0.009927 -0.055047 0.121004
v -0.009927 -0.037647 0.121004
v -0.061827 -0.037647 0.121004
v -0.044427 -0.037647 0.121004
v 0.007173 -0.037647 0.121004
v -0.078927 -0.003147 0.138404
v -0.061827 0.031053 0.121004
v -0.044427 0.031053 0.121004
v -0.009927 0.031053 0.121004
v 0.007173 0.031053 0.121004
v -0.044427 0.048453 0.121004
v -0.009927 0.048453 0.121004
v -0.061827 -0.055047 0.121004
v -0.044427 -0.055047 0.121004
v -0.044427 -0.055047 0.138404
v -0.044427 -0.037647 0.138404
v -0.027327 -0.037647 0.138404
v -0.027327 -0.055047 0.138404
v 0.007173 -0.055047 0.121004
v -0.061827 0.048453 0.121004
v 0.007173 0.048453 0.121004
v -0.061827 -0.037647 0.155504
v 0.007173 -0.037647 0.155504
v -0.078927 -0.020547 0.155504
v -0.078927 -0.037647 0.155504
v -0.061827 -0.020547 0.155504
v 0.007173 -0.020547 0.155504
v 0.024573 -0.037647 0.155504
v 0.024573 -0.020547 0.155504
v -0.078927 0.013953 0.155504
v -0.061827 0.013953 0.155504
v -0.078927 0.031053 0.155504
v -0.061827 0.031053 0.155504
v -0.061827 -0.037647 0.172904
v 0.007173 -0.037647 0.172904
v -0.061827 -0.020547 0.172904
v 0.007173 -0.020547 0.172904
v -0.078927 -0.020547 0.172904
v 0.024573 -0.020547 0.172904
v -0.078927 0.013953 0.172904
v -0.061827 0.013953 0.172904
v -0.061827 0.031053 0.172904
v 0.007173 0.031053 0.172904
v 0.024573 0.031053 0.172904
v -0.061827 -0.037647 0.190004
v -0.061827 -0.055047 0.190004
v -0.044427 -0.055047 0.190004
v -0.044427 -0.037647 0.190004
v -0.009927 -0.055047 0.190004
v -0.009927 -0.037647 0.190004
v 0.007173 -0.055047 0.190004
v 0.007173 -0.037647 0.190004
v -0.078927 -0.037647 0.172904
v 0.024573 -0.037647 0.172904
v 0.024573 -0.003147 0.190004
v 0.024573 0.013953 0.190004
v -0.078927 0.031053 0.172904
v 0.024573 0.013953 0.224504
v -0.044427 -0.037647 0.224504
v -0.044427 -0.055047 0.224504
v -0.009927 -0.055047 0.224504
v -0.009927 -0.037647 0.224504
v -0.061827 -0.037647 0.224504
v 0.007173 -0.037647 0.224504
v 0.024573 -0.037647 0.224504
v -0.009927 0.048453 0.224504
v 0.007173 0.048453 0.224504
v -0.061827 -0.055047 0.224504
v 0.007173 -0.055047 0.224504
v -0.061827 0.048453 0.241904
v -0.044427 0.048453 0.241904
v -0.009927 0.048453 0.259004
v -0.044427 0.048453 0.276404
v -0.061827 -0.037647 0.259004
v 0.007173 -0.037647 0.259004
v -0.078927 -0.020547 0.259004
v -0.078927 -0.037647 0.259004
v -0.061827 -0.020547 0.259004
v 0.007173 -0.020547 0.259004
v 0.024573 -0.037647 0.259004
v 0.024573 -0.020547 0.259004
v -0.061827 0.031053 0.259004
v -0.061827 -0.037647 0.276404
v 0.007173 -0.037647 0.276404
v -0.061827 -0.020547 0.276404
v 0.007173 -0.020547 0.276404
v -0.078927 -0.003147 0.276404
v -0.078927 -0.020547 0.276404
v 0.024573 -0.020547 0.276404
v -0.078927 0.013953 0.276404
v -0.061827 -0.037647 0.293504
v -0.061827 -0.055047 0.293504
v -0.044427 -0.055047 0.293504
v -0.044427 -0.037647 0.293504
v -0.009927 -0.055047 0.293504
v -0.009927 -0.037647 0.293504
v 0.007173 -0.055047 0.293504
v 0.007173 -0.037647 0.293504
v -0.078927 -0.037647 0.276404
v -0.078927 -0.020547 0.293504
v 0.024573 -0.037647 0.276404
v -0.078927 0.013953 0.310904
v -0.078927 -0.003147 0.328004
v -0.078927 -0.020547 0.328004
v -0.061827 0.031053 0.293504
v 0.007173 0.031053 0.293504
v -0.061827 0.048453 0.293504
v -0.044427 0.031053 0.293504
v -0.044427 0.048453 0.293504
v -0.009927 0.031053 0.293504
v -0.009927 0.048453 0.293504
v 0.007173 0.048453 0.293504
v -0.044427 0.013953 0.293504
v -0.044427 -0.037647 0.328004
v -0.044427 -0.055047 0.328004
v -0.009927 -0.055047 0.328004
v -0.009927 -0.037647 0.328004
v -0.078927 -0.037647 0.328004
v -0.061827 -0.037647 0.328004
v 0.007173 -0.037647 0.328004
v -0.061827 0.031053 0.328004
v -0.044427 0.013953 0.328004
v -0.044427 0.031053 0.328004
v -0.009927 0.031053 0.328004
v 0.007173 0.031053 0.328004
v -0.044427 0.048453 0.328004
v -0.009927 0.048453 0.328004
v -0.061827 -0.055047 0.328004
v 0.007173 -0.055047 0.328004
v -0.061827 0.048453 0.328004
v 0.007173 0.048453 0.328004
v -0.078927 -0.003147 0.397004
v -0.061827 -0.003147 0.397004
v 0.024573 -0.003147 0.397004
v -0.078927 0.013953 0.397004
v -0.061827 0.013953 0.397004
v 0.024573 0.013953 0.397004
v -0.078927 -0.020547 0.414104
v -0.061827 -0.020547 0.414104
v 0.024573 -0.020547 0.414104
v -0.078927 -0.003147 0.414104
v -0.061827 -0.003147 0.414104
v 0.024573 -0.003147 0.414104
v -0.096327 -0.003147 0.397004
v -0.096327 0.013953 0.397004
v -0.096327 0.013953 0.414104
v -0.096327 -0.003147 0.414104
v -0.078927 0.013953 0.414104
v 0.024573 0.013953 0.414104
v 0.041673 -0.003147 0.397004
v 0.041673 -0.003147 0.414104
v 0.041673 0.013953 0.414104
v 0.041673 0.013953 0.397004
v -0.078927 0.031053 0.414104
v -0.061827 0.031053 0.414104
v 0.007173 0.031053 0.414104
v 0.024573 0.031053 0.414104
v -0.061827 0.048453 0.414104
v 0.007173 0.048453 0.414104
v -0.061827 -0.037647 0.431504
v -0.061827 -0.055047 0.431504
v -0.027327 -0.055047 0.431504
v -0.009927 -0.055047 0.431504
v 0.007173 -0.055047 0.431504
v 0.007173 -0.037647 0.431504
v -0.078927 -0.020547 0.431504
v -0.078927 -0.037647 0.431504
v 0.024573 -0.037647 0.431504
v 0.024573 -0.020547 0.431504
v -0.096327 -0.020547 0.414104
v -0.096327 -0.020547 0.431504
v 0.041673 -0.020547 0.414104
v 0.041673 -0.020547 0.431504
v -0.096327 0.031053 0.414104
v 0.041673 0.031053 0.414104
v -0.078927 0.048453 0.414104
v -0.061827 0.048453 0.431504
v 0.007173 0.048453 0.431504
v 0.024573 0.048453 0.414104
v -0.027327 -0.072147 0.431504
v -0.027327 -0.055047 0.448604
v -0.027327 -0.072147 0.448604
v -0.009927 -0.072147 0.431504
v -0.009927 -0.072147 0.448604
v -0.009927 -0.055047 0.448604
v -0.078927 -0.055047 0.431504
v -0.078927 -0.037647 0.448604
v -0.078927 -0.055047 0.448604
v -0.009927 -0.037647 0.448604
v 0.024573 -0.055047 0.431504
v 0.024573 -0.055047 0.448604
v 0.024573 -0.037647 0.448604
v -0.096327 -0.037647 0.431504
v -0.096327 -0.037647 0.448604
v 0.041673 -0.037647 0.431504
v 0.041673 -0.037647 0.448604
v -0.096327 0.031053 0.448604
v -0.078927 0.031053 0.448604
v 0.024573 0.031053 0.448604
v 0.041673 0.031053 0.448604
v -0.078927 0.048453 0.448604
v -0.061827 0.048453 0.448604
v 0.007173 0.048453 0.448604
v 0.024573 0.048453 0.448604
v -0.061827 0.065553 0.431504
v -0.061827 0.065553 0.448604
v 0.007173 0.065553 0.448604
v 0.007173 0.065553 0.431504
v -0.078927 -0.072147 0.448604
v -0.078927 -0.055047 0.466004
v -0.078927 -0.072147 0.466004
v -0.061827 -0.072147 0.466004
v 0.024573 -0.072147 0.448604
v 0.024573 -0.072147 0.466004
v 0.024573 -0.055047 0.466004
v -0.096327 -0.055047 0.448604
v -0.096327 -0.037647 0.466004
v -0.096327 -0.055047 0.466004
v 0.041673 -0.055047 0.448604
v 0.041673 -0.055047 0.466004
v 0.041673 -0.037647 0.466004
v -0.113427 -0.037647 0.448604
v -0.113427 -0.020547 0.448604
v -0.113427 -0.020547 0.466004
v -0.113427 -0.037647 0.466004
v -0.096327 -0.020547 0.466004
v 0.059073 -0.037647 0.448604
v 0.059073 -0.037647 0.466004
v 0.059073 -0.020547 0.466004
v 0.059073 -0.003147 0.466004
v 0.059073 -0.003147 0.448604
v -0.113427 0.013953 0.466004
v -0.096327 0.013953 0.466004
v 0.059073 0.013953 0.466004
v -0.113427 0.031053 0.448604
v -0.113427 0.031053 0.466004
v -0.096327 0.031053 0.466004
v 0.041673 0.031053 0.466004
v 0.059073 0.031053 0.466004
v 0.059073 0.031053 0.448604
v -0.096327 0.048453 0.448604
v -0.096327 0.048453 0.466004
v -0.078927 0.031053 0.466004
v -0.078927 0.048453 0.466004
v 0.024573 0.048453 0.466004
v 0.041673 0.048453 0.466004
v 0.041673 0.048453 0.448604
v -0.078927 0.065553 0.448604
v -0.078927 0.065553 0.466004
v 0.024573 0.065553 0.466004
v 0.024573 0.065553 0.448604
v -0.061827 -0.089547 0.466004
v -0.061827 -0.072147 0.483104
v -0.061827 -0.089547 0.483104
v -0.044427 -0.072147 0.483104
v -0.027327 -0.089547 0.483104
v -0.027327 -0.072147 0.483104
v -0.009927 -0.089547 0.483104
v -0.009927 -0.072147 0.483104
v 0.024573 -0.089547 0.466004
v 0.024573 -0.089547 0.483104
v 0.024573 -0.072147 0.483104
v -0.096327 -0.072147 0.466004
v -0.096327 -0.055047 0.483104
v -0.096327 -0.072147 0.483104
v -0.078927 -0.072147 0.483104
v -0.078927 -0.055047 0.483104
v -0.061827 -0.055047 0.483104
v 0.024573 -0.055047 0.483104
v 0.041673 -0.072147 0.466004
v 0.041673 -0.072147 0.483104
v 0.041673 -0.055047 0.483104
v -0.113427 -0.055047 0.466004
v -0.113427 -0.037647 0.483104
v -0.113427 -0.055047 0.483104
v -0.096327 -0.037647 0.483104
v 0.041673 -0.037647 0.483104
v 0.059073 -0.055047 0.466004
v 0.059073 -0.055047 0.483104
v 0.059073 -0.037647 0.483104
v -0.113427 -0.020547 0.483104
v -0.096327 -0.020547 0.483104
v 0.059073 -0.020547 0.483104
v -0.130827 -0.020547 0.466004
v -0.130827 -0.020547 0.483104
v 0.076173 -0.020547 0.466004
v 0.076173 -0.020547 0.483104
v -0.130827 0.013953 0.466004
v -0.130827 0.013953 0.483104
v -0.113427 0.013953 0.483104
v 0.059073 0.013953 0.483104
v 0.076173 0.013953 0.483104
v 0.076173 0.013953 0.466004
v -0.113427 0.031053 0.483104
v -0.096327 0.013953 0.483104
v -0.096327 0.031053 0.483104
v 0.041673 0.031053 0.483104
v 0.059073 0.031053 0.483104
v -0.113427 0.048453 0.466004
v -0.113427 0.048453 0.483104
v -0.096327 0.048453 0.483104
v 0.041673 0.048453 0.483104
v 0.059073 0.048453 0.483104
v 0.059073 0.048453 0.466004
v -0.096327 0.065553 0.466004
v -0.078927 0.065553 0.483104
v 0.024573 0.065553 0.483104
v 0.041673 0.065553 0.466004
v -0.078927 0.082953 0.466004
v -0.078927 0.082953 0.483104
v -0.044427 0.065553 0.483104
v -0.044427 0.082953 0.483104
v -0.009927 0.065553 0.483104
v -0.009927 0.082953 0.483104
v 0.024573 0.082953 0.483104
v 0.024573 0.082953 0.466004
v -0.027327 -0.072147 0.500504
v -0.027327 -0.089547 0.500504
v -0.009927 -0.089547 0.500504
v -0.009927 -0.072147 0.500504
v -0.078927 -0.055047 0.500504
v -0.078927 -0.072147 0.500504
v -0.061827 -0.055047 0.500504
v -0.044427 -0.072147 0.500504
v -0.044427 -0.055047 0.500504
v -0.009927 -0.055047 0.500504
v 0.007173 -0.055047 0.483104
v 0.007173 -0.055047 0.500504
v 0.024573 -0.072147 0.500504
v 0.024573 -0.055047 0.500504
v -0.096327 -0.037647 0.500504
v -0.096327 -0.055047 0.500504
v -0.078927 -0.037647 0.500504
v -0.061827 -0.037647 0.500504
v 0.007173 -0.037647 0.500504
v 0.024573 -0.037647 0.500504
v 0.041673 -0.055047 0.500504
v 0.041673 -0.037647 0.500504
v -0.113427 -0.037647 0.500504
v -0.096327 -0.020547 0.500504
v -0.078927 -0.020547 0.500504
v 0.024573 -0.020547 0.500504
v 0.041673 -0.020547 0.500504
v 0.059073 -0.037647 0.500504
v 0.059073 -0.020547 0.500504
v -0.096327 0.013953 0.500504
v 0.041673 0.013953 0.500504
v 0.059073 0.013953 0.500504
v -0.113427 0.031053 0.500504
v -0.096327 0.031053 0.500504
v -0.078927 0.013953 0.500504
v -0.078927 0.031053 0.500504
v 0.024573 0.031053 0.500504
v 0.024573 0.013953 0.500504
v 0.041673 0.031053 0.500504
v 0.059073 0.031053 0.500504
v -0.061827 0.031053 0.500504
v -0.061827 0.048453 0.500504
v 0.007173 0.048453 0.500504
v 0.007173 0.031053 0.500504
v -0.096327 0.065553 0.500504
v -0.044427 0.065553 0.500504
v -0.009927 0.065553 0.500504
v 0.041673 0.065553 0.500504
v -0.044427 0.082953 0.500504
v -0.009927 0.082953 0.500504
v -0.061827 -0.037647 0.517604
v -0.061827 -0.055047 0.517604
v -0.044427 -0.055047 0.517604
v -0.044427 -0.037647 0.517604
v -0.009927 -0.055047 0.517604
v -0.009927 -0.037647 0.517604
v 0.007173 -0.055047 0.517604
v 0.007173 -0.037647 0.517604
v -0.078927 -0.020547 0.517604
v -0.078927 -0.037647 0.517604
v -0.061827 -0.020547 0.517604
v 0.007173 -0.020547 0.517604
v 0.024573 -0.037647 0.517604
v 0.024573 -0.020547 0.517604
v -0.096327 -0.020547 0.517604
v 0.041673 -0.020547 0.517604
v -0.096327 0.013953 0.517604
v -0.078927 0.013953 0.517604
v 0.024573 0.013953 0.517604
v 0.041673 0.013953 0.517604
v -0.078927 0.031053 0.517604
v -0.061827 0.013953 0.500504
v -0.061827 0.013953 0.517604
v -0.061827 0.031053 0.517604
v 0.007173 0.031053 0.517604
v -0.061827 0.048453 0.517604
v -0.044427 0.031053 0.517604
v -0.044427 0.048453 0.517604
v -0.009927 0.031053 0.517604
v -0.009927 0.048453 0.517604
v 0.007173 0.048453 0.517604
v -0.044427 -0.020547 0.517604
v -0.009927 -0.020547 0.517604
v 0.007173 0.013953 0.535004
v 0.024573 0.013953 0.535004
v 0.007173 0.031053 0.535004
v 0.024573 0.031053 0.535004
v -0.044427 -0.037647 0.552104
v -0.044427 -0.055047 0.552104
v -0.009927 -0.055047 0.552104
v -0.009927 -0.037647 0.552104
v -0.061827 -0.020547 0.552104
v -0.009927 -0.020547 0.552104
v 0.007173 -0.020547 0.552104
v -0.061827 0.013953 0.552104
v 0.007173 0.013953 0.552104
v -0.044427 0.031053 0.552104
v -0.009927 0.031053 0.552104
v -0.044427 0.048453 0.552104
v -0.009927 0.048453 0.552104
v -0.061827 -0.020547 0.569504
v -0.061827 -0.037647 0.569504
v 0.007173 -0.037647 0.569504
v 0.007173 -0.020547 0.569504
v -0.078927 -0.020547 0.569504
v 0.024573 -0.020547 0.569504
v -0.078927 0.013953 0.569504
v -0.061827 0.013953 0.569504
v 0.007173 0.013953 0.569504
v 0.024573 0.013953 0.569504
v -0.061827 0.031053 0.569504
v 0.007173 0.031053 0.569504
v -0.061827 -0.055047 -0.275446
v 0.007173 0.048453 -0.275446
v 0.007173 -0.055047 -0.275305
v -0.027327 0.082953 -0.465200
v -0.009927 0.082953 -0.465200
v -0.027327 0.065553 -0.465200
vn -0.0000 1.0000 -0.0000
vn -1.0000 -0.0000 -0.0000
vn -0.0000 -1.0000 -0.0000
vn -0.0000 -0.0000 -1.0000
vn 1.0000 -0.0000 -0.0000
vn -0.0000 -0.0000 1.0000
vn -0.0000 -0.2425 0.9701
vn -0.0000 -0.9375 -0.3480
vn 0.0002 -0.0000 -1.0000
vn -0.2425 -0.9701 -0.0000
vn -0.0000 -0.1240 0.9923
vn 0.0001 0.0002 1.0000
vn -0.9988 -0.0000 -0.0499
vn 0.9995 -0.0000 -0.0312
vn -0.7440 -0.0000 0.6681
vn -0.9487 -0.0000 0.3162
vn -0.0000 0.0078 1.0000
vn -0.0001 1.0000 -0.0000
vn 0.0001 1.0000 -0.0000
vn -0.0000 -0.0002 -1.0000
vt 0.981382 0.407585
vt 0.987604 0.413807
vt 0.987604 0.407585
vt 0.999942 0.227235
vt 0.993827 0.233350
vt 0.999942 0.233350
vt 0.999942 0.056004
vt 0.993827 0.062119
vt 0.999942 0.062119
vt 0.789802 0.945058
vt 0.777464 0.932720
vt 0.777464 0.945058
vt 0.391384 0.993885
vt 0.385269 0.987662
vt 0.385269 0.993885
vt 0.055498 0.347325
vt 0.050027 0.340432
vt 0.049316 0.346614
vt 0.993827 0.392350
vt 0.999942 0.386235
vt 0.993827 0.386235
vt 0.919906 0.536437
vt 0.926129 0.548775
vt 0.932244 0.542552
vt 0.547758 0.935267
vt 0.560096 0.947605
vt 0.560096 0.935267
vt 0.634124 0.969539
vt 0.640347 0.975762
vt 0.640347 0.969539
vt 0.243659 0.983530
vt 0.249882 0.977308
vt 0.243659 0.977308
vt 0.018453 0.925972
vt 0.012338 0.919749
vt 0.024676 0.938310
vt 0.780318 0.635141
vt 0.774202 0.622803
vt 0.774202 0.635141
vt 0.532038 0.993885
vt 0.538154 0.987662
vt 0.532038 0.987662
vt 0.202931 0.969393
vt 0.196708 0.963171
vt 0.202931 0.975509
vt 0.646569 0.950871
vt 0.652685 0.963209
vt 0.652685 0.950871
vt 0.975266 0.437947
vt 0.969044 0.450285
vt 0.975266 0.450285
vt 0.634124 0.969539
vt 0.640347 0.957201
vt 0.634124 0.957201
vt 0.957027 0.616473
vt 0.957027 0.622696
vt 0.963250 0.635034
vt 0.743411 0.980392
vt 0.749526 0.968054
vt 0.743411 0.968054
vt 0.262888 0.901588
vt 0.269004 0.883027
vt 0.262888 0.889250
vt 0.014921 0.808115
vt 0.009450 0.801222
vt 0.008739 0.807404
vt 0.987604 0.481184
vt 0.981382 0.487406
vt 0.987604 0.487406
vt 0.993827 0.056004
vt 0.987711 0.049781
vt 0.987711 0.056004
vt 0.981596 0.801758
vt 0.975481 0.814096
vt 0.981596 0.814096
vt 0.913929 0.943485
vt 0.901591 0.949600
vt 0.907707 0.949600
vt 0.987604 0.012338
vt 0.981489 0.018561
vt 0.987604 0.018561
vt 0.179736 0.986485
vt 0.185959 0.980262
vt 0.179736 0.980262
vt 0.597217 0.907849
vt 0.597217 0.901734
vt 0.590994 0.895511
vt 0.993827 0.236461
vt 0.987711 0.230239
vt 0.987711 0.236461
vt 0.999942 0.643082
vt 0.993827 0.636966
vt 0.993827 0.643082
vt 0.743304 0.542659
vt 0.749526 0.592012
vt 0.749526 0.548775
vt 0.369660 0.783922
vt 0.364882 0.796837
vt 0.370963 0.796191
vt 0.550384 0.993885
vt 0.544269 0.987662
vt 0.544269 0.993885
vt 0.337408 0.712903
vt 0.346096 0.736795
vt 0.344792 0.724526
vt 0.993827 0.398466
vt 0.999942 0.392350
vt 0.297360 0.103366
vt 0.305497 0.121058
vt 0.312882 0.132681
vt 0.883138 0.986722
vt 0.876915 0.980499
vt 0.876915 0.986722
vt 0.981382 0.370249
vt 0.987604 0.376471
vt 0.987604 0.370249
vt 0.841901 0.907880
vt 0.841901 0.914103
vt 0.848123 0.926441
vt 0.889360 0.986722
vt 0.883138 0.980499
vt 0.883138 0.986722
vt 0.298442 0.171438
vt 0.306473 0.189142
vt 0.310711 0.170135
vt 0.196708 0.950833
vt 0.202931 0.963171
vt 0.202931 0.950833
vt 0.987711 0.242684
vt 0.993827 0.236461
vt 0.987711 0.236461
vt 0.359338 0.957162
vt 0.359338 0.963385
vt 0.365561 0.969501
vt 0.535420 0.986722
vt 0.529197 0.980499
vt 0.529197 0.986722
vt 0.987711 0.248907
vt 0.993827 0.242684
vt 0.987711 0.242684
vt 0.987711 0.255129
vt 0.993827 0.248907
vt 0.987711 0.248907
vt 0.963143 0.863448
vt 0.969365 0.851110
vt 0.963143 0.851110
vt 0.185959 0.986484
vt 0.192182 0.980262
vt 0.185959 0.980262
vt 0.550385 0.993885
vt 0.556500 0.987662
vt 0.550385 0.987662
vt 0.689592 0.950871
vt 0.695814 0.963209
vt 0.695814 0.950871
vt 0.377899 0.858458
vt 0.384122 0.846120
vt 0.377899 0.846120
vt 0.104820 0.946265
vt 0.117158 0.958603
vt 0.117158 0.946265
vt 0.975373 0.037014
vt 0.981489 0.049352
vt 0.981489 0.037014
vt 0.371676 0.926264
vt 0.359338 0.907810
vt 0.359338 0.913926
vt 0.377899 0.969501
vt 0.384122 0.957163
vt 0.377899 0.957163
vt 0.080144 0.946372
vt 0.086259 0.958710
vt 0.086259 0.952595
vt 0.403615 0.993885
vt 0.397500 0.987662
vt 0.397500 0.993885
vt 0.993827 0.404581
vt 0.999942 0.398466
vt 0.993827 0.398466
vt 0.804994 0.554997
vt 0.798771 0.554997
vt 0.792656 0.585789
vt 0.397500 0.993885
vt 0.391384 0.987662
vt 0.467614 0.937262
vt 0.461498 0.918809
vt 0.467614 0.949600
vt 0.975481 0.851110
vt 0.969365 0.863448
vt 0.975481 0.863448
vt 0.011821 0.727087
vt 0.008303 0.757677
vt 0.028045 0.747528
vt 0.080144 0.934034
vt 0.092482 0.927811
vt 0.086259 0.915581
vt 0.993827 0.410697
vt 0.999942 0.404581
vt 0.999942 0.416812
vt 0.999942 0.410697
vt 0.045230 0.706091
vt 0.039048 0.705380
vt 0.037639 0.717637
vt 0.950805 0.857119
vt 0.950805 0.869457
vt 0.956920 0.943378
vt 0.615671 0.950871
vt 0.609555 0.963209
vt 0.615671 0.963209
vt 0.969151 0.943485
vt 0.975373 0.931147
vt 0.969151 0.931147
vt 0.080144 0.909358
vt 0.073921 0.872344
vt 0.073921 0.903135
vt 0.597217 0.963424
vt 0.603332 0.975762
vt 0.603332 0.963424
vt 0.067806 0.872344
vt 0.067806 0.903135
vt 0.479952 0.974384
vt 0.486067 0.974384
vt 0.479952 0.968161
vt 0.342192 0.408574
vt 0.342849 0.414762
vt 0.349037 0.414105
vt 0.981489 0.049352
vt 0.975373 0.061690
vt 0.981489 0.061690
vt 0.036940 0.723712
vt 0.025488 0.716239
vt 0.024789 0.722315
vt 0.919906 0.240431
vt 0.919906 0.271330
vt 0.932244 0.283668
vt 0.167720 0.980155
vt 0.173836 0.967816
vt 0.167720 0.967816
vt 0.341887 0.970598
vt 0.335664 0.958260
vt 0.335664 0.970598
vt 0.975373 0.925031
vt 0.969151 0.912693
vt 0.969151 0.925031
vt 0.155060 0.937025
vt 0.161283 0.949363
vt 0.161283 0.943141
vt 0.566104 0.966058
vt 0.559988 0.978397
vt 0.566104 0.978397
vt 0.020017 0.709346
vt 0.024078 0.728497
vt 0.026898 0.703982
vt 0.026199 0.710057
vt 0.702037 0.963209
vt 0.695814 0.975547
vt 0.702037 0.975547
vt 0.269004 0.895365
vt 0.275226 0.883027
vt 0.269004 0.883027
vt 0.224380 0.832807
vt 0.216660 0.821347
vt 0.219740 0.845722
vt 0.087928 0.226861
vt 0.087217 0.233043
vt 0.093292 0.233742
vt 0.901591 0.955823
vt 0.889253 0.943485
vt 0.889253 0.955823
vt 0.055535 0.670017
vt 0.055098 0.620290
vt 0.052978 0.638729
vt 0.067806 0.909358
vt 0.061583 0.927811
vt 0.067806 0.934034
vt 0.789802 0.957396
vt 0.783687 0.963511
vt 0.783687 0.969734
vt 0.486067 0.900355
vt 0.486067 0.894133
vt 0.479952 0.888017
vt 0.486175 0.653594
vt 0.486175 0.795428
vt 0.486175 0.715285
vt 0.969151 0.098704
vt 0.975373 0.111042
vt 0.975373 0.098704
vt 0.030791 0.864282
vt 0.018453 0.870504
vt 0.030791 0.870504
vt 0.808363 0.943485
vt 0.802247 0.949708
vt 0.808363 0.955823
vt 0.743411 0.918809
vt 0.743411 0.931147
vt 0.749526 0.918809
vt 0.080144 0.897020
vt 0.092482 0.909358
vt 0.086259 0.884682
vt 0.627901 0.944756
vt 0.615671 0.957094
vt 0.627901 0.957094
vt 0.443045 0.931040
vt 0.436822 0.924924
vt 0.436822 0.931040
vt 0.262888 0.864466
vt 0.256773 0.864466
vt 0.262888 0.876804
vt 0.092482 0.884682
vt 0.086259 0.872344
vt 0.944721 0.733738
vt 0.938605 0.715285
vt 0.944721 0.746076
vt 0.535420 0.925032
vt 0.529197 0.937370
vt 0.529197 0.943485
vt 0.430707 0.912586
vt 0.424484 0.931040
vt 0.436822 0.918702
vt 0.046097 0.644093
vt 0.037901 0.661834
vt 0.043976 0.662532
vt 0.876915 0.968161
vt 0.883030 0.980499
vt 0.883030 0.968161
vt 0.008458 0.701861
vt 0.012532 0.720905
vt 0.017896 0.727786
vt 0.006182 0.776116
vt 0.029891 0.784998
vt 0.039591 0.755120
vt 0.249775 0.964970
vt 0.243659 0.977308
vt 0.249775 0.977308
vt 0.981381 0.363919
vt 0.975266 0.370141
vt 0.975266 0.376257
vt 0.883138 0.968161
vt 0.889253 0.980499
vt 0.889253 0.968161
vt 0.166985 0.024932
vt 0.149351 0.016749
vt 0.160910 0.024234
vt 0.749526 0.487192
vt 0.755642 0.517983
vt 0.969258 0.968161
vt 0.963035 0.955823
vt 0.963035 0.968161
vt 0.926129 0.197301
vt 0.919906 0.234316
vt 0.932244 0.246654
vt 0.155168 0.967817
vt 0.161283 0.980155
vt 0.161283 0.967817
vt 0.677253 0.969539
vt 0.683476 0.957201
vt 0.677253 0.957201
vt 0.332205 0.663934
vt 0.334376 0.626481
vt 0.333719 0.620293
vt 0.339261 0.613555
vt 0.352069 0.618344
vt 0.351423 0.612263
vt 0.336876 0.533214
vt 0.343603 0.538649
vt 0.334915 0.514757
vt 0.926129 0.419279
vt 0.926129 0.431617
vt 0.932244 0.493307
vt 0.932490 0.604350
vt 0.932490 0.598127
vt 0.907814 0.604350
vt 0.851353 0.220204
vt 0.846737 0.233228
vt 0.856794 0.262989
vt 0.817332 0.611982
vt 0.823447 0.661334
vt 0.829670 0.673672
vt 0.231214 0.946409
vt 0.243445 0.958747
vt 0.243445 0.946409
vt 0.969043 0.505753
vt 0.962928 0.530321
vt 0.969043 0.530321
vt 0.504628 0.949708
vt 0.510743 0.968268
vt 0.510743 0.949708
vt 0.792656 0.789313
vt 0.786540 0.776975
vt 0.786540 0.795428
vt 0.664915 0.963424
vt 0.658800 0.969646
vt 0.658800 0.975762
vt 0.053133 0.582914
vt 0.049179 0.563776
vt 0.047058 0.582215
vt 0.352290 0.444724
vt 0.337743 0.483491
vt 0.352619 0.506726
vt 0.053408 0.527004
vt 0.039741 0.537852
vt 0.051287 0.545443
vt 0.755642 0.770752
vt 0.774095 0.665932
vt 0.767980 0.665932
vt 0.504628 0.906471
vt 0.498405 0.888017
vt 0.498405 0.906471
vt 0.104820 0.946265
vt 0.092482 0.933927
vt 0.092482 0.946265
vt 0.981489 0.030899
vt 0.975373 0.024676
vt 0.981489 0.037014
vt 0.209046 0.975509
vt 0.202931 0.963171
vt 0.202931 0.975509
vt 0.926129 0.406941
vt 0.919906 0.406941
vt 0.349031 0.705519
vt 0.349677 0.711600
vt 0.361193 0.704227
vt 0.975588 0.740068
vt 0.969365 0.752406
vt 0.975588 0.752406
vt 0.852239 0.920218
vt 0.858354 0.759931
vt 0.858354 0.710579
vt 0.975266 0.277552
vt 0.969044 0.289890
vt 0.975266 0.289890
vt 0.591102 0.957201
vt 0.597217 0.969539
vt 0.597217 0.957201
vt 0.436822 0.931040
vt 0.443045 0.955608
vt 0.443045 0.931040
vt 0.318090 0.473172
vt 0.310705 0.461549
vt 0.313958 0.492168
vt 0.262888 0.926156
vt 0.262888 0.938494
vt 0.269004 0.938494
vt 0.789802 0.914159
vt 0.796025 0.945058
vt 0.796025 0.914159
vt 0.774202 0.931147
vt 0.761864 0.912586
vt 0.761864 0.931147
vt 0.926129 0.012338
vt 0.919906 0.012338
vt 0.919906 0.030791
vt 0.215269 0.902697
vt 0.209046 0.896474
vt 0.221384 0.927373
vt 0.957027 0.567335
vt 0.963143 0.542767
vt 0.957027 0.542767
vt 0.357497 0.785214
vt 0.363578 0.784568
vt 0.361629 0.766218
vt 0.167613 0.961701
vt 0.161390 0.949363
vt 0.167613 0.967817
vt 0.041849 0.519519
vt 0.041151 0.525594
vt 0.359338 0.858458
vt 0.365561 0.876912
vt 0.377899 0.876912
vt 0.130384 0.950541
vt 0.136500 0.969101
vt 0.136500 0.950541
vt 0.823447 0.704463
vt 0.817332 0.840075
vt 0.823447 0.833959
vt 0.969365 0.814096
vt 0.975481 0.826434
vt 0.708152 0.895404
vt 0.695814 0.883066
vt 0.695814 0.895404
vt 0.281449 0.944610
vt 0.287564 0.963171
vt 0.287564 0.944610
vt 0.393586 0.875572
vt 0.399808 0.869457
vt 0.387470 0.850896
vt 0.302352 0.208245
vt 0.315925 0.219211
vt 0.271847 0.037889
vt 0.264462 0.026266
vt 0.265108 0.032347
vt 0.817332 0.408458
vt 0.829670 0.408458
vt 0.817332 0.402342
vt 0.926129 0.320575
vt 0.932244 0.320575
vt 0.932244 0.314459
vt 0.969258 0.579888
vt 0.963143 0.586111
vt 0.963143 0.598449
vt 0.037184 0.506563
vt 0.032411 0.493595
vt 0.031002 0.505852
vt 0.345880 0.501184
vt 0.346538 0.507372
vt 0.340350 0.508030
vt 0.333611 0.502488
vt 0.334269 0.508676
vt 0.957027 0.980499
vt 0.963143 0.968161
vt 0.957027 0.968161
vt 0.938605 0.967946
vt 0.944828 0.955608
vt 0.938605 0.955608
vt 0.969043 0.524313
vt 0.975266 0.511975
vt 0.969043 0.511975
vt 0.821060 0.373197
vt 0.828018 0.378585
vt 0.828790 0.384652
vt 0.749526 0.296006
vt 0.743304 0.277552
vt 0.743304 0.296006
vt 0.291925 0.110093
vt 0.300613 0.133985
vt 0.299967 0.127904
vt 0.829670 0.840075
vt 0.829670 0.821621
vt 0.535420 0.959943
vt 0.535420 0.966166
vt 0.541642 0.972281
vt 0.306155 0.127246
vt 0.335557 0.927469
vt 0.341779 0.933584
vt 0.341779 0.908908
vt 0.049459 0.958710
vt 0.043237 0.971048
vt 0.049459 0.971048
vt 0.161390 0.967817
vt 0.167506 0.980155
vt 0.167506 0.967817
vt 0.375847 0.783265
vt 0.371609 0.802272
vt 0.333187 0.440603
vt 0.341324 0.458296
vt 0.346102 0.445381
vt 0.044949 0.600547
vt 0.062583 0.608731
vt 0.993827 0.062227
vt 0.987711 0.056004
vt 0.987711 0.062227
vt 0.999942 0.826543
vt 0.993827 0.820428
vt 0.993827 0.826543
vt 0.354358 0.580986
vt 0.328517 0.571324
vt 0.355004 0.587067
vt 0.038331 0.550109
vt 0.025363 0.554881
vt 0.031545 0.555592
vt 0.658800 0.963317
vt 0.658800 0.957094
vt 0.652685 0.944756
vt 0.080573 0.958710
vt 0.086795 0.971048
vt 0.086795 0.958710
vt 0.627901 0.932525
vt 0.640239 0.944863
vt 0.640239 0.932525
vt 0.802140 0.826327
vt 0.802140 0.838558
vt 0.808363 0.869457
vt 0.823447 0.920218
vt 0.811109 0.932449
vt 0.817332 0.932449
vt 0.129496 0.946265
vt 0.117158 0.933927
vt 0.117158 0.946265
vt 0.817332 0.951010
vt 0.823447 0.963348
vt 0.823447 0.951010
vt 0.059745 0.471900
vt 0.058336 0.484157
vt 0.068640 0.448084
vt 0.281449 0.950725
vt 0.275334 0.956841
vt 0.275334 0.969179
vt 0.969151 0.024676
vt 0.975373 0.037014
vt 0.975373 0.024676
vt 0.449160 0.949708
vt 0.455383 0.968161
vt 0.455383 0.949708
vt 0.312230 0.418015
vt 0.307452 0.430930
vt 0.313533 0.430284
vt 0.504628 0.931254
vt 0.504628 0.912694
vt 0.498405 0.925032
vt 0.572541 0.901626
vt 0.578656 0.889288
vt 0.572541 0.889288
vt 0.059309 0.422172
vt 0.055236 0.403128
vt 0.053127 0.421461
vt 0.962928 0.104820
vt 0.962928 0.215862
vt 0.969151 0.203524
vt 0.048879 0.296887
vt 0.050726 0.334357
vt 0.323631 0.466433
vt 0.324499 0.416711
vt 0.597217 0.944863
vt 0.584879 0.957201
vt 0.597217 0.957201
vt 0.498405 0.980606
vt 0.492290 0.968268
vt 0.492290 0.980606
vt 0.097783 0.141167
vt 0.108631 0.154834
vt 0.105268 0.129609
vt 0.191967 0.980262
vt 0.185852 0.967924
vt 0.185852 0.980262
vt 0.658800 0.963317
vt 0.652577 0.975547
vt 0.658800 0.975547
vt 0.677253 0.963317
vt 0.671031 0.975547
vt 0.677253 0.975547
vt 0.969365 0.703054
vt 0.963143 0.690716
vt 0.963143 0.703054
vt 0.963143 0.826434
vt 0.969365 0.814096
vt 0.963143 0.814096
vt 0.823447 0.611982
vt 0.829670 0.568852
vt 0.823447 0.525616
vt 0.535420 0.912693
vt 0.535420 0.900355
vt 0.529197 0.912693
vt 0.969365 0.888017
vt 0.963143 0.875786
vt 0.963143 0.888017
vt 0.938467 0.413164
vt 0.944582 0.394603
vt 0.938467 0.382265
vt 0.077498 0.101576
vt 0.080162 0.132877
vt 0.085526 0.139758
vt 0.467614 0.955823
vt 0.461498 0.949600
vt 0.467614 0.968161
vt 0.714268 0.967987
vt 0.720490 0.955649
vt 0.714268 0.955649
vt 0.323326 0.883134
vt 0.323326 0.876912
vt 0.310988 0.876912
vt 0.932244 0.474854
vt 0.932244 0.524099
vt 0.938467 0.524099
vt 0.864577 0.968161
vt 0.870800 0.955823
vt 0.864577 0.955823
vt 0.652685 0.913964
vt 0.652685 0.907849
vt 0.640347 0.895511
vt 0.164165 0.049447
vt 0.156680 0.061005
vt 0.162756 0.061704
vt 0.975481 0.659817
vt 0.981596 0.647479
vt 0.975481 0.647479
vt 0.486067 0.968161
vt 0.492183 0.980499
vt 0.492183 0.968161
vt 0.969365 0.875786
vt 0.969365 0.863448
vt 0.975373 0.968161
vt 0.969258 0.980499
vt 0.975373 0.980499
vt 0.060874 0.354099
vt 0.048617 0.352690
vt 0.329605 0.347982
vt 0.324063 0.354720
vt 0.330251 0.354063
vt 0.196261 0.845828
vt 0.190039 0.864389
vt 0.196261 0.864389
vt 0.969043 0.487192
vt 0.962928 0.394710
vt 0.962928 0.413271
vt 0.963143 0.635141
vt 0.963143 0.641364
vt 0.969258 0.653702
vt 0.202823 0.944717
vt 0.196708 0.938495
vt 0.202823 0.950833
vt 0.981596 0.764744
vt 0.975481 0.752406
vt 0.975481 0.764744
vt 0.889253 0.943485
vt 0.901591 0.931147
vt 0.889253 0.931147
vt 0.043540 0.612805
vt 0.034801 0.580805
vt 0.038874 0.599849
vt 0.969151 0.098704
vt 0.975373 0.086366
vt 0.969151 0.086366
vt 0.584879 0.907742
vt 0.578764 0.944756
vt 0.584879 0.938533
vt 0.743304 0.160395
vt 0.749526 0.252876
vt 0.749526 0.209639
vt 0.926129 0.462408
vt 0.919906 0.468631
vt 0.919906 0.511761
vt 0.981596 0.795535
vt 0.975481 0.789420
vt 0.329441 0.945922
vt 0.335664 0.952145
vt 0.956920 0.900355
vt 0.956920 0.906471
vt 0.963035 0.912693
vt 0.774202 0.931147
vt 0.768087 0.937262
vt 0.774202 0.943485
vt 0.215269 0.952049
vt 0.209046 0.927373
vt 0.209046 0.952049
vt 0.177121 0.044781
vt 0.175712 0.057039
vt 0.186572 0.070599
vt 0.969365 0.715392
vt 0.963143 0.727730
vt 0.969365 0.727730
vt 0.969258 0.555105
vt 0.975481 0.567443
vt 0.975481 0.555105
vt 0.858404 0.324971
vt 0.851566 0.319676
vt 0.851606 0.369313
vt 0.286173 0.172741
vt 0.278789 0.161118
vt 0.273904 0.174045
vt 0.329169 0.285991
vt 0.321784 0.274368
vt 0.323088 0.286637
vt 0.155665 0.822521
vt 0.152634 0.817210
vt 0.150354 0.825552
vt 0.099923 0.284074
vt 0.092438 0.295633
vt 0.097802 0.302513
vt 0.250550 0.932379
vt 0.256773 0.920041
vt 0.256773 0.913818
vt 0.057774 0.273071
vt 0.060594 0.248556
vt 0.055217 0.241782
vt 0.969258 0.579781
vt 0.975481 0.579781
vt 0.323219 0.932487
vt 0.317103 0.926318
vt 0.317103 0.932487
vt 0.424592 0.980284
vt 0.418476 0.967946
vt 0.418476 0.980284
vt 0.281449 0.975509
vt 0.287564 0.963171
vt 0.281449 0.963171
vt 0.066776 0.249267
vt 0.061292 0.242481
vt 0.307990 0.319205
vt 0.312558 0.362200
vt 0.317982 0.355366
vt 0.975266 0.314566
vt 0.969044 0.302228
vt 0.969044 0.314566
vt 0.658800 0.827705
vt 0.652577 0.827705
vt 0.664915 0.833821
vt 0.325695 0.311175
vt 0.326341 0.317256
vt 0.975266 0.376257
vt 0.975266 0.382479
vt 0.981381 0.388595
vt 0.932244 0.382265
vt 0.932244 0.388487
vt 0.944582 0.339135
vt 0.792656 0.752299
vt 0.804994 0.721507
vt 0.792656 0.715285
vt 0.708152 0.913857
vt 0.708152 0.901519
vt 0.689591 0.920080
vt 0.634017 0.950979
vt 0.627901 0.957201
vt 0.461391 0.857119
vt 0.449053 0.869457
vt 0.436715 0.881795
vt 0.969151 0.542659
vt 0.962928 0.530321
vt 0.962928 0.542659
vt 0.919906 0.086259
vt 0.926129 0.080144
vt 0.298221 0.227241
vt 0.302998 0.214326
vt 0.292690 0.234086
vt 0.981381 0.462623
vt 0.975266 0.450285
vt 0.975266 0.462623
vt 0.293787 0.934173
vt 0.300010 0.946511
vt 0.300010 0.934173
vt 0.099474 0.234453
vt 0.079732 0.244602
vt 0.091183 0.252075
vt 0.104820 0.933927
vt 0.110935 0.927812
vt 0.110935 0.915473
vt 0.352437 0.926045
vt 0.358552 0.919823
vt 0.346214 0.919823
vt 0.307566 0.257321
vt 0.310161 0.281752
vt 0.316243 0.281106
vt 0.823447 0.476263
vt 0.817332 0.513277
vt 0.829670 0.525616
vt 0.498513 0.955930
vt 0.492290 0.968268
vt 0.498513 0.968268
vt 0.987604 0.296435
vt 0.981382 0.290212
vt 0.981382 0.296435
vt 0.987711 0.267575
vt 0.993827 0.261352
vt 0.987711 0.261352
vt 0.987604 0.308451
vt 0.981382 0.302228
vt 0.981382 0.308451
vt 0.987711 0.273797
vt 0.993827 0.267575
vt 0.975481 0.647479
vt 0.969258 0.659817
vt 0.975481 0.659817
vt 0.671138 0.920294
vt 0.677253 0.907956
vt 0.677253 0.901734
vt 0.993827 0.838774
vt 0.999942 0.844890
vt 0.999942 0.838774
vt 0.993827 0.422927
vt 0.999942 0.416812
vt 0.993827 0.416812
vt 0.776654 0.993885
vt 0.770539 0.987662
vt 0.770539 0.993885
vt 0.406031 0.967946
vt 0.412254 0.955608
vt 0.406031 0.955608
vt 0.776654 0.993885
vt 0.782770 0.987662
vt 0.776654 0.987662
vt 0.043237 0.975431
vt 0.037121 0.969209
vt 0.043237 0.981547
vt 0.969258 0.659924
vt 0.963143 0.653702
vt 0.969258 0.672262
vt 0.975373 -0.000000
vt 0.981489 0.012338
vt 0.981489 -0.000000
vt 0.562615 0.993885
vt 0.556500 0.987662
vt 0.556500 0.993885
vt 0.969044 0.351581
vt 0.975266 0.363919
vt 0.975266 0.351581
vt 0.708152 0.827598
vt 0.714267 0.839936
vt 0.708152 0.821483
vt 0.993827 0.429043
vt 0.999942 0.422927
vt 0.384014 0.944825
vt 0.377792 0.950940
vt 0.384014 0.957163
vt 0.568731 0.993885
vt 0.562615 0.987662
vt 0.523081 0.943592
vt 0.529197 0.968161
vt 0.529197 0.943592
vt 0.993827 0.435158
vt 0.999942 0.429043
vt 0.993827 0.429043
vt 0.646569 0.963209
vt 0.640347 0.975547
vt 0.646569 0.975547
vt 0.817332 0.698241
vt 0.817332 0.710579
vt 0.092856 0.184014
vt 0.072414 0.200238
vt 0.115960 0.199091
vt 0.714268 0.869283
vt 0.720490 0.850830
vt 0.720490 0.844714
vt 0.981596 0.832657
vt 0.981596 0.838772
vt 0.342299 0.526380
vt 0.351094 0.550260
vt 0.732828 0.967987
vt 0.726713 0.980325
vt 0.732828 0.980325
vt 0.975266 0.487299
vt 0.969043 0.499637
vt 0.975266 0.499637
vt 0.155168 0.949363
vt 0.155168 0.955479
vt 0.161390 0.967817
vt 0.080144 0.909358
vt 0.080144 0.921696
vt 0.876915 0.924924
vt 0.870800 0.918809
vt 0.870800 0.924924
vt 0.621786 0.938640
vt 0.621786 0.926302
vt 0.615670 0.920080
vt 0.101314 0.110471
vt 0.086936 0.127500
vt 0.403615 0.993885
vt 0.409730 0.987662
vt 0.403615 0.987662
vt 0.999942 0.441274
vt 0.999942 0.435158
vt 0.963250 0.986722
vt 0.969473 0.980499
vt 0.963250 0.980499
vt 0.987711 0.273797
vt 0.993827 0.280020
vt 0.993827 0.273797
vt 0.584879 0.944863
vt 0.597217 0.932525
vt 0.584879 0.932525
vt 0.071859 0.150605
vt 0.064386 0.162057
vt 0.081309 0.176423
vt 0.969151 0.197409
vt 0.975373 0.185071
vt 0.969151 0.185071
vt 0.788885 0.993885
vt 0.782770 0.993885
vt 0.788885 0.993885
vt 0.795000 0.987662
vt 0.788885 0.987662
vt 0.795000 0.987662
vt 0.801116 0.993885
vt 0.801116 0.987662
vt 0.683369 0.913964
vt 0.683369 0.926302
vt 0.689591 0.926302
vt 0.807231 0.987662
vt 0.801116 0.993885
vt 0.807231 0.993885
vt 0.883138 0.955823
vt 0.889253 0.955823
vt 0.289108 0.141465
vt 0.289426 0.203360
vt 0.603332 0.944863
vt 0.597217 0.951086
vt 0.597217 0.963424
vt 0.981382 0.320789
vt 0.987604 0.314566
vt 0.981382 0.314566
vt 0.987711 0.280020
vt 0.993827 0.286243
vt 0.987711 0.031113
vt 0.993827 0.024891
vt 0.987711 0.024891
vt 0.993827 0.649197
vt 0.473729 0.912586
vt 0.473729 0.918809
vt 0.479952 0.888017
vt 0.640239 0.876950
vt 0.634124 0.889288
vt 0.634124 0.901626
vt 0.409730 0.987662
vt 0.415846 0.993885
vt 0.415846 0.987662
vt 0.568731 0.993885
vt 0.574846 0.987662
vt 0.568731 0.987662
vt 0.993827 0.447389
vt 0.999942 0.447389
vt 0.993827 0.447389
vt 0.999942 0.453504
vt 0.999942 0.447389
vt 0.807231 0.987662
vt 0.813347 0.993885
vt 0.813347 0.987662
vt 0.819462 0.993885
vt 0.817225 0.870866
vt 0.823447 0.870866
vt 0.817225 0.864644
vt 0.969043 0.474961
vt 0.975266 0.462623
vt 0.969043 0.462623
vt 0.437037 0.967946
vt 0.430922 0.980284
vt 0.437037 0.980284
vt 0.755642 0.443955
vt 0.749526 0.456293
vt 0.755642 0.462516
vt 0.047339 0.687758
vt 0.046640 0.693833
vt 0.051306 0.706789
vt 0.709655 0.637047
vt 0.696869 0.631808
vt 0.697355 0.638011
vt 0.907814 0.585785
vt 0.901591 0.592007
vt 0.913929 0.592007
vt 0.621786 0.895511
vt 0.627901 0.932525
vt 0.627901 0.926302
vt 0.818107 0.056581
vt 0.828790 0.042785
vt 0.823349 -0.000000
vt 0.243659 0.909502
vt 0.249775 0.946516
vt 0.249775 0.909502
vt 0.876915 0.943485
vt 0.864577 0.931147
vt 0.864577 0.943485
vt 0.957027 0.542767
vt 0.950805 0.572670
vt 0.957027 0.572670
vt 0.993827 0.068449
vt 0.987711 0.062227
vt 0.987711 0.068449
vt 0.300935 0.369585
vt 0.305491 0.412473
vt 0.310269 0.399558
vt 0.999942 0.832659
vt 0.993827 0.826544
vt 0.993827 0.832659
vt 0.032000 0.065241
vt 0.044956 0.060575
vt 0.052547 0.049029
vt 0.421961 0.993885
vt 0.415846 0.987662
vt 0.415846 0.993885
vt 0.981381 0.437947
vt 0.975266 0.450285
vt 0.981381 0.450285
vt 0.993827 0.459620
vt 0.993827 0.453504
vt 0.987711 0.292465
vt 0.993827 0.286243
vt 0.987711 0.286243
vt 0.987711 0.037336
vt 0.993827 0.031113
vt 0.987711 0.031113
vt 0.993827 0.655312
vt 0.999942 0.649197
vt 0.993827 0.649197
vt 0.529197 0.968161
vt 0.523081 0.980499
vt 0.529197 0.980499
vt 0.574846 0.993885
vt 0.580961 0.987662
vt 0.999942 0.465735
vt 0.999942 0.459620
vt 0.987711 0.292465
vt 0.993827 0.298688
vt 0.993827 0.292465
vt 0.037014 0.913634
vt 0.037014 0.919856
vt 0.043237 0.907518
vt 0.366299 0.635497
vt 0.367602 0.647766
vt 0.365642 0.629309
vt 0.578764 0.907742
vt 0.566426 0.926195
vt 0.572541 0.926195
vt 0.847881 0.388497
vt 0.824120 0.347933
vt 0.819504 0.360958
vt 0.981596 0.666040
vt 0.975480 0.659817
vt 0.981596 0.672155
vt 0.353223 0.846120
vt 0.353223 0.827560
vt 0.347000 0.889250
vt 0.354030 0.636801
vt 0.341868 0.638093
vt 0.348595 0.643528
vt 0.287423 0.993885
vt 0.281307 0.987662
vt 0.281307 0.993885
vt 0.018561 0.876620
vt 0.012338 0.870504
vt 0.012338 0.895180
vt 0.975373 0.943485
vt 0.969151 0.955823
vt 0.975373 0.955823
vt 0.086256 0.294922
vt 0.080180 0.294223
vt 0.084846 0.307179
vt 0.317103 0.969501
vt 0.310988 0.975723
vt 0.317103 0.975723
vt 0.329441 0.933584
vt 0.335557 0.945922
vt 0.335557 0.939807
vt 0.335664 0.976821
vt 0.329441 0.983044
vt 0.335664 0.983044
vt 0.683476 0.969539
vt 0.677253 0.975762
vt 0.683476 0.975762
vt 0.907814 0.986722
vt 0.914037 0.980499
vt 0.907814 0.980499
vt 0.993827 0.563581
vt 0.999942 0.557466
vt 0.993827 0.557466
vt 0.373252 0.058081
vt 0.379333 0.057435
vt 0.371948 0.045812
vt 0.743304 0.863234
vt 0.755642 0.875572
vt 0.755642 0.863234
vt 0.173621 0.930802
vt 0.167398 0.918464
vt 0.173621 0.949363
vt 0.993827 0.918274
vt 0.999942 0.924390
vt 0.999942 0.918274
vt 0.774202 0.955823
vt 0.768087 0.949708
vt 0.761864 0.943485
vt 0.993827 0.528927
vt 0.987711 0.535150
vt 0.993827 0.535150
vt 0.969151 0.931147
vt 0.963035 0.912586
vt 0.963035 0.931147
vt 0.848231 0.938779
vt 0.842008 0.926441
vt 0.842008 0.951117
vt 0.975266 0.265214
vt 0.981381 0.277552
vt 0.981381 0.265214
vt 0.987711 0.304911
vt 0.987711 0.298688
vt 0.523081 0.900355
vt 0.510743 0.888017
vt 0.523081 0.906471
vt 0.993827 0.560040
vt 0.987711 0.566263
vt 0.993827 0.566263
vt 0.175013 0.063114
vt 0.168938 0.062415
vt 0.179785 0.076082
vt 0.103961 0.993885
vt 0.097846 1.000000
vt 0.103961 1.000000
vt 0.421961 0.993885
vt 0.428077 0.987662
vt 0.421961 0.987662
vt 0.993827 0.465735
vt 0.999942 0.471850
vt 0.999942 0.465735
vt 0.510743 0.968268
vt 0.516859 0.980606
vt 0.516859 0.968268
vt 0.911193 0.987662
vt 0.917308 0.993885
vt 0.917308 0.987662
vt 0.975373 0.912693
vt 0.969151 0.900355
vt 0.969151 0.912693
vt 0.981811 0.610787
vt 0.975588 0.617009
vt 0.981811 0.617009
vt 0.097846 0.987662
vt 0.091731 0.993885
vt 0.097846 0.993885
vt 0.221491 0.970502
vt 0.215269 0.976725
vt 0.221491 0.976725
vt 0.227714 0.976725
vt 0.221491 0.970502
vt 0.221491 0.976725
vt 0.981811 0.623232
vt 0.975588 0.617009
vt 0.975588 0.623232
vt 0.148945 0.949363
vt 0.142722 0.961701
vt 0.148945 0.967817
vt 0.572648 0.957094
vt 0.566426 0.969432
vt 0.572648 0.969432
vt 0.103961 0.993885
vt 0.097846 0.987662
vt 0.097846 0.993885
vt 0.341887 0.976821
vt 0.335664 0.983044
vt 0.341887 0.983044
vt 0.920367 0.986722
vt 0.914144 0.980499
vt 0.914144 0.986722
vt 0.185745 0.900118
vt 0.179629 0.893896
vt 0.179629 0.924794
vt 0.536720 0.844312
vt 0.541400 0.836949
vt 0.535420 0.838227
vt 0.261527 0.057543
vt 0.311907 0.064598
vt 0.286711 0.061017
vt 0.566426 0.957094
vt 0.578764 0.957094
vt 0.250550 0.852236
vt 0.256773 0.852236
vt 0.269111 0.846120
vt 0.068127 0.964825
vt 0.061905 0.958710
vt 0.068127 0.971048
vt 0.975588 0.690716
vt 0.981811 0.696939
vt 0.981811 0.690716
vt 0.103961 0.987662
vt 0.110077 0.993885
vt 0.110077 0.987662
vt 0.061905 0.958710
vt 0.055682 0.964825
vt 0.055682 0.971048
vt 0.467614 0.980392
vt 0.473837 0.986614
vt 0.473837 0.980392
vt 0.898962 0.987662
vt 0.905077 0.993885
vt 0.905077 0.987662
vt 0.348935 0.004884
vt 0.346764 0.042338
vt 0.347410 0.048419
vt 0.993827 0.566263
vt 0.987711 0.572486
vt 0.993827 0.572486
vt 0.584879 0.957094
vt 0.578764 0.944756
vt 0.584879 0.963317
vt 0.074350 0.958710
vt 0.068127 0.971048
vt 0.074350 0.971048
vt 0.774202 0.968161
vt 0.768087 0.974276
vt 0.768087 0.980499
vt 0.116192 0.993885
vt 0.110077 1.000000
vt 0.116192 1.000000
vt 0.743411 0.986614
vt 0.749634 0.980392
vt 0.743411 0.980392
vt 0.917308 0.993885
vt 0.923424 0.987662
vt 0.917308 0.987662
vt 0.987711 0.572486
vt 0.993827 0.578708
vt 0.993827 0.572486
vt 0.829670 0.957125
vt 0.823447 0.951010
vt 0.823447 0.963348
vt 0.987711 0.584931
vt 0.993827 0.584931
vt 0.842008 0.951117
vt 0.848231 0.963455
vt 0.848231 0.951117
vt 0.987711 0.311133
vt 0.993827 0.304911
vt 0.975373 0.000000
vt 0.969151 0.012338
vt 0.975373 0.012338
vt 0.907707 0.758521
vt 0.907707 0.807766
vt 0.920045 0.826327
vt 0.434192 0.993885
vt 0.428077 0.987662
vt 0.428077 0.993885
vt 0.993827 0.477966
vt 0.993827 0.471850
vt 0.726713 0.949534
vt 0.732936 0.967987
vt 0.732936 0.961765
vt 0.572648 0.957094
vt 0.578764 0.963317
vt 0.578764 0.957094
vt 0.597217 0.969539
vt 0.591102 0.975762
vt 0.597217 0.975762
vt 0.743304 0.826327
vt 0.761864 0.857119
vt 0.743304 0.820104
vt 0.069183 0.497824
vt 0.062303 0.503188
vt 0.065665 0.528414
vt 0.987711 0.765389
vt 0.993827 0.771611
vt 0.993827 0.765389
vt 0.783687 0.969734
vt 0.789802 0.975956
vt 0.789802 0.969734
vt 0.615671 0.975547
vt 0.609555 0.981770
vt 0.615671 0.981770
vt 0.993827 0.771611
vt 0.987711 0.777834
vt 0.993827 0.777834
vt 0.128423 0.993885
vt 0.122307 1.000000
vt 0.128423 1.000000
vt 0.981382 0.327012
vt 0.987604 0.320789
vt 0.981382 0.320789
vt 0.999942 0.484081
vt 0.999942 0.477966
vt 0.727900 0.832581
vt 0.733708 0.830668
vt 0.731794 0.824859
vt 0.245033 0.842116
vt 0.242250 0.820094
vt 0.242202 0.833864
vt 0.732936 0.986548
vt 0.726713 0.980325
vt 0.726713 0.986548
vt 0.987711 0.012445
vt 0.993827 0.006223
vt 0.987711 0.006223
vt 0.993827 0.606389
vt 0.999942 0.600274
vt 0.993827 0.600274
vt 0.929539 0.993885
vt 0.935654 0.987662
vt 0.929539 0.987662
vt 0.969151 0.061690
vt 0.975373 0.049352
vt 0.969151 0.049352
vt 0.737188 0.986614
vt 0.743411 0.980392
vt 0.737188 0.980392
vt 0.870692 0.314566
vt 0.870692 0.345358
vt 0.876915 0.579674
vt 0.310880 0.907810
vt 0.304765 0.913926
vt 0.317103 0.907810
vt 0.935654 0.993885
vt 0.941770 0.987662
vt 0.935654 0.987662
vt 0.944582 0.622803
vt 0.950805 0.567228
vt 0.950805 0.561113
vt 0.074111 0.454977
vt 0.066519 0.466523
vt 0.072701 0.467234
vt 0.981811 0.709277
vt 0.975588 0.703054
vt 0.975588 0.709277
vt 0.993827 0.074672
vt 0.987711 0.074672
vt 0.116192 0.993885
vt 0.110077 0.987662
vt 0.110077 0.993885
vt 0.993827 0.838774
vt 0.018453 0.962986
vt 0.012338 0.950648
vt 0.018453 0.969209
vt 0.975588 0.715499
vt 0.981811 0.709277
vt 0.975588 0.709277
vt 0.541535 0.922929
vt 0.535420 0.929044
vt 0.541535 0.929044
vt 0.116192 0.993885
vt 0.122308 0.987662
vt 0.116192 0.987662
vt 0.975588 0.721722
vt 0.981811 0.715499
vt 0.975588 0.715499
vt 0.122308 0.993885
vt 0.128423 0.987662
vt 0.122308 0.987662
vt 0.155982 0.067081
vt 0.161346 0.073961
vt 0.167528 0.074672
vt 0.938605 0.641256
vt 0.938605 0.665933
vt 0.944721 0.678271
vt 0.074350 0.971048
vt 0.080573 0.971048
vt 0.975588 0.727945
vt 0.981811 0.721722
vt 0.975588 0.721722
vt 0.510743 0.918916
vt 0.523081 0.931254
vt 0.510743 0.912693
vt 0.987711 0.317356
vt 0.993827 0.323579
vt 0.993827 0.317356
vt 0.377899 0.969501
vt 0.371784 0.975723
vt 0.377899 0.975723
vt 0.379153 0.993885
vt 0.379153 0.987662
vt 0.941770 0.993885
vt 0.947885 0.987662
vt 0.941770 0.987662
vt 0.993827 0.591154
vt 0.993827 0.924390
vt 0.999942 0.930505
vt 0.999942 0.924390
vt 0.179629 0.955586
vt 0.185852 0.967924
vt 0.185852 0.955586
vt 0.299653 0.993885
vt 0.293538 1.000000
vt 0.299653 1.000000
vt 0.987711 0.597376
vt 0.993827 0.597376
vt 0.993827 0.603599
vt 0.140654 0.993885
vt 0.134538 1.000000
vt 0.140654 1.000000
vt 0.993827 0.930505
vt 0.999942 0.936620
vt 0.999942 0.930505
vt 0.987711 0.609822
vt 0.993827 0.609822
vt 0.993827 0.609822
vt 0.987711 0.616044
vt 0.993827 0.616044
vt 0.987604 0.333235
vt 0.981382 0.327012
vt 0.981382 0.333235
vt 0.159000 0.993885
vt 0.152884 1.000000
vt 0.159000 1.000000
vt 0.987711 0.329801
vt 0.987711 0.323579
vt 0.030791 0.968994
vt 0.024676 0.981332
vt 0.030791 0.981332
vt 0.123273 0.927811
vt 0.123273 0.915473
vt 0.117158 0.909358
vt 0.569176 0.832442
vt 0.562953 0.807766
vt 0.562953 0.869457
vt 0.047052 0.420762
vt 0.042280 0.407794
vt 0.050308 0.445976
vt 0.993827 0.906044
vt 0.999942 0.912159
vt 0.999942 0.906044
vt 0.993827 0.622267
vt 0.165115 0.993885
vt 0.159000 1.000000
vt 0.165115 1.000000
vt 0.987711 0.628490
vt 0.993827 0.634712
vt 0.993827 0.628490
vt 0.987604 0.339457
vt 0.981382 0.339457
vt 0.165115 0.993885
vt 0.171230 1.000000
vt 0.171230 0.993885
vt 0.987711 0.336024
vt 0.993827 0.329801
vt 0.987711 0.329801
vt 0.171230 0.993885
vt 0.177346 1.000000
vt 0.177346 0.993885
vt 0.749634 0.931147
vt 0.755856 0.955716
vt 0.755856 0.931147
vt 0.342461 0.993885
vt 0.348576 1.000000
vt 0.348576 0.993885
vt 0.376069 0.727462
vt 0.376715 0.733543
vt 0.373462 0.702923
vt 0.987711 0.784057
vt 0.993827 0.777834
vt 0.987711 0.777834
vt 0.183461 0.993885
vt 0.957027 0.986722
vt 0.950805 0.980499
vt 0.950805 0.986722
vt 0.455276 0.980499
vt 0.461391 0.968161
vt 0.455276 0.968161
vt 0.993827 0.606389
vt 0.999942 0.612505
vt 0.999942 0.606389
vt 0.954001 0.993885
vt 0.947885 0.987662
vt 0.947885 0.993885
vt 0.926129 0.184963
vt 0.919906 0.197301
vt 0.919906 0.203417
vt 0.831693 0.993885
vt 0.825577 0.987662
vt 0.825577 0.993885
vt 0.393586 0.986614
vt 0.399808 0.980392
vt 0.393586 0.980392
vt 0.954001 0.987662
vt 0.960116 0.993885
vt 0.960116 0.987662
vt 0.987711 0.634712
vt 0.993827 0.640935
vt 0.993827 0.634712
vt 0.837808 0.993885
vt 0.831693 0.987662
vt 0.993827 0.942736
vt 0.999942 0.948851
vt 0.999942 0.942736
vt 0.993827 0.581928
vt 0.999942 0.575812
vt 0.993827 0.575812
vt 0.962928 0.277552
vt 0.956813 0.000000
vt 0.962928 0.382372
vt 0.993827 0.784057
vt 0.987711 0.790279
vt 0.993827 0.790279
vt 0.593192 0.993885
vt 0.587077 0.987662
vt 0.587077 0.993885
vt 0.999942 0.948851
vt 0.993827 0.954967
vt 0.999942 0.954967
vt 0.993827 0.496312
vt 0.999942 0.490197
vt 0.993827 0.490197
vt 0.609555 0.963209
vt 0.603332 0.975547
vt 0.609555 0.975547
vt 0.211805 0.056675
vt 0.207016 0.069483
vt 0.218639 0.062099
vt 0.018453 0.913634
vt 0.030791 0.919749
vt 0.018453 0.907518
vt 0.993827 0.954967
vt 0.999942 0.961082
vt 0.999942 0.954967
vt 0.993827 0.312850
vt 0.999942 0.306735
vt 0.993827 0.306735
vt 0.993827 0.312850
vt 0.999942 0.318966
vt 0.999942 0.312850
vt 0.987711 0.790279
vt 0.993827 0.796502
vt 0.993827 0.790279
vt 0.599308 0.993885
vt 0.593192 0.987662
vt 0.593192 0.993885
vt 0.987711 0.640935
vt 0.993827 0.647158
vt 0.611538 0.993885
vt 0.605423 0.987662
vt 0.605423 0.993885
vt 0.993827 0.967197
vt 0.999942 0.973313
vt 0.999942 0.967197
vt 0.993827 0.502427
vt 0.999942 0.496312
vt 0.957027 0.968161
vt 0.950805 0.961938
vt 0.957027 0.974276
vt 0.189576 1.000000
vt 0.183461 1.000000
vt 0.987711 0.647158
vt 0.993827 0.653381
vt 0.993827 0.647158
vt 0.993827 0.294504
vt 0.999942 0.300619
vt 0.999942 0.294504
vt 0.999942 0.300619
vt 0.993827 0.306735
vt 0.999942 0.306735
vt 0.993827 0.802725
vt 0.987711 0.808947
vt 0.993827 0.808947
vt 0.999942 0.979428
vt 0.993827 0.985544
vt 0.999942 0.985544
vt 0.987711 0.659603
vt 0.993827 0.653381
vt 0.987711 0.653381
vt 0.393693 0.055468
vt 0.412146 0.061690
vt 0.418369 0.061690
vt 0.195692 0.993885
vt 0.189576 0.993885
vt 0.076650 0.324919
vt 0.071285 0.318039
vt 0.069165 0.336478
vt 0.783687 0.864914
vt 0.783687 0.877252
vt 0.789802 0.889590
vt 0.993827 0.588043
vt 0.999942 0.581928
vt 0.993827 0.581928
vt 0.215161 0.871798
vt 0.221384 0.884136
vt 0.221384 0.878021
vt 0.749634 0.980392
vt 0.755856 0.986614
vt 0.755856 0.980392
vt 0.146769 0.993885
vt 0.140654 0.987662
vt 0.140654 0.993885
vt 0.966231 0.993885
vt 0.966231 0.987662
vt 0.804994 0.709169
vt 0.798771 0.696831
vt 0.804994 0.715285
vt 0.981811 0.727945
vt 0.975588 0.734167
vt 0.981811 0.734167
vt 0.335664 0.976821
vt 0.341887 0.976821
vt 0.098704 0.977164
vt 0.092482 0.970941
vt 0.092482 0.977164
vt 0.981811 0.740390
vt 0.975588 0.734167
vt 0.975588 0.740390
vt 0.159000 0.993885
vt 0.152885 0.987662
vt 0.152885 0.993885
vt 0.981596 0.986722
vt 0.975373 0.980499
vt 0.975373 0.986722
vt 0.987711 0.342247
vt 0.993827 0.336024
vt 0.123380 0.970941
vt 0.117158 0.958603
vt 0.117158 0.970941
vt 0.412146 0.967946
vt 0.406031 0.980284
vt 0.412146 0.980284
vt 0.424699 0.980284
vt 0.430814 0.967946
vt 0.424699 0.967946
vt 0.547865 0.959943
vt 0.541642 0.972281
vt 0.547865 0.972281
vt 0.975588 0.740390
vt 0.981811 0.746613
vt 0.981811 0.740390
vt 0.159000 0.987662
vt 0.165115 0.993885
vt 0.165115 0.987662
vt 0.993827 0.815170
vt 0.987711 0.808947
vt 0.987711 0.815170
vt 0.843924 0.987662
vt 0.837808 0.993885
vt 0.843924 0.993885
vt 0.000000 0.956870
vt 0.012338 0.950648
vt 0.006223 0.950648
vt 0.201807 1.000000
vt 0.207923 0.993885
vt 0.201807 0.993885
vt 0.993827 0.985544
vt 0.999942 0.991659
vt 0.999942 0.985544
vt 0.590994 0.920187
vt 0.584879 0.932525
vt 0.590994 0.926302
vt 0.905077 0.993885
vt 0.911193 0.987662
vt 0.905077 0.987662
vt 0.926160 0.986614
vt 0.932383 0.980392
vt 0.926160 0.980392
vt 0.966231 0.993885
vt 0.972347 0.987662
vt 0.966231 0.987662
vt 0.969151 0.172733
vt 0.975373 0.160395
vt 0.969151 0.160395
vt 0.963143 0.789420
vt 0.969365 0.777082
vt 0.963143 0.777082
vt 0.424699 0.955608
vt 0.418476 0.967946
vt 0.424699 0.967946
vt 0.907707 0.900248
vt 0.913929 0.838665
vt 0.907707 0.851003
vt 0.100610 0.854761
vt 0.105922 0.857792
vt 0.101322 0.840961
vt 0.920152 0.924924
vt 0.920152 0.918809
vt 0.913929 0.931147
vt 0.566426 0.975655
vt 0.572648 0.981877
vt 0.572648 0.975655
vt 0.171231 0.987662
vt 0.177346 0.993885
vt 0.177346 0.987662
vt 0.348576 0.993885
vt 0.354691 1.000000
vt 0.354691 0.993885
vt 0.323219 0.920041
vt 0.329441 0.926264
vt 0.329441 0.913926
vt 0.987711 0.560040
vt 0.993827 0.553818
vt 0.987711 0.553818
vt 0.975266 0.289890
vt 0.969044 0.302228
vt 0.975266 0.302228
vt 0.987711 0.018668
vt 0.993827 0.012445
vt 0.987711 0.012445
vt 0.993827 0.624735
vt 0.999942 0.618620
vt 0.993827 0.618620
vt 0.331112 0.595755
vt 0.329820 0.583593
vt 0.329923 0.409877
vt 0.352511 0.388920
vt 0.334807 0.396951
vt 0.987711 0.043559
vt 0.993827 0.037336
vt 0.993827 0.661428
vt 0.999942 0.655312
vt 0.293538 0.987662
vt 0.293538 0.993885
vt 0.987604 0.919131
vt 0.981489 0.912908
vt 0.981489 0.919131
vt 0.999942 0.667543
vt 0.993827 0.667543
vt 0.104927 0.977164
vt 0.098704 0.970941
vt 0.098704 0.977164
vt 0.987604 0.931576
vt 0.981489 0.925353
vt 0.981489 0.931576
vt 0.111150 0.970941
vt 0.104927 0.977164
vt 0.111150 0.977164
vt 0.987604 0.931576
vt 0.981489 0.937799
vt 0.987604 0.937799
vt 0.963143 0.826434
vt 0.969365 0.838772
vt 0.969365 0.826434
vt 0.981382 0.345680
vt 0.987604 0.339457
vt 0.981382 0.339457
vt 0.987711 0.348469
vt 0.993827 0.354692
vt 0.993827 0.348469
vt 0.987711 0.665826
vt 0.993827 0.659603
vt 0.207923 1.000000
vt 0.214038 0.993885
vt 0.829777 0.975686
vt 0.823555 0.981909
vt 0.829777 0.981909
vt 0.987711 0.821393
vt 0.214038 1.000000
vt 0.220153 0.993885
vt 0.214038 0.993885
vt 0.299902 0.854029
vt 0.306125 0.860252
vt 0.306125 0.854029
vt 0.189577 0.987662
vt 0.195692 0.993885
vt 0.195692 0.987662
vt 0.354938 0.906698
vt 0.354938 0.889250
vt 0.350614 0.911022
vt 0.627901 0.809145
vt 0.627901 0.833821
vt 0.634124 0.827705
vt 0.975266 0.326905
vt 0.969044 0.314566
vt 0.969044 0.326905
vt 0.993827 0.821393
vt 0.987711 0.827615
vt 0.993827 0.827615
vt 0.449160 0.980499
vt 0.455383 0.986722
vt 0.455383 0.980499
vt 0.226269 0.993885
vt 0.220153 1.000000
vt 0.226269 1.000000
vt 0.978462 0.993885
vt 0.978462 0.987662
vt 0.387363 0.986614
vt 0.387363 0.980392
vt 0.100884 0.222196
vt 0.993827 0.844890
vt 0.999942 0.851005
vt 0.999942 0.844890
vt 0.993827 0.857120
vt 0.999942 0.857120
vt 0.329441 0.963278
vt 0.323219 0.975509
vt 0.329441 0.975509
vt 0.850039 0.987662
vt 0.856154 0.993885
vt 0.856154 0.987662
vt 0.434192 0.993885
vt 0.440307 0.987662
vt 0.434192 0.987662
vt 0.993827 0.665826
vt 0.987711 0.672049
vt 0.993827 0.672049
vt 0.993827 0.087117
vt 0.987711 0.080895
vt 0.987711 0.087117
vt 0.006115 0.993885
vt 0.000000 1.000000
vt 0.006115 1.000000
vt 0.999942 0.679774
vt 0.993827 0.673659
vt 0.993827 0.679774
vt 0.913929 0.968161
vt 0.907814 0.980499
vt 0.913929 0.980499
vt 0.987711 0.672049
vt 0.993827 0.678271
vt 0.993827 0.672049
vt 0.373038 0.993885
vt 0.366923 0.987662
vt 0.366923 0.993885
vt 0.981381 0.413271
vt 0.975266 0.425609
vt 0.981381 0.425609
vt 0.006115 0.993885
vt 0.012231 1.000000
vt 0.012231 0.993885
vt 0.993827 0.331196
vt 0.999942 0.325081
vt 0.993827 0.325081
vt 0.987711 0.840061
vt 0.993827 0.846283
vt 0.993827 0.840061
vt 0.987711 0.877397
vt 0.993827 0.883619
vt 0.993827 0.877397
vt 0.969365 0.777082
vt 0.975481 0.764744
vt 0.969365 0.764744
vt 0.993827 0.883619
vt 0.987711 0.889842
vt 0.993827 0.889842
vt 0.993827 0.846283
vt 0.987711 0.852506
vt 0.993827 0.852506
vt 0.244615 0.993885
vt 0.238499 1.000000
vt 0.244615 1.000000
vt 0.969044 0.363919
vt 0.975266 0.376257
vt 0.987711 0.852506
vt 0.993827 0.858729
vt 0.993827 0.852506
vt 0.975695 0.628811
vt 0.981918 0.635034
vt 0.981918 0.628811
vt 0.449160 0.918702
vt 0.443045 0.912586
vt 0.195692 0.987662
vt 0.201808 0.993885
vt 0.201808 0.987662
vt 0.360807 1.000000
vt 0.360807 0.993885
vt 0.366922 0.993885
vt 0.360807 1.000000
vt 0.366922 1.000000
vt 0.993827 0.858729
vt 0.987711 0.864951
vt 0.993827 0.864951
vt 0.304765 0.981946
vt 0.310988 0.975723
vt 0.304765 0.975723
vt 0.256846 0.993885
vt 0.250730 1.000000
vt 0.256846 1.000000
vt 0.802140 0.918809
vt 0.802140 0.924924
vt 0.808363 0.931147
vt 0.207923 0.987662
vt 0.862270 0.987662
vt 0.868385 0.993885
vt 0.868385 0.987662
vt 0.123380 0.970941
vt 0.129603 0.977164
vt 0.129603 0.970941
vt 0.811109 0.951010
vt 0.811109 0.957232
vt 0.817332 0.963348
vt 0.317210 0.975723
vt 0.310988 0.981946
vt 0.317210 0.981946
vt 0.043237 0.977271
vt 0.049459 0.977271
vt 0.371784 0.981946
vt 0.365561 0.975723
vt 0.365561 0.981946
vt 0.636000 0.993885
vt 0.642115 0.987662
vt 0.636000 0.987662
vt 0.043237 0.870504
vt 0.043237 0.889011
vt 0.049459 0.907518
vt 0.377792 0.889357
vt 0.384014 0.901695
vt 0.384014 0.889357
vt 0.993827 0.514658
vt 0.999942 0.520774
vt 0.999942 0.514658
vt 0.305769 0.987662
vt 0.299654 0.993885
vt 0.305769 0.993885
vt 0.956920 0.838665
vt 0.963143 0.826327
vt 0.963143 0.801651
vt 0.621893 0.870835
vt 0.621893 0.858497
vt 0.615671 0.846159
vt 0.311884 0.993885
vt 0.975481 0.592119
vt 0.969258 0.598341
vt 0.975481 0.598341
vt 0.061905 0.977271
vt 0.055682 0.971048
vt 0.055682 0.977271
vt 0.559988 0.984619
vt 0.566211 0.978396
vt 0.559988 0.978396
vt 0.535420 0.978504
vt 0.541642 0.984726
vt 0.541642 0.978504
vt 0.975695 0.635034
vt 0.969472 0.628811
vt 0.969472 0.635034
vt 0.987604 0.950244
vt 0.981489 0.944021
vt 0.981489 0.950244
vt 0.440307 0.993885
vt 0.446423 0.987662
vt 0.440307 0.987662
vt 0.987711 0.548989
vt 0.981596 0.542767
vt 0.981596 0.548989
vt 0.074350 0.977271
vt 0.068127 0.971048
vt 0.068127 0.977271
vt 0.167613 0.949363
vt 0.173836 0.967817
vt 0.895476 0.968161
vt 0.895476 0.974384
vt 0.901591 0.980499
vt 0.987711 0.548989
vt 0.981596 0.555212
vt 0.987711 0.555212
vt 0.767980 0.857119
vt 0.767980 0.869457
vt 0.963143 0.968161
vt 0.969258 0.980499
vt 0.969258 0.968161
vt 0.080573 0.977271
vt 0.086795 0.977271
vt 0.987604 0.148057
vt 0.981489 0.154279
vt 0.987604 0.154279
vt 0.640239 0.870835
vt 0.640239 0.864612
vt 0.634124 0.870835
vt 0.987604 0.185178
vt 0.981489 0.178955
vt 0.981489 0.185178
vt 0.258275 0.026923
vt 0.257617 0.020735
vt 0.251536 0.021382
vt 0.987604 0.357803
vt 0.981382 0.351581
vt 0.981382 0.357803
vt 0.452538 0.993885
vt 0.458654 0.987662
vt 0.452538 0.987662
vt 0.378006 0.975723
vt 0.371784 0.981946
vt 0.378006 0.981946
vt 0.950805 0.536544
vt 0.957027 0.542767
vt 0.957027 0.536544
vt 0.975266 0.265214
vt 0.981381 0.252876
vt 0.975266 0.252876
vt 0.969473 0.628811
vt 0.963250 0.635034
vt 0.969473 0.635034
vt 0.384229 0.981946
vt 0.378006 0.981946
vt 0.993827 0.684494
vt 0.987711 0.678271
vt 0.987711 0.684494
vt 0.345564 0.557106
vt 0.340128 0.563833
vt 0.347513 0.575456
vt 0.232385 0.993885
vt 0.226269 0.987662
vt 0.226269 0.993885
vt 0.262961 1.000000
vt 0.256846 0.993885
vt 0.256846 1.000000
vt 0.584879 0.975762
vt 0.591102 0.981984
vt 0.591102 0.975762
vt 0.232384 0.987662
vt 0.238500 0.993885
vt 0.238500 0.987662
vt 0.359338 0.809106
vt 0.359338 0.827560
vt 0.829670 0.932556
vt 0.835785 0.938672
vt 0.829670 0.926334
vt 0.664915 0.932632
vt 0.664915 0.926410
vt 0.658800 0.938748
vt 0.841901 0.895542
vt 0.848123 0.901765
vt 0.848123 0.852413
vt 0.461391 0.986722
vt 0.467614 0.980499
vt 0.461391 0.980499
vt 0.981382 0.364026
vt 0.987604 0.357803
vt 0.981382 0.357803
vt 0.042398 0.029287
vt 0.069034 0.013667
vt 0.057475 0.006182
vt 0.987711 0.360915
vt 0.993827 0.367137
vt 0.993827 0.360915
vt 0.993827 0.857120
vt 0.999942 0.863236
vt 0.999942 0.857120
vt 0.755642 0.413164
vt 0.749526 0.425502
vt 0.755642 0.431617
vt 0.999942 0.863236
vt 0.993827 0.869351
vt 0.999942 0.869351
vt 0.987711 0.889842
vt 0.993827 0.896065
vt 0.993827 0.889842
vt 0.221384 0.908812
vt 0.221384 0.921150
vt 0.227607 0.933488
vt 0.993827 0.896065
vt 0.987711 0.902287
vt 0.993827 0.902287
vt 0.993827 0.696939
vt 0.987711 0.703162
vt 0.993827 0.703162
vt 0.981489 0.061690
vt 0.975373 0.074028
vt 0.981489 0.074028
vt 0.461498 0.949707
vt 0.455383 0.962045
vt 0.461498 0.962045
vt 0.030577 0.993885
vt 0.024461 1.000000
vt 0.030577 1.000000
vt 0.665023 0.951086
vt 0.658800 0.957201
vt 0.665023 0.963424
vt 0.516966 0.968268
vt 0.523082 0.955930
vt 0.516966 0.955930
vt 0.987711 0.703162
vt 0.993827 0.709385
vt 0.993827 0.703162
vt 0.560096 0.929044
vt 0.547758 0.916706
vt 0.553980 0.929044
vt 0.720490 0.931081
vt 0.714268 0.931081
vt 0.036692 1.000000
vt 0.036692 0.993885
vt 0.042808 0.993885
vt 0.042808 1.000000
vt 0.975373 0.012338
vt 0.981489 0.024676
vt 0.981489 0.012338
vt 0.048923 1.000000
vt 0.048923 0.993885
vt 0.993827 0.337312
vt 0.999942 0.331196
vt 0.993827 0.331196
vt 0.987711 0.541372
vt 0.993827 0.547595
vt 0.993827 0.541372
vt 0.464769 0.993885
vt 0.458654 0.993885
vt 0.993827 0.908510
vt 0.671138 0.944863
vt 0.677253 0.920294
vt 0.671138 0.920294
vt 0.529197 0.968161
vt 0.535312 0.980499
vt 0.535312 0.968161
vt 0.993827 0.908510
vt 0.987711 0.914733
vt 0.993827 0.914733
vt 0.999942 0.875467
vt 0.817332 0.920218
vt 0.829670 0.901658
vt 0.811109 0.907880
vt 0.993827 0.881582
vt 0.999942 0.881582
vt 0.993827 0.715607
vt 0.987711 0.721830
vt 0.993827 0.721830
vt 0.492290 0.986829
vt 0.498513 0.980606
vt 0.492290 0.980606
vt 0.275192 0.993885
vt 0.269076 1.000000
vt 0.275192 1.000000
vt 0.987711 0.367137
vt 0.993827 0.373360
vt 0.993827 0.367137
vt 0.969151 0.024676
vt 0.030899 0.944533
vt 0.043237 0.938417
vt 0.037121 0.938417
vt 0.597110 0.981985
vt 0.603332 0.975762
vt 0.597110 0.975762
vt 0.238500 0.993885
vt 0.244615 0.987662
vt 0.238500 0.987662
vt 0.987711 0.721830
vt 0.993827 0.728053
vt 0.993827 0.721830
vt 0.275192 0.993885
vt 0.281307 1.000000
vt 0.281307 0.993885
vt 0.874500 0.993885
vt 0.874500 0.987662
vt 0.880616 0.987662
vt 0.874500 0.993885
vt 0.880616 0.993885
vt 0.603332 0.938533
vt 0.609448 0.944756
vt 0.615670 0.950871
vt 0.993827 0.588043
vt 0.999942 0.594158
vt 0.999942 0.588043
vt 0.975373 0.160395
vt 0.981489 0.148057
vt 0.975373 0.148057
vt 0.634124 0.981984
vt 0.627901 0.975762
vt 0.627901 0.981984
vt 0.665023 0.975762
vt 0.658800 0.981984
vt 0.665023 0.981984
vt 0.880616 0.993885
vt 0.886731 0.987662
vt 0.880616 0.987662
vt 0.250731 0.993885
vt 0.244615 0.987662
vt 0.244615 0.993885
vt 0.993827 0.594158
vt 0.999942 0.600274
vt 0.123380 0.977163
vt 0.117158 0.983386
vt 0.123380 0.983386
vt 0.492290 0.967946
vt 0.492290 0.955608
vt 0.486175 0.949493
vt 0.129603 0.983386
vt 0.123380 0.977163
vt 0.123380 0.983386
vt 0.755642 0.918809
vt 0.749526 0.912693
vt 0.755642 0.925031
vt 0.055682 0.977271
vt 0.049459 0.983493
vt 0.055682 0.983493
vt 0.215269 0.970502
vt 0.221491 0.958164
vt 0.215269 0.958164
vt 0.317103 0.833675
vt 0.317103 0.821444
vt 0.310988 0.852236
vt 0.074350 0.983493
vt 0.068127 0.977271
vt 0.068127 0.983493
vt 0.237437 0.977308
vt 0.231214 0.971085
vt 0.231214 0.977308
vt 0.987711 0.573880
vt 0.981596 0.567657
vt 0.981596 0.573880
vt 0.142722 0.962879
vt 0.136607 0.950541
vt 0.142722 0.969101
vt 0.889253 0.912586
vt 0.883138 0.924924
vt 0.296379 0.326697
vt 0.306370 0.362858
vt 0.024676 0.950648
vt 0.018561 0.956870
vt 0.018561 0.962986
vt 0.987711 0.586325
vt 0.981596 0.580103
vt 0.981596 0.586325
vt 0.547865 0.972281
vt 0.541642 0.978504
vt 0.547865 0.978504
vt 0.073921 0.921696
vt 0.073921 0.915581
vt 0.067806 0.927919
vt 0.012338 0.919856
vt 0.000000 0.913634
vt 0.012338 0.932194
vt 0.975266 0.326905
vt 0.969044 0.339243
vt 0.975266 0.339243
vt 0.335510 0.851907
vt 0.340932 0.858742
vt 0.336277 0.845732
vt 0.683476 0.981984
vt 0.677253 0.975762
vt 0.677253 0.981984
vt 0.842008 0.975793
vt 0.835785 0.982016
vt 0.842008 0.982016
vt 0.987711 0.871174
vt 0.993827 0.864951
vt 0.987711 0.864951
vt 0.262961 0.993885
vt 0.256846 0.987662
vt 0.256846 0.993885
vt 0.281307 1.000000
vt 0.287422 0.993885
vt 0.281307 0.993885
vt 0.993827 0.881582
vt 0.999942 0.887697
vt 0.689591 0.920080
vt 0.695814 0.938533
vt 0.695814 0.926195
vt 0.758308 0.993885
vt 0.764423 0.987662
vt 0.758308 0.987662
vt 0.019031 0.070013
vt 0.014366 0.057057
vt 0.006774 0.068603
vt 0.597217 0.877057
vt 0.590994 0.870835
vt 0.597217 0.883173
vt 0.510851 0.986829
vt 0.504628 0.980606
vt 0.504628 0.986829
vt 0.024676 0.987555
vt 0.030899 0.981332
vt 0.024676 0.981332
vt 0.987711 0.112008
vt 0.993827 0.105785
vt 0.987711 0.105785
vt 0.969365 0.838772
vt 0.963143 0.851110
vt 0.969365 0.851110
vt 0.987711 0.504036
vt 0.993827 0.510259
vt 0.993827 0.504036
vt 0.477000 0.993885
vt 0.470884 0.987662
vt 0.470884 0.993885
vt 0.477000 0.993885
vt 0.483115 0.987662
vt 0.477000 0.987662
vt 0.932383 0.937262
vt 0.932383 0.924927
vt 0.926267 0.931147
vt 0.969258 0.542767
vt 0.081590 0.281966
vt 0.078322 0.256859
vt 0.550434 0.879231
vt 0.546207 0.829668
vt 0.498513 0.962046
vt 0.504628 0.968268
vt 0.498513 0.955930
vt 0.068127 0.977271
vt 0.061905 0.983494
vt 0.068127 0.983494
vt 0.293115 0.295971
vt 0.301803 0.319863
vt 0.352329 0.963060
vt 0.346214 0.950722
vt 0.352329 0.969175
vt 0.969151 0.888017
vt 0.963035 0.912586
vt 0.969151 0.912586
vt 0.554088 0.978504
vt 0.547865 0.972281
vt 0.547865 0.978504
vt 0.969151 0.135719
vt 0.975374 0.123380
vt 0.969151 0.123380
vt 0.313204 0.368281
vt 0.327316 0.385339
vt 0.333504 0.384682
vt 0.405924 0.813882
vt 0.412146 0.807766
vt 0.405924 0.807766
vt 0.412146 0.826220
vt 0.418262 0.826220
vt 0.418262 0.820105
vt 0.473729 0.968054
vt 0.467614 0.968054
vt 0.777464 0.864914
vt 0.310880 0.938602
vt 0.317103 0.932486
vt 0.304765 0.938602
vt 0.196708 0.981732
vt 0.202931 0.981732
vt 0.889253 0.931147
vt 0.901591 0.924924
vt 0.901591 0.912586
vt 0.824174 0.055809
vt 0.820449 0.074993
vt 0.835801 0.097916
vt 0.975266 0.511975
vt 0.981381 0.524313
vt 0.981381 0.511975
vt 0.492290 0.943592
vt 0.498405 0.937477
vt 0.492290 0.931254
vt 0.269077 0.987662
vt 0.275192 0.993885
vt 0.275192 0.987662
vt 0.317103 0.944825
vt 0.310880 0.950940
vt 0.304765 0.957163
vt 0.361839 0.710308
vt 0.351638 0.730057
vt 0.365749 0.747115
vt 0.281449 0.839898
vt 0.281449 0.852236
vt 0.287564 0.895365
vt 0.317999 0.993885
vt 0.324115 1.000000
vt 0.324115 0.993885
vt 0.876915 0.968161
vt 0.870800 0.980499
vt 0.876915 0.980499
vt 0.541535 0.941382
vt 0.535420 0.947605
vt 0.547758 0.947605
vt 0.330230 0.993885
vt 0.324115 1.000000
vt 0.330230 1.000000
vt 0.987711 0.734275
vt 0.993827 0.734275
vt 0.993827 0.522704
vt 0.987711 0.528927
vt 0.993827 0.528927
vt 0.061154 0.993885
vt 0.055038 1.000000
vt 0.061154 1.000000
vt 0.969258 0.666040
vt 0.975481 0.672155
vt 0.993827 0.740498
vt 0.987711 0.746721
vt 0.993827 0.746721
vt 0.237437 0.971085
vt 0.243659 0.958747
vt 0.237437 0.958747
vt 0.073384 0.993885
vt 0.067269 1.000000
vt 0.073384 1.000000
vt 0.430922 0.955608
vt 0.437144 0.967946
vt 0.437144 0.955608
vt 0.424484 0.912586
vt 0.418262 0.912586
vt 0.418262 0.924924
vt 0.798771 0.715285
vt 0.792656 0.702947
vt 0.073384 0.993885
vt 0.079500 1.000000
vt 0.079500 0.993885
vt 0.987711 0.752943
vt 0.993827 0.759166
vt 0.993827 0.752943
vt 0.987711 0.927178
vt 0.993827 0.933400
vt 0.993827 0.927178
vt 0.987711 0.759166
vt 0.993827 0.765389
vt 0.993827 0.759166
vt 0.993827 0.933400
vt 0.987711 0.939623
vt 0.993827 0.939623
vt 0.085615 0.993885
vt 0.091731 1.000000
vt 0.091731 0.993885
vt 0.993827 0.893813
vt 0.999942 0.899928
vt 0.999942 0.893813
vt 0.671138 0.944863
vt 0.677253 0.963317
vt 0.677253 0.944863
vt 0.510743 0.949708
vt 0.504628 0.912693
vt 0.504628 0.949708
vt 0.886731 0.987662
vt 0.892847 0.993885
vt 0.892847 0.987662
vt 0.323219 0.975509
vt 0.329441 0.981731
vt 0.329441 0.975509
vt 0.097846 0.993885
vt 0.091731 1.000000
vt 0.097846 1.000000
vt 0.287422 1.000000
vt 0.293538 0.993885
vt 0.287422 0.993885
vt 0.418369 0.980284
vt 0.412254 0.967946
vt 0.412254 0.980284
vt 0.012231 0.987662
vt 0.006115 0.993885
vt 0.012231 0.993885
vt 0.895162 0.554856
vt 0.903789 0.339184
vt 0.903858 0.332961
vt 0.584879 0.975547
vt 0.578656 0.981770
vt 0.584879 0.981770
vt 0.764423 0.993885
vt 0.770539 0.987662
vt 0.560096 0.916706
vt 0.566318 0.947605
vt 0.566318 0.916706
vt 0.323219 0.926264
vt 0.329441 0.950940
vt 0.329441 0.926264
vt 0.104832 0.079881
vt 0.091876 0.084547
vt 0.116384 0.087419
vt 0.609555 0.981770
vt 0.603332 0.975547
vt 0.603332 0.981770
vt 0.024462 0.993885
vt 0.018346 0.987662
vt 0.018346 0.993885
vt 0.646569 0.975547
vt 0.640347 0.981770
vt 0.646569 0.981770
vt 0.030577 0.987662
vt 0.024462 0.993885
vt 0.030577 0.993885
vt 0.981489 0.222085
vt 0.975373 0.234423
vt 0.981489 0.234423
vt 0.987711 0.118231
vt 0.993827 0.124453
vt 0.993827 0.118231
vt 0.975373 0.172733
vt 0.981489 0.166617
vt 0.981489 0.160395
vt 0.720383 0.906404
vt 0.726606 0.912520
vt 0.726606 0.894066
vt 0.920152 0.746076
vt 0.913929 0.752299
vt 0.920152 0.752299
vt 0.424484 0.055468
vt 0.430707 0.049352
vt 0.430707 0.043237
vt 0.768087 0.986722
vt 0.774310 0.980499
vt 0.768087 0.980499
vt 0.898962 0.987662
vt 0.892847 0.993885
vt 0.898962 0.993885
vt 0.652792 0.981770
vt 0.646569 0.981770
vt 0.993827 0.547595
vt 0.987711 0.547595
vt 0.299902 0.890936
vt 0.293787 0.878598
vt 0.293787 0.890936
vt 0.136607 0.913634
vt 0.130384 0.895073
vt 0.136607 0.925865
vt 0.371676 0.944825
vt 0.359338 0.957163
vt 0.371676 0.957163
vt 0.319507 0.311832
vt 0.642115 0.987662
vt 0.648231 0.993885
vt 0.648231 0.987662
vt 0.876915 0.955823
vt 0.883138 0.968161
vt 0.883138 0.955823
vt 0.293787 0.915612
vt 0.293787 0.909389
vt 0.287564 0.927950
vt 0.323219 0.951047
vt 0.317103 0.944825
vt 0.323219 0.963385
vt 0.981382 0.259099
vt 0.987604 0.252876
vt 0.981382 0.252876
vt 0.987711 0.373360
vt 0.993827 0.379583
vt 0.804994 0.776975
vt 0.798771 0.764637
vt 0.798771 0.776975
vt 0.142722 0.893896
vt 0.155060 0.887673
vt 0.155060 0.881557
vt 0.269004 0.944717
vt 0.262888 0.950940
vt 0.262888 0.957055
vt 0.371784 0.975723
vt 0.365561 0.969501
vt 0.365561 0.975723
vt 0.406031 0.986507
vt 0.412254 0.980284
vt 0.406031 0.980284
vt 0.660462 0.993885
vt 0.666577 0.987662
vt 0.660462 0.987662
vt 0.566211 0.947605
vt 0.559988 0.966058
vt 0.566211 0.966058
vt 0.802247 0.986722
vt 0.796025 0.980499
vt 0.796025 0.986722
vt 0.798771 0.789313
vt 0.811109 0.801651
vt 0.184727 0.834041
vt 0.180127 0.817210
vt 0.178612 0.844757
vt 0.987711 0.385805
vt 0.993827 0.379583
vt 0.987711 0.379583
vt 0.666577 0.993885
vt 0.672692 0.987662
vt 0.993827 0.710351
vt 0.999942 0.704236
vt 0.993827 0.704236
vt 0.811109 0.963348
vt 0.817332 0.975579
vt 0.817332 0.963348
vt 0.987711 0.392028
vt 0.993827 0.385805
vt 0.987711 0.385805
vt 0.913683 0.006115
vt 0.907568 0.258992
vt 0.907568 0.283668
vt 0.999942 0.343427
vt 0.999942 0.337312
vt 0.823447 0.883097
vt 0.823447 0.895435
vt 0.829563 0.895435
vt 0.042808 0.993885
vt 0.036692 0.987662
vt 0.036692 0.993885
vt 0.449160 0.912586
vt 0.461499 0.912586
vt 0.461499 0.906471
vt 0.783687 0.982179
vt 0.777464 0.975956
vt 0.777464 0.982179
vt 0.048923 0.987662
vt 0.042808 0.993885
vt 0.048923 0.993885
vt 0.418476 0.986507
vt 0.418476 0.980284
vt 0.684923 0.987662
vt 0.691039 0.993885
vt 0.691039 0.987662
vt 0.999942 0.728697
vt 0.993827 0.722582
vt 0.993827 0.728697
vt 0.993827 0.143121
vt 0.987711 0.136899
vt 0.987711 0.143121
vt 0.802140 0.968161
vt 0.796025 0.980499
vt 0.802140 0.980499
vt 0.356529 0.543533
vt 0.357833 0.555802
vt 0.364666 0.561226
vt 0.969151 0.234423
vt 0.975373 0.246761
vt 0.975373 0.234423
vt 0.993827 0.349543
vt 0.999942 0.343427
vt 0.993827 0.343427
vt 0.767980 0.974276
vt 0.761864 0.968161
vt 0.767980 0.980499
vt 0.708152 0.895404
vt 0.714267 0.913964
vt 0.708152 0.876950
vt 0.963035 0.943485
vt 0.963035 0.949600
vt 0.969151 0.955823
vt 0.055682 0.964825
vt 0.049459 0.958710
vt 0.055682 0.971048
vt 0.975373 0.135718
vt 0.981489 0.123380
vt 0.975373 0.123380
vt 0.424699 0.980284
vt 0.691039 0.993885
vt 0.697154 0.987662
vt 0.691039 0.987662
vt 0.405924 0.912586
vt 0.399808 0.900248
vt 0.405924 0.924924
vt 0.364446 0.734846
vt 0.372595 0.752646
vt 0.378676 0.751999
vt 0.993827 0.747043
vt 0.999942 0.740928
vt 0.993827 0.740928
vt 0.987711 0.410696
vt 0.993827 0.404474
vt 0.987711 0.404474
vt 0.055038 0.993885
vt 0.048923 0.987662
vt 0.048923 0.993885
vt 0.215161 0.982948
vt 0.208939 0.976725
vt 0.208939 0.982948
vt 0.424699 0.980284
vt 0.430922 0.986507
vt 0.697154 0.987662
vt 0.703269 0.993885
vt 0.703269 0.987662
vt 0.999942 0.765390
vt 0.993827 0.759274
vt 0.993827 0.765390
vt 0.652577 0.877057
vt 0.652577 0.889396
vt 0.658800 0.895511
vt 0.993827 0.161789
vt 0.987711 0.155567
vt 0.987711 0.161789
vt 0.969044 0.400933
vt 0.975266 0.388595
vt 0.969044 0.388595
vt 0.981382 0.265322
vt 0.987604 0.259099
vt 0.987711 0.416919
vt 0.993827 0.423142
vt 0.993827 0.416919
vt 0.804994 0.696831
vt 0.811109 0.715285
vt 0.743411 0.955716
vt 0.743411 0.943485
vt 0.737188 0.931147
vt 0.249775 0.872488
vt 0.243552 0.909502
vt 0.249775 0.909502
vt 0.969258 0.567550
vt 0.963143 0.561327
vt 0.969258 0.579888
vt 0.708259 0.975547
vt 0.430922 0.986507
vt 0.437144 0.980284
vt 0.430922 0.980284
vt 0.732828 0.912520
vt 0.726606 0.875506
vt 0.726606 0.912520
vt 0.715500 0.993885
vt 0.721616 0.987662
vt 0.715500 0.987662
vt 0.913929 0.931147
vt 0.920045 0.937369
vt 0.926267 0.943485
vt 0.950805 0.573558
vt 0.957027 0.604350
vt 0.957027 0.573558
vt 0.808470 0.986722
vt 0.802247 0.980499
vt 0.987711 0.435587
vt 0.993827 0.429364
vt 0.987711 0.429364
vt 0.424699 0.931040
vt 0.430922 0.955608
vt 0.430922 0.931040
vt 0.950805 0.604350
vt 0.957027 0.635141
vt 0.957027 0.604350
vt 0.969151 0.037014
vt 0.975373 0.049352
vt 0.975373 0.037014
vt 0.371676 0.969501
vt 0.377899 0.957162
vt 0.371676 0.957162
vt 0.981381 0.277552
vt 0.975266 0.289890
vt 0.981381 0.289890
vt 0.993827 0.783736
vt 0.999942 0.777620
vt 0.993827 0.777620
vt 0.975266 0.376257
vt 0.969044 0.376257
vt 0.739051 0.838491
vt 0.732828 0.844714
vt 0.732828 0.850830
vt 0.489231 0.993885
vt 0.489231 0.987662
vt 0.876915 0.980499
vt 0.870800 0.986722
vt 0.876915 0.986722
vt 0.981489 0.123380
vt 0.987604 0.129603
vt 0.987604 0.123380
vt 0.993827 0.466700
vt 0.987711 0.460478
vt 0.987711 0.466700
vt 0.981596 0.777082
vt 0.981596 0.789420
vt 0.999942 0.117158
vt 0.993827 0.111042
vt 0.993827 0.117158
vt 0.999942 0.117158
vt 0.993827 0.123273
vt 0.999942 0.123273
vt 0.999942 0.789851
vt 0.993827 0.783736
vt 0.993827 0.789851
vt 0.975481 0.635141
vt 0.969258 0.647479
vt 0.975481 0.647479
vt 0.275226 0.950725
vt 0.269111 0.963063
vt 0.269111 0.969179
vt 0.987604 0.401362
vt 0.981382 0.407585
vt 0.987604 0.407585
vt 0.142830 0.986377
vt 0.149052 0.980155
vt 0.142830 0.980155
vt 0.173514 0.900011
vt 0.167291 0.912349
vt 0.173514 0.906126
vt 0.993827 0.970736
vt 0.987711 0.964513
vt 0.987711 0.970736
vt 0.495346 0.987662
vt 0.858355 0.833852
vt 0.858355 0.846190
vt 0.864577 0.926334
vt 0.379153 0.993885
vt 0.373038 0.987662
vt 0.993827 0.361773
vt 0.999942 0.355658
vt 0.993827 0.355658
vt 0.987711 0.180457
vt 0.993827 0.174235
vt 0.987711 0.174235
vt 0.777464 0.957396
vt 0.789802 0.945058
vt 0.777464 0.945058
vt 0.963143 0.801758
vt 0.969365 0.789420
vt 0.963143 0.789420
vt 0.907814 0.746076
vt 0.913929 0.746076
vt 0.913929 0.733738
vt 0.987604 0.271544
vt 0.981382 0.271544
vt 0.993827 0.239466
vt 0.999942 0.239466
vt 0.999942 0.245581
vt 0.993827 0.245581
vt 0.993827 0.049781
vt 0.987711 0.049781
vt 0.256773 0.957055
vt 0.262888 0.963278
vt 0.262888 0.957055
vt 0.495346 0.993885
vt 0.501461 0.987662
vt 0.495346 0.987662
vt 0.689592 0.975762
vt 0.683476 0.981984
vt 0.689592 0.981984
vt 0.932383 0.986507
vt 0.938605 0.980284
vt 0.932383 0.980284
vt 0.987604 0.135719
vt 0.981489 0.141941
vt 0.987604 0.141941
vt 0.993827 0.186680
vt 0.987711 0.180457
vt 0.987711 0.186680
vt 0.975588 0.703054
vt 0.969365 0.690716
vt 0.975588 0.598449
vt 0.969365 0.610787
vt 0.975588 0.610787
vt 0.999942 0.135504
vt 0.993827 0.129388
vt 0.993827 0.135504
vt 0.999942 0.802082
vt 0.993827 0.795967
vt 0.993827 0.802082
vt 0.393693 0.955716
vt 0.387470 0.931147
vt 0.387470 0.955716
vt 0.999942 0.062119
vt 0.993827 0.068234
vt 0.999942 0.068234
vt 0.287564 0.919934
vt 0.281449 0.944610
vt 0.287564 0.944610
vt 0.999942 0.074350
vt 0.993827 0.068234
vt 0.993827 0.074350
vt 0.360807 0.987662
vt 0.354692 0.993885
vt 0.360807 0.993885
vt 0.975373 0.894240
vt 0.975373 0.888017
vt 0.975481 0.801758
vt 0.969365 0.814096
vt 0.975481 0.814096
vt 0.358552 0.950722
vt 0.352437 0.969175
vt 0.358552 0.969175
vt 0.366923 0.993885
vt 0.360807 0.987662
vt 0.360807 0.993885
vt 0.359338 0.975723
vt 0.695814 0.981770
vt 0.689591 0.975547
vt 0.689591 0.981770
vt 0.149052 0.986377
vt 0.155275 0.980155
vt 0.149052 0.980155
vt 0.634124 0.975762
vt 0.627901 0.969539
vt 0.627901 0.975762
vt 0.061154 0.993885
vt 0.055038 0.987662
vt 0.501461 0.993885
vt 0.507577 0.987662
vt 0.073385 0.993885
vt 0.067269 0.987662
vt 0.067269 0.993885
vt 0.677253 0.981770
vt 0.671031 0.981770
vt 0.914037 0.955823
vt 0.907814 0.968161
vt 0.914037 0.968161
vt 0.079500 0.987662
vt 0.079500 0.993885
vt 0.702037 0.975547
vt 0.695814 0.981770
vt 0.702037 0.981770
vt 0.299902 0.977302
vt 0.293680 0.983525
vt 0.299902 0.983525
vt 0.981811 0.598449
vt 0.975588 0.604671
vt 0.981811 0.604671
vt 0.406031 0.986614
vt 0.399808 0.986614
vt 0.981382 0.277767
vt 0.987604 0.271544
vt 0.981382 0.271544
vt 0.237437 0.983530
vt 0.231214 0.977308
vt 0.231214 0.983530
vt 0.091731 0.987662
vt 0.085615 0.993885
vt 0.987711 0.199125
vt 0.993827 0.192903
vt 0.987711 0.192903
vt 0.987604 0.228737
vt 0.981489 0.234959
vt 0.987604 0.234959
vt 0.030899 0.907518
vt 0.037121 0.901296
vt 0.037121 0.876620
vt 0.993827 0.367889
vt 0.999942 0.361773
vt 0.993827 0.361773
vt 0.889253 0.592007
vt 0.895476 0.585892
vt 0.895476 0.561216
vt 0.987604 0.241182
vt 0.981489 0.234959
vt 0.981489 0.241182
vt 0.733846 0.993885
vt 0.727731 0.987662
vt 0.727731 0.993885
vt 0.926267 0.949600
vt 0.932383 0.968054
vt 0.926267 0.943485
vt 0.981489 0.241182
vt 0.987604 0.247405
vt 0.987604 0.241182
vt 0.701930 0.870727
vt 0.708152 0.858389
vt 0.701930 0.864612
vt 0.479952 0.924924
vt 0.486175 0.955823
vt 0.486175 0.924924
vt 0.351202 0.668066
vt 0.369552 0.666116
vt 0.368906 0.660035
vt 0.987604 0.530321
vt 0.981489 0.536544
vt 0.987604 0.536544
vt 0.393693 0.912586
vt 0.393693 0.918809
vt 0.399808 0.931147
vt 0.993827 0.251696
vt 0.999942 0.251696
vt 0.993827 0.024891
vt 0.987711 0.018668
vt 0.987711 0.024891
vt 0.987711 0.211571
vt 0.993827 0.205348
vt 0.987711 0.205348
vt 0.999942 0.270042
vt 0.993827 0.263927
vt 0.993827 0.270042
vt 0.999942 0.141619
vt 0.993827 0.141619
vt 0.999942 0.630851
vt 0.993827 0.630851
vt 0.993827 0.636966
vt 0.999942 0.630851
vt 0.999942 0.153850
vt 0.993827 0.147735
vt 0.993827 0.153850
vt 0.513692 0.993885
vt 0.519808 0.987662
vt 0.513692 0.987662
vt 0.519808 0.987662
vt 0.525923 0.993885
vt 0.525923 0.987662
vt 0.987604 0.037014
vt 0.981489 0.043237
vt 0.987604 0.043237
vt 0.161498 0.986377
vt 0.167720 0.980155
vt 0.161498 0.980155
vt 0.173943 0.986377
vt 0.173943 0.980155
vt 0.037121 0.969209
vt 0.043237 0.956871
vt 0.037121 0.956871
vt 0.987604 0.055575
vt 0.981489 0.061798
vt 0.987604 0.061798
vt 0.999942 0.166081
vt 0.993827 0.159965
vt 0.993827 0.166081
vt 0.981489 0.061798
vt 0.987604 0.068020
vt 0.987604 0.061798
vt 0.999942 0.166081
vt 0.993827 0.172196
vt 0.999942 0.172196
vt 0.726713 0.980325
vt 0.720598 0.967987
vt 0.720598 0.980325
vt 0.323218 0.950940
vt 0.329441 0.963278
vt 0.329441 0.950940
vt 0.999942 0.178312
vt 0.993827 0.184427
vt 0.999942 0.184427
vt 0.987711 0.217793
vt 0.993827 0.211571
vt 0.987711 0.211571
vt 0.987711 0.217793
vt 0.993827 0.224016
vt 0.993827 0.217793
vt 0.981489 0.074243
vt 0.987604 0.080465
vt 0.987604 0.074243
vt 0.987604 0.283990
vt 0.981382 0.283990
vt 0.479845 0.986722
vt 0.486067 0.980499
vt 0.479845 0.980499
vt 0.055468 0.958710
vt 0.067806 0.952595
vt 0.061690 0.952595
vt 0.975481 0.752406
vt 0.969365 0.764744
vt 0.975481 0.764744
vt 0.993827 0.374004
vt 0.999942 0.367889
vt 0.993827 0.367889
vt 0.981489 0.888017
vt 0.987604 0.894240
vt 0.987604 0.888017
vt 0.743411 0.968054
vt 0.749634 0.955716
vt 0.743411 0.955716
vt 0.043237 0.907518
vt 0.049459 0.944533
vt 0.049459 0.907518
vt 0.048742 0.514048
vt 0.042560 0.513337
vt 0.987604 0.894240
vt 0.981489 0.900463
vt 0.987604 0.900463
vt 0.777464 0.969734
vt 0.783687 0.957396
vt 0.777464 0.957396
vt 0.981382 0.499852
vt 0.987604 0.506074
vt 0.987604 0.499852
vt 0.987604 0.506074
vt 0.981382 0.512297
vt 0.987604 0.512297
vt 0.726606 0.863168
vt 0.732828 0.869283
vt 0.732828 0.850830
vt 0.963250 0.980499
vt 0.957027 0.980499
vt 0.999942 0.031113
vt 0.993827 0.037336
vt 0.999942 0.037336
vt 0.683369 0.895511
vt 0.683369 0.901626
vt 0.689592 0.901626
vt 0.999942 0.043558
vt 0.993827 0.043558
vt 0.981382 0.376471
vt 0.987604 0.382694
vt 0.987604 0.376471
vt 0.987604 0.413807
vt 0.981382 0.420030
vt 0.987604 0.420030
vt 0.987604 0.395139
vt 0.981382 0.401362
vt 0.987604 0.401362
vt 0.993827 0.983181
vt 0.987711 0.976959
vt 0.987711 0.983181
vt 0.993827 0.989404
vt 0.987711 0.983181
vt 0.987711 0.989404
vt 0.969258 0.548989
vt 0.969258 0.561327
vt 0.006115 0.821152
vt -0.000000 0.845828
vt 0.006115 0.827267
vt 0.067806 0.946372
vt 0.074028 0.958710
vt 0.074028 0.952487
vt 0.987604 0.450285
vt 0.981382 0.456508
vt 0.987604 0.456508
vt 0.755642 0.604242
vt 0.761864 0.635141
vt 0.767980 0.647479
vt 0.926129 0.092482
vt 0.919906 0.117158
vt 0.926129 0.135611
vt 0.461498 0.980499
vt 0.467614 0.968161
vt 0.461498 0.968161
vt 0.999942 0.006223
vt 0.993827 0.012445
vt 0.999942 0.012445
vt 0.981382 0.474961
vt 0.987604 0.481184
vt 0.987604 0.474961
vt 0.024676 0.925972
vt 0.030899 0.944425
vt 0.024676 0.919749
vt 0.701930 0.846159
vt 0.689591 0.852274
vt 0.695814 0.852274
vt 0.371676 0.901695
vt 0.377792 0.907810
vt 0.371676 0.895472
vt 0.055385 0.185861
vt 0.060157 0.198829
vt 0.067642 0.187270
vt 0.399808 0.974276
vt 0.405924 0.980392
vt 0.399808 0.968054
vt 0.301200 0.820818
vt 0.309064 0.824767
vt 0.299276 0.815013
vt 0.136500 0.981439
vt 0.142722 0.987662
vt 0.142722 0.981439
vt 0.111042 0.970941
vt 0.136500 0.981439
vt 0.130277 0.987662
vt 0.136500 0.987662
vt 0.858462 0.975793
vt 0.864577 0.982016
vt 0.864577 0.975793
vt 0.944828 0.986507
vt 0.944828 0.980284
vt 0.726713 0.980325
vt 0.720598 0.986548
vt 0.726713 0.986548
vt 0.733846 0.987662
vt 0.739962 0.993885
vt 0.739962 0.987662
vt 0.993827 0.276158
vt 0.999942 0.276158
vt 0.999942 0.196658
vt 0.993827 0.190542
vt 0.993827 0.196658
vt 0.993827 0.814313
vt 0.999942 0.808197
vt 0.993827 0.808197
vt 0.999942 0.294504
vt 0.993827 0.288389
vt 0.993827 0.294504
vt 0.987604 0.086688
vt 0.981489 0.092911
vt 0.987604 0.092911
vt 0.987711 0.448032
vt 0.993827 0.441810
vt 0.987711 0.441810
vt 0.987604 0.000000
vt 0.981489 0.006223
vt 0.987604 0.006223
vt 0.999942 0.208889
vt 0.993827 0.202773
vt 0.993827 0.208889
vt 0.467614 0.943378
vt 0.479952 0.937262
vt 0.473837 0.937262
vt 0.981489 0.099133
vt 0.987604 0.105356
vt 0.987604 0.099133
vt 0.999942 0.208889
vt 0.993827 0.215004
vt 0.999942 0.215004
vt 0.999942 0.086581
vt 0.993827 0.092696
vt 0.999942 0.092696
vt 0.999942 0.221119
vt 0.993827 0.221119
vt 0.999942 0.221119
vt 0.993827 0.227235
vt 0.999942 0.227235
vt 0.993827 0.380120
vt 0.999942 0.386235
vt 0.999942 0.380120
vt 0.743304 0.980392
vt 0.737188 0.968054
vt 0.737188 0.980392
vt 0.987604 0.906685
vt 0.981382 0.290212
vt 0.981489 0.912908
vt 0.987604 0.912908
vt 0.987711 0.448032
vt 0.993827 0.454255
vt 0.993827 0.448032
vt 0.981489 0.197409
vt 0.975373 0.209747
vt 0.981489 0.209747
vt 0.359338 0.833782
vt 0.371676 0.839898
vt 0.371676 0.827560
vt 0.569176 0.869457
vt 0.562953 0.881795
vt 0.569176 0.881795
vt 0.993827 0.460478
vt 0.987711 0.454255
vt 0.987711 0.460478
vt 0.999942 0.820428
vt 0.449160 0.937370
vt 0.461498 0.937370
vt 0.328188 0.509322
vt 0.318525 0.535163
vt 0.755749 0.980392
vt 0.749634 0.968054
vt 0.752193 0.993885
vt 0.758308 0.987662
vt 0.752193 0.987662
vt 0.963143 0.764744
vt 0.969365 0.752406
vt 0.963143 0.752406
vt 0.975373 0.530321
vt 0.975373 0.536544
vt 0.981489 0.542659
vt 0.677253 0.827598
vt 0.683476 0.858497
vt 0.683476 0.852274
vt 0.621786 0.839936
vt 0.621786 0.815260
vt 0.609448 0.815260
vt 0.786433 0.610465
vt 0.780318 0.622803
vt 0.786433 0.635141
vt 0.969365 0.801758
vt 0.920259 0.955823
vt 0.914037 0.968161
vt 0.920259 0.968161
vt 0.296703 0.097178
vt 0.279010 0.105315
vt 0.291279 0.104012
vt 0.280313 0.117584
vt 0.287805 0.129196
vt 0.102013 0.104396
vt 0.078209 0.095394
vt 0.106678 0.117352
vt 0.107389 0.111170
vt 0.313539 0.138869
vt 0.317120 0.113674
vt 0.315817 0.101405
vt 0.115680 0.093548
vt 0.079618 0.083140
vt 0.901806 0.986722
vt 0.895583 0.980499
vt 0.895583 0.986722
vt 0.950805 0.572783
vt 0.957027 0.572783
vt 0.353223 0.889250
vt 0.562953 0.908043
vt 0.556868 0.909343
vt 0.981382 0.413807
vt 0.993827 0.227235
vt 0.993827 0.056004
vt 0.789802 0.932720
vt 0.932244 0.536437
vt 0.919906 0.554890
vt 0.926129 0.554890
vt 0.932244 0.548775
vt 0.547758 0.947605
vt 0.634124 0.975762
vt 0.249882 0.983530
vt 0.018453 0.919749
vt 0.012338 0.938310
vt 0.024676 0.925972
vt 0.538154 0.993885
vt 0.202931 0.963171
vt 0.196708 0.975509
vt 0.646569 0.963209
vt 0.969044 0.437947
vt 0.640347 0.969539
vt 0.963250 0.616473
vt 0.957027 0.635034
vt 0.749526 0.980392
vt 0.250550 0.889250
vt 0.250550 0.901588
vt 0.262888 0.907703
vt 0.269004 0.907703
vt 0.262888 0.883027
vt 0.015632 0.801933
vt 0.981382 0.481184
vt 0.993827 0.049781
vt 0.975481 0.801758
vt 0.907707 0.955823
vt 0.913929 0.955823
vt 0.901591 0.943485
vt 0.981489 0.012338
vt 0.185959 0.986485
vt 0.584879 0.889396
vt 0.584879 0.913964
vt 0.597217 0.913964
vt 0.603332 0.907849
vt 0.603332 0.901734
vt 0.590994 0.889396
vt 0.597217 0.895511
vt 0.993827 0.230239
vt 0.999942 0.636966
vt 0.755642 0.376149
vt 0.755642 0.370034
vt 0.755642 0.363811
vt 0.755642 0.357696
vt 0.755642 0.351473
vt 0.749526 0.351473
vt 0.749526 0.413164
vt 0.749526 0.443955
vt 0.749526 0.345358
vt 0.743304 0.345358
vt 0.743304 0.413164
vt 0.743304 0.431617
vt 0.743304 0.443955
vt 0.755642 0.474854
vt 0.755642 0.487192
vt 0.743304 0.456293
vt 0.743304 0.480969
vt 0.749526 0.493307
vt 0.749526 0.530321
vt 0.749526 0.517983
vt 0.749526 0.505645
vt 0.755642 0.554997
vt 0.755642 0.548775
vt 0.755642 0.561113
vt 0.743304 0.493307
vt 0.743304 0.530321
vt 0.755642 0.579674
vt 0.761864 0.592012
vt 0.761864 0.579674
vt 0.749526 0.604242
vt 0.755642 0.592012
vt 0.743304 0.592012
vt 0.550384 0.987662
vt 0.340015 0.737442
vt 0.999942 0.398466
vt 0.309629 0.102062
vt 0.298006 0.109447
vt 0.306801 0.133327
vt 0.883138 0.980499
vt 0.981382 0.376471
vt 0.848123 0.901765
vt 0.841901 0.901765
vt 0.835785 0.907880
vt 0.835785 0.914103
vt 0.841901 0.926441
vt 0.889360 0.980499
vt 0.316135 0.163301
vt 0.310054 0.163947
vt 0.299088 0.177519
vt 0.313964 0.200754
vt 0.320045 0.200108
vt 0.316792 0.169488
vt 0.196708 0.963171
vt 0.993827 0.242684
vt 0.365561 0.957162
vt 0.359338 0.969501
vt 0.535420 0.980499
vt 0.993827 0.248907
vt 0.993827 0.255129
vt 0.192182 0.986484
vt 0.556500 0.993885
vt 0.689592 0.963209
vt 0.384122 0.858458
vt 0.104820 0.958603
vt 0.975373 0.049352
vt 0.359338 0.932487
vt 0.371676 0.932487
vt 0.371676 0.907810
vt 0.384122 0.969501
vt 0.092482 0.952595
vt 0.092482 0.946372
vt 0.080144 0.958710
vt 0.403615 0.987662
vt 0.804994 0.598127
vt 0.804994 0.579674
vt 0.804994 0.567335
vt 0.804994 0.561113
vt 0.792656 0.616580
vt 0.798771 0.616580
vt 0.798771 0.598127
vt 0.811109 0.554997
vt 0.811109 0.536437
vt 0.786433 0.585789
vt 0.786433 0.592012
vt 0.786433 0.598127
vt 0.798771 0.536437
vt 0.792656 0.567335
vt 0.792656 0.573451
vt 0.798771 0.542659
vt 0.792656 0.554997
vt 0.397500 0.987662
vt 0.467614 0.931147
vt 0.467614 0.918809
vt 0.969365 0.851110
vt 0.045667 0.755818
vt 0.048486 0.731304
vt 0.034819 0.742151
vt 0.036229 0.729894
vt 0.007592 0.763859
vt 0.013667 0.764557
vt 0.007049 0.714119
vt 0.002121 0.756966
vt 0.092482 0.934034
vt 0.092482 0.915581
vt 0.993827 0.416812
vt 0.040458 0.693122
vt 0.956920 0.678271
vt 0.956920 0.635141
vt 0.950805 0.635141
vt 0.950805 0.678271
vt 0.956920 0.690609
vt 0.950805 0.690609
vt 0.956920 0.709062
vt 0.950805 0.709062
vt 0.956920 0.739961
vt 0.950805 0.715285
vt 0.956920 0.820104
vt 0.950805 0.721400
vt 0.956920 0.838558
vt 0.950805 0.727623
vt 0.956920 0.869457
vt 0.950805 0.733738
vt 0.956920 0.887910
vt 0.950805 0.739961
vt 0.956920 0.900248
vt 0.950805 0.746076
vt 0.950805 0.961938
vt 0.956920 0.961938
vt 0.950805 0.758414
vt 0.950805 0.943378
vt 0.950805 0.937262
vt 0.950805 0.795428
vt 0.950805 0.813882
vt 0.950805 0.931040
vt 0.950805 0.900248
vt 0.950805 0.826220
vt 0.950805 0.844781
vt 0.950805 0.894025
vt 0.950805 0.881687
vt 0.609555 0.950871
vt 0.975373 0.943485
vt 0.067806 0.909358
vt 0.080144 0.872344
vt 0.597217 0.975762
vt 0.479952 0.980499
vt 0.486067 0.980499
vt 0.486067 0.968161
vt 0.330580 0.416065
vt 0.353815 0.401189
vt 0.975373 0.049352
vt 0.919906 0.258992
vt 0.919906 0.277445
vt 0.173836 0.980155
vt 0.341887 0.958260
vt 0.975373 0.912693
vt 0.167398 0.943141
vt 0.167398 0.937025
vt 0.155060 0.949363
vt 0.559988 0.966058
vt 0.019306 0.715528
vt 0.010567 0.683529
vt 0.695814 0.963209
vt 0.275226 0.895365
vt 0.220520 0.851895
vt 0.226694 0.851115
vt 0.225147 0.838875
vt 0.231214 0.838108
vt 0.230447 0.832041
vt 0.222053 0.814393
vt 0.215880 0.815173
vt 0.215113 0.809106
vt 0.209046 0.809873
vt 0.209046 0.859509
vt 0.209826 0.865683
vt 0.222067 0.864136
vt 0.213673 0.846488
vt 0.215220 0.858729
vt 0.210593 0.822113
vt 0.095413 0.215303
vt 0.083262 0.213905
vt 0.077080 0.213194
vt 0.075670 0.225452
vt 0.068185 0.237010
vt 0.086518 0.239119
vt 0.068884 0.230935
vt 0.901591 0.943485
vt 0.051568 0.650986
vt 0.045386 0.650275
vt 0.038612 0.655652
vt 0.020279 0.653543
vt 0.014097 0.652832
vt 0.034383 0.692424
vt 0.035081 0.686348
vt 0.053414 0.688457
vt 0.042841 0.618880
vt 0.055468 0.909358
vt 0.055468 0.915473
vt 0.061583 0.915473
vt 0.055468 0.927811
vt 0.055468 0.934034
vt 0.789802 0.969734
vt 0.783687 0.957396
vt 0.479952 0.900355
vt 0.486067 0.924924
vt 0.492290 0.924924
vt 0.492290 0.894133
vt 0.486067 0.888017
vt 0.486175 0.647479
vt 0.473837 0.647479
vt 0.461499 0.684493
vt 0.473837 0.684493
vt 0.473837 0.690609
vt 0.479952 0.702947
vt 0.479952 0.715285
vt 0.479952 0.727623
vt 0.479952 0.739961
vt 0.473837 0.746076
vt 0.467721 0.746076
vt 0.461499 0.752299
vt 0.461499 0.764637
vt 0.461499 0.770752
vt 0.461499 0.783090
vt 0.467721 0.783090
vt 0.467721 0.789313
vt 0.467721 0.795428
vt 0.473837 0.795428
vt 0.473837 0.783090
vt 0.479952 0.783090
vt 0.479952 0.807766
vt 0.486175 0.807766
vt 0.492290 0.795428
vt 0.492290 0.789313
vt 0.492290 0.776975
vt 0.498513 0.758414
vt 0.498513 0.752299
vt 0.498513 0.746076
vt 0.498513 0.715285
vt 0.498513 0.709062
vt 0.461499 0.635141
vt 0.461499 0.647479
vt 0.467721 0.647479
vt 0.473837 0.616580
vt 0.461499 0.616580
vt 0.473837 0.622803
vt 0.486175 0.616580
vt 0.479952 0.616580
vt 0.479952 0.622803
vt 0.479952 0.598127
vt 0.479952 0.604242
vt 0.486175 0.604242
vt 0.486175 0.591904
vt 0.492290 0.591904
vt 0.492290 0.721400
vt 0.492290 0.727623
vt 0.473837 0.561113
vt 0.473837 0.573451
vt 0.486175 0.579674
vt 0.479952 0.561113
vt 0.492290 0.573451
vt 0.492290 0.561113
vt 0.498513 0.610465
vt 0.498513 0.573451
vt 0.498513 0.641256
vt 0.498513 0.628918
vt 0.498513 0.659817
vt 0.498513 0.672155
vt 0.498513 0.696724
vt 0.498513 0.684493
vt 0.486175 0.727623
vt 0.969151 0.111042
vt 0.018453 0.864282
vt 0.796025 0.943485
vt 0.796025 0.949708
vt 0.802247 0.955823
vt 0.749526 0.906471
vt 0.737188 0.906471
vt 0.737188 0.912693
vt 0.737188 0.918809
vt 0.749526 0.931147
vt 0.615671 0.944756
vt 0.436822 0.918702
vt 0.275226 0.883027
vt 0.275226 0.858351
vt 0.269111 0.858351
vt 0.269111 0.864466
vt 0.269111 0.876804
vt 0.269111 0.883027
vt 0.256773 0.883027
vt 0.262888 0.883027
vt 0.256773 0.876804
vt 0.262888 0.858351
vt 0.250550 0.858351
vt 0.256773 0.870689
vt 0.250550 0.864466
vt 0.092482 0.872344
vt 0.944721 0.727623
vt 0.944721 0.715285
vt 0.938605 0.752299
vt 0.944721 0.752299
vt 0.529197 0.955823
vt 0.535420 0.955823
vt 0.529197 0.925032
vt 0.529197 0.931147
vt 0.436822 0.912586
vt 0.436822 0.900248
vt 0.430707 0.900248
vt 0.424484 0.912586
vt 0.039311 0.649576
vt 0.000000 0.775405
vt 0.004074 0.794448
vt 0.010149 0.795147
vt 0.020996 0.808814
vt 0.022406 0.796557
vt 0.028481 0.797256
vt 0.036073 0.785709
vt 0.243659 0.964970
vt 0.981381 0.376257
vt 0.975266 0.363919
vt 0.883138 0.980499
vt 0.165575 0.037190
vt 0.171757 0.037901
vt 0.173167 0.025643
vt 0.167684 0.018857
vt 0.155426 0.017447
vt 0.166274 0.031114
vt 0.160199 0.030416
vt 0.134985 0.033672
vt 0.154017 0.029705
vt 0.154728 0.023523
vt 0.135684 0.027596
vt 0.130213 0.020703
vt 0.129502 0.026885
vt 0.136395 0.021414
vt 0.142470 0.022113
vt 0.143169 0.016038
vt 0.156137 0.011265
vt 0.150062 0.010567
vt 0.755642 0.511761
vt 0.755642 0.499423
vt 0.969258 0.955823
vt 0.932244 0.166510
vt 0.926129 0.160287
vt 0.926129 0.147949
vt 0.919906 0.135611
vt 0.919906 0.147949
vt 0.919906 0.160287
vt 0.919906 0.172625
vt 0.919906 0.209639
vt 0.919906 0.221978
vt 0.919906 0.228093
vt 0.155168 0.980155
vt 0.683476 0.969539
vt 0.327638 0.620939
vt 0.334812 0.688472
vt 0.341539 0.693907
vt 0.347727 0.693250
vt 0.346424 0.680981
vt 0.345121 0.668712
vt 0.343171 0.650362
vt 0.335680 0.638750
vt 0.358914 0.623874
vt 0.358257 0.617686
vt 0.346645 0.625178
vt 0.324607 0.534517
vt 0.325253 0.540598
vt 0.340996 0.514111
vt 0.919906 0.289783
vt 0.919906 0.295898
vt 0.919906 0.302121
vt 0.919906 0.320575
vt 0.919906 0.326797
vt 0.926129 0.480969
vt 0.926129 0.450070
vt 0.919906 0.376149
vt 0.919906 0.394603
vt 0.926129 0.394603
vt 0.926129 0.443955
vt 0.919906 0.425394
vt 0.919906 0.431617
vt 0.919906 0.419279
vt 0.913929 0.647479
vt 0.907814 0.647479
vt 0.907814 0.672155
vt 0.913929 0.672155
vt 0.913929 0.659817
vt 0.926267 0.653594
vt 0.926267 0.665932
vt 0.932490 0.665932
vt 0.932490 0.647479
vt 0.907814 0.635141
vt 0.913929 0.635141
vt 0.926267 0.647479
vt 0.926267 0.635141
vt 0.932490 0.635141
vt 0.901591 0.592012
vt 0.901591 0.604350
vt 0.938605 0.604350
vt 0.938605 0.592012
vt 0.907814 0.598127
vt 0.907814 0.592012
vt 0.932490 0.592012
vt 0.849797 0.207964
vt 0.843624 0.208750
vt 0.850621 0.263774
vt 0.852910 0.232443
vt 0.829670 0.618097
vt 0.823447 0.618097
vt 0.817332 0.661334
vt 0.823447 0.667449
vt 0.231214 0.958747
vt 0.962928 0.505753
vt 0.504628 0.968268
vt 0.664915 0.975762
vt 0.658800 0.963424
vt 0.055254 0.564475
vt 0.358479 0.561883
vt 0.360756 0.524419
vt 0.352947 0.450912
vt 0.359028 0.450265
vt 0.366627 0.579683
vt 0.351751 0.556448
vt 0.349791 0.537991
vt 0.331662 0.484138
vt 0.331016 0.478056
vt 0.315261 0.504437
vt 0.326884 0.497053
vt 0.755642 0.715285
vt 0.749419 0.715285
vt 0.749419 0.739961
vt 0.755642 0.739961
vt 0.749419 0.665932
vt 0.749419 0.702947
vt 0.755642 0.702947
vt 0.743304 0.659817
vt 0.743304 0.665932
vt 0.761757 0.665932
vt 0.761757 0.659817
vt 0.780318 0.659817
vt 0.767980 0.659817
vt 0.780318 0.665932
vt 0.767980 0.702947
vt 0.774095 0.702947
vt 0.774095 0.739961
vt 0.774095 0.715285
vt 0.767980 0.715285
vt 0.767980 0.739961
vt 0.774095 0.776975
vt 0.774095 0.752299
vt 0.767980 0.752299
vt 0.767980 0.776975
vt 0.774095 0.820104
vt 0.774095 0.789206
vt 0.767980 0.789206
vt 0.749419 0.820104
vt 0.761757 0.789206
vt 0.749419 0.789206
vt 0.761757 0.770752
vt 0.749419 0.776975
vt 0.755642 0.776975
vt 0.749419 0.752299
vt 0.755642 0.752299
vt 0.504628 0.894133
vt 0.510743 0.894133
vt 0.510743 0.888017
vt 0.498405 0.900355
vt 0.492290 0.900355
vt 0.492290 0.906471
vt 0.498405 0.912693
vt 0.510743 0.912693
vt 0.510743 0.906471
vt 0.104820 0.933927
vt 0.975373 0.037014
vt 0.209046 0.963171
vt 0.336762 0.706822
vt 0.969365 0.740068
vt 0.858354 0.414573
vt 0.858354 0.396120
vt 0.852239 0.396120
vt 0.852239 0.470041
vt 0.858354 0.420796
vt 0.852239 0.488601
vt 0.858354 0.457703
vt 0.852239 0.550292
vt 0.858354 0.470041
vt 0.852239 0.618097
vt 0.858354 0.476263
vt 0.852239 0.642773
vt 0.858354 0.488601
vt 0.852239 0.772269
vt 0.858354 0.500939
vt 0.852239 0.796838
vt 0.858354 0.507055
vt 0.852239 0.858528
vt 0.858354 0.519393
vt 0.852239 0.877089
vt 0.858354 0.531731
vt 0.852239 0.895542
vt 0.858354 0.544069
vt 0.852239 0.944894
vt 0.858354 0.944894
vt 0.858354 0.556407
vt 0.858354 0.932556
vt 0.858354 0.926334
vt 0.858354 0.574860
vt 0.858354 0.581083
vt 0.858354 0.920218
vt 0.858354 0.913996
vt 0.858354 0.587198
vt 0.858354 0.593421
vt 0.858354 0.901658
vt 0.858354 0.895542
vt 0.858354 0.605759
vt 0.858354 0.611874
vt 0.858354 0.883204
vt 0.858354 0.852413
vt 0.858354 0.618097
vt 0.858354 0.624213
vt 0.858354 0.846190
vt 0.858354 0.827737
vt 0.858354 0.642773
vt 0.858354 0.655111
vt 0.858354 0.809176
vt 0.858354 0.803061
vt 0.858354 0.673565
vt 0.858354 0.685903
vt 0.858354 0.790722
vt 0.858354 0.778384
vt 0.858354 0.704356
vt 0.969044 0.277552
vt 0.591102 0.969539
vt 0.436822 0.955608
vt 0.330359 0.471869
vt 0.316786 0.460903
vt 0.269004 0.926156
vt 0.269004 0.907703
vt 0.262888 0.907703
vt 0.262888 0.944717
vt 0.269004 0.944717
vt 0.774202 0.912586
vt 0.221384 0.902697
vt 0.215269 0.896474
vt 0.209046 0.927373
vt 0.963143 0.567335
vt 0.360326 0.753949
vt 0.352284 0.736138
vt 0.352941 0.742326
vt 0.354244 0.754595
vt 0.355548 0.766864
vt 0.368356 0.771653
vt 0.356851 0.779133
vt 0.358801 0.797483
vt 0.054107 0.520929
vt 0.384014 0.876912
vt 0.384014 0.858458
vt 0.359338 0.876912
vt 0.365561 0.883134
vt 0.377899 0.883134
vt 0.130384 0.969101
vt 0.829670 0.686010
vt 0.817332 0.667449
vt 0.823447 0.698241
vt 0.829670 0.704463
vt 0.829670 0.753816
vt 0.817332 0.716802
vt 0.817332 0.766154
vt 0.823447 0.840075
vt 0.969365 0.826434
vt 0.695814 0.901519
vt 0.708152 0.901519
vt 0.708152 0.889181
vt 0.701930 0.889181
vt 0.701930 0.883066
vt 0.695814 0.876950
vt 0.689591 0.876950
vt 0.689591 0.895404
vt 0.281449 0.963171
vt 0.387470 0.875572
vt 0.405924 0.875572
vt 0.405924 0.869457
vt 0.399808 0.832443
vt 0.335249 0.167528
vt 0.334592 0.161340
vt 0.328404 0.161997
vt 0.343280 0.185232
vt 0.341330 0.166882
vt 0.332314 0.198804
vt 0.338502 0.198147
vt 0.337199 0.185878
vt 0.328840 0.223988
vt 0.332972 0.204992
vt 0.325916 0.255372
vt 0.332104 0.254714
vt 0.329497 0.230176
vt 0.324613 0.243103
vt 0.311040 0.232137
vt 0.318532 0.243749
vt 0.298878 0.233429
vt 0.310383 0.225949
vt 0.300392 0.189788
vt 0.296271 0.208891
vt 0.277157 0.204664
vt 0.277814 0.210852
vt 0.284002 0.210194
vt 0.287912 0.247001
vt 0.291387 0.221817
vt 0.270544 0.025620
vt 0.258921 0.033005
vt 0.817332 0.457810
vt 0.829670 0.482486
vt 0.835785 0.408458
vt 0.835785 0.396120
vt 0.829670 0.396120
vt 0.829670 0.402342
vt 0.817332 0.396120
vt 0.811109 0.396120
vt 0.811109 0.408458
vt 0.969258 0.598449
vt 0.963143 0.579888
vt 0.038593 0.494306
vt 0.963143 0.980499
vt 0.944828 0.967946
vt 0.975266 0.524313
vt 0.821845 0.379370
vt 0.749526 0.277552
vt 0.293886 0.128550
vt 0.541642 0.959943
vt 0.535420 0.972281
vt 0.329441 0.927469
vt 0.329441 0.933584
vt 0.329441 0.908908
vt 0.329441 0.915131
vt 0.335557 0.915131
vt 0.043237 0.958710
vt 0.161390 0.980155
vt 0.377151 0.795534
vt 0.383232 0.794888
vt 0.381929 0.782619
vt 0.374544 0.770996
vt 0.377797 0.801615
vt 0.366185 0.809106
vt 0.372266 0.808460
vt 0.344798 0.433112
vt 0.332529 0.434415
vt 0.335136 0.458953
vt 0.043103 0.563077
vt 0.030846 0.561667
vt 0.029436 0.573925
vt 0.027328 0.592257
vt 0.033403 0.592956
vt 0.065390 0.584323
vt 0.993827 0.056004
vt 0.371829 0.628652
vt 0.363692 0.610959
vt 0.342089 0.582290
vt 0.342735 0.588371
vt 0.341432 0.576102
vt 0.340786 0.570021
vt 0.032954 0.543335
vt 0.035075 0.524896
vt 0.028893 0.524185
vt 0.049877 0.557700
vt 0.043802 0.557002
vt 0.652685 0.963317
vt 0.658800 0.944756
vt 0.627901 0.944863
vt 0.808363 0.813989
vt 0.802140 0.813989
vt 0.796025 0.826327
vt 0.796025 0.838558
vt 0.802140 0.869457
vt 0.817332 0.938672
vt 0.823447 0.938672
vt 0.811109 0.920218
vt 0.129496 0.933927
vt 0.817332 0.963348
vt 0.045798 0.377204
vt 0.059465 0.366357
vt 0.042542 0.351991
vt 0.034794 0.419353
vt 0.055946 0.396947
vt 0.057356 0.384689
vt 0.045099 0.383280
vt 0.040870 0.420051
vt 0.043689 0.395537
vt 0.049871 0.396248
vt 0.048461 0.408505
vt 0.075689 0.386798
vt 0.062827 0.391582
vt 0.062128 0.397658
vt 0.081871 0.387509
vt 0.067493 0.404538
vt 0.080461 0.399766
vt 0.080186 0.455676
vt 0.083006 0.431161
vt 0.071292 0.479491
vt 0.056926 0.496414
vt 0.045380 0.488823
vt 0.044669 0.495005
vt 0.057637 0.490232
vt 0.066794 0.410614
vt 0.064673 0.429053
vt 0.061155 0.459642
vt 0.053670 0.471201
vt 0.281449 0.969179
vt 0.275334 0.950725
vt 0.969151 0.037014
vt 0.449160 0.968161
vt 0.306149 0.418661
vt 0.492290 0.912694
vt 0.492290 0.918916
vt 0.498405 0.918916
vt 0.492290 0.925032
vt 0.492290 0.931254
vt 0.572541 0.907742
vt 0.584879 0.907742
vt 0.584879 0.901626
vt 0.578656 0.901626
vt 0.584879 0.889288
vt 0.584879 0.883066
vt 0.572541 0.883066
vt 0.566426 0.889288
vt 0.566426 0.901626
vt 0.061417 0.403839
vt 0.969151 0.104820
vt 0.969151 0.049352
vt 0.969151 0.000000
vt 0.962928 0.000000
vt 0.962928 0.012338
vt 0.962928 0.024676
vt 0.962928 0.055575
vt 0.962928 0.252876
vt 0.969151 0.252876
vt 0.962928 0.067806
vt 0.962928 0.080144
vt 0.962928 0.123380
vt 0.962928 0.154172
vt 0.962928 0.166510
vt 0.962928 0.191186
vt 0.962928 0.203524
vt 0.962928 0.228200
vt 0.085389 0.356919
vt 0.087497 0.338586
vt 0.079207 0.356208
vt 0.072421 0.361691
vt 0.074541 0.343252
vt 0.075240 0.337177
vt 0.090753 0.363800
vt 0.065104 0.317328
vt 0.066513 0.305070
vt 0.067923 0.292813
vt 0.061573 0.348024
vt 0.324277 0.472515
vt 0.323842 0.410523
vt 0.328409 0.453518
vt 0.327106 0.441249
vt 0.584879 0.944863
vt 0.498405 0.968268
vt 0.079451 0.139059
vt 0.073980 0.132166
vt 0.072570 0.144423
vt 0.084827 0.145833
vt 0.096374 0.153425
vt 0.112860 0.118063
vt 0.118935 0.118761
vt 0.120345 0.106504
vt 0.114270 0.105805
vt 0.191967 0.967924
vt 0.652577 0.963317
vt 0.671031 0.963317
vt 0.969365 0.826434
vt 0.535420 0.888017
vt 0.529197 0.888017
vt 0.529197 0.925031
vt 0.535420 0.925031
vt 0.932244 0.406941
vt 0.938467 0.431617
vt 0.944582 0.437840
vt 0.944582 0.419279
vt 0.944582 0.382265
vt 0.944582 0.370034
vt 0.071423 0.100877
vt 0.070013 0.113135
vt 0.076088 0.113833
vt 0.467614 0.949600
vt 0.461498 0.968161
vt 0.720490 0.967987
vt 0.304765 0.876912
vt 0.304765 0.889250
vt 0.310988 0.889250
vt 0.310988 0.883134
vt 0.323326 0.889250
vt 0.329441 0.889250
vt 0.329441 0.876912
vt 0.323326 0.864574
vt 0.310988 0.864574
vt 0.944582 0.468631
vt 0.932244 0.413164
vt 0.944582 0.480969
vt 0.938467 0.517983
vt 0.944582 0.517983
vt 0.944582 0.505645
vt 0.932244 0.431617
vt 0.932244 0.437840
vt 0.944582 0.542659
vt 0.944582 0.530321
vt 0.944582 0.567335
vt 0.932244 0.456293
vt 0.932244 0.567335
vt 0.932244 0.536437
vt 0.870800 0.968161
vt 0.640347 0.920080
vt 0.652685 0.920080
vt 0.658800 0.913964
vt 0.658800 0.907849
vt 0.652685 0.895511
vt 0.164864 0.043372
vt 0.981596 0.659817
vt 0.486067 0.980499
vt 0.969258 0.968161
vt 0.323417 0.348639
vt 0.190039 0.845828
vt 0.969043 0.259099
vt 0.969043 0.252876
vt 0.962928 0.252876
vt 0.962928 0.271437
vt 0.969043 0.296113
vt 0.962928 0.308451
vt 0.969043 0.326905
vt 0.962928 0.320682
vt 0.969043 0.351581
vt 0.962928 0.326905
vt 0.969043 0.407048
vt 0.962928 0.345358
vt 0.969043 0.474854
vt 0.962928 0.351581
vt 0.962928 0.505753
vt 0.969043 0.505753
vt 0.962928 0.370034
vt 0.962928 0.474854
vt 0.962928 0.462516
vt 0.962928 0.376257
vt 0.969258 0.635141
vt 0.963143 0.653702
vt 0.209046 0.944717
vt 0.209046 0.938495
vt 0.196708 0.950833
vt 0.981596 0.752406
vt 0.901591 0.943485
vt 0.016206 0.634500
vt 0.036766 0.618181
vt 0.024508 0.616772
vt 0.022388 0.635211
vt 0.026617 0.598439
vt 0.975373 0.098704
vt 0.584879 0.926195
vt 0.578764 0.907742
vt 0.584879 0.944756
vt 0.749526 0.067806
vt 0.749526 0.055575
vt 0.749526 0.018561
vt 0.749526 -0.000000
vt 0.743304 -0.000000
vt 0.743304 0.074028
vt 0.743304 0.117158
vt 0.743304 0.209639
vt 0.743304 0.265214
vt 0.749526 0.074028
vt 0.749526 0.117158
vt 0.749526 0.098704
vt 0.749526 0.092482
vt 0.755642 0.339135
vt 0.755642 0.333020
vt 0.755642 0.326797
vt 0.749526 0.141834
vt 0.749526 0.123380
vt 0.749526 0.160395
vt 0.749526 0.221978
vt 0.755642 0.296006
vt 0.755642 0.252876
vt 0.755642 0.308344
vt 0.932244 0.536437
vt 0.919906 0.536437
vt 0.919906 0.530214
vt 0.919906 0.443955
vt 0.919906 0.462408
vt 0.919906 0.517876
vt 0.919906 0.499423
vt 0.341779 0.952145
vt 0.341779 0.945922
vt 0.329441 0.958260
vt 0.963035 0.888017
vt 0.956920 0.888017
vt 0.956920 0.912693
vt 0.761864 0.931147
vt 0.761864 0.937262
vt 0.768087 0.943485
vt 0.215269 0.927373
vt 0.177832 0.038599
vt 0.170347 0.050158
vt 0.169636 0.056340
vt 0.181894 0.057750
vt 0.183303 0.045492
vt 0.187969 0.058448
vt 0.963143 0.715392
vt 0.969258 0.567443
vt 0.855451 0.350222
vt 0.861517 0.349450
vt 0.859961 0.337211
vt 0.864577 0.324186
vt 0.859136 0.281401
vt 0.857779 0.368528
vt 0.811109 0.343423
vt 0.811881 0.349490
vt 0.857579 0.269162
vt 0.846684 0.183486
vt 0.845127 0.171246
vt 0.828072 0.086461
vt 0.824333 0.105539
vt 0.825118 0.111712
vt 0.825890 0.117778
vt 0.826675 0.123951
vt 0.829774 0.148324
vt 0.823349 0.341867
vt 0.830972 0.353335
vt 0.829415 0.341095
vt 0.842426 0.345605
vt 0.836253 0.346390
vt 0.837038 0.352563
vt 0.833673 0.178976
vt 0.836786 0.203454
vt 0.837557 0.209521
vt 0.839899 0.227933
vt 0.841442 0.240066
vt 0.842227 0.246239
vt 0.842998 0.252306
vt 0.845340 0.270718
vt 0.846111 0.276785
vt 0.847668 0.289024
vt 0.848453 0.295197
vt 0.847721 0.338767
vt 0.841655 0.339539
vt 0.850781 0.313503
vt 0.845393 0.320461
vt 0.267823 0.174691
vt 0.270430 0.199229
vt 0.276511 0.198583
vt 0.284224 0.154391
vt 0.278143 0.155037
vt 0.272601 0.161776
vt 0.161069 0.869219
vt 0.166381 0.866188
vt 0.151065 0.839352
vt 0.156469 0.836268
vt 0.153438 0.830957
vt 0.158749 0.827925
vt 0.166381 0.816405
vt 0.163349 0.811094
vt 0.158038 0.814125
vt 0.155007 0.808814
vt 0.149602 0.811898
vt 0.142722 0.837072
vt 0.144949 0.828637
vt 0.148034 0.834041
vt 0.147322 0.820241
vt 0.093847 0.283375
vt 0.256773 0.907703
vt 0.250550 0.907703
vt 0.256773 0.932379
vt 0.262888 0.920041
vt 0.262888 0.913818
vt 0.070031 0.274481
vt 0.076213 0.275192
vt 0.076924 0.269010
vt 0.059883 0.254738
vt 0.051699 0.272372
vt 0.323219 0.920148
vt 0.323219 0.913926
vt 0.317103 0.913926
vt 0.317103 0.920148
vt 0.317103 0.944825
vt 0.323219 0.944825
vt 0.424592 0.967946
vt 0.287564 0.975509
vt 0.071005 0.212496
vt 0.079033 0.250677
vt 0.066065 0.255449
vt 0.059446 0.205011
vt 0.299524 0.239510
vt 0.319835 0.256018
vt 0.314939 0.268837
vt 0.300827 0.251779
vt 0.297246 0.276975
vt 0.291811 0.283702
vt 0.308858 0.269483
vt 0.306041 0.300855
vt 0.322430 0.280449
vt 0.318203 0.299563
vt 0.346652 0.333763
vt 0.344691 0.315306
vt 0.294418 0.308240
vt 0.309951 0.337662
vt 0.343177 0.358947
vt 0.330908 0.360251
vt 0.318639 0.361554
vt 0.975266 0.302228
vt 0.677253 0.840043
vt 0.677253 0.809145
vt 0.671138 0.809145
vt 0.671138 0.815367
vt 0.664915 0.815367
vt 0.664915 0.827705
vt 0.664915 0.840043
vt 0.652577 0.840043
vt 0.658800 0.840043
vt 0.658800 0.833821
vt 0.658800 0.821483
vt 0.652577 0.821483
vt 0.981381 0.376257
vt 0.975266 0.388595
vt 0.944582 0.314459
vt 0.944582 0.308344
vt 0.932244 0.308344
vt 0.932244 0.314459
vt 0.944582 0.326797
vt 0.932244 0.333020
vt 0.932244 0.370034
vt 0.804994 0.666040
vt 0.798771 0.666040
vt 0.798771 0.672155
vt 0.792656 0.672155
vt 0.792656 0.666040
vt 0.786540 0.666040
vt 0.786540 0.752299
vt 0.792656 0.758522
vt 0.786540 0.758522
vt 0.786540 0.807766
vt 0.780318 0.807766
vt 0.780318 0.813989
vt 0.792656 0.813989
vt 0.792656 0.807766
vt 0.804994 0.807766
vt 0.804994 0.813989
vt 0.811109 0.813989
vt 0.804994 0.758522
vt 0.804994 0.752299
vt 0.811109 0.752299
vt 0.811109 0.721507
vt 0.811109 0.659817
vt 0.804994 0.659817
vt 0.811109 0.696831
vt 0.708152 0.920080
vt 0.708152 0.907742
vt 0.689591 0.901519
vt 0.640239 0.957201
vt 0.634017 0.944863
vt 0.627901 0.950979
vt 0.430600 0.894133
vt 0.442938 0.894133
vt 0.442938 0.887910
vt 0.455276 0.887910
vt 0.455276 0.875572
vt 0.461391 0.875572
vt 0.467614 0.857119
vt 0.467614 0.844781
vt 0.461391 0.844781
vt 0.461391 0.826220
vt 0.455276 0.826220
vt 0.424484 0.900248
vt 0.430600 0.900248
vt 0.455276 0.813882
vt 0.442938 0.813882
vt 0.442938 0.807766
vt 0.412146 0.813882
vt 0.405924 0.887910
vt 0.405924 0.894133
vt 0.424484 0.894133
vt 0.399808 0.813882
vt 0.399808 0.820105
vt 0.393586 0.820105
vt 0.393586 0.826220
vt 0.387470 0.826220
vt 0.405924 0.832443
vt 0.405924 0.826220
vt 0.393586 0.887910
vt 0.412146 0.881795
vt 0.412146 0.875572
vt 0.436715 0.820105
vt 0.436715 0.826220
vt 0.442938 0.826220
vt 0.442938 0.832443
vt 0.449053 0.832443
vt 0.442938 0.869457
vt 0.442938 0.875572
vt 0.436715 0.875572
vt 0.969151 0.530321
vt 0.932244 0.080144
vt 0.932244 0.000000
vt 0.926129 0.000000
vt 0.919906 0.037014
vt 0.919906 0.092482
vt 0.919906 0.073921
vt 0.981381 0.450285
vt 0.293787 0.946511
vt 0.293787 0.952626
vt 0.300010 0.952626
vt 0.300010 0.927950
vt 0.293787 0.927950
vt 0.108369 0.210637
vt 0.083961 0.207830
vt 0.096111 0.209228
vt 0.077361 0.318737
vt 0.084135 0.313361
vt 0.089774 0.264332
vt 0.087665 0.282664
vt 0.085108 0.251376
vt 0.110935 0.909358
vt 0.104820 0.909358
vt 0.110935 0.933927
vt 0.117158 0.927812
vt 0.117158 0.915473
vt 0.346214 0.938383
vt 0.352437 0.938383
vt 0.358552 0.926045
vt 0.492290 0.955930
vt 0.987604 0.290212
vt 0.987604 0.302228
vt 0.993827 0.273797
vt 0.969258 0.647479
vt 0.658800 0.901734
vt 0.658800 0.920294
vt 0.677253 0.920294
vt 0.776654 0.987662
vt 0.412254 0.967946
vt 0.043237 0.969209
vt 0.037121 0.981547
vt 0.969258 0.653702
vt 0.963143 0.672262
vt 0.975373 0.012338
vt 0.708152 0.815260
vt 0.714267 0.815260
vt 0.714267 0.809145
vt 0.689591 0.809145
vt 0.689591 0.815260
vt 0.695814 0.815260
vt 0.695814 0.821483
vt 0.689591 0.821483
vt 0.689591 0.839936
vt 0.714267 0.833821
vt 0.714267 0.821483
vt 0.695814 0.839936
vt 0.695814 0.827598
vt 0.708152 0.833821
vt 0.708152 0.839936
vt 0.999942 0.429043
vt 0.371676 0.944825
vt 0.371676 0.950940
vt 0.377792 0.957163
vt 0.568731 0.987662
vt 0.523081 0.968161
vt 0.640347 0.963209
vt 0.118780 0.174577
vt 0.120189 0.162319
vt 0.114008 0.161608
vt 0.101052 0.166274
vt 0.094976 0.165575
vt 0.122036 0.199790
vt 0.124855 0.175275
vt 0.114551 0.211348
vt 0.080598 0.182605
vt 0.079900 0.188680
vt 0.714268 0.844714
vt 0.720490 0.869283
vt 0.720490 0.875506
vt 0.726606 0.875506
vt 0.726606 0.838491
vt 0.720490 0.838491
vt 0.732828 0.844714
vt 0.726606 0.844714
vt 0.726606 0.869283
vt 0.720490 0.863168
vt 0.726606 0.850830
vt 0.981596 0.826434
vt 0.975481 0.838772
vt 0.344906 0.550918
vt 0.726713 0.967987
vt 0.969043 0.487299
vt 0.086259 0.909358
vt 0.876915 0.918809
vt 0.876915 0.912586
vt 0.870800 0.912586
vt 0.864577 0.918809
vt 0.864577 0.924924
vt 0.870800 0.931147
vt 0.876915 0.931147
vt 0.615670 0.944756
vt 0.621786 0.944756
vt 0.621786 0.920080
vt 0.409730 0.993885
vt 0.993827 0.441274
vt 0.969473 0.986722
vt 0.597217 0.944863
vt 0.114706 0.155533
vt 0.093566 0.177832
vt 0.065784 0.149906
vt 0.058204 0.161346
vt 0.057494 0.167528
vt 0.975373 0.197409
vt 0.788885 0.987662
vt 0.795000 0.993885
vt 0.795000 0.993885
vt 0.689591 0.913964
vt 0.689591 0.907849
vt 0.683369 0.907849
vt 0.677253 0.913964
vt 0.677253 0.926302
vt 0.683369 0.932525
vt 0.689591 0.932525
vt 0.801116 0.987662
vt 0.315489 0.157219
vt 0.327758 0.155916
vt 0.327112 0.149835
vt 0.321031 0.150481
vt 0.319727 0.138212
vt 0.282920 0.142122
vt 0.603332 0.963424
vt 0.987604 0.320789
vt 0.987711 0.286243
vt 0.993827 0.031113
vt 0.999942 0.649197
vt 0.473729 0.888017
vt 0.467614 0.912586
vt 0.467614 0.924924
vt 0.473729 0.924924
vt 0.479952 0.918809
vt 0.634124 0.913964
vt 0.640239 0.913964
vt 0.634124 0.876950
vt 0.627901 0.889288
vt 0.627901 0.901626
vt 0.409730 0.993885
vt 0.807231 0.993885
vt 0.819462 0.987662
vt 0.811109 0.840075
vt 0.811109 0.870866
vt 0.817225 0.876982
vt 0.829563 0.876982
vt 0.829563 0.870866
vt 0.823447 0.864644
vt 0.817225 0.840075
vt 0.975266 0.474961
vt 0.430922 0.967946
vt 0.716716 0.648870
vt 0.722813 0.648392
vt 0.721849 0.636091
vt 0.727088 0.623305
vt 0.702488 0.625233
vt 0.688737 0.607693
vt 0.691151 0.638497
vt 0.695427 0.613410
vt 0.694941 0.607207
vt 0.702966 0.631330
vt 0.913929 0.554993
vt 0.907814 0.554993
vt 0.901591 0.585785
vt 0.627901 0.895511
vt 0.621786 0.932525
vt 0.811109 0.001557
vt 0.816550 0.044341
vt 0.823402 0.049743
vt 0.829575 0.048958
vt 0.827233 0.030545
vt 0.243659 0.946516
vt 0.876915 0.931147
vt 0.950805 0.542767
vt 0.993827 0.062227
vt 0.316457 0.398901
vt 0.328619 0.397608
vt 0.314508 0.380550
vt 0.310926 0.405746
vt 0.999942 0.826544
vt 0.159500 0.036491
vt 0.149089 0.072552
vt 0.155271 0.073263
vt 0.151197 0.054219
vt 0.128804 0.032961
vt 0.123427 0.026186
vt 0.132166 0.058186
vt 0.138241 0.058885
vt 0.138940 0.052809
vt 0.122017 0.038444
vt 0.109760 0.037034
vt 0.108350 0.049291
vt 0.114426 0.049990
vt 0.125285 0.063550
vt 0.131467 0.064261
vt 0.113727 0.056065
vt 0.107651 0.055367
vt 0.106953 0.061442
vt 0.094696 0.060032
vt 0.097503 0.035624
vt 0.085245 0.034215
vt 0.085956 0.028033
vt 0.079881 0.027334
vt 0.080580 0.021259
vt 0.074398 0.020548
vt 0.075109 0.014366
vt 0.053957 0.036772
vt 0.053246 0.042954
vt 0.047064 0.042243
vt 0.047775 0.036061
vt 0.041700 0.035362
vt 0.035518 0.034651
vt 0.034108 0.046908
vt 0.033409 0.052984
vt 0.117800 0.075109
vt 0.123876 0.075808
vt 0.117089 0.081291
vt 0.092575 0.078471
vt 0.076363 0.057924
vt 0.075652 0.064106
vt 0.081727 0.064804
vt 0.028033 0.046210
vt 0.029442 0.033952
vt 0.023260 0.033241
vt 0.022549 0.039423
vt 0.020441 0.057756
vt 0.026623 0.058467
vt 0.027334 0.052285
vt 0.025924 0.064542
vt 0.019742 0.063831
vt 0.031289 0.071423
vt 0.070880 0.051137
vt 0.070181 0.057213
vt 0.065503 0.044363
vt 0.064804 0.050439
vt 0.058622 0.049728
vt 0.059321 0.043652
vt 0.038181 0.065952
vt 0.037470 0.072134
vt 0.043546 0.072832
vt 0.051137 0.061286
vt 0.421961 0.987662
vt 0.975266 0.437947
vt 0.993827 0.292465
vt 0.523081 0.968161
vt 0.580961 0.993885
vt 0.993827 0.465735
vt 0.030899 0.913634
vt 0.030899 0.919856
vt 0.037014 0.932195
vt 0.043237 0.932195
vt 0.037014 0.907518
vt 0.343381 0.594452
vt 0.355650 0.593148
vt 0.373790 0.647109
vt 0.356637 0.661339
vt 0.356308 0.599336
vt 0.357611 0.611605
vt 0.355333 0.649070
vt 0.349252 0.649716
vt 0.366945 0.641578
vt 0.352727 0.624532
vt 0.572541 0.932418
vt 0.578764 0.932418
vt 0.566426 0.907742
vt 0.835641 0.390053
vt 0.836413 0.396120
vt 0.848652 0.394563
vt 0.853947 0.387725
vt 0.829575 0.390825
vt 0.820289 0.367131
vt 0.813437 0.361729
vt 0.981596 0.659817
vt 0.975480 0.672155
vt 0.353223 0.858458
vt 0.359338 0.858458
vt 0.359338 0.846120
vt 0.353223 0.809106
vt 0.347000 0.809106
vt 0.287423 0.987662
vt 0.030899 0.876620
vt 0.030899 0.870504
vt 0.030899 0.895180
vt 0.030899 0.888958
vt 0.018561 0.888958
vt 0.969151 0.943485
vt 0.078771 0.306480
vt 0.310988 0.969501
vt 0.341779 0.939807
vt 0.341779 0.933584
vt 0.329441 0.945922
vt 0.329441 0.976821
vt 0.677253 0.969539
vt 0.914037 0.986722
vt 0.999942 0.563581
vt 0.348056 0.054500
vt 0.341223 0.049076
vt 0.342526 0.061345
vt 0.348714 0.060688
vt 0.350017 0.072957
vt 0.356098 0.072311
vt 0.355441 0.066123
vt 0.354138 0.053854
vt 0.361629 0.065465
vt 0.362286 0.071653
vt 0.368367 0.071007
vt 0.367064 0.058738
vt 0.360326 0.053196
vt 0.371302 0.039731
vt 0.365761 0.046469
vt 0.366407 0.052550
vt 0.375201 0.076431
vt 0.387470 0.075128
vt 0.378030 0.045166
vt 0.385521 0.056777
vt 0.755642 0.857118
vt 0.737188 0.857118
vt 0.737188 0.863234
vt 0.743304 0.875572
vt 0.743304 0.881795
vt 0.755642 0.881795
vt 0.761864 0.875572
vt 0.761864 0.863234
vt 0.173621 0.918464
vt 0.167398 0.949363
vt 0.993827 0.924390
vt 0.761864 0.955823
vt 0.774202 0.949708
vt 0.768087 0.943485
vt 0.987711 0.528927
vt 0.969151 0.912586
vt 0.848231 0.951117
vt 0.848231 0.926441
vt 0.975266 0.277552
vt 0.523081 0.888017
vt 0.510743 0.912693
vt 0.523081 0.912693
vt 0.529197 0.906471
vt 0.529197 0.900355
vt 0.987711 0.560040
vt 0.183752 0.095113
vt 0.196009 0.096523
vt 0.196708 0.090448
vt 0.190633 0.089749
vt 0.192753 0.071310
vt 0.179086 0.082157
vt 0.178375 0.088339
vt 0.184451 0.089038
vt 0.173603 0.075371
vt 0.097846 0.993885
vt 0.428077 0.993885
vt 0.510743 0.980606
vt 0.911193 0.993885
vt 0.975373 0.900355
vt 0.975588 0.610787
vt 0.215269 0.970502
vt 0.227714 0.970502
vt 0.981811 0.617009
vt 0.148945 0.961701
vt 0.142722 0.949363
vt 0.142722 0.955478
vt 0.142722 0.967817
vt 0.566426 0.957094
vt 0.103961 0.987662
vt 0.335664 0.976821
vt 0.920367 0.980499
vt 0.191967 0.924794
vt 0.191967 0.900118
vt 0.185745 0.893896
vt 0.262173 0.063624
vt 0.268361 0.062966
vt 0.269665 0.075235
vt 0.275746 0.074589
vt 0.277049 0.086858
vt 0.313862 0.083001
vt 0.317988 0.063952
vt 0.317331 0.057764
vt 0.323518 0.057107
vt 0.322872 0.051025
vt 0.254800 0.052107
vt 0.255446 0.058189
vt 0.238293 0.072418
vt 0.244481 0.071761
vt 0.242531 0.053411
vt 0.233515 0.085333
vt 0.239596 0.084687
vt 0.232212 0.073064
vt 0.226024 0.073722
vt 0.197354 0.095325
vt 0.209623 0.094021
vt 0.208977 0.087940
vt 0.202789 0.088598
vt 0.196708 0.089244
vt 0.207674 0.075671
vt 0.201486 0.076329
vt 0.213755 0.075025
vt 0.214401 0.081106
vt 0.220589 0.080449
vt 0.227327 0.085991
vt 0.224720 0.061453
vt 0.219943 0.074368
vt 0.211148 0.050487
vt 0.224074 0.055372
vt 0.223417 0.049184
vt 0.234383 0.035611
vt 0.228301 0.036257
vt 0.229605 0.048526
vt 0.328954 0.050379
vt 0.328308 0.044298
vt 0.334495 0.043641
vt 0.340577 0.042995
vt 0.339919 0.036807
vt 0.344158 0.017800
vt 0.337970 0.018457
vt 0.337312 0.012269
vt 0.239924 0.028873
vt 0.233737 0.029530
vt 0.246006 0.028227
vt 0.336666 0.006188
vt 0.336009 0.000000
vt 0.329928 0.000646
vt 0.285419 0.048855
vt 0.284116 0.036586
vt 0.279338 0.049501
vt 0.330585 0.006834
vt 0.324397 0.007491
vt 0.325043 0.013572
vt 0.318962 0.014218
vt 0.319620 0.020406
vt 0.313432 0.021064
vt 0.314078 0.027145
vt 0.307997 0.027791
vt 0.301809 0.028448
vt 0.302466 0.034636
vt 0.296385 0.035282
vt 0.298980 0.059713
vt 0.286065 0.054936
vt 0.279984 0.055582
vt 0.566426 0.944756
vt 0.269111 0.809106
vt 0.256773 0.809106
vt 0.256773 0.846120
vt 0.250550 0.846120
vt 0.275226 0.858351
vt 0.275226 0.846120
vt 0.269111 0.852236
vt 0.269111 0.858351
vt 0.250550 0.858351
vt 0.256773 0.858351
vt 0.068127 0.958710
vt 0.061905 0.971048
vt 0.975588 0.696939
vt 0.103961 0.993885
vt 0.061905 0.971048
vt 0.055682 0.958710
vt 0.467614 0.986614
vt 0.898962 0.993885
vt 0.370645 0.033543
vt 0.364457 0.034200
vt 0.363154 0.021931
vt 0.357073 0.022577
vt 0.359679 0.047115
vt 0.356427 0.016496
vt 0.350239 0.017153
vt 0.353492 0.047773
vt 0.343500 0.011612
vt 0.335141 0.049722
vt 0.346107 0.036150
vt 0.987711 0.566263
vt 0.584879 0.950979
vt 0.584879 0.944756
vt 0.578764 0.963317
vt 0.068127 0.958710
vt 0.774202 0.980499
vt 0.768087 0.968161
vt 0.110077 0.993885
vt 0.749634 0.986614
vt 0.923424 0.993885
vt 0.987711 0.578708
vt 0.829670 0.951010
vt 0.823447 0.957125
vt 0.829670 0.963348
vt 0.842008 0.963455
vt 0.993827 0.311133
vt 0.926160 0.844781
vt 0.926160 0.758521
vt 0.920045 0.758521
vt 0.920045 0.764637
vt 0.920045 0.838665
vt 0.901591 0.826327
vt 0.907707 0.813989
vt 0.901591 0.813989
vt 0.901591 0.752299
vt 0.901591 0.807766
vt 0.907707 0.752299
vt 0.913929 0.764637
vt 0.913929 0.758521
vt 0.434192 0.987662
vt 0.732936 0.949534
vt 0.726713 0.967987
vt 0.572648 0.963317
vt 0.591102 0.969539
vt 0.743304 0.857119
vt 0.761864 0.820104
vt 0.038175 0.605924
vt 0.030584 0.617470
vt 0.031993 0.605213
vt 0.063544 0.546853
vt 0.057362 0.546142
vt 0.055953 0.558399
vt 0.060893 0.515446
vt 0.059483 0.527703
vt 0.050152 0.501791
vt 0.056227 0.502490
vt 0.987711 0.771611
vt 0.783687 0.975956
vt 0.609555 0.975547
vt 0.987711 0.771611
vt 0.122307 0.993885
vt 0.987604 0.327012
vt 0.993827 0.484081
vt 0.720076 0.828720
vt 0.714268 0.830634
vt 0.716181 0.836442
vt 0.721989 0.834529
vt 0.720178 0.809144
vt 0.714268 0.811092
vt 0.727933 0.813141
vt 0.722125 0.815055
vt 0.729847 0.838491
vt 0.735655 0.836578
vt 0.739618 0.828720
vt 0.737704 0.822912
vt 0.250550 0.831081
vt 0.244985 0.828298
vt 0.247719 0.822828
vt 0.244985 0.814624
vt 0.233949 0.809106
vt 0.231214 0.814576
vt 0.236684 0.817311
vt 0.233949 0.822780
vt 0.239515 0.825563
vt 0.236732 0.831129
vt 0.233949 0.850369
vt 0.239515 0.853152
vt 0.231214 0.869753
vt 0.236684 0.872488
vt 0.250502 0.844851
vt 0.732936 0.980325
vt 0.993827 0.012445
vt 0.999942 0.606389
vt 0.935654 0.993885
vt 0.975373 0.061690
vt 0.743411 0.986614
vt 0.876915 0.037014
vt 0.883030 0.037014
vt 0.883030 0.030899
vt 0.889253 0.030899
vt 0.889253 0.006223
vt 0.883030 0.006223
vt 0.883030 0.000000
vt 0.870692 0.000000
vt 0.870692 0.006223
vt 0.864577 0.006223
vt 0.864577 0.030899
vt 0.870692 0.030899
vt 0.883030 0.579674
vt 0.883030 0.573451
vt 0.876915 0.573451
vt 0.870692 0.592012
vt 0.876915 0.592012
vt 0.870692 0.573451
vt 0.870692 0.111042
vt 0.870692 0.567335
vt 0.870692 0.524206
vt 0.870692 0.197409
vt 0.870692 0.277552
vt 0.870692 0.351473
vt 0.317103 0.889250
vt 0.304765 0.889250
vt 0.304765 0.895472
vt 0.310880 0.895472
vt 0.323218 0.907810
vt 0.323218 0.895472
vt 0.317103 0.895472
vt 0.304765 0.907810
vt 0.317103 0.913926
vt 0.941770 0.993885
vt 0.950805 0.314459
vt 0.950805 0.308344
vt 0.944582 0.308344
vt 0.944582 0.382265
vt 0.950805 0.357589
vt 0.944582 0.419279
vt 0.950805 0.369927
vt 0.944582 0.437840
vt 0.950805 0.388487
vt 0.944582 0.487084
vt 0.950805 0.419279
vt 0.944582 0.505645
vt 0.950805 0.431617
vt 0.944582 0.561113
vt 0.950805 0.437840
vt 0.944582 0.635141
vt 0.950805 0.635141
vt 0.950805 0.462408
vt 0.950805 0.628918
vt 0.950805 0.610465
vt 0.950805 0.493307
vt 0.950805 0.517983
vt 0.950805 0.604242
vt 0.950805 0.591904
vt 0.950805 0.524099
vt 0.950805 0.542659
vt 0.950805 0.585789
vt 0.950805 0.573451
vt 0.950805 0.554890
vt 0.981811 0.703054
vt 0.116192 0.987662
vt 0.018453 0.956870
vt 0.018453 0.950648
vt 0.012338 0.969209
vt 0.981811 0.715499
vt 0.541535 0.916706
vt 0.535420 0.916706
vt 0.535420 0.922929
vt 0.547758 0.929044
vt 0.547758 0.922929
vt 0.535420 0.935267
vt 0.541535 0.935267
vt 0.122308 0.993885
vt 0.981811 0.721722
vt 0.128423 0.993885
vt 0.166118 0.086930
vt 0.172905 0.081446
vt 0.153861 0.085520
vt 0.159936 0.086219
vt 0.944721 0.641256
vt 0.938605 0.653594
vt 0.938605 0.678271
vt 0.981811 0.727945
vt 0.510743 0.931254
vt 0.523081 0.912693
vt 0.371784 0.969501
vt 0.947885 0.993885
vt 0.987711 0.591154
vt 0.993827 0.930505
vt 0.179629 0.967924
vt 0.293538 0.993885
vt 0.987711 0.603599
vt 0.134538 0.993885
vt 0.993827 0.936620
vt 0.987711 0.609822
vt 0.152884 0.993885
vt 0.993827 0.329801
vt 0.024676 0.968994
vt 0.117158 0.933927
vt 0.123273 0.933927
vt 0.129496 0.927811
vt 0.129496 0.915473
vt 0.123273 0.909358
vt 0.569176 0.869457
vt 0.569176 0.807766
vt 0.562953 0.850896
vt 0.049597 0.452157
vt 0.040702 0.475973
vt 0.046777 0.476672
vt 0.048187 0.464415
vt 0.042112 0.463716
vt 0.033385 0.431610
vt 0.993827 0.912159
vt 0.987711 0.622267
vt 0.159000 0.993885
vt 0.987711 0.634712
vt 0.165115 1.000000
vt 0.171230 1.000000
vt 0.749634 0.955716
vt 0.342461 1.000000
vt 0.352505 0.680335
vt 0.364774 0.679031
vt 0.371513 0.684573
vt 0.365431 0.685219
vt 0.347081 0.687169
vt 0.386167 0.763611
vt 0.379650 0.702266
vt 0.354455 0.698685
vt 0.367053 0.759384
vt 0.367710 0.765572
vt 0.363800 0.728765
vt 0.367381 0.703570
vt 0.993827 0.784057
vt 0.461391 0.980499
vt 0.993827 0.612505
vt 0.919906 0.191079
vt 0.837808 0.987662
vt 0.993827 0.948851
vt 0.999942 0.581928
vt 0.962928 0.289783
vt 0.962928 0.252876
vt 0.962928 0.228200
vt 0.962928 0.215862
vt 0.962928 0.209639
vt 0.962928 0.197301
vt 0.962928 0.178848
vt 0.962928 0.160395
vt 0.962928 0.148057
vt 0.962928 0.117158
vt 0.962928 0.104820
vt 0.962928 0.092482
vt 0.962928 0.074028
vt 0.962928 0.030899
vt 0.962928 0.006223
vt 0.962928 0.000000
vt 0.956813 0.536437
vt 0.962928 0.536437
vt 0.962928 0.524099
vt 0.962928 0.511761
vt 0.962928 0.499423
vt 0.962928 0.474854
vt 0.962928 0.437840
vt 0.962928 0.425502
vt 0.962928 0.413164
vt 0.962928 0.400826
vt 0.987711 0.784057
vt 0.593192 0.987662
vt 0.993827 0.948851
vt 0.609555 0.969432
vt 0.603332 0.963209
vt 0.205724 0.057321
vt 0.217993 0.056018
vt 0.018453 0.919749
vt 0.030791 0.895180
vt 0.018453 0.895180
vt 0.012338 0.907518
vt 0.012338 0.913634
vt 0.993827 0.961082
vt 0.999942 0.312850
vt 0.993827 0.318966
vt 0.987711 0.796502
vt 0.599308 0.987662
vt 0.987711 0.647158
vt 0.611538 0.987662
vt 0.993827 0.973313
vt 0.999942 0.502427
vt 0.957027 0.961938
vt 0.950805 0.974276
vt 0.987711 0.653381
vt 0.993827 0.300619
vt 0.993827 0.300619
vt 0.987711 0.802725
vt 0.993827 0.979428
vt 0.406031 0.043237
vt 0.412146 0.043237
vt 0.412146 0.037014
vt 0.412146 0.024676
vt 0.406031 0.024676
vt 0.406031 0.030899
vt 0.399808 0.030899
vt 0.399808 0.043237
vt 0.393693 0.043237
vt 0.406031 0.049352
vt 0.387470 0.055468
vt 0.387470 0.074028
vt 0.412146 0.049352
vt 0.393693 0.074028
vt 0.399808 0.074028
vt 0.399808 0.067806
vt 0.399808 0.061690
vt 0.418369 0.049352
vt 0.424484 0.024676
vt 0.418369 0.024676
vt 0.418369 0.037014
vt 0.430707 0.018561
vt 0.424484 0.018561
vt 0.424484 0.049352
vt 0.406031 0.061690
vt 0.406031 0.067806
vt 0.412146 0.067806
vt 0.418369 0.067806
vt 0.424484 0.067806
vt 0.424484 0.061690
vt 0.195692 1.000000
vt 0.796025 0.889590
vt 0.796025 0.877252
vt 0.789802 0.877252
vt 0.789802 0.858799
vt 0.783687 0.858799
vt 0.777464 0.883367
vt 0.777464 0.889590
vt 0.783687 0.883367
vt 0.999942 0.588043
vt 0.221384 0.865683
vt 0.215161 0.865683
vt 0.209046 0.871798
vt 0.209046 0.884136
vt 0.227500 0.896474
vt 0.227500 0.878021
vt 0.221384 0.896474
vt 0.749634 0.986614
vt 0.146769 0.987662
vt 0.975588 0.727945
vt 0.981811 0.734167
vt 0.159000 0.987662
vt 0.981596 0.980499
vt 0.993827 0.342247
vt 0.123380 0.958603
vt 0.406031 0.967946
vt 0.430814 0.980284
vt 0.541642 0.959943
vt 0.975588 0.746613
vt 0.159000 0.993885
vt 0.993827 0.808947
vt 0.837808 0.987662
vt 0.006223 0.944532
vt 0.000000 0.944532
vt 0.012338 0.956870
vt 0.993827 0.991659
vt 0.597217 0.926302
vt 0.597217 0.913964
vt 0.590994 0.913964
vt 0.584879 0.920187
vt 0.590994 0.932525
vt 0.911193 0.993885
vt 0.932383 0.986614
vt 0.972347 0.993885
vt 0.975373 0.172733
vt 0.969365 0.789420
vt 0.418476 0.955608
vt 0.920045 0.900248
vt 0.920045 0.906471
vt 0.932383 0.906471
vt 0.932383 0.900248
vt 0.926160 0.900248
vt 0.901591 0.844781
vt 0.907707 0.844781
vt 0.901591 0.906471
vt 0.907707 0.906471
vt 0.901591 0.851003
vt 0.111273 0.811187
vt 0.092926 0.843334
vt 0.098237 0.846366
vt 0.095206 0.851677
vt 0.097526 0.860166
vt 0.118864 0.872344
vt 0.121949 0.866939
vt 0.127353 0.870024
vt 0.130384 0.864713
vt 0.130384 0.814930
vt 0.119669 0.808814
vt 0.116584 0.814219
vt 0.121989 0.817303
vt 0.127300 0.820334
vt 0.113553 0.819530
vt 0.118957 0.822614
vt 0.103642 0.849450
vt 0.106726 0.844046
vt 0.119669 0.858597
vt 0.116637 0.863908
vt 0.108953 0.852481
vt 0.926267 0.924924
vt 0.926267 0.906471
vt 0.920152 0.906471
vt 0.913929 0.918809
vt 0.920152 0.931147
vt 0.566426 0.981877
vt 0.171231 0.993885
vt 0.348576 1.000000
vt 0.329441 0.889250
vt 0.323219 0.889250
vt 0.323219 0.926264
vt 0.993827 0.560040
vt 0.969044 0.289890
vt 0.993827 0.018668
vt 0.999942 0.624735
vt 0.333401 0.558398
vt 0.344260 0.544837
vt 0.319829 0.547432
vt 0.993827 0.043559
vt 0.999942 0.661428
vt 0.987604 0.912908
vt 0.104927 0.970941
vt 0.987604 0.925353
vt 0.981489 0.931576
vt 0.963143 0.838772
vt 0.987604 0.345680
vt 0.987711 0.354692
vt 0.993827 0.665826
vt 0.214038 1.000000
vt 0.823555 0.975686
vt 0.993827 0.821393
vt 0.220153 1.000000
vt 0.299902 0.860252
vt 0.189577 0.993885
vt 0.355014 0.915423
vt 0.359338 0.911098
vt 0.359338 0.902298
vt 0.355014 0.897974
vt 0.359338 0.893650
vt 0.346214 0.897974
vt 0.350614 0.902374
vt 0.346290 0.906698
vt 0.346214 0.915423
vt 0.350614 0.919823
vt 0.640239 0.833821
vt 0.640239 0.840043
vt 0.652577 0.840043
vt 0.652577 0.833821
vt 0.646462 0.833821
vt 0.646462 0.827705
vt 0.634124 0.815367
vt 0.646462 0.815367
vt 0.646462 0.809145
vt 0.975266 0.314566
vt 0.987711 0.821393
vt 0.449160 0.986722
vt 0.220153 0.993885
vt 0.993827 0.851005
vt 0.323219 0.963278
vt 0.850039 0.993885
vt 0.440307 0.993885
vt 0.987711 0.665826
vt 0.993827 0.080895
vt 0.000000 0.993885
vt 0.999942 0.673659
vt 0.907814 0.968161
vt 0.975266 0.413271
vt 0.006115 1.000000
vt 0.999942 0.331196
vt 0.987711 0.846283
vt 0.987711 0.883619
vt 0.975481 0.777082
vt 0.987711 0.883619
vt 0.987711 0.846283
vt 0.238499 0.993885
vt 0.969044 0.376257
vt 0.987711 0.858729
vt 0.975695 0.635034
vt 0.449160 0.900248
vt 0.443045 0.900248
vt 0.436822 0.912586
vt 0.449160 0.931040
vt 0.195692 0.993885
vt 0.360807 0.993885
vt 0.987711 0.858729
vt 0.250730 0.993885
vt 0.802140 0.912586
vt 0.796025 0.912586
vt 0.796025 0.924924
vt 0.802140 0.931147
vt 0.808363 0.918809
vt 0.207923 0.993885
vt 0.862270 0.993885
vt 0.123380 0.977164
vt 0.817332 0.951010
vt 0.811109 0.963348
vt 0.043237 0.971048
vt 0.642115 0.993885
vt 0.049459 0.870504
vt 0.043237 0.907518
vt 0.377792 0.901695
vt 0.384014 0.907810
vt 0.384014 0.883134
vt 0.377792 0.883134
vt 0.993827 0.520774
vt 0.299654 0.987662
vt 0.963143 0.647479
vt 0.963143 0.635141
vt 0.956920 0.635141
vt 0.956920 0.641364
vt 0.963143 0.659817
vt 0.956920 0.752299
vt 0.963143 0.690716
vt 0.956920 0.770860
vt 0.963143 0.702947
vt 0.956920 0.826327
vt 0.963143 0.715285
vt 0.956920 0.888017
vt 0.963143 0.888017
vt 0.963143 0.739961
vt 0.963143 0.863341
vt 0.963143 0.851003
vt 0.963143 0.758521
vt 0.963143 0.789313
vt 0.963143 0.838665
vt 0.621893 0.852381
vt 0.621893 0.846159
vt 0.615671 0.883173
vt 0.621893 0.883173
vt 0.621893 0.877057
vt 0.311884 0.987662
vt 0.969258 0.592119
vt 0.061905 0.971048
vt 0.566211 0.984619
vt 0.535420 0.984726
vt 0.975695 0.628811
vt 0.987604 0.944021
vt 0.446423 0.993885
vt 0.987711 0.542767
vt 0.173836 0.949363
vt 0.901591 0.968161
vt 0.895476 0.980499
vt 0.981596 0.548989
vt 0.767980 0.820104
vt 0.761864 0.875572
vt 0.767980 0.875572
vt 0.774202 0.869457
vt 0.774202 0.857119
vt 0.963143 0.980499
vt 0.981489 0.148057
vt 0.627901 0.876950
vt 0.640239 0.876950
vt 0.646462 0.870835
vt 0.646462 0.840043
vt 0.640239 0.840043
vt 0.634124 0.864612
vt 0.627901 0.870835
vt 0.987604 0.178955
vt 0.239267 0.022685
vt 0.263805 0.020078
vt 0.227655 0.030176
vt 0.233079 0.023342
vt 0.222114 0.036915
vt 0.226998 0.023988
vt 0.220810 0.024646
vt 0.238621 0.016604
vt 0.226352 0.017907
vt 0.244045 0.009770
vt 0.237964 0.010416
vt 0.250890 0.015300
vt 0.244702 0.015958
vt 0.987604 0.351581
vt 0.950805 0.542767
vt 0.981381 0.265214
vt 0.963250 0.628811
vt 0.384229 0.975723
vt 0.232385 0.987662
vt 0.262961 0.993885
vt 0.584879 0.981984
vt 0.232384 0.993885
vt 0.829670 0.920218
vt 0.823447 0.920218
vt 0.823447 0.932556
vt 0.829670 0.938672
vt 0.835785 0.926334
vt 0.671138 0.932632
vt 0.671138 0.920294
vt 0.664915 0.920294
vt 0.658800 0.926410
vt 0.664915 0.938748
vt 0.835785 0.852413
vt 0.835785 0.895542
vt 0.841901 0.901765
vt 0.467614 0.986722
vt 0.987604 0.364026
vt 0.045218 0.004772
vt 0.043808 0.017029
vt 0.037626 0.016318
vt 0.036927 0.022394
vt 0.030852 0.021695
vt 0.064261 0.000699
vt 0.058186 -0.000000
vt 0.069732 0.007592
vt 0.063550 0.006881
vt 0.987711 0.367137
vt 0.993827 0.863236
vt 0.993827 0.863236
vt 0.987711 0.896065
vt 0.227607 0.896474
vt 0.221384 0.896474
vt 0.221384 0.902697
vt 0.221384 0.933488
vt 0.987711 0.896065
vt 0.987711 0.696939
vt 0.975373 0.061690
vt 0.455383 0.949707
vt 0.024461 0.993885
vt 0.665023 0.957201
vt 0.658800 0.951086
vt 0.658800 0.963424
vt 0.523082 0.968268
vt 0.987711 0.709385
vt 0.560096 0.922929
vt 0.560096 0.916706
vt 0.553980 0.935267
vt 0.560096 0.935267
vt 0.987711 0.547595
vt 0.464769 0.987662
vt 0.987711 0.908510
vt 0.677253 0.944863
vt 0.529197 0.980499
vt 0.987711 0.908510
vt 0.993827 0.875467
vt 0.811109 0.901658
vt 0.811109 0.920218
vt 0.987711 0.715607
vt 0.498513 0.986829
vt 0.269076 0.993885
vt 0.969151 0.012338
vt 0.037121 0.932195
vt 0.030899 0.932195
vt 0.043237 0.944533
vt 0.603332 0.981985
vt 0.244615 0.993885
vt 0.987711 0.728053
vt 0.275192 1.000000
vt 0.615670 0.938533
vt 0.603332 0.944756
vt 0.609448 0.950871
vt 0.981489 0.160395
vt 0.634124 0.975762
vt 0.658800 0.975762
vt 0.886731 0.993885
vt 0.250731 0.987662
vt 0.993827 0.600274
vt 0.117158 0.977163
vt 0.486175 0.967946
vt 0.492290 0.949493
vt 0.129603 0.977163
vt 0.755642 0.931147
vt 0.761864 0.931147
vt 0.761864 0.918809
vt 0.755642 0.906471
vt 0.749526 0.906471
vt 0.749526 0.925031
vt 0.049459 0.977271
vt 0.221491 0.970502
vt 0.317103 0.864574
vt 0.329441 0.833675
vt 0.329441 0.815221
vt 0.323326 0.815221
vt 0.323326 0.821444
vt 0.317103 0.809106
vt 0.310988 0.809106
vt 0.074350 0.977271
vt 0.237437 0.971085
vt 0.987711 0.567657
vt 0.142722 0.956763
vt 0.142722 0.950541
vt 0.136607 0.969101
vt 0.889253 0.924924
vt 0.883138 0.931147
vt 0.018561 0.969209
vt 0.024676 0.969209
vt 0.018561 0.950648
vt 0.987711 0.580103
vt 0.541642 0.972281
vt 0.073921 0.909358
vt 0.067806 0.915581
vt 0.067806 0.934034
vt 0.073921 0.934034
vt 0.000000 0.932194
vt 0.969044 0.326905
vt 0.340071 0.815175
vt 0.334003 0.814421
vt 0.329441 0.851153
vt 0.333989 0.864151
vt 0.346233 0.865671
vt 0.347000 0.809873
vt 0.340825 0.809106
vt 0.339305 0.821350
vt 0.345480 0.822117
vt 0.342452 0.846498
vt 0.347000 0.859496
vt 0.683476 0.975762
vt 0.835785 0.975793
vt 0.993827 0.871174
vt 0.262961 0.987662
vt 0.287422 1.000000
vt 0.993827 0.887697
vt 0.701929 0.926195
vt 0.701929 0.920080
vt 0.689591 0.938533
vt 0.000699 0.067905
vt 0.000000 0.073980
vt 0.018333 0.076088
vt 0.008184 0.056346
vt 0.016474 0.038724
vt 0.597217 0.864719
vt 0.590994 0.864719
vt 0.590994 0.858497
vt 0.584879 0.858497
vt 0.584879 0.870835
vt 0.590994 0.877057
vt 0.584879 0.877057
vt 0.584879 0.889395
vt 0.597217 0.889395
vt 0.603332 0.883173
vt 0.603332 0.877057
vt 0.510851 0.980606
vt 0.030899 0.987555
vt 0.993827 0.112008
vt 0.963143 0.838772
vt 0.987711 0.510259
vt 0.477000 0.987662
vt 0.483115 0.993885
vt 0.932383 0.906471
vt 0.926267 0.906471
vt 0.932383 0.943485
vt 0.975481 0.542767
vt 0.539298 0.856378
vt 0.541876 0.868444
vt 0.547856 0.867166
vt 0.544454 0.880509
vt 0.547032 0.892575
vt 0.548310 0.898555
vt 0.550888 0.910621
vt 0.544907 0.823583
vt 0.538822 0.824883
vt 0.549610 0.816325
vt 0.543629 0.817603
vt 0.560398 0.807766
vt 0.548332 0.810345
vt 0.550888 0.822305
vt 0.562953 0.819727
vt 0.561676 0.813747
vt 0.552188 0.916706
vt 0.552188 0.828391
vt 0.558168 0.915429
vt 0.498513 0.968268
vt 0.504628 0.955930
vt 0.061905 0.977271
vt 0.352329 0.950722
vt 0.346214 0.969175
vt 0.963035 0.888017
vt 0.554088 0.972281
vt 0.975374 0.135719
vt 0.473729 0.980392
vt 0.777464 0.858799
vt 0.777464 0.877252
vt 0.310880 0.944825
vt 0.304765 0.932486
vt 0.901591 0.931147
vt 0.901591 0.918809
vt 0.975266 0.524313
vt 0.504628 0.943592
vt 0.504628 0.937477
vt 0.498405 0.931254
vt 0.269077 0.993885
vt 0.317103 0.957163
vt 0.304765 0.950940
vt 0.341975 0.755898
vt 0.348056 0.755252
vt 0.351309 0.785872
vt 0.387470 0.775880
vt 0.381282 0.776538
vt 0.287564 0.809106
vt 0.281449 0.809106
vt 0.275226 0.839898
vt 0.275226 0.852236
vt 0.281449 0.864574
vt 0.281449 0.895365
vt 0.317999 1.000000
vt 0.870800 0.968161
vt 0.547758 0.935267
vt 0.541535 0.935267
vt 0.535420 0.941382
vt 0.324115 0.993885
vt 0.987711 0.522704
vt 0.055038 0.993885
vt 0.969258 0.672155
vt 0.987711 0.740498
vt 0.243659 0.971085
vt 0.067269 0.993885
vt 0.430922 0.967946
vt 0.424484 0.900248
vt 0.418262 0.900248
vt 0.412146 0.912586
vt 0.412146 0.924924
vt 0.418262 0.931040
vt 0.424484 0.931040
vt 0.073384 1.000000
vt 0.987711 0.759166
vt 0.987711 0.933400
vt 0.987711 0.765389
vt 0.987711 0.933400
vt 0.085615 1.000000
vt 0.993827 0.899928
vt 0.671138 0.963317
vt 0.886731 0.993885
vt 0.323219 0.981731
vt 0.091731 0.993885
vt 0.293538 1.000000
vt 0.418369 0.967946
vt 0.006115 0.987662
vt 0.905782 0.160347
vt 0.905850 0.154232
vt 0.906194 0.123335
vt 0.906332 0.110998
vt 0.906469 0.098660
vt 0.906744 0.073986
vt 0.906812 0.067871
vt 0.906950 0.055533
vt 0.907293 0.024744
vt 0.907568 0.000069
vt 0.901346 -0.000000
vt 0.895437 0.530181
vt 0.889322 0.530113
vt 0.889253 0.536335
vt 0.905232 0.209696
vt 0.905301 0.203474
vt 0.905369 0.197359
vt 0.895368 0.536403
vt 0.904819 0.246708
vt 0.904751 0.252823
vt 0.907500 0.554993
vt 0.907568 0.548878
vt 0.901453 0.548810
vt 0.904682 0.259045
vt 0.904339 0.289834
vt 0.904408 0.283612
vt 0.904614 0.265160
vt 0.901590 0.536473
vt 0.901660 0.530250
vt 0.901935 0.505576
vt 0.902072 0.493239
vt 0.902483 0.456334
vt 0.902553 0.450112
vt 0.902690 0.437775
vt 0.902896 0.419322
vt 0.903171 0.394648
vt 0.903308 0.382310
vt 0.903376 0.376195
vt 0.903446 0.369973
vt 0.903514 0.363858
vt 0.903926 0.326846
vt 0.904064 0.314509
vt 0.578656 0.975547
vt 0.770539 0.993885
vt 0.323219 0.950940
vt 0.609555 0.975547
vt 0.024462 0.987662
vt 0.640347 0.975547
vt 0.024462 0.987662
vt 0.975373 0.222085
vt 0.987711 0.124453
vt 0.975373 0.160395
vt 0.981489 0.172733
vt 0.726606 0.887844
vt 0.714267 0.875506
vt 0.714267 0.881728
vt 0.720383 0.881728
vt 0.720383 0.894066
vt 0.714267 0.906404
vt 0.714267 0.912520
vt 0.430707 0.006223
vt 0.418369 0.006223
vt 0.418369 0.012338
vt 0.412146 0.012338
vt 0.418369 0.018561
vt 0.424484 0.012338
vt 0.436822 0.000000
vt 0.430707 0.000000
vt 0.443045 0.012338
vt 0.443045 0.006223
vt 0.436822 0.006223
vt 0.455383 0.006223
vt 0.449161 0.006223
vt 0.449161 0.012338
vt 0.455383 0.018561
vt 0.449161 0.018561
vt 0.443045 0.043237
vt 0.455383 0.024676
vt 0.449161 0.024676
vt 0.430707 0.012338
vt 0.430707 0.055468
vt 0.774310 0.986722
vt 0.892847 0.987662
vt 0.652792 0.975547
vt 0.299902 0.872483
vt 0.299902 0.854029
vt 0.293787 0.854029
vt 0.293787 0.866367
vt 0.287564 0.866367
vt 0.287564 0.878598
vt 0.293787 0.903274
vt 0.299902 0.903274
vt 0.136607 0.851944
vt 0.142722 0.851944
vt 0.142722 0.839606
vt 0.136607 0.839606
vt 0.136607 0.808814
vt 0.130384 0.808814
vt 0.130384 0.950541
vt 0.136607 0.950541
vt 0.136607 0.895073
vt 0.142722 0.925865
vt 0.142722 0.913634
vt 0.359338 0.944825
vt 0.642115 0.993885
vt 0.876915 0.968161
vt 0.299902 0.915612
vt 0.299902 0.909389
vt 0.293787 0.903274
vt 0.287564 0.903274
vt 0.293787 0.927950
vt 0.323219 0.944825
vt 0.317103 0.963385
vt 0.987711 0.379583
vt 0.148838 0.869219
vt 0.142722 0.869219
vt 0.155060 0.893896
vt 0.161176 0.887673
vt 0.161176 0.893896
vt 0.167398 0.893896
vt 0.167398 0.881557
vt 0.167398 0.875335
vt 0.161176 0.875335
vt 0.161176 0.881557
vt 0.148838 0.875335
vt 0.155060 0.875335
vt 0.262888 0.963278
vt 0.269004 0.963278
vt 0.262888 0.944717
vt 0.371784 0.969501
vt 0.412254 0.986507
vt 0.559988 0.947605
vt 0.811109 0.758522
vt 0.171692 0.869219
vt 0.177807 0.858504
vt 0.190039 0.837072
vt 0.187812 0.828637
vt 0.182407 0.825552
vt 0.166381 0.866188
vt 0.179323 0.830957
vt 0.173207 0.841672
vt 0.177096 0.822521
vt 0.174012 0.827926
vt 0.169412 0.811094
vt 0.166381 0.816405
vt 0.183159 0.811899
vt 0.177754 0.808814
vt 0.174723 0.814125
vt 0.185439 0.820241
vt 0.993827 0.385805
vt 0.672692 0.993885
vt 0.999942 0.710351
vt 0.811109 0.975579
vt 0.993827 0.392028
vt 0.913683 0.012338
vt 0.919906 0.012338
vt 0.919906 0.006115
vt 0.919906 0.000000
vt 0.913683 0.000000
vt 0.907568 0.006115
vt 0.907568 0.012338
vt 0.907568 0.542552
vt 0.913683 0.542552
vt 0.907568 0.037014
vt 0.907568 0.080144
vt 0.907568 0.530214
vt 0.907568 0.098597
vt 0.907568 0.110935
vt 0.907568 0.517876
vt 0.907568 0.505538
vt 0.907568 0.123273
vt 0.907568 0.154172
vt 0.907568 0.480969
vt 0.907568 0.443955
vt 0.907568 0.166510
vt 0.907568 0.184963
vt 0.907568 0.431617
vt 0.907568 0.419279
vt 0.907568 0.203417
vt 0.907568 0.215755
vt 0.907568 0.406941
vt 0.907568 0.388487
vt 0.907568 0.221978
vt 0.907568 0.234316
vt 0.907568 0.295898
vt 0.993827 0.343427
vt 0.829563 0.883097
vt 0.829563 0.876982
vt 0.823447 0.876982
vt 0.811109 0.883097
vt 0.811109 0.895435
vt 0.823447 0.901658
vt 0.829563 0.901658
vt 0.042808 0.987662
vt 0.449160 0.900248
vt 0.449160 0.906471
vt 0.449160 0.918809
vt 0.461499 0.918809
vt 0.467614 0.912586
vt 0.467614 0.906471
vt 0.461499 0.900248
vt 0.783687 0.975956
vt 0.042808 0.987662
vt 0.684923 0.993885
vt 0.999942 0.722582
vt 0.993827 0.136899
vt 0.796025 0.968161
vt 0.969151 0.246761
vt 0.999942 0.349543
vt 0.767980 0.968161
vt 0.761864 0.980499
vt 0.708152 0.901626
vt 0.708152 0.913964
vt 0.714267 0.876950
vt 0.969151 0.937262
vt 0.963035 0.937262
vt 0.963035 0.955823
vt 0.055682 0.958710
vt 0.049459 0.971048
vt 0.981489 0.135718
vt 0.424699 0.986507
vt 0.697154 0.993885
vt 0.405924 0.900248
vt 0.399808 0.931040
vt 0.405924 0.931040
vt 0.999942 0.747043
vt 0.993827 0.410696
vt 0.215161 0.976725
vt 0.424699 0.986507
vt 0.697154 0.993885
vt 0.999942 0.759274
vt 0.646462 0.877057
vt 0.646462 0.889396
vt 0.652577 0.895511
vt 0.993827 0.155567
vt 0.975266 0.400933
vt 0.987604 0.265322
vt 0.987711 0.423142
vt 0.737188 0.955716
vt 0.243552 0.872488
vt 0.969258 0.561327
vt 0.963143 0.579888
vt 0.708259 0.963209
vt 0.437144 0.986507
vt 0.732828 0.875506
vt 0.721616 0.993885
vt 0.926267 0.931147
vt 0.913929 0.937369
vt 0.920045 0.943485
vt 0.950805 0.604350
vt 0.808470 0.980499
vt 0.993827 0.435587
vt 0.424699 0.955608
vt 0.950805 0.635141
vt 0.969151 0.049352
vt 0.377899 0.969501
vt 0.975266 0.277552
vt 0.999942 0.783736
vt 0.732828 0.857052
vt 0.739051 0.857052
vt 0.732828 0.838491
vt 0.870800 0.980499
vt 0.981489 0.129603
vt 0.993827 0.460478
vt 0.975481 0.777082
vt 0.999942 0.111042
vt 0.993827 0.117158
vt 0.999942 0.783736
vt 0.969258 0.635141
vt 0.275226 0.969179
vt 0.269111 0.950725
vt 0.149052 0.986377
vt 0.173514 0.893896
vt 0.161176 0.893896
vt 0.161176 0.918464
vt 0.167291 0.918464
vt 0.173514 0.912349
vt 0.179629 0.906126
vt 0.179629 0.900011
vt 0.993827 0.964513
vt 0.495346 0.993885
vt 0.864577 0.433134
vt 0.864577 0.396120
vt 0.858355 0.396120
vt 0.858355 0.420796
vt 0.864577 0.470041
vt 0.858355 0.451587
vt 0.864577 0.482379
vt 0.858355 0.463925
vt 0.864577 0.494717
vt 0.858355 0.470041
vt 0.864577 0.513277
vt 0.858355 0.494717
vt 0.864577 0.556407
vt 0.858355 0.507055
vt 0.864577 0.599536
vt 0.858355 0.519393
vt 0.864577 0.605759
vt 0.858355 0.550292
vt 0.864577 0.618097
vt 0.858355 0.556407
vt 0.864577 0.648889
vt 0.858355 0.593421
vt 0.864577 0.679680
vt 0.858355 0.599536
vt 0.864577 0.692018
vt 0.858355 0.605759
vt 0.864577 0.722917
vt 0.858355 0.642773
vt 0.864577 0.735255
vt 0.858355 0.648889
vt 0.864577 0.809176
vt 0.858355 0.661227
vt 0.864577 0.852413
vt 0.858355 0.679680
vt 0.864577 0.877089
vt 0.858355 0.685903
vt 0.864577 0.895542
vt 0.858355 0.710579
vt 0.864577 0.901658
vt 0.858355 0.722917
vt 0.858355 0.944894
vt 0.864577 0.944894
vt 0.858355 0.735255
vt 0.858355 0.932556
vt 0.858355 0.926334
vt 0.858355 0.759931
vt 0.858355 0.772269
vt 0.858355 0.901658
vt 0.858355 0.895542
vt 0.858355 0.778384
vt 0.858355 0.790722
vt 0.858355 0.889320
vt 0.858355 0.852413
vt 0.858355 0.815399
vt 0.379153 0.987662
vt 0.999942 0.361773
vt 0.993827 0.180457
vt 0.789802 0.957396
vt 0.926267 0.709169
vt 0.932490 0.709169
vt 0.932490 0.746076
vt 0.932490 0.721400
vt 0.926267 0.721400
vt 0.907814 0.709169
vt 0.938605 0.752299
vt 0.938605 0.746076
vt 0.926267 0.746076
vt 0.926267 0.733738
vt 0.913929 0.709169
vt 0.913929 0.721400
vt 0.907814 0.721400
vt 0.901591 0.746076
vt 0.256773 0.963278
vt 0.683476 0.975762
vt 0.938605 0.986507
vt 0.981489 0.135719
vt 0.993827 0.180457
vt 0.975588 0.690716
vt 0.969365 0.598449
vt 0.999942 0.129388
vt 0.999942 0.795967
vt 0.393693 0.931147
vt 0.993827 0.062119
vt 0.281449 0.919934
vt 0.999942 0.068234
vt 0.354692 0.987662
vt 0.969365 0.801758
vt 0.352437 0.950722
vt 0.359338 0.969501
vt 0.155275 0.986377
vt 0.634124 0.969539
vt 0.061154 0.987662
vt 0.507577 0.993885
vt 0.073385 0.987662
vt 0.907814 0.955823
vt 0.073385 0.987662
vt 0.695814 0.975547
vt 0.293680 0.977302
vt 0.975588 0.598449
vt 0.406031 0.980392
vt 0.987604 0.277767
vt 0.237437 0.977308
vt 0.085615 0.987662
vt 0.993827 0.199125
vt 0.981489 0.228737
vt 0.037121 0.870504
vt 0.030899 0.870504
vt 0.037121 0.907518
vt 0.043237 0.901296
vt 0.043237 0.876620
vt 0.999942 0.367889
vt 0.895476 0.554993
vt 0.889253 0.554993
vt 0.895476 0.592007
vt 0.901591 0.585892
vt 0.901591 0.561216
vt 0.987604 0.234959
vt 0.926267 0.968054
vt 0.981489 0.247405
vt 0.695814 0.864612
vt 0.689591 0.864612
vt 0.689591 0.870727
vt 0.695814 0.870727
vt 0.695814 0.876950
vt 0.701930 0.876950
vt 0.708152 0.870727
vt 0.701930 0.858389
vt 0.479952 0.955823
vt 0.344474 0.662631
vt 0.981489 0.530321
vt 0.399808 0.900248
vt 0.393693 0.900248
vt 0.387470 0.912586
vt 0.387470 0.918809
vt 0.393693 0.931147
vt 0.993827 0.018668
vt 0.993827 0.211571
vt 0.999942 0.263927
vt 0.999942 0.636966
vt 0.999942 0.147735
vt 0.519808 0.993885
vt 0.519808 0.993885
vt 0.981489 0.037014
vt 0.167720 0.986377
vt 0.043237 0.969209
vt 0.981489 0.055575
vt 0.999942 0.159965
vt 0.981489 0.068020
vt 0.993827 0.166081
vt 0.726713 0.967987
vt 0.323218 0.963278
vt 0.993827 0.178312
vt 0.993827 0.217793
vt 0.987711 0.224016
vt 0.981489 0.080465
vt 0.486067 0.986722
vt 0.061690 0.946372
vt 0.055468 0.946372
vt 0.067806 0.958710
vt 0.969365 0.752406
vt 0.999942 0.374004
vt 0.981489 0.894240
vt 0.749634 0.968054
vt 0.043237 0.944533
vt 0.031264 0.450049
vt 0.037339 0.450748
vt 0.981489 0.894240
vt 0.783687 0.969734
vt 0.981382 0.506074
vt 0.981382 0.506074
vt 0.963250 0.986722
vt 0.993827 0.031113
vt 0.683369 0.877057
vt 0.683369 0.870835
vt 0.677253 0.870835
vt 0.677253 0.877057
vt 0.677253 0.883173
vt 0.683369 0.883173
vt 0.689592 0.877057
vt 0.677253 0.907849
vt 0.683369 0.907849
vt 0.677253 0.895511
vt 0.677253 0.901626
vt 0.981382 0.382694
vt 0.981382 0.413807
vt 0.981382 0.395139
vt 0.993827 0.976959
vt 0.993827 0.983181
vt 0.969258 0.542767
vt 0.963143 0.561327
vt 0.049245 0.845828
vt 0.055468 0.845828
vt 0.055468 0.833490
vt 0.049245 0.833490
vt 0.049245 0.814929
vt 0.036907 0.814929
vt 0.036907 0.864282
vt 0.049245 0.864282
vt 0.036907 0.870504
vt 0.036907 0.858166
vt 0.030791 0.858166
vt 0.036907 0.808814
vt 0.012338 0.808814
vt 0.012338 0.814929
vt 0.006115 0.814929
vt 0.043130 0.851944
vt 0.036907 0.851944
vt 0.036907 0.821152
vt 0.036907 0.827267
vt 0.043130 0.827267
vt -0.000000 0.821152
vt -0.000000 0.833490
vt -0.000000 0.858166
vt 0.006115 0.858166
vt 0.006115 0.864282
vt 0.012338 0.864282
vt 0.012338 0.870504
vt 0.018453 0.858166
vt 0.012338 0.858166
vt 0.012338 0.851944
vt 0.006115 0.851944
vt 0.030791 0.814929
vt 0.030791 0.821152
vt 0.006115 0.845828
vt 0.012338 0.821152
vt 0.018453 0.821152
vt 0.018453 0.814929
vt 0.012338 0.827267
vt 0.006115 0.833490
vt 0.080144 0.952487
vt 0.080144 0.946372
vt 0.067806 0.958710
vt 0.981382 0.450285
vt 0.780318 0.610465
vt 0.774202 0.610465
vt 0.767980 0.610465
vt 0.767980 0.598127
vt 0.761864 0.598127
vt 0.786433 0.653595
vt 0.767980 0.659817
vt 0.780318 0.659817
vt 0.780318 0.653595
vt 0.749526 0.610465
vt 0.755642 0.610465
vt 0.755642 0.635141
vt 0.761864 0.647479
vt 0.919906 0.104820
vt 0.919906 0.123273
vt 0.467614 0.980499
vt 0.993827 0.006223
vt 0.981382 0.481184
vt 0.024676 0.938310
vt 0.024676 0.944425
vt 0.030899 0.919749
vt 0.701930 0.839936
vt 0.695814 0.839936
vt 0.695814 0.846159
vt 0.689591 0.846159
vt 0.708152 0.846159
vt 0.701930 0.852274
vt 0.371676 0.883134
vt 0.359338 0.883134
vt 0.359338 0.901695
vt 0.377792 0.895472
vt 0.051418 0.166829
vt 0.049310 0.185162
vt 0.053975 0.198118
vt 0.399808 0.980392
vt 0.405924 0.968054
vt 0.299208 0.854029
vt 0.305115 0.852072
vt 0.295395 0.822742
vt 0.295327 0.842318
vt 0.287564 0.838335
vt 0.289522 0.844241
vt 0.293471 0.816937
vt 0.287564 0.818894
vt 0.293369 0.836411
vt 0.297319 0.809106
vt 0.291514 0.811030
vt 0.305183 0.813055
vt 0.305081 0.832530
vt 0.310988 0.830572
vt 0.303157 0.826725
vt 0.136500 0.987662
vt 0.111042 0.958603
vt 0.130277 0.981439
vt 0.858462 0.982016
vt 0.720598 0.980325
vt 0.999942 0.190542
vt 0.999942 0.814313
vt 0.999942 0.288389
vt 0.981489 0.086688
vt 0.993827 0.448032
vt 0.981489 0.000000
vt 0.999942 0.202773
vt 0.473837 0.924924
vt 0.467614 0.924924
vt 0.479952 0.943378
vt 0.981489 0.105356
vt 0.993827 0.208889
vt 0.993827 0.086581
vt 0.993827 0.221119
vt 0.993827 0.386235
vt 0.743304 0.968054
vt 0.981489 0.906685
vt 0.987604 0.290212
vt 0.987711 0.454255
vt 0.975373 0.197409
vt 0.377899 0.809106
vt 0.359338 0.809106
vt 0.377899 0.839898
vt 0.377899 0.821444
vt 0.377899 0.827560
vt 0.562953 0.869457
vt 0.993827 0.454255
vt 0.449160 0.918809
vt 0.319171 0.541244
vt 0.755749 0.968054
vt 0.758308 0.993885
vt 0.969365 0.764744
vt 0.981489 0.530321
vt 0.975373 0.542659
vt 0.683476 0.821483
vt 0.683476 0.809145
vt 0.677253 0.809145
vt 0.677253 0.870835
vt 0.683476 0.870835
vt 0.689591 0.858497
vt 0.689591 0.852274
vt 0.603332 0.815260
vt 0.603332 0.839936
vt 0.609448 0.839936
vt 0.609448 0.846159
vt 0.621786 0.846159
vt 0.627901 0.839936
vt 0.627901 0.815260
vt 0.621786 0.809145
vt 0.609448 0.809145
vt 0.792656 0.622803
vt 0.780318 0.598127
vt 0.792656 0.628918
vt 0.792656 0.635141
vt 0.914037 0.955823
vt 0.272929 0.105961
vt 0.274232 0.118230
vt 0.323202 0.113028
vt 0.321898 0.100759
vt 0.901806 0.980499
s 0
usemtl Handle
f 1096/10/3 1107/11/3 1106/12/3
f 1733/25/3 1599/26/3 1602/27/3
f 2561/43/1 2575/44/1 2549/45/1
f 2569/55/3 2559/56/3 2529/57/3
f 2535/58/6 2529/59/6 2531/60/6
f 2545/61/1 2507/62/1 2543/63/1
f 1300/76/3 1297/77/3 1238/78/3
f 2295/85/2 2296/86/2 2320/87/2
f 2232/117/2 2223/118/2 2217/119/2
f 2555/126/5 2521/127/5 2556/128/5
f 1599/132/2 1573/133/2 1540/134/2
f 1834/162/2 1761/163/2 1833/164/2
f 1809/168/6 1807/169/6 1808/170/6
f 2456/210/6 2463/211/6 2462/212/6
f 1339/216/2 1199/217/2 1338/218/2
f 1835/227/3 1832/228/3 1751/229/3
f 1273/236/6 1271/237/6 1272/238/6
f 2532/239/6 2524/240/6 2533/241/6
f 2411/242/6 2407/243/6 2410/244/6
f 1805/245/1 1728/246/1 1727/247/1
f 1300/248/4 1358/249/4 1299/250/4
f 2272/255/2 2258/256/2 2257/257/2
f 1918/261/4 1842/262/4 1847/263/4
f 1254/273/3 1248/274/3 1246/275/3
f 1195/276/5 1191/277/5 1190/278/5
f 1766/279/5 1773/280/5 1854/281/5
f 1777/285/4 1856/286/4 1781/287/4
f 2496/288/6 2494/289/6 2497/290/6
f 2045/291/3 2043/292/3 2041/293/3
f 1220/306/4 1177/307/4 1218/308/4
f 1540/323/2 1405/324/2 1541/325/2
f 1685/335/4 1681/336/4 1747/337/4
f 1602/338/3 1478/339/3 1607/340/3
f 1800/341/5 1870/342/5 1799/343/5
f 1138/352/4 1136/353/4 1141/354/4
f 2101/355/6 2098/356/6 2096/357/6
f 2307/370/1 2326/371/1 2308/372/1
f 1848/382/5 1842/383/5 1841/384/5
f 1145/385/1 1124/386/1 1144/387/1
f 2130/388/2 2149/389/2 2127/390/2
f 1384/391/4 1309/392/4 1308/393/4
f 2164/403/3 2313/404/3 2312/405/3
f 1881/406/2 2047/407/2 1885/408/2
f 1165/409/1 1271/410/1 1274/411/1
f 1743/412/3 1825/413/3 1827/414/3
f 2411/423/3 2469/424/3 2408/425/3
f 1650/429/1 1559/430/1 1558/431/1
f 1190/432/3 1187/433/3 1189/434/3
f 2131/444/2 2051/445/2 2132/446/2
f 2091/453/1 2123/454/1 1876/455/1
f 1766/456/4 1841/457/4 1763/458/4
f 1160/462/3 1276/463/3 1137/464/3
f 1402/470/1 1200/471/1 1401/472/1
f 1315/478/3 1462/479/3 1313/480/3
f 1401/481/5 1207/482/5 1404/483/5
f 1985/484/6 1989/485/6 1983/486/6
f 1585/489/2 1706/490/2 1638/491/2
f 2572/498/1 2560/499/1 2538/500/1
f 1816/509/6 1810/510/6 1812/511/6
f 1777/512/1 1775/513/1 1776/514/1
f 1546/529/3 1476/530/3 1411/531/3
f 1232/533/1 1235/534/1 1229/535/1
f 1105/536/3 1098/537/3 1085/538/3
f 1782/561/1 1781/562/1 1857/563/1
f 1410/564/3 1277/565/3 1405/566/3
f 2154/570/3 2138/571/3 2059/572/3
f 1538/573/1 1401/574/1 1400/575/1
f 1271/576/3 1407/577/3 1406/578/3
f 1519/585/3 1391/586/3 1315/587/3
f 1107/588/5 1086/589/5 1108/590/5
f 1538/591/2 1335/592/2 1535/593/2
f 1934/597/5 2030/598/5 1932/599/5
f 1362/613/4 1355/614/4 1360/615/4
f 1877/616/6 1874/617/6 1878/618/6
f 1372/622/4 1438/623/4 1440/624/4
f 1539/625/5 1397/626/5 1401/627/5
f 2157/628/2 2145/629/2 2144/630/2
f 1407/634/6 1405/635/6 1406/636/6
f 1866/652/4 1858/653/4 1935/654/4
f 1779/655/1 1709/656/1 1778/657/1
f 1154/658/4 1195/659/4 1192/660/4
f 2036/664/1 1975/665/1 2035/666/1
f 1444/667/5 1503/668/5 1580/669/5
f 1521/670/5 1390/671/5 1465/672/5
f 1803/673/6 1805/674/6 1802/675/6
f 1803/681/1 1660/682/1 1655/683/1
f 1145/689/2 1129/690/2 1128/691/2
f 2566/695/2 2557/696/2 2516/697/2
f 1758/698/4 1835/699/4 1752/700/4
f 1803/701/1 1879/702/1 1880/703/1
f 1536/710/6 1538/711/6 1535/712/6
f 1383/724/4 1457/240/4 1459/725/4
f 1160/726/2 1137/727/2 1135/728/2
f 1560/729/2 1588/730/2 1564/731/2
f 2118/732/5 2142/733/5 2110/734/5
f 1591/735/5 1532/736/5 1398/737/5
f 2211/738/5 2198/739/5 2199/740/5
f 2263/741/2 2242/742/2 2264/743/2
f 1360/753/2 1430/754/2 1359/755/2
f 2168/759/5 2172/760/5 2184/761/5
f 2266/742/5 2244/765/5 2245/766/5
f 1133/767/1 2579/768/1 1134/769/1
f 1585/770/4 1581/771/4 1636/772/4
f 1580/781/4 1575/782/4 1578/783/4
f 1976/784/5 1974/785/5 1942/786/5
f 1750/789/4 1684/790/4 1686/791/4
f 2189/795/2 2225/796/2 2239/797/2
f 1917/798/5 2008/799/5 1916/800/5
f 1581/568/2 1634/801/2 1702/802/2
f 2033/803/7 2025/804/7 2014/805/7
f 1141/806/1 1137/807/1 1140/808/1
f 1519/814/4 1513/815/4 1517/816/4
f 1678/817/6 1683/818/6 1682/819/6
f 1695/823/5 1627/824/5 1632/825/5
f 2455/826/1 2454/827/1 2510/828/1
f 2565/835/5 2544/836/5 2545/837/5
f 1869/852/1 1974/853/1 2033/854/1
f 1383/864/1 1381/865/1 1382/866/1
f 1613/870/3 1685/871/3 1687/872/3
f 2559/873/5 2568/874/5 2527/875/5
f 1805/876/2 1654/877/2 1802/878/2
f 1802/882/1 1657/883/1 1801/884/1
f 1190/885/4 1202/886/4 1259/887/4
f 1690/890/3 1616/891/3 1618/892/3
f 1579/895/3 1370/896/3 1577/897/3
f 2498/909/2 2430/910/2 2423/911/2
f 1980/916/4 2041/917/4 1979/918/4
f 1897/927/3 1958/928/3 1903/929/3
f 2034/973/5 1972/974/5 1861/975/5
f 1764/985/2 1768/986/2 1760/987/2
f 2458/988/1 2461/989/1 2463/990/1
f 1769/1006/4 1702/1007/4 1697/1008/4
f 1702/1012/1 1585/1013/1 1636/1014/1
f 2053/1033/3 1988/1034/3 1989/1035/3
f 1088/1042/4 1085/1043/4 1098/1044/4
f 1087/1048/4 1099/1049/4 1086/1050/4
f 1222/1051/5 1292/1052/5 1427/1053/5
f 1102/1054/4 1091/1055/4 1090/1056/4
f 1125/1057/1 1103/1058/1 1094/1059/1
f 1094/1060/4 1083/1000/4 1081/1061/4
f 1104/1062/4 1093/1063/4 1092/1064/4
f 1105/1065/6 1109/1066/6 1110/1067/6
f 1113/1068/6 1112/1069/6 1108/1070/6
f 1113/1071/3 1086/1072/3 1099/1073/3
f 1120/1074/6 1123/1075/6 1119/995/6
f 1122/1060/6 1125/1076/6 1121/1077/6
f 1128/1078/6 1127/1079/6 1124/1080/6
f 2183/1081/2 2171/1082/2 2195/1083/2
f 1746/1093/3 1831/1094/3 1745/1095/3
f 1129/1096/1 1146/1097/1 1063/1098/1
f 1141/1102/5 1139/1103/5 1138/1104/5
f 2556/1105/3 2568/1106/3 2567/1107/3
f 1123/1108/1 1092/1109/1 1102/1110/1
f 1150/1114/2 1148/1115/2 1147/1116/2
f 1153/1117/4 1148/1118/4 1151/1119/4
f 1152/1120/2 1156/1121/2 1151/1122/2
f 1157/1123/1 1159/1124/1 1156/1125/1
f 1155/1126/6 1157/1127/6 1152/1128/6
f 1163/1129/6 1165/1130/6 1161/1131/6
f 1281/1132/2 1275/1133/2 1409/1134/2
f 1140/1135/4 1168/1136/4 1170/1137/4
f 1143/1138/1 1242/1139/1 1119/1140/1
f 1171/1141/1 1173/1142/1 1170/1143/1
f 1881/1144/8 1945/1145/8 1980/1146/8
f 1178/1147/5 1171/1148/5 1170/1149/5
f 1922/1150/5 2010/1151/5 1921/1152/5
f 2128/1153/2 2143/1154/2 2113/1155/2
f 1185/1159/4 1145/1079/4 1144/1160/4
f 1161/1161/3 1272/1162/3 1139/1163/3
f 1192/1164/3 1198/1165/3 1196/1166/3
f 1471/1167/5 1469/1168/5 1336/1169/5
f 1201/1170/3 1194/1171/3 1195/1172/3
f 1199/1173/6 1205/1174/6 1197/1175/6
f 1203/1176/6 1207/1177/6 1200/1178/6
f 1273/1179/5 1165/1180/5 1274/1181/5
f 1211/1182/6 1213/1183/6 1210/1184/6
f 2461/1185/6 2455/1186/6 2460/1187/6
f 1217/1188/1 1218/1189/1 1216/1190/1
f 1221/1191/1 1223/1192/1 1220/1193/1
f 1219/1194/2 1224/1195/2 1218/1196/2
f 1227/1197/5 1221/1198/5 1220/1199/5
f 1224/1200/3 1230/1201/3 1228/1202/3
f 1282/1203/2 1175/1204/2 1168/1205/2
f 1296/1206/4 1231/1207/4 1293/1208/4
f 1233/1209/3 1226/1210/3 1227/1211/3
f 1238/1212/2 1179/1213/2 1236/1214/2
f 1179/1215/4 1239/1216/4 1236/1217/4
f 1179/1218/3 1240/1219/3 1105/1220/3
f 1183/1221/5 1186/1222/5 1243/1223/5
f 1450/1224/2 1304/1225/2 1372/1226/2
f 2047/714/1 1950/1227/1 1949/1228/1
f 1257/1232/3 1326/1233/3 1256/1234/3
f 1262/1235/6 1266/1236/6 1261/1237/6
f 1265/1238/6 1268/1239/6 1263/1240/6
f 1317/1241/1 1250/1242/1 1249/1243/1
f 1271/1244/6 1275/1245/6 1276/1246/6
f 1279/1247/6 1278/1248/6 1274/1249/6
f 1811/1250/2 1480/1251/2 1424/1252/2
f 1213/1253/5 1283/1254/5 1210/1255/5
f 1899/1256/5 1984/1257/5 1900/1258/5
f 1337/1259/1 1199/1260/1 1197/1261/1
f 1329/1262/3 1258/1263/3 1259/1264/3
f 1214/1265/3 1286/1266/3 1213/1267/3
f 1230/1268/4 1219/1269/4 1217/1270/4
f 1226/1271/4 1222/1272/4 1221/1273/4
f 1290/1274/2 1293/1275/2 1231/1276/2
f 1250/1277/2 1323/1278/2 1256/1279/2
f 1296/1275/5 1291/1280/5 1232/1281/5
f 1314/1282/4 1248/1283/4 1251/1284/4
f 1240/1285/4 1238/1286/4 1297/1159/4
f 1106/1287/2 1085/1288/2 1096/1289/2
f 2289/1290/5 2238/1291/5 2207/1292/5
f 1306/1293/4 1242/1294/4 1241/1295/4
f 1186/1296/4 1244/1177/4 1243/1297/4
f 1535/1298/1 1333/1299/1 1396/1300/1
f 1313/1301/2 1248/1302/2 1311/1303/2
f 1251/1304/5 1315/1305/5 1314/1306/5
f 1998/1307/2 1924/1308/2 1999/1309/2
f 1325/1313/1 1262/1314/1 1261/1315/1
f 1327/1316/2 1267/1317/2 1262/1318/2
f 1268/1319/5 1328/1320/5 1263/1321/5
f 1267/1322/3 1334/1323/3 1266/1324/3
f 1269/1325/3 1332/1326/3 1268/1327/3
f 1335/1328/6 1337/1329/6 1333/1330/6
f 1340/1296/6 1339/1331/6 1338/1332/6
f 1152/1333/1 1149/1334/1 1206/1335/1
f 1245/1336/2 1455/1337/2 1308/1338/2
f 1287/1339/4 1282/1340/4 1281/1341/4
f 1343/1342/6 1346/1343/6 1342/1344/6
f 1345/1345/6 1348/1346/6 1344/1347/6
f 1351/1348/6 1352/1349/6 1350/1350/6
f 1107/1351/6 1105/1352/6 1106/1353/6
f 1354/1354/4 1290/1355/4 1289/1356/4
f 1356/1360/1 1427/1361/1 1295/1362/1
f 1295/1363/4 1292/1364/4 1291/1365/4
f 1298/1372/3 1367/1373/3 1366/1374/3
f 1304/1375/4 1298/1044/4 1366/1376/4
f 1368/1377/3 1365/1378/3 1301/1379/3
f 1303/857/4 1368/1050/4 1301/1380/4
f 1920/1381/1 2011/1382/1 1919/1383/1
f 1318/1384/4 1313/1385/4 1385/1386/4
f 1956/1387/2 1909/1388/2 1910/1389/2
f 1316/1390/4 1389/1391/4 1315/1392/4
f 1326/1393/4 1319/1394/4 1317/1395/4
f 1324/1396/4 1322/1397/4 1320/1398/4
f 1392/1399/5 1322/1400/5 1329/1401/5
f 1375/564/1 1245/1405/1 1306/1406/1
f 1334/1407/4 1327/1408/4 1325/1409/4
f 1971/1410/1 1933/1411/1 2028/1412/1
f 1398/1413/6 1401/1414/6 1397/1415/6
f 1400/1416/2 1341/1417/2 1340/1418/2
f 1401/1419/6 1403/14/6 1400/1420/6
f 1405/1421/6 1409/1422/6 1410/1423/6
f 1412/1280/1 1343/1424/1 1342/1281/1
f 1413/1425/2 1347/1426/2 1343/1427/2
f 1362/1428/3 1358/1429/3 1361/1430/3
f 1348/1431/5 1414/1432/5 1344/1433/5
f 1347/1424/3 1419/1434/3 1346/1435/3
f 1418/1434/1 1351/1436/1 1350/1435/1
f 1349/1437/3 1417/1438/3 1348/1439/3
f 1420/1440/2 1353/1441/2 1351/1442/2
f 1353/1436/3 1424/1443/3 1352/1444/3
f 1359/1445/3 1435/1446/3 1434/1447/3
f 1367/1448/4 1359/1449/4 1434/1450/4
f 1436/1451/3 1433/1452/3 1363/1453/3
f 1365/1454/4 1436/1414/4 1363/1455/4
f 1606/1456/4 1599/1457/4 1605/1458/4
f 1629/1459/2 1625/1460/2 1693/1461/2
f 2216/1462/5 2255/1463/5 2159/1464/5
f 1441/1468/1 1372/1469/1 1440/1470/1
f 1443/1446/1 1445/1471/1 1374/1447/1
f 1374/1472/3 1447/1473/3 1373/1474/3
f 1450/1475/1 1379/1476/1 1449/1477/1
f 1449/1478/4 1376/1450/4 1375/1479/4
f 1452/1480/1 1454/1481/1 1380/1482/1
f 1380/1483/4 1378/1484/4 1377/1485/4
f 1458/1486/1 1459/1487/1 1457/1488/1
f 1578/1489/3 1439/1490/3 1580/1491/3
f 1460/1492/2 1386/1493/2 1459/1494/2
f 1467/1498/6 1393/1499/6 1466/1500/6
f 1469/1487/6 1470/1501/6 1468/1488/6
f 1400/1502/4 1397/1503/4 1399/1504/4
f 1950/1505/6 1951/1506/6 1949/1507/6
f 1474/1508/6 1473/1509/6 1472/1510/6
f 1419/1511/4 1413/1512/4 1412/1513/4
f 1424/1517/4 1420/1518/4 1418/1519/4
f 1481/1520/6 1484/1521/6 1480/1522/6
f 1483/1523/6 1486/1524/6 1482/1525/6
f 1489/1526/1 1428/1527/1 1488/1528/1
f 1488/1529/4 1425/1530/4 1423/1517/4
f 1491/1531/1 1493/1532/1 1429/1533/1
f 1429/1534/4 1427/1535/4 1426/1536/4
f 1430/1540/3 1497/1541/3 1496/1542/3
f 1435/1543/4 1430/1544/4 1496/1545/4
f 1498/1546/3 1495/1547/3 1431/1548/3
f 1433/1549/4 1498/1550/4 1431/1551/4
f 1528/1555/2 1396/1556/2 1393/1557/2
f 1441/1558/2 1438/1559/2 1500/1560/2
f 1505/1561/1 1446/1562/1 1504/1563/1
f 1504/1564/4 1442/1565/4 1441/1566/4
f 1501/1567/6 1505/1568/6 1500/1569/6
f 1507/1570/1 1509/1571/1 1448/1572/1
f 1448/1573/4 1444/1574/4 1443/1575/4
f 1511/1576/1 1455/1577/1 1510/1527/1
f 1510/1578/4 1451/1579/4 1450/1580/4
f 1513/1581/1 1515/1582/1 1456/1583/1
f 1456/1584/4 1453/1585/4 1452/1549/4
f 1573/1586/3 1604/1587/3 1547/1588/3
f 1462/1589/4 1460/1501/4 1458/1590/4
f 1522/1591/1 1467/1592/1 1466/1593/1
f 1523/1594/2 1394/1595/2 1467/1596/2
f 1470/1597/5 1524/1598/5 1468/1599/5
f 1394/1600/3 1529/1601/3 1393/1602/3
f 1471/1603/3 1527/1604/3 1470/1605/3
f 1530/1606/6 1534/1607/6 1528/1608/6
f 1397/1609/2 1324/1610/2 1320/1611/2
f 1533/1589/6 1536/1612/6 1531/1613/6
f 1395/1617/5 1331/1618/5 1193/1619/5
f 1542/1620/6 1540/1621/6 1541/1622/6
f 1542/1623/3 1408/1624/3 1472/1625/3
f 1540/1626/6 1545/1627/6 1546/1628/6
f 1475/1629/3 1544/1630/3 1473/1631/3
f 1548/1525/6 1477/1632/6 1544/1633/6
f 2249/1634/2 2252/1635/2 2237/1636/2
f 1550/1637/1 1481/1638/1 1480/1639/1
f 1551/239/2 1485/1640/2 1481/1641/2
f 1486/1642/5 1552/1643/5 1482/1644/5
f 1485/1645/3 1556/1646/3 1484/1647/3
f 1487/1648/3 1555/1649/3 1486/1650/3
f 1497/1651/4 1490/1652/4 1489/1653/4
f 1495/1654/4 1492/1655/4 1491/1483/4
f 1602/1656/6 1600/1657/6 1601/1658/6
f 1581/1659/1 1501/1660/1 1500/1661/1
f 1584/1662/4 1626/1663/4 1580/1664/4
f 1583/1665/1 1503/1666/1 1502/1667/1
f 1559/1668/6 1560/1669/6 1558/1670/6
f 1521/1671/6 1562/1672/6 1520/1673/6
f 1529/1674/4 1523/1675/4 1522/1676/4
f 1565/1677/2 1535/1678/2 1530/1679/2
f 1536/1680/1 1566/1681/1 1568/1682/1
f 1567/1683/6 1566/1684/6 1565/1685/6
f 1570/1686/2 1543/1687/2 1542/1688/2
f 1572/1689/5 1472/1690/5 1544/1691/5
f 1571/1692/6 1569/1693/6 1570/1694/6
f 1556/1695/4 1551/1696/4 1550/1697/4
f 1555/1698/4 1553/1699/4 1552/1700/4
f 2563/1701/6 2564/1702/6 2562/1703/6
f 2133/1704/6 2131/1705/6 2132/1706/6
f 1651/1707/2 1561/1708/2 1559/1709/2
f 2097/1710/5 2204/1711/5 2178/1712/5
f 2061/1713/6 2065/1714/6 2052/1715/6
f 2071/1716/6 2068/1717/6 2078/1718/6
f 1589/1719/6 1592/1720/6 1588/1721/6
f 1591/1722/6 1595/1723/6 1590/1724/6
f 1594/1725/2 1568/1726/2 1567/1727/2
f 1595/1731/6 1597/1732/6 1594/1733/6
f 1654/1734/3 1560/1735/3 1561/1736/3
f 1599/1737/6 1603/1738/6 1604/1739/6
f 1607/1740/6 1606/1741/6 1602/1742/6
f 1610/1748/6 1613/1749/6 1609/1065/6
f 1612/1750/6 1615/1751/6 1611/1068/6
f 1622/1752/2 1579/1102/2 1620/1753/2
f 1576/1754/3 1622/1755/3 1620/1756/3
f 1579/1757/4 1576/1750/4 1620/1758/4
f 1579/1759/3 1625/1760/3 1624/1761/3
f 1626/1762/3 1623/1763/3 1580/1764/3
f 1629/1765/1 1581/1766/1 1628/1767/1
f 1631/1768/1 1633/1769/1 1584/1770/1
f 1405/1771/2 1271/1772/2 1406/1773/2
f 1639/1774/6 1642/1775/6 1638/1776/6
f 1641/1777/6 1644/1778/6 1640/1779/6
f 1647/1780/6 1650/1781/6 1646/1606/6
f 1649/1782/6 1652/1783/6 1648/1684/6
f 1656/1784/1 1589/1785/1 1588/1786/1
f 1654/1787/6 1656/1674/6 1657/1676/6
f 1660/1788/6 1659/1789/6 1655/1790/6
f 1658/1791/2 1593/1792/2 1589/1793/2
f 1663/1794/6 1662/1795/6 1658/1796/6
f 1593/1797/1 1730/1798/1 1565/1799/1
f 2576/1800/1 2577/1801/1 2563/1802/1
f 1637/1803/4 1583/1804/4 1586/1805/4
f 1605/1806/3 1668/1807/3 1603/1808/3
f 1665/1809/6 1667/1810/6 1668/1811/6
f 1608/1812/3 1666/1813/3 1606/1814/3
f 1671/1699/6 1670/1815/6 1666/1816/6
f 1674/1817/6 1675/1522/6 1673/1818/6
f 1682/1820/2 1614/1821/2 1610/1822/2
f 1615/1821/5 1683/1823/5 1611/1824/5
f 2151/1825/5 2135/1826/5 2136/1827/5
f 1689/1828/2 1622/1829/2 1687/1830/2
f 1622/1831/4 1613/1832/4 1687/1833/4
f 1622/1834/3 1693/1835/3 1692/1836/3
f 1625/1837/4 1622/1838/4 1692/1839/4
f 1694/1840/3 1691/1841/3 1619/1842/3
f 1623/1843/4 1694/1844/4 1619/1845/4
f 1660/1846/3 1562/1847/3 1563/1848/3
f 1697/1849/1 1634/1850/1 1696/1851/1
f 1696/1852/4 1630/1853/4 1629/1854/4
f 2340/1855/4 2333/1856/4 2334/1857/4
f 1699/1858/1 1701/1859/1 1635/1860/1
f 1635/1861/4 1632/1862/4 1631/1863/4
f 1706/1864/1 1639/1865/1 1638/1866/1
f 1707/1867/2 1643/1868/2 1639/1869/2
f 2532/1870/2 2489/1871/2 2530/1872/2
f 1644/1873/5 1708/1874/5 1640/1875/5
f 1643/1876/3 1713/1877/3 1642/1878/3
f 1645/1879/3 1711/1880/3 1644/1881/3
f 1811/1882/3 1669/1883/3 1807/883/3
f 1719/1884/1 1647/1885/1 1646/1886/1
f 1716/1887/6 1719/1888/6 1715/1889/6
f 1718/1892/6 1721/1893/6 1717/1894/6
f 1720/1727/2 1651/1895/2 1647/1896/2
f 1652/1897/5 1721/1898/5 1648/1899/5
f 1651/1900/3 1725/1901/3 1650/1902/3
f 1657/1903/4 1651/1904/4 1650/1905/4
f 1653/1906/3 1724/1907/3 1652/1908/3
f 1728/1909/5 1659/1910/5 1595/1911/5
f 1655/1893/4 1653/1912/4 1652/1894/4
f 1727/1913/2 1664/1914/2 1663/1915/2
f 1728/1916/6 1729/1917/6 1727/1918/6
f 1158/1919/5 1155/1920/5 1153/1921/5
f 1735/1922/1 1674/1923/1 1673/1924/1
f 1736/538/2 1676/1925/2 1674/1926/2
f 1676/1927/3 1738/1928/3 1675/1929/3
f 1740/1930/6 1743/1931/6 1739/1932/6
f 1304/1933/3 2578/1934/3 1111/1935/3
f 1744/1936/1 1679/1937/1 1678/1938/1
f 1742/1939/6 1745/1940/6 1741/1941/6
f 1749/1942/2 1689/1943/2 1747/1944/2
f 1682/1948/3 1683/1949/3 1751/1950/3
f 1690/1951/5 1751/1942/5 1750/1944/5
f 1755/1952/2 1693/1953/2 1753/1954/2
f 1689/1955/3 1755/1956/3 1753/1957/3
f 1693/1958/4 1689/1959/4 1753/1960/4
f 1748/1961/6 1754/1962/6 1755/1963/6
f 1695/1964/5 1758/1965/5 1757/1966/5
f 1757/1967/3 1752/1968/3 1690/1969/3
f 1691/1970/4 1757/1971/4 1690/1972/4
f 1693/1973/3 1761/1974/3 1760/1975/3
f 1762/1976/3 1759/1977/3 1695/1978/3
f 1282/1979/1 1169/462/1 1167/1980/1
f 1653/1981/1 1587/1982/1 1520/1983/1
f 1768/1984/1 1769/1985/1 1767/1986/1
f 2268/1987/3 2267/1308/3 2240/1988/3
f 1810/1989/3 1672/1990/3 1812/1991/3
f 1772/565/1 1774/1992/1 1771/1993/1
f 1770/1994/2 1775/1995/2 1769/1996/2
f 1771/1997/4 1700/1998/4 1705/1999/4
f 1780/2000/5 1772/2001/5 1771/2002/5
f 1713/2003/2 1781/2004/2 1785/2005/2
f 1713/2006/4 1707/2007/4 1706/2008/4
f 1782/2009/6 1785/2010/6 1781/2011/6
f 1789/2012/1 1716/2013/1 1715/2014/1
f 1790/2015/2 1720/2016/2 1716/2017/2
f 1733/2018/6 1731/2019/6 1732/2020/6
f 1721/2021/5 1791/2022/5 1717/2023/5
f 1720/2024/3 1796/2012/3 1719/2025/3
f 1725/2026/4 1720/2027/4 1719/2028/4
f 1722/2032/3 1794/2033/3 1721/2034/3
f 1724/2035/4 1722/2036/4 1721/2037/4
f 1797/2038/6 1801/2039/6 1795/2040/6
f 1800/2041/6 1803/2042/6 1798/2043/6
f 1308/2044/1 1146/1097/1 1185/2045/1
f 1665/2046/2 1599/2047/2 1731/2048/2
f 1666/2049/5 1734/2050/5 1602/2051/5
f 1738/2055/4 1736/2056/4 1735/2057/4
f 1818/2058/6 1821/2059/6 1817/2060/6
f 1574/2061/5 1742/2062/5 1816/2063/5
f 1820/2064/6 1823/2065/6 1819/2066/6
f 1822/2067/2 1744/2068/2 1740/2069/2
f 1745/2073/5 1823/2074/5 1741/2075/5
f 1829/2076/2 1749/2077/2 1827/2078/2
f 1745/2079/4 1744/2080/4 1749/2081/4
f 1751/2082/5 1831/2083/5 1830/2084/5
f 1761/2085/3 1840/2086/3 1839/2087/3
f 1763/2088/5 1836/2089/5 1835/2090/5
f 1749/2091/3 1834/2092/3 1833/2093/3
f 1841/2094/3 1838/2095/3 1763/2096/3
f 1324/2097/5 1253/2098/5 1259/2099/5
f 1193/2100/2 1187/2101/2 1188/2102/2
f 1844/2103/1 1764/2104/1 1843/2105/1
f 1913/2106/5 1990/2107/5 1912/2108/5
f 1843/657/4 1761/2109/4 1839/2110/4
f 1846/2094/1 1848/2111/1 1766/2112/1
f 1765/2113/3 1845/2111/3 1764/2114/3
f 1809/2115/3 1731/2116/3 1734/2117/3
f 1851/2113/1 1776/2118/1 1850/2119/1
f 1850/2120/4 1770/2121/4 1768/2122/4
f 1853/2123/1 1855/2124/1 1779/2125/1
f 1779/2126/4 1773/2010/4 1772/2127/4
f 1852/2083/2 1856/2128/2 1776/2084/2
f 1844/2129/2 1839/2130/2 1840/2131/2
f 1274/2132/3 1164/2133/3 1279/2134/3
f 1862/2135/5 1853/2136/5 1779/2137/5
f 1858/2074/2 1786/2138/2 1782/2075/2
f 1866/2139/1 2031/2140/1 1973/2141/1
f 1787/2138/5 1859/2142/5 1783/2143/5
f 1786/2144/3 1866/2145/3 1785/2146/3
f 1863/2147/6 1865/2148/6 1866/2149/6
f 1788/2150/3 1864/2151/3 1787/2152/3
f 1869/2153/6 1868/2154/6 1864/2155/6
f 1086/1289/4 1096/2156/4 1085/590/4
f 1600/2157/3 1543/2158/3 1569/2159/3
f 1796/2160/4 1790/2161/4 1789/2162/4
f 1794/2163/4 1792/2164/4 1791/2165/4
f 1875/2166/1 1797/2167/1 1795/2168/1
f 1877/2169/1 1800/2170/1 1798/2171/1
f 1876/1915/2 1802/2172/2 1797/2173/2
f 1803/2174/5 1877/2175/5 1798/2176/5
f 1947/2177/3 1883/2178/3 1807/2179/3
f 1883/2180/6 1881/2181/6 1882/2182/6
f 1976/2183/6 1977/2184/6 1975/2185/6
f 1814/2186/3 1888/2187/3 1813/2188/3
f 1887/2189/1 1818/2190/1 1817/2191/1
f 1885/2192/6 1887/2193/6 1888/2194/6
f 1816/2195/3 1886/2196/3 1815/2197/3
f 1891/2198/6 1890/2199/6 1886/2181/6
f 1889/2200/2 1822/2201/2 1818/2202/2
f 1862/2203/1 1784/2204/1 1859/2205/1
f 1823/2206/5 1890/2207/5 1819/2208/5
f 1829/2209/4 1821/2210/4 1896/2211/4
f 1903/2212/2 1834/2213/2 1901/2214/2
f 2439/2215/6 2434/2216/6 2430/2217/6
f 2131/2218/3 2152/2219/3 2124/2220/3
f 1836/2221/5 1905/2222/5 1904/2223/5
f 1834/2224/3 1910/2225/3 1907/2226/3
f 1911/2227/3 1906/2228/3 1836/2229/3
f 1909/2230/3 1999/2231/3 1908/2232/3
f 1990/2233/3 1899/927/3 1905/2234/3
f 2015/2237/1 1965/2238/1 1926/2239/1
f 1847/2240/3 1927/2241/3 1846/2242/3
f 1929/2243/1 1931/2244/1 1928/2245/1
f 1831/2246/4 1900/2247/4 1824/2248/4
f 1972/2249/1 2030/2250/1 1861/2251/1
f 1704/2252/1 1637/2253/1 1586/2254/1
f 1925/2255/4 1851/2256/4 1844/2257/4
f 1867/2258/3 1940/2259/3 1865/2260/3
f 1939/2261/1 1872/2262/1 1871/2263/1
f 1937/2264/6 1939/2265/6 1940/2266/6
f 1870/2267/3 1938/2268/3 1868/2269/3
f 1943/2270/6 1942/2271/6 1938/2272/6
f 1946/2273/2 1884/2274/2 1883/2143/2
f 1947/2278/6 1945/2279/6 1946/2280/6
f 1172/2281/5 1280/2282/5 1164/2283/5
f 1950/2284/5 1980/2285/5 1886/2286/5
f 1910/2287/4 1903/2288/4 1955/2289/4
f 1958/2290/6 1956/2291/6 1957/2292/6
f 1906/2293/4 1960/2294/4 1905/2295/4
f 1408/2296/5 1274/2297/5 1278/2298/5
f 1968/2299/1 1970/2300/1 1932/2301/1
f 1932/2302/4 1930/2303/4 1929/2304/4
f 1967/2305/6 1968/2306/6 1966/2307/6
f 1130/2308/3 2580/2309/3 1132/2310/3
f 1516/743/4 1511/2311/4 1518/741/4
f 1094/2314/5 1310/2315/5 1186/1222/5
f 1176/2316/1 1178/2317/1 1175/2318/1
f 1987/2319/2 1959/2320/2 1958/2321/2
f 1869/2324/4 1861/2325/4 1864/2326/4
f 2014/2327/5 2066/2328/5 2005/2329/5
f 1959/2330/3 1992/2331/3 1956/2332/3
f 1890/2333/6 1893/2334/6 1889/2335/6
f 1991/2339/6 1998/2340/6 1999/2341/6
f 2002/2342/6 2007/2343/6 2001/2344/6
f 2441/1244/6 2432/2345/6 2436/2346/6
f 1395/1617/5 1394/2347/5 1331/1618/5
f 2044/2348/6 2047/2349/6 2043/2350/6
f 2021/45/1 1967/2351/1 1966/2352/1
f 1933/2353/2 1926/2354/2 2016/2355/2
f 1595/2359/5 1536/2360/5 1598/2361/5
f 1833/2362/4 1755/2363/4 1749/2364/4
f 2039/2365/6 2037/2366/6 2038/2367/6
f 2087/2368/3 2039/2369/3 1977/2370/3
f 2270/2374/1 2254/2375/1 2206/2376/1
f 2050/2377/2 1994/2378/2 1988/2379/2
f 1595/2380/1 1533/2381/1 1531/2382/1
f 1619/2383/5 1690/2384/5 1618/2385/5
f 1995/2386/5 2053/2387/5 1989/2388/5
f 1994/2167/3 2055/2389/3 1993/2390/3
f 2003/2391/5 2060/2392/5 1996/2393/5
f 1996/2394/3 2054/2395/3 1995/2396/3
f 2005/2399/3 2061/2400/3 2003/2401/3
f 1374/2402/4 1439/2403/4 1371/2404/4
f 2007/2405/3 2067/2406/3 2001/2407/3
f 1652/2408/5 1562/2409/5 1655/2410/5
f 2214/2411/3 2213/2412/3 2201/2413/3
f 2236/2414/2 2251/2415/2 2239/797/2
f 2070/2416/1 2017/2417/1 2012/2418/1
f 2075/2419/1 2014/2420/1 2020/2421/1
f 2071/2422/2 2018/2423/2 2017/2424/2
f 2077/2425/1 2023/2426/1 2018/2427/1
f 2019/2428/5 2075/2429/5 2020/2430/5
f 2079/2431/1 2019/2432/1 2026/2433/1
f 2078/2434/2 2024/2435/2 2023/2436/2
f 2067/2437/2 2012/2438/2 2001/2439/2
f 2025/2435/5 2079/1468/5 2026/1470/5
f 2025/2440/1 2081/2441/1 2084/2442/1
f 2086/2443/2 2040/2444/2 2039/2445/2
f 2087/2446/6 2085/2447/6 2086/2448/6
f 2040/2449/3 2090/2450/3 2037/2451/3
f 2085/2452/6 2089/2453/6 2090/2454/6
f 1581/2455/6 1577/2456/6 1582/2457/6
f 2093/2458/2 2044/2459/2 2043/2460/2
f 2092/2464/1 2046/2465/1 2044/2466/1
f 2094/2467/6 2092/2468/6 2093/2279/6
f 2137/2469/5 2058/2470/5 2138/2471/5
f 2052/2472/4 2057/2473/4 2058/2474/4
f 1182/2475/5 1142/2476/5 2579/2477/5
f 2063/2478/3 2098/2479/3 2062/2480/3
f 2065/2481/3 2097/2482/3 2064/2483/3
f 2100/2484/1 2073/2485/1 2068/2486/1
f 2102/2487/1 2069/2488/1 2074/2489/1
f 2272/2490/5 2262/2491/5 2257/2492/5
f 2106/2493/6 2112/2494/6 2104/2495/6
f 2062/2496/2 2002/2497/2 1993/2498/2
f 2107/2499/4 2078/2500/4 2082/2501/4
f 2116/2502/1 2083/2503/1 2082/2504/1
f 1388/2505/2 1391/2506/2 1517/2507/2
f 2111/2508/6 2118/2509/6 2110/2510/6
f 2121/2511/2 2091/2512/2 2085/2513/2
f 2088/2514/3 2121/2484/3 2085/2515/3
f 2122/1733/6 2120/2516/6 2121/2517/6
f 2127/2518/1 2141/2519/1 2128/2520/1
f 2159/2521/1 2193/2522/1 2142/2523/1
f 2126/2524/1 2117/2525/1 2114/2526/1
f 2137/2528/6 2136/2529/6 2135/2530/6
f 2098/2531/2 2068/2532/2 2062/2533/2
f 2224/2534/5 2233/2535/5 2218/2536/5
f 1971/2537/2 2031/2538/2 1857/2539/2
f 2144/2540/6 2143/2541/6 2141/2542/6
f 2142/2543/6 2147/2544/6 2146/2154/6
f 2140/2545/2 2155/2546/2 2139/2547/2
f 1876/2548/2 1941/2549/2 1977/2550/2
f 1982/2551/2 1953/2552/2 1897/2553/2
f 2153/2554/5 2164/2555/5 2163/2556/5
f 2152/2557/4 2163/2558/4 2162/2559/4
f 2151/2560/4 2168/2561/4 2150/2562/4
f 2167/2563/2 2134/2564/2 2133/2565/2
f 2169/2566/4 2157/2567/4 2156/2568/4
f 2140/2545/2 2129/2569/2 2124/2570/2
f 1301/2571/5 1431/2572/5 1180/2573/5
f 2161/2574/4 2159/2575/4 2158/2576/4
f 2165/2577/4 2167/2578/4 2164/2561/4
f 2171/2579/6 2173/2580/6 2174/2581/6
f 2158/2582/5 2147/2583/5 2161/2584/5
f 2177/2585/6 2176/2586/6 2172/2587/6
f 2180/2120/6 2181/2591/6 2179/2592/6
f 2520/2593/3 2518/2594/3 2474/2595/3
f 2175/2596/3 2187/2597/3 2173/2598/3
f 1920/2599/5 1930/2600/5 1967/2601/5
f 2178/2602/3 2186/2603/3 2176/2604/3
f 2189/2605/1 2180/2606/1 2179/2607/1
f 2196/2558/6 2194/2608/6 2195/2609/6
f 2200/2610/6 2199/2611/6 2198/2612/6
f 2187/2613/4 2183/2614/4 2202/2615/4
f 2186/2616/4 2203/2617/4 2184/2618/4
f 1377/2619/1 1307/2620/1 1186/2621/1
f 1779/2625/4 1784/2626/4 1862/2627/4
f 2206/2628/4 2190/2629/4 2189/2630/4
f 1253/2631/1 1322/2632/1 1252/2633/1
f 2082/2634/6 2084/2635/6 2078/2636/6
f 1963/2637/3 1917/2638/3 1921/2639/3
f 1212/2640/3 1287/2641/3 1175/2642/3
f 1952/2643/1 1889/2644/1 1951/2645/1
f 2208/633/2 2196/738/2 2209/631/2
f 2212/2608/4 2209/2646/4 2217/2609/4
f 2211/2647/4 2218/2648/4 2210/2649/4
f 2212/2650/3 2226/2651/3 2194/2652/3
f 2223/2656/6 2225/2657/6 2226/2658/6
f 2229/2659/6 2228/2660/6 2224/2661/6
f 2227/2662/3 2237/2663/3 2225/2664/3
f 2230/2665/3 2235/2666/3 2228/2667/3
f 2242/2668/6 2240/2669/6 2241/1013/6
f 2246/2670/6 2245/2671/6 2244/2672/6
f 2237/2673/4 2232/2674/4 2248/2675/4
f 2269/2676/3 2247/2677/3 2250/2678/3
f 2235/2679/4 2250/2680/4 2233/2681/4
f 1876/2682/6 1871/2683/6 1872/2684/6
f 2257/2685/6 2256/2686/6 2254/2540/6
f 2255/2687/6 2260/2688/6 2259/2689/6
f 2253/2690/2 2237/1636/2 2248/2691/2
f 2389/2692/4 2380/2693/4 2345/2694/4
f 2310/2695/2 2268/2696/2 2277/2697/2
f 2557/2698/3 2570/2699/3 2526/2700/3
f 2260/2701/5 2273/255/5 2259/257/5
f 2268/2702/4 2264/2703/4 2277/2704/4
f 2269/2705/5 2313/2706/5 2278/2707/5
f 2266/2708/4 2278/2709/4 2265/2710/4
f 1705/2711/5 1635/2712/5 1584/2713/5
f 2305/2714/5 2280/2715/5 2308/2716/5
f 2279/2717/4 2272/2718/4 2270/2566/4
f 2276/2719/4 2274/2720/4 2273/2721/4
f 2005/2722/2 2013/2723/2 2004/2724/2
f 2307/2725/2 2270/2726/2 2304/2727/2
f 1127/2728/2 1092/2729/2 1124/2730/2
f 1628/2731/4 1579/2732/4 1624/2733/4
f 2282/2737/6 2284/2738/6 2281/2739/6
f 1814/2684/6 1811/2740/6 1807/2741/6
f 2006/2742/3 1962/2743/3 1913/2744/3
f 2288/2306/6 2290/2745/6 2287/2746/6
f 2281/2747/3 2296/2748/3 2293/2749/3
f 2295/2750/1 2284/2751/1 2294/2752/1
f 2294/2753/4 2281/2754/4 2293/2755/4
f 2348/2756/1 2324/723/1 2306/2757/1
f 2299/2758/3 2292/2759/3 2283/2760/3
f 2298/2761/1 2302/2762/1 2286/2763/1
f 2286/2764/4 2299/2765/4 2283/2766/4
f 2346/2767/1 2303/2768/1 2323/2769/1
f 2287/2773/3 2320/2774/3 2319/2775/3
f 2296/2776/4 2287/2777/4 2319/2778/4
f 2301/2779/5 2322/2780/5 2300/2781/5
f 2321/2782/3 2318/2783/3 2289/2784/3
f 2292/2745/4 2321/2785/4 2289/2746/4
f 2323/2789/4 2297/2790/4 2295/1852/4
f 2306/2791/4 2301/2792/4 2298/2793/4
f 2325/2794/4 2304/2795/4 2303/2796/4
f 1108/2797/1 1085/2798/1 1105/2799/1
f 2340/2800/6 2338/2801/6 2334/2802/6
f 2118/2803/1 2117/2804/1 2125/2805/1
f 2308/2806/4 2306/2685/4 2305/2807/4
f 2331/6/2 2311/2808/2 2329/2809/2
f 2312/2810/5 2333/2808/5 2332/2811/5
f 2311/2812/4 2332/1748/4 2329/2813/4
f 2337/2814/2 2316/2815/2 2335/2816/2
f 2316/2817/4 2310/2818/4 2335/2819/4
f 2317/2820/5 2340/2821/5 2339/2822/5
f 2314/2823/4 2339/2824/4 2313/2825/4
f 2316/2826/3 2343/2827/3 2342/2828/3
f 2320/2829/4 2316/2830/4 2342/2831/4
f 2328/2832/5 2348/2833/5 2306/631/5
f 2347/2834/2 2325/2835/2 2303/2836/2
f 2344/2837/3 2341/2838/3 2317/2839/3
f 2318/2840/4 2344/2841/4 2317/2842/4
f 2346/2843/6 2336/2844/6 2347/2845/6
f 2351/2846/2 2354/2847/2 2326/2848/2
f 2357/2849/4 2326/2850/4 2354/2851/4
f 2357/2852/5 2352/2853/5 2327/2854/5
f 2360/2855/2 2337/2856/2 2358/2857/2
f 2405/1186/6 2404/2858/6 2402/2859/6
f 2496/2860/5 2531/2861/5 2492/2862/5
f 2330/2863/4 2358/2864/4 2337/2865/4
f 2340/2866/5 2363/2867/5 2362/2868/5
f 2367/2555/2 2343/2869/2 2365/2556/2
f 2337/2870/3 2367/2871/3 2365/2872/3
f 2343/2873/4 2337/2874/4 2365/2875/4
f 2345/2876/5 2369/2877/5 2368/2878/5
f 2368/2879/3 2364/2880/3 2340/2662/3
f 2341/2881/4 2368/2882/4 2340/2818/4
f 2343/2883/3 2374/2884/3 2371/2885/3
f 2376/2886/3 2370/629/3 2345/2887/3
f 2069/2888/5 2099/2889/5 2065/2890/5
f 2385/2891/1 2346/2883/1 2384/2892/1
f 2387/2893/1 2389/2894/1 2349/2895/1
f 2386/2896/2 2390/2897/2 2346/2898/2
f 2391/2899/1 2350/2900/1 2390/2901/1
f 2390/2902/4 2347/1521/4 2346/2903/4
f 2392/2904/6 2391/2905/6 2386/2906/6
f 2396/2907/5 2387/2908/5 2349/2909/5
f 2394/2910/1 2396/2911/1 2353/1192/1
f 2353/2912/4 2349/2913/4 2348/2914/4
f 2393/2915/2 2397/2916/2 2350/2917/2
f 2399/2918/1 2356/2919/1 2355/2920/1
f 2397/2921/4 2351/2922/4 2350/2923/4
f 2393/2924/3 2351/2925/3 2352/2926/3
f 2400/2927/5 2394/2928/5 2353/2929/5
f 2356/2930/4 2353/2931/4 2352/2932/4
f 2372/2933/4 2346/2934/4 2371/2935/4
f 2403/2936/2 2361/2937/2 2401/2938/2
f 2377/2939/5 2380/2940/5 2378/2941/5
f 2409/2942/4 2361/2943/4 2363/2944/4
f 2363/2948/5 2410/2949/5 2409/2950/5
f 2407/2951/3 2405/2952/3 2401/2953/3
f 2414/2810/2 2367/2954/2 2412/2955/2
f 2367/2956/4 2360/2957/4 2412/2958/4
f 2415/2959/6 2413/2960/6 2414/2961/6
f 2369/2962/5 2420/2963/5 2419/2964/5
f 2419/2965/3 2411/2839/3 2363/2966/3
f 2364/2967/4 2419/1740/4 2363/2968/4
f 2420/2969/6 2418/2970/6 2411/2968/6
f 2367/2971/3 2424/2972/3 2422/2973/3
f 2374/2974/4 2367/2975/4 2422/2976/4
f 2413/2977/6 2423/2978/6 2424/2979/6
f 2427/2980/3 2421/2981/3 2369/2982/3
f 2370/2983/4 2427/2984/4 2369/2985/4
f 2428/2984/6 2426/2986/6 2421/2987/6
f 2438/2988/2 2433/2989/2 2434/2990/2
f 2373/2991/3 2434/2992/3 2433/2993/3
f 2435/2994/3 2432/2995/3 2378/2996/3
f 2438/2997/1 2381/2998/1 2437/2999/1
f 2440/3000/1 2442/3001/1 2383/3002/1
f 2102/3003/6 2099/3004/6 2103/3005/6
f 1154/3006/3 1147/3007/3 1153/3008/3
f 2449/3009/1 2391/3010/1 2448/3011/1
f 2448/3012/4 2386/3013/4 2385/3014/4
f 2445/3015/6 2449/3016/6 2443/3017/6
f 2451/3018/1 2453/3019/1 2395/3020/1
f 2395/3021/4 2388/2904/4 2387/3022/4
f 2447/3023/6 2451/3024/6 2446/3025/6
f 2510/3026/2 2391/3027/2 2450/3028/2
f 2454/40/4 2393/2979/4 2391/2978/4
f 2442/3029/5 2436/3030/5 2435/3031/5
f 2399/3032/4 2395/3033/4 2394/3034/4
f 2455/3035/2 2458/3036/2 2398/3037/2
f 1877/3038/6 1879/3039/6 1876/3040/6
f 2399/3041/4 2458/3042/4 2465/3043/4
f 2465/3046/5 2456/3047/5 2399/3048/5
f 2437/3049/4 2373/3050/4 2433/3051/4
f 2467/3052/2 2406/3053/2 2405/3054/2
f 2408/3055/5 2468/3056/5 2407/3057/5
f 2381/3058/2 2384/3059/2 2372/3060/2
f 2468/1502/6 2466/3061/6 2467/3062/6
f 2471/3063/2 2416/3064/2 2415/3065/2
f 2375/3066/5 2366/3067/5 2343/3068/5
f 2418/3069/5 2478/3064/5 2411/3070/5
f 2481/3071/2 2425/3072/2 2413/3073/2
f 2416/3074/3 2481/3075/3 2413/3076/3
f 2426/3077/5 2486/3078/5 2421/3079/5
f 2421/3080/3 2479/3081/3 2418/3082/3
f 2425/3083/3 2488/3084/3 2423/3085/3
f 2560/3086/2 2576/457/2 2538/3087/2
f 2470/3088/6 2469/3089/6 2472/3090/6
f 2513/3091/5 2446/3092/5 2451/3093/5
f 2429/3094/3 2487/3095/3 2426/3096/3
f 2498/3106/1 2445/3107/1 2443/3108/1
f 2504/3109/1 2447/3110/1 2446/3111/1
f 2474/3112/1 2476/3113/1 2472/3114/1
f 2388/3115/5 2497/3116/5 2440/3117/5
f 2534/3118/5 2502/3119/5 2550/3120/5
f 2379/3124/4 2442/3125/4 2378/3126/4
f 2402/3127/3 2473/3128/3 2415/3129/3
f 2511/3130/2 2461/3131/2 2460/3132/2
f 2556/1657/2 2548/3133/2 2521/1658/2
f 2463/3134/5 2512/3135/5 2462/3136/5
f 2517/3137/2 2483/3138/2 2472/3139/2
f 2518/2824/6 2516/3140/6 2517/3141/6
f 2484/3142/5 2522/3143/5 2477/3144/5
f 2522/3145/6 2521/3146/6 2520/3147/6
f 2525/2962/2 2490/3148/2 2482/3149/2
f 2483/3150/3 2525/3151/3 2482/3152/3
f 2516/3153/6 2524/3154/6 2525/3155/6
f 2491/3156/5 2528/3157/5 2485/3158/5
f 2485/3159/3 2523/3160/3 2484/3161/3
f 2528/3162/6 2527/3163/6 2523/3164/6
f 2490/3165/3 2530/3166/3 2489/3167/3
f 2492/3168/3 2529/3169/3 2491/3170/3
f 2513/3171/1 2399/3172/1 2456/3173/1
f 2532/3174/1 2500/3175/1 2495/3176/1
f 2534/3177/1 2496/3178/1 2503/3179/1
f 2533/3180/2 2501/3181/2 2500/3182/2
f 2537/3183/3 2533/3178/3 2500/3184/3
f 2536/3185/1 2506/3186/1 2501/3187/1
f 2538/3188/6 2536/3189/6 2533/3190/6
f 2496/3191/4 2491/3192/4 2503/3193/4
f 2539/3047/2 2507/3194/2 2506/3048/2
f 2542/3195/6 2541/3021/6 2539/3022/6
f 2508/3194/5 2540/3196/5 2509/3197/5
f 2540/3198/6 2545/3199/6 2544/3200/6
f 2023/3201/5 2073/3202/5 2072/3203/5
f 1983/3204/3 1893/3205/3 1894/3206/3
f 2554/3207/2 2519/3208/2 2518/3209/2
f 2526/3210/4 2519/3211/4 2516/3212/4
f 2548/3213/4 2523/3153/4 2521/553/4
f 2570/186/2 2533/3214/2 2524/3215/2
f 2538/3218/4 2524/3219/4 2533/1626/4
f 2550/3220/6 2551/3221/6 2549/3222/6
f 2555/3223/6 2553/3224/6 2554/3225/6
f 2574/3226/5 2561/3227/5 2551/3228/5
f 2219/3229/2 2182/3230/2 2191/3231/2
f 2574/3232/6 2573/3233/6 2566/3234/6
f 1274/2800/4 1277/635/4 1278/3238/4
f 2562/3239/2 2543/3240/2 2542/3241/2
f 1063/1098/1 2581/3261/1 1062/3261/1
f 1063/3262/5 1043/3263/5 2582/3262/5
f 1096/10/3 1097/3267/3 1107/11/3
f 1733/25/3 1732/3272/3 1599/26/3
f 2561/43/1 2574/3279/1 2575/44/1
f 2575/44/1 2550/3280/1 2549/45/1
f 2529/57/3 2571/3284/3 2569/55/3
f 2559/56/3 2527/3285/3 2529/57/3
f 2535/58/6 2534/3286/6 2529/59/6
f 2543/63/1 2564/3287/1 2565/3288/1
f 2545/61/1 2546/3289/1 2508/3290/1
f 2543/63/1 2565/3288/1 2545/61/1
f 2507/62/1 2541/3291/1 2543/63/1
f 2545/61/1 2508/3290/1 2507/62/1
f 1236/3296/3 1239/3297/3 1300/76/3
f 1300/76/3 1299/3298/3 1297/77/3
f 1238/78/3 1236/3296/3 1300/76/3
f 2343/3301/2 2346/3302/2 2323/3303/2
f 2295/85/2 2294/3304/2 2293/3305/2
f 2343/3301/2 2323/3303/2 2295/85/2
f 2320/87/2 2342/3306/2 2343/3301/2
f 2296/86/2 2319/3307/2 2320/87/2
f 2295/85/2 2293/3305/2 2296/86/2
f 2320/87/2 2343/3301/2 2295/85/2
f 2217/119/2 2241/3350/2 2240/3351/2
f 2232/117/2 2234/3352/2 2227/3353/2
f 2217/119/2 2240/3351/2 2232/117/2
f 2223/118/2 2212/3354/2 2217/119/2
f 2232/117/2 2227/3353/2 2223/118/2
f 2555/126/5 2520/3362/5 2521/127/5
f 1540/134/2 1600/3364/2 1599/132/2
f 1573/133/2 1547/3365/2 1540/134/2
f 1834/162/2 1837/3374/2 1761/163/2
f 1809/168/6 1810/3378/6 1807/169/6
f 2456/210/6 2464/3450/6 2463/211/6
f 1339/216/2 1206/3453/2 1199/217/2
f 1835/227/3 1836/3459/3 1832/228/3
f 1273/236/6 1274/3462/6 1271/237/6
f 2532/239/6 2530/3463/6 2524/240/6
f 2411/242/6 2408/3464/6 2407/243/6
f 1663/3465/1 1658/3466/1 1805/245/1
f 1805/245/1 1806/3467/1 1728/246/1
f 1727/247/1 1663/3465/1 1805/245/1
f 1300/248/4 1361/3468/4 1358/249/4
f 2272/255/2 2275/3471/2 2258/256/2
f 1928/3473/4 1931/3474/4 1919/3475/4
f 1919/3475/4 1922/3476/4 1921/3477/4
f 1918/261/4 1916/3478/4 1914/3479/4
f 1919/3475/4 1921/3477/4 1918/261/4
f 1928/3473/4 1919/3475/4 1918/261/4
f 1914/3479/4 1911/3480/4 1836/3481/4
f 1853/3482/4 1861/3483/4 1934/3484/4
f 1847/263/4 1846/3485/4 1854/3486/4
f 1854/3486/4 1853/3482/4 1934/3484/4
f 1854/3486/4 1934/3484/4 1928/3473/4
f 1847/263/4 1854/3486/4 1928/3473/4
f 1918/261/4 1914/3479/4 1836/3481/4
f 1836/3481/4 1838/3487/4 1842/262/4
f 1847/263/4 1928/3473/4 1918/261/4
f 1918/261/4 1836/3481/4 1842/262/4
f 1254/273/3 1321/3505/3 1316/3506/3
f 1254/273/3 1316/3506/3 1251/3507/3
f 1312/3508/3 1318/3509/3 1246/275/3
f 1254/273/3 1251/3507/3 1248/274/3
f 1248/274/3 1312/3508/3 1246/275/3
f 1190/278/5 1189/3510/5 1195/276/5
f 1195/276/5 1194/3511/5 1191/277/5
f 1854/281/5 1846/3512/5 1766/279/5
f 1766/279/5 1763/3513/5 1762/3514/5
f 1762/3514/5 1774/3515/5 1773/280/5
f 1773/280/5 1855/3516/5 1854/281/5
f 1766/279/5 1762/3514/5 1773/280/5
f 1777/285/4 1776/3579/4 1856/286/4
f 2496/288/6 2492/3580/6 2494/289/6
f 2045/291/3 2094/3581/3 2093/3582/3
f 2043/292/3 2042/3583/3 2041/293/3
f 2045/291/3 2093/3582/3 2043/292/3
f 1229/3591/4 1235/3592/4 1233/3593/4
f 1229/3591/4 1233/3593/4 1227/3594/4
f 1224/3595/4 1228/3596/4 1229/3591/4
f 1215/3597/4 1216/3598/4 1218/308/4
f 1224/3595/4 1229/3591/4 1227/3594/4
f 1175/3599/4 1215/3597/4 1218/308/4
f 1218/308/4 1224/3595/4 1227/3594/4
f 1220/306/4 1223/3600/4 1172/3601/4
f 1218/308/4 1227/3594/4 1220/306/4
f 1176/3602/4 1175/3599/4 1218/308/4
f 1172/3601/4 1171/3603/4 1177/307/4
f 1177/307/4 1176/3602/4 1218/308/4
f 1220/306/4 1172/3601/4 1177/307/4
f 1540/323/2 1411/112/2 1405/324/2
f 1747/337/4 1689/3626/4 1685/335/4
f 1685/335/4 1682/3627/4 1681/336/4
f 1602/338/3 1477/3628/3 1478/339/3
f 1653/3629/5 1660/3630/5 1804/3631/5
f 1800/341/5 1878/3632/5 1874/3633/5
f 1726/3634/5 1653/3629/5 1804/3631/5
f 1799/343/5 1722/3635/5 1726/3634/5
f 1645/3636/5 1718/3637/5 1792/3638/5
f 1714/3639/5 1645/3636/5 1792/3638/5
f 1778/3640/5 1709/3641/5 1714/3639/5
f 1784/3642/5 1778/3640/5 1714/3639/5
f 1788/3643/5 1784/3642/5 1714/3639/5
f 1870/342/5 1869/3644/5 1788/3643/5
f 1944/3645/5 1943/3646/5 1870/342/5
f 1874/3633/5 1944/3645/5 1870/342/5
f 1870/342/5 1788/3643/5 1714/3639/5
f 1870/342/5 1714/3639/5 1792/3638/5
f 1800/341/5 1874/3633/5 1870/342/5
f 1726/3634/5 1804/3631/5 1800/341/5
f 1870/342/5 1792/3638/5 1799/343/5
f 1799/343/5 1726/3634/5 1800/341/5
f 1138/352/4 1135/3660/4 1136/353/4
f 2101/355/6 2100/3661/6 2098/356/6
f 2260/3690/1 2261/3691/1 2216/3692/1
f 2216/3692/1 2215/3693/1 2221/3694/1
f 2222/3695/1 2220/3696/1 2219/3697/1
f 2260/3690/1 2216/3692/1 2221/3694/1
f 2222/3695/1 2219/3697/1 2256/3698/1
f 2260/3690/1 2221/3694/1 2222/3695/1
f 2308/372/1 2280/3699/1 2276/3700/1
f 2276/3700/1 2260/3690/1 2222/3695/1
f 2222/3695/1 2256/3698/1 2258/3701/1
f 2275/3702/1 2279/3703/1 2307/370/1
f 2276/3700/1 2222/3695/1 2258/3701/1
f 2276/3700/1 2258/3701/1 2275/3702/1
f 2353/3704/1 2328/3705/1 2308/372/1
f 2308/372/1 2276/3700/1 2275/3702/1
f 2307/370/1 2325/3706/1 2350/3707/1
f 2308/372/1 2275/3702/1 2307/370/1
f 2327/3708/1 2352/3709/1 2353/3704/1
f 2350/3707/1 2351/3710/1 2326/371/1
f 2327/3708/1 2353/3704/1 2308/372/1
f 2307/370/1 2350/3707/1 2326/371/1
f 2326/371/1 2327/3708/1 2308/372/1
f 1848/382/5 1847/3720/5 1842/383/5
f 1145/385/1 1128/3721/1 1124/386/1
f 1308/393/4 1381/3722/4 1384/391/4
f 1384/391/4 1310/3723/4 1309/392/4
f 2242/3736/3 2241/3737/3 2217/3738/3
f 2242/3736/3 2217/3738/3 2209/3739/3
f 2310/3740/3 2277/3741/3 2264/3742/3
f 2337/3743/3 2335/3744/3 2310/3740/3
f 2311/3745/3 2330/3746/3 2337/3743/3
f 2340/3747/3 2334/3748/3 2312/405/3
f 2311/3745/3 2337/3743/3 2310/3740/3
f 2311/3745/3 2310/3740/3 2264/3742/3
f 2311/3745/3 2264/3742/3 2242/3736/3
f 2312/405/3 2311/3745/3 2242/3736/3
f 2312/405/3 2242/3736/3 2209/3739/3
f 2313/404/3 2339/3749/3 2340/3747/3
f 2265/3750/3 2278/3751/3 2313/404/3
f 2218/3752/3 2246/3753/3 2244/3754/3
f 2210/3755/3 2218/3752/3 2244/3754/3
f 2168/3756/3 2200/3757/3 2198/3758/3
f 2150/3759/3 2168/3756/3 2198/3758/3
f 2052/3760/3 2137/3761/3 2135/3762/3
f 2051/3763/3 2052/3760/3 2135/3762/3
f 2133/3764/3 2132/3765/3 2051/3763/3
f 2133/3764/3 2051/3763/3 2135/3762/3
f 2133/3764/3 2135/3762/3 2150/3759/3
f 2167/3766/3 2133/3764/3 2150/3759/3
f 2167/3766/3 2150/3759/3 2198/3758/3
f 2162/3767/3 2163/3768/3 2164/403/3
f 2164/403/3 2167/3766/3 2198/3758/3
f 2164/403/3 2198/3758/3 2210/3755/3
f 2195/3769/3 2162/3767/3 2164/403/3
f 2312/405/3 2209/3739/3 2196/3770/3
f 2196/3770/3 2195/3769/3 2164/403/3
f 2164/403/3 2210/3755/3 2244/3754/3
f 2164/403/3 2244/3754/3 2265/3750/3
f 2312/405/3 2196/3770/3 2164/403/3
f 2313/404/3 2340/3747/3 2312/405/3
f 2164/403/3 2265/3750/3 2313/404/3
f 1979/3771/2 2041/3772/2 2042/3773/2
f 1949/3774/2 1951/3775/2 1889/3776/2
f 1885/408/2 1814/3777/2 1807/3778/2
f 1949/3774/2 1889/3776/2 1885/408/2
f 1979/3771/2 2042/3773/2 2047/407/2
f 1807/3778/2 1882/3779/2 1881/406/2
f 1881/406/2 1979/3771/2 2047/407/2
f 2047/407/5 1949/3774/5 1885/408/5
f 1885/408/2 1807/3778/2 1881/406/2
f 1165/409/1 1160/3780/1 1271/410/1
f 1743/412/3 1744/2116/3 1825/413/3
f 1825/413/3 1829/3781/3 1827/414/3
f 2411/423/3 2478/3784/3 2469/424/3
f 1650/429/1 1651/3838/1 1559/430/1
f 1190/432/3 1188/3839/3 1187/433/3
f 2131/444/2 2057/10/2 2051/445/2
f 1876/455/1 2089/3849/1 2091/453/1
f 2091/453/1 2120/3850/1 2123/454/1
f 2123/454/1 1877/3851/1 1876/455/1
f 1766/456/4 1848/3852/4 1841/457/4
f 1160/462/3 1271/1979/3 1276/463/3
f 1276/463/3 1166/924/3 1137/464/3
f 1402/470/1 1203/3867/1 1200/471/1
f 1311/3877/3 1314/3878/3 1315/478/3
f 1315/478/3 1387/3879/3 1386/3880/3
f 1386/3880/3 1461/3881/3 1462/479/3
f 1462/479/3 1516/3882/3 1518/3883/3
f 1518/3883/3 1385/3884/3 1313/480/3
f 1313/480/3 1311/3877/3 1315/478/3
f 1315/478/10 1386/3880/10 1462/479/10
f 1462/479/3 1518/3883/3 1313/480/3
f 1401/481/5 1200/3885/5 1207/482/5
f 1983/486/6 1984/3886/6 1985/484/6
f 1985/484/6 1996/3887/6 1995/3888/6
f 1989/485/6 1988/3889/6 1983/486/6
f 1985/484/6 1995/3888/6 1989/485/6
f 1585/489/2 1703/3915/2 1706/490/2
f 1638/491/2 1642/3916/2 1585/489/2
f 2538/500/1 2533/3926/1 2572/498/1
f 2572/498/1 2573/3927/1 2560/499/1
f 1816/509/6 1815/3929/6 1810/510/6
f 1777/512/1 1706/3930/1 1775/513/1
f 1411/531/3 1540/3935/3 1546/529/3
f 1476/530/3 1409/3936/3 1411/531/3
f 1232/533/1 1291/3937/1 1292/3938/1
f 1229/535/1 1289/3939/1 1290/3940/1
f 1229/535/1 1290/3940/1 1231/3941/1
f 1232/533/1 1292/3938/1 1235/534/1
f 1229/535/1 1231/3941/1 1232/533/1
f 1105/536/3 1110/3942/3 1098/537/3
f 1857/563/1 1858/3972/1 1782/561/1
f 1781/562/1 1856/3973/1 1857/563/1
f 1410/564/3 1275/1406/3 1277/565/3
f 2059/572/3 2177/3975/3 2172/3976/3
f 2154/570/3 2151/3977/3 2136/3978/3
f 2059/572/3 2172/3976/3 2154/570/3
f 2138/571/3 2058/3979/3 2059/572/3
f 2154/570/3 2136/3978/3 2138/571/3
f 1340/3980/1 1338/3981/1 1538/573/1
f 1538/573/1 1539/3982/1 1401/574/1
f 1400/575/1 1340/3980/1 1538/573/1
f 1271/576/3 1274/3983/3 1407/577/3
f 1315/587/3 1389/4013/3 1519/585/3
f 1519/585/3 1517/4014/3 1391/586/3
f 1107/588/5 1097/4015/5 1086/589/5
f 1538/591/2 1338/4016/2 1335/592/2
f 2030/598/5 2021/4018/5 1966/4019/5
f 2030/598/5 1966/4019/5 1968/4020/5
f 1929/4021/5 1928/4022/5 1934/597/5
f 2030/598/5 1968/4020/5 1932/599/5
f 1932/599/5 1929/4021/5 1934/597/5
f 1362/613/4 1356/4065/4 1355/614/4
f 1877/616/6 1873/4066/6 1874/617/6
f 1372/622/4 1370/4076/4 1438/623/4
f 1539/625/5 1536/4077/5 1397/626/5
f 2157/628/2 2160/4078/2 2145/629/2
f 1407/634/6 1408/4079/6 1405/635/6
f 1866/652/4 1863/4093/4 1858/653/4
f 1858/653/4 1857/4094/4 1935/654/4
f 1779/655/1 1780/4095/1 1709/656/1
f 1192/660/4 1196/4096/4 1204/4097/4
f 1204/4097/4 1149/4098/4 1150/4099/4
f 1154/658/4 1155/4100/4 1209/4101/4
f 1192/660/4 1204/4097/4 1150/4099/4
f 1154/658/4 1209/4101/4 1201/4102/4
f 1192/660/4 1150/4099/4 1154/658/4
f 1189/4103/4 1187/4104/4 1192/660/4
f 1154/658/4 1201/4102/4 1195/659/4
f 1195/659/4 1189/4103/4 1192/660/4
f 2036/664/1 1976/4119/1 1975/665/1
f 1439/4120/5 1445/4121/5 1444/667/5
f 1444/667/5 1509/4122/5 1508/4123/5
f 1503/668/5 1584/4124/5 1580/669/5
f 1444/667/5 1508/4123/5 1503/668/5
f 1580/669/5 1439/4120/5 1444/667/5
f 1521/670/5 1587/4125/5 1390/671/5
f 1803/673/6 1806/4126/6 1805/674/6
f 1803/681/1 1804/4128/1 1660/682/1
f 1145/689/2 1146/4130/2 1129/690/2
f 2516/697/2 2567/4151/2 2566/695/2
f 2557/696/2 2526/4152/2 2516/697/2
f 1758/698/4 1759/4153/4 1763/4154/4
f 1835/699/4 1751/4155/4 1752/700/4
f 1758/698/4 1763/4154/4 1835/699/4
f 1803/701/1 1802/4156/1 1879/702/1
f 1536/710/6 1539/4163/6 1538/711/6
f 1386/4197/4 1387/4198/4 1383/724/4
f 1383/724/4 1382/4199/4 1457/240/4
f 1459/725/4 1386/4197/4 1383/724/4
f 1135/728/2 1272/4200/2 1271/4201/2
f 1135/728/2 1271/4201/2 1160/726/2
f 1137/727/2 1136/4202/2 1135/728/2
f 1560/729/2 1657/4203/2 1656/4204/2
f 1588/730/2 1592/4205/2 1564/731/2
f 1560/729/2 1656/4204/2 1588/730/2
f 2118/732/5 2148/4206/5 2142/733/5
f 1591/735/5 1661/4207/5 1660/3630/5
f 1563/4208/5 1525/4209/5 1532/736/5
f 1591/735/5 1660/3630/5 1563/4208/5
f 1533/4210/5 1596/4211/5 1591/735/5
f 1398/737/5 1537/4212/5 1533/4210/5
f 1532/736/5 1471/1167/5 1398/737/5
f 1591/735/5 1563/4208/5 1532/736/5
f 1398/737/5 1533/4210/5 1591/735/5
f 2211/738/5 2210/4213/5 2198/739/5
f 2263/741/2 2243/4214/2 2242/742/2
f 1111/4259/2 1105/4260/2 1240/4261/2
f 1240/4261/2 1297/4262/2 1299/4263/2
f 1299/4263/2 1358/4264/2 1360/753/2
f 1360/753/2 1355/4265/2 1425/4266/2
f 1428/4267/2 1490/4268/2 1494/4269/2
f 1360/753/2 1425/4266/2 1428/4267/2
f 1240/4261/2 1299/4263/2 1360/753/2
f 1302/4270/2 1111/4259/2 1240/4261/2
f 1359/755/2 1364/4271/2 1298/4272/2
f 1298/4272/2 1302/4270/2 1240/4261/2
f 1360/753/2 1428/4267/2 1494/4269/2
f 1298/4272/2 1240/4261/2 1360/753/2
f 1430/754/2 1432/4273/2 1359/755/2
f 1359/755/2 1298/4272/2 1360/753/2
f 1360/753/1 1494/4269/1 1430/754/1
f 2201/4275/5 2200/4276/5 2168/759/5
f 2168/759/5 2154/4277/5 2172/760/5
f 2172/760/5 2176/4278/5 2186/4279/5
f 2184/761/5 2201/4275/5 2168/759/5
f 2172/760/5 2186/4279/5 2184/761/5
f 2266/742/5 2265/4214/5 2244/765/5
f 1183/4285/1 1243/4286/1 1244/4287/1
f 1183/4285/1 1244/4287/1 1184/4288/1
f 1122/4289/1 1121/4290/1 1133/767/1
f 1133/767/1 1183/4285/1 1184/4288/1
f 1133/767/1 1184/4288/1 2579/768/1
f 1134/769/1 1122/4289/1 1133/767/1
f 1585/770/4 1582/4291/4 1581/771/4
f 1580/781/4 1618/4314/4 1575/782/4
f 1877/4315/5 2123/4316/5 2122/4317/5
f 2088/4318/5 2087/4319/5 1978/4320/5
f 1877/4315/5 2122/4317/5 2088/4318/5
f 1942/786/5 1873/4321/5 1877/4315/5
f 1864/4322/5 1868/4323/5 1938/4324/5
f 1942/786/5 1877/4315/5 2088/4318/5
f 1974/785/5 1864/4322/5 1938/4324/5
f 1942/786/5 2088/4318/5 1978/4320/5
f 1976/784/5 2036/4325/5 2033/4326/5
f 1942/786/5 1978/4320/5 1976/784/5
f 1974/785/5 1938/4324/5 1942/786/5
f 1976/784/5 2033/4326/5 1974/785/5
f 1686/791/4 1690/4327/4 1750/789/4
f 1684/790/4 1683/4328/4 1686/791/4
f 2287/4336/2 2290/4337/2 2281/4338/2
f 2284/4339/2 2297/4340/2 2303/4341/2
f 2284/4339/2 2303/4341/2 2206/4342/2
f 2284/4339/2 2206/4342/2 2189/795/2
f 2179/4343/2 2181/4344/2 2149/389/2
f 2130/388/2 2127/390/2 2104/4345/2
f 2179/4343/2 2149/389/2 2130/388/2
f 2189/795/1 2179/4343/1 2130/388/1
f 2104/4345/2 2112/4346/2 2078/4347/2
f 2104/4345/2 2078/4347/2 2073/4348/2
f 2104/4345/2 2073/4348/2 2101/4349/2
f 2130/388/2 2104/4345/2 2101/4349/2
f 2096/4350/2 2063/4351/2 2056/4352/2
f 2130/388/2 2101/4349/2 2096/4350/2
f 2130/388/2 2096/4350/2 2056/4352/2
f 2056/4352/2 2124/2570/2 2129/2569/2
f 2155/2546/2 2173/4353/2 2187/4354/2
f 2130/388/2 2056/4352/2 2129/2569/2
f 2130/388/2 2129/2569/2 2155/2546/2
f 2189/795/2 2130/388/2 2155/2546/2
f 2187/4354/2 2202/4355/2 2226/4356/2
f 2189/795/2 2155/2546/2 2187/4354/2
f 2316/4357/2 2315/4358/2 2287/4336/2
f 2253/2690/2 2267/4359/2 2316/4357/2
f 2252/1635/2 2253/2690/2 2316/4357/2
f 2252/1635/2 2316/4357/2 2287/4336/2
f 2251/2415/2 2252/1635/2 2287/4336/2
f 2251/2415/2 2287/4336/2 2281/4338/2
f 2251/2415/2 2281/4338/2 2284/4339/2
f 2189/795/2 2187/4354/2 2226/4356/2
f 2225/796/2 2237/1636/2 2236/2414/2
f 2189/795/2 2226/4356/2 2225/796/2
f 2251/2415/6 2284/4339/6 2189/795/6
f 2225/796/2 2236/2414/2 2239/797/2
f 2239/797/1 2251/2415/1 2189/795/1
f 1916/800/5 1918/4360/5 1917/798/5
f 1917/798/5 1963/4361/5 2008/799/5
f 2008/799/5 2006/4362/5 1916/800/5
f 1702/802/2 1636/4363/2 1581/568/2
f 1581/568/2 1630/4364/2 1634/801/2
f 1634/801/2 1698/4365/2 1702/802/2
f 2009/4366/6 2022/4367/6 2021/4368/6
f 2021/4368/6 2030/4369/6 2029/4370/6
f 2029/4370/6 2034/4371/6 2033/803/6
f 2033/803/6 2036/4372/6 2035/4373/6
f 2032/4374/6 2031/4375/6 2028/4376/6
f 2033/803/6 2035/4373/6 2032/4374/6
f 2021/4368/6 2029/4370/6 2033/803/6
f 2010/4377/6 2011/4378/6 2009/4366/6
f 2009/4366/6 2021/4368/6 2033/803/6
f 2033/803/6 2032/4374/6 2028/4376/6
f 2028/4376/6 2027/4379/6 2016/4380/6
f 2016/4380/6 2015/4381/6 1998/2340/6
f 2016/4380/6 1998/2340/6 2000/4382/6
f 2033/803/6 2028/4376/6 2016/4380/6
f 2010/4377/6 2009/4366/6 2033/803/6
f 1997/4383/6 2006/4384/6 2008/4385/6
f 2008/4385/6 2010/4377/6 2033/803/6
f 1991/2339/6 1992/4386/6 1986/4387/6
f 1986/4387/6 1987/4388/6 1981/4389/6
f 1981/4389/6 1982/4390/6 1983/486/6
f 1988/3889/6 1994/4391/6 1993/4392/6
f 1981/4389/6 1983/486/6 1988/3889/6
f 2000/4382/6 1991/2339/6 1986/4387/6
f 1986/4387/6 1981/4389/6 1988/3889/6
f 1993/4392/6 2002/2342/6 2001/2344/6
f 1986/4387/6 1988/3889/6 1993/4392/6
f 2016/4380/6 2000/4382/6 1986/4387/6
f 1985/484/6 1990/4393/6 1997/4383/6
f 2005/4394/6 2003/4395/6 1996/3887/6
f 1996/3887/6 1985/484/6 1997/4383/6
f 1986/4387/6 1993/4392/6 2001/2344/6
f 2012/4396/6 2017/4397/6 2018/4398/6
f 2016/4380/6 1986/4387/6 2001/2344/6
f 2016/4380/6 2001/2344/6 2012/4396/6
f 1996/3887/6 1997/4383/6 2008/4385/6
f 2005/4394/11 1996/3887/11 2008/4385/11
f 2016/4380/6 2012/4396/6 2018/4398/6
f 2018/4398/6 2023/4399/6 2024/4400/6
f 2025/804/6 2026/4401/6 2019/4402/6
f 2016/4380/6 2018/4398/6 2024/4400/6
f 2033/803/6 2016/4380/6 2024/4400/6
f 2014/805/6 2005/4394/6 2008/4385/6
f 2019/4402/6 2020/4403/6 2014/805/6
f 2033/803/6 2024/4400/6 2025/804/6
f 2025/804/6 2019/4402/6 2014/805/6
f 2014/805/6 2008/4385/6 2033/803/6
f 1141/806/1 1136/4404/1 1137/807/1
f 1519/814/4 1514/4411/4 1513/815/4
f 1679/4412/6 1680/4413/6 1684/4414/6
f 1679/4412/6 1684/4414/6 1683/818/6
f 1681/4415/6 1677/4416/6 1678/817/6
f 1678/817/6 1679/4412/6 1683/818/6
f 1682/819/6 1681/4415/6 1678/817/6
f 1701/4425/5 1700/4426/5 1695/823/5
f 1695/823/5 1694/4427/5 1627/824/5
f 1627/824/5 1626/4428/5 1633/4429/5
f 1632/825/5 1701/4425/5 1695/823/5
f 1627/824/5 1633/4429/5 1632/825/5
f 2510/828/1 2511/4430/1 2460/4431/1
f 2455/826/1 2398/4432/1 2454/827/1
f 2510/828/1 2460/4431/1 2455/826/1
f 2565/835/5 2563/4433/5 2544/836/5
f 2033/854/1 2034/4438/1 1936/4439/1
f 1869/852/1 1864/4440/1 1974/853/1
f 2033/854/1 1936/4439/1 1869/852/1
f 1383/864/1 1384/4442/1 1381/865/1
f 1613/870/3 1614/4443/3 1685/871/3
f 1685/871/3 1689/4444/3 1687/872/3
f 2559/873/5 2569/4445/5 2568/874/5
f 2568/874/5 2523/4446/5 2527/875/5
f 1805/876/2 1658/4447/2 1654/877/2
f 1802/882/1 1654/1882/1 1657/883/1
f 1252/4448/4 1255/4449/4 1254/4450/4
f 1254/4450/4 1246/4451/4 1247/4452/4
f 1254/4450/4 1247/4452/4 1249/4453/4
f 1252/4448/4 1254/4450/4 1249/4453/4
f 1256/4454/4 1260/4455/4 1198/4456/4
f 1252/4448/4 1249/4453/4 1256/4454/4
f 1270/4457/4 1264/4458/4 1259/887/4
f 1259/887/4 1252/4448/4 1256/4454/4
f 1198/4456/4 1193/4459/4 1188/4460/4
f 1256/4454/4 1198/4456/4 1188/4460/4
f 1202/886/4 1270/4457/4 1259/887/4
f 1191/4461/4 1194/4462/4 1202/886/4
f 1256/4454/4 1188/4460/4 1190/885/4
f 1190/885/4 1191/4461/4 1202/886/4
f 1259/887/4 1256/4454/4 1190/885/4
f 1690/890/3 1686/4464/3 1615/4465/3
f 1616/891/3 1575/4466/3 1618/892/3
f 1690/890/3 1615/4465/3 1616/891/3
f 1579/895/3 1438/4468/3 1370/896/3
f 2423/911/2 2488/4480/2 2498/909/2
f 2443/4481/2 2449/4482/2 2448/4483/2
f 2422/4484/2 2424/4485/2 2423/911/2
f 2372/3060/2 2371/4486/2 2374/4487/2
f 2374/4487/2 2422/4484/2 2423/911/2
f 2443/4481/2 2448/4483/2 2385/4488/2
f 2385/4488/2 2381/3058/2 2439/4489/2
f 2443/4481/2 2385/4488/2 2439/4489/2
f 2372/3060/2 2374/4487/2 2423/911/2
f 2373/4490/2 2372/3060/2 2423/911/2
f 2498/909/2 2443/4481/2 2439/4489/2
f 2430/910/2 2373/4490/2 2423/911/2
f 2498/909/2 2439/4489/2 2430/910/2
f 1980/916/4 2045/4494/4 2041/917/4
f 1953/4497/3 1981/4498/3 1987/4499/3
f 1958/928/3 1957/4500/3 1955/4501/3
f 1953/4497/3 1987/4499/3 1958/928/3
f 1901/4502/3 1896/4503/3 1897/927/3
f 1897/927/3 1953/4497/3 1958/928/3
f 1958/928/3 1955/4501/3 1903/929/3
f 1903/929/3 1901/4502/3 1897/927/3
f 1861/975/5 1936/4534/5 2034/973/5
f 2034/973/5 2029/4510/5 1972/974/5
f 1760/987/2 1761/4539/2 1764/985/2
f 1764/985/2 1845/4540/2 1851/4541/2
f 1851/4541/2 1850/4542/2 1768/986/2
f 1768/986/2 1767/4543/2 1760/987/2
f 1764/985/2 1851/4541/2 1768/986/2
f 2464/4544/1 2465/4545/1 2458/988/1
f 2458/988/1 2459/4546/1 2461/989/1
f 2461/989/1 2514/4547/1 2515/4548/1
f 2463/990/1 2464/4544/1 2458/988/1
f 2461/989/1 2515/4548/1 2463/990/1
f 1760/4552/4 1767/4553/4 1769/1006/4
f 1769/1006/4 1775/4554/4 1706/4555/4
f 1706/4555/4 1703/4556/4 1702/1007/4
f 1702/1007/4 1698/4557/4 1697/1008/4
f 1697/1008/4 1693/4558/4 1760/4552/4
f 1769/1006/4 1706/4555/4 1702/1007/4
f 1697/1008/4 1760/4552/4 1769/1006/4
f 1702/1012/1 1703/4560/1 1585/1013/1
f 2053/1033/3 2050/4581/3 1988/1034/3
f 1088/1042/4 1084/4584/4 1085/1043/4
f 1087/1048/4 1089/4589/4 1099/1049/4
f 1390/671/5 1587/4125/5 1653/3629/5
f 1649/4590/5 1722/3635/5 1718/3637/5
f 1390/671/5 1653/3629/5 1649/4590/5
f 1389/4591/5 1321/4592/5 1390/671/5
f 1519/4593/5 1389/4591/5 1390/671/5
f 1390/671/5 1649/4590/5 1718/3637/5
f 1390/671/5 1718/3637/5 1645/3636/5
f 1519/4593/5 1390/671/5 1645/3636/5
f 1641/4594/5 1709/3641/5 1704/4595/5
f 1519/4593/5 1645/3636/5 1641/4594/5
f 1453/4596/5 1515/4597/5 1514/4598/5
f 1514/4598/5 1519/4593/5 1641/4594/5
f 1641/4594/5 1704/4595/5 1586/4599/5
f 1586/4599/5 1583/4600/5 1502/4601/5
f 1586/4599/5 1502/4601/5 1507/4602/5
f 1514/4598/5 1641/4594/5 1586/4599/5
f 1378/4603/5 1454/4604/5 1453/4596/5
f 1453/4596/5 1514/4598/5 1586/4599/5
f 1586/4599/5 1507/4602/5 1448/4605/5
f 1448/4605/5 1443/4606/5 1374/4607/5
f 1371/4608/5 1578/4609/5 1575/4610/5
f 1575/4610/5 1616/4611/5 1612/4612/5
f 1612/4612/5 1684/4613/5 1680/4614/5
f 1680/4614/5 1746/4615/5 1742/2062/5
f 1742/2062/5 1557/4616/5 1487/4617/5
f 1483/4618/5 1553/4619/5 1549/4620/5
f 1680/4614/5 1742/2062/5 1487/4617/5
f 1612/4612/5 1680/4614/5 1487/4617/5
f 1371/4608/5 1575/4610/5 1612/4612/5
f 1549/4620/5 1574/2061/5 1479/4621/5
f 1549/4620/5 1479/4621/5 1421/4622/5
f 1483/4618/5 1549/4620/5 1421/4622/5
f 1483/4618/5 1421/4622/5 1349/4623/5
f 1487/4617/5 1483/4618/5 1349/4623/5
f 1453/4596/5 1586/4599/5 1448/4605/5
f 1244/4624/5 1307/4625/5 1378/4603/5
f 1378/4603/5 1453/4596/5 1448/4605/5
f 1378/4603/5 1448/4605/5 1374/4607/5
f 1182/2475/5 1184/4626/5 1244/4624/5
f 1244/4624/5 1378/4603/5 1374/4607/5
f 1244/4624/5 1374/4607/5 1371/4608/5
f 1181/4627/5 1182/2475/5 1244/4624/5
f 2580/3255/5 1142/2476/5 1181/4627/5
f 1369/4628/5 1368/4629/5 1305/4630/5
f 1305/4630/5 2580/3255/5 1181/4627/5
f 1181/4627/5 1244/4624/5 1371/4608/5
f 1415/4631/5 1478/4632/5 1548/4633/5
f 1475/4634/5 1284/4635/5 1288/4636/5
f 1415/4631/5 1548/4633/5 1475/4634/5
f 1345/4637/5 1415/4631/5 1475/4634/5
f 1345/4637/5 1475/4634/5 1288/4636/5
f 1349/4623/5 1345/4637/5 1288/4636/5
f 1214/4638/5 1211/4639/5 1172/2281/5
f 1349/4623/5 1288/4636/5 1214/4638/5
f 1487/4617/5 1349/4623/5 1214/4638/5
f 1214/4638/5 1172/2281/5 1223/4640/5
f 1214/4638/5 1223/4640/5 1222/1051/5
f 1612/4612/5 1487/4617/5 1214/4638/5
f 1181/4627/5 1371/4608/5 1612/4612/5
f 1369/4628/5 1305/4630/5 1181/4627/5
f 1437/4641/5 1436/4642/5 1369/4628/5
f 1499/4643/5 1498/4644/5 1437/4641/5
f 1427/1053/5 1493/4645/5 1492/4646/5
f 1499/4643/5 1437/4641/5 1369/4628/5
f 1369/4628/5 1181/4627/5 1612/4612/5
f 1612/4612/5 1214/4638/5 1222/1051/5
f 1234/4647/5 1233/4648/5 1235/4649/5
f 1499/4643/5 1369/4628/5 1612/4612/5
f 1492/4646/5 1499/4643/5 1612/4612/5
f 1234/4647/5 1235/4649/5 1292/1052/5
f 1292/1052/5 1357/4650/5 1427/1053/5
f 1427/1053/14 1492/4646/14 1612/4612/14
f 1222/1051/5 1234/4647/5 1292/1052/5
f 1427/1053/5 1612/4612/5 1222/1051/5
f 1102/1054/4 1092/4651/4 1091/1055/4
f 1125/1057/1 1126/4652/1 1103/1058/1
f 1094/1060/4 1103/1077/4 1083/1000/4
f 1104/1062/4 1095/4653/4 1093/1063/4
f 1105/1065/6 1111/1749/6 1109/1066/6
f 1113/1068/6 1114/1751/6 1112/1069/6
f 1113/1071/3 1108/4654/3 1086/1072/3
f 1120/1074/6 1124/4655/6 1123/1075/6
f 1122/1060/6 1126/4656/6 1125/1076/6
f 1128/1078/6 1129/1160/6 1127/1079/6
f 2183/1081/2 2185/4657/2 2175/4658/2
f 2171/1082/2 2152/4659/2 2162/4660/2
f 2183/1081/2 2175/4658/2 2171/1082/2
f 2195/1083/2 2194/4661/2 2183/1081/2
f 2171/1082/2 2162/4660/2 2195/1083/2
f 1746/1093/3 1830/4682/3 1831/1094/3
f 1831/1094/3 1826/4683/3 1745/1095/3
f 1095/4684/1 1104/4685/1 1127/4686/1
f 1095/4684/1 1127/4686/1 1129/1096/1
f 1063/1098/1 1062/3261/1 1095/4684/1
f 1309/4687/1 1310/4688/1 1063/1098/1
f 1146/1097/1 1309/4687/1 1063/1098/1
f 1063/1098/1 1095/4684/1 1129/1096/1
f 1141/1102/5 1140/4689/5 1139/1103/5
f 2556/1105/3 2521/4690/3 2523/4691/3
f 2567/1107/3 2516/4692/3 2519/4693/3
f 2567/1107/3 2519/4693/3 2553/4694/3
f 2556/1105/3 2523/4691/3 2568/1106/3
f 2567/1107/3 2553/4694/3 2556/1105/3
f 1123/1108/1 1124/4695/1 1092/1109/1
f 1150/1114/2 1149/4697/2 1148/1115/2
f 1156/4698/4 1159/4699/4 1153/1117/4
f 1153/1117/4 1147/4700/4 1148/1118/4
f 1151/1119/4 1156/4698/4 1153/1117/4
f 1152/1120/2 1157/4701/2 1156/1121/2
f 1157/1123/1 1158/4702/1 1159/1124/1
f 1155/1126/6 1158/4703/6 1157/1127/6
f 1163/1129/6 1164/4704/6 1165/1130/6
f 1352/4705/2 1424/1252/2 1423/4706/2
f 1423/4706/2 1354/4707/2 1289/4708/2
f 1289/4708/2 1229/4709/2 1228/4710/2
f 1289/4708/2 1228/4710/2 1230/4711/2
f 1352/4705/2 1423/4706/2 1289/4708/2
f 1350/4712/2 1352/4705/2 1289/4708/2
f 1289/4708/2 1230/4711/2 1217/4713/2
f 1217/4713/2 1216/4714/2 1215/4715/2
f 1217/4713/2 1215/4715/2 1287/4716/2
f 1350/4712/2 1289/4708/2 1217/4713/2
f 1346/4717/2 1350/4712/2 1217/4713/2
f 1346/4717/2 1217/4713/2 1287/4716/2
f 1476/4718/2 1412/4719/2 1342/4720/2
f 1342/4720/2 1346/4717/2 1287/4716/2
f 1281/1132/2 1167/4721/2 1166/4722/2
f 1342/4720/2 1287/4716/2 1281/1132/2
f 1409/1134/2 1476/4718/2 1342/4720/2
f 1275/1133/2 1410/4723/2 1409/1134/2
f 1166/4722/2 1276/4724/2 1275/1133/2
f 1409/1134/2 1342/4720/2 1281/1132/2
f 1281/1132/2 1166/4722/2 1275/1133/2
f 1170/1137/4 1173/4725/4 1162/4726/4
f 1162/4726/4 1139/4727/4 1140/1135/4
f 1137/4728/4 1166/4729/4 1167/4730/4
f 1170/1137/4 1162/4726/4 1140/1135/4
f 1140/1135/4 1137/4728/4 1167/4730/4
f 1168/1136/4 1174/4731/4 1178/4732/4
f 1140/1135/4 1167/4730/4 1168/1136/4
f 1168/1136/4 1178/4732/4 1170/1137/4
f 1143/1138/1 1241/4733/1 1242/1139/1
f 1242/1139/1 1120/4734/1 1119/1140/1
f 1171/1141/1 1172/4735/1 1173/1142/1
f 1980/1146/3 1979/4736/3 1881/1144/3
f 1881/1144/3 1884/4737/3 1945/1145/3
f 1945/1145/3 1948/4738/3 1980/1146/3
f 1178/1147/5 1177/4739/5 1171/1148/5
f 1922/1150/5 2011/4740/5 2010/1151/5
f 2113/1155/2 2106/4741/2 2128/1153/2
f 2128/1153/2 2141/4742/2 2143/1154/2
f 1185/1159/4 1146/1286/4 1145/1079/4
f 1161/1161/3 1273/4744/3 1272/1162/3
f 1272/1162/3 1135/4745/3 1138/4746/3
f 1139/1163/3 1162/4747/3 1163/4748/3
f 1272/1162/3 1138/4746/3 1139/1163/3
f 1139/1163/3 1163/4748/3 1161/1161/3
f 1192/1164/3 1193/4749/3 1198/1165/3
f 1201/4750/5 1209/4751/5 1208/4752/5
f 1203/4753/5 1402/4754/5 1398/737/5
f 1201/4750/5 1208/4752/5 1203/4753/5
f 1269/4755/5 1270/4756/5 1202/4757/5
f 1202/4757/5 1201/4750/5 1203/4753/5
f 1203/4753/5 1398/737/5 1471/1167/5
f 1269/4755/5 1202/4757/5 1203/4753/5
f 1392/1399/5 1330/4758/5 1336/1169/5
f 1336/1169/5 1269/4755/5 1203/4753/5
f 1525/4209/5 1563/4208/5 1521/670/5
f 1465/672/5 1390/671/5 1392/1399/5
f 1525/4209/5 1521/670/5 1465/672/5
f 1469/1168/5 1525/4209/5 1465/672/5
f 1465/672/5 1392/1399/5 1336/1169/5
f 1336/1169/5 1203/4753/5 1471/1167/5
f 1469/1168/5 1465/672/5 1336/1169/5
f 1201/1170/3 1202/4759/3 1194/1171/3
f 1199/1173/6 1206/4760/6 1205/1174/6
f 1203/1176/6 1208/1297/6 1207/1177/6
f 1273/1179/5 1161/4761/5 1165/1180/5
f 1211/1182/6 1214/4762/6 1213/1183/6
f 2461/1185/6 2459/4763/6 2455/1186/6
f 1217/1188/1 1219/4764/1 1218/1189/1
f 1221/1191/1 1222/2910/1 1223/1192/1
f 1219/1194/2 1225/4765/2 1224/1195/2
f 1227/1197/5 1226/4766/5 1221/1198/5
f 1224/1200/3 1225/4767/3 1230/1201/3
f 1168/1205/1 1169/4768/1 1282/1203/1
f 1282/1203/2 1285/4769/2 1212/4770/2
f 1175/1204/2 1174/4771/2 1168/1205/2
f 1282/1203/2 1212/4770/2 1175/1204/2
f 1296/1206/4 1232/4772/4 1231/1207/4
f 1233/1209/3 1234/4773/3 1226/1210/3
f 1238/1212/2 1237/4774/2 1179/1213/2
f 1179/1215/4 1180/4775/4 1239/1216/4
f 1105/1220/3 1108/4776/3 1180/4777/3
f 1179/1218/3 1237/4778/3 1240/1219/3
f 1105/1220/3 1180/4777/3 1179/1218/3
f 1450/1224/2 1449/4779/2 1375/4780/2
f 1375/4780/2 1306/4781/2 1241/4782/2
f 1241/4782/2 1143/4783/2 2578/4784/2
f 1304/1225/2 1366/4785/2 1367/4786/2
f 1241/4782/2 2578/4784/2 1304/1225/2
f 1375/4780/2 1241/4782/2 1304/1225/2
f 1367/4786/2 1434/4787/2 1435/4788/2
f 1450/1224/2 1375/4780/2 1304/1225/2
f 1511/4789/2 1510/4790/2 1450/1224/2
f 1318/4791/2 1385/4792/2 1518/4793/2
f 1247/4794/2 1246/4795/2 1318/4791/2
f 1317/4796/2 1247/4794/2 1318/4791/2
f 1317/4796/2 1318/4791/2 1518/4793/2
f 1326/4797/2 1317/4796/2 1518/4793/2
f 1204/4798/2 1196/4799/2 1198/4800/2
f 1197/4801/2 1205/4802/2 1204/4798/2
f 1333/4803/2 1337/4804/2 1197/4801/2
f 1334/4805/2 1396/1556/2 1333/4803/2
f 1266/4806/2 1334/4805/2 1333/4803/2
f 1197/4801/2 1204/4798/2 1198/4800/2
f 1266/4806/2 1333/4803/2 1197/4801/2
f 1261/4807/2 1266/4806/2 1197/4801/2
f 1197/4801/15 1198/4800/15 1260/4808/15
f 1261/4807/2 1197/4801/2 1260/4808/2
f 1466/4809/2 1393/1557/2 1325/4810/2
f 1325/4810/2 1261/4807/2 1260/4808/2
f 1325/4810/2 1260/4808/2 1326/4797/2
f 1466/4809/2 1325/4810/2 1326/4797/2
f 1466/4809/2 1326/4797/2 1518/4793/2
f 1564/4811/2 1528/1555/2 1522/4812/2
f 1522/4812/2 1466/4809/2 1518/4793/2
f 1564/4811/2 1522/4812/2 1518/4793/2
f 1560/4813/2 1564/4811/2 1518/4793/2
f 1560/4813/2 1518/4793/2 1511/4789/2
f 1646/4814/2 1650/4815/2 1558/4816/2
f 1558/4816/2 1560/4813/2 1511/4789/2
f 1435/4788/2 1496/4817/2 1497/4818/2
f 1489/4819/2 1484/4820/2 1556/4821/2
f 1367/4786/2 1435/4788/2 1497/4818/2
f 1497/4818/2 1489/4819/2 1556/4821/2
f 1556/4821/2 1673/4822/2 1675/4823/2
f 1497/4818/2 1556/4821/2 1675/4823/2
f 1367/4786/2 1497/4818/2 1675/4823/2
f 1367/4786/2 1675/4823/2 1738/4824/2
f 1646/4814/2 1558/4816/2 1511/4789/2
f 1715/4825/2 1719/4826/2 1646/4814/2
f 1642/3916/2 1713/2003/2 1712/4827/2
f 1712/4827/2 1715/4825/2 1646/4814/2
f 1646/4814/16 1511/4789/16 1450/1224/16
f 1304/1225/2 1367/4786/2 1738/4824/2
f 1813/4828/2 1888/4829/2 1887/4830/2
f 1304/1225/2 1738/4824/2 1813/4828/2
f 1712/4827/2 1646/4814/2 1450/1224/2
f 1585/489/2 1642/3916/2 1712/4827/2
f 1501/4831/2 1582/4832/2 1585/489/2
f 1506/4833/2 1501/4831/2 1585/489/2
f 1585/489/2 1712/4827/2 1450/1224/2
f 1813/4828/2 1887/4830/2 1817/4834/2
f 1817/4834/2 1821/4835/2 1739/4836/2
f 1739/4836/2 1743/4837/2 1677/4838/2
f 1677/4838/2 1681/4839/2 1609/4840/2
f 1613/4841/2 1617/4842/2 1576/4843/2
f 1609/4840/2 1613/4841/2 1576/4843/2
f 1576/4843/2 1577/4844/2 1370/4845/2
f 1372/1226/2 1442/4846/2 1446/4847/2
f 1609/4840/2 1576/4843/2 1370/4845/2
f 1677/4838/2 1609/4840/2 1370/4845/2
f 1817/4834/2 1739/4836/2 1677/4838/2
f 1304/1225/2 1813/4828/2 1817/4834/2
f 1506/4833/2 1585/489/2 1450/1224/2
f 1446/4847/2 1506/4833/2 1450/1224/2
f 1304/1225/2 1817/4834/2 1677/4838/2
f 1304/1225/2 1677/4838/2 1370/4845/2
f 1372/1226/2 1446/4847/2 1450/1224/2
f 1304/1225/2 1370/4845/2 1372/1226/2
f 2047/714/1 2048/4848/1 1950/1227/1
f 1257/1232/3 1323/4859/3 1326/1233/3
f 1326/1233/3 1260/4860/3 1256/1234/3
f 1262/1235/6 1267/4861/6 1266/1236/6
f 1265/1238/6 1269/4862/6 1268/1239/6
f 1249/1243/1 1247/4863/1 1317/1241/1
f 1317/1241/1 1319/4864/1 1250/1242/1
f 1271/1244/6 1277/4865/6 1275/1245/6
f 1279/1247/6 1280/4866/6 1278/1248/6
f 1412/4719/2 1476/4718/2 1546/4867/2
f 1545/4868/2 1604/4869/2 1603/4870/2
f 1412/4719/2 1546/4867/2 1545/4868/2
f 1350/4712/2 1346/4717/2 1419/4871/2
f 1419/4871/2 1412/4719/2 1545/4868/2
f 1603/4870/2 1668/4872/2 1667/4873/2
f 1419/4871/2 1545/4868/2 1603/4870/2
f 1418/4874/2 1350/4712/2 1419/4871/2
f 1418/4874/2 1419/4871/2 1603/4870/2
f 1418/4874/2 1603/4870/2 1667/4873/2
f 1424/1252/2 1418/4874/2 1667/4873/2
f 1811/1250/2 1813/4828/2 1738/4824/2
f 1811/1250/2 1738/4824/2 1735/4875/2
f 1424/1252/2 1667/4873/2 1811/1250/2
f 1489/4819/2 1488/4876/2 1423/4706/2
f 1811/1250/2 1735/4875/2 1673/4822/2
f 1673/4822/2 1556/4821/2 1550/4877/2
f 1811/1250/2 1673/4822/2 1550/4877/2
f 1489/4819/2 1423/4706/2 1424/1252/2
f 1484/4820/2 1489/4819/2 1424/1252/2
f 1811/1250/2 1550/4877/2 1480/1251/2
f 1480/1251/2 1484/4820/2 1424/1252/2
f 1213/1253/5 1286/4878/5 1283/1254/5
f 1954/4879/5 1985/4880/5 1984/1257/5
f 1984/1257/5 1898/4881/5 1900/1258/5
f 1899/1256/5 1954/4879/5 1984/1257/5
f 1337/1259/1 1338/4882/1 1199/1260/1
f 1259/1264/3 1264/4883/3 1329/1262/3
f 1329/1262/3 1324/4884/3 1258/1263/3
f 1214/1265/3 1288/4885/3 1286/1266/3
f 1230/1268/4 1225/4886/4 1219/1269/4
f 1226/1271/4 1234/4887/4 1222/1272/4
f 1290/1274/2 1294/4888/2 1293/1275/2
f 1250/1277/2 1319/4889/2 1323/1278/2
f 1323/1278/2 1257/4890/2 1256/1279/2
f 1256/1279/2 1249/4891/2 1250/1277/2
f 1296/1275/5 1295/4888/5 1291/1280/5
f 1314/1282/4 1311/4892/4 1248/1283/4
f 1240/1285/4 1237/4893/4 1238/1286/4
f 1106/1287/2 1105/4035/2 1085/1288/2
f 2193/4894/5 2306/4895/5 2298/4896/5
f 2193/4894/5 2298/4896/5 2286/4897/5
f 2207/1292/5 2205/4898/5 2193/4894/5
f 2214/4899/5 2204/1711/5 2207/1292/5
f 2230/4900/5 2229/4901/5 2214/4899/5
f 2317/4902/5 2250/4903/5 2238/1291/5
f 2230/4900/5 2214/4899/5 2207/1292/5
f 2318/4904/5 2317/4902/5 2238/1291/5
f 2238/1291/5 2230/4900/5 2207/1292/5
f 2207/1292/5 2193/4894/5 2286/4897/5
f 2283/4905/5 2292/4906/5 2289/1290/5
f 2207/1292/5 2286/4897/5 2283/4905/5
f 2289/1290/1 2318/4904/1 2238/1291/1
f 2207/1292/5 2283/4905/5 2289/1290/5
f 1306/1293/4 1245/4907/4 1242/1294/4
f 1186/1296/4 1307/1332/4 1244/1177/4
f 1396/1300/1 1534/4908/1 1535/1298/1
f 1535/1298/1 1335/4909/1 1333/1299/1
f 1313/1301/2 1312/4910/2 1248/1302/2
f 1251/1304/5 1316/4911/5 1315/1305/5
f 1998/1307/2 2015/4912/2 1924/1308/2
f 1924/1308/2 1915/4913/2 1999/1309/2
f 1325/1313/1 1327/4924/1 1262/1314/1
f 1327/1316/2 1331/4925/2 1267/1317/2
f 1268/1319/5 1332/4926/5 1328/1320/5
f 1267/1322/3 1331/4927/3 1334/1323/3
f 1269/1325/3 1336/4928/3 1332/1326/3
f 1335/1328/6 1338/4929/6 1337/1329/6
f 1340/1296/6 1341/4930/6 1339/1331/6
f 1207/4931/1 1208/4932/1 1209/4933/1
f 1207/4931/1 1209/4933/1 1155/4934/1
f 1403/4935/1 1404/4936/1 1207/4931/1
f 1206/1335/1 1339/4937/1 1341/4938/1
f 1341/4938/1 1403/4935/1 1207/4931/1
f 1207/4931/1 1155/4934/1 1152/1333/1
f 1152/1333/1 1151/4939/1 1148/4940/1
f 1149/1334/1 1204/4941/1 1205/4942/1
f 1152/1333/1 1148/4940/1 1149/1334/1
f 1341/4938/1 1207/4931/1 1152/1333/1
f 1149/1334/1 1205/4942/1 1206/1335/1
f 1206/1335/1 1341/4938/1 1152/1333/1
f 1245/1336/2 1376/4943/2 1379/4944/2
f 1379/4944/2 1451/4945/2 1455/1337/2
f 1455/1337/2 1512/4946/2 1516/4947/2
f 1516/4947/2 1462/4948/2 1458/4949/2
f 1458/4949/2 1457/4950/2 1382/4951/2
f 1382/4951/2 1381/4952/2 1308/1338/2
f 1308/1338/2 1185/4953/2 1144/4954/2
f 1144/4954/2 1124/4955/2 1120/4956/2
f 1120/4956/2 1242/4957/2 1245/1336/2
f 1245/1336/2 1379/4944/2 1455/1337/2
f 1455/1337/2 1516/4947/2 1458/4949/2
f 1455/1337/2 1458/4949/2 1382/4951/2
f 1144/4954/2 1120/4956/2 1245/1336/2
f 1455/1337/2 1382/4951/2 1308/1338/2
f 1308/1338/2 1144/4954/2 1245/1336/2
f 1287/1339/4 1285/4958/4 1282/1340/4
f 1343/1342/6 1347/4959/6 1346/1343/6
f 1345/1345/6 1349/4960/6 1348/1346/6
f 1351/1348/6 1353/4961/6 1352/1349/6
f 1107/1351/6 1108/4962/6 1105/1352/6
f 1354/1354/4 1294/4963/4 1290/1355/4
f 1354/4988/1 1423/4989/1 1425/4990/1
f 1354/4988/1 1425/4990/1 1355/4991/1
f 1296/4992/1 1293/4993/1 1294/4994/1
f 1294/4994/1 1354/4988/1 1355/4991/1
f 1356/1360/1 1426/4995/1 1427/1361/1
f 1294/4994/1 1355/4991/1 1356/1360/1
f 1295/1362/1 1296/4992/1 1294/4994/1
f 1427/1361/1 1357/4996/1 1295/1362/1
f 1295/1362/1 1294/4994/1 1356/1360/1
f 1295/1363/4 1357/4997/4 1292/1364/4
f 1298/1372/3 1364/5027/3 1367/1373/3
f 1304/1375/4 1302/1042/4 1298/1044/4
f 1368/1377/3 1369/5028/3 1365/1378/3
f 1303/857/4 1305/1048/4 1368/1050/4
f 1964/5029/1 2009/5030/1 2011/1382/1
f 2011/1382/1 1922/5031/1 1919/1383/1
f 1920/1381/1 1964/5029/1 2011/1382/1
f 1318/1384/4 1312/5032/4 1313/1385/4
f 1956/1387/2 1992/5033/2 1991/5034/2
f 1956/1387/2 1991/5034/2 1961/5035/2
f 1955/5036/2 1957/5037/2 1956/1387/2
f 1908/5038/2 1907/5039/2 1910/1389/2
f 1910/1389/2 1955/5036/2 1956/1387/2
f 1956/1387/2 1961/5035/2 1909/1388/2
f 1909/1388/2 1908/5038/2 1910/1389/2
f 1316/1390/4 1321/5040/4 1389/1391/4
f 1326/1393/4 1323/5041/4 1319/1394/4
f 1324/1396/4 1329/5042/4 1322/1397/4
f 1264/5043/5 1270/4756/5 1269/4755/5
f 1264/5043/5 1269/4755/5 1265/5044/5
f 1329/1401/5 1264/5043/5 1265/5044/5
f 1321/4592/5 1254/5045/5 1255/5046/5
f 1321/4592/5 1255/5046/5 1322/1400/5
f 1329/1401/5 1265/5044/5 1330/4758/5
f 1392/1399/5 1321/4592/5 1322/1400/5
f 1329/1401/5 1330/4758/5 1392/1399/5
f 1375/564/1 1376/1259/1 1245/1405/1
f 1334/1407/4 1331/5050/4 1327/1408/4
f 1971/1410/1 1857/5051/1 1933/1411/1
f 1933/1411/1 2027/5052/1 2028/1412/1
f 1398/1413/6 1402/1455/6 1401/1414/6
f 1400/1416/2 1403/5053/2 1341/1417/2
f 1401/1419/6 1404/15/6 1403/14/6
f 1405/1421/6 1411/5054/6 1409/1422/6
f 1412/1280/1 1413/5055/1 1343/1424/1
f 1413/1425/2 1416/5056/2 1347/1426/2
f 1362/1428/3 1360/5057/3 1358/1429/3
f 1348/1431/5 1417/5058/5 1414/1432/5
f 1347/1424/3 1416/5055/3 1419/1434/3
f 1418/1434/1 1420/5059/1 1351/1436/1
f 1349/1437/3 1421/5060/3 1417/1438/3
f 1420/1440/2 1422/5061/2 1353/1441/2
f 1353/1436/3 1422/5059/3 1424/1443/3
f 1359/1445/3 1432/5062/3 1435/1446/3
f 1367/1448/4 1364/4929/4 1359/1449/4
f 1436/1451/3 1437/5063/3 1433/1452/3
f 1365/1454/4 1369/5064/4 1436/1414/4
f 1606/1456/4 1602/5065/4 1599/1457/4
f 1693/1461/2 1697/5066/2 1696/5067/2
f 1629/1459/2 1628/5068/2 1624/5069/2
f 1693/1461/2 1696/5067/2 1629/1459/2
f 1625/1460/2 1692/5070/2 1693/1461/2
f 1629/1459/2 1624/5069/2 1625/1460/2
f 2159/1464/5 2170/5071/5 2216/1462/5
f 2216/1462/5 2261/5072/5 2255/1463/5
f 2255/1463/5 2192/5073/5 2159/1464/5
f 1441/1468/1 1442/5080/1 1372/1469/1
f 1443/1446/1 1444/5081/1 1445/1471/1
f 1374/1472/3 1443/5082/3 1447/1473/3
f 1450/1475/1 1451/5083/1 1379/1476/1
f 1449/1478/4 1379/1448/4 1376/1450/4
f 1452/1480/1 1453/5084/1 1454/1481/1
f 1380/1483/4 1454/1655/4 1378/1484/4
f 1458/1486/1 1460/5085/1 1459/1487/1
f 1578/1489/3 1371/5086/3 1439/1490/3
f 1460/1492/2 1461/5087/2 1386/1493/2
f 1467/1498/6 1394/5100/6 1393/1499/6
f 1469/1487/6 1471/1590/6 1470/1501/6
f 1400/1502/4 1401/3062/4 1397/1503/4
f 1950/1505/6 1952/5101/6 1951/1506/6
f 1474/1508/6 1475/5102/6 1473/1509/6
f 1419/1511/4 1416/1523/4 1413/1512/4
f 1424/1517/4 1422/1530/4 1420/1518/4
f 1481/1520/6 1485/2903/6 1484/1521/6
f 1483/1523/6 1487/1511/6 1486/1524/6
f 1489/1526/1 1490/1576/1 1428/1527/1
f 1488/1529/4 1428/5104/4 1425/1530/4
f 1491/1531/1 1492/5105/1 1493/1532/1
f 1429/1534/4 1493/5106/4 1427/1535/4
f 1430/1540/3 1494/5133/3 1497/1541/3
f 1435/1543/4 1432/5134/4 1430/1544/4
f 1498/1546/3 1499/5135/3 1495/1547/3
f 1433/1549/4 1437/1585/4 1498/1550/4
f 1528/1555/2 1534/5138/2 1396/1556/2
f 1396/1556/2 1334/4805/2 1325/4810/2
f 1393/1557/2 1529/5139/2 1528/1555/2
f 1396/1556/2 1325/4810/2 1393/1557/2
f 1441/1558/2 1440/5140/2 1438/1559/2
f 1438/1559/2 1579/5141/2 1581/5142/2
f 1500/1560/2 1505/5143/2 1504/5144/2
f 1438/1559/2 1581/5142/2 1500/1560/2
f 1500/1560/2 1504/5144/2 1441/1558/2
f 1505/1561/1 1506/5145/1 1446/1562/1
f 1504/1564/4 1446/5146/4 1442/1565/4
f 1501/1567/6 1506/5147/6 1505/1568/6
f 1507/1570/1 1508/5148/1 1509/1571/1
f 1448/1573/4 1509/5149/4 1444/1574/4
f 1511/1576/1 1512/5150/1 1455/1577/1
f 1510/1578/4 1455/5151/4 1451/1579/4
f 1513/1581/1 1514/5152/1 1515/1582/1
f 1456/1584/4 1515/5153/4 1453/1585/4
f 1573/1586/3 1599/5154/3 1604/1587/3
f 1604/1587/3 1545/5155/3 1547/1588/3
f 1462/1589/4 1461/1613/4 1460/1501/4
f 1522/1591/1 1523/5156/1 1467/1592/1
f 1523/1594/2 1526/5157/2 1394/1595/2
f 1470/1597/5 1527/5158/5 1524/1598/5
f 1394/1600/3 1526/5159/3 1529/1601/3
f 1471/1603/3 1532/5160/3 1527/1604/3
f 1530/1606/6 1535/1781/6 1534/1607/6
f 1527/5161/2 1524/5162/2 1562/5163/2
f 1562/5163/2 1655/5164/2 1659/5165/2
f 1590/5166/2 1595/5167/2 1531/5168/2
f 1562/5163/2 1659/5165/2 1590/5166/2
f 1527/5161/2 1562/5163/2 1590/5166/2
f 1531/5168/2 1536/5169/2 1397/1609/2
f 1527/5161/2 1590/5166/2 1531/5168/2
f 1470/5170/2 1527/5161/2 1531/5168/2
f 1397/1609/2 1401/5171/2 1200/5172/2
f 1470/5170/2 1531/5168/2 1397/1609/2
f 1468/5173/2 1470/5170/2 1397/1609/2
f 1397/1609/2 1200/5172/2 1194/5174/2
f 1194/5174/2 1191/5175/2 1268/5176/2
f 1194/5174/2 1268/5176/2 1332/5177/2
f 1464/5178/2 1468/5173/2 1397/1609/2
f 1648/5179/2 1652/5180/2 1520/5181/2
f 1648/5179/2 1520/5181/2 1464/5178/2
f 1717/5182/2 1721/5183/2 1648/5179/2
f 1463/5184/2 1717/5182/2 1648/5179/2
f 1463/5184/2 1648/5179/2 1464/5178/2
f 1388/2505/2 1463/5184/2 1464/5178/2
f 1397/1609/2 1194/5174/2 1332/5177/2
f 1328/5185/2 1263/5186/2 1258/5187/2
f 1397/1609/2 1332/5177/2 1328/5185/2
f 1388/2505/2 1464/5178/2 1397/1609/2
f 1253/5188/2 1251/5189/2 1316/5190/2
f 1316/5190/2 1388/2505/2 1397/1609/2
f 1328/5185/2 1258/5187/2 1324/1610/2
f 1320/1611/2 1253/5188/2 1316/5190/2
f 1397/1609/2 1328/5185/2 1324/1610/2
f 1320/1611/2 1316/5190/2 1397/1609/2
f 1533/1589/6 1537/5191/6 1536/1612/6
f 1199/5192/5 1338/5193/5 1335/5194/5
f 1335/5194/5 1535/5195/5 1530/5196/5
f 1335/5194/5 1530/5196/5 1395/1617/5
f 1193/1619/5 1199/5192/5 1335/5194/5
f 1262/5197/5 1188/5198/5 1193/1619/5
f 1267/5199/5 1262/5197/5 1193/1619/5
f 1193/1619/5 1335/5194/5 1395/1617/5
f 1331/1618/5 1267/5199/5 1193/1619/5
f 1542/1620/6 1543/5200/6 1540/1621/6
f 1472/1625/3 1571/5201/3 1570/5202/3
f 1542/1623/3 1541/5203/3 1405/5204/3
f 1472/1625/3 1570/5202/3 1542/1623/3
f 1280/5205/3 1474/5206/3 1472/1625/3
f 1408/1624/3 1278/5207/3 1280/5205/3
f 1542/1623/3 1405/5204/3 1408/1624/3
f 1408/1624/3 1280/5205/3 1472/1625/3
f 1540/1626/6 1547/5208/6 1545/1627/6
f 1475/1629/3 1548/5209/3 1544/1630/3
f 1548/1525/6 1478/1524/6 1477/1632/6
f 2249/1634/2 2253/2690/2 2252/1635/2
f 2252/1635/2 2236/2414/2 2237/1636/2
f 1550/1637/1 1551/5210/1 1481/1638/1
f 1551/239/2 1554/241/2 1485/1640/2
f 1486/1642/5 1555/1760/5 1552/1643/5
f 1485/1645/3 1554/5211/3 1556/1646/3
f 1487/1648/3 1557/5212/3 1555/1649/3
f 1497/1651/4 1494/5213/4 1490/1652/4
f 1495/1654/4 1499/5214/4 1492/1655/4
f 1602/1656/6 1599/5215/6 1600/1657/6
f 1581/1659/1 1582/5216/1 1501/1660/1
f 1584/1662/4 1633/5217/4 1626/1663/4
f 1583/1665/1 1584/5218/1 1503/1666/1
f 1559/1668/6 1561/5219/6 1560/1669/6
f 1521/1671/6 1563/5220/6 1562/1672/6
f 1529/1674/4 1526/5221/4 1523/1675/4
f 1565/1677/2 1566/5222/2 1535/1678/2
f 1597/5223/1 1598/5224/1 1536/1680/1
f 1536/1680/1 1535/5225/1 1566/1681/1
f 1568/1682/1 1597/5223/1 1536/1680/1
f 1567/1683/6 1568/1782/6 1566/1684/6
f 1570/1686/2 1569/5226/2 1543/1687/2
f 1544/1691/5 1477/5227/5 1602/5228/5
f 1602/5228/5 1601/5229/5 1572/1689/5
f 1572/1689/5 1571/5230/5 1472/1690/5
f 1472/1690/5 1473/5231/5 1544/1691/5
f 1544/1691/5 1602/5228/5 1572/1689/5
f 1571/1692/6 1572/5232/6 1569/1693/6
f 1556/1695/4 1554/5233/4 1551/1696/4
f 1555/1698/4 1557/5234/4 1553/1699/4
f 2563/1701/6 2565/5235/6 2564/1702/6
f 2133/1704/6 2134/5236/6 2131/1705/6
f 1651/1707/2 1654/5237/2 1561/1708/2
f 2102/5238/5 2074/5239/5 2079/5240/5
f 2079/5240/5 2119/5241/5 2111/5242/5
f 2111/5242/5 2193/4894/5 2205/4898/5
f 2205/4898/5 2207/1292/5 2204/1711/5
f 2204/1711/5 2214/4899/5 2203/5243/5
f 2204/1711/5 2203/5243/5 2188/5244/5
f 2111/5242/5 2205/4898/5 2204/1711/5
f 2102/5238/5 2079/5240/5 2111/5242/5
f 2059/5245/5 2064/5246/5 2097/1710/5
f 2102/5238/5 2111/5242/5 2204/1711/5
f 2177/5247/5 2059/5245/5 2097/1710/5
f 2097/1710/5 2102/5238/5 2204/1711/5
f 2204/1711/5 2188/5244/5 2178/1712/5
f 2178/1712/5 2177/5247/5 2097/1710/5
f 2050/5248/6 2053/5249/6 2054/5250/6
f 2054/5250/6 2060/5251/6 2061/1713/6
f 2061/1713/6 2066/5252/6 2076/5253/6
f 2075/5254/6 2080/5255/6 2079/5256/6
f 2062/5257/6 2055/5258/6 2049/5259/6
f 2056/5260/6 2063/5261/6 2062/5257/6
f 2051/5262/6 2057/5263/6 2056/5260/6
f 2059/5264/6 2058/5265/6 2052/1715/6
f 2051/5262/6 2056/5260/6 2062/5257/6
f 2051/5262/6 2062/5257/6 2049/5259/6
f 2075/5254/6 2079/5256/6 2074/5266/6
f 2075/5254/6 2074/5266/6 2069/5267/6
f 2051/5262/6 2049/5259/6 2050/5248/6
f 2052/1715/6 2051/5262/6 2050/5248/6
f 2076/5253/6 2075/5254/6 2069/5267/6
f 2065/1714/6 2064/5268/6 2059/5264/6
f 2076/5253/6 2069/5267/6 2065/1714/6
f 2052/1715/6 2050/5248/6 2054/5250/6
f 2065/1714/17 2059/5264/17 2052/1715/17
f 2061/1713/6 2076/5253/6 2065/1714/6
f 2052/1715/6 2054/5250/6 2061/1713/6
f 2071/1716/6 2070/5269/6 2067/5270/6
f 2067/5270/6 2062/5271/6 2068/1717/6
f 2068/1717/6 2073/5272/6 2078/1718/6
f 2078/1718/6 2077/5273/6 2071/1716/6
f 2071/1716/6 2067/5270/6 2068/1717/6
f 1589/1719/6 1593/5274/6 1592/1720/6
f 1591/1722/6 1596/5275/6 1595/1723/6
f 1594/1725/2 1597/5276/2 1568/1726/2
f 1595/1731/6 1598/5280/6 1597/1732/6
f 1654/1734/3 1657/5281/3 1560/1735/3
f 1599/1737/6 1605/5282/6 1603/1738/6
f 1607/1740/6 1608/5283/6 1606/1741/6
f 1610/1748/6 1614/5287/6 1613/1749/6
f 1612/1750/6 1616/5288/6 1615/1751/6
f 1622/1752/2 1621/4689/2 1579/1102/2
f 1576/1754/3 1617/5289/3 1622/1755/3
f 1579/1757/4 1577/5288/4 1576/1750/4
f 1579/1759/3 1621/5290/3 1625/1760/3
f 1626/1762/3 1627/5291/3 1623/1763/3
f 1629/1765/1 1630/5290/1 1581/1766/1
f 1631/1768/1 1632/5292/1 1633/1769/1
f 1405/1771/2 1277/5293/2 1271/1772/2
f 1639/1774/6 1643/5294/6 1642/1775/6
f 1641/1777/6 1645/5295/6 1644/1778/6
f 1647/1780/6 1651/5296/6 1650/1781/6
f 1649/1782/6 1653/5297/6 1652/1783/6
f 1656/1784/1 1658/5298/1 1589/1785/1
f 1654/1787/6 1658/5299/6 1656/1674/6
f 1660/1788/6 1661/5300/6 1659/1789/6
f 1658/1791/2 1662/5301/2 1593/1792/2
f 1663/1794/6 1664/5302/6 1662/1795/6
f 1564/5303/1 1592/5304/1 1593/1797/1
f 1593/1797/1 1662/5305/1 1664/5306/1
f 1664/5306/1 1729/5307/1 1730/1798/1
f 1730/1798/1 1595/5308/1 1594/5309/1
f 1594/5309/1 1567/5310/1 1565/1799/1
f 1565/1799/1 1530/5311/1 1528/5312/1
f 1528/5312/1 1564/5303/1 1593/1797/1
f 1593/1797/1 1664/5306/1 1730/1798/1
f 1730/1798/1 1594/5309/1 1565/1799/1
f 1565/1799/1 1528/5312/1 1593/1797/1
f 2551/5313/1 2552/5314/1 2502/5315/1
f 2502/5315/1 2509/5316/1 2540/5317/1
f 2540/5317/1 2544/5318/1 2563/1802/1
f 2562/5319/1 2542/5320/1 2539/5321/1
f 2502/5315/1 2540/5317/1 2563/1802/1
f 2562/5319/1 2539/5321/1 2576/1800/1
f 2551/5313/1 2502/5315/1 2563/1802/1
f 2563/1802/1 2562/5319/1 2576/1800/1
f 2577/1801/1 2551/5313/1 2563/1802/1
f 1637/1803/4 1584/5322/4 1583/1804/4
f 1605/1806/3 1665/5323/3 1668/1807/3
f 1665/1809/6 1669/5324/6 1667/1810/6
f 1608/1812/3 1671/5325/3 1666/1813/3
f 1671/1699/6 1672/5234/6 1670/1815/6
f 1674/1817/6 1676/1520/6 1675/1522/6
f 1682/1820/2 1685/5326/2 1614/1821/2
f 1615/1821/5 1686/5326/5 1683/1823/5
f 2151/1825/5 2150/5327/5 2135/1826/5
f 1689/1828/2 1688/5328/2 1622/1829/2
f 1622/1831/4 1617/5329/4 1613/1832/4
f 1622/1834/3 1688/5330/3 1693/1835/3
f 1625/1837/4 1621/5331/4 1622/1838/4
f 1694/1840/3 1695/5332/3 1691/1841/3
f 1623/1843/4 1627/5333/4 1694/1844/4
f 1660/1846/3 1655/5334/3 1562/1847/3
f 1697/1849/1 1698/2027/1 1634/1850/1
f 1696/1852/4 1634/2790/4 1630/1853/4
f 2340/1855/4 2362/5335/4 2333/1856/4
f 1699/1858/1 1700/5336/1 1701/1859/1
f 1635/1861/4 1701/5337/4 1632/1862/4
f 1706/1864/1 1707/5338/1 1639/1865/1
f 1707/1867/2 1710/5339/2 1643/1868/2
f 2532/1870/2 2495/5340/2 2489/1871/2
f 1644/1873/5 1711/5341/5 1708/1874/5
f 1643/1876/3 1710/5342/3 1713/1877/3
f 1645/1879/3 1714/5343/3 1711/1880/3
f 1811/1882/3 1667/5344/3 1669/1883/3
f 1719/1884/1 1720/5345/1 1647/1885/1
f 1716/1887/6 1720/5346/6 1719/1888/6
f 1718/1892/6 1722/5351/6 1721/1893/6
f 1720/1727/2 1723/1726/2 1651/1895/2
f 1652/1897/5 1724/5352/5 1721/1898/5
f 1651/1900/3 1723/5353/3 1725/1901/3
f 1657/1903/4 1654/1923/4 1651/1904/4
f 1653/1906/3 1726/5354/3 1724/1907/3
f 1728/1909/5 1806/5355/5 1803/5356/5
f 1803/5356/5 1655/5357/5 1659/1910/5
f 1659/1910/5 1590/5358/5 1595/1911/5
f 1595/1911/5 1730/5359/5 1728/1909/5
f 1728/1909/5 1803/5356/5 1659/1910/5
f 1655/1893/4 1660/5360/4 1653/1912/4
f 1727/1913/2 1729/5361/2 1664/1914/2
f 1728/1916/6 1730/5362/6 1729/1917/6
f 1153/1921/5 1159/5363/5 1158/1919/5
f 1155/1920/5 1154/5364/5 1153/1921/5
f 1735/1922/1 1736/1904/1 1674/1923/1
f 1736/538/2 1737/5365/2 1676/1925/2
f 1676/1927/3 1737/1417/3 1738/1928/3
f 1740/1930/6 1744/5366/6 1743/1931/6
f 1111/1935/3 1302/5367/3 1304/1933/3
f 2578/1934/3 1109/5368/3 1111/1935/3
f 1745/5369/1 1746/3119/1 1680/5370/1
f 1745/5369/1 1680/5370/1 1679/1937/1
f 1677/5371/1 1743/5372/1 1744/1936/1
f 1744/1936/1 1745/5369/1 1679/1937/1
f 1678/1938/1 1677/5371/1 1744/1936/1
f 1742/1939/6 1746/5373/6 1745/1940/6
f 1749/1942/2 1748/5374/2 1689/1943/2
f 1684/5394/3 1750/5395/3 1751/1950/3
f 1751/1950/3 1749/5396/3 1747/5397/3
f 1751/1950/3 1747/5397/3 1681/5398/3
f 1683/1949/3 1684/5394/3 1751/1950/3
f 1751/1950/3 1681/5398/3 1682/1948/3
f 1690/1951/5 1752/5399/5 1751/1942/5
f 1755/1952/2 1754/5400/2 1693/1953/2
f 1689/1955/3 1748/5401/3 1755/1956/3
f 1693/1958/4 1688/5402/4 1689/1959/4
f 1748/1961/6 1756/5403/6 1754/1962/6
f 1695/1964/5 1759/5404/5 1758/1965/5
f 1757/1967/3 1758/5405/3 1752/1968/3
f 1691/1970/4 1695/5406/4 1757/1971/4
f 1693/1973/3 1754/5407/3 1761/1974/3
f 1762/1976/3 1763/1405/3 1759/1977/3
f 1167/1980/1 1281/5408/1 1282/1979/1
f 1169/462/1 1168/464/1 1167/1980/1
f 1520/1983/1 1652/5409/1 1653/1981/1
f 1587/1982/1 1521/5410/1 1520/1983/1
f 1768/1984/1 1770/5411/1 1769/1985/1
f 2268/1987/3 2309/5412/3 2316/4913/3
f 2267/1308/3 2248/5413/3 2232/5414/3
f 2268/1987/3 2316/4913/3 2267/1308/3
f 2243/5415/3 2263/5416/3 2268/1987/3
f 2267/1308/3 2232/5414/3 2240/1988/3
f 2240/1988/3 2243/5415/3 2268/1987/3
f 1810/1989/3 1670/5417/3 1672/1990/3
f 1772/565/1 1773/1406/1 1774/1992/1
f 1770/1994/2 1776/5418/2 1775/1995/2
f 1709/5419/4 1780/5420/4 1771/1997/4
f 1771/1997/4 1774/5421/4 1762/5422/4
f 1762/5422/4 1695/5423/4 1700/1998/4
f 1700/1998/4 1699/5424/4 1705/1999/4
f 1705/1999/4 1704/5425/4 1709/5419/4
f 1771/1997/4 1762/5422/4 1700/1998/4
f 1705/1999/4 1709/5419/4 1771/1997/4
f 1780/2000/5 1779/5426/5 1772/2001/5
f 1789/5427/2 1715/4825/2 1712/4827/2
f 1713/2003/2 1706/490/2 1777/5428/2
f 1789/5427/2 1712/4827/2 1713/2003/2
f 1725/5429/2 1719/4826/2 1796/5430/2
f 1657/5431/2 1650/4815/2 1725/5429/2
f 1795/5432/2 1801/5433/2 1657/5431/2
f 1871/5434/2 1875/5435/2 1795/5432/2
f 1940/5436/2 1939/5437/2 1871/5434/2
f 1785/2005/2 1866/5438/2 1865/5439/2
f 1865/5439/2 1940/5436/2 1871/5434/2
f 1795/5432/2 1657/5431/2 1725/5429/2
f 1795/5432/2 1725/5429/2 1796/5430/2
f 1865/5439/2 1871/5434/2 1795/5432/2
f 1865/5439/2 1795/5432/2 1796/5430/2
f 1865/5439/2 1796/5430/2 1789/5427/2
f 1785/2005/2 1865/5439/2 1789/5427/2
f 1713/2003/2 1777/5428/2 1781/2004/2
f 1785/2005/2 1789/5427/2 1713/2003/2
f 1713/2006/4 1710/5440/4 1707/2007/4
f 1782/2009/6 1786/2127/6 1785/2010/6
f 1789/2012/1 1790/1417/1 1716/2013/1
f 1790/2015/2 1793/5441/2 1720/2016/2
f 1733/2018/6 1734/5442/6 1731/2019/6
f 1721/2021/5 1794/5443/5 1791/2022/5
f 1720/2024/3 1793/5444/3 1796/2012/3
f 1725/2026/4 1723/1850/4 1720/2027/4
f 1722/2032/3 1799/5445/3 1794/2033/3
f 1724/2035/4 1726/5446/4 1722/2036/4
f 1797/2038/6 1802/5447/6 1801/2039/6
f 1800/2041/6 1804/5448/6 1803/2042/6
f 1308/2044/1 1309/4687/1 1146/1097/1
f 1808/5449/2 1807/5450/2 1669/5451/2
f 1665/2046/2 1605/5452/2 1599/2047/2
f 1731/2048/2 1808/5449/2 1669/5451/2
f 1599/2047/2 1732/5453/2 1731/2048/2
f 1731/2048/2 1669/5451/2 1665/2046/2
f 1666/2049/5 1670/5454/5 1810/5455/5
f 1810/5455/5 1809/5456/5 1734/2050/5
f 1734/2050/5 1733/5457/5 1602/2051/5
f 1602/2051/5 1606/5458/5 1666/2049/5
f 1666/2049/5 1810/5455/5 1734/2050/5
f 1738/2055/4 1737/5462/4 1736/2056/4
f 1818/2058/6 1822/5463/6 1821/2059/6
f 1816/2063/5 1812/5464/5 1672/5465/5
f 1672/5465/5 1671/5466/5 1608/5467/5
f 1608/5467/5 1607/5468/5 1478/4632/5
f 1478/4632/5 1415/4631/5 1421/4622/5
f 1478/4632/5 1421/4622/5 1479/4621/5
f 1672/5465/5 1608/5467/5 1478/4632/5
f 1892/5469/5 1891/5470/5 1816/2063/5
f 1816/2063/5 1672/5465/5 1478/4632/5
f 1478/4632/5 1479/4621/5 1574/2061/5
f 1574/2061/5 1549/4620/5 1553/4619/5
f 1553/4619/5 1557/4616/5 1742/2062/5
f 1742/2062/5 1824/5471/5 1820/5472/5
f 1820/5472/5 1892/5469/5 1816/2063/5
f 1816/2063/5 1478/4632/5 1574/2061/5
f 1574/2061/5 1553/4619/5 1742/2062/5
f 1742/2062/5 1820/5472/5 1816/2063/5
f 1820/2064/6 1824/5473/6 1823/2065/6
f 1822/2067/2 1825/5474/2 1744/2068/2
f 1745/2073/5 1826/5475/5 1823/2074/5
f 1829/2076/2 1828/5476/2 1749/2077/2
f 1749/2081/4 1751/5477/4 1830/5478/4
f 1749/2081/4 1830/5478/4 1746/5479/4
f 1743/455/4 1827/5480/4 1749/2081/4
f 1744/2080/4 1743/455/4 1749/2081/4
f 1749/2081/4 1746/5479/4 1745/2079/4
f 1751/2082/5 1832/5481/5 1831/2083/5
f 1761/2085/3 1837/5482/3 1840/2086/3
f 1763/2088/5 1838/5483/5 1836/2089/5
f 1749/2091/3 1828/5484/3 1834/2092/3
f 1841/2094/3 1842/5485/3 1838/2095/3
f 1259/2099/5 1258/5486/5 1324/2097/5
f 1324/2097/5 1320/5487/5 1253/2098/5
f 1253/2098/5 1252/5488/5 1259/2099/5
f 1193/2100/2 1192/5489/2 1187/2101/2
f 1844/2103/1 1845/5490/1 1764/2104/1
f 1962/5491/5 1997/5492/5 1990/2107/5
f 1990/2107/5 1960/5036/5 1912/2108/5
f 1912/2108/5 1911/5493/5 1914/5494/5
f 1913/2106/5 1962/5491/5 1990/2107/5
f 1912/2108/5 1914/5494/5 1913/2106/5
f 1843/657/4 1764/656/4 1761/2109/4
f 1846/2094/1 1847/2096/1 1848/2111/1
f 1765/2113/3 1849/2112/3 1845/2111/3
f 1809/2115/3 1808/413/3 1731/2116/3
f 1851/2113/1 1852/2114/1 1776/2118/1
f 1850/2120/4 1776/2592/4 1770/2121/4
f 1853/2123/1 1854/5495/1 1855/2124/1
f 1779/2126/4 1855/5496/4 1773/2010/4
f 1852/2083/2 1857/5497/2 1856/2128/2
f 1844/2129/2 1843/5498/2 1839/2130/2
f 1274/2132/3 1165/5499/3 1164/2133/3
f 1862/2135/5 1861/5500/5 1853/2136/5
f 1858/2074/2 1863/5501/2 1786/2138/2
f 1866/2139/1 1935/5449/1 2031/2140/1
f 2031/2140/1 2032/5502/1 1973/2141/1
f 1973/2141/1 1863/5503/1 1866/2139/1
f 1787/2138/5 1864/5501/5 1859/2142/5
f 1786/2144/3 1863/5504/3 1866/2145/3
f 1863/2147/6 1867/5505/6 1865/2148/6
f 1788/2150/3 1869/5506/3 1864/2151/3
f 1869/2153/6 1870/2543/6 1868/2154/6
f 1086/1289/4 1097/5507/4 1096/2156/4
f 1572/5508/3 1601/5509/3 1600/2157/3
f 1600/2157/3 1540/5510/3 1543/2158/3
f 1569/2159/3 1572/5508/3 1600/2157/3
f 1796/2160/4 1793/5511/4 1790/2161/4
f 1794/2163/4 1799/5512/4 1792/2164/4
f 1875/2166/1 1876/5513/1 1797/2167/1
f 1877/2169/1 1878/5514/1 1800/2170/1
f 1876/1915/2 1879/1914/2 1802/2172/2
f 1803/2174/5 1880/2173/5 1877/2175/5
f 1807/2179/3 1810/5515/3 1947/2177/3
f 1947/2177/3 1946/5516/3 1883/2178/3
f 1883/2178/3 1882/5517/3 1807/2179/3
f 1883/2180/6 1884/2198/6 1881/2181/6
f 1976/2183/6 1978/5518/6 1977/2184/6
f 1814/2186/3 1885/5519/3 1888/2187/3
f 1887/2189/1 1889/5520/1 1818/2190/1
f 1885/2192/6 1889/5521/6 1887/2193/6
f 1816/2195/3 1891/5522/3 1886/2196/3
f 1891/2198/6 1892/5523/6 1890/2199/6
f 1889/2200/2 1893/5524/2 1822/2201/2
f 1859/2205/1 1861/5525/1 1862/2203/1
f 1784/2204/1 1783/5526/1 1859/2205/1
f 1823/2206/5 1894/5527/5 1890/2207/5
f 1901/5528/4 1834/5529/4 1828/5530/4
f 1829/2209/4 1825/5531/4 1822/5532/4
f 1896/2211/4 1901/5528/4 1828/5530/4
f 1821/2210/4 1895/5533/4 1896/2211/4
f 1829/2209/4 1822/5532/4 1821/2210/4
f 1896/2211/4 1828/5530/4 1829/2209/4
f 1903/2212/2 1902/5534/2 1834/2213/2
f 2439/2215/6 2438/5535/6 2434/2216/6
f 2056/4104/3 2057/5536/3 2131/2218/3
f 2131/2218/3 2134/5537/3 2166/5538/3
f 2166/5538/3 2165/5539/3 2153/5540/3
f 2152/2219/3 2171/5541/3 2174/5542/3
f 2131/2218/3 2166/5538/3 2153/5540/3
f 2152/2219/3 2174/5542/3 2124/2220/3
f 2131/2218/3 2153/5540/3 2152/2219/3
f 2124/2220/3 2056/4104/3 2131/2218/3
f 1836/2221/5 1906/5543/5 1905/2222/5
f 1834/2224/3 1902/5544/3 1910/2225/3
f 1911/2227/3 1912/5545/3 1906/2228/3
f 1961/5546/3 1991/5547/3 1999/2231/3
f 1999/2231/3 1915/5548/3 1908/2232/3
f 1909/2230/3 1961/5546/3 1999/2231/3
f 1905/2234/3 1960/5549/3 1990/2233/3
f 1990/2233/3 1985/4498/3 1954/4497/3
f 1899/927/3 1900/4503/3 1904/5550/3
f 1990/2233/3 1954/4497/3 1899/927/3
f 1899/927/3 1904/5550/3 1905/2234/3
f 1925/5551/1 1924/5552/1 2015/2237/1
f 2015/2237/1 2016/5553/1 1965/2238/1
f 1926/2239/1 1925/5551/1 2015/2237/1
f 1847/2240/3 1923/5554/3 1927/2241/3
f 1929/2243/1 1930/5555/1 1931/2244/1
f 1831/2246/4 1832/926/4 1836/925/4
f 1836/925/4 1904/5556/4 1900/2247/4
f 1900/2247/4 1898/5557/4 1824/2248/4
f 1824/2248/4 1823/5558/4 1826/5559/4
f 1831/2246/4 1836/925/4 1900/2247/4
f 1824/2248/4 1826/5559/4 1831/2246/4
f 1972/2249/1 2029/5144/1 2030/2250/1
f 2030/2250/1 1934/5560/1 1861/2251/1
f 1704/2252/1 1705/5561/1 1637/2253/1
f 1908/5562/4 1915/5563/4 1924/5564/4
f 1925/2255/4 1933/5565/4 1857/5566/4
f 1834/5567/4 1907/5568/4 1908/5562/4
f 1840/5569/4 1837/5570/4 1834/5567/4
f 1851/2256/4 1845/5571/4 1844/2257/4
f 1840/5569/4 1834/5567/4 1908/5562/4
f 1840/5569/4 1908/5562/4 1924/5564/4
f 1844/2257/4 1840/5569/4 1924/5564/4
f 1857/5566/4 1852/5572/4 1851/2256/4
f 1844/2257/4 1924/5564/4 1925/2255/4
f 1925/2255/4 1857/5566/4 1851/2256/4
f 1867/2258/3 1937/5573/3 1940/2259/3
f 1939/2261/1 1941/5574/1 1872/2262/1
f 1937/2264/6 1941/5575/6 1939/2265/6
f 1870/2267/3 1943/5576/3 1938/2268/3
f 1943/2270/6 1944/5577/6 1942/2271/6
f 1946/2273/2 1945/5578/2 1884/2274/2
f 1947/2278/6 1948/2467/6 1945/2279/6
f 1163/5582/5 1162/5583/5 1173/5584/5
f 1172/2281/5 1211/4639/5 1284/4635/5
f 1164/2283/5 1163/5582/5 1173/5584/5
f 1280/2282/5 1279/5585/5 1164/2283/5
f 1475/4634/5 1474/5586/5 1280/2282/5
f 1172/2281/5 1284/4635/5 1475/4634/5
f 1164/2283/5 1173/5584/5 1172/2281/5
f 1172/2281/5 1475/4634/5 1280/2282/5
f 1950/2284/5 2048/5587/5 2046/5588/5
f 2046/5588/5 2095/5589/5 2094/5590/5
f 2094/5590/5 2045/5591/5 1980/2285/5
f 1948/5592/5 1947/5593/5 1810/5594/5
f 2046/5588/5 2094/5590/5 1980/2285/5
f 1948/5592/5 1810/5594/5 1815/5595/5
f 1950/2284/5 2046/5588/5 1980/2285/5
f 1980/2285/5 1948/5592/5 1815/5595/5
f 1886/2286/5 1890/5596/5 1952/5597/5
f 1980/2285/5 1815/5595/5 1886/2286/5
f 1886/2286/5 1952/5597/5 1950/2284/5
f 1910/2287/4 1902/5598/4 1903/2288/4
f 1958/2290/6 1959/5599/6 1956/2291/6
f 1906/2293/4 1912/5600/4 1960/2294/4
f 1408/2296/5 1407/5601/5 1274/2297/5
f 1968/2299/1 1969/5602/1 1970/2300/1
f 1932/2302/4 1970/5603/4 1930/2303/4
f 1967/2305/6 1969/5604/6 1968/2306/6
f 2580/2309/3 1305/5605/3 1303/5606/3
f 1132/2310/3 1112/2935/3 1114/5607/3
f 2580/2309/3 1303/5606/3 1132/2310/3
f 1132/2310/3 1114/5607/3 1130/2308/3
f 1516/743/4 1512/5608/4 1511/2311/4
f 1133/5609/5 1121/5610/5 1125/5611/5
f 1094/2314/5 1081/5612/5 1078/5613/5
f 1183/1221/5 1133/5609/5 1125/5611/5
f 1094/2314/5 1078/5613/5 1061/5614/5
f 1186/1222/5 1183/1221/5 1125/5611/5
f 1094/2314/5 1061/5614/5 1050/5615/5
f 1186/1222/2 1125/5611/2 1094/2314/2
f 1380/5616/5 1377/5617/5 1186/1222/5
f 1456/5618/5 1452/5619/5 1380/5616/5
f 1517/5620/5 1513/5621/5 1456/5618/5
f 1383/5622/5 1387/5623/5 1391/5624/5
f 1391/5624/5 1517/5620/5 1456/5618/5
f 1456/5618/5 1380/5616/5 1186/1222/5
f 1094/2314/5 1050/5615/5 1041/5625/5
f 1383/5622/5 1391/5624/5 1456/5618/5
f 1310/2315/5 1384/5626/5 1383/5622/5
f 1052/3263/5 1063/3262/5 1310/2315/5
f 1041/5625/5 1043/5627/5 1052/3263/5
f 1094/2314/5 1041/5625/5 1052/3263/5
f 1310/2315/5 1383/5622/5 1456/5618/5
f 1094/2314/5 1052/3263/5 1310/2315/5
f 1310/2315/5 1456/5618/5 1186/1222/5
f 1176/2316/1 1177/5628/1 1178/2317/1
f 1178/2317/1 1174/5629/1 1175/2318/1
f 1987/2319/2 1986/5630/2 1959/2320/2
f 1869/2324/4 1936/5631/4 1861/2325/4
f 1861/2325/4 1859/5632/4 1864/2326/4
f 2014/2327/5 2076/5633/5 2066/2328/5
f 1959/2330/3 1986/5634/3 1992/2331/3
f 1890/2333/6 1894/5635/6 1893/2334/6
f 1991/2339/6 2000/4382/6 1998/2340/6
f 2441/1244/6 2440/5636/6 2432/2345/6
f 1395/1617/5 1530/5196/5 1526/5637/5
f 1394/2347/5 1327/5638/5 1331/1618/5
f 1395/1617/5 1526/5637/5 1394/2347/5
f 2044/2348/6 2046/5639/6 2048/2368/6
f 2047/2349/6 2042/5640/6 2043/2350/6
f 2044/2348/6 2048/2368/6 2047/2349/6
f 2021/45/1 2022/3280/1 1967/2351/1
f 2016/2355/2 2027/2233/2 1933/2353/2
f 1933/2353/2 1925/5641/2 1926/2354/2
f 1926/2354/2 1965/5642/2 2016/2355/2
f 1595/2359/5 1531/5643/5 1536/2360/5
f 1833/2362/4 1761/5644/4 1754/5645/4
f 1755/2363/4 1748/5646/4 1749/2364/4
f 1833/2362/4 1754/5645/4 1755/2363/4
f 2039/2365/6 2040/5647/6 2037/2366/6
f 1977/2370/3 1978/5648/3 2087/2368/3
f 2087/2368/3 2086/5639/3 2039/2369/3
f 2039/2369/3 2038/5649/3 1977/2370/3
f 2206/2376/1 2303/5655/1 2304/5656/1
f 2270/2374/1 2272/5657/1 2257/5658/1
f 2206/2376/1 2304/5656/1 2270/2374/1
f 2231/5659/1 2191/5660/1 2206/2376/1
f 2270/2374/1 2257/5658/1 2254/2375/1
f 2254/2375/1 2231/5659/1 2206/2376/1
f 2050/2377/2 2049/5661/2 1994/2378/2
f 1595/2380/1 1596/5662/1 1533/2381/1
f 1618/2385/5 1580/5663/5 1623/5664/5
f 1619/2383/5 1691/5665/5 1690/2384/5
f 1618/2385/5 1623/5664/5 1619/2383/5
f 1995/2386/5 2054/5666/5 2053/2387/5
f 1994/2167/3 2049/5513/3 2055/2389/3
f 2003/2391/5 2061/5667/5 2060/2392/5
f 1996/2394/3 2060/5668/3 2054/2395/3
f 2005/2399/3 2066/5670/3 2061/2400/3
f 1374/2402/4 1445/5671/4 1439/2403/4
f 2007/2405/3 2062/5672/3 2067/2406/3
f 1652/2408/5 1520/5673/5 1562/2409/5
f 2214/2411/3 2229/5674/3 2224/5675/3
f 2213/2412/3 2211/5676/3 2199/5677/3
f 2214/2411/3 2224/5675/3 2213/2412/3
f 2184/5678/3 2203/5679/3 2214/2411/3
f 2213/2412/3 2199/5677/3 2201/2413/3
f 2201/2413/3 2184/5678/3 2214/2411/3
f 2236/2414/2 2252/1635/2 2251/2415/2
f 2070/2416/1 2071/5680/1 2017/2417/1
f 2075/2419/1 2076/5681/1 2014/2420/1
f 2071/2422/2 2077/5682/2 2018/2423/2
f 2077/2425/1 2078/5683/1 2023/2426/1
f 2019/2428/5 2080/5684/5 2075/2429/5
f 2079/2431/1 2080/5685/1 2019/2432/1
f 2078/2434/2 2081/5686/2 2024/2435/2
f 2067/2437/2 2070/5687/2 2012/2438/2
f 2025/2435/5 2084/5686/5 2079/1468/5
f 2025/2440/1 2024/1412/1 2081/2441/1
f 2086/2443/2 2085/5688/2 2040/2444/2
f 2087/2446/6 2088/5689/6 2085/2447/6
f 2040/2449/3 2085/5690/3 2090/2450/3
f 2085/2452/6 2091/5691/6 2089/2453/6
f 1581/2455/6 1579/5692/6 1577/2456/6
f 2093/2458/2 2092/5693/2 2044/2459/2
f 2092/2464/1 2095/5736/1 2046/2465/1
f 2094/2467/6 2095/5737/6 2092/2468/6
f 2137/2469/5 2052/26/5 2058/2470/5
f 2052/2472/4 2051/5738/4 2057/2473/4
f 2579/2477/5 1184/4626/5 1182/2475/5
f 1182/2475/5 1181/4627/5 1142/2476/5
f 2063/2478/3 2096/5739/3 2098/2479/3
f 2065/2481/3 2099/5740/3 2097/2482/3
f 2100/2484/1 2101/5741/1 2073/2485/1
f 2102/2487/1 2103/5742/1 2069/2488/1
f 2272/2490/5 2271/5743/5 2262/2491/5
f 2106/2493/6 2113/5744/6 2112/2494/6
f 1993/2498/2 2055/5745/2 2062/2496/2
f 2062/2496/2 2007/5746/2 2002/2497/2
f 2083/5747/4 2079/4483/4 2074/5748/4
f 2074/5748/4 2108/5749/4 2109/5750/4
f 2083/5747/4 2074/5748/4 2109/5750/4
f 2082/2501/4 2083/5747/4 2109/5750/4
f 2082/2501/4 2109/5750/4 2115/5751/4
f 2105/5752/4 2073/5753/4 2078/2500/4
f 2082/2501/4 2115/5751/4 2107/2499/4
f 2107/2499/4 2105/5752/4 2078/2500/4
f 2116/2502/1 2117/2804/1 2083/2503/1
f 1873/5754/2 1877/5755/2 1798/5756/2
f 1798/5756/2 1803/5757/2 1655/5164/2
f 1655/5164/2 1652/5180/2 1724/5758/2
f 1724/5758/2 1721/5183/2 1794/5759/2
f 1655/5164/2 1724/5758/2 1794/5759/2
f 1938/5760/2 1942/5761/2 1873/5754/2
f 1787/5762/2 1864/5763/2 1868/5764/2
f 1868/5764/2 1938/5760/2 1873/5754/2
f 1798/5756/2 1655/5164/2 1794/5759/2
f 1873/5754/2 1798/5756/2 1794/5759/2
f 1787/5762/2 1868/5764/2 1873/5754/2
f 1860/5765/2 1859/5766/2 1783/5767/2
f 1708/5768/2 1860/5765/2 1783/5767/2
f 1711/5769/2 1708/5768/2 1783/5767/2
f 1711/5769/2 1783/5767/2 1787/5762/2
f 1513/5770/2 1640/5771/2 1644/5772/2
f 1644/5772/2 1711/5769/2 1787/5762/2
f 1873/5754/2 1794/5759/2 1791/5773/2
f 1717/5182/2 1463/5184/2 1388/2505/2
f 1787/5762/2 1873/5754/2 1791/5773/2
f 1787/5762/2 1791/5773/2 1717/5182/2
f 1513/5770/2 1644/5772/2 1787/5762/2
f 1517/2507/2 1513/5770/2 1787/5762/2
f 1787/5762/2 1717/5182/2 1388/2505/2
f 1388/2505/2 1387/5774/2 1391/2506/2
f 1517/2507/2 1787/5762/2 1388/2505/2
f 2111/2508/6 2119/5775/6 2118/2509/6
f 2121/2511/2 2120/5776/2 2091/2512/2
f 2088/2514/3 2122/5777/3 2121/2484/3
f 2122/1733/6 2123/1732/6 2120/2516/6
f 2149/5778/1 2181/5779/1 2182/5780/1
f 2156/5781/1 2157/5782/1 2144/5783/1
f 2149/5778/1 2182/5780/1 2156/5781/1
f 2106/5784/1 2104/5785/1 2127/2518/1
f 2127/2518/1 2149/5778/1 2156/5781/1
f 2156/5781/1 2144/5783/1 2141/2519/1
f 2128/2520/1 2106/5784/1 2127/2518/1
f 2127/2518/1 2156/5781/1 2141/2519/1
f 2255/5786/1 2259/5787/1 2273/5788/1
f 2274/5789/1 2305/5790/1 2306/5791/1
f 2255/5786/1 2273/5788/1 2274/5789/1
f 2255/5786/1 2274/5789/1 2306/5791/1
f 2193/2522/1 2111/5792/1 2110/5793/1
f 2255/5786/1 2306/5791/1 2193/2522/1
f 2192/5794/1 2255/5786/1 2193/2522/1
f 2193/2522/1 2110/5793/1 2142/2523/1
f 2142/2523/1 2146/5795/1 2158/5796/1
f 2159/2521/1 2192/5794/1 2193/2522/1
f 2142/2523/1 2158/5796/1 2159/2521/1
f 2126/2524/1 2125/5797/1 2117/2525/1
f 2137/2528/6 2138/5798/6 2136/2529/6
f 2098/2531/2 2100/5799/2 2068/2532/2
f 2224/2534/5 2228/5800/5 2235/5801/5
f 2233/2535/5 2247/5802/5 2246/5803/5
f 2224/2534/5 2235/5801/5 2233/2535/5
f 2218/2536/5 2213/5804/5 2224/2534/5
f 2233/2535/5 2246/5803/5 2218/2536/5
f 1971/2537/2 2028/5805/2 2031/2538/2
f 2031/2538/2 1935/5806/2 1857/2539/2
f 2144/2540/6 2145/2686/6 2143/2541/6
f 2142/2543/6 2148/5807/6 2147/2544/6
f 2090/5808/2 2089/5809/2 1876/2548/2
f 1876/2548/2 1872/5810/2 1941/2549/2
f 1937/5811/2 1867/5812/2 1863/5813/2
f 1937/5811/2 1863/5813/2 1973/5814/2
f 1973/5814/2 2032/5815/2 2035/5816/2
f 1973/5814/2 2035/5816/2 1975/5817/2
f 1941/2549/2 1937/5811/2 1973/5814/2
f 2037/5818/2 2090/5808/2 1876/2548/2
f 1977/2550/2 2038/5819/2 2037/5818/2
f 1941/2549/2 1973/5814/2 1975/5817/2
f 1977/2550/2 2037/5818/2 1876/2548/2
f 1941/2549/2 1975/5817/2 1977/2550/2
f 1896/5820/2 1895/5821/2 1982/2551/2
f 1982/2551/2 1981/5822/2 1953/2552/2
f 1897/2553/2 1896/5820/2 1982/2551/2
f 2153/2554/5 2165/5823/5 2164/2555/5
f 2152/2557/4 2153/5824/4 2163/2558/4
f 2151/2560/4 2154/2577/4 2168/2561/4
f 2167/2563/2 2166/5825/2 2134/2564/2
f 2169/2566/4 2160/2718/4 2157/2567/4
f 2124/2570/2 2174/5826/2 2173/4353/2
f 2173/4353/2 2155/2546/2 2140/2545/2
f 2140/2545/2 2139/2547/2 2129/2569/2
f 2124/2570/2 2173/4353/2 2140/2545/2
f 1112/5827/1 1132/5828/1 1303/5829/1
f 1301/2571/5 1365/5830/5 1363/5831/5
f 1112/5827/5 1303/5829/5 1301/2571/5
f 1180/2573/5 1108/5832/5 1112/5827/5
f 1300/5833/5 1239/5834/5 1180/2573/5
f 1362/5835/5 1361/5836/5 1300/5833/5
f 1426/5837/5 1356/5838/5 1362/5835/5
f 1495/5839/5 1491/5840/5 1429/5841/5
f 1429/5841/5 1426/5837/5 1362/5835/5
f 1495/5839/5 1429/5841/5 1362/5835/5
f 1363/5831/5 1433/5842/5 1431/2572/5
f 1431/2572/1 1495/5839/1 1362/5835/1
f 1431/2572/5 1362/5835/5 1300/5833/5
f 1301/2571/5 1363/5831/5 1431/2572/5
f 1180/2573/5 1112/5827/5 1301/2571/5
f 1431/2572/5 1300/5833/5 1180/2573/5
f 2161/2574/4 2170/5843/4 2159/2575/4
f 2165/2577/4 2166/5844/4 2167/2578/4
f 2171/2579/6 2175/5845/6 2173/2580/6
f 2158/2582/5 2146/5846/5 2147/2583/5
f 2177/2585/6 2178/5847/6 2176/2586/6
f 2180/2120/6 2182/5879/6 2181/2591/6
f 2475/5880/3 2477/5881/3 2522/5882/3
f 2520/2593/3 2555/5883/3 2554/5884/3
f 2475/5880/3 2522/5882/3 2520/2593/3
f 2517/5885/3 2472/5886/3 2474/2595/3
f 2474/2595/3 2475/5880/3 2520/2593/3
f 2520/2593/3 2554/5884/3 2518/2594/3
f 2518/2594/3 2517/5885/3 2474/2595/3
f 2175/2596/3 2185/5887/3 2187/2597/3
f 2009/5888/6 1964/5889/6 1920/2599/6
f 1920/2599/5 1919/5890/5 1931/5891/5
f 1930/2600/5 1970/5892/5 1969/5893/5
f 1920/2599/5 1931/5891/5 1930/2600/5
f 2022/5894/5 2009/5888/5 1920/2599/5
f 1930/2600/5 1969/5893/5 1967/2601/5
f 1967/2601/5 2022/5894/5 1920/2599/5
f 2178/2602/3 2188/5895/3 2186/2603/3
f 2189/2605/1 2190/5896/1 2180/2606/1
f 2196/2558/6 2197/5824/6 2194/2608/6
f 2200/2610/6 2201/5897/6 2199/2611/6
f 2187/2613/4 2185/5898/4 2183/2614/4
f 2186/2616/4 2188/5899/4 2203/2617/4
f 1377/2619/1 1378/5900/1 1307/2620/1
f 1779/2625/4 1778/5901/4 1784/2626/4
f 2206/2628/4 2191/5902/4 2190/2629/4
f 1253/2631/1 1320/5903/1 1322/2632/1
f 1322/2632/1 1255/5904/1 1252/2633/1
f 2083/5905/6 2079/5906/6 2084/2635/6
f 2084/2635/6 2081/5907/6 2078/2636/6
f 2082/2634/6 2083/5905/6 2084/2635/6
f 1921/2639/3 2010/5908/3 2008/5909/3
f 1921/2639/3 2008/5909/3 1963/2637/3
f 1917/2638/3 1918/5910/3 1921/2639/3
f 1212/2640/3 1285/5911/3 1287/2641/3
f 1287/2641/3 1215/5912/3 1175/2642/3
f 1952/2643/1 1890/5913/1 1889/2644/1
f 2208/633/2 2197/4213/2 2196/738/2
f 2212/2608/4 2208/5914/4 2209/2646/4
f 2211/2647/4 2213/5915/4 2218/2648/4
f 2212/2650/3 2223/5916/3 2226/2651/3
f 2226/2651/3 2202/5917/3 2183/5918/3
f 2194/2652/3 2197/5677/3 2208/5676/3
f 2226/2651/3 2183/5918/3 2194/2652/3
f 2194/2652/3 2208/5676/3 2212/2650/3
f 2223/2656/6 2227/5919/6 2225/2657/6
f 2229/2659/6 2230/5920/6 2228/2660/6
f 2227/2662/3 2234/2880/3 2237/2663/3
f 2230/2665/3 2238/5921/3 2235/2666/3
f 2242/2668/6 2243/5922/6 2240/2669/6
f 2246/2670/6 2247/5923/6 2245/2671/6
f 2237/2673/4 2234/5924/4 2232/2674/4
f 2250/2678/3 2317/4323/3 2314/4322/3
f 2269/2676/3 2266/5925/3 2245/5926/3
f 2250/2678/3 2314/4322/3 2269/2676/3
f 2247/2677/3 2233/5927/3 2250/2678/3
f 2269/2676/3 2245/5926/3 2247/2677/3
f 2235/2679/4 2238/5928/4 2250/2680/4
f 1876/2682/6 1875/5929/6 1871/2683/6
f 2257/2685/6 2258/5930/6 2256/2686/6
f 2255/2687/6 2261/5931/6 2260/2688/6
f 2248/2691/2 2267/4359/2 2253/2690/2
f 2253/2690/2 2249/1634/2 2237/1636/2
f 2345/2694/4 2349/5932/4 2389/2692/4
f 2380/2693/4 2376/295/4 2345/2694/4
f 2310/2695/2 2309/5933/2 2268/2696/2
f 2557/2698/3 2566/5934/3 2570/2699/3
f 2570/2699/3 2524/5935/3 2526/2700/3
f 2260/2701/5 2276/5936/5 2273/255/5
f 2268/2702/4 2263/5937/4 2264/2703/4
f 2269/2705/5 2314/5938/5 2313/2706/5
f 2266/2708/4 2269/5939/4 2278/2709/4
f 1584/2713/5 1637/5940/5 1705/2711/5
f 1705/2711/5 1699/5941/5 1635/2712/5
f 1635/2712/5 1631/5942/5 1584/2713/5
f 2305/2714/5 2274/5943/5 2280/2715/5
f 2279/2717/4 2275/5944/4 2272/2718/4
f 2276/2719/4 2280/5945/4 2274/2720/4
f 2005/2722/2 2014/5946/2 2013/2723/2
f 2307/2725/2 2279/5947/2 2270/2726/2
f 1127/2728/2 1104/5948/2 1092/2729/2
f 1628/2731/4 1581/5949/4 1579/2732/4
f 2282/2737/6 2285/5951/6 2284/2738/6
f 1814/2684/6 1813/2683/6 1811/2740/6
f 1914/5952/3 1916/5953/3 2006/2742/3
f 2006/2742/3 1997/5954/3 1962/2743/3
f 1913/2744/3 1914/5952/3 2006/2742/3
f 2288/2306/6 2291/5604/6 2290/2745/6
f 2281/2747/3 2290/5955/3 2296/2748/3
f 2295/2750/1 2297/5956/1 2284/2751/1
f 2294/2753/4 2284/5957/4 2281/2754/4
f 2348/2756/1 2349/5958/1 2324/723/1
f 2299/2758/3 2300/5959/3 2292/2759/3
f 2298/2761/1 2301/5960/1 2302/2762/1
f 2286/2764/4 2302/5961/4 2299/2765/4
f 2346/2767/1 2347/5962/1 2303/2768/1
f 2287/2773/3 2315/3078/3 2320/2774/3
f 2296/2776/4 2290/5965/4 2287/2777/4
f 2301/2779/5 2324/5966/5 2349/5967/5
f 2349/5967/5 2345/5968/5 2344/5969/5
f 2322/2780/5 2321/5970/5 2300/2781/5
f 2349/5967/5 2344/5969/5 2322/2780/5
f 2299/5971/5 2302/5972/5 2301/2779/5
f 2301/2779/5 2349/5967/5 2322/2780/5
f 2300/2781/5 2299/5971/5 2301/2779/5
f 2321/2782/3 2322/5973/3 2318/2783/3
f 2292/2745/4 2300/5974/4 2321/2785/4
f 2323/2789/4 2303/6029/4 2297/2790/4
f 2306/2791/4 2324/6030/4 2301/2792/4
f 2325/2794/4 2307/6031/4 2304/2795/4
f 1108/2797/1 1086/6032/1 1085/2798/1
f 2340/2800/6 2341/3238/6 2338/2801/6
f 2160/6033/1 2169/6034/1 2219/3697/1
f 2220/3696/1 2222/3695/1 2221/3694/1
f 2160/6033/1 2219/3697/1 2220/3696/1
f 2113/6035/1 2143/6036/1 2145/6037/1
f 2160/6033/1 2220/3696/1 2221/3694/1
f 2145/6037/1 2160/6033/1 2221/3694/1
f 2215/3693/1 2216/3692/1 2170/6038/1
f 2145/6037/1 2221/3694/1 2215/3693/1
f 2078/6039/1 2112/6040/1 2113/6035/1
f 2082/2504/1 2078/6039/1 2113/6035/1
f 2114/6041/1 2116/2502/1 2082/2504/1
f 2114/6041/1 2082/2504/1 2113/6035/1
f 2126/6042/1 2114/6041/1 2113/6035/1
f 2126/6042/1 2113/6035/1 2145/6037/1
f 2215/3693/1 2170/6038/1 2161/6043/1
f 2147/6044/1 2148/6045/1 2118/2803/1
f 2145/6037/1 2215/3693/1 2161/6043/1
f 2145/6037/1 2161/6043/1 2147/6044/1
f 2125/2805/1 2126/6042/1 2145/6037/1
f 2079/4902/1 2083/2503/1 2117/2804/1
f 2125/2805/1 2145/6037/1 2147/6044/1
f 2118/2803/1 2119/6046/1 2079/4902/1
f 2125/2805/1 2147/6044/1 2118/2803/1
f 2118/2803/1 2079/4902/1 2117/2804/1
f 2308/2806/4 2328/5930/4 2306/2685/4
f 2331/6/2 2330/5/2 2311/2808/2
f 2312/2810/5 2334/2809/5 2333/2808/5
f 2311/2812/4 2312/5287/4 2332/1748/4
f 2337/2814/2 2336/6047/2 2316/2815/2
f 2316/2817/4 2309/2881/4 2310/2818/4
f 2317/2820/5 2341/6048/5 2340/2821/5
f 2314/2823/4 2317/6049/4 2339/2824/4
f 2316/2826/3 2336/6050/3 2343/2827/3
f 2320/2829/4 2315/6051/4 2316/2830/4
f 2328/2832/5 2353/6052/5 2348/2833/5
f 2347/2834/2 2350/6053/2 2325/2835/2
f 2344/2837/3 2345/6054/3 2341/2838/3
f 2318/2840/4 2322/6055/4 2344/2841/4
f 2346/2843/6 2343/6056/6 2336/2844/6
f 2351/2846/2 2355/6057/2 2354/2847/2
f 2357/2849/4 2327/6058/4 2326/2850/4
f 2357/2852/5 2356/6059/5 2352/2853/5
f 2360/2855/2 2359/6060/2 2337/2856/2
f 2402/2859/6 2403/2327/6 2405/1186/6
f 2405/1186/6 2406/4763/6 2404/2858/6
f 2496/2860/5 2535/6061/5 2531/2861/5
f 2330/2863/4 2331/6062/4 2358/2864/4
f 2340/2866/5 2364/1853/5 2363/2867/5
f 2367/2555/2 2366/6063/2 2343/2869/2
f 2337/2870/3 2359/256/3 2367/2871/3
f 2343/2873/4 2336/6064/4 2337/2874/4
f 2345/2876/5 2370/6065/5 2369/2877/5
f 2368/2879/3 2369/6066/3 2364/2880/3
f 2341/2881/4 2345/6067/4 2368/2882/4
f 2343/2883/3 2366/6068/3 2374/2884/3
f 2376/2886/3 2377/630/3 2370/629/3
f 2069/2888/5 2103/6069/5 2099/2889/5
f 2385/2891/1 2386/6070/1 2346/2883/1
f 2387/2893/1 2388/6071/1 2389/2894/1
f 2386/2896/2 2391/6072/2 2390/2897/2
f 2391/2899/1 2393/6073/1 2350/2900/1
f 2390/2902/4 2350/6074/4 2347/1521/4
f 2392/2904/6 2393/6075/6 2391/2905/6
f 2396/2907/5 2395/6076/5 2387/2908/5
f 2394/2910/1 2395/6077/1 2396/2911/1
f 2353/2912/4 2396/6078/4 2349/2913/4
f 2393/2915/2 2398/6079/2 2397/2916/2
f 2397/6080/1 2398/6081/1 2399/2918/1
f 2399/2918/1 2400/6082/1 2356/2919/1
f 2356/2919/1 2357/6083/1 2354/6084/1
f 2355/2920/1 2397/6080/1 2399/2918/1
f 2356/2919/1 2354/6084/1 2355/2920/1
f 2397/2921/4 2355/6085/4 2351/2922/4
f 2353/6086/3 2394/6087/3 2393/2924/3
f 2393/2924/3 2350/6088/3 2351/2925/3
f 2351/2925/3 2326/6089/3 2327/6090/3
f 2352/2926/3 2353/6086/3 2393/2924/3
f 2351/2925/3 2327/6090/3 2352/2926/3
f 2400/2927/5 2399/6091/5 2394/2928/5
f 2356/2930/4 2400/3145/4 2353/2931/4
f 2372/2933/4 2384/6092/4 2346/2934/4
f 2346/2934/4 2343/5607/4 2371/2935/4
f 2403/2936/2 2402/6093/2 2361/2937/2
f 2378/2941/5 2432/6094/5 2494/6095/5
f 2494/6095/5 2493/6096/5 2429/6097/5
f 2429/6097/5 2428/6098/5 2427/6099/5
f 2377/2939/5 2376/6100/5 2380/2940/5
f 2429/6097/5 2427/6099/5 2377/2939/5
f 2378/2941/5 2494/6095/5 2429/6097/5
f 2380/2940/5 2379/6101/5 2378/2941/5
f 2378/2941/5 2429/6097/5 2377/2939/5
f 2409/2942/4 2401/6102/4 2361/2943/4
f 2363/2948/5 2411/6104/5 2410/2949/5
f 2401/2953/3 2409/6105/3 2410/6106/3
f 2407/2951/3 2468/6107/3 2467/6108/3
f 2401/2953/3 2410/6106/3 2407/2951/3
f 2405/2952/3 2403/6109/3 2401/2953/3
f 2407/2951/3 2467/6108/3 2405/2952/3
f 2414/2810/2 2413/2811/2 2367/2954/2
f 2367/2956/4 2359/6110/4 2360/2957/4
f 2415/2959/6 2416/6111/6 2413/2960/6
f 2369/2962/5 2421/6112/5 2420/2963/5
f 2419/2965/3 2420/2837/3 2411/2839/3
f 2364/2967/4 2369/5283/4 2419/1740/4
f 2420/2969/6 2421/6113/6 2418/2970/6
f 2367/2971/3 2413/6114/3 2424/2972/3
f 2374/2974/4 2366/6115/4 2367/2975/4
f 2413/2977/6 2425/6116/6 2423/2978/6
f 2427/2980/3 2428/6117/3 2421/2981/3
f 2370/2983/4 2377/6118/4 2427/2984/4
f 2428/2984/6 2429/6118/6 2426/2986/6
f 2438/2988/2 2437/6119/2 2433/2989/2
f 2373/2991/3 2430/6120/3 2434/2992/3
f 2435/2994/3 2436/6121/3 2432/2995/3
f 2438/2997/1 2439/6122/1 2381/2998/1
f 2440/3000/1 2441/6123/1 2442/3001/1
f 2102/3003/6 2097/6124/6 2099/3004/6
f 1154/3006/3 1150/6125/3 1147/3007/3
f 2449/3009/1 2450/6126/1 2391/3010/1
f 2448/3012/4 2391/6127/4 2386/3013/4
f 2445/3015/6 2450/6128/6 2449/3016/6
f 2451/3018/1 2452/6129/1 2453/3019/1
f 2395/3021/4 2453/6075/4 2388/2904/4
f 2447/3023/6 2452/6130/6 2451/3024/6
f 2445/6131/2 2499/6132/2 2510/3026/2
f 2510/3026/2 2454/6133/2 2391/3027/2
f 2450/3028/2 2445/6131/2 2510/3026/2
f 2454/40/4 2398/42/4 2393/2979/4
f 2442/3029/5 2441/6134/5 2436/3030/5
f 2399/3032/4 2457/6135/4 2395/3033/4
f 2455/3035/2 2459/6136/2 2458/3036/2
f 1877/3038/6 1880/6137/6 1879/3039/6
f 2399/3041/4 2398/6138/4 2458/3042/4
f 2465/3046/5 2464/6141/5 2456/3047/5
f 2437/3049/4 2381/6142/4 2373/3050/4
f 2467/3052/2 2466/6143/2 2406/3053/2
f 2408/3055/5 2469/6144/5 2468/3056/5
f 2372/3060/2 2373/4490/2 2381/3058/2
f 2381/3058/2 2385/4488/2 2384/3059/2
f 2468/1502/6 2469/6145/6 2466/3061/6
f 2471/3063/2 2470/6146/2 2416/3064/2
f 2386/6147/5 2391/6148/5 2450/6149/5
f 2445/6150/5 2444/6151/5 2382/6152/5
f 2386/6147/5 2450/6149/5 2445/6150/5
f 2343/3068/5 2346/6153/5 2386/6147/5
f 2413/6154/5 2367/6155/5 2366/3067/5
f 2386/6147/5 2445/6150/5 2382/6152/5
f 2375/3066/5 2431/6156/5 2425/6157/5
f 2343/3068/5 2386/6147/5 2382/6152/5
f 2375/3066/5 2425/6157/5 2413/6154/5
f 2343/3068/5 2382/6152/5 2375/3066/5
f 2375/3066/5 2413/6154/5 2366/3067/5
f 2418/3069/5 2479/3065/5 2478/3064/5
f 2481/3071/2 2480/6158/2 2425/3072/2
f 2416/3074/3 2470/6159/3 2481/3075/3
f 2426/3077/5 2487/6160/5 2486/3078/5
f 2421/3080/3 2486/6161/3 2479/3081/3
f 2425/3083/3 2480/6162/3 2488/3084/3
f 2560/3086/2 2573/6163/2 2576/457/2
f 2576/457/2 2539/6164/2 2538/3087/2
f 2512/6165/6 2515/6166/6 2514/6167/6
f 2511/6168/6 2510/6169/6 2499/6170/6
f 2512/6165/6 2514/6167/6 2511/6168/6
f 2504/6171/6 2513/6172/6 2512/6165/6
f 2497/290/6 2505/6173/6 2504/6171/6
f 2502/6174/6 2503/6175/6 2496/288/6
f 2496/288/6 2497/290/6 2504/6171/6
f 2499/6170/6 2498/6176/6 2488/6177/6
f 2480/6178/6 2481/6179/6 2470/3088/6
f 2502/6174/6 2496/288/6 2504/6171/6
f 2508/6180/6 2509/6181/6 2502/6174/6
f 2501/6182/6 2506/6183/6 2507/6184/6
f 2508/6180/6 2502/6174/6 2504/6171/6
f 2508/6180/6 2504/6171/6 2512/6165/6
f 2470/3088/6 2471/6185/6 2473/6186/6
f 2469/3089/6 2478/6187/6 2479/6188/6
f 2470/3088/6 2473/6186/6 2469/3089/6
f 2479/6188/6 2486/6189/6 2487/6190/6
f 2487/6190/6 2493/6191/6 2494/289/6
f 2492/3580/6 2491/6192/6 2485/6193/6
f 2487/6190/6 2494/289/6 2492/3580/6
f 2469/3089/6 2479/6188/6 2487/6190/6
f 2508/6180/6 2512/6165/6 2511/6168/6
f 2507/6184/6 2508/6180/6 2511/6168/6
f 2487/6190/6 2492/3580/6 2485/6193/6
f 2485/6193/6 2484/6194/6 2477/6195/6
f 2487/6190/6 2485/6193/6 2477/6195/6
f 2507/6184/6 2511/6168/6 2499/6170/6
f 2495/6196/6 2500/6197/6 2501/6182/6
f 2501/6182/6 2507/6184/6 2499/6170/6
f 2469/3089/6 2487/6190/6 2477/6195/6
f 2469/3089/6 2477/6195/6 2475/6198/6
f 2495/6196/6 2501/6182/6 2499/6170/6
f 2482/6199/6 2490/6200/6 2489/6201/6
f 2495/6196/6 2499/6170/6 2488/6177/6
f 2489/6201/6 2495/6196/6 2488/6177/6
f 2489/6201/6 2488/6177/6 2480/6178/6
f 2472/3090/6 2483/6202/6 2482/6199/6
f 2482/6199/6 2489/6201/6 2480/6178/6
f 2469/3089/6 2475/6198/6 2474/6203/6
f 2472/3090/6 2482/6199/6 2480/6178/6
f 2469/3089/6 2474/6203/6 2472/3090/6
f 2472/3090/6 2480/6178/6 2470/3088/6
f 2395/6204/5 2457/6205/5 2513/3091/5
f 2513/3091/5 2504/6206/5 2446/3092/5
f 2451/3093/5 2395/6204/5 2513/3091/5
f 2429/3094/3 2493/6207/3 2487/3095/3
f 2498/3106/1 2499/6224/1 2445/3107/1
f 2504/3109/1 2505/6225/1 2447/3110/1
f 2475/6226/1 2477/6227/1 2476/3113/1
f 2476/3113/1 2417/6228/1 2472/3114/1
f 2474/3112/1 2475/6226/1 2476/3113/1
f 2388/3115/5 2453/6229/5 2452/6230/5
f 2447/6231/5 2505/6232/5 2497/3116/5
f 2388/3115/5 2452/6230/5 2447/6231/5
f 2380/2940/5 2389/6233/5 2388/3115/5
f 2383/6234/5 2379/6101/5 2380/2940/5
f 2494/6095/5 2432/6094/5 2440/3117/5
f 2383/6234/5 2380/2940/5 2388/3115/5
f 2497/3116/5 2494/6095/5 2440/3117/5
f 2440/3117/5 2383/6234/5 2388/3115/5
f 2388/3115/5 2447/6231/5 2497/3116/5
f 2550/3120/5 2575/6235/5 2571/6236/5
f 2571/6236/5 2529/6237/5 2534/3118/5
f 2534/3118/5 2503/3377/5 2502/3119/5
f 2502/3119/5 2552/6238/5 2550/3120/5
f 2550/3120/5 2571/6236/5 2534/3118/5
f 2379/3124/4 2383/6242/4 2442/3125/4
f 2442/3125/4 2435/6243/4 2378/3126/4
f 2362/6244/3 2363/6245/3 2361/6246/3
f 2333/6247/3 2362/6244/3 2361/6246/3
f 2329/6248/3 2332/6249/3 2333/6247/3
f 2360/6250/3 2358/6251/3 2331/6252/3
f 2331/6252/3 2329/6248/3 2333/6247/3
f 2331/6252/3 2333/6247/3 2361/6246/3
f 2414/6253/3 2412/6254/3 2360/6250/3
f 2360/6250/3 2331/6252/3 2361/6246/3
f 2360/6250/3 2361/6246/3 2402/3127/3
f 2415/3129/3 2414/6253/3 2360/6250/3
f 2473/3128/3 2471/6255/3 2415/3129/3
f 2406/6256/3 2466/6257/3 2473/3128/3
f 2404/6258/3 2406/6256/3 2473/3128/3
f 2415/3129/3 2360/6250/3 2402/3127/3
f 2402/3127/3 2404/6258/3 2473/3128/3
f 2511/3130/2 2514/6259/2 2461/3131/2
f 2556/1657/2 2558/6260/2 2548/3133/2
f 2463/3134/5 2515/6261/5 2512/3135/5
f 2517/3137/2 2516/6262/2 2483/3138/2
f 2518/2824/6 2519/6049/6 2516/3140/6
f 2484/3142/5 2523/6263/5 2522/3143/5
f 2522/3145/6 2523/2930/6 2521/3146/6
f 2525/2962/2 2524/2964/2 2490/3148/2
f 2483/3150/3 2516/6264/3 2525/3151/3
f 2516/3153/6 2526/6265/6 2524/3154/6
f 2491/3156/5 2529/6266/5 2528/3157/5
f 2485/3159/3 2528/6267/3 2523/3160/3
f 2528/3162/6 2529/6268/6 2527/3163/6
f 2490/3165/3 2524/6269/3 2530/3166/3
f 2492/3168/3 2531/6270/3 2529/3169/3
f 2462/6271/1 2512/6272/1 2513/3171/1
f 2513/3171/1 2457/6273/1 2399/3172/1
f 2456/3173/1 2462/6271/1 2513/3171/1
f 2532/3174/1 2533/6274/1 2500/3175/1
f 2534/3177/1 2535/6275/1 2496/3178/1
f 2533/3180/2 2536/6276/2 2501/3181/2
f 2537/3183/3 2538/3179/3 2533/3178/3
f 2536/3185/1 2539/6277/1 2506/3186/1
f 2538/3188/6 2539/6278/6 2536/3189/6
f 2496/3191/4 2492/6279/4 2491/3192/4
f 2539/3047/2 2541/6280/2 2507/3194/2
f 2542/3195/6 2543/6281/6 2541/3021/6
f 2508/3194/5 2546/6280/5 2540/3196/5
f 2540/3198/6 2546/6282/6 2545/3199/6
f 2023/3201/5 2078/6283/5 2073/3202/5
f 1898/6284/3 1984/6285/3 1983/3204/3
f 1983/3204/3 1982/467/3 1895/156/3
f 1821/158/3 1822/6286/3 1893/3205/3
f 1983/3204/3 1895/156/3 1821/158/3
f 1824/6287/3 1898/6284/3 1983/3204/3
f 1894/3206/3 1823/6288/3 1824/6287/3
f 1983/3204/3 1821/158/3 1893/3205/3
f 1894/3206/3 1824/6287/3 1983/3204/3
f 2554/3207/2 2553/6289/2 2519/3208/2
f 2526/3210/4 2547/6290/4 2519/3211/4
f 2548/3213/4 2527/6265/4 2523/3153/4
f 2570/186/2 2572/6291/2 2533/3214/2
f 2538/3218/4 2526/6293/4 2524/3219/4
f 2550/3220/6 2552/6294/6 2551/3221/6
f 2555/3223/6 2556/6295/6 2553/3224/6
f 2551/3228/5 2577/6296/5 2574/3226/5
f 2561/3227/5 2549/6297/5 2551/3228/5
f 2191/3231/5 2231/6298/5 2254/6299/5
f 2254/6299/2 2256/6300/2 2219/3229/2
f 2219/3229/2 2169/6301/2 2156/6302/2
f 2182/3230/2 2180/6303/2 2190/6304/2
f 2219/3229/2 2156/6302/2 2182/3230/2
f 2191/3231/2 2254/6299/2 2219/3229/2
f 2182/3230/2 2190/6304/2 2191/3231/2
f 2567/6305/6 2568/6306/6 2569/6307/6
f 2569/6307/6 2571/6308/6 2575/6309/6
f 2574/3232/6 2577/6310/6 2576/6311/6
f 2569/6307/6 2575/6309/6 2574/3232/6
f 2566/3234/6 2567/6305/6 2569/6307/6
f 2572/6312/6 2570/6313/6 2566/3234/6
f 2574/3232/6 2576/6311/6 2573/3233/6
f 2573/3233/6 2572/6312/6 2566/3234/6
f 2566/3234/6 2569/6307/6 2574/3232/6
f 1274/2800/4 1271/636/4 1277/635/4
f 2562/3239/2 2564/6318/2 2543/3240/2
f 1063/1098/1 2582/1098/1 2581/3261/1
f 1063/3262/5 1052/3263/5 1043/3263/5
usemtl Blade
f 5/1/1 7/2/1 4/3/1
f 12/4/1 5/5/1 11/6/1
f 13/7/2 14/8/2 5/9/2
f 14/13/4 6/14/4 5/15/4
f 775/16/5 774/17/5 766/18/5
f 19/19/4 13/20/4 12/21/4
f 26/22/1 15/23/1 20/24/1
f 29/28/2 21/29/2 27/30/2
f 21/31/4 30/32/4 27/33/4
f 21/34/3 31/35/3 18/36/3
f 24/37/5 32/38/5 23/39/5
f 31/40/4 29/41/4 38/42/4
f 39/46/1 36/47/1 35/48/1
f 37/49/4 25/50/4 34/51/4
f 36/52/1 34/53/1 35/54/1
f 62/64/5 60/65/5 59/66/5
f 46/67/3 65/68/3 63/69/3
f 64/70/4 46/71/4 63/72/4
f 70/73/1 68/74/1 49/75/1
f 57/79/3 84/80/3 82/81/3
f 65/82/4 57/83/4 82/84/4
f 84/88/4 78/89/4 93/90/4
f 81/91/4 94/92/4 79/93/4
f 186/94/5 75/95/5 173/96/5
f 96/97/2 86/98/2 83/99/2
f 98/100/4 87/101/4 86/102/4
f 257/103/2 207/104/2 224/105/2
f 72/106/4 69/107/4 70/19/4
f 1116/108/2 1074/109/2 1065/110/2
f 106/111/4 91/112/4 90/113/4
f 110/114/2 77/115/2 108/116/2
f 77/120/4 111/121/4 108/122/4
f 990/123/2 969/124/2 989/125/2
f 112/129/4 110/130/4 120/131/4
f 130/135/4 115/136/4 114/137/4
f 118/138/4 117/139/4 116/140/4
f 132/141/4 105/142/4 103/143/4
f 4/144/4 3/145/4 1/146/4
f 125/147/4 121/148/4 136/149/4
f 124/150/4 137/151/4 122/152/4
f 142/153/1 134/154/1 133/155/1
f 42/156/1 39/157/1 41/158/1
f 153/159/2 142/160/2 140/161/2
f 135/165/1 161/166/1 154/167/1
f 10/171/3 8/172/3 2/173/3
f 181/174/4 166/175/4 165/176/4
f 170/177/4 168/178/4 167/179/4
f 172/180/5 170/181/5 118/182/5
f 183/183/4 172/184/4 171/13/4
f 141/185/1 168/186/1 118/187/1
f 193/188/2 183/189/2 171/190/2
f 200/191/5 156/192/5 178/193/5
f 53/194/3 55/195/3 77/196/3
f 212/197/4 193/198/4 192/177/4
f 215/197/6 213/199/6 211/200/6
f 271/201/5 268/202/5 248/203/5
f 306/204/3 291/205/3 155/206/3
f 216/207/5 225/208/5 210/209/5
f 218/213/3 244/214/3 231/215/3
f 231/215/3 243/219/3 230/220/3
f 47/221/4 62/222/4 45/223/4
f 663/224/2 653/225/2 654/226/2
f 240/230/5 238/231/5 239/232/5
f 651/233/5 612/234/5 605/235/5
f 251/251/5 203/252/5 254/253/5
f 255/254/5 268/202/5 254/253/5
f 5/258/2 1/259/2 2/260/2
f 904/264/5 894/265/5 890/266/5
f 245/267/3 288/268/3 243/269/3
f 316/270/5 387/271/5 363/272/5
f 332/282/1 81/283/1 236/284/1
f 103/294/2 89/295/2 104/296/2
f 314/297/3 289/298/3 325/299/3
f 335/300/2 321/301/2 333/302/2
f 144/303/1 145/304/1 143/305/1
f 326/309/3 348/310/3 325/299/3
f 1061/311/1 1083/312/1 1050/313/1
f 165/314/1 150/315/1 140/316/1
f 90/317/1 52/318/1 73/319/1
f 361/320/5 320/321/5 315/322/5
f 264/326/5 199/327/5 201/328/5
f 126/329/5 117/330/5 168/331/5
f 949/332/4 959/333/4 947/334/4
f 290/344/5 173/96/5 233/345/5
f 407/346/5 422/347/5 417/348/5
f 728/349/5 668/350/5 652/351/5
f 322/358/2 382/359/2 410/360/2
f 424/361/2 418/362/2 419/363/2
f 522/364/2 515/365/2 538/366/2
f 426/367/5 390/368/5 303/369/5
f 288/373/2 242/374/2 230/375/2
f 699/376/3 632/377/3 614/378/3
f 453/379/2 445/380/2 444/381/2
f 461/394/5 472/395/5 460/396/5
f 647/397/2 596/398/2 557/399/2
f 527/400/5 519/401/5 506/402/5
f 508/415/5 506/416/5 505/417/5
f 435/418/5 434/419/5 426/367/5
f 267/420/2 256/421/2 266/422/2
f 226/426/1 463/427/1 546/428/1
f 515/435/2 520/436/2 504/437/2
f 610/438/2 619/439/2 590/440/2
f 1064/441/3 1046/442/3 1047/443/3
f 525/447/5 527/448/5 506/449/5
f 928/450/5 924/451/5 907/452/5
f 114/459/2 95/460/2 139/461/2
f 527/400/5 540/465/5 518/466/5
f 985/467/3 961/468/3 963/469/3
f 576/473/3 375/474/3 391/475/3
f 42/476/4 51/477/4 52/74/4
f 969/124/2 920/487/2 910/488/2
f 930/492/3 931/493/3 947/494/3
f 551/495/5 552/496/5 563/497/5
f 559/501/5 566/502/5 558/503/5
f 557/399/2 569/504/2 568/505/2
f 560/506/2 571/507/2 570/508/2
f 1015/515/6 1013/516/6 1014/517/6
f 35/518/5 25/519/5 20/520/5
f 578/521/5 586/522/5 577/523/5
f 1079/524/2 1068/525/2 1075/526/2
f 391/475/3 376/527/3 403/528/3
f 1074/109/2 1075/526/2 1076/532/2
f 631/539/2 625/540/2 623/541/2
f 97/542/2 83/99/2 65/543/2
f 640/544/2 626/545/2 649/546/2
f 432/547/5 433/548/5 460/396/5
f 636/549/4 633/550/4 646/551/4
f 635/552/4 648/553/4 634/554/4
f 459/555/2 474/556/2 448/557/2
f 501/558/5 494/559/5 495/560/5
f 376/567/3 353/568/3 346/569/3
f 655/579/2 659/580/2 658/581/2
f 609/582/5 595/583/5 641/584/5
f 679/594/2 667/595/2 666/596/2
f 1032/600/1 1009/601/1 1030/602/1
f 676/603/5 686/604/5 675/605/5
f 811/606/2 683/607/2 699/608/2
f 819/609/5 766/18/5 778/610/5
f 618/611/2 660/612/2 679/594/2
f 1058/619/5 1042/620/5 1077/621/5
f 722/631/5 720/632/5 712/633/5
f 700/637/3 744/638/3 788/639/3
f 1053/640/3 1072/641/3 1055/642/3
f 723/643/5 724/644/5 721/645/5
f 802/646/1 840/647/1 861/648/1
f 1114/649/5 1067/650/5 1057/651/5
f 745/661/1 693/662/1 691/663/1
f 955/676/1 928/677/1 954/678/1
f 761/144/2 737/679/2 747/680/2
f 759/684/5 766/18/5 757/685/5
f 758/686/2 767/687/2 761/688/2
f 657/692/3 773/693/3 745/694/3
f 665/704/2 653/705/2 661/706/2
f 409/707/5 450/708/5 431/709/5
f 1087/713/5 1036/714/5 1046/715/5
f 744/716/5 634/717/5 693/718/5
f 345/719/5 324/720/5 272/721/5
f 60/722/3 81/723/3 59/73/3
f 112/744/2 121/745/2 31/746/2
f 991/747/2 1029/748/2 992/749/2
f 827/750/2 841/751/2 828/752/2
f 848/756/5 824/757/5 818/758/5
f 852/762/5 874/763/5 884/764/5
f 1010/773/6 1011/774/6 1009/775/6
f 878/776/5 885/777/5 874/763/5
f 796/778/2 735/779/2 760/780/2
f 827/750/2 803/787/2 793/788/2
f 862/792/1 850/793/1 900/794/1
f 928/450/5 847/809/5 838/810/5
f 903/811/2 916/812/2 896/813/2
f 891/820/5 880/821/5 882/822/5
f 865/829/2 844/830/2 842/831/2
f 860/832/3 812/833/3 790/834/3
f 940/838/4 923/839/4 922/840/4
f 928/841/4 925/842/4 924/843/4
f 933/844/4 930/845/4 946/846/4
f 932/847/4 951/848/4 931/841/4
f 86/849/1 48/850/1 64/851/1
f 953/855/2 956/856/2 942/857/2
f 956/858/4 943/859/4 942/860/4
f 959/861/2 960/862/2 947/863/2
f 962/867/5 964/868/5 963/869/5
f 971/879/4 953/880/4 952/881/4
f 958/888/4 955/889/4 954/858/4
f 965/893/4 961/894/4 973/879/4
f 964/898/4 974/899/4 963/900/4
f 105/901/2 106/902/2 90/903/2
f 576/473/3 584/904/3 564/905/3
f 978/906/5 936/907/5 955/908/5
f 100/912/1 117/477/1 72/913/1
f 532/914/2 515/365/2 502/915/2
f 978/919/5 975/920/5 976/921/5
f 125/922/3 113/923/3 78/924/3
f 77/196/3 112/925/3 74/926/3
f 987/930/6 986/931/6 985/932/6
f 1100/933/5 1069/934/5 1077/621/5
f 993/935/6 996/936/6 992/937/6
f 995/898/6 998/938/6 994/939/6
f 1002/940/6 1000/941/6 1001/942/6
f 1006/943/6 1005/944/6 1004/945/6
f 217/946/3 186/947/3 218/948/3
f 1039/949/5 1007/950/5 975/951/5
f 1043/952/6 1045/953/6 1025/954/6
f 993/955/2 1011/868/2 997/956/2
f 994/957/5 1012/958/5 1010/959/5
f 1014/960/2 1003/961/2 1002/962/2
f 1004/963/3 1002/964/3 986/965/3
f 1005/966/5 1015/967/5 1004/968/5
f 1018/969/2 1008/340/2 1000/970/2
f 1059/971/2 991/747/2 939/972/2
f 1031/976/6 1028/977/6 1029/978/6
f 1027/979/6 1032/980/6 1026/944/6
f 1035/981/6 1020/982/6 1034/983/6
f 1038/984/6 1037/91/6 1036/93/6
f 1022/991/1 1031/992/1 1029/993/1
f 1024/994/6 1022/995/6 1023/996/6
f 1043/938/1 1027/997/1 1026/998/1
f 1042/999/6 1043/1000/6 1041/1001/6
f 1025/1002/2 1030/1003/2 1031/1004/2
f 1026/1005/5 2582/1004/5 1043/1003/5
f 949/1009/6 948/1010/6 947/1011/6
f 354/1015/5 327/1016/5 318/1017/5
f 299/1018/5 284/1019/5 273/1020/5
f 370/1021/5 380/1022/5 366/1023/5
f 1051/1024/1 1043/1025/1 1025/1026/1
f 1092/1027/2 1024/1028/2 1049/1029/2
f 548/1030/2 564/1031/2 623/1032/2
f 118/1036/3 140/1037/3 104/1038/3
f 1093/1039/2 1062/1040/2 1051/1041/2
f 740/1045/2 695/1046/2 713/1047/2
f 365/1084/1 328/1085/1 378/1086/1
f 44/1087/3 38/1088/3 29/1089/3
f 9/1090/2 71/1091/2 41/1092/2
f 369/1099/2 359/1100/2 357/1101/2
f 822/1111/5 821/1112/5 815/1113/5
f 18/1156/4 9/1157/4 10/1158/4
f 1018/1229/3 1013/1230/3 1036/1231/3
f 581/1310/5 574/1311/5 528/1312/5
f 605/1357/1 563/1358/1 194/1359/1
f 146/1366/3 246/1367/3 261/1368/3
f 629/1369/5 616/1370/5 613/1371/5
f 1084/1402/2 1053/1403/2 1035/1404/2
f 674/1465/5 684/1466/5 650/1467/5
f 221/1495/2 195/1496/2 262/1497/2
f 732/1514/5 726/1515/5 715/1516/5
f 598/1537/2 945/1538/2 447/1539/2
f 115/1552/2 102/1553/2 88/1554/2
f 784/1614/5 794/1615/5 779/1616/5
f 1049/1728/1 1023/1729/1 1060/1730/1
f 445/1743/1 452/1744/1 410/360/1
f 662/1745/2 717/1746/2 706/1747/2
f 906/1819/5 890/266/5 891/820/5
f 152/1890/1 171/1891/1 144/303/1
f 702/1945/3 716/1946/3 738/1947/3
f 489/2029/2 485/2030/2 469/2031/2
f 110/2052/3 111/2053/3 186/2054/3
f 415/2070/5 393/2071/5 377/2072/5
f 787/2235/2 734/2236/2 735/779/2
f 134/2275/1 106/2276/1 119/2277/1
f 830/2312/5 882/822/5 872/2313/5
f 825/2322/2 797/2323/2 796/778/2
f 736/2336/2 718/2337/2 719/2338/2
f 547/2356/2 526/2357/2 492/2358/2
f 252/2371/2 223/2372/2 176/2373/2
f 115/850/1 99/2397/1 98/2398/1
f 152/2461/2 524/2462/2 523/2463/2
f 803/787/2 804/2527/2 793/788/2
f 942/2588/1 645/2589/1 598/2590/1
f 500/2622/2 488/2623/2 480/2624/2
f 189/2653/2 163/2654/2 162/2655/2
f 44/2734/4 53/2735/4 43/2736/4
f 126/2770/3 92/2771/3 79/2772/3
f 352/2786/1 343/2787/1 208/2788/1
f 311/2945/2 309/2946/2 319/2947/2
f 540/465/5 542/3044/5 549/3045/5
f 56/3097/5 22/3098/5 10/3099/5
f 836/3100/5 808/3101/5 782/3102/5
f 11/3103/4 2/3104/4 8/3105/4
f 966/3121/5 934/3122/5 967/3123/5
f 538/366/2 562/3216/2 530/3217/2
f 50/3235/5 33/3236/5 26/3237/5
f 1131/3242/2 1119/3243/2 1117/3244/2
f 1119/3243/2 1090/3245/2 1070/3246/2
f 1114/649/5 1118/3247/5 1130/3248/5
f 1118/3247/5 1082/3249/5 1101/3250/5
f 1054/3251/2 1088/3252/2 1109/3253/2
f 2579/2477/5 1142/2476/5 1134/3254/5
f 2580/3255/5 1118/3247/5 1134/3254/5
f 2581/3256/9 1043/3257/9 2583/3258/9
f 1062/3259/2 2583/3260/2 1051/3260/2
f 5/1/1 6/3264/1 7/2/1
f 12/4/1 13/3265/1 5/5/1
f 13/7/2 15/3266/2 14/8/2
f 14/13/4 16/184/4 6/14/4
f 775/16/5 778/610/5 774/17/5
f 19/19/4 15/107/4 13/20/4
f 20/24/1 25/3268/1 26/22/1
f 26/22/1 16/3269/1 14/3270/1
f 15/23/1 19/3271/1 20/24/1
f 26/22/1 14/3270/1 15/23/1
f 29/28/2 28/3273/2 21/29/2
f 21/31/4 22/3274/4 30/32/4
f 21/34/3 28/3275/3 31/35/3
f 31/35/3 17/3276/3 18/36/3
f 18/36/3 22/3277/3 21/34/3
f 24/37/5 33/3236/5 32/38/5
f 31/40/4 28/3278/4 29/41/4
f 39/46/1 40/3281/1 36/47/1
f 37/49/4 26/3282/4 25/50/4
f 36/52/1 37/3283/1 34/53/1
f 62/64/5 61/3292/5 60/65/5
f 46/67/3 58/3293/3 65/68/3
f 64/70/4 48/3294/4 46/71/4
f 70/73/1 69/3295/1 68/74/1
f 57/79/3 80/3299/3 84/80/3
f 65/82/4 58/3300/4 57/83/4
f 84/88/4 80/3308/4 78/89/4
f 81/91/4 85/3309/4 94/92/4
f 465/3310/1 478/3311/1 483/3312/1
f 493/3313/5 499/3314/5 498/3315/5
f 465/3310/5 483/3312/5 493/3313/5
f 404/3316/5 415/2070/5 465/3310/5
f 354/1015/5 377/2072/5 393/2071/5
f 404/3316/5 465/3310/5 493/3313/5
f 347/3317/5 354/1015/5 393/2071/5
f 404/3316/5 493/3313/5 498/3315/5
f 327/1016/5 347/3317/5 393/2071/5
f 393/2071/1 404/3316/1 498/3315/1
f 498/3315/5 511/3318/5 510/3319/5
f 403/3320/2 376/3321/2 346/3322/2
f 498/3315/5 510/3319/5 403/3320/5
f 327/1016/2 393/2071/2 498/3315/2
f 306/3323/5 318/1017/5 327/1016/5
f 290/344/5 291/3324/5 306/3323/5
f 290/344/5 306/3323/5 327/1016/5
f 327/1016/5 498/3315/5 403/3320/5
f 346/3322/5 326/3325/5 289/3326/5
f 327/1016/5 403/3320/5 346/3322/5
f 276/3327/2 290/344/2 327/1016/2
f 219/3328/5 232/3329/5 249/3330/5
f 276/3327/5 327/1016/5 346/3322/5
f 219/3328/5 249/3330/5 276/3327/5
f 161/3331/5 175/3332/5 173/96/5
f 219/3328/5 276/3327/5 346/3322/5
f 154/3333/5 161/3331/5 173/96/5
f 173/96/5 219/3328/5 346/3322/5
f 289/3326/5 245/3334/5 218/3335/5
f 173/96/5 346/3322/5 289/3326/5
f 122/3336/5 154/3333/5 173/96/5
f 92/3337/5 124/3338/5 122/3336/5
f 55/3339/5 56/3097/5 76/3340/5
f 76/3340/5 92/3337/5 122/3336/5
f 173/96/5 289/3326/5 218/3335/5
f 76/3340/5 122/3336/5 173/96/5
f 75/95/5 55/3339/5 76/3340/5
f 186/94/5 111/3341/5 75/95/5
f 173/96/5 218/3335/5 186/94/5
f 75/95/5 76/3340/5 173/96/5
f 96/97/2 95/460/2 86/98/2
f 98/100/4 88/3342/4 87/101/4
f 224/105/2 256/421/2 257/103/2
f 257/103/2 208/3343/2 207/104/2
f 72/106/4 101/3344/4 69/107/4
f 1065/110/2 1115/3345/2 1116/108/2
f 1116/108/2 1080/3346/2 1074/109/2
f 1074/109/2 1073/3347/2 1065/110/2
f 106/111/4 107/3348/4 91/112/4
f 110/114/2 109/3349/2 77/115/2
f 77/120/4 75/3355/4 111/121/4
f 1008/3356/2 1019/3357/2 990/123/2
f 990/123/2 977/3358/2 969/124/2
f 969/124/2 937/3359/2 935/3360/2
f 989/125/2 988/3361/2 1008/3356/2
f 969/124/2 935/3360/2 989/125/2
f 989/125/2 1008/3356/2 990/123/2
f 112/129/4 109/3363/4 110/130/4
f 130/135/4 104/3366/4 115/136/4
f 118/138/4 131/3367/4 117/139/4
f 132/141/4 119/3368/4 105/142/4
f 4/144/4 7/680/4 3/145/4
f 125/147/4 123/3369/4 121/148/4
f 124/150/4 126/3370/4 137/151/4
f 142/153/1 143/3371/1 134/154/1
f 42/156/1 40/3372/1 39/157/1
f 153/159/2 152/3373/2 142/160/2
f 154/167/1 122/3375/1 121/3376/1
f 135/165/1 160/3377/1 161/166/1
f 154/167/1 121/3376/1 135/165/1
f 1/3379/3 3/3380/3 10/171/3
f 10/171/3 9/3381/3 8/172/3
f 2/173/3 1/3379/3 10/171/3
f 181/174/4 169/3382/4 166/175/4
f 170/177/4 182/198/4 168/178/4
f 107/3383/1 134/3384/1 145/3385/1
f 107/3383/5 145/3385/5 159/3386/5
f 42/3387/5 52/3388/5 91/3389/5
f 91/3389/5 107/3383/5 159/3386/5
f 172/180/5 184/3390/5 216/3391/5
f 91/3389/5 159/3386/5 172/180/5
f 50/3235/5 42/3387/5 91/3389/5
f 116/3392/5 100/3393/5 72/3394/5
f 72/3394/5 50/3235/5 91/3389/5
f 172/180/5 216/3391/5 210/3395/5
f 116/3392/5 72/3394/5 91/3389/5
f 151/3396/5 141/3397/5 118/182/5
f 118/182/5 116/3392/5 91/3389/5
f 172/180/5 210/3395/5 191/3398/5
f 170/181/5 167/3399/5 151/3396/5
f 172/180/5 191/3398/5 170/181/5
f 118/182/5 91/3389/5 172/180/5
f 170/181/5 151/3396/5 118/182/5
f 183/183/4 184/3400/4 172/184/4
f 151/3401/1 167/3402/1 168/186/1
f 168/186/1 131/653/1 118/187/1
f 141/185/1 151/3401/1 168/186/1
f 193/188/2 194/3403/2 183/189/2
f 182/3404/5 226/3405/5 206/3406/5
f 205/3407/5 240/230/5 239/232/5
f 168/331/5 182/3404/5 206/3406/5
f 206/3406/5 205/3407/5 239/232/5
f 206/3406/5 239/232/5 203/252/5
f 178/193/5 168/331/5 206/3406/5
f 147/3408/5 149/3409/5 178/193/5
f 247/3410/5 155/3411/5 156/192/5
f 156/192/5 147/3408/5 178/193/5
f 178/193/5 206/3406/5 203/252/5
f 178/193/5 203/252/5 201/328/5
f 199/327/5 247/3410/5 156/192/5
f 178/193/5 201/328/5 200/191/5
f 200/191/1 199/327/1 156/192/1
f 77/196/3 74/926/3 53/194/3
f 53/194/3 54/3412/3 55/195/3
f 55/195/3 75/3413/3 77/196/3
f 212/197/4 194/200/4 193/198/4
f 215/197/6 214/3414/6 213/199/6
f 206/3406/5 226/3405/5 273/1020/5
f 271/201/5 284/1019/5 282/3415/5
f 206/3406/5 273/1020/5 271/201/5
f 240/230/1 205/3407/1 206/3406/1
f 255/254/5 238/231/5 248/203/5
f 248/203/2 240/230/2 206/3406/2
f 271/201/5 282/3415/5 268/202/5
f 268/202/5 255/254/5 248/203/5
f 248/203/5 206/3406/5 271/201/5
f 566/3416/3 637/3417/3 635/3418/3
f 566/3416/3 635/3418/3 565/3419/3
f 558/3420/3 566/3416/3 565/3419/3
f 558/3420/3 565/3419/3 556/3421/3
f 537/3422/3 558/3420/3 556/3421/3
f 537/3422/3 556/3421/3 535/3423/3
f 494/3424/3 537/3422/3 535/3423/3
f 494/3424/3 535/3423/3 531/3425/3
f 367/3426/3 494/3424/3 531/3425/3
f 367/3426/3 531/3425/3 512/3427/3
f 330/3428/3 367/3426/3 512/3427/3
f 330/3428/3 512/3427/3 513/3429/3
f 292/3430/3 330/3428/3 513/3429/3
f 292/3430/3 513/3429/3 499/3431/3
f 264/3432/3 292/3430/3 499/3431/3
f 264/3432/3 499/3431/3 493/3433/3
f 247/3434/3 264/3432/3 493/3433/3
f 247/3434/3 493/3433/3 483/3435/3
f 122/3436/3 137/3437/3 155/206/3
f 155/206/3 247/3434/3 483/3435/3
f 155/206/3 483/3435/3 465/3438/3
f 154/3439/3 122/3436/3 155/206/3
f 161/3440/3 154/3439/3 155/206/3
f 155/206/3 465/3438/3 415/3441/3
f 155/206/3 415/3441/3 377/3442/3
f 175/3443/3 161/3440/3 155/206/3
f 233/3444/3 175/3443/3 155/206/3
f 155/206/3 377/3442/3 354/3445/3
f 155/206/3 354/3445/3 318/3446/3
f 250/3447/3 233/3444/3 155/206/3
f 278/3448/3 250/3447/3 155/206/3
f 155/206/3 318/3446/3 306/204/3
f 291/205/3 278/3448/3 155/206/3
f 216/207/5 228/3449/5 225/208/5
f 230/220/3 217/3451/3 218/213/3
f 218/213/3 245/3452/3 244/214/3
f 231/215/3 230/220/3 218/213/3
f 231/215/3 244/214/3 243/219/3
f 47/221/4 49/3454/4 68/3455/4
f 62/222/4 59/3456/4 45/223/4
f 47/221/4 68/3455/4 62/222/4
f 663/224/2 662/1745/2 661/3457/2
f 653/225/2 649/546/2 647/397/2
f 663/224/2 661/3457/2 653/225/2
f 702/3458/2 717/1746/2 663/224/2
f 653/225/2 647/397/2 654/226/2
f 654/226/2 702/3458/2 663/224/2
f 240/230/5 248/203/5 238/231/5
f 605/235/5 652/351/5 651/233/5
f 651/233/2 643/3460/2 612/234/2
f 612/234/5 604/3461/5 605/235/5
f 237/3469/5 201/328/5 203/252/5
f 203/252/5 238/231/5 254/253/5
f 254/253/5 292/3470/5 264/326/5
f 251/251/5 237/3469/5 203/252/5
f 254/253/5 264/326/5 251/251/5
f 5/258/2 4/3472/2 1/259/2
f 890/266/5 917/3488/5 915/3489/5
f 915/3489/5 914/3490/5 902/3491/5
f 915/3489/5 902/3491/5 904/264/5
f 886/3492/5 889/3493/5 890/266/5
f 894/265/5 892/3494/5 886/3492/5
f 890/266/5 915/3489/5 904/264/5
f 894/265/5 886/3492/5 890/266/5
f 245/267/3 289/3495/3 288/268/3
f 350/3496/5 342/3497/5 315/322/5
f 320/321/5 340/3498/5 331/3499/5
f 320/321/5 331/3499/5 330/3500/5
f 330/3500/5 292/3470/5 254/253/5
f 254/253/5 268/202/5 282/3415/5
f 254/253/5 282/3415/5 281/3501/5
f 320/321/5 330/3500/5 254/253/5
f 315/322/5 320/321/5 254/253/5
f 254/253/5 281/3501/5 295/3502/5
f 299/1018/5 302/3503/5 316/270/5
f 315/322/5 254/253/5 295/3502/5
f 295/3502/5 299/1018/5 316/270/5
f 433/548/5 409/707/5 412/3504/5
f 433/548/5 412/3504/5 387/271/5
f 315/322/5 295/3502/5 316/270/5
f 350/3496/5 315/322/5 316/270/5
f 316/270/5 433/548/5 387/271/5
f 363/272/5 350/3496/5 316/270/5
f 338/3517/2 337/3518/2 332/282/2
f 332/282/2 298/3519/2 294/3520/2
f 294/3520/2 280/3521/2 253/3522/2
f 253/3522/2 235/3523/2 202/3524/2
f 332/282/2 294/3520/2 253/3522/2
f 332/282/2 253/3522/2 202/3524/2
f 332/282/2 202/3524/2 188/3525/2
f 177/3526/2 180/3527/2 167/3528/2
f 167/3528/2 151/3529/2 141/3530/2
f 141/3530/2 118/3531/2 116/3532/2
f 100/3533/2 72/3534/2 70/3535/2
f 167/3528/2 141/3530/2 116/3532/2
f 116/3532/2 100/3533/2 70/3535/2
f 116/3532/2 70/3535/2 66/3536/2
f 177/3526/2 167/3528/2 116/3532/2
f 188/3525/2 177/3526/2 116/3532/2
f 188/3525/2 116/3532/2 66/3536/2
f 188/3525/2 66/3536/2 67/3537/2
f 67/3537/2 47/3538/2 45/3539/2
f 81/283/2 79/3540/2 92/3541/2
f 67/3537/2 45/3539/2 81/283/2
f 332/282/2 188/3525/2 67/3537/2
f 332/282/2 67/3537/2 81/283/2
f 81/283/2 92/3541/2 124/3542/2
f 124/3542/2 154/3543/2 161/3544/2
f 175/3545/1 233/3546/1 250/3547/1
f 124/3542/2 161/3544/2 175/3545/2
f 362/3548/2 349/3549/2 341/3550/2
f 411/3551/2 386/3552/2 362/3548/2
f 402/3553/2 411/3551/2 362/3548/2
f 362/3548/2 341/3550/2 338/3517/2
f 402/3553/2 362/3548/2 338/3517/2
f 416/3554/2 406/3555/2 400/3556/2
f 400/3556/2 402/3553/2 338/3517/2
f 416/3554/2 400/3556/2 338/3517/2
f 430/3557/2 420/3558/2 421/3559/2
f 421/3559/2 416/3554/2 338/3517/2
f 421/3559/5 338/3517/5 332/282/5
f 442/3560/2 430/3557/2 421/3559/2
f 439/3561/2 442/3560/2 421/3559/2
f 81/283/2 124/3542/2 175/3545/2
f 175/3545/2 250/3547/2 196/3562/2
f 175/3545/2 196/3562/2 197/3563/2
f 439/3561/2 421/3559/2 332/282/2
f 471/3564/2 470/3565/2 449/3566/2
f 490/3567/2 471/3564/2 449/3566/2
f 466/3568/2 482/3569/2 490/3567/2
f 415/3570/2 465/3571/2 466/3568/2
f 354/3572/1 377/3573/1 415/3570/1
f 354/3572/2 415/3570/2 466/3568/2
f 466/3568/2 490/3567/2 449/3566/2
f 466/3568/2 449/3566/2 439/3561/2
f 318/3574/2 354/3572/2 466/3568/2
f 306/3575/2 318/3574/2 466/3568/2
f 306/3575/2 466/3568/2 439/3561/2
f 236/284/2 278/3576/2 291/3577/2
f 291/3577/2 306/3575/2 439/3561/2
f 81/283/2 175/3545/2 197/3563/2
f 81/283/2 197/3563/2 198/3578/2
f 291/3577/2 439/3561/2 332/282/2
f 81/283/2 198/3578/2 236/284/2
f 236/284/2 291/3577/2 332/282/2
f 104/296/2 140/3584/2 142/3585/2
f 133/3586/2 132/3587/2 103/294/2
f 104/296/2 142/3585/2 133/3586/2
f 89/295/2 102/3588/2 104/296/2
f 104/296/2 133/3586/2 103/294/2
f 348/310/3 353/3452/3 314/297/3
f 314/297/3 288/213/3 289/298/3
f 289/298/3 326/309/3 325/299/3
f 325/299/3 348/310/3 314/297/3
f 335/300/2 334/3589/2 321/301/2
f 144/303/1 159/3590/1 145/304/1
f 326/309/3 346/3604/3 348/310/3
f 1078/3605/1 1081/3606/1 1083/312/1
f 1083/312/1 1042/3607/1 1041/3608/1
f 1083/312/1 1041/3608/1 1050/313/1
f 1061/311/1 1078/3605/1 1083/312/1
f 104/3609/1 130/3610/1 165/314/1
f 165/314/1 166/3611/1 153/3612/1
f 165/314/1 153/3612/1 150/315/1
f 140/316/1 104/3609/1 165/314/1
f 89/3613/1 103/3614/1 105/3615/1
f 90/317/1 91/3616/1 52/318/1
f 89/3613/1 105/3615/1 90/317/1
f 52/318/1 51/435/1 73/319/1
f 73/319/1 89/3613/1 90/317/1
f 315/322/2 342/3497/2 361/320/2
f 361/320/5 339/3617/5 320/321/5
f 237/3469/5 251/251/5 264/326/5
f 264/326/5 247/3410/5 199/327/5
f 199/327/5 200/191/5 201/328/5
f 201/328/5 237/3469/5 264/326/5
f 147/3408/5 156/192/5 155/3411/5
f 155/3411/5 137/3618/5 126/329/5
f 126/329/5 94/3619/5 85/3620/5
f 85/3620/5 60/65/5 61/3292/5
f 61/3292/5 62/64/5 68/3621/5
f 69/3622/5 101/3623/5 117/330/5
f 61/3292/5 68/3621/5 69/3622/5
f 126/329/5 85/3620/5 61/3292/5
f 147/3408/5 155/3411/5 126/329/5
f 168/331/5 178/193/5 149/3409/5
f 149/3409/5 147/3408/5 126/329/5
f 126/329/5 61/3292/5 69/3622/5
f 117/330/5 131/3624/5 168/331/5
f 126/329/5 69/3622/5 117/330/5
f 168/331/5 149/3409/5 126/329/5
f 949/332/4 962/3625/4 959/333/4
f 233/345/1 250/3647/1 278/3648/1
f 278/3648/5 291/3324/5 290/344/5
f 290/344/5 276/3327/5 249/3330/5
f 232/3329/2 219/3328/2 173/96/2
f 290/344/1 249/3330/1 232/3329/1
f 233/345/5 278/3648/5 290/344/5
f 173/96/5 175/3332/5 233/345/5
f 290/344/5 232/3329/5 173/96/5
f 407/346/5 423/3649/5 422/347/5
f 652/351/5 755/3650/5 765/3651/5
f 772/3652/5 782/3102/5 781/3653/5
f 765/3651/5 772/3652/5 781/3653/5
f 781/3653/5 771/3654/5 763/3655/5
f 763/3655/5 742/3656/5 732/1514/5
f 728/349/5 710/3657/5 689/3658/5
f 781/3653/5 763/3655/5 732/1514/5
f 728/349/5 689/3658/5 681/3659/5
f 765/3651/5 781/3653/5 732/1514/5
f 728/349/5 681/3659/5 668/350/5
f 765/3651/1 732/1514/1 728/349/1
f 668/350/5 651/233/5 652/351/5
f 652/351/5 765/3651/5 728/349/5
f 410/360/2 413/3662/2 322/358/2
f 322/358/2 301/3663/2 287/3664/2
f 287/3664/2 296/3665/2 300/3666/2
f 300/3666/1 310/3667/1 334/3668/1
f 334/3668/2 359/1100/2 371/3669/2
f 300/3666/2 334/3668/2 371/3669/2
f 322/358/2 287/3664/2 300/3666/2
f 397/3670/2 408/3671/2 410/360/2
f 401/3672/2 397/3670/2 410/360/2
f 322/358/2 300/3666/2 371/3669/2
f 382/359/2 401/3672/2 410/360/2
f 322/358/2 371/3669/2 382/359/2
f 424/361/2 410/360/2 418/362/2
f 522/364/2 534/3673/2 533/3674/2
f 515/365/2 539/3675/2 538/366/2
f 522/364/2 533/3674/2 515/365/2
f 303/369/5 552/496/5 551/495/5
f 551/495/5 563/497/5 605/235/5
f 605/235/5 604/3461/5 592/3676/5
f 605/235/5 592/3676/5 594/3677/5
f 551/495/5 605/235/5 594/3677/5
f 583/3678/2 550/3679/2 546/3680/2
f 551/495/5 594/3677/5 583/3678/5
f 345/719/5 313/3681/5 303/369/5
f 351/3682/5 345/719/5 303/369/5
f 551/495/5 583/3678/5 546/3680/5
f 463/3683/5 455/3684/5 456/3685/5
f 551/495/5 546/3680/5 463/3683/5
f 374/3686/5 351/3682/5 303/369/5
f 385/3687/5 389/3688/5 390/368/5
f 390/368/5 374/3686/5 303/369/5
f 551/495/5 463/3683/5 456/3685/5
f 551/495/2 456/3685/2 435/418/2
f 425/3689/5 385/3687/5 390/368/5
f 551/495/5 435/418/5 426/367/5
f 426/367/5 425/3689/5 390/368/5
f 303/369/5 551/495/5 426/367/5
f 288/373/2 314/3711/2 305/3712/2
f 242/374/2 229/3713/2 230/375/2
f 288/373/2 305/3712/2 242/374/2
f 230/375/5 243/3714/5 288/373/5
f 614/378/3 692/3715/3 690/3716/3
f 690/3716/3 700/637/3 699/376/3
f 699/376/3 631/3717/3 632/377/3
f 632/377/3 624/3718/3 614/378/3
f 614/378/3 690/3716/3 699/376/3
f 453/379/2 452/3719/2 445/380/2
f 461/394/5 473/3724/5 472/395/5
f 479/3725/5 488/2623/5 500/2622/5
f 500/2622/2 536/3726/2 636/3727/2
f 636/3727/2 646/3728/2 702/3458/2
f 702/3458/2 654/226/2 647/397/2
f 647/397/2 649/546/2 626/545/2
f 647/397/2 626/545/2 596/398/2
f 636/3727/2 702/3458/2 647/397/2
f 500/2622/2 636/3727/2 647/397/2
f 458/3729/2 480/2624/2 479/3725/2
f 487/3730/2 459/555/2 458/3729/2
f 539/3675/2 532/914/2 516/3731/2
f 487/3730/2 458/3729/2 479/3725/2
f 487/3730/2 479/3725/2 500/2622/2
f 557/399/2 539/3675/2 516/3731/2
f 516/3731/2 487/3730/2 500/2622/2
f 597/3732/2 602/3733/2 590/440/2
f 590/440/2 575/3734/2 573/3735/2
f 573/3735/2 562/3216/2 570/508/2
f 571/507/2 560/506/2 568/505/2
f 573/3735/2 570/508/2 571/507/2
f 597/3732/2 590/440/2 573/3735/2
f 596/398/2 597/3732/2 573/3735/2
f 573/3735/2 571/507/2 568/505/2
f 573/3735/2 568/505/2 569/504/2
f 596/398/2 573/3735/2 569/504/2
f 557/399/2 516/3731/2 500/2622/2
f 596/398/2 569/504/2 557/399/2
f 557/399/2 500/2622/2 647/397/2
f 527/400/5 518/466/5 519/401/5
f 508/415/5 507/3782/5 506/416/5
f 435/418/5 456/3685/5 455/3684/5
f 434/419/5 425/3689/5 426/367/5
f 435/418/5 455/3684/5 434/419/5
f 267/420/2 269/3783/2 257/103/2
f 256/421/2 252/2371/2 266/422/2
f 267/420/2 257/103/2 256/421/2
f 907/3785/1 924/3786/1 925/3787/1
f 907/3785/1 925/3787/1 848/3788/1
f 898/3789/1 907/3785/1 848/3788/1
f 898/3789/1 848/3788/1 818/3790/1
f 858/3791/1 898/3789/1 818/3790/1
f 858/3791/1 818/3790/1 753/3792/1
f 847/3793/1 858/3791/1 753/3792/1
f 847/3793/1 753/3792/1 669/3794/1
f 835/3795/1 847/3793/1 669/3794/1
f 835/3795/1 669/3794/1 644/3796/1
f 817/3797/1 835/3795/1 644/3796/1
f 817/3797/1 644/3796/1 462/3798/1
f 808/3799/1 817/3797/1 462/3798/1
f 808/3799/1 462/3798/1 433/3800/1
f 799/3801/1 808/3799/1 433/3800/1
f 799/3801/1 433/3800/1 316/3802/1
f 781/3803/1 799/3801/1 316/3802/1
f 781/3803/1 316/3802/1 302/3804/1
f 771/3805/1 781/3803/1 302/3804/1
f 771/3805/1 302/3804/1 273/3806/1
f 763/3807/1 771/3805/1 273/3806/1
f 226/426/1 182/3808/1 170/3809/1
f 763/3807/1 273/3806/1 226/426/1
f 742/3810/1 763/3807/1 226/426/1
f 226/426/1 170/3809/1 191/3811/1
f 226/426/1 191/3811/1 210/3812/1
f 727/3813/1 742/3810/1 226/426/1
f 726/3814/1 727/3813/1 226/426/1
f 226/426/1 210/3812/1 225/3815/1
f 226/426/1 225/3815/1 241/3816/1
f 715/3817/1 726/3814/1 226/426/1
f 710/3818/1 715/3817/1 226/426/1
f 226/426/1 241/3816/1 259/3819/1
f 226/426/1 259/3819/1 272/3820/1
f 689/3821/1 710/3818/1 226/426/1
f 681/3822/1 689/3821/1 226/426/1
f 226/426/1 272/3820/1 283/3823/1
f 226/426/1 283/3823/1 324/3824/1
f 668/3825/1 681/3822/1 226/426/1
f 651/3826/1 668/3825/1 226/426/1
f 226/426/1 324/3824/1 344/3827/1
f 226/426/1 344/3827/1 372/3828/1
f 643/3829/1 651/3826/1 226/426/1
f 612/3830/1 643/3829/1 226/426/1
f 226/426/1 372/3828/1 385/3831/1
f 226/426/1 385/3831/1 425/3832/1
f 592/3833/1 612/3830/1 226/426/1
f 583/3834/1 592/3833/1 226/426/1
f 226/426/1 425/3832/1 434/3835/1
f 226/426/1 434/3835/1 455/3836/1
f 550/3837/1 583/3834/1 226/426/1
f 546/428/1 550/3837/1 226/426/1
f 226/426/1 455/3836/1 463/427/1
f 515/435/2 521/3840/2 520/436/2
f 590/440/2 602/3733/2 601/3841/2
f 610/438/2 620/3842/2 619/439/2
f 590/440/2 601/3841/2 610/438/2
f 1066/3843/3 1089/3844/3 1087/3845/3
f 1066/3843/3 1087/3845/3 1064/441/3
f 1037/3846/3 1039/3847/3 1047/443/3
f 1047/443/3 1066/3843/3 1064/441/3
f 1046/442/3 1037/3846/3 1047/443/3
f 525/447/5 528/3848/5 527/448/5
f 158/3853/2 223/2372/2 204/3854/2
f 179/3855/5 164/3856/5 138/3857/5
f 158/3853/2 204/3854/2 179/3855/2
f 96/97/2 127/3858/2 139/461/2
f 139/461/2 158/3853/2 179/3855/2
f 138/3857/2 129/3859/2 114/459/2
f 139/461/2 179/3855/2 138/3857/2
f 95/460/2 96/97/2 139/461/2
f 98/3860/2 86/98/2 95/460/2
f 139/461/2 138/3857/2 114/459/2
f 114/459/2 98/3860/2 95/460/2
f 527/400/5 541/3861/5 540/465/5
f 974/3862/3 979/3863/3 985/467/3
f 985/467/3 973/3864/3 961/468/3
f 961/468/3 959/3865/3 962/3866/3
f 963/469/3 974/3862/3 985/467/3
f 961/468/3 962/3866/3 963/469/3
f 586/3868/3 614/378/3 624/3718/3
f 624/3718/3 632/377/3 631/3717/3
f 623/3869/3 584/904/3 585/3870/3
f 624/3718/3 631/3717/3 623/3869/3
f 577/3871/3 586/3868/3 624/3718/3
f 391/475/3 403/528/3 510/3872/3
f 510/3872/3 577/3871/3 624/3718/3
f 624/3718/3 623/3869/3 585/3870/3
f 576/473/3 564/905/3 554/3873/3
f 510/3872/3 624/3718/3 585/3870/3
f 576/473/3 554/3873/3 492/3874/3
f 510/3872/3 585/3870/3 576/473/3
f 375/474/3 392/3875/3 391/475/3
f 391/475/3 510/3872/3 576/473/3
f 576/473/3 492/3874/3 375/474/3
f 42/476/4 41/3876/4 51/477/4
f 988/3361/2 989/125/2 935/3360/2
f 1008/3356/1 988/3361/1 935/3360/1
f 984/3890/2 1001/3891/2 1000/3892/2
f 1000/3892/2 1008/3356/2 935/3360/2
f 984/3890/2 1000/3892/2 935/3360/2
f 973/3893/2 985/3894/2 984/3890/2
f 933/3895/2 946/3896/2 965/3897/2
f 965/3897/2 973/3893/2 984/3890/2
f 965/3897/2 984/3890/2 935/3360/2
f 901/3898/2 918/3899/2 933/3895/2
f 933/3895/2 965/3897/2 935/3360/2
f 901/3898/2 933/3895/2 935/3360/2
f 870/3900/2 867/3901/2 875/3902/2
f 875/3902/2 901/3898/2 935/3360/2
f 875/3902/2 935/3360/2 937/3359/2
f 876/3903/2 870/3900/2 875/3902/2
f 893/3904/2 877/3905/2 876/3903/2
f 903/811/2 895/3906/2 893/3904/2
f 911/3907/2 903/811/2 893/3904/2
f 893/3904/2 876/3903/2 875/3902/2
f 875/3902/2 937/3359/2 969/124/2
f 969/124/2 977/3358/2 970/3908/2
f 969/124/2 970/3908/2 920/487/2
f 911/3907/2 893/3904/2 875/3902/2
f 910/488/2 911/3907/2 875/3902/2
f 938/3909/2 939/972/2 941/3910/2
f 941/3910/2 940/3911/2 922/3912/2
f 922/3912/2 888/3913/2 896/813/2
f 922/3912/2 896/813/2 905/3914/2
f 938/3909/2 941/3910/2 922/3912/2
f 938/3909/2 922/3912/2 905/3914/2
f 938/3909/2 905/3914/2 916/812/2
f 920/487/2 938/3909/2 916/812/2
f 910/488/2 875/3902/2 969/124/2
f 920/487/2 916/812/2 910/488/2
f 930/492/3 873/3917/3 860/832/3
f 860/832/3 849/3918/3 931/493/3
f 931/493/3 951/3919/3 966/3920/3
f 966/3920/3 964/3921/3 949/3922/3
f 947/494/3 960/3923/3 965/3924/3
f 931/493/3 966/3920/3 949/3922/3
f 947/494/3 965/3924/3 946/3925/3
f 931/493/3 949/3922/3 947/494/3
f 930/492/3 860/832/3 931/493/3
f 947/494/3 946/3925/3 930/492/3
f 559/501/5 567/3928/5 566/502/5
f 1015/515/6 1016/3931/6 1013/516/6
f 35/518/2 34/3932/2 25/519/2
f 578/521/5 587/3933/5 586/522/5
f 1075/526/5 1080/3346/5 1116/108/5
f 1116/108/2 1117/3244/2 1079/524/2
f 1079/524/2 1071/3934/2 1068/525/2
f 1068/525/2 1073/3347/2 1076/532/2
f 1075/526/2 1116/108/2 1079/524/2
f 1068/525/2 1076/532/2 1075/526/2
f 391/475/3 392/3875/3 376/527/3
f 1074/109/2 1080/3346/2 1075/526/2
f 631/539/2 630/3943/2 625/540/2
f 84/3944/2 93/3945/2 113/3946/2
f 97/542/2 128/3947/2 127/3858/2
f 84/3944/2 113/3946/2 97/542/2
f 65/543/2 82/3948/2 84/3944/2
f 64/3949/2 63/3950/2 65/543/2
f 83/99/2 86/98/2 64/3949/2
f 97/542/2 127/3858/2 96/97/2
f 83/99/2 64/3949/2 65/543/2
f 97/542/2 96/97/2 83/99/2
f 65/543/2 84/3944/2 97/542/2
f 649/546/2 658/3951/2 659/3952/2
f 640/544/2 628/3953/2 626/545/2
f 649/546/2 659/3952/2 640/544/2
f 491/3954/5 484/3955/5 467/3956/5
f 467/3956/5 440/3957/5 443/3958/5
f 467/3956/5 443/3958/5 450/708/5
f 472/395/5 491/3954/5 467/3956/5
f 460/396/5 472/395/5 467/3956/5
f 460/396/5 467/3956/5 450/708/5
f 433/548/5 462/3959/5 461/394/5
f 460/396/5 450/708/5 432/547/5
f 433/548/5 461/394/5 460/396/5
f 432/547/5 409/707/5 433/548/5
f 636/549/4 630/3960/4 633/550/4
f 635/552/4 637/3213/4 648/553/4
f 379/3961/2 458/3729/2 459/555/2
f 459/555/2 487/3730/2 489/2029/2
f 459/555/2 489/2029/2 469/2031/2
f 395/3962/2 378/1086/2 379/3961/2
f 453/3963/2 451/3964/2 448/557/2
f 448/557/2 395/3962/2 379/3961/2
f 459/555/2 469/2031/2 468/3965/2
f 468/3965/2 486/3966/2 474/556/2
f 474/556/2 452/1744/2 453/3963/2
f 448/557/2 379/3961/2 459/555/2
f 474/556/2 453/3963/2 448/557/2
f 459/555/2 468/3965/2 474/556/2
f 506/402/5 519/401/5 501/558/5
f 514/3967/5 517/3968/5 537/3969/5
f 505/3970/5 506/402/5 501/558/5
f 514/3967/5 537/3969/5 494/559/5
f 496/3971/5 505/3970/5 501/558/5
f 501/558/5 514/3967/5 494/559/5
f 495/560/5 496/3971/5 501/558/5
f 376/567/3 375/3974/3 353/568/3
f 655/579/2 665/3984/2 659/580/2
f 730/3985/5 739/3986/5 759/684/5
f 757/685/5 756/3987/5 672/3988/5
f 730/3985/5 759/684/5 757/685/5
f 712/3989/5 720/3990/5 729/3991/5
f 729/3991/1 730/3985/1 757/685/1
f 672/3988/5 673/3992/5 684/1466/5
f 672/3988/5 684/1466/5 703/3993/5
f 729/3991/5 757/685/5 672/3988/5
f 729/3991/5 672/3988/5 703/3993/5
f 729/3991/5 703/3993/5 704/3994/5
f 712/3989/5 729/3991/5 704/3994/5
f 685/3995/5 674/1465/5 675/605/5
f 712/3989/5 704/3994/5 685/3995/5
f 724/3996/5 723/3997/5 722/3998/5
f 685/3995/5 675/605/5 686/604/5
f 712/3989/5 685/3995/5 686/604/5
f 725/3999/5 724/3996/5 722/3998/5
f 722/3998/5 712/3989/5 686/604/5
f 722/3998/5 686/604/5 688/4000/5
f 714/4001/5 725/3999/5 722/3998/5
f 644/4002/5 669/4003/5 714/4001/5
f 641/584/5 629/1369/5 644/4002/5
f 603/4004/5 613/1371/5 616/1370/5
f 641/584/5 644/4002/5 714/4001/5
f 581/1310/5 603/4004/5 616/1370/5
f 580/4005/5 581/1310/5 616/1370/5
f 588/4006/5 579/4007/5 580/4005/5
f 589/4008/5 588/4006/5 580/4005/5
f 580/4005/5 616/1370/5 641/584/5
f 714/4001/5 722/3998/5 688/4000/5
f 677/4009/5 656/4010/5 615/4011/5
f 714/4001/5 688/4000/5 677/4009/5
f 589/4008/5 580/4005/5 641/584/5
f 641/584/5 714/4001/5 677/4009/5
f 677/4009/5 615/4011/5 609/582/5
f 609/582/5 608/4012/5 595/583/5
f 595/583/5 589/4008/5 641/584/5
f 641/584/5 677/4009/5 609/582/5
f 679/594/2 678/4017/2 667/595/2
f 1032/600/1 1033/4023/1 995/4024/1
f 995/4024/1 994/4025/1 1010/4026/1
f 1009/601/1 993/4027/1 992/4028/1
f 1032/600/1 995/4024/1 1010/4026/1
f 1009/601/1 992/4028/1 1028/4029/1
f 1032/600/1 1010/4026/1 1009/601/1
f 1045/4030/1 2582/4031/1 1032/600/1
f 1009/601/1 1028/4029/1 1030/602/1
f 1030/602/1 1045/4030/1 1032/600/1
f 676/603/5 687/4032/5 686/604/5
f 699/608/2 812/4033/2 873/4034/2
f 873/4034/2 930/4035/2 929/4036/2
f 909/4037/2 900/4038/2 866/4039/2
f 873/4034/2 929/4036/2 909/4037/2
f 633/4040/2 631/4041/2 699/608/2
f 699/608/2 873/4034/2 909/4037/2
f 909/4037/2 866/4039/2 859/4042/2
f 859/4042/2 840/4043/2 811/606/2
f 811/606/1 785/4044/1 743/4045/1
f 743/4045/2 738/4046/2 716/4047/2
f 716/4047/1 698/4048/1 683/607/1
f 683/607/1 664/4049/1 633/4040/1
f 699/608/2 909/4037/2 859/4042/2
f 811/606/2 743/4045/2 716/4047/2
f 699/608/2 859/4042/2 811/606/2
f 683/607/2 633/4040/2 699/608/2
f 811/606/2 716/4047/2 683/607/2
f 751/4050/5 770/4051/5 750/4052/5
f 749/4053/5 769/4054/5 780/4055/5
f 751/4050/5 750/4052/5 749/4053/5
f 669/4003/5 753/4056/5 751/4050/5
f 725/3999/5 714/4001/5 669/4003/5
f 730/3985/5 729/3991/5 724/3996/5
f 725/3999/5 669/4003/5 751/4050/5
f 730/3985/5 724/3996/5 725/3999/5
f 739/3986/5 730/3985/5 725/3999/5
f 725/3999/5 751/4050/5 749/4053/5
f 749/4053/5 780/4055/5 779/1616/5
f 786/4057/5 805/4058/5 820/4059/5
f 749/4053/5 779/1616/5 786/4057/5
f 739/3986/5 725/3999/5 749/4053/5
f 778/610/5 775/16/5 748/4060/5
f 748/4060/5 739/3986/5 749/4053/5
f 786/4057/5 820/4059/5 819/609/5
f 748/4060/5 749/4053/5 786/4057/5
f 766/18/2 774/17/2 778/610/2
f 778/610/5 748/4060/5 786/4057/5
f 819/609/5 756/3987/5 757/685/5
f 819/609/5 757/685/5 766/18/5
f 778/610/5 786/4057/5 819/609/5
f 666/596/2 667/595/2 619/439/2
f 620/3842/2 610/438/2 617/4061/2
f 666/596/2 619/439/2 620/3842/2
f 695/1046/2 678/4017/2 679/594/2
f 666/596/2 620/3842/2 617/4061/2
f 694/4062/2 695/1046/2 679/594/2
f 679/594/2 666/596/2 617/4061/2
f 618/611/2 638/4063/2 639/4064/2
f 679/594/2 617/4061/2 618/611/2
f 660/612/2 694/4062/2 679/594/2
f 618/611/2 639/4064/2 660/612/2
f 1056/4067/5 1067/650/5 1066/4068/5
f 1066/4068/5 1047/4069/5 1048/4070/5
f 1048/4070/5 1040/4071/5 1042/620/5
f 1083/4072/5 1103/4073/5 1126/4074/5
f 1056/4067/5 1066/4068/5 1048/4070/5
f 1057/651/5 1056/4067/5 1048/4070/5
f 1083/4072/5 1126/4074/5 1122/4075/5
f 1122/4075/5 1101/3250/5 1082/3249/5
f 1122/4075/5 1082/3249/5 1077/621/5
f 1042/620/5 1083/4072/5 1122/4075/5
f 1057/651/5 1048/4070/5 1042/620/5
f 1058/619/5 1057/651/5 1042/620/5
f 1042/620/5 1122/4075/5 1077/621/5
f 722/631/5 721/2833/5 720/632/5
f 788/639/3 812/833/3 699/376/3
f 700/637/3 690/3716/3 692/3715/3
f 788/639/3 699/376/3 700/637/3
f 744/638/3 790/834/3 788/639/3
f 700/637/3 692/3715/3 744/638/3
f 1072/641/3 1084/4080/3 1088/4081/3
f 1055/642/3 1020/4082/3 1021/4083/3
f 1072/641/3 1088/4081/3 1055/642/3
f 1055/642/3 1021/4083/3 1053/640/3
f 850/793/1 823/4084/1 802/646/1
f 802/646/1 789/4085/1 785/4086/1
f 802/646/1 785/4086/1 811/4087/1
f 861/648/1 850/793/1 802/646/1
f 859/4088/1 866/4089/1 861/648/1
f 802/646/1 811/4087/1 840/647/1
f 840/647/1 859/4088/1 861/648/1
f 1057/651/5 1069/934/5 1114/649/5
f 1114/649/5 1113/4090/5 1099/4091/5
f 1089/4092/5 1066/4068/5 1067/650/5
f 1114/649/5 1099/4091/5 1089/4092/5
f 1067/650/5 1056/4067/5 1057/651/5
f 1114/649/5 1089/4092/5 1067/650/5
f 743/4105/1 785/4086/1 789/4085/1
f 789/4085/1 802/646/1 823/4084/1
f 789/4085/1 823/4084/1 801/4106/1
f 738/4107/1 743/4105/1 789/4085/1
f 701/4108/1 698/4109/1 716/4110/1
f 716/4110/1 738/4107/1 789/4085/1
f 789/4085/1 801/4106/1 791/4111/1
f 789/4085/1 791/4111/1 777/4112/1
f 701/4108/1 716/4110/1 789/4085/1
f 664/4113/1 683/4114/1 691/663/1
f 701/4108/1 789/4085/1 777/4112/1
f 633/4115/1 664/4113/1 691/663/1
f 691/663/1 701/4108/1 777/4112/1
f 691/663/1 777/4112/1 773/4116/1
f 634/4117/1 633/4115/1 691/663/1
f 671/4118/1 634/4117/1 691/663/1
f 691/663/1 773/4116/1 745/661/1
f 693/662/1 671/4118/1 691/663/1
f 955/676/1 944/4127/1 928/677/1
f 761/144/2 760/644/2 737/679/2
f 759/684/5 748/4060/5 766/18/5
f 758/686/2 768/4129/2 767/687/2
f 912/4131/3 934/4132/3 932/4133/3
f 912/4131/3 932/4133/3 908/4134/3
f 884/4135/3 912/4131/3 908/4134/3
f 884/4135/3 908/4134/3 864/4136/3
f 851/4137/3 884/4135/3 864/4136/3
f 851/4137/3 864/4136/3 862/4138/3
f 819/4139/3 851/4137/3 862/4138/3
f 819/4139/3 862/4138/3 850/4140/3
f 756/4141/3 819/4139/3 850/4140/3
f 756/4141/3 850/4140/3 823/4142/3
f 672/4143/3 756/4141/3 823/4142/3
f 672/4143/3 823/4142/3 801/4144/3
f 634/4145/3 648/4146/3 657/692/3
f 657/692/3 672/4143/3 801/4144/3
f 657/692/3 801/4144/3 791/4147/3
f 671/4148/3 634/4145/3 657/692/3
f 693/4149/3 671/4148/3 657/692/3
f 657/692/3 791/4147/3 777/4150/3
f 657/692/3 777/4150/3 773/693/3
f 745/694/3 693/4149/3 657/692/3
f 665/704/2 655/4157/2 653/705/2
f 350/3496/1 363/272/1 387/271/1
f 350/3496/5 387/271/5 412/3504/5
f 361/320/5 342/3497/5 350/3496/5
f 331/3499/5 340/3498/5 339/3617/5
f 361/320/5 350/3496/5 412/3504/5
f 331/3499/5 339/3617/5 361/320/5
f 367/4158/5 330/3500/5 331/3499/5
f 407/4159/5 405/4160/5 368/4161/5
f 368/4161/5 367/4158/5 331/3499/5
f 331/3499/5 361/320/5 412/3504/5
f 409/707/5 432/547/5 450/708/5
f 331/3499/5 412/3504/5 409/707/5
f 407/4159/5 368/4161/5 331/3499/5
f 440/3957/5 436/4162/5 431/709/5
f 407/4159/5 331/3499/5 409/707/5
f 443/3958/5 440/3957/5 431/709/5
f 431/709/5 407/4159/5 409/707/5
f 450/708/5 443/3958/5 431/709/5
f 1046/715/2 1064/4164/2 1087/713/2
f 1087/713/5 1086/4165/5 1036/714/5
f 1036/714/5 1037/4166/5 1046/715/5
f 862/4167/5 864/4168/5 908/4169/5
f 908/4169/5 932/4170/5 931/4171/5
f 931/4171/2 849/4172/2 790/4173/2
f 744/716/2 692/4174/2 614/4175/2
f 931/4171/5 790/4173/5 744/716/5
f 862/4167/5 908/4169/5 931/4171/5
f 850/4176/5 862/4167/5 931/4171/5
f 744/716/2 614/4175/2 586/522/2
f 850/4176/5 931/4171/5 744/716/5
f 791/4177/1 801/4178/1 823/4179/1
f 823/4179/5 850/4176/5 744/716/5
f 744/716/5 586/522/5 587/3933/5
f 578/521/5 577/523/5 510/3319/5
f 578/521/5 510/3319/5 511/3318/5
f 511/3318/5 498/3315/5 499/3314/5
f 499/3314/5 512/4180/5 531/4181/5
f 499/3314/1 531/4181/1 535/4182/1
f 578/521/5 511/3318/5 499/3314/5
f 587/3933/5 578/521/5 499/3314/5
f 587/3933/5 499/3314/5 535/4182/5
f 791/4177/5 823/4179/5 744/716/5
f 773/4183/2 777/4184/2 791/4177/2
f 693/718/2 745/4185/2 773/4183/2
f 634/717/1 671/4186/1 693/718/1
f 565/4187/5 635/4188/5 634/717/5
f 587/3933/5 535/4182/5 556/4189/5
f 556/4189/5 565/4187/5 634/717/5
f 587/3933/5 556/4189/5 634/717/5
f 773/4183/5 791/4177/5 744/716/5
f 693/718/5 773/4183/5 744/716/5
f 744/716/5 587/3933/5 634/717/5
f 228/4190/5 303/369/5 313/3681/5
f 345/719/1 351/3682/1 374/3686/1
f 225/4191/5 228/4190/5 313/3681/5
f 345/719/1 374/3686/1 390/368/1
f 225/4191/5 313/3681/5 345/719/5
f 241/4192/5 225/4191/5 345/719/5
f 345/719/5 390/368/5 389/3688/5
f 372/4193/5 344/4194/5 324/720/5
f 345/719/5 389/3688/5 372/4193/5
f 259/4195/5 241/4192/5 345/719/5
f 324/720/5 283/4196/5 272/721/5
f 272/721/5 259/4195/5 345/719/5
f 345/719/5 372/4193/5 324/720/5
f 60/722/3 85/2757/3 81/723/3
f 81/723/3 45/3295/3 59/73/3
f 43/4215/2 53/4216/2 74/4217/2
f 112/744/2 120/4218/2 185/4219/2
f 43/4215/2 74/4217/2 112/744/2
f 31/746/2 38/4220/2 43/4215/2
f 89/4221/2 73/4222/2 71/1091/2
f 31/746/2 43/4215/2 112/744/2
f 112/744/2 185/4219/2 217/4223/2
f 217/4223/2 230/375/2 229/3713/2
f 229/3713/2 242/374/2 305/3712/2
f 305/3712/2 314/3711/2 353/4224/2
f 353/4224/2 375/4225/2 492/2358/2
f 509/4226/2 526/2357/2 481/4227/2
f 353/4224/2 492/2358/2 509/4226/2
f 305/3712/2 353/4224/2 509/4226/2
f 509/4226/2 481/4227/2 477/4228/2
f 464/4229/1 457/4230/1 427/4231/1
f 509/4226/2 477/4228/2 464/4229/2
f 229/3713/2 305/3712/2 509/4226/2
f 112/744/2 217/4223/2 229/3713/2
f 88/4232/2 89/4221/2 71/1091/2
f 48/4233/2 87/4234/2 88/4232/2
f 57/4235/2 58/4236/2 46/4237/2
f 48/4233/2 88/4232/2 71/1091/2
f 48/4233/5 71/1091/5 31/746/5
f 229/3713/2 509/4226/2 464/4229/2
f 464/4229/2 427/4231/2 364/4238/2
f 364/4238/2 317/4239/2 304/4240/2
f 304/4240/5 286/4241/5 277/4242/5
f 261/4243/1 246/4244/1 220/4245/1
f 277/4242/2 261/4243/2 220/4245/2
f 187/4246/2 174/4247/2 160/4248/2
f 277/4242/5 220/4245/5 187/4246/5
f 464/4229/1 364/4238/1 304/4240/1
f 464/4229/2 304/4240/2 277/4242/2
f 112/744/2 229/3713/2 464/4229/2
f 46/4237/2 48/4233/2 31/746/2
f 78/4249/2 80/4250/2 57/4235/2
f 57/4235/2 46/4237/2 31/746/2
f 112/744/2 464/4229/2 277/4242/2
f 187/4246/5 160/4248/5 135/4251/5
f 112/744/2 277/4242/2 187/4246/2
f 78/4249/2 57/4235/2 31/746/2
f 121/745/2 123/4252/2 78/4249/2
f 112/744/2 187/4246/2 135/4251/2
f 121/745/2 78/4249/2 31/746/2
f 112/744/2 135/4251/2 121/745/2
f 992/749/2 996/4253/2 971/4254/2
f 971/4254/2 952/4255/2 991/747/2
f 991/747/2 1023/4256/2 1022/4257/2
f 1029/748/2 1028/4258/2 992/749/2
f 991/747/2 1022/4257/2 1029/748/2
f 992/749/2 971/4254/2 991/747/2
f 848/756/5 834/4274/5 824/757/5
f 832/4280/5 833/4281/5 829/4282/5
f 832/4280/5 829/4282/5 868/4283/5
f 884/764/5 851/4284/5 852/762/5
f 852/762/5 832/4280/5 868/4283/5
f 874/763/5 885/777/5 884/764/5
f 852/762/5 868/4283/5 874/763/5
f 1010/773/6 1012/4292/6 1011/774/6
f 878/776/1 886/3492/1 892/3494/1
f 892/3494/5 894/265/5 904/264/5
f 902/3491/5 914/3490/5 913/4293/5
f 892/3494/5 904/264/5 902/3491/5
f 872/2313/5 879/4294/5 878/776/5
f 892/3494/5 902/3491/5 913/4293/5
f 871/4295/5 872/2313/5 878/776/5
f 878/776/1 892/3494/1 913/4293/1
f 913/4293/5 912/4296/5 884/764/5
f 913/4293/5 884/764/5 885/777/5
f 868/4283/5 871/4295/5 878/776/5
f 878/776/5 913/4293/5 885/777/5
f 874/763/5 868/4283/5 878/776/5
f 870/3900/2 876/3903/2 877/3905/2
f 877/3905/2 893/3904/2 895/3906/2
f 877/3905/2 895/3906/2 887/4297/2
f 869/4298/2 870/3900/2 877/3905/2
f 865/829/2 854/4299/2 869/4298/2
f 865/829/2 869/4298/2 877/3905/2
f 877/3905/2 887/4297/2 883/4300/2
f 856/4301/2 845/4302/2 825/2322/2
f 865/829/2 877/3905/2 883/4300/2
f 853/4303/2 865/829/2 883/4300/2
f 856/4301/2 825/2322/2 807/4304/2
f 853/4303/2 883/4300/2 856/4301/2
f 844/830/2 853/4303/2 856/4301/2
f 844/830/2 856/4301/2 807/4304/2
f 828/752/2 843/4305/2 842/831/2
f 842/831/2 844/830/2 807/4304/2
f 842/831/2 807/4304/2 796/778/2
f 813/4306/2 828/752/2 842/831/2
f 804/2527/5 813/4306/5 842/831/5
f 804/2527/2 842/831/2 796/778/2
f 776/4307/2 792/4308/2 793/788/2
f 793/788/2 804/2527/2 796/778/2
f 797/2323/2 816/4309/2 787/2235/2
f 776/4307/2 793/788/2 796/778/2
f 796/778/2 797/2323/2 787/2235/2
f 796/778/2 787/2235/2 762/4310/2
f 746/4311/2 776/4307/2 796/778/2
f 758/686/2 747/4312/2 746/4311/2
f 760/780/2 767/687/2 768/4129/2
f 758/686/2 746/4311/2 796/778/2
f 768/4129/2 758/686/2 796/778/2
f 796/778/2 762/4310/2 735/779/2
f 735/779/2 736/2336/2 737/4313/2
f 760/780/2 768/4129/2 796/778/2
f 735/779/2 737/4313/2 760/780/2
f 792/4308/2 918/3899/2 901/3898/2
f 901/3898/1 875/3902/1 867/3901/1
f 867/3901/2 869/4298/2 854/4299/2
f 854/4299/2 842/831/2 843/4305/2
f 854/4299/2 843/4305/2 841/751/2
f 792/4308/2 901/3898/2 867/3901/2
f 867/3901/2 854/4299/2 841/751/2
f 827/750/2 828/752/2 813/4306/2
f 867/3901/2 841/751/2 827/750/2
f 793/788/2 792/4308/2 867/3901/2
f 827/750/2 813/4306/2 803/787/2
f 793/788/2 867/3901/2 827/750/2
f 929/4329/1 948/4330/1 950/4331/1
f 929/4329/1 950/4331/1 932/4332/1
f 909/4333/1 929/4329/1 932/4332/1
f 909/4333/1 932/4332/1 908/4334/1
f 861/648/1 866/4089/1 900/794/1
f 900/794/1 909/4333/1 908/4334/1
f 900/794/1 908/4334/1 864/4335/1
f 850/793/1 861/648/1 900/794/1
f 900/794/1 864/4335/1 862/792/1
f 839/4405/5 958/4406/5 954/4407/5
f 928/450/5 907/452/5 898/4408/5
f 839/4405/5 954/4407/5 928/450/5
f 835/4409/5 836/3100/5 838/810/5
f 838/810/5 839/4405/5 928/450/5
f 928/450/5 898/4408/5 858/4410/5
f 847/809/5 835/4409/5 838/810/5
f 928/450/5 858/4410/5 847/809/5
f 845/4302/2 856/4301/2 883/4300/2
f 883/4300/2 887/4297/2 895/3906/2
f 903/811/2 911/3907/2 910/488/2
f 883/4300/5 895/3906/5 903/811/5
f 888/3913/2 845/4302/2 883/4300/2
f 916/812/2 905/3914/2 896/813/2
f 896/813/2 888/3913/2 883/4300/2
f 903/811/2 910/488/2 916/812/2
f 896/813/2 883/4300/2 903/811/2
f 753/4056/5 818/758/5 824/757/5
f 834/4274/5 848/756/5 925/4417/5
f 751/4050/5 753/4056/5 824/757/5
f 770/4051/1 751/4050/1 824/757/1
f 749/4053/5 750/4052/5 770/4051/5
f 784/1614/1 780/4055/1 769/4054/1
f 769/4054/5 749/4053/5 770/4051/5
f 770/4051/5 824/757/5 834/4274/5
f 919/4418/5 936/907/5 934/3122/5
f 934/3122/5 912/4296/5 913/4293/5
f 934/3122/5 913/4293/5 915/3489/5
f 919/4418/5 934/3122/5 915/3489/5
f 919/4418/5 915/3489/5 917/3488/5
f 921/4419/5 919/4418/5 917/3488/5
f 921/4419/5 917/3488/5 906/1819/5
f 769/4054/5 770/4051/5 834/4274/5
f 795/4420/5 784/1614/5 769/4054/5
f 806/4421/5 795/4420/5 769/4054/5
f 925/4417/5 921/4419/5 906/1819/5
f 891/820/5 890/266/5 889/3493/5
f 925/4417/5 906/1819/5 891/820/5
f 806/4421/5 769/4054/5 834/4274/5
f 855/4422/5 831/4423/5 822/1111/5
f 822/1111/5 806/4421/5 834/4274/5
f 834/4274/5 925/4417/5 891/820/5
f 889/3493/5 886/3492/5 878/776/5
f 822/1111/5 834/4274/5 891/820/5
f 855/4422/5 822/1111/5 891/820/5
f 891/820/5 889/3493/5 878/776/5
f 878/776/5 879/4294/5 880/821/5
f 880/821/5 881/4424/5 882/822/5
f 882/822/5 855/4422/5 891/820/5
f 891/820/5 878/776/5 880/821/5
f 842/831/2 854/4299/2 865/829/2
f 865/829/2 853/4303/2 844/830/2
f 790/834/3 849/3918/3 860/832/3
f 860/832/3 873/3917/3 812/833/3
f 812/833/3 788/639/3 790/834/3
f 940/838/4 926/4434/4 923/839/4
f 928/841/4 944/848/4 925/842/4
f 933/844/4 929/4435/4 930/845/4
f 932/847/4 934/4436/4 951/848/4
f 86/849/1 87/4437/1 48/850/1
f 953/855/2 957/1820/2 956/856/2
f 956/858/4 945/889/4 943/859/4
f 959/861/2 961/4441/2 960/862/2
f 962/867/5 949/956/5 964/868/5
f 971/879/4 957/894/4 953/880/4
f 958/888/4 972/4463/4 955/889/4
f 965/893/4 960/4467/4 961/894/4
f 964/898/4 966/939/4 974/899/4
f 105/901/2 119/4469/2 106/902/2
f 576/473/3 585/3870/3 584/904/3
f 995/4470/5 1033/4471/5 1027/4472/5
f 983/4473/5 982/4474/5 978/906/5
f 995/4470/5 1027/4472/5 983/4473/5
f 972/4475/5 999/4476/5 995/4470/5
f 925/4417/5 944/4477/5 955/908/5
f 955/908/5 972/4475/5 995/4470/5
f 995/4470/5 983/4473/5 978/906/5
f 978/906/5 976/4478/5 968/4479/5
f 968/4479/5 967/3123/5 936/907/5
f 936/907/5 919/4418/5 921/4419/5
f 921/4419/5 925/4417/5 955/908/5
f 955/908/5 995/4470/5 978/906/5
f 978/906/5 968/4479/5 936/907/5
f 936/907/5 921/4419/5 955/908/5
f 100/912/1 116/4491/1 117/477/1
f 117/477/1 101/4492/1 72/913/1
f 502/915/2 516/3731/2 532/914/2
f 515/365/2 503/4493/2 502/915/2
f 978/919/5 981/4495/5 975/920/5
f 78/924/3 123/463/3 125/922/3
f 113/923/3 93/352/3 78/924/3
f 77/196/3 109/4496/3 112/925/3
f 985/932/6 979/4504/6 980/4505/6
f 985/932/6 980/4505/6 987/930/6
f 986/931/6 984/4506/6 985/932/6
f 1100/933/5 1118/3247/5 1114/649/5
f 1069/934/5 1057/651/5 1058/619/5
f 1100/933/5 1114/649/5 1069/934/5
f 1077/621/5 1082/3249/5 1100/933/5
f 1069/934/5 1058/619/5 1077/621/5
f 993/935/6 997/4507/6 996/936/6
f 995/898/6 999/4508/6 998/938/6
f 1002/940/6 1003/4509/6 1000/941/6
f 1006/943/6 1007/979/6 1005/944/6
f 217/946/3 185/4510/3 186/947/3
f 983/4473/5 1027/4472/5 1044/4511/5
f 983/4473/5 1044/4511/5 1042/620/5
f 975/951/5 981/4512/5 982/4474/5
f 982/4474/5 983/4473/5 1042/620/5
f 1040/4071/5 1048/4070/5 1047/4069/5
f 982/4474/5 1042/620/5 1040/4071/5
f 967/3123/5 968/4479/5 975/951/5
f 975/951/5 982/4474/5 1040/4071/5
f 1040/4071/5 1047/4069/5 1039/949/5
f 1039/949/5 1038/4513/5 1007/950/5
f 1007/950/5 1006/4514/5 980/4515/5
f 980/4515/5 967/3123/5 975/951/5
f 975/951/5 1040/4071/5 1039/949/5
f 1007/950/5 980/4515/5 975/951/5
f 1043/952/12 2582/4516/12 1045/953/12
f 993/955/2 1009/4517/2 1011/868/2
f 994/957/5 998/4518/5 1012/958/5
f 1014/960/2 1013/4519/2 1003/961/2
f 987/4520/3 980/4521/3 1006/4522/3
f 1004/963/3 1015/4523/3 1014/4524/3
f 987/4520/3 1006/4522/3 1004/963/3
f 1001/4525/3 984/4526/3 986/965/3
f 986/965/3 987/4520/3 1004/963/3
f 1004/963/3 1014/4524/3 1002/964/3
f 1002/964/3 1001/4525/3 986/965/3
f 1005/966/5 1016/4527/5 1015/967/5
f 1018/969/2 1017/338/2 1008/340/2
f 1019/3357/2 1008/3356/2 1017/4528/2
f 1017/4528/2 1018/4529/2 1034/4530/2
f 1020/4531/2 1055/4532/2 1054/3251/2
f 1017/4528/2 1034/4530/2 1020/4531/2
f 990/123/2 1019/3357/2 1017/4528/2
f 920/487/5 970/3908/5 977/3358/5
f 990/123/2 1017/4528/2 1020/4531/2
f 938/3909/2 920/487/2 977/3358/2
f 990/123/2 1020/4531/2 1054/3251/2
f 938/3909/2 977/3358/2 990/123/2
f 952/4255/2 941/3910/2 939/972/2
f 939/972/2 938/3909/2 990/123/2
f 990/123/2 1054/3251/2 1068/525/2
f 1068/525/2 1071/3934/2 1070/3246/2
f 1059/971/2 1060/4533/2 1023/4256/2
f 1068/525/2 1070/3246/2 1059/971/2
f 939/972/2 990/123/2 1068/525/2
f 991/747/2 952/4255/2 939/972/2
f 1059/971/2 1023/4256/2 991/747/2
f 939/972/2 1068/525/2 1059/971/2
f 1031/976/6 1030/4535/6 1028/977/6
f 1027/979/6 1033/4536/6 1032/980/6
f 1035/981/6 1021/4537/6 1020/982/6
f 1038/984/6 1039/4538/6 1037/91/6
f 1022/991/1 1025/4549/1 1031/992/1
f 1024/994/6 1025/1074/6 1022/995/6
f 1043/938/1 1044/4508/1 1027/997/1
f 1042/999/6 1044/1061/6 1043/1000/6
f 1025/1002/2 1045/4550/2 1030/1003/2
f 1026/1005/5 1032/4551/5 2582/1004/5
f 949/1009/6 950/4559/6 948/1010/6
f 354/1015/5 347/3317/5 327/1016/5
f 273/1020/5 302/3503/5 299/1018/5
f 299/1018/5 295/3502/5 281/3501/5
f 284/1019/5 271/201/5 273/1020/5
f 299/1018/5 281/3501/5 284/1019/5
f 370/1021/5 358/4561/5 336/4562/5
f 360/4563/5 383/4564/5 399/4565/5
f 370/1021/5 336/4562/5 360/4563/5
f 427/4566/5 364/4567/5 366/1023/5
f 370/1021/5 360/4563/5 399/4565/5
f 398/4568/5 428/4569/5 427/4566/5
f 380/1022/5 398/4568/5 427/4566/5
f 370/1021/5 399/4565/5 381/4570/5
f 380/1022/5 427/4566/5 366/1023/5
f 370/1021/5 381/4570/5 380/1022/5
f 1025/1026/1 1092/4571/1 1093/4572/1
f 1051/1024/1 1052/4573/1 1043/1025/1
f 1025/1026/1 1093/4572/1 1051/1024/1
f 1049/1029/2 1091/4574/2 1092/1027/2
f 1092/1027/2 1025/4575/2 1024/1028/2
f 625/4576/2 555/4577/2 548/1030/2
f 548/1030/2 547/2356/2 553/4578/2
f 553/4578/2 554/4579/2 564/1031/2
f 564/1031/1 584/4580/1 623/1032/1
f 623/1032/2 625/4576/2 548/1030/2
f 548/1030/13 553/4578/13 564/1031/13
f 118/1036/3 141/4582/3 140/1037/3
f 1093/1039/2 1095/4583/2 1062/1040/2
f 705/4585/2 707/4586/2 718/2337/2
f 733/4587/2 735/779/2 734/2236/2
f 705/4585/2 718/2337/2 733/4587/2
f 713/1047/2 705/4585/2 733/4587/2
f 733/4587/2 734/2236/2 740/1045/2
f 695/1046/2 694/4062/2 708/4588/2
f 713/1047/2 733/4587/2 740/1045/2
f 695/1046/2 708/4588/2 713/1047/2
f 448/557/2 451/3964/2 444/4662/2
f 448/557/2 444/4662/2 441/4663/2
f 378/1086/2 395/3962/2 448/557/2
f 329/4664/2 379/3961/2 378/1086/2
f 333/4665/2 319/2947/2 328/1085/2
f 328/1085/2 329/4664/2 378/1086/2
f 378/1086/2 448/557/2 441/4663/2
f 429/4666/5 394/4667/5 397/3670/5
f 378/1086/2 441/4663/2 429/4666/2
f 335/4668/2 333/4665/2 328/1085/2
f 357/1101/2 356/4669/2 335/4668/2
f 355/4670/2 357/1101/2 335/4668/2
f 378/1086/2 429/4666/2 397/3670/2
f 397/3670/2 396/4671/2 369/1099/2
f 397/3670/2 369/1099/2 365/1084/2
f 355/4670/2 335/4668/2 328/1085/2
f 378/1086/2 397/3670/2 365/1084/2
f 365/1084/1 355/4670/1 328/1085/1
f 27/4672/3 30/4673/3 44/1087/3
f 44/1087/3 43/4674/3 38/1088/3
f 29/1089/3 27/4672/3 44/1087/3
f 12/4675/2 11/4676/2 8/4677/2
f 9/1090/2 17/4678/2 31/746/2
f 12/4675/2 8/4677/2 9/1090/2
f 20/520/2 19/4679/2 12/4675/2
f 39/4680/2 35/518/2 20/520/2
f 73/4222/2 51/4681/2 41/1092/2
f 41/1092/2 39/4680/2 20/520/2
f 20/520/2 12/4675/2 9/1090/2
f 9/1090/2 31/746/2 71/1091/2
f 71/1091/2 73/4222/2 41/1092/2
f 41/1092/2 20/520/2 9/1090/2
f 369/1099/2 396/4671/2 401/3672/2
f 401/3672/2 382/359/2 371/3669/2
f 359/1100/2 334/3668/2 356/4669/2
f 401/3672/2 371/3669/2 359/1100/2
f 355/4670/2 365/1084/2 369/1099/2
f 369/1099/2 401/3672/2 359/1100/2
f 359/1100/2 356/4669/2 357/1101/2
f 357/1101/2 355/4670/2 369/1099/2
f 822/1111/5 831/4423/5 830/2312/5
f 821/1112/5 814/4696/5 815/1113/5
f 822/1111/5 830/2312/5 821/1112/5
f 18/1156/4 17/4743/4 9/1157/4
f 1036/1231/3 1086/4849/3 1085/4850/3
f 1035/4851/3 1034/4852/3 1018/1229/3
f 1036/1231/3 1085/4850/3 1035/4851/3
f 1007/4853/3 1038/4854/3 1036/1231/3
f 1016/4855/3 1005/4856/3 1007/4853/3
f 1000/4857/3 1003/4858/3 1013/1230/3
f 1016/4855/3 1007/4853/3 1036/1231/3
f 1018/1229/3 1000/4857/3 1013/1230/3
f 1013/1230/3 1016/4855/3 1036/1231/3
f 1036/1231/3 1035/4851/3 1018/1229/3
f 462/3959/5 644/4002/5 629/1369/5
f 613/1371/1 603/4004/1 581/1310/1
f 462/3959/5 629/1369/5 613/1371/5
f 473/3724/5 461/394/5 462/3959/5
f 462/3959/5 613/1371/5 581/1310/5
f 423/4914/5 431/709/5 436/4162/5
f 405/4160/5 417/4915/5 422/4916/5
f 422/4916/5 423/4914/5 436/4162/5
f 405/4160/5 422/4916/5 436/4162/5
f 367/4158/5 368/4161/5 405/4160/5
f 495/560/5 494/559/5 367/4158/5
f 367/4158/5 405/4160/5 436/4162/5
f 367/4158/5 436/4162/5 440/3957/5
f 525/4917/5 507/4918/5 508/4919/5
f 543/4920/5 544/4921/5 528/1312/5
f 574/1311/5 543/4920/5 528/1312/5
f 367/4158/5 440/3957/5 467/3956/5
f 367/4158/5 467/3956/5 484/3955/5
f 549/3045/5 542/3044/5 561/4922/5
f 495/560/5 367/4158/5 484/3955/5
f 496/3971/5 495/560/5 484/3955/5
f 496/3971/5 484/3955/5 491/3954/5
f 508/4919/5 496/3971/5 491/3954/5
f 508/4919/5 491/3954/5 473/3724/5
f 525/4917/5 508/4919/5 473/3724/5
f 579/4007/5 549/3045/5 561/4922/5
f 579/4007/5 561/4922/5 572/4923/5
f 580/4005/5 579/4007/5 572/4923/5
f 580/4005/5 572/4923/5 574/1311/5
f 525/4917/5 473/3724/5 462/3959/5
f 528/1312/5 525/4917/5 462/3959/5
f 581/1310/5 580/4005/5 574/1311/5
f 528/1312/5 462/3959/5 581/1310/5
f 945/4964/1 956/4965/1 957/4966/1
f 957/4966/1 971/4967/1 996/4968/1
f 997/4969/1 1011/4970/1 1012/4971/1
f 957/4966/1 996/4968/1 997/4969/1
f 945/4964/1 957/4966/1 997/4969/1
f 997/4969/1 1012/4971/1 998/4972/1
f 998/4972/1 999/4973/1 972/4974/1
f 998/4972/1 972/4974/1 958/4975/1
f 945/4964/1 997/4969/1 998/4972/1
f 212/4976/1 213/4977/1 214/4978/1
f 214/4978/1 945/4964/1 998/4972/1
f 214/4978/1 998/4972/1 958/4975/1
f 194/1359/1 212/4976/1 214/4978/1
f 184/4979/1 183/4980/1 194/1359/1
f 216/4981/1 184/4979/1 194/1359/1
f 194/1359/1 214/4978/1 958/4975/1
f 194/1359/1 958/4975/1 839/4982/1
f 228/4983/1 216/4981/1 194/1359/1
f 303/4984/1 228/4983/1 194/1359/1
f 194/1359/1 839/4982/1 755/4985/1
f 194/1359/1 755/4985/1 652/4986/1
f 552/4987/1 303/4984/1 194/1359/1
f 563/1358/1 552/4987/1 194/1359/1
f 194/1359/1 652/4986/1 605/1357/1
f 625/4998/3 630/4999/3 636/5000/3
f 625/4998/3 636/5000/3 536/5001/3
f 555/5002/3 625/4998/3 536/5001/3
f 555/5002/3 536/5001/3 480/5003/3
f 548/5004/3 555/5002/3 480/5003/3
f 548/5004/3 480/5003/3 458/5005/3
f 526/5006/3 548/5004/3 458/5005/3
f 526/5006/3 458/5005/3 379/5007/3
f 481/5008/3 526/5006/3 379/5007/3
f 481/5008/3 379/5007/3 329/5009/3
f 464/5010/3 481/5008/3 329/5009/3
f 464/5010/3 329/5009/3 263/5011/3
f 457/5012/3 464/5010/3 263/5011/3
f 146/1366/3 136/5013/3 121/5014/3
f 457/5012/3 263/5011/3 146/1366/3
f 427/5015/3 457/5012/3 146/1366/3
f 146/1366/3 121/5014/3 135/5016/3
f 146/1366/3 135/5016/3 160/5017/3
f 364/5018/3 427/5015/3 146/1366/3
f 317/5019/3 364/5018/3 146/1366/3
f 146/1366/3 160/5017/3 174/5020/3
f 146/1366/3 174/5020/3 187/5021/3
f 304/5022/3 317/5019/3 146/1366/3
f 286/5023/3 304/5022/3 146/1366/3
f 146/1366/3 187/5021/3 220/5024/3
f 146/1366/3 220/5024/3 234/5025/3
f 277/5026/3 286/5023/3 146/1366/3
f 261/1368/3 277/5026/3 146/1366/3
f 146/1366/3 234/5025/3 246/1367/3
f 629/1369/5 641/584/5 616/1370/5
f 1035/1404/2 1085/5047/2 1084/1402/2
f 1084/1402/1 1072/5048/1 1053/1403/1
f 1053/1403/2 1021/5049/2 1035/1404/2
f 656/4010/5 677/4009/5 688/4000/5
f 688/4000/5 687/4032/5 676/603/5
f 656/4010/5 688/4000/5 676/603/5
f 608/4012/5 609/582/5 615/4011/5
f 615/4011/5 656/4010/5 676/603/5
f 615/4011/5 676/603/5 675/605/5
f 627/5074/5 608/4012/5 615/4011/5
f 599/5075/5 600/5076/5 607/5077/5
f 599/5075/5 607/5077/5 627/5074/5
f 650/1467/5 606/5078/5 599/5075/5
f 672/3988/5 657/5079/5 650/1467/5
f 673/3992/5 672/3988/5 650/1467/5
f 650/1467/5 599/5075/5 627/5074/5
f 615/4011/5 675/605/5 674/1465/5
f 674/1465/5 685/3995/5 704/3994/5
f 704/3994/5 703/3993/5 684/1466/5
f 684/1466/5 673/3992/5 650/1467/5
f 650/1467/5 627/5074/5 615/4011/5
f 674/1465/5 704/3994/5 684/1466/5
f 650/1467/5 615/4011/5 674/1465/5
f 309/2946/2 311/2945/2 307/5088/2
f 309/2946/2 307/5088/2 308/5089/2
f 285/5090/2 309/2946/2 308/5089/2
f 293/5091/2 297/5092/2 296/3665/2
f 285/5090/2 308/5089/2 293/5091/2
f 146/5093/2 263/5094/2 262/1497/2
f 262/1497/2 285/5090/2 293/5091/2
f 296/3665/2 287/3664/2 279/5095/2
f 262/1497/2 293/5091/2 296/3665/2
f 157/5096/2 148/5097/2 146/5093/2
f 162/2655/2 163/2654/2 157/5096/2
f 222/5098/2 189/2653/2 195/1496/2
f 162/2655/2 157/5096/2 146/5093/2
f 221/1495/2 222/5098/2 195/1496/2
f 195/1496/2 162/2655/2 146/5093/2
f 262/1497/2 296/3665/2 279/5095/2
f 262/1497/2 279/5095/2 265/5099/2
f 195/1496/2 146/5093/2 262/1497/2
f 262/1497/2 265/5099/2 221/1495/2
f 710/3657/5 728/349/5 732/1514/5
f 732/1514/5 742/3656/5 727/5103/5
f 732/1514/5 727/5103/5 726/1515/5
f 715/1516/5 710/3657/5 732/1514/5
f 447/1539/2 593/5107/2 598/1537/2
f 598/1537/2 645/5108/2 670/5109/2
f 682/5110/1 697/5111/1 711/5112/1
f 670/5109/1 682/5110/1 711/5112/1
f 711/5112/1 731/5113/1 754/5114/1
f 754/5114/1 764/5115/1 800/5116/1
f 800/5116/2 810/5117/2 826/5118/2
f 826/5118/1 837/5119/1 899/5120/1
f 927/5121/2 943/5122/2 945/1538/2
f 899/5120/2 927/5121/2 945/1538/2
f 945/1538/2 214/5123/2 215/5124/2
f 945/1538/2 215/5124/2 227/5125/2
f 826/5118/2 899/5120/2 945/1538/2
f 754/5114/2 800/5116/2 826/5118/2
f 598/1537/2 670/5109/2 711/5112/2
f 711/5112/4 754/5114/4 826/5118/4
f 945/1538/2 227/5125/2 260/5126/2
f 260/5126/5 275/5127/5 312/5128/5
f 373/5129/1 388/5130/1 414/5131/1
f 945/1538/2 260/5126/2 312/5128/2
f 312/5128/1 373/5129/1 414/5131/1
f 414/5131/1 438/5132/1 447/1539/1
f 598/1537/2 711/5112/2 826/5118/2
f 312/5128/5 414/5131/5 447/1539/5
f 598/1537/2 826/5118/2 945/1538/2
f 945/1538/2 312/5128/2 447/1539/2
f 88/1554/2 99/5136/2 115/1552/2
f 115/1552/2 104/5137/2 102/1553/2
f 784/1614/5 795/4420/5 794/1615/5
f 794/1615/5 786/4057/5 779/1616/5
f 779/1616/5 780/4055/5 784/1614/5
f 1060/1730/1 1090/5277/1 1091/5278/1
f 1049/1728/1 1024/5279/1 1023/1729/1
f 1060/1730/1 1091/5278/1 1049/1728/1
f 474/556/2 486/3966/2 485/2030/2
f 497/5284/2 487/3730/2 502/915/2
f 474/556/2 485/2030/2 497/5284/2
f 497/5284/2 502/915/2 503/4493/2
f 503/4493/2 504/5285/2 520/5286/2
f 520/5286/2 413/3662/2 410/360/2
f 497/5284/2 503/4493/2 520/5286/2
f 474/556/2 497/5284/2 520/5286/2
f 419/363/2 418/362/2 408/3671/2
f 394/4667/2 429/4666/2 441/4663/2
f 419/363/2 408/3671/2 394/4667/2
f 419/363/2 394/4667/2 441/4663/2
f 419/363/2 441/4663/2 444/4662/2
f 424/361/2 419/363/2 444/4662/2
f 424/361/2 444/4662/2 445/1743/2
f 474/556/2 520/5286/2 410/360/2
f 452/1744/1 474/556/1 410/360/1
f 410/360/2 424/361/2 445/1743/2
f 638/4063/2 618/611/2 617/4061/2
f 601/3841/2 597/3732/2 596/398/2
f 638/4063/2 617/4061/2 601/3841/2
f 660/612/2 639/4064/2 638/4063/2
f 713/1047/2 708/4588/2 694/4062/2
f 660/612/5 638/4063/5 601/3841/5
f 705/4585/2 713/1047/2 694/4062/2
f 660/612/2 601/3841/2 596/398/2
f 706/1747/2 705/4585/2 694/4062/2
f 694/4062/2 660/612/2 596/398/2
f 596/398/2 626/545/2 628/3953/2
f 628/3953/4 640/544/4 661/3457/4
f 662/1745/2 663/224/2 717/1746/2
f 596/398/5 628/3953/5 661/3457/5
f 694/4062/2 596/398/2 661/3457/2
f 747/4312/2 719/2338/2 706/1747/2
f 694/4062/2 661/3457/2 662/1745/2
f 717/1746/2 776/4307/2 746/4311/2
f 746/4311/2 747/4312/2 706/1747/2
f 706/1747/2 694/4062/2 662/1745/2
f 717/1746/2 746/4311/2 706/1747/2
f 906/1819/5 917/3488/5 890/266/5
f 152/1890/1 192/5347/1 193/5348/1
f 171/1891/1 172/5349/1 159/3590/1
f 152/1890/1 193/5348/1 171/1891/1
f 144/303/1 142/5350/1 152/1890/1
f 171/1891/1 159/3590/1 144/303/1
f 909/5375/3 929/5376/3 933/5377/3
f 909/5375/3 933/5377/3 918/5378/3
f 900/5379/3 909/5375/3 918/5378/3
f 900/5379/3 918/5378/3 792/5380/3
f 866/5381/3 900/5379/3 792/5380/3
f 866/5381/3 792/5380/3 776/5382/3
f 859/5383/3 866/5381/3 776/5382/3
f 859/5383/3 776/5382/3 717/5384/3
f 840/5385/3 859/5383/3 717/5384/3
f 702/1945/3 646/5386/3 633/5387/3
f 840/5385/3 717/5384/3 702/1945/3
f 811/5388/3 840/5385/3 702/1945/3
f 702/1945/3 633/5387/3 664/5389/3
f 702/1945/3 664/5389/3 683/5390/3
f 785/5391/3 811/5388/3 702/1945/3
f 743/5392/3 785/5391/3 702/1945/3
f 702/1945/3 683/5390/3 698/5393/3
f 702/1945/3 698/5393/3 716/1946/3
f 738/1947/3 743/5392/3 702/1945/3
f 489/2029/2 497/5284/2 485/2030/2
f 485/2030/2 468/3965/2 469/2031/2
f 186/2054/3 185/5459/3 120/5460/3
f 110/2052/3 108/5461/3 111/2053/3
f 186/2054/3 120/5460/3 110/2052/3
f 415/2070/5 404/3316/5 393/2071/5
f 735/779/2 762/4310/2 787/2235/2
f 787/2235/2 740/1045/2 734/2236/2
f 132/5579/1 133/5580/1 134/2275/1
f 134/2275/1 107/5581/1 106/2276/1
f 119/2277/1 132/5579/1 134/2275/1
f 851/4284/5 819/609/5 820/4059/5
f 805/4058/5 786/4057/5 794/1615/5
f 852/762/5 851/4284/5 820/4059/5
f 820/4059/5 805/4058/5 794/1615/5
f 794/1615/5 795/4420/5 806/4421/5
f 806/4421/5 815/1113/5 814/4696/5
f 794/1615/5 806/4421/5 814/4696/5
f 832/4280/5 852/762/5 820/4059/5
f 820/4059/5 794/1615/5 814/4696/5
f 820/4059/5 814/4696/5 821/1112/5
f 833/4281/5 832/4280/5 820/4059/5
f 871/4295/5 868/4283/5 829/4282/5
f 833/4281/5 820/4059/5 821/1112/5
f 872/2313/5 871/4295/5 829/4282/5
f 829/4282/5 833/4281/5 821/1112/5
f 830/2312/5 831/4423/5 855/4422/5
f 829/4282/5 821/1112/5 830/2312/5
f 881/4424/5 880/821/5 872/2313/5
f 872/2313/5 829/4282/5 830/2312/5
f 830/2312/5 855/4422/5 882/822/5
f 882/822/5 881/4424/5 872/2313/5
f 796/778/2 807/4304/2 825/2322/2
f 825/2322/2 816/4309/2 797/2323/2
f 747/4312/2 737/4313/2 736/2336/2
f 736/2336/2 733/4587/2 718/2337/2
f 718/2337/2 707/4586/2 706/1747/2
f 719/2338/2 747/4312/2 736/2336/2
f 718/2337/2 706/1747/2 719/2338/2
f 492/2358/2 554/4579/2 553/4578/2
f 547/2356/2 548/1030/2 526/2357/2
f 492/2358/2 553/4578/2 547/2356/2
f 526/2357/2 509/4226/2 492/2358/2
f 265/5099/2 279/5095/2 287/3664/2
f 287/3664/2 301/3663/2 269/3783/2
f 287/3664/2 269/3783/2 267/420/2
f 222/5098/2 221/1495/2 265/5099/2
f 287/3664/2 267/420/2 266/422/2
f 252/2371/2 256/421/2 224/105/2
f 265/5099/2 287/3664/2 266/422/2
f 252/2371/2 224/105/2 207/104/2
f 265/5099/2 266/422/2 252/2371/2
f 222/5098/2 265/5099/2 252/2371/2
f 207/104/2 208/3343/2 181/5650/2
f 189/2653/6 222/5098/6 252/2371/6
f 157/5096/2 163/2654/2 176/2373/2
f 176/2373/2 189/2653/2 252/2371/2
f 207/104/2 181/5650/2 165/5651/2
f 165/5651/2 130/5652/2 114/459/2
f 129/3859/1 138/3857/1 164/3856/1
f 165/5651/2 114/459/2 129/3859/2
f 136/5653/2 146/5093/2 148/5097/2
f 97/542/2 113/3946/2 125/5654/2
f 207/104/2 165/5651/2 129/3859/2
f 164/3856/2 179/3855/2 204/3854/2
f 207/104/2 129/3859/2 164/3856/2
f 128/3947/2 97/542/2 125/5654/2
f 139/461/2 127/3858/2 128/3947/2
f 128/3947/2 125/5654/2 136/5653/2
f 128/3947/2 136/5653/2 148/5097/2
f 207/104/2 164/3856/2 204/3854/2
f 139/461/2 128/3947/2 148/5097/2
f 158/3853/2 139/461/2 148/5097/2
f 158/3853/2 148/5097/2 157/5096/2
f 207/104/2 204/3854/2 223/2372/2
f 223/2372/2 158/3853/2 157/5096/2
f 223/2372/2 157/5096/2 176/2373/2
f 252/2371/2 207/104/2 223/2372/2
f 98/2398/1 114/851/1 115/850/1
f 99/2397/1 88/5669/1 98/2398/1
f 741/5694/1 752/5695/1 783/5696/1
f 798/5697/1 809/5698/1 846/5699/1
f 783/5696/1 798/5697/1 846/5699/1
f 846/5699/1 857/5700/1 863/5701/1
f 897/5702/2 923/5703/2 926/5704/2
f 783/5696/2 846/5699/2 863/5701/2
f 863/5701/2 897/5702/2 926/5704/2
f 211/5705/2 213/5706/2 212/5707/2
f 863/5701/2 926/5704/2 211/5705/2
f 741/5694/5 783/5696/5 863/5701/5
f 680/5708/1 696/5709/1 709/5710/1
f 709/5710/2 741/5694/2 863/5701/2
f 211/5705/2 212/5707/2 192/5711/2
f 709/5710/2 863/5701/2 211/5705/2
f 642/5712/2 680/5708/2 709/5710/2
f 621/5713/5 642/5712/5 709/5710/5
f 709/5710/2 211/5705/2 192/5711/2
f 152/2461/2 153/5714/2 166/5715/2
f 152/2461/2 166/5715/2 169/5716/2
f 709/5710/2 192/5711/2 152/2461/2
f 622/5717/2 621/5713/2 709/5710/2
f 582/5718/2 591/5719/2 611/5720/2
f 611/5720/1 622/5717/1 709/5710/1
f 152/2461/2 169/5716/2 190/5721/2
f 190/5721/1 209/5722/1 258/5723/1
f 258/5723/1 274/5724/1 323/5725/1
f 323/5725/2 343/5726/2 352/5727/2
f 352/5727/2 384/5728/2 437/5729/2
f 437/5729/1 446/5730/1 454/5731/1
f 476/5732/2 475/5733/2 524/2462/2
f 352/5727/5 437/5729/5 454/5731/5
f 454/5731/1 476/5732/1 524/2462/1
f 258/5723/2 323/5725/2 352/5727/2
f 152/2461/2 190/5721/2 258/5723/2
f 611/5720/2 709/5710/2 152/2461/2
f 529/5734/2 545/5735/2 582/5718/2
f 582/5718/2 611/5720/2 152/2461/2
f 152/2461/2 258/5723/2 352/5727/2
f 152/2461/2 352/5727/2 454/5731/2
f 529/5734/2 582/5718/2 152/2461/2
f 523/2463/2 529/5734/2 152/2461/2
f 152/2461/2 454/5731/2 524/2462/2
f 803/787/2 813/4306/2 804/2527/2
f 926/5848/1 940/5849/1 941/5850/1
f 941/5850/1 952/5851/1 953/5852/1
f 942/2588/1 943/5853/1 927/5854/1
f 941/5850/1 953/5852/1 942/2588/1
f 215/5855/1 211/5856/1 926/5848/1
f 926/5848/1 941/5850/1 942/2588/1
f 942/2588/1 927/5854/1 899/5857/1
f 942/2588/1 899/5857/1 837/5858/1
f 215/5855/1 926/5848/1 942/2588/1
f 227/5859/1 215/5855/1 942/2588/1
f 942/2588/1 837/5858/1 826/5860/1
f 942/2588/1 826/5860/1 810/5861/1
f 260/5862/1 227/5859/1 942/2588/1
f 275/5863/18 260/5862/18 942/2588/18
f 942/2588/1 810/5861/1 800/5864/1
f 942/2588/1 800/5864/1 764/5865/1
f 312/5866/1 275/5863/1 942/2588/1
f 373/5867/1 312/5866/1 942/2588/1
f 942/2588/1 764/5865/1 754/5868/1
f 942/2588/1 754/5868/1 731/5869/1
f 388/5870/19 373/5867/19 942/2588/19
f 414/5871/18 388/5870/18 942/2588/18
f 942/2588/1 731/5869/1 711/5872/1
f 942/2588/1 711/5872/1 697/5873/1
f 438/5874/19 414/5871/19 942/2588/19
f 447/5875/1 438/5874/1 942/2588/1
f 942/2588/1 697/5873/1 682/5876/1
f 942/2588/1 682/5876/1 670/5877/1
f 593/5878/1 447/5875/1 942/2588/1
f 598/2590/1 593/5878/1 942/2588/1
f 942/2588/1 670/5877/1 645/2589/1
f 480/2624/2 536/3726/2 500/2622/2
f 488/2623/2 479/3725/2 480/2624/2
f 162/2655/2 195/1496/2 189/2653/2
f 189/2653/2 176/2373/2 163/2654/2
f 44/2734/4 54/5950/4 53/2735/4
f 79/2772/3 94/5963/3 126/2770/3
f 126/2770/3 124/5964/3 92/2771/3
f 888/5975/1 922/5976/1 923/5977/1
f 888/5975/1 923/5977/1 897/5978/1
f 845/5979/1 888/5975/1 897/5978/1
f 845/5979/1 897/5978/1 863/5980/1
f 825/5981/1 845/5979/1 863/5980/1
f 825/5981/1 863/5980/1 857/5982/1
f 816/5983/1 825/5981/1 857/5982/1
f 816/5983/1 857/5982/1 846/5984/1
f 787/5985/1 816/5983/1 846/5984/1
f 787/5985/1 846/5984/1 809/5986/1
f 740/5987/1 787/5985/1 809/5986/1
f 740/5987/1 809/5986/1 798/5988/1
f 695/5989/1 740/5987/1 798/5988/1
f 695/5989/1 798/5988/1 783/5990/1
f 678/5991/1 695/5989/1 783/5990/1
f 678/5991/1 783/5990/1 752/5992/1
f 667/5993/1 678/5991/1 752/5992/1
f 667/5993/1 752/5992/1 741/5994/1
f 619/5995/1 667/5993/1 741/5994/1
f 619/5995/1 741/5994/1 709/5996/1
f 590/5997/1 619/5995/1 709/5996/1
f 590/5997/1 709/5996/1 696/5998/1
f 575/5999/1 590/5997/1 696/5998/1
f 575/5999/1 696/5998/1 680/6000/1
f 530/6001/1 575/5999/1 680/6000/1
f 530/6001/1 680/6000/1 642/6002/1
f 520/6003/1 530/6001/1 642/6002/1
f 520/6003/1 642/6002/1 621/6004/1
f 413/6005/1 520/6003/1 621/6004/1
f 413/6005/1 621/6004/1 611/6006/1
f 322/6007/1 413/6005/1 611/6006/1
f 322/6007/1 611/6006/1 591/6008/1
f 301/6009/1 322/6007/1 591/6008/1
f 301/6009/1 591/6008/1 582/6010/1
f 269/6011/1 301/6009/1 582/6010/1
f 269/6011/1 582/6010/1 545/6012/1
f 257/6013/1 269/6011/1 545/6012/1
f 257/6013/1 545/6012/1 529/6014/1
f 169/6015/1 181/6016/1 208/2788/1
f 208/2788/1 257/6013/1 529/6014/1
f 208/2788/1 529/6014/1 524/6017/1
f 190/6018/1 169/6015/1 208/2788/1
f 209/6019/1 190/6018/1 208/2788/1
f 208/2788/1 524/6017/1 475/6020/1
f 208/2788/1 475/6020/1 454/6021/1
f 258/6022/1 209/6019/1 208/2788/1
f 270/6023/1 258/6022/1 208/2788/1
f 208/2788/1 454/6021/1 446/6024/1
f 208/2788/1 446/6024/1 437/6025/1
f 274/6026/1 270/6023/1 208/2788/1
f 323/6027/1 274/6026/1 208/2788/1
f 208/2788/1 437/6025/1 384/6028/1
f 208/2788/1 384/6028/1 352/2786/1
f 343/2787/1 323/6027/1 208/2788/1
f 319/2947/2 321/6103/2 310/3667/2
f 310/3667/2 300/3666/2 297/5092/2
f 297/5092/2 293/5091/2 308/5089/2
f 297/5092/2 308/5089/2 307/5088/2
f 329/4664/2 328/1085/2 319/2947/2
f 262/1497/2 263/5094/2 329/4664/2
f 309/2946/1 285/5090/1 262/1497/1
f 297/5092/2 307/5088/2 311/2945/2
f 309/2946/2 262/1497/2 329/4664/2
f 310/3667/2 297/5092/2 311/2945/2
f 309/2946/2 329/4664/2 319/2947/2
f 319/2947/2 310/3667/2 311/2945/2
f 606/5078/5 650/1467/5 657/5079/5
f 657/5079/5 648/6139/5 637/6140/5
f 637/6140/5 566/502/5 567/3928/5
f 559/501/5 558/503/5 537/3969/5
f 559/501/5 537/3969/5 517/3968/5
f 517/3968/5 514/3967/5 501/558/5
f 517/3968/5 501/558/5 518/466/5
f 567/3928/5 559/501/5 517/3968/5
f 606/5078/5 657/5079/5 637/6140/5
f 567/3928/5 517/3968/5 518/466/5
f 599/5075/5 606/5078/5 637/6140/5
f 627/5074/2 607/5077/2 600/5076/2
f 599/5075/5 637/6140/5 567/3928/5
f 608/4012/5 627/5074/5 600/5076/5
f 600/5076/5 599/5075/5 567/3928/5
f 567/3928/5 518/466/5 540/465/5
f 541/3861/5 527/400/5 544/4921/5
f 600/5076/5 567/3928/5 540/465/5
f 595/583/5 608/4012/5 600/5076/5
f 588/4006/5 589/4008/5 595/583/5
f 588/4006/5 595/583/5 600/5076/5
f 541/3861/5 544/4921/5 543/4920/5
f 543/4920/5 574/1311/5 572/4923/5
f 572/4923/5 561/4922/5 542/3044/5
f 543/4920/5 572/4923/5 542/3044/5
f 540/465/5 541/3861/5 543/4920/5
f 579/4007/5 588/4006/5 600/5076/5
f 579/4007/5 600/5076/5 540/465/5
f 540/465/5 543/4920/5 542/3044/5
f 549/3045/2 579/4007/2 540/465/2
f 32/38/5 49/6208/5 47/6209/5
f 45/6210/5 81/6211/5 79/6212/5
f 32/38/5 47/6209/5 45/6210/5
f 23/39/5 32/38/5 45/6210/5
f 79/6212/5 92/3337/5 76/3340/5
f 23/39/5 45/6210/5 79/6212/5
f 16/6213/5 26/3237/5 24/37/5
f 23/39/5 79/6212/5 76/3340/5
f 16/6213/5 24/37/5 23/39/5
f 3/6214/5 7/6215/5 6/6216/5
f 6/6216/5 16/6213/5 23/39/5
f 23/39/5 76/3340/5 56/3097/5
f 56/3097/5 55/3339/5 54/6217/5
f 44/6218/5 30/6219/5 22/3098/5
f 56/3097/5 54/6217/5 44/6218/5
f 6/6216/5 23/39/5 56/3097/5
f 10/3099/5 3/6214/5 6/6216/5
f 22/3098/5 18/6220/5 10/3099/5
f 56/3097/5 44/6218/5 22/3098/5
f 10/3099/5 6/6216/5 56/3097/5
f 755/3650/5 839/4405/5 838/810/5
f 836/3100/5 835/4409/5 817/6221/5
f 755/3650/5 838/810/5 836/3100/5
f 772/3652/5 765/3651/5 755/3650/5
f 799/6222/5 781/3653/5 782/3102/5
f 782/3102/5 772/3652/5 755/3650/5
f 836/3100/5 817/6221/5 808/3101/5
f 808/3101/5 799/6222/5 782/3102/5
f 782/3102/5 755/3650/5 836/3100/5
f 11/3103/4 5/6223/4 2/3104/4
f 967/3123/5 980/4515/5 979/6239/5
f 979/6239/5 974/6240/5 966/3121/5
f 966/3121/5 951/6241/5 934/3122/5
f 934/3122/5 936/907/5 967/3123/5
f 967/3123/5 979/6239/5 966/3121/5
f 534/3673/2 522/364/2 538/366/2
f 538/366/2 539/3675/2 557/399/2
f 538/366/2 557/399/2 560/506/2
f 521/6292/2 533/3674/2 534/3673/2
f 538/366/2 560/506/2 562/3216/2
f 521/6292/2 534/3673/2 538/366/2
f 573/3735/2 575/3734/2 530/3217/2
f 530/3217/2 521/6292/2 538/366/2
f 562/3216/2 573/3735/2 530/3217/2
f 40/6314/5 42/3387/5 50/3235/5
f 50/3235/5 72/3394/5 70/6315/5
f 49/6208/5 32/38/5 33/3236/5
f 50/3235/5 70/6315/5 49/6208/5
f 36/6316/5 40/6314/5 50/3235/5
f 26/3237/5 37/6317/5 36/6316/5
f 33/3236/5 24/37/5 26/3237/5
f 50/3235/5 49/6208/5 33/3236/5
f 26/3237/5 36/6316/5 50/3235/5
f 1116/108/2 1115/3345/2 1131/3242/2
f 1131/3242/2 1143/4783/2 1119/3243/2
f 1117/3244/2 1116/108/2 1131/3242/2
f 1079/524/2 1117/3244/2 1119/3243/2
f 1119/3243/2 1123/6319/2 1102/6320/2
f 1090/3245/2 1060/4533/2 1059/971/2
f 1119/3243/2 1102/6320/2 1090/3245/2
f 1071/3934/2 1079/524/2 1119/3243/2
f 1090/3245/2 1059/971/2 1070/3246/2
f 1070/3246/2 1071/3934/2 1119/3243/2
f 1101/3250/5 1122/4075/5 1118/3247/5
f 1118/3247/5 1100/933/5 1082/3249/5
f 1109/3253/2 2578/4784/2 1143/4783/2
f 1143/4783/2 1131/3242/2 1115/3345/2
f 1065/110/2 1068/525/2 1054/3251/2
f 1109/3253/2 1143/4783/2 1115/3345/2
f 1115/3345/2 1065/110/2 1054/3251/2
f 1054/3251/2 1055/4532/2 1088/3252/2
f 1088/3252/2 1098/6321/2 1110/6322/2
f 1109/3253/2 1115/3345/2 1054/3251/2
f 1088/3252/2 1110/6322/2 1109/3253/2
f 1134/3254/5 1142/2476/5 2580/3255/5
f 2580/3255/5 1130/3248/5 1118/3247/5
f 1118/3247/5 1122/4075/5 1134/3254/5
f 2581/3256/20 2582/6323/20 1043/3257/20
f 1062/3259/2 2581/3259/2 2583/3260/2
