{
    "animation": [
        {
            "name": "Root",
            "time": [0.0, 0.6, 0.7667, 0.2333, 0.4],
            "transform": [
                [1.0, 0.0, 0.0, -5e-06, 0.0, 0.0, -1.0, 0.000946, 0.0, 1.0, 0.0, 0.818459, 0.0, 0.0, 0.0, 1.0],
                [1.0, 0.0, 0.0, -5e-06, 0.0, 0.0, -1.0, 0.000946, 0.0, 1.0, 0.0, 0.763972, 0.0, 0.0, 0.0, 1.0],
                [1.0, 0.0, 0.0, -5e-06, 0.0, 0.0, -1.0, 0.000946, 0.0, 1.0, 0.0, 0.818459, 0.0, 0.0, 0.0, 1.0],
                [1.0, 0.0, 0.0, -5e-06, 0.0, 0.0, -1.0, 0.000946, 0.0, 1.0, 0.0, 0.763972, 0.0, 0.0, 0.0, 1.0],
                [1.0, 0.0, 0.0, -5e-06, 0.0, 0.0, -1.0, 0.000946, 0.0, 1.0, 0.0, 0.818459, 0.0, 0.0, 0.0, 1.0]
            ]
        },
        {
            "name": "Thigh_R",
            "time": [0.0, 0.6, 0.7667, 0.1667],
            "transform": [
                [0.962469, 0.133915, 0.23605, 0.124994, 0.05468, -0.947631, 0.314652, -0.002831, 0.265825, -0.289936, -0.919388, -1.2e-05, 0.0, 0.0, 0.0, 1.0],
                [0.979194, 0.144778, 0.142194, 0.124994, 0.013154, -0.744519, 0.667471, -0.002831, 0.202501, -0.651714, -0.730933, -1.2e-05, 0.0, 0.0, 0.0, 1.0],
                [0.939177, 0.06283, 0.337637, 0.124994, 0.142238, -0.966001, -0.215892, -0.002831, 0.312594, 0.250786, -0.916183, -1.2e-05, 0.0, 0.0, 0.0, 1.0],
                [0.962469, 0.133915, 0.23605, 0.124994, 0.05468, -0.947631, 0.314652, -0.002831, 0.265825, -0.289936, -0.919388, -1.2e-05, 0.0, 0.0, 0.0, 1.0]
            ]
        },
        {
            "name": "Leg_R",
            "time": [0.0, 0.2667, 0.6, 0.7667, 0.0833],
            "transform": [
                [1.0, -1e-06, 1e-06, 0.0, -1e-06, 0.303499, 0.952832, 0.37472, -1e-06, -0.952832, 0.303499, 0.0, 0.0, 0.0, 0.0, 1.0],
                [1.0, -1e-06, 1e-06, 0.0, -1e-06, 0.173648, 0.984808, 0.37472, -1e-06, -0.984808, 0.173648, 0.0, 0.0, 0.0, 0.0, 1.0],
                [1.0, 0.0, 1e-06, -0.0, -0.0, 0.939692, 0.34202, 0.37472, -1e-06, -0.34202, 0.939692, -0.0, 0.0, 0.0, 0.0, 1.0],
                [1.0, -0.0, 1e-06, 0.0, -0.0, 0.866025, 0.5, 0.37472, -1e-06, -0.5, 0.866025, -0.0, 0.0, 0.0, 0.0, 1.0],
                [1.0, -1e-06, 1e-06, 0.0, -1e-06, 0.303499, 0.952832, 0.37472, -1e-06, -0.952832, 0.303499, 0.0, 0.0, 0.0, 0.0, 1.0]
            ]
        },
        {
            "name": "Knee_R",
            "time": [0.0, 0.6, 0.7667],
            "transform": [
                [1.0, 0.0, -0.0, 0.0, -0.0, 0.0, -1.0, 0.37472, -0.0, 1.0, 0.0, 0.0, 0.0, 0.0, 0.0, 1.0],
                [1.0, 0.0, -0.0, 0.0, -0.0, 0.0, -1.0, 0.37472, -0.0, 1.0, 0.0, -0.0, 0.0, 0.0, 0.0, 1.0],
                [1.0, 0.0, -0.0, 0.0, -0.0, 0.0, -1.0, 0.37472, -0.0, 1.0, 0.0, 0.0, 0.0, 0.0, 0.0, 1.0]
            ]
        },
        {
            "name": "Thigh_L",
            "time": [0.0, 0.6, 0.7667, 0.1667],
            "transform": [
                [0.996195, -0.016031, 0.085669, -0.125006, -0.022558, -0.99687, 0.07577, -0.002831, 0.084186, -0.077414, -0.993438, -1.2e-05, 0.0, 0.0, 0.0, 1.0],
                [0.996195, -0.043578, 0.075479, -0.125006, -0.022558, -0.965433, -0.259672, -0.002831, 0.084186, 0.256981, -0.962743, -1.2e-05, 0.0, 0.0, 0.0, 1.0],
                [0.996195, 0.022557, 0.084186, -0.125006, -0.022558, -0.86628, 0.499049, -0.002831, 0.084186, -0.499049, -0.862475, -1.2e-05, 0.0, 0.0, 0.0, 1.0],
                [0.996195, -0.016031, 0.085669, -0.125006, -0.022558, -0.99687, 0.07577, -0.002831, 0.084186, -0.077414, -0.993438, -1.2e-05, 0.0, 0.0, 0.0, 1.0]
            ]
        },
        {
            "name": "Leg_L",
            "time": [0.0, 0.25, 0.6, 0.7667, 0.0667, 0.35],
            "transform": [
                [1.0, 0.0, 1e-06, 0.0, -0.0, 0.993459, 0.114189, 0.37472, -1e-06, -0.114189, 0.993459, 0.0, 0.0, 0.0, 0.0, 1.0],
                [1.0, 0.0, 1e-06, 0.0, -0.0, 0.996195, 0.087156, 0.37472, -1e-06, -0.087156, 0.996195, 0.0, 0.0, 0.0, 0.0, 1.0],
                [1.0, 0.0, 1e-06, -0.0, -0.0, 0.866025, 0.5, 0.37472, -1e-06, -0.5, 0.866025, 0.0, 0.0, 0.0, 0.0, 1.0],
                [1.0, -1e-06, 1e-06, -0.0, -0.0, 0.087155, 0.996195, 0.37472, -1e-06, -0.996195, 0.087155, -0.0, 0.0, 0.0, 0.0, 1.0],
                [1.0, 0.0, 1e-06, -0.0, -0.0, 0.939693, 0.34202, 0.37472, -1e-06, -0.34202, 0.939693, -0.0, 0.0, 0.0, 0.0, 1.0],
                [1.0, 0.0, 1e-06, 0.0, -0.0, 0.993459, 0.114189, 0.37472, -1e-06, -0.114189, 0.993459, 0.0, 0.0, 0.0, 0.0, 1.0]
            ]
        },
        {
            "name": "Knee_L",
            "time": [0.0, 0.6, 0.7667],
            "transform": [
                [1.0, 0.0, -0.0, 0.0, -0.0, 0.0, -1.0, 0.37472, -0.0, 1.0, 0.0, 0.0, 0.0, 0.0, 0.0, 1.0],
                [1.0, 0.0, -0.0, -0.0, -0.0, 0.0, -1.0, 0.37472, -0.0, 1.0, 0.0, -0.0, 0.0, 0.0, 0.0, 1.0],
                [1.0, 0.0, -0.0, 0.0, -0.0, 0.0, -1.0, 0.37472, -0.0, 1.0, 0.0, 0.0, 0.0, 0.0, 0.0, 1.0]
            ]
        },
        {
            "name": "Torso",
            "time": [0.0, 0.6, 0.7667, 0.1667],
            "transform": [
                [0.98866, -0.0, -0.150169, 0.0, 0.0, 1.0, -0.0, 0.05, 0.150169, 0.0, 0.98866, 0.0, 0.0, 0.0, 0.0, 1.0],
                [1.0, -0.0, 0.0, 0.0, 0.0, 1.0, -0.0, 0.05, -0.0, 0.0, 1.0, 0.0, 0.0, 0.0, 0.0, 1.0],
                [0.939693, -0.0, -0.34202, 0.0, -0.0, 1.0, -0.0, 0.05, 0.34202, 0.0, 0.939693, 0.0, 0.0, 0.0, 0.0, 1.0],
                [0.98866, -0.0, -0.150169, 0.0, 0.0, 1.0, -0.0, 0.05, 0.150169, 0.0, 0.98866, 0.0, 0.0, 0.0, 0.0, 1.0]
            ]
        },
        {
            "name": "Chest",
            "time": [0.0, 0.6, 0.7667, 0.1667],
            "transform": [
                [0.987118, 0.0, -0.159993, -0.0, -0.0, 1.0, 0.0, 0.3, 0.159993, -0.0, 0.987118, 0.0, 0.0, 0.0, 0.0, 1.0],
                [0.939693, 0.0, -0.34202, -0.0, 0.0, 1.0, 0.0, 0.3, 0.34202, -0.0, 0.939693, 0.0, 0.0, 0.0, 0.0, 1.0],
                [0.996195, 0.0, 0.087156, 0.0, -0.0, 1.0, 0.0, 0.3, -0.087156, -0.0, 0.996195, -0.0, 0.0, 0.0, 0.0, 1.0],
                [0.987118, 0.0, -0.159993, -0.0, -0.0, 1.0, 0.0, 0.3, 0.159993, -0.0, 0.987118, 0.0, 0.0, 0.0, 0.0, 1.0]
            ]
        },
        {
            "name": "Head",
            "time": [0.0, 0.6, 0.7667],
            "transform": [
                [0.939693, 0.0, 0.34202, 0.0, -0.0, 1.0, 0.0, 0.4, -0.34202, -0.0, 0.939693, 0.0, 0.0, 0.0, 0.0, 1.0],
                [0.965926, 0.0, 0.258819, -0.0, -0.0, 1.0, 0.0, 0.4, -0.258819, -0.0, 0.965926, -0.0, 0.0, 0.0, 0.0, 1.0],
                [0.939693, 0.0, 0.34202, 0.0, -0.0, 1.0, 0.0, 0.4, -0.34202, -0.0, 0.939693, 0.0, 0.0, 0.0, 0.0, 1.0]
            ]
        },
        {
            "name": "Shoulder_R",
            "time": [0.0, 0.4667, 0.7667, 0.1667],
            "transform": [
                [-0.270047, 0.884856, 0.37961, 0.0, 0.162471, -0.346727, 0.923788, 0.4, 0.94904, 0.311142, -0.050131, 0.0, 0.0, 0.0, 0.0, 1.0],
                [-0.303205, 0.87405, 0.37961, 0.0, 0.175423, -0.340357, 0.923788, 0.4, 0.936639, 0.34669, -0.050131, 0.0, 0.0, 0.0, 0.0, 1.0],
                [-0.410536, 0.829069, 0.37961, 0.0, 0.216765, -0.315642, 0.923788, 0.4, 0.885705, 0.461535, -0.050131, 0.0, 0.0, 0.0, 0.0, 1.0],
                [-0.270047, 0.884856, 0.37961, 0.0, 0.162471, -0.346727, 0.923788, 0.4, 0.94904, 0.311142, -0.050131, 0.0, 0.0, 0.0, 0.0, 1.0]
            ]
        },
        {
            "name": "Arm_R",
            "time": [0.0, 0.6, 0.7667, 0.1667],