# Blender 4.4.3
# www.blender.org
mtllib voxel_shotogatana_sheath.mtl
o Sheath2
v -0.004808 -0.111272 -0.006000
v -0.004808 -0.098866 -0.006000
v -0.004808 -0.098866 0.006000
v 0.007192 -0.111272 -0.006000
v 0.007192 -0.098866 0.006000
v 0.007192 -0.098866 -0.006000
v -0.017048 -0.098866 -0.006000
v -0.017048 -0.086212 -0.006000
v -0.017048 -0.086212 0.006000
v 0.007192 -0.086212 0.006000
v 0.031192 -0.098866 -0.006000
v 0.031192 -0.086212 0.006000
v 0.031192 -0.086212 -0.006000
v -0.029048 -0.086212 -0.006000
v -0.029048 -0.073806 -0.006000
v -0.029048 -0.073806 0.006000
v 0.043432 -0.086212 -0.006000
v 0.043432 -0.073806 0.006000
v 0.043432 -0.073806 -0.006000
v -0.041048 -0.073806 -0.006000
v 0.055432 -0.073806 -0.006000
v 0.043432 0.025938 0.006000
v 0.055432 0.025938 0.006000
v -0.041048 0.038344 -0.006000
v -0.029048 0.038344 -0.006000
v -0.029048 0.038344 0.006000
v 0.031192 0.038344 -0.006000
v 0.031192 0.038344 0.006000
v 0.043432 0.038344 0.006000
v 0.055432 0.038344 0.006000
v 0.055432 0.038344 -0.006000
v -0.029048 0.050750 -0.006000
v -0.004808 0.050750 -0.006000
v -0.004808 0.050750 0.006000
v 0.019192 0.050750 -0.006000
v 0.019192 0.050750 0.006000
v 0.031192 0.050750 -0.006000
v -0.004808 0.063404 -0.006000
v 0.019192 0.063404 -0.006000
v -0.029048 -0.073806 0.018000
v -0.029048 -0.086212 0.018000
v -0.041048 -0.073806 0.018000
v -0.041048 -0.086212 0.018000
v -0.041048 -0.073806 0.030240
v -0.041048 -0.086212 0.030240
v -0.029048 -0.086212 0.030240
v -0.029048 -0.073806 0.030240
v 0.055432 -0.073806 0.030240
v 0.055432 0.025938 0.030240
v 0.031192 -0.086212 0.042240
v -0.029048 -0.073806 0.042240
v -0.029048 -0.086212 0.042240
v -0.041048 -0.073806 0.042240
v -0.041048 -0.036340 0.042240
v 0.055432 -0.036340 0.042240
v -0.041048 0.000878 0.042240
v -0.041048 0.013532 0.042240
v 0.007192 -0.098866 0.054240
v 0.031192 -0.098866 0.054240
v -0.041048 -0.086212 0.042240
v -0.041048 -0.073806 0.078480
v -0.041048 -0.036340 0.078480
v -0.041048 0.000878 0.054240
v -0.041048 -0.036340 0.054240
v -0.041048 0.038344 0.090480
v -0.041048 0.013532 0.090480
v -0.041048 0.000878 0.078480
v -0.041048 0.013532 0.054240
v -0.029048 0.038344 0.090480
v -0.029048 0.038344 0.066240
v -0.041048 0.038344 0.054240
v -0.029048 0.038344 0.054240
v -0.029048 0.050750 0.054240
v -0.017048 0.038344 0.054240
v -0.017048 0.050750 0.054240
v 0.019192 0.050750 0.054240
v 0.007192 0.050750 0.054240
v 0.007192 0.063404 0.054240
v 0.019192 0.063404 0.054240
v 0.007192 -0.111272 0.090480
v 0.007192 -0.098866 0.090480
v 0.007192 -0.098866 0.078480
v -0.029048 -0.086212 0.090480
v -0.029048 -0.073806 0.090480
v -0.029048 -0.073806 0.078480
v -0.041048 -0.036340 0.066240
v -0.041048 0.000878 0.066240
v 0.055432 -0.023934 0.066240
v 0.055432 -0.011528 0.066240
v 0.055432 0.000878 0.066240
v -0.017048 0.038344 0.066240
v -0.017048 0.050750 0.066240
v -0.041048 -0.086212 0.078480
v -0.029048 -0.086212 0.078480
v 0.055432 -0.036340 0.090480
v -0.029048 0.050750 0.066240
v 0.007192 0.050750 0.078480
v 0.019192 0.050750 0.078480
v 0.007192 0.063404 0.078480
v 0.007192 -0.086212 0.090480
v 0.019192 -0.098866 0.090480
v 0.043432 0.025938 0.090480
v -0.029048 0.050750 0.090480
v -0.017048 0.038344 0.090480
v -0.017048 0.050750 0.090480
v 0.019192 0.063404 0.078480
v 0.019192 -0.111272 0.090480
v 0.055432 -0.036340 0.102480
v -0.041048 -0.061400 0.114480
v -0.029048 -0.073806 0.126720
v -0.029048 -0.086212 0.126720
v -0.041048 -0.073806 0.126720
v -0.004808 -0.211016 0.126720
v -0.004808 -0.198610 0.126720
v -0.004808 -0.211016 0.138720
v 0.019192 -0.211016 0.138720
v 0.019192 -0.211016 0.126720
v 0.019192 -0.198610 0.126720
v 0.007192 -0.211016 0.138720
v 0.019192 -0.198610 0.138720
v -0.004808 -0.173550 0.126720
v -0.004808 -0.173550 0.138720
v 0.019192 -0.173550 0.138720
v 0.019192 -0.173550 0.126720
v -0.004808 -0.161144 0.126720
v -0.004808 -0.161144 0.138720
v 0.019192 -0.161144 0.126720
v 0.019192 -0.161144 0.138720
v -0.004808 -0.148738 0.126720
v -0.004808 -0.148738 0.138720
v 0.007192 -0.148738 0.138720
v 0.019192 -0.148738 0.138720
v 0.019192 -0.148738 0.126720
v -0.041048 -0.086212 0.126720
v -0.004808 -0.223422 0.138720
v -0.004808 -0.223422 0.150720
v 0.019192 -0.223422 0.150720
v 0.019192 -0.223422 0.138720
v 0.007192 -0.211016 0.150720
v 0.019192 -0.211016 0.150720
v -0.017048 -0.211016 0.138720
v 0.019192 -0.198610 0.150720
v -0.017048 -0.185956 0.150720
v -0.004808 -0.185956 0.150720
v 0.019192 -0.185956 0.150720
v 0.031192 -0.198610 0.138720
v 0.031192 -0.198610 0.150720
v 0.031192 -0.185956 0.150720
v -0.017048 -0.173550 0.150720
v -0.004808 -0.173550 0.150720
v 0.019192 -0.161144 0.150720
v 0.031192 -0.161144 0.150720
v 0.031192 -0.161144 0.138720
v -0.017048 -0.148738 0.138720
v -0.017048 -0.148738 0.150720
v -0.004808 -0.148738 0.150720
v -0.004808 -0.136084 0.150720
v 0.007192 -0.136084 0.138720
v 0.007192 -0.136084 0.150720
v 0.019192 -0.136084 0.150720
v 0.019192 -0.136084 0.138720
v -0.004808 -0.123678 0.138720
v -0.004808 -0.123678 0.150720
v 0.007192 -0.123678 0.150720
v 0.007192 -0.123678 0.138720
v -0.004808 -0.111272 0.150720
v 0.007192 -0.111272 0.150720
v -0.041048 0.038344 0.150720
v -0.004808 -0.223422 0.162720
v 0.007192 -0.223422 0.162720
v -0.017048 -0.198610 0.162720
v -0.004808 -0.198610 0.162720
v 0.019192 -0.198610 0.162720
v 0.031192 -0.211016 0.150720
v 0.031192 -0.198610 0.162720
v -0.017048 -0.185956 0.162720
v -0.004808 -0.185956 0.162720
v 0.019192 -0.185956 0.162720
v 0.031192 -0.185956 0.162720
v -0.004808 -0.173550 0.162720
v 0.007192 -0.173550 0.162720
v 0.019192 -0.173550 0.162720
v -0.017048 -0.173550 0.162720
v 0.019192 -0.161144 0.162720
v -0.017048 -0.148738 0.162720
v -0.004808 -0.148738 0.162720
v 0.019192 -0.148738 0.162720
v 0.031192 -0.161144 0.162720
v 0.031192 -0.148738 0.162720
v -0.017048 -0.136084 0.150720
v -0.017048 -0.136084 0.162720
v -0.004808 -0.136084 0.162720
v 0.019192 -0.136084 0.162720
v 0.031192 -0.136084 0.162720
v 0.031192 -0.136084 0.150720
v -0.004808 -0.123678 0.162720
v 0.007192 -0.123678 0.162720
v 0.019192 -0.123678 0.162720
v 0.019192 -0.123678 0.150720
v 0.007192 -0.111272 0.162720
v 0.019192 -0.111272 0.162720
v -0.004808 -0.235828 0.162720
v -0.004808 -0.223422 0.174960
v -0.004808 -0.235828 0.174960
v 0.007192 -0.235828 0.162720
v 0.007192 -0.235828 0.174960
v 0.007192 -0.223422 0.174960
v -0.004808 -0.185956 0.174960
v 0.019192 -0.185956 0.174960
v -0.004808 -0.173550 0.174960
v 0.019192 -0.173550 0.174960
v -0.004808 -0.148738 0.174960
v 0.019192 -0.148738 0.174960
v -0.017048 -0.136084 0.174960
v -0.017048 -0.148738 0.174960
v -0.004808 -0.136084 0.174960
v 0.019192 -0.136084 0.174960
v 0.031192 -0.148738 0.174960
v 0.031192 -0.136084 0.174960
v -0.017048 -0.123678 0.162720
v -0.017048 -0.123678 0.174960
v -0.004808 -0.123678 0.174960
v 0.019192 -0.123678 0.174960
v 0.031192 -0.123678 0.174960
v 0.031192 -0.123678 0.162720
v -0.004808 -0.111272 0.174960
v 0.019192 -0.111272 0.174960
v -0.004808 -0.223422 0.186960
v 0.019192 -0.223422 0.186960
v -0.017048 -0.198610 0.186960
v -0.004808 -0.198610 0.186960
v 0.019192 -0.198610 0.186960
v 0.031192 -0.198610 0.186960
v -0.004808 -0.173550 0.186960
v 0.019192 -0.173550 0.186960
v -0.004808 -0.136084 0.186960
v -0.004808 -0.148738 0.186960
v 0.019192 -0.148738 0.186960
v 0.019192 -0.136084 0.186960
v -0.017048 -0.123678 0.186960
v -0.017048 -0.136084 0.186960
v -0.004808 -0.123678 0.186960
v 0.019192 -0.123678 0.186960
v 0.031192 -0.136084 0.186960
v 0.031192 -0.123678 0.186960
v -0.017048 -0.111272 0.174960
v 0.031192 -0.111272 0.174960
v 0.043432 0.025938 0.186960
v -0.017048 -0.248482 0.186960
v -0.017048 -0.235828 0.198960
v -0.017048 -0.248482 0.198960
v -0.004808 -0.248482 0.198960
v 0.007192 -0.248482 0.186960
v 0.007192 -0.248482 0.198960
v 0.007192 -0.235828 0.198960
v 0.007192 -0.235828 0.186960
v -0.017048 -0.223422 0.186960
v -0.017048 -0.223422 0.198960
v -0.004808 -0.223422 0.198960
v 0.019192 -0.235828 0.198960
v 0.019192 -0.223422 0.198960
v 0.031192 -0.235828 0.186960
v 0.031192 -0.235828 0.198960
v 0.031192 -0.223422 0.198960
v 0.031192 -0.223422 0.186960
v -0.004808 -0.211016 0.198960
v 0.019192 -0.211016 0.198960
v -0.017048 -0.211016 0.198960
v 0.031192 -0.211016 0.198960
v -0.017048 -0.173550 0.186960
v -0.017048 -0.173550 0.198960
v -0.004808 -0.173550 0.198960
v 0.019192 -0.173550 0.198960
v 0.031192 -0.173550 0.198960
v 0.031192 -0.173550 0.186960
v -0.004808 -0.148738 0.198960
v 0.019192 -0.148738 0.198960
v -0.004808 -0.136084 0.198960
v 0.019192 -0.136084 0.198960
v -0.017048 -0.111272 0.198960
v -0.004808 -0.111272 0.198960
v 0.019192 -0.111272 0.198960
v 0.031192 -0.111272 0.198960
v -0.004808 -0.098866 0.198960
v 0.019192 -0.098866 0.198960
v -0.017048 -0.098866 0.198960
v 0.031192 -0.098866 0.198960
v -0.029048 -0.248482 0.198960
v -0.004808 -0.248482 0.210960
v 0.019192 -0.248482 0.210960
v 0.019192 -0.248482 0.198960
v 0.043432 -0.248482 0.198960
v -0.029048 -0.211016 0.198960
v -0.017048 -0.211016 0.210960
v 0.031192 -0.211016 0.210960
v 0.043432 -0.211016 0.198960
v -0.017048 -0.148738 0.198960
v -0.017048 -0.148738 0.210960
v -0.004808 -0.148738 0.210960
v 0.019192 -0.148738 0.210960
v 0.031192 -0.148738 0.210960
v 0.031192 -0.148738 0.198960
v -0.004808 -0.136084 0.210960
v 0.019192 -0.136084 0.210960
v -0.017048 -0.248482 0.223200
v 0.007192 -0.248482 0.210960
v 0.043432 -0.248482 0.223200
v -0.017048 -0.148738 0.223200
v 0.031192 -0.148738 0.223200
v -0.017048 -0.136084 0.210960
v -0.017048 -0.136084 0.223200
v -0.004808 -0.136084 0.223200
v 0.019192 -0.136084 0.223200
v 0.031192 -0.136084 0.223200
v 0.031192 -0.136084 0.210960
v -0.004808 -0.123678 0.223200
v 0.019192 -0.123678 0.223200
v -0.017048 -0.123678 0.223200
v 0.031192 -0.123678 0.223200
v 0.031192 -0.098866 0.223200
v -0.017048 -0.086212 0.223200
v -0.029048 -0.086212 0.223200
v -0.029048 -0.248482 0.235200
v -0.017048 -0.248482 0.235200
v -0.017048 -0.235828 0.235200
v 0.031192 -0.248482 0.235200
v 0.031192 -0.235828 0.235200
v 0.043432 -0.248482 0.235200
v -0.029048 -0.211016 0.235200
v -0.017048 -0.211016 0.235200
v 0.031192 -0.211016 0.235200
v 0.043432 -0.211016 0.235200
v -0.004808 -0.173550 0.235200
v -0.029048 -0.148738 0.223200
v 0.043432 -0.148738 0.223200
v -0.029048 -0.098866 0.235200
v -0.017048 -0.098866 0.235200
v 0.043432 -0.098866 0.223200
v -0.029048 -0.086212 0.235200
v -0.017048 -0.086212 0.235200
v 0.055432 0.000878 0.235200
v -0.017048 -0.248482 0.247200
v -0.004808 -0.248482 0.247200
v -0.004808 -0.235828 0.247200
v 0.019192 -0.248482 0.247200
v 0.019192 -0.235828 0.247200
v 0.007192 -0.235828 0.247200
v 0.031192 -0.248482 0.247200
v 0.019192 -0.211016 0.247200
v 0.007192 -0.211016 0.247200
v -0.004808 -0.173550 0.247200
v 0.007192 -0.173550 0.235200
v 0.007192 -0.173550 0.247200
v -0.017048 -0.161144 0.247200
v -0.004808 -0.161144 0.247200
v 0.007192 -0.161144 0.247200
v 0.019192 -0.161144 0.247200
v 0.031192 -0.161144 0.247200
v -0.041048 -0.023934 0.247200
v -0.029048 0.038344 0.247200
v 0.031192 0.038344 0.259200
v 0.043432 0.025938 0.259200
v -0.004808 -0.235828 0.259200
v -0.004808 -0.248482 0.259200
v 0.007192 -0.235828 0.259200
v 0.019192 -0.248482 0.259200
v 0.007192 -0.211016 0.259200
v 0.019192 -0.211016 0.259200
v 0.055432 -0.036340 0.259200
v -0.041048 -0.023934 0.259200
v -0.041048 -0.011528 0.259200
v 0.055432 -0.011528 0.259200
v 0.055432 0.000878 0.259200
v 0.055432 0.013532 0.259200
v -0.041048 0.038344 0.259200
v -0.029048 0.038344 0.283440
v -0.029048 0.038344 0.259200
v -0.029048 0.025938 0.283440
v 0.019192 0.050750 0.259200
v 0.031192 0.050750 0.259200
v 0.007192 0.050750 0.259200
v 0.007192 0.063404 0.259200
v 0.019192 0.063404 0.259200
v 0.007192 -0.173550 0.271440
v 0.007192 -0.161144 0.271440
v 0.019192 -0.161144 0.271440
v -0.041048 -0.086212 0.271440
v 0.055432 -0.061400 0.271440
v 0.055432 -0.036340 0.271440
v -0.041048 -0.011528 0.271440
v -0.041048 0.013532 0.271440
v -0.041048 0.038344 0.271440
v 0.043432 0.025938 0.271440
v 0.055432 0.025938 0.271440
v 0.031192 0.038344 0.283440
v 0.043432 0.025938 0.283440
v 0.007192 0.050750 0.271440
v 0.031192 0.038344 0.271440
v 0.031192 0.050750 0.271440
v 0.019192 0.050750 0.271440
v 0.007192 0.063404 0.271440
v 0.019192 -0.173550 0.271440
v -0.041048 -0.061400 0.295440
v -0.041048 -0.073806 0.295440
v 0.055432 -0.048994 0.283440
v -0.041048 -0.011528 0.295440
v -0.041048 -0.023934 0.295440
v -0.041048 -0.011528 0.283440
v -0.041048 0.025938 0.283440
v -0.041048 0.038344 0.283440
v 0.019192 0.050750 0.283440
v 0.007192 0.050750 0.283440
v 0.007192 0.063404 0.283440
v 0.019192 0.063404 0.283440
v 0.019192 0.063404 0.271440
v -0.041048 -0.086212 0.295440
v -0.029048 -0.086212 0.295440
v 0.043432 -0.086212 0.295440
v 0.043432 -0.073806 0.295440
v 0.055432 -0.073806 0.295440
v -0.041048 -0.048994 0.295440
v 0.055432 -0.048994 0.295440
v 0.055432 -0.048994 0.307440
v 0.055432 -0.036340 0.307440
v -0.017048 -0.148738 0.307440
v -0.017048 -0.161144 0.307440
v -0.029048 -0.148738 0.307440
v -0.029048 -0.098866 0.307440
v -0.041048 -0.086212 0.307440
v -0.029048 -0.086212 0.307440
v -0.029048 -0.086212 0.319680
v 0.055432 -0.086212 0.295440
v -0.041048 0.000878 0.307440
v -0.041048 0.025938 0.307440
v -0.029048 0.025938 0.307440
v -0.029048 0.038344 0.307440
v 0.031192 0.050750 0.307440
v -0.029048 -0.161144 0.307440
v -0.041048 -0.086212 0.319680
v 0.043432 -0.086212 0.319680
v 0.043432 -0.073806 0.319680
v 0.055432 -0.086212 0.319680
v 0.055432 -0.073806 0.319680
v -0.041048 0.025938 0.319680
v -0.029048 0.025938 0.319680
v -0.041048 0.038344 0.307440
v -0.041048 0.038344 0.319680
v -0.029048 0.038344 0.319680
v 0.019192 0.050750 0.319680
v 0.031192 -0.161144 0.331680
v 0.031192 -0.148738 0.331680
v 0.043432 -0.148738 0.331680
v 0.043432 -0.086212 0.331680
v 0.043432 -0.073806 0.331680
v 0.055432 -0.073806 0.331680
v 0.043432 -0.161144 0.331680
v 0.055432 -0.086212 0.331680
v -0.029048 -0.148738 0.355680
v -0.041048 -0.086212 0.355680
v -0.029048 -0.148738 0.367920
v -0.029048 -0.161144 0.367920
v -0.029048 -0.148738 0.379920
v 0.031192 0.038344 0.379920
v 0.031192 0.050750 0.379920
v -0.029048 -0.098866 0.379920
v -0.017048 -0.098866 0.379920
v -0.017048 -0.086212 0.379920
v -0.029048 -0.086212 0.379920
v -0.029048 -0.098866 0.391920
v -0.017048 -0.098866 0.391920
v -0.029048 -0.086212 0.391920
v -0.017048 -0.086212 0.391920
v 0.055432 -0.048994 0.391920
v -0.004808 -0.161144 0.403920
v -0.004808 -0.173550 0.403920
v -0.017048 -0.161144 0.403920
v 0.007192 0.050750 0.416160
v -0.017048 -0.173550 0.403920
v -0.029048 -0.098866 0.416160
v -0.017048 -0.098866 0.416160
v -0.017048 -0.086212 0.416160
v -0.029048 -0.086212 0.416160
v 0.055432 -0.086212 0.416160
v 0.055432 -0.036340 0.416160
v 0.019192 0.050750 0.416160
v 0.019192 -0.173550 0.428160
v 0.019192 -0.161144 0.428160
v 0.031192 -0.161144 0.428160
v -0.029048 -0.086212 0.440160
v -0.029048 -0.098866 0.440160
v -0.017048 -0.098866 0.440160
v -0.017048 -0.086212 0.440160
v -0.041048 -0.086212 0.428160
v 0.031192 0.038344 0.428160
v -0.004808 0.050750 0.428160
v 0.007192 0.050750 0.440160
v 0.019192 0.050750 0.452160
v 0.031192 0.050750 0.428160
v 0.019192 0.050750 0.428160
v 0.031192 -0.173550 0.428160
v -0.029048 -0.111272 0.440160
v -0.017048 -0.111272 0.440160
v 0.031192 -0.111272 0.440160
v 0.043432 -0.111272 0.440160
v 0.031192 -0.098866 0.440160
v 0.043432 -0.098866 0.440160
v 0.031192 -0.086212 0.440160
v 0.043432 -0.086212 0.440160
v 0.055432 0.025938 0.440160
v -0.004808 0.050750 0.440160
v 0.031192 0.050750 0.440160
v 0.019192 0.050750 0.440160
v -0.004808 0.063404 0.440160
v 0.007192 0.063404 0.440160
v 0.031192 -0.098866 0.452160
v -0.029048 -0.086212 0.464400
v 0.031192 -0.086212 0.464400
v 0.043432 -0.086212 0.464400
v 0.055432 -0.073806 0.452160
v 0.055432 -0.036340 0.452160
v 0.055432 0.000878 0.452160
v -0.029048 0.025938 0.452160
v 0.043432 0.025938 0.452160
v 0.031192 0.038344 0.452160
v 0.007192 0.050750 0.464400
v -0.004808 0.050750 0.464400
v 0.031192 -0.111272 0.464400
v -0.017048 -0.098866 0.464400
v 0.031192 -0.098866 0.464400
v -0.017048 -0.086212 0.464400
v 0.031192 -0.098866 0.488400
v 0.031192 -0.086212 0.488400
v 0.055432 -0.086212 0.476400
v 0.055432 -0.073806 0.476400
v 0.043432 -0.086212 0.476400
v 0.055432 -0.036340 0.476400
v -0.041048 0.013532 0.464400
v -0.041048 0.025938 0.464400
v -0.029048 0.025938 0.464400
v 0.043432 0.025938 0.464400
v 0.055432 0.025938 0.464400
v 0.031192 0.038344 0.464400
v 0.031192 0.050750 0.464400
v -0.017048 -0.098866 0.476400
v -0.029048 -0.098866 0.464400
v -0.029048 -0.086212 0.476400
v -0.029048 -0.098866 0.476400
v -0.017048 -0.086212 0.476400
v 0.031192 -0.086212 0.476400
v 0.043432 0.025938 0.476400
v 0.055432 0.025938 0.476400
v -0.041048 0.025938 0.488400
v -0.029048 0.025938 0.488400
v 0.031192 0.038344 0.476400
v 0.007192 0.050750 0.476400
v 0.031192 0.038344 0.488400
v 0.031192 0.050750 0.476400
v 0.031192 0.050750 0.488400
v -0.017048 -0.161144 0.488400
v -0.017048 -0.173550 0.488400
v -0.004808 -0.173550 0.488400
v -0.004808 -0.161144 0.488400
v 0.019192 -0.173550 0.488400
v 0.019192 -0.161144 0.488400
v 0.031192 -0.173550 0.488400
v 0.031192 -0.161144 0.488400
v 0.031192 -0.111272 0.488400
v -0.041048 -0.086212 0.488400
v 0.055432 -0.086212 0.488400
v 0.055432 -0.073806 0.488400
v -0.041048 -0.048994 0.488400
v -0.041048 0.000878 0.488400
v -0.017048 0.038344 0.488400
v -0.017048 0.050750 0.488400
v 0.007192 0.050750 0.488400
v -0.004808 -0.260888 0.488400
v -0.004808 -0.248482 0.500400
v -0.004808 -0.260888 0.500400
v 0.019192 -0.260888 0.488400
v 0.019192 -0.260888 0.500400
v 0.019192 -0.248482 0.500400
v -0.004808 -0.161144 0.500400
v 0.019192 -0.161144 0.500400
v -0.029048 -0.161144 0.500400
v -0.017048 -0.161144 0.500400
v -0.017048 -0.148738 0.500400
v -0.004808 -0.148738 0.500400
v 0.019192 -0.148738 0.500400
v 0.031192 -0.161144 0.500400
v 0.031192 -0.148738 0.500400
v 0.043432 -0.161144 0.500400
v -0.029048 -0.136084 0.500400
v -0.017048 -0.136084 0.500400
v 0.031192 -0.136084 0.500400
v 0.043432 -0.136084 0.500400
v -0.017048 -0.111272 0.500400
v 0.031192 -0.111272 0.500400
v 0.019192 -0.111272 0.500400
v -0.041048 -0.061400 0.500400
v -0.041048 -0.086212 0.500400
v 0.055432 -0.036340 0.500400
v -0.017048 0.038344 0.500400
v 0.031192 0.038344 0.500400
v -0.017048 0.050750 0.500400
v 0.007192 0.050750 0.500400
v -0.017048 -0.260888 0.500400
v -0.017048 -0.248482 0.512640
v -0.017048 -0.260888 0.512640
v 0.019192 -0.248482 0.512640
v 0.031192 -0.248482 0.500400
v 0.043432 -0.260888 0.500400
v 0.043432 -0.248482 0.500400
v -0.017048 -0.235828 0.512640
v 0.019192 -0.211016 0.512640
v 0.031192 -0.211016 0.500400
v 0.031192 -0.211016 0.512640
v 0.043432 -0.223422 0.500400
v 0.043432 -0.211016 0.500400
v 0.031192 -0.211016 0.524640
v -0.004808 -0.148738 0.512640
v 0.019192 -0.148738 0.512640
v -0.017048 -0.136084 0.512640
v -0.017048 -0.148738 0.512640
v 0.031192 -0.148738 0.512640
v 0.031192 -0.136084 0.512640
v -0.029048 -0.136084 0.512640
v 0.043432 -0.136084 0.512640
v -0.029048 -0.111272 0.512640
v -0.017048 -0.111272 0.512640
v 0.031192 -0.111272 0.512640
v 0.043432 -0.111272 0.512640
v -0.017048 -0.098866 0.512640
v -0.004808 -0.098866 0.512640
v 0.019192 -0.098866 0.512640
v 0.031192 -0.098866 0.512640
v -0.017048 -0.086212 0.512640
v -0.041048 -0.073806 0.500400
v -0.029048 -0.086212 0.512640
v -0.029048 -0.260888 0.512640
v -0.029048 -0.235828 0.512640
v -0.029048 -0.098866 0.512640
v -0.029048 -0.086212 0.524640
v -0.029048 -0.098866 0.524640
v -0.017048 -0.098866 0.524640
v -0.017048 -0.086212 0.524640
v -0.041048 -0.061400 0.524640
v 0.055432 0.025938 0.524640
v 0.031192 -0.211016 0.536640
v -0.017048 -0.198610 0.536640
v -0.004808 -0.198610 0.536640
v 0.019192 -0.211016 0.536640
v -0.004808 -0.185956 0.536640
v -0.017048 -0.161144 0.536640
v -0.004808 -0.161144 0.536640
v -0.004808 -0.148738 0.536640
v 0.007192 -0.161144 0.536640
v 0.019192 -0.148738 0.536640
v -0.004808 -0.136084 0.536640
v 0.019192 -0.136084 0.536640
v 0.043432 0.025938 0.536640
v 0.031192 0.038344 0.536640
v 0.019192 0.038344 0.536640
v 0.019192 0.050750 0.536640
v 0.031192 0.050750 0.536640
v -0.029048 -0.260888 0.548640
v -0.017048 -0.248482 0.548640
v 0.031192 -0.248482 0.548640
v 0.043432 -0.260888 0.548640
v -0.029048 -0.235828 0.548640
v -0.017048 -0.235828 0.548640
v 0.043432 -0.235828 0.548640
v -0.017048 -0.223422 0.548640
v -0.004808 -0.223422 0.548640
v 0.031192 -0.223422 0.548640
v 0.019192 -0.223422 0.536640
v 0.019192 -0.223422 0.548640
v 0.031192 -0.211016 0.548640
v 0.043432 -0.211016 0.548640
v -0.017048 -0.198610 0.548640
v -0.004808 -0.198610 0.548640
v 0.019192 -0.198610 0.548640
v 0.031192 -0.198610 0.548640
v 0.007192 -0.198610 0.536640
v 0.019192 -0.173550 0.548640
v 0.031192 -0.173550 0.548640
v -0.004808 -0.161144 0.548640
v 0.007192 -0.161144 0.548640
v 0.019192 -0.161144 0.548640
v 0.031192 -0.161144 0.548640
v -0.004808 -0.148738 0.548640
v 0.019192 -0.148738 0.548640
v -0.004808 -0.136084 0.548640
v 0.019192 -0.136084 0.548640
v -0.017048 -0.086212 0.548640
v -0.017048 -0.098866 0.548640
v -0.029048 -0.086212 0.548640
v -0.017048 -0.248482 0.560880
v 0.031192 -0.248482 0.560880
v -0.017048 -0.223422 0.560880
v -0.004808 -0.223422 0.560880
v 0.019192 -0.223422 0.560880
v 0.031192 -0.223422 0.560880
v 0.019192 -0.211016 0.560880
v 0.019192 -0.198610 0.560880
v 0.019192 -0.185956 0.560880
v 0.031192 -0.198610 0.560880
v 0.031192 -0.185956 0.560880
v -0.004808 -0.173550 0.560880
v 0.007192 -0.173550 0.560880
v 0.019192 -0.173550 0.560880
v 0.031192 -0.173550 0.560880
v -0.004808 -0.161144 0.560880
v 0.019192 -0.161144 0.560880
v 0.019192 -0.136084 0.560880
v -0.029048 -0.098866 0.548640
v -0.041048 0.025938 0.560880
v 0.019192 0.038344 0.560880
v 0.031192 0.038344 0.560880
v 0.019192 0.050750 0.560880
v 0.019192 -0.198610 0.572880
v 0.031192 -0.211016 0.560880
v 0.031192 -0.198610 0.572880
v -0.004808 -0.185956 0.572880
v 0.007192 -0.185956 0.572880
v 0.019192 -0.185956 0.572880
v 0.031192 -0.185956 0.572880
v -0.004808 -0.173550 0.572880
v 0.007192 -0.173550 0.572880
v -0.004808 -0.148738 0.572880
v 0.019192 -0.148738 0.572880
v 0.019192 -0.111272 0.572880
v -0.029048 -0.086212 0.572880
v -0.029048 -0.098866 0.572880
v -0.017048 -0.098866 0.572880
v -0.017048 -0.086212 0.572880
v 0.031192 0.038344 0.572880
v 0.019192 0.038344 0.572880
v 0.019192 0.050750 0.572880
v 0.031192 0.050750 0.572880
v 0.031192 0.050750 0.560880
v 0.007192 -0.173550 0.584880
v 0.019192 -0.173550 0.584880
v -0.004808 -0.161144 0.572880
v -0.004808 -0.161144 0.584880
v 0.019192 -0.161144 0.572880
v 0.019192 -0.161144 0.584880
v -0.004808 -0.123678 0.584880
v 0.019192 -0.123678 0.584880
v -0.004808 -0.111272 0.584880
v 0.019192 -0.111272 0.584880
v -0.017048 -0.086212 0.584880
v -0.017048 -0.098866 0.584880
v -0.029048 -0.086212 0.584880
v 0.019192 -0.198610 0.596880
v 0.031192 -0.198610 0.596880
v -0.004808 -0.185956 0.596880
v 0.007192 -0.185956 0.596880
v 0.019192 -0.185956 0.596880
v 0.007192 -0.173550 0.596880
v -0.004808 -0.173550 0.584880
v -0.004808 -0.173550 0.596880
v -0.029048 -0.098866 0.584880
v -0.029048 -0.086212 0.596880
v -0.041048 -0.073806 0.596880
v -0.041048 -0.086212 0.596880
v -0.029048 -0.073806 0.596880
v 0.043432 -0.086212 0.596880
v 0.043432 -0.073806 0.596880
v 0.055432 -0.086212 0.596880
v 0.055432 -0.073806 0.596880
v 0.055432 -0.061400 0.596880
v 0.019192 0.038344 0.596880
v 0.031192 0.038344 0.596880
v 0.019192 0.050750 0.596880
v -0.004808 -0.211016 0.609120
v -0.004808 -0.223422 0.609120
v 0.007192 -0.211016 0.609120
v 0.019192 -0.223422 0.609120
v 0.019192 -0.211016 0.609120
v 0.019192 -0.198610 0.609120
v 0.031192 -0.211016 0.609120
v 0.031192 -0.198610 0.609120
v 0.031192 -0.185956 0.596880
v -0.004808 -0.136084 0.609120
v 0.019192 -0.136084 0.609120
v -0.004808 -0.123678 0.609120
v 0.019192 -0.123678 0.609120
v -0.029048 -0.086212 0.609120
v -0.029048 -0.098866 0.609120
v -0.017048 -0.098866 0.609120
v -0.017048 -0.086212 0.609120
v -0.029048 -0.073806 0.609120
v -0.041048 -0.073806 0.609120
v 0.055432 -0.048994 0.609120
v 0.031192 0.038344 0.609120
v 0.019192 0.038344 0.609120
v 0.019192 0.050750 0.609120
v 0.031192 0.050750 0.609120
v 0.031192 0.050750 0.596880
v 0.019192 -0.198610 0.621120
v 0.019192 -0.185956 0.621120
v 0.031192 -0.198610 0.621120
v 0.031192 -0.185956 0.621120
v -0.004808 -0.161144 0.621120
v 0.019192 -0.161144 0.621120
v -0.004808 -0.136084 0.621120
v 0.019192 -0.136084 0.621120
v -0.041048 -0.086212 0.609120
v 0.043432 -0.086212 0.621120
v 0.043432 -0.073806 0.621120
v 0.055432 -0.073806 0.621120
v 0.055432 -0.048994 0.621120
v -0.041048 0.025938 0.621120
v 0.019192 0.038344 0.621120
v 0.031192 0.038344 0.621120
v 0.019192 0.050750 0.621120
v -0.004808 -0.211016 0.633120
v 0.019192 -0.211016 0.633120
v -0.004808 -0.161144 0.633120
v 0.019192 -0.161144 0.633120
v -0.017048 -0.086212 0.633120
v -0.017048 -0.098866 0.633120
v -0.029048 -0.086212 0.633120
v 0.055432 -0.086212 0.621120
v 0.055432 -0.048994 0.633120
v 0.055432 -0.048994 0.645120
v 0.031192 0.050750 0.621120
v -0.029048 -0.098866 0.633120
v -0.029048 -0.086212 0.645120
v -0.029048 -0.098866 0.645120
v -0.017048 -0.098866 0.645120
v -0.017048 -0.086212 0.645120
v 0.043432 0.025938 0.645120
v -0.017048 0.038344 0.645120
v 0.031192 0.038344 0.645120
v -0.017048 0.050750 0.645120
v -0.004808 0.038344 0.645120
v -0.004808 0.050750 0.645120
v 0.019192 0.038344 0.645120
v 0.019192 0.050750 0.645120
v 0.031192 0.050750 0.645120
v 0.055432 0.000878 0.657360
v 0.019192 0.025938 0.645120
v -0.041048 -0.073806 0.669360
v -0.017048 0.038344 0.669360
v -0.004808 0.038344 0.669360
v -0.004808 0.050750 0.669360
v -0.029048 -0.086212 0.681360
v -0.041048 -0.048994 0.681360
v -0.041048 -0.023934 0.681360
v -0.041048 0.013532 0.681360
v 0.043432 0.025938 0.681360
v 0.019192 0.038344 0.681360
v 0.019192 0.025938 0.681360
v 0.043432 0.038344 0.681360
v -0.017048 0.050750 0.669360
v -0.017048 -0.086212 0.693360
v 0.031192 -0.086212 0.693360
v -0.041048 -0.073806 0.705600
v -0.029048 -0.086212 0.705600
v -0.029048 -0.086212 0.693360
v -0.017048 -0.086212 0.705600
v 0.055432 -0.086212 0.693360
v 0.055432 -0.073806 0.693360
v -0.041048 -0.048994 0.693360
v -0.041048 -0.036340 0.693360
v -0.041048 -0.011528 0.693360
v -0.041048 0.025938 0.693360
v 0.043432 0.025938 0.693360
v 0.019192 0.038344 0.693360
v 0.019192 0.025938 0.693360
v 0.043432 0.038344 0.693360
v 0.031192 0.038344 0.693360
v 0.019192 0.050750 0.693360
v 0.031192 -0.086212 0.705600
v 0.055432 -0.086212 0.705600
v 0.055432 -0.086212 0.717600
v 0.055432 -0.073806 0.717600
v 0.055432 -0.073806 0.705600
v -0.041048 -0.048994 0.705600
v -0.041048 -0.048994 0.717600
v -0.041048 -0.011528 0.717600
v 0.055432 -0.011528 0.705600
v 0.055432 0.000878 0.705600
v 0.055432 0.025938 0.705600
v -0.017048 0.038344 0.705600
v -0.017048 0.050750 0.705600
v -0.004808 0.038344 0.705600
v -0.004808 0.050750 0.705600
v 0.031192 0.050750 0.693360
v -0.004808 -0.098866 0.717600
v 0.007192 -0.111272 0.717600
v 0.055432 -0.011528 0.717600
v 0.055432 -0.011528 0.729600
v 0.055432 0.000878 0.729600
v 0.043432 0.025938 0.729600
v 0.055432 0.013532 0.729600
v 0.055432 0.025938 0.729600
v -0.017048 0.038344 0.717600
v -0.004808 0.038344 0.717600
v -0.004808 0.050750 0.717600
v 0.007192 0.050750 0.717600
v 0.019192 0.050750 0.717600
v -0.004808 -0.111272 0.741600
v 0.007192 -0.111272 0.741600
v 0.007192 -0.111272 0.765840
v 0.043432 -0.086212 0.729600
v 0.043432 -0.073806 0.729600
v 0.055432 -0.086212 0.729600
v 0.055432 -0.073806 0.729600
v -0.041048 -0.048994 0.729600
v 0.055432 -0.048994 0.729600
v -0.041048 -0.023934 0.729600
v -0.041048 -0.011528 0.729600
v -0.041048 0.000878 0.729600
v -0.029048 0.025938 0.729600
v -0.017048 0.038344 0.729600
v -0.017048 0.050750 0.717600
v -0.017048 0.050750 0.729600
v 0.007192 0.050750 0.729600
v 0.019192 0.050750 0.765840
v 0.007192 0.050750 0.765840
v 0.055432 -0.061400 0.741600
v -0.041048 -0.023934 0.741600
v 0.055432 -0.061400 0.753840
v 0.055432 -0.023934 0.753840
v 0.055432 -0.023934 0.741600
v 0.055432 -0.011528 0.741600
v -0.041048 0.000878 0.741600
v 0.055432 -0.011528 0.753840
v 0.055432 0.000878 0.753840
v -0.041048 0.013532 0.741600
v 0.043432 0.025938 0.741600
v 0.055432 0.000878 0.741600
v 0.055432 0.025938 0.741600
v -0.041048 0.025938 0.741600
v -0.017048 0.038344 0.741600
v -0.017048 0.050750 0.741600
v -0.004808 0.038344 0.741600
v -0.004808 0.050750 0.741600
v -0.041048 -0.073806 0.753840
v -0.041048 -0.086212 0.753840
v 0.043432 -0.086212 0.753840
v 0.043432 -0.073806 0.753840
v -0.041048 -0.061400 0.753840
v 0.055432 -0.073806 0.753840
v -0.041048 -0.036340 0.753840
v -0.041048 -0.023934 0.753840
v -0.041048 0.013532 0.753840
v -0.017048 0.038344 0.753840
v -0.004808 0.038344 0.753840
v -0.004808 0.050750 0.753840
v 0.031192 0.050750 0.753840
v 0.019192 0.050750 0.753840
v -0.041048 -0.086212 0.765840
v 0.043432 -0.086212 0.765840
v 0.043432 -0.073806 0.765840
v 0.055432 -0.086212 0.753840
v 0.055432 -0.086212 0.765840
v 0.055432 -0.073806 0.765840
v 0.055432 -0.061400 0.777840
v 0.055432 -0.048994 0.777840
v 0.055432 -0.048994 0.753840
v -0.041048 0.000878 0.753840
v 0.055432 0.000878 0.765840
v -0.017048 0.050750 0.753840
v -0.041048 -0.073806 0.777840
v -0.041048 -0.061400 0.777840
v 0.055432 -0.073806 0.777840
v -0.017048 0.038344 0.777840
v -0.017048 0.050750 0.777840
v -0.004808 0.038344 0.777840
v -0.004808 0.050750 0.777840
v 0.019192 0.050750 0.777840
v 0.031192 0.050750 0.777840
v -0.041048 -0.073806 0.789840
v -0.041048 -0.086212 0.789840
v -0.041048 -0.061400 0.802080
v -0.041048 -0.073806 0.802080
v -0.041048 -0.086212 0.802080
v 0.055432 -0.061400 0.789840
v -0.041048 -0.048994 0.789840
v -0.041048 -0.061400 0.789840
v -0.017048 0.038344 0.802080
v -0.004808 0.038344 0.789840
v -0.017048 0.038344 0.789840
v 0.031192 0.038344 0.789840
v -0.004808 0.050750 0.789840
v 0.019192 0.050750 0.789840
v -0.029048 -0.086212 0.802080
v 0.043432 -0.073806 0.814080
v 0.055432 -0.061400 0.814080
v -0.041048 -0.048994 0.814080
v -0.041048 -0.061400 0.814080
v 0.055432 -0.061400 0.802080
v -0.041048 -0.036340 0.802080
v -0.041048 -0.048994 0.802080
v -0.041048 -0.023934 0.802080
v -0.017048 0.050750 0.789840
v -0.017048 0.050750 0.814080
v -0.017048 0.038344 0.814080
v -0.004808 0.038344 0.814080
v -0.004808 0.050750 0.814080
v -0.004808 0.050750 0.802080
v 0.019192 0.050750 0.802080
v 0.019192 0.050750 0.814080
v -0.041048 -0.073806 0.826080
v -0.041048 -0.023934 0.814080
v -0.041048 -0.011528 0.814080
v 0.055432 -0.011528 0.814080
v 0.055432 0.000878 0.814080
v -0.041048 0.025938 0.814080
v -0.004808 -0.111272 0.838080
v 0.007192 -0.111272 0.838080
v 0.055432 -0.061400 0.826080
v -0.041048 -0.048994 0.826080
v -0.041048 -0.036340 0.814080
v -0.041048 -0.011528 0.826080
v 0.055432 -0.011528 0.826080
v 0.055432 -0.011528 0.838080
v 0.055432 0.000878 0.838080
v 0.055432 0.000878 0.826080
v -0.029048 0.025938 0.826080
v 0.043432 0.025938 0.826080
v 0.055432 0.025938 0.826080
v -0.017048 0.038344 0.826080
v -0.004808 0.038344 0.826080
v -0.004808 0.050750 0.826080
v 0.031192 0.050750 0.826080
v 0.007192 -0.111272 0.862320
v 0.055432 -0.048994 0.838080
v 0.055432 -0.036340 0.838080
v -0.041048 -0.011528 0.850320
v -0.041048 -0.023934 0.850320
v -0.041048 -0.011528 0.838080
v 0.043432 0.025938 0.838080
v 0.055432 0.025938 0.838080
v -0.017048 0.050750 0.826080
v -0.041048 -0.073806 0.850320
v -0.041048 -0.086212 0.850320
v -0.041048 -0.061400 0.850320
v 0.055432 -0.061400 0.850320
v 0.055432 -0.036340 0.850320
v 0.055432 0.000878 0.850320
v -0.041048 0.013532 0.850320
v -0.029048 0.025938 0.850320
v -0.017048 0.038344 0.850320
v -0.017048 0.050750 0.850320
v -0.004808 0.038344 0.850320
v -0.004808 0.050750 0.850320
v -0.041048 -0.073806 0.886320
v -0.041048 -0.073806 0.874320
v -0.041048 -0.086212 0.874320
v -0.029048 -0.073806 0.898560
v 0.055432 -0.061400 0.886320
v 0.055432 -0.061400 0.874320
v 0.055432 -0.048994 0.886320
v 0.055432 -0.048994 0.874320
v 0.055432 -0.061400 0.862320
v 0.055432 -0.048994 0.862320
v 0.055432 -0.036340 0.862320
v 0.055432 -0.023934 0.850320
v 0.055432 -0.011528 0.850320
v 0.055432 0.000878 0.862320
v 0.055432 0.013532 0.862320
v -0.029048 0.025938 0.862320
v 0.055432 0.025938 0.862320
v -0.017048 0.038344 0.862320
v -0.004808 0.038344 0.862320
v -0.004808 0.050750 0.862320
v 0.019192 0.050750 0.862320
v -0.004808 -0.098866 0.874320
v -0.029048 -0.086212 0.874320
v -0.029048 -0.073806 0.874320
v 0.055432 -0.036340 0.874320
v -0.041048 0.013532 0.874320
v -0.029048 0.025938 0.874320
v -0.017048 0.038344 0.874320
v 0.031192 0.038344 0.886320
v -0.017048 0.050750 0.862320
v -0.017048 0.050750 0.886320
v -0.017048 0.038344 0.886320
v -0.004808 0.038344 0.886320
v -0.004808 0.050750 0.886320
v 0.019192 0.050750 0.874320
v 0.031192 0.050750 0.886320
v 0.019192 0.050750 0.886320
v -0.004808 -0.111272 0.886320
v -0.041048 -0.073806 0.898560
v 0.055432 -0.036340 0.886320
v -0.041048 0.000878 0.886320
v -0.041048 0.013532 0.886320
v 0.055432 0.013532 0.886320
v -0.041048 0.025938 0.898560
v -0.041048 0.013532 0.898560
v -0.017048 0.038344 0.898560
v -0.004808 0.038344 0.898560
v -0.004808 -0.098866 0.922560
v 0.019192 -0.098866 0.910560
v -0.041048 0.000878 0.898560
v -0.004808 0.050750 0.898560
v -0.041048 -0.048994 0.910560
v 0.055432 -0.023934 0.910560
v -0.041048 0.000878 0.934560
v -0.041048 0.000878 0.910560
v -0.017048 0.038344 0.910560
v -0.017048 0.050750 0.898560
v 0.019192 -0.111272 0.922560
v -0.029048 -0.073806 0.922560
v -0.041048 -0.048994 0.922560
v -0.041048 -0.048994 0.934560
v 0.055432 -0.036340 0.922560
v 0.055432 -0.023934 0.922560
v -0.017048 0.025938 0.922560
v -0.017048 0.038344 0.922560
v -0.017048 0.038344 0.934560
v 0.043432 0.025938 0.934560
v -0.017048 0.050750 0.922560
v -0.004808 0.038344 0.922560
v -0.004808 0.050750 0.922560
v 0.007192 0.050750 0.922560
v -0.004808 -0.098866 0.934560
v -0.004808 -0.111272 0.934560
v 0.007192 -0.111272 0.934560
v 0.007192 -0.098866 0.934560
v -0.029048 -0.073806 0.946800
v 0.055432 -0.036340 0.934560
v 0.055432 -0.036340 0.946800
v 0.055432 -0.023934 0.946800
v 0.055432 0.025938 0.934560
v -0.004808 0.025938 0.922560
v -0.004808 0.038344 0.934560
v -0.004808 0.050750 0.934560
v 0.019192 0.050750 0.934560
v -0.029048 -0.073806 0.958800
v -0.041048 -0.048994 0.946800
v 0.043432 0.025938 0.946800
v 0.043432 0.025938 0.958800
v 0.055432 0.025938 0.946800
v 0.055432 0.025938 0.958800
v -0.017048 0.050750 0.934560
v -0.004808 0.050750 0.958800
v 0.007192 0.050750 0.958800
v -0.004808 -0.098866 0.958800
v 0.055432 -0.061400 0.958800
v -0.041048 -0.048994 0.958800
v -0.041048 -0.036340 0.958800
v -0.041048 -0.011528 0.958800
v 0.055432 -0.023934 0.958800
v 0.055432 0.000878 0.970800
v -0.041048 0.000878 0.958800
v -0.017048 -0.086212 0.982800
v -0.017048 -0.098866 0.982800
v -0.004808 -0.098866 0.982800
v -0.029048 -0.073806 0.970800
v 0.043432 -0.073806 0.970800
v -0.041048 -0.048994 0.995040
v -0.041048 -0.061400 0.995040
v -0.041048 -0.023934 0.958800
v -0.041048 0.000878 0.982800
v -0.041048 -0.011528 0.982800
v -0.041048 0.013532 0.970800
v -0.041048 0.000878 0.970800
v 0.043432 0.025938 0.970800
v 0.055432 0.025938 0.970800
v -0.041048 0.025938 0.970800
v -0.029048 0.025938 0.970800
v -0.004808 -0.098866 0.995040
v 0.043432 -0.073806 0.982800
v -0.041048 -0.048994 0.982800
v -0.041048 0.025938 0.982800
v -0.029048 0.025938 0.982800
v 0.055432 0.013532 0.970800
v 0.007192 0.050750 0.995040
v 0.043432 -0.073806 0.995040
v 0.055432 -0.048994 0.995040
v 0.055432 -0.023934 0.995040
v -0.041048 -0.011528 0.995040
v -0.041048 -0.011528 1.007040
v -0.041048 -0.023934 1.019040
v 0.055432 -0.011528 0.995040
v 0.043432 0.025938 0.995040
v -0.004808 0.050750 0.995040
v -0.017048 -0.086212 1.019040
v -0.017048 -0.098866 1.019040
v -0.004808 -0.098866 1.019040
v 0.043432 -0.073806 1.007040
v -0.041048 -0.073806 1.007040
v 0.055432 -0.048994 1.007040
v 0.055432 -0.011528 1.007040
v 0.055432 -0.011528 1.019040
v 0.055432 0.000878 1.019040
v 0.043432 0.025938 1.055280
v -0.004808 0.063404 0.995040
v 0.007192 0.063404 0.995040
v 0.043432 -0.073806 1.031040
v -0.041048 -0.073806 1.019040
v 0.043432 -0.073806 1.019040
v 0.055432 -0.073806 1.019040
v -0.041048 -0.048994 1.019040
v 0.055432 -0.048994 1.019040
v 0.055432 -0.048994 1.031040
v 0.055432 -0.036340 1.031040
v 0.055432 -0.036340 1.007040
v -0.041048 -0.011528 1.019040
v -0.041048 0.000878 1.019040
v -0.041048 0.025938 1.019040
v -0.029048 0.025938 1.019040
v 0.007192 -0.098866 1.031040
v 0.007192 -0.111272 1.031040
v 0.019192 -0.111272 1.031040
v 0.019192 -0.098866 1.031040
v -0.029048 -0.073806 1.043280
v -0.041048 -0.061400 1.031040
v -0.041048 -0.073806 1.031040
v 0.055432 -0.073806 1.031040
v -0.041048 -0.023934 1.031040
v -0.041048 0.000878 1.031040
v 0.055432 0.000878 1.043280
v -0.041048 0.025938 1.031040
v -0.029048 0.025938 1.031040
v 0.055432 0.000878 1.031040
v 0.043432 0.025938 1.031040
v 0.055432 0.025938 1.031040
v -0.029048 0.025938 1.043280
v -0.004808 0.050750 1.031040
v 0.007192 0.050750 1.031040
v 0.019192 0.050750 1.031040
v -0.004808 0.063404 1.031040
v 0.007192 0.063404 1.031040
v -0.004808 -0.098866 1.043280
v -0.041048 -0.061400 1.055280
v -0.041048 -0.011528 1.031040
v -0.041048 0.000878 1.055280
v -0.041048 -0.011528 1.055280
v -0.041048 0.013532 1.031040
v -0.041048 0.000878 1.043280
v -0.017048 0.050750 1.067280
v -0.017048 0.038344 1.067280
v -0.004808 0.050750 1.043280
v -0.004808 0.050750 1.067280
v 0.019192 0.050750 1.043280
v -0.004808 0.063404 1.043280
v 0.019192 0.063404 1.031040
v 0.019192 0.063404 1.043280
v 0.007192 0.063404 1.043280
v 0.007192 0.050750 1.043280
v -0.017048 -0.086212 1.055280
v -0.017048 -0.098866 1.055280
v -0.004808 -0.098866 1.055280
v -0.004808 -0.086212 1.055280
v -0.004808 -0.098866 1.067280
v 0.007192 -0.098866 1.067280
v -0.004808 -0.086212 1.067280
v 0.043432 -0.073806 1.055280
v 0.055432 -0.061400 1.055280
v -0.041048 -0.036340 1.055280
v 0.055432 -0.036340 1.055280
v -0.041048 -0.023934 1.055280
v 0.055432 0.013532 1.055280
v 0.007192 -0.098866 1.079280
v -0.041048 -0.061400 1.079280
v -0.041048 -0.048994 1.079280
v 0.055432 -0.061400 1.079280
v 0.055432 -0.061400 1.067280
v 0.055432 -0.036340 1.067280
v 0.055432 -0.048994 1.079280
v 0.055432 -0.036340 1.079280
v -0.041048 -0.023934 1.079280
v -0.041048 -0.036340 1.079280
v 0.055432 -0.023934 1.079280
v 0.055432 -0.011528 1.079280
v -0.041048 -0.023934 1.067280
v -0.041048 0.013532 1.067280
v 0.055432 0.013532 1.091520
v 0.007192 0.050750 1.067280
v -0.041048 0.000878 1.079280
v 0.055432 0.013532 1.079280
v -0.017048 0.038344 1.079280
v -0.017048 0.050750 1.079280
v 0.007192 0.050750 1.079280
v 0.031192 -0.086212 1.091520
v -0.041048 -0.048994 1.103520
v 0.055432 -0.048994 1.091520
v -0.041048 -0.036340 1.091520
v -0.041048 -0.048994 1.091520
v 0.055432 -0.036340 1.091520
v -0.041048 -0.036340 1.103520
v 0.055432 -0.023934 1.091520
v -0.041048 -0.011528 1.079280
v 0.055432 -0.011528 1.091520
v -0.004808 0.050750 1.091520
v 0.007192 0.050750 1.091520
v 0.007192 0.063404 1.091520
v 0.031192 -0.098866 1.115520
v 0.031192 -0.086212 1.115520
v 0.019192 -0.098866 1.115520
v 0.019192 -0.086212 1.115520
v -0.029048 -0.073806 1.103520
v -0.029048 -0.086212 1.103520
v -0.017048 -0.086212 1.103520
v -0.017048 -0.073806 1.103520
v 0.031192 -0.086212 1.103520
v 0.055432 -0.048994 1.115520
v 0.055432 -0.048994 1.103520
v 0.055432 -0.023934 1.139760
v 0.055432 -0.011528 1.139760
v 0.055432 -0.011528 1.127520
v 0.055432 0.000878 1.127520
v 0.055432 0.000878 1.103520
v 0.055432 0.013532 1.103520
v -0.004808 0.063404 1.091520
v 0.043432 -0.086212 1.127520
v 0.043432 -0.073806 1.127520
v 0.031192 -0.086212 1.127520
v 0.031192 -0.073806 1.127520
v 0.055432 -0.061400 1.127520
v 0.055432 0.000878 1.115520
v 0.055432 0.013532 1.115520
v 0.043432 0.025938 1.115520
v 0.055432 0.025938 1.115520
v 0.043432 0.038344 1.115520
v -0.004808 -0.086212 1.127520
v 0.019192 -0.098866 1.127520
v -0.041048 -0.061400 1.139760
v -0.041048 -0.073806 1.139760
v -0.029048 -0.073806 1.139760
v 0.055432 -0.023934 1.127520
v 0.055432 0.013532 1.127520
v -0.041048 0.025938 1.163760
v -0.041048 0.013532 1.163760
v -0.029048 0.025938 1.163760
v 0.055432 0.013532 1.139760
v 0.031192 0.038344 1.127520
v 0.043432 0.038344 1.127520
v 0.055432 0.038344 1.115520
v 0.007192 -0.098866 1.151760
v -0.017048 -0.073806 1.139760
v 0.031192 -0.073806 1.139760
v 0.043432 -0.073806 1.139760
v 0.055432 -0.061400 1.151760
v 0.043432 -0.073806 1.151760
v 0.055432 -0.061400 1.139760
v 0.055432 -0.048994 1.139760
v 0.031192 0.038344 1.139760
v 0.043432 0.038344 1.139760
v 0.043432 0.038344 1.163760
v 0.019192 0.050750 1.163760
v 0.031192 0.038344 1.163760
v -0.017048 -0.073806 1.175760
v -0.041048 -0.073806 1.151760
v -0.017048 -0.073806 1.151760
v -0.041048 0.000878 1.163760
v -0.041048 -0.011528 1.163760
v 0.031192 0.038344 1.151760
v 0.043432 0.038344 1.151760
v 0.007192 -0.098866 1.248240
v 0.031192 -0.086212 1.163760
v 0.031192 -0.073806 1.163760
v 0.043432 -0.073806 1.163760
v 0.055432 -0.061400 1.163760
v 0.043432 -0.086212 1.163760
v 0.055432 -0.036340 1.175760
v -0.041048 -0.023934 1.175760
v -0.041048 -0.011528 1.175760
v 0.055432 -0.011528 1.175760
v -0.041048 0.013532 1.175760
v -0.041048 0.025938 1.188000
v -0.041048 0.013532 1.188000
v -0.029048 0.025938 1.175760
v -0.041048 0.025938 1.175760
v 0.055432 0.025938 1.175760
v -0.029048 0.038344 1.175760
v 0.031192 0.038344 1.175760
v 0.043432 0.038344 1.175760
v 0.019192 0.050750 1.175760
v 0.031192 0.050750 1.175760
v 0.019192 0.050750 1.188000
v 0.031192 -0.086212 1.188000
v 0.031192 -0.073806 1.188000
v 0.043432 -0.086212 1.188000
v 0.043432 -0.073806 1.188000
v -0.041048 -0.061400 1.188000
v -0.029048 -0.073806 1.188000
v 0.055432 -0.073806 1.188000
v 0.055432 -0.061400 1.188000
v -0.041048 -0.048994 1.188000
v 0.055432 -0.036340 1.188000
v -0.041048 0.000878 1.175760
v 0.055432 0.025938 1.188000
v -0.041048 0.038344 1.175760
v 0.043432 0.038344 1.188000
v 0.043432 0.050750 1.175760
v 0.043432 0.050750 1.188000
v -0.041048 -0.061400 1.224240
v -0.041048 -0.073806 1.224240
v -0.029048 -0.073806 1.224240
v 0.043432 -0.073806 1.200000
v 0.055432 -0.061400 1.200000
v -0.041048 -0.036340 1.200000
v -0.041048 -0.023934 1.200000
v 0.055432 -0.011528 1.200000
v 0.055432 0.000878 1.200000
v -0.041048 0.013532 1.212000
v 0.043432 0.038344 1.200000
v 0.031192 0.038344 1.200000
v 0.031192 0.050750 1.200000
v 0.043432 0.050750 1.200000
v -0.017048 -0.073806 1.212000
v -0.029048 -0.073806 1.212000
v 0.031192 -0.073806 1.236240
v 0.043432 -0.073806 1.236240
v 0.055432 -0.061400 1.212000
v -0.041048 -0.048994 1.212000
v -0.041048 -0.036340 1.212000
v -0.041048 -0.023934 1.224240
v -0.041048 -0.036340 1.224240
v -0.041048 -0.023934 1.212000
v 0.055432 -0.011528 1.212000
v 0.055432 -0.011528 1.224240
v 0.055432 0.000878 1.224240
v 0.055432 0.000878 1.212000
v -0.029048 0.038344 1.212000
v 0.031192 0.038344 1.212000
v 0.043432 0.038344 1.212000
v 0.019192 0.050750 1.212000
v 0.031192 0.050750 1.212000
v 0.055432 -0.073806 1.224240
v 0.043432 -0.073806 1.224240
v -0.041048 0.000878 1.224240
v -0.041048 0.013532 1.224240
v -0.041048 0.025938 1.224240
v -0.041048 0.038344 1.224240
v -0.029048 0.038344 1.224240
v 0.043432 0.038344 1.224240
v 0.055432 0.038344 1.224240
v 0.019192 0.050750 1.248240
v 0.043432 0.050750 1.212000
v 0.019192 0.050750 1.236240
v 0.007192 0.063404 1.236240
v -0.041048 -0.061400 1.260240
v -0.041048 -0.073806 1.260240
v -0.029048 -0.073806 1.260240
v -0.041048 -0.036340 1.236240
v 0.055432 -0.036340 1.236240
v -0.041048 0.013532 1.260240
v -0.041048 0.025938 1.248240
v -0.041048 0.025938 1.236240
v -0.041048 0.013532 1.236240
v 0.043432 0.038344 1.236240
v 0.055432 0.038344 1.236240
v -0.029048 0.038344 1.248240
v 0.031192 -0.073806 1.248240
v 0.043432 -0.073806 1.248240
v -0.041048 -0.036340 1.260240
v -0.041048 -0.036340 1.248240
v 0.055432 -0.011528 1.248240
v 0.055432 0.013532 1.248240
v 0.055432 0.025938 1.248240
v -0.017048 0.038344 1.248240
v -0.017048 0.050750 1.248240
v -0.004808 0.063404 1.248240
v 0.007192 -0.098866 1.296480
v 0.007192 -0.086212 1.296480
v -0.029048 -0.061400 1.260240
v 0.043432 -0.073806 1.272480
v 0.055432 -0.048994 1.272480
v 0.055432 -0.036340 1.272480
v -0.041048 -0.036340 1.272480
v 0.055432 -0.011528 1.260240
v -0.041048 0.000878 1.272480
v -0.041048 0.038344 1.272480
v -0.041048 0.038344 1.284480
v -0.041048 0.000878 1.284480
v -0.029048 0.038344 1.284480
v -0.029048 0.038344 1.272480
v 0.055432 0.025938 1.260240
v 0.055432 0.000878 1.272480
v 0.055432 0.000878 1.284480
v 0.055432 0.025938 1.284480
v 0.055432 0.025938 1.272480
v 0.055432 0.013532 1.272480
v 0.055432 0.013532 1.260240
v -0.029048 0.050750 1.248240
v -0.017048 0.050750 1.272480
v -0.017048 -0.073806 1.272480
v 0.055432 -0.061400 1.272480
v 0.043432 0.038344 1.272480
v -0.029048 0.050750 1.272480
v 0.019192 0.063404 1.272480
v -0.004808 -0.086212 1.284480
v -0.004808 -0.098866 1.284480
v 0.007192 -0.098866 1.284480
v 0.007192 -0.086212 1.284480
v -0.029048 -0.061400 1.308480
v -0.017048 -0.073806 1.308480
v 0.043432 -0.073806 1.296480
v 0.043432 -0.061400 1.296480
v 0.055432 -0.073806 1.284480
v 0.055432 -0.061400 1.284480
v 0.043432 -0.073806 1.284480
v 0.043432 -0.061400 1.284480
v 0.067432 -0.061400 1.272480
v 0.067432 -0.048994 1.272480
v 0.055432 -0.061400 1.296480
v 0.055432 -0.036340 1.284480
v 0.067432 -0.036340 1.284480
v 0.067432 -0.036340 1.272480
v 0.055432 -0.011528 1.284480
v 0.055432 -0.023934 1.284480
v -0.041048 0.000878 1.296480
v -0.041048 -0.011528 1.296480
v 0.055432 0.038344 1.284480
v -0.004808 0.050750 1.284480
v 0.019192 0.050750 1.296480
v 0.031192 0.050750 1.296480
v -0.017048 -0.073806 1.296480
v -0.017048 -0.086212 1.296480
v -0.041048 -0.048994 1.296480
v -0.041048 -0.023934 1.296480
v 0.055432 -0.023934 1.296480
v 0.067432 -0.023934 1.296480
v 0.067432 -0.023934 1.284480
v 0.055432 -0.011528 1.296480
v 0.055432 0.013532 1.284480
v -0.029048 0.038344 1.296480
v 0.043432 0.038344 1.296480
v 0.019192 0.063404 1.296480
v 0.007192 -0.086212 1.320720
v -0.017048 -0.086212 1.308480
v 0.043432 -0.061400 1.332720
v 0.055432 -0.061400 1.320720
v -0.041048 -0.011528 1.308480
v 0.055432 -0.011528 1.308480
v 0.067432 -0.011528 1.308480
v 0.067432 -0.011528 1.296480
v -0.041048 0.000878 1.308480
v 0.055432 0.000878 1.308480
v -0.041048 0.013532 1.308480
v 0.043432 0.038344 1.308480
v 0.055432 0.038344 1.308480
v 0.031192 0.063404 1.296480
v -0.017048 -0.073806 1.332720
v -0.017048 -0.086212 1.332720
v -0.017048 -0.086212 1.320720
v -0.017048 -0.073806 1.320720
v -0.041048 -0.048994 1.320720
v 0.067432 -0.061400 1.320720
v -0.041048 -0.023934 1.320720
v 0.067432 -0.023934 1.320720
v 0.055432 0.000878 1.320720
v 0.067432 0.000878 1.320720
v 0.067432 0.000878 1.308480
v 0.055432 0.013532 1.320720
v 0.043432 0.038344 1.320720
v 0.055432 0.038344 1.320720
v 0.043432 0.038344 1.332720
v -0.004808 0.063404 1.320720
v -0.041048 -0.048994 1.356720
v -0.041048 -0.023934 1.332720
v -0.041048 0.013532 1.332720
v 0.055432 0.013532 1.332720
v 0.067432 0.013532 1.332720
v 0.067432 0.013532 1.320720
v 0.055432 0.025938 1.332720
v -0.041048 0.038344 1.332720
v -0.029048 0.038344 1.332720
v -0.017048 0.050750 1.332720
v 0.019192 0.063404 1.332720
v 0.007192 -0.086212 1.344720
v 0.007192 -0.098866 1.344720
v 0.019192 -0.098866 1.344720
v 0.019192 -0.086212 1.344720
v -0.017048 -0.073806 1.344720
v -0.017048 -0.086212 1.344720
v -0.004808 -0.086212 1.344720
v 0.043432 -0.061400 1.368960
v 0.043432 -0.061400 1.344720
v 0.055432 -0.061400 1.344720
v 0.067432 -0.061400 1.344720
v -0.041048 -0.023934 1.344720
v -0.041048 -0.048994 1.344720
v -0.041048 0.013532 1.344720
v -0.041048 0.025938 1.356720
v -0.041048 0.013532 1.356720
v 0.067432 0.025938 1.332720
v -0.017048 0.050750 1.368960
v -0.004808 0.050750 1.344720
v -0.017048 0.050750 1.344720
v -0.004808 0.063404 1.344720
v -0.004808 -0.086212 1.368960
v -0.004808 -0.073806 1.368960
v 0.067432 -0.061400 1.356720
v 0.067432 -0.036340 1.356720
v 0.055432 0.025938 1.356720
v 0.067432 0.025938 1.356720
v -0.041048 0.038344 1.356720
v 0.055432 0.038344 1.356720
v -0.017048 0.063404 1.344720
v -0.017048 0.063404 1.368960
v -0.004808 0.050750 1.368960
v -0.004808 0.063404 1.368960
v -0.004808 0.063404 1.356720
v -0.017048 -0.073806 1.368960
v -0.017048 -0.086212 1.368960
v 0.019192 -0.086212 1.368960
v -0.041048 -0.048994 1.368960
v 0.067432 -0.061400 1.380960
v 0.067432 -0.048994 1.380960
v 0.067432 -0.048994 1.356720
v 0.055432 -0.061400 1.380960
v 0.067432 0.038344 1.356720
v 0.031192 -0.086212 1.380960
v 0.019192 -0.086212 1.380960
v 0.055432 -0.048994 1.380960
v -0.017048 0.050750 1.380960
v -0.004808 0.050750 1.380960
v -0.004808 0.063404 1.380960
v 0.007192 0.063404 1.380960
v 0.019192 0.063404 1.380960
v -0.029048 -0.061400 1.392960
v -0.029048 -0.073806 1.392960
v -0.017048 -0.073806 1.392960
v -0.017048 -0.061400 1.392960
v 0.067432 -0.048994 1.404960
v 0.067432 -0.036340 1.404960
v 0.067432 -0.023934 1.392960
v -0.041048 -0.011528 1.392960
v 0.067432 0.000878 1.392960
v -0.041048 0.038344 1.392960
v -0.029048 0.038344 1.392960
v 0.043432 0.038344 1.392960
v 0.055432 0.038344 1.392960
v 0.031192 0.050750 1.392960
v 0.043432 0.050750 1.392960
v -0.017048 0.063404 1.380960
v 0.007192 0.075810 1.380960
v 0.007192 0.075810 1.404960
v 0.007192 0.063404 1.404960
v 0.019192 0.075810 1.380960
v 0.019192 -0.086212 1.417200
v 0.019192 -0.073806 1.417200
v -0.017048 -0.061400 1.404960
v -0.017048 -0.073806 1.404960
v -0.041048 -0.048994 1.404960
v -0.029048 -0.061400 1.404960
v -0.029048 -0.048994 1.404960
v -0.041048 -0.036340 1.404960
v -0.041048 -0.011528 1.404960
v 0.067432 -0.011528 1.404960
v 0.067432 -0.011528 1.392960
v -0.041048 0.038344 1.404960
v -0.041048 0.038344 1.417200
v -0.029048 0.038344 1.404960
v -0.029048 0.038344 1.417200
v 0.067432 0.025938 1.404960
v 0.055432 0.038344 1.404960
v 0.055432 0.050750 1.392960
v 0.031192 0.050750 1.429200
v -0.004808 -0.073806 1.417200
v 0.031192 -0.086212 1.417200
v 0.031192 -0.073806 1.417200
v -0.029048 -0.073806 1.404960
v -0.029048 -0.061400 1.417200
v -0.029048 -0.073806 1.417200
v -0.017048 -0.073806 1.417200
v -0.017048 -0.061400 1.417200
v -0.041048 -0.048994 1.417200
v -0.041048 -0.061400 1.417200
v -0.029048 -0.048994 1.417200
v -0.041048 -0.036340 1.429200
v -0.041048 -0.048994 1.429200
v 0.067432 -0.048994 1.417200
v -0.041048 -0.011528 1.417200
v 0.067432 -0.011528 1.417200
v -0.041048 0.000878 1.404960
v -0.041048 0.000878 1.429200
v -0.041048 -0.011528 1.429200
v -0.041048 0.000878 1.417200
v 0.067432 0.025938 1.417200
v 0.055432 0.038344 1.429200
v 0.067432 0.025938 1.429200
v 0.067432 0.038344 1.429200
v -0.029048 0.038344 1.429200
v 0.031192 0.050750 1.417200
v 0.055432 0.038344 1.417200
v 0.055432 0.050750 1.417200
v -0.004808 0.063404 1.417200
v 0.007192 0.063404 1.417200
v 0.007192 0.075810 1.417200
v 0.007192 0.075810 1.429200
v -0.041048 -0.023934 1.429200
v 0.067432 -0.011528 1.429200
v 0.067432 0.013532 1.429200
v -0.041048 0.013532 1.429200
v 0.055432 0.050750 1.429200
v -0.004808 0.075810 1.417200
v -0.004808 -0.073806 1.453200
v 0.007192 -0.086212 1.453200
v 0.019192 -0.086212 1.453200
v 0.019192 -0.073806 1.441200
v 0.055432 -0.048994 1.441200
v 0.067432 -0.036340 1.441200
v 0.067432 -0.011528 1.441200
v 0.067432 0.000878 1.441200
v 0.067432 0.000878 1.429200
v -0.041048 0.013532 1.453200
v -0.041048 0.000878 1.453200
v 0.055432 0.038344 1.453200
v 0.055432 0.038344 1.465440
v 0.067432 0.013532 1.453200
v 0.067432 0.038344 1.453200
v 0.067432 0.025938 1.453200
v 0.067432 0.038344 1.465440
v 0.043432 0.050750 1.429200
v -0.004808 0.063404 1.441200
v -0.004808 0.075810 1.441200
v 0.055432 -0.048994 1.453200
v 0.067432 -0.048994 1.453200
v -0.041048 -0.023934 1.453200
v 0.067432 0.000878 1.453200
v -0.041048 0.013532 1.465440
v -0.041048 0.038344 1.465440
v -0.029048 0.038344 1.465440
v 0.031192 0.050750 1.465440
v -0.004808 -0.073806 1.465440
v -0.029048 -0.061400 1.465440
v 0.067432 -0.036340 1.465440
v 0.067432 -0.011528 1.465440
v -0.041048 0.000878 1.477440
v -0.041048 -0.011528 1.477440
v 0.067432 0.000878 1.465440
v 0.067432 0.000878 1.477440
v 0.067432 0.025938 1.477440
v -0.029048 0.050750 1.465440
v -0.004808 -0.073806 1.489440
v -0.004808 -0.086212 1.489440
v 0.007192 -0.086212 1.489440
v 0.007192 -0.073806 1.489440
v -0.004808 -0.073806 1.477440
v 0.031192 -0.073806 1.477440
v 0.031192 -0.061400 1.477440
v 0.043432 -0.073806 1.477440
v 0.043432 -0.061400 1.477440
v -0.041048 -0.048994 1.477440
v -0.041048 -0.061400 1.477440
v -0.029048 -0.061400 1.477440
v -0.029048 -0.048994 1.477440
v -0.029048 -0.061400 1.489440
v -0.029048 -0.048994 1.489440
v -0.041048 -0.036340 1.477440
v 0.067432 -0.036340 1.477440
v -0.041048 -0.023934 1.477440
v -0.041048 0.038344 1.477440
v -0.041048 0.038344 1.489440
v -0.041048 -0.011528 1.489440
v -0.041048 0.000878 1.489440
v -0.041048 0.050750 1.465440
v -0.017048 0.050750 1.489440
v -0.029048 0.050750 1.489440
v 0.031192 0.050750 1.477440
v 0.043432 0.050750 1.477440
v -0.004808 0.063404 1.477440
v 0.031192 0.063404 1.477440
v -0.004808 -0.073806 1.501440
v 0.043432 -0.061400 1.501440
v 0.043432 -0.048994 1.501440
v 0.055432 -0.061400 1.489440
v 0.055432 -0.048994 1.489440
v 0.043432 -0.061400 1.489440
v 0.043432 -0.048994 1.489440
v -0.041048 -0.048994 1.489440
v 0.067432 -0.048994 1.489440
v 0.067432 -0.036340 1.489440
v 0.067432 0.000878 1.489440
v 0.067432 0.025938 1.489440
v 0.067432 0.025938 1.501440
v -0.041048 0.038344 1.525680
v -0.029048 0.050750 1.525680
v -0.017048 0.063404 1.489440
v 0.043432 0.063404 1.477440
v -0.041048 -0.023934 1.501440
v -0.041048 0.013532 1.489440
v 0.067432 0.013532 1.513680
v 0.067432 0.013532 1.489440
v 0.067432 0.013532 1.501440
v -0.029048 0.050750 1.513680
v -0.029048 0.063404 1.489440
v -0.017048 0.063404 1.501440
v -0.004808 0.063404 1.501440
v -0.041048 -0.048994 1.513680
v 0.067432 0.025938 1.513680
v 0.055432 0.038344 1.513680
v 0.067432 0.038344 1.513680
v -0.029048 0.063404 1.513680
v -0.017048 0.050750 1.513680
v -0.017048 0.063404 1.513680
v -0.004808 0.063404 1.525680
v -0.017048 0.050750 1.525680
v -0.017048 0.063404 1.525680
v 0.031192 0.063404 1.513680
v -0.004808 0.063404 1.513680
v 0.019192 0.063404 1.525680
v 0.019192 0.075810 1.525680
v 0.007192 0.075810 1.525680
v 0.019192 -0.073806 1.525680
v -0.041048 -0.023934 1.525680
v -0.041048 0.000878 1.525680
v 0.067432 0.000878 1.525680
v -0.041048 0.013532 1.525680
v 0.067432 0.013532 1.525680
v -0.041048 0.025938 1.525680
v 0.067432 0.025938 1.561920
v 0.067432 0.038344 1.561920
v 0.067432 0.050750 1.549680
v 0.067432 0.038344 1.525680
v 0.055432 0.038344 1.525680
v 0.055432 0.050750 1.525680
v 0.031192 0.063404 1.525680
v 0.031192 0.063404 1.537680
v -0.004808 0.075810 1.525680
v 0.007192 -0.073806 1.537680
v 0.007192 -0.086212 1.537680
v 0.019192 -0.086212 1.537680
v 0.019192 -0.073806 1.537680
v -0.017048 -0.061400 1.537680
v -0.017048 -0.073806 1.537680
v -0.004808 -0.073806 1.537680
v -0.004808 -0.061400 1.537680
v 0.019192 -0.073806 1.549680
v 0.067432 -0.048994 1.537680
v 0.067432 -0.036340 1.537680
v 0.067432 0.000878 1.537680
v 0.067432 0.000878 1.549680
v 0.067432 0.013532 1.549680
v -0.041048 0.025938 1.537680
v 0.067432 0.013532 1.537680
v 0.067432 0.025938 1.537680
v -0.041048 0.025938 1.549680
v -0.041048 0.038344 1.573920
v -0.041048 0.038344 1.561920
v 0.055432 0.050750 1.561920
v 0.055432 0.050750 1.549680
v 0.067432 0.050750 1.525680
v -0.029048 0.063404 1.525680
v 0.031192 0.075810 1.525680
v -0.004808 -0.061400 1.549680
v -0.017048 -0.061400 1.561920
v -0.017048 -0.061400 1.549680
v -0.041048 -0.048994 1.549680
v -0.017048 0.063404 1.549680
v -0.004808 0.063404 1.549680
v -0.004808 0.075810 1.549680
v 0.055432 -0.048994 1.561920
v 0.055432 -0.036340 1.561920
v 0.067432 -0.048994 1.561920
v 0.067432 -0.036340 1.561920
v -0.041048 0.000878 1.561920
v 0.067432 0.013532 1.561920
v 0.031192 0.063404 1.561920
v -0.017048 0.075810 1.549680
v 0.019192 0.075810 1.561920
v 0.031192 0.075810 1.561920
v 0.067432 -0.036340 1.573920
v 0.067432 -0.011528 1.573920
v 0.067432 0.013532 1.573920
v 0.067432 0.025938 1.573920
v 0.043432 0.050750 1.573920
v 0.067432 0.050750 1.573920
v 0.019192 0.075810 1.585920
v -0.029048 -0.048994 1.597920
v -0.029048 -0.061400 1.597920
v -0.017048 -0.061400 1.597920
v -0.017048 -0.048994 1.597920
v 0.067432 0.000878 1.573920
v -0.041048 0.013532 1.585920
v -0.041048 0.025938 1.585920
v 0.067432 0.050750 1.610160
v 0.067432 0.050750 1.585920
v -0.041048 0.050750 1.585920
v -0.029048 0.050750 1.585920
v 0.043432 0.050750 1.585920
v 0.007192 0.075810 1.585920
v 0.019192 -0.073806 1.597920
v 0.019192 -0.061400 1.597920
v 0.031192 -0.073806 1.597920
v 0.031192 -0.061400 1.597920
v 0.067432 0.013532 1.597920
v -0.041048 0.025938 1.597920
v -0.041048 0.025938 1.610160
v 0.043432 0.050750 1.597920
v 0.067432 0.050750 1.597920
v 0.055432 0.050750 1.610160
v 0.043432 0.050750 1.610160
v 0.043432 0.063404 1.610160
v 0.007192 0.088216 1.585920
v 0.019192 0.088216 1.585920
v 0.019192 -0.061400 1.610160
v 0.031192 -0.061400 1.610160
v -0.041048 -0.011528 1.610160
v -0.041048 0.013532 1.610160
v 0.067432 0.013532 1.610160
v 0.067432 0.025938 1.610160
v 0.031192 -0.061400 1.634160
v -0.041048 0.000878 1.610160
v -0.041048 0.000878 1.622160
v -0.041048 0.000878 1.634160
v 0.067432 0.013532 1.634160
v 0.067432 0.025938 1.634160
v -0.029048 0.050750 1.622160
v 0.067432 0.038344 1.634160
v -0.017048 0.063404 1.622160
v 0.055432 0.063404 1.610160
v -0.017048 0.075810 1.622160
v 0.007192 0.075810 1.622160
v -0.041048 -0.023934 1.634160
v 0.067432 -0.023934 1.634160
v -0.041048 0.038344 1.634160
v -0.041048 0.050750 1.634160
v -0.029048 0.050750 1.634160
v -0.029048 0.050750 1.646160
v -0.017048 0.063404 1.646160
v -0.017048 0.075810 1.646160
v 0.007192 0.063404 1.634160
v -0.004808 0.063404 1.634160
v 0.007192 0.075810 1.634160
v -0.017048 0.075810 1.634160
v -0.004808 0.075810 1.634160
v -0.004808 0.075810 1.646160
v 0.019192 0.075810 1.634160
v 0.007192 0.088216 1.634160
v 0.019192 0.088216 1.634160
v 0.031192 -0.061400 1.658400
v 0.031192 -0.048994 1.658400
v 0.043432 -0.061400 1.646160
v 0.043432 -0.048994 1.646160
v 0.031192 -0.061400 1.646160
v 0.031192 -0.048994 1.646160
v 0.055432 -0.036340 1.646160
v -0.041048 -0.023934 1.646160
v 0.067432 -0.023934 1.646160
v 0.067432 0.025938 1.646160
v 0.055432 0.050750 1.646160
v 0.067432 0.050750 1.646160
v 0.019192 0.075810 1.646160
v -0.004808 0.088216 1.634160
v -0.004808 0.088216 1.646160
v 0.019192 0.088216 1.646160
v -0.041048 -0.036340 1.658400
v -0.041048 -0.048994 1.658400
v -0.029048 -0.048994 1.658400
v -0.029048 -0.036340 1.658400
v 0.055432 -0.036340 1.658400
v -0.041048 -0.023934 1.658400
v 0.067432 -0.023934 1.658400
v 0.067432 0.000878 1.658400
v -0.041048 0.000878 1.670400
v -0.041048 -0.011528 1.670400
v 0.055432 0.050750 1.658400
v 0.067432 0.050750 1.658400
v 0.019192 0.075810 1.670400
v 0.031192 0.063404 1.670400
v 0.031192 0.075810 1.670400
v 0.019192 0.075810 1.658400
v -0.041048 0.013532 1.670400
v 0.055432 0.050750 1.670400
v 0.067432 0.050750 1.670400
v 0.043432 0.063404 1.670400
v 0.007192 0.088216 1.670400
v -0.004808 -0.061400 1.682400
v -0.004808 -0.073806 1.682400
v 0.007192 -0.073806 1.682400
v 0.007192 -0.061400 1.682400
v -0.004808 -0.048994 1.682400
v -0.029048 -0.036340 1.682400
v -0.041048 -0.036340 1.682400
v -0.041048 -0.011528 1.682400
v -0.041048 0.013532 1.682400
v 0.055432 0.050750 1.682400
v 0.043432 0.075810 1.670400
v -0.004808 0.088216 1.682400
v 0.007192 0.088216 1.682400
v 0.007192 0.088216 1.694400
v 0.007192 -0.061400 1.694400
v -0.017048 -0.048994 1.706640
v -0.004808 -0.061400 1.706640
v 0.007192 -0.048994 1.682400
v -0.004808 -0.061400 1.694400
v -0.029048 -0.036340 1.694400
v 0.043432 -0.048994 1.694400
v 0.043432 -0.036340 1.694400
v 0.055432 -0.048994 1.694400
v 0.055432 -0.036340 1.694400
v -0.041048 -0.036340 1.694400
v -0.041048 0.013532 1.694400
v 0.067432 0.013532 1.694400
v 0.067432 0.025938 1.694400
v 0.067432 0.038344 1.694400
v 0.067432 0.050750 1.694400
v 0.007192 -0.061400 1.718640
v 0.007192 -0.073806 1.718640
v 0.019192 -0.073806 1.718640
v 0.019192 -0.061400 1.718640
v 0.067432 -0.023934 1.706640
v 0.067432 0.000878 1.706640
v -0.041048 0.050750 1.706640
v -0.029048 0.050750 1.706640
v -0.029048 0.063404 1.706640
v -0.004808 0.088216 1.706640
v 0.007192 0.088216 1.706640
v 0.007192 -0.048994 1.718640
v 0.055432 0.050750 1.730640
v 0.067432 0.050750 1.730640
v -0.041048 0.063404 1.706640
v 0.019192 0.075810 1.718640
v 0.031192 0.075810 1.718640
v 0.007192 0.088216 1.718640
v 0.019192 0.088216 1.718640
v 0.067432 0.000878 1.730640
v -0.041048 0.013532 1.730640
v 0.067432 0.013532 1.730640
v -0.041048 0.025938 1.730640
v -0.041048 0.038344 1.730640
v -0.041048 0.063404 1.730640
v -0.029048 0.063404 1.730640
v -0.017048 0.063404 1.730640
v 0.055432 0.063404 1.730640
v -0.017048 0.075810 1.730640
v -0.004808 0.088216 1.742640
v 0.007192 0.088216 1.742640
v 0.031192 0.088216 1.718640
v -0.017048 -0.048994 1.742640
v -0.017048 -0.061400 1.742640
v -0.004808 -0.061400 1.742640
v -0.004808 -0.048994 1.742640
v 0.019192 -0.061400 1.742640
v 0.031192 -0.048994 1.742640
v 0.067432 0.000878 1.742640
v -0.041048 0.013532 1.754880
v 0.067432 0.038344 1.742640
v 0.067432 0.063404 1.730640
v -0.029048 0.075810 1.730640
v 0.019192 0.088216 1.754880
v 0.007192 0.088216 1.754880
v -0.004808 -0.061400 1.754880
v 0.019192 -0.061400 1.754880
v 0.019192 -0.061400 1.766880
v 0.055432 -0.036340 1.754880
v 0.055432 -0.023934 1.754880
v 0.067432 -0.036340 1.754880
v 0.067432 -0.023934 1.754880
v -0.041048 0.013532 1.766880
v -0.041048 0.000878 1.766880
v 0.067432 0.013532 1.766880
v -0.004808 -0.048994 1.766880
v 0.007192 -0.061400 1.766880
v -0.029048 -0.036340 1.766880
v -0.029048 -0.048994 1.766880
v -0.017048 -0.048994 1.766880
v -0.017048 -0.036340 1.766880
v -0.017048 0.075810 1.766880
v -0.004808 0.075810 1.766880
v -0.004808 0.088216 1.766880
v -0.004808 -0.061400 1.778880
v 0.007192 -0.061400 1.778880
v 0.007192 -0.061400 1.803120
v 0.019192 -0.061400 1.803120
v 0.019192 -0.048994 1.803120
v 0.031192 -0.061400 1.778880
v 0.031192 -0.048994 1.778880
v 0.019192 -0.061400 1.778880
v 0.019192 -0.048994 1.778880
v 0.067432 -0.011528 1.778880
v 0.067432 0.000878 1.778880
v 0.067432 0.063404 1.778880
v -0.017048 0.088216 1.766880
v 0.007192 0.088216 1.778880
v 0.019192 0.088216 1.778880
v -0.004808 -0.048994 1.803120
v -0.004808 -0.061400 1.803120
v -0.041048 -0.023934 1.790880
v -0.041048 -0.036340 1.790880
v -0.029048 -0.036340 1.790880
v -0.029048 -0.023934 1.790880
v 0.055432 -0.023934 1.790880
v 0.067432 -0.023934 1.790880
v 0.067432 -0.011528 1.790880
v 0.067432 -0.011528 1.803120
v 0.067432 0.000878 1.803120
v -0.041048 0.013532 1.790880
v 0.067432 0.000878 1.790880
v 0.067432 0.013532 1.790880
v 0.043432 0.063404 1.790880
v 0.055432 0.063404 1.790880
v 0.031192 0.075810 1.790880
v 0.043432 0.075810 1.790880
v 0.007192 0.100622 1.778880
v 0.019192 0.100622 1.778880
v 0.055432 0.063404 1.803120
v 0.031192 0.075810 1.815120
v 0.055432 0.075810 1.790880
v 0.055432 0.075810 1.803120
v 0.031192 0.075810 1.803120
v -0.004808 0.088216 1.803120
v 0.007192 0.088216 1.803120
v 0.007192 0.100622 1.803120
v -0.029048 0.063404 1.815120
v 0.055432 0.063404 1.815120
v 0.055432 0.075810 1.815120
v -0.004808 0.100622 1.803120
v 0.031192 -0.048994 1.827120
v 0.031192 -0.036340 1.827120
v 0.043432 -0.048994 1.827120
v 0.043432 -0.036340 1.827120
v 0.067432 -0.011528 1.827120
v 0.067432 0.000878 1.827120
v 0.067432 0.025938 1.827120
v 0.055432 0.063404 1.827120
v 0.031192 0.075810 1.827120
v 0.055432 0.075810 1.827120
v 0.043432 0.075810 1.827120
v -0.004808 0.088216 1.827120
v 0.031192 0.088216 1.827120
v 0.007192 0.100622 1.827120
v -0.004808 -0.048994 1.839120
v -0.004808 -0.061400 1.839120
v 0.007192 -0.061400 1.839120
v 0.007192 -0.048994 1.839120
v 0.043432 -0.036340 1.839120
v 0.043432 -0.023934 1.839120
v 0.055432 -0.036340 1.839120
v 0.055432 -0.023934 1.839120
v -0.041048 0.013532 1.839120
v -0.041048 0.025938 1.839120
v -0.041048 0.050750 1.839120
v -0.041048 0.063404 1.839120
v -0.029048 0.063404 1.839120
v -0.029048 0.075810 1.839120
v 0.043432 0.075810 1.839120
v 0.031192 0.075810 1.839120
v 0.031192 0.088216 1.839120
v 0.043432 0.088216 1.839120
v 0.043432 0.088216 1.827120
v -0.004808 0.100622 1.839120
v 0.007192 0.100622 1.839120
v 0.019192 0.088216 1.851360
v 0.019192 0.100622 1.851360
v 0.007192 0.100622 1.851360
v -0.017048 -0.036340 1.851360
v -0.017048 -0.048994 1.851360
v -0.004808 -0.048994 1.851360
v -0.004808 -0.036340 1.851360
v -0.029048 -0.023934 1.851360
v -0.041048 -0.011528 1.851360
v -0.041048 0.000878 1.851360
v -0.041048 0.013532 1.851360
v -0.041048 0.050750 1.851360
v 0.067432 0.025938 1.851360
v 0.067432 0.063404 1.851360
v -0.041048 0.075810 1.839120
v 0.031192 0.075810 1.851360
v 0.043432 0.075810 1.851360
v -0.004808 0.088216 1.851360
v 0.031192 0.088216 1.851360
v -0.004808 0.100622 1.851360
v 0.007192 -0.048994 1.875360
v 0.007192 -0.061400 1.875360
v 0.019192 -0.061400 1.875360
v 0.019192 -0.048994 1.875360
v -0.041048 -0.011528 1.875360
v -0.041048 -0.011528 1.863360
v -0.041048 0.025938 1.851360
v 0.067432 0.025938 1.863360
v 0.067432 0.038344 1.875360
v 0.067432 0.050750 1.875360
v -0.029048 0.075810 1.863360
v -0.004808 0.088216 1.863360
v 0.019192 0.088216 1.863360
v 0.043432 0.088216 1.851360
v -0.004808 0.100622 1.863360
v 0.019192 0.088216 1.875360
v 0.019192 0.100622 1.863360
v 0.019192 0.100622 1.875360
v 0.007192 0.100622 1.875360
v -0.004808 -0.036340 1.875360
v -0.004808 -0.048994 1.875360
v -0.017048 -0.036340 1.875360
v 0.067432 0.000878 1.875360
v -0.041048 0.038344 1.875360
v 0.055432 0.063404 1.875360
v -0.041048 0.075810 1.887360
v -0.029048 0.075810 1.887360
v -0.017048 0.075810 1.875360
v -0.029048 0.075810 1.875360
v -0.017048 0.088216 1.875360
v 0.031192 0.088216 1.875360
v -0.004808 0.100622 1.875360
v -0.017048 -0.048994 1.875360
v -0.017048 -0.036340 1.887360
v -0.017048 -0.048994 1.887360
v -0.004808 -0.048994 1.887360
v -0.004808 -0.036340 1.887360
v -0.029048 -0.023934 1.887360
v -0.029048 -0.036340 1.887360
v -0.017048 -0.023934 1.887360
v -0.041048 -0.011528 1.887360
v -0.041048 -0.023934 1.887360
v 0.067432 -0.023934 1.887360
v -0.041048 0.038344 1.899600
v -0.029048 0.088216 1.875360
v -0.004808 0.100622 1.899600
v 0.007192 0.100622 1.899600
v 0.031192 0.100622 1.899600
v 0.031192 0.100622 1.875360
v 0.019192 0.100622 1.899600
v 0.055432 -0.023934 1.899600
v 0.055432 -0.011528 1.899600
v 0.067432 -0.023934 1.899600
v 0.067432 0.000878 1.899600
v 0.067432 -0.011528 1.899600
v 0.055432 0.063404 1.899600
v 0.067432 0.063404 1.899600
v 0.055432 0.075810 1.899600
v -0.004808 0.088216 1.911600
v 0.019192 0.100622 1.911600
v 0.007192 0.100622 1.911600
v 0.019192 -0.048994 1.911600
v 0.019192 -0.036340 1.911600
v 0.031192 -0.048994 1.911600
v 0.031192 -0.036340 1.911600
v -0.041048 0.038344 1.911600
v 0.067432 0.075810 1.899600
v -0.041048 0.000878 1.923600
v -0.041048 0.013532 1.923600
v -0.041048 0.025938 1.923600
v -0.041048 0.038344 1.923600
v -0.017048 0.088216 1.923600
v -0.004808 0.088216 1.923600
v -0.004808 0.100622 1.923600
v -0.017048 -0.023934 1.935600
v 0.031192 -0.036340 1.935600
v 0.031192 -0.023934 1.935600
v 0.043432 -0.036340 1.935600
v 0.043432 -0.023934 1.935600
v -0.029048 -0.023934 1.935600
v -0.041048 0.000878 1.947840
v -0.041048 0.000878 1.935600
v 0.067432 0.025938 1.935600
v 0.067432 0.050750 1.935600
v 0.043432 0.075810 1.935600
v 0.055432 0.075810 1.935600
v -0.017048 0.088216 1.935600
v 0.031192 0.088216 1.935600
v 0.043432 0.088216 1.935600
v -0.017048 0.100622 1.923600
v -0.017048 0.100622 1.935600
v 0.031192 0.100622 1.935600
v -0.041048 -0.011528 1.959840
v -0.041048 -0.023934 1.959840
v -0.029048 -0.023934 1.959840
v 0.031192 -0.023934 1.959840
v 0.043432 -0.023934 1.959840
v 0.067432 0.013532 1.947840
v 0.067432 0.025938 1.947840
v 0.067432 0.025938 1.959840
v 0.067432 0.050750 1.959840
v 0.067432 0.050750 1.947840
v 0.055432 0.075810 1.947840
v 0.067432 0.075810 1.947840
v -0.017048 0.088216 1.947840
v 0.031192 0.088216 1.947840
v 0.055432 0.088216 1.935600
v 0.055432 0.088216 1.947840
v -0.017048 0.100622 1.947840
v 0.007192 0.100622 1.947840
v 0.019192 0.100622 1.947840
v -0.029048 -0.011528 1.959840
v 0.043432 0.088216 1.959840
v 0.007192 0.113276 1.947840
v 0.019192 0.113276 1.947840
v -0.004808 -0.036340 1.971840
v -0.017048 -0.023934 1.971840
v -0.017048 -0.036340 1.971840
v -0.004808 -0.023934 1.971840
v -0.029048 -0.011528 1.971840
v 0.067432 0.025938 1.971840
v 0.067432 0.050750 1.971840
v -0.017048 0.088216 1.971840
v 0.031192 0.088216 1.971840
v 0.043432 0.088216 1.971840
v 0.055432 0.075810 1.983840
v 0.043432 0.088216 1.983840
v -0.004808 0.100622 1.971840
v 0.007192 0.100622 1.971840
v 0.031192 0.100622 1.971840
v 0.007192 0.113276 1.971840
v -0.004808 -0.036340 1.983840
v -0.004808 -0.048994 1.983840
v 0.007192 -0.048994 1.983840
v 0.007192 -0.036340 1.983840
v 0.067432 0.025938 1.996080
v -0.041048 0.038344 1.983840
v -0.041048 0.063404 1.983840
v -0.041048 0.050750 1.983840
v -0.041048 0.075810 1.983840
v -0.029048 0.075810 1.983840
v -0.029048 0.088216 1.983840
v -0.017048 0.088216 1.983840
v -0.017048 0.088216 1.996080
v -0.004808 0.100622 1.996080
v 0.043432 0.100622 1.971840
v -0.004808 0.113276 1.971840
v 0.043432 -0.023934 2.008080
v 0.043432 -0.011528 2.008080
v 0.055432 -0.023934 2.008080
v 0.055432 -0.011528 2.008080
v 0.067432 -0.011528 1.996080
v 0.067432 0.000878 1.996080
v 0.067432 0.075810 1.996080
v -0.041048 0.088216 1.983840
v -0.041048 0.088216 1.996080
v 0.019192 0.100622 2.008080
v 0.043432 0.088216 2.008080
v 0.043432 0.100622 2.008080
v 0.007192 0.113276 1.996080
v 0.019192 0.113276 1.996080
v 0.007192 -0.036340 2.008080
v 0.007192 -0.048994 2.008080
v 0.019192 -0.048994 2.008080
v 0.019192 -0.036340 2.008080
v 0.007192 -0.023934 2.008080
v 0.019192 -0.023934 2.008080
v 0.067432 -0.011528 2.008080
v 0.067432 0.000878 2.008080
v -0.041048 0.013532 2.008080
v 0.067432 0.000878 2.020080
v 0.067432 0.025938 2.020080
v 0.067432 0.025938 2.008080
v -0.029048 0.088216 1.996080
v -0.029048 0.088216 2.008080
v 0.019192 0.100622 2.020080
v -0.041048 0.000878 2.020080
v -0.041048 0.013532 2.020080
v -0.041048 0.050750 2.032080
v -0.029048 0.088216 2.032080
v -0.017048 0.088216 2.020080
v -0.029048 0.088216 2.020080
v 0.043432 0.088216 2.020080
v 0.043432 0.100622 2.020080
v 0.019192 -0.036340 2.032080
v 0.019192 -0.023934 2.032080
v 0.031192 -0.036340 2.032080
v 0.031192 -0.023934 2.032080
v -0.029048 -0.011528 2.032080
v 0.031192 -0.011528 2.032080
v -0.041048 0.013532 2.068320
v 0.067432 0.038344 2.032080
v 0.067432 0.050750 2.032080
v -0.041048 0.063404 2.032080
v 0.067432 0.063404 2.032080
v 0.055432 0.075810 2.032080
v 0.067432 0.075810 2.032080
v 0.055432 0.088216 2.032080
v 0.031192 0.100622 2.020080
v 0.043432 0.088216 2.068320
v 0.031192 0.100622 2.068320
v 0.019192 0.100622 2.044320
v 0.019192 0.113276 2.044320
v -0.004808 -0.023934 2.044320
v 0.007192 -0.036340 2.044320
v -0.029048 -0.011528 2.044320
v -0.029048 -0.023934 2.044320
v 0.019192 -0.011528 2.032080
v 0.019192 -0.023934 2.080320
v 0.031192 -0.023934 2.080320
v 0.031192 -0.011528 2.080320
v 0.043432 -0.011528 2.044320
v 0.031192 -0.011528 2.044320
v -0.029048 -0.011528 2.056320
v 0.067432 0.063404 2.056320
v -0.041048 0.063404 2.056320
v -0.041048 0.075810 2.044320
v -0.041048 0.063404 2.044320
v 0.067432 0.075810 2.044320
v -0.029048 0.088216 2.044320
v -0.017048 0.088216 2.044320
v 0.043432 0.088216 2.044320
v 0.055432 0.088216 2.044320
v 0.067432 0.075810 2.056320
v 0.067432 0.088216 2.032080
v 0.055432 0.088216 2.056320
v -0.017048 0.100622 2.044320
v 0.031192 0.100622 2.044320
v -0.004808 -0.023934 2.068320
v -0.004808 -0.036340 2.068320
v 0.007192 -0.036340 2.068320
v 0.007192 -0.023934 2.068320
v 0.019192 -0.023934 2.092560
v 0.007192 -0.036340 2.092560
v 0.007192 -0.023934 2.092560
v -0.029048 -0.023934 2.056320
v -0.004808 -0.023934 2.056320
v -0.017048 -0.011528 2.056320
v -0.017048 -0.023934 2.056320
v -0.041048 0.038344 2.056320
v -0.041048 0.075810 2.068320
v -0.029048 0.100622 2.044320
v -0.004808 0.100622 2.056320
v 0.019192 0.113276 2.056320
v 0.031192 0.113276 2.044320
v -0.004808 -0.023934 2.080320
v -0.029048 -0.011528 2.068320
v 0.055432 -0.011528 2.068320
v 0.055432 0.000878 2.068320
v 0.067432 -0.011528 2.068320
v 0.067432 0.000878 2.068320
v -0.041048 0.038344 2.068320
v -0.041048 0.050750 2.068320
v 0.067432 0.063404 2.068320
v 0.019192 0.113276 2.080320
v 0.031192 0.113276 2.068320
v 0.019192 0.113276 2.068320
v -0.041048 -0.011528 2.080320
v -0.029048 -0.011528 2.080320
v -0.029048 -0.011528 2.092560
v -0.041048 0.050750 2.104560
v -0.041048 0.038344 2.104560
v -0.041048 0.063404 2.092560
v -0.041048 0.050750 2.092560
v 0.067432 0.063404 2.104560
v 0.067432 0.075810 2.104560
v -0.017048 0.100622 2.080320
v 0.031192 0.100622 2.080320
v -0.041048 -0.011528 2.092560
v -0.041048 0.038344 2.092560
v 0.067432 0.063404 2.092560
v -0.041048 0.075810 2.092560
v 0.043432 0.088216 2.092560
v 0.055432 0.088216 2.092560
v -0.017048 0.100622 2.104560
v -0.004808 0.100622 2.092560
v -0.017048 0.100622 2.092560
v 0.043432 0.100622 2.092560
v -0.004808 0.113276 2.092560
v -0.017048 -0.011528 2.104560
v -0.017048 -0.023934 2.104560
v 0.031192 -0.023934 2.104560
v 0.031192 -0.011528 2.104560
v 0.043432 -0.023934 2.104560
v 0.043432 -0.011528 2.104560
v -0.041048 0.000878 2.104560
v -0.041048 -0.011528 2.104560
v -0.029048 -0.011528 2.104560
v -0.029048 0.000878 2.104560
v 0.067432 0.038344 2.104560
v -0.041048 0.075810 2.104560
v -0.041048 0.075810 2.116560
v 0.055432 0.088216 2.104560
v 0.067432 0.088216 2.104560
v 0.031192 0.100622 2.104560
v 0.055432 0.100622 2.104560
v 0.055432 0.100622 2.092560
v -0.017048 0.113276 2.092560
v -0.017048 0.113276 2.116560
v -0.017048 0.100622 2.116560
v -0.004808 0.113276 2.116560
v 0.007192 0.113276 2.104560
v 0.007192 0.113276 2.116560
v 0.019192 0.113276 2.104560
v -0.017048 -0.011528 2.140800
v -0.017048 -0.023934 2.140800
v -0.004808 -0.023934 2.140800
v -0.029048 0.000878 2.116560
v -0.029048 -0.011528 2.116560
v 0.043432 -0.011528 2.116560
v 0.055432 -0.011528 2.116560
v -0.041048 0.000878 2.116560
v -0.041048 0.013532 2.128560
v 0.067432 0.050750 2.104560
v -0.041048 0.063404 2.104560
v 0.031192 0.100622 2.128560
v 0.031192 0.088216 2.128560
v 0.055432 0.088216 2.128560
v 0.055432 0.100622 2.128560
v 0.019192 0.113276 2.116560
v 0.007192 0.125682 2.104560
v 0.007192 0.125682 2.116560
v 0.019192 0.125682 2.104560
v 0.031192 -0.011528 2.128560
v -0.041048 -0.011528 2.116560
v -0.041048 0.000878 2.128560
v -0.041048 -0.011528 2.128560
v -0.029048 -0.011528 2.128560
v -0.029048 0.000878 2.128560
v 0.043432 -0.011528 2.128560
v 0.055432 0.000878 2.140800
v 0.043432 -0.011528 2.140800
v 0.067432 0.013532 2.128560
v -0.041048 0.075810 2.140800
v -0.041048 0.088216 2.128560
v -0.041048 0.075810 2.128560
v -0.029048 0.088216 2.128560
v 0.067432 0.088216 2.128560
v -0.029048 0.100622 2.128560
v -0.017048 0.100622 2.128560
v 0.043432 0.100622 2.128560
v 0.043432 0.088216 2.128560
v -0.017048 0.113276 2.128560
v 0.007192 0.113276 2.128560
v -0.004808 0.113276 2.128560
v 0.019192 0.113276 2.128560
v 0.031192 0.113276 2.128560
v 0.007192 0.125682 2.128560
v 0.019192 0.113276 2.140800
v 0.007192 0.125682 2.140800
v 0.007192 -0.023934 2.140800
v 0.007192 -0.036340 2.140800
v 0.019192 -0.036340 2.140800
v 0.019192 -0.023934 2.140800
v 0.019192 -0.011528 2.140800
v 0.067432 0.000878 2.140800
v 0.067432 0.013532 2.140800
v 0.067432 0.013532 2.152800
v -0.041048 0.063404 2.152800
v -0.041048 0.050750 2.152800
v 0.067432 0.063404 2.140800
v -0.041048 0.100622 2.128560
v -0.041048 0.100622 2.140800
v -0.017048 0.100622 2.140800
v 0.043432 0.100622 2.140800
v 0.043432 0.113276 2.128560
v 0.043432 0.113276 2.140800
v 0.031192 0.100622 2.140800
v 0.031192 0.113276 2.140800
v -0.004808 0.125682 2.128560
v -0.017048 -0.011528 2.152800
v -0.017048 -0.023934 2.152800
v -0.004808 -0.023934 2.152800
v -0.004808 -0.011528 2.152800
v 0.019192 -0.023934 2.152800
v 0.043432 -0.011528 2.152800
v 0.043432 0.000878 2.152800
v 0.055432 -0.011528 2.152800
v 0.055432 0.000878 2.152800
v 0.067432 0.063404 2.152800
v 0.067432 0.075810 2.152800
v -0.041048 0.088216 2.152800
v -0.041048 0.100622 2.152800
v -0.017048 0.100622 2.152800
v 0.031192 0.100622 2.152800
v 0.043432 0.100622 2.152800
v 0.031192 0.113276 2.152800
v 0.043432 0.113276 2.152800
v 0.031192 0.113276 2.176800
v -0.004808 -0.023934 2.164800
v 0.019192 -0.011528 2.176800
v -0.041048 0.000878 2.164800
v -0.041048 0.025938 2.164800
v -0.041048 0.038344 2.164800
v -0.041048 0.050750 2.164800
v -0.041048 0.063404 2.176800
v -0.041048 0.050750 2.176800
v -0.041048 0.063404 2.164800
v 0.055432 0.088216 2.164800
v 0.067432 0.063404 2.176800
v 0.067432 0.075810 2.176800
v 0.067432 0.075810 2.164800
v 0.067432 0.088216 2.164800
v -0.041048 0.088216 2.164800
v -0.041048 0.075810 2.176800
v -0.029048 0.100622 2.152800
v -0.029048 0.100622 2.189040
v 0.055432 0.100622 2.164800
v -0.004808 -0.011528 2.176800
v -0.004808 -0.023934 2.176800
v -0.004808 -0.023934 2.201040
v 0.019192 -0.023934 2.201040
v 0.019192 -0.011528 2.201040
v -0.004808 -0.011528 2.201040
v 0.067432 0.013532 2.176800
v 0.067432 0.025938 2.176800
v 0.067432 0.038344 2.176800
v 0.067432 0.050750 2.176800
v 0.055432 0.088216 2.176800
v 0.067432 0.088216 2.176800
v -0.017048 0.100622 2.176800
v -0.029048 0.100622 2.176800
v 0.055432 0.100622 2.176800
v 0.055432 0.100622 2.189040
v -0.017048 0.113276 2.176800
v -0.004808 0.113276 2.176800
v 0.019192 0.113276 2.176800
v -0.004808 0.125682 2.176800
v 0.019192 0.125682 2.176800
v 0.031192 -0.023934 2.201040
v 0.031192 -0.011528 2.201040
v -0.029048 0.000878 2.201040
v -0.029048 -0.011528 2.201040
v -0.017048 -0.011528 2.201040
v -0.017048 0.000878 2.201040
v 0.055432 0.000878 2.189040
v 0.055432 0.013532 2.189040
v 0.067432 0.000878 2.189040
v 0.067432 0.013532 2.189040
v 0.055432 0.013532 2.201040
v 0.067432 0.013532 2.201040
v 0.067432 0.025938 2.201040
v 0.067432 0.025938 2.189040
v -0.041048 0.050750 2.201040
v -0.041048 0.038344 2.201040
v 0.067432 0.050750 2.189040
v -0.041048 0.050750 2.189040
v -0.041048 0.075810 2.189040
v -0.041048 0.088216 2.201040
v -0.041048 0.075810 2.201040
v 0.067432 0.100622 2.176800
v -0.029048 0.113276 2.176800
v -0.017048 0.113276 2.213040
v -0.004808 0.113276 2.189040
v -0.017048 0.113276 2.189040
v -0.004808 0.113276 2.201040
v 0.031192 0.125682 2.176800
v 0.067432 0.050750 2.213040
v 0.067432 0.088216 2.213040
v 0.019192 0.125682 2.213040
v 0.007192 -0.023934 2.201040
v 0.019192 -0.023934 2.273280
v 0.019192 -0.011528 2.273280
v 0.007192 -0.023934 2.273280
v 0.007192 -0.011528 2.273280
v -0.041048 0.025938 2.213040
v -0.041048 0.038344 2.213040
v -0.041048 0.050750 2.225040
v -0.041048 0.063404 2.213040
v -0.041048 0.050750 2.213040
v -0.041048 0.075810 2.213040
v -0.041048 0.088216 2.213040
v -0.041048 0.088216 2.225040
v -0.029048 0.100622 2.225040
v 0.043432 0.100622 2.213040
v 0.067432 0.100622 2.213040
v -0.041048 0.038344 2.237280
v -0.041048 0.063404 2.249280
v 0.043432 0.100622 2.225040
v 0.067432 0.100622 2.225040
v 0.019192 0.125682 2.237280
v -0.004808 -0.011528 2.249280
v -0.004808 -0.023934 2.249280
v 0.007192 -0.023934 2.249280
v 0.007192 -0.011528 2.249280
v 0.031192 -0.011528 2.237280
v 0.031192 0.000878 2.237280
v 0.043432 -0.011528 2.237280
v 0.043432 0.000878 2.237280
v -0.041048 0.013532 2.237280
v -0.041048 0.000878 2.237280
v -0.029048 0.000878 2.237280
v -0.029048 0.013532 2.237280
v -0.041048 0.063404 2.237280
v 0.067432 0.063404 2.237280
v -0.041048 0.088216 2.237280
v 0.043432 0.100622 2.237280
v 0.055432 0.100622 2.237280
v 0.067432 0.100622 2.237280
v -0.017048 0.113276 2.237280
v -0.004808 0.113276 2.237280
v 0.043432 0.113276 2.237280
v -0.004808 0.125682 2.237280
v 0.019192 0.113276 2.249280
v 0.019192 0.125682 2.249280
v -0.041048 0.088216 2.261280
v -0.041048 0.100622 2.249280
v -0.041048 0.088216 2.249280
v -0.029048 0.100622 2.249280
v 0.055432 0.113276 2.237280
v -0.017048 0.125682 2.237280
v 0.007192 0.125682 2.249280
v -0.004808 -0.011528 2.273280
v 0.007192 -0.011528 2.261280
v -0.004808 -0.011528 2.261280
v 0.067432 0.075810 2.261280
v 0.055432 0.100622 2.261280
v 0.067432 0.100622 2.261280
v 0.007192 0.138088 2.249280
v 0.019192 0.138088 2.249280
v -0.029048 0.013532 2.273280
v 0.043432 0.000878 2.273280
v 0.043432 0.013532 2.273280
v 0.055432 0.000878 2.273280
v 0.055432 0.013532 2.273280
v -0.041048 0.075810 2.273280
v 0.067432 0.088216 2.261280
v -0.029048 0.113276 2.285520
v -0.029048 0.100622 2.285520
v 0.031192 0.113276 2.273280
v 0.043432 0.113276 2.273280
v -0.004808 0.125682 2.273280
v 0.007192 0.125682 2.273280
v 0.031192 0.125682 2.273280
v 0.007192 0.138088 2.273280
v -0.017048 0.000878 2.285520
v -0.017048 -0.011528 2.285520
v -0.004808 -0.011528 2.285520
v -0.004808 0.000878 2.285520
v 0.007192 -0.011528 2.285520
v 0.019192 -0.011528 2.285520
v -0.041048 0.025938 2.297520
v -0.041048 0.013532 2.297520
v 0.067432 0.025938 2.285520
v 0.067432 0.050750 2.285520
v 0.067432 0.075810 2.285520
v -0.041048 0.100622 2.285520
v 0.043432 0.125682 2.273280
v -0.004808 0.138088 2.273280
v -0.004808 -0.011528 2.297520
v 0.007192 -0.011528 2.297520
v 0.007192 -0.011528 2.309520
v 0.067432 0.025938 2.297520
v 0.067432 0.038344 2.297520
v -0.041048 0.075810 2.297520
v -0.041048 0.088216 2.297520
v 0.055432 0.100622 2.297520
v 0.055432 0.100622 2.309520
v 0.067432 0.100622 2.309520
v -0.041048 0.100622 2.297520
v -0.041048 0.113276 2.285520
v -0.041048 0.113276 2.297520
v -0.017048 0.113276 2.297520
v -0.004808 0.000878 2.309520
v 0.031192 -0.011528 2.321520
v 0.031192 0.000878 2.321520
v 0.019192 -0.011528 2.321520
v 0.019192 0.000878 2.321520
v -0.029048 0.013532 2.309520
v -0.029048 0.000878 2.309520
v 0.055432 0.013532 2.309520
v 0.055432 0.025938 2.309520
v 0.067432 0.013532 2.309520
v 0.067432 0.025938 2.309520
v 0.055432 0.025938 2.321520
v 0.067432 0.025938 2.321520
v 0.067432 0.038344 2.321520
v -0.041048 0.075810 2.309520
v -0.041048 0.100622 2.309520
v -0.041048 0.088216 2.309520
v -0.041048 0.088216 2.321520
v -0.041048 0.113276 2.309520
v -0.017048 0.113276 2.309520
v 0.055432 0.113276 2.309520
v -0.004808 0.000878 2.321520
v 0.007192 -0.011528 2.321520
v -0.029048 0.013532 2.321520
v -0.029048 0.000878 2.321520
v -0.017048 0.013532 2.321520
v -0.017048 0.000878 2.321520
v -0.041048 0.025938 2.321520
v 0.055432 0.025938 2.333760
v -0.041048 0.038344 2.321520
v -0.041048 0.050750 2.321520
v 0.055432 0.100622 2.321520
v 0.067432 0.100622 2.321520
v -0.029048 0.113276 2.321520
v -0.017048 0.113276 2.321520
v 0.055432 0.113276 2.321520
v 0.055432 0.113276 2.345760
v -0.017048 0.125682 2.321520
v -0.004808 0.000878 2.345760
v -0.004808 -0.011528 2.345760
v 0.007192 -0.011528 2.345760
v 0.007192 0.000878 2.345760
v 0.019192 0.000878 2.357760
v 0.007192 -0.011528 2.357760
v 0.007192 0.000878 2.357760
v -0.041048 0.025938 2.345760
v -0.041048 0.013532 2.345760
v -0.041048 0.025938 2.333760
v 0.067432 0.050750 2.333760
v -0.041048 0.063404 2.333760
v 0.067432 0.075810 2.333760
v -0.041048 0.088216 2.333760
v 0.067432 0.088216 2.333760
v -0.029048 0.113276 2.333760
v 0.067432 0.113276 2.333760
v 0.067432 0.113276 2.321520
v -0.029048 0.125682 2.321520
v -0.029048 0.125682 2.333760
v -0.017048 0.113276 2.333760
v -0.017048 0.125682 2.333760
v 0.019192 0.125682 2.333760
v 0.019192 0.113276 2.333760
v 0.031192 0.113276 2.333760
v 0.031192 0.125682 2.333760
v 0.019192 0.138088 2.333760
v 0.019192 0.000878 2.345760
v 0.043432 0.000878 2.345760
v 0.043432 0.013532 2.345760
v 0.067432 0.025938 2.357760
v 0.067432 0.038344 2.357760
v 0.067432 0.063404 2.333760
v -0.041048 0.075810 2.333760
v -0.041048 0.063404 2.369760
v -0.041048 0.063404 2.357760
v 0.067432 0.088216 2.357760
v 0.067432 0.088216 2.345760
v -0.041048 0.088216 2.357760
v 0.067432 0.113276 2.345760
v -0.029048 0.113276 2.345760
v -0.017048 0.113276 2.345760
v -0.017048 0.125682 2.345760
v -0.004808 0.125682 2.345760
v 0.031192 0.125682 2.357760
v 0.043432 0.113276 2.357760
v 0.043432 0.125682 2.357760
v 0.031192 0.138088 2.333760
v 0.019192 0.138088 2.357760
v -0.017048 0.013532 2.382000
v -0.017048 0.000878 2.382000
v -0.004808 0.000878 2.382000
v -0.004808 0.013532 2.382000
v 0.043432 0.000878 2.357760
v 0.043432 0.013532 2.357760
v -0.041048 0.025938 2.357760
v -0.041048 0.013532 2.357760
v -0.029048 0.013532 2.357760
v -0.029048 0.025938 2.357760
v 0.067432 0.100622 2.357760
v 0.067432 0.100622 2.345760
v -0.029048 0.113276 2.357760
v 0.055432 0.113276 2.357760
v 0.067432 0.100622 2.369760
v 0.055432 0.113276 2.369760
v -0.029048 0.125682 2.345760
v -0.029048 0.125682 2.357760
v -0.004808 0.125682 2.357760
v 0.031192 0.000878 2.369760
v 0.031192 0.013532 2.369760
v 0.043432 0.000878 2.369760
v 0.043432 0.013532 2.369760
v 0.055432 0.025938 2.369760
v -0.041048 0.088216 2.369760
v -0.041048 0.100622 2.382000
v -0.041048 0.088216 2.382000
v -0.029048 0.100622 2.382000
v -0.029048 0.113276 2.369760
v -0.029048 0.125682 2.369760
v -0.004808 0.125682 2.369760
v 0.055432 0.125682 2.357760
v -0.004808 0.138088 2.369760
v 0.043432 0.013532 2.382000
v 0.043432 0.025938 2.382000
v 0.055432 0.013532 2.382000
v 0.055432 0.025938 2.382000
v 0.055432 0.075810 2.394000
v 0.055432 0.063404 2.394000
v 0.067432 0.063404 2.394000
v 0.067432 0.075810 2.394000
v 0.055432 0.100622 2.382000
v 0.067432 0.100622 2.382000
v -0.041048 0.113276 2.382000
v -0.029048 0.113276 2.382000
v 0.055432 0.113276 2.382000
v 0.067432 0.113276 2.382000
v -0.029048 0.125682 2.382000
v -0.004808 0.125682 2.382000
v -0.017048 0.125682 2.382000
v -0.017048 0.113276 2.382000
v 0.031192 0.125682 2.382000
v 0.031192 0.113276 2.382000
v 0.055432 0.125682 2.382000
v -0.004808 0.138088 2.382000
v 0.007192 0.125682 2.382000
v 0.007192 0.138088 2.382000
v 0.019192 0.125682 2.382000
v 0.019192 0.138088 2.382000
v 0.031192 0.138088 2.382000
v 0.007192 0.000878 2.394000
v 0.007192 -0.011528 2.394000
v 0.019192 -0.011528 2.394000
v 0.019192 0.000878 2.394000
v -0.004808 0.013532 2.394000
v 0.019192 0.013532 2.394000
v 0.031192 0.000878 2.394000
v 0.031192 0.013532 2.394000
v -0.029048 0.025938 2.394000
v -0.029048 0.013532 2.394000
v -0.017048 0.013532 2.394000
v -0.017048 0.025938 2.394000
v 0.031192 0.025938 2.394000
v 0.043432 0.013532 2.394000
v 0.043432 0.025938 2.394000
v -0.041048 0.038344 2.394000
v -0.041048 0.025938 2.394000
v -0.029048 0.038344 2.394000
v 0.043432 0.038344 2.394000
v 0.055432 0.038344 2.394000
v 0.067432 0.025938 2.394000
v 0.055432 0.050750 2.394000
v -0.041048 0.088216 2.394000
v -0.029048 0.088216 2.394000
v 0.055432 0.088216 2.394000
v -0.041048 0.100622 2.394000
v -0.029048 0.100622 2.394000
v 0.055432 0.100622 2.394000
v 0.067432 0.100622 2.394000
v -0.017048 0.100622 2.382000
v -0.017048 0.100622 2.394000
v -0.017048 0.113276 2.394000
v 0.031192 0.113276 2.394000
v 0.043432 0.100622 2.394000
v 0.043432 0.113276 2.394000
v 0.055432 0.113276 2.394000
v -0.017048 0.125682 2.394000
v -0.004808 0.113276 2.394000
v -0.004808 0.125682 2.394000
v 0.007192 0.125682 2.394000
v 0.019192 0.125682 2.394000
v 0.007192 0.138088 2.394000
v 0.019192 0.138088 2.394000
v -0.004808 0.013532 2.406000
v -0.004808 0.000878 2.406000
v 0.019192 0.000878 2.406000
v 0.019192 0.013532 2.406000
v 0.031192 0.025938 2.406000
v 0.031192 0.013532 2.406000
v -0.017048 0.025938 2.406000
v -0.017048 0.013532 2.406000
v -0.029048 0.038344 2.406000
v -0.029048 0.025938 2.406000
v -0.017048 0.038344 2.406000
v 0.007192 0.038344 2.406000
v 0.007192 0.025938 2.406000
v 0.043432 0.025938 2.406000
v 0.043432 0.038344 2.406000
v -0.041048 0.038344 2.406000
v -0.004808 0.050750 2.406000
v -0.004808 0.038344 2.406000
v 0.007192 0.050750 2.406000
v 0.031192 0.050750 2.406000
v 0.055432 0.038344 2.406000
v -0.029048 0.063404 2.406000
v -0.017048 0.063404 2.406000
v -0.004808 0.063404 2.406000
v -0.004808 0.088216 2.406000
v 0.007192 0.088216 2.406000
v 0.031192 0.088216 2.406000
v 0.043432 0.088216 2.406000
v -0.029048 0.075810 2.406000
v -0.004808 0.075810 2.406000
v -0.041048 0.088216 2.406000
v -0.029048 0.088216 2.406000
v -0.017048 0.075810 2.406000
v -0.004808 0.100622 2.406000
v 0.007192 0.113276 2.406000
v 0.031192 0.113276 2.406000
v 0.043432 0.100622 2.406000
v 0.055432 0.100622 2.406000
v -0.029048 0.113276 2.406000
v -0.017048 0.113276 2.406000
v -0.004808 0.113276 2.406000
v 0.043432 0.113276 2.406000
v -0.004808 0.125682 2.406000
v 0.031192 0.125682 2.406000
vn -1.0000 -0.0000 -0.0000
vn 1.0000 -0.0000 -0.0000
vn -0.0000 -0.0000 -1.0000
vn -0.0000 -1.0000 -0.0000
vn -0.0000 -0.0000 1.0000
vn -0.0000 1.0000 -0.0000
vn -1.0000 -0.0000 -0.0001
vn -0.0001 -1.0000 -0.0000
vn 0.0013 1.0000 -0.0001
vn -0.0001 1.0000 -0.0000
vn 0.0019 1.0000 -0.0001
vn 0.0005 -1.0000 0.0001
vn 0.0001 -1.0000 -0.0000
vn 1.0000 -0.0000 0.0001
vt 0.434575 0.812076
vt 0.438725 0.814151
vt 0.434575 0.814151
vt 0.046666 0.937076
vt 0.050816 0.939151
vt 0.042474 0.939151
vt 0.453352 0.920391
vt 0.447086 0.909974
vt 0.449161 0.903707
vt 0.880601 0.048085
vt 0.882676 0.073112
vt 0.878525 0.073112
vt 0.820804 0.871989
vt 0.822921 0.886598
vt 0.820804 0.886598
vt 0.827071 0.580016
vt 0.824996 0.577941
vt 0.829147 0.580016
vt 0.288870 0.139139
vt 0.304768 0.123241
vt 0.288870 0.123241
vt 0.480762 0.083177
vt 0.488711 0.075228
vt 0.480762 0.075228
vt 0.046648 0.778707
vt 0.044572 0.776632
vt 0.048723 0.778707
vt 0.818729 0.544572
vt 0.818729 0.546648
vt 0.816654 0.548723
vt 0.367857 0.909974
vt 0.372007 0.920391
vt 0.363665 0.920391
vt 0.236440 0.784974
vt 0.242707 0.780782
vt 0.246858 0.791200
vt 0.888943 0.052277
vt 0.886868 0.050202
vt 0.888943 0.050202
vt 0.472813 0.123082
vt 0.480762 0.131031
vt 0.480762 0.123082
vt 0.453352 0.924542
vt 0.455428 0.926658
vt 0.445010 0.924542
vt 0.440819 0.926658
vt 0.440819 0.924542
vt 0.829147 0.554990
vt 0.824996 0.554990
vt 0.824996 0.546648
vt 0.052914 0.776632
vt 0.050839 0.778707
vt 0.050839 0.776632
vt 0.818729 0.550839
vt 0.816654 0.552915
vt 0.816654 0.550839
vt 0.878525 0.023059
vt 0.336883 0.019266
vt 0.874334 0.020984
vt 0.472813 0.123082
vt 0.480762 0.115133
vt 0.472813 0.115133
vt 0.054990 0.784974
vt 0.052914 0.791200
vt 0.052914 0.784974
vt 0.425118 0.203050
vt 0.433067 0.210999
vt 0.433067 0.203050
vt 0.425118 0.186834
vt 0.433067 0.194942
vt 0.433067 0.186834
vt 0.071674 0.770365
vt 0.069599 0.766173
vt 0.071674 0.768290
vt 0.203090 0.916200
vt 0.200973 0.909974
vt 0.203090 0.907858
vt 0.057065 0.797467
vt 0.054990 0.799542
vt 0.054990 0.797467
vt 0.472813 0.138821
vt 0.480762 0.146770
vt 0.480762 0.138821
vt 0.442935 0.912049
vt 0.442935 0.914124
vt 0.958338 0.069359
vt 0.958338 0.067283
vt 0.960413 0.061016
vt 0.465023 0.210999
vt 0.472972 0.203050
vt 0.465023 0.203050
vt 0.376181 0.805809
vt 0.374105 0.807884
vt 0.369914 0.807884
vt 0.472813 0.059171
vt 0.480762 0.067120
vt 0.480762 0.059171
vt 0.312717 0.195260
vt 0.320666 0.187152
vt 0.312717 0.187152
vt 0.878525 0.046010
vt 0.880601 0.046010
vt 0.820804 0.586283
vt 0.822921 0.582091
vt 0.829147 0.586283
vt 0.011250 0.011250
vt 0.441016 0.075387
vt 0.051250 0.011250
vt 0.226023 0.801658
vt 0.230173 0.799542
vt 0.232249 0.799542
vt 0.820804 0.940842
vt 0.818729 0.944992
vt 0.818729 0.932500
vt 0.374082 0.897440
vt 0.369932 0.899515
vt 0.369932 0.897440
vt 0.059181 0.791200
vt 0.061257 0.793316
vt 0.393162 0.155037
vt 0.401112 0.170935
vt 0.401112 0.155037
vt 0.947921 0.058941
vt 0.954147 0.061016
vt 0.945804 0.061016
vt 0.417328 0.043113
vt 0.425277 0.059171
vt 0.425277 0.043113
vt 0.409567 0.924542
vt 0.827071 0.567523
vt 0.822921 0.569599
vt 0.822921 0.567523
vt 0.882676 0.031401
vt 0.878525 0.029326
vt 0.882676 0.029326
vt 0.882676 0.037668
vt 0.878525 0.035593
vt 0.882676 0.035593
vt 0.425118 0.131031
vt 0.425118 0.138980
vt 0.433067 0.146929
vt 0.433226 0.211158
vt 0.441175 0.203209
vt 0.433226 0.203209
vt 0.065407 0.780782
vt 0.067524 0.778707
vt 0.096700 0.778707
vt 0.344991 0.035323
vt 0.344991 0.043272
vt 0.378256 0.791200
vt 0.365763 0.793316
vt 0.384523 0.787049
vt 0.827071 0.569599
vt 0.822921 0.571674
vt 0.878525 0.027251
vt 0.882676 0.027251
vt 0.054990 0.793316
vt 0.884792 0.029326
vt 0.882676 0.039743
vt 0.829147 0.569599
vt 0.827071 0.571674
vt 0.401271 0.187470
vt 0.409220 0.179362
vt 0.401271 0.179362
vt 0.820804 0.615459
vt 0.820804 0.630068
vt 0.818729 0.609234
vt 0.296819 0.195260
vt 0.304768 0.203209
vt 0.304768 0.195260
vt 0.816654 0.723906
vt 0.818729 0.713489
vt 0.818729 0.726023
vt 0.296819 0.179044
vt 0.304768 0.187152
vt 0.304768 0.179044
vt 0.882676 0.043935
vt 0.880601 0.041860
vt 0.878525 0.039743
vt 0.384895 0.083177
vt 0.376946 0.019266
vt 0.368838 0.019266
vt 0.480921 0.035482
vt 0.488870 0.043432
vt 0.488870 0.035482
vt 0.430401 0.895365
vt 0.428326 0.893290
vt 0.430401 0.893290
vt 0.296819 0.203209
vt 0.304768 0.211158
vt 0.947921 0.019306
vt 0.945804 0.023456
vt 0.945804 0.019306
vt 0.878525 0.031401
vt 0.824996 0.573749
vt 0.827071 0.577941
vt 0.878525 0.031401
vt 0.876450 0.029326
vt 0.011250 0.051250
vt 0.376787 0.171413
vt 0.384895 0.163304
vt 0.376787 0.163304
vt 0.360730 0.195260
vt 0.352781 0.203209
vt 0.360730 0.203209
vt 0.288870 0.187152
vt 0.296819 0.195260
vt 0.296819 0.187152
vt 0.073749 0.759948
vt 0.071674 0.762023
vt 0.071674 0.759948
vt 0.447068 0.797467
vt 0.430383 0.799542
vt 0.432500 0.797467
vt 0.820804 0.959601
vt 0.816654 0.942917
vt 0.820804 0.957526
vt 0.409220 0.171253
vt 0.401271 0.179362
vt 0.400953 0.203209
vt 0.393004 0.195260
vt 0.393004 0.203209
vt 0.472972 0.106865
vt 0.480921 0.098916
vt 0.472972 0.098916
vt 0.884792 0.041860
vt 0.884792 0.039743
vt 0.441175 0.195260
vt 0.428326 0.895365
vt 0.426251 0.893290
vt 0.344991 0.195419
vt 0.337042 0.203368
vt 0.344991 0.203368
vt 0.880601 0.043935
vt 0.878525 0.041860
vt 0.441175 0.170935
vt 0.428326 0.897440
vt 0.426251 0.895365
vt 0.882676 0.046010
vt 0.352940 0.107183
vt 0.824996 0.561257
vt 0.360889 0.099234
vt 0.069599 0.755756
vt 0.073749 0.753681
vt 0.075866 0.753681
vt 0.831263 0.602967
vt 0.831263 0.632143
vt 0.829147 0.619651
vt 0.426251 0.878681
vt 0.424134 0.876606
vt 0.426251 0.876606
vt 0.822921 0.575866
vt 0.822921 0.573749
vt 0.880601 0.025176
vt 0.882676 0.025176
vt 0.472972 0.114815
vt 0.480921 0.106866
vt 0.472972 0.106866
vt 0.827071 0.561257
vt 0.393004 0.059171
vt 0.344991 0.155037
vt 0.353099 0.138980
vt 0.344991 0.138980
vt 0.455428 0.901632
vt 0.453352 0.903707
vt 0.403300 0.903707
vt 0.409220 0.171253
vt 0.401112 0.163145
vt 0.401112 0.171253
vt 0.417010 0.075069
vt 0.425118 0.083177
vt 0.425118 0.075069
vt 0.449124 0.027374
vt 0.441175 0.019266
vt 0.441175 0.027374
vt 0.449124 0.043590
vt 0.457074 0.051699
vt 0.457074 0.043590
vt 0.884792 0.043935
vt 0.882676 0.041860
vt 0.449124 0.027374
vt 0.441175 0.035482
vt 0.449124 0.035482
vt 0.878525 0.043935
vt 0.876450 0.041860
vt 0.163437 0.793316
vt 0.163437 0.787049
vt 0.165512 0.789124
vt 0.077941 0.766173
vt 0.075866 0.768290
vt 0.075866 0.766173
vt 0.424134 0.893290
vt 0.422059 0.891173
vt 0.424134 0.891173
vt 0.488870 0.027533
vt 0.464864 0.067279
vt 0.472813 0.059171
vt 0.464864 0.059171
vt 0.488870 0.043590
vt 0.480921 0.051540
vt 0.488870 0.051540
vt 0.472972 0.170776
vt 0.480921 0.162827
vt 0.472972 0.162827
vt 0.884792 0.046010
vt 0.876450 0.043935
vt 0.304768 0.203368
vt 0.884792 0.023059
vt 0.422059 0.876606
vt 0.419984 0.874489
vt 0.422059 0.874489
vt 0.422059 0.878681
vt 0.419984 0.876606
vt 0.457074 0.195260
vt 0.449124 0.203209
vt 0.457074 0.203209
vt 0.441016 0.059171
vt 0.448965 0.067279
vt 0.448965 0.059171
vt 0.465023 0.195260
vt 0.465023 0.203209
vt 0.044572 0.797467
vt 0.046648 0.797467
vt 0.947921 0.561275
vt 0.947921 0.567500
vt 0.945804 0.552932
vt 0.433067 0.162827
vt 0.425118 0.146929
vt 0.425118 0.162827
vt 0.311537 0.924542
vt 0.301120 0.924542
vt 0.253142 0.922467
vt 0.259409 0.899515
vt 0.261485 0.901632
vt 0.221849 0.901632
vt 0.417010 0.099075
vt 0.408902 0.083177
vt 0.408902 0.099075
vt 0.426251 0.887023
vt 0.426251 0.889098
vt 0.130068 0.797467
vt 0.157170 0.797467
vt 0.132144 0.799542
vt 0.251049 0.793316
vt 0.248933 0.791200
vt 0.255200 0.787049
vt 0.230173 0.793316
vt 0.246858 0.793316
vt 0.257316 0.795391
vt 0.441016 0.146929
vt 0.448965 0.155037
vt 0.448965 0.146929
vt 0.472972 0.027374
vt 0.465023 0.035323
vt 0.472972 0.035323
vt 0.884792 0.048085
vt 0.878525 0.048085
vt 0.876450 0.046010
vt 0.949996 0.584184
vt 0.947921 0.586301
vt 0.952071 0.571692
vt 0.080016 0.749489
vt 0.086283 0.755756
vt 0.080016 0.755756
vt 0.415792 0.874489
vt 0.419984 0.880756
vt 0.413717 0.874489
vt 0.368679 0.171412
vt 0.376787 0.163304
vt 0.368679 0.163304
vt 0.449124 0.099075
vt 0.457073 0.090967
vt 0.449124 0.090967
vt 0.417909 0.893290
vt 0.419984 0.893290
vt 0.422059 0.895365
vt 0.943729 0.909567
vt 0.941654 0.907450
vt 0.941654 0.905375
vt 0.831263 0.600892
vt 0.829147 0.546648
vt 0.328934 0.139139
vt 0.947921 0.953352
vt 0.943729 0.955428
vt 0.945804 0.945010
vt 0.044572 0.801658
vt 0.046648 0.799542
vt 0.119651 0.799542
vt 0.426233 0.789124
vt 0.422041 0.787049
vt 0.426233 0.787049
vt 0.305270 0.909974
vt 0.309462 0.907858
vt 0.307345 0.909974
vt 0.886868 0.039743
vt 0.954147 0.075625
vt 0.958338 0.077701
vt 0.954147 0.077701
vt 0.417169 0.019266
vt 0.425277 0.035164
vt 0.425277 0.019266
vt 0.874334 0.039743
vt 0.425118 0.203527
vt 0.465023 0.051699
vt 0.465023 0.043590
vt 0.328934 0.123241
vt 0.344832 0.139139
vt 0.344832 0.123241
vt 0.119651 0.776632
vt 0.130068 0.776632
vt 0.130068 0.782858
vt 0.385054 0.179362
vt 0.820804 0.569599
vt 0.430383 0.807884
vt 0.434575 0.807884
vt 0.440842 0.810000
vt 0.947921 0.025573
vt 0.947921 0.029723
vt 0.441016 0.075069
vt 0.433067 0.059171
vt 0.433067 0.075069
vt 0.304768 0.043272
vt 0.296819 0.043272
vt 0.288870 0.075228
vt 0.061257 0.799542
vt 0.057065 0.799542
vt 0.822921 0.630068
vt 0.822921 0.615459
vt 0.824996 0.592550
vt 0.380331 0.807884
vt 0.386598 0.805809
vt 0.390790 0.805809
vt 0.312717 0.170935
vt 0.320666 0.155037
vt 0.312717 0.155037
vt 0.090433 0.749489
vt 0.088358 0.751606
vt 0.088358 0.749489
vt 0.368679 0.203686
vt 0.376628 0.211635
vt 0.376628 0.203686
vt 0.376787 0.203686
vt 0.384736 0.211635
vt 0.384736 0.203686
vt 0.833338 0.769809
vt 0.835413 0.765658
vt 0.835413 0.774000
vt 0.090433 0.751606
vt 0.088358 0.755756
vt 0.200997 0.799542
vt 0.203072 0.797467
vt 0.205147 0.797467
vt 0.321954 0.901632
vt 0.282319 0.903707
vt 0.280244 0.903707
vt 0.360730 0.187152
vt 0.368679 0.195260
vt 0.368679 0.187152
vt 0.465023 0.114815
vt 0.820804 0.598775
vt 0.818729 0.598775
vt 0.092550 0.793316
vt 0.092550 0.797467
vt 0.090433 0.797467
vt 0.822921 0.650944
vt 0.827071 0.642602
vt 0.827071 0.650944
vt 0.949996 0.907450
vt 0.954147 0.909567
vt 0.949996 0.909567
vt 0.409567 0.926658
vt 0.407450 0.924542
vt 0.393004 0.211158
vt 0.178064 0.918316
vt 0.182214 0.918316
vt 0.184289 0.920391
vt 0.360730 0.219107
vt 0.368679 0.211158
vt 0.360730 0.211158
vt 0.290685 0.780782
vt 0.311519 0.778707
vt 0.311519 0.780782
vt 0.949996 0.874082
vt 0.952071 0.882424
vt 0.952071 0.899108
vt 0.407450 0.926658
vt 0.405375 0.924542
vt 0.352781 0.195260
vt 0.352781 0.187152
vt 0.456915 0.059171
vt 0.399132 0.789124
vt 0.397015 0.789124
vt 0.399132 0.787049
vt 0.382424 0.924542
vt 0.405375 0.926658
vt 0.378274 0.924542
vt 0.833338 0.832395
vt 0.833338 0.830278
vt 0.835413 0.817786
vt 0.448965 0.083495
vt 0.829147 0.602967
vt 0.960413 0.680139
vt 0.956263 0.680139
vt 0.960413 0.678064
vt 0.874334 0.052277
vt 0.872258 0.050202
vt 0.874334 0.050202
vt 0.425118 0.075228
vt 0.425118 0.059171
vt 0.884792 0.037668
vt 0.886868 0.037668
vt 0.360730 0.211158
vt 0.441175 0.043113
vt 0.051250 0.051250
vt 0.816654 0.600892
vt 0.816654 0.598775
vt 0.457074 0.211158
vt 0.400953 0.219107
vt 0.393004 0.219107
vt 0.480762 0.123082
vt 0.488711 0.115133
vt 0.088358 0.762023
vt 0.115459 0.764098
vt 0.088358 0.764098
vt 0.874334 0.081454
vt 0.874334 0.083570
vt 0.399108 0.903707
vt 0.397033 0.901632
vt 0.399108 0.901632
vt 0.833338 0.600892
vt 0.246876 0.905782
vt 0.232266 0.903707
vt 0.248951 0.905782
vt 0.424134 0.897440
vt 0.426251 0.897440
vt 0.438743 0.899515
vt 0.422059 0.882831
vt 0.424134 0.884948
vt 0.422059 0.887023
vt 0.328934 0.139139
vt 0.337042 0.155037
vt 0.337042 0.139139
vt 0.271884 0.780782
vt 0.263542 0.778707
vt 0.286493 0.778707
vt 0.876450 0.039743
vt 0.874334 0.037668
vt 0.876450 0.037668
vt 0.949996 0.642579
vt 0.947921 0.636353
vt 0.949996 0.638428
vt 0.417909 0.880756
vt 0.428326 0.882831
vt 0.426251 0.882831
vt 0.248951 0.922467
vt 0.248951 0.924542
vt 0.246876 0.922467
vt 0.280226 0.797467
vt 0.276076 0.797467
vt 0.280226 0.795391
vt 0.080016 0.751606
vt 0.077941 0.753681
vt 0.265658 0.791200
vt 0.269809 0.789124
vt 0.269809 0.791200
vt 0.818729 0.899132
vt 0.818729 0.884523
vt 0.954147 0.901225
vt 0.954147 0.888691
vt 0.419984 0.891173
vt 0.419984 0.887023
vt 0.136335 0.776632
vt 0.140486 0.774515
vt 0.140486 0.776632
vt 0.960413 0.661380
vt 0.958338 0.665530
vt 0.958338 0.663455
vt 0.138428 0.914124
vt 0.138428 0.916200
vt 0.134237 0.920391
vt 0.113384 0.774515
vt 0.111309 0.766173
vt 0.132144 0.768290
vt 0.457074 0.035482
vt 0.465023 0.027374
vt 0.457074 0.027374
vt 0.337042 0.187311
vt 0.344991 0.187311
vt 0.941654 0.611327
vt 0.943729 0.628011
vt 0.943729 0.632161
vt 0.393004 0.187470
vt 0.385054 0.187470
vt 0.954147 0.665530
vt 0.952071 0.671797
vt 0.954147 0.657188
vt 0.090451 0.926658
vt 0.096718 0.926658
vt 0.090451 0.928734
vt 0.121726 0.774515
vt 0.117576 0.776632
vt 0.117576 0.774515
vt 0.465023 0.019266
vt 0.457074 0.019266
vt 0.417169 0.043113
vt 0.425118 0.035164
vt 0.417169 0.035164
vt 0.827071 0.740591
vt 0.824996 0.778151
vt 0.824996 0.769809
vt 0.440842 0.807884
vt 0.436650 0.805809
vt 0.442917 0.807884
vt 0.956263 0.038065
vt 0.954147 0.040140
vt 0.954147 0.038065
vt 0.368838 0.019266
vt 0.360889 0.019266
vt 0.818729 0.600892
vt 0.207240 0.914124
vt 0.205165 0.914124
vt 0.211432 0.909974
vt 0.165512 0.784974
vt 0.169704 0.782858
vt 0.171779 0.782858
vt 0.831263 0.761467
vt 0.833338 0.757316
vt 0.833338 0.767734
vt 0.192655 0.795391
vt 0.194730 0.795391
vt 0.221831 0.795391
vt 0.952071 0.878274
vt 0.954147 0.880349
vt 0.952071 0.880349
vt 0.456915 0.075387
vt 0.464864 0.083495
vt 0.464864 0.075387
vt 0.140486 0.751606
vt 0.140486 0.753681
vt 0.132144 0.764098
vt 0.369932 0.924542
vt 0.367857 0.922467
vt 0.369932 0.922467
vt 0.943729 0.600868
vt 0.943729 0.602985
vt 0.941654 0.609210
vt 0.127993 0.774515
vt 0.125918 0.776632
vt 0.125918 0.774515
vt 0.480921 0.195101
vt 0.472972 0.203050
vt 0.480921 0.203050
vt 0.304768 0.195419
vt 0.312717 0.187311
vt 0.304768 0.187311
vt 0.465023 0.099075
vt 0.465023 0.090967
vt 0.328934 0.027215
vt 0.320825 0.019266
vt 0.320825 0.027215
vt 0.125918 0.793316
vt 0.130068 0.795391
vt 0.125918 0.795391
vt 0.417169 0.187470
vt 0.425118 0.179362
vt 0.417169 0.179362
vt 0.433067 0.043113
vt 0.433067 0.035164
vt 0.833338 0.627993
vt 0.829147 0.630068
vt 0.829147 0.627993
vt 0.878525 0.020984
vt 0.344991 0.067279
vt 0.360889 0.067279
vt 0.954147 0.031798
vt 0.952071 0.029723
vt 0.954147 0.029723
vt 0.296660 0.139139
vt 0.304768 0.155037
vt 0.304768 0.139139
vt 0.136353 0.909974
vt 0.119669 0.912049
vt 0.119669 0.909974
vt 0.945804 0.867857
vt 0.949996 0.869932
vt 0.945804 0.869932
vt 0.320825 0.075228
vt 0.884792 0.020984
vt 0.320825 0.131190
vt 0.134260 0.766173
vt 0.132144 0.766173
vt 0.441175 0.170935
vt 0.433067 0.179044
vt 0.441175 0.179044
vt 0.367857 0.893290
vt 0.365740 0.891173
vt 0.367857 0.891173
vt 0.472813 0.146929
vt 0.464864 0.138821
vt 0.464864 0.146929
vt 0.820804 0.632143
vt 0.818729 0.634260
vt 0.818729 0.632143
vt 0.886868 0.020984
vt 0.345150 0.171094
vt 0.337042 0.179203
vt 0.345150 0.179203
vt 0.952071 0.031798
vt 0.954147 0.033915
vt 0.947921 0.033915
vt 0.952071 0.035990
vt 0.947921 0.035990
vt 0.288870 0.155037
vt 0.288870 0.162986
vt 0.296819 0.170935
vt 0.136335 0.774515
vt 0.134260 0.776632
vt 0.134260 0.774515
vt 0.457073 0.107183
vt 0.457073 0.099075
vt 0.457074 0.187152
vt 0.465023 0.195260
vt 0.465023 0.187152
vt 0.226000 0.905782
vt 0.234342 0.905782
vt 0.234342 0.907858
vt 0.234342 0.926658
vt 0.240609 0.924542
vt 0.244800 0.924542
vt 0.411642 0.874489
vt 0.411642 0.876606
vt 0.409567 0.880756
vt 0.400953 0.091126
vt 0.408902 0.059171
vt 0.400953 0.059171
vt 0.816654 0.871989
vt 0.818729 0.871989
vt 0.818729 0.880331
vt 0.134260 0.747414
vt 0.134260 0.751606
vt 0.433067 0.146929
vt 0.441016 0.162827
vt 0.441016 0.146929
vt 0.945804 0.033915
vt 0.947921 0.031798
vt 0.945804 0.038065
vt 0.465023 0.162827
vt 0.472972 0.170777
vt 0.954147 0.019306
vt 0.954147 0.015114
vt 0.956263 0.013039
vt 0.098775 0.766173
vt 0.086283 0.774515
vt 0.084208 0.766173
vt 0.833338 0.774000
vt 0.835413 0.780226
vt 0.833338 0.778151
vt 0.954147 0.027648
vt 0.952071 0.029723
vt 0.952071 0.027648
vt 0.947921 0.811537
vt 0.947921 0.807345
vt 0.952071 0.805270
vt 0.831263 0.648828
vt 0.831263 0.653019
vt 0.829147 0.665512
vt 0.870183 0.056427
vt 0.872258 0.056427
vt 0.870183 0.058544
vt 0.144677 0.776632
vt 0.132144 0.780782
vt 0.136335 0.780782
vt 0.952071 0.019306
vt 0.945804 0.015114
vt 0.459601 0.805809
vt 0.457526 0.805809
vt 0.455410 0.801658
vt 0.393004 0.170935
vt 0.401112 0.179044
vt 0.320666 0.195260
vt 0.312717 0.203368
vt 0.320666 0.203368
vt 0.296819 0.203368
vt 0.288870 0.195260
vt 0.288870 0.203368
vt 0.831263 0.938725
vt 0.831263 0.951259
vt 0.829147 0.947068
vt 0.336883 0.195260
vt 0.328934 0.203368
vt 0.336883 0.203368
vt 0.954147 0.025573
vt 0.952071 0.025573
vt 0.359514 0.889098
vt 0.357398 0.887023
vt 0.359514 0.887023
vt 0.465023 0.179044
vt 0.457074 0.179044
vt 0.371989 0.787049
vt 0.386598 0.784974
vt 0.386598 0.787049
vt 0.945804 0.029723
vt 0.945804 0.031798
vt 0.943729 0.033915
vt 0.952125 0.858102
vt 0.952125 0.862441
vt 0.949977 0.871077
vt 0.480921 0.186993
vt 0.472972 0.179044
vt 0.472972 0.186993
vt 0.472972 0.019425
vt 0.465023 0.027374
vt 0.393004 0.187152
vt 0.400953 0.195260
vt 0.400953 0.187152
vt 0.818729 0.559181
vt 0.818729 0.561257
vt 0.816654 0.567523
vt 0.441016 0.043113
vt 0.441016 0.035164
vt 0.303177 0.791200
vt 0.309444 0.793316
vt 0.303177 0.793316
vt 0.457074 0.170935
vt 0.465023 0.179044
vt 0.465023 0.170935
vt 0.425277 0.107024
vt 0.417169 0.099075
vt 0.425277 0.114974
vt 0.188481 0.926658
vt 0.184289 0.928733
vt 0.165530 0.928733
vt 0.827071 0.705147
vt 0.824996 0.669704
vt 0.334488 0.922467
vt 0.311537 0.920391
vt 0.326146 0.920391
vt 0.820804 0.771884
vt 0.820804 0.774000
vt 0.356510 0.923654
vt 0.356211 0.923355
vt 0.356510 0.923355
vt 0.465023 0.178726
vt 0.465023 0.170777
vt 0.409220 0.195578
vt 0.417169 0.203527
vt 0.417169 0.195578
vt 0.949996 0.690556
vt 0.945804 0.673872
vt 0.952071 0.690556
vt 0.146753 0.774515
vt 0.144677 0.774515
vt 0.441175 0.035164
vt 0.433226 0.019266
vt 0.433226 0.035164
vt 0.094625 0.795391
vt 0.098775 0.797467
vt 0.094625 0.797467
vt 0.488711 0.067120
vt 0.480762 0.075069
vt 0.488711 0.075069
vt 0.820804 0.640486
vt 0.296819 0.099234
vt 0.822921 0.669704
vt 0.457074 0.170935
vt 0.465023 0.162827
vt 0.457074 0.162827
vt 0.312717 0.203368
vt 0.320666 0.211317
vt 0.320666 0.203368
vt 0.296819 0.211317
vt 0.943729 0.905375
vt 0.941654 0.901225
vt 0.943729 0.901225
vt 0.954147 0.021381
vt 0.952071 0.023456
vt 0.952071 0.021381
vt 0.296910 0.787049
vt 0.292760 0.789124
vt 0.292760 0.787049
vt 0.456915 0.123082
vt 0.464864 0.114974
vt 0.456915 0.114974
vt 0.368679 0.203209
vt 0.401271 0.187470
vt 0.409220 0.187470
vt 0.061257 0.778707
vt 0.059181 0.776632
vt 0.067524 0.776632
vt 0.818729 0.648828
vt 0.816654 0.650944
vt 0.816654 0.648828
vt 0.330278 0.803733
vt 0.326128 0.801658
vt 0.330278 0.801658
vt 0.351172 0.924542
vt 0.349056 0.922467
vt 0.351172 0.922467
vt 0.401271 0.203527
vt 0.401271 0.195578
vt 0.418759 0.197168
vt 0.423528 0.201937
vt 0.423528 0.197168
vt 0.829147 0.650944
vt 0.827071 0.653019
vt 0.954147 0.023456
vt 0.223924 0.920391
vt 0.226000 0.918316
vt 0.226000 0.922467
vt 0.949996 0.661380
vt 0.947921 0.663455
vt 0.949996 0.659263
vt 0.328934 0.211317
vt 0.336883 0.203368
vt 0.328934 0.203368
vt 0.321936 0.780782
vt 0.346963 0.782858
vt 0.340737 0.782858
vt 0.349056 0.924542
vt 0.346981 0.922467
vt 0.169722 0.930809
vt 0.167605 0.928733
vt 0.947921 0.021381
vt 0.472972 0.027374
vt 0.480921 0.019425
vt 0.098793 0.928734
vt 0.102985 0.930809
vt 0.090451 0.930809
vt 0.385054 0.203527
vt 0.393004 0.195578
vt 0.385054 0.195578
vt 0.157170 0.774515
vt 0.155095 0.776632
vt 0.155095 0.774515
vt 0.945804 0.040140
vt 0.943729 0.042257
vt 0.943729 0.040140
vt 0.409220 0.147088
vt 0.409220 0.139139
vt 0.401112 0.123082
vt 0.351172 0.903707
vt 0.346981 0.901632
vt 0.351172 0.901632
vt 0.441175 0.179044
vt 0.449124 0.170935
vt 0.368679 0.195737
vt 0.376628 0.203686
vt 0.376628 0.195737
vt 0.346981 0.924542
vt 0.342830 0.922467
vt 0.276076 0.787049
vt 0.274000 0.782858
vt 0.278151 0.787049
vt 0.417010 0.083177
vt 0.425118 0.099075
vt 0.205165 0.903707
vt 0.188481 0.903707
vt 0.203090 0.901632
vt 0.261485 0.907858
vt 0.259409 0.912049
vt 0.259409 0.905782
vt 0.351154 0.793316
vt 0.344887 0.793316
vt 0.351154 0.791200
vt 0.337042 0.179202
vt 0.820804 0.665512
vt 0.818729 0.667629
vt 0.818729 0.665512
vt 0.822921 0.938725
vt 0.824996 0.940842
vt 0.822921 0.940842
vt 0.943729 0.544590
vt 0.947921 0.546665
vt 0.943729 0.546665
vt 0.952071 0.834488
vt 0.956263 0.836563
vt 0.952071 0.836563
vt 0.833338 0.665512
vt 0.829147 0.667629
vt 0.425913 0.186023
vt 0.432272 0.179536
vt 0.425913 0.179536
vt 0.384736 0.195737
vt 0.376787 0.195737
vt 0.332372 0.920391
vt 0.328221 0.920391
vt 0.328221 0.918316
vt 0.169704 0.797467
vt 0.167628 0.799542
vt 0.167628 0.797467
vt 0.474164 0.036675
vt 0.479728 0.042239
vt 0.479728 0.036675
vt 0.330296 0.914124
vt 0.328221 0.914124
vt 0.328221 0.907858
vt 0.413699 0.793316
vt 0.409549 0.791200
vt 0.419966 0.795391
vt 0.946433 0.828532
vt 0.949367 0.829985
vt 0.946433 0.829985
vt 0.456915 0.067279
vt 0.884792 0.027251
vt 0.886868 0.023059
vt 0.261467 0.801658
vt 0.267734 0.799542
vt 0.274000 0.801658
vt 0.382448 0.807884
vt 0.386598 0.810000
vt 0.382448 0.810000
vt 0.326146 0.916200
vt 0.328221 0.916200
vt 0.313910 0.185935
vt 0.319474 0.180260
vt 0.313910 0.180260
vt 0.833338 0.671779
vt 0.831263 0.675971
vt 0.831263 0.671779
vt 0.161380 0.907858
vt 0.138428 0.909974
vt 0.138428 0.907858
vt 0.175971 0.797467
vt 0.173854 0.799542
vt 0.173854 0.797467
vt 0.472972 0.035323
vt 0.480921 0.027374
vt 0.472972 0.027374
vt 0.958338 0.042257
vt 0.956263 0.044332
vt 0.956263 0.042257
vt 0.324029 0.907858
vt 0.319879 0.905782
vt 0.324029 0.905782
vt 0.448965 0.075387
vt 0.363647 0.780782
vt 0.369914 0.782858
vt 0.363647 0.782858
vt 0.457526 0.810000
vt 0.459601 0.807884
vt 0.461677 0.805809
vt 0.290062 0.185935
vt 0.295627 0.180260
vt 0.290062 0.180260
vt 0.388673 0.782858
vt 0.392865 0.784974
vt 0.388673 0.784974
vt 0.417169 0.043272
vt 0.409220 0.019266
vt 0.409220 0.043272
vt 0.945804 0.817804
vt 0.947921 0.819879
vt 0.945804 0.819879
vt 0.303177 0.799542
vt 0.307369 0.801658
vt 0.303177 0.801658
vt 0.182196 0.797467
vt 0.180121 0.799542
vt 0.180121 0.797467
vt 0.361590 0.891173
vt 0.186388 0.797467
vt 0.182196 0.799542
vt 0.945804 0.813612
vt 0.947921 0.817804
vt 0.448965 0.114974
vt 0.448965 0.123082
vt 0.829147 0.734365
vt 0.831263 0.678046
vt 0.829147 0.736440
vt 0.186388 0.782858
vt 0.186388 0.780782
vt 0.188463 0.778707
vt 0.259409 0.901632
vt 0.257293 0.903707
vt 0.253142 0.903707
vt 0.330126 0.185935
vt 0.335690 0.180260
vt 0.330126 0.180260
vt 0.305270 0.918316
vt 0.307345 0.916200
vt 0.309462 0.920391
vt 0.321954 0.916200
vt 0.313612 0.916200
vt 0.188463 0.797467
vt 0.186388 0.799542
vt 0.309462 0.916200
vt 0.311537 0.916200
vt 0.109210 0.935000
vt 0.105060 0.932884
vt 0.107135 0.932884
vt 0.456915 0.131190
vt 0.448965 0.131190
vt 0.952071 0.748951
vt 0.952071 0.744800
vt 0.954147 0.746876
vt 0.192655 0.787049
vt 0.192655 0.780782
vt 0.190538 0.789124
vt 0.192655 0.789124
vt 0.192655 0.793316
vt 0.057065 0.784974
vt 0.054990 0.791200
vt 0.360730 0.179044
vt 0.352781 0.179044
vt 0.192655 0.778707
vt 0.198880 0.778707
vt 0.303195 0.907858
vt 0.301120 0.905782
vt 0.303195 0.905782
vt 0.822921 0.926233
vt 0.824996 0.934575
vt 0.822921 0.934575
vt 0.194730 0.797467
vt 0.192655 0.799542
vt 0.192655 0.797467
vt 0.943729 0.042257
vt 0.941654 0.044332
vt 0.941654 0.042257
vt 0.198880 0.797467
vt 0.194730 0.799542
vt 0.945804 0.801120
vt 0.947921 0.805270
vt 0.945804 0.805270
vt 0.456915 0.155037
vt 0.448965 0.146929
vt 0.448965 0.155037
vt 0.945804 0.799003
vt 0.947921 0.801120
vt 0.360730 0.187152
vt 0.368679 0.179044
vt 0.140486 0.764098
vt 0.144677 0.759948
vt 0.142602 0.762023
vt 0.943729 0.945010
vt 0.943729 0.953352
vt 0.941654 0.945010
vt 0.449124 0.195260
vt 0.200997 0.793316
vt 0.200997 0.791200
vt 0.213489 0.793316
vt 0.200997 0.797467
vt 0.198880 0.799542
vt 0.278151 0.776632
vt 0.276076 0.778707
vt 0.269809 0.778707
vt 0.952071 0.033915
vt 0.949996 0.680139
vt 0.952071 0.680139
vt 0.456915 0.146929
vt 0.448965 0.138821
vt 0.313594 0.780782
vt 0.336545 0.778707
vt 0.831263 0.830278
vt 0.833338 0.803177
vt 0.835413 0.788568
vt 0.146771 0.932884
vt 0.130086 0.932884
vt 0.134237 0.930809
vt 0.441175 0.187152
vt 0.449124 0.179044
vt 0.948855 0.039207
vt 0.949062 0.038999
vt 0.949062 0.039207
vt 0.040399 0.935000
vt 0.042474 0.937076
vt 0.038323 0.935000
vt 0.945804 0.792778
vt 0.947921 0.794853
vt 0.945804 0.794853
vt 0.207222 0.797467
vt 0.205147 0.799542
vt 0.117552 0.928733
vt 0.117552 0.930809
vt 0.457074 0.027374
vt 0.449124 0.019266
vt 0.449124 0.027374
vt 0.822921 0.846963
vt 0.820804 0.821936
vt 0.822921 0.840737
vt 0.207222 0.774515
vt 0.223906 0.772440
vt 0.223906 0.774515
vt 0.947921 0.782319
vt 0.945804 0.769827
vt 0.947921 0.799003
vt 0.949996 0.794853
vt 0.952071 0.792778
vt 0.215564 0.791200
vt 0.213489 0.795391
vt 0.213489 0.791200
vt 0.090433 0.787049
vt 0.096700 0.780782
vt 0.096700 0.782858
vt 0.215564 0.789124
vt 0.217681 0.789124
vt 0.221831 0.791200
vt 0.878525 0.037668
vt 0.217681 0.801658
vt 0.223906 0.799542
vt 0.167628 0.776632
vt 0.221831 0.774515
vt 0.228098 0.774515
vt 0.949996 0.776094
vt 0.949996 0.782319
vt 0.464864 0.123082
vt 0.280244 0.909974
vt 0.276094 0.907858
vt 0.280244 0.907858
vt 0.376199 0.916200
vt 0.378274 0.920391
vt 0.374082 0.920391
vt 0.267752 0.912049
vt 0.278169 0.914124
vt 0.267752 0.914124
vt 0.950930 0.039207
vt 0.951137 0.038999
vt 0.951137 0.039207
vt 0.952071 0.945010
vt 0.952071 0.940819
vt 0.278169 0.907858
vt 0.276094 0.903707
vt 0.278169 0.903707
vt 0.303177 0.782858
vt 0.301102 0.780782
vt 0.440842 0.791200
vt 0.426233 0.791200
vt 0.432500 0.793316
vt 0.432500 0.791200
vt 0.223906 0.791200
vt 0.226023 0.791200
vt 0.223906 0.793316
vt 0.282319 0.926658
vt 0.276094 0.924542
vt 0.282319 0.924542
vt 0.947921 0.773977
vt 0.952071 0.776094
vt 0.947921 0.776094
vt 0.442368 0.188368
vt 0.447932 0.194044
vt 0.447932 0.188368
vt 0.449124 0.195260
vt 0.449124 0.187152
vt 0.946757 0.041305
vt 0.946969 0.041093
vt 0.946969 0.041305
vt 0.945804 0.540399
vt 0.945804 0.538323
vt 0.947921 0.540399
vt 0.433067 0.131031
vt 0.441016 0.131031
vt 0.271902 0.909974
vt 0.269827 0.905782
vt 0.271902 0.905782
vt 0.161380 0.922467
vt 0.165530 0.924542
vt 0.161380 0.924542
vt 0.426251 0.891173
vt 0.171779 0.799542
vt 0.171779 0.797467
vt 0.945804 0.767752
vt 0.949996 0.769827
vt 0.353230 0.780782
vt 0.357421 0.780782
vt 0.357421 0.782858
vt 0.077941 0.762023
vt 0.080016 0.766173
vt 0.267752 0.909974
vt 0.945389 0.042672
vt 0.944144 0.043917
vt 0.944144 0.042672
vt 0.409220 0.059171
vt 0.409220 0.051222
vt 0.401112 0.043272
vt 0.456915 0.155037
vt 0.953005 0.041305
vt 0.953213 0.041093
vt 0.953213 0.041305
vt 0.816654 0.559181
vt 0.251067 0.909974
vt 0.248951 0.909974
vt 0.831263 0.546648
vt 0.833338 0.544572
vt 0.833338 0.550839
vt 0.196823 0.909974
vt 0.198898 0.916200
vt 0.196823 0.916200
vt 0.292760 0.784974
vt 0.290685 0.789124
vt 0.288568 0.789124
vt 0.284418 0.803733
vt 0.288568 0.801658
vt 0.290685 0.803733
vt 0.829147 0.746858
vt 0.829147 0.751049
vt 0.827071 0.782342
vt 0.410412 0.186253
vt 0.415977 0.180578
vt 0.410412 0.180578
vt 0.111309 0.776632
vt 0.086283 0.776632
vt 0.818729 0.736440
vt 0.820804 0.742707
vt 0.818729 0.742707
vt 0.261485 0.918316
vt 0.259409 0.916200
vt 0.261485 0.916200
vt 0.248951 0.901632
vt 0.253142 0.901632
vt 0.488711 0.155037
vt 0.480762 0.147088
vt 0.480762 0.155037
vt 0.182214 0.909974
vt 0.171797 0.912049
vt 0.169722 0.912049
vt 0.831263 0.740591
vt 0.829147 0.742707
vt 0.829147 0.740591
vt 0.257293 0.907858
vt 0.257293 0.912049
vt 0.232249 0.791200
vt 0.230173 0.776632
vt 0.267734 0.774515
vt 0.816654 0.744782
vt 0.816654 0.742707
vt 0.954147 0.755218
vt 0.956263 0.757293
vt 0.954147 0.757293
vt 0.947921 0.765635
vt 0.949996 0.740609
vt 0.949996 0.765635
vt 0.449124 0.162827
vt 0.947921 0.038065
vt 0.952071 0.038065
vt 0.207222 0.799542
vt 0.232249 0.797467
vt 0.261467 0.799542
vt 0.319861 0.799542
vt 0.328203 0.797467
vt 0.328203 0.799542
vt 0.415792 0.899515
vt 0.378274 0.897440
vt 0.954147 0.044332
vt 0.954147 0.042257
vt 0.169704 0.789124
vt 0.171779 0.791200
vt 0.173854 0.793316
vt 0.075866 0.762023
vt 0.073749 0.766173
vt 0.073749 0.762023
vt 0.488711 0.146770
vt 0.956263 0.751067
vt 0.952071 0.751067
vt 0.876450 0.073112
vt 0.874334 0.071036
vt 0.876450 0.071036
vt 0.044590 0.935000
vt 0.042474 0.935000
vt 0.367857 0.874489
vt 0.359514 0.876606
vt 0.367857 0.872414
vt 0.954147 0.642579
vt 0.958338 0.640504
vt 0.958338 0.642579
vt 0.457074 0.027374
vt 0.328934 0.187152
vt 0.328934 0.195260
vt 0.943729 0.021381
vt 0.357398 0.880756
vt 0.359514 0.878681
vt 0.357398 0.882831
vt 0.952071 0.734342
vt 0.246876 0.924542
vt 0.244800 0.922467
vt 0.265658 0.799542
vt 0.288568 0.797467
vt 0.411642 0.889098
vt 0.407450 0.887023
vt 0.411642 0.887023
vt 0.265658 0.797467
vt 0.261467 0.795391
vt 0.263542 0.793316
vt 0.244800 0.905782
vt 0.488711 0.123082
vt 0.433226 0.179044
vt 0.433226 0.187152
vt 0.257316 0.780782
vt 0.257316 0.778707
vt 0.433226 0.051063
vt 0.433226 0.059012
vt 0.367857 0.878681
vt 0.359514 0.880756
vt 0.311537 0.905782
vt 0.307345 0.905782
vt 0.824996 0.744782
vt 0.822921 0.767734
vt 0.824996 0.732249
vt 0.943729 0.044332
vt 0.941654 0.046407
vt 0.941654 0.044332
vt 0.407474 0.801658
vt 0.401207 0.801658
vt 0.397015 0.799542
vt 0.267734 0.791200
vt 0.369932 0.872414
vt 0.369932 0.887023
vt 0.352940 0.138980
vt 0.352940 0.131031
vt 0.344991 0.123082
vt 0.472813 0.075228
vt 0.480762 0.067279
vt 0.472813 0.067279
vt 0.296819 0.162986
vt 0.304768 0.170935
vt 0.296819 0.155037
vt 0.949996 0.040140
vt 0.947921 0.042257
vt 0.947921 0.040140
vt 0.958338 0.044332
vt 0.956263 0.046407
vt 0.956263 0.044332
vt 0.312717 0.171094
vt 0.304768 0.155196
vt 0.304768 0.171094
vt 0.361590 0.922467
vt 0.357398 0.924542
vt 0.357398 0.922467
vt 0.958338 0.732266
vt 0.960413 0.734342
vt 0.958338 0.734342
vt 0.943729 0.738533
vt 0.945804 0.734342
vt 0.945804 0.738533
vt 0.132144 0.749489
vt 0.130068 0.764098
vt 0.130068 0.762023
vt 0.958338 0.730191
vt 0.960413 0.732266
vt 0.872258 0.060619
vt 0.872258 0.058544
vt 0.954147 0.861589
vt 0.954147 0.857398
vt 0.958338 0.728116
vt 0.960413 0.730191
vt 0.872258 0.062694
vt 0.870183 0.060619
vt 0.232266 0.916200
vt 0.230191 0.914124
vt 0.232266 0.914124
vt 0.878525 0.075228
vt 0.958338 0.726000
vt 0.960413 0.728116
vt 0.872258 0.064770
vt 0.870183 0.062694
vt 0.269809 0.782858
vt 0.251049 0.780782
vt 0.288568 0.782858
vt 0.346963 0.805809
vt 0.340737 0.805809
vt 0.230191 0.912049
vt 0.226000 0.912049
vt 0.958338 0.723924
vt 0.960413 0.726000
vt 0.872258 0.066886
vt 0.870183 0.064770
vt 0.228116 0.922467
vt 0.232266 0.920391
vt 0.232266 0.922467
vt 0.952071 0.040140
vt 0.949996 0.042257
vt 0.230191 0.903707
vt 0.230191 0.905782
vt 0.217657 0.905782
vt 0.453352 0.899515
vt 0.445010 0.899515
vt 0.438743 0.897440
vt 0.872258 0.068961
vt 0.870183 0.066886
vt 0.952071 0.730191
vt 0.947921 0.721849
vt 0.952071 0.723924
vt 0.956263 0.713507
vt 0.954147 0.713507
vt 0.954147 0.709315
vt 0.282342 0.799542
vt 0.278151 0.801658
vt 0.278151 0.799542
vt 0.945804 0.717657
vt 0.945804 0.721849
vt 0.884792 0.075228
vt 0.884792 0.073112
vt 0.945804 0.044332
vt 0.945804 0.042257
vt 0.465023 0.186993
vt 0.296910 0.778707
vt 0.282342 0.776632
vt 0.299027 0.778707
vt 0.219774 0.907858
vt 0.215582 0.905782
vt 0.219774 0.905782
vt 0.820804 0.544572
vt 0.822921 0.546648
vt 0.393004 0.083177
vt 0.872258 0.071036
vt 0.870183 0.068961
vt 0.434202 0.097940
vt 0.440040 0.092102
vt 0.434202 0.092102
vt 0.167605 0.924542
vt 0.175947 0.926658
vt 0.960413 0.046407
vt 0.958338 0.048483
vt 0.958338 0.046407
vt 0.425118 0.131031
vt 0.433067 0.114974
vt 0.425118 0.114974
vt 0.284418 0.799542
vt 0.282342 0.801658
vt 0.472972 0.090967
vt 0.480921 0.098916
vt 0.480921 0.090967
vt 0.215582 0.907858
vt 0.211432 0.907858
vt 0.827071 0.784418
vt 0.829147 0.790685
vt 0.827071 0.790685
vt 0.433067 0.170935
vt 0.945804 0.686406
vt 0.947921 0.705165
vt 0.947921 0.709315
vt 0.052914 0.778707
vt 0.059181 0.778707
vt 0.880601 0.077303
vt 0.880601 0.075228
vt 0.288568 0.778707
vt 0.286493 0.780782
vt 0.075866 0.759948
vt 0.073749 0.757831
vt 0.077941 0.757831
vt 0.874334 0.073112
vt 0.941654 0.709315
vt 0.943729 0.707240
vt 0.943729 0.709315
vt 0.952071 0.044332
vt 0.952071 0.042257
vt 0.290685 0.778707
vt 0.288568 0.780782
vt 0.337042 0.211317
vt 0.943729 0.046407
vt 0.954147 0.707240
vt 0.958338 0.709315
vt 0.075842 0.916200
vt 0.073767 0.918316
vt 0.061275 0.918316
vt 0.882676 0.077303
vt 0.882676 0.075228
vt 0.296910 0.791200
vt 0.292760 0.793316
vt 0.292760 0.791200
vt 0.956263 0.707240
vt 0.954147 0.700973
vt 0.207240 0.922467
vt 0.203090 0.918316
vt 0.207240 0.918316
vt 0.205165 0.907858
vt 0.205165 0.909974
vt 0.146753 0.762023
vt 0.148828 0.762023
vt 0.092550 0.776632
vt 0.096700 0.776632
vt 0.077959 0.937076
vt 0.061275 0.935000
vt 0.077959 0.935000
vt 0.230191 0.922467
vt 0.288568 0.791200
vt 0.290685 0.797467
vt 0.954147 0.046407
vt 0.303177 0.789124
vt 0.301102 0.789124
vt 0.305252 0.787049
vt 0.941654 0.048483
vt 0.200973 0.914124
vt 0.198898 0.909974
vt 0.888943 0.073112
vt 0.886868 0.071036
vt 0.888943 0.071036
vt 0.947921 0.044332
vt 0.465023 0.035482
vt 0.945804 0.040140
vt 0.956263 0.048483
vt 0.071692 0.924542
vt 0.067500 0.926658
vt 0.876450 0.075228
vt 0.876450 0.073112
vt 0.196823 0.920391
vt 0.194748 0.918316
vt 0.196823 0.918316
vt 0.417328 0.059171
vt 0.409220 0.043272
vt 0.886868 0.075228
vt 0.884792 0.073112
vt 0.886868 0.073112
vt 0.138428 0.930809
vt 0.140504 0.928733
vt 0.142579 0.928733
vt 0.949996 0.773977
vt 0.947921 0.769827
vt 0.956263 0.682214
vt 0.960413 0.682214
vt 0.958338 0.684289
vt 0.418759 0.189091
vt 0.423528 0.193956
vt 0.423528 0.189091
vt 0.180139 0.924542
vt 0.175947 0.924542
vt 0.171797 0.922467
vt 0.943729 0.690556
vt 0.945804 0.692631
vt 0.943729 0.692631
vt 0.309444 0.799542
vt 0.307369 0.799542
vt 0.949996 0.044332
vt 0.945804 0.046407
vt 0.943729 0.559158
vt 0.945804 0.557083
vt 0.945804 0.567500
vt 0.872258 0.073112
vt 0.870183 0.071036
vt 0.368679 0.195737
vt 0.376628 0.187629
vt 0.368679 0.187629
vt 0.878525 0.077303
vt 0.822921 0.811519
vt 0.820804 0.813594
vt 0.820804 0.811519
vt 0.960413 0.690556
vt 0.958338 0.686406
vt 0.960413 0.686406
vt 0.161362 0.778707
vt 0.130068 0.791200
vt 0.203090 0.922467
vt 0.207240 0.924542
vt 0.102985 0.926658
vt 0.102985 0.928734
vt 0.100868 0.928734
vt 0.824996 0.851154
vt 0.822921 0.849079
vt 0.827071 0.851154
vt 0.960413 0.048483
vt 0.958338 0.050599
vt 0.441016 0.090967
vt 0.433067 0.090967
vt 0.309444 0.801658
vt 0.326128 0.799542
vt 0.330278 0.799542
vt 0.190556 0.918316
vt 0.186406 0.916200
vt 0.194748 0.920391
vt 0.884792 0.077303
vt 0.357398 0.874489
vt 0.357398 0.878681
vt 0.269809 0.776632
vt 0.278151 0.774515
vt 0.368679 0.155037
vt 0.360730 0.162986
vt 0.360730 0.170935
vt 0.271902 0.918316
vt 0.273977 0.916200
vt 0.276094 0.920391
vt 0.305252 0.801658
vt 0.309444 0.803733
vt 0.125895 0.932884
vt 0.119669 0.932884
vt 0.161362 0.799542
vt 0.157170 0.799542
vt 0.230191 0.926658
vt 0.200973 0.924542
vt 0.822921 0.778151
vt 0.820804 0.782342
vt 0.820804 0.778151
vt 0.952071 0.046407
vt 0.943729 0.048483
vt 0.161362 0.797467
vt 0.355323 0.922467
vt 0.880601 0.079379
vt 0.820804 0.715564
vt 0.822921 0.717681
vt 0.822921 0.721831
vt 0.169722 0.909974
vt 0.167605 0.909974
vt 0.455410 0.814151
vt 0.453335 0.812076
vt 0.455410 0.812076
vt 0.171797 0.918316
vt 0.169722 0.920391
vt 0.874334 0.075228
vt 0.426233 0.803734
vt 0.426233 0.805809
vt 0.422041 0.801658
vt 0.945804 0.671797
vt 0.949996 0.673872
vt 0.947921 0.669722
vt 0.945804 0.655113
vt 0.945804 0.648846
vt 0.954147 0.048483
vt 0.167605 0.905782
vt 0.167605 0.907858
vt 0.146771 0.907858
vt 0.947921 0.671797
vt 0.941654 0.050599
vt 0.207222 0.791200
vt 0.200997 0.778707
vt 0.203072 0.782858
vt 0.167605 0.916200
vt 0.167605 0.912049
vt 0.115477 0.912049
vt 0.102985 0.912049
vt 0.334470 0.789124
vt 0.328203 0.791200
vt 0.328203 0.787049
vt 0.344887 0.803733
vt 0.359496 0.801658
vt 0.363647 0.801658
vt 0.077941 0.770365
vt 0.080016 0.768290
vt 0.082091 0.768290
vt 0.337042 0.091285
vt 0.337042 0.083336
vt 0.365763 0.799542
vt 0.369914 0.797467
vt 0.349056 0.893290
vt 0.351172 0.884948
vt 0.353247 0.887023
vt 0.947921 0.046407
vt 0.833338 0.648828
vt 0.876450 0.077303
vt 0.945804 0.582109
vt 0.943729 0.577959
vt 0.945804 0.577959
vt 0.336545 0.780782
vt 0.342812 0.778707
vt 0.342812 0.780782
vt 0.824996 0.836545
vt 0.822921 0.838620
vt 0.822921 0.836545
vt 0.188481 0.909974
vt 0.190556 0.916200
vt 0.188481 0.916200
vt 0.952071 0.617552
vt 0.956263 0.607135
vt 0.954147 0.613402
vt 0.956263 0.050599
vt 0.336545 0.784974
vt 0.338620 0.784974
vt 0.336545 0.789124
vt 0.816654 0.836545
vt 0.818729 0.851154
vt 0.820804 0.869914
vt 0.211414 0.778707
vt 0.196805 0.776632
vt 0.213489 0.778707
vt 0.949996 0.046407
vt 0.441016 0.130872
vt 0.441016 0.114974
vt 0.888943 0.075228
vt 0.831263 0.721831
vt 0.831263 0.719756
vt 0.833338 0.680121
vt 0.822921 0.580016
vt 0.827071 0.582091
vt 0.878525 0.079379
vt 0.945804 0.048483
vt 0.453335 0.805809
vt 0.449184 0.803734
vt 0.455410 0.805809
vt 0.349079 0.793316
vt 0.344887 0.797467
vt 0.351172 0.905782
vt 0.342830 0.907858
vt 0.330296 0.901632
vt 0.872258 0.075228
vt 0.870183 0.073112
vt 0.886868 0.077303
vt 0.219774 0.909974
vt 0.226000 0.916200
vt 0.219774 0.920391
vt 0.188463 0.799542
vt 0.960413 0.050599
vt 0.958338 0.052674
vt 0.175971 0.799542
vt 0.820804 0.947068
vt 0.822921 0.951259
vt 0.822921 0.957526
vt 0.943729 0.050599
vt 0.198898 0.903707
vt 0.178064 0.905782
vt 0.178064 0.903707
vt 0.952071 0.048483
vt 0.947921 0.690556
vt 0.376946 0.131190
vt 0.368838 0.147247
vt 0.376946 0.147247
vt 0.884792 0.079379
vt 0.436668 0.909974
vt 0.407450 0.920391
vt 0.409567 0.918316
vt 0.284418 0.801658
vt 0.824996 0.853230
vt 0.822921 0.857421
vt 0.822921 0.853230
vt 0.941654 0.052674
vt 0.941654 0.753142
vt 0.943729 0.753142
vt 0.943729 0.773977
vt 0.328221 0.903707
vt 0.324029 0.901632
vt 0.328221 0.901632
vt 0.332395 0.782858
vt 0.351154 0.784974
vt 0.880601 0.081454
vt 0.956263 0.730191
vt 0.956263 0.728116
vt 0.958338 0.713507
vt 0.228098 0.780782
vt 0.223906 0.778707
vt 0.242707 0.778707
vt 0.248951 0.920391
vt 0.251067 0.914124
vt 0.251067 0.920391
vt 0.958338 0.644695
vt 0.954147 0.644695
vt 0.874334 0.077303
vt 0.150921 0.909974
vt 0.144695 0.912049
vt 0.136353 0.912049
vt 0.882676 0.081454
vt 0.882676 0.079379
vt 0.954147 0.050599
vt 0.954147 0.638428
vt 0.954147 0.640504
vt 0.407450 0.905782
vt 0.407450 0.909974
vt 0.405375 0.907858
vt 0.947921 0.048483
vt 0.142579 0.905782
vt 0.142579 0.907858
vt 0.130086 0.905782
vt 0.956263 0.073509
vt 0.956263 0.071434
vt 0.411624 0.812076
vt 0.411624 0.810000
vt 0.413699 0.812076
vt 0.365763 0.782858
vt 0.365763 0.784974
vt 0.958338 0.050599
vt 0.956263 0.052674
vt 0.956263 0.050599
vt 0.071674 0.766173
vt 0.317786 0.797467
vt 0.324053 0.795391
vt 0.146771 0.926658
vt 0.130086 0.924542
vt 0.351154 0.805809
vt 0.369914 0.803733
vt 0.369914 0.805809
vt 0.136353 0.928733
vt 0.138428 0.928733
vt 0.876450 0.079379
vt 0.352781 0.170935
vt 0.360889 0.179044
vt 0.360889 0.170935
vt 0.303177 0.778707
vt 0.311519 0.776632
vt 0.888943 0.077303
vt 0.136353 0.930809
vt 0.134237 0.928733
vt 0.947921 0.634237
vt 0.949996 0.636353
vt 0.369914 0.784974
vt 0.301120 0.918316
vt 0.307345 0.914124
vt 0.305270 0.916200
vt 0.309444 0.795391
vt 0.315711 0.797467
vt 0.309444 0.797467
vt 0.123819 0.907858
vt 0.123819 0.909974
vt 0.472813 0.155037
vt 0.464864 0.155037
vt 0.947921 0.632161
vt 0.952071 0.634237
vt 0.949996 0.048483
vt 0.113384 0.776632
vt 0.175971 0.787049
vt 0.180121 0.778707
vt 0.180121 0.780782
vt 0.827071 0.723906
vt 0.384895 0.091126
vt 0.827071 0.738515
vt 0.371989 0.782858
vt 0.296978 0.179044
vt 0.288870 0.170935
vt 0.288870 0.179044
vt 0.945804 0.050599
vt 0.943729 0.052674
vt 0.943729 0.050599
vt 0.958338 0.619669
vt 0.958338 0.617552
vt 0.960413 0.609210
vt 0.144695 0.928733
vt 0.125895 0.926658
vt 0.130086 0.926658
vt 0.886868 0.079379
vt 0.119669 0.928733
vt 0.947921 0.625895
vt 0.949996 0.630086
vt 0.947921 0.630086
vt 0.376199 0.909974
vt 0.376199 0.903707
vt 0.382424 0.909974
vt 0.952071 0.625895
vt 0.954147 0.630086
vt 0.952071 0.630086
vt 0.878525 0.081454
vt 0.960413 0.052674
vt 0.958338 0.054749
vt 0.952071 0.050599
vt 0.403282 0.787049
vt 0.872258 0.077303
vt 0.870183 0.075228
vt 0.952071 0.623819
vt 0.319861 0.803733
vt 0.326128 0.803733
vt 0.328203 0.805809
vt 0.954147 0.540399
vt 0.956263 0.540399
vt 0.958338 0.542474
vt 0.956263 0.546665
vt 0.954147 0.550816
vt 0.954147 0.546665
vt 0.228098 0.784974
vt 0.221831 0.787049
vt 0.232249 0.782858
vt 0.175947 0.905782
vt 0.157188 0.905782
vt 0.388673 0.803733
vt 0.378256 0.797467
vt 0.388673 0.801658
vt 0.198898 0.926658
vt 0.954147 0.052674
vt 0.884792 0.081454
vt 0.954147 0.824029
vt 0.952071 0.821954
vt 0.952071 0.819879
vt 0.401112 0.114974
vt 0.401112 0.107024
vt 0.393004 0.099075
vt 0.831263 0.880331
vt 0.829147 0.884523
vt 0.829147 0.880331
vt 0.276076 0.793316
vt 0.267734 0.797467
vt 0.271884 0.793316
vt 0.368838 0.131190
vt 0.384736 0.131190
vt 0.954147 0.617552
vt 0.954147 0.619669
vt 0.874334 0.079379
vt 0.194748 0.905782
vt 0.196823 0.907858
vt 0.169722 0.907858
vt 0.941654 0.054749
vt 0.392865 0.793316
vt 0.401207 0.797467
vt 0.432500 0.812076
vt 0.442917 0.810000
vt 0.444992 0.810000
vt 0.880601 0.083570
vt 0.215582 0.928733
vt 0.190556 0.926658
vt 0.215582 0.926658
vt 0.947921 0.050599
vt 0.945804 0.052674
vt 0.304768 0.107183
vt 0.288870 0.107183
vt 0.827071 0.632143
vt 0.818729 0.640486
vt 0.820804 0.634260
vt 0.107135 0.907858
vt 0.107135 0.920391
vt 0.371989 0.803733
vt 0.824996 0.650944
vt 0.827071 0.655095
vt 0.150944 0.776632
vt 0.148828 0.776632
vt 0.150944 0.774515
vt 0.824996 0.796910
vt 0.827071 0.811519
vt 0.824996 0.803177
vt 0.952071 0.657188
vt 0.949996 0.657188
vt 0.307369 0.782858
vt 0.312717 0.155196
vt 0.052932 0.920391
vt 0.052932 0.922467
vt 0.046666 0.920391
vt 0.096718 0.930809
vt 0.105060 0.930809
vt 0.876450 0.081454
vt 0.882676 0.083570
vt 0.125895 0.912049
vt 0.107135 0.914124
vt 0.107135 0.912049
vt 0.945804 0.611327
vt 0.888943 0.079379
vt 0.393004 0.131190
vt 0.384895 0.123082
vt 0.384895 0.147088
vt 0.949996 0.788586
vt 0.949996 0.050599
vt 0.215582 0.901632
vt 0.238533 0.903707
vt 0.209315 0.903707
vt 0.956263 0.054750
vt 0.109210 0.916200
vt 0.109210 0.914124
vt 0.394940 0.793316
vt 0.403282 0.793316
vt 0.447068 0.791200
vt 0.457526 0.793316
vt 0.447068 0.793316
vt 0.829147 0.642602
vt 0.816654 0.684313
vt 0.818729 0.684313
vt 0.816654 0.692655
vt 0.353230 0.807884
vt 0.357421 0.805809
vt 0.357421 0.807884
vt 0.432477 0.889098
vt 0.430401 0.889098
vt 0.430401 0.887023
vt 0.945804 0.609210
vt 0.943729 0.607135
vt 0.943729 0.605060
vt 0.399132 0.807884
vt 0.413699 0.805809
vt 0.413699 0.807884
vt 0.952071 0.605060
vt 0.952071 0.607135
vt 0.952071 0.600868
vt 0.952071 0.598793
vt 0.954147 0.596718
vt 0.952071 0.052674
vt 0.947921 0.813612
vt 0.952071 0.815687
vt 0.947921 0.815687
vt 0.369932 0.903707
vt 0.067524 0.764098
vt 0.067524 0.762023
vt 0.069599 0.764098
vt 0.086301 0.932884
vt 0.080034 0.932884
vt 0.080034 0.930809
vt 0.829147 0.897015
vt 0.827071 0.905357
vt 0.827071 0.897015
vt 0.872258 0.079379
vt 0.870183 0.077303
vt 0.822921 0.899132
vt 0.818729 0.901207
vt 0.943729 0.054750
vt 0.954147 0.600868
vt 0.954147 0.605060
vt 0.380349 0.889098
vt 0.380349 0.887023
vt 0.958338 0.602985
vt 0.956263 0.605060
vt 0.886868 0.081454
vt 0.822921 0.673854
vt 0.824996 0.678046
vt 0.824996 0.690538
vt 0.878525 0.083570
vt 0.947921 0.052674
vt 0.824996 0.723906
vt 0.824996 0.707222
vt 0.960413 0.054750
vt 0.958338 0.056825
vt 0.958338 0.054750
vt 0.390790 0.807884
vt 0.401207 0.807884
vt 0.407474 0.784974
vt 0.415816 0.787049
vt 0.827071 0.917891
vt 0.827071 0.915816
vt 0.829147 0.905357
vt 0.067500 0.916200
vt 0.052932 0.914124
vt 0.067500 0.914124
vt 0.943729 0.680139
vt 0.941654 0.680139
vt 0.818729 0.905357
vt 0.816654 0.907474
vt 0.816654 0.905357
vt 0.833338 0.892865
vt 0.835413 0.892865
vt 0.833338 0.903282
vt 0.960413 0.580034
vt 0.958338 0.590451
vt 0.958338 0.586301
vt 0.084184 0.912049
vt 0.084184 0.909974
vt 0.954147 0.054750
vt 0.441175 0.219107
vt 0.449124 0.211158
vt 0.441175 0.211158
vt 0.090451 0.922467
vt 0.092526 0.926658
vt 0.409549 0.799542
vt 0.407474 0.803734
vt 0.407474 0.799542
vt 0.956263 0.592526
vt 0.954147 0.594643
vt 0.945804 0.588376
vt 0.947921 0.592526
vt 0.945804 0.592526
vt 0.884792 0.083570
vt 0.409549 0.787049
vt 0.415816 0.789124
vt 0.820804 0.909549
vt 0.822921 0.915816
vt 0.820804 0.915816
vt 0.077959 0.922467
vt 0.125895 0.916200
vt 0.411624 0.789124
vt 0.409549 0.789124
vt 0.818729 0.909549
vt 0.816654 0.911624
vt 0.816654 0.909549
vt 0.822921 0.922041
vt 0.822921 0.919966
vt 0.818729 0.757316
vt 0.816654 0.757316
vt 0.954147 0.586301
vt 0.954147 0.590451
vt 0.880601 0.085645
vt 0.457074 0.219107
vt 0.449124 0.211158
vt 0.449124 0.219107
vt 0.941654 0.056825
vt 0.941654 0.054750
vt 0.211414 0.782858
vt 0.211414 0.784974
vt 0.209339 0.782858
vt 0.945804 0.586301
vt 0.949996 0.588376
vt 0.949996 0.052674
vt 0.816654 0.675971
vt 0.818729 0.663437
vt 0.888943 0.081454
vt 0.947921 0.609210
vt 0.945804 0.617552
vt 0.945804 0.600868
vt 0.822921 0.799027
vt 0.822921 0.801102
vt 0.952071 0.584184
vt 0.956263 0.586301
vt 0.952071 0.586301
vt 0.086301 0.935000
vt 0.084184 0.932884
vt 0.960413 0.719774
vt 0.960413 0.723924
vt 0.882676 0.085645
vt 0.945804 0.054750
vt 0.344887 0.795391
vt 0.338620 0.793316
vt 0.956263 0.056825
vt 0.941654 0.582109
vt 0.945804 0.584184
vt 0.941654 0.584184
vt 0.084184 0.935000
vt 0.082109 0.932884
vt 0.100868 0.914124
vt 0.090451 0.914124
vt 0.286511 0.920391
vt 0.276094 0.916200
vt 0.278169 0.916200
vt 0.943729 0.550816
vt 0.941654 0.555008
vt 0.943729 0.548741
vt 0.355323 0.882831
vt 0.351172 0.882831
vt 0.349056 0.880756
vt 0.831263 0.801102
vt 0.831263 0.782342
vt 0.833338 0.784418
vt 0.822921 0.961677
vt 0.824996 0.959601
vt 0.082109 0.935000
vt 0.067500 0.932884
vt 0.069617 0.932884
vt 0.337042 0.179044
vt 0.328934 0.170935
vt 0.328934 0.179044
vt 0.413699 0.791200
vt 0.820804 0.642602
vt 0.829147 0.640486
vt 0.943729 0.569617
vt 0.941654 0.565425
vt 0.943729 0.565425
vt 0.369932 0.889098
vt 0.422041 0.812076
vt 0.413699 0.810000
vt 0.426233 0.810000
vt 0.960413 0.056825
vt 0.958338 0.058941
vt 0.372007 0.901632
vt 0.386616 0.907858
vt 0.148828 0.759948
vt 0.153019 0.764098
vt 0.956263 0.582109
vt 0.956263 0.571692
vt 0.958338 0.575842
vt 0.872258 0.081454
vt 0.870183 0.079379
vt 0.886868 0.083570
vt 0.878525 0.085645
vt 0.876450 0.083570
vt 0.952071 0.054750
vt 0.943729 0.056825
vt 0.082109 0.914124
vt 0.155113 0.918316
vt 0.159263 0.916200
vt 0.153037 0.922467
vt 0.073767 0.914124
vt 0.061275 0.912049
vt 0.073767 0.912049
vt 0.827071 0.926233
vt 0.824996 0.938725
vt 0.824996 0.926233
vt 0.175971 0.793316
vt 0.186388 0.789124
vt 0.186388 0.795391
vt 0.956263 0.569617
vt 0.960413 0.571692
vt 0.954147 0.056825
vt 0.376787 0.099234
vt 0.384736 0.091126
vt 0.368838 0.091126
vt 0.941654 0.058941
vt 0.947921 0.054750
vt 0.096718 0.935000
vt 0.090451 0.932884
vt 0.094643 0.932884
vt 0.954147 0.577959
vt 0.954147 0.584184
vt 0.090451 0.912049
vt 0.086301 0.914124
vt 0.884792 0.085645
vt 0.438725 0.787049
vt 0.434575 0.789124
vt 0.434575 0.787049
vt 0.132144 0.772440
vt 0.822921 0.936650
vt 0.880601 0.087721
vt 0.949996 0.054750
vt 0.956263 0.058941
vt 0.046666 0.916200
vt 0.048741 0.918316
vt 0.046666 0.918316
vt 0.956263 0.567500
vt 0.956263 0.561275
vt 0.958338 0.548741
vt 0.818729 0.897015
vt 0.433067 0.178726
vt 0.425118 0.162827
vt 0.425118 0.178726
vt 0.949996 0.940819
vt 0.947921 0.955428
vt 0.945804 0.056825
vt 0.444992 0.793316
vt 0.438725 0.793316
vt 0.444992 0.791200
vt 0.234342 0.916200
vt 0.240609 0.909974
vt 0.236458 0.914124
vt 0.415816 0.807884
vt 0.417891 0.807884
vt 0.952071 0.550816
vt 0.949996 0.561275
vt 0.055008 0.935000
vt 0.055008 0.932884
vt 0.057083 0.932884
vt 0.061275 0.937076
vt 0.046666 0.935000
vt 0.876450 0.085645
vt 0.882676 0.087721
vt 0.148846 0.918316
vt 0.146771 0.916200
vt 0.150921 0.912049
vt 0.949996 0.021381
vt 0.947921 0.019306
vt 0.211432 0.914124
vt 0.209315 0.920391
vt 0.209315 0.914124
vt 0.332395 0.787049
vt 0.442917 0.803734
vt 0.430383 0.805809
vt 0.888943 0.083570
vt 0.065425 0.939151
vt 0.050816 0.937076
vt 0.065425 0.937076
vt 0.442917 0.789124
vt 0.960413 0.058941
vt 0.958338 0.061016
vt 0.057083 0.922467
vt 0.059158 0.920391
vt 0.059158 0.924542
vt 0.403282 0.803734
vt 0.941654 0.557083
vt 0.050816 0.928734
vt 0.040399 0.926658
vt 0.050816 0.926658
vt 0.952071 0.056825
vt 0.822921 0.944992
vt 0.818729 0.947068
vt 0.945804 0.056825
vt 0.943729 0.058941
vt 0.943729 0.056825
vt 0.163437 0.782858
vt 0.428308 0.801658
vt 0.424158 0.799542
vt 0.960413 0.555008
vt 0.958338 0.557083
vt 0.958338 0.555008
vt 0.831263 0.805252
vt 0.829147 0.828203
vt 0.829147 0.824053
vt 0.824996 0.953335
vt 0.824996 0.947068
vt 0.827071 0.947068
vt 0.165530 0.926658
vt 0.144695 0.926658
vt 0.835413 0.953335
vt 0.835413 0.959601
vt 0.833338 0.957526
vt 0.344991 0.171094
vt 0.337042 0.155196
vt 0.337042 0.171094
vt 0.088376 0.914124
vt 0.084184 0.916200
vt 0.960413 0.548741
vt 0.958338 0.544590
vt 0.872258 0.083570
vt 0.870183 0.081454
vt 0.449184 0.810000
vt 0.447068 0.812076
vt 0.447068 0.810000
vt 0.886868 0.085645
vt 0.884792 0.083570
vt 0.886868 0.083570
vt 0.457868 0.218312
vt 0.464228 0.211953
vt 0.457868 0.211953
vt 0.223906 0.780782
vt 0.221831 0.782858
vt 0.947921 0.056825
vt 0.063350 0.930809
vt 0.063350 0.932884
vt 0.956263 0.786511
vt 0.956263 0.782319
vt 0.958338 0.776094
vt 0.365763 0.787049
vt 0.355305 0.784974
vt 0.050816 0.935000
vt 0.048741 0.930809
vt 0.050816 0.930809
vt 0.451259 0.810000
vt 0.449184 0.812076
vt 0.878525 0.087721
vt 0.952071 0.546665
vt 0.949996 0.542474
vt 0.952071 0.542474
vt 0.827071 0.953335
vt 0.827071 0.951259
vt 0.941654 0.061016
vt 0.050816 0.920391
vt 0.044590 0.920391
vt 0.042474 0.918316
vt 0.459601 0.793316
vt 0.457526 0.791200
vt 0.461677 0.793316
vt 0.048741 0.932884
vt 0.046666 0.930809
vt 0.947921 0.548741
vt 0.320666 0.219266
vt 0.312717 0.211317
vt 0.312717 0.219266
vt 0.292778 0.920391
vt 0.290661 0.912049
vt 0.296928 0.912049
vt 0.409220 0.123082
vt 0.401112 0.099075
vt 0.453335 0.791200
vt 0.451259 0.789124
vt 0.453335 0.789124
vt 0.040399 0.916200
vt 0.831263 0.955410
vt 0.829147 0.955410
vt 0.956263 0.056825
vt 0.954147 0.058941
vt 0.954147 0.056825
vt 0.943729 0.069359
vt 0.943729 0.071434
vt 0.941654 0.071434
vt 0.342830 0.924542
vt 0.336563 0.922467
vt 0.818729 0.953335
vt 0.816654 0.959601
vt 0.816654 0.953335
vt 0.453335 0.810000
vt 0.455410 0.810000
vt 0.952071 0.594643
vt 0.952071 0.590451
vt 0.874334 0.085645
vt 0.874334 0.083570
vt 0.090451 0.937076
vt 0.945804 0.058941
vt 0.833338 0.944992
vt 0.831263 0.957526
vt 0.956263 0.061016
vt 0.117552 0.918316
vt 0.115477 0.920391
vt 0.113402 0.920391
vt 0.044590 0.918316
vt 0.044590 0.916200
vt 0.943729 0.073509
vt 0.941654 0.075625
vt 0.941654 0.073509
vt 0.947921 0.577959
vt 0.947921 0.575842
vt 0.960413 0.073509
vt 0.958338 0.075625
vt 0.958338 0.073509
vt 0.943729 0.542474
vt 0.947921 0.544590
vt 0.945804 0.075625
vt 0.943729 0.077701
vt 0.943729 0.075625
vt 0.949996 0.077701
vt 0.947921 0.079776
vt 0.947921 0.077701
vt 0.952071 0.079776
vt 0.952071 0.077701
vt 0.949996 0.056825
vt 0.952071 0.058941
vt 0.242684 0.914124
vt 0.943729 0.061016
vt 0.042474 0.920391
vt 0.040399 0.918316
vt 0.941654 0.063092
vt 0.949996 0.540399
vt 0.954147 0.538323
vt 0.453335 0.793316
vt 0.459601 0.795391
vt 0.453335 0.795391
vt 0.941654 0.540399
vt 0.941654 0.542474
vt 0.077959 0.928734
vt 0.077959 0.930809
vt 0.071692 0.930809
vt 0.425277 0.099075
vt 0.433226 0.114974
vt 0.433226 0.099075
vt 0.958338 0.540399
vt 0.960413 0.542474
vt 0.040399 0.932884
vt 0.042474 0.932884
vt 0.956263 0.075625
vt 0.459601 0.810000
vt 0.457526 0.812076
vt 0.947921 0.075625
vt 0.945804 0.077701
vt 0.459601 0.812076
vt 0.457526 0.814151
vt 0.040399 0.937076
vt 0.949996 0.079776
vt 0.038323 0.916200
vt 0.040399 0.920391
vt 0.038323 0.918316
vt 0.829147 0.959601
vt 0.827071 0.961677
vt 0.827071 0.959601
vt 0.461677 0.795391
vt 0.459601 0.797467
vt 0.818729 0.961677
vt 0.818729 0.959601
vt 0.040399 0.922467
vt 0.038323 0.920391
vt 0.831263 0.959601
vt 0.829147 0.961677
vt 0.816654 0.961677
vt 0.833338 0.959601
vt 0.831263 0.961677
vt 0.876450 0.025176
vt 0.876450 0.027251
vt 0.874334 0.023059
vt 0.947921 0.065167
vt 0.947921 0.067283
vt 0.945804 0.067283
vt 0.949996 0.065167
vt 0.947921 0.071434
vt 0.040399 0.930809
vt 0.038323 0.932884
vt 0.941654 0.538323
vt 0.943729 0.540399
vt 0.947921 0.073509
vt 0.949996 0.075625
vt 0.956263 0.538323
vt 0.943729 0.611327
vt 0.945804 0.619669
vt 0.461677 0.810000
vt 0.438725 0.812076
vt 0.455428 0.903707
vt 0.455428 0.922467
vt 0.453352 0.922467
vt 0.449161 0.920391
vt 0.442935 0.916200
vt 0.438743 0.909974
vt 0.882676 0.048085
vt 0.884792 0.050202
vt 0.876450 0.050202
vt 0.876450 0.048085
vt 0.874334 0.050202
vt 0.872258 0.052277
vt 0.886868 0.050202
vt 0.886868 0.052277
vt 0.886868 0.073112
vt 0.822921 0.871989
vt 0.824996 0.580016
vt 0.829147 0.577941
vt 0.488711 0.083177
vt 0.044572 0.778707
vt 0.048723 0.776632
vt 0.816654 0.544572
vt 0.818729 0.548723
vt 0.372007 0.909974
vt 0.232249 0.789124
vt 0.232249 0.787049
vt 0.228098 0.787049
vt 0.232249 0.784974
vt 0.234365 0.784974
vt 0.234365 0.782858
vt 0.236440 0.782858
vt 0.232249 0.780782
vt 0.244782 0.778707
vt 0.246858 0.789124
vt 0.472813 0.131031
vt 0.455428 0.924542
vt 0.445010 0.926658
vt 0.824996 0.544572
vt 0.829147 0.544572
vt 0.824996 0.559181
vt 0.818729 0.552915
vt 0.328934 0.075228
vt 0.336883 0.075228
vt 0.336883 0.043272
vt 0.480762 0.123082
vt 0.425118 0.210999
vt 0.425118 0.194942
vt 0.073749 0.770365
vt 0.075866 0.770365
vt 0.075866 0.772440
vt 0.080016 0.772440
vt 0.080016 0.774515
vt 0.046648 0.774515
vt 0.044572 0.774515
vt 0.044572 0.772440
vt 0.073749 0.768290
vt 0.071674 0.772440
vt 0.069599 0.770365
vt 0.200973 0.916200
vt 0.198898 0.920391
vt 0.203090 0.920391
vt 0.207240 0.916200
vt 0.205165 0.916200
vt 0.472813 0.146770
vt 0.958338 0.063092
vt 0.956263 0.063092
vt 0.960413 0.069359
vt 0.958338 0.071434
vt 0.960413 0.067283
vt 0.958338 0.065167
vt 0.472972 0.210999
vt 0.363647 0.807884
vt 0.361572 0.805809
vt 0.365763 0.807884
vt 0.365763 0.805809
vt 0.367839 0.807884
vt 0.367839 0.805809
vt 0.378256 0.805809
vt 0.378256 0.807884
vt 0.472813 0.067120
vt 0.320666 0.195260
vt 0.827071 0.588358
vt 0.827071 0.590433
vt 0.822921 0.590433
vt 0.822921 0.588358
vt 0.820804 0.588358
vt 0.829147 0.588358
vt 0.831263 0.584208
vt 0.831263 0.586283
vt 0.824996 0.582091
vt 0.820804 0.584208
vt 0.441016 0.067279
vt 0.234365 0.799542
vt 0.234365 0.801658
vt 0.226023 0.799542
vt 0.816654 0.919966
vt 0.816654 0.913699
vt 0.818729 0.913699
vt 0.818729 0.926233
vt 0.820804 0.926233
vt 0.816654 0.932500
vt 0.374082 0.899515
vt 0.071674 0.797467
vt 0.061257 0.797467
vt 0.052914 0.793316
vt 0.393162 0.170935
vt 0.441175 0.211158
vt 0.057065 0.791200
vt 0.059181 0.784974
vt 0.098775 0.791200
vt 0.098775 0.795391
vt 0.094625 0.789124
vt 0.092550 0.789124
vt 0.090433 0.789124
vt 0.088358 0.787049
vt 0.107117 0.776632
vt 0.100892 0.776632
vt 0.098775 0.776632
vt 0.344991 0.019266
vt 0.380331 0.791200
vt 0.378256 0.793316
vt 0.378256 0.795391
vt 0.376181 0.797467
vt 0.374105 0.797467
vt 0.365763 0.795391
vt 0.365763 0.791200
vt 0.367839 0.789124
vt 0.369914 0.789124
vt 0.371989 0.789124
vt 0.384523 0.789124
vt 0.829147 0.571674
vt 0.409220 0.187470
vt 0.822921 0.632143
vt 0.816654 0.700997
vt 0.816654 0.696805
vt 0.818729 0.696805
vt 0.818729 0.700997
vt 0.816654 0.719756
vt 0.818729 0.705147
vt 0.816654 0.721831
vt 0.818729 0.709339
vt 0.818729 0.711414
vt 0.296819 0.187152
vt 0.880601 0.039743
vt 0.393004 0.083177
vt 0.480921 0.043432
vt 0.296819 0.211158
vt 0.947921 0.023456
vt 0.822921 0.577941
vt 0.824996 0.575866
vt 0.876450 0.031401
vt 0.384895 0.171413
vt 0.352781 0.195260
vt 0.447068 0.795391
vt 0.449184 0.795391
vt 0.453335 0.801658
vt 0.449184 0.801658
vt 0.449184 0.805809
vt 0.447068 0.805809
vt 0.451259 0.793316
vt 0.451259 0.795391
vt 0.442917 0.795391
vt 0.442917 0.793316
vt 0.428308 0.797467
vt 0.428308 0.795391
vt 0.447068 0.799542
vt 0.432500 0.801658
vt 0.419966 0.799542
vt 0.419966 0.797467
vt 0.426233 0.797467
vt 0.426233 0.799542
vt 0.422041 0.799542
vt 0.428308 0.799542
vt 0.816654 0.951259
vt 0.820804 0.961677
vt 0.818729 0.938725
vt 0.822921 0.959601
vt 0.401271 0.171253
vt 0.480921 0.106865
vt 0.433226 0.195260
vt 0.337042 0.195419
vt 0.441175 0.162827
vt 0.344991 0.107183
vt 0.822921 0.544572
vt 0.352940 0.099234
vt 0.080016 0.753681
vt 0.069599 0.753681
vt 0.071674 0.753681
vt 0.073749 0.751606
vt 0.075866 0.751606
vt 0.827071 0.592550
vt 0.433067 0.218948
vt 0.433067 0.210999
vt 0.827071 0.619651
vt 0.827071 0.630068
vt 0.829147 0.632143
vt 0.424134 0.878681
vt 0.880601 0.027251
vt 0.480921 0.114815
vt 0.400953 0.059171
vt 0.353099 0.155037
vt 0.403300 0.901632
vt 0.409220 0.163145
vt 0.449124 0.051699
vt 0.441175 0.027374
vt 0.165512 0.795391
vt 0.153019 0.795391
vt 0.077941 0.768290
vt 0.422059 0.893290
vt 0.480921 0.027533
vt 0.472813 0.067279
vt 0.480921 0.043590
vt 0.480921 0.170776
vt 0.880601 0.023059
vt 0.419984 0.878681
vt 0.044572 0.799542
vt 0.945804 0.548741
vt 0.949996 0.565425
vt 0.952071 0.565425
vt 0.952071 0.567500
vt 0.943729 0.552932
vt 0.945804 0.550816
vt 0.259409 0.922467
vt 0.301120 0.922467
vt 0.317804 0.922467
vt 0.334488 0.924542
vt 0.324029 0.924542
vt 0.319879 0.924542
vt 0.251067 0.924542
vt 0.251067 0.922467
vt 0.221849 0.899515
vt 0.261485 0.899515
vt 0.426251 0.884948
vt 0.428326 0.884948
vt 0.428326 0.889098
vt 0.424134 0.887023
vt 0.130068 0.799542
vt 0.132144 0.797467
vt 0.248933 0.793316
vt 0.253124 0.787049
vt 0.255200 0.793316
vt 0.246858 0.795391
vt 0.223906 0.795391
vt 0.228098 0.791200
vt 0.223906 0.789124
vt 0.228098 0.789124
vt 0.230173 0.787049
vt 0.251049 0.795391
vt 0.259391 0.793316
vt 0.259391 0.795391
vt 0.257316 0.793316
vt 0.441016 0.155037
vt 0.952071 0.577959
vt 0.949996 0.590451
vt 0.949996 0.586301
vt 0.086283 0.749489
vt 0.413717 0.880756
vt 0.376787 0.171412
vt 0.415792 0.895365
vt 0.415792 0.893290
vt 0.417909 0.891173
vt 0.941654 0.909567
vt 0.328934 0.115133
vt 0.833338 0.602967
vt 0.833338 0.617576
vt 0.831263 0.627993
vt 0.831263 0.621726
vt 0.320825 0.043272
vt 0.829147 0.552915
vt 0.831263 0.544572
vt 0.833338 0.596700
vt 0.949996 0.872007
vt 0.954147 0.872007
vt 0.954147 0.874082
vt 0.949996 0.878274
vt 0.947921 0.878274
vt 0.943729 0.942935
vt 0.943729 0.938743
vt 0.945804 0.938743
vt 0.945804 0.942935
vt 0.947921 0.874082
vt 0.947921 0.880349
vt 0.121726 0.799542
vt 0.121726 0.801658
vt 0.422041 0.789124
vt 0.417891 0.789124
vt 0.417891 0.787049
vt 0.419966 0.787049
vt 0.305270 0.920391
vt 0.294853 0.912049
vt 0.294853 0.909974
vt 0.292778 0.909974
vt 0.288586 0.905782
vt 0.301120 0.909974
vt 0.301120 0.907858
vt 0.303195 0.909974
vt 0.305270 0.905782
vt 0.305270 0.907858
vt 0.307345 0.912049
vt 0.309462 0.909974
vt 0.884792 0.050202
vt 0.874334 0.048085
vt 0.417169 0.211476
vt 0.425118 0.211476
vt 0.385054 0.171253
vt 0.422041 0.810000
vt 0.422041 0.807884
vt 0.945804 0.029723
vt 0.312717 0.075228
vt 0.320825 0.019266
vt 0.312717 0.019266
vt 0.312717 0.027374
vt 0.304768 0.027374
vt 0.312717 0.067279
vt 0.296819 0.075228
vt 0.304768 0.075228
vt 0.304768 0.067279
vt 0.296819 0.019266
vt 0.288870 0.019266
vt 0.296819 0.027374
vt 0.328934 0.218948
vt 0.328934 0.210999
vt 0.399132 0.805809
vt 0.394940 0.805809
vt 0.380331 0.805809
vt 0.382448 0.805809
vt 0.320666 0.170935
vt 0.368679 0.211635
vt 0.376787 0.211635
vt 0.833338 0.765658
vt 0.090433 0.755756
vt 0.259409 0.903707
vt 0.321954 0.903707
vt 0.313612 0.903707
vt 0.286511 0.903707
vt 0.284436 0.903707
vt 0.271902 0.903707
vt 0.360730 0.195260
vt 0.472972 0.114815
vt 0.822921 0.642602
vt 0.954147 0.907450
vt 0.400953 0.211158
vt 0.200973 0.922467
vt 0.192631 0.922467
vt 0.192631 0.920391
vt 0.184289 0.922467
vt 0.171797 0.920391
vt 0.188481 0.918316
vt 0.188481 0.920391
vt 0.182214 0.920391
vt 0.175947 0.920391
vt 0.175947 0.918316
vt 0.182214 0.916200
vt 0.186406 0.918316
vt 0.184289 0.918316
vt 0.368679 0.219107
vt 0.952071 0.907450
vt 0.952071 0.905375
vt 0.949996 0.905375
vt 0.949996 0.882424
vt 0.954147 0.878274
vt 0.952071 0.876199
vt 0.386598 0.789124
vt 0.401207 0.787049
vt 0.401207 0.789124
vt 0.378274 0.926658
vt 0.827071 0.892865
vt 0.827071 0.876181
vt 0.829147 0.876181
vt 0.829147 0.861572
vt 0.831263 0.861572
vt 0.831263 0.838620
vt 0.833338 0.838620
vt 0.822921 0.888673
vt 0.824996 0.888673
vt 0.824996 0.892865
vt 0.822921 0.903282
vt 0.824996 0.899132
vt 0.824996 0.903282
vt 0.824996 0.915816
vt 0.824996 0.907474
vt 0.831263 0.863647
vt 0.833338 0.849079
vt 0.833338 0.863647
vt 0.835413 0.849079
vt 0.833338 0.815711
vt 0.835413 0.815711
vt 0.956263 0.678064
vt 0.433067 0.075228
vt 0.360730 0.219107
vt 0.488711 0.123082
vt 0.115459 0.762023
vt 0.397033 0.903707
vt 0.261485 0.920391
vt 0.261485 0.922467
vt 0.242684 0.922467
vt 0.244800 0.916200
vt 0.246876 0.916200
vt 0.242684 0.916200
vt 0.246876 0.914124
vt 0.244800 0.914124
vt 0.242684 0.903707
vt 0.248951 0.903707
vt 0.232266 0.905782
vt 0.419984 0.899515
vt 0.419984 0.897440
vt 0.424134 0.895365
vt 0.328934 0.155037
vt 0.263542 0.780782
vt 0.465023 0.211158
vt 0.952071 0.646770
vt 0.949996 0.646770
vt 0.947921 0.642579
vt 0.949996 0.634237
vt 0.428326 0.880756
vt 0.430401 0.882831
vt 0.415792 0.891173
vt 0.397033 0.891173
vt 0.397033 0.889098
vt 0.413717 0.876606
vt 0.077941 0.749489
vt 0.257316 0.791200
vt 0.820804 0.880331
vt 0.960413 0.675947
vt 0.956263 0.675947
vt 0.958338 0.675947
vt 0.960413 0.669722
vt 0.958338 0.669722
vt 0.960413 0.667605
vt 0.958338 0.667605
vt 0.960413 0.665530
vt 0.958338 0.655113
vt 0.960413 0.655113
vt 0.132161 0.920391
vt 0.138428 0.920391
vt 0.134260 0.768290
vt 0.134260 0.772440
vt 0.121726 0.772440
vt 0.109234 0.764098
vt 0.109234 0.766173
vt 0.111309 0.774515
vt 0.098775 0.774515
vt 0.943729 0.655113
vt 0.943729 0.636353
vt 0.941654 0.636353
vt 0.941654 0.628011
vt 0.943729 0.630086
vt 0.945804 0.630086
vt 0.393004 0.179362
vt 0.956263 0.644695
vt 0.956263 0.665530
vt 0.954147 0.684289
vt 0.952071 0.684289
vt 0.952071 0.665530
vt 0.952071 0.669722
vt 0.086301 0.930809
vt 0.090451 0.924542
vt 0.098793 0.926658
vt 0.121726 0.776632
vt 0.425118 0.043113
vt 0.824996 0.761467
vt 0.827071 0.778151
vt 0.434575 0.805809
vt 0.442917 0.805809
vt 0.956263 0.040140
vt 0.820804 0.546648
vt 0.818729 0.586283
vt 0.368838 0.115133
vt 0.816654 0.592550
vt 0.818729 0.567523
vt 0.816654 0.596700
vt 0.360889 0.075228
vt 0.818729 0.613384
vt 0.417169 0.114974
vt 0.818729 0.627993
vt 0.401112 0.131031
vt 0.393162 0.131031
vt 0.818729 0.636335
vt 0.441175 0.114974
vt 0.441175 0.099075
vt 0.818729 0.644677
vt 0.820804 0.644677
vt 0.820804 0.646753
vt 0.818729 0.646753
vt 0.816654 0.632143
vt 0.816654 0.630068
vt 0.816654 0.619651
vt 0.816654 0.607117
vt 0.818729 0.625918
vt 0.818729 0.621726
vt 0.213507 0.912049
vt 0.213507 0.914124
vt 0.207240 0.920391
vt 0.209315 0.907858
vt 0.165512 0.782858
vt 0.829147 0.761467
vt 0.829147 0.759391
vt 0.831263 0.759391
vt 0.831263 0.757316
vt 0.831263 0.767734
vt 0.831263 0.765658
vt 0.248933 0.797467
vt 0.100892 0.797467
vt 0.100892 0.795391
vt 0.123801 0.795391
vt 0.171779 0.795391
vt 0.248933 0.795391
vt 0.226023 0.795391
vt 0.188463 0.795391
vt 0.215564 0.795391
vt 0.196805 0.795391
vt 0.456915 0.083495
vt 0.132144 0.747414
vt 0.134260 0.749489
vt 0.138410 0.757831
vt 0.138410 0.764098
vt 0.140486 0.757831
vt 0.142602 0.749489
vt 0.142602 0.753681
vt 0.140486 0.749489
vt 0.409567 0.922467
vt 0.401225 0.924542
vt 0.407450 0.922467
vt 0.388691 0.924542
vt 0.405375 0.922467
vt 0.380349 0.924542
vt 0.388691 0.922467
vt 0.380349 0.922467
vt 0.374082 0.924542
vt 0.376199 0.922467
vt 0.361590 0.924542
vt 0.374082 0.922467
vt 0.941654 0.586301
vt 0.943729 0.586301
vt 0.945804 0.605060
vt 0.943729 0.609210
vt 0.127993 0.776632
vt 0.472972 0.195101
vt 0.312717 0.195419
vt 0.328934 0.019266
vt 0.425118 0.187470
vt 0.833338 0.630068
vt 0.882676 0.020984
vt 0.956263 0.029723
vt 0.956263 0.033915
vt 0.296660 0.155037
vt 0.949996 0.867857
vt 0.312717 0.131190
vt 0.365740 0.893290
vt 0.472813 0.138821
vt 0.337042 0.171094
vt 0.954147 0.040140
vt 0.465023 0.107183
vt 0.457074 0.195260
vt 0.273977 0.924542
vt 0.276094 0.926658
vt 0.273977 0.926658
vt 0.253142 0.924542
vt 0.230191 0.924542
vt 0.238533 0.924542
vt 0.409567 0.874489
vt 0.411642 0.880756
vt 0.408902 0.091126
vt 0.816654 0.855305
vt 0.818729 0.855305
vt 0.818729 0.865763
vt 0.816654 0.884523
vt 0.140486 0.747414
vt 0.433067 0.162827
vt 0.943729 0.038065
vt 0.465023 0.170777
vt 0.312717 0.211317
vt 0.956263 0.017231
vt 0.956263 0.021381
vt 0.945804 0.017231
vt 0.943729 0.017231
vt 0.943729 0.013039
vt 0.098775 0.764098
vt 0.107117 0.766173
vt 0.084208 0.776632
vt 0.831263 0.769809
vt 0.831263 0.778151
vt 0.831263 0.776076
vt 0.835413 0.778151
vt 0.835413 0.784418
vt 0.954147 0.029723
vt 0.952071 0.801120
vt 0.954147 0.801120
vt 0.954147 0.811537
vt 0.945804 0.811537
vt 0.945804 0.807345
vt 0.952071 0.803195
vt 0.393004 0.059171
vt 0.833338 0.653019
vt 0.870183 0.054352
vt 0.872258 0.054352
vt 0.132144 0.776632
vt 0.132144 0.778707
vt 0.461677 0.797467
vt 0.457526 0.807884
vt 0.444992 0.807884
vt 0.444992 0.805809
vt 0.393004 0.179044
vt 0.312717 0.195260
vt 0.833338 0.915816
vt 0.835413 0.903282
vt 0.835413 0.915816
vt 0.835413 0.924158
vt 0.833338 0.924158
vt 0.831263 0.932500
vt 0.831263 0.917891
vt 0.833338 0.917891
vt 0.833338 0.938725
vt 0.829147 0.932500
vt 0.328934 0.195260
vt 0.357398 0.889098
vt 0.380331 0.787049
vt 0.371989 0.784974
vt 0.943729 0.029723
vt 0.947921 0.029723
vt 0.949977 0.827899
vt 0.945638 0.827899
vt 0.945638 0.825750
vt 0.947829 0.825750
vt 0.949977 0.821411
vt 0.947829 0.823559
vt 0.945638 0.823559
vt 0.945638 0.819263
vt 0.947829 0.832195
vt 0.947829 0.830047
vt 0.949977 0.830047
vt 0.947829 0.819263
vt 0.947829 0.817115
vt 0.947829 0.814924
vt 0.952125 0.814924
vt 0.952125 0.817115
vt 0.952125 0.812775
vt 0.947829 0.812775
vt 0.947829 0.810627
vt 0.954274 0.810627
vt 0.954274 0.819263
vt 0.952125 0.819263
vt 0.945638 0.838683
vt 0.945638 0.832195
vt 0.952125 0.821411
vt 0.947829 0.838683
vt 0.952125 0.830047
vt 0.952125 0.823559
vt 0.954274 0.823559
vt 0.954274 0.834386
vt 0.952125 0.834386
vt 0.952125 0.843022
vt 0.954274 0.843022
vt 0.954274 0.847318
vt 0.952125 0.847318
vt 0.947829 0.843022
vt 0.945638 0.868929
vt 0.945638 0.843022
vt 0.949977 0.868929
vt 0.952125 0.849466
vt 0.954274 0.849466
vt 0.954274 0.851658
vt 0.954274 0.873225
vt 0.949977 0.873225
vt 0.952125 0.851658
vt 0.952125 0.855954
vt 0.954274 0.855954
vt 0.954274 0.858102
vt 0.954274 0.871077
vt 0.954274 0.862441
vt 0.480921 0.179044
vt 0.465023 0.019425
vt 0.309444 0.791200
vt 0.457074 0.179044
vt 0.417169 0.114974
vt 0.184289 0.926658
vt 0.190556 0.928733
vt 0.822921 0.698880
vt 0.822921 0.690538
vt 0.824996 0.694730
vt 0.344991 0.099234
vt 0.824996 0.673854
vt 0.342830 0.920391
vt 0.361590 0.920391
vt 0.376199 0.920391
vt 0.405375 0.920391
vt 0.409567 0.920391
vt 0.422059 0.920391
vt 0.438743 0.920391
vt 0.271902 0.920391
vt 0.282319 0.920391
vt 0.288586 0.920391
vt 0.336563 0.920391
vt 0.290661 0.920391
vt 0.334488 0.920391
vt 0.820804 0.769809
vt 0.824996 0.774000
vt 0.356211 0.923654
vt 0.472972 0.178726
vt 0.409220 0.203527
vt 0.952071 0.715582
vt 0.949996 0.715582
vt 0.949996 0.711432
vt 0.954147 0.690556
vt 0.949996 0.707240
vt 0.949996 0.709315
vt 0.947921 0.686406
vt 0.146753 0.776632
vt 0.822921 0.728098
vt 0.820804 0.728098
vt 0.820804 0.721831
vt 0.822921 0.726023
vt 0.824996 0.730173
vt 0.822921 0.730173
vt 0.822921 0.707222
vt 0.822921 0.711414
vt 0.822921 0.715564
vt 0.820804 0.657170
vt 0.818729 0.657170
vt 0.818729 0.655095
vt 0.820804 0.655095
vt 0.822921 0.705147
vt 0.822921 0.696805
vt 0.820804 0.650944
vt 0.818729 0.650944
vt 0.296819 0.107183
vt 0.304927 0.107183
vt 0.288870 0.099234
vt 0.288870 0.107183
vt 0.312717 0.211317
vt 0.288870 0.211317
vt 0.301102 0.791200
vt 0.301102 0.782858
vt 0.301102 0.784974
vt 0.292760 0.782858
vt 0.290685 0.782858
vt 0.061257 0.776632
vt 0.313594 0.803733
vt 0.313594 0.801658
vt 0.344887 0.801658
vt 0.418759 0.201937
vt 0.829147 0.653019
vt 0.219774 0.922467
vt 0.223924 0.918316
vt 0.949996 0.663455
vt 0.947921 0.659263
vt 0.336883 0.211317
vt 0.321936 0.782858
vt 0.346963 0.780782
vt 0.171797 0.928733
vt 0.180139 0.928733
vt 0.180139 0.930809
vt 0.171797 0.930809
vt 0.169722 0.928733
vt 0.157188 0.930809
vt 0.157188 0.928733
vt 0.480921 0.027374
vt 0.393004 0.203527
vt 0.157170 0.776632
vt 0.945804 0.042257
vt 0.401112 0.147088
vt 0.346981 0.903707
vt 0.274000 0.787049
vt 0.278151 0.782858
vt 0.209315 0.901632
vt 0.190556 0.903707
vt 0.188481 0.901632
vt 0.267752 0.905782
vt 0.269827 0.909974
vt 0.267752 0.907858
vt 0.257293 0.905782
vt 0.265635 0.907858
vt 0.265635 0.909974
vt 0.265635 0.912049
vt 0.263560 0.907858
vt 0.344991 0.179202
vt 0.820804 0.667629
vt 0.820804 0.917891
vt 0.822921 0.917891
vt 0.824996 0.942917
vt 0.822921 0.942917
vt 0.824996 0.936650
vt 0.827071 0.940842
vt 0.833338 0.911624
vt 0.831263 0.915816
vt 0.831263 0.911624
vt 0.829147 0.913699
vt 0.831263 0.913699
vt 0.827071 0.938725
vt 0.829147 0.926233
vt 0.956263 0.834488
vt 0.833338 0.667629
vt 0.432272 0.186023
vt 0.169704 0.799542
vt 0.474164 0.042239
vt 0.417891 0.799542
vt 0.403282 0.799542
vt 0.403282 0.797467
vt 0.419966 0.791200
vt 0.413699 0.789124
vt 0.411624 0.791200
vt 0.394940 0.791200
vt 0.409549 0.797467
vt 0.407474 0.797467
vt 0.949367 0.828532
vt 0.884792 0.025176
vt 0.886868 0.029326
vt 0.386598 0.807884
vt 0.319474 0.185935
vt 0.833338 0.675971
vt 0.161380 0.909974
vt 0.480921 0.035323
vt 0.958338 0.044332
vt 0.319879 0.907858
vt 0.369914 0.780782
vt 0.295627 0.185935
vt 0.392865 0.782858
vt 0.276094 0.899515
vt 0.276094 0.897440
vt 0.294853 0.897440
vt 0.353247 0.897440
vt 0.355323 0.897440
vt 0.357398 0.893290
vt 0.359514 0.893290
vt 0.361590 0.893290
vt 0.365740 0.899515
vt 0.296928 0.899515
vt 0.367857 0.889098
vt 0.359514 0.891173
vt 0.456915 0.114974
vt 0.833338 0.669704
vt 0.833338 0.678046
vt 0.182196 0.782858
vt 0.182196 0.780782
vt 0.184313 0.780782
vt 0.184313 0.778707
vt 0.188463 0.782858
vt 0.335690 0.185935
vt 0.313612 0.914124
vt 0.311537 0.914124
vt 0.313612 0.905782
vt 0.315687 0.905782
vt 0.309462 0.914124
vt 0.324029 0.916200
vt 0.117552 0.932884
vt 0.117552 0.935000
vt 0.100868 0.935000
vt 0.100868 0.932884
vt 0.952071 0.738533
vt 0.954147 0.730191
vt 0.954147 0.744800
vt 0.956263 0.746876
vt 0.956263 0.748951
vt 0.186388 0.784974
vt 0.182196 0.778707
vt 0.182196 0.776632
vt 0.184313 0.776632
vt 0.192655 0.776632
vt 0.196805 0.778707
vt 0.188463 0.789124
vt 0.200997 0.795391
vt 0.198880 0.791200
vt 0.198880 0.793316
vt 0.196805 0.793316
vt 0.943729 0.044332
vt 0.140486 0.766173
vt 0.138410 0.766173
vt 0.138410 0.759948
vt 0.142602 0.764098
vt 0.144677 0.762023
vt 0.945804 0.842830
vt 0.947921 0.838638
vt 0.947921 0.842830
vt 0.945804 0.838638
vt 0.947921 0.830296
vt 0.947921 0.832371
vt 0.945804 0.832371
vt 0.945804 0.830296
vt 0.945804 0.828221
vt 0.947921 0.824029
vt 0.947921 0.826146
vt 0.945804 0.826146
vt 0.945804 0.824029
vt 0.945804 0.815687
vt 0.945804 0.803195
vt 0.945804 0.796928
vt 0.943729 0.744800
vt 0.941654 0.742684
vt 0.943729 0.742684
vt 0.943729 0.751067
vt 0.941654 0.751067
vt 0.941654 0.899108
vt 0.943729 0.899108
vt 0.943729 0.911642
vt 0.941654 0.928326
vt 0.941654 0.938743
vt 0.941654 0.955428
vt 0.203072 0.791200
vt 0.236440 0.778707
vt 0.236440 0.776632
vt 0.271884 0.776632
vt 0.248933 0.778707
vt 0.276076 0.776632
vt 0.255200 0.778707
vt 0.282342 0.778707
vt 0.265658 0.778707
vt 0.278151 0.778707
vt 0.271884 0.778707
vt 0.949996 0.671797
vt 0.456915 0.138821
vt 0.818729 0.821936
vt 0.820804 0.840737
vt 0.820804 0.846963
vt 0.822921 0.851154
vt 0.816654 0.801102
vt 0.818729 0.801102
vt 0.818729 0.803177
vt 0.816654 0.803177
vt 0.816654 0.807369
vt 0.822921 0.863647
vt 0.824996 0.863647
vt 0.824996 0.869914
vt 0.816654 0.813594
vt 0.818729 0.832395
vt 0.816654 0.832395
vt 0.820804 0.851154
vt 0.822921 0.865763
vt 0.820804 0.865763
vt 0.822921 0.869914
vt 0.827071 0.869914
vt 0.827071 0.857421
vt 0.827071 0.853230
vt 0.829147 0.853230
vt 0.835413 0.811519
vt 0.835413 0.803177
vt 0.835413 0.796910
vt 0.829147 0.846963
vt 0.835413 0.790685
vt 0.829147 0.832395
vt 0.829147 0.830278
vt 0.831263 0.803177
vt 0.833338 0.794835
vt 0.833338 0.796910
vt 0.146771 0.930809
vt 0.134237 0.932884
vt 0.130086 0.930809
vt 0.948855 0.038999
vt 0.038323 0.937076
vt 0.947921 0.792778
vt 0.111327 0.928733
vt 0.119669 0.930809
vt 0.457074 0.019266
vt 0.827071 0.842812
vt 0.827071 0.824053
vt 0.824996 0.838620
vt 0.824996 0.842812
vt 0.827071 0.846963
vt 0.827071 0.849079
vt 0.822921 0.813594
vt 0.820804 0.815711
vt 0.818729 0.790685
vt 0.820804 0.790685
vt 0.820804 0.786493
vt 0.820804 0.788568
vt 0.818729 0.788568
vt 0.818729 0.786493
vt 0.816654 0.763542
vt 0.818729 0.763542
vt 0.818729 0.771884
vt 0.816654 0.790685
vt 0.818729 0.799027
vt 0.207222 0.772440
vt 0.947921 0.788586
vt 0.954147 0.751067
vt 0.952071 0.753142
vt 0.952071 0.773977
vt 0.096700 0.787049
vt 0.211414 0.789124
vt 0.211414 0.787049
vt 0.219756 0.789124
vt 0.221831 0.789124
vt 0.215564 0.782858
vt 0.217681 0.782858
vt 0.223906 0.801658
vt 0.217681 0.799542
vt 0.221831 0.776632
vt 0.215564 0.776632
vt 0.165512 0.776632
vt 0.228098 0.776632
vt 0.215564 0.774515
vt 0.464864 0.131190
vt 0.276094 0.909974
vt 0.950930 0.038999
vt 0.954147 0.955428
vt 0.952071 0.955428
vt 0.952071 0.953352
vt 0.952071 0.909567
vt 0.949996 0.945010
vt 0.303177 0.780782
vt 0.440842 0.789124
vt 0.442368 0.194044
vt 0.946757 0.041093
vt 0.945804 0.542474
vt 0.943729 0.538323
vt 0.947921 0.538323
vt 0.161380 0.920391
vt 0.365740 0.897440
vt 0.367857 0.897440
vt 0.376199 0.899515
vt 0.265635 0.901632
vt 0.369932 0.901632
vt 0.334488 0.901632
vt 0.332372 0.901632
vt 0.378274 0.899515
vt 0.447086 0.901632
vt 0.378274 0.901632
vt 0.455428 0.899515
vt 0.453352 0.901632
vt 0.949996 0.767752
vt 0.351154 0.782858
vt 0.349079 0.780782
vt 0.080016 0.762023
vt 0.263560 0.916200
vt 0.259409 0.914124
vt 0.265635 0.914124
vt 0.265635 0.918316
vt 0.263560 0.918316
vt 0.267752 0.918316
vt 0.280244 0.914124
vt 0.253142 0.905782
vt 0.255218 0.905782
vt 0.945389 0.043917
vt 0.401112 0.059171
vt 0.464864 0.155037
vt 0.953005 0.041093
vt 0.831263 0.596700
vt 0.188481 0.907858
vt 0.288568 0.784974
vt 0.288568 0.803733
vt 0.290685 0.801658
vt 0.829147 0.738515
vt 0.827071 0.796910
vt 0.829147 0.784418
vt 0.831263 0.746858
vt 0.831263 0.751049
vt 0.415977 0.186253
vt 0.820804 0.736440
vt 0.259409 0.918316
vt 0.488711 0.147088
vt 0.155113 0.924542
vt 0.155113 0.926658
vt 0.130086 0.922467
vt 0.130086 0.916200
vt 0.128011 0.912049
vt 0.144695 0.914124
vt 0.142579 0.914124
vt 0.146771 0.914124
vt 0.142579 0.916200
vt 0.144695 0.916200
vt 0.144695 0.918316
vt 0.161380 0.918316
vt 0.155113 0.916200
vt 0.153037 0.916200
vt 0.159263 0.912049
vt 0.182214 0.914124
vt 0.831263 0.742707
vt 0.267734 0.776632
vt 0.240591 0.776632
vt 0.230173 0.774515
vt 0.820804 0.744782
vt 0.956263 0.755218
vt 0.947921 0.738533
vt 0.457074 0.162827
vt 0.230173 0.797467
vt 0.261467 0.797467
vt 0.173854 0.795391
vt 0.171779 0.789124
vt 0.173854 0.791200
vt 0.488711 0.138821
vt 0.874334 0.073112
vt 0.359514 0.872414
vt 0.457074 0.035482
vt 0.336883 0.187152
vt 0.945804 0.021381
vt 0.349056 0.878681
vt 0.359514 0.882831
vt 0.947921 0.726000
vt 0.299027 0.797467
vt 0.299027 0.799542
vt 0.292760 0.797467
vt 0.269809 0.797467
vt 0.286493 0.797467
vt 0.407450 0.889098
vt 0.271884 0.789124
vt 0.271884 0.791200
vt 0.269809 0.787049
vt 0.259391 0.784974
vt 0.261467 0.784974
vt 0.255200 0.782858
vt 0.263542 0.784974
vt 0.257316 0.784974
vt 0.255200 0.784974
vt 0.248933 0.787049
vt 0.251049 0.782858
vt 0.253124 0.784974
vt 0.248933 0.789124
vt 0.257316 0.787049
vt 0.257316 0.797467
vt 0.488711 0.131031
vt 0.433226 0.043113
vt 0.425277 0.059012
vt 0.367857 0.880756
vt 0.319879 0.903707
vt 0.324029 0.912049
vt 0.288586 0.912049
vt 0.282319 0.912049
vt 0.282319 0.907858
vt 0.326146 0.912049
vt 0.326146 0.914124
vt 0.324029 0.914124
vt 0.332372 0.914124
vt 0.332372 0.916200
vt 0.317804 0.905782
vt 0.290661 0.909974
vt 0.824996 0.767734
vt 0.399132 0.803734
vt 0.399132 0.801658
vt 0.397015 0.801658
vt 0.360889 0.138980
vt 0.360889 0.131031
vt 0.352940 0.123082
vt 0.480762 0.075228
vt 0.943729 0.734342
vt 0.130068 0.747414
vt 0.956263 0.953352
vt 0.958338 0.953352
vt 0.958338 0.955428
vt 0.954147 0.953352
vt 0.952071 0.842830
vt 0.954147 0.842830
vt 0.954147 0.846981
vt 0.952071 0.849056
vt 0.952071 0.846981
vt 0.954147 0.849056
vt 0.954147 0.905375
vt 0.952071 0.855323
vt 0.952071 0.851172
vt 0.954147 0.851172
vt 0.954147 0.876199
vt 0.954147 0.855323
vt 0.952071 0.861589
vt 0.952071 0.857398
vt 0.954147 0.869932
vt 0.954147 0.867857
vt 0.240609 0.922467
vt 0.232266 0.918316
vt 0.238533 0.920391
vt 0.238533 0.918316
vt 0.234342 0.918316
vt 0.236458 0.918316
vt 0.236458 0.920391
vt 0.228116 0.916200
vt 0.234342 0.920391
vt 0.232266 0.909974
vt 0.234342 0.909974
vt 0.232266 0.912049
vt 0.228116 0.914124
vt 0.286493 0.789124
vt 0.280226 0.793316
vt 0.278151 0.793316
vt 0.282342 0.782858
vt 0.280226 0.782858
vt 0.265658 0.784974
vt 0.330278 0.805809
vt 0.328203 0.803733
vt 0.351154 0.803733
vt 0.336545 0.805809
vt 0.221849 0.905782
vt 0.198898 0.905782
vt 0.223924 0.905782
vt 0.455428 0.897440
vt 0.947921 0.719774
vt 0.956263 0.744800
vt 0.947921 0.717657
vt 0.303177 0.776632
vt 0.384895 0.083177
vt 0.440040 0.097940
vt 0.169722 0.924542
vt 0.163455 0.924542
vt 0.433067 0.131031
vt 0.472972 0.098916
vt 0.441175 0.162827
vt 0.954147 0.698898
vt 0.956263 0.698898
vt 0.960413 0.646770
vt 0.958338 0.625895
vt 0.960413 0.625895
vt 0.960413 0.634237
vt 0.958338 0.630086
vt 0.958338 0.638428
vt 0.958338 0.640504
vt 0.958338 0.644695
vt 0.956263 0.665530
vt 0.956263 0.644695
vt 0.954147 0.665530
vt 0.954147 0.688481
vt 0.954147 0.692631
vt 0.947921 0.715582
vt 0.945804 0.715582
vt 0.945804 0.696823
vt 0.943729 0.696823
vt 0.945804 0.694748
vt 0.945804 0.690556
vt 0.943729 0.659263
vt 0.941654 0.659263
vt 0.941654 0.655113
vt 0.943729 0.640504
vt 0.945804 0.669722
vt 0.947921 0.694748
vt 0.947921 0.698898
vt 0.941654 0.734342
vt 0.941654 0.732266
vt 0.943729 0.732266
vt 0.941654 0.723924
vt 0.943729 0.730191
vt 0.941654 0.719774
vt 0.943729 0.723924
vt 0.941654 0.713507
vt 0.943729 0.713507
vt 0.941654 0.700973
vt 0.943729 0.700973
vt 0.344991 0.211317
vt 0.958338 0.707240
vt 0.061275 0.916200
vt 0.075842 0.918316
vt 0.296910 0.793316
vt 0.196823 0.905782
vt 0.213507 0.924542
vt 0.213507 0.922467
vt 0.223924 0.922467
vt 0.234342 0.922467
vt 0.290685 0.791200
vt 0.315711 0.791200
vt 0.313594 0.795391
vt 0.311519 0.795391
vt 0.309444 0.787049
vt 0.321936 0.795391
vt 0.319861 0.795391
vt 0.319861 0.793316
vt 0.313594 0.782858
vt 0.301102 0.787049
vt 0.303177 0.797467
vt 0.301102 0.797467
vt 0.075842 0.924542
vt 0.077959 0.932884
vt 0.071692 0.932884
vt 0.057083 0.920391
vt 0.055008 0.920391
vt 0.055008 0.918316
vt 0.077959 0.918316
vt 0.084184 0.918316
vt 0.082109 0.918316
vt 0.077959 0.920391
vt 0.073767 0.920391
vt 0.075842 0.920391
vt 0.417328 0.043272
vt 0.958338 0.690556
vt 0.418759 0.193956
vt 0.190556 0.922467
vt 0.190556 0.924542
vt 0.186406 0.924542
vt 0.182214 0.924542
vt 0.941654 0.559158
vt 0.947921 0.573767
vt 0.945804 0.575842
vt 0.945804 0.571692
vt 0.376628 0.195737
vt 0.148828 0.778707
vt 0.150944 0.778707
vt 0.175971 0.776632
vt 0.175971 0.778707
vt 0.167628 0.778707
vt 0.142602 0.795391
vt 0.096700 0.789124
vt 0.211432 0.922467
vt 0.209315 0.924542
vt 0.209315 0.922467
vt 0.109210 0.928734
vt 0.102985 0.922467
vt 0.824996 0.857421
vt 0.340737 0.799542
vt 0.340737 0.801658
vt 0.184289 0.909974
vt 0.184289 0.907858
vt 0.192631 0.918316
vt 0.359514 0.874489
vt 0.274000 0.776632
vt 0.269809 0.774515
vt 0.368679 0.170935
vt 0.360730 0.155037
vt 0.257293 0.914124
vt 0.257293 0.918316
vt 0.286511 0.916200
vt 0.286511 0.918316
vt 0.282319 0.914124
vt 0.294835 0.803733
vt 0.294835 0.801658
vt 0.301102 0.801658
vt 0.113402 0.932884
vt 0.113402 0.930809
vt 0.198898 0.924542
vt 0.822921 0.782342
vt 0.355323 0.924542
vt 0.451259 0.812076
vt 0.417891 0.801658
vt 0.409549 0.801658
vt 0.419966 0.805809
vt 0.419966 0.801658
vt 0.424158 0.803734
vt 0.422041 0.803734
vt 0.428308 0.803734
vt 0.428308 0.805809
vt 0.947921 0.648846
vt 0.146771 0.905782
vt 0.169722 0.905782
vt 0.153037 0.907858
vt 0.211414 0.791200
vt 0.207222 0.782858
vt 0.217681 0.780782
vt 0.205147 0.782858
vt 0.219756 0.778707
vt 0.102985 0.909974
vt 0.330278 0.787049
vt 0.334470 0.791200
vt 0.324053 0.793316
vt 0.324053 0.791200
vt 0.326128 0.791200
vt 0.363647 0.803733
vt 0.084208 0.768290
vt 0.084208 0.770365
vt 0.082091 0.766173
vt 0.337042 0.075228
vt 0.337042 0.123241
vt 0.337042 0.107183
vt 0.355305 0.793316
vt 0.363647 0.795391
vt 0.363647 0.799542
vt 0.363647 0.793316
vt 0.346981 0.893290
vt 0.346981 0.889098
vt 0.344905 0.889098
vt 0.344905 0.880756
vt 0.349056 0.882831
vt 0.346981 0.882831
vt 0.353247 0.895365
vt 0.349056 0.895365
vt 0.346981 0.884948
vt 0.355323 0.884948
vt 0.355323 0.891173
vt 0.353247 0.889098
vt 0.355323 0.889098
vt 0.357398 0.884948
vt 0.943729 0.582109
vt 0.338620 0.780782
vt 0.949996 0.617552
vt 0.956263 0.613402
vt 0.816654 0.838620
vt 0.818729 0.836545
vt 0.818729 0.838620
vt 0.205147 0.778707
vt 0.226023 0.778707
vt 0.433067 0.130872
vt 0.831263 0.753124
vt 0.833338 0.751049
vt 0.833338 0.723906
vt 0.831263 0.744782
vt 0.833338 0.721831
vt 0.831263 0.686388
vt 0.831263 0.713489
vt 0.831263 0.728098
vt 0.831263 0.715564
vt 0.831263 0.717681
vt 0.831263 0.723906
vt 0.818729 0.580016
vt 0.820804 0.580016
vt 0.820804 0.577941
vt 0.831263 0.580016
vt 0.334488 0.903707
vt 0.330296 0.903707
vt 0.340714 0.916200
vt 0.332372 0.903707
vt 0.346981 0.907858
vt 0.349056 0.907858
vt 0.344905 0.907858
vt 0.211432 0.920391
vt 0.213507 0.916200
vt 0.822921 0.947068
vt 0.945804 0.050599
vt 0.409567 0.909974
vt 0.403300 0.907858
vt 0.401225 0.907858
vt 0.382424 0.901632
vt 0.413717 0.916200
vt 0.409567 0.916200
vt 0.409567 0.914124
vt 0.943729 0.876199
vt 0.941654 0.874082
vt 0.943729 0.874082
vt 0.941654 0.869932
vt 0.943729 0.869932
vt 0.941654 0.857398
vt 0.943729 0.828221
vt 0.941654 0.846981
vt 0.943729 0.811537
vt 0.941654 0.834488
vt 0.943729 0.807345
vt 0.941654 0.826146
vt 0.943729 0.805270
vt 0.941654 0.813612
vt 0.943729 0.803195
vt 0.941654 0.799003
vt 0.943729 0.786511
vt 0.941654 0.786511
vt 0.943729 0.784436
vt 0.941654 0.784436
vt 0.943729 0.778169
vt 0.941654 0.778169
vt 0.943729 0.776094
vt 0.941654 0.776094
vt 0.324029 0.903707
vt 0.332395 0.784974
vt 0.958338 0.742684
vt 0.958338 0.761485
vt 0.956263 0.761485
vt 0.954147 0.834488
vt 0.954147 0.817804
vt 0.958338 0.740609
vt 0.954147 0.759409
vt 0.956263 0.759409
vt 0.956263 0.753142
vt 0.954147 0.753142
vt 0.960413 0.707240
vt 0.958338 0.719774
vt 0.960413 0.700973
vt 0.960413 0.692631
vt 0.958338 0.692631
vt 0.958338 0.700973
vt 0.958338 0.711432
vt 0.956263 0.742684
vt 0.956263 0.740609
vt 0.956263 0.723924
vt 0.956263 0.726000
vt 0.956263 0.734342
vt 0.401225 0.909974
vt 0.130086 0.907858
vt 0.954147 0.071434
vt 0.409549 0.812076
vt 0.409549 0.810000
vt 0.086283 0.751606
vt 0.082091 0.755756
vt 0.046648 0.776632
vt 0.365763 0.789124
vt 0.355305 0.787049
vt 0.336545 0.793316
vt 0.299027 0.793316
vt 0.334470 0.793316
vt 0.324053 0.789124
vt 0.134237 0.926658
vt 0.952071 0.632161
vt 0.184313 0.784974
vt 0.175971 0.791200
vt 0.175971 0.784974
vt 0.178046 0.776632
vt 0.184313 0.782858
vt 0.827071 0.703072
vt 0.376946 0.091126
vt 0.296978 0.170935
vt 0.956263 0.638428
vt 0.956263 0.636353
vt 0.954147 0.636353
vt 0.954147 0.634237
vt 0.960413 0.617552
vt 0.960413 0.602985
vt 0.956263 0.634237
vt 0.956263 0.619669
vt 0.958338 0.611327
vt 0.142579 0.926658
vt 0.125895 0.928733
vt 0.140504 0.926658
vt 0.138428 0.926658
vt 0.949996 0.625895
vt 0.372007 0.903707
vt 0.954147 0.625895
vt 0.960413 0.054749
vt 0.403282 0.784974
vt 0.945804 0.621744
vt 0.947921 0.621744
vt 0.949996 0.623819
vt 0.319861 0.805809
vt 0.954147 0.542474
vt 0.954147 0.561275
vt 0.958338 0.546665
vt 0.223906 0.787049
vt 0.221831 0.778707
vt 0.157188 0.903707
vt 0.388673 0.799542
vt 0.382448 0.791200
vt 0.954147 0.819879
vt 0.952071 0.824029
vt 0.393004 0.131031
vt 0.401112 0.131031
vt 0.401112 0.099075
vt 0.831263 0.884523
vt 0.368838 0.115133
vt 0.194748 0.907858
vt 0.943729 0.054749
vt 0.388673 0.797467
vt 0.405357 0.789124
vt 0.407474 0.789124
vt 0.432500 0.810000
vt 0.831263 0.640486
vt 0.107135 0.909974
vt 0.109210 0.920391
vt 0.113402 0.924542
vt 0.115477 0.924542
vt 0.117552 0.924542
vt 0.102985 0.924542
vt 0.388673 0.805809
vt 0.822921 0.655095
vt 0.820804 0.776076
vt 0.822921 0.803177
vt 0.824996 0.811519
vt 0.949996 0.665530
vt 0.949996 0.650921
vt 0.952071 0.650921
vt 0.947921 0.653037
vt 0.949996 0.653037
vt 0.312717 0.139139
vt 0.046666 0.922467
vt 0.111327 0.930809
vt 0.107135 0.930809
vt 0.092526 0.932884
vt 0.092526 0.930809
vt 0.125895 0.914124
vt 0.393004 0.147088
vt 0.393004 0.123082
vt 0.240609 0.903707
vt 0.107135 0.916200
vt 0.353230 0.805809
vt 0.428326 0.878681
vt 0.430401 0.878681
vt 0.430401 0.880756
vt 0.432477 0.880756
vt 0.432477 0.882831
vt 0.432477 0.887023
vt 0.432477 0.891173
vt 0.430401 0.891173
vt 0.952071 0.609210
vt 0.949996 0.609210
vt 0.952071 0.596718
vt 0.952071 0.813612
vt 0.326146 0.905782
vt 0.067524 0.757831
vt 0.067524 0.755756
vt 0.069599 0.762023
vt 0.067524 0.766173
vt 0.822921 0.901207
vt 0.956263 0.615477
vt 0.956263 0.600868
vt 0.958338 0.600868
vt 0.956263 0.611327
vt 0.407474 0.807884
vt 0.407474 0.810000
vt 0.407474 0.787049
vt 0.415816 0.784974
vt 0.831263 0.892865
vt 0.831263 0.909549
vt 0.829147 0.909549
vt 0.833338 0.874105
vt 0.835413 0.871989
vt 0.835413 0.874105
vt 0.835413 0.855305
vt 0.820804 0.901207
vt 0.833338 0.855305
vt 0.822921 0.905357
vt 0.827071 0.907474
vt 0.052932 0.916200
vt 0.943729 0.669722
vt 0.943729 0.671797
vt 0.941654 0.671797
vt 0.943729 0.673872
vt 0.818729 0.907474
vt 0.831263 0.899132
vt 0.835413 0.890790
vt 0.960413 0.590451
vt 0.958338 0.598793
vt 0.960413 0.586301
vt 0.956263 0.596718
vt 0.958338 0.592526
vt 0.958338 0.577959
vt 0.960413 0.577959
vt 0.958338 0.580034
vt 0.092526 0.912049
vt 0.409549 0.803734
vt 0.947921 0.588376
vt 0.105060 0.920391
vt 0.119669 0.920391
vt 0.117552 0.920391
vt 0.119669 0.924542
vt 0.105060 0.916200
vt 0.096718 0.916200
vt 0.096718 0.914124
vt 0.086301 0.918316
vt 0.077959 0.924542
vt 0.084184 0.926658
vt 0.077959 0.926658
vt 0.082109 0.928734
vt 0.082109 0.926658
vt 0.080034 0.928734
vt 0.818729 0.911624
vt 0.820804 0.748933
vt 0.820804 0.755200
vt 0.818729 0.755200
vt 0.818729 0.751049
vt 0.816654 0.682196
vt 0.816654 0.678046
vt 0.822921 0.740591
vt 0.947921 0.613402
vt 0.949996 0.613402
vt 0.945804 0.590451
vt 0.945804 0.594643
vt 0.947921 0.598793
vt 0.829147 0.801102
vt 0.829147 0.821936
vt 0.827071 0.821936
vt 0.820804 0.765658
vt 0.827071 0.794835
vt 0.827071 0.809444
vt 0.827071 0.813594
vt 0.822921 0.805252
vt 0.822921 0.790685
vt 0.822921 0.796910
vt 0.956263 0.584184
vt 0.945804 0.555008
vt 0.365740 0.880756
vt 0.363665 0.880756
vt 0.361590 0.880756
vt 0.824996 0.951259
vt 0.067500 0.935000
vt 0.337042 0.170935
vt 0.943729 0.575842
vt 0.205147 0.774515
vt 0.196805 0.774515
vt 0.169704 0.774515
vt 0.190538 0.772440
vt 0.198880 0.772440
vt 0.173854 0.772440
vt 0.146753 0.772440
vt 0.146753 0.770365
vt 0.150944 0.768290
vt 0.150944 0.770365
vt 0.153019 0.768290
vt 0.155095 0.755756
vt 0.155095 0.764098
vt 0.150944 0.753681
vt 0.150944 0.755756
vt 0.138410 0.768290
vt 0.140486 0.768290
vt 0.144677 0.766173
vt 0.144677 0.764098
vt 0.146753 0.764098
vt 0.954147 0.582109
vt 0.082109 0.916200
vt 0.061275 0.914124
vt 0.171779 0.787049
vt 0.173854 0.787049
vt 0.167628 0.782858
vt 0.175971 0.780782
vt 0.186388 0.787049
vt 0.184313 0.787049
vt 0.960413 0.569617
vt 0.368838 0.115133
vt 0.376787 0.115133
vt 0.384736 0.099234
vt 0.945804 0.723924
vt 0.947921 0.732266
vt 0.096718 0.932884
vt 0.872258 0.083570
vt 0.438725 0.789124
vt 0.048741 0.916200
vt 0.958338 0.567500
vt 0.818729 0.903282
vt 0.818729 0.886598
vt 0.433067 0.162827
vt 0.947921 0.056825
vt 0.238533 0.914124
vt 0.411624 0.807884
vt 0.052932 0.935000
vt 0.052932 0.932884
vt 0.952071 0.019306
vt 0.444992 0.803734
vt 0.438725 0.803734
vt 0.417891 0.805809
vt 0.411624 0.803734
vt 0.413699 0.803734
vt 0.415816 0.803734
vt 0.432500 0.805809
vt 0.451259 0.791200
vt 0.059158 0.928734
vt 0.040399 0.928734
vt 0.434575 0.801658
vt 0.960413 0.567500
vt 0.960413 0.563350
vt 0.958338 0.563350
vt 0.958338 0.552932
vt 0.960413 0.552932
vt 0.824996 0.944992
vt 0.833338 0.947068
vt 0.835413 0.944992
vt 0.835413 0.947068
vt 0.833338 0.949184
vt 0.833338 0.955410
vt 0.344991 0.155196
vt 0.960413 0.550816
vt 0.870183 0.083570
vt 0.464228 0.218312
vt 0.958338 0.949161
vt 0.956263 0.938743
vt 0.958338 0.907450
vt 0.956263 0.922059
vt 0.958338 0.878274
vt 0.956263 0.909567
vt 0.958338 0.874082
vt 0.956263 0.907450
vt 0.958338 0.872007
vt 0.956263 0.905375
vt 0.958338 0.863665
vt 0.956263 0.876199
vt 0.958338 0.832371
vt 0.956263 0.874082
vt 0.958338 0.828221
vt 0.956263 0.872007
vt 0.958338 0.826146
vt 0.956263 0.861589
vt 0.958338 0.811537
vt 0.956263 0.842830
vt 0.958338 0.809462
vt 0.958338 0.805270
vt 0.958338 0.792778
vt 0.956263 0.828221
vt 0.958338 0.788586
vt 0.956263 0.826146
vt 0.958338 0.786511
vt 0.956263 0.811537
vt 0.956263 0.809462
vt 0.956263 0.771902
vt 0.956263 0.776094
vt 0.956263 0.792778
vt 0.956263 0.788586
vt 0.048741 0.935000
vt 0.876450 0.087721
vt 0.947921 0.542474
vt 0.952071 0.540399
vt 0.831263 0.953335
vt 0.063350 0.928734
vt 0.050816 0.924542
vt 0.044590 0.932884
vt 0.046666 0.932884
vt 0.461677 0.791200
vt 0.320666 0.211317
vt 0.409220 0.099075
vt 0.459601 0.789124
vt 0.459601 0.791200
vt 0.040399 0.914124
vt 0.943729 0.067283
vt 0.947921 0.069359
vt 0.945804 0.069359
vt 0.945804 0.063092
vt 0.947921 0.063092
vt 0.949996 0.061016
vt 0.949996 0.063092
vt 0.943729 0.063092
vt 0.952071 0.588376
vt 0.872258 0.085645
vt 0.088376 0.935000
vt 0.090451 0.935000
vt 0.833338 0.926233
vt 0.835413 0.926233
vt 0.960413 0.075625
vt 0.954147 0.079776
vt 0.425277 0.114974
vt 0.960413 0.540399
vt 0.459601 0.814151
vt 0.040399 0.939151
vt 0.038323 0.922467
vt 0.833338 0.961677
vt 0.878525 0.025176
vt 0.874334 0.029326
vt 0.949996 0.071434
vt 0.040399 0.924542
vt 0.954147 0.065167
vt 0.958338 0.538323
vt 0.947921 0.623819
vt 0.947921 0.638428
vt 0.945804 0.613402
vt 0.461677 0.812076
s 0
usemtl Sheath
f 2677/1/1 2700/2/1 2684/3/1
f 2811/4/2 2814/5/2 2875/6/2
f 23/7/2 55/8/2 48/9/2
f 6/10/3 33/11/3 35/12/3
f 2199/13/4 2281/14/4 2283/15/4
f 260/16/4 256/17/4 263/18/4
f 234/19/3 238/20/3 235/21/3
f 23/22/5 29/23/5 22/24/5
f 16/25/1 14/26/1 40/27/1
f 15/28/4 16/29/4 42/30/4
f 601/31/2 551/32/2 647/33/2
f 1288/34/1 1325/35/1 1353/36/1
f 42/37/3 41/38/3 43/39/3
f 46/40/5 44/41/5 45/42/5
f 36/43/2 39/44/2 76/45/2
f 77/45/2 99/46/2 97/47/2
f 59/48/4 58/49/4 5/50/4
f 52/51/1 47/52/1 46/53/1
f 47/54/4 53/55/4 44/56/4
f 581/57/3 610/58/3 611/59/3
f 53/60/3 52/61/3 60/62/3
f 64/63/1 56/64/1 54/65/1
f 74/66/5 73/67/5 72/68/5
f 76/69/5 78/70/5 77/71/5
f 163/72/1 130/73/1 157/74/1
f 1721/75/2 1728/76/2 1719/77/2
f 91/78/1 75/79/1 74/80/1
f 94/81/5 61/82/5 93/83/5
f 88/84/2 55/8/2 89/85/2
f 2853/86/5 2854/87/5 2896/88/5
f 96/89/3 91/90/3 70/91/3
f 2224/92/1 2211/93/1 2197/94/1
f 104/95/5 103/96/5 69/97/5
f 99/98/3 98/99/3 97/100/3
f 81/10/3 107/101/3 80/102/3
f 324/103/4 289/104/4 326/105/4
f 246/106/6 281/107/6 226/108/6
f 1246/109/1 1276/110/1 1281/111/1
f 2701/112/4 2735/113/4 2657/114/4
f 527/115/2 531/116/2 567/117/2
f 67/118/1 66/119/1 56/64/1
f 273/120/3 302/121/3 274/122/3
f 2919/123/5 2923/124/5 2925/125/5
f 232/126/3 275/127/3 233/128/3
f 106/46/2 379/129/2 98/47/2
f 117/130/4 115/131/4 113/132/4
f 114/133/3 117/134/3 113/135/3
f 125/136/3 124/137/3 121/138/3
f 130/139/6 131/140/6 133/141/6
f 112/142/3 111/143/3 134/144/3
f 109/145/1 112/146/1 404/147/1
f 617/148/3 610/58/3 618/149/3
f 2233/150/1 2156/151/1 2259/152/1
f 138/153/4 136/154/4 135/131/4
f 115/135/3 138/155/3 135/156/3
f 66/119/1 71/80/1 68/157/1
f 141/158/3 130/159/3 126/136/3
f 146/160/4 142/161/4 120/153/4
f 144/162/5 149/163/5 143/164/5
f 476/165/4 559/166/4 461/167/4
f 151/168/6 153/169/6 128/170/6
f 1215/171/4 1155/172/4 1213/173/4
f 155/174/6 130/175/6 154/176/6
f 162/177/3 158/178/3 132/179/3
f 338/180/6 505/181/6 506/182/6
f 159/183/6 161/184/6 158/185/6
f 165/186/2 159/187/2 158/188/2
f 163/189/6 165/190/6 162/169/6
f 673/191/5 679/192/5 672/193/5
f 114/133/3 124/137/3 118/194/3
f 170/195/4 137/161/4 229/196/4
f 142/197/3 174/198/3 140/134/3
f 176/199/6 144/108/6 143/106/6
f 172/200/5 176/201/5 171/202/5
f 178/203/6 148/204/6 145/205/6
f 175/206/5 178/207/5 173/208/5
f 177/209/1 150/210/1 144/211/1
f 2758/212/1 2633/213/1 2642/214/1
f 2886/215/4 2708/216/4 2816/217/4
f 150/218/4 183/219/4 149/163/4
f 152/220/4 184/221/4 151/222/4
f 188/223/5 187/224/5 184/225/5
f 191/199/6 157/108/6 190/106/6
f 190/226/3 156/159/3 155/227/3
f 193/228/6 195/144/6 160/143/6
f 199/229/2 193/230/2 160/187/2
f 197/231/6 199/232/6 164/233/6
f 164/234/3 160/235/3 159/178/3
f 208/199/6 178/236/6 177/106/6
f 167/237/2 197/238/2 164/229/2
f 166/239/3 164/234/3 163/177/3
f 167/240/4 80/241/4 201/242/4
f 115/243/1 169/244/1 203/245/1
f 456/246/4 591/247/4 488/248/4
f 170/249/2 206/250/2 205/251/2
f 205/195/4 204/252/4 202/253/4
f 169/156/3 205/254/3 202/255/3
f 206/256/5 203/257/5 204/258/5
f 101/259/4 59/48/4 285/260/4
f 172/261/6 230/262/6 231/263/6
f 17/264/2 18/265/2 419/266/2
f 139/106/6 115/106/6 266/199/6
f 186/267/4 215/268/4 185/269/4
f 212/270/5 214/271/5 215/272/5
f 189/273/4 213/274/4 187/275/4
f 218/276/5 217/277/5 213/278/5
f 221/199/6 196/108/6 220/106/6
f 220/279/3 192/280/3 191/226/3
f 223/281/6 225/282/6 198/283/6
f 198/284/3 194/285/3 193/235/3
f 200/102/3 198/284/3 197/234/3
f 851/286/1 850/287/1 867/288/1
f 237/289/1 216/290/1 212/291/1
f 217/292/2 238/293/2 213/294/2
f 234/199/6 211/295/6 210/106/6
f 216/175/4 241/168/4 214/170/4
f 236/296/5 240/297/5 241/298/5
f 219/299/4 239/300/4 217/301/4
f 244/302/5 243/303/5 239/304/5
f 246/305/3 222/177/3 221/279/3
f 227/101/3 224/306/3 223/284/3
f 276/199/6 238/307/6 237/106/6
f 256/254/3 249/308/3 229/155/3
f 256/309/2 254/310/2 253/311/2
f 258/199/6 228/108/6 257/106/6
f 265/312/2 263/313/2 262/309/2
f 261/314/6 265/315/6 229/316/6
f 271/317/6 234/318/6 270/319/6
f 273/320/6 275/316/6 235/321/6
f 25/322/1 26/323/1 73/79/1
f 2697/324/6 2668/325/6 2766/326/6
f 236/327/4 279/328/4 278/329/4
f 1029/330/2 1086/331/2 1349/332/2
f 1324/333/2 1298/334/2 1573/335/2
f 278/336/3 277/337/3 276/338/3
f 182/339/2 184/340/2 213/294/2
f 573/341/1 834/342/1 604/343/1
f 1369/344/1 1389/345/1 1418/346/1
f 1274/347/1 1331/348/1 1432/349/1
f 298/350/6 276/351/6 297/352/6
f 300/353/6 302/354/6 277/355/6
f 286/356/3 281/239/3 280/305/3
f 285/357/3 283/358/3 282/101/3
f 2515/359/6 2535/360/6 2625/361/6
f 288/362/1 329/363/1 293/364/1
f 307/365/2 296/366/2 328/367/2
f 311/199/6 303/108/6 310/106/6
f 310/368/3 299/369/3 298/370/3
f 313/199/6 315/108/6 304/106/6
f 304/371/3 301/372/3 300/373/3
f 304/374/2 279/375/2 243/376/2
f 377/377/6 392/378/6 410/379/6
f 440/380/4 12/381/4 418/382/4
f 34/383/6 32/384/6 75/385/6
f 38/386/1 34/387/1 495/388/1
f 2579/389/1 2575/390/1 2576/391/1
f 1061/392/2 1031/393/2 1043/394/2
f 311/66/3 334/395/3 318/279/3
f 2868/396/5 2869/397/5 2867/398/5
f 271/399/3 276/400/3 272/401/3
f 335/402/3 314/285/3 319/403/3
f 337/278/5 339/404/5 336/405/5
f 210/406/5 213/407/5 212/408/5
f 493/409/1 568/410/1 571/411/1
f 115/131/4 268/412/4 141/413/4
f 2639/414/1 2674/415/1 2693/416/1
f 649/192/5 652/417/5 654/418/5
f 658/419/4 693/420/4 692/421/4
f 350/422/5 349/423/5 358/424/5
f 351/199/6 352/108/6 333/106/6
f 70/78/1 103/425/1 96/426/1
f 561/427/4 475/428/4 384/429/4
f 2256/430/1 2288/431/1 2309/432/1
f 208/433/3 211/434/3 209/435/3
f 364/436/1 344/437/1 343/438/1
f 363/439/6 347/440/6 344/441/6
f 367/442/6 349/443/6 350/444/6
f 1505/445/4 1503/446/4 1548/447/4
f 365/448/1 350/449/1 347/437/1
f 1107/450/1 1106/451/1 1115/452/1
f 956/453/2 1175/454/2 1187/455/2
f 379/456/5 382/457/5 381/458/5
f 334/459/4 425/460/4 427/461/4
f 391/462/1 392/463/1 375/464/1
f 776/465/4 701/466/4 778/467/4
f 397/468/6 380/469/6 381/470/6
f 382/471/2 397/472/2 381/129/2
f 385/473/3 402/220/3 384/222/3
f 1888/474/2 1866/475/2 1813/476/2
f 378/477/5 410/478/5 409/479/5
f 1667/480/1 1827/481/1 1826/482/1
f 525/483/6 485/484/6 449/485/6
f 415/486/2 411/487/2 400/472/2
f 401/488/3 400/456/3 397/489/3
f 411/490/5 413/296/5 412/298/5
f 2371/491/1 2354/492/1 2372/493/1
f 477/494/2 413/495/2 496/496/2
f 1953/497/4 1939/498/4 1864/499/4
f 309/500/4 452/246/4 451/501/4
f 1879/502/6 1882/503/6 1892/504/6
f 419/505/3 432/506/3 418/507/3
f 175/508/6 232/420/6 233/509/6
f 427/395/3 426/510/3 438/511/3
f 336/512/6 428/513/6 466/514/6
f 430/461/4 439/515/4 429/516/4
f 442/315/5 441/517/5 440/316/5
f 446/518/3 435/473/3 434/519/3
f 445/520/5 447/521/5 444/61/5
f 351/522/1 474/523/1 355/524/1
f 2506/525/3 2481/108/3 2531/526/3
f 441/527/2 453/528/2 440/529/2
f 443/530/4 454/246/4 441/380/4
f 1399/531/2 1499/532/2 1386/533/2
f 227/534/2 201/535/2 101/536/2
f 232/537/2 209/538/2 235/539/2
f 655/540/5 659/541/5 658/542/5
f 1495/543/1 1443/544/1 1622/545/1
f 451/546/3 456/547/3 450/548/3
f 454/517/3 457/321/3 453/316/3
f 2106/549/6 2144/550/6 2124/551/6
f 295/552/2 147/553/2 175/554/2
f 1392/555/2 1394/556/2 1405/557/2
f 1597/558/1 1566/559/1 1584/560/1
f 251/362/1 250/561/1 257/562/1
f 1471/563/1 1512/564/1 1511/565/1
f 2372/566/4 2260/567/4 2282/15/4
f 437/568/6 449/485/6 464/569/6
f 235/539/2 277/570/2 273/571/2
f 645/572/1 695/573/1 694/574/1
f 1999/575/6 1966/576/6 1979/577/6
f 2115/578/2 2116/579/2 2158/580/2
f 469/581/1 462/582/1 592/583/1
f 468/584/3 466/585/3 465/586/3
f 470/587/5 471/231/5 469/588/5
f 2305/589/6 2192/590/6 2176/591/6
f 476/592/3 475/412/3 478/593/3
f 1963/594/6 1930/595/6 2016/596/6
f 2430/597/2 2419/598/2 2431/599/2
f 490/600/1 482/601/1 479/602/1
f 482/586/3 480/603/3 479/604/3
f 487/605/3 500/606/3 486/607/3
f 1324/608/4 1571/609/4 1463/610/4
f 2712/611/1 2671/612/1 2725/613/1
f 504/614/5 505/615/5 503/616/5
f 467/617/4 468/618/4 431/619/4
f 1693/620/2 1704/621/2 1626/622/2
f 866/623/1 881/624/1 911/625/1
f 294/108/6 293/106/6 330/514/6
f 1454/626/4 1428/627/4 1499/628/4
f 1046/629/6 1066/630/6 1208/631/6
f 512/632/6 498/633/6 499/634/6
f 496/635/5 513/636/5 510/637/5
f 670/638/1 672/639/1 585/640/1
f 558/641/2 603/642/2 556/643/2
f 2385/644/6 2345/645/6 2321/646/6
f 547/647/1 516/648/1 545/649/1
f 528/650/4 547/651/4 545/652/4
f 516/653/3 528/654/3 545/655/3
f 544/372/5 546/656/5 547/657/5
f 518/658/4 549/659/4 517/660/4
f 537/661/1 552/662/1 538/663/1
f 561/664/5 559/665/5 560/666/5
f 565/606/5 564/667/5 563/668/5
f 533/669/4 532/670/4 549/671/4
f 579/672/3 561/673/3 563/674/3
f 688/514/4 656/106/4 582/106/4
f 590/675/5 583/676/5 589/677/5
f 237/678/5 239/679/5 236/680/5
f 2129/681/2 2244/682/2 2243/683/2
f 604/684/6 575/685/6 574/686/6
f 577/687/3 606/688/3 582/689/3
f 623/690/1 593/583/1 586/691/1
f 587/692/4 623/693/4 586/694/4
f 594/695/2 624/696/2 590/697/2
f 590/698/4 621/699/4 588/700/4
f 593/701/4 626/702/4 592/703/4
f 607/296/3 639/704/3 613/637/3
f 595/705/4 625/706/4 594/707/4
f 630/616/5 621/708/5 625/709/5
f 784/710/5 787/711/5 786/712/5
f 686/713/5 687/714/5 691/715/5
f 643/716/1 638/717/1 641/718/1
f 638/719/3 632/656/3 641/720/3
f 644/721/5 642/722/5 643/723/5
f 1548/724/2 1503/725/2 1504/726/2
f 1490/727/2 1439/728/2 1426/729/2
f 345/730/2 346/731/2 368/732/2
f 589/733/6 688/734/6 689/735/6
f 2207/736/4 2203/737/4 2245/738/4
f 639/739/1 669/638/1 640/740/1
f 690/741/6 657/742/6 655/743/6
f 622/744/5 620/745/5 629/746/5
f 661/747/5 663/748/5 662/304/5
f 674/749/5 667/750/5 668/751/5
f 427/752/1 336/753/1 334/754/1
f 679/199/6 650/108/6 649/106/6
f 1532/755/4 1593/756/4 1579/757/4
f 685/758/5 688/759/5 684/760/5
f 1028/761/6 1050/762/6 1071/763/6
f 767/764/4 809/765/4 858/766/4
f 1504/767/3 1467/768/3 1508/769/3
f 715/573/1 732/770/1 696/574/1
f 571/411/1 599/771/1 646/772/1
f 701/773/5 697/774/5 702/749/5
f 2898/775/1 2842/776/1 2801/777/1
f 699/778/6 673/779/6 672/121/6
f 701/780/6 674/781/6 676/782/6
f 682/783/4 704/784/4 681/785/4
f 2687/786/4 2795/787/4 2731/788/4
f 710/789/6 685/790/6 684/791/6
f 707/792/5 710/760/5 705/793/5
f 688/794/2 710/795/2 684/796/2
f 696/721/3 695/797/3 715/798/3
f 2205/799/1 2283/800/1 2282/801/1
f 585/802/5 586/803/5 592/804/5
f 719/805/6 663/806/6 575/807/6
f 704/808/3 721/809/3 703/810/3
f 725/811/6 707/812/6 705/353/6
f 722/813/5 725/814/5 720/815/5
f 85/816/4 84/817/4 112/818/4
f 724/668/5 727/819/5 723/820/5
f 1757/821/1 1810/822/1 1783/823/1
f 734/824/5 732/825/5 733/826/5
f 687/827/6 712/828/6 688/829/6
f 1820/830/2 1863/831/2 1963/832/2
f 1108/833/4 892/834/4 750/242/4
f 872/835/2 1024/836/2 933/837/2
f 1530/838/4 1464/610/4 1545/839/4
f 740/840/2 736/841/2 718/842/2
f 719/843/3 718/748/3 717/844/3
f 736/845/5 738/846/5 737/847/5
f 723/106/6 757/514/6 724/108/6
f 1805/848/6 1914/849/6 1804/850/6
f 752/851/1 735/770/1 734/852/1
f 743/853/4 746/854/4 744/855/4
f 378/856/1 436/857/1 376/858/1
f 741/859/4 761/860/4 760/861/4
f 695/862/4 644/863/4 891/864/4
f 753/865/3 752/866/3 762/867/3
f 763/868/5 764/869/5 765/870/5
f 769/785/5 768/871/5 767/783/5
f 378/872/6 434/873/6 435/874/6
f 781/875/5 780/876/5 779/877/5
f 1720/878/1 1678/879/1 1692/880/1
f 758/881/3 755/882/3 754/883/3
f 761/479/3 757/884/3 756/205/3
f 790/885/5 788/845/5 789/886/5
f 84/887/1 94/888/1 111/889/1
f 766/890/4 793/891/4 764/892/4
f 1923/893/1 1912/894/1 1922/895/1
f 799/896/2 795/897/2 773/898/2
f 774/899/3 773/845/3 772/900/3
f 795/901/5 797/902/5 796/903/5
f 782/904/4 800/905/4 780/467/4
f 802/906/5 801/793/5 800/876/5
f 1565/907/2 1554/908/2 1556/909/2
f 1983/910/6 1981/911/6 2010/912/6
f 793/913/3 788/914/3 808/915/3
f 1873/916/1 2032/917/1 1985/918/1
f 797/919/2 814/920/2 796/897/2
f 1948/921/2 1961/832/2 1964/922/2
f 820/759/5 817/923/5 818/877/5
f 810/924/3 824/925/3 809/811/3
f 2389/926/2 2390/927/2 2459/928/2
f 816/929/3 815/930/3 814/931/3
f 830/932/1 823/933/1 828/934/1
f 823/931/3 822/592/3 828/593/3
f 831/935/5 829/936/5 830/937/5
f 269/938/6 295/939/6 332/940/6
f 768/941/2 809/942/2 767/943/2
f 837/944/5 836/945/5 834/236/5
f 835/946/5 840/947/5 839/948/5
f 827/949/2 835/950/2 815/920/2
f 1560/951/1 1547/952/1 1581/953/1
f 180/954/5 185/955/5 183/271/5
f 1701/956/2 1825/957/2 1700/958/2
f 1304/959/2 1328/960/2 1317/961/2
f 2052/962/1 2020/963/1 2053/964/1
f 856/588/3 846/965/3 845/587/3
f 857/966/4 860/967/4 861/968/4
f 2678/969/4 2705/970/4 2703/971/4
f 2845/972/6 2834/973/6 2833/974/6
f 870/975/6 855/976/6 853/977/6
f 863/978/4 875/979/4 858/766/4
f 888/980/5 887/981/5 886/982/5
f 874/442/3 873/983/3 870/984/3
f 885/985/2 898/986/2 897/987/2
f 900/988/1 889/989/1 888/990/1
f 909/991/5 908/992/5 907/993/5
f 893/994/2 894/995/2 912/996/2
f 2478/997/1 2451/998/1 2558/999/1
f 919/1000/6 902/1001/6 918/1002/6
f 918/1003/3 900/319/3 899/318/3
f 258/1004/3 288/1005/3 268/158/3
f 1462/1006/1 1514/1007/1 1558/1008/1
f 2275/1009/1 2296/1010/1 2279/1011/1
f 898/986/2 934/1012/2 895/1013/2
f 939/1014/5 938/1015/5 937/1016/5
f 910/1017/4 944/1018/4 908/1019/4
f 1990/1020/2 2114/1021/2 2113/1022/2
f 951/1023/1 940/1024/1 939/1025/1
f 944/1026/3 958/1027/3 943/1028/3
f 959/1029/5 957/1030/5 956/1031/5
f 963/1032/2 961/1033/2 925/1034/2
f 966/635/3 951/318/3 950/1035/3
f 2127/1036/1 2166/1037/1 2128/1038/1
f 2860/1039/1 2902/1040/1 2950/1041/1
f 972/1042/5 971/1043/5 970/1044/5
f 2299/1045/1 2327/1046/1 2300/1047/1
f 245/1048/4 317/1049/4 243/1050/4
f 986/1051/6 972/1052/6 970/1053/6
f 1760/1054/1 1795/1055/1 1788/1056/1
f 985/1057/1 973/1058/1 972/1059/1
f 657/1060/2 688/794/2 621/696/2
f 1001/1061/1 999/1062/1 986/1057/1
f 1000/1063/6 988/1064/6 999/1051/6
f 999/881/3 985/1065/3 986/1066/3
f 1282/1067/4 956/1068/4 1303/1069/4
f 993/1070/1 994/1071/1 1007/1072/1
f 1315/1073/2 1339/1074/2 1359/1075/2
f 1002/1076/5 1000/1077/5 1001/1078/5
f 1065/1079/2 1044/1080/2 1037/1081/2
f 965/1082/2 935/837/2 1011/1083/2
f 1027/1084/1 1003/1085/1 1002/1061/1
f 1025/836/2 1021/1086/2 1022/1087/2
f 2326/1088/2 2341/1089/2 2322/1090/2
f 1038/1091/3 1027/1066/3 1026/1092/3
f 1378/1093/6 1426/1094/6 1407/1095/6
f 1034/1096/1 1007/1072/1 1041/1097/1
f 1035/1098/1 1033/1099/1 1045/1100/1
f 86/1101/1 63/1102/1 64/63/1
f 1049/489/5 1048/1103/5 1047/1104/5
f 1039/1105/1 1051/1106/1 1041/1097/1
f 1058/1107/2 1055/1108/2 1056/1109/2
f 2576/1110/4 2649/1111/4 2648/1112/4
f 1069/1113/1 1050/1114/1 1049/1115/1
f 1073/1116/5 1052/1117/5 1053/1118/5
f 1082/1119/1 1080/1120/1 1068/1113/1
f 1081/1121/6 1070/1122/6 1080/1123/6
f 1080/1124/3 1069/1125/3 1068/1126/3
f 1096/1127/6 1083/1128/6 1082/1121/6
f 1083/1129/5 1081/1130/5 1082/1103/5
f 686/1131/1 723/1132/1 708/1133/1
f 72/1134/6 26/1135/6 71/1136/6
f 140/161/4 269/1137/4 267/228/4
f 1095/1138/1 1100/1139/1 1162/1140/1
f 1097/1141/1 1084/1142/1 1083/1119/1
f 1575/1143/1 1543/1144/1 1517/1145/1
f 804/418/5 807/1146/5 806/710/5
f 1896/1147/6 1932/595/6 1897/1148/6
f 1107/1149/3 1097/1150/3 1096/1125/3
f 1847/1151/1 1828/481/1 1971/1152/1
f 1936/1153/4 1769/1154/4 1625/1155/4
f 2098/1156/2 2183/1157/2 2146/1158/2
f 1119/1159/5 1118/1160/5 1115/944/5
f 1124/1161/5 1122/1162/5 1123/1163/5
f 2908/1164/2 2867/1165/2 2954/1166/2
f 1116/1167/6 1119/1168/6 1115/1169/6
f 1115/199/3 1131/108/3 1114/106/3
f 1132/1170/1 1120/1171/1 1119/452/1
f 2268/1172/2 2273/1173/2 2363/927/2
f 1141/1174/3 1132/1175/3 1116/1176/3
f 2034/1177/4 1873/1178/4 1986/1179/4
f 1125/1180/1 1210/1181/1 1209/1182/1
f 1183/1183/6 1141/1167/6 1238/1184/6
f 1101/1185/6 1121/1186/6 1134/1187/6
f 1160/1188/1 1166/1189/1 1163/1190/1
f 370/1191/1 403/1192/1 421/1193/1
f 1161/1194/1 1178/1195/1 1206/1196/1
f 151/1197/3 195/285/3 152/548/3
f 1194/1198/1 1226/1199/1 1243/109/1
f 862/1200/1 1185/1201/1 1249/1202/1
f 1194/1183/6 1230/1203/6 1195/1204/6
f 1194/1091/3 1174/1205/3 1183/881/3
f 1204/1206/2 1202/1207/2 1189/1208/2
f 521/1209/2 509/1210/2 541/1211/2
f 1271/1212/2 1191/1213/2 1272/1214/2
f 1211/1215/5 1209/1216/5 1210/1217/5
f 76/1218/6 98/1219/6 380/469/6
f 1201/1220/2 1216/1221/2 1199/1222/2
f 1750/1223/1 1747/1224/1 1872/916/1
f 2599/389/1 2701/1225/1 2600/1226/1
f 2655/1227/1 2558/999/1 2656/1228/1
f 1218/1229/1 1237/1230/1 1236/1231/1
f 1195/1232/2 1227/1233/2 1174/1234/2
f 650/106/3 652/199/3 656/514/3
f 1243/1235/6 1244/1236/6 1229/1237/6
f 1247/1238/5 1243/1239/5 1240/1240/5
f 1230/1241/3 1228/721/3 1227/1242/3
f 1250/1243/5 1248/1244/5 1249/1245/5
f 2907/1246/6 2958/1247/6 2913/1248/6
f 120/197/3 123/137/3 153/548/3
f 819/1249/6 805/350/6 804/1250/6
f 125/136/3 133/179/3 127/1197/3
f 1258/1251/2 1265/1252/2 1256/1253/2
f 1998/1254/2 1967/1255/2 1999/1256/2
f 245/376/2 189/1257/2 194/230/2
f 919/1258/1 917/1259/1 938/1024/1
f 1280/1260/6 1276/1261/6 1238/1184/6
f 2064/1262/1 2080/1263/1 2079/1264/1
f 58/199/1 82/199/1 100/514/1
f 234/1265/1 276/1266/1 237/289/1
f 1268/1267/2 1258/1251/2 1271/1212/2
f 1301/1268/5 1299/1269/5 1300/1270/5
f 180/1271/4 181/1272/4 211/1273/4
f 1312/1274/3 1293/700/3 1292/1149/3
f 1295/1275/5 1298/1276/5 1297/1277/5
f 60/55/4 94/816/4 93/1278/4
f 1386/533/2 1363/1279/2 1388/1280/2
f 18/1281/4 21/1282/4 48/1283/4
f 1774/1284/2 1733/1285/2 1775/1286/2
f 1671/1287/1 1674/1288/1 1649/1289/1
f 1637/1290/1 1639/1291/1 1690/1292/1
f 1358/1293/4 1379/1294/4 1606/1295/4
f 1313/1296/5 1316/1297/5 1315/1298/5
f 337/753/1 467/1299/1 340/1300/1
f 1299/1301/4 1338/1302/4 1327/1303/4
f 1319/1304/2 1309/1305/2 1318/1306/2
f 1360/1075/2 1381/1307/2 1362/1308/2
f 1322/1309/3 1321/1310/3 1320/1311/3
f 1864/1312/2 1917/1313/2 1941/1314/2
f 1314/1315/4 1339/1316/4 1316/1317/4
f 1344/1318/2 1328/960/2 1306/1319/2
f 1274/347/1 1277/1320/1 1353/36/1
f 1254/1321/1 1250/1202/1 1492/1322/1
f 1338/1302/4 1351/1323/4 1326/1324/4
f 1355/1325/6 1346/1326/6 1345/1327/6
f 1312/1328/6 1440/1329/6 1294/1330/6
f 1359/824/3 1362/1331/3 1358/945/3
f 749/1332/5 748/711/5 750/1333/5
f 1141/1334/1 1279/1335/1 1461/1336/1
f 1880/1337/1 1918/1338/1 1919/1339/1
f 338/1340/2 504/1341/2 595/695/2
f 1381/1031/5 1380/1342/5 1379/1343/5
f 882/1344/1 915/1345/1 932/1346/1
f 210/1347/1 186/1348/1 180/1349/1
f 1391/1350/3 1370/83/3 1371/82/3
f 1378/1093/6 1393/1351/6 1376/1352/6
f 1377/1353/3 1375/1354/3 1374/1355/3
f 2831/1356/2 2847/4/2 2861/1357/2
f 612/1358/2 671/1359/2 611/1360/2
f 2103/1361/6 2109/1362/6 2102/1363/6
f 1405/283/5 1407/1364/5 1406/273/5
f 324/1365/5 325/1366/5 329/1367/5
f 703/1368/2 676/1369/2 704/1370/2
f 1490/1371/6 1294/1330/6 1440/1329/6
f 704/199/1 720/108/1 583/108/1
f 1407/1372/2 1424/1373/2 1406/557/2
f 1489/1374/1 1567/559/1 1654/1375/1
f 356/1376/2 384/1377/2 353/1378/2
f 1472/1379/1 1447/1380/1 1446/1381/1
f 1487/725/2 1413/1382/2 1467/726/2
f 596/108/6 501/1383/6 629/514/6
f 1427/1159/3 1425/1384/3 1424/1385/3
f 1442/544/1 1395/1386/1 1396/1387/1
f 181/1388/5 177/128/5 182/1389/5
f 617/1390/2 678/1391/2 671/1359/2
f 1015/1392/2 1042/1393/2 1199/1222/2
f 1337/1394/4 1492/1395/4 1261/1396/4
f 1443/1397/5 1441/1398/5 1442/1399/5
f 2428/1400/1 2381/1401/1 2344/1402/1
f 1474/1403/1 1472/1379/1 1471/563/1
f 581/1358/2 579/1404/2 563/1405/2
f 709/1406/6 728/1407/6 742/1408/6
f 1484/1409/3 1460/1410/3 1452/1411/3
f 741/1412/3 744/1413/3 742/1414/3
f 1493/1415/5 1491/1416/5 1492/1417/5
f 1499/1418/5 1502/1419/5 1501/1420/5
f 729/1421/3 745/1422/3 743/1423/3
f 662/1424/2 719/1425/2 717/1426/2
f 1506/1427/6 1508/1428/6 1468/1429/6
f 1484/1430/6 1485/1431/6 1461/1432/6
f 577/1433/1 562/1434/1 561/1435/1
f 1521/1436/6 1523/1437/6 1510/1427/6
f 1510/1438/3 1507/769/3 1506/1439/3
f 855/976/6 661/1440/6 718/1441/6
f 1534/1442/6 1536/1443/6 1524/1436/6
f 1524/1444/3 1522/1445/3 1521/1438/3
f 1479/1446/2 1524/1447/2 1509/1448/2
f 1528/1449/3 1516/1353/3 1515/12/3
f 1551/1450/6 1553/1451/6 1538/1442/6
f 1538/1452/3 1535/1453/3 1534/1444/3
f 1519/1454/1 1383/1455/1 1645/1456/1
f 1929/893/1 2029/1457/1 2009/1458/1
f 1504/726/2 1522/1459/2 1550/1460/2
f 1562/1461/6 1564/1462/6 1554/1450/6
f 1554/1463/3 1552/1464/3 1551/1452/3
f 1541/1465/2 1480/1466/2 1513/1467/2
f 1572/1468/5 1570/1469/5 1571/1415/5
f 1497/1470/2 1498/1471/2 1577/1472/2
f 5/1473/2 58/1474/2 80/1475/2
f 1565/1476/3 1563/1477/3 1562/1463/3
f 1528/1478/6 1590/1479/6 1569/1480/6
f 1635/1481/6 1634/1482/6 1685/1483/6
f 1587/1484/1 1599/1485/1 1589/1486/1
f 1600/1487/6 1590/1479/6 1599/1488/6
f 1599/1489/3 1588/11/3 1589/1490/3
f 1591/1416/5 1604/1491/5 1605/1492/5
f 640/810/6 670/514/6 613/1493/6
f 1698/1494/1 1591/1495/1 1726/1496/1
f 1610/1497/2 1608/1498/2 1593/1499/2
f 7/1500/4 3/1501/4 284/1502/4
f 1598/1503/3 1596/1504/3 1595/1476/3
f 1601/1505/5 1600/1506/5 1587/1507/5
f 582/108/6 653/199/6 654/514/6
f 1966/1255/2 1959/1508/2 1913/1509/2
f 613/199/2 666/108/2 607/106/2
f 1608/1510/5 1615/1511/5 1611/1512/5
f 489/1513/4 530/1514/4 516/1515/4
f 1617/1516/1 1602/1517/1 1601/1484/1
f 1623/1518/5 1621/1519/5 1622/1520/5
f 1609/1521/2 1626/622/2 1625/1522/2
f 1614/1523/4 1661/1524/4 1641/1525/4
f 1636/236/3 1617/327/3 1616/1526/3
f 1851/1527/6 1716/1528/6 1688/1529/6
f 53/1530/1 93/888/1 61/1531/1
f 1637/1532/3 1620/1449/3 1619/1533/3
f 1644/1534/1 1624/1535/1 1623/545/1
f 208/1536/1 172/1537/1 231/1538/1
f 1635/1539/3 1633/1503/3 1632/1354/3
f 1653/1540/6 1684/1541/6 1655/1542/6
f 1661/1343/5 1642/1543/5 1641/1544/5
f 1665/1545/1 1646/1546/1 1663/1534/1
f 1646/1547/3 1644/233/3 1663/232/3
f 1666/1491/5 1664/1548/5 1665/1397/5
f 1647/199/2 1664/108/2 1646/106/2
f 1659/1549/6 1687/1550/6 1685/1483/6
f 2601/1551/2 2605/1552/2 2690/1553/2
f 1697/1554/3 1689/1533/3 1688/1555/3
f 1708/1556/1 1695/1557/1 1677/1558/1
f 1715/1559/6 1659/1549/6 1725/1560/6
f 1683/1561/2 1711/1562/2 1694/1563/2
f 1611/1498/2 1702/1564/2 1718/77/2
f 1719/77/2 1703/1565/2 1704/621/2
f 741/1566/1 724/1132/1 759/1567/1
f 404/147/1 387/1568/1 416/1569/1
f 2622/1570/2 2695/1571/2 2554/1572/2
f 1438/729/2 1540/1465/2 1527/1573/2
f 1676/1574/1 1653/1575/1 1652/1375/1
f 1743/1420/5 1742/1576/5 1741/1342/5
f 1756/1577/1 1731/1578/1 1782/1579/1
f 1747/1548/5 1745/1580/5 1746/1398/5
f 1728/76/2 1729/1581/2 1752/1582/2
f 1758/1583/3 1724/1584/3 1723/1585/3
f 1738/1469/5 1736/1586/5 1737/1416/5
f 490/1587/5 491/1588/5 489/405/5
f 1768/1512/5 1771/1589/5 1770/1419/5
f 2623/1590/2 2660/1591/2 2603/1551/2
f 1764/1592/3 1762/1539/3 1761/1593/3
f 1776/1594/2 1786/1595/2 1785/1596/2
f 692/1597/3 691/1598/3 690/1271/3
f 1788/1599/3 1759/1600/3 1760/1601/3
f 2123/1602/2 2100/1603/2 2103/1604/2
f 1247/1605/6 1241/1606/6 1276/1261/6
f 1868/1607/6 1869/1608/6 1842/1609/6
f 1796/1610/5 1795/1611/5 1787/1612/5
f 1879/1613/2 1878/1614/2 1911/1615/2
f 1779/1616/6 1796/1617/6 1787/1618/6
f 1799/1619/1 1797/1055/1 1796/1620/1
f 1824/1544/5 1822/1621/5 1823/1469/5
f 1828/1586/5 1826/1622/5 1827/1491/5
f 2693/1623/6 2728/1624/6 2665/1625/6
f 1818/1626/3 1816/1627/3 1817/1503/3
f 1845/1628/3 1799/1629/3 1779/1630/3
f 1804/1631/3 1819/1592/3 1803/1449/3
f 1829/1632/4 1849/1633/4 1826/1634/4
f 1844/1635/6 1843/1636/6 1815/1637/6
f 844/1638/1 537/661/1 572/1639/1
f 1709/1640/2 1681/1561/2 1696/1641/2
f 2360/1642/2 2362/1643/2 2384/1644/2
f 2056/1645/4 2045/1646/4 2047/1647/4
f 1856/1648/5 1855/1649/5 1854/1511/5
f 720/1650/6 755/421/6 722/1651/6
f 1845/1652/1 1910/1653/1 1921/1654/1
f 1811/1655/2 1834/1656/2 1777/1657/2
f 1861/1658/3 1852/1555/3 1851/1489/3
f 698/1659/2 674/1369/2 702/1660/2
f 1464/1661/1 1493/1322/1 1571/1662/1
f 712/1663/5 709/1664/5 710/1665/5
f 1260/1666/2 1219/1667/2 1224/1668/2
f 1790/1669/1 1802/1055/1 1821/1670/1
f 2271/1173/2 2213/1671/2 2257/1672/2
f 837/342/1 847/1673/1 838/1674/1
f 1542/1675/2 1725/1676/2 1659/1641/2
f 1576/1677/4 1605/1678/4 1575/1679/4
f 1886/1342/5 1885/1680/5 1884/1543/5
f 1873/1622/5 1871/1681/5 1872/1548/5
f 845/1682/1 887/989/1 856/1673/1
f 737/1683/2 774/896/2 772/898/2
f 1896/1684/3 1870/1631/3 1883/1532/3
f 1153/1685/4 1168/1686/4 1186/1687/4
f 1939/1688/2 1953/1689/2 1992/1020/2
f 2848/1690/1 2834/1691/1 2846/1692/1
f 1908/1693/2 1942/1694/2 1941/1314/2
f 1895/1695/3 1893/1626/3 1894/1539/3
f 2615/1696/1 2614/1697/1 2561/1698/1
f 1927/1699/6 1915/1700/6 1914/849/6
f 1929/1701/6 2028/1702/6 2061/1703/6
f 1935/1419/5 1938/1704/5 1937/1576/5
f 1933/1705/2 1934/1706/2 2070/1707/2
f 1947/1701/6 1932/595/6 1946/1708/6
f 1951/1681/5 1949/1709/5 1950/1580/5
f 1104/1710/7 1089/1711/7 1102/1712/7
f 1941/1314/2 1956/1713/2 1955/1714/2
f 2241/683/2 2261/1715/2 2353/1716/2
f 1958/1717/1 1907/1718/1 1916/1719/1
f 2042/1720/1 2107/1721/1 2137/1722/1
f 242/1723/1 278/1724/1 303/1725/1
f 504/406/6 567/1726/6 597/1727/6
f 1926/1532/3 1928/108/3 1931/1684/3
f 2136/1722/1 2157/1728/1 2189/1729/1
f 785/1730/2 758/1731/2 742/1732/2
f 1972/1621/5 1970/1733/5 1971/1586/5
f 770/1734/4 810/765/4 768/764/4
f 272/106/5 277/514/5 276/108/5
f 1963/1735/3 1968/1695/3 1962/1592/3
f 2549/1736/6 2587/1737/6 2586/1738/6
f 1973/1739/1 2001/1740/1 2000/1741/1
f 1973/1742/4 1988/1743/4 1970/1744/4
f 1974/199/3 1973/108/3 1970/106/3
f 1832/1745/2 1809/1746/2 1833/1747/2
f 2276/1748/6 2324/1749/6 2295/1750/6
f 1992/1511/5 1991/1751/5 1990/1589/5
f 1976/1752/1 1994/1753/1 1977/1754/1
f 1976/1755/4 2057/1756/4 2187/1757/4
f 1135/1758/1 1073/1759/1 1155/1760/1
f 2002/1543/5 2000/1761/5 2001/1621/5
f 806/1514/6 785/1762/6 784/1763/6
f 2014/1764/3 2007/1601/3 2006/1583/3
f 1198/1765/4 1187/1766/4 969/1767/4
f 252/1768/4 291/16/4 290/1769/4
f 2018/1770/3 2016/1735/3 2015/1631/3
f 2034/1733/5 2032/1771/5 2033/1622/5
f 2805/1772/1 2800/1773/1 2840/1774/1
f 2020/963/1 2039/1775/1 2023/1776/1
f 771/1777/2 826/1778/2 877/1779/2
f 2027/1780/3 2013/1781/3 2012/1626/3
f 2042/1782/3 2026/1489/3 2025/1599/3
f 1594/1783/2 1552/1784/2 1596/1785/2
f 1026/1084/1 1048/1114/1 1038/1786/1
f 2050/1787/5 2049/1788/5 2048/1649/5
f 950/1023/1 971/1058/1 966/1789/1
f 2755/1790/4 2767/1791/4 2818/1792/4
f 2059/1771/5 2057/1793/5 2058/1681/5
f 1741/1794/2 1887/1795/2 1886/1796/2
f 2069/1576/5 2072/1797/5 2071/1680/5
f 1805/848/6 1717/1528/6 1821/1798/6
f 231/1799/3 270/1800/3 234/1801/3
f 2076/1802/3 2062/1554/3 2061/1658/3
f 108/1803/2 394/1804/2 374/1805/2
f 1636/1806/1 1759/1054/1 1780/1056/1
f 2065/1807/4 2080/1808/4 2064/1809/4
f 2083/1793/5 2081/1810/5 2082/1709/5
f 1330/1811/6 1332/1812/6 1225/1813/6
f 908/1814/2 943/1815/2 907/1816/2
f 1975/1752/1 1951/1817/1 2057/1818/1
f 2097/1819/3 2078/1770/3 2077/1684/3
f 1527/1820/6 1540/1821/6 1633/1822/6
f 1232/1823/1 1215/1824/1 1326/1825/1
f 1390/1826/2 1366/1827/2 1372/1828/2
f 2103/1361/6 2101/1829/6 2095/1830/6
f 2096/1831/3 2094/1780/3 2093/1695/3
f 2048/1832/2 2085/1833/2 2132/1834/2
f 2110/1835/3 2105/1684/3 2104/1836/3
f 2113/1589/5 2112/1837/5 2111/1704/5
f 2119/1838/6 2109/1362/6 2100/1839/6
f 388/1840/2 389/1841/2 405/1842/2
f 2127/1761/5 2125/1843/5 2126/1733/5
f 2067/1844/2 2068/1845/2 2168/1846/2
f 2955/1847/5 2954/396/5 2946/1848/5
f 2487/1849/1 2468/1850/1 2513/1851/1
f 2060/1818/1 2150/1852/1 2149/1853/1
f 2131/1854/5 2130/1855/5 2129/1856/5
f 149/210/1 185/1348/1 155/1857/1
f 1918/1338/1 1840/1858/1 1890/1859/1
f 2075/1860/2 2175/1861/2 2158/580/2
f 2076/1862/1 2193/1863/1 2195/1864/1
f 2143/1602/2 2139/1865/2 2121/1866/2
f 2123/1867/3 2121/1831/3 2119/1735/3
f 2139/199/5 2141/108/5 2140/106/5
f 2151/1868/5 2149/1869/5 2150/1870/5
f 1739/1871/1 1823/1872/1 1822/481/1
f 2160/1873/3 2137/1599/3 2136/1764/3
f 2141/1874/2 2161/1875/2 2140/1865/2
f 2165/1876/6 2145/1877/6 2144/550/6
f 2151/1852/1 2185/1878/1 2152/1853/1
f 1093/1879/2 1063/1880/2 1064/1881/2
f 1812/1882/1 1841/1883/1 1778/1884/1
f 2229/1885/2 2112/1021/2 2230/1886/2
f 2164/1887/3 2162/700/3 2161/1888/3
f 2180/1889/6 2147/1890/6 2165/1876/6
f 2168/1680/5 2166/1891/5 2167/1761/5
f 472/1892/1 480/602/1 481/601/1
f 948/1893/1 967/1894/1 968/1895/1
f 1212/1896/4 635/1897/4 1297/1898/4
f 2200/1899/1 2187/1878/1 2198/1037/1
f 2187/1900/3 2186/1901/3 2198/1902/3
f 2201/1843/5 2199/1903/5 2200/1771/5
f 469/106/6 480/514/6 470/108/6
f 2199/1903/5 2203/1904/5 2204/1905/5
f 2251/1906/6 2268/1907/6 2319/1908/6
f 2101/1909/2 2221/1910/2 2190/1911/2
f 2210/1912/3 2193/1658/3 2194/1782/3
f 2179/1158/2 2250/1913/2 2162/1875/2
f 2211/1914/6 2184/1915/6 2197/1916/6
f 520/1917/2 519/1918/2 484/1919/2
f 2215/1920/6 2214/1921/6 2183/1922/6
f 2183/1923/3 2196/1867/3 2181/1770/3
f 2218/1924/5 2217/1925/5 2216/1788/5
f 2229/1704/5 2228/1926/5 2227/1797/5
f 2281/800/1 2297/1047/1 2394/1927/1
f 2223/1928/3 2222/1929/3 2221/1780/3
f 2225/1930/6 2183/1922/6 2184/1915/6
f 1883/1931/1 1915/1932/1 1931/1933/1
f 2908/1934/6 2910/1935/6 2861/1936/6
f 2813/1937/6 2792/1938/6 2811/1939/6
f 1257/1940/1 1180/1941/1 1263/1942/1
f 1884/1796/2 1898/1943/2 2003/1944/2
f 2305/1945/1 2236/1946/1 2303/1947/1
f 1781/1948/2 1894/1614/2 1882/1613/2
f 2243/1856/5 2242/1949/5 2241/1837/5
f 2255/1950/3 2238/1836/3 2237/1802/3
f 953/1951/6 921/1952/6 974/1953/6
f 619/1954/6 648/1955/6 678/1956/6
f 2244/1957/4 2261/1958/4 2242/1959/4
f 1561/1960/1 1473/1961/1 1539/1962/1
f 786/199/6 748/1963/6 747/1964/6
f 2271/1965/6 2272/1906/6 2253/1966/6
f 2254/1967/3 2251/1928/3 2250/1831/3
f 1766/1968/2 1771/1969/2 1936/1970/2
f 2260/1904/5 2258/1971/5 2259/1810/5
f 2344/1402/1 2335/1972/1 2405/1973/1
f 2676/1974/1 2728/1975/1 2748/1976/1
f 2279/1977/3 2276/1923/3 2275/1819/3
f 1640/1978/2 1803/1979/2 1620/1980/2
f 2281/1981/5 2282/1982/5 2283/1903/5
f 690/21/4 730/1983/4 729/1984/4
f 580/1985/4 665/1986/4 608/1987/4
f 2228/1886/2 2329/1988/2 2227/1885/2
f 2269/1172/2 2360/1642/2 2338/1989/2
f 2210/1864/1 2192/1990/1 2306/1945/1
f 775/465/4 777/1991/4 818/1992/4
f 2299/1891/5 2297/1981/5 2298/1843/5
f 788/1993/1 763/1994/1 762/851/1
f 790/1995/1 821/933/1 791/1993/1
f 1699/1996/4 1824/1997/4 1738/1998/4
f 2018/1999/6 2010/912/6 2017/2000/6
f 1772/1223/1 1791/2001/1 1782/1579/1
f 758/2002/6 803/680/6 783/1422/6
f 2741/2003/2 2742/2004/2 2797/2005/2
f 2349/1089/2 2365/2006/2 2348/2007/2
f 2295/2008/3 2290/1967/3 2289/1867/3
f 2312/2009/3 2294/1819/3 2293/1835/3
f 2216/2010/2 2316/2011/2 2315/2012/2
f 2321/646/6 2308/2013/6 2320/589/6
f 2320/2014/3 2306/1782/3 2305/1873/3
f 327/2015/5 328/2016/5 332/2017/5
f 1121/1186/6 1143/2018/6 1228/1236/6
f 2329/1797/5 2327/2019/5 2328/1891/5
f 1613/2020/2 1453/2021/2 1662/2022/2
f 2315/1788/5 2314/2023/5 2313/1855/5
f 2318/2024/2 2333/2011/2 2317/2025/2
f 2405/1973/1 2343/2026/1 2356/2027/1
f 2755/2028/1 2816/2029/1 2754/2030/1
f 721/2031/4 779/467/4 703/466/4
f 980/2032/4 990/2033/4 1040/2034/4
f 2331/199/3 2330/108/3 2327/106/3
f 2097/2035/1 2105/2036/1 2106/2037/1
f 127/2038/2 128/2039/2 123/2040/2
f 2309/2041/6 2340/2042/6 2347/2043/6
f 2407/2044/1 2502/2045/1 2504/2046/1
f 2341/2047/6 2324/1749/6 2322/2048/6
f 2368/2049/6 2409/2050/6 2421/2051/6
f 2352/1837/5 2351/2052/5 2350/1926/5
f 1003/2053/6 1005/2054/6 1004/2055/6
f 771/1777/2 770/941/2 570/2056/2
f 125/2057/1 121/2058/1 126/2059/1
f 2484/2060/2 2573/2061/2 2564/2062/2
f 2353/2063/4 2374/2064/4 2351/2065/4
f 2363/2066/3 2362/2067/3 2361/1928/3
f 2369/2068/4 2401/2069/4 2372/566/4
f 2404/1982/5 2379/2070/5 2401/1904/5
f 2341/2047/6 2393/2071/6 2364/2072/6
f 402/1377/2 487/2073/2 486/2074/2
f 2363/2075/6 2323/1749/6 2348/2076/6
f 2407/2077/3 2386/1802/3 2385/1912/3
f 904/2078/4 906/2079/4 1014/2080/4
f 2368/2081/3 2393/2008/3 2367/1923/3
f 2396/2019/5 2394/2082/5 2395/1981/5
f 1108/833/4 1210/2083/4 1124/2084/4
f 1984/106/2 1987/199/2 2011/514/2
f 2415/2085/5 2414/2086/5 2413/2087/5
f 2312/1010/1 2310/2088/1 2408/2089/1
f 2397/1927/1 2399/2090/1 2516/2091/1
f 2540/2092/4 2519/2093/4 2375/2094/4
f 2652/2095/2 2730/2096/2 2651/2097/2
f 1881/2098/6 1779/1616/6 1880/2099/6
f 2424/2100/4 2434/2101/4 2423/2102/4
f 2316/2103/4 2333/2104/4 2413/2105/4
f 2568/2106/6 2458/2107/6 2483/2108/6
f 2351/1716/2 2519/2109/2 2518/2110/2
f 2449/1855/5 2448/2111/5 2447/1949/5
f 2453/2112/5 2451/2113/5 2452/2114/5
f 2455/2115/2 2436/2116/2 2430/597/2
f 2426/2117/1 2437/2118/1 2429/2119/1
f 2443/2120/6 2366/2051/6 2433/2121/6
f 2443/525/3 2439/2066/3 2438/1967/3
f 2464/2122/6 2444/2123/6 2463/2124/6
f 2463/2125/3 2441/1835/3 2442/1950/3
f 2446/2126/1 2471/2091/1 2470/2127/1
f 2446/2128/4 2472/2129/4 2471/2130/4
f 2455/2115/2 2582/2131/2 2219/2132/2
f 2474/2133/1 2454/998/1 2453/2134/1
f 2454/2135/4 2477/2136/4 2451/2137/4
f 2575/2138/4 2555/2139/4 2540/2092/4
f 1397/2140/4 1396/2141/4 1351/1323/4
f 2481/2142/6 2461/2107/6 2460/2143/6
f 2486/2144/3 2469/2081/3 2467/1977/3
f 2477/2145/3 2474/2146/3 2490/2147/3
f 2493/2070/5 2491/2148/5 2492/2149/5
f 1146/2150/1 1147/2151/1 1136/2152/1
f 2508/2153/6 2468/2154/6 2464/2122/6
f 2518/1926/5 2516/2155/5 2517/2019/5
f 942/2156/4 848/2157/4 860/967/4
f 2527/2158/3 2502/1912/3 2500/2014/3
f 2310/2159/6 2274/2160/6 2392/2161/6
f 1604/1678/4 1726/2162/4 1740/2163/4
f 2514/2164/6 2531/2165/6 2511/2166/6
f 2531/2167/2 2530/2168/2 2506/2060/2
f 2530/199/5 2534/108/5 2533/106/5
f 1565/1461/6 1596/2169/6 1586/2170/6
f 2535/2171/3 2509/1977/3 2510/2009/3
f 2538/2082/5 2536/2172/5 2537/1982/5
f 2022/2173/1 1995/2174/1 2020/963/1
f 2543/2087/5 2542/2175/5 2541/2023/5
f 2548/2176/6 2529/2177/6 2528/2178/6
f 2534/2179/2 2550/2180/2 2533/2168/2
f 2313/2012/2 2377/2181/2 2450/2182/2
f 1165/2183/2 1222/2184/2 1192/2185/2
f 2782/2186/6 2747/2187/6 2807/2188/6
f 722/2189/2 755/2190/2 781/2191/2
f 1744/2192/4 1577/2193/4 1611/2194/4
f 2920/2195/4 2818/1792/4 2876/2196/4
f 2553/2197/2 2662/2198/2 2644/2199/2
f 2552/2200/3 2551/2201/3 2550/2202/3
f 2494/2203/1 2598/389/1 2597/1226/1
f 697/2204/4 667/2205/4 698/2031/4
f 2639/2206/6 2672/2207/6 2674/2208/6
f 500/2074/2 566/2209/2 565/1405/2
f 476/523/1 560/1435/1 559/1434/1
f 2593/2210/1 2510/2211/1 2621/2212/1
f 2603/2213/5 2602/2214/5 2601/2086/5
f 519/1918/2 533/2215/2 473/2216/2
f 761/1567/1 756/2217/1 804/2218/1
f 2551/2219/6 2640/2220/6 2589/2221/6
f 2588/2222/3 2585/2223/3 2584/2066/3
f 2617/2224/3 2586/1950/3 2587/2077/3
f 2594/2225/3 2554/2226/3 2592/2081/3
f 2595/1949/5 2578/2227/5 2577/2052/5
f 2599/2172/5 2597/2228/5 2598/2070/5
f 2541/2229/2 2654/2095/2 2653/2097/2
f 2021/2230/2 2005/2231/2 2040/2232/2
f 2578/2233/2 2627/2234/2 2577/2235/2
f 2577/2236/4 2629/2237/4 2626/2238/4
f 949/2239/1 1009/2240/1 1012/2241/1
f 2644/2242/6 2641/2243/6 2640/2220/6
f 2653/2023/5 2652/2244/5 2651/2111/5
f 365/2245/5 364/2246/5 366/2247/5
f 2657/2228/5 2655/2248/5 2656/2148/5
f 1292/1328/6 1461/1432/6 1485/1431/6
f 2649/2155/5 2647/2249/5 2648/2082/5
f 594/108/3 588/106/3 597/514/3
f 2421/2250/2 2460/2251/2 2433/2252/2
f 2514/2164/6 2554/2253/6 2534/2254/6
f 2447/2255/2 2489/2256/2 2596/2233/2
f 2667/526/3 2663/2222/3 2662/525/3
f 2676/2257/3 2666/2009/3 2665/2125/3
f 2629/2258/1 2650/2259/1 2649/2260/1
f 596/2261/1 632/718/1 544/647/1
f 2650/1111/4 2680/2262/4 2647/1112/4
f 2791/106/8 2812/514/8 2861/514/8
f 2684/2263/3 2670/2225/3 2677/2144/3
f 2627/2052/5 2630/2264/5 2629/2155/5
f 2689/2086/5 2688/2265/5 2687/2175/5
f 2820/2266/2 2796/2267/2 2821/2268/2
f 2667/2269/6 2696/2270/6 2765/2271/6
f 2423/2102/4 2354/2272/4 2379/2069/4
f 212/2273/4 238/2274/4 237/2275/4
f 382/470/6 99/2276/6 38/2277/6
f 2703/2249/5 2701/2278/5 2702/2172/5
f 2734/2279/1 2686/2280/1 2735/2281/1
f 1478/2282/2 1445/2283/2 1470/2284/2
f 2508/2211/1 2529/2285/1 2549/2286/1
f 2793/2287/6 2700/2288/6 2714/324/6
f 2749/2289/2 2723/2290/2 2722/2291/2
f 2713/2292/2 2812/2293/2 2696/1571/2
f 2699/2294/3 2696/526/3 2695/2226/3
f 2714/2295/3 2698/2144/3 2697/2171/3
f 2054/2296/2 2074/2297/2 2051/2298/2
f 777/2299/5 776/2300/5 779/877/5
f 1650/2301/2 1680/2302/2 1675/2303/2
f 1977/1754/1 1958/1717/1 1954/2304/1
f 2720/2305/1 2548/2286/1 2638/2306/1
f 2726/2307/3 2694/2077/3 2712/2158/3
f 2685/2308/2 2789/2309/2 2670/2310/2
f 2750/2028/1 2729/2281/1 2715/2311/1
f 2738/2312/5 2737/2313/5 2736/2214/5
f 2719/2314/2 2709/2315/2 2710/2316/2
f 2321/432/1 2406/2317/1 2437/2118/1
f 2747/2187/6 2728/1624/6 2727/2318/6
f 2779/2319/2 2855/2320/2 2799/2321/2
f 2730/2111/5 2733/2322/5 2732/2227/5
f 2729/2323/4 2753/2324/4 2735/113/4
f 2755/2325/5 2752/2326/5 2753/2327/5
f 844/1638/1 849/2328/1 850/287/1
f 2634/2329/1 2615/1696/1 2612/2330/1
f 2724/2331/6 2722/2332/6 2723/2333/6
f 1766/2334/4 1904/2335/4 1899/2336/4
f 2772/2337/4 2751/2338/4 2732/2339/4
f 1968/2340/2 2096/1909/2 2093/2341/2
f 2797/2342/4 2896/2343/4 2852/2344/4
f 227/2345/6 283/2346/6 247/2347/6
f 2476/2348/2 2496/2349/2 2543/2229/2
f 2806/2350/6 2765/2271/6 2831/2351/6
f 2764/2352/3 2761/2353/3 2760/2222/3
f 2782/2354/1 2785/2355/1 2762/2356/1
f 2785/2357/3 2763/2358/3 2762/2359/3
f 2787/2360/5 2786/2361/5 2782/2362/5
f 1215/1824/1 1214/2363/1 1200/2364/1
f 2769/2264/5 2767/2365/5 2768/2249/5
f 2692/2366/2 2683/2367/2 2724/2290/2
f 1164/2368/6 1182/2369/6 1224/2370/6
f 2153/2371/1 2083/2372/1 2203/799/1
f 2783/2373/2 2804/2374/2 2781/2375/2
f 2808/2376/1 2788/2377/1 2787/2354/1
f 2793/2378/3 2792/2294/3 2789/2225/3
f 2815/2379/6 2872/2380/6 2874/2381/6
f 854/199/1 870/514/1 853/108/1
f 2795/787/4 2771/2382/4 2794/2383/4
f 2824/2326/5 2822/2384/5 2823/2248/5
f 2757/2385/2 2839/2386/2 2851/2387/2
f 2781/2375/2 2804/2374/2 2779/2319/2
f 2880/2388/1 2818/2389/1 2919/2390/1
f 2827/2391/2 2803/2392/2 2804/2374/2
f 2833/974/6 2810/2393/6 2832/2188/6
f 2832/2394/3 2808/2395/3 2807/2396/3
f 1130/2397/2 1129/2398/2 1103/2399/2
f 242/2400/4 318/2401/4 240/940/4
f 2773/2402/1 2769/2403/1 2772/2404/1
f 2732/2096/2 2771/2266/2 2879/2405/2
f 2771/2382/4 2837/2406/4 2835/2407/4
f 2837/2408/5 2836/2409/5 2835/2410/5
f 2947/2411/5 2950/2412/5 2949/2413/5
f 840/2414/2 870/835/2 853/2415/2
f 2825/2416/4 2892/2417/4 2822/2418/4
f 2845/1692/1 2828/2419/1 2844/2420/1
f 2420/2421/6 2469/2422/6 2512/2142/6
f 2813/2423/3 2829/2352/3 2812/2424/3
f 2514/2179/2 2488/2425/2 2592/1572/2
f 2818/2365/5 2816/2426/5 2817/2325/5
f 2736/2427/4 2849/2428/4 2838/2406/4
f 2851/2214/5 2850/2429/5 2849/2265/5
f 2263/2430/2 2265/2431/2 2286/2432/2
f 2836/2433/2 2882/2405/2 2835/2434/2
f 2843/2435/5 2859/2436/5 2841/2437/5
f 2591/2438/6 2590/1738/6 2619/2439/6
f 2858/2440/5 2861/2441/5 2857/2442/5
f 2863/2443/6 2846/2444/6 2845/972/6
f 2866/2445/5 2863/2446/5 2860/2447/5
f 2871/2448/5 2870/2449/5 2864/2450/5
f 2867/398/5 2874/2451/5 2873/2452/5
f 2878/2227/5 2876/2453/5 2877/2264/5
f 2919/123/5 2921/2322/5 2922/2454/5
f 2882/2410/5 2881/2454/5 2879/2322/5
f 1445/2283/2 1399/531/2 1420/2455/2
f 2886/2426/5 2884/2456/5 2885/2326/5
f 2850/2457/2 2889/2458/2 2849/2387/2
f 2889/2265/5 2888/124/5 2883/2409/5
f 2884/2456/5 2891/2459/5 2892/2384/5
f 2915/2460/6 2914/1248/6 2962/2461/6
f 2824/2462/1 2884/2463/1 2825/2464/1
f 2901/2465/6 2843/2443/6 2841/2466/6
f 2899/2412/5 2901/2437/5 2898/2413/5
f 2566/2467/2 2585/2468/2 2624/2469/2
f 148/2470/5 151/2471/5 145/2472/5
f 2903/2473/6 2858/2474/6 2857/1936/6
f 2866/199/2 2906/108/2 2905/106/2
f 2861/1357/2 2903/2475/2 2857/2476/2
f 2903/2442/5 2910/2477/5 2909/1847/5
f 2907/2478/1 2865/2479/1 2866/1039/1
f 2913/2480/5 2912/2481/5 2907/2445/5
f 2915/2482/1 2872/2483/1 2871/2479/1
f 2874/6/2 2916/2484/2 2873/1165/2
f 2916/2452/5 2917/2485/5 2915/2448/5
f 2881/2458/2 2921/2486/2 2879/2405/2
f 2926/2390/1 2887/2463/1 2886/2388/1
f 2888/2487/2 2924/2488/2 2883/2458/2
f 2883/2489/4 2922/2490/4 2881/2491/4
f 2928/2492/1 2893/2493/1 2884/2463/1
f 2887/215/4 2928/2494/4 2884/2495/4
f 2894/2496/2 2932/2497/2 2890/2487/2
f 2890/2498/4 2923/2499/4 2888/2489/4
f 2893/2495/4 2934/2500/4 2891/2417/4
f 2895/2501/4 2933/2502/4 2894/2498/4
f 263/2503/3 264/2504/3 292/2505/3
f 2935/2506/5 2942/2507/5 2941/2508/5
f 2937/2509/5 2943/2510/5 2935/2506/5
f 2854/2320/2 2900/2511/2 2956/2512/2
f 2949/2513/6 2899/2514/6 2898/2465/6
f 2959/2480/5 2952/2515/5 2953/2516/5
f 2955/2517/6 2903/2473/6 2909/1935/6
f 2910/1164/2 2955/2512/2 2909/2475/2
f 2307/2518/6 2270/2160/6 2252/2519/6
f 2959/2520/1 2914/2482/1 2913/2478/1
f 2677/1/1 2698/2521/1 2700/2/1
f 2875/6/2 2867/1165/2 2811/4/2
f 2811/4/2 2792/2309/2 2814/5/2
f 48/9/2 21/2522/2 31/2523/2
f 31/2523/2 30/2524/2 23/7/2
f 23/7/2 49/2525/2 90/2526/2
f 90/2526/2 89/85/2 55/8/2
f 95/2527/2 108/1803/2 48/9/2
f 23/7/2 90/2526/2 55/8/2
f 55/8/2 95/2527/2 48/9/2
f 48/9/2 31/2523/2 23/7/2
f 6/10/3 4/102/3 1/239/3
f 2/2528/3 7/356/3 8/2529/3
f 6/10/3 1/239/3 2/2528/3
f 13/2530/3 11/2531/3 6/10/3
f 19/505/3 17/2532/3 13/2530/3
f 31/1503/3 21/2533/3 19/505/3
f 35/12/3 37/1353/3 27/1355/3
f 27/1355/3 31/1503/3 19/505/3
f 19/505/3 13/2530/3 6/10/3
f 6/10/3 2/2528/3 8/2529/3
f 8/2529/3 14/2534/3 15/2535/3
f 15/2535/3 20/37/3 24/1585/3
f 25/1584/3 32/2536/3 33/11/3
f 15/2535/3 24/1585/3 25/1584/3
f 6/10/3 8/2529/3 15/2535/3
f 27/1355/3 19/505/3 6/10/3
f 38/1555/3 39/1449/3 35/12/3
f 35/12/3 27/1355/3 6/10/3
f 6/10/3 15/2535/3 25/1584/3
f 33/11/3 38/1555/3 35/12/3
f 6/10/3 25/1584/3 33/11/3
f 2199/13/4 2202/2537/4 2281/14/4
f 260/16/4 255/2538/4 256/17/4
f 256/17/4 262/2539/4 263/18/4
f 234/19/3 237/680/3 238/20/3
f 23/22/5 30/2540/5 29/23/5
f 16/25/1 15/2541/1 14/26/1
f 14/26/1 41/2542/1 40/27/1
f 42/30/4 20/2543/4 15/28/4
f 16/29/4 40/2544/4 42/30/4
f 601/31/2 536/2545/2 551/32/2
f 1353/36/1 1290/2546/1 1269/2547/1
f 1269/2547/1 1259/2548/1 1257/1940/1
f 1257/1940/1 1270/2549/1 1288/34/1
f 1288/34/1 1285/2550/1 1286/2551/1
f 1286/2551/1 1283/2552/1 1263/1942/1
f 1263/1942/1 1262/2553/1 1325/35/1
f 1325/35/1 1326/1825/1 1351/2554/1
f 1351/2554/1 1354/2555/1 1353/36/1
f 1353/36/1 1269/2547/1 1257/1940/1
f 1288/34/2 1286/2551/2 1263/1942/2
f 1353/36/1 1257/1940/1 1288/34/1
f 1325/35/1 1351/2554/1 1353/36/1
f 1288/34/1 1263/1942/1 1325/35/1
f 42/37/3 40/2535/3 41/38/3
f 46/40/5 47/2556/5 44/41/5
f 36/43/2 35/2557/2 39/44/2
f 39/44/2 79/2558/2 76/45/2
f 77/45/2 78/2558/2 99/46/2
f 6/2559/4 11/2560/4 59/48/4
f 59/48/4 82/2561/4 58/49/4
f 5/50/4 6/2559/4 59/48/4
f 52/51/1 51/1530/1 47/52/1
f 47/54/4 51/2562/4 53/55/4
f 611/59/3 580/672/3 581/57/3
f 581/57/3 583/2563/3 589/2564/3
f 581/57/3 589/2564/3 615/2565/3
f 610/58/3 612/2505/3 611/59/3
f 581/57/3 615/2565/3 610/58/3
f 53/60/3 51/2566/3 52/61/3
f 64/63/1 63/1102/1 56/64/1
f 74/66/5 75/2567/5 73/67/5
f 76/69/5 79/2568/5 78/70/5
f 196/2569/1 222/2570/1 226/2571/1
f 226/2571/1 281/2572/1 284/2573/1
f 3/2574/1 2/2575/1 1/2576/1
f 226/2571/1 284/2573/1 3/2574/1
f 157/74/1 192/2577/1 196/2569/1
f 3/2574/1 1/2576/1 166/2578/1
f 163/72/1 162/2579/1 130/73/1
f 226/2571/1 3/2574/1 166/2578/1
f 226/2571/1 166/2578/1 163/72/1
f 196/2569/1 226/2571/1 163/72/1
f 130/73/1 156/1857/1 157/74/1
f 157/74/1 196/2569/1 163/72/1
f 1721/75/2 1732/2580/2 1729/1581/2
f 1721/75/2 1729/1581/2 1728/76/2
f 1734/2581/2 1733/1285/2 1721/75/2
f 1711/1562/2 1713/2582/2 1734/2581/2
f 1706/2583/2 1694/1563/2 1711/1562/2
f 1719/77/2 1704/621/2 1705/2584/2
f 1705/2584/2 1706/2583/2 1711/1562/2
f 1711/1562/2 1734/2581/2 1721/75/2
f 1705/2584/2 1711/1562/2 1721/75/2
f 1774/1284/2 1773/1969/2 1719/77/2
f 1752/1582/2 1774/1284/2 1719/77/2
f 1719/77/2 1705/2584/2 1721/75/2
f 1728/76/2 1752/1582/2 1719/77/2
f 91/78/1 92/426/1 75/79/1
f 94/81/5 85/2585/5 61/82/5
f 88/84/2 95/2527/2 55/8/2
f 2895/2586/5 2894/2587/5 2890/2429/5
f 2856/2588/5 2904/2440/5 2903/2442/5
f 2856/2588/5 2903/2442/5 2900/2589/5
f 2855/2590/5 2856/2588/5 2900/2589/5
f 2855/2590/5 2900/2589/5 2853/86/5
f 2895/2586/5 2890/2429/5 2896/88/5
f 2897/2591/5 2895/2586/5 2896/88/5
f 2896/88/5 2855/2590/5 2853/86/5
f 2854/87/5 2897/2591/5 2896/88/5
f 96/89/3 92/2592/3 91/90/3
f 2144/2593/1 2110/2037/1 2104/2036/1
f 2144/2593/1 2104/2036/1 2122/2594/1
f 2165/2595/1 2144/2593/1 2122/2594/1
f 2165/2595/1 2122/2594/1 2163/2596/1
f 2180/2597/1 2165/2595/1 2163/2596/1
f 2180/2597/1 2163/2596/1 2177/2598/1
f 2197/94/1 2180/2597/1 2177/2598/1
f 2224/92/1 2238/2599/1 2239/2600/1
f 2197/94/1 2177/2598/1 2224/92/1
f 2224/92/1 2239/2600/1 2211/93/1
f 104/95/5 105/2601/5 103/96/5
f 99/98/3 106/2602/3 98/99/3
f 81/10/3 101/357/3 107/101/3
f 345/2603/4 366/2604/4 364/2605/4
f 343/2606/4 342/2607/4 324/103/4
f 345/2603/4 364/2605/4 343/2606/4
f 326/105/4 348/2608/4 345/2603/4
f 307/2609/4 328/2610/4 326/105/4
f 289/104/4 306/2611/4 307/2609/4
f 324/103/4 305/2612/4 289/104/4
f 345/2603/4 343/2606/4 324/103/4
f 289/104/4 307/2609/4 326/105/4
f 326/105/4 345/2603/4 324/103/4
f 246/106/6 280/2613/6 281/107/6
f 1293/2614/1 1294/2615/1 1246/109/1
f 1246/109/1 1247/2616/1 1276/110/1
f 1281/111/1 1293/2614/1 1246/109/1
f 2557/2617/4 2491/2618/4 2494/2619/4
f 2597/2620/4 2600/2621/4 2701/112/4
f 2557/2617/4 2494/2619/4 2597/2620/4
f 2657/114/4 2656/2622/4 2557/2617/4
f 2704/971/4 2729/2323/4 2735/113/4
f 2557/2617/4 2597/2620/4 2701/112/4
f 2701/112/4 2704/971/4 2735/113/4
f 2657/114/4 2557/2617/4 2701/112/4
f 527/115/2 529/2623/2 531/116/2
f 67/118/1 109/145/1 168/2624/1
f 168/2624/1 65/2625/1 66/119/1
f 66/119/1 57/2626/1 56/64/1
f 67/118/1 168/2624/1 66/119/1
f 273/120/3 277/2627/3 302/121/3
f 2925/125/5 2926/2426/5 2919/123/5
f 2919/123/5 2924/2409/5 2923/124/5
f 232/126/3 235/1597/3 275/127/3
f 106/46/2 383/471/2 379/129/2
f 117/130/4 116/153/4 115/131/4
f 114/133/3 118/194/3 117/134/3
f 125/136/3 127/1197/3 124/137/3
f 133/141/6 129/1249/6 130/139/6
f 131/140/6 132/328/6 133/141/6
f 112/142/3 110/2628/3 111/143/3
f 375/464/1 168/2624/1 109/145/1
f 109/145/1 67/118/1 87/2629/1
f 87/2629/1 86/1101/1 62/2630/1
f 109/145/1 87/2629/1 62/2630/1
f 391/462/1 375/464/1 109/145/1
f 410/858/1 392/463/1 391/462/1
f 433/2631/1 434/2632/1 409/856/1
f 409/856/1 410/858/1 391/462/1
f 109/145/1 62/2630/1 54/65/1
f 433/2631/1 409/856/1 391/462/1
f 408/2633/1 433/2631/1 391/462/1
f 390/2634/1 408/2633/1 391/462/1
f 371/2635/1 390/2634/1 391/462/1
f 359/2636/1 370/1191/1 371/2635/1
f 459/2637/1 421/1193/1 403/1192/1
f 359/2636/1 371/2635/1 391/462/1
f 439/2638/1 459/2637/1 403/1192/1
f 359/2636/1 391/462/1 109/145/1
f 439/2638/1 403/1192/1 359/2636/1
f 416/1569/1 429/2639/1 439/2638/1
f 134/889/1 387/1568/1 404/147/1
f 404/147/1 416/1569/1 439/2638/1
f 57/2626/1 68/157/1 71/80/1
f 71/80/1 24/322/1 20/2541/1
f 42/27/1 43/2542/1 45/53/1
f 57/2626/1 71/80/1 20/2541/1
f 56/64/1 57/2626/1 20/2541/1
f 42/27/1 45/53/1 44/52/1
f 56/64/1 20/2541/1 42/27/1
f 54/65/1 56/64/1 42/27/1
f 54/65/1 42/27/1 44/52/1
f 109/145/1 54/65/1 44/52/1
f 53/1530/6 61/1531/6 112/146/6
f 109/145/1 44/52/1 53/1530/1
f 404/147/1 439/2638/1 359/2636/1
f 112/146/1 134/889/1 404/147/1
f 109/145/1 53/1530/1 112/146/1
f 404/147/1 359/2636/1 109/145/1
f 617/148/3 612/2640/3 610/58/3
f 610/58/3 615/2565/3 618/149/3
f 2247/2641/1 2236/1946/1 2234/2642/1
f 2234/2642/1 2235/2643/1 2231/2644/1
f 2231/2644/1 2209/2645/1 2172/2646/1
f 2156/151/1 2155/2647/1 2171/2648/1
f 2231/2644/1 2172/2646/1 2156/151/1
f 2233/150/1 2247/2641/1 2234/2642/1
f 2234/2642/1 2231/2644/1 2156/151/1
f 2156/151/1 2171/2648/1 2170/2649/1
f 2206/2650/1 2207/799/1 2259/152/1
f 2156/151/1 2170/2649/1 2206/2650/1
f 2233/150/1 2234/2642/1 2156/151/1
f 2259/152/1 2258/2651/1 2233/150/1
f 2156/151/1 2206/2650/1 2259/152/1
f 138/153/4 137/161/4 136/154/4
f 115/135/3 116/134/3 138/155/3
f 66/119/1 65/2625/1 71/80/1
f 122/138/3 115/135/3 141/158/3
f 141/158/3 154/227/3 130/159/3
f 126/136/3 122/138/3 141/158/3
f 146/160/4 147/2652/4 142/161/4
f 144/162/5 150/2653/5 149/163/5
f 355/2606/4 474/428/4 476/165/4
f 559/166/4 562/427/4 582/2654/4
f 559/166/4 582/2654/4 585/701/4
f 585/701/4 584/703/4 461/167/4
f 461/167/4 438/461/4 426/460/4
f 426/460/4 354/2607/4 355/2606/4
f 426/460/4 355/2606/4 476/165/4
f 559/166/4 585/701/4 461/167/4
f 461/167/4 426/460/4 476/165/4
f 151/168/6 152/189/6 153/169/6
f 1089/2655/4 1052/2656/4 1074/2657/4
f 1089/2655/4 1074/2657/4 1054/2658/4
f 1188/2659/4 1089/2655/4 1054/2658/4
f 1188/2659/4 1054/2658/4 1109/2660/4
f 1197/2661/4 1188/2659/4 1109/2660/4
f 1197/2661/4 1109/2660/4 1126/2662/4
f 1327/1303/4 1326/1324/4 1215/171/4
f 1215/171/4 1197/2661/4 1126/2662/4
f 1215/171/4 1126/2662/4 1135/2663/4
f 1299/1301/4 1327/1303/4 1215/171/4
f 1213/173/4 1299/1301/4 1215/171/4
f 1215/171/4 1135/2663/4 1155/172/4
f 155/174/6 156/2664/6 130/175/6
f 131/2665/3 130/159/3 162/177/3
f 162/177/3 165/234/3 158/178/3
f 158/178/3 161/235/3 132/179/3
f 132/179/3 131/2665/3 162/177/3
f 338/180/6 320/2666/6 505/181/6
f 159/183/6 160/2667/6 161/184/6
f 165/186/2 164/229/2 159/187/2
f 163/189/6 164/2668/6 165/190/6
f 673/191/5 680/2669/5 679/192/5
f 114/133/3 121/138/3 124/137/3
f 229/196/4 228/2670/4 203/252/4
f 229/196/4 203/252/4 207/2671/4
f 169/253/4 136/154/4 137/161/4
f 229/196/4 207/2671/4 170/195/4
f 170/195/4 169/253/4 137/161/4
f 142/197/3 147/2672/3 174/198/3
f 176/199/6 177/514/6 144/108/6
f 172/200/5 177/2673/5 176/201/5
f 178/203/6 179/2674/6 148/204/6
f 175/206/5 179/784/5 178/207/5
f 177/209/1 180/1349/1 150/210/1
f 2756/2675/1 2776/2676/1 2802/2677/1
f 2778/2678/1 2780/2679/1 2746/2680/1
f 2756/2675/1 2802/2677/1 2778/2678/1
f 2775/2681/1 2774/2682/1 2756/2675/1
f 2707/2683/1 2708/2684/1 2775/2681/1
f 2632/2685/1 2631/2686/1 2707/2683/1
f 2642/214/1 2632/2685/1 2707/2683/1
f 2707/2683/1 2775/2681/1 2756/2675/1
f 2778/2678/1 2746/2680/1 2759/2687/1
f 2758/212/1 2659/2688/1 2634/2329/1
f 2778/2678/1 2759/2687/1 2758/212/1
f 2642/214/1 2707/2683/1 2756/2675/1
f 2560/2689/1 2559/2690/1 2610/2691/1
f 2560/2689/1 2610/2691/1 2642/214/1
f 2633/213/1 2609/2692/1 2562/2693/1
f 2562/2693/1 2560/2689/1 2642/214/1
f 2756/2675/1 2778/2678/1 2758/212/1
f 2634/2329/1 2635/2694/1 2633/213/1
f 2633/213/1 2562/2693/1 2642/214/1
f 2642/214/1 2756/2675/1 2758/212/1
f 2758/212/1 2634/2329/1 2633/213/1
f 2886/215/4 2885/2495/4 2824/2416/4
f 2824/2416/4 2823/2418/4 2775/2695/4
f 2708/216/4 2655/2622/4 2658/114/4
f 2824/2416/4 2775/2695/4 2708/216/4
f 2919/2195/4 2926/2696/4 2886/215/4
f 2886/215/4 2824/2416/4 2708/216/4
f 2708/216/4 2658/114/4 2686/2697/4
f 2708/216/4 2686/2697/4 2734/113/4
f 2880/2698/4 2919/2195/4 2886/215/4
f 2816/217/4 2819/1792/4 2880/2698/4
f 2752/2324/4 2754/1790/4 2816/217/4
f 2708/216/4 2734/113/4 2752/2324/4
f 2816/217/4 2880/2698/4 2886/215/4
f 2708/216/4 2752/2324/4 2816/217/4
f 150/218/4 180/2699/4 183/219/4
f 152/220/4 188/814/4 184/221/4
f 188/223/5 189/2700/5 187/224/5
f 191/199/6 192/514/6 157/108/6
f 190/226/3 157/280/3 156/159/3
f 193/228/6 194/2701/6 195/144/6
f 199/229/2 198/238/2 193/230/2
f 197/231/6 198/2702/6 199/232/6
f 164/234/3 199/284/3 160/235/3
f 208/199/6 209/2703/6 178/236/6
f 167/237/2 200/535/2 197/238/2
f 166/239/3 167/102/3 164/234/3
f 167/240/4 166/2704/4 1/2705/4
f 1/2705/4 4/2559/4 80/241/4
f 80/241/4 107/259/4 201/242/4
f 201/242/4 200/2706/4 167/240/4
f 167/240/4 1/2705/4 80/241/4
f 259/2707/1 266/364/1 115/243/1
f 115/243/1 135/2708/1 136/2709/1
f 169/244/1 202/2710/1 204/2711/1
f 115/243/1 136/2709/1 169/244/1
f 228/562/1 259/2707/1 115/243/1
f 169/244/1 204/2711/1 203/245/1
f 203/245/1 228/562/1 115/243/1
f 386/2712/4 385/429/4 356/2713/4
f 357/2714/4 358/2608/4 450/501/4
f 386/2712/4 356/2713/4 357/2714/4
f 488/248/4 487/2715/4 386/2712/4
f 583/1985/4 564/2716/4 566/670/4
f 488/248/4 386/2712/4 357/2714/4
f 589/2717/4 583/1985/4 566/670/4
f 488/248/4 357/2714/4 450/501/4
f 591/247/4 589/2717/4 566/670/4
f 488/248/4 450/501/4 456/246/4
f 591/247/4 566/670/4 488/248/4
f 170/249/2 207/2718/2 206/250/2
f 205/195/4 206/2671/4 204/252/4
f 169/156/3 170/2719/3 205/254/3
f 206/256/5 207/2720/5 203/257/5
f 101/259/4 81/241/4 82/2561/4
f 59/48/4 287/2721/4 285/260/4
f 101/259/4 82/2561/4 59/48/4
f 172/261/6 171/2722/6 230/262/6
f 419/266/2 418/2723/2 17/264/2
f 17/264/2 19/2522/2 18/265/2
f 266/199/6 267/514/6 140/108/6
f 139/106/6 119/108/6 115/106/6
f 266/199/6 140/108/6 139/106/6
f 186/267/4 212/2724/4 215/268/4
f 212/270/5 216/954/5 214/271/5
f 189/273/4 218/1175/4 213/274/4
f 218/276/5 219/2725/5 217/277/5
f 221/199/6 222/514/6 196/108/6
f 220/279/3 196/177/3 192/280/3
f 223/281/6 224/2726/6 225/282/6
f 198/284/3 225/306/3 194/285/3
f 200/102/3 201/101/3 198/284/3
f 868/2727/1 813/2728/1 851/286/1
f 850/287/1 882/1344/1 867/288/1
f 867/288/1 868/2727/1 851/286/1
f 237/289/1 236/2729/1 216/290/1
f 217/292/2 239/2730/2 238/293/2
f 234/199/6 235/2731/6 211/295/6
f 216/175/4 236/2664/4 241/168/4
f 236/296/5 242/2732/5 240/297/5
f 219/299/4 244/2733/4 239/300/4
f 244/302/5 245/2734/5 243/303/5
f 246/305/3 226/239/3 222/177/3
f 227/101/3 247/358/3 224/306/3
f 276/199/6 277/653/6 238/307/6
f 256/254/3 253/2735/3 249/308/3
f 249/308/3 257/1004/3 228/156/3
f 229/155/3 265/2504/3 262/2503/3
f 249/308/3 228/156/3 229/155/3
f 229/155/3 262/2503/3 256/254/3
f 256/309/2 255/313/2 254/310/2
f 258/199/6 259/514/6 228/108/6
f 265/312/2 264/2736/2 263/313/2
f 261/314/6 264/1137/6 265/315/6
f 271/317/6 272/2613/6 234/318/6
f 273/320/6 274/314/6 275/316/6
f 73/79/1 32/2737/1 25/322/1
f 26/323/1 72/80/1 73/79/1
f 2809/2738/6 2810/2393/6 2697/324/6
f 2697/324/6 2698/2288/6 2677/2739/6
f 2677/2739/6 2670/2740/6 2646/2741/6
f 2646/2741/6 2593/2438/6 2668/325/6
f 2668/325/6 2676/1625/6 2766/326/6
f 2766/326/6 2785/2742/6 2786/2186/6
f 2788/2743/6 2809/2738/6 2697/324/6
f 2766/326/6 2786/2186/6 2788/2743/6
f 2677/2739/6 2646/2741/6 2668/325/6
f 2766/326/6 2788/2743/6 2697/324/6
f 2697/324/6 2677/2739/6 2668/325/6
f 236/327/4 239/141/4 279/328/4
f 1334/2744/2 1079/2745/2 987/2746/2
f 987/2746/2 873/835/2 890/2747/2
f 987/2746/2 890/2747/2 953/2748/2
f 1334/2744/2 987/2746/2 953/2748/2
f 1334/2744/2 953/2748/2 975/2749/2
f 1377/2750/2 1374/2751/2 1349/332/2
f 1349/332/2 1334/2744/2 975/2749/2
f 1349/332/2 975/2749/2 1029/330/2
f 1086/331/2 1377/2750/2 1349/332/2
f 1573/335/2 1572/2752/2 1324/333/2
f 1324/333/2 1297/2753/2 1298/334/2
f 278/336/3 279/954/3 277/337/3
f 182/339/2 178/2754/2 145/2755/2
f 145/2755/2 151/2756/2 184/340/2
f 184/340/2 187/1257/2 213/294/2
f 213/294/2 211/2757/2 182/339/2
f 182/339/2 145/2755/2 184/340/2
f 574/2758/1 105/425/1 104/2625/1
f 573/341/6 602/2759/6 834/342/6
f 574/2758/1 104/2625/1 573/341/1
f 834/342/1 836/1674/1 604/343/1
f 604/343/1 574/2758/1 573/341/1
f 1369/344/1 1367/2760/1 1389/345/1
f 1389/345/1 1401/2761/1 1418/346/1
f 1418/346/1 1404/2762/1 1369/344/1
f 1330/2763/1 1220/2764/1 1236/1231/1
f 1236/1231/1 1237/1230/1 1234/2765/1
f 1234/2765/1 1218/1229/1 1233/2766/1
f 1235/2767/1 1259/2548/1 1273/2768/1
f 1234/2765/1 1233/2766/1 1235/2767/1
f 1368/2769/1 1330/2763/1 1236/1231/1
f 1449/2770/1 1448/2771/1 1432/349/1
f 1432/349/1 1368/2769/1 1236/1231/1
f 1234/2765/1 1235/2767/1 1273/2768/1
f 1431/2772/1 1449/2770/1 1432/349/1
f 1404/2762/1 1431/2772/1 1432/349/1
f 1234/2765/1 1273/2768/1 1274/347/1
f 1236/1231/1 1234/2765/1 1274/347/1
f 1369/344/1 1404/2762/1 1432/349/1
f 1331/348/1 1369/344/1 1432/349/1
f 1432/349/1 1236/1231/1 1274/347/1
f 298/350/6 299/2773/6 276/351/6
f 300/353/6 301/812/6 302/354/6
f 286/356/3 284/2528/3 281/239/3
f 285/357/3 287/2531/3 283/358/3
f 2594/2774/6 2488/2422/6 2486/2775/6
f 2594/2774/6 2486/2775/6 2487/2154/6
f 2593/2438/6 2646/2741/6 2625/361/6
f 2625/361/6 2594/2774/6 2487/2154/6
f 2515/359/6 2513/2776/6 2535/360/6
f 2625/361/6 2487/2154/6 2515/359/6
f 2535/360/6 2593/2438/6 2625/361/6
f 288/362/1 323/2777/1 329/363/1
f 307/365/2 292/310/2 296/366/2
f 296/366/2 332/2778/2 328/367/2
f 311/199/6 312/514/6 303/108/6
f 310/368/3 303/2779/3 299/369/3
f 313/199/6 314/514/6 315/108/6
f 304/371/3 315/720/3 301/372/3
f 243/376/2 317/2780/2 313/2781/2
f 304/374/2 300/2782/2 277/570/2
f 243/376/2 313/2781/2 304/374/2
f 279/375/2 239/2730/2 243/376/2
f 304/374/2 277/570/2 279/375/2
f 410/379/6 376/872/6 377/377/6
f 377/377/6 375/2783/6 392/378/6
f 453/2784/4 457/2785/4 483/2786/4
f 483/2786/4 533/669/4 535/2787/4
f 508/2788/4 518/658/4 517/660/4
f 483/2786/4 535/2787/4 508/2788/4
f 453/2784/4 483/2786/4 508/2788/4
f 508/2788/4 517/660/4 507/2789/4
f 508/2788/4 507/2789/4 50/2790/4
f 453/2784/4 508/2788/4 50/2790/4
f 12/381/4 13/2560/4 17/2791/4
f 453/2784/4 50/2790/4 12/381/4
f 432/2792/4 442/530/4 440/380/4
f 440/380/4 453/2784/4 12/381/4
f 12/381/4 17/2791/4 418/382/4
f 418/382/4 432/2792/4 440/380/4
f 574/686/6 575/685/6 555/2793/6
f 555/2793/6 557/2794/6 543/2795/6
f 525/483/6 496/2796/6 510/2797/6
f 555/2793/6 543/2795/6 525/483/6
f 96/2798/6 103/2799/6 105/2800/6
f 92/2801/6 96/2798/6 105/2800/6
f 574/686/6 555/2793/6 525/483/6
f 525/483/6 510/2797/6 526/2802/6
f 574/686/6 525/483/6 526/2802/6
f 105/2800/6 574/686/6 526/2802/6
f 105/2800/6 526/2802/6 495/2803/6
f 92/2801/6 105/2800/6 495/2803/6
f 34/383/6 33/2277/6 32/384/6
f 92/2801/6 495/2803/6 34/383/6
f 32/384/6 73/1134/6 75/385/6
f 75/385/6 92/2801/6 34/383/6
f 510/2804/1 513/2805/1 38/386/1
f 38/386/1 33/2737/1 34/387/1
f 495/388/1 510/2804/1 38/386/1
f 2574/2806/1 2539/2807/1 2538/2808/1
f 2574/2806/1 2538/2808/1 2555/2809/1
f 2648/2260/1 2647/2259/1 2579/389/1
f 2579/389/1 2574/2806/1 2555/2809/1
f 2579/389/1 2555/2809/1 2575/390/1
f 2576/391/1 2648/2260/1 2579/389/1
f 1093/1879/2 1065/1079/2 1067/2810/2
f 1103/2399/2 1113/2811/2 1112/2812/2
f 1112/2812/2 1127/2813/2 1145/2814/2
f 1090/2815/2 1057/2816/2 1058/1107/2
f 1112/2812/2 1145/2814/2 1090/2815/2
f 1103/2399/2 1112/2812/2 1090/2815/2
f 1090/2815/2 1058/1107/2 1075/2817/2
f 1075/2817/2 1056/1109/2 1059/2818/2
f 1061/392/2 1060/2819/2 1031/393/2
f 1075/2817/2 1059/2818/2 1061/392/2
f 1103/2399/2 1090/2815/2 1075/2817/2
f 1093/1879/2 1067/2810/2 1130/2397/2
f 1043/394/2 1062/2820/2 1093/1879/2
f 1021/1086/2 1044/1080/2 1043/394/2
f 1032/2821/2 1021/1086/2 1043/394/2
f 1043/394/2 1093/1879/2 1130/2397/2
f 1130/2397/2 1103/2399/2 1075/2817/2
f 1130/2397/2 1075/2817/2 1061/392/2
f 1031/393/2 1032/2821/2 1043/394/2
f 1043/394/2 1130/2397/2 1061/392/2
f 311/66/3 308/227/3 334/395/3
f 334/395/3 322/38/3 321/2822/3
f 318/279/3 316/70/3 312/2568/3
f 334/395/3 321/2822/3 318/279/3
f 318/279/3 312/2568/3 311/66/3
f 2868/396/5 2861/2441/5 2869/397/5
f 271/399/3 297/607/3 276/400/3
f 320/2531/3 338/2823/3 335/402/3
f 335/402/3 309/546/3 314/285/3
f 314/285/3 313/2824/3 317/2825/3
f 319/403/3 320/2531/3 335/402/3
f 314/285/3 317/2825/3 319/403/3
f 337/278/5 340/277/5 339/404/5
f 210/406/5 211/540/5 213/407/5
f 115/131/4 266/2826/4 268/412/4
f 2693/416/1 2617/2827/1 2587/2828/1
f 2693/416/1 2587/2828/1 2639/414/1
f 2674/415/1 2694/611/1 2693/416/1
f 654/418/5 653/2829/5 649/192/5
f 649/192/5 650/2669/5 652/417/5
f 658/419/4 659/317/4 693/420/4
f 355/2830/5 354/687/5 342/2831/5
f 342/2831/5 343/2832/5 344/2833/5
f 344/2833/5 347/2834/5 350/422/5
f 342/2831/5 344/2833/5 350/422/5
f 351/2835/5 355/2830/5 342/2831/5
f 357/2836/5 356/2837/5 353/2838/5
f 353/2838/5 351/2835/5 342/2831/5
f 353/2838/5 342/2831/5 350/422/5
f 358/424/5 357/2836/5 353/2838/5
f 345/2839/5 348/2840/5 358/424/5
f 346/2841/5 345/2839/5 358/424/5
f 358/424/5 353/2838/5 350/422/5
f 349/423/5 346/2841/5 358/424/5
f 351/199/6 353/514/6 352/108/6
f 70/78/1 69/2625/1 103/425/1
f 486/2715/4 500/248/4 565/670/4
f 486/2715/4 565/670/4 563/2716/4
f 384/429/4 402/2712/4 486/2715/4
f 351/2842/4 353/2843/4 384/429/4
f 560/166/4 478/165/4 475/428/4
f 475/428/4 351/2842/4 384/429/4
f 384/429/4 486/2715/4 563/2716/4
f 561/427/4 560/166/4 475/428/4
f 384/429/4 563/2716/4 561/427/4
f 2386/2844/1 2392/2044/1 2274/1009/1
f 2256/430/1 2255/2600/1 2237/2599/1
f 2386/2844/1 2274/1009/1 2256/430/1
f 2346/2845/1 2386/2844/1 2256/430/1
f 2256/430/1 2237/2599/1 2252/2846/1
f 2256/430/1 2252/2846/1 2270/2847/1
f 2309/432/1 2346/2845/1 2256/430/1
f 2256/430/1 2270/2847/1 2288/431/1
f 208/433/3 210/2848/3 211/434/3
f 364/436/1 363/448/1 344/437/1
f 363/439/6 365/2849/6 347/440/6
f 367/442/6 368/2850/6 349/443/6
f 1548/447/4 1532/755/4 1505/445/4
f 1505/445/4 1487/2851/4 1503/446/4
f 365/448/1 367/2852/1 350/449/1
f 1115/452/1 1118/1171/1 1107/450/1
f 1107/450/1 1096/1141/1 1106/451/1
f 1314/2853/2 1313/1073/2 956/453/2
f 956/453/2 957/2854/2 991/2855/2
f 991/2855/2 1156/2856/2 1169/2857/2
f 991/2855/1 1169/2857/1 1175/454/1
f 1255/2858/2 1314/2853/2 956/453/2
f 1196/1221/2 1255/2858/2 956/453/2
f 956/453/2 991/2855/2 1175/454/2
f 1187/455/2 1196/1221/2 956/453/2
f 379/456/5 383/2859/5 382/457/5
f 334/459/4 308/2860/4 425/460/4
f 776/465/4 700/2861/4 701/466/4
f 397/468/6 399/2862/6 380/469/6
f 382/471/2 401/486/2 397/472/2
f 385/473/3 386/2863/3 402/220/3
f 1734/2581/2 1713/2582/2 1712/1640/2
f 1734/2581/2 1712/1640/2 1714/2864/2
f 1777/1657/2 1734/2581/2 1714/2864/2
f 1777/1657/2 1714/2864/2 1794/2865/2
f 1792/2866/2 1777/1657/2 1794/2865/2
f 1814/2867/2 1911/1615/2 1909/2868/2
f 1792/2866/2 1794/2865/2 1814/2867/2
f 1837/2869/2 1838/2870/2 1813/476/2
f 1813/476/2 1792/2866/2 1814/2867/2
f 1814/2867/2 1909/2868/2 1867/2871/2
f 1867/2871/2 1903/2872/2 1902/2873/2
f 1888/474/2 1875/2874/2 1866/475/2
f 1867/2871/2 1902/2873/2 1888/474/2
f 1813/476/2 1814/2867/2 1867/2871/2
f 1835/2875/2 1837/2869/2 1813/476/2
f 1859/2876/2 1835/2875/2 1813/476/2
f 1813/476/2 1867/2871/2 1888/474/2
f 1866/475/2 1859/2876/2 1813/476/2
f 378/477/5 376/2877/5 410/478/5
f 1667/480/1 1666/1545/1 1827/481/1
f 449/485/6 437/568/6 399/2862/6
f 399/2862/6 400/2878/6 411/2879/6
f 411/2879/6 412/2880/6 477/2881/6
f 525/483/6 543/2795/6 511/2882/6
f 511/2882/6 512/632/6 497/2883/6
f 485/484/6 499/634/6 498/633/6
f 525/483/6 511/2882/6 497/2883/6
f 485/484/6 498/633/6 464/569/6
f 525/483/6 497/2883/6 485/484/6
f 411/2879/6 477/2881/6 525/483/6
f 449/485/6 399/2862/6 411/2879/6
f 485/484/6 464/569/6 449/485/6
f 449/485/6 411/2879/6 525/483/6
f 415/486/2 414/495/2 411/487/2
f 401/488/3 415/2859/3 400/456/3
f 411/490/5 414/1003/5 413/296/5
f 2285/2884/1 2277/2651/1 2260/152/1
f 2372/493/1 2401/2885/1 2379/2886/1
f 2285/2884/1 2260/152/1 2372/493/1
f 2354/492/1 2285/2884/1 2372/493/1
f 2372/493/1 2379/2886/1 2371/491/1
f 477/494/2 412/487/2 413/495/2
f 413/495/2 514/2887/2 496/496/2
f 2330/2888/4 2228/2889/4 2230/2890/4
f 2230/2890/4 2112/2891/4 2114/2892/4
f 2114/2892/4 1991/2893/4 1993/2894/4
f 2330/2888/4 2230/2890/4 2114/2892/4
f 2297/2895/4 2300/2896/4 2327/2897/4
f 2395/2898/4 2297/2895/4 2327/2897/4
f 2370/2899/4 2396/2900/4 2395/2898/4
f 2518/2093/4 2517/2901/4 2399/2902/4
f 2370/2899/4 2395/2898/4 2327/2897/4
f 2518/2093/4 2399/2902/4 2370/2899/4
f 2241/1959/4 2352/2063/4 2350/2065/4
f 2350/2065/4 2518/2093/4 2370/2899/4
f 2370/2899/4 2327/2897/4 2330/2888/4
f 2350/2065/4 2370/2899/4 2330/2888/4
f 2129/2903/4 2243/1957/4 2241/1959/4
f 2241/1959/4 2350/2065/4 2330/2888/4
f 2241/1959/4 2330/2888/4 2114/2892/4
f 2048/2904/4 2131/2905/4 2129/2903/4
f 2129/2903/4 2241/1959/4 2114/2892/4
f 2129/2903/4 2114/2892/4 1993/2894/4
f 1864/499/4 2050/2906/4 2048/2904/4
f 2048/2904/4 2129/2903/4 1993/2894/4
f 1864/499/4 2048/2904/4 1993/2894/4
f 1855/2907/4 1857/2908/4 1864/499/4
f 1939/498/4 1855/2907/4 1864/499/4
f 1864/499/4 1993/2894/4 1953/497/4
f 309/500/4 335/1035/4 452/246/4
f 1879/502/6 1869/1608/6 1868/1607/6
f 1882/503/6 1891/2909/6 1892/504/6
f 1879/502/6 1868/1607/6 1882/503/6
f 419/505/3 420/2533/3 432/506/3
f 175/508/6 173/2910/6 232/420/6
f 427/395/3 425/227/3 426/510/3
f 466/514/6 337/2911/6 336/512/6
f 428/513/6 465/199/6 466/514/6
f 430/461/4 431/619/4 439/515/4
f 442/315/5 443/2146/5 441/517/5
f 446/518/3 436/2863/3 435/473/3
f 445/520/5 448/2912/5 447/521/5
f 351/522/1 475/2913/1 474/523/1
f 2506/525/3 2507/199/3 2482/106/3
f 2481/108/3 2512/2226/3 2531/526/3
f 2506/525/3 2482/106/3 2481/108/3
f 441/527/2 454/2914/2 453/528/2
f 443/530/4 455/2785/4 454/246/4
f 1372/1828/2 1321/2915/2 1336/2916/2
f 1436/2917/2 1422/2918/2 1403/2919/2
f 1403/2919/2 1421/2920/2 1420/2455/2
f 1402/2921/2 1419/2922/2 1399/531/2
f 1403/2919/2 1420/2455/2 1402/2921/2
f 1372/1828/2 1336/2916/2 1436/2917/2
f 1363/1279/2 1366/1827/2 1390/1826/2
f 1390/1826/2 1372/1828/2 1436/2917/2
f 1390/1826/2 1436/2917/2 1403/2919/2
f 1388/1280/2 1363/1279/2 1390/1826/2
f 1428/2923/2 1385/2924/2 1386/533/2
f 1388/1280/2 1390/1826/2 1403/2919/2
f 1499/532/2 1428/2923/2 1386/533/2
f 1487/725/2 1500/2925/2 1499/532/2
f 1413/1382/2 1487/725/2 1499/532/2
f 1386/533/2 1388/1280/2 1403/2919/2
f 1386/533/2 1403/2919/2 1402/2921/2
f 1399/531/2 1413/1382/2 1499/532/2
f 1386/533/2 1402/2921/2 1399/531/2
f 101/536/2 285/2926/2 282/2927/2
f 227/534/2 223/2928/2 198/238/2
f 101/536/2 282/2927/2 227/534/2
f 201/535/2 107/1475/2 101/536/2
f 227/534/2 198/238/2 201/535/2
f 232/537/2 173/554/2 178/2754/2
f 209/538/2 211/2757/2 235/539/2
f 232/537/2 178/2754/2 209/538/2
f 655/540/5 657/2929/5 659/541/5
f 1622/545/1 1621/1535/1 1495/543/1
f 1495/543/1 1465/2930/1 1443/544/1
f 451/546/3 452/402/3 456/547/3
f 454/517/3 455/2931/3 457/321/3
f 2147/1890/6 2098/2932/6 2097/2933/6
f 2106/549/6 2110/2934/6 2144/550/6
f 2147/1890/6 2097/2933/6 2106/549/6
f 2124/551/6 2148/2935/6 2147/1890/6
f 2144/550/6 2145/1877/6 2124/551/6
f 2124/551/6 2147/1890/6 2106/549/6
f 269/366/2 174/2936/2 147/553/2
f 147/553/2 146/2937/2 153/2039/2
f 153/2039/2 152/2756/2 148/2755/2
f 148/2755/2 179/2754/2 175/554/2
f 233/537/2 275/539/2 274/571/2
f 274/571/2 302/570/2 301/2782/2
f 301/2782/2 315/374/2 314/2781/2
f 309/2938/2 451/2939/2 450/2940/2
f 301/2782/2 314/2781/2 309/2938/2
f 233/537/2 274/571/2 301/2782/2
f 233/537/2 301/2782/2 309/2938/2
f 309/2938/2 450/2940/2 358/1376/2
f 358/1376/2 348/730/2 326/367/2
f 358/1376/2 326/367/2 327/2941/2
f 233/537/2 309/2938/2 358/1376/2
f 358/1376/2 327/2941/2 331/2778/2
f 295/552/2 269/366/2 147/553/2
f 358/1376/2 331/2778/2 295/552/2
f 233/537/2 358/1376/2 295/552/2
f 147/553/2 153/2039/2 148/2755/2
f 175/554/2 233/537/2 295/552/2
f 147/553/2 148/2755/2 175/554/2
f 1392/555/2 1375/2751/2 1393/2750/2
f 1394/556/2 1408/1372/2 1405/557/2
f 1392/555/2 1393/2750/2 1394/556/2
f 257/562/1 249/2942/1 251/362/1
f 250/561/1 258/2707/1 257/562/1
f 1471/563/1 1430/2943/1 1512/564/1
f 2284/14/4 2369/2068/4 2372/566/4
f 2260/567/4 2245/738/4 2240/2944/4
f 2282/15/4 2284/14/4 2372/566/4
f 2260/567/4 2240/2944/4 2282/15/4
f 235/539/2 238/293/2 277/570/2
f 645/572/1 644/716/1 695/573/1
f 1878/2945/6 1892/504/6 1891/2909/6
f 1891/2909/6 1894/2946/6 1893/2947/6
f 1878/2945/6 1891/2909/6 1893/2947/6
f 1944/2948/6 1878/2945/6 1893/2947/6
f 1944/2948/6 1893/2947/6 1943/2949/6
f 1960/2950/6 1944/2948/6 1943/2949/6
f 1960/2950/6 1943/2949/6 1959/2951/6
f 1967/2952/6 1960/2950/6 1959/2951/6
f 1967/2952/6 1959/2951/6 1966/576/6
f 2012/2953/6 2013/2954/6 1999/575/6
f 1999/575/6 1967/2952/6 1966/576/6
f 1979/577/6 2012/2953/6 1999/575/6
f 2158/580/2 2173/2955/2 2115/578/2
f 2116/579/2 2117/2956/2 2158/580/2
f 626/2957/1 628/2958/1 501/2959/1
f 501/2959/1 490/600/1 479/602/1
f 469/581/1 471/1892/1 468/1299/1
f 501/2959/1 479/602/1 469/581/1
f 592/583/1 626/2957/1 501/2959/1
f 461/2960/1 584/640/1 592/583/1
f 462/582/1 460/2961/1 461/2960/1
f 465/2962/1 428/2963/1 462/582/1
f 469/581/1 468/1299/1 465/2962/1
f 592/583/1 501/2959/1 469/581/1
f 462/582/1 461/2960/1 592/583/1
f 469/581/1 465/2962/1 462/582/1
f 468/584/3 467/1587/3 466/585/3
f 470/587/5 472/2702/5 471/231/5
f 2061/1703/6 2028/1702/6 2042/2964/6
f 2138/2965/6 2160/2966/6 2191/2967/6
f 2061/1703/6 2042/2964/6 2138/2965/6
f 2194/2968/6 2193/2969/6 2061/1703/6
f 2176/591/6 2194/2968/6 2061/1703/6
f 2138/2965/6 2191/2967/6 2305/589/6
f 2176/591/6 2061/1703/6 2138/2965/6
f 2305/589/6 2306/2518/6 2192/590/6
f 2176/591/6 2138/2965/6 2305/589/6
f 476/592/3 474/2970/3 475/412/3
f 2095/1830/6 2096/2971/6 1980/2972/6
f 1963/594/6 1863/2973/6 1862/2974/6
f 2016/596/6 2095/1830/6 1980/2972/6
f 1961/2975/6 2015/1999/6 2016/596/6
f 1945/2976/6 1961/2975/6 2016/596/6
f 2016/596/6 1980/2972/6 1963/594/6
f 1963/594/6 1862/2974/6 1870/1148/6
f 1930/595/6 1945/2976/6 2016/596/6
f 1963/594/6 1870/1148/6 1930/595/6
f 2503/2977/2 2479/2978/2 2430/597/2
f 2419/598/2 2380/2979/2 2389/926/2
f 2431/599/2 2459/928/2 2503/2977/2
f 2419/598/2 2389/926/2 2431/599/2
f 2431/599/2 2503/2977/2 2430/597/2
f 490/600/1 489/2980/1 482/601/1
f 482/586/3 481/585/3 480/603/3
f 487/605/3 488/2981/3 500/606/3
f 1357/2982/4 1337/1394/4 1324/608/4
f 1324/608/4 1572/2983/4 1571/609/4
f 1463/610/4 1357/2982/4 1324/608/4
f 2712/611/1 2672/415/1 2673/2984/1
f 2671/612/1 2721/2985/1 2725/613/1
f 2712/611/1 2673/2984/1 2671/612/1
f 504/614/5 506/2986/5 505/615/5
f 41/2544/4 14/28/4 8/1500/4
f 9/2987/4 321/2910/4 322/508/4
f 41/2544/4 8/1500/4 9/2987/4
f 45/56/4 43/30/4 41/2544/4
f 46/54/4 45/56/4 41/2544/4
f 339/2988/4 340/2989/4 467/617/4
f 46/54/4 41/2544/4 9/2987/4
f 52/2562/4 46/54/4 9/2987/4
f 83/817/4 52/2562/4 9/2987/4
f 387/2990/4 134/818/4 111/2991/4
f 111/2991/4 83/817/4 9/2987/4
f 111/2991/4 9/2987/4 322/508/4
f 416/2992/4 387/2990/4 111/2991/4
f 430/461/4 429/516/4 416/2992/4
f 417/2993/4 430/461/4 416/2992/4
f 416/2992/4 111/2991/4 322/508/4
f 416/2992/4 322/508/4 339/2988/4
f 417/2993/4 416/2992/4 339/2988/4
f 471/2994/4 472/1513/4 481/1515/4
f 471/2994/4 481/1515/4 482/2995/4
f 546/2996/4 548/122/4 636/2997/4
f 546/2996/4 636/2997/4 638/2998/4
f 642/2999/4 645/3000/4 694/3001/4
f 642/2999/4 694/3001/4 696/2472/4
f 732/3002/4 735/3003/4 751/3004/4
f 753/3005/4 763/890/4 765/892/4
f 732/3002/4 751/3004/4 753/3005/4
f 732/3002/4 753/3005/4 765/892/4
f 732/3002/4 765/892/4 600/3006/4
f 696/2472/4 732/3002/4 600/3006/4
f 696/2472/4 600/3006/4 568/3007/4
f 642/2999/4 696/2472/4 568/3007/4
f 642/2999/4 568/3007/4 493/3008/4
f 638/2998/4 642/2999/4 493/3008/4
f 459/3009/4 439/515/4 431/619/4
f 638/2998/4 493/3008/4 459/3009/4
f 546/2996/4 638/2998/4 459/3009/4
f 516/3010/4 546/2996/4 459/3009/4
f 489/3011/4 516/3010/4 459/3009/4
f 482/2995/4 489/3011/4 459/3009/4
f 471/2994/4 482/2995/4 459/3009/4
f 468/618/4 471/2994/4 459/3009/4
f 417/2993/4 339/2988/4 467/617/4
f 468/618/4 459/3009/4 431/619/4
f 431/619/4 417/2993/4 467/617/4
f 1610/1497/2 1594/1783/2 1627/3012/2
f 1627/3012/2 1651/3013/2 1650/2301/2
f 1675/2303/2 1680/2302/2 1682/3014/2
f 1627/3012/2 1650/2301/2 1675/2303/2
f 1609/1521/2 1610/1497/2 1627/3012/2
f 1673/3015/2 1625/1522/2 1626/622/2
f 1626/622/2 1609/1521/2 1627/3012/2
f 1675/2303/2 1682/3014/2 1694/1563/2
f 1626/622/2 1627/3012/2 1675/2303/2
f 1703/1565/2 1673/3015/2 1626/622/2
f 1706/2583/2 1705/2584/2 1704/621/2
f 1704/621/2 1703/1565/2 1626/622/2
f 1675/2303/2 1694/1563/2 1693/620/2
f 1693/620/2 1706/2583/2 1704/621/2
f 1626/622/2 1675/2303/2 1693/620/2
f 866/623/1 865/3016/1 881/624/1
f 294/108/6 268/108/6 293/106/6
f 293/106/6 329/199/6 330/514/6
f 1454/626/4 1453/3017/4 1411/3018/4
f 1412/3019/4 1429/3020/4 1428/627/4
f 1454/626/4 1411/3018/4 1412/3019/4
f 1499/628/4 1501/3021/4 1466/3022/4
f 1454/626/4 1412/3019/4 1428/627/4
f 1499/628/4 1466/3022/4 1454/626/4
f 1373/3023/1 448/3024/1 445/3025/1
f 522/3026/1 553/662/1 916/3027/1
f 1373/3023/1 445/3025/1 522/3026/1
f 1332/2763/1 1370/3028/1 1373/3023/1
f 1225/3029/1 1332/2763/1 1373/3023/1
f 1373/3023/1 522/3026/1 916/3027/1
f 1373/3023/1 916/3027/1 1023/3030/1
f 1208/631/1 1225/3029/1 1373/3023/1
f 1167/1189/1 1172/3031/1 1208/631/1
f 1077/3032/1 1167/1189/1 1208/631/1
f 1208/631/1 1373/3023/1 1023/3030/1
f 1208/631/1 1023/3030/1 1046/629/1
f 1066/630/1 1077/3032/1 1208/631/1
f 512/632/6 511/2882/6 498/633/6
f 496/635/5 514/3033/5 513/636/5
f 585/640/1 606/3034/1 608/739/1
f 585/640/1 608/739/1 607/3035/1
f 649/3036/1 653/3037/1 585/640/1
f 672/639/1 679/3038/1 649/3036/1
f 697/3039/1 699/3040/1 672/639/1
f 670/638/1 666/3041/1 697/3039/1
f 585/640/1 607/3035/1 613/740/1
f 670/638/1 697/3039/1 672/639/1
f 585/640/1 613/740/1 670/638/1
f 672/639/1 649/3036/1 585/640/1
f 361/3042/2 28/2524/2 27/2523/2
f 27/2523/2 37/2557/2 380/129/2
f 27/2523/2 380/129/2 399/472/2
f 361/3042/2 27/2523/2 399/472/2
f 361/3042/2 399/472/2 437/3043/2
f 398/3044/2 361/3042/2 437/3043/2
f 398/3044/2 437/3043/2 464/3045/2
f 395/3046/2 398/3044/2 464/3045/2
f 395/3046/2 464/3045/2 498/3047/2
f 463/3048/2 395/3046/2 498/3047/2
f 463/3048/2 498/3047/2 511/496/2
f 494/3049/2 463/3048/2 511/496/2
f 494/3049/2 511/496/2 543/3050/2
f 524/3051/2 494/3049/2 543/3050/2
f 558/641/2 664/3052/2 661/1424/2
f 524/3051/2 543/3050/2 558/641/2
f 542/3053/2 524/3051/2 558/641/2
f 558/641/2 661/1424/2 603/642/2
f 556/643/2 542/3053/2 558/641/2
f 2500/3054/6 2502/3055/6 2385/644/6
f 2385/644/6 2386/2161/6 2346/3056/6
f 2346/3056/6 2347/2043/6 2345/645/6
f 2340/2042/6 2339/3057/6 2321/646/6
f 2385/644/6 2346/3056/6 2345/645/6
f 2345/645/6 2340/2042/6 2321/646/6
f 2321/646/6 2500/3054/6 2385/644/6
f 547/647/1 546/3058/1 516/648/1
f 528/650/4 544/3059/4 547/651/4
f 516/653/3 530/3060/3 528/654/3
f 544/372/5 548/720/5 546/656/5
f 518/658/4 535/3061/4 549/659/4
f 561/664/5 562/3062/5 559/665/5
f 565/606/5 566/2981/5 564/667/5
f 533/669/4 569/3063/4 532/670/4
f 579/672/3 576/3064/3 561/673/3
f 582/106/4 583/199/4 688/514/4
f 688/514/4 687/108/4 656/106/4
f 656/106/4 654/108/4 582/106/4
f 589/677/5 591/3065/5 595/3066/5
f 595/3066/5 594/709/5 590/675/5
f 590/675/5 588/708/5 583/676/5
f 589/677/5 595/3066/5 590/675/5
f 237/678/5 238/3067/5 239/679/5
f 2129/681/2 2130/1834/2 2244/682/2
f 604/684/6 605/3068/6 575/685/6
f 577/687/3 578/3064/3 606/688/3
f 606/688/3 585/3069/3 582/689/3
f 623/690/1 622/2957/1 593/583/1
f 587/692/4 620/1526/4 623/693/4
f 594/695/2 625/3070/2 624/696/2
f 590/698/4 624/3071/4 621/699/4
f 593/701/4 622/1987/4 626/702/4
f 607/296/3 608/688/3 639/704/3
f 639/704/3 640/635/3 613/637/3
f 595/705/4 627/3072/4 625/706/4
f 625/709/5 627/3066/5 631/614/5
f 630/616/5 635/3073/5 634/1468/5
f 625/709/5 631/614/5 630/616/5
f 621/708/5 624/675/5 625/709/5
f 630/616/5 634/1468/5 621/708/5
f 784/710/5 785/1146/5 787/711/5
f 691/715/5 690/1414/5 686/713/5
f 687/714/5 688/1901/5 691/715/5
f 643/716/1 642/572/1 638/717/1
f 638/719/3 636/3074/3 632/656/3
f 644/721/5 645/3075/5 642/722/5
f 1242/3076/2 1228/1233/2 1244/3077/2
f 1242/3076/2 1244/3077/2 1245/3078/2
f 1348/3079/2 1242/3076/2 1245/3078/2
f 1490/727/2 1528/1675/2 1515/3080/2
f 1348/3079/2 1245/3078/2 1490/727/2
f 1378/556/2 1348/3079/2 1490/727/2
f 1490/727/2 1515/3080/2 1437/3081/2
f 1490/727/2 1437/3081/2 1439/728/2
f 1426/729/2 1378/556/2 1490/727/2
f 368/732/2 366/3082/2 345/730/2
f 346/731/2 349/3083/2 368/732/2
f 589/733/6 583/3084/6 688/734/6
f 2207/736/4 2081/3085/4 2084/3086/4
f 2207/736/4 2084/3086/4 2153/3087/4
f 2260/567/4 2259/3088/4 2207/736/4
f 2205/13/4 2240/2944/4 2245/738/4
f 2245/738/4 2260/567/4 2207/736/4
f 2207/736/4 2153/3087/4 2203/737/4
f 2203/737/4 2205/13/4 2245/738/4
f 639/739/1 665/3089/1 669/638/1
f 690/741/6 691/3090/6 657/742/6
f 628/3091/5 626/804/5 622/744/5
f 622/744/5 623/803/5 620/745/5
f 620/745/5 633/1417/5 632/935/5
f 629/746/5 628/3091/5 622/744/5
f 620/745/5 632/935/5 629/746/5
f 661/747/5 664/3092/5 663/748/5
f 681/781/5 676/773/5 674/749/5
f 677/875/5 682/3093/5 681/781/5
f 671/3094/5 678/3095/5 677/875/5
f 670/3096/5 669/3097/5 665/3098/5
f 666/774/5 670/3096/5 665/3098/5
f 668/751/5 671/3094/5 677/875/5
f 677/875/5 681/781/5 674/749/5
f 667/750/5 666/774/5 665/3098/5
f 668/751/5 677/875/5 674/749/5
f 667/750/5 665/3098/5 668/751/5
f 427/752/1 438/3099/1 461/2960/1
f 461/2960/1 460/2961/1 458/3100/1
f 458/3100/1 462/582/1 428/2963/1
f 336/753/1 339/1300/1 322/3101/1
f 458/3100/1 428/2963/1 336/753/1
f 427/752/1 461/2960/1 458/3100/1
f 336/753/1 322/3101/1 334/754/1
f 427/752/1 458/3100/1 336/753/1
f 679/199/6 680/514/6 650/108/6
f 1498/3102/4 1502/3021/4 1500/628/4
f 1498/3102/4 1500/628/4 1505/445/4
f 1579/757/4 1578/3103/4 1531/3104/4
f 1531/3104/4 1498/3102/4 1505/445/4
f 1532/755/4 1548/447/4 1580/3105/4
f 1531/3104/4 1505/445/4 1532/755/4
f 1608/3106/4 1611/2194/4 1579/757/4
f 1579/757/4 1531/3104/4 1532/755/4
f 1532/755/4 1580/3105/4 1593/756/4
f 1593/756/4 1608/3106/4 1579/757/4
f 685/758/5 689/3107/5 688/759/5
f 1087/3108/6 1086/3109/6 1029/3110/6
f 1028/761/6 1038/3111/6 1048/3112/6
f 1071/763/6 1087/3108/6 1029/3110/6
f 1084/1128/6 1085/3113/6 1071/763/6
f 1070/1122/6 1084/1128/6 1071/763/6
f 1071/763/6 1029/3110/6 1028/761/6
f 1028/761/6 1048/3112/6 1050/762/6
f 1050/762/6 1070/1122/6 1071/763/6
f 858/766/4 532/3114/4 569/3063/4
f 569/3063/4 769/1734/4 767/764/4
f 809/765/4 824/3115/4 863/978/4
f 858/766/4 569/3063/4 767/764/4
f 809/765/4 863/978/4 858/766/4
f 1504/767/3 1503/3116/3 1487/3117/3
f 1467/768/3 1468/1439/3 1508/769/3
f 1504/767/3 1487/3117/3 1467/768/3
f 715/573/1 733/852/1 732/770/1
f 571/411/1 568/410/1 600/3118/1
f 599/771/1 637/3119/1 646/772/1
f 571/411/1 600/3118/1 599/771/1
f 646/772/1 572/1639/1 571/411/1
f 700/191/5 699/193/5 697/774/5
f 697/774/5 698/750/5 702/749/5
f 701/773/5 700/191/5 697/774/5
f 2891/2493/1 2934/3120/1 2949/1041/1
f 2898/775/1 2901/1040/1 2841/3121/1
f 2891/2493/1 2949/1041/1 2898/775/1
f 2822/2464/1 2892/2463/1 2891/2493/1
f 2775/2681/1 2823/2462/1 2822/2464/1
f 2802/2677/1 2776/2676/1 2774/2682/1
f 2774/2682/1 2775/2681/1 2822/2464/1
f 2822/2464/1 2891/2493/1 2898/775/1
f 2898/775/1 2841/3121/1 2744/3122/1
f 2744/3122/1 2745/3123/1 2746/2680/1
f 2744/3122/1 2746/2680/1 2805/1772/1
f 2774/2682/1 2822/2464/1 2898/775/1
f 2801/777/1 2802/2677/1 2774/2682/1
f 2800/1773/1 2778/2678/1 2801/777/1
f 2842/776/1 2840/1774/1 2800/1773/1
f 2744/3122/1 2805/1772/1 2842/776/1
f 2801/777/1 2774/2682/1 2898/775/1
f 2842/776/1 2800/1773/1 2801/777/1
f 2898/775/1 2744/3122/1 2842/776/1
f 699/778/6 700/3124/6 673/779/6
f 701/780/6 702/3125/6 674/781/6
f 682/783/4 706/207/4 704/784/4
f 2496/3126/4 2414/2105/4 2416/3127/4
f 2521/3128/4 2603/3129/4 2601/3130/4
f 2496/3126/4 2416/3127/4 2521/3128/4
f 2654/3131/4 2542/3132/4 2544/3133/4
f 2544/3133/4 2496/3126/4 2521/3128/4
f 2601/3130/4 2689/3134/4 2687/786/4
f 2544/3133/4 2521/3128/4 2601/3130/4
f 2731/788/4 2652/3135/4 2654/3131/4
f 2654/3131/4 2544/3133/4 2601/3130/4
f 2654/3131/4 2601/3130/4 2687/786/4
f 2794/2383/4 2733/2339/4 2731/788/4
f 2731/788/4 2654/3131/4 2687/786/4
f 2795/787/4 2794/2383/4 2731/788/4
f 710/789/6 711/3136/6 685/790/6
f 707/792/5 711/758/5 710/760/5
f 688/794/2 713/3137/2 710/795/2
f 696/721/3 694/723/3 695/797/3
f 2282/801/1 2240/3138/1 2205/799/1
f 2205/799/1 2199/3139/1 2283/800/1
f 592/804/5 584/3140/5 585/802/5
f 585/802/5 582/3141/5 587/745/5
f 586/803/5 593/744/5 592/804/5
f 585/802/5 587/745/5 586/803/5
f 920/3142/6 919/3143/6 938/3144/6
f 920/3142/6 938/3144/6 940/3145/6
f 922/3146/6 920/3142/6 940/3145/6
f 952/3147/6 966/3148/6 971/3149/6
f 922/3146/6 940/3145/6 952/3147/6
f 889/3150/6 901/3151/6 902/3152/6
f 922/3146/6 952/3147/6 971/3149/6
f 922/3146/6 971/3149/6 973/3153/6
f 988/3154/6 1004/3155/6 1005/3156/6
f 922/3146/6 973/3153/6 988/3154/6
f 922/3146/6 988/3154/6 1005/3156/6
f 922/3146/6 1005/3156/6 989/3157/6
f 902/3152/6 922/3146/6 989/3157/6
f 1006/3158/6 1003/3159/6 1028/3160/6
f 1006/3158/6 1028/3160/6 1029/3161/6
f 1029/3161/6 975/3162/6 974/3163/6
f 989/3157/6 1006/3158/6 1029/3161/6
f 989/3157/6 1029/3161/6 974/3163/6
f 902/3152/6 989/3157/6 974/3163/6
f 856/3164/6 887/3165/6 889/3150/6
f 902/3152/6 974/3163/6 921/3166/6
f 856/3164/6 889/3150/6 902/3152/6
f 847/3167/6 856/3164/6 902/3152/6
f 902/3152/6 921/3166/6 903/3168/6
f 903/3168/6 954/3169/6 953/3170/6
f 953/3170/6 890/3171/6 874/3172/6
f 840/3173/6 841/3174/6 827/3175/6
f 903/3168/6 953/3170/6 874/3172/6
f 840/3173/6 827/3175/6 816/3176/6
f 902/3152/6 903/3168/6 874/3172/6
f 902/3152/6 874/3172/6 840/3173/6
f 838/3177/6 847/3167/6 902/3152/6
f 604/3178/6 836/3179/6 838/3177/6
f 605/3180/6 604/3178/6 838/3177/6
f 838/3177/6 902/3152/6 840/3173/6
f 838/3177/6 840/3173/6 816/3176/6
f 605/3180/6 838/3177/6 816/3176/6
f 797/3181/6 798/3182/6 799/3183/6
f 605/3180/6 816/3176/6 797/3181/6
f 557/3184/6 555/3185/6 575/807/6
f 575/807/6 605/3180/6 797/3181/6
f 797/3181/6 799/3183/6 774/3186/6
f 738/3187/6 739/3188/6 740/3189/6
f 575/807/6 797/3181/6 774/3186/6
f 738/3187/6 740/3189/6 719/805/6
f 575/807/6 774/3186/6 738/3187/6
f 558/3190/6 557/3184/6 575/807/6
f 663/806/6 664/3191/6 558/3190/6
f 575/807/6 738/3187/6 719/805/6
f 663/806/6 558/3190/6 575/807/6
f 704/808/3 706/3192/3 721/809/3
f 725/811/6 726/3193/6 707/812/6
f 722/813/5 726/221/5 725/814/5
f 112/818/4 61/1278/4 85/816/4
f 84/817/4 110/2991/4 112/818/4
f 724/668/5 728/667/5 727/819/5
f 1757/821/1 1808/3194/1 1810/822/1
f 734/824/5 735/3195/5 732/825/5
f 687/827/6 686/2470/6 712/828/6
f 712/828/6 713/3196/6 688/829/6
f 1963/832/2 1962/2340/2 1860/3197/2
f 1820/830/2 1819/1979/2 1846/3198/2
f 1963/832/2 1860/3197/2 1820/830/2
f 1820/830/2 1846/3198/2 1863/831/2
f 1108/833/4 1088/3199/4 1013/3200/4
f 1013/3200/4 1014/2080/4 1030/3201/4
f 1108/833/4 1013/3200/4 1030/3201/4
f 904/2078/4 749/3202/4 750/242/4
f 892/834/4 905/3203/4 904/2078/4
f 1108/833/4 1030/3201/4 906/2079/4
f 892/834/4 904/2078/4 750/242/4
f 1108/833/4 906/2079/4 892/834/4
f 833/3204/2 660/3205/2 550/32/2
f 833/3204/2 550/32/2 540/1211/2
f 833/3204/2 540/1211/2 523/3206/2
f 833/3204/2 523/3206/2 396/3207/2
f 833/3204/2 396/3207/2 362/3208/2
f 362/3208/2 248/3209/2 102/3210/2
f 102/3210/2 22/7/2 29/2524/2
f 29/2524/1 855/2415/1 872/835/1
f 872/835/2 1322/2916/2 1320/2915/2
f 1193/3211/2 1182/3212/2 1164/2183/2
f 872/835/2 1320/2915/2 1193/3211/2
f 102/3210/2 29/2524/2 872/835/2
f 362/3208/2 102/3210/2 872/835/2
f 872/835/2 1193/3211/2 1164/2183/2
f 872/835/2 1164/2183/2 1138/3213/2
f 833/3204/2 362/3208/2 872/835/2
f 852/3214/2 833/3204/2 872/835/2
f 872/835/2 1138/3213/2 1137/3215/2
f 872/835/2 1137/3215/2 1117/2397/2
f 869/3216/2 852/3214/2 872/835/2
f 896/986/2 869/3216/2 872/835/2
f 872/835/2 1117/2397/2 1036/1081/2
f 872/835/2 1036/1081/2 1024/836/2
f 933/837/2 896/986/2 872/835/2
f 1530/838/4 1518/3217/4 1464/610/4
f 1464/610/4 1529/3218/4 1545/839/4
f 740/840/2 739/3219/2 736/841/2
f 719/843/3 740/3220/3 718/748/3
f 736/845/5 739/3221/5 738/846/5
f 723/106/6 756/199/6 757/514/6
f 1804/850/6 1640/3222/6 1637/3223/6
f 1804/850/6 1637/3223/6 1638/3224/6
f 1863/2973/6 1846/3225/6 1804/850/6
f 1883/1147/6 1870/1148/6 1862/2974/6
f 1862/2974/6 1863/2973/6 1804/850/6
f 1804/850/6 1638/3224/6 1691/3226/6
f 1691/3226/6 1690/3227/6 1697/1529/6
f 1697/1529/6 1717/1528/6 1805/848/6
f 1805/848/6 1821/1798/6 1853/3228/6
f 1853/3228/6 1861/1527/6 1914/849/6
f 1914/849/6 1915/1700/6 1883/1147/6
f 1883/1147/6 1862/2974/6 1804/850/6
f 1804/850/6 1691/3226/6 1697/1529/6
f 1805/848/6 1853/3228/6 1914/849/6
f 1804/850/6 1697/1529/6 1805/848/6
f 1914/849/6 1883/1147/6 1804/850/6
f 752/851/1 751/3229/1 735/770/1
f 743/853/4 745/274/4 746/854/4
f 378/856/1 435/2632/1 436/857/1
f 741/859/4 759/96/4 761/860/4
f 1250/3230/4 1249/3231/4 1185/3232/4
f 1231/3233/4 1250/3230/4 1185/3232/4
f 1253/3234/4 1252/3235/4 1231/3233/4
f 1122/3236/4 1125/2084/4 1209/2083/4
f 1209/2083/4 1253/3234/4 1231/3233/4
f 1231/3233/4 1185/3232/4 1186/1687/4
f 1209/2083/4 1231/3233/4 1186/1687/4
f 1209/2083/4 1186/1687/4 1168/1686/4
f 1144/3237/4 1154/3238/4 1153/1685/4
f 1209/2083/4 1168/1686/4 1144/3237/4
f 1122/3236/4 1209/2083/4 1144/3237/4
f 1144/3237/4 1153/1685/4 831/3239/4
f 831/3239/4 830/3240/4 828/3241/4
f 831/3239/4 828/3241/4 822/3242/4
f 1122/3236/4 1144/3237/4 831/3239/4
f 1098/3243/4 1122/3236/4 831/3239/4
f 1098/3243/4 831/3239/4 822/3242/4
f 1072/3244/4 1098/3243/4 822/3242/4
f 790/3245/4 789/3246/4 762/3005/4
f 1072/3244/4 822/3242/4 790/3245/4
f 632/3247/4 633/3248/4 891/864/4
f 891/864/4 1072/3244/4 790/3245/4
f 790/3245/4 762/3005/4 752/3004/4
f 734/3003/4 733/3002/4 715/1986/4
f 891/864/4 790/3245/4 752/3004/4
f 734/3003/4 715/1986/4 695/862/4
f 891/864/4 752/3004/4 734/3003/4
f 643/3249/4 641/3250/4 632/3247/4
f 644/863/4 643/3249/4 632/3247/4
f 891/864/4 734/3003/4 695/862/4
f 644/863/4 632/3247/4 891/864/4
f 753/865/3 751/826/3 752/866/3
f 763/868/5 766/3251/5 764/869/5
f 769/785/5 770/3252/5 768/871/5
f 378/872/6 409/379/6 434/873/6
f 781/875/5 782/906/5 780/876/5
f 1720/878/1 1731/1578/1 1730/3253/1
f 1720/878/1 1730/3253/1 1708/1556/1
f 1745/3254/1 1751/3255/1 1720/878/1
f 1669/480/1 1746/1224/1 1745/3254/1
f 1672/3256/1 1668/3257/1 1669/480/1
f 1672/3256/1 1669/480/1 1745/3254/1
f 1720/878/1 1708/1556/1 1677/1558/1
f 1672/3256/1 1745/3254/1 1720/878/1
f 1671/1287/1 1672/3256/1 1720/878/1
f 1677/1558/1 1676/1574/1 1649/1289/1
f 1678/879/1 1674/1288/1 1692/880/1
f 1677/1558/1 1649/1289/1 1678/879/1
f 1692/880/1 1671/1287/1 1720/878/1
f 1720/878/1 1677/1558/1 1678/879/1
f 758/881/3 783/1205/3 755/882/3
f 761/479/3 759/478/3 757/884/3
f 790/885/5 791/900/5 788/845/5
f 84/887/1 85/1531/1 94/888/1
f 94/888/6 83/3258/6 111/889/6
f 111/889/1 110/146/1 84/887/1
f 766/890/4 792/3246/4 793/891/4
f 1914/1932/1 1861/3259/1 1851/3260/1
f 1914/1932/1 1851/3260/1 1912/894/1
f 2026/3261/1 2028/1720/1 1923/893/1
f 1923/893/1 1914/1932/1 1912/894/1
f 1922/895/1 2026/3261/1 1923/893/1
f 799/896/2 798/919/2 795/897/2
f 774/899/3 799/3221/3 773/845/3
f 795/901/5 798/3262/5 797/902/5
f 782/904/4 802/3263/4 800/905/4
f 802/906/5 803/792/5 801/793/5
f 1556/909/2 1598/3264/2 1595/1785/2
f 1565/907/2 1562/3265/2 1554/908/2
f 1556/909/2 1595/1785/2 1565/907/2
f 1983/910/6 1982/3266/6 1981/911/6
f 1981/911/6 2009/3267/6 2010/912/6
f 793/913/3 792/3268/3 788/914/3
f 1985/918/1 1874/3269/1 1873/916/1
f 1873/916/1 2033/3270/1 2032/917/1
f 797/919/2 816/949/2 814/920/2
f 1930/3271/2 1870/3272/2 1897/3273/2
f 1930/3271/2 1897/3273/2 1932/3274/2
f 1945/3275/2 1930/3271/2 1932/3274/2
f 1948/921/2 2018/3276/2 2015/3277/2
f 1945/3275/2 1932/3274/2 1948/921/2
f 1964/922/2 1945/3275/2 1948/921/2
f 1948/921/2 2015/3277/2 1961/832/2
f 820/759/5 819/418/5 817/923/5
f 810/924/3 811/3278/3 824/925/3
f 2459/928/2 2431/599/2 2389/926/2
f 2389/926/2 2362/1643/2 2390/927/2
f 816/929/3 827/3279/3 815/930/3
f 830/932/1 829/3280/1 823/933/1
f 823/931/3 821/930/3 822/592/3
f 831/935/5 832/3281/5 829/936/5
f 332/940/6 296/3282/6 269/938/6
f 295/939/6 331/2400/6 332/940/6
f 768/941/2 810/3283/2 809/942/2
f 837/944/5 838/1160/5 836/945/5
f 835/946/5 841/439/5 840/947/5
f 827/949/2 841/2414/2 835/950/2
f 1560/951/1 1549/3284/1 1547/952/1
f 1547/952/1 1582/3285/1 1581/953/1
f 180/954/5 186/336/5 185/955/5
f 1700/958/2 1641/3286/2 1642/2022/2
f 1701/956/6 1806/3287/6 1825/957/6
f 1700/958/2 1642/2022/2 1701/956/2
f 1825/957/2 1824/3288/2 1700/958/2
f 1264/3289/2 1265/1252/2 1266/3290/2
f 1266/3290/2 1268/1267/2 1267/3291/2
f 1264/3289/2 1266/3290/2 1267/3291/2
f 1344/1318/2 1343/3292/2 1317/961/2
f 1317/961/2 1264/3289/2 1267/3291/2
f 1317/961/2 1267/3291/2 1284/3293/2
f 1328/960/2 1344/1318/2 1317/961/2
f 1287/3294/2 1289/3295/2 1328/960/2
f 1304/959/2 1305/3296/2 1287/3294/2
f 1317/961/2 1284/3293/2 1304/959/2
f 1304/959/2 1287/3294/2 1328/960/2
f 856/588/3 847/3297/3 846/965/3
f 857/966/4 862/3298/4 860/967/4
f 2703/971/4 2702/112/4 2599/2621/4
f 2599/2621/4 2536/3299/4 2539/3300/4
f 2599/2621/4 2539/3300/4 2579/1110/4
f 2716/3301/4 2715/3302/4 2703/971/4
f 2599/2621/4 2579/1110/4 2647/1112/4
f 2678/969/4 2680/2262/4 2679/3303/4
f 2599/2621/4 2647/1112/4 2678/969/4
f 2705/970/4 2716/3301/4 2703/971/4
f 2730/788/4 2732/2339/4 2706/3304/4
f 2651/3135/4 2730/788/4 2706/3304/4
f 2541/3132/4 2653/3131/4 2651/3135/4
f 2476/3305/4 2543/3133/4 2541/3132/4
f 2497/3306/4 2475/3307/4 2476/3305/4
f 2489/3308/4 2495/3309/4 2497/3306/4
f 2628/3310/4 2578/2236/4 2596/3311/4
f 2596/3311/4 2489/3308/4 2497/3306/4
f 2497/3306/4 2476/3305/4 2541/3132/4
f 2541/3132/4 2651/3135/4 2706/3304/4
f 2497/3306/4 2541/3132/4 2706/3304/4
f 2628/3310/4 2596/3311/4 2497/3306/4
f 2678/969/4 2679/3303/4 2630/2237/4
f 2628/3310/4 2497/3306/4 2706/3304/4
f 2630/2237/4 2628/3310/4 2706/3304/4
f 2630/2237/4 2706/3304/4 2705/970/4
f 2703/971/4 2599/2621/4 2678/969/4
f 2678/969/4 2630/2237/4 2705/970/4
f 2845/972/6 2846/2444/6 2834/973/6
f 870/975/6 872/3312/6 855/976/6
f 863/978/4 876/3313/4 875/979/4
f 888/980/5 889/3314/5 887/981/5
f 874/442/3 890/444/3 873/983/3
f 900/988/1 901/3315/1 889/989/1
f 909/991/5 910/3316/5 908/992/5
f 2559/2690/1 2560/2689/1 2525/3317/1
f 2426/2117/1 2418/3318/1 2417/3319/1
f 2559/2690/1 2525/3317/1 2426/2117/1
f 2632/2685/1 2610/2691/1 2559/2690/1
f 2558/999/1 2631/2686/1 2632/2685/1
f 2491/2203/1 2557/3320/1 2558/999/1
f 2490/2133/1 2492/3321/1 2491/2203/1
f 2477/3322/1 2490/2133/1 2491/2203/1
f 2558/999/1 2632/2685/1 2559/2690/1
f 2477/3322/1 2491/2203/1 2558/999/1
f 2343/2026/1 2342/3323/1 2451/998/1
f 2451/998/1 2477/3322/1 2558/999/1
f 2558/999/1 2559/2690/1 2426/2117/1
f 2426/2117/1 2417/3319/1 2427/3324/1
f 2427/3324/1 2435/3325/1 2478/997/1
f 2356/2027/1 2343/2026/1 2451/998/1
f 2426/2117/1 2427/3324/1 2478/997/1
f 2478/997/1 2356/2027/1 2451/998/1
f 2558/999/1 2426/2117/1 2478/997/1
f 919/1000/6 920/3326/6 902/1001/6
f 918/1003/3 901/490/3 900/319/3
f 250/3327/3 251/308/3 288/1005/3
f 288/1005/3 293/3328/3 268/158/3
f 268/158/3 266/135/3 259/156/3
f 258/1004/3 250/3327/3 288/1005/3
f 268/158/3 259/156/3 258/1004/3
f 1462/1006/1 1312/2615/1 1292/2614/1
f 1514/1007/1 1588/1486/1 1590/1485/1
f 1462/1006/1 1292/2614/1 1514/1007/1
f 1514/1007/1 1590/1485/1 1558/1008/1
f 2275/1009/1 2294/3329/1 2296/1010/1
f 898/986/2 935/837/2 934/1012/2
f 939/1014/5 940/3330/5 938/1015/5
f 910/1017/4 946/3331/4 944/1018/4
f 1990/1020/2 1991/3332/2 2114/1021/2
f 951/1023/1 952/1789/1 940/1024/1
f 944/1026/3 946/3333/3 958/1027/3
f 959/1029/5 960/3334/5 957/1030/5
f 963/1032/2 962/3335/2 961/1033/2
f 966/635/3 952/1003/3 951/318/3
f 2127/1036/1 2167/3336/1 2166/1037/1
f 2950/1041/1 2957/2520/1 2860/1039/1
f 2860/1039/1 2843/3121/1 2902/1040/1
f 2902/1040/1 2899/775/1 2950/1041/1
f 972/1042/5 973/3337/5 971/1043/5
f 2299/1045/1 2328/3338/1 2327/1046/1
f 245/1048/4 319/399/4 317/1049/4
f 986/1051/6 985/1064/6 972/1052/6
f 1760/1054/1 1787/1620/1 1795/1055/1
f 985/1057/1 988/1062/1 973/1058/1
f 1212/3339/2 1211/3340/2 1108/3341/2
f 1108/3341/1 750/3342/1 731/3343/1
f 731/3343/2 714/3344/2 693/3345/2
f 731/3343/2 693/3345/2 659/3346/2
f 1212/3339/2 1108/3341/2 731/3343/2
f 634/3347/2 1099/3348/2 1212/3339/2
f 583/3349/2 588/697/2 621/696/2
f 634/3347/2 1212/3339/2 731/3343/2
f 634/3347/2 731/3343/2 659/3346/2
f 688/794/2 583/3349/2 621/696/2
f 621/696/2 634/3347/2 659/3346/2
f 657/1060/2 691/3350/2 688/794/2
f 621/696/2 659/3346/2 657/1060/2
f 1001/1061/1 1000/1085/1 999/1062/1
f 1000/1063/6 1003/2053/6 988/1064/6
f 999/881/3 988/3351/3 985/1065/3
f 875/979/4 876/3313/4 877/3352/4
f 877/3352/4 909/1017/4 907/1019/4
f 943/1018/4 958/3331/4 959/3353/4
f 875/979/4 877/3352/4 907/1019/4
f 943/1018/4 959/3353/4 956/1068/4
f 875/979/4 907/1019/4 943/1018/4
f 1282/1067/4 875/979/4 943/1018/4
f 956/1068/4 1313/1315/4 1315/1317/4
f 1282/1067/4 943/1018/4 956/1068/4
f 956/1068/4 1315/1317/4 1303/1069/4
f 993/1070/1 982/3354/1 983/3355/1
f 994/1071/1 978/3356/1 979/3357/1
f 993/1070/1 983/3355/1 994/1071/1
f 1007/1072/1 1016/3358/1 993/1070/1
f 994/1071/1 979/3357/1 1007/1072/1
f 1359/1075/2 1358/1308/2 1315/1073/2
f 1315/1073/2 1316/2853/2 1339/1074/2
f 1002/1076/5 1003/3359/5 1000/1077/5
f 1037/1081/2 1067/2810/2 1065/1079/2
f 1065/1079/2 1064/1881/2 1063/1880/2
f 1044/1080/2 1021/1086/2 1037/1081/2
f 1065/1079/2 1063/1880/2 1044/1080/2
f 1010/3360/2 1019/3361/2 1015/1392/2
f 992/3362/2 995/3363/2 965/1082/2
f 1010/3360/2 1015/1392/2 992/3362/2
f 1021/1086/2 1020/3364/2 1010/3360/2
f 1025/836/2 1022/1087/2 1011/1083/2
f 1011/1083/2 1021/1086/2 1010/3360/2
f 1010/3360/2 992/3362/2 965/1082/2
f 931/3365/2 934/1012/2 935/837/2
f 1011/1083/2 1010/3360/2 965/1082/2
f 965/1082/2 931/3365/2 935/837/2
f 935/837/2 1025/836/2 1011/1083/2
f 1027/1084/1 1028/1786/1 1003/1085/1
f 1025/836/2 1037/1081/2 1021/1086/2
f 2322/1090/2 2276/3366/2 2280/3367/2
f 2326/1088/2 2368/3368/2 2367/3369/2
f 2322/1090/2 2280/3367/2 2326/1088/2
f 2326/1088/2 2367/3369/2 2341/1089/2
f 1038/1091/3 1028/881/3 1027/1066/3
f 1437/3370/6 1515/1478/6 1516/3371/6
f 1437/3370/6 1516/3371/6 1427/3372/6
f 1426/1094/6 1437/3370/6 1427/3372/6
f 1407/1095/6 1408/3373/6 1394/3374/6
f 1426/1094/6 1427/3372/6 1407/1095/6
f 1407/1095/6 1394/3374/6 1378/1093/6
f 1034/1096/1 1017/3375/1 993/1070/1
f 1034/1096/1 993/1070/1 1016/3358/1
f 1034/1096/1 1016/3358/1 1007/1072/1
f 979/3357/1 976/3376/1 977/3377/1
f 1007/1072/1 979/3357/1 977/3377/1
f 1007/1072/1 977/3377/1 980/3378/1
f 1007/1072/1 980/3378/1 1040/3379/1
f 1040/3379/1 1053/1759/1 1052/3380/1
f 1040/3379/1 1052/3380/1 1039/1105/1
f 1018/3381/1 1035/1098/1 1045/1100/1
f 1012/2241/1 1009/2240/1 1018/3381/1
f 1095/1138/1 1094/3382/1 1012/2241/1
f 1091/3383/1 1092/3384/1 1076/3385/1
f 1076/3385/1 1095/1138/1 1012/2241/1
f 1012/2241/1 1018/3381/1 1045/1100/1
f 1076/3385/1 1012/2241/1 1045/1100/1
f 1089/1711/1 1100/1139/1 1091/3383/1
f 1091/3383/1 1076/3385/1 1045/1100/1
f 1091/3383/1 1045/1100/1 1033/1099/1
f 1051/1106/1 1089/1711/1 1091/3383/1
f 1040/3379/1 1039/1105/1 1041/1097/1
f 1041/1097/1 1051/1106/1 1091/3383/1
f 1091/3383/1 1033/1099/1 1034/1096/1
f 1007/1072/1 1040/3379/1 1041/1097/1
f 1041/1097/1 1091/3383/1 1034/1096/1
f 86/1101/1 87/2629/1 63/1102/1
f 1049/489/5 1050/1129/5 1048/1103/5
f 1058/1107/2 1057/2816/2 1055/1108/2
f 2576/1110/4 2626/2238/4 2649/1111/4
f 1069/1113/1 1070/1120/1 1050/1114/1
f 1073/1116/5 1074/3386/5 1052/1117/5
f 1082/1119/1 1081/1142/1 1080/1120/1
f 1081/1121/6 1084/1128/6 1070/1122/6
f 1080/1124/3 1070/1149/3 1069/1125/3
f 1096/1127/6 1097/1185/6 1083/1128/6
f 1083/1129/5 1084/458/5 1081/1130/5
f 686/1131/1 690/3387/1 655/3388/1
f 654/3037/1 652/3389/1 723/1132/1
f 686/1131/1 655/3388/1 654/3037/1
f 708/1133/1 712/3390/1 686/1131/1
f 723/1132/1 727/3391/1 708/1133/1
f 686/1131/1 654/3037/1 723/1132/1
f 573/686/6 104/2800/6 69/2799/6
f 70/2798/6 91/2801/6 74/385/6
f 602/684/6 573/686/6 69/2799/6
f 70/2798/6 74/385/6 72/1134/6
f 834/3392/6 602/684/6 69/2799/6
f 846/3393/6 837/3394/6 834/3392/6
f 845/3395/6 846/3393/6 834/3392/6
f 845/3395/6 834/3392/6 69/2799/6
f 900/3396/6 888/3397/6 886/3398/6
f 886/3398/6 845/3395/6 69/2799/6
f 899/3399/6 900/3396/6 886/3398/6
f 899/3399/6 886/3398/6 69/2799/6
f 917/3400/6 899/3399/6 69/2799/6
f 951/3401/6 939/3402/6 937/3403/6
f 937/3403/6 917/3400/6 69/2799/6
f 950/3404/6 951/3401/6 937/3403/6
f 950/3404/6 937/3403/6 69/2799/6
f 970/1053/6 950/3404/6 69/2799/6
f 984/3405/6 970/1053/6 69/2799/6
f 1001/1063/6 984/3405/6 69/2799/6
f 1027/761/6 1002/2053/6 1001/1063/6
f 1026/3111/6 1027/761/6 1001/1063/6
f 1026/3111/6 1001/1063/6 69/2799/6
f 1069/1122/6 1049/762/6 1047/3112/6
f 1047/3112/6 1026/3111/6 69/2799/6
f 1068/1123/6 1069/1122/6 1047/3112/6
f 1068/1123/6 1047/3112/6 69/2799/6
f 1078/3406/6 1068/1123/6 69/2799/6
f 1096/1127/6 1078/3406/6 69/2799/6
f 1106/3407/6 1096/1127/6 69/2799/6
f 1116/1167/6 1106/3407/6 69/2799/6
f 1239/1184/6 1116/1167/6 69/2799/6
f 1452/1430/6 1460/1432/6 1279/1260/6
f 1279/1260/6 1239/1184/6 69/2799/6
f 1423/3408/6 1452/1430/6 1279/1260/6
f 1433/3409/6 1434/3410/6 1423/3408/6
f 1373/3411/6 1391/3412/6 1433/3409/6
f 446/873/6 447/3413/6 448/3414/6
f 1373/3411/6 1433/3409/6 1423/3408/6
f 436/874/6 446/873/6 448/3414/6
f 1373/3411/6 1423/3408/6 1279/1260/6
f 448/3414/6 1373/3411/6 1279/1260/6
f 436/874/6 448/3414/6 1279/1260/6
f 376/872/6 436/874/6 1279/1260/6
f 360/3415/6 376/872/6 1279/1260/6
f 375/2783/6 377/377/6 360/3415/6
f 168/3416/6 375/2783/6 360/3415/6
f 360/3415/6 1279/1260/6 69/2799/6
f 168/3416/6 360/3415/6 69/2799/6
f 65/3417/6 168/3416/6 69/2799/6
f 65/3417/6 69/2799/6 70/2798/6
f 25/384/6 24/3418/6 71/1136/6
f 71/1136/6 65/3417/6 70/2798/6
f 71/1136/6 70/2798/6 72/1134/6
f 26/1135/6 25/384/6 71/1136/6
f 140/161/4 174/2652/4 269/1137/4
f 1166/1189/1 1094/3382/1 1095/1138/1
f 1095/1138/1 1092/3384/1 1091/3383/1
f 1100/1139/1 1105/3419/1 1162/1140/1
f 1095/1138/1 1091/3383/1 1100/1139/1
f 1162/1140/1 1166/1189/1 1095/1138/1
f 1097/1141/1 1101/450/1 1084/1142/1
f 1338/1825/1 1302/3420/1 1301/3421/1
f 1301/3421/1 1518/1661/1 1530/3422/1
f 1338/1825/1 1301/3421/1 1530/3422/1
f 1350/3423/1 1338/1825/1 1530/3422/1
f 1350/3423/1 1530/3422/1 1544/3424/1
f 1409/3425/1 1350/3423/1 1544/3424/1
f 1575/1143/1 1605/1495/1 1604/3426/1
f 1409/3425/1 1544/3424/1 1575/1143/1
f 1486/3427/1 1409/3425/1 1575/1143/1
f 1575/1143/1 1604/3426/1 1574/3428/1
f 1543/1144/1 1496/3429/1 1517/1145/1
f 1575/1143/1 1574/3428/1 1543/1144/1
f 1517/1145/1 1486/3427/1 1575/1143/1
f 804/418/5 805/759/5 807/1146/5
f 1896/1147/6 1931/3430/6 1932/595/6
f 1107/1149/3 1101/3431/3 1097/1150/3
f 1971/1152/1 1970/1739/1 1847/1151/1
f 1847/1151/1 1829/482/1 1828/481/1
f 1871/3432/4 1874/1178/4 1985/3433/4
f 2032/3434/4 2035/1177/4 2055/3435/4
f 1871/3432/4 1985/3433/4 2032/3434/4
f 1745/3436/4 1748/3437/4 1750/3438/4
f 1745/3436/4 1750/3438/4 1871/3432/4
f 1772/3439/4 1745/3436/4 1871/3432/4
f 2032/3434/4 2055/3435/4 2079/1808/4
f 1772/3439/4 1871/3432/4 2032/3434/4
f 1791/3440/4 1772/3439/4 2032/3434/4
f 2032/3434/4 2079/1808/4 2125/3441/4
f 2125/3441/4 2128/3442/4 2166/3443/4
f 1850/3444/4 1791/3440/4 2032/3434/4
f 1951/3445/4 1950/3446/4 1850/3444/4
f 2059/3447/4 2058/1756/4 1951/3445/4
f 2151/3448/4 2150/3449/4 2059/3447/4
f 2200/13/4 2198/1757/4 2186/3450/4
f 2151/3448/4 2059/3447/4 1951/3445/4
f 2201/2537/4 2200/13/4 2186/3450/4
f 2151/3448/4 1951/3445/4 1850/3444/4
f 2151/3448/4 1850/3444/4 2032/3434/4
f 2151/3448/4 2032/3434/4 2125/3441/4
f 2151/3448/4 2125/3441/4 2166/3443/4
f 2186/3450/4 2151/3448/4 2166/3443/4
f 2299/2896/4 2298/2895/4 2201/2537/4
f 2201/2537/4 2186/3450/4 2166/3443/4
f 2201/2537/4 2166/3443/4 2169/3451/4
f 2329/2888/4 2328/2897/4 2299/2896/4
f 2299/2896/4 2201/2537/4 2169/3451/4
f 2068/3452/4 2072/3453/4 2070/3454/4
f 2169/3451/4 2068/3452/4 2070/3454/4
f 2299/2896/4 2169/3451/4 2070/3454/4
f 2227/2889/4 2329/2888/4 2299/2896/4
f 2111/2891/4 2229/2890/4 2227/2889/4
f 1990/2893/4 2113/2892/4 2111/2891/4
f 1854/2907/4 1992/2894/4 1990/2893/4
f 1831/3455/4 1856/2908/4 1854/2907/4
f 1773/3456/4 1831/3455/4 1854/2907/4
f 1854/2907/4 1990/2893/4 2111/2891/4
f 2111/2891/4 2227/2889/4 2299/2896/4
f 2111/2891/4 2299/2896/4 2070/3454/4
f 1719/3457/4 1773/3456/4 1854/2907/4
f 1854/2907/4 2111/2891/4 2070/3454/4
f 1854/2907/4 2070/3454/4 2037/3458/4
f 1673/3459/4 1719/3457/4 1854/2907/4
f 1615/2194/4 1609/3106/4 1625/1155/4
f 1625/1155/4 1673/3459/4 1854/2907/4
f 1934/3460/4 1938/3461/4 1936/1153/4
f 1767/2334/4 1771/3462/4 1769/1154/4
f 2037/3458/4 1934/3460/4 1936/1153/4
f 1936/1153/4 1767/2334/4 1769/1154/4
f 1854/2907/4 2037/3458/4 1936/1153/4
f 1702/3463/4 1615/2194/4 1625/1155/4
f 1718/3464/4 1702/3463/4 1625/1155/4
f 1625/1155/4 1854/2907/4 1936/1153/4
f 1769/1154/4 1718/3464/4 1625/1155/4
f 2146/1158/2 2078/3465/2 2098/1156/2
f 2098/1156/1 2147/3466/1 2183/1157/1
f 2183/1157/2 2181/3467/2 2146/1158/2
f 1119/1159/5 1120/1242/5 1118/1160/5
f 1124/1161/5 1125/3468/5 1122/1162/5
f 2908/1164/2 2868/1357/2 2867/1165/2
f 2867/1165/2 2962/3469/2 2954/1166/2
f 1116/1167/6 1132/3470/6 1119/1168/6
f 1115/199/3 1119/514/3 1131/108/3
f 1132/1170/1 1133/1334/1 1120/1171/1
f 2363/927/2 2361/1643/2 2291/3471/2
f 2268/1172/2 2251/1913/2 2272/3472/2
f 2363/927/2 2291/3471/2 2268/1172/2
f 2268/1172/2 2272/3472/2 2273/1173/2
f 1141/1174/3 1133/3473/3 1132/1175/3
f 2003/3474/4 1898/3475/4 1899/2336/4
f 2003/3474/4 1899/2336/4 1904/2335/4
f 1988/1743/4 1984/3476/4 2000/3477/4
f 2003/3474/4 1904/2335/4 1933/3460/4
f 1986/1179/4 1988/1743/4 2000/3477/4
f 2003/3474/4 1933/3460/4 2069/3454/4
f 2069/3454/4 2071/3453/4 2047/1647/4
f 2036/3478/4 2046/3479/4 2045/1646/4
f 2069/3454/4 2047/1647/4 2036/3478/4
f 1849/1633/4 1847/3480/4 1970/1744/4
f 1848/3481/4 1849/1633/4 1970/1744/4
f 1848/3481/4 1970/1744/4 1986/1179/4
f 1664/3482/4 1667/3483/4 1826/1634/4
f 1664/3482/4 1826/1634/4 1848/3481/4
f 1624/3484/4 1643/3485/4 1646/3486/4
f 1621/3487/4 1624/3484/4 1646/3486/4
f 1441/3488/4 1465/3489/4 1495/3490/4
f 1441/3488/4 1495/3490/4 1621/3487/4
f 1747/3437/4 1746/3436/4 1669/3491/4
f 1669/3491/4 1441/3488/4 1621/3487/4
f 1669/3491/4 1621/3487/4 1646/3486/4
f 1727/3492/4 1747/3437/4 1669/3491/4
f 1873/1178/4 1872/3432/4 1749/3438/4
f 1873/1178/4 1749/3438/4 1727/3492/4
f 2034/1177/4 2033/3434/4 1873/1178/4
f 2036/3478/4 2045/1646/4 2034/1177/4
f 2003/3474/4 2069/3454/4 2036/3478/4
f 2000/3477/4 2003/3474/4 2036/3478/4
f 1669/3491/4 1646/3486/4 1664/3482/4
f 1727/3492/4 1669/3491/4 1664/3482/4
f 1873/1178/4 1727/3492/4 1664/3482/4
f 1873/1178/4 1664/3482/4 1848/3481/4
f 2000/3477/4 2036/3478/4 2034/1177/4
f 1873/1178/4 1848/3481/4 1986/1179/4
f 1986/1179/4 2000/3477/4 2034/1177/4
f 1125/1180/1 1124/3493/1 1210/1181/1
f 1183/1183/6 1174/1204/6 1143/2018/6
f 1142/3494/6 1133/3470/6 1141/1167/6
f 1183/1183/6 1143/2018/6 1142/3494/6
f 1238/1184/6 1241/1606/6 1226/1237/6
f 1183/1183/6 1142/3494/6 1141/1167/6
f 1238/1184/6 1226/1237/6 1183/1183/6
f 1376/1352/6 1377/3495/6 1086/3109/6
f 1087/3108/6 1085/3113/6 1084/1128/6
f 1348/3496/6 1376/1352/6 1086/3109/6
f 1242/3497/6 1348/3496/6 1086/3109/6
f 1087/3108/6 1084/1128/6 1101/1185/6
f 1228/1236/6 1242/3497/6 1086/3109/6
f 1134/1187/6 1228/1236/6 1086/3109/6
f 1086/3109/6 1087/3108/6 1101/1185/6
f 1101/1185/6 1107/1127/6 1118/1169/6
f 1101/1185/6 1118/1169/6 1120/1168/6
f 1134/1187/6 1086/3109/6 1101/1185/6
f 1101/1185/6 1120/1168/6 1121/1186/6
f 1160/1188/1 1171/3031/1 1166/1189/1
f 370/1191/1 359/2636/1 403/1192/1
f 421/1193/1 407/3498/1 370/1191/1
f 1207/631/1 1171/3031/1 1160/1188/1
f 1161/1194/1 1148/3499/1 1159/3500/1
f 1207/631/1 1160/1188/1 1161/1194/1
f 1179/3501/1 1205/3502/1 1206/1196/1
f 1206/1196/1 1207/631/1 1161/1194/1
f 1161/1194/1 1159/3500/1 1170/3503/1
f 1170/3503/1 1157/3504/1 1178/1195/1
f 1178/1195/1 1179/3501/1 1206/1196/1
f 1161/1194/1 1170/3503/1 1178/1195/1
f 151/1197/3 160/235/3 195/285/3
f 1243/109/1 1229/3505/1 1194/1198/1
f 1194/1198/1 1183/3506/1 1226/1199/1
f 1226/1199/1 1240/2616/1 1243/109/1
f 1184/3507/6 1152/3508/6 862/1200/6
f 857/3509/1 832/3280/1 831/932/1
f 1248/3510/1 1184/3507/1 862/1200/1
f 862/1200/1 857/3509/1 831/932/1
f 862/1200/1 831/932/1 1153/3511/1
f 1249/1202/1 1248/3510/1 862/1200/1
f 862/1200/1 1153/3511/1 1185/1201/1
f 1194/1183/6 1229/1237/6 1230/1203/6
f 1194/1091/3 1195/3512/3 1174/1205/3
f 1204/1206/2 1203/3513/2 1202/1207/2
f 1211/1215/5 1212/3514/5 1209/1216/5
f 380/469/6 37/3515/6 35/3516/6
f 380/469/6 35/3516/6 36/3517/6
f 98/1219/6 379/3518/6 380/469/6
f 77/3519/6 97/2276/6 98/1219/6
f 380/469/6 36/3517/6 76/1218/6
f 76/1218/6 77/3519/6 98/1219/6
f 1201/1220/2 1202/1207/2 1216/1221/2
f 1750/1223/1 1748/3254/1 1747/1224/1
f 1747/1224/6 1749/3520/6 1872/916/6
f 1872/916/1 1871/3269/1 1750/1223/1
f 2599/389/1 2702/3521/1 2701/1225/1
f 2655/1227/1 2708/2684/1 2707/2683/1
f 2707/2683/1 2631/2686/1 2558/999/1
f 2558/999/1 2557/3320/1 2656/1228/1
f 2655/1227/1 2707/2683/1 2558/999/1
f 1195/1232/2 1230/3077/2 1227/1233/2
f 656/514/3 683/108/3 650/106/3
f 652/199/3 654/199/3 656/514/3
f 1243/1235/6 1245/3497/6 1244/1236/6
f 1247/1238/5 1246/3522/5 1243/1239/5
f 1230/1241/3 1244/3075/3 1228/721/3
f 1250/1243/5 1251/3523/5 1248/1244/5
f 2907/1246/6 2866/3524/6 2860/2443/6
f 2860/2443/6 2957/3525/6 2958/1247/6
f 2958/1247/6 2959/3526/6 2913/1248/6
f 2907/1246/6 2860/2443/6 2958/1247/6
f 153/548/3 146/2672/3 120/197/3
f 123/137/3 128/1197/3 153/548/3
f 819/1249/6 820/141/6 805/350/6
f 125/136/3 129/159/3 133/179/3
f 1258/1251/2 1266/3290/2 1265/1252/2
f 1998/1254/2 1997/3527/2 1967/1255/2
f 1296/334/2 1295/2753/2 635/3347/2
f 635/3347/2 630/3528/2 597/3529/2
f 597/3529/2 567/117/2 531/116/2
f 515/3530/2 529/2623/2 527/115/2
f 635/3347/2 597/3529/2 531/116/2
f 515/3530/2 527/115/2 503/1341/2
f 635/3347/2 531/116/2 515/3530/2
f 1282/3531/2 1296/334/2 635/3347/2
f 532/3532/2 858/3533/2 875/3534/2
f 875/3534/2 1282/3531/2 635/3347/2
f 515/3530/2 503/1341/2 505/3535/2
f 875/3534/2 635/3347/2 515/3530/2
f 50/3536/2 507/3537/2 532/3532/2
f 532/3532/2 875/3534/2 515/3530/2
f 532/3532/2 515/3530/2 505/3535/2
f 50/3536/2 532/3532/2 505/3535/2
f 320/1340/2 319/2780/2 245/376/2
f 50/3536/2 505/3535/2 320/1340/2
f 11/3538/2 13/264/2 12/3539/2
f 12/3539/2 50/3536/2 320/1340/2
f 245/376/2 244/2730/2 219/292/2
f 59/1474/2 11/3538/2 12/3539/2
f 287/2926/2 59/1474/2 12/3539/2
f 219/292/2 218/294/2 189/1257/2
f 189/1257/2 188/340/2 152/2756/2
f 152/2756/2 195/187/2 194/230/2
f 194/230/2 225/238/2 224/2928/2
f 224/2928/2 247/534/2 283/2927/2
f 287/2926/2 12/3539/2 320/1340/2
f 194/230/2 224/2928/2 283/2927/2
f 283/2927/2 287/2926/2 320/1340/2
f 245/376/2 219/292/2 189/1257/2
f 283/2927/2 320/1340/2 245/376/2
f 189/1257/2 152/2756/2 194/230/2
f 194/230/2 283/2927/2 245/376/2
f 919/1258/1 918/3315/1 899/988/1
f 917/1259/1 937/1025/1 938/1024/1
f 919/1258/1 899/988/1 917/1259/1
f 1280/1260/6 1281/3540/6 1276/1261/6
f 2055/3541/1 2035/917/1 2034/3270/1
f 2055/3541/1 2034/3270/1 2045/3542/1
f 2126/1036/1 2125/1038/1 2079/1264/1
f 2079/1264/1 2055/3541/1 2045/3542/1
f 2079/1264/1 2045/3542/1 2064/1262/1
f 2080/1263/1 2126/1036/1 2079/1264/1
f 100/514/1 10/108/1 5/106/1
f 100/514/1 5/106/1 58/199/1
f 82/199/1 81/199/1 100/514/1
f 234/1265/1 272/3543/1 276/1266/1
f 1310/3544/2 1309/1305/2 1308/3545/2
f 1310/3544/2 1308/3545/2 1291/3546/2
f 1275/3547/2 1311/3548/2 1310/3544/2
f 1272/1214/2 1278/3549/2 1275/3547/2
f 1190/3550/2 1191/1213/2 1271/1212/2
f 1271/1212/2 1272/1214/2 1275/3547/2
f 1275/3547/2 1310/3544/2 1291/3546/2
f 1271/1212/2 1275/3547/2 1291/3546/2
f 1204/1206/2 1190/3550/2 1271/1212/2
f 1203/3513/2 1204/1206/2 1271/1212/2
f 1271/1212/2 1291/3546/2 1289/3295/2
f 1287/3294/2 1305/3296/2 1284/3293/2
f 1271/1212/2 1289/3295/2 1287/3294/2
f 1386/533/2 1385/2924/2 1216/1221/2
f 1361/3551/2 1363/1279/2 1386/533/2
f 1264/3289/2 1317/961/2 1341/3552/2
f 1361/3551/2 1386/533/2 1216/1221/2
f 1264/3289/1 1341/3552/1 1361/3551/1
f 1264/3289/2 1361/3551/2 1216/1221/2
f 1256/1253/2 1264/3289/2 1216/1221/2
f 1258/1251/2 1256/1253/2 1216/1221/2
f 1258/1251/2 1216/1221/2 1202/1207/2
f 1284/3293/2 1267/3291/2 1268/1267/2
f 1258/1251/2 1202/1207/2 1203/3513/2
f 1287/3294/2 1284/3293/2 1268/1267/2
f 1258/1251/2 1203/3513/2 1271/1212/2
f 1271/1212/2 1287/3294/2 1268/1267/2
f 1301/1268/5 1302/3553/5 1299/1269/5
f 211/1273/4 210/3554/4 180/1271/4
f 181/1272/4 182/1598/4 211/1273/4
f 1312/1274/3 1294/3555/3 1293/700/3
f 1295/1275/5 1296/3556/5 1298/1276/5
f 60/55/4 52/2562/4 94/816/4
f 420/2792/4 419/3557/4 18/1281/4
f 18/1281/4 19/2791/4 21/1282/4
f 48/1283/4 420/2792/4 18/1281/4
f 1809/1746/2 1832/1745/2 1831/3558/2
f 1831/3558/2 1773/1969/2 1774/1284/2
f 1774/1284/2 1752/1582/2 1729/1581/2
f 1729/1581/2 1732/2580/2 1733/1285/2
f 1733/1285/2 1734/2581/2 1776/1594/2
f 1775/1286/2 1809/1746/2 1831/3558/2
f 1733/1285/2 1776/1594/2 1775/1286/2
f 1774/1284/2 1729/1581/2 1733/1285/2
f 1775/1286/2 1831/3558/2 1774/1284/2
f 1649/1289/1 1648/3559/1 1671/1287/1
f 1671/1287/1 1692/880/1 1674/1288/1
f 1690/1292/1 1638/3560/1 1637/1290/1
f 1637/1290/1 1619/1806/1 1639/1291/1
f 1639/1291/1 1689/3561/1 1690/1292/1
f 1699/1996/4 1570/609/4 1573/2983/4
f 1573/2983/4 1298/1898/4 1296/3562/4
f 1573/2983/4 1296/3562/4 1315/1317/4
f 1641/1525/4 1700/3563/4 1699/1996/4
f 1613/3564/4 1614/1523/4 1606/1295/4
f 1606/1295/4 1641/1525/4 1699/1996/4
f 1573/2983/4 1315/1317/4 1358/1293/4
f 1606/1295/4 1699/1996/4 1573/2983/4
f 1379/1294/4 1613/3564/4 1606/1295/4
f 1362/3565/4 1381/3566/4 1379/1294/4
f 1606/1295/4 1573/2983/4 1358/1293/4
f 1358/1293/4 1362/3565/4 1379/1294/4
f 1313/1296/5 1314/3567/5 1316/1297/5
f 337/753/1 466/2962/1 467/1299/1
f 1299/1301/4 1302/3568/4 1338/1302/4
f 1319/1304/2 1329/3569/2 1309/1305/2
f 1360/1075/2 1382/2924/2 1381/1307/2
f 1322/1309/3 1336/3570/3 1321/1310/3
f 2013/3571/2 2041/3572/2 2075/1860/2
f 2075/1860/2 2116/579/2 2115/578/2
f 2173/2955/2 2158/580/2 2174/3573/2
f 2173/2955/2 2174/3573/2 2188/3574/2
f 2188/3574/2 2208/3575/2 2086/1833/2
f 2086/1833/2 2087/3576/2 2088/3577/2
f 2088/3577/2 2073/3578/2 2074/2297/2
f 2074/2297/2 2089/3579/2 2091/3580/2
f 2092/3581/2 2054/2296/2 2040/2232/2
f 2074/2297/1 2091/3580/1 2092/3581/1
f 2088/3577/2 2074/2297/2 2092/3581/2
f 2115/578/2 2173/2955/2 2188/3574/2
f 1998/1254/2 1999/1256/2 2013/3571/2
f 1967/1255/2 1997/3527/2 1996/3582/2
f 1996/3582/2 1998/1254/2 2013/3571/2
f 2115/578/2 2188/3574/2 2086/1833/2
f 2115/578/2 2086/1833/2 2088/3577/2
f 1996/3582/2 2013/3571/2 2075/1860/2
f 1960/1508/2 1967/1255/2 1996/3582/2
f 1956/1713/2 1960/1508/2 1996/3582/2
f 2075/1860/2 2115/578/2 2088/3577/2
f 2075/1860/2 2088/3577/2 2092/3581/2
f 1955/1714/2 1956/1713/2 1996/3582/2
f 2075/1860/2 2092/3581/2 2040/2232/2
f 1996/3582/2 2075/1860/2 2040/2232/2
f 1955/1714/2 1996/3582/2 2040/2232/2
f 1955/1714/2 2040/2232/2 2005/2231/2
f 1955/1714/2 2005/2231/2 2019/3583/2
f 2019/3583/2 2038/3584/2 2004/3585/2
f 2004/3585/2 2051/2298/2 2050/1832/2
f 1859/2876/2 1866/475/2 1865/3586/2
f 1865/3586/2 1875/2874/2 1888/474/2
f 1902/2873/2 1908/1693/2 1917/1313/2
f 1865/3586/2 1888/474/2 1902/2873/2
f 1864/1312/2 1859/2876/2 1865/3586/2
f 2004/3585/2 2050/1832/2 1864/1312/2
f 1955/1714/2 2019/3583/2 2004/3585/2
f 1955/1714/2 2004/3585/2 1864/1312/2
f 1864/1312/2 1865/3586/2 1902/2873/2
f 1864/1312/2 1902/2873/2 1917/1313/2
f 1941/1314/2 1955/1714/2 1864/1312/2
f 1314/1315/4 1340/3587/4 1339/1316/4
f 1353/36/1 1331/348/1 1274/347/1
f 1274/347/1 1273/2768/1 1269/2547/1
f 1277/1320/1 1290/2546/1 1353/36/1
f 1274/347/1 1269/2547/1 1277/1320/1
f 1492/1322/1 1491/3588/1 1323/3589/1
f 1254/1321/1 1251/3510/1 1250/1202/1
f 1492/1322/1 1323/3589/1 1254/1321/1
f 1250/1202/6 1252/3590/6 1492/1322/6
f 1338/1302/4 1352/3591/4 1351/1323/4
f 1355/1325/6 1356/3592/6 1346/1326/6
f 1312/1328/6 1462/3593/6 1440/1329/6
f 1359/824/3 1360/3594/3 1362/1331/3
f 749/1332/5 747/712/5 748/711/5
f 1280/111/1 1238/110/1 1141/1334/1
f 1141/1334/1 1116/1170/1 1239/3595/1
f 1279/1335/1 1460/3596/1 1461/1336/1
f 1141/1334/1 1239/3595/1 1279/1335/1
f 1461/1336/1 1280/111/1 1141/1334/1
f 595/695/2 591/3349/2 456/2940/2
f 452/2939/2 335/2938/2 338/1340/2
f 595/695/2 456/2940/2 452/2939/2
f 631/3528/2 627/3070/2 595/695/2
f 338/1340/2 506/3535/2 504/1341/2
f 504/1341/2 631/3528/2 595/695/2
f 595/695/2 452/2939/2 338/1340/2
f 1381/1031/5 1382/1420/5 1380/1342/5
f 932/1346/1 936/3597/1 868/2727/1
f 868/2727/1 867/288/1 882/1344/1
f 882/1344/1 914/3598/1 915/1345/1
f 915/1345/1 929/3599/1 932/1346/1
f 932/1346/1 868/2727/1 882/1344/1
f 210/1347/1 212/291/1 186/1348/1
f 1391/1350/3 1373/3600/3 1370/83/3
f 1378/1093/6 1394/3374/6 1393/1351/6
f 1377/1353/3 1393/3601/3 1375/1354/3
f 2831/1356/2 2829/2293/2 2847/4/2
f 2847/4/2 2869/1165/2 2861/1357/2
f 612/1358/2 617/1390/2 671/1359/2
f 671/1359/2 668/3602/2 611/1360/2
f 2103/1361/6 2100/1839/6 2109/1362/6
f 1405/283/5 1408/3603/5 1407/1364/5
f 329/1367/5 323/3604/5 324/1365/5
f 325/1366/5 330/3605/5 329/1367/5
f 703/1368/2 779/2191/2 778/3606/2
f 778/3606/2 701/1660/2 676/1369/2
f 676/1369/2 681/3607/2 704/1370/2
f 703/1368/2 778/3606/2 676/1369/2
f 1462/3593/6 1558/3608/6 1490/1371/6
f 1490/1371/6 1245/3497/6 1246/1605/6
f 1490/1371/6 1246/1605/6 1294/1330/6
f 1440/1329/6 1462/3593/6 1490/1371/6
f 651/199/1 675/106/1 676/199/1
f 651/199/1 676/199/1 681/514/1
f 581/106/1 609/199/1 614/514/1
f 614/514/1 651/199/1 681/514/1
f 704/199/1 703/106/1 779/199/1
f 780/514/1 800/199/1 801/514/1
f 801/514/1 758/108/1 754/106/1
f 720/108/1 725/514/1 705/108/1
f 780/514/1 801/514/1 754/106/1
f 779/199/1 780/514/1 754/106/1
f 779/199/1 754/106/1 720/108/1
f 705/108/1 710/514/1 684/108/1
f 704/199/1 779/199/1 720/108/1
f 720/108/1 705/108/1 684/108/1
f 684/108/1 688/514/1 583/108/1
f 583/108/1 581/106/1 614/514/1
f 583/108/1 614/514/1 681/514/1
f 720/108/1 684/108/1 583/108/1
f 583/108/1 681/514/1 704/199/1
f 1407/1372/2 1427/729/2 1424/1373/2
f 1489/1374/1 1484/1336/1 1452/3596/1
f 1489/1374/1 1452/3596/1 1476/1379/1
f 1724/3609/1 1735/3610/1 1489/1374/1
f 1684/3611/1 1724/3609/1 1489/1374/1
f 1489/1374/1 1476/1379/1 1475/1961/1
f 1489/1374/1 1475/1961/1 1526/3612/1
f 1654/1375/1 1684/3611/1 1489/1374/1
f 1567/559/1 1631/3613/1 1654/1375/1
f 1489/1374/1 1526/3612/1 1567/559/1
f 356/1376/2 385/3614/2 384/1377/2
f 1533/3615/1 1537/3616/1 1511/565/1
f 1533/3615/1 1511/565/1 1512/564/1
f 1560/951/1 1539/1962/1 1533/3615/1
f 1519/1454/1 1547/952/1 1549/3284/1
f 1549/3284/1 1560/951/1 1533/3615/1
f 1549/3284/1 1533/3615/1 1512/564/1
f 1520/3617/1 1519/1454/1 1549/3284/1
f 1444/3618/1 1456/3619/1 1520/3617/1
f 1414/3620/1 1455/3621/1 1444/3618/1
f 1417/3622/1 1415/3623/1 1414/3620/1
f 1364/3624/1 1387/3625/1 1400/3626/1
f 1417/3622/1 1414/3620/1 1444/3618/1
f 1364/3624/1 1400/3626/1 1417/3622/1
f 1401/2761/1 1389/345/1 1365/3627/1
f 1364/3624/1 1417/3622/1 1444/3618/1
f 1520/3617/1 1549/3284/1 1512/564/1
f 1401/2761/1 1365/3627/1 1364/3624/1
f 1404/2762/1 1418/346/1 1416/3628/1
f 1401/2761/1 1364/3624/1 1444/3618/1
f 1416/3628/1 1401/2761/1 1444/3618/1
f 1444/3618/1 1520/3617/1 1512/564/1
f 1444/3618/1 1512/564/1 1430/2943/1
f 1404/2762/1 1416/3628/1 1444/3618/1
f 1404/2762/1 1444/3618/1 1430/2943/1
f 1433/3629/1 1391/3023/1 1371/3028/1
f 1433/3629/1 1371/3028/1 1368/2769/1
f 1404/2762/1 1430/2943/1 1471/563/1
f 1431/2772/1 1404/2762/1 1471/563/1
f 1472/1379/1 1433/3629/1 1368/2769/1
f 1472/1379/1 1368/2769/1 1432/349/1
f 1446/1381/1 1431/2772/1 1471/563/1
f 1448/2771/1 1449/2770/1 1446/1381/1
f 1472/1379/1 1432/349/1 1447/1380/1
f 1447/1380/1 1448/2771/1 1446/1381/1
f 1446/1381/1 1471/563/1 1472/1379/1
f 596/108/6 502/3630/6 501/1383/6
f 501/1383/6 628/199/6 629/514/6
f 1427/1159/3 1438/944/3 1425/1384/3
f 1442/544/1 1441/2930/1 1395/1386/1
f 181/1388/5 180/3631/5 177/128/5
f 177/128/5 178/3632/5 182/1389/5
f 617/1390/2 618/3633/2 678/1391/2
f 1199/1222/2 969/3634/2 961/1033/2
f 962/3335/2 963/1032/2 926/3635/2
f 1189/1208/2 1201/1220/2 1199/1222/2
f 1149/3636/2 1177/3637/2 1176/3638/2
f 1176/3638/2 1189/1208/2 1199/1222/2
f 926/3635/2 927/3639/2 928/3640/2
f 926/3635/2 928/3640/2 930/3641/2
f 962/3335/2 926/3635/2 930/3641/2
f 894/995/2 883/3642/2 884/3643/2
f 930/3641/2 894/995/2 884/3643/2
f 930/3641/2 884/3643/2 895/1013/2
f 930/3641/2 895/1013/2 931/3365/2
f 931/3365/2 965/1082/2 995/3363/2
f 931/3365/2 995/3363/2 981/3644/2
f 962/3335/2 930/3641/2 931/3365/2
f 1149/3636/2 1176/3638/2 1199/1222/2
f 1139/3215/2 1140/3213/2 1149/3636/2
f 1112/2812/2 1113/2811/2 1129/2398/2
f 1129/2398/2 1139/3215/2 1149/3636/2
f 962/3335/2 931/3365/2 981/3644/2
f 961/1033/2 962/3335/2 981/3644/2
f 1129/2398/2 1149/3636/2 1199/1222/2
f 1128/3645/2 1112/2812/2 1129/2398/2
f 1145/2814/2 1127/2813/2 1128/3645/2
f 1055/1108/2 1090/2815/2 1145/2814/2
f 1060/2819/2 1059/2818/2 1042/1393/2
f 1031/393/2 1060/2819/2 1042/1393/2
f 1019/3361/2 1020/3364/2 1032/2821/2
f 1019/3361/2 1032/2821/2 1031/393/2
f 1015/1392/2 1019/3361/2 1031/393/2
f 1015/1392/2 1031/393/2 1042/1393/2
f 1145/2814/2 1128/3645/2 1129/2398/2
f 1199/1222/2 961/1033/2 981/3644/2
f 1199/1222/2 981/3644/2 992/3362/2
f 1145/2814/2 1129/2398/2 1199/1222/2
f 1055/1108/2 1145/2814/2 1199/1222/2
f 1199/1222/2 992/3362/2 1015/1392/2
f 1042/1393/2 1055/1108/2 1199/1222/2
f 1297/1898/4 1324/608/4 1337/1394/4
f 1357/2982/4 1493/3646/4 1492/1395/4
f 1212/1896/4 1297/1898/4 1337/1394/4
f 1337/1394/4 1357/2982/4 1492/1395/4
f 1492/1395/4 1252/3235/4 1253/3234/4
f 1261/1396/4 1209/2083/4 1212/1896/4
f 1492/1395/4 1253/3234/4 1261/1396/4
f 1261/1396/4 1212/1896/4 1337/1394/4
f 1443/1397/5 1465/1548/5 1441/1398/5
f 2418/3318/1 2429/2119/1 2428/1400/1
f 2428/1400/1 2406/2317/1 2382/3647/1
f 2382/3647/1 2383/3648/1 2381/1401/1
f 2381/1401/1 2359/3649/1 2344/1402/1
f 2344/1402/1 2418/3318/1 2428/1400/1
f 2428/1400/1 2382/3647/1 2381/1401/1
f 1474/1403/1 1473/1961/1 1472/1379/1
f 564/2209/2 583/3349/2 581/1358/2
f 581/1358/2 580/1360/2 579/1404/2
f 563/1405/2 564/2209/2 581/1358/2
f 709/1406/6 708/3650/6 727/3651/6
f 728/1407/6 741/3652/6 742/1408/6
f 709/1406/6 727/3651/6 728/1407/6
f 742/1408/6 710/263/6 709/1406/6
f 1484/1409/3 1461/3653/3 1460/1410/3
f 741/1412/3 760/715/3 744/1413/3
f 744/1413/3 746/679/3 742/1414/3
f 1493/1415/5 1494/1469/5 1491/1416/5
f 1499/1418/5 1500/1512/5 1502/1419/5
f 729/1421/3 730/2002/3 745/1422/3
f 662/1424/2 663/3052/2 719/1425/2
f 1506/1427/6 1507/1437/6 1508/1428/6
f 1484/1430/6 1489/3654/6 1485/1431/6
f 561/1435/1 576/3655/1 578/3034/1
f 577/1433/1 582/640/1 562/1434/1
f 561/1435/1 578/3034/1 577/1433/1
f 1521/1436/6 1522/1443/6 1523/1437/6
f 1510/1438/3 1523/1445/3 1507/769/3
f 29/3656/6 30/3657/6 31/3658/6
f 31/3658/6 27/3515/6 28/3659/6
f 29/3656/6 31/3658/6 28/3659/6
f 839/3660/6 853/977/6 855/976/6
f 835/3661/6 839/3660/6 855/976/6
f 855/976/6 29/3656/6 28/3659/6
f 855/976/6 28/3659/6 361/469/6
f 815/3662/6 835/3661/6 855/976/6
f 796/3663/6 814/3664/6 815/3662/6
f 795/3665/6 796/3663/6 815/3662/6
f 855/976/6 361/469/6 395/3666/6
f 855/976/6 395/3666/6 463/569/6
f 795/3665/6 815/3662/6 855/976/6
f 737/3667/6 772/3668/6 773/3669/6
f 773/3669/6 795/3665/6 855/976/6
f 855/976/6 463/569/6 494/633/6
f 855/976/6 494/633/6 524/3670/6
f 736/3671/6 737/3667/6 773/3669/6
f 855/976/6 524/3670/6 542/2795/6
f 855/976/6 542/2795/6 554/2794/6
f 736/3671/6 773/3669/6 855/976/6
f 662/3672/6 717/3673/6 718/1441/6
f 718/1441/6 736/3671/6 855/976/6
f 855/976/6 554/2794/6 556/3674/6
f 855/976/6 556/3674/6 603/3675/6
f 661/1440/6 662/3672/6 718/1441/6
f 855/976/6 603/3675/6 661/1440/6
f 1534/1442/6 1535/1451/6 1536/1443/6
f 1524/1444/3 1536/1453/3 1522/1445/3
f 1451/3676/2 1513/1467/2 1480/1466/2
f 1479/1446/2 1525/3677/2 1541/1465/2
f 1459/3678/2 1458/3679/2 1451/3676/2
f 1482/3680/2 1483/3681/2 1477/3682/2
f 1477/3682/2 1459/3678/2 1451/3676/2
f 1479/1446/2 1541/1465/2 1556/909/2
f 1554/908/2 1551/1784/2 1538/3683/2
f 1479/1446/2 1556/909/2 1554/908/2
f 1481/3684/2 1482/3680/2 1477/3682/2
f 1506/3685/2 1468/3686/2 1478/2282/2
f 1481/3684/2 1477/3682/2 1451/3676/2
f 1506/3685/2 1478/2282/2 1481/3684/2
f 1521/1459/2 1510/3687/2 1509/1448/2
f 1509/1448/2 1506/3685/2 1481/3684/2
f 1481/3684/2 1451/3676/2 1480/1466/2
f 1479/1446/2 1554/908/2 1538/3683/2
f 1481/3684/2 1480/1466/2 1479/1446/2
f 1524/1447/2 1521/1459/2 1509/1448/2
f 1538/3683/2 1534/3688/2 1524/1447/2
f 1509/1448/2 1481/3684/2 1479/1446/2
f 1479/1446/2 1538/3683/2 1524/1447/2
f 1528/1449/3 1542/1592/3 1516/1353/3
f 1551/1450/6 1552/1462/6 1553/1451/6
f 1538/1452/3 1553/1464/3 1535/1453/3
f 1628/3689/1 1585/3690/1 1583/3691/1
f 1628/3689/1 1583/3691/1 1607/3692/1
f 1652/1375/1 1630/3613/1 1628/3689/1
f 1649/1289/1 1652/1375/1 1628/3689/1
f 1649/1289/1 1628/3689/1 1607/3692/1
f 1672/3256/1 1671/1287/1 1648/3559/1
f 1648/3559/1 1649/1289/1 1607/3692/1
f 1559/3693/1 1547/952/1 1519/1454/1
f 1607/3692/2 1559/3693/2 1519/1454/2
f 1520/3617/1 1456/3619/1 1469/3694/1
f 1469/3694/1 1455/3621/1 1414/3620/1
f 1414/3620/1 1415/3623/1 1400/3626/1
f 1414/3620/1 1400/3626/1 1387/3625/1
f 1519/1454/1 1520/3617/1 1469/3694/1
f 1519/1454/1 1469/3694/1 1414/3620/1
f 1365/3627/1 1367/2760/1 1331/348/1
f 1365/3627/1 1331/348/1 1354/2555/1
f 1364/3624/1 1365/3627/1 1354/2555/1
f 1351/2554/1 1396/1387/1 1395/1386/1
f 1383/1455/1 1441/2930/1 1669/480/1
f 1351/2554/1 1395/1386/1 1383/1455/1
f 1364/3624/1 1354/2555/1 1351/2554/1
f 1387/3625/1 1364/3624/1 1351/2554/1
f 1383/1455/1 1669/480/1 1668/3257/1
f 1387/3625/1 1351/2554/1 1383/1455/1
f 1414/3620/1 1387/3625/1 1383/1455/1
f 1383/1455/1 1668/3257/1 1645/1456/1
f 1645/1456/1 1672/3256/1 1648/3559/1
f 1645/1456/1 1648/3559/1 1607/3692/1
f 1519/1454/1 1414/3620/1 1383/1455/1
f 1645/1456/1 1607/3692/1 1519/1454/1
f 1947/3695/1 1946/1933/1 1928/3696/1
f 1929/893/1 2062/3697/1 2063/1862/1
f 1947/3695/1 1928/3696/1 1929/893/1
f 1981/3698/1 1947/3695/1 1929/893/1
f 1929/893/1 2063/1862/1 2029/1457/1
f 2009/1458/1 1981/3698/1 1929/893/1
f 1580/3699/2 1548/724/2 1504/726/2
f 1504/726/2 1508/3686/2 1507/3685/2
f 1507/3685/2 1523/3687/2 1522/1459/2
f 1522/1459/2 1536/1447/2 1535/3688/2
f 1535/3688/2 1553/3683/2 1552/1784/2
f 1550/1460/2 1580/3699/2 1504/726/2
f 1535/3688/2 1552/1784/2 1550/1460/2
f 1504/726/2 1507/3685/2 1522/1459/2
f 1522/1459/2 1535/3688/2 1550/1460/2
f 1562/1461/6 1563/2170/6 1564/1462/6
f 1554/1463/3 1564/1477/3 1552/1464/3
f 1541/1465/2 1525/3677/2 1480/1466/2
f 1572/1468/5 1573/1544/5 1570/1469/5
f 1744/3700/2 1743/1794/2 1497/1470/2
f 1497/1470/2 1501/532/2 1502/2925/2
f 1498/1471/2 1531/3701/2 1577/1472/2
f 1497/1470/2 1502/2925/2 1498/1471/2
f 1577/1472/2 1744/3700/2 1497/1470/2
f 80/1475/2 4/3702/2 6/3538/2
f 80/1475/2 6/3538/2 5/1473/2
f 58/1474/2 81/536/2 80/1475/2
f 1565/1476/3 1586/1504/3 1563/1477/3
f 1528/1478/6 1490/1371/6 1558/3608/6
f 1590/1479/6 1603/3703/6 1569/1480/6
f 1528/1478/6 1558/3608/6 1590/1479/6
f 1687/1550/6 1658/1822/6 1635/1481/6
f 1635/1481/6 1438/3704/6 1427/3372/6
f 1635/1481/6 1427/3372/6 1516/3371/6
f 1685/1483/6 1687/1550/6 1635/1481/6
f 1635/1481/6 1516/3371/6 1634/1482/6
f 1587/1484/1 1600/1517/1 1599/1485/1
f 1600/1487/6 1602/3705/6 1590/1479/6
f 1599/1489/3 1590/1555/3 1588/11/3
f 1591/1416/5 1592/1586/5 1604/1491/5
f 640/810/6 669/199/6 670/514/6
f 1660/1545/1 1592/3426/1 1591/1495/1
f 1591/1495/1 1737/3706/1 1736/1871/1
f 1591/1495/1 1736/1871/1 1726/1496/1
f 1698/1494/1 1660/1545/1 1591/1495/1
f 1610/1497/2 1609/1521/2 1608/1498/2
f 284/1502/4 286/3707/4 7/1500/4
f 7/1500/4 2/2705/4 3/1501/4
f 1598/1503/3 1612/1627/3 1596/1504/3
f 1601/1505/5 1602/3708/5 1600/1506/5
f 582/108/6 585/106/6 653/199/6
f 1943/3709/2 1893/1614/2 1913/1509/2
f 1913/1509/2 2027/3572/2 2012/3571/2
f 1913/1509/2 2012/3571/2 1979/3710/2
f 1959/1508/2 1943/3709/2 1913/1509/2
f 1913/1509/2 1979/3710/2 1966/1255/2
f 613/199/2 670/514/2 666/108/2
f 1608/1510/5 1609/1648/5 1615/1511/5
f 489/1513/4 492/3711/4 530/1514/4
f 1617/1516/1 1618/1806/1 1602/1517/1
f 1623/1518/5 1624/3712/5 1621/1519/5
f 1614/1523/4 1613/3564/4 1661/1524/4
f 1636/236/3 1618/3713/3 1617/327/3
f 1764/3714/6 1542/3371/6 1528/1478/6
f 1569/1480/6 1603/3703/6 1602/3705/6
f 1764/3714/6 1528/1478/6 1569/1480/6
f 1895/2946/6 1781/3715/6 1764/3714/6
f 2027/2953/6 1913/2947/6 1895/2946/6
f 2075/3716/6 2041/2954/6 2027/2953/6
f 2221/3717/6 2222/3718/6 2159/3719/6
f 2159/3719/6 2075/3716/6 2027/2953/6
f 2159/3719/9 2027/2953/9 1895/2946/9
f 2190/3720/6 2221/3717/6 2159/3719/6
f 2118/3721/6 2190/3720/6 2159/3719/6
f 2108/3722/6 2118/3721/6 2159/3719/6
f 2099/1363/6 2108/3722/6 2159/3719/6
f 2094/3723/6 2099/1363/6 2159/3719/6
f 1968/3724/6 2093/3725/6 2094/3723/6
f 1860/2973/6 1962/3726/6 1968/3724/6
f 1820/3727/6 1860/2973/6 1968/3724/6
f 1968/3724/6 2094/3723/6 2159/3719/6
f 1968/3724/6 2159/3719/6 1895/2946/6
f 1801/3728/6 1820/3727/6 1968/3724/6
f 1803/850/6 1819/3225/6 1801/3728/6
f 1620/3222/6 1803/850/6 1801/3728/6
f 1801/3728/6 1968/3724/6 1895/2946/6
f 1801/3728/6 1895/2946/6 1764/3714/6
f 1620/3222/6 1801/3728/6 1764/3714/6
f 1569/1480/6 1602/3705/6 1618/3729/6
f 1618/3729/6 1636/3730/6 1780/3731/6
f 1780/3731/6 1788/3732/6 1795/1618/6
f 1795/1618/6 1797/1617/6 1789/3733/6
f 1800/3734/6 1845/1616/6 2008/3735/6
f 1780/3731/6 1795/1618/6 1789/3733/6
f 1618/3729/6 1780/3731/6 1789/3733/6
f 1620/3222/6 1764/3714/6 1569/1480/6
f 1619/3223/6 1620/3222/6 1569/1480/6
f 1618/3729/6 1789/3733/6 1800/3734/6
f 2008/3735/6 2014/3736/6 2024/3737/6
f 1618/3729/6 1800/3734/6 2008/3735/6
f 1619/3223/6 1569/1480/6 1618/3729/6
f 1688/1529/6 1689/3227/6 1639/3224/6
f 1639/3224/6 1619/3223/6 1618/3729/6
f 2008/3735/6 2024/3737/6 2136/2966/6
f 1688/1529/6 1639/3224/6 1618/3729/6
f 2136/2966/6 2137/2965/6 2107/3738/6
f 2025/2964/6 2026/1702/6 1922/3739/6
f 2136/2966/6 2107/3738/6 2025/2964/6
f 2008/3735/6 2136/2966/6 2025/2964/6
f 2025/2964/6 1922/3739/6 1912/849/6
f 1851/1527/6 1852/3228/6 1798/1798/6
f 2025/2964/6 1912/849/6 1851/1527/6
f 1851/1527/6 1798/1798/6 1790/3740/6
f 2008/3735/6 2025/2964/6 1851/1527/6
f 1851/1527/6 1790/3740/6 1763/3741/6
f 1618/3729/10 2008/3735/10 1851/1527/10
f 1688/1529/6 1618/3729/6 1851/1527/6
f 1851/1527/6 1763/3741/6 1716/1528/6
f 53/1530/1 60/51/1 93/888/1
f 1637/1532/3 1640/1631/3 1620/1449/3
f 1644/1534/1 1643/1546/1 1624/1535/1
f 231/1538/1 234/1265/1 210/1347/1
f 208/1536/1 177/209/1 172/1537/1
f 231/1538/1 210/1347/1 208/1536/1
f 1635/1539/3 1658/1626/3 1633/1503/3
f 1452/1430/6 1434/3410/6 1433/3409/6
f 1452/1430/6 1433/3409/6 1472/3742/6
f 1476/3654/6 1452/1430/6 1472/3742/6
f 1476/3654/6 1472/3742/6 1473/3743/6
f 1475/3744/6 1476/3654/6 1473/3743/6
f 1475/3744/6 1473/3743/6 1566/3745/6
f 1526/3746/6 1475/3744/6 1566/3745/6
f 1526/3746/6 1566/3745/6 1597/3747/6
f 1567/3748/6 1526/3746/6 1597/3747/6
f 1567/3748/6 1597/3747/6 1630/3749/6
f 1631/3750/6 1567/3748/6 1630/3749/6
f 1653/1540/6 1723/3751/6 1724/3752/6
f 1631/3750/6 1630/3749/6 1653/1540/6
f 1655/1542/6 1631/3750/6 1653/1540/6
f 1653/1540/6 1724/3752/6 1684/1541/6
f 1661/1343/5 1662/1342/5 1642/1543/5
f 1665/1545/1 1664/480/1 1646/1546/1
f 1646/1547/3 1643/3753/3 1644/233/3
f 1666/1491/5 1667/1622/5 1664/1548/5
f 1647/199/2 1670/514/2 1664/108/2
f 1659/1549/6 1696/3754/6 1687/1550/6
f 2690/1553/2 2689/3755/2 2601/1551/2
f 2601/1551/2 2602/3756/2 2605/1552/2
f 1697/1554/3 1690/1532/3 1689/1533/3
f 1708/1556/1 1707/3757/1 1695/1557/1
f 1683/1561/2 1712/1640/2 1711/1562/2
f 1769/1969/2 1768/3758/2 1611/1498/2
f 1611/1498/2 1615/1521/2 1702/1564/2
f 1718/77/2 1769/1969/2 1611/1498/2
f 1719/77/2 1673/3015/2 1703/1565/2
f 741/1566/1 728/3391/1 724/1132/1
f 724/1132/1 757/2217/1 759/1567/1
f 2622/1570/2 2699/2292/2 2695/1571/2
f 1435/2917/2 1425/1373/2 1438/729/2
f 1438/729/2 1635/3759/2 1632/3760/2
f 1438/729/2 1632/3760/2 1557/3761/2
f 1450/3676/2 1435/2917/2 1438/729/2
f 1488/3762/2 1450/3676/2 1438/729/2
f 1438/729/2 1557/3761/2 1540/1465/2
f 1527/1573/2 1488/3762/2 1438/729/2
f 1676/1574/1 1679/3763/1 1653/1575/1
f 1743/1420/5 1744/1419/5 1742/1576/5
f 1858/3764/1 1839/3765/1 1836/3766/1
f 1807/3767/1 1808/3194/1 1757/821/1
f 1858/3764/1 1836/3766/1 1807/3767/1
f 1840/1858/1 1841/1883/1 1858/3764/1
f 1889/3768/1 1877/3769/1 1876/3770/1
f 1876/3770/1 1840/1858/1 1858/3764/1
f 1807/3767/1 1757/821/1 1756/1577/1
f 1876/3770/1 1858/3764/1 1807/3767/1
f 1850/3771/1 1889/3768/1 1876/3770/1
f 1782/1579/1 1791/2001/1 1850/3771/1
f 1745/3254/1 1772/1223/1 1782/1579/1
f 1720/878/1 1751/3255/1 1753/3772/1
f 1753/3772/1 1745/3254/1 1782/1579/1
f 1850/3771/1 1876/3770/1 1807/3767/1
f 1756/1577/1 1755/3773/1 1754/3774/1
f 1850/3771/1 1807/3767/1 1756/1577/1
f 1720/878/1 1753/3772/1 1782/1579/1
f 1782/1579/1 1850/3771/1 1756/1577/1
f 1756/1577/1 1754/3774/1 1731/1578/1
f 1731/1578/1 1720/878/1 1782/1579/1
f 1747/1548/5 1748/1681/5 1745/1580/5
f 1758/1583/3 1735/1601/3 1724/1584/3
f 1738/1469/5 1739/1621/5 1736/1586/5
f 490/1587/5 501/3091/5 502/746/5
f 491/1588/5 492/278/5 489/405/5
f 490/1587/5 502/746/5 491/1588/5
f 1768/1512/5 1769/1511/5 1771/1589/5
f 2623/1590/2 2611/3775/2 2624/2469/2
f 2624/2469/2 2585/2468/2 2616/3776/2
f 2616/3776/2 2641/3777/2 2645/2199/2
f 2645/2199/2 2664/2198/2 2660/1591/2
f 2660/1591/2 2710/2316/2 2709/2315/2
f 2718/3778/2 2739/3779/2 2738/3780/2
f 2709/2315/2 2718/3778/2 2738/3780/2
f 2606/1552/2 2580/3781/2 2604/3756/2
f 2709/2315/2 2738/3780/2 2606/1552/2
f 2660/1591/2 2709/2315/2 2606/1552/2
f 2606/1552/1 2604/3756/1 2603/1551/1
f 2603/1551/2 2521/2349/2 2522/3782/2
f 2523/3783/2 2582/2131/2 2581/3784/2
f 2603/1551/2 2522/3782/2 2523/3783/2
f 2660/1591/2 2606/1552/2 2603/1551/2
f 2624/2469/2 2616/3776/2 2645/2199/2
f 2607/3785/2 2608/3786/2 2623/1590/2
f 2623/1590/2 2624/2469/2 2645/2199/2
f 2603/1551/2 2523/3783/2 2581/3784/2
f 2603/1551/2 2581/3784/2 2607/3785/2
f 2623/1590/2 2645/2199/2 2660/1591/2
f 2603/1551/2 2607/3785/2 2623/1590/2
f 1764/1592/3 1781/1695/3 1762/1539/3
f 1776/1594/2 1777/1657/2 1786/1595/2
f 692/1597/3 693/3787/3 691/1598/3
f 1788/1599/3 1780/1489/3 1759/1600/3
f 2103/1604/2 2095/1909/2 2016/3277/2
f 2016/3277/2 2031/3276/2 2123/1602/2
f 2123/1602/2 2119/1866/2 2100/1603/2
f 2103/1604/2 2016/3277/2 2123/1602/2
f 1247/1605/6 1240/1235/6 1241/1606/6
f 1818/3788/6 1696/3754/6 1715/1559/6
f 1715/1559/6 1725/1560/6 1761/3714/6
f 1715/1559/6 1761/3714/6 1762/3715/6
f 1842/1609/6 1818/3788/6 1715/1559/6
f 1815/1637/6 1843/1636/6 1842/1609/6
f 1842/1609/6 1715/1559/6 1762/3715/6
f 1869/1608/6 1815/1637/6 1842/1609/6
f 1842/1609/6 1762/3715/6 1868/1607/6
f 1796/1610/5 1797/3789/5 1795/1611/5
f 1814/2867/2 1816/3790/2 1844/3791/2
f 1814/2867/2 1844/3791/2 1815/3792/2
f 1942/1694/2 1909/2868/2 1911/1615/2
f 1911/1615/2 1814/2867/2 1815/3792/2
f 1911/1615/2 1815/3792/2 1869/3793/2
f 1944/3709/2 1942/1694/2 1911/1615/2
f 1878/1614/2 1944/3709/2 1911/1615/2
f 1911/1615/2 1869/3793/2 1879/1613/2
f 1779/1616/6 1799/3734/6 1796/1617/6
f 1799/1619/1 1800/1652/1 1797/1055/1
f 1824/1544/5 1825/1543/5 1822/1621/5
f 1828/1586/5 1829/1733/5 1826/1622/5
f 2590/1738/6 2617/1737/6 2693/1623/6
f 2693/1623/6 2726/3794/6 2727/2318/6
f 2665/1625/6 2666/325/6 2621/3795/6
f 2621/3795/6 2619/2439/6 2620/3796/6
f 2618/3797/6 2590/1738/6 2693/1623/6
f 2621/3795/6 2620/3796/6 2618/3797/6
f 2665/1625/6 2621/3795/6 2618/3797/6
f 2693/1623/6 2727/2318/6 2728/1624/6
f 2665/1625/6 2618/3797/6 2693/1623/6
f 1818/1626/3 1844/1781/3 1816/1627/3
f 1845/1628/3 1800/3798/3 1799/1629/3
f 1804/1631/3 1846/1735/3 1819/1592/3
f 1829/1632/4 1847/3480/4 1849/1633/4
f 1844/1635/6 1818/3788/6 1843/1636/6
f 600/3118/1 765/1994/1 764/3799/1
f 793/3800/1 808/1993/1 942/3801/1
f 637/3119/1 600/3118/1 764/3799/1
f 646/772/1 637/3119/1 764/3799/1
f 493/409/1 571/411/1 572/1639/1
f 572/1639/1 646/772/1 764/3799/1
f 572/1639/1 764/3799/1 793/3800/1
f 459/2637/1 493/409/1 572/1639/1
f 407/3498/1 421/1193/1 459/2637/1
f 371/2635/1 370/1191/1 407/3498/1
f 390/2634/1 371/2635/1 407/3498/1
f 407/3498/1 459/2637/1 572/1639/1
f 942/3801/1 941/3802/1 859/3803/1
f 844/1638/1 716/3804/1 552/662/1
f 942/3801/1 859/3803/1 844/1638/1
f 406/3805/1 390/2634/1 407/3498/1
f 433/2631/1 408/2633/1 406/3805/1
f 447/3024/1 446/857/1 434/2632/1
f 433/2631/1 406/3805/1 407/3498/1
f 447/3024/1 434/2632/1 433/2631/1
f 537/661/1 538/663/1 444/3025/1
f 444/3025/1 447/3024/1 433/2631/1
f 433/2631/1 407/3498/1 572/1639/1
f 793/3800/1 942/3801/1 844/1638/1
f 844/1638/1 552/662/1 537/661/1
f 537/661/1 444/3025/1 433/2631/1
f 572/1639/1 793/3800/1 844/1638/1
f 537/661/1 433/2631/1 572/1639/1
f 1657/3806/2 1633/3760/2 1658/3759/2
f 1658/3759/2 1687/3807/2 1696/1641/2
f 1696/1641/2 1818/3791/2 1817/3790/2
f 1696/1641/2 1817/3790/2 1793/2865/2
f 1657/3806/2 1658/3759/2 1696/1641/2
f 1686/3808/2 1657/3806/2 1696/1641/2
f 1696/1641/2 1793/2865/2 1710/2864/2
f 1696/1641/2 1710/2864/2 1709/1640/2
f 1681/1561/2 1686/3808/2 1696/1641/2
f 2360/1642/2 2319/3809/2 2362/1643/2
f 2384/1644/2 2357/3810/2 2360/1642/2
f 2067/3452/4 2168/3451/4 2167/3443/4
f 2127/3442/4 2126/3441/4 2080/1808/4
f 2067/3452/4 2167/3443/4 2127/3442/4
f 2045/1646/4 2046/3479/4 2047/1647/4
f 2047/1647/4 2067/3452/4 2127/3442/4
f 2127/3442/4 2080/1808/4 2066/3811/4
f 2056/1645/4 2065/1807/4 2064/1809/4
f 2047/1647/4 2127/3442/4 2066/3811/4
f 2056/1645/4 2064/1809/4 2045/1646/4
f 2047/1647/4 2066/3811/4 2056/1645/4
f 1856/1648/5 1857/1787/5 1855/1649/5
f 720/1650/6 754/419/6 755/421/6
f 2007/3812/1 2008/3813/1 1845/1652/1
f 1845/1652/1 1779/1619/1 1881/1337/1
f 1845/1652/1 1881/1337/1 1910/1653/1
f 1921/1654/1 2007/3812/1 1845/1652/1
f 1835/2875/2 1859/2876/2 1864/1312/2
f 1857/3814/2 1856/3815/2 1831/3558/2
f 1835/2875/2 1864/1312/2 1857/3814/2
f 1838/2870/2 1837/2869/2 1811/1655/2
f 1857/3814/2 1831/3558/2 1832/1745/2
f 1832/1745/2 1833/1747/2 1834/1656/2
f 1809/1746/2 1775/1286/2 1785/1596/2
f 1857/3814/2 1832/1745/2 1834/1656/2
f 1834/1656/2 1809/1746/2 1785/1596/2
f 1784/3816/2 1786/1595/2 1777/1657/2
f 1834/1656/2 1785/1596/2 1784/3816/2
f 1835/2875/2 1857/3814/2 1834/1656/2
f 1792/2866/2 1838/2870/2 1811/1655/2
f 1811/1655/2 1835/2875/2 1834/1656/2
f 1834/1656/2 1784/3816/2 1777/1657/2
f 1777/1657/2 1792/2866/2 1811/1655/2
f 1861/1658/3 1853/1554/3 1852/1555/3
f 698/1659/2 667/3817/2 674/1369/2
f 1570/1143/1 1529/3818/1 1464/1661/1
f 1464/1661/1 1494/3588/1 1493/1322/1
f 1493/1322/6 1463/3819/6 1571/1662/6
f 1571/1662/1 1570/1143/1 1464/1661/1
f 710/1665/5 713/3820/5 712/1663/5
f 712/1663/5 708/3821/5 709/1664/5
f 1307/3822/2 1308/3545/2 1309/1305/2
f 1309/1305/2 1329/3569/2 1333/3823/2
f 1319/1304/2 1318/1306/2 1310/3544/2
f 1307/3822/2 1309/1305/2 1333/3823/2
f 1319/1304/2 1310/3544/2 1311/3548/2
f 1260/1666/2 1278/3549/2 1272/1214/2
f 1289/3295/2 1291/3546/2 1307/3822/2
f 1306/1319/2 1289/3295/2 1307/3822/2
f 1341/3552/2 1343/3292/2 1344/1318/2
f 1363/1279/2 1361/3551/2 1341/3552/2
f 1366/1827/2 1363/1279/2 1341/3552/2
f 1341/3552/2 1344/1318/2 1306/1319/2
f 1341/3552/2 1306/1319/2 1307/3822/2
f 1372/1828/2 1366/1827/2 1341/3552/2
f 1372/1828/2 1341/3552/2 1307/3822/2
f 1372/1828/2 1307/3822/2 1333/3823/2
f 1321/2915/2 1372/1828/2 1333/3823/2
f 1321/2915/2 1333/3823/2 1319/1304/2
f 1219/1667/2 1222/2184/2 1224/1668/2
f 1150/3824/2 1173/3825/2 1192/2185/2
f 1150/3824/2 1192/2185/2 1219/1667/2
f 1140/3213/2 1165/2183/2 1150/3824/2
f 1181/3826/2 1177/3637/2 1149/3636/2
f 1189/1208/2 1176/3638/2 1181/3826/2
f 1190/3550/2 1189/1208/2 1181/3826/2
f 1149/3636/2 1140/3213/2 1150/3824/2
f 1181/3826/2 1149/3636/2 1150/3824/2
f 1190/3550/2 1181/3826/2 1150/3824/2
f 1190/3550/2 1150/3824/2 1219/1667/2
f 1191/1213/2 1190/3550/2 1219/1667/2
f 1224/1668/2 1321/2915/2 1319/1304/2
f 1224/1668/2 1319/1304/2 1311/3548/2
f 1272/1214/2 1191/1213/2 1219/1667/2
f 1224/1668/2 1311/3548/2 1275/3547/2
f 1260/1666/2 1272/1214/2 1219/1667/2
f 1224/1668/2 1275/3547/2 1260/1666/2
f 1717/3827/1 1697/1292/1 1688/3561/1
f 1717/3827/1 1688/3561/1 1716/3828/1
f 1852/3260/1 1853/3259/1 1821/1670/1
f 1821/1670/1 1717/3827/1 1716/3828/1
f 1821/1670/1 1716/3828/1 1763/3829/1
f 1798/1652/1 1852/3260/1 1821/1670/1
f 1802/1055/1 1798/1652/1 1821/1670/1
f 1821/1670/1 1763/3829/1 1790/1669/1
f 2253/3472/2 2196/3467/2 2214/1157/2
f 2253/3472/2 2214/1157/2 2213/1671/2
f 2295/3830/2 2289/3831/2 2271/1173/2
f 2271/1173/2 2253/3472/2 2213/1671/2
f 2257/1672/2 2295/3830/2 2271/1173/2
f 837/342/1 846/1682/1 847/1673/1
f 1634/3759/2 1516/3080/2 1542/1675/2
f 1542/1675/2 1764/1948/2 1761/3832/2
f 1542/1675/2 1761/3832/2 1725/1676/2
f 1659/1641/2 1634/3759/2 1542/1675/2
f 1576/1677/4 1591/3833/4 1605/1678/4
f 1886/1342/5 1887/1576/5 1885/1680/5
f 1873/1622/5 1874/1771/5 1871/1681/5
f 845/1682/1 886/990/1 887/989/1
f 737/1683/2 738/3834/2 774/896/2
f 1896/1684/3 1897/1770/3 1870/1631/3
f 1186/1687/4 1185/3232/4 1153/1685/4
f 1153/1685/4 1154/3238/4 1168/1686/4
f 1992/1020/2 1854/3815/2 1855/3814/2
f 1992/1020/2 1855/3814/2 1939/1688/2
f 1953/1689/2 1993/3332/2 1992/1020/2
f 2848/1690/1 2714/2/1 2697/2521/1
f 2848/1690/1 2697/2521/1 2810/3835/1
f 2864/2479/1 2870/2483/1 2848/1690/1
f 2846/1692/1 2864/2479/1 2848/1690/1
f 2848/1690/1 2810/3835/1 2834/1691/1
f 1908/1693/2 1902/2873/2 1903/2872/2
f 1908/1693/2 1903/2872/2 1909/2868/2
f 1941/1314/2 1917/1313/2 1908/1693/2
f 1960/1508/2 1956/1713/2 1941/1314/2
f 1942/1694/2 1944/3709/2 1960/1508/2
f 1908/1693/2 1909/2868/2 1942/1694/2
f 1942/1694/2 1960/1508/2 1941/1314/2
f 1895/1695/3 1913/1780/3 1893/1626/3
f 2524/3836/1 2480/3837/1 2426/2117/1
f 2525/3317/1 2562/2693/1 2612/2330/1
f 2524/3836/1 2426/2117/1 2525/3317/1
f 2569/3838/1 2563/3839/1 2561/1698/1
f 2561/1698/1 2524/3836/1 2525/3317/1
f 2612/2330/1 2613/3840/1 2570/3841/1
f 2615/1696/1 2636/3842/1 2637/3843/1
f 2612/2330/2 2570/3841/2 2615/1696/2
f 2561/1698/1 2525/3317/1 2612/2330/1
f 2614/1697/1 2569/3838/1 2561/1698/1
f 2615/1696/1 2637/3843/1 2614/1697/1
f 2561/1698/1 2612/2330/1 2615/1696/1
f 1927/1699/6 1926/3430/6 1915/1700/6
f 1929/1701/6 1928/1708/6 1927/1699/6
f 1929/1701/6 1927/1699/6 1923/3739/6
f 2061/1703/6 2062/3844/6 1929/1701/6
f 1929/1701/6 1923/3739/6 2028/1702/6
f 1935/1419/5 1936/1589/5 1938/1704/5
f 2070/1707/2 2069/3845/2 1933/1705/2
f 1933/1705/2 1937/3846/2 1938/1970/2
f 1934/1706/2 2037/3847/2 2070/1707/2
f 1933/1705/2 1938/1970/2 1934/1706/2
f 1947/1701/6 1948/2976/6 1932/595/6
f 1951/1681/5 1952/1793/5 1949/1709/5
f 1148/3499/1 1161/1194/1 1160/1188/1
f 1151/3848/1 1163/1190/1 1162/1140/1
f 1148/3499/1 1160/1188/1 1151/3848/1
f 1136/2152/1 1147/2151/1 1148/3499/1
f 1111/3849/1 1136/2152/1 1148/3499/1
f 1111/3849/1 1148/3499/1 1151/3848/1
f 1158/3850/1 1110/3851/1 1102/1712/1
f 1102/1712/1 1111/3849/1 1151/3848/1
f 1162/1140/1 1105/3419/1 1104/1710/1
f 1104/1710/1 1100/1139/1 1089/1711/1
f 1188/3852/1 1179/3501/1 1178/1195/1
f 1188/3852/1 1178/1195/1 1158/3850/1
f 1151/3848/1 1162/1140/1 1104/1710/1
f 1188/3852/1 1158/3850/1 1102/1712/1
f 1102/1712/1 1151/3848/1 1104/1710/1
f 1089/1711/1 1188/3852/1 1102/1712/1
f 2353/1716/2 2352/3853/2 2241/683/2
f 2241/683/2 2242/682/2 2261/1715/2
f 1916/1719/1 1940/3854/1 1958/1717/1
f 1958/1717/1 1957/3855/1 1901/3856/1
f 1901/3856/1 1905/3857/1 1907/1718/1
f 1907/1718/1 1906/3858/1 1916/1719/1
f 1958/1717/1 1901/3856/1 1907/1718/1
f 2137/1722/1 2138/3859/1 2042/1720/1
f 2042/1720/1 2025/3261/1 2107/1721/1
f 312/3860/1 316/3861/1 242/1723/1
f 242/1723/1 236/2729/1 278/1724/1
f 278/1724/1 276/1266/1 299/3862/1
f 303/1725/1 312/3860/1 242/1723/1
f 278/1724/1 299/3862/1 303/1725/1
f 630/3863/6 631/2563/6 504/406/6
f 504/406/6 503/3864/6 527/3865/6
f 504/406/6 527/3865/6 567/1726/6
f 597/1727/6 630/3863/6 504/406/6
f 1926/1532/3 1924/199/3 1925/106/3
f 1928/108/3 1946/1836/3 1931/1684/3
f 1926/1532/3 1925/106/3 1928/108/3
f 2136/1722/1 2024/3261/1 2023/1776/1
f 2023/1776/1 2039/1775/1 2052/962/1
f 2052/962/1 2090/3866/1 2134/3867/1
f 2135/3868/1 2133/3869/1 2156/151/1
f 2052/962/1 2134/3867/1 2135/3868/1
f 2136/1722/1 2023/1776/1 2052/962/1
f 2191/1990/1 2160/3859/1 2136/1722/1
f 2172/2646/1 2209/2645/1 2189/1729/1
f 2189/1729/1 2191/1990/1 2136/1722/1
f 2136/1722/1 2052/962/1 2135/3868/1
f 2135/3868/1 2156/151/1 2157/1728/1
f 2157/1728/1 2172/2646/1 2189/1729/1
f 2136/1722/1 2135/3868/1 2157/1728/1
f 785/1730/2 807/3870/2 805/3871/2
f 805/3871/2 820/3872/2 818/3873/2
f 818/3873/2 779/2191/2 780/3874/2
f 818/3873/2 780/3874/2 800/3875/2
f 785/1730/2 805/3871/2 818/3873/2
f 748/3876/2 787/3877/2 785/1730/2
f 731/3343/2 750/3342/2 748/3876/2
f 691/3350/2 693/3345/2 714/3344/2
f 714/3344/2 731/3343/2 748/3876/2
f 818/3873/2 800/3875/2 801/3878/2
f 758/1731/2 754/2190/2 720/2189/2
f 785/1730/2 818/3873/2 801/3878/2
f 758/1731/2 720/2189/2 725/3879/2
f 785/1730/2 801/3878/2 758/1731/2
f 714/3344/2 748/3876/2 785/1730/2
f 730/3880/2 691/3350/2 714/3344/2
f 746/3881/2 745/3882/2 730/3880/2
f 705/3883/2 710/795/2 742/1732/2
f 746/3881/2 730/3880/2 714/3344/2
f 725/3879/2 705/3883/2 742/1732/2
f 746/3881/2 714/3344/2 785/1730/2
f 758/1731/2 725/3879/2 742/1732/2
f 742/1732/2 746/3881/2 785/1730/2
f 1972/1621/5 1973/1761/5 1970/1733/5
f 770/1734/4 811/3115/4 810/765/4
f 272/106/5 273/199/5 277/514/5
f 1963/1735/3 1980/1831/3 1968/1695/3
f 2549/1736/6 2571/3884/6 2587/1737/6
f 2000/1741/1 1984/3885/1 1973/1739/1
f 1973/1739/1 1972/1152/1 2001/1740/1
f 1973/1742/4 1984/3476/4 1988/1743/4
f 1974/199/3 1987/514/3 1973/108/3
f 2257/1966/6 2256/2519/6 2274/2160/6
f 2257/1966/6 2274/2160/6 2275/3886/6
f 2324/1749/6 2311/3887/6 2295/1750/6
f 2257/1966/6 2275/3886/6 2276/1748/6
f 2276/1748/6 2322/2048/6 2324/1749/6
f 2295/1750/6 2257/1966/6 2276/1748/6
f 1992/1511/5 1993/1649/5 1991/1751/5
f 2199/13/4 2204/737/4 2083/3086/4
f 2083/3086/4 2082/3085/4 1994/3888/4
f 1976/1755/4 1949/3446/4 1952/3445/4
f 2083/3086/4 1994/3888/4 1976/1755/4
f 2187/1757/4 2199/13/4 2083/3086/4
f 2152/3448/4 2185/3450/4 2187/1757/4
f 2057/1756/4 2060/3447/4 2149/3449/4
f 2149/3449/4 2152/3448/4 2187/1757/4
f 2187/1757/4 2083/3086/4 1976/1755/4
f 1976/1755/4 1952/3445/4 1975/3889/4
f 1976/1755/4 1975/3889/4 1989/3890/4
f 2057/1756/4 2149/3449/4 2187/1757/4
f 1976/1755/4 1989/3890/4 2057/1756/4
f 1135/1758/1 1109/3891/1 1054/1711/1
f 1054/1711/1 1074/3380/1 1073/1759/1
f 1073/1759/1 1300/3421/1 1299/3420/1
f 1073/1759/1 1299/3420/1 1213/3892/1
f 1135/1758/1 1054/1711/1 1073/1759/1
f 1073/1759/1 1213/3892/1 1155/1760/1
f 2002/1543/5 2003/1680/5 2000/1761/5
f 806/1514/6 807/3893/6 785/1762/6
f 2014/1764/3 2008/1599/3 2007/1601/3
f 1412/3019/4 1411/3018/4 1380/1294/4
f 1398/3894/4 1412/3019/4 1380/1294/4
f 1428/627/4 1429/3020/4 1398/3894/4
f 1385/3895/4 1428/627/4 1398/3894/4
f 1398/3894/4 1380/1294/4 1382/3566/4
f 1360/3565/4 1359/1293/4 1339/1316/4
f 1385/3895/4 1398/3894/4 1382/3566/4
f 1385/3895/4 1382/3566/4 1360/3565/4
f 1216/3896/4 1385/3895/4 1360/3565/4
f 1339/1316/4 1340/3587/4 1342/3897/4
f 1360/3565/4 1339/1316/4 1342/3897/4
f 1199/3898/4 1216/3896/4 1360/3565/4
f 957/1068/4 960/3353/4 969/1767/4
f 969/1767/4 1199/3898/4 1360/3565/4
f 969/1767/4 1360/3565/4 1342/3897/4
f 991/3899/4 957/1068/4 969/1767/4
f 1156/3900/4 991/3899/4 969/1767/4
f 969/1767/4 1342/3897/4 1314/1315/4
f 969/1767/4 1314/1315/4 1255/3901/4
f 1169/3902/4 1156/3900/4 969/1767/4
f 1175/3903/4 1169/3902/4 969/1767/4
f 969/1767/4 1255/3901/4 1196/3904/4
f 969/1767/4 1196/3904/4 1198/1765/4
f 1187/1766/4 1175/3903/4 969/1767/4
f 324/103/4 323/2988/4 288/3905/4
f 251/3906/4 249/3907/4 253/17/4
f 305/2612/4 324/103/4 288/3905/4
f 289/104/4 305/2612/4 288/3905/4
f 289/104/4 288/3905/4 251/3906/4
f 307/2609/4 306/2611/4 290/1769/4
f 290/1769/4 289/104/4 251/3906/4
f 253/17/4 254/2538/4 252/1768/4
f 291/16/4 292/3908/4 307/2609/4
f 251/3906/4 253/17/4 252/1768/4
f 291/16/4 307/2609/4 290/1769/4
f 290/1769/4 251/3906/4 252/1768/4
f 2018/1770/3 2031/1867/3 2016/1735/3
f 2034/1733/5 2035/1843/5 2032/1771/5
f 2805/1772/1 2780/2679/1 2800/1773/1
f 877/1779/2 863/3533/2 824/942/2
f 811/3283/2 770/941/2 771/1777/2
f 877/1779/2 824/942/2 811/3283/2
f 864/3909/2 878/3910/2 877/1779/2
f 842/3911/2 879/3912/2 864/3909/2
f 812/3913/2 794/3914/2 842/3911/2
f 771/1777/2 825/3915/2 826/1778/2
f 826/1778/2 812/3913/2 842/3911/2
f 842/3911/1 864/3909/1 877/1779/1
f 877/1779/2 811/3283/2 771/1777/2
f 826/1778/2 842/3911/2 877/1779/2
f 2027/1780/3 2041/1929/3 2013/1781/3
f 2042/1782/3 2028/1658/3 2026/1489/3
f 1656/3916/2 1650/2301/2 1651/3013/2
f 1629/3917/2 1627/3012/2 1594/1783/2
f 1656/3916/2 1651/3013/2 1629/3917/2
f 1683/1561/2 1682/3014/2 1656/3916/2
f 1596/1785/2 1612/3264/2 1683/1561/2
f 1563/3265/2 1586/907/2 1596/1785/2
f 1552/1784/2 1564/908/2 1563/3265/2
f 1580/3699/2 1550/1460/2 1552/1784/2
f 1594/1783/2 1593/1499/2 1580/3699/2
f 1656/3916/2 1629/3917/2 1594/1783/2
f 1596/1785/2 1683/1561/2 1656/3916/2
f 1552/1784/2 1563/3265/2 1596/1785/2
f 1594/1783/2 1580/3699/2 1552/1784/2
f 1596/1785/2 1656/3916/2 1594/1783/2
f 1026/1084/1 1047/1115/1 1048/1114/1
f 2050/1787/5 2051/1924/5 2049/1788/5
f 950/1023/1 970/1059/1 971/1058/1
f 2818/1792/4 2817/217/4 2755/1790/4
f 2755/1790/4 2750/3918/4 2767/1791/4
f 2059/1771/5 2060/3919/5 2057/1793/5
f 1741/1794/2 1742/3700/2 1887/1795/2
f 2069/1576/5 2070/1704/5 2072/1797/5
f 231/1799/3 230/1963/3 270/1800/3
f 2076/1802/3 2063/1836/3 2062/1554/3
f 369/3920/2 389/1841/2 388/1840/2
f 388/1840/2 422/3921/2 423/3922/2
f 423/3922/2 473/2216/2 483/3923/2
f 483/3923/2 457/528/2 455/2914/2
f 443/527/2 442/529/2 432/2723/2
f 423/3922/2 483/3923/2 455/2914/2
f 443/527/2 432/2723/2 420/266/2
f 423/3922/2 455/2914/2 443/527/2
f 341/3924/2 369/3920/2 388/1840/2
f 388/1840/2 423/3922/2 443/527/2
f 443/527/2 420/266/2 48/9/2
f 108/1803/2 95/2527/2 88/84/2
f 443/527/2 48/9/2 108/1803/2
f 388/1840/2 443/527/2 108/1803/2
f 108/1803/2 88/84/2 89/85/2
f 90/2526/2 49/2525/2 394/1804/2
f 108/1803/2 89/85/2 90/2526/2
f 341/3924/2 388/1840/2 108/1803/2
f 374/1805/2 373/3925/2 341/3924/2
f 394/1804/2 372/3926/2 374/1805/2
f 108/1803/2 90/2526/2 394/1804/2
f 374/1805/2 341/3924/2 108/1803/2
f 1636/1806/1 1616/1516/1 1759/1054/1
f 2065/1807/4 2066/3811/4 2080/1808/4
f 2083/1793/5 2084/1904/5 2081/1810/5
f 522/3927/6 445/3414/6 444/3413/6
f 522/3927/6 444/3413/6 538/3928/6
f 539/3929/6 522/3927/6 538/3928/6
f 539/3929/6 538/3928/6 552/3930/6
f 553/3931/6 539/3929/6 552/3930/6
f 553/3931/6 552/3930/6 716/3932/6
f 916/3933/6 553/3931/6 716/3932/6
f 916/3933/6 716/3932/6 813/3934/6
f 1023/3935/6 916/3933/6 813/3934/6
f 1023/3935/6 813/3934/6 868/3936/6
f 1046/3937/6 1023/3935/6 868/3936/6
f 1046/3937/6 868/3936/6 936/3938/6
f 1066/3939/6 1046/3937/6 936/3938/6
f 1066/3939/6 936/3938/6 1012/3940/6
f 1077/3941/6 1066/3939/6 1012/3940/6
f 1077/3941/6 1012/3940/6 1094/3942/6
f 1167/3943/6 1077/3941/6 1094/3942/6
f 1167/3943/6 1094/3942/6 1166/3944/6
f 1172/3945/6 1167/3943/6 1166/3944/6
f 1172/3945/6 1166/3944/6 1171/3946/6
f 1208/3947/6 1172/3945/6 1171/3946/6
f 1208/3947/6 1171/3946/6 1207/3948/6
f 1221/3949/6 1208/3947/6 1207/3948/6
f 1221/3949/6 1207/3948/6 1220/3950/6
f 1225/1813/6 1221/3949/6 1220/3950/6
f 1330/1811/6 1371/3412/6 1370/3411/6
f 1225/1813/6 1220/3950/6 1330/1811/6
f 1330/1811/6 1370/3411/6 1332/1812/6
f 908/1814/2 944/3951/2 943/1815/2
f 1975/1752/1 1952/3952/1 1951/1817/1
f 1951/1817/1 2058/3541/1 2057/1818/1
f 2057/1818/1 1989/1753/1 1975/1752/1
f 2097/1819/3 2098/1923/3 2078/1770/3
f 1436/3953/6 1336/3954/6 1322/3955/6
f 1322/3955/6 872/3312/6 873/3956/6
f 1322/3955/6 873/3956/6 987/3957/6
f 1451/3958/6 1436/3953/6 1322/3955/6
f 1513/1427/6 1451/3958/6 1322/3955/6
f 1322/3955/6 987/3957/6 1079/3109/6
f 1334/3959/6 1345/1327/6 1346/1326/6
f 1322/3955/6 1079/3109/6 1334/3959/6
f 1541/1442/6 1513/1427/6 1322/3955/6
f 1556/1450/6 1541/1442/6 1322/3955/6
f 1334/3959/6 1346/1326/6 1335/3960/6
f 1347/3961/6 1356/3592/6 1355/1325/6
f 1322/3955/6 1334/3959/6 1335/3960/6
f 1347/3961/6 1355/1325/6 1349/3962/6
f 1556/1450/6 1322/3955/6 1335/3960/6
f 1347/3961/6 1349/3962/6 1374/3495/6
f 1556/1450/6 1335/3960/6 1347/3961/6
f 1683/3963/6 1612/2169/6 1598/3964/6
f 1598/3964/6 1556/1450/6 1347/3961/6
f 1347/3961/6 1374/3495/6 1375/1351/6
f 1598/3964/6 1347/3961/6 1375/1351/6
f 1714/3965/6 1683/3963/6 1598/3964/6
f 1817/3788/6 1816/1635/6 1794/3966/6
f 1794/3966/6 1714/3965/6 1598/3964/6
f 1598/3964/6 1375/1351/6 1392/3374/6
f 1405/3373/6 1406/1095/6 1424/3372/6
f 1598/3964/6 1392/3374/6 1405/3373/6
f 1793/3967/6 1817/3788/6 1794/3966/6
f 1710/3968/6 1793/3967/6 1794/3966/6
f 1794/3966/11 1598/3964/11 1405/3373/11
f 1405/3373/6 1424/3372/6 1425/3704/6
f 1794/3966/6 1405/3373/6 1425/3704/6
f 1681/3754/6 1710/3968/6 1794/3966/6
f 1657/3969/6 1681/3754/6 1794/3966/6
f 1794/3966/6 1425/3704/6 1435/3970/6
f 1794/3966/6 1435/3970/6 1450/3971/6
f 1633/1822/6 1657/3969/6 1794/3966/6
f 1557/3972/6 1632/1481/6 1633/1822/6
f 1555/3973/6 1557/3972/6 1633/1822/6
f 1633/1822/6 1794/3966/6 1450/3971/6
f 1633/1822/6 1450/3971/6 1488/3974/6
f 1540/1821/6 1555/3973/6 1633/1822/6
f 1633/1822/6 1488/3974/6 1527/1820/6
f 1326/1825/1 1325/35/1 1262/2553/1
f 1232/1823/1 1214/2363/1 1215/1824/1
f 1326/1825/1 1262/2553/1 1232/1823/1
f 2103/1361/6 2102/1363/6 2101/1829/6
f 2096/1831/3 2101/1928/3 2094/1780/3
f 2132/1834/2 2131/681/2 2048/1832/2
f 2048/1832/2 2049/2298/2 2085/1833/2
f 2110/1835/3 2106/1819/3 2105/1684/3
f 2113/1589/5 2114/1856/5 2112/1837/5
f 2119/1838/6 2120/3721/6 2109/1362/6
f 389/1841/2 424/3975/2 423/3922/2
f 405/1842/2 422/3921/2 388/1840/2
f 389/1841/2 423/3922/2 405/1842/2
f 2127/1761/5 2128/1891/5 2125/1843/5
f 2067/1844/2 2071/3845/2 2072/1707/2
f 2068/1845/2 2169/3976/2 2168/1846/2
f 2067/1844/2 2072/1707/2 2068/1845/2
f 2946/1848/5 2933/2587/5 2939/2586/5
f 2939/2586/5 2956/2442/5 2955/1847/5
f 2955/1847/5 2960/2477/5 2954/396/5
f 2954/396/5 2945/3977/5 2946/1848/5
f 2946/1848/5 2939/2586/5 2955/1847/5
f 2487/1849/1 2486/3978/1 2467/3979/1
f 2468/1850/1 2509/2211/1 2513/1851/1
f 2487/1849/1 2467/3979/1 2468/1850/1
f 2060/1818/1 2059/3541/1 2150/1852/1
f 2131/1854/5 2132/1788/5 2130/1855/5
f 325/3980/1 324/2777/1 342/438/1
f 354/524/1 426/3099/1 425/752/1
f 325/3980/1 342/438/1 354/524/1
f 330/363/1 325/3980/1 354/524/1
f 354/524/1 425/752/1 308/754/1
f 308/754/1 311/3860/1 310/1725/1
f 298/3862/1 297/1266/1 271/3543/1
f 308/754/1 310/1725/1 298/3862/1
f 330/363/1 354/524/1 308/754/1
f 294/3981/1 330/363/1 308/754/1
f 308/754/1 298/3862/1 271/3543/1
f 271/3543/1 270/1265/1 230/1538/1
f 171/1537/1 176/209/1 143/211/1
f 308/754/1 271/3543/1 230/1538/1
f 294/3981/1 308/754/1 230/1538/1
f 268/364/1 294/3981/1 230/1538/1
f 268/364/1 230/1538/1 171/1537/1
f 155/1857/1 154/73/1 141/243/1
f 191/2577/1 190/74/1 155/1857/1
f 221/2570/1 220/2569/1 191/2577/1
f 280/2572/1 246/2571/1 221/2570/1
f 8/26/1 7/2575/1 286/2573/1
f 280/2572/1 221/2570/1 191/2577/1
f 9/3982/1 8/26/1 286/2573/1
f 280/2572/1 191/2577/1 155/1857/1
f 321/3101/1 9/3982/1 286/2573/1
f 321/3101/1 286/2573/1 280/2572/1
f 214/290/1 241/2729/1 240/1723/1
f 185/1348/1 215/291/1 214/290/1
f 149/210/1 183/1349/1 185/1348/1
f 185/1348/1 214/290/1 240/1723/1
f 318/3861/1 321/3101/1 280/2572/1
f 141/243/1 268/364/1 171/1537/1
f 141/243/1 171/1537/1 143/211/1
f 240/1723/1 318/3861/1 280/2572/1
f 240/1723/1 280/2572/1 155/1857/1
f 141/243/1 143/211/1 149/210/1
f 185/1348/1 240/1723/1 155/1857/1
f 155/1857/1 141/243/1 149/210/1
f 2133/3869/1 2134/3867/1 2090/3866/1
f 2090/3866/1 2052/962/1 2053/964/1
f 2053/964/1 2020/963/1 1995/2174/1
f 1995/2174/1 2022/2173/1 2023/1776/1
f 2023/1776/1 2024/3261/1 2014/3813/1
f 2006/3812/1 1919/1339/1 1918/1338/1
f 2023/1776/1 2014/3813/1 2006/3812/1
f 1995/2174/1 2023/1776/1 2006/3812/1
f 1918/1338/1 1880/1337/1 1758/3610/1
f 1995/2174/1 2006/3812/1 1918/1338/1
f 2133/3869/1 2090/3866/1 2053/964/1
f 2156/151/1 2133/3869/1 2053/964/1
f 2154/3983/1 2171/2648/1 2155/2647/1
f 2155/2647/1 2156/151/1 2053/964/1
f 2154/3983/1 2155/2647/1 2053/964/1
f 2207/799/1 2206/2650/1 2170/2649/1
f 2207/799/1 2170/2649/1 2154/3983/1
f 1994/1753/1 2082/2372/1 2081/3984/1
f 2081/3984/1 2207/799/1 2154/3983/1
f 2081/3984/1 2154/3983/1 2053/964/1
f 1977/1754/1 1994/1753/1 2081/3984/1
f 1978/3985/1 1977/1754/1 2081/3984/1
f 2081/3984/1 2053/964/1 1995/2174/1
f 1653/1575/1 1679/3763/1 1677/1558/1
f 1653/1575/1 1677/1558/1 1695/1557/1
f 1723/3609/1 1653/1575/1 1695/1557/1
f 1722/3986/1 1707/3757/1 1708/1556/1
f 1723/3609/1 1695/1557/1 1722/3986/1
f 1978/3985/1 2081/3984/1 1995/2174/1
f 1901/3856/1 1957/3855/1 1965/3987/1
f 1978/3985/1 1995/2174/1 1918/1338/1
f 1965/3987/1 1978/3985/1 1918/1338/1
f 1722/3986/1 1708/1556/1 1730/3253/1
f 1722/3986/1 1730/3253/1 1754/3774/1
f 1723/3609/1 1722/3986/1 1754/3774/1
f 1758/3610/1 1723/3609/1 1754/3774/1
f 1901/3856/1 1965/3987/1 1918/1338/1
f 1906/3858/1 1905/3857/1 1900/3988/1
f 1916/1719/1 1906/3858/1 1900/3988/1
f 1949/3952/1 1954/2304/1 1940/3854/1
f 1949/3952/1 1940/3854/1 1916/1719/1
f 1850/3771/1 1950/1817/1 1949/3952/1
f 1890/1859/1 1889/3768/1 1850/3771/1
f 1840/1858/1 1876/3770/1 1877/3769/1
f 1840/1858/1 1877/3769/1 1890/1859/1
f 1758/3610/1 1754/3774/1 1778/1884/1
f 1758/3610/1 1778/1884/1 1840/1858/1
f 1850/3771/1 1949/3952/1 1916/1719/1
f 1850/3771/1 1916/1719/1 1900/3988/1
f 1850/3771/1 1900/3988/1 1901/3856/1
f 1890/1859/1 1850/3771/1 1901/3856/1
f 1918/1338/1 1758/3610/1 1840/1858/1
f 1890/1859/1 1901/3856/1 1918/1338/1
f 2117/2956/2 2116/579/2 2075/1860/2
f 2075/1860/2 2159/3989/2 2175/1861/2
f 2175/1861/2 2174/3573/2 2158/580/2
f 2158/580/2 2117/2956/2 2075/1860/2
f 2076/1862/1 2061/3697/1 2193/1863/1
f 2143/1602/2 2142/1874/2 2139/1865/2
f 2123/1867/3 2143/1967/3 2121/1831/3
f 2139/199/5 2142/514/5 2141/108/5
f 2151/1868/5 2152/1104/5 2149/1869/5
f 1739/1871/1 1738/3706/1 1823/1872/1
f 2160/1873/3 2138/1782/3 2137/1599/3
f 2141/1874/2 2164/1158/2 2161/1875/2
f 2165/1876/6 2148/2935/6 2145/1877/6
f 2151/1852/1 2186/1037/1 2185/1878/1
f 1093/1879/2 1062/2820/2 1063/1880/2
f 1064/1881/2 1065/1079/2 1093/1879/2
f 1808/3194/1 1807/3767/1 1836/3766/1
f 1810/822/1 1808/3194/1 1836/3766/1
f 1755/3773/1 1783/823/1 1810/822/1
f 1810/822/1 1836/3766/1 1812/1882/1
f 1839/3765/1 1858/3764/1 1841/1883/1
f 1755/3773/1 1810/822/1 1812/1882/1
f 1812/1882/1 1839/3765/1 1841/1883/1
f 1778/1884/1 1755/3773/1 1812/1882/1
f 2229/1885/2 2111/1022/2 2112/1021/2
f 2164/1887/3 2179/698/3 2162/700/3
f 2180/1889/6 2182/3990/6 2147/1890/6
f 2168/1680/5 2169/1797/5 2166/1891/5
f 472/1892/1 470/581/1 480/602/1
f 996/3991/1 964/3992/1 948/1893/1
f 948/1893/1 947/3993/1 955/3994/1
f 955/3994/1 977/3377/1 976/3376/1
f 967/1894/1 979/3357/1 978/3356/1
f 955/3994/1 976/3376/1 967/1894/1
f 997/3995/1 996/3991/1 948/1893/1
f 968/1895/1 983/3355/1 982/3354/1
f 982/3354/1 997/3995/1 948/1893/1
f 948/1893/1 955/3994/1 967/1894/1
f 967/1894/1 978/3356/1 968/1895/1
f 968/1895/1 982/3354/1 948/1893/1
f 1099/3996/4 634/3997/4 635/1897/4
f 635/1897/4 1295/3562/4 1297/1898/4
f 1212/1896/4 1099/3996/4 635/1897/4
f 2200/1899/1 2199/3139/1 2187/1878/1
f 2187/1900/3 2185/3998/3 2186/1901/3
f 2201/1843/5 2202/1981/5 2199/1903/5
f 469/106/6 479/199/6 480/514/6
f 2199/1903/5 2205/1982/5 2203/1904/5
f 2223/3717/6 2120/3721/6 2121/3999/6
f 2139/4000/6 2140/4001/6 2161/4002/6
f 2223/3717/6 2121/3999/6 2139/4000/6
f 2269/4003/6 2232/3718/6 2223/3717/6
f 2361/2075/6 2362/4004/6 2319/1908/6
f 2319/1908/6 2269/4003/6 2223/3717/6
f 2139/4000/6 2161/4002/6 2162/4005/6
f 2162/4005/6 2250/4006/6 2251/1906/6
f 2139/4000/6 2162/4005/6 2251/1906/6
f 2319/1908/6 2223/3717/6 2139/4000/6
f 2291/4007/6 2361/2075/6 2319/1908/6
f 2268/1907/6 2291/4007/6 2319/1908/6
f 2319/1908/6 2139/4000/6 2251/1906/6
f 2099/4008/2 2094/2341/2 2101/1909/2
f 2101/1909/2 2102/1604/2 2109/1603/2
f 2120/1866/2 2223/4009/2 2221/1910/2
f 2101/1909/2 2109/1603/2 2120/1866/2
f 2108/4010/2 2099/4008/2 2101/1909/2
f 2118/4011/2 2108/4010/2 2101/1909/2
f 2101/1909/2 2120/1866/2 2221/1910/2
f 2190/1911/2 2118/4011/2 2101/1909/2
f 2210/1912/3 2195/1802/3 2193/1658/3
f 2179/1158/2 2254/3472/2 2250/1913/2
f 2211/1914/6 2212/4012/6 2184/1915/6
f 520/1917/2 534/4013/2 519/1918/2
f 2215/1920/6 2213/4014/6 2214/1921/6
f 2183/1923/3 2214/2008/3 2196/1867/3
f 2218/1924/5 2220/4015/5 2217/1925/5
f 2229/1704/5 2230/1837/5 2228/1926/5
f 2369/493/1 2284/801/1 2281/800/1
f 2281/800/1 2202/3139/1 2201/1899/1
f 2201/1899/1 2298/1045/1 2297/1047/1
f 2297/1047/1 2395/4016/1 2394/1927/1
f 2394/1927/1 2369/493/1 2281/800/1
f 2281/800/1 2201/1899/1 2297/1047/1
f 2223/1928/3 2232/2067/3 2222/1929/3
f 2257/1966/6 2213/4014/6 2215/1920/6
f 2257/1966/6 2215/1920/6 2225/1930/6
f 2255/4017/6 2256/2519/6 2257/1966/6
f 2212/4012/6 2211/1914/6 2239/4018/6
f 2239/4018/6 2255/4017/6 2257/1966/6
f 2239/4018/6 2257/1966/6 2225/1930/6
f 2226/4019/6 2212/4012/6 2239/4018/6
f 2180/1889/6 2197/1916/6 2184/1915/6
f 2226/4019/6 2239/4018/6 2225/1930/6
f 2182/3990/6 2180/1889/6 2184/1915/6
f 2184/1915/6 2226/4019/6 2225/1930/6
f 2183/1922/6 2182/3990/6 2184/1915/6
f 1931/1933/1 1896/4020/1 1883/1931/1
f 1915/1932/1 1926/3696/1 1931/1933/1
f 2861/1936/6 2868/4021/6 2908/1934/6
f 2908/1934/6 2954/2461/6 2960/2517/6
f 2910/1935/6 2911/2473/6 2861/1936/6
f 2908/1934/6 2960/2517/6 2910/1935/6
f 2813/1937/6 2713/2270/6 2699/4022/6
f 2699/4022/6 2622/2253/6 2594/2774/6
f 2699/4022/6 2594/2774/6 2625/361/6
f 2869/1936/6 2847/4023/6 2813/1937/6
f 2813/1937/6 2699/4022/6 2625/361/6
f 2670/2740/6 2789/2287/6 2792/1938/6
f 2813/1937/6 2625/361/6 2670/2740/6
f 2867/4021/6 2869/1936/6 2813/1937/6
f 2811/1939/6 2867/4021/6 2813/1937/6
f 2813/1937/6 2670/2740/6 2792/1938/6
f 1259/2548/1 1235/2767/1 1233/2766/1
f 1259/2548/1 1233/2766/1 1217/4024/1
f 1257/1940/1 1259/2548/1 1217/4024/1
f 1218/1229/1 1220/2764/1 1207/631/1
f 1217/4024/1 1218/1229/1 1207/631/1
f 1217/4024/1 1207/631/1 1206/1196/1
f 1217/4024/1 1206/1196/1 1180/1941/1
f 1180/1941/1 1205/3502/1 1179/3501/1
f 1179/3501/1 1188/3852/1 1197/4025/1
f 1200/2364/1 1232/1823/1 1262/2553/1
f 1179/3501/1 1197/4025/1 1200/2364/1
f 1257/1940/1 1217/4024/1 1180/1941/1
f 1180/1941/1 1179/3501/1 1200/2364/1
f 1200/2364/1 1262/2553/1 1263/1942/1
f 1263/1942/1 1286/2551/1 1285/2550/1
f 1263/1942/1 1285/2550/1 1270/2549/1
f 1180/1941/1 1200/2364/1 1263/1942/1
f 1263/1942/1 1270/2549/1 1257/1940/1
f 2003/1944/2 2002/4026/2 1884/1796/2
f 1884/1796/2 1885/1795/2 1898/1943/2
f 2305/1945/1 2191/1990/1 2189/1729/1
f 2305/1945/1 2189/1729/1 2209/2645/1
f 2383/3648/1 2382/3647/1 2305/1945/1
f 2304/4027/1 2344/1402/1 2359/3649/1
f 2359/3649/1 2383/3648/1 2305/1945/1
f 2305/1945/1 2209/2645/1 2231/2644/1
f 2231/2644/1 2235/2643/1 2236/1946/1
f 2236/1946/1 2247/2641/1 2246/4028/1
f 2246/4028/1 2233/150/1 2258/2651/1
f 2303/1947/1 2304/4027/1 2359/3649/1
f 2246/4028/1 2258/2651/1 2303/1947/1
f 2305/1945/1 2231/2644/1 2236/1946/1
f 2236/1946/1 2246/4028/1 2303/1947/1
f 2303/1947/1 2359/3649/1 2305/1945/1
f 1868/3793/2 1762/3832/2 1781/1948/2
f 1781/1948/2 1895/1509/2 1894/1614/2
f 1882/1613/2 1868/3793/2 1781/1948/2
f 2243/1856/5 2244/1855/5 2242/1949/5
f 2255/1950/3 2239/1835/3 2238/1836/3
f 974/1953/6 975/4029/6 953/1951/6
f 953/1951/6 954/4030/6 921/1952/6
f 678/1956/6 618/4031/6 615/4032/6
f 678/1956/6 615/4032/6 619/1954/6
f 648/1955/6 677/4033/6 678/1956/6
f 2244/1957/4 2262/4034/4 2261/1958/4
f 1585/3690/1 1628/3689/1 1630/3613/1
f 1630/3613/1 1597/558/1 1584/560/1
f 1584/560/1 1566/559/1 1473/1961/1
f 1473/1961/1 1474/1403/1 1511/565/1
f 1511/565/1 1537/3616/1 1539/1962/1
f 1539/1962/1 1560/951/1 1581/953/1
f 1581/953/1 1582/3285/1 1559/3693/1
f 1559/3693/1 1607/3692/1 1583/3691/1
f 1561/1960/1 1585/3690/1 1630/3613/1
f 1559/3693/1 1583/3691/1 1561/1960/1
f 1581/953/1 1559/3693/1 1561/1960/1
f 1561/1960/1 1630/3613/1 1584/560/1
f 1473/1961/1 1511/565/1 1539/1962/1
f 1539/1962/1 1581/953/1 1561/1960/1
f 1561/1960/1 1584/560/1 1473/1961/1
f 786/199/6 787/4035/6 748/1963/6
f 2271/1965/6 2273/1907/6 2272/1906/6
f 2254/1967/3 2272/2066/3 2251/1928/3
f 1936/1970/2 1935/3846/2 1766/1968/2
f 1766/1968/2 1770/3758/2 1771/1969/2
f 1771/1969/2 1767/4036/2 1936/1970/2
f 2260/1904/5 2277/4037/5 2258/1971/5
f 2417/3319/1 2418/3318/1 2344/1402/1
f 2344/1402/1 2304/4027/1 2302/4038/1
f 2302/4038/1 2303/1947/1 2258/2651/1
f 2258/2651/1 2423/4039/1 2434/4040/1
f 2434/4040/1 2452/2134/1 2451/998/1
f 2342/3323/1 2343/2026/1 2335/1972/1
f 2434/4040/1 2451/998/1 2342/3323/1
f 2344/1402/1 2302/4038/1 2258/2651/1
f 2478/997/1 2435/3325/1 2417/3319/1
f 2258/2651/1 2434/4040/1 2342/3323/1
f 2258/2651/1 2342/3323/1 2335/1972/1
f 2478/997/1 2417/3319/1 2344/1402/1
f 2405/1973/1 2356/2027/1 2478/997/1
f 2344/1402/1 2258/2651/1 2335/1972/1
f 2405/1973/1 2478/997/1 2344/1402/1
f 2763/2356/1 2766/2355/1 2676/1974/1
f 2676/1974/1 2665/4041/1 2728/1975/1
f 2748/1976/1 2763/2356/1 2676/1974/1
f 2279/1977/3 2280/2081/3 2276/1923/3
f 1640/1978/2 1804/3198/2 1803/1979/2
f 2281/1981/5 2284/2082/5 2282/1982/5
f 690/21/4 691/20/4 730/1983/4
f 578/2654/4 576/427/4 579/2716/4
f 580/1985/4 611/247/4 668/4042/4
f 578/2654/4 579/2716/4 580/1985/4
f 608/1987/4 606/701/4 578/2654/4
f 665/1986/4 639/702/4 608/1987/4
f 580/1985/4 668/4042/4 665/1986/4
f 608/1987/4 578/2654/4 580/1985/4
f 2228/1886/2 2330/4043/2 2329/1988/2
f 2301/4044/2 2286/2432/2 2287/4045/2
f 2266/4046/2 2267/4047/2 2269/1172/2
f 2338/1989/2 2301/4044/2 2287/4045/2
f 2287/4045/2 2266/4046/2 2269/1172/2
f 2269/1172/2 2319/3809/2 2360/1642/2
f 2360/1642/2 2358/4048/2 2338/1989/2
f 2338/1989/2 2287/4045/2 2269/1172/2
f 2306/1945/1 2307/4049/1 2210/1864/1
f 2210/1864/1 2194/1863/1 2192/1990/1
f 818/1992/4 817/4050/4 775/465/4
f 777/1991/4 779/467/4 818/1992/4
f 2299/1891/5 2300/2019/5 2297/1981/5
f 788/1993/1 792/3800/1 766/3799/1
f 763/1994/1 753/3229/1 762/851/1
f 788/1993/1 766/3799/1 763/1994/1
f 762/851/1 789/1995/1 788/1993/1
f 790/1995/1 822/934/1 821/933/1
f 1576/1677/4 1575/1679/4 1544/4051/4
f 1544/4051/4 1545/839/4 1529/3218/4
f 1544/4051/4 1529/3218/4 1570/609/4
f 1576/1677/4 1544/4051/4 1570/609/4
f 1699/1996/4 1700/3563/4 1824/1997/4
f 1576/1677/4 1570/609/4 1699/1996/4
f 1738/1998/4 1737/4052/4 1591/3833/4
f 1591/3833/4 1576/1677/4 1699/1996/4
f 1824/1997/4 1823/4053/4 1738/1998/4
f 1738/1998/4 1591/3833/4 1699/1996/4
f 1948/2976/6 1947/1701/6 1981/911/6
f 1981/911/6 1982/3266/6 1969/4054/6
f 1948/2976/6 1981/911/6 1969/4054/6
f 2044/4055/6 2043/4056/6 2018/1999/6
f 2018/1999/6 1948/2976/6 1969/4054/6
f 2018/1999/6 1969/4054/6 1983/910/6
f 2017/2000/6 2044/4055/6 2018/1999/6
f 2029/4057/6 2030/4058/6 2017/2000/6
f 2010/912/6 2009/3267/6 2029/4057/6
f 2018/1999/6 1983/910/6 2010/912/6
f 2010/912/6 2029/4057/6 2017/2000/6
f 758/2002/6 801/4059/6 803/680/6
f 2741/2003/2 2718/3778/2 2719/2314/2
f 2742/2004/2 2798/4060/2 2797/2005/2
f 2741/2003/2 2719/2314/2 2742/2004/2
f 2292/4061/2 2290/3831/2 2311/3830/2
f 2292/4061/2 2311/3830/2 2324/1090/2
f 2323/4062/2 2292/4061/2 2324/1090/2
f 2349/1089/2 2443/4063/2 2438/4064/2
f 2323/4062/2 2324/1090/2 2349/1089/2
f 2348/2007/2 2323/4062/2 2349/1089/2
f 2349/1089/2 2438/4064/2 2365/2006/2
f 2295/2008/3 2311/525/3 2290/1967/3
f 2312/2009/3 2296/1977/3 2294/1819/3
f 2216/2010/2 2217/4065/2 2316/2011/2
f 2321/646/6 2309/2041/6 2308/2013/6
f 2320/2014/3 2307/1912/3 2306/1782/3
f 332/2017/5 331/4066/5 327/2015/5
f 327/2015/5 326/4067/5 328/2016/5
f 1228/1236/6 1134/1187/6 1121/1186/6
f 1121/1186/6 1120/1168/6 1133/3470/6
f 1133/3470/6 1142/3494/6 1143/2018/6
f 1174/1204/6 1227/1203/6 1228/1236/6
f 1121/1186/6 1133/3470/6 1143/2018/6
f 1143/2018/6 1174/1204/6 1228/1236/6
f 2329/1797/5 2330/1926/5 2327/2019/5
f 1613/2020/2 1379/1307/2 1380/2924/2
f 1613/2020/2 1380/2924/2 1411/4068/2
f 1662/2022/2 1661/3286/2 1613/2020/2
f 1613/2020/2 1411/4068/2 1453/2021/2
f 2315/1788/5 2316/2087/5 2314/2023/5
f 2318/2024/2 2334/4069/2 2333/2011/2
f 2405/1973/1 2335/1972/1 2343/2026/1
f 2755/2028/1 2817/2389/1 2816/2029/1
f 721/2031/4 781/904/4 779/467/4
f 2331/199/3 2332/514/3 2330/108/3
f 2097/2035/1 2077/4070/1 2105/2036/1
f 120/2937/2 142/553/2 140/2936/2
f 140/2936/2 267/366/2 261/2736/2
f 261/2736/6 229/312/6 137/4071/6
f 137/4071/2 138/4072/2 116/4073/2
f 116/4073/2 117/4074/2 118/4075/2
f 116/4073/2 118/4075/2 124/4076/2
f 261/2736/2 137/4071/2 116/4073/2
f 140/2936/2 261/2736/2 116/4073/2
f 116/4073/2 124/4076/2 127/2038/2
f 127/2038/2 133/4077/2 132/4078/2
f 132/4078/2 161/188/2 160/187/2
f 160/187/2 151/2756/2 128/2039/2
f 132/4078/2 160/187/2 128/2039/2
f 120/2937/2 140/2936/2 116/4073/2
f 120/2937/2 116/4073/2 127/2038/2
f 127/2038/2 132/4078/2 128/2039/2
f 123/2040/2 120/2937/2 127/2038/2
f 2347/2043/6 2346/3056/6 2309/2041/6
f 2309/2041/6 2339/3057/6 2340/2042/6
f 2407/2044/1 2385/2844/1 2502/2045/1
f 2341/2047/6 2349/2076/6 2324/1749/6
f 2421/2051/6 2410/2071/6 2368/2049/6
f 2368/2049/6 2326/4079/6 2325/4080/6
f 2325/4080/6 2420/2421/6 2409/2050/6
f 2409/2050/6 2422/4081/6 2421/2051/6
f 2368/2049/6 2325/4080/6 2409/2050/6
f 2352/1837/5 2353/1949/5 2351/2052/5
f 1003/2053/6 1006/4082/6 1005/2054/6
f 960/2854/2 959/453/2 958/1815/2
f 960/2854/2 958/1815/2 946/3951/2
f 961/1033/2 969/3634/2 960/2854/2
f 927/3639/2 926/3635/2 925/1034/2
f 925/1034/2 961/1033/2 960/2854/2
f 925/1034/2 960/2854/2 946/3951/2
f 923/4083/2 927/3639/2 925/1034/2
f 894/995/2 928/3640/2 923/4083/2
f 883/3642/2 893/994/2 912/996/2
f 912/996/2 894/995/2 923/4083/2
f 923/4083/2 925/1034/2 946/3951/2
f 910/1814/2 909/1816/2 877/1779/2
f 923/4083/2 946/3951/2 910/1814/2
f 912/996/2 923/4083/2 910/1814/2
f 910/1814/2 877/1779/2 878/3910/2
f 878/3910/2 879/3912/2 842/3911/2
f 910/1814/2 878/3910/2 842/3911/2
f 883/3642/2 912/996/2 910/1814/2
f 897/987/2 895/1013/2 884/3643/2
f 883/3642/2 910/1814/2 842/3911/2
f 885/985/2 897/987/2 884/3643/2
f 884/3643/2 883/3642/2 842/3911/2
f 885/985/2 884/3643/2 842/3911/2
f 601/31/2 647/33/2 885/985/2
f 534/4013/2 520/1917/2 536/2545/2
f 601/31/2 885/985/2 842/3911/2
f 534/4013/2 536/2545/2 601/31/2
f 769/943/2 569/3532/2 570/2056/2
f 570/2056/2 534/4013/2 601/31/2
f 601/31/2 842/3911/2 794/3914/2
f 812/3913/2 825/3915/2 771/1777/2
f 570/2056/2 601/31/2 794/3914/2
f 794/3914/2 812/3913/2 771/1777/2
f 770/941/2 769/943/2 570/2056/2
f 570/2056/2 794/3914/2 771/1777/2
f 114/4084/1 113/4085/1 115/243/1
f 114/4084/1 115/243/1 122/4086/1
f 121/2058/1 114/4084/1 122/4086/1
f 126/2059/1 130/73/1 129/4087/1
f 121/2058/1 122/4086/1 126/2059/1
f 126/2059/1 129/4087/1 125/2057/1
f 2458/928/2 2439/4064/2 2462/4063/2
f 2458/928/2 2462/4063/2 2461/2251/2
f 2483/2977/2 2458/928/2 2461/2251/2
f 2483/2977/2 2461/2251/2 2484/2060/2
f 2588/3776/2 2584/2468/2 2564/2062/2
f 2564/2062/2 2483/2977/2 2484/2060/2
f 2573/2061/2 2588/3776/2 2564/2062/2
f 2353/2063/4 2375/2094/4 2374/2064/4
f 2363/2066/3 2390/2223/3 2362/2067/3
f 2369/2068/4 2402/4088/4 2401/2069/4
f 2404/1982/5 2403/2172/5 2379/2070/5
f 2341/2047/6 2367/2049/6 2393/2071/6
f 402/1377/2 386/3614/2 487/2073/2
f 2273/1907/6 2271/1965/6 2289/1750/6
f 2289/1750/6 2290/3887/6 2278/4089/6
f 2273/1907/6 2289/1750/6 2278/4089/6
f 2387/4090/6 2388/4091/6 2363/2075/6
f 2363/2075/6 2273/1907/6 2278/4089/6
f 2363/2075/6 2278/4089/6 2292/4092/6
f 2348/2076/6 2387/4090/6 2363/2075/6
f 2363/2075/6 2292/4092/6 2323/1749/6
f 2407/2077/3 2392/1950/3 2386/1802/3
f 1014/2080/4 1013/3200/4 904/2078/4
f 904/2078/4 905/3203/4 906/2079/4
f 2368/2081/3 2410/2226/3 2393/2008/3
f 2396/2019/5 2397/2155/5 2394/2082/5
f 1123/3236/4 1088/3199/4 1108/833/4
f 1108/833/4 1211/1896/4 1210/2083/4
f 1124/2084/4 1123/3236/4 1108/833/4
f 2011/514/2 2000/108/2 1984/106/2
f 1984/106/2 1973/106/2 1987/199/2
f 2415/2085/5 2416/2213/5 2414/2086/5
f 2441/4093/1 2444/4094/1 2312/1010/1
f 2312/1010/1 2293/3329/1 2310/2088/1
f 2408/2089/1 2441/4093/1 2312/1010/1
f 2516/2091/1 2400/4095/1 2397/1927/1
f 2397/1927/1 2396/4016/1 2399/2090/1
f 2399/2090/1 2517/4096/1 2516/2091/1
f 2313/4097/4 2449/4098/4 2447/4099/4
f 2447/4099/4 2595/3311/4 2577/2236/4
f 2577/2236/4 2576/1110/4 2575/2138/4
f 2540/2092/4 2555/2139/4 2538/3300/4
f 2577/2236/4 2575/2138/4 2540/2092/4
f 2447/4099/4 2577/2236/4 2540/2092/4
f 2538/3300/4 2537/3299/4 2471/2130/4
f 2313/4097/4 2447/4099/4 2540/2092/4
f 2216/4100/4 2315/2103/4 2313/4097/4
f 2208/4101/4 2218/4102/4 2216/4100/4
f 2049/2904/4 2051/2906/4 2086/4103/4
f 2086/4103/4 2208/4101/4 2216/4100/4
f 2540/2092/4 2538/3300/4 2471/2130/4
f 2472/2129/4 2446/2128/4 2404/4104/4
f 2540/2092/4 2471/2130/4 2472/2129/4
f 2086/4103/12 2216/4100/12 2313/4097/12
f 2085/4105/4 2049/2904/4 2086/4103/4
f 2244/1957/4 2130/2903/4 2132/2905/4
f 2132/2905/4 2085/4105/4 2086/4103/4
f 2404/4104/4 2402/4088/4 2411/4106/4
f 2411/4106/4 2394/2898/4 2397/2900/4
f 2411/4106/4 2397/2900/4 2400/2902/4
f 2472/2129/4 2404/4104/4 2411/4106/4
f 2132/2905/4 2086/4103/4 2313/4097/4
f 2262/4034/4 2244/1957/4 2132/2905/4
f 2353/2063/4 2261/1958/4 2262/4034/4
f 2398/4107/4 2374/2064/4 2375/2094/4
f 2375/2094/4 2353/2063/4 2262/4034/4
f 2262/4034/4 2132/2905/4 2313/4097/4
f 2472/2129/4 2411/4106/4 2400/2902/4
f 2472/2129/4 2400/2902/4 2516/2901/4
f 2375/2094/4 2262/4034/4 2313/4097/4
f 2519/2093/4 2398/4107/4 2375/2094/4
f 2540/2092/4 2472/2129/4 2516/2901/4
f 2540/2092/4 2516/2901/4 2519/2093/4
f 2375/2094/13 2313/4097/13 2540/2092/13
f 2652/2095/2 2731/4108/2 2730/2096/2
f 2006/3736/6 2007/3735/6 1921/4109/6
f 2006/3736/6 1921/4109/6 1920/4110/6
f 1919/4111/6 2006/3736/6 1920/4110/6
f 1919/4111/6 1920/4110/6 1910/4112/6
f 1735/3752/6 1758/3751/6 1880/2099/6
f 1880/2099/6 1919/4111/6 1910/4112/6
f 1880/2099/6 1910/4112/6 1881/2098/6
f 1779/1616/6 1735/3752/6 1880/2099/6
f 2424/2100/4 2425/4113/4 2434/2101/4
f 2475/3307/4 2495/3309/4 2489/3308/4
f 2489/3308/4 2448/4099/4 2450/4098/4
f 2377/4114/4 2314/4097/4 2316/2103/4
f 2475/3307/4 2489/3308/4 2450/4098/4
f 2450/4098/4 2377/4114/4 2316/2103/4
f 2316/2103/4 2217/4100/4 2220/4102/4
f 2316/2103/4 2220/4102/4 2317/4115/4
f 2475/3307/4 2450/4098/4 2316/2103/4
f 2413/2105/4 2476/3305/4 2475/3307/4
f 2333/2104/4 2415/3127/4 2413/2105/4
f 2316/2103/4 2317/4115/4 2333/2104/4
f 2413/2105/4 2475/3307/4 2316/2103/4
f 2459/4116/6 2390/4004/6 2363/2075/6
f 2391/4117/6 2388/4091/6 2387/4090/6
f 2459/4116/6 2363/2075/6 2391/4117/6
f 2503/4118/6 2459/4116/6 2391/4117/6
f 2391/4117/6 2387/4090/6 2365/4119/6
f 2365/4119/6 2438/2120/6 2439/4120/6
f 2391/4117/6 2365/4119/6 2439/4120/6
f 2568/2106/6 2503/4118/6 2391/4117/6
f 2584/4121/6 2585/4122/6 2568/2106/6
f 2564/4123/6 2584/4121/6 2568/2106/6
f 2568/2106/6 2391/4117/6 2439/4120/6
f 2568/2106/6 2439/4120/6 2458/2107/6
f 2483/2108/6 2564/4123/6 2568/2106/6
f 2518/2110/2 2350/3853/2 2351/1716/2
f 2351/1716/2 2398/4124/2 2519/2109/2
f 2449/1855/5 2450/2023/5 2448/2111/5
f 2453/2112/5 2454/2147/5 2451/2113/5
f 2426/2117/1 2456/4125/1 2437/2118/1
f 2433/2121/6 2460/2143/6 2461/2107/6
f 2461/2107/6 2462/4120/6 2443/2120/6
f 2443/2120/6 2349/2076/6 2364/2072/6
f 2443/2120/6 2364/2072/6 2366/2051/6
f 2433/2121/4 2461/2107/4 2443/2120/4
f 2443/525/3 2462/2222/3 2439/2066/3
f 2464/2122/6 2466/4126/6 2444/2123/6
f 2463/2125/3 2444/2009/3 2441/1835/3
f 2445/2134/1 2403/2886/1 2404/2885/1
f 2445/2134/1 2404/2885/1 2446/2126/1
f 2537/2808/1 2536/2807/1 2470/2127/1
f 2470/2127/1 2445/2134/1 2446/2126/1
f 2471/2091/1 2537/2808/1 2470/2127/1
f 2263/2430/2 2301/4044/2 2337/4127/2
f 2337/4127/2 2338/1989/2 2358/4048/2
f 2357/3810/2 2384/1644/2 2389/926/2
f 2337/4127/2 2358/4048/2 2357/3810/2
f 2248/4128/2 2264/4129/2 2263/2430/2
f 2287/4045/2 2286/2432/2 2265/2431/2
f 2266/4046/2 2287/4045/2 2265/2431/2
f 2266/4046/2 2265/2431/2 2248/4128/2
f 2269/1172/2 2267/4047/2 2249/4130/2
f 2249/4130/2 2266/4046/2 2248/4128/2
f 2232/4009/2 2269/1172/2 2249/4130/2
f 2175/1861/2 2159/3989/2 2222/1910/2
f 2222/1910/2 2232/4009/2 2249/4130/2
f 2222/1910/2 2249/4130/2 2248/4128/2
f 2174/3573/2 2175/1861/2 2222/1910/2
f 2208/3575/2 2188/3574/2 2174/3573/2
f 2219/2132/2 2218/2010/2 2208/3575/2
f 2317/2025/2 2220/4065/2 2219/2132/2
f 2318/2024/2 2317/2025/2 2219/2132/2
f 2219/2132/2 2208/3575/2 2174/3573/2
f 2174/3573/2 2222/1910/2 2248/4128/2
f 2174/3573/2 2248/4128/2 2263/2430/2
f 2333/2011/2 2334/4069/2 2336/4131/2
f 2416/4132/2 2415/4133/2 2333/2011/2
f 2522/3782/2 2521/2349/2 2416/4132/2
f 2582/2131/2 2523/3783/2 2498/4134/2
f 2498/4134/2 2522/3782/2 2416/4132/2
f 2416/4132/2 2333/2011/2 2336/4131/2
f 2498/4134/2 2416/4132/2 2336/4131/2
f 2608/3786/2 2581/3784/2 2582/2131/2
f 2582/2131/2 2498/4134/2 2336/4131/2
f 2582/2131/2 2336/4131/2 2318/2024/2
f 2623/1590/2 2608/3786/2 2582/2131/2
f 2583/4135/2 2611/3775/2 2623/1590/2
f 2526/4136/2 2565/4137/2 2583/4135/2
f 2546/4138/2 2545/4139/2 2526/4136/2
f 2568/2062/2 2567/4140/2 2546/4138/2
f 2479/2978/2 2503/2977/2 2568/2062/2
f 2419/598/2 2436/2116/2 2455/2115/2
f 2455/2115/2 2479/2978/2 2568/2062/2
f 2455/2115/2 2568/2062/2 2546/4138/2
f 2380/2979/2 2419/598/2 2455/2115/2
f 2357/3810/2 2389/926/2 2380/2979/2
f 2357/3810/2 2380/2979/2 2455/2115/2
f 2455/2115/2 2546/4138/2 2526/4136/2
f 2583/4135/2 2623/1590/2 2582/2131/2
f 2455/2115/2 2526/4136/2 2583/4135/2
f 2337/4127/2 2357/3810/2 2455/2115/2
f 2219/2132/2 2174/3573/2 2263/2430/2
f 2263/2430/2 2337/4127/2 2455/2115/2
f 2455/2115/2 2583/4135/2 2582/2131/2
f 2582/2131/2 2318/2024/2 2219/2132/2
f 2219/2132/2 2263/2430/2 2455/2115/2
f 2474/2133/1 2473/3322/1 2454/998/1
f 2454/2135/4 2473/4141/4 2477/2136/4
f 1350/4142/4 1409/4143/4 1410/4144/4
f 1350/4142/4 1410/4144/4 1384/4145/4
f 1351/1323/4 1352/3591/4 1350/4142/4
f 1443/3489/4 1442/3488/4 1396/2141/4
f 1351/1323/4 1350/4142/4 1384/4145/4
f 1397/2140/4 1443/3489/4 1396/2141/4
f 1351/1323/4 1384/4145/4 1397/2140/4
f 2481/2142/6 2484/2108/6 2461/2107/6
f 2486/2144/3 2488/2225/3 2469/2081/3
f 2477/2145/3 2473/517/3 2474/2146/3
f 2493/2070/5 2494/2228/5 2491/2148/5
f 1111/3849/1 1110/3851/1 1158/3850/1
f 1158/3850/1 1157/3504/1 1146/2150/1
f 1170/3503/1 1159/3500/1 1147/2151/1
f 1136/2152/1 1111/3849/1 1158/3850/1
f 1146/2150/1 1170/3503/1 1147/2151/1
f 1136/2152/1 1158/3850/1 1146/2150/1
f 2508/2153/6 2509/2776/6 2468/2154/6
f 2518/1926/5 2519/2052/5 2516/2155/5
f 990/2033/4 980/2032/4 977/4146/4
f 990/2033/4 977/4146/4 955/4147/4
f 1053/2656/4 1040/2034/4 990/2033/4
f 1301/3568/4 1300/1301/4 1073/2657/4
f 1073/2657/4 1053/2656/4 990/2033/4
f 990/2033/4 955/4147/4 942/2156/4
f 942/2156/4 808/891/4 788/3246/4
f 788/3246/4 791/3245/4 821/3242/4
f 788/3246/4 821/3242/4 823/3241/4
f 1301/3568/4 1073/2657/4 990/2033/4
f 1494/3646/4 1464/610/4 1518/3217/4
f 1491/1395/4 1494/3646/4 1518/3217/4
f 1491/1395/4 1518/3217/4 1301/3568/4
f 1323/4148/4 1491/1395/4 1301/3568/4
f 1254/3235/4 1323/4148/4 1301/3568/4
f 1248/3231/4 1251/3230/4 1254/3235/4
f 1248/3231/4 1254/3235/4 1301/3568/4
f 1248/3231/4 1301/3568/4 990/2033/4
f 1184/3232/4 1248/3231/4 990/2033/4
f 942/2156/4 788/3246/4 823/3241/4
f 829/3240/4 832/3239/4 857/966/4
f 942/2156/4 823/3241/4 829/3240/4
f 1152/1685/4 1184/3232/4 990/2033/4
f 857/966/4 861/968/4 848/2157/4
f 860/967/4 862/3298/4 1152/1685/4
f 829/3240/4 857/966/4 848/2157/4
f 860/967/4 1152/1685/4 990/2033/4
f 942/2156/4 829/3240/4 848/2157/4
f 860/967/4 990/2033/4 942/2156/4
f 2527/2158/3 2504/2077/3 2502/1912/3
f 2293/4149/6 2294/4150/6 2275/3886/6
f 2392/2161/6 2407/644/6 2504/3055/6
f 2504/3055/6 2527/3054/6 2528/2178/6
f 2528/2178/6 2529/2177/6 2505/2153/6
f 2528/2178/6 2505/2153/6 2465/2122/6
f 2504/3055/6 2528/2178/6 2465/2122/6
f 2504/3055/6 2465/2122/6 2440/4151/6
f 2504/3055/6 2440/4151/6 2432/4152/6
f 2432/4152/6 2442/2124/6 2441/2123/6
f 2432/4152/6 2441/2123/6 2408/4153/6
f 2392/2161/6 2504/3055/6 2432/4152/6
f 2293/4149/6 2275/3886/6 2274/2160/6
f 2432/4152/6 2408/4153/6 2310/2159/6
f 2310/2159/6 2293/4149/6 2274/2160/6
f 2392/2161/6 2432/4152/6 2310/2159/6
f 1972/1742/4 1971/1744/4 1828/1632/4
f 1828/1632/4 1827/1634/4 1666/3483/4
f 1666/3483/4 1665/3482/4 1663/3486/4
f 1666/3483/4 1663/3486/4 1644/3485/4
f 1828/1632/4 1666/3483/4 1644/3485/4
f 1623/3484/4 1622/3487/4 1443/3489/4
f 1828/1632/4 1644/3485/4 1623/3484/4
f 2002/3474/4 2001/3477/4 1972/1742/4
f 2002/3474/4 1972/1742/4 1828/1632/4
f 1741/4154/4 1886/4155/4 1884/4156/4
f 1884/4156/4 2002/3474/4 1828/1632/4
f 1623/3484/4 1443/3489/4 1397/2140/4
f 1497/3102/4 1743/2192/4 1741/4154/4
f 1453/3017/4 1454/626/4 1466/3022/4
f 1466/3022/4 1497/3102/4 1741/4154/4
f 1828/1632/4 1623/3484/4 1397/2140/4
f 1397/2140/4 1410/4144/4 1409/4143/4
f 1397/2140/4 1409/4143/4 1486/4157/4
f 1466/3022/4 1741/4154/4 1884/4156/4
f 1662/1524/4 1453/3017/4 1466/3022/4
f 1701/4158/4 1642/1525/4 1662/1524/4
f 1806/4159/4 1701/4158/4 1662/1524/4
f 1662/1524/4 1466/3022/4 1884/4156/4
f 1397/2140/4 1486/4157/4 1496/838/4
f 1397/2140/4 1496/838/4 1546/839/4
f 1830/4160/4 1806/4159/4 1662/1524/4
f 1822/4053/4 1825/1997/4 1830/4160/4
f 1736/4052/4 1739/1998/4 1822/4053/4
f 1765/4161/4 1736/4052/4 1822/4053/4
f 1830/4160/4 1662/1524/4 1884/4156/4
f 1822/4053/4 1830/4160/4 1884/4156/4
f 1397/2140/4 1546/839/4 1543/4051/4
f 1397/2140/4 1543/4051/4 1574/1679/4
f 1822/4053/4 1884/4156/4 1828/1632/4
f 1765/4161/4 1822/4053/4 1828/1632/4
f 1397/2140/4 1574/1679/4 1604/1678/4
f 1604/1678/4 1592/3833/4 1660/4162/4
f 1604/1678/4 1660/4162/4 1698/4163/4
f 1828/1632/4 1397/2140/4 1604/1678/4
f 1765/4161/4 1828/1632/4 1604/1678/4
f 1604/1678/4 1698/4163/4 1726/2162/4
f 1740/2163/4 1765/4161/4 1604/1678/4
f 2514/2164/6 2532/4164/6 2531/2165/6
f 2531/2167/2 2532/2179/2 2530/2168/2
f 2530/199/5 2532/514/5 2534/108/5
f 1565/1461/6 1595/3964/6 1596/2169/6
f 2535/2171/3 2513/2144/3 2509/1977/3
f 2538/2082/5 2539/2249/5 2536/2172/5
f 2543/2087/5 2544/2086/5 2542/2175/5
f 2548/2176/6 2549/1736/6 2529/2177/6
f 2534/2179/2 2552/2197/2 2550/2180/2
f 2450/2182/2 2449/2255/2 2313/2012/2
f 2313/2012/2 2314/2011/2 2377/2181/2
f 1192/2185/2 1173/3825/2 1165/2183/2
f 1165/2183/2 1224/1668/2 1222/2184/2
f 2762/2742/6 2763/326/6 2748/4165/6
f 2747/2187/6 2859/2466/6 2860/2443/6
f 2747/2187/6 2860/2443/6 2844/972/6
f 2762/2742/6 2748/4165/6 2747/2187/6
f 2808/2738/6 2787/2743/6 2782/2186/6
f 2782/2186/6 2762/2742/6 2747/2187/6
f 2747/2187/6 2844/972/6 2828/974/6
f 2807/2188/6 2808/2738/6 2782/2186/6
f 2747/2187/6 2828/974/6 2807/2188/6
f 616/4166/2 615/3633/2 589/3349/2
f 589/3349/2 689/794/2 685/796/2
f 685/796/2 711/795/2 707/3883/2
f 707/3883/2 726/3879/2 722/2189/2
f 755/2190/2 783/1731/2 803/3878/2
f 685/796/2 707/3883/2 722/2189/2
f 589/3349/2 685/796/2 722/2189/2
f 619/4167/2 616/4166/2 589/3349/2
f 682/3607/2 677/1391/2 648/4168/2
f 648/4168/2 619/4167/2 589/3349/2
f 682/3607/2 648/4168/2 589/3349/2
f 781/2191/2 721/1368/2 706/1370/2
f 706/1370/2 682/3607/2 589/3349/2
f 706/1370/2 589/3349/2 722/2189/2
f 803/3878/2 802/3875/2 782/3874/2
f 755/2190/2 803/3878/2 782/3874/2
f 781/2191/2 706/1370/2 722/2189/2
f 755/2190/2 782/3874/2 781/2191/2
f 1577/2193/4 1578/3103/4 1579/757/4
f 1611/2194/4 1768/1154/4 1770/3462/4
f 1577/2193/4 1579/757/4 1611/2194/4
f 1611/2194/4 1770/3462/4 1744/2192/4
f 2818/1792/4 2767/1791/4 2770/4169/4
f 2818/1792/4 2770/4169/4 2773/2337/4
f 2879/2491/4 2921/2490/4 2920/2195/4
f 2818/1792/4 2773/2337/4 2876/2196/4
f 2876/2196/4 2879/2491/4 2920/2195/4
f 2640/3777/2 2551/2180/2 2553/2197/2
f 2553/2197/2 2667/4170/2 2662/2198/2
f 2644/2199/2 2640/3777/2 2553/2197/2
f 2552/2200/3 2553/4171/3 2551/2201/3
f 2494/2203/1 2493/3321/1 2598/389/1
f 697/2204/4 666/862/4 667/2205/4
f 2572/4172/6 2571/3884/6 2548/2176/6
f 2672/2207/6 2712/3794/6 2694/1623/6
f 2572/4172/6 2548/2176/6 2672/2207/6
f 2639/2206/6 2572/4172/6 2672/2207/6
f 2672/2207/6 2694/1623/6 2674/2208/6
f 500/2074/2 488/2073/2 566/2209/2
f 476/523/1 478/2913/1 560/1435/1
f 2666/4041/1 2668/1974/1 2593/2210/1
f 2593/2210/1 2535/1851/1 2510/2211/1
f 2510/2211/1 2591/2827/1 2621/2212/1
f 2621/2212/1 2666/4041/1 2593/2210/1
f 2603/2213/5 2604/2312/5 2602/2214/5
f 394/1804/2 509/1210/2 521/1209/2
f 521/1209/2 541/1211/2 551/32/2
f 551/32/2 536/2545/2 520/1917/2
f 521/1209/2 551/32/2 520/1917/2
f 372/3926/2 394/1804/2 521/1209/2
f 341/3924/2 373/3925/2 372/3926/2
f 389/1841/2 369/3920/2 341/3924/2
f 473/2216/2 423/3922/2 424/3975/2
f 389/1841/2 341/3924/2 372/3926/2
f 372/3926/2 521/1209/2 520/1917/2
f 372/3926/2 520/1917/2 484/1919/2
f 424/3975/2 389/1841/2 372/3926/2
f 533/2215/2 483/3923/2 473/2216/2
f 473/2216/2 424/3975/2 372/3926/2
f 534/4013/2 570/2056/2 569/3532/2
f 473/2216/2 372/3926/2 484/1919/2
f 519/1918/2 534/4013/2 569/3532/2
f 473/2216/2 484/1919/2 519/1918/2
f 519/1918/2 569/3532/2 533/2215/2
f 1122/1180/6 1098/4173/6 1072/4174/6
f 1072/4174/6 891/4175/6 633/718/6
f 620/690/1 587/691/1 582/640/1
f 1123/3493/1 1122/1180/1 1072/4174/1
f 1013/4176/1 1088/4177/1 1123/3493/1
f 904/4178/1 1013/4176/1 1123/3493/1
f 1123/3493/1 1072/4174/1 633/718/1
f 620/690/1 582/640/1 654/3037/1
f 904/4178/1 1123/3493/1 633/718/1
f 749/4179/1 904/4178/1 633/718/1
f 633/718/1 620/690/1 654/3037/1
f 633/718/1 654/3037/1 655/3388/1
f 747/4180/1 749/4179/1 633/718/1
f 784/4181/1 786/4182/1 747/4180/1
f 804/2218/1 806/4183/1 784/4181/1
f 817/4184/1 819/4185/1 804/2218/1
f 700/3040/1 776/4186/1 775/4187/1
f 775/4187/1 817/4184/1 804/2218/1
f 804/2218/1 784/4181/1 747/4180/1
f 633/718/1 655/3388/1 658/4188/1
f 692/4189/1 690/3387/1 729/4190/1
f 633/718/1 658/4188/1 692/4189/1
f 804/2218/1 747/4180/1 633/718/1
f 700/3040/1 775/4187/1 804/2218/1
f 680/3038/1 673/639/1 700/3040/1
f 652/3389/1 650/3036/1 680/3038/1
f 723/1132/1 652/3389/1 680/3038/1
f 804/2218/1 633/718/1 692/4189/1
f 729/4190/1 743/4191/1 744/4192/1
f 804/2218/1 692/4189/1 729/4190/1
f 723/1132/1 680/3038/1 700/3040/1
f 756/2217/1 723/1132/1 700/3040/1
f 804/2218/1 729/4190/1 744/4192/1
f 744/4192/1 760/1566/1 761/1567/1
f 756/2217/1 700/3040/1 804/2218/1
f 804/2218/1 744/4192/1 761/1567/1
f 2573/4123/6 2484/2108/6 2506/2165/6
f 2530/4164/6 2533/2254/6 2550/4193/6
f 2573/4123/6 2506/2165/6 2530/4164/6
f 2616/4122/6 2588/4121/6 2589/2221/6
f 2589/2221/6 2573/4123/6 2530/4164/6
f 2530/4164/6 2550/4193/6 2551/2219/6
f 2640/2220/6 2641/2243/6 2616/4122/6
f 2589/2221/6 2530/4164/6 2551/2219/6
f 2640/2220/6 2616/4122/6 2589/2221/6
f 2588/2222/3 2616/2353/3 2585/2223/3
f 2617/2224/3 2590/2125/3 2586/1950/3
f 2594/2225/3 2622/2294/3 2554/2226/3
f 2595/1949/5 2596/2111/5 2578/2227/5
f 2599/2172/5 2600/2278/5 2597/2228/5
f 2541/2229/2 2542/4194/2 2654/2095/2
f 2021/2230/2 2019/3583/2 2005/2231/2
f 2040/2232/2 2054/2296/2 2021/2230/2
f 2578/2233/2 2628/4195/2 2627/2234/2
f 2577/2236/4 2627/3310/4 2629/2237/4
f 913/4196/1 914/3598/1 882/1344/1
f 850/287/1 849/2328/1 865/3016/1
f 850/287/1 865/3016/1 866/623/1
f 913/4196/1 882/1344/1 850/287/1
f 929/3599/1 915/1345/1 913/4196/1
f 924/4197/1 929/3599/1 913/4196/1
f 913/4196/1 850/287/1 866/623/1
f 911/625/1 881/624/1 880/4198/1
f 913/4196/1 866/623/1 911/625/1
f 924/4197/1 913/4196/1 911/625/1
f 911/625/1 880/4198/1 859/3803/1
f 859/3803/1 941/3802/1 945/4199/1
f 945/4199/1 942/3801/1 955/3994/1
f 945/4199/1 955/3994/1 947/3993/1
f 911/625/1 859/3803/1 945/4199/1
f 924/4197/1 911/625/1 945/4199/1
f 924/4197/1 945/4199/1 947/3993/1
f 1012/2241/1 936/3597/1 932/1346/1
f 932/1346/1 924/4197/1 947/3993/1
f 932/1346/1 947/3993/1 948/1893/1
f 1034/1096/1 1033/1099/1 1018/3381/1
f 1008/4200/1 1017/3375/1 1034/1096/1
f 997/3995/1 993/1070/1 1008/4200/1
f 964/3992/1 996/3991/1 998/4201/1
f 998/4201/1 997/3995/1 1008/4200/1
f 1008/4200/1 1034/1096/1 1018/3381/1
f 1008/4200/1 1018/3381/1 1009/2240/1
f 964/3992/1 998/4201/1 1008/4200/1
f 932/1346/1 948/1893/1 949/2239/1
f 949/2239/1 964/3992/1 1008/4200/1
f 949/2239/1 1008/4200/1 1009/2240/1
f 1012/2241/1 932/1346/1 949/2239/1
f 2644/2242/6 2645/4202/6 2641/2243/6
f 2653/2023/5 2654/2175/5 2652/2244/5
f 368/4203/5 367/4204/5 365/2245/5
f 365/2245/5 363/4205/5 364/2246/5
f 366/2247/5 368/4203/5 365/2245/5
f 2657/2228/5 2658/2326/5 2655/2248/5
f 1292/1328/6 1293/1330/6 1281/3540/6
f 1485/1431/6 1489/3654/6 1735/3752/6
f 1735/3752/6 1760/3732/6 1759/3731/6
f 1616/3730/6 1617/3729/6 1601/3705/6
f 1735/3752/6 1759/3731/6 1616/3730/6
f 1616/3730/6 1601/3705/6 1587/1487/6
f 1568/4206/6 1589/1488/6 1588/1479/6
f 1735/3752/6 1616/3730/6 1587/1487/6
f 1568/4206/6 1588/1479/6 1514/4207/6
f 1735/3752/6 1587/1487/6 1568/4206/6
f 1485/1431/6 1735/3752/6 1568/4206/6
f 1568/4206/6 1514/4207/6 1292/1328/6
f 1292/1328/6 1281/3540/6 1280/1260/6
f 1292/1328/6 1280/1260/6 1461/1432/6
f 1485/1431/6 1568/4206/6 1292/1328/6
f 2649/2155/5 2650/2264/5 2647/2249/5
f 594/108/3 590/108/3 588/106/3
f 588/106/3 598/199/3 597/514/3
f 2366/4208/2 2393/3369/2 2410/3368/2
f 2421/2250/2 2512/2167/2 2481/2060/2
f 2366/4208/2 2410/3368/2 2421/2250/2
f 2433/2252/2 2366/4208/2 2421/2250/2
f 2421/2250/2 2481/2060/2 2460/2251/2
f 2514/2164/6 2592/2774/6 2554/2253/6
f 2596/2233/2 2595/2235/2 2447/2255/2
f 2447/2255/2 2448/2182/2 2489/2256/2
f 2667/526/3 2675/4209/3 2663/2222/3
f 2676/2257/3 2668/2171/3 2666/2009/3
f 2629/2258/1 2630/4210/1 2650/2259/1
f 528/649/1 530/648/1 492/2980/1
f 491/600/1 502/2959/1 596/2261/1
f 528/649/1 492/2980/1 491/600/1
f 636/717/1 548/3058/1 544/647/1
f 528/649/1 491/600/1 596/2261/1
f 632/718/1 636/717/1 544/647/1
f 544/647/1 528/649/1 596/2261/1
f 596/2261/1 629/2958/1 632/718/1
f 2650/1111/4 2679/3303/4 2680/2262/4
f 2861/514/4 2868/108/4 2791/106/4
f 2791/106/4 2790/108/4 2669/106/4
f 2669/106/4 2592/106/4 2554/199/4
f 2695/514/4 2696/199/4 2812/514/4
f 2669/106/4 2554/199/4 2695/514/4
f 2812/514/4 2829/199/4 2831/514/4
f 2669/106/4 2695/514/4 2812/514/4
f 2812/514/4 2831/514/4 2861/514/4
f 2791/106/4 2669/106/4 2812/514/4
f 2684/2263/3 2685/2378/3 2670/2225/3
f 2627/2052/5 2628/2227/5 2630/2264/5
f 2689/2086/5 2690/2214/5 2688/2265/5
f 2795/4211/2 2687/3755/2 2688/1553/2
f 2795/4211/2 2688/1553/2 2796/2267/2
f 2838/2433/2 2837/2434/2 2820/2266/2
f 2820/2266/2 2795/4211/2 2796/2267/2
f 2821/2268/2 2838/2433/2 2820/2266/2
f 2749/2333/6 2675/4212/6 2667/2269/6
f 2667/2269/6 2553/2219/6 2552/4193/6
f 2554/2253/6 2695/4022/6 2696/2270/6
f 2667/2269/6 2552/4193/6 2554/2253/6
f 2765/2271/6 2749/2333/6 2667/2269/6
f 2812/1937/6 2829/4023/6 2765/2271/6
f 2667/2269/6 2554/2253/6 2696/2270/6
f 2696/2270/6 2812/1937/6 2765/2271/6
f 2536/3299/4 2599/2621/4 2598/2620/4
f 2493/2619/4 2492/2618/4 2490/2136/4
f 2536/3299/4 2598/2620/4 2493/2619/4
f 2470/2130/4 2536/3299/4 2493/2619/4
f 2493/2619/4 2490/2136/4 2474/4141/4
f 2453/2135/4 2452/2137/4 2434/2101/4
f 2470/2130/4 2493/2619/4 2474/4141/4
f 2453/2135/4 2434/2101/4 2425/4113/4
f 2470/2130/4 2474/4141/4 2453/2135/4
f 2379/2069/4 2403/4104/4 2445/2128/4
f 2445/2128/4 2470/2130/4 2453/2135/4
f 2445/2128/4 2453/2135/4 2425/4113/4
f 2445/2128/4 2425/4113/4 2412/4213/4
f 2412/4213/4 2424/2100/4 2423/2102/4
f 2423/2102/4 2258/3088/4 2277/567/4
f 2423/2102/4 2277/567/4 2285/4214/4
f 2379/2069/4 2445/2128/4 2412/4213/4
f 2423/2102/4 2285/4214/4 2354/2272/4
f 2379/2069/4 2412/4213/4 2423/2102/4
f 212/2273/4 213/4215/4 238/2274/4
f 513/2797/6 514/2796/6 413/2880/6
f 413/2880/6 414/2879/6 415/2878/6
f 413/2880/6 415/2878/6 401/468/6
f 38/2277/6 513/2797/6 413/2880/6
f 79/1218/6 39/3516/6 38/2277/6
f 78/3519/6 79/1218/6 38/2277/6
f 38/2277/6 413/2880/6 401/468/6
f 382/470/6 383/3518/6 106/1219/6
f 38/2277/6 401/468/6 382/470/6
f 99/2276/6 78/3519/6 38/2277/6
f 382/470/6 106/1219/6 99/2276/6
f 2703/2249/5 2704/4216/5 2701/2278/5
f 2686/2280/1 2658/1227/1 2657/1228/1
f 2735/2281/1 2753/2028/1 2752/2030/1
f 2686/2280/1 2657/1228/1 2735/2281/1
f 2735/2281/1 2752/2030/1 2734/2279/1
f 1478/2282/2 1468/3686/2 1445/2283/2
f 1457/4217/2 1459/3678/2 1477/3682/2
f 1483/3681/2 1482/3680/2 1478/2282/2
f 1457/4217/2 1477/3682/2 1470/2284/2
f 1470/2284/2 1483/3681/2 1478/2282/2
f 1445/2283/2 1457/4217/2 1470/2284/2
f 2464/1850/1 2463/4094/1 2442/4093/1
f 2464/1850/1 2442/4093/1 2465/4218/1
f 2586/2828/1 2590/2827/1 2508/2211/1
f 2508/2211/1 2464/1850/1 2465/4218/1
f 2508/2211/1 2465/4218/1 2505/2046/1
f 2549/2286/1 2586/2828/1 2508/2211/1
f 2508/2211/1 2505/2046/1 2529/2285/1
f 2714/324/6 2848/2444/6 2815/2379/6
f 2793/2287/6 2685/2740/6 2684/2739/6
f 2714/324/6 2815/2379/6 2793/2287/6
f 2793/2287/6 2684/2739/6 2700/2288/6
f 2682/2367/2 2663/2198/2 2675/4170/2
f 2749/2289/2 2764/4219/2 2760/4220/2
f 2682/2367/2 2675/4170/2 2749/2289/2
f 2722/2291/2 2682/2367/2 2749/2289/2
f 2749/2289/2 2760/4220/2 2723/2290/2
f 2713/2292/2 2813/4/2 2812/2293/2
f 2699/2294/3 2713/2423/3 2696/526/3
f 2714/2295/3 2700/2263/3 2698/2144/3
f 2038/3584/2 2019/3583/2 2021/2230/2
f 2054/2296/2 2092/3581/2 2091/3580/2
f 2038/3584/2 2021/2230/2 2054/2296/2
f 2051/2298/2 2004/3585/2 2038/3584/2
f 2087/3576/2 2086/1833/2 2051/2298/2
f 2073/3578/2 2087/3576/2 2051/2298/2
f 2051/2298/2 2038/3584/2 2054/2296/2
f 2054/2296/2 2091/3580/2 2074/2297/2
f 2074/2297/2 2073/3578/2 2051/2298/2
f 777/2299/5 775/923/5 776/2300/5
f 776/2300/5 778/4221/5 779/877/5
f 1650/2301/2 1656/3916/2 1680/2302/2
f 1977/1754/1 1978/3985/1 1965/3987/1
f 1977/1754/1 1965/3987/1 1957/3855/1
f 1949/3952/1 1976/1752/1 1977/1754/1
f 1958/1717/1 1940/3854/1 1954/2304/1
f 1954/2304/1 1949/3952/1 1977/1754/1
f 1977/1754/1 1957/3855/1 1958/1717/1
f 2759/2687/1 2746/2680/1 2745/3123/1
f 2759/2687/1 2745/3123/1 2743/4222/1
f 2637/3843/1 2636/3842/1 2691/4223/1
f 2744/3122/1 2841/3121/1 2859/1039/1
f 2744/3122/1 2859/1039/1 2747/1976/1
f 2744/3122/1 2747/1976/1 2727/1975/1
f 2727/1975/1 2726/416/1 2712/611/1
f 2727/1975/1 2712/611/1 2725/613/1
f 2743/4222/1 2744/3122/1 2727/1975/1
f 2638/2306/1 2637/3843/1 2691/4223/1
f 2743/4222/1 2727/1975/1 2725/613/1
f 2720/2305/1 2721/2985/1 2671/612/1
f 2743/4222/1 2725/613/1 2720/2305/1
f 2563/3839/1 2569/3838/1 2547/4224/1
f 2456/4125/1 2480/3837/1 2524/3836/1
f 2524/3836/1 2563/3839/1 2547/4224/1
f 2457/4225/1 2456/4125/1 2524/3836/1
f 2500/2045/1 2501/4226/1 2499/4227/1
f 2499/4227/1 2457/4225/1 2524/3836/1
f 2499/4227/1 2524/3836/1 2547/4224/1
f 2527/2046/1 2500/2045/1 2499/4227/1
f 2528/2285/1 2527/2046/1 2499/4227/1
f 2528/2285/1 2499/4227/1 2547/4224/1
f 2673/2984/1 2672/415/1 2548/2286/1
f 2548/2286/1 2528/2285/1 2547/4224/1
f 2548/2286/1 2547/4224/1 2614/1697/1
f 2661/4228/1 2673/2984/1 2548/2286/1
f 2720/2305/1 2671/612/1 2661/4228/1
f 2759/2687/1 2743/4222/1 2720/2305/1
f 2691/4223/1 2759/2687/1 2720/2305/1
f 2720/2305/1 2661/4228/1 2548/2286/1
f 2548/2286/1 2614/1697/1 2638/2306/1
f 2638/2306/1 2691/4223/1 2720/2305/1
f 2726/2307/3 2693/2224/3 2694/2077/3
f 2685/2308/2 2793/5/2 2789/2309/2
f 2729/2281/1 2704/1225/1 2703/3521/1
f 2715/2311/1 2768/2403/1 2767/4229/1
f 2729/2281/1 2703/3521/1 2715/2311/1
f 2715/2311/1 2767/4229/1 2750/2028/1
f 2738/2312/5 2739/88/5 2737/2313/5
f 2711/4230/2 2742/2004/2 2719/2314/2
f 2719/2314/2 2718/3778/2 2709/2315/2
f 2710/2316/2 2711/4230/2 2719/2314/2
f 2321/432/1 2320/4049/1 2305/1945/1
f 2321/432/1 2305/1945/1 2382/3647/1
f 2501/4226/1 2500/2045/1 2321/432/1
f 2457/4225/1 2501/4226/1 2321/432/1
f 2321/432/1 2382/3647/1 2406/2317/1
f 2406/2317/1 2428/1400/1 2437/2118/1
f 2437/2118/1 2457/4225/1 2321/432/1
f 2747/2187/6 2748/4165/6 2728/1624/6
f 2779/2319/2 2856/4231/2 2855/2320/2
f 2730/2111/5 2731/2410/5 2733/2322/5
f 2729/2323/4 2750/3918/4 2753/2324/4
f 2755/2325/5 2754/2426/5 2752/2326/5
f 813/2728/1 716/3804/1 844/1638/1
f 844/1638/1 859/3803/1 880/4198/1
f 844/1638/1 880/4198/1 865/3016/1
f 851/286/1 813/2728/1 844/1638/1
f 850/287/1 851/286/1 844/1638/1
f 844/1638/1 865/3016/1 849/2328/1
f 2643/4232/1 2659/2688/1 2758/212/1
f 2758/212/1 2759/2687/1 2691/4223/1
f 2643/4232/1 2758/212/1 2691/4223/1
f 2609/2692/1 2635/2694/1 2634/2329/1
f 2634/2329/1 2643/4232/1 2691/4223/1
f 2634/2329/1 2691/4223/1 2636/3842/1
f 2612/2330/1 2609/2692/1 2634/2329/1
f 2615/1696/1 2613/3840/1 2612/2330/1
f 2634/2329/1 2636/3842/1 2615/1696/1
f 2664/4233/6 2645/4202/6 2644/2242/6
f 2644/2242/6 2662/2269/6 2663/4212/6
f 2664/4233/6 2644/2242/6 2663/4212/6
f 2683/4234/6 2664/4233/6 2663/4212/6
f 2683/4234/6 2663/4212/6 2682/4235/6
f 2760/4236/6 2761/4237/6 2724/2331/6
f 2724/2331/6 2683/4234/6 2682/4235/6
f 2724/2331/6 2682/4235/6 2722/2332/6
f 2723/2333/6 2760/4236/6 2724/2331/6
f 1887/4155/4 1742/4154/4 1744/2192/4
f 1766/2334/4 1935/1153/4 1937/3461/4
f 1887/4155/4 1744/2192/4 1766/2334/4
f 1898/3475/4 1885/4156/4 1887/4155/4
f 1899/2336/4 1898/3475/4 1887/4155/4
f 1766/2334/4 1937/3461/4 1904/2335/4
f 1899/2336/4 1887/4155/4 1766/2334/4
f 2751/2338/4 2769/4169/4 2768/1791/4
f 2768/1791/4 2715/3302/4 2716/3301/4
f 2717/4238/4 2705/970/4 2706/3304/4
f 2768/1791/4 2716/3301/4 2717/4238/4
f 2751/2338/4 2768/1791/4 2717/4238/4
f 2717/4238/4 2706/3304/4 2732/2339/4
f 2732/2339/4 2878/2491/4 2877/2196/4
f 2732/2339/4 2877/2196/4 2772/2337/4
f 2751/2338/4 2717/4238/4 2732/2339/4
f 1968/2340/2 1980/832/2 2096/1909/2
f 2740/4239/4 2737/2427/4 2739/4240/4
f 2740/4239/4 2739/4240/4 2741/4241/4
f 2757/4242/4 2740/4239/4 2741/4241/4
f 2757/4242/4 2741/4241/4 2797/2342/4
f 2839/4243/4 2757/4242/4 2797/2342/4
f 2896/2343/4 2890/2498/4 2850/2428/4
f 2852/2344/4 2839/4243/4 2797/2342/4
f 2896/2343/4 2850/2428/4 2852/2344/4
f 227/2345/6 282/4244/6 283/2346/6
f 2476/2348/2 2413/4133/2 2414/4132/2
f 2496/2349/2 2544/4194/2 2543/2229/2
f 2476/2348/2 2414/4132/2 2496/2349/2
f 2783/4245/6 2784/4237/6 2764/4236/6
f 2783/4245/6 2764/4236/6 2765/2271/6
f 2861/1936/6 2862/2474/6 2806/2350/6
f 2806/2350/6 2783/4245/6 2765/2271/6
f 2831/2351/6 2861/1936/6 2806/2350/6
f 2764/2352/3 2784/4246/3 2761/2353/3
f 2782/2354/1 2786/2377/1 2785/2355/1
f 2785/2357/3 2766/2257/3 2763/2358/3
f 2787/2360/5 2788/4247/5 2786/2361/5
f 1200/2364/1 1197/4025/1 1215/1824/1
f 1214/2363/1 1232/1823/1 1200/2364/1
f 2769/2264/5 2770/2453/5 2767/2365/5
f 49/4248/6 23/3657/6 22/3656/6
f 49/4248/6 22/3656/6 102/4249/6
f 394/4250/6 49/4248/6 102/4249/6
f 394/4250/6 102/4249/6 248/4251/6
f 509/4252/6 394/4250/6 248/4251/6
f 509/4252/6 248/4251/6 362/4253/6
f 541/4254/6 509/4252/6 362/4253/6
f 541/4254/6 362/4253/6 393/4255/6
f 551/4256/6 541/4254/6 393/4255/6
f 551/4256/6 393/4255/6 396/4257/6
f 647/4258/6 551/4256/6 396/4257/6
f 647/4258/6 396/4257/6 523/4259/6
f 885/4260/6 647/4258/6 523/4259/6
f 885/4260/6 523/4259/6 540/4261/6
f 898/4262/6 885/4260/6 540/4261/6
f 898/4262/6 540/4261/6 550/4263/6
f 935/4264/6 898/4262/6 550/4263/6
f 935/4264/6 550/4263/6 660/4265/6
f 1025/4266/6 935/4264/6 660/4265/6
f 1025/4266/6 660/4265/6 833/4267/6
f 1037/4268/6 1025/4266/6 833/4267/6
f 1037/4268/6 833/4267/6 852/976/6
f 1067/4269/6 1037/4268/6 852/976/6
f 1067/4269/6 852/976/6 869/3312/6
f 1130/4270/6 1067/4269/6 869/3312/6
f 1130/4270/6 869/3312/6 896/4271/6
f 1140/4272/6 1130/4270/6 896/4271/6
f 1140/4272/6 896/4271/6 933/4273/6
f 1165/4274/6 1140/4272/6 933/4273/6
f 1165/4274/6 933/4273/6 1024/4275/6
f 1320/3955/6 1321/3954/6 1224/2370/6
f 1224/2370/6 1165/4274/6 1024/4275/6
f 1224/2370/6 1024/4275/6 1036/4276/6
f 1193/4277/6 1320/3955/6 1224/2370/6
f 1223/4278/6 1193/4277/6 1224/2370/6
f 1224/2370/6 1036/4276/6 1117/4279/6
f 1224/2370/6 1117/4279/6 1138/4280/6
f 1182/2369/6 1223/4278/6 1224/2370/6
f 1224/2370/6 1138/4280/6 1164/2368/6
f 2153/2371/1 2084/3984/1 2083/2372/1
f 2083/2372/1 2204/3139/1 2203/799/1
f 2783/2373/2 2806/4281/2 2804/2374/2
f 2808/2376/1 2809/3835/1 2788/2377/1
f 2793/2378/3 2814/4282/3 2792/2294/3
f 2875/4021/6 2814/1938/6 2793/2287/6
f 2815/2379/6 2848/2444/6 2870/4283/6
f 2875/4021/6 2793/2287/6 2815/2379/6
f 2917/2460/6 2918/4284/6 2874/2381/6
f 2874/2381/6 2875/4021/6 2815/2379/6
f 2815/2379/6 2870/4283/6 2872/2380/6
f 2872/2380/6 2917/2460/6 2874/2381/6
f 853/108/1 839/108/1 843/106/1
f 854/199/1 871/199/1 870/514/1
f 853/108/1 843/106/1 854/199/1
f 2795/787/4 2820/4285/4 2771/2382/4
f 2824/2326/5 2825/2456/5 2822/2384/5
f 2851/2387/2 2736/3780/2 2737/3779/2
f 2851/2387/2 2737/3779/2 2757/2385/2
f 2839/2386/2 2852/2457/2 2851/2387/2
f 2660/1591/2 2664/2198/2 2683/2367/2
f 2681/4286/2 2692/2366/2 2724/2290/2
f 2660/1591/2 2683/2367/2 2681/4286/2
f 2711/4230/2 2710/2316/2 2660/1591/2
f 2896/2487/2 2797/2005/2 2798/4060/2
f 2799/2321/2 2855/2320/2 2896/2487/2
f 2777/4287/2 2799/2321/2 2896/2487/2
f 2777/4287/2 2896/2487/2 2798/4060/2
f 2904/2475/2 2856/4231/2 2779/2319/2
f 2777/4287/2 2798/4060/2 2742/2004/2
f 2858/2476/2 2904/2475/2 2779/2319/2
f 2779/2319/2 2777/4287/2 2742/2004/2
f 2711/4230/2 2660/1591/2 2681/4286/2
f 2779/2319/2 2742/2004/2 2711/4230/2
f 2806/4281/2 2862/1357/2 2858/2476/2
f 2830/4288/2 2827/2391/2 2806/4281/2
f 2803/2392/2 2826/4289/2 2830/4288/2
f 2830/4288/2 2806/4281/2 2858/2476/2
f 2711/4230/2 2681/4286/2 2724/2290/2
f 2761/4220/2 2784/4219/2 2783/2373/2
f 2711/4230/2 2724/2290/2 2761/4220/2
f 2803/2392/2 2830/4288/2 2858/2476/2
f 2803/2392/14 2858/2476/14 2779/2319/14
f 2779/2319/2 2711/4230/2 2761/4220/2
f 2761/4220/2 2783/2373/2 2781/2375/2
f 2804/2374/2 2803/2392/2 2779/2319/2
f 2779/2319/2 2761/4220/2 2781/2375/2
f 2880/2388/1 2819/2029/1 2818/2389/1
f 2818/2389/1 2920/4290/1 2919/2390/1
f 2827/2391/2 2826/4289/2 2803/2392/2
f 2833/974/6 2834/973/6 2810/2393/6
f 2832/2394/3 2809/4291/3 2808/2395/3
f 1130/2397/2 1139/3215/2 1129/2398/2
f 242/2400/4 316/4292/4 318/2401/4
f 2877/4293/1 2876/4294/1 2773/2402/1
f 2773/2402/1 2770/4229/1 2769/2403/1
f 2772/2404/1 2877/4293/1 2773/2402/1
f 2879/2405/2 2878/4295/2 2732/2096/2
f 2732/2096/2 2733/4108/2 2771/2266/2
f 2882/2489/4 2879/2491/4 2771/2382/4
f 2771/2382/4 2820/4285/4 2837/2406/4
f 2835/2407/4 2882/2489/4 2771/2382/4
f 2837/2408/5 2838/2265/5 2836/2409/5
f 2940/4296/5 2942/2507/5 2948/4297/5
f 2947/2411/5 2951/4298/5 2958/2445/5
f 2940/4296/5 2948/4297/5 2947/2411/5
f 2935/2506/5 2941/2508/5 2940/4296/5
f 2929/4299/5 2936/4300/5 2935/2506/5
f 2931/4301/5 2930/4302/5 2929/4299/5
f 2927/4303/5 2928/2456/5 2925/125/5
f 2925/125/5 2931/4301/5 2929/4299/5
f 2929/4299/5 2935/2506/5 2940/4296/5
f 2925/125/5 2929/4299/5 2940/4296/5
f 2949/2413/5 2934/2459/5 2927/4303/5
f 2927/4303/5 2925/125/5 2940/4296/5
f 2949/2413/5 2927/4303/5 2940/4296/5
f 2958/2445/5 2957/2447/5 2950/2412/5
f 2949/2413/5 2940/4296/5 2947/2411/5
f 2947/2411/5 2958/2445/5 2950/2412/5
f 853/2415/2 839/950/2 840/2414/2
f 840/2414/2 874/2747/2 870/835/2
f 2825/2416/4 2884/2495/4 2892/2417/4
f 2833/1691/1 2832/3835/1 2807/2376/1
f 2833/1691/1 2807/2376/1 2828/2419/1
f 2860/1039/1 2863/2479/1 2845/1692/1
f 2845/1692/1 2833/1691/1 2828/2419/1
f 2844/2420/1 2860/1039/1 2845/1692/1
f 2325/4080/6 2326/4079/6 2280/1748/6
f 2280/1748/6 2279/3886/6 2296/4150/6
f 2296/4150/6 2312/4149/6 2444/2123/6
f 2444/2123/6 2466/4126/6 2468/2154/6
f 2444/2123/6 2468/2154/6 2467/2775/6
f 2325/4080/6 2280/1748/6 2296/4150/6
f 2421/2051/6 2422/4081/6 2420/2421/6
f 2325/4080/6 2296/4150/6 2444/2123/6
f 2512/2142/6 2421/2051/6 2420/2421/6
f 2420/2421/6 2325/4080/6 2444/2123/6
f 2444/2123/6 2467/2775/6 2469/2422/6
f 2485/4304/6 2511/2166/6 2512/2142/6
f 2420/2421/6 2444/2123/6 2469/2422/6
f 2469/2422/6 2485/4304/6 2512/2142/6
f 2813/2423/3 2847/4305/3 2829/2352/3
f 2485/4306/2 2469/4307/2 2488/2425/2
f 2488/2425/2 2594/1570/2 2592/1572/2
f 2514/2179/2 2485/4306/2 2488/2425/2
f 2818/2365/5 2819/123/5 2816/2426/5
f 2796/787/4 2688/786/4 2690/3134/4
f 2605/4308/4 2602/3130/4 2604/3129/4
f 2821/4285/4 2796/787/4 2690/3134/4
f 2690/3134/4 2605/4308/4 2604/3129/4
f 2606/4309/4 2738/4240/4 2736/2427/4
f 2690/3134/4 2604/3129/4 2606/4309/4
f 2838/2406/4 2821/4285/4 2690/3134/4
f 2883/2489/4 2836/2407/4 2838/2406/4
f 2849/2428/4 2889/2498/4 2883/2489/4
f 2736/2427/4 2851/2344/4 2849/2428/4
f 2690/3134/4 2606/4309/4 2736/2427/4
f 2849/2428/4 2883/2489/4 2838/2406/4
f 2838/2406/4 2690/3134/4 2736/2427/4
f 2851/2214/5 2852/2313/5 2850/2429/5
f 2263/2430/2 2264/4129/2 2265/2431/2
f 2286/2432/2 2301/4044/2 2263/2430/2
f 2836/2433/2 2883/2458/2 2882/2405/2
f 2843/2435/5 2860/2447/5 2859/2436/5
f 2591/2438/6 2510/360/6 2508/2153/6
f 2590/1738/6 2620/3796/6 2619/2439/6
f 2591/2438/6 2508/2153/6 2590/1738/6
f 2858/2440/5 2862/4310/5 2861/2441/5
f 2863/2443/6 2864/4283/6 2846/2444/6
f 2866/2445/5 2865/2481/5 2863/2446/5
f 2871/2448/5 2872/2485/5 2870/2449/5
f 2867/398/5 2875/4311/5 2874/2451/5
f 2878/2227/5 2879/2322/5 2876/2453/5
f 2919/123/5 2920/2365/5 2921/2322/5
f 2882/2410/5 2883/2409/5 2881/2454/5
f 1451/3676/2 1458/3679/2 1457/4217/2
f 1445/2283/2 1468/3686/2 1467/726/2
f 1451/3676/2 1457/4217/2 1445/2283/2
f 1422/2918/2 1436/2917/2 1451/3676/2
f 1421/2920/2 1422/2918/2 1451/3676/2
f 1445/2283/2 1467/726/2 1413/1382/2
f 1421/2920/2 1451/3676/2 1445/2283/2
f 1399/531/2 1419/2922/2 1420/2455/2
f 1420/2455/2 1421/2920/2 1445/2283/2
f 1445/2283/2 1413/1382/2 1399/531/2
f 2886/2426/5 2887/125/5 2884/2456/5
f 2850/2457/2 2890/2487/2 2889/2458/2
f 2889/2265/5 2890/2429/5 2888/124/5
f 2884/2456/5 2893/4303/5 2891/2459/5
f 2962/2461/6 2867/4021/6 2873/2381/6
f 2962/2461/6 2873/2381/6 2916/4284/6
f 2914/1248/6 2961/3526/6 2962/2461/6
f 2865/3524/6 2912/1246/6 2914/1248/6
f 2915/2460/6 2871/2380/6 2864/4283/6
f 2864/4283/6 2865/3524/6 2914/1248/6
f 2962/2461/6 2916/4284/6 2915/2460/6
f 2915/2460/6 2864/4283/6 2914/1248/6
f 2824/2462/1 2885/2388/1 2884/2463/1
f 2901/2465/6 2902/2514/6 2843/2443/6
f 2899/2412/5 2902/2435/5 2901/2437/5
f 2624/2469/2 2611/3775/2 2583/4135/2
f 2565/4137/2 2545/4139/2 2546/4138/2
f 2624/2469/2 2583/4135/2 2565/4137/2
f 2567/4140/2 2568/2062/2 2585/2468/2
f 2565/4137/2 2546/4138/2 2566/2467/2
f 2566/2467/2 2567/4140/2 2585/2468/2
f 2624/2469/2 2565/4137/2 2566/2467/2
f 148/2470/5 152/4312/5 151/2471/5
f 2903/2473/6 2904/4313/6 2858/2474/6
f 2866/199/2 2907/514/2 2906/108/2
f 2861/1357/2 2911/1164/2 2903/2475/2
f 2903/2442/5 2911/2441/5 2910/2477/5
f 2907/2478/1 2912/2482/1 2865/2479/1
f 2913/2480/5 2914/2450/5 2912/2481/5
f 2915/2482/1 2917/4314/1 2872/2483/1
f 2874/6/2 2918/4315/2 2916/2484/2
f 2916/2452/5 2918/2451/5 2917/2485/5
f 2881/2458/2 2922/2488/2 2921/2486/2
f 2926/2390/1 2925/2492/1 2887/2463/1
f 2888/2487/2 2923/2497/2 2924/2488/2
f 2883/2489/4 2924/2499/4 2922/2490/4
f 2928/2492/1 2927/3120/1 2893/2493/1
f 2887/215/4 2925/2696/4 2928/2494/4
f 2894/2496/2 2933/4316/2 2932/2497/2
f 2890/2498/4 2932/2502/4 2923/2499/4
f 2893/2495/4 2927/2494/4 2934/2500/4
f 2895/2501/4 2939/4317/4 2933/2502/4
f 291/57/3 254/2735/3 255/254/3
f 291/57/3 255/254/3 260/4318/3
f 269/198/3 296/4319/3 292/2505/3
f 261/155/3 267/134/3 269/198/3
f 264/2504/3 261/155/3 269/198/3
f 292/2505/3 291/57/3 260/4318/3
f 292/2505/3 260/4318/3 263/2503/3
f 264/2504/3 269/198/3 292/2505/3
f 2937/2509/5 2944/4320/5 2943/2510/5
f 2956/2512/2 2939/4316/2 2895/2496/2
f 2956/2512/2 2895/2496/2 2897/4321/2
f 2900/2511/2 2903/2475/2 2956/2512/2
f 2956/2512/2 2897/4321/2 2854/2320/2
f 2949/2513/6 2950/3525/6 2899/2514/6
f 2923/124/5 2932/2429/5 2933/2587/5
f 2933/2587/5 2946/1848/5 2945/3977/5
f 2933/2587/5 2945/3977/5 2938/4322/5
f 2931/4301/5 2923/124/5 2933/2587/5
f 2935/2506/5 2936/4300/5 2930/4302/5
f 2930/4302/5 2931/4301/5 2933/2587/5
f 2930/4302/5 2933/2587/5 2938/4322/5
f 2937/2509/5 2935/2506/5 2930/4302/5
f 2943/2510/5 2944/4320/5 2953/2516/5
f 2937/2509/5 2930/4302/5 2938/4322/5
f 2952/2515/5 2943/2510/5 2953/2516/5
f 2953/2516/5 2937/2509/5 2938/4322/5
f 2954/396/5 2962/398/5 2961/2450/5
f 2953/2516/5 2938/4322/5 2954/396/5
f 2951/4298/5 2948/4297/5 2952/2515/5
f 2953/2516/5 2954/396/5 2961/2450/5
f 2958/2445/5 2951/4298/5 2952/2515/5
f 2953/2516/5 2961/2450/5 2959/2480/5
f 2959/2480/5 2958/2445/5 2952/2515/5
f 2955/2517/6 2956/4323/6 2903/2473/6
f 2910/1164/2 2960/1166/2 2955/2512/2
f 2104/2934/6 2105/549/6 2077/2933/6
f 2237/4017/6 2238/4018/6 2224/4324/6
f 2237/4017/6 2224/4324/6 2177/1889/6
f 2237/4017/6 2177/1889/6 2163/1876/6
f 2237/4017/6 2163/1876/6 2122/4325/6
f 2237/4017/6 2122/4325/6 2104/2934/6
f 2178/3990/6 2181/1922/6 2196/1921/6
f 2196/1921/6 2253/1966/6 2254/4006/6
f 2254/4006/6 2179/4005/6 2164/4002/6
f 2141/4001/6 2142/4000/6 2143/3999/6
f 2196/1921/6 2254/4006/6 2164/4002/6
f 2141/4001/6 2143/3999/6 2123/1838/6
f 2178/3990/6 2196/1921/6 2164/4002/6
f 2178/3990/6 2164/4002/6 2141/4001/6
f 2146/1890/6 2178/3990/6 2141/4001/6
f 2123/1838/6 2031/596/6 2018/1999/6
f 2146/1890/6 2141/4001/6 2123/1838/6
f 2078/2932/6 2146/1890/6 2123/1838/6
f 2123/1838/6 2018/1999/6 2043/4056/6
f 2044/4055/6 2030/4058/6 2029/4057/6
f 2078/2932/6 2123/1838/6 2043/4056/6
f 2077/2933/6 2078/2932/6 2043/4056/6
f 2044/4055/6 2029/4057/6 2063/3844/6
f 2077/2933/6 2043/4056/6 2044/4055/6
f 2104/2934/6 2077/2933/6 2044/4055/6
f 2063/3844/6 2076/1703/6 2195/2969/6
f 2104/2934/6 2044/4055/6 2063/3844/6
f 2237/4017/6 2104/2934/6 2063/3844/6
f 2195/2969/6 2210/2968/6 2307/2518/6
f 2237/4017/6 2063/3844/6 2195/2969/6
f 2237/4017/6 2195/2969/6 2307/2518/6
f 2307/2518/6 2308/2013/6 2288/4326/6
f 2307/2518/6 2288/4326/6 2270/2160/6
f 2252/2519/6 2237/4017/6 2307/2518/6
f 2959/2520/1 2961/4327/1 2914/2482/1
l 2377 2378
l 2373 2520
l 2355 2373
l 2355 2376
l 2578 2579
l 2520 2556
l 2378 2376
l 2574 2556
