# Blender 4.4.3
# www.blender.org
mtllib voxel_arbiters_sheath_ms.mtl
o voxel_arbiters_sheath_ms
v -0.061827 -0.027963 -2.769543
v -0.044427 -0.027963 -2.769543
v -0.044427 -0.027963 -2.739901
v -0.027327 -0.027963 -2.739901
v -0.027327 -0.027963 -2.769543
v 0.007173 -0.027963 -2.769543
v -0.061827 0.016212 -2.769543
v -0.061827 0.016212 -2.754593
v -0.044427 0.016212 -2.769543
v -0.044427 0.016212 -2.754593
v -0.009927 0.016212 -2.769543
v -0.009927 0.016212 -2.754593
v 0.007173 0.016212 -2.754593
v 0.007173 0.016212 -2.769543
v -0.044427 0.030767 -2.769543
v -0.044427 0.030767 -2.754593
v -0.009927 0.030767 -2.754593
v -0.009927 0.030767 -2.769543
v -0.061827 -0.013153 -2.739901
v -0.044427 -0.013153 -2.739901
v -0.009927 -0.027963 -2.739901
v -0.009927 -0.013153 -2.739901
v 0.007173 -0.027963 -2.739901
v 0.007173 -0.013153 -2.739901
v -0.061827 0.001402 -2.739901
v 0.007173 0.001402 -2.739901
v 0.007173 0.016212 -2.739901
v -0.061827 0.030767 -2.754593
v -0.044427 0.030767 -2.739901
v 0.007173 0.030767 -2.754593
v -0.044427 -0.042518 -2.739901
v -0.044427 -0.027963 -2.724951
v -0.044427 -0.042518 -2.724951
v -0.044427 -0.042518 -2.710258
v -0.027327 -0.042518 -2.710258
v -0.027327 -0.042518 -2.739901
v -0.009927 -0.042518 -2.739901
v -0.009927 -0.042518 -2.724951
v -0.009927 -0.027963 -2.724951
v -0.061827 -0.013153 -2.724951
v -0.061827 -0.027963 -2.724951
v 0.007173 -0.027963 -2.724951
v 0.024573 -0.027963 -2.739901
v 0.024573 -0.027963 -2.724951
v -0.078927 -0.013153 -2.739901
v -0.078927 0.001402 -2.739901
v -0.078927 0.001402 -2.724951
v -0.078927 -0.013153 -2.724951
v -0.061827 0.001402 -2.724951
v 0.024573 0.001402 -2.739901
v -0.061827 0.016212 -2.724951
v 0.024573 0.001402 -2.680616
v 0.024573 0.016212 -2.680616
v 0.024573 0.016212 -2.739901
v 0.024573 0.016212 -2.724951
v 0.007173 0.016212 -2.724951
v 0.007173 0.030767 -2.724951
v -0.061827 -0.042518 -2.724951
v -0.061827 -0.027963 -2.710258
v -0.061827 -0.042518 -2.710258
v 0.007173 -0.042518 -2.724951
v 0.007173 -0.042518 -2.710258
v 0.007173 -0.027963 -2.710258
v -0.078927 -0.027963 -2.724951
v -0.078927 -0.027963 -2.710258
v 0.024573 -0.013153 -2.695309
v 0.024573 -0.027963 -2.710258
v 0.024573 0.001402 -2.710258
v -0.078927 0.016212 -2.724951
v -0.078927 0.016212 -2.710258
v -0.061827 0.016212 -2.710258
v -0.061827 0.030767 -2.710258
v -0.044427 0.030767 -2.710258
v -0.027327 0.030767 -2.710258
v -0.009927 0.030767 -2.710258
v 0.024573 0.030767 -2.724951
v -0.061827 -0.027963 -2.695309
v -0.061827 -0.042518 -2.695309
v -0.061827 -0.042518 -2.680616
v -0.044427 -0.042518 -2.680616
v -0.044427 -0.027963 -2.680616
v -0.061827 -0.027963 -2.680616
v -0.044427 -0.042518 -2.695309
v -0.009927 -0.042518 -2.695309
v 0.024573 -0.042518 -2.695309
v 0.024573 -0.042518 -2.710258
v 0.007173 -0.042518 -2.680616
v 0.024573 -0.042518 -2.680616
v 0.024573 -0.027963 -2.680616
v -0.078927 -0.027963 -2.695309
v 0.024573 0.001402 -2.695309
v -0.078927 0.016212 -2.680616
v -0.078927 0.001402 -2.680616
v -0.061827 0.016212 -2.680616
v -0.078927 0.030767 -2.710258
v -0.061827 0.030767 -2.695309
v -0.044427 0.030767 -2.695309
v -0.009927 0.030767 -2.695309
v 0.007173 0.030767 -2.695309
v -0.044427 0.045578 -2.710258
v -0.044427 0.045578 -2.695309
v -0.009927 0.045578 -2.695309
v -0.009927 0.045578 -2.710258
v -0.078927 -0.042518 -2.695309
v -0.078927 -0.027963 -2.680616
v 0.007173 -0.027963 -2.680616
v 0.024573 -0.013153 -2.680616
v 0.041673 -0.013153 -2.695309
v 0.041673 -0.013153 -2.680616
v 0.041673 0.001402 -2.680616
v 0.041673 0.001402 -2.695309
v 0.007173 0.030767 -2.665667
v 0.024573 0.016212 -2.665667
v 0.024573 0.030767 -2.665667
v -0.061827 0.045578 -2.695309
v 0.007173 0.045578 -2.695309
v -0.061827 -0.057329 -2.680616
v -0.044427 -0.057329 -2.680616
v -0.027327 -0.057329 -2.665667
v -0.027327 -0.042518 -2.665667
v 0.007173 -0.057329 -2.665667
v 0.007173 -0.057329 -2.680616
v 0.007173 -0.042518 -2.665667
v -0.096327 -0.027963 -2.680616
v 0.041673 -0.027963 -2.680616
v 0.041673 -0.027963 -2.665667
v 0.041673 0.001402 -2.665667
v -0.096327 0.016212 -2.680616
v -0.096327 0.016212 -2.665667
v -0.078927 0.016212 -2.665667
v 0.041673 0.016212 -2.680616
v 0.041673 0.016212 -2.665667
v -0.078927 0.030767 -2.665667
v -0.061827 0.016212 -2.665667
v -0.061827 0.030767 -2.665667
v -0.061827 0.045578 -2.665667
v -0.027327 0.030767 -2.665667
v -0.027327 0.045578 -2.665667
v -0.009927 0.030767 -2.665667
v -0.009927 0.045578 -2.665667
v 0.007173 0.045578 -2.665667
v -0.061827 -0.042518 -2.650974
v -0.061827 -0.057329 -2.650974
v 0.007173 -0.057329 -2.650974
v 0.007173 -0.042518 -2.650974
v -0.078927 -0.027963 -2.650974
v -0.078927 -0.042518 -2.650974
v 0.024573 -0.042518 -2.650974
v 0.024573 -0.027963 -2.650974
v -0.096327 -0.027963 -2.650974
v 0.041673 -0.027963 -2.650974
v -0.096327 0.030767 -2.665667
v -0.096327 0.016212 -2.636024
v -0.078927 0.030767 -2.636024
v 0.041673 0.030767 -2.665667
v -0.078927 0.045578 -2.665667
v -0.078927 0.045578 -2.650974
v -0.078927 0.030767 -2.650974
v -0.044427 0.030767 -2.650974
v -0.044427 0.045578 -2.650974
v -0.061827 0.045578 -2.650974
v -0.027327 0.030767 -2.650974
v -0.027327 0.045578 -2.650974
v -0.009927 0.045578 -2.650974
v -0.009927 0.030767 -2.650974
v 0.007173 0.030767 -2.650974
v 0.007173 0.045578 -2.650974
v 0.024573 0.045578 -2.665667
v -0.027327 0.060133 -2.665667
v -0.027327 0.060133 -2.650974
v -0.009927 0.060133 -2.650974
v -0.009927 0.060133 -2.665667
v -0.078927 -0.057329 -2.650974
v -0.061827 -0.057329 -2.636024
v -0.061827 -0.042518 -2.636024
v -0.027327 -0.057329 -2.636024
v -0.027327 -0.042518 -2.636024
v -0.009927 -0.057329 -2.636024
v 0.007173 -0.057329 -2.636024
v 0.024573 -0.057329 -2.650974
v -0.096327 -0.042518 -2.650974
v 0.041673 -0.042518 -2.650974
v -0.061827 0.045578 -2.636024
v 0.007173 0.045578 -2.636024
v -0.061827 0.060133 -2.650974
v 0.007173 0.060133 -2.650974
v -0.061827 -0.071884 -2.636024
v -0.009927 -0.071884 -2.636024
v 0.007173 -0.071884 -2.636024
v 0.007173 -0.057329 -2.606640
v 0.024573 -0.027963 -2.621332
v 0.041673 -0.027963 -2.621332
v 0.024573 0.016212 -2.621332
v 0.041673 0.016212 -2.621332
v -0.096327 0.030767 -2.606640
v -0.096327 0.016212 -2.606640
v -0.078927 0.030767 -2.606640
v 0.024573 0.030767 -2.621332
v 0.041673 0.030767 -2.621332
v 0.007173 0.045578 -2.621332
v 0.007173 0.030767 -2.621332
v 0.024573 0.045578 -2.621332
v 0.007173 0.060133 -2.621332
v -0.061827 -0.071884 -2.606640
v -0.027327 -0.071884 -2.591690
v -0.009927 -0.071884 -2.591690
v 0.024573 -0.057329 -2.606640
v 0.024573 -0.042518 -2.606640
v -0.096327 -0.027963 -2.606640
v 0.041673 -0.042518 -2.606640
v 0.059073 -0.027963 -2.621332
v -0.096327 0.001402 -2.606640
v 0.041673 0.016212 -2.606640
v 0.059073 0.016212 -2.606640
v 0.059073 0.016212 -2.621332
v 0.024573 0.030767 -2.606640
v 0.024573 0.016212 -2.606640
v 0.041673 0.030767 -2.606640
v -0.078927 0.045578 -2.606640
v -0.061827 0.045578 -2.606640
v 0.041673 0.045578 -2.621332
v -0.061827 0.060133 -2.606640
v -0.044427 0.045578 -2.606640
v -0.044427 0.060133 -2.606640
v 0.024573 0.060133 -2.621332
v -0.061827 -0.057329 -2.591690
v -0.061827 -0.071884 -2.591690
v 0.007173 -0.071884 -2.591690
v 0.007173 -0.057329 -2.591690
v -0.078927 -0.042518 -2.591690
v -0.078927 -0.057329 -2.591690
v -0.061827 -0.042518 -2.591690
v 0.024573 -0.057329 -2.591690
v 0.024573 -0.042518 -2.591690
v 0.041673 -0.057329 -2.606640
v 0.041673 -0.042518 -2.576998
v 0.024573 -0.057329 -2.576998
v -0.096327 -0.027963 -2.591690
v -0.096327 -0.042518 -2.591690
v 0.024573 -0.027963 -2.591690
v 0.041673 -0.042518 -2.591690
v 0.041673 -0.027963 -2.591690
v -0.113427 -0.027963 -2.606640
v -0.113427 -0.027963 -2.591690
v 0.059073 -0.027963 -2.591690
v -0.113427 0.016212 -2.591690
v -0.113427 0.030767 -2.606640
v -0.096327 0.030767 -2.591690
v 0.059073 0.030767 -2.606640
v -0.096327 0.045578 -2.606640
v -0.078927 0.060133 -2.606640
v -0.061827 0.045578 -2.591690
v -0.061827 0.060133 -2.591690
v -0.044427 0.060133 -2.591690
v -0.009927 0.060133 -2.591690
v 0.007173 0.045578 -2.591690
v 0.007173 0.060133 -2.591690
v -0.078927 -0.071884 -2.591690
v -0.044427 -0.071884 -2.576998
v -0.009927 -0.071884 -2.576998
v 0.024573 -0.071884 -2.591690
v -0.096327 -0.057329 -2.591690
v -0.113427 -0.042518 -2.591690
v 0.041673 -0.027963 -2.576998
v 0.059073 -0.042518 -2.591690
v 0.059073 -0.027963 -2.576998
v 0.041673 -0.013153 -2.576998
v 0.059073 -0.013153 -2.576998
v -0.113427 0.030767 -2.562048
v -0.096327 0.030767 -2.562048
v -0.061827 0.074943 -2.591690
v 0.007173 0.074943 -2.591690
v -0.044427 -0.086694 -2.576998
v -0.044427 -0.071884 -2.562048
v -0.044427 -0.086694 -2.562048
v -0.027327 -0.086694 -2.562048
v -0.009927 -0.086694 -2.576998
v -0.009927 -0.086694 -2.562048
v -0.009927 -0.071884 -2.562048
v -0.061827 -0.071884 -2.562048
v 0.007173 -0.071884 -2.562048
v 0.041673 -0.042518 -2.562048
v 0.041673 -0.027963 -2.562048
v 0.041673 -0.013153 -2.547356
v 0.041673 0.016212 -2.562048
v 0.059073 0.016212 -2.562048
v 0.041673 0.030767 -2.562048
v 0.059073 0.030767 -2.562048
v 0.024573 0.045578 -2.562048
v 0.041673 0.045578 -2.562048
v 0.024573 0.060133 -2.562048
v -0.061827 -0.086694 -2.562048
v -0.027327 -0.086694 -2.532406
v -0.009927 -0.086694 -2.532406
v 0.007173 -0.086694 -2.562048
v 0.059073 0.016212 -2.547356
v -0.096327 0.030767 -2.547356
v 0.041673 0.030767 -2.532406
v 0.024573 0.045578 -2.547356
v 0.007173 0.060133 -2.547356
v 0.007173 0.045578 -2.547356
v 0.024573 0.060133 -2.547356
v 0.041673 0.060133 -2.562048
v 0.007173 0.074943 -2.547356
v -0.061827 -0.071884 -2.532406
v 0.041673 -0.042518 -2.532406
v 0.059073 -0.027963 -2.532406
v -0.113427 0.030767 -2.532406
v -0.096327 0.045578 -2.532406
v -0.078927 0.045578 -2.532406
v -0.078927 0.060133 -2.532406
v -0.061827 0.045578 -2.532406
v -0.061827 0.060133 -2.532406
v -0.061827 0.074943 -2.532406
v -0.044427 0.060133 -2.532406
v -0.044427 0.074943 -2.532406
v -0.009927 0.060133 -2.532406
v -0.009927 0.074943 -2.532406
v 0.024573 0.074943 -2.547356
v -0.027327 -0.086694 -2.502764
v -0.009927 -0.086694 -2.502764
v 0.007173 -0.086694 -2.517714
v 0.007173 -0.071884 -2.517714
v 0.024573 -0.071884 -2.517714
v -0.113427 -0.027963 -2.517714
v 0.041673 -0.027963 -2.502764
v 0.041673 -0.042518 -2.502764
v 0.059073 -0.042518 -2.502764
v 0.059073 -0.027963 -2.502764
v -0.113427 0.030767 -2.517714
v -0.096327 0.030767 -2.517714
v 0.041673 0.030767 -2.517714
v 0.059073 0.030767 -2.517714
v -0.096327 0.045578 -2.517714
v -0.078927 0.030767 -2.517714
v 0.024573 0.045578 -2.517714
v 0.024573 0.030767 -2.517714
v 0.041673 0.045578 -2.517714
v -0.096327 0.060133 -2.532406
v -0.078927 0.074943 -2.532406
v -0.061827 0.060133 -2.517714
v -0.061827 0.074943 -2.517714
v -0.044427 0.060133 -2.517714
v -0.044427 0.074943 -2.517714
v -0.009927 0.074943 -2.517714
v -0.009927 0.060133 -2.517714
v 0.007173 0.060133 -2.517714
v 0.007173 0.074943 -2.517714
v -0.044427 0.089498 -2.532406
v -0.044427 0.089498 -2.517714
v -0.009927 0.089498 -2.517714
v -0.009927 0.089498 -2.532406
v -0.061827 -0.071884 -2.502764
v -0.061827 -0.086694 -2.502764
v -0.044427 -0.086694 -2.502764
v 0.024573 -0.086694 -2.517714
v 0.024573 -0.071884 -2.502764
v -0.078927 -0.057329 -2.502764
v -0.078927 -0.071884 -2.502764
v 0.024573 -0.057329 -2.502764
v -0.096327 -0.057329 -2.502764
v 0.041673 -0.057329 -2.502764
v -0.113427 -0.027963 -2.502764
v -0.113427 -0.042518 -2.502764
v -0.113427 0.045578 -2.517714
v 0.059073 0.045578 -2.517714
v -0.061827 0.074943 -2.502764
v -0.061827 0.089498 -2.517714
v -0.061827 0.089498 -2.502764
v 0.007173 0.089498 -2.517714
v -0.044427 -0.101249 -2.502764
v -0.044427 -0.086694 -2.488071
v -0.044427 -0.101249 -2.488071
v -0.009927 -0.101249 -2.502764
v -0.009927 -0.101249 -2.488071
v -0.009927 -0.086694 -2.488071
v -0.078927 -0.086694 -2.502764
v -0.061827 -0.086694 -2.488071
v 0.007173 -0.086694 -2.488071
v 0.024573 -0.086694 -2.473121
v 0.024573 -0.071884 -2.473121
v -0.096327 -0.071884 -2.502764
v 0.041673 -0.071884 -2.502764
v -0.096327 -0.042518 -2.488071
v -0.078927 -0.042518 -2.488071
v 0.041673 -0.042518 -2.488071
v 0.059073 -0.057329 -2.502764
v 0.059073 -0.042518 -2.488071
v -0.113427 -0.042518 -2.488071
v -0.096327 -0.027963 -2.488071
v 0.041673 -0.027963 -2.488071
v 0.059073 -0.027963 -2.488071
v -0.113427 -0.013153 -2.488071
v -0.078927 -0.027963 -2.488071
v 0.024573 -0.027963 -2.488071
v 0.024573 0.001402 -2.488071
v -0.096327 0.016212 -2.488071
v -0.078927 0.016212 -2.488071
v 0.024573 0.016212 -2.488071
v 0.041673 0.016212 -2.488071
v -0.096327 0.030767 -2.488071
v 0.041673 0.030767 -2.488071
v 0.059073 0.030767 -2.488071
v -0.113427 0.045578 -2.488071
v -0.096327 0.045578 -2.488071
v -0.096327 0.060133 -2.488071
v -0.078927 0.060133 -2.488071
v 0.024573 0.060133 -2.488071
v 0.041673 0.060133 -2.488071
v -0.061827 0.074943 -2.488071
v 0.007173 0.074943 -2.488071
v 0.007173 0.060133 -2.488071
v 0.024573 0.074943 -2.488071
v -0.061827 0.089498 -2.488071
v -0.027327 0.089498 -2.488071
v 0.007173 0.089498 -2.488071
v -0.061827 -0.101249 -2.488071
v 0.007173 -0.101249 -2.488071
v -0.078927 -0.071884 -2.473121
v -0.078927 -0.086694 -2.473121
v -0.096327 -0.071884 -2.473121
v 0.024573 -0.057329 -2.473121
v 0.041673 -0.071884 -2.473121
v 0.041673 -0.057329 -2.473121
v -0.096327 -0.042518 -2.473121
v -0.078927 -0.042518 -2.473121
v 0.041673 -0.042518 -2.473121
v 0.059073 -0.057329 -2.473121
v 0.059073 -0.042518 -2.473121
v -0.096327 -0.027963 -2.473121
v -0.078927 -0.027963 -2.473121
v 0.024573 -0.027963 -2.473121
v 0.024573 -0.042518 -2.473121
v 0.041673 -0.027963 -2.473121
v -0.078927 0.016212 -2.473121
v 0.024573 0.016212 -2.458429
v 0.024573 0.016212 -2.473121
v -0.096327 0.030767 -2.473121
v -0.096327 0.016212 -2.473121
v -0.078927 0.030767 -2.473121
v 0.024573 0.030767 -2.473121
v 0.041673 0.016212 -2.473121
v 0.041673 0.030767 -2.473121
v -0.096327 0.060133 -2.473121
v -0.078927 0.060133 -2.473121
v 0.041673 0.045578 -2.473121
v 0.059073 0.030767 -2.473121
v 0.059073 0.045578 -2.473121
v 0.024573 0.045578 -2.473121
v -0.078927 0.074943 -2.473121
v -0.061827 0.060133 -2.473121
v -0.061827 0.074943 -2.473121
v 0.041673 0.074943 -2.488071
v -0.061827 0.089498 -2.473121
v 0.024573 0.089498 -2.488071
v -0.061827 -0.086694 -2.458429
v -0.061827 -0.101249 -2.458429
v 0.007173 -0.101249 -2.458429
v 0.007173 -0.086694 -2.458429
v -0.096327 -0.086694 -2.473121
v -0.078927 -0.086694 -2.458429
v -0.078927 -0.071884 -2.458429
v 0.024573 -0.086694 -2.458429
v 0.024573 -0.071884 -2.458429
v 0.041673 -0.086694 -2.473121
v -0.096327 -0.057329 -2.458429
v -0.078927 -0.057329 -2.458429
v 0.024573 -0.057329 -2.458429
v 0.041673 -0.057329 -2.458429
v -0.096327 -0.042518 -2.458429
v -0.078927 -0.042518 -2.458429
v 0.024573 -0.042518 -2.458429
v 0.041673 -0.042518 -2.458429
v -0.078927 0.030767 -2.458429
v 0.024573 0.030767 -2.458429
v -0.096327 0.045578 -2.458429
v -0.096327 0.030767 -2.458429
v -0.078927 0.045578 -2.458429
v 0.024573 0.045578 -2.458429
v 0.041673 0.030767 -2.458429
v 0.041673 0.045578 -2.458429
v -0.096327 0.074943 -2.473121
v -0.078927 0.089498 -2.473121
v -0.027327 0.074943 -2.458429
v -0.027327 0.089498 -2.458429
v -0.009927 0.074943 -2.458429
v -0.009927 0.089498 -2.458429
v -0.078927 -0.101249 -2.458429
v 0.024573 -0.101249 -2.458429
v 0.024573 -0.101249 -2.443479
v 0.024573 -0.057329 -2.443479
v 0.024573 -0.042518 -2.443479
v -0.078927 0.016212 -2.443479
v -0.078927 0.045578 -2.443479
v 0.024573 0.045578 -2.443479
v -0.096327 0.060133 -2.443479
v -0.096327 0.045578 -2.443479
v -0.078927 0.060133 -2.443479
v 0.024573 0.060133 -2.443479
v 0.041673 0.045578 -2.443479
v 0.041673 0.060133 -2.443479
v -0.061827 0.074943 -2.443479
v -0.061827 0.089498 -2.443479
v -0.044427 0.074943 -2.443479
v -0.044427 0.089498 -2.443479
v -0.027327 0.104053 -2.458429
v -0.009927 0.104053 -2.458429
v -0.078927 -0.057329 -2.428787
v -0.078927 -0.042518 -2.428787
v 0.024573 -0.027963 -2.428787
v -0.078927 0.016212 -2.413837
v -0.078927 0.030767 -2.428787
v -0.078927 0.060133 -2.428787
v -0.061827 0.074943 -2.413837
v -0.044427 0.074943 -2.413837
v -0.044427 0.089498 -2.413837
v -0.061827 0.089498 -2.413837
v -0.027327 0.074943 -2.428787
v -0.027327 0.089498 -2.428787
v -0.044427 0.074943 -2.428787
v -0.044427 0.089498 -2.428787
v -0.027327 0.104053 -2.428787
v -0.078927 -0.042518 -2.413837
v -0.078927 -0.013153 -2.413837
v 0.024573 0.016212 -2.413837
v -0.078927 0.030767 -2.413837
v 0.024573 0.045578 -2.413837
v -0.078927 0.060133 -2.413837
v 0.024573 0.060133 -2.413837
v 0.024573 0.074943 -2.413837
v 0.041673 0.074943 -2.413837
v -0.009927 0.089498 -2.413837
v -0.009927 0.074943 -2.413837
v 0.007173 0.074943 -2.413837
v 0.007173 0.089498 -2.413837
v 0.024573 0.089498 -2.413837
v -0.044427 0.104053 -2.428787
v -0.044427 0.104053 -2.413837
v -0.009927 0.104053 -2.413837
v 0.024573 -0.101249 -2.399145
v 0.024573 0.016212 -2.399145
v 0.041673 0.089498 -2.413837
v -0.061827 0.104053 -2.413837
v 0.007173 0.104053 -2.413837
v -0.078927 -0.086694 -2.384195
v -0.078927 -0.101249 -2.384195
v -0.078927 -0.042518 -2.384195
v 0.024573 0.016212 -2.384195
v 0.024573 0.045578 -2.384195
v -0.044427 0.104053 -2.384195
v -0.027327 0.104053 -2.384195
v -0.078927 -0.086694 -2.369503
v -0.078927 -0.101249 -2.369503
v -0.044427 -0.101249 -2.369503
v -0.078927 -0.042518 -2.369503
v -0.078927 -0.013153 -2.369503
v -0.078927 0.045578 -2.369503
v 0.024573 0.045578 -2.369503
v -0.078927 0.060133 -2.369503
v 0.024573 0.060133 -2.369503
v -0.096327 0.060133 -2.369503
v 0.041673 0.060133 -2.369503
v -0.027327 0.104053 -2.354811
v -0.044427 0.104053 -2.354811
v -0.078927 -0.101249 -2.354811
v -0.096327 -0.057329 -2.354811
v -0.078927 -0.057329 -2.354811
v 0.024573 -0.057329 -2.354811
v 0.041673 -0.057329 -2.354811
v -0.078927 -0.042518 -2.354811
v 0.024573 -0.042518 -2.354811
v -0.096327 0.045578 -2.369503
v 0.041673 0.045578 -2.369503
v 0.024573 0.074943 -2.354811
v 0.041673 0.074943 -2.354811
v -0.061827 0.089498 -2.354811
v 0.024573 0.089498 -2.354811
v 0.041673 0.089498 -2.354811
v -0.061827 0.104053 -2.354811
v 0.007173 0.104053 -2.354811
v -0.078927 -0.086694 -2.339861
v -0.061827 -0.101249 -2.339861
v 0.041673 -0.086694 -2.339861
v 0.024573 -0.057329 -2.339861
v 0.041673 -0.057329 -2.339861
v -0.096327 -0.042518 -2.354811
v 0.024573 -0.042518 -2.339861
v 0.041673 -0.042518 -2.354811
v 0.024573 -0.013153 -2.339861
v 0.024573 0.001402 -2.339861
v -0.078927 0.030767 -2.339861
v 0.024573 0.030767 -2.339861
v -0.078927 0.045578 -2.339861
v 0.024573 0.045578 -2.339861
v -0.096327 0.045578 -2.339861
v 0.041673 0.045578 -2.339861
v 0.024573 0.074943 -2.339861
v 0.041673 0.074943 -2.339861
v 0.024573 0.089498 -2.339861
v -0.078927 -0.086694 -2.310219
v -0.061827 -0.101249 -2.310219
v -0.044427 -0.101249 -2.310219
v -0.027327 -0.101249 -2.325169
v -0.009927 -0.101249 -2.325169
v 0.024573 -0.042518 -2.310219
v 0.024573 -0.042518 -2.325169
v -0.078927 -0.013153 -2.325169
v 0.024573 -0.013153 -2.325169
v -0.078927 0.001402 -2.325169
v 0.024573 0.001402 -2.325169
v 0.041673 -0.013153 -2.339861
v 0.041673 0.001402 -2.325169
v 0.041673 0.001402 -2.339861
v -0.078927 0.016212 -2.325169
v 0.024573 0.016212 -2.325169
v -0.078927 0.030767 -2.325169
v -0.096327 0.030767 -2.339861
v 0.041673 0.030767 -2.339861
v -0.061827 0.089498 -2.325169
v 0.041673 0.089498 -2.339861
v -0.027327 -0.116060 -2.325169
v -0.027327 -0.101249 -2.310219
v -0.027327 -0.116060 -2.310219
v -0.009927 -0.116060 -2.325169
v 0.024573 -0.013153 -2.310219
v -0.096327 -0.013153 -2.325169
v -0.096327 0.001402 -2.325169
v 0.041673 0.016212 -2.325169
v -0.078927 0.030767 -2.295527
v -0.078927 0.016212 -2.295527
v -0.044427 -0.116060 -2.310219
v -0.044427 -0.101249 -2.280576
v -0.061827 -0.101249 -2.280576
v 0.041673 -0.086694 -2.295527
v -0.078927 -0.042518 -2.295527
v 0.024573 -0.042518 -2.295527
v -0.078927 -0.027963 -2.295527
v 0.024573 -0.027963 -2.310219
v 0.024573 -0.027963 -2.280576
v 0.024573 -0.013153 -2.280576
v -0.096327 0.001402 -2.295527
v -0.078927 0.001402 -2.295527
v -0.096327 0.074943 -2.295527
v -0.078927 0.074943 -2.295527
v -0.078927 0.089498 -2.295527
v -0.078927 -0.027963 -2.265884
v -0.078927 -0.042518 -2.265884
v 0.024573 -0.027963 -2.265884
v -0.078927 -0.013153 -2.280576
v -0.096327 0.001402 -2.280576
v -0.096327 -0.013153 -2.280576
v -0.078927 0.001402 -2.280576
v 0.041673 -0.013153 -2.280576
v -0.096327 0.016212 -2.295527
v -0.078927 0.016212 -2.265884
v -0.078927 0.030767 -2.280576
v -0.096327 0.030767 -2.280576
v 0.024573 0.074943 -2.280576
v -0.096327 0.089498 -2.295527
v 0.007173 0.089498 -2.280576
v 0.007173 0.074943 -2.280576
v 0.024573 0.089498 -2.280576
v 0.007173 0.104053 -2.280576
v -0.009927 -0.116059 -2.265884
v -0.009927 -0.101249 -2.265884
v -0.044427 -0.101249 -2.250934
v -0.061827 -0.101249 -2.250934
v 0.007173 -0.101249 -2.265884
v 0.007173 -0.086694 -2.265884
v -0.096327 -0.057329 -2.265884
v -0.078927 -0.057329 -2.265884
v -0.096327 -0.042518 -2.265884
v -0.078927 -0.013153 -2.265884
v 0.041673 -0.027963 -2.280576
v -0.096327 -0.013153 -2.265884
v -0.078927 0.030767 -2.265884
v 0.024573 0.030767 -2.265884
v -0.096327 0.030767 -2.265884
v -0.096327 0.045578 -2.265884
v -0.078927 0.045578 -2.265884
v 0.024573 0.045578 -2.265884
v 0.041673 0.030767 -2.265884
v 0.041673 0.045578 -2.265884
v 0.024573 0.104053 -2.280576
v -0.044427 -0.116059 -2.250934
v 0.007173 -0.116059 -2.265884
v 0.024573 -0.101249 -2.250934
v 0.024573 -0.086694 -2.250934
v 0.041673 -0.086694 -2.250934
v 0.024573 -0.057329 -2.250934
v 0.041673 -0.057329 -2.250934
v 0.024573 -0.042518 -2.250934
v 0.041673 -0.042518 -2.250934
v -0.096327 -0.027963 -2.265884
v -0.078927 0.016212 -2.250934
v 0.024573 0.016212 -2.250934
v -0.078927 0.045578 -2.250934
v -0.078927 0.074943 -2.250934
v -0.078927 0.089498 -2.250934
v -0.061827 0.074943 -2.250934
v -0.061827 0.089498 -2.250934
v 0.024573 0.089498 -2.250934
v -0.061827 0.104053 -2.250934
v -0.044427 0.104053 -2.250934
v -0.061827 -0.116059 -2.250934
v -0.078927 -0.086694 -2.236242
v -0.078927 -0.101249 -2.236242
v 0.041673 -0.101249 -2.250934
v -0.096327 -0.071884 -2.236242
v -0.096327 -0.086694 -2.236242
v -0.078927 -0.071884 -2.236242
v 0.024573 -0.071884 -2.236242
v 0.041673 -0.071884 -2.236242
v -0.096327 -0.057329 -2.236242
v -0.078927 -0.057329 -2.236242
v 0.024573 -0.057329 -2.236242
v 0.041673 -0.057329 -2.236242
v -0.096327 -0.013153 -2.236242
v -0.096327 -0.027963 -2.236242
v -0.096327 0.001402 -2.236242
v -0.096327 0.016212 -2.236242
v -0.078927 0.016212 -2.236242
v 0.024573 0.016212 -2.236242
v -0.078927 0.045578 -2.236242
v 0.024573 0.030768 -2.236242
v 0.024573 0.045578 -2.236242
v -0.096327 0.060133 -2.236242
v -0.096327 0.045578 -2.236242
v -0.078927 0.060133 -2.236242
v 0.024573 0.060133 -2.236242
v 0.041673 0.045578 -2.236242
v 0.041673 0.060133 -2.236242
v 0.024573 0.089498 -2.236242
v -0.078927 0.104053 -2.250934
v -0.044427 0.104053 -2.221292
v -0.061827 0.104053 -2.221292
v 0.007173 -0.116059 -2.221292
v -0.096327 -0.101249 -2.236242
v -0.078927 -0.071884 -2.221292
v -0.078927 -0.042518 -2.221292
v 0.024573 -0.057329 -2.206600
v -0.078927 -0.027963 -2.221292
v -0.096327 0.001402 -2.206600
v -0.078927 0.030768 -2.236242
v -0.078927 0.016212 -2.176958
v 0.024573 0.016212 -2.206600
v 0.024573 0.030768 -2.206600
v -0.078927 0.089498 -2.221292
v 0.024573 0.089498 -2.221292
v -0.078927 0.104053 -2.221292
v -0.027327 0.104053 -2.221292
v 0.007173 0.089498 -2.221292
v 0.007173 0.104053 -2.221292
v 0.024573 -0.042518 -2.206600
v -0.078927 -0.027963 -2.206600
v 0.024573 -0.027963 -2.206600
v 0.041673 0.016212 -2.206600
v -0.078927 0.089498 -2.206600
v -0.078927 0.104053 -2.206600
v -0.044427 0.089498 -2.206600
v -0.044427 0.104053 -2.206600
v -0.027327 0.104053 -2.206600
v -0.009927 0.089498 -2.191650
v 0.007173 0.104053 -2.206600
v -0.044427 -0.116059 -2.191650
v -0.027327 -0.116059 -2.191650
v 0.024573 -0.071884 -2.191650
v 0.024573 -0.027963 -2.176958
v 0.041673 0.030768 -2.206600
v -0.078927 0.060133 -2.191650
v -0.061827 -0.101249 -2.176958
v -0.044427 -0.116059 -2.147316
v -0.027327 -0.116059 -2.147316
v -0.078927 -0.086694 -2.176958
v 0.024573 -0.071884 -2.162008
v 0.024573 -0.057329 -2.162008
v -0.078927 -0.042518 -2.176958
v -0.078927 -0.027963 -2.176958
v 0.024573 0.030768 -2.176958
v 0.024573 0.045578 -2.176958
v 0.007173 -0.101249 -2.162008
v -0.096327 -0.086694 -2.162008
v -0.096327 -0.101249 -2.162008
v -0.078927 -0.101249 -2.162008
v -0.078927 -0.086694 -2.162008
v -0.061827 -0.101249 -2.147316
v -0.078927 -0.101249 -2.147316
v -0.078927 -0.086694 -2.147316
v 0.024573 -0.101249 -2.162008
v 0.024573 -0.086694 -2.162008
v 0.041673 -0.101249 -2.162008
v 0.041673 -0.086694 -2.162008
v 0.024573 -0.042518 -2.162008
v -0.078927 -0.027963 -2.147316
v 0.024573 0.016212 -2.162008
v 0.041673 0.016212 -2.162008
v 0.024573 0.030768 -2.162008
v 0.041673 0.030768 -2.162008
v 0.024573 0.060133 -2.162008
v -0.009927 -0.116059 -2.147316
v -0.096327 -0.013153 -2.147316
v -0.096327 -0.027963 -2.147316
v -0.078927 -0.013153 -2.147316
v -0.078927 0.060133 -2.147316
v 0.024573 0.104053 -2.147316
v -0.027327 -0.116059 -2.132366
v -0.009927 -0.116059 -2.117674
v 0.007173 -0.101249 -2.132366
v -0.078927 -0.086694 -2.132366
v -0.078927 -0.101249 -2.132366
v -0.078927 -0.086694 -2.117674
v 0.024573 -0.101249 -2.132366
v 0.024573 -0.086694 -2.132366
v -0.096327 -0.086694 -2.132366
v -0.078927 -0.071884 -2.132366
v 0.024573 -0.071884 -2.132366
v 0.041673 -0.086694 -2.132366
v 0.024573 -0.042518 -2.132366
v 0.024573 -0.027963 -2.132366
v 0.024573 -0.013153 -2.132366
v 0.041673 -0.027963 -2.132366
v 0.041673 -0.013153 -2.132366
v 0.024573 0.089498 -2.132366
v 0.007173 0.104053 -2.132366
v 0.024573 0.104053 -2.132366
v -0.096327 -0.101249 -2.132366
v 0.041673 -0.101249 -2.132366
v 0.024573 -0.027963 -2.058389
v 0.024573 -0.013153 -2.058389
v 0.024573 0.089498 -2.102982
v -0.061827 -0.101249 -2.102982
v -0.009927 -0.116059 -2.102982
v 0.007173 -0.116059 -2.102982
v 0.007173 -0.101249 -2.102982
v -0.096327 -0.101249 -2.102982
v -0.078927 -0.101249 -2.102982
v 0.007173 -0.086694 -2.102982
v 0.024573 -0.101249 -2.102982
v 0.024573 -0.086694 -2.102982
v -0.078927 -0.071884 -2.102982
v 0.024573 -0.057329 -2.102982
v 0.024573 -0.027963 -2.102982
v -0.078927 0.016212 -2.102982
v -0.061827 -0.101249 -2.088032
v 0.007173 -0.116059 -2.073339
v 0.024573 -0.116059 -2.102982
v -0.096327 -0.071884 -2.088032
v -0.078927 -0.071884 -2.088032
v 0.024573 -0.071884 -2.088032
v 0.041673 -0.071884 -2.088032
v -0.078927 -0.057329 -2.088032
v 0.024573 -0.057329 -2.088032
v -0.078927 -0.042518 -2.088032
v 0.024573 -0.027963 -2.088032
v -0.078927 -0.027963 -2.088032
v -0.078927 0.016212 -2.088032
v -0.078927 0.045578 -2.088032
v 0.024573 0.045578 -2.088032
v -0.078927 0.060133 -2.088032
v 0.024573 0.060133 -2.088032
v -0.096327 0.060133 -2.088032
v 0.041673 0.060133 -2.088032
v -0.061827 -0.101249 -2.073339
v 0.024573 -0.116059 -2.073339
v -0.096327 -0.057329 -2.088032
v 0.041673 -0.057329 -2.088032
v -0.078927 -0.027963 -2.058389
v -0.078927 0.016212 -2.073339
v -0.096327 0.045578 -2.088032
v 0.041673 0.045578 -2.088032
v 0.024573 0.089498 -2.073339
v -0.044427 0.089498 -2.073339
v -0.044427 0.104053 -2.073339
v -0.009927 0.104053 -2.073339
v -0.009927 0.104053 -2.058389
v 0.024573 0.104053 -2.073339
v -0.061827 -0.101249 -2.058389
v 0.024573 -0.116059 -2.058389
v 0.024573 -0.101249 -2.058389
v -0.096327 -0.086694 -2.058389
v -0.078927 -0.101249 -2.058389
v 0.024573 -0.086694 -2.058389
v 0.041673 -0.086694 -2.058389
v 0.041673 -0.071884 -2.058389
v -0.078927 -0.013153 -2.058389
v -0.096327 -0.013153 -2.058389
v 0.041673 -0.013153 -2.058389
v 0.024573 0.016212 -2.058389
v 0.024573 0.030768 -2.058389
v -0.078927 0.045578 -2.058389
v 0.024573 0.045578 -2.058389
v -0.044427 0.089498 -2.058389
v -0.044427 0.104053 -2.058389
v -0.044427 0.118864 -2.073339
v -0.044427 0.118864 -2.058389
v -0.027327 0.104053 -2.058389
v -0.027327 0.118864 -2.058389
v -0.009927 0.118864 -2.073339
v -0.096327 -0.086694 -2.028747
v -0.096327 -0.101249 -2.028747
v -0.078927 -0.101249 -2.028747
v -0.096327 -0.071884 -2.043697
v -0.078927 -0.071884 -2.043697
v 0.024573 -0.071884 -2.028747
v 0.024573 -0.086694 -2.028747
v 0.041673 -0.086694 -2.028747
v 0.041673 -0.071884 -2.028747
v -0.096327 -0.057329 -2.043697
v -0.078927 -0.057329 -2.043697
v 0.024573 -0.057329 -2.043697
v 0.024573 -0.071884 -2.043697
v 0.041673 -0.071884 -2.043697
v 0.041673 -0.057329 -2.043697
v -0.096327 -0.027963 -2.058389
v 0.041673 -0.027963 -2.058389
v 0.041673 0.016212 -2.043697
v -0.078927 0.045578 -2.043697
v 0.024573 0.030768 -2.028747
v 0.024573 0.045578 -2.043697
v -0.096327 0.060133 -2.043697
v -0.096327 0.045578 -2.043697
v -0.078927 0.060133 -2.043697
v 0.024573 0.060133 -2.043697
v 0.041673 0.045578 -2.043697
v 0.041673 0.060133 -2.043697
v -0.044427 0.089498 -2.043697
v -0.044427 0.104053 -2.043697
v -0.027327 0.089498 -2.058389
v -0.027327 0.089498 -2.043697
v -0.027327 0.104053 -2.043697
v -0.027327 0.118864 -2.043697
v 0.007173 -0.116059 -2.028747
v 0.007173 -0.101249 -2.028747
v 0.024573 -0.116059 -2.028747
v 0.024573 -0.101249 -2.028747
v -0.078927 -0.086694 -2.028747
v 0.041673 -0.101249 -2.028747
v -0.096327 -0.071884 -2.028747
v -0.078927 -0.071884 -2.028747
v -0.096327 0.016212 -2.028747
v -0.078927 0.016212 -2.028747
v 0.024573 0.016212 -2.028747
v 0.041673 0.016212 -2.028747
v -0.078927 0.045578 -2.028747
v -0.078927 0.060133 -2.028747
v 0.024573 0.060133 -2.028747
v -0.096327 0.060133 -2.028747
v 0.041673 0.060133 -2.028747
v -0.096327 0.089498 -2.028747
v -0.078927 0.089498 -2.028747
v 0.024573 0.089498 -2.028747
v 0.041673 0.089498 -2.028747
v -0.061827 0.089498 -2.028747
v -0.044427 0.089498 -2.028747
v -0.044427 0.104053 -2.028747
v -0.044427 0.118864 -2.043697
v -0.044427 0.118864 -2.028747
v -0.027327 0.104053 -2.028747
v -0.027327 0.118864 -2.028747
v -0.061827 -0.101249 -2.014055
v -0.061827 -0.116059 -2.014055
v 0.007173 -0.116059 -2.014055
v 0.007173 -0.101249 -2.014055
v -0.078927 -0.071884 -1.999105
v -0.078927 -0.042518 -2.014055
v 0.024573 -0.013153 -2.014055
v 0.041673 -0.013153 -2.014055
v 0.024573 0.001402 -2.014055
v 0.041673 0.001402 -2.014055
v 0.041673 0.030768 -2.028747
v -0.078927 0.060133 -1.999105
v -0.078927 0.089498 -2.014055
v -0.061827 0.089498 -2.014055
v 0.007173 0.089498 -2.014055
v 0.024573 0.089498 -2.014055
v -0.078927 0.104053 -2.014055
v -0.061827 0.104053 -2.014055
v -0.027327 0.089498 -2.028747
v -0.027327 0.104053 -2.014055
v -0.009927 0.104053 -2.014055
v 0.007173 0.104053 -2.014055
v 0.024573 0.104053 -2.014055
v -0.027327 0.118864 -2.014055
v -0.009927 0.118864 -2.014055
v -0.078927 -0.086694 -1.999105
v -0.078927 -0.101249 -1.999105
v -0.061827 -0.101249 -1.999105
v -0.061827 -0.086694 -1.999105
v -0.078927 -0.042518 -1.984413
v 0.024573 -0.042518 -1.999105
v -0.078927 -0.027963 -1.999105
v -0.078927 -0.042518 -1.999105
v 0.024573 -0.027963 -1.999105
v -0.096327 -0.027963 -1.999105
v 0.041673 -0.027963 -1.999105
v -0.096327 0.001402 -1.999105
v 0.041673 0.001402 -1.984413
v -0.096327 0.016212 -1.999105
v -0.078927 0.016212 -1.999105
v -0.078927 0.030768 -1.999105
v 0.024573 0.030768 -1.999105
v -0.078927 0.089498 -1.984413
v -0.078927 0.074943 -1.984413
v -0.061827 0.089498 -1.984413
v -0.044427 0.089498 -1.999105
v -0.027327 0.089498 -1.999105
v 0.007173 0.104053 -1.999105
v -0.078927 -0.071884 -1.969463
v -0.061827 -0.086694 -1.969463
v -0.096327 -0.042518 -1.999105
v 0.041673 -0.042518 -1.999105
v -0.096327 -0.013153 -1.984413
v -0.096327 0.016213 -1.969463
v -0.096327 0.001402 -1.969463
v -0.096327 0.030768 -1.999105
v -0.078927 0.060133 -1.984413
v 0.024573 0.060133 -1.984413
v 0.007173 0.089498 -1.984413
v 0.024573 0.089498 -1.984413
v -0.061827 0.104053 -1.984413
v -0.027327 0.089498 -1.969463
v -0.009927 0.089498 -1.984413
v -0.009927 0.104053 -1.984413
v -0.027327 -0.101249 -1.969463
v -0.009927 -0.101249 -1.969463
v 0.024573 -0.101249 -1.969463
v -0.078927 -0.042518 -1.969463
v -0.096327 -0.042518 -1.969463
v -0.096327 -0.013153 -1.954771
v -0.096327 -0.027963 -1.954771
v -0.096327 0.001402 -1.954771
v -0.078927 -0.027963 -1.954771
v 0.024573 0.001402 -1.969463
v 0.041673 0.001402 -1.969463
v 0.024573 0.016213 -1.969463
v 0.041673 0.016213 -1.969463
v 0.024573 0.030768 -1.969463
v 0.041673 0.030768 -1.969463
v 0.024573 0.060133 -1.969463
v -0.078927 0.089498 -1.969463
v -0.061827 0.089498 -1.969463
v 0.007173 0.089498 -1.969463
v 0.024573 0.089498 -1.969463
v 0.007173 0.089498 -1.954771
v -0.061827 -0.086694 -1.954771
v -0.061827 -0.101249 -1.954771
v -0.044427 -0.101249 -1.939821
v -0.027327 -0.101249 -1.939821
v -0.009927 -0.101249 -1.954771
v 0.024573 -0.101249 -1.954771
v -0.078927 -0.071884 -1.939821
v -0.078927 -0.086694 -1.939821
v -0.061827 -0.086694 -1.939821
v -0.078927 -0.042518 -1.954771
v -0.096327 -0.042518 -1.954771
v -0.096327 0.016213 -1.939821
v -0.078927 0.016213 -1.939821
v 0.024573 0.016213 -1.939821
v 0.041673 0.016213 -1.939821
v -0.078927 0.089498 -1.954771
v -0.078927 0.089498 -1.939821
v -0.078927 0.074943 -1.939821
v -0.061827 0.089498 -1.954771
v -0.061827 0.089498 -1.939821
v -0.061827 0.104053 -1.954771
v -0.061827 -0.101249 -1.939821
v -0.009927 -0.101249 -1.939821
v 0.007173 -0.101249 -1.939821
v 0.024573 -0.071884 -1.939821
v 0.024573 -0.057329 -1.939821
v 0.024573 -0.042518 -1.939821
v 0.024573 -0.027963 -1.939821
v 0.041673 -0.042518 -1.939821
v 0.041673 -0.027963 -1.939821
v -0.096327 0.030768 -1.939821
v -0.078927 0.030768 -1.939821
v -0.078927 0.060133 -1.939821
v 0.007173 0.089498 -1.939821
v -0.061827 0.104053 -1.939821
v -0.061827 -0.116059 -1.939821
v -0.061827 -0.101249 -1.910179
v -0.044427 -0.116059 -1.939821
v 0.007173 -0.116059 -1.939821
v 0.007173 -0.101249 -1.925129
v -0.078927 -0.101249 -1.939821
v -0.078927 -0.101249 -1.925129
v -0.061827 -0.101249 -1.925129
v 0.024573 -0.071884 -1.925129
v 0.024573 -0.057329 -1.910179
v 0.007173 -0.027963 -1.939821
v 0.024573 -0.027963 -1.925129
v 0.024573 0.030768 -1.925129
v -0.078927 0.060133 -1.910179
v -0.078927 0.089498 -1.925129
v -0.078927 0.060133 -1.925129
v -0.061827 0.089498 -1.925129
v 0.007173 0.089498 -1.910179
v -0.009927 -0.116059 -1.895487
v -0.078927 -0.071884 -1.910179
v -0.078927 -0.101249 -1.910179
v 0.024573 -0.086694 -1.910179
v -0.078927 -0.027963 -1.910179
v 0.024573 -0.027963 -1.895487
v 0.041673 -0.027963 -1.910179
v 0.024573 0.030768 -1.910179
v 0.024573 0.060133 -1.910179
v -0.061827 -0.101249 -1.895487
v -0.061827 -0.116059 -1.895487
v -0.044427 -0.116059 -1.895487
v 0.024573 -0.101249 -1.880537
v 0.024573 -0.086694 -1.880537
v 0.024573 -0.057329 -1.865844
v 0.024573 -0.042518 -1.865844
v -0.096327 0.016213 -1.895487
v -0.078927 0.016213 -1.895487
v -0.078927 0.030768 -1.895487
v 0.024573 0.045578 -1.910179
v 0.024573 0.060133 -1.880537
v -0.061827 0.089498 -1.895487
v -0.044427 0.089498 -1.895487
v -0.044427 0.104053 -1.895487
v -0.061827 -0.101249 -1.865844
v -0.044427 -0.116059 -1.880537
v -0.009927 -0.116059 -1.880537
v -0.078927 -0.101249 -1.880537
v -0.061827 -0.101249 -1.880537
v 0.024573 -0.071884 -1.851152
v 0.024573 -0.057329 -1.851152
v -0.078927 -0.042518 -1.880537
v -0.078927 -0.027963 -1.880537
v 0.007173 -0.027963 -1.880537
v 0.024573 -0.042518 -1.880537
v 0.024573 -0.027963 -1.880537
v -0.096327 -0.027963 -1.880537
v 0.041673 -0.027963 -1.880537
v 0.024573 0.001402 -1.880537
v 0.041673 0.001402 -1.880537
v -0.096327 0.030768 -1.895487
v 0.024573 0.030768 -1.880537
v 0.041673 0.030768 -1.880537
v -0.061827 0.104053 -1.851152
v -0.061827 0.089498 -1.851152
v -0.044427 0.089498 -1.851152
v -0.044427 0.104053 -1.851152
v 0.007173 0.104053 -1.880537
v -0.078927 -0.071884 -1.865844
v -0.078927 -0.101249 -1.865844
v 0.024573 -0.101249 -1.865844
v -0.096327 -0.042518 -1.880537
v 0.041673 -0.042518 -1.880537
v 0.041673 -0.042518 -1.865844
v 0.024573 0.001402 -1.865844
v 0.041673 0.001402 -1.865844
v 0.024573 0.030768 -1.865844
v 0.041673 0.030768 -1.865844
v -0.096327 0.030768 -1.865844
v -0.078927 0.030768 -1.865844
v -0.078927 0.045578 -1.865844
v 0.024573 0.045578 -1.865844
v -0.078927 0.060133 -1.851152
v -0.078927 0.045578 -1.851152
v 0.024573 0.060133 -1.865844
v 0.007173 0.089498 -1.865844
v 0.024573 0.089498 -1.865844
v -0.078927 -0.101249 -1.851152
v -0.078927 -0.057329 -1.851152
v -0.078927 -0.042518 -1.851152
v 0.041673 -0.057329 -1.865844
v 0.041673 -0.057329 -1.851152
v -0.096327 -0.042518 -1.851152
v -0.096327 -0.013153 -1.851152
v -0.078927 -0.013153 -1.851152
v 0.024573 -0.013153 -1.851152
v 0.041673 -0.013153 -1.851152
v -0.096327 0.001402 -1.851152
v -0.078927 0.001402 -1.851152
v 0.024573 0.001402 -1.851152
v 0.041673 0.001402 -1.851152
v -0.096327 0.045578 -1.865844
v -0.096327 0.045578 -1.851152
v 0.024573 0.045578 -1.851152
v 0.041673 0.045578 -1.851152
v 0.041673 0.045578 -1.865844
v 0.024573 0.060133 -1.851152
v 0.007173 0.089498 -1.851152
v 0.024573 0.089498 -1.851152
v -0.078927 0.089498 -1.851152
v 0.007173 0.104053 -1.851152
v -0.061827 -0.101249 -1.836202
v -0.061827 -0.116059 -1.836202
v 0.007173 -0.116059 -1.836202
v 0.007173 -0.101249 -1.836202
v -0.078927 -0.101249 -1.836202
v 0.007173 -0.086694 -1.836202
v 0.024573 -0.101249 -1.836202
v 0.024573 -0.086694 -1.836202
v -0.078927 -0.071884 -1.836202
v 0.024573 -0.071884 -1.836202
v -0.078927 -0.057329 -1.836202
v 0.041673 -0.071884 -1.851152
v 0.041673 -0.071884 -1.836202
v -0.096327 -0.057329 -1.851152
v -0.096327 -0.042518 -1.836202
v -0.096327 -0.057329 -1.836202
v -0.096327 -0.027963 -1.836202
v -0.078927 -0.027963 -1.836202
v 0.024573 -0.027963 -1.836202
v 0.041673 -0.027963 -1.836202
v -0.096327 -0.013153 -1.836202
v -0.078927 -0.013153 -1.836202
v 0.024573 -0.013153 -1.836202
v 0.041673 -0.013153 -1.836202
v -0.078927 0.001402 -1.836202
v -0.061827 0.001402 -1.836202
v 0.024573 0.001402 -1.836202
v -0.096327 0.016213 -1.836202
v -0.096327 0.001402 -1.836202
v -0.078927 0.016213 -1.836202
v 0.024573 0.016213 -1.836202
v 0.041673 0.001402 -1.836202
v 0.041673 0.016213 -1.836202
v -0.096327 0.060133 -1.851152
v -0.096327 0.060133 -1.836202
v -0.078927 0.060133 -1.836202
v 0.024573 0.060133 -1.836202
v 0.041673 0.060133 -1.836202
v 0.041673 0.060133 -1.851152
v -0.078927 0.074943 -1.836202
v 0.024573 0.089498 -1.836202
v -0.078927 0.104053 -1.851152
v 0.024573 0.104053 -1.851152
v -0.078927 -0.116059 -1.836202
v 0.024573 -0.116059 -1.836202
v 0.041673 -0.086694 -1.836202
v -0.096327 -0.071884 -1.836202
v -0.096327 -0.027963 -1.806560
v -0.096327 -0.042518 -1.806560
v -0.078927 -0.042518 -1.806560
v -0.078927 -0.027963 -1.806560
v -0.078927 0.016213 -1.821510
v -0.061827 0.016213 -1.836202
v 0.024573 0.016213 -1.821510
v -0.096327 0.030768 -1.821510
v -0.096327 0.016213 -1.821510
v -0.078927 0.030768 -1.821510
v 0.024573 0.030768 -1.821510
v 0.041673 0.016213 -1.821510
v 0.041673 0.030768 -1.821510
v -0.096327 0.074943 -1.836202
v -0.096327 0.074943 -1.821510
v -0.078927 0.074943 -1.821510
v 0.041673 0.089498 -1.836202
v 0.024573 -0.101249 -1.806560
v 0.007173 -0.086694 -1.806560
v 0.024573 -0.086694 -1.806560
v -0.078927 -0.071884 -1.806560
v 0.041673 -0.086694 -1.806560
v -0.096327 -0.071884 -1.806560
v 0.024573 -0.057329 -1.806560
v 0.041673 -0.057329 -1.806560
v 0.024573 -0.042518 -1.806560
v 0.024573 -0.027963 -1.806560
v 0.041673 -0.027963 -1.806560
v -0.078927 0.016213 -1.806560
v -0.078927 0.030768 -1.806560
v 0.024573 0.030768 -1.806560
v -0.096327 0.030768 -1.806560
v 0.024573 0.045578 -1.806560
v 0.041673 0.030768 -1.806560
v 0.041673 0.045578 -1.806560
v -0.096327 0.060133 -1.806560
v -0.078927 0.060133 -1.806560
v -0.096327 0.074943 -1.806560
v -0.078927 0.074943 -1.806560
v -0.078927 -0.101249 -1.791868
v -0.078927 -0.116059 -1.791868
v -0.061827 -0.116059 -1.791868
v -0.061827 -0.101249 -1.791868
v 0.007173 -0.116059 -1.791868
v 0.007173 -0.101249 -1.791868
v 0.024573 -0.116059 -1.791868
v 0.024573 -0.101249 -1.791868
v 0.024573 -0.086694 -1.791868
v 0.041673 -0.101249 -1.806560
v 0.041673 -0.101249 -1.791868
v 0.024573 -0.071884 -1.791868
v 0.024573 -0.057329 -1.791868
v 0.041673 -0.057329 -1.791868
v 0.024573 -0.042518 -1.791868
v 0.024573 -0.013153 -1.791868
v -0.078927 0.030768 -1.776918
v -0.078927 0.016213 -1.776918
v 0.024573 0.045578 -1.791868
v 0.041673 0.045578 -1.791868
v -0.078927 0.089498 -1.791868
v -0.061827 0.089498 -1.791868
v 0.024573 0.089498 -1.791868
v 0.041673 0.089498 -1.791868
v -0.078927 0.104053 -1.791868
v -0.061827 0.104053 -1.791868
v 0.024573 -0.071884 -1.776918
v -0.078927 -0.042518 -1.776918
v 0.024573 -0.042518 -1.762226
v 0.024573 -0.013153 -1.776918
v -0.078927 0.001402 -1.762226
v -0.078927 -0.013153 -1.762226
v -0.078927 0.001402 -1.776918
v 0.024573 0.016213 -1.776918
v 0.024573 0.045578 -1.776918
v 0.007173 0.089498 -1.776918
v 0.024573 0.089498 -1.776918
v 0.007173 0.104053 -1.776918
v 0.024573 0.104053 -1.776918
v -0.078927 -0.086694 -1.762226
v -0.078927 -0.071884 -1.762226
v -0.078927 -0.042518 -1.762226
v 0.024573 -0.013153 -1.762226
v -0.078927 0.030768 -1.762226
v 0.024573 0.016213 -1.762226
v 0.024573 0.045578 -1.762226
v 0.024573 0.060133 -1.747276
v 0.024573 0.060133 -1.776918
v -0.078927 0.089498 -1.762226
v -0.061827 0.089498 -1.762226
v 0.007173 0.089498 -1.762226
v 0.007173 -0.116059 -1.747276
v -0.078927 -0.071884 -1.732584
v -0.078927 -0.071884 -1.747276
v 0.024573 -0.042518 -1.747276
v 0.024573 -0.027963 -1.747276
v 0.024573 -0.013153 -1.747276
v -0.078927 0.001402 -1.747276
v 0.024573 0.016213 -1.747276
v 0.024573 0.030768 -1.762226
v -0.078927 0.060133 -1.747276
v -0.078927 0.074943 -1.747276
v 0.024573 -0.101249 -1.732584
v -0.078927 -0.057329 -1.732584
v 0.024573 -0.027963 -1.717634
v -0.078927 0.016213 -1.717634
v -0.078927 0.001402 -1.717634
v 0.024573 0.016213 -1.732584
v 0.024573 0.030768 -1.732584
v -0.078927 0.060133 -1.732584
v 0.024573 0.060133 -1.732584
v -0.078927 0.060133 -1.717634
v -0.061827 0.089498 -1.732584
v 0.007173 0.089498 -1.732584
v -0.061827 -0.101249 -1.717634
v -0.061827 -0.116059 -1.717634
v -0.044427 -0.116059 -1.717634
v -0.078927 -0.101249 -1.717634
v -0.078927 -0.057329 -1.702942
v -0.078927 -0.027963 -1.717634
v -0.078927 -0.057329 -1.717634
v -0.078927 -0.027963 -1.702942
v -0.078927 -0.042518 -1.702942
v -0.078927 -0.013153 -1.717634
v 0.024573 0.016213 -1.717634
v 0.024573 0.030768 -1.702942
v 0.024573 0.045578 -1.702942
v 0.024573 0.045578 -1.717634
v 0.024573 0.060133 -1.717634
v -0.078927 0.074943 -1.702942
v -0.061827 0.089498 -1.702942
v 0.007173 0.089498 -1.702942
v -0.061827 -0.116059 -1.702942
v -0.044427 -0.116059 -1.702942
v 0.024573 -0.057329 -1.702942
v 0.024573 -0.042518 -1.702942
v -0.078927 -0.013153 -1.702942
v -0.078927 0.016213 -1.702942
v -0.078927 0.030768 -1.702942
v -0.078927 0.060133 -1.702942
v -0.061827 -0.116059 -1.687992
v 0.007173 -0.101249 -1.687992
v 0.024573 -0.071884 -1.673299
v 0.024573 -0.057329 -1.673299
v -0.078927 -0.042518 -1.687992
v 0.024573 -0.042518 -1.687992
v -0.078927 -0.027963 -1.673299
v 0.024573 -0.027963 -1.687992
v 0.024573 0.001402 -1.687992
v 0.024573 0.016213 -1.687992
v -0.078927 0.030768 -1.673299
v -0.078927 0.016213 -1.673299
v -0.061827 0.089498 -1.687992
v -0.061827 0.104053 -1.687992
v -0.044427 0.104053 -1.687992
v 0.024573 -0.027963 -1.658350
v 0.024573 0.001402 -1.658350
v 0.024573 0.016213 -1.658350
v -0.078927 0.074943 -1.673299
v -0.061827 0.074943 -1.673299
v -0.061827 0.089498 -1.673299
v 0.007173 0.089498 -1.673299
v -0.044427 0.104053 -1.658350
v 0.007173 0.104053 -1.673299
v -0.061827 -0.101249 -1.658350
v -0.078927 -0.086694 -1.658350
v -0.078927 -0.101249 -1.658350
v -0.061827 -0.086694 -1.658350
v 0.024573 -0.101249 -1.658350
v 0.024573 -0.086694 -1.658350
v 0.024573 -0.071884 -1.658350
v -0.078927 0.016213 -1.643657
v 0.024573 0.045578 -1.658350
v 0.024573 0.060133 -1.658350
v -0.078927 0.074943 -1.658350
v -0.061827 0.074943 -1.658350
v -0.061827 0.089498 -1.643657
v 0.024573 -0.027963 -1.643657
v 0.024573 0.001402 -1.643657
v 0.024573 0.016213 -1.643657
v 0.024573 0.045578 -1.643657
v 0.024573 0.060133 -1.628707
v 0.007173 0.089498 -1.643657
v -0.009927 0.104053 -1.643657
v -0.078927 -0.042518 -1.628707
v -0.078927 -0.013153 -1.628707
v -0.009927 0.104053 -1.614015
v -0.061827 -0.101249 -1.614015
v -0.027327 -0.116059 -1.614015
v -0.009927 -0.116059 -1.614015
v 0.007173 -0.116059 -1.614015
v -0.061827 -0.086694 -1.614015
v -0.078927 -0.071884 -1.614015
v -0.078927 -0.086694 -1.614015
v -0.078927 -0.057329 -1.614015
v -0.078927 -0.013153 -1.614015
v 0.024573 -0.027963 -1.614015
v -0.078927 0.016213 -1.614015
v 0.024573 0.060133 -1.614015
v 0.024573 0.074943 -1.614015
v -0.044427 0.104053 -1.614015
v -0.061827 -0.101249 -1.599323
v -0.061827 -0.116059 -1.599323
v -0.009927 -0.116059 -1.584373
v -0.078927 -0.101249 -1.614015
v 0.024573 -0.086694 -1.599323
v -0.078927 -0.057329 -1.599323
v 0.024573 -0.027963 -1.584373
v 0.024573 0.060133 -1.584373
v 0.024573 0.074943 -1.584373
v -0.061827 0.089498 -1.599323
v 0.007173 0.089498 -1.599323
v -0.044427 0.104053 -1.599323
v -0.061827 -0.101249 -1.584373
v -0.061827 -0.116059 -1.584373
v -0.044427 -0.116059 -1.584373
v -0.078927 -0.101249 -1.584373
v 0.024573 -0.086694 -1.584373
v -0.078927 -0.013153 -1.584373
v 0.024573 -0.013153 -1.584373
v -0.078927 0.001402 -1.584373
v -0.078927 0.016213 -1.584373
v 0.024573 0.016213 -1.584373
v 0.007173 0.089498 -1.584373
v 0.024573 0.089498 -1.584373
v -0.061827 0.104053 -1.584373
v -0.061827 -0.101249 -1.554731
v -0.044427 -0.116059 -1.554731
v 0.007173 -0.101249 -1.569681
v -0.078927 -0.057329 -1.569681
v -0.078927 -0.027963 -1.569681
v 0.024573 -0.027963 -1.569681
v -0.078927 -0.013153 -1.569681
v 0.024573 -0.013153 -1.569681
v -0.096327 -0.013153 -1.584373
v -0.096327 -0.013153 -1.569681
v 0.041673 -0.013153 -1.584373
v 0.041673 -0.013153 -1.569681
v -0.096327 0.016213 -1.584373
v 0.041673 0.016213 -1.584373
v -0.078927 0.045578 -1.569681
v 0.024573 0.060133 -1.569681
v 0.007173 0.089498 -1.569681
v 0.024573 0.089498 -1.569681
v -0.027327 0.104053 -1.569681
v 0.024573 -0.086694 -1.554731
v 0.024573 -0.057329 -1.554731
v -0.078927 -0.042518 -1.540039
v -0.078927 -0.027963 -1.554731
v -0.096327 -0.027963 -1.569681
v 0.041673 -0.027963 -1.569681
v 0.024573 0.016213 -1.554731
v 0.041673 0.016213 -1.554731
v 0.024573 0.030768 -1.554731
v 0.024573 0.045578 -1.554731
v -0.078927 0.030768 -1.540039
v 0.024573 0.060133 -1.554731
v -0.078927 0.074943 -1.554731
v -0.027327 0.104053 -1.554731
v -0.009927 0.104053 -1.554731
v -0.061827 -0.101249 -1.540039
v -0.078927 -0.027963 -1.540039
v 0.024573 -0.042518 -1.540039
v 0.024573 -0.027963 -1.540039
v -0.096327 -0.027963 -1.540039
v 0.041673 -0.027963 -1.540039
v -0.096327 0.016213 -1.540039
v -0.078927 0.016213 -1.540039
v 0.041673 0.030768 -1.554731
v -0.078927 0.089498 -1.540039
v -0.061827 0.089498 -1.540039
v 0.007173 0.089498 -1.540039
v -0.009927 0.104053 -1.525089
v -0.027327 -0.116059 -1.525089
v 0.007173 -0.116059 -1.525089
v 0.007173 -0.101249 -1.525089
v 0.024573 -0.101249 -1.525089
v -0.096327 -0.042518 -1.540039
v 0.041673 -0.042518 -1.540039
v -0.096327 0.030768 -1.540039
v -0.078927 0.030768 -1.525089
v 0.024573 0.045578 -1.525089
v 0.024573 0.060133 -1.525089
v 0.024573 0.074943 -1.525089
v 0.007173 0.089498 -1.525089
v -0.044427 -0.116059 -1.510397
v 0.007173 -0.116059 -1.510397
v 0.007173 -0.101249 -1.510397
v 0.024573 -0.057329 -1.510397
v 0.024573 -0.042518 -1.510397
v 0.041673 -0.042518 -1.510397
v 0.024573 0.045578 -1.510397
v 0.024573 0.074943 -1.510397
v 0.024573 0.060133 -1.510397
v 0.024573 0.060133 -1.495447
v -0.061827 0.104053 -1.510397
v -0.044427 0.104053 -1.510397
v -0.027327 0.104053 -1.510397
v -0.061827 -0.101249 -1.495447
v -0.044427 -0.116059 -1.495447
v -0.009927 -0.116059 -1.495447
v 0.007173 -0.116059 -1.495447
v -0.078927 -0.042518 -1.495447
v 0.024573 -0.057329 -1.480754
v 0.024573 -0.042518 -1.495447
v -0.096327 -0.027963 -1.495447
v -0.096327 -0.042518 -1.495447
v -0.078927 -0.027963 -1.495447
v 0.024573 -0.027963 -1.495447
v 0.041673 -0.042518 -1.495447
v 0.041673 -0.027963 -1.495447
v -0.096327 -0.013153 -1.495447
v -0.096327 0.016213 -1.495447
v -0.078927 0.016213 -1.495447
v -0.096327 0.030768 -1.495447
v -0.078927 0.030768 -1.495447
v 0.024573 0.030768 -1.495447
v -0.061827 0.089498 -1.495447
v -0.027327 0.104053 -1.480754
v 0.024573 -0.071884 -1.480754
v 0.007173 -0.027963 -1.495447
v 0.041673 -0.027963 -1.480754
v 0.024573 0.016213 -1.480754
v 0.041673 0.016213 -1.480754
v -0.061827 0.016213 -1.495447
v 0.024573 0.030768 -1.480754
v 0.041673 0.030768 -1.480754
v 0.024573 0.030768 -1.465805
v 0.024573 0.060133 -1.465805
v 0.024573 -0.057329 -1.451112
v -0.096327 -0.027963 -1.465805
v -0.061827 -0.101249 -1.451112
v 0.007173 -0.101249 -1.451112
v 0.024573 -0.086694 -1.436162
v -0.078927 -0.027963 -1.451112
v 0.007173 -0.027963 -1.451112
v 0.024573 -0.027963 -1.451112
v -0.096327 -0.013153 -1.451112
v -0.096327 -0.027963 -1.451112
v -0.078927 -0.013153 -1.451112
v 0.024573 0.089498 -1.451112
v -0.061827 -0.101249 -1.436162
v -0.009927 -0.116059 -1.436162
v 0.007173 -0.101249 -1.406520
v 0.024573 -0.086694 -1.406520
v 0.007173 -0.027963 -1.436162
v 0.024573 -0.027963 -1.436162
v 0.024573 -0.013153 -1.436162
v 0.041673 -0.027963 -1.436162
v 0.041673 -0.013153 -1.436162
v -0.078927 0.016213 -1.436162
v 0.007173 -0.116059 -1.406520
v 0.024573 -0.086694 -1.421470
v 0.007173 -0.013153 -1.436162
v -0.061827 0.089498 -1.421470
v 0.024573 -0.071884 -1.406520
v -0.078927 -0.013153 -1.406520
v -0.096327 0.001402 -1.406520
v -0.096327 0.016213 -1.406520
v -0.078927 0.089498 -1.406520
v -0.061827 -0.101249 -1.391828
v -0.078927 -0.101249 -1.391828
v 0.024573 -0.101249 -1.391828
v 0.024573 -0.086694 -1.391828
v 0.024573 -0.071884 -1.391828
v 0.024573 -0.057329 -1.391828
v -0.078927 -0.013153 -1.391828
v 0.024573 -0.013153 -1.391828
v -0.096327 0.001402 -1.376878
v -0.078927 -0.013153 -1.376878
v 0.041673 0.001402 -1.391828
v -0.078927 0.016213 -1.391828
v -0.078927 0.045578 -1.391828
v -0.078927 0.060133 -1.391828
v 0.024573 0.089498 -1.391828
v -0.061827 -0.101249 -1.376878
v -0.044427 -0.116059 -1.376878
v 0.007173 -0.101249 -1.376878
v 0.024573 -0.071884 -1.347236
v 0.024573 -0.057329 -1.347236
v 0.024573 -0.013153 -1.362186
v 0.041673 0.001402 -1.362186
v -0.078927 0.016213 -1.362186
v -0.078927 0.045578 -1.376878
v 0.024573 0.030768 -1.376878
v 0.024573 0.060133 -1.376878
v -0.061827 -0.101249 -1.332544
v -0.044427 -0.116059 -1.332544
v -0.096327 0.016213 -1.362186
v 0.024573 0.016213 -1.362186
v 0.024573 0.030768 -1.362186
v 0.024573 0.045578 -1.362186
v -0.078927 0.089498 -1.362186
v -0.061827 0.089498 -1.362186
v 0.007173 -0.116059 -1.347236
v 0.024573 -0.101249 -1.347236
v 0.007173 -0.013153 -1.347236
v 0.024573 0.016213 -1.347236
v 0.024573 0.045578 -1.347236
v -0.027327 -0.116059 -1.332544
v -0.009927 -0.116059 -1.332544
v 0.024573 -0.057329 -1.332544
v 0.024573 -0.027963 -1.332544
v 0.007173 -0.013153 -1.332544
v 0.024573 -0.013153 -1.332544
v 0.041673 -0.013153 -1.332544
v -0.061827 -0.101249 -1.317852
v -0.061827 -0.116059 -1.317852
v -0.044427 -0.116059 -1.317852
v -0.044427 -0.101249 -1.317852
v -0.027327 -0.116059 -1.302902
v -0.009927 -0.116059 -1.302902
v -0.009927 -0.101249 -1.302902
v -0.027327 -0.101249 -1.302902
v 0.007173 -0.101249 -1.317852
v 0.024573 -0.071884 -1.317852
v 0.024573 -0.057329 -1.317852
v 0.024573 -0.042518 -1.317852
v 0.024573 -0.027963 -1.317852
v 0.024573 -0.013153 -1.317852
v 0.024573 0.016213 -1.317852
v 0.024573 0.030768 -1.317852
v 0.024573 0.045578 -1.317852
v 0.024573 0.060133 -1.317852
v -0.044427 -0.101249 -1.302902
v -0.044427 -0.116059 -1.302902
v 0.007173 -0.116059 -1.302902
v 0.007173 -0.101249 -1.302902
v -0.078927 -0.101249 -1.302902
v 0.024573 -0.101249 -1.302902
v -0.078927 -0.071884 -1.302902
v 0.024573 -0.071884 -1.302902
v -0.078927 -0.057329 -1.302902
v 0.041673 -0.071884 -1.317852
v 0.041673 -0.071884 -1.302902
v 0.041673 -0.057329 -1.317852
v 0.007173 -0.013153 -1.302902
v 0.024573 -0.013153 -1.302902
v 0.041673 -0.013153 -1.302902
v 0.024573 0.016213 -1.288209
v -0.078927 0.045578 -1.302902
v 0.024573 0.045578 -1.288209
v -0.078927 0.060133 -1.302902
v 0.024573 0.060133 -1.302902
v 0.024573 0.045578 -1.302902
v 0.041673 0.045578 -1.317852
v 0.041673 0.045578 -1.302902
v 0.041673 0.060133 -1.302902
v 0.041673 0.060133 -1.317852
v 0.024573 0.074943 -1.302902
v -0.078927 0.089498 -1.302902
v -0.061827 0.089498 -1.302902
v 0.007173 0.089498 -1.302902
v 0.024573 0.089498 -1.302902
v -0.061827 0.104053 -1.302902
v 0.007173 0.104053 -1.302902
v -0.061827 -0.130614 -1.302902
v -0.061827 -0.116059 -1.302902
v -0.061827 -0.116059 -1.288209
v -0.027327 -0.130614 -1.288209
v -0.027327 -0.130614 -1.302902
v -0.027327 -0.116059 -1.288209
v -0.044427 -0.116059 -1.288209
v -0.009927 -0.130614 -1.288209
v -0.009927 -0.116059 -1.288209
v 0.007173 -0.130614 -1.302902
v -0.078927 -0.116059 -1.302902
v -0.078927 -0.101249 -1.288209
v 0.024573 -0.116059 -1.302902
v 0.024573 -0.116059 -1.288209
v 0.024573 -0.101249 -1.288209
v -0.096327 -0.101249 -1.302902
v -0.096327 -0.086694 -1.302902
v -0.096327 -0.086694 -1.288209
v -0.096327 -0.101249 -1.288209
v 0.041673 -0.101249 -1.302902
v 0.041673 -0.101249 -1.288209
v 0.041673 -0.086694 -1.288209
v 0.041673 -0.071884 -1.288209
v -0.096327 -0.057329 -1.302902
v 0.024573 -0.057329 -1.288209
v -0.078927 -0.042518 -1.288209
v -0.078927 -0.027963 -1.288209
v -0.078927 0.016213 -1.288209
v -0.078927 0.030768 -1.288209
v -0.078927 0.045578 -1.288209
v -0.096327 0.045578 -1.302902
v -0.096327 0.060133 -1.302902
v -0.096327 0.060133 -1.288209
v 0.041673 0.045578 -1.288209
v 0.041673 0.074943 -1.302902
v -0.096327 0.074943 -1.288209
v -0.078927 0.074943 -1.288209
v -0.096327 0.089498 -1.302902
v -0.096327 0.089498 -1.288209
v -0.078927 0.089498 -1.288209
v 0.024573 0.104053 -1.302902
v 0.024573 0.104053 -1.288209
v 0.041673 0.104053 -1.302902
v -0.078927 0.118864 -1.302902
v -0.009927 0.118864 -1.302902
v 0.024573 0.118864 -1.302902
v -0.027327 -0.130614 -1.258567
v -0.009927 -0.130614 -1.258567
v -0.009927 -0.116059 -1.258567
v -0.078927 -0.101249 -1.273260
v 0.041673 -0.116059 -1.288209
v -0.096327 -0.071884 -1.273260
v -0.096327 -0.101249 -1.273260
v 0.041673 -0.071884 -1.258567
v -0.096327 -0.057329 -1.273260
v -0.078927 -0.057329 -1.273260
v -0.078927 -0.042518 -1.273260
v -0.078927 -0.027963 -1.258567
v -0.078927 0.016213 -1.273260
v -0.078927 0.016213 -1.258567
v -0.078927 0.045578 -1.273260
v 0.024573 0.045578 -1.273260
v 0.041673 0.045578 -1.273260
v -0.096327 0.074943 -1.258567
v -0.096327 0.060133 -1.258567
v -0.078927 0.060133 -1.258567
v -0.078927 0.074943 -1.258567
v -0.061827 -0.116059 -1.258567
v -0.061827 -0.130614 -1.258567
v -0.044427 -0.130614 -1.258567
v -0.044427 -0.116059 -1.258567
v -0.078927 -0.101249 -1.258567
v -0.096327 -0.086694 -1.258567
v -0.096327 -0.101249 -1.258567
v -0.078927 0.045578 -1.258567
v 0.024573 0.045578 -1.258567
v -0.096327 0.045578 -1.258567
v 0.024573 0.060133 -1.258567
v 0.041673 0.045578 -1.258567
v 0.041673 0.060133 -1.258567
v -0.078927 0.089498 -1.258567
v -0.078927 0.104053 -1.258567
v -0.078927 0.118864 -1.258567
v -0.027327 0.118864 -1.258567
v -0.096327 -0.086694 -1.228925
v -0.096327 -0.101249 -1.228925
v 0.041673 -0.086694 -1.243617
v -0.096327 -0.071884 -1.243617
v -0.078927 -0.071884 -1.243617
v -0.096327 -0.057329 -1.243617
v -0.078927 -0.057329 -1.243617
v 0.024573 -0.057329 -1.243617
v 0.024573 -0.042518 -1.243617
v -0.078927 -0.013153 -1.243617
v -0.078927 0.104053 -1.228925
v 0.024573 0.104053 -1.243617
v -0.044427 0.118864 -1.243617
v -0.027327 0.118864 -1.243617
v -0.044427 -0.116059 -1.228925
v -0.044427 -0.130614 -1.228925
v 0.007173 -0.116059 -1.228925
v -0.061827 -0.116059 -1.228925
v 0.041673 -0.101249 -1.228925
v 0.041673 -0.086694 -1.228925
v 0.024573 -0.071884 -1.228925
v 0.041673 -0.071884 -1.228925
v -0.061827 -0.071884 -1.243617
v 0.024573 -0.057329 -1.228925
v 0.041673 -0.057329 -1.228925
v 0.024573 -0.042518 -1.228925
v 0.024573 -0.027963 -1.228925
v -0.078927 -0.013153 -1.228925
v -0.096327 0.001402 -1.228925
v -0.096327 -0.013153 -1.228925
v 0.024573 0.016213 -1.228925
v 0.041673 0.074943 -1.228925
v 0.024573 0.104053 -1.228925
v 0.041673 0.104053 -1.228925
v -0.078927 0.118864 -1.228925
v -0.027327 0.118864 -1.213975
v 0.007173 0.118864 -1.228925
v -0.061827 -0.130614 -1.228925
v 0.024573 -0.071884 -1.213975
v 0.041673 -0.101249 -1.169641
v 0.041673 -0.086694 -1.169641
v 0.024573 -0.027963 -1.184333
v -0.096327 0.001402 -1.199283
v -0.078927 -0.013153 -1.199283
v 0.024573 0.016213 -1.184333
v 0.024573 0.030768 -1.184333
v 0.024573 0.030768 -1.213975
v 0.024573 0.060133 -1.213975
v 0.041673 0.074943 -1.213975
v 0.024573 0.104053 -1.213975
v 0.041673 0.104053 -1.213975
v -0.009927 0.118864 -1.213975
v 0.007173 0.118864 -1.213975
v 0.024573 0.104053 -1.199283
v 0.007173 -0.116059 -1.199283
v 0.041673 0.089498 -1.213975
v -0.009927 0.118864 -1.169641
v -0.027327 0.118864 -1.169641
v 0.007173 -0.116059 -1.184333
v 0.024573 -0.116059 -1.184333
v -0.096327 0.001402 -1.169641
v -0.078927 0.016213 -1.184333
v 0.024573 0.045578 -1.184333
v -0.078927 0.060133 -1.184333
v 0.024573 0.060133 -1.184333
v -0.096327 0.074943 -1.184333
v -0.096327 0.060133 -1.184333
v -0.078927 0.074943 -1.184333
v 0.041673 0.074943 -1.184333
v -0.027327 0.118864 -1.184333
v 0.024573 -0.116059 -1.154691
v 0.024573 -0.071884 -1.169641
v 0.024573 -0.042518 -1.169641
v 0.024573 -0.027963 -1.169641
v 0.024573 -0.013153 -1.169641
v -0.096327 0.016213 -1.169641
v 0.024573 0.016213 -1.169641
v 0.024573 0.030768 -1.169641
v 0.024573 0.030768 -1.154691
v 0.024573 0.045578 -1.154691
v 0.024573 0.060133 -1.154691
v -0.096327 0.089498 -1.169641
v -0.078927 0.089498 -1.169641
v -0.078927 0.104053 -1.169641
v 0.041673 -0.101249 -1.154691
v 0.041673 -0.086694 -1.154691
v 0.024573 -0.042518 -1.139999
v 0.024573 -0.027963 -1.139999
v -0.078927 -0.013153 -1.154691
v 0.007173 -0.013153 -1.154691
v 0.024573 -0.027963 -1.154691
v 0.024573 -0.013153 -1.154691
v 0.041673 -0.013153 -1.154691
v -0.078927 0.089498 -1.154691
v -0.096327 0.104053 -1.169641
v -0.078927 0.104053 -1.154691
v 0.024573 0.104053 -1.154691
v -0.078927 0.118864 -1.154691
v -0.061827 0.104053 -1.154691
v -0.061827 0.118864 -1.154691
v -0.078927 -0.101249 -1.139999
v -0.096327 -0.086694 -1.139999
v -0.096327 -0.101249 -1.139999
v 0.041673 -0.086694 -1.125049
v -0.078927 -0.071884 -1.139999
v 0.024573 -0.071884 -1.139999
v 0.024573 -0.057329 -1.139999
v 0.041673 -0.027963 -1.154691
v 0.041673 -0.013153 -1.139999
v 0.024573 0.016213 -1.139999
v 0.041673 0.016213 -1.139999
v -0.078927 0.030768 -1.139999
v -0.078927 0.074943 -1.139999
v -0.078927 0.089498 -1.139999
v -0.078927 0.104053 -1.139999
v -0.061827 0.104053 -1.139999
v -0.061827 0.118864 -1.139999
v -0.061827 -0.116059 -1.125049
v -0.044427 -0.130614 -1.125049
v -0.044427 -0.116059 -1.125049
v 0.007173 -0.130614 -1.125049
v 0.007173 -0.116059 -1.125049
v 0.041673 -0.116059 -1.125049
v -0.096327 -0.086694 -1.110357
v -0.096327 -0.101249 -1.110357
v -0.078927 -0.101249 -1.110357
v -0.078927 -0.071884 -1.125049
v 0.041673 -0.071884 -1.125049
v -0.078927 -0.057329 -1.125049
v 0.024573 -0.071884 -1.110357
v 0.024573 -0.057329 -1.110357
v -0.078927 -0.042518 -1.125049
v 0.007173 -0.027963 -1.095407
v 0.024573 -0.042518 -1.095407
v 0.024573 -0.027963 -1.095407
v 0.024573 -0.027963 -1.125049
v -0.078927 -0.013153 -1.125049
v 0.024573 -0.013153 -1.125049
v 0.041673 -0.027963 -1.125049
v 0.041673 -0.013153 -1.125049
v 0.024573 0.016213 -1.125049
v 0.041673 0.016213 -1.125049
v -0.078927 0.016213 -1.125049
v -0.078927 0.030768 -1.125049
v -0.078927 0.060133 -1.125049
v 0.024573 0.060133 -1.125049
v 0.024573 0.074943 -1.125049
v 0.024573 0.089498 -1.125049
v -0.078927 0.118864 -1.139999
v 0.024573 0.118864 -1.125049
v -0.044427 -0.130614 -1.110357
v -0.009927 -0.130614 -1.110357
v -0.027327 -0.130614 -1.095407
v -0.027327 -0.116059 -1.095407
v 0.007173 -0.130614 -1.110357
v -0.078927 -0.116059 -1.110357
v -0.078927 -0.071884 -1.095407
v -0.078927 -0.027963 -1.110357
v -0.078927 -0.057329 -1.110357
v -0.078927 -0.013153 -1.110357
v 0.007173 -0.027963 -1.110357
v 0.024573 -0.027963 -1.110357
v 0.024573 -0.013153 -1.110357
v -0.096327 0.001402 -1.110357
v -0.096327 -0.013153 -1.110357
v -0.078927 0.001402 -1.110357
v 0.041673 -0.013153 -1.110357
v -0.078927 0.030768 -1.095407
v -0.078927 0.016213 -1.095407
v -0.061827 0.016213 -1.095407
v 0.041673 0.060133 -1.110357
v 0.024573 0.089498 -1.095407
v 0.024573 0.074943 -1.095407
v 0.041673 0.074943 -1.095407
v 0.041673 0.089498 -1.095407
v -0.078927 0.104053 -1.110357
v 0.041673 0.104053 -1.110357
v -0.078927 0.118864 -1.110357
v -0.061827 0.118864 -1.110357
v -0.009927 0.118864 -1.095407
v -0.027327 0.118864 -1.095407
v -0.009927 -0.130614 -1.095407
v -0.009927 -0.116059 -1.095407
v 0.007173 -0.116059 -1.095407
v -0.096327 -0.116059 -1.110357
v -0.096327 -0.101249 -1.095407
v -0.096327 -0.116059 -1.095407
v -0.078927 -0.116059 -1.095407
v -0.078927 -0.101249 -1.095407
v -0.096327 -0.086694 -1.080715
v -0.096327 -0.101249 -1.080715
v -0.078927 -0.101249 -1.080715
v -0.078927 -0.042518 -1.095407
v -0.078927 -0.027963 -1.095407
v -0.096327 -0.027963 -1.110357
v -0.096327 -0.027963 -1.095407
v 0.041673 -0.027963 -1.110357
v 0.041673 -0.027963 -1.095407
v -0.096327 0.016213 -1.095407
v 0.024573 0.016213 -1.095407
v 0.041673 0.016213 -1.095407
v 0.024573 0.030768 -1.095407
v 0.024573 0.060133 -1.095407
v 0.041673 0.060133 -1.095407
v -0.078927 0.104053 -1.080715
v -0.061827 0.118864 -1.080715
v -0.044427 -0.130614 -1.080715
v -0.027327 -0.130614 -1.066022
v -0.009927 -0.130614 -1.066022
v -0.009927 -0.116059 -1.066022
v -0.027327 -0.116059 -1.066022
v -0.078927 -0.116059 -1.080715
v 0.024573 -0.071884 -1.080715
v 0.041673 -0.071884 -1.080715
v 0.024573 -0.042518 -1.080715
v -0.096327 -0.042518 -1.095407
v -0.096327 -0.027963 -1.080715
v -0.078927 -0.027963 -1.080715
v 0.041673 -0.042518 -1.095407
v 0.041673 -0.042518 -1.080715
v -0.096327 -0.013153 -1.080715
v -0.078927 -0.013153 -1.080715
v 0.024573 0.001402 -1.080715
v 0.041673 0.001402 -1.080715
v -0.078927 0.001402 -1.080715
v -0.061827 0.001402 -1.080715
v 0.024573 -0.013153 -1.080715
v 0.041673 -0.013153 -1.080715
v -0.096327 0.016213 -1.080715
v -0.096327 0.001402 -1.080715
v -0.078927 0.016213 -1.080715
v -0.096327 0.030768 -1.095407
v 0.024573 0.030768 -1.080715
v 0.041673 0.030768 -1.080715
v 0.041673 0.030768 -1.095407
v 0.007173 0.030768 -1.080715
v -0.078927 0.060133 -1.080715
v -0.061827 0.060133 -1.080715
v -0.078927 0.074943 -1.080715
v -0.061827 0.074943 -1.080715
v 0.007173 0.074943 -1.080715
v 0.024573 0.074943 -1.080715
v -0.096327 0.074943 -1.080715
v 0.024573 0.089498 -1.066022
v 0.041673 0.074943 -1.080715
v 0.041673 0.104053 -1.080715
v -0.009927 0.118864 -1.066022
v -0.061827 -0.116059 -1.066022
v -0.061827 -0.130614 -1.066022
v -0.044427 -0.130614 -1.066022
v -0.044427 -0.130614 -1.051072
v -0.027327 -0.130614 -1.051072
v -0.096327 -0.116059 -1.080715
v -0.096327 -0.071884 -1.066022
v -0.078927 -0.071884 -1.066022
v -0.061827 -0.071884 -1.066022
v -0.078927 -0.042518 -1.066022
v -0.096327 -0.027963 -1.066022
v -0.096327 -0.042518 -1.066022
v -0.078927 -0.027963 -1.066022
v -0.078927 -0.013153 -1.066022
v 0.024573 0.001402 -1.066022
v -0.061827 0.016213 -1.080715
v 0.024573 0.016213 -1.066022
v 0.041673 0.001402 -1.066022
v 0.041673 0.016213 -1.066022
v -0.096327 0.030768 -1.066022
v -0.078927 0.030768 -1.066022
v -0.078927 0.045578 -1.066022
v -0.078927 0.060133 -1.066022
v -0.096327 0.060133 -1.080715
v -0.096327 0.060133 -1.066022
v -0.078927 0.104053 -1.066022
v 0.024573 0.104053 -1.066022
v -0.078927 0.118864 -1.066022
v -0.061827 -0.130614 -1.051072
v -0.096327 -0.071884 -1.051072
v -0.096327 -0.071884 -1.036380
v -0.096327 -0.013153 -1.066022
v -0.096327 -0.013153 -1.051072
v 0.024573 0.001402 -1.051072
v 0.024573 0.016213 -1.051072
v -0.096327 0.016213 -1.051072
v 0.024573 0.030768 -1.051072
v 0.041673 0.016213 -1.051072
v 0.041673 0.030768 -1.051072
v -0.096327 0.045578 -1.051072
v -0.096327 0.060133 -1.051072
v -0.078927 0.060133 -1.051072
v 0.024573 0.118864 -1.051072
v -0.061827 -0.116059 -1.036380
v -0.061827 -0.130614 -1.036380
v -0.044427 -0.130614 -1.036380
v -0.044427 -0.116059 -1.036380
v 0.041673 -0.042518 -1.036380
v 0.041673 -0.027963 -1.036380
v 0.041673 -0.013153 -1.036380
v -0.078927 0.001402 -1.036380
v 0.024573 0.001402 -1.036380
v -0.078927 0.016213 -1.036380
v 0.024573 0.030768 -1.036380
v 0.041673 0.001402 -1.051072
v 0.041673 0.001402 -1.036380
v 0.041673 0.030768 -1.036380
v -0.096327 0.016213 -1.036380
v -0.096327 0.060133 -1.021430
v -0.096327 0.045578 -1.021430
v -0.078927 0.045578 -1.021430
v -0.078927 0.060133 -1.021430
v -0.044427 0.118864 -1.036380
v -0.027327 0.118864 -1.036380
v -0.061827 -0.116059 -1.021430
v -0.044427 -0.130614 -1.021430
v -0.044427 -0.116059 -1.021430
v -0.009927 -0.130614 -1.021430
v -0.009927 -0.116059 -1.021430
v -0.096327 -0.101249 -1.021430
v -0.096327 -0.071884 -1.021430
v -0.078927 -0.071884 -1.021430
v -0.096327 -0.027963 -1.021430
v -0.078927 -0.027963 -1.021430
v 0.024573 -0.027963 -1.006738
v 0.024573 -0.042518 -1.006738
v 0.041673 -0.042518 -1.006738
v 0.041673 -0.027963 -1.006738
v 0.024573 -0.013153 -1.021430
v 0.041673 -0.013153 -1.021430
v 0.024573 0.001402 -1.021430
v -0.096327 0.001402 -1.036380
v 0.041673 0.001402 -1.021430
v -0.096327 0.030768 -1.021430
v -0.078927 0.030768 -1.021430
v -0.096327 0.074943 -1.021430
v -0.078927 0.074943 -1.021430
v 0.024573 0.118864 -1.021430
v -0.078927 -0.071884 -1.006738
v 0.024573 -0.071884 -1.006738
v 0.041673 -0.071884 -1.006738
v -0.078927 -0.057329 -1.006738
v -0.096327 -0.013153 -1.006738
v -0.078927 -0.013153 -1.006738
v -0.078927 0.001402 -1.006738
v -0.096327 0.016213 -1.006738
v -0.096327 0.001402 -1.006738
v -0.078927 0.016213 -1.006738
v -0.096327 0.030768 -1.006738
v -0.078927 0.030768 -1.006738
v 0.024573 0.030768 -1.006738
v 0.041673 0.030768 -1.006738
v 0.024573 0.045578 -1.006738
v 0.024573 0.074943 -1.006738
v 0.041673 0.074943 -1.006738
v -0.027327 -0.130614 -0.991788
v -0.027327 -0.116059 -0.991788
v 0.007173 -0.130614 -0.991788
v 0.007173 -0.116059 -0.991788
v -0.096327 -0.101249 -0.991788
v -0.096327 -0.116059 -0.991788
v -0.078927 -0.116059 -0.991788
v -0.078927 -0.101249 -0.991788
v 0.024573 -0.071884 -0.991788
v -0.078927 -0.057329 -0.962146
v -0.078927 -0.071884 -0.962146
v -0.078927 -0.071884 -0.977096
v 0.024573 -0.057329 -0.991788
v 0.024573 -0.027963 -0.991788
v 0.024573 0.016213 -0.991788
v 0.041673 0.016213 -0.991788
v 0.024573 0.030768 -0.991788
v 0.041673 0.030768 -0.991788
v -0.096327 0.089498 -0.991788
v -0.078927 0.089498 -0.991788
v -0.096327 0.104053 -0.991788
v -0.078927 0.104053 -0.991788
v -0.027327 -0.130614 -0.977096
v -0.027327 -0.116059 -0.977096
v 0.007173 -0.130614 -0.977096
v 0.007173 -0.116059 -0.977096
v -0.096327 -0.086694 -0.977096
v -0.078927 -0.086694 -0.977096
v -0.096327 -0.071884 -0.977096
v 0.024573 -0.027963 -0.977096
v -0.096327 0.016213 -0.977096
v -0.078927 0.016213 -0.977096
v -0.061827 -0.130614 -0.962146
v 0.024573 -0.086694 -0.962146
v 0.041673 -0.086694 -0.962146
v 0.024573 -0.071884 -0.962146
v 0.041673 -0.071884 -0.962146
v -0.078927 -0.027963 -0.962146
v 0.041673 -0.027963 -0.962146
v -0.096327 0.016213 -0.962146
v -0.078927 0.016213 -0.962146
v 0.024573 0.045578 -0.962146
v -0.061827 -0.116059 -0.947454
v -0.061827 -0.130614 -0.947454
v -0.044427 -0.130614 -0.947454
v -0.044427 -0.116059 -0.947454
v -0.009927 -0.130614 -0.947454
v -0.009927 -0.116059 -0.947454
v 0.007173 -0.130614 -0.947454
v 0.007173 -0.116059 -0.947454
v -0.078927 -0.101249 -0.947454
v 0.024573 -0.116059 -0.947454
v 0.024573 -0.101249 -0.947454
v 0.041673 -0.116059 -0.947454
v -0.096327 -0.086694 -0.947454
v -0.096327 -0.101249 -0.947454
v -0.078927 -0.086694 -0.947454
v 0.024573 -0.086694 -0.947454
v 0.041673 -0.086694 -0.947454
v -0.078927 -0.057329 -0.947454
v -0.078927 -0.027963 -0.947454
v 0.024573 0.001402 -0.947454
v 0.041673 0.001402 -0.947454
v 0.024573 0.016213 -0.947454
v 0.041673 0.016213 -0.947454
v -0.078927 0.074943 -0.947454
v 0.024573 0.074943 -0.947454
v -0.096327 0.089498 -0.947454
v -0.096327 0.074943 -0.947454
v -0.078927 0.089498 -0.947454
v 0.041673 0.074943 -0.947454
v 0.024573 0.104053 -0.947454
v 0.041673 0.104053 -0.947454
v -0.044427 -0.116059 -0.932504
v -0.044427 -0.130614 -0.932504
v -0.009927 -0.130614 -0.932504
v -0.009927 -0.116059 -0.932504
v -0.078927 -0.101249 -0.932504
v -0.078927 -0.116059 -0.932504
v -0.061827 -0.101249 -0.932504
v -0.044427 -0.101249 -0.932504
v 0.007173 -0.116059 -0.932504
v 0.007173 -0.101249 -0.932504
v 0.024573 -0.116059 -0.932504
v 0.024573 -0.101249 -0.932504
v -0.078927 -0.057329 -0.917812
v 0.024573 0.001402 -0.932504
v 0.024573 0.016213 -0.917812
v 0.041673 0.016213 -0.917812
v 0.041673 0.016213 -0.932504
v 0.024573 0.016213 -0.932504
v -0.078927 0.030768 -0.932504
v 0.024573 0.030768 -0.932504
v -0.078927 0.045578 -0.932504
v -0.078927 0.089498 -0.932504
v -0.061827 0.089498 -0.932504
v 0.007173 0.089498 -0.932504
v 0.024573 0.089498 -0.932504
v -0.061827 0.104053 -0.932504
v 0.007173 0.104053 -0.932504
v -0.078927 0.118864 -0.932504
v -0.027327 0.104053 -0.932504
v -0.027327 0.118864 -0.932504
v -0.009927 0.104053 -0.932504
v 0.024573 0.118864 -0.932504
v -0.044427 -0.101249 -0.917812
v -0.044427 -0.116059 -0.917812
v -0.009927 -0.101249 -0.917812
v 0.007173 -0.101249 -0.917812
v -0.078927 -0.027963 -0.917812
v 0.024573 -0.027963 -0.917812
v 0.024573 0.030768 -0.917812
v 0.041673 0.030768 -0.917812
v 0.041673 0.030768 -0.932504
v -0.078927 0.045578 -0.902862
v 0.024573 0.045578 -0.917812
v -0.078927 0.074943 -0.917812
v -0.061827 0.089498 -0.917812
v 0.007173 0.089498 -0.917812
v 0.024573 0.089498 -0.917812
v -0.009927 0.104053 -0.902862
v -0.078927 -0.057329 -0.902862
v 0.024573 0.016213 -0.902862
v 0.041673 0.016213 -0.902862
v 0.024573 0.030768 -0.902862
v 0.024573 0.030768 -0.888170
v 0.024573 0.045578 -0.888170
v 0.024573 0.045578 -0.902862
v 0.007173 0.089498 -0.902862
v 0.024573 0.089498 -0.902862
v -0.061827 0.089498 -0.888170
v -0.078927 -0.086694 -0.888170
v -0.078927 -0.101249 -0.888170
v -0.061827 -0.101249 -0.888170
v -0.061827 -0.086694 -0.888170
v -0.078927 -0.071884 -0.888170
v -0.078927 -0.057329 -0.873220
v -0.078927 -0.042518 -0.888170
v 0.024573 -0.042518 -0.888170
v -0.078927 -0.027963 -0.888170
v 0.024573 -0.027963 -0.888170
v -0.096327 -0.013153 -0.888170
v -0.096327 -0.027963 -0.888170
v -0.078927 -0.013153 -0.888170
v 0.041673 -0.027963 -0.888170
v -0.096327 0.001402 -0.888170
v -0.078927 0.001402 -0.888170
v -0.096327 0.016213 -0.888170
v -0.078927 0.016213 -0.888170
v 0.041673 0.030768 -0.888170
v 0.041673 0.030768 -0.902862
v -0.078927 0.045578 -0.888170
v 0.024573 0.074943 -0.888170
v 0.007173 0.089498 -0.888170
v 0.024573 0.089498 -0.888170
v 0.007173 -0.101249 -0.873220
v 0.024573 -0.086694 -0.873220
v -0.078927 -0.071884 -0.858527
v 0.024573 -0.057329 -0.873220
v -0.078927 -0.042518 -0.873220
v 0.024573 -0.042518 -0.873220
v -0.096327 -0.042518 -0.888170
v -0.096327 -0.042518 -0.873220
v 0.041673 -0.042518 -0.888170
v 0.041673 -0.042518 -0.873220
v 0.024573 -0.013153 -0.873220
v 0.041673 -0.013153 -0.873220
v -0.078927 0.001402 -0.873220
v 0.024573 0.001402 -0.873220
v -0.096327 0.016213 -0.873220
v -0.096327 0.001402 -0.873220
v -0.078927 0.016213 -0.873220
v 0.024573 0.016213 -0.873220
v 0.041673 0.016213 -0.873220
v -0.096327 0.045578 -0.888170
v 0.024573 0.045578 -0.873220
v 0.041673 0.045578 -0.873220
v 0.041673 0.045578 -0.888170
v 0.024573 0.060133 -0.873220
v -0.044427 -0.101249 -0.858527
v -0.009927 -0.116059 -0.858527
v -0.009927 -0.101249 -0.858527
v 0.024573 -0.071884 -0.858527
v -0.078927 -0.057329 -0.858527
v 0.024573 -0.057329 -0.858527
v -0.096327 -0.057329 -0.873220
v -0.096327 -0.057329 -0.858527
v 0.041673 -0.057329 -0.873220
v 0.041673 -0.057329 -0.858527
v -0.096327 -0.027963 -0.858527
v -0.078927 -0.027963 -0.858527
v 0.024573 -0.027963 -0.858527
v 0.041673 -0.027963 -0.858527
v -0.096327 -0.013153 -0.858527
v -0.078927 -0.013153 -0.858527
v 0.024573 -0.013153 -0.858527
v 0.041673 -0.013153 -0.858527
v -0.078927 0.001402 -0.858527
v 0.024573 0.001402 -0.843578
v -0.078927 0.016213 -0.858527
v -0.096327 0.030768 -0.858527
v -0.096327 0.016213 -0.858527
v -0.078927 0.030768 -0.858527
v -0.096327 0.045578 -0.858527
v -0.078927 0.045578 -0.858527
v -0.078927 0.060133 -0.858527
v 0.041673 0.060133 -0.873220
v -0.078927 0.074943 -0.858527
v -0.061827 0.089498 -0.858527
v -0.044427 -0.101249 -0.843578
v -0.044427 -0.116059 -0.843578
v -0.009927 -0.101249 -0.843578
v 0.007173 -0.116059 -0.828885
v 0.007173 -0.101249 -0.828885
v -0.078927 -0.071884 -0.843578
v -0.096327 -0.071884 -0.858527
v -0.096327 -0.057329 -0.843578
v -0.096327 -0.071884 -0.843578
v 0.041673 -0.071884 -0.858527
v 0.024573 -0.042518 -0.843578
v 0.041673 -0.042518 -0.843578
v -0.096327 -0.027963 -0.843578
v -0.096327 -0.042518 -0.843578
v -0.078927 -0.042518 -0.843578
v -0.078927 -0.027963 -0.843578
v 0.024573 -0.027963 -0.843578
v 0.041673 -0.027963 -0.843578
v -0.078927 0.001402 -0.828885
v 0.024573 0.016213 -0.843578
v 0.024573 0.030768 -0.843578
v 0.041673 0.016213 -0.843578
v 0.041673 0.030768 -0.843578
v -0.096327 0.060133 -0.858527
v 0.024573 0.060133 -0.843578
v 0.041673 0.060133 -0.843578
v 0.024573 0.074943 -0.843578
v -0.078927 0.089498 -0.828885
v -0.078927 0.074943 -0.828885
v -0.061827 0.089498 -0.828885
v -0.044427 -0.101249 -0.828885
v -0.044427 -0.116059 -0.828885
v -0.061827 -0.086694 -0.828885
v -0.061827 -0.101249 -0.828885
v 0.024573 -0.101249 -0.828885
v -0.078927 -0.071884 -0.828885
v -0.078927 -0.086694 -0.828885
v -0.061827 -0.071884 -0.828885
v 0.024573 -0.071884 -0.828885
v -0.096327 -0.071884 -0.828885
v 0.041673 -0.071884 -0.828885
v 0.024573 -0.027963 -0.828885
v 0.024573 0.001402 -0.828885
v -0.078927 0.030768 -0.828885
v 0.024573 0.030768 -0.828885
v -0.096327 0.045578 -0.828885
v -0.096327 0.030768 -0.828885
v -0.078927 0.045578 -0.828885
v 0.024573 0.045578 -0.828885
v 0.041673 0.030768 -0.828885
v 0.041673 0.045578 -0.828885
v -0.096327 0.060133 -0.828885
v -0.078927 0.060133 -0.828885
v 0.024573 0.074943 -0.828885
v 0.041673 0.074943 -0.828885
v 0.041673 0.074943 -0.843578
v 0.007173 0.089498 -0.828885
v 0.024573 0.089498 -0.828885
v -0.061827 0.104053 -0.828885
v 0.007173 0.104053 -0.828885
v -0.078927 -0.116059 -0.828885
v -0.078927 -0.101249 -0.828885
v -0.078927 -0.101249 -0.814193
v -0.061827 -0.101249 -0.814193
v 0.024573 -0.116059 -0.828885
v 0.024573 -0.116059 -0.814193
v 0.024573 -0.101249 -0.814193
v -0.096327 -0.101249 -0.828885
v 0.041673 -0.101249 -0.828885
v 0.041673 -0.101249 -0.814193
v 0.024573 -0.042518 -0.814193
v 0.024573 -0.027963 -0.814193
v 0.024573 0.001402 -0.814193
v -0.078927 0.001402 -0.814193
v -0.078927 0.030768 -0.814193
v -0.078927 0.045578 -0.814193
v -0.096327 0.104053 -0.828885
v 0.041673 0.104053 -0.828885
v -0.061827 0.118864 -0.828885
v 0.007173 0.118864 -0.828885
v -0.078927 -0.101249 -0.799243
v -0.061827 -0.101249 -0.799243
v 0.024573 -0.116059 -0.799243
v 0.024573 -0.101249 -0.799243
v 0.041673 -0.116059 -0.814193
v 0.041673 -0.116059 -0.799243
v 0.041673 -0.101249 -0.799243
v -0.096327 -0.086694 -0.799243
v -0.096327 -0.101249 -0.799243
v -0.078927 -0.086694 -0.799243
v -0.096327 0.089498 -0.799243
v -0.078927 0.089498 -0.799243
v 0.024573 0.089498 -0.799243
v 0.041673 0.089498 -0.799243
v -0.096327 0.104053 -0.799243
v -0.078927 0.104053 -0.799243
v -0.061827 0.104053 -0.799243
v 0.007173 0.104053 -0.799243
v 0.024573 0.104053 -0.799243
v 0.041673 0.104053 -0.799243
v -0.061827 0.118864 -0.799243
v -0.044427 0.104053 -0.799243
v -0.044427 0.118864 -0.799243
v -0.009927 0.104053 -0.799243
v -0.009927 0.118864 -0.799243
v 0.007173 0.118864 -0.799243
v -0.078927 -0.101249 -0.784551
v -0.078927 -0.116059 -0.784551
v -0.061827 -0.101249 -0.784551
v -0.044427 -0.116059 -0.784551
v -0.044427 -0.101249 -0.784551
v 0.007173 -0.116059 -0.784551
v 0.007173 -0.101249 -0.784551
v 0.024573 -0.116059 -0.784551
v 0.024573 -0.101249 -0.784551
v -0.078927 -0.086694 -0.784551
v 0.041673 -0.101249 -0.784551
v -0.096327 -0.071884 -0.784551
v -0.096327 -0.086694 -0.784551
v -0.078927 -0.071884 -0.784551
v 0.024573 -0.071884 -0.784551
v 0.041673 -0.071884 -0.784551
v -0.078927 0.030768 -0.784551
v 0.024573 0.030768 -0.784551
v -0.078927 0.045578 -0.784551
v 0.024573 0.045578 -0.784551
v -0.096327 0.045578 -0.784551
v 0.041673 0.045578 -0.784551
v -0.096327 0.074943 -0.784551
v -0.078927 0.074943 -0.784551
v 0.024573 0.074943 -0.784551
v 0.041673 0.074943 -0.784551
v -0.096327 0.089498 -0.784551
v -0.078927 0.089498 -0.784551
v 0.024573 0.089498 -0.784551
v 0.041673 0.089498 -0.784551
v -0.078927 0.104053 -0.784551
v -0.061827 0.089498 -0.784551
v -0.061827 0.104053 -0.784551
v -0.044427 0.104053 -0.784551
v -0.009927 0.104053 -0.784551
v 0.007173 0.089498 -0.784551
v 0.007173 0.104053 -0.784551
v 0.024573 0.104053 -0.784551
v -0.044427 0.118864 -0.784551
v -0.009927 0.118864 -0.784551
v -0.044427 -0.101249 -0.769601
v -0.078927 -0.101249 -0.769601
v 0.024573 -0.042518 -0.769601
v 0.041673 -0.042518 -0.769601
v 0.024573 -0.027963 -0.769601
v -0.078927 0.001402 -0.769601
v 0.024573 0.001402 -0.769601
v -0.078927 0.030768 -0.769601
v 0.024573 0.030768 -0.769601
v -0.096327 0.030768 -0.784551
v 0.041673 0.030768 -0.784551
v -0.096327 0.060133 -0.769601
v -0.078927 0.060133 -0.769601
v 0.024573 0.060133 -0.769601
v 0.041673 0.060133 -0.769601
v -0.096327 0.074943 -0.769601
v -0.078927 0.074943 -0.769601
v 0.024573 0.074943 -0.769601
v 0.041673 0.074943 -0.769601
v -0.044427 0.104053 -0.769601
v -0.027327 0.104053 -0.769601
v -0.044427 -0.116059 -0.754909
v -0.009927 -0.116059 -0.754909
v -0.009927 -0.101249 -0.754909
v 0.007173 -0.101249 -0.754909
v -0.078927 -0.071884 -0.754909
v 0.024573 -0.071884 -0.754909
v -0.096327 -0.057329 -0.754909
v -0.096327 -0.071884 -0.754909
v -0.078927 -0.057329 -0.754909
v 0.024573 -0.057329 -0.754909
v 0.041673 -0.071884 -0.754909
v 0.041673 -0.057329 -0.754909
v -0.096327 -0.042518 -0.754909
v -0.078927 -0.042518 -0.754909
v -0.078927 -0.027963 -0.754909
v 0.041673 -0.027963 -0.769601
v -0.078927 0.001402 -0.754909
v 0.024573 0.001402 -0.754909
v -0.078927 0.030768 -0.754909
v 0.024573 0.030768 -0.754909
v -0.078927 0.016213 -0.754909
v 0.024573 0.016213 -0.754909
v -0.096327 0.030768 -0.754909
v 0.041673 0.030768 -0.754909
v -0.096327 0.060133 -0.754909
v -0.078927 0.060133 -0.754909
v 0.024573 0.060133 -0.754909
v 0.041673 0.060133 -0.754909
v -0.061827 0.060133 -0.769601
v -0.061827 0.089498 -0.754909
v -0.027327 0.104053 -0.739959
v -0.044427 -0.101249 -0.739959
v -0.044427 -0.116059 -0.739959
v -0.009927 -0.116059 -0.739959
v 0.007173 -0.101249 -0.725267
v -0.078927 -0.101249 -0.739959
v -0.096327 -0.027963 -0.754909
v -0.096327 -0.042518 -0.725267
v -0.078927 -0.042518 -0.725267
v -0.078927 -0.027963 -0.739959
v -0.096327 -0.027963 -0.739959
v 0.024573 -0.027963 -0.739959
v 0.041673 -0.027963 -0.739959
v -0.078927 -0.013153 -0.739959
v 0.024573 -0.013153 -0.739959
v -0.078927 0.001402 -0.739959
v 0.007173 0.001402 -0.739959
v 0.024573 0.001402 -0.739959
v -0.078927 0.016213 -0.739959
v 0.007173 0.016213 -0.739959
v 0.024573 0.016213 -0.739959
v -0.096327 0.016213 -0.754909
v -0.096327 0.016213 -0.739959
v 0.041673 0.016213 -0.754909
v 0.041673 0.016213 -0.739959
v -0.096327 0.060133 -0.739959
v -0.078927 0.060133 -0.739959
v 0.024573 0.060133 -0.739959
v 0.041673 0.060133 -0.739959
v -0.096327 0.045578 -0.739959
v -0.078927 0.045578 -0.739959
v 0.024573 0.045578 -0.739959
v 0.041673 0.045578 -0.739959
v -0.061827 0.060133 -0.739959
v 0.024573 0.089498 -0.739959
v -0.061827 0.104053 -0.725267
v -0.061827 0.089498 -0.725267
v -0.078927 -0.057329 -0.725267
v 0.024573 -0.057329 -0.725267
v -0.096327 -0.057329 -0.725267
v 0.024573 -0.042518 -0.725267
v 0.041673 -0.057329 -0.725267
v 0.041673 -0.042518 -0.725267
v -0.096327 -0.013153 -0.739959
v 0.024573 -0.013153 -0.725267
v 0.041673 -0.013153 -0.725267
v 0.041673 -0.013153 -0.739959
v 0.024573 0.001402 -0.725267
v -0.096327 0.001402 -0.739959
v 0.041673 0.001402 -0.739959
v 0.041673 0.001402 -0.725267
v -0.078927 0.045578 -0.725267
v -0.078927 0.060133 -0.725267
v -0.078927 0.089498 -0.725267
v 0.007173 0.089498 -0.725267
v 0.007173 0.104053 -0.725267
v -0.009927 -0.116059 -0.710317
v -0.009927 -0.101249 -0.710317
v 0.007173 -0.116059 -0.710317
v 0.007173 -0.101249 -0.710317
v 0.024573 -0.013153 -0.710317
v 0.041673 -0.013153 -0.710317
v -0.078927 0.001402 -0.710317
v 0.024573 0.001402 -0.710317
v 0.041673 0.001402 -0.710317
v -0.096327 0.016213 -0.710317
v -0.096327 0.001402 -0.710317
v -0.078927 0.016213 -0.710317
v -0.096327 0.030768 -0.710317
v -0.078927 0.030768 -0.710317
v 0.024573 0.030768 -0.710317
v 0.041673 0.030768 -0.710317
v -0.096327 0.045578 -0.710317
v -0.078927 0.045578 -0.710317
v 0.024573 0.045578 -0.710317
v 0.041673 0.045578 -0.710317
v -0.078927 0.060133 -0.710317
v -0.078927 0.089498 -0.710317
v -0.061827 0.089498 -0.710317
v 0.024573 -0.071884 -0.695625
v 0.024573 -0.057329 -0.695625
v -0.078927 -0.042518 -0.695625
v -0.096327 -0.042518 -0.695625
v 0.024573 -0.027963 -0.695625
v 0.041673 -0.027963 -0.695625
v -0.096327 -0.013153 -0.695625
v -0.078927 -0.013153 -0.695625
v 0.024573 -0.013153 -0.695625
v 0.041673 -0.013153 -0.695625
v 0.007173 0.001402 -0.710317
v 0.007173 0.001402 -0.695625
v 0.024573 0.001402 -0.695625
v -0.078927 0.016213 -0.695625
v 0.024573 0.016213 -0.695625
v 0.041673 0.001402 -0.695625
v 0.041673 0.016213 -0.695625
v -0.096327 0.030768 -0.695625
v -0.096327 0.016213 -0.695625
v -0.078927 0.030768 -0.695625
v 0.024573 0.060133 -0.695625
v 0.007173 0.089498 -0.695625
v 0.024573 0.089498 -0.695625
v -0.027327 0.104053 -0.695625
v -0.009927 0.104053 -0.695625
v 0.007173 0.104053 -0.695625
v 0.024573 -0.071884 -0.665982
v 0.024573 -0.057329 -0.665982
v 0.024573 -0.042518 -0.680675
v 0.024573 -0.027963 -0.680675
v 0.041673 -0.042518 -0.680675
v 0.041673 -0.027963 -0.680675
v 0.024573 0.016213 -0.680675
v 0.024573 0.030768 -0.680675
v 0.041673 0.016213 -0.680675
v 0.041673 0.030768 -0.680675
v -0.078927 0.060133 -0.680675
v 0.024573 0.045578 -0.665982
v 0.024573 0.060133 -0.665982
v -0.078927 0.074943 -0.680675
v 0.024573 0.060133 -0.680675
v -0.061827 0.089498 -0.680675
v 0.007173 0.089498 -0.680675
v 0.024573 0.089498 -0.680675
v -0.009927 0.104053 -0.665982
v -0.078927 -0.042518 -0.665982
v 0.024573 0.030768 -0.665982
v -0.078927 0.060133 -0.665982
v -0.078927 0.074943 -0.651033
v 0.007173 0.089498 -0.665982
v 0.024573 0.089498 -0.665982
v -0.078927 -0.086694 -0.651033
v -0.078927 -0.101249 -0.651033
v -0.061827 -0.101249 -0.651033
v -0.061827 -0.086694 -0.651033
v 0.024573 -0.057329 -0.636340
v 0.024573 -0.057329 -0.651033
v -0.078927 -0.042518 -0.651033
v -0.078927 -0.013153 -0.651033
v 0.024573 -0.013153 -0.651033
v -0.078927 0.016213 -0.651033
v 0.024573 0.016213 -0.651033
v 0.024573 0.016213 -0.636340
v 0.024573 0.030768 -0.636340
v 0.024573 0.030768 -0.651033
v 0.024573 0.060133 -0.651033
v -0.078927 0.089498 -0.651033
v -0.061827 0.089498 -0.651033
v 0.007173 0.089498 -0.636340
v -0.078927 -0.027963 -0.636340
v 0.007173 -0.027963 -0.636340
v 0.024573 -0.027963 -0.636340
v -0.078927 -0.013153 -0.636340
v 0.024573 -0.013153 -0.636340
v -0.113427 -0.013153 -0.651033
v -0.113427 -0.013153 -0.636340
v -0.096327 -0.013153 -0.636340
v 0.059073 -0.013153 -0.651033
v 0.059073 -0.013153 -0.636340
v 0.059073 0.001402 -0.636340
v -0.113427 0.016213 -0.651033
v -0.113427 0.016213 -0.636340
v -0.096327 0.016213 -0.636340
v -0.078927 0.016213 -0.636340
v 0.041673 0.016213 -0.636340
v 0.059073 0.016213 -0.636340
v 0.059073 0.016213 -0.651033
v -0.078927 0.030768 -0.636340
v 0.024573 0.045578 -0.651033
v 0.024573 0.045578 -0.621390
v 0.024573 0.089498 -0.636340
v 0.024573 -0.101249 -0.621390
v 0.024573 -0.086694 -0.621390
v -0.078927 -0.071884 -0.621390
v 0.024573 -0.057329 -0.621390
v -0.078927 -0.042518 -0.621390
v 0.024573 -0.057329 -0.606698
v 0.024573 -0.042518 -0.606698
v -0.078927 -0.027963 -0.621390
v 0.007173 -0.027963 -0.621390
v 0.024573 -0.042518 -0.621390
v 0.024573 -0.027963 -0.621390
v -0.113427 -0.027963 -0.636340
v -0.113427 -0.013153 -0.621390
v -0.113427 -0.027963 -0.621390
v -0.096327 -0.027963 -0.621390
v -0.078927 -0.013153 -0.621390
v -0.096327 -0.013153 -0.621390
v 0.059073 -0.027963 -0.621390
v 0.059073 -0.013153 -0.621390
v 0.076173 -0.027963 -0.636340
v 0.076173 -0.027963 -0.621390
v 0.076173 -0.013153 -0.621390
v -0.113427 0.016213 -0.621390
v -0.096327 0.016213 -0.621390
v 0.059073 0.001402 -0.621390
v 0.076173 0.001402 -0.621390
v 0.076173 0.001402 -0.636340
v 0.041673 0.016213 -0.621390
v 0.059073 0.016213 -0.621390
v 0.076173 0.001402 -0.606698
v 0.076173 0.016213 -0.606698
v 0.076173 0.016213 -0.636340
v 0.076173 0.016213 -0.621390
v -0.096327 0.030768 -0.636340
v -0.096327 0.030768 -0.621390
v -0.078927 0.030768 -0.621390
v 0.024573 0.030768 -0.621390
v 0.041673 0.030768 -0.621390
v 0.041673 0.030768 -0.636340
v -0.078927 0.045578 -0.621390
v 0.007173 0.089498 -0.621390
v -0.009927 -0.101249 -0.606698
v 0.024573 -0.101249 -0.606698
v -0.078927 -0.071884 -0.606698
v -0.078927 -0.042518 -0.606698
v 0.024573 -0.071884 -0.606698
v -0.113427 -0.042518 -0.621390
v -0.113427 -0.042518 -0.606698
v -0.096327 -0.042518 -0.606698
v 0.059073 -0.042518 -0.606698
v 0.076173 -0.042518 -0.621390
v 0.076173 -0.042518 -0.606698
v 0.059073 0.001402 -0.606698
v 0.059073 0.016213 -0.606698
v 0.059073 0.030768 -0.621390
v 0.059073 0.030768 -0.606698
v 0.076173 0.030768 -0.606698
v 0.076173 0.030768 -0.621390
v -0.113427 0.045578 -0.621390
v -0.113427 0.045578 -0.606698
v -0.096327 0.045578 -0.606698
v -0.078927 0.045578 -0.606698
v 0.024573 0.045578 -0.606698
v 0.059073 0.045578 -0.606698
v 0.059073 0.045578 -0.621390
v -0.078927 0.060133 -0.606698
v 0.024573 0.060133 -0.606698
v -0.044427 -0.101249 -0.591748
v -0.044427 -0.116059 -0.591748
v -0.009927 -0.116059 -0.591748
v -0.009927 -0.101249 -0.591748
v -0.061827 -0.086694 -0.591748
v -0.061827 -0.101249 -0.591748
v 0.024573 -0.101249 -0.591748
v 0.024573 -0.086694 -0.591748
v -0.078927 -0.071884 -0.591748
v -0.078927 -0.086694 -0.591748
v 0.024573 -0.071884 -0.591748
v -0.113427 -0.071884 -0.606698
v -0.113427 -0.071884 -0.591748
v -0.096327 -0.071884 -0.591748
v 0.059073 -0.071884 -0.591748
v 0.076173 -0.071884 -0.606698
v 0.076173 -0.071884 -0.591748
v -0.113427 -0.042518 -0.591748
v 0.059073 -0.042518 -0.591748
v 0.076173 -0.042518 -0.591748
v -0.113427 -0.027963 -0.591748
v 0.059073 -0.013153 -0.591748
v 0.076173 -0.013153 -0.591748
v -0.113427 0.016213 -0.591748
v 0.059073 0.016213 -0.591748
v 0.059073 0.030768 -0.591748
v 0.076173 0.016213 -0.591748
v 0.076173 0.030768 -0.591748
v -0.113427 0.060133 -0.606698
v -0.113427 0.060133 -0.591748
v -0.096327 0.060133 -0.591748
v -0.078927 0.045578 -0.591748
v -0.078927 0.060133 -0.591748
v 0.024573 0.060133 -0.591748
v 0.059073 0.060133 -0.591748
v 0.076173 0.060133 -0.591748
v 0.076173 0.060133 -0.606698
v -0.078927 0.089498 -0.591748
v -0.061827 0.089498 -0.591748
v 0.007173 0.089498 -0.591748
v 0.024573 0.089498 -0.591748
v -0.061827 0.104053 -0.591748
v -0.044427 0.104053 -0.591748
v -0.009927 0.104053 -0.591748
v 0.007173 0.104053 -0.591748
v -0.096327 -0.130614 -0.591748
v -0.096327 -0.116059 -0.591748
v -0.096327 -0.116059 -0.577056
v -0.061827 -0.130614 -0.591748
v -0.044427 -0.130614 -0.577056
v -0.044427 -0.116059 -0.577056
v -0.009927 -0.130614 -0.577056
v -0.009927 -0.116059 -0.577056
v 0.041673 -0.130614 -0.591748
v 0.041673 -0.116059 -0.577056
v 0.041673 -0.116059 -0.591748
v -0.113427 -0.116059 -0.591748
v 0.059073 -0.116059 -0.591748
v 0.059073 -0.101249 -0.577056
v 0.059073 -0.101249 -0.591748
v 0.076173 -0.101249 -0.591748
v 0.059073 -0.071884 -0.577056
v 0.076173 -0.071884 -0.577056
v -0.113427 -0.057329 -0.577056
v -0.113427 -0.042518 -0.577056
v 0.059073 -0.042518 -0.577056
v 0.076173 -0.042518 -0.577056
v -0.113427 -0.027963 -0.577056
v -0.113427 -0.027963 -0.547414
v -0.113427 -0.057329 -0.547414
v -0.113427 -0.013153 -0.577056
v -0.113427 0.016213 -0.562364
v 0.059073 0.030768 -0.577056
v 0.076173 0.030768 -0.577056
v 0.059073 0.060133 -0.577056
v 0.076173 0.060133 -0.577056
v -0.078927 0.060133 -0.577056
v 0.041673 0.074943 -0.577056
v 0.059073 0.074943 -0.577056
v 0.076173 0.074943 -0.577056
v -0.078927 0.089498 -0.577056
v 0.041673 0.089498 -0.577056
v 0.076173 0.089498 -0.577056
v 0.059073 0.089498 -0.577056
v -0.113427 0.104053 -0.591748
v 0.007173 0.104053 -0.577056
v 0.059073 0.104053 -0.591748
v 0.059073 0.104053 -0.577056
v 0.076173 0.104053 -0.591748
v -0.113427 0.118864 -0.591748
v -0.113427 0.118864 -0.577056
v -0.061827 0.118864 -0.591748
v -0.044427 0.104053 -0.577056
v -0.044427 0.118864 -0.577056
v -0.009927 0.104053 -0.577056
v -0.009927 0.118864 -0.577056
v 0.059073 0.118864 -0.591748
v -0.044427 -0.145425 -0.577056
v -0.044427 -0.145425 -0.562364
v -0.009927 -0.145425 -0.577056
v -0.009927 -0.145425 -0.562364
v -0.096327 -0.116059 -0.562364
v -0.096327 -0.130614 -0.562364
v -0.078927 -0.130614 -0.562364
v -0.078927 -0.116059 -0.562364
v 0.024573 -0.130614 -0.562364
v 0.024573 -0.116059 -0.562364
v 0.041673 -0.130614 -0.562364
v 0.041673 -0.116059 -0.562364
v -0.113427 -0.101249 -0.562364
v -0.113427 -0.116059 -0.562364
v -0.096327 -0.101249 -0.562364
v 0.059073 -0.101249 -0.562364
v 0.076173 -0.101249 -0.562364
v 0.059073 -0.071884 -0.562364
v 0.076173 -0.071884 -0.562364
v -0.113427 0.030768 -0.562364
v 0.041673 0.030768 -0.562364
v 0.059073 0.030768 -0.562364
v -0.113427 0.045578 -0.562364
v -0.113427 0.060133 -0.562364
v 0.041673 0.060133 -0.562364
v 0.059073 0.060133 -0.562364
v 0.059073 0.074943 -0.562364
v 0.076173 0.060133 -0.562364
v 0.076173 0.074943 -0.562364
v 0.041673 0.089498 -0.562364
v 0.041673 0.074943 -0.562364
v 0.059073 0.089498 -0.562364
v -0.113427 0.118864 -0.562364
v -0.096327 0.104053 -0.562364
v 0.059073 0.104053 -0.562364
v 0.076173 0.089498 -0.562364
v 0.076173 0.104053 -0.562364
v -0.096327 0.118864 -0.562364
v -0.113427 0.104053 -0.562364
v -0.078927 0.118864 -0.562364
v 0.041673 0.104053 -0.562364
v 0.041673 0.118864 -0.562364
v 0.059073 0.118864 -0.562364
v -0.044427 0.148229 -0.577056
v -0.044427 0.148229 -0.562364
v -0.009927 0.148229 -0.562364
v -0.009927 0.148229 -0.577056
v -0.044427 -0.159980 -0.562364
v -0.044427 -0.145425 -0.547414
v -0.009927 -0.159980 -0.562364
v -0.009927 -0.145425 -0.547414
v -0.044427 -0.130614 -0.547414
v -0.009927 -0.130614 -0.547414
v -0.044427 -0.116059 -0.547414
v -0.009927 -0.116059 -0.547414
v -0.096327 -0.101249 -0.547414
v -0.096327 -0.116059 -0.547414
v 0.059073 -0.101249 -0.547414
v -0.113427 -0.071884 -0.547414
v -0.113427 -0.101249 -0.547414
v 0.059073 -0.086694 -0.547414
v -0.113427 -0.101249 -0.532722
v 0.041673 0.016213 -0.547414
v 0.059073 0.016213 -0.547414
v 0.041673 0.030768 -0.547414
v -0.113427 0.045578 -0.547414
v -0.113427 0.074943 -0.547414
v -0.096327 0.104053 -0.532722
v -0.044427 0.104053 -0.547414
v -0.044427 0.118864 -0.547414
v -0.009927 0.118864 -0.547414
v -0.009927 0.104053 -0.547414
v 0.041673 0.118864 -0.547414
v -0.044427 0.133419 -0.547414
v -0.009927 0.133419 -0.547414
v -0.044427 0.162784 -0.562364
v -0.009927 0.162784 -0.562364
v -0.044427 -0.145425 -0.532722
v -0.027327 -0.159980 -0.532722
v -0.027327 -0.145425 -0.532722
v -0.009927 -0.159980 -0.532722
v -0.044427 -0.116059 -0.532722
v -0.009927 -0.116059 -0.532722
v -0.113427 -0.116059 -0.547414
v 0.059073 -0.086694 -0.517772
v 0.041673 0.016213 -0.532722
v 0.059073 0.016213 -0.532722
v 0.041673 0.060133 -0.532722
v 0.059073 0.060133 -0.532722
v -0.044427 -0.145425 -0.517772
v -0.027327 -0.145425 -0.517772
v -0.113427 -0.101249 -0.517772
v -0.113427 -0.116059 -0.517772
v -0.113427 -0.086694 -0.532722
v -0.113427 -0.086694 -0.517772
v 0.041673 0.118864 -0.517772
v -0.027327 0.133419 -0.517772
v -0.009927 0.133419 -0.517772
v -0.027327 0.162784 -0.517772
v -0.009927 0.162784 -0.517772
v -0.044427 -0.159980 -0.503080
v -0.113427 -0.101249 -0.503080
v -0.113427 -0.116059 -0.503080
v -0.113427 -0.086694 -0.488130
v -0.096327 -0.086694 -0.488130
v -0.113427 -0.042518 -0.503080
v -0.096327 -0.042518 -0.503080
v -0.113427 -0.027963 -0.503080
v -0.096327 -0.027963 -0.503080
v 0.041673 0.089498 -0.503080
v 0.059073 0.089498 -0.503080
v -0.096327 0.104053 -0.503080
v 0.041673 0.104053 -0.503080
v -0.078927 0.104053 -0.503080
v -0.078927 0.118864 -0.503080
v -0.061827 0.104053 -0.503080
v -0.061827 0.118864 -0.503080
v -0.009927 0.162784 -0.488130
v 0.059073 -0.101249 -0.488130
v -0.096327 -0.071884 -0.488130
v 0.041673 -0.071884 -0.488130
v 0.059073 -0.071884 -0.488130
v -0.078927 -0.071884 -0.488130
v 0.024573 -0.071884 -0.488130
v -0.113427 -0.042518 -0.488130
v -0.096327 -0.042518 -0.488130
v -0.078927 -0.042518 -0.488130
v 0.024573 -0.042518 -0.488130
v 0.041673 -0.042518 -0.488130
v 0.041673 -0.027963 -0.488130
v 0.059073 -0.027963 -0.488130
v -0.113427 -0.013153 -0.488130
v -0.113427 0.001402 -0.488130
v -0.113427 0.016213 -0.488130
v -0.096327 0.016213 -0.488130
v -0.096327 0.030768 -0.488130
v 0.041673 0.030768 -0.488130
v 0.059073 0.030768 -0.488130
v -0.078927 0.030768 -0.488130
v 0.024573 0.030768 -0.488130
v -0.113427 0.060133 -0.488130
v 0.059073 0.060133 -0.488130
v -0.113427 0.074943 -0.488130
v -0.096327 0.074943 -0.488130
v -0.078927 0.074943 -0.488130
v 0.024573 0.074943 -0.488130
v 0.041673 0.074943 -0.488130
v 0.059073 0.089498 -0.488130
v 0.059073 0.074943 -0.488130
v 0.041673 0.104053 -0.473437
v 0.041673 0.089498 -0.473437
v -0.061827 0.104053 -0.473437
v -0.027327 -0.145425 -0.473437
v -0.009927 -0.145425 -0.473437
v -0.078927 -0.116059 -0.473437
v -0.027327 -0.130614 -0.473437
v -0.027327 -0.116059 -0.473437
v -0.009927 -0.130614 -0.473437
v -0.009927 -0.116059 -0.473437
v 0.024573 -0.130614 -0.473437
v -0.113427 -0.116059 -0.473437
v -0.096327 -0.086694 -0.473437
v 0.041673 -0.086694 -0.473437
v 0.059073 -0.071884 -0.473437
v -0.096327 -0.071884 -0.473437
v -0.078927 -0.086694 -0.473437
v -0.078927 -0.071884 -0.473437
v 0.024573 -0.071884 -0.473437
v 0.024573 -0.086694 -0.473437
v 0.059073 -0.086694 -0.473437
v -0.078927 -0.042518 -0.473437
v 0.024573 -0.042518 -0.473437
v -0.096327 -0.027963 -0.473437
v -0.096327 -0.042518 -0.473437
v -0.078927 -0.027963 -0.473437
v 0.024573 -0.027963 -0.473437
v 0.041673 -0.042518 -0.473437
v 0.041673 -0.027963 -0.473437
v -0.113427 0.001402 -0.458488
v -0.096327 0.016213 -0.473437
v -0.078927 0.016213 -0.488130
v -0.078927 0.030768 -0.473437
v -0.078927 0.060133 -0.473437
v -0.044427 0.133419 -0.473437
v -0.044427 -0.145425 -0.458488
v -0.027327 -0.145425 -0.458488
v -0.027327 -0.130614 -0.458488
v -0.078927 -0.116059 -0.458488
v -0.078927 -0.130614 -0.458488
v -0.044427 -0.130614 -0.458488
v -0.044427 -0.116059 -0.458488
v -0.027327 -0.116059 -0.458488
v 0.024573 -0.116059 -0.458488
v -0.113427 -0.116059 -0.458488
v -0.078927 -0.101249 -0.458488
v 0.059073 -0.116059 -0.458488
v -0.113427 -0.086694 -0.458488
v -0.096327 -0.086694 -0.458488
v -0.078927 -0.086694 -0.458488
v -0.096327 -0.101249 -0.458488
v 0.024573 -0.086694 -0.458488
v 0.041673 -0.086694 -0.458488
v 0.059073 -0.086694 -0.458488
v -0.078927 -0.057329 -0.458488
v 0.024573 -0.057329 -0.458488
v -0.078927 -0.027963 -0.458488
v -0.113427 -0.027963 -0.458488
v 0.059073 -0.013153 -0.458488
v -0.113427 0.016213 -0.458488
v -0.096327 0.016213 -0.458488
v -0.096327 0.030768 -0.458488
v -0.078927 0.045578 -0.458488
v 0.024573 0.045578 -0.458488
v -0.078927 0.060133 -0.458488
v -0.078927 0.074943 -0.458488
v 0.024573 0.074943 -0.458488
v -0.113427 0.074943 -0.458488
v -0.096327 0.074943 -0.458488
v 0.041673 0.074943 -0.458488
v 0.041673 0.089498 -0.458488
v 0.059073 0.074943 -0.458488
v -0.044427 0.104053 -0.458488
v -0.044427 0.118864 -0.458488
v -0.009927 0.104053 -0.458488
v -0.009927 0.118864 -0.458488
v -0.044427 0.133419 -0.458488
v -0.009927 0.133419 -0.458488
v -0.044427 -0.159980 -0.443795
v -0.009927 -0.159980 -0.443795
v -0.044427 -0.130614 -0.443795
v -0.009927 -0.130614 -0.443795
v -0.078927 -0.116059 -0.443795
v -0.078927 -0.130614 -0.443795
v -0.044427 -0.116059 -0.443795
v -0.009927 -0.116059 -0.443795
v 0.024573 -0.116059 -0.443795
v 0.059073 -0.116059 -0.443795
v -0.113427 -0.057329 -0.458488
v 0.024573 -0.057329 -0.443795
v 0.059073 -0.057329 -0.458488
v 0.024573 -0.042518 -0.443795
v -0.078927 -0.027963 -0.443795
v -0.113427 -0.027963 -0.443795
v 0.059073 -0.027963 -0.443795
v 0.059073 -0.013153 -0.443795
v 0.041673 0.016213 -0.443795
v 0.059073 0.016213 -0.443795
v -0.113427 0.016213 -0.443795
v -0.096327 0.016213 -0.443795
v -0.113427 0.030768 -0.458488
v -0.113427 0.030768 -0.443795
v -0.096327 0.030768 -0.443795
v 0.041673 0.030768 -0.443795
v 0.059073 0.030768 -0.443795
v -0.078927 0.045578 -0.443795
v 0.024573 0.045578 -0.443795
v -0.096327 0.045578 -0.458488
v -0.096327 0.060133 -0.458488
v -0.096327 0.060133 -0.443795
v -0.096327 0.045578 -0.443795
v -0.078927 0.060133 -0.443795
v 0.024573 0.060133 -0.443795
v 0.041673 0.045578 -0.458488
v 0.041673 0.045578 -0.443795
v 0.041673 0.060133 -0.443795
v 0.041673 0.060133 -0.458488
v -0.113427 0.060133 -0.458488
v 0.059073 0.060133 -0.458488
v -0.061827 0.104053 -0.443795
v -0.044427 0.104053 -0.443795
v -0.044427 0.118864 -0.443795
v -0.009927 0.118864 -0.443795
v -0.009927 0.104053 -0.443795
v -0.044427 0.162784 -0.443795
v -0.009927 0.162784 -0.443795
v -0.078927 -0.116059 -0.428845
v -0.078927 -0.130614 -0.428845
v -0.044427 -0.116059 -0.428845
v -0.009927 -0.116059 -0.428845
v 0.024573 -0.130614 -0.428845
v 0.024573 -0.116059 -0.428845
v -0.113427 -0.101249 -0.428845
v -0.113427 -0.116059 -0.428845
v -0.096327 -0.116059 -0.428845
v -0.096327 -0.101249 -0.428845
v -0.078927 -0.101249 -0.428845
v -0.061827 -0.101249 -0.428845
v -0.044427 -0.101249 -0.428845
v -0.009927 -0.101249 -0.428845
v 0.007173 -0.101249 -0.428845
v 0.024573 -0.101249 -0.428845
v 0.041673 -0.116059 -0.428845
v 0.041673 -0.101249 -0.428845
v 0.059073 -0.116059 -0.428845
v 0.059073 -0.101249 -0.428845
v -0.113427 -0.071884 -0.428845
v -0.096327 -0.071884 -0.428845
v 0.041673 -0.071884 -0.428845
v 0.059073 -0.071884 -0.428845
v -0.113427 -0.057329 -0.428845
v -0.078927 -0.071884 -0.428845
v -0.078927 -0.057329 -0.428845
v 0.024573 -0.057329 -0.428845
v 0.024573 -0.071884 -0.428845
v 0.059073 -0.057329 -0.428845
v 0.024573 -0.057329 -0.414153
v 0.024573 -0.042518 -0.414153
v -0.078927 -0.027963 -0.428845
v -0.113427 -0.013153 -0.428845
v -0.113427 -0.027963 -0.428845
v 0.059073 -0.027963 -0.428845
v 0.059073 0.001402 -0.428845
v -0.113427 0.016213 -0.428845
v -0.096327 0.016213 -0.428845
v 0.041673 0.016213 -0.428845
v 0.059073 0.016213 -0.428845
v -0.078927 0.030768 -0.428845
v 0.024573 0.030768 -0.428845
v 0.041673 0.030768 -0.428845
v -0.078927 0.045578 -0.428845
v 0.041673 0.089498 -0.428845
v -0.096327 0.104053 -0.428845
v -0.061827 0.104053 -0.428845
v -0.061827 0.089498 -0.428845
v -0.044427 0.089498 -0.428845
v -0.044427 0.104053 -0.428845
v 0.041673 0.104053 -0.428845
v -0.096327 0.118864 -0.428845
v -0.027327 0.104053 -0.428845
v -0.027327 0.104053 -0.443795
v 0.041673 0.118864 -0.428845
v -0.096327 -0.101249 -0.414153
v -0.096327 -0.116059 -0.414153
v -0.078927 -0.116059 -0.414153
v -0.078927 -0.101249 -0.414153
v 0.024573 -0.101249 -0.414153
v 0.024573 -0.116059 -0.414153
v 0.041673 -0.116059 -0.414153
v 0.041673 -0.101249 -0.414153
v -0.113427 -0.101249 -0.414153
v -0.096327 -0.086694 -0.414153
v -0.078927 -0.086694 -0.414153
v -0.061827 -0.101249 -0.414153
v -0.061827 -0.086694 -0.414153
v -0.061827 -0.101249 -0.399203
v -0.061827 -0.086694 -0.399203
v 0.007173 -0.101249 -0.399203
v 0.007173 -0.086694 -0.399203
v 0.024573 -0.086694 -0.414153
v 0.041673 -0.086694 -0.414153
v 0.059073 -0.101249 -0.414153
v -0.113427 -0.071884 -0.414153
v -0.096327 -0.071884 -0.414153
v -0.078927 -0.071884 -0.414153
v 0.041673 -0.071884 -0.414153
v 0.059073 -0.071884 -0.414153
v 0.059073 0.001402 -0.414153
v 0.024573 0.030768 -0.399203
v 0.041673 0.016213 -0.399203
v 0.041673 0.030768 -0.399203
v 0.059073 0.030768 -0.428845
v -0.078927 0.060133 -0.414153
v -0.061827 0.060133 -0.414153
v 0.024573 0.060133 -0.414153
v -0.113427 0.060133 -0.414153
v -0.096327 0.074943 -0.414153
v -0.078927 0.074943 -0.414153
v 0.024573 0.074943 -0.414153
v 0.041673 0.074943 -0.414153
v 0.059073 0.060133 -0.414153
v -0.096327 0.089498 -0.414153
v -0.061827 0.089498 -0.414153
v -0.061827 0.074943 -0.414153
v 0.041673 0.089498 -0.414153
v -0.113427 0.104053 -0.414153
v -0.061827 0.104053 -0.414153
v 0.007173 0.089498 -0.414153
v 0.007173 0.104053 -0.414153
v 0.059073 0.104053 -0.414153
v 0.024573 -0.101249 -0.399203
v 0.024573 -0.086694 -0.399203
v -0.096327 -0.071884 -0.399203
v -0.096327 -0.086694 -0.399203
v -0.078927 -0.086694 -0.399203
v -0.078927 -0.071884 -0.399203
v 0.024573 -0.071884 -0.399203
v 0.041673 -0.086694 -0.399203
v 0.041673 -0.071884 -0.399203
v -0.078927 -0.027963 -0.399203
v 0.059073 -0.027963 -0.399203
v 0.041673 0.016213 -0.369561
v 0.059073 0.001402 -0.369561
v 0.059073 0.016213 -0.369561
v 0.059073 0.016213 -0.399203
v 0.059073 0.030768 -0.399203
v -0.078927 0.074943 -0.399203
v 0.024573 0.074943 -0.399203
v -0.096327 0.089498 -0.399203
v -0.096327 0.074943 -0.399203
v -0.078927 0.089498 -0.399203
v -0.061827 0.089498 -0.399203
v -0.044427 0.089498 -0.399203
v 0.024573 0.089498 -0.399203
v 0.041673 0.074943 -0.399203
v 0.041673 0.089498 -0.399203
v -0.044427 0.104053 -0.399203
v -0.009927 0.104053 -0.399203
v 0.007173 0.104053 -0.399203
v -0.078927 -0.042518 -0.369561
v -0.078927 -0.057329 -0.369561
v -0.078927 -0.027963 -0.369561
v -0.009927 0.089498 -0.384511
v 0.007173 0.089498 -0.384511
v -0.061827 0.104053 -0.399203
v -0.009927 0.104053 -0.384511
v -0.044427 -0.101249 -0.369561
v -0.044427 -0.116059 -0.369561
v -0.027327 -0.116059 -0.369561
v -0.009927 -0.116059 -0.369561
v -0.009927 -0.101249 -0.369561
v -0.061827 -0.086694 -0.369561
v -0.061827 -0.101249 -0.369561
v 0.007173 -0.101249 -0.369561
v 0.007173 -0.086694 -0.369561
v -0.078927 -0.086694 -0.369561
v 0.024573 -0.086694 -0.369561
v 0.024573 -0.027963 -0.369561
v -0.113427 -0.013153 -0.369561
v -0.096327 -0.027963 -0.369561
v 0.041673 -0.027963 -0.369561
v 0.041673 -0.013153 -0.369561
v 0.059073 -0.027963 -0.369561
v 0.059073 -0.013153 -0.369561
v -0.113427 0.001402 -0.369561
v -0.096327 0.030768 -0.369561
v -0.078927 0.030768 -0.369561
v 0.024573 0.030768 -0.369561
v 0.041673 0.030768 -0.369561
v -0.078927 0.089498 -0.369561
v -0.061827 0.089498 -0.369561
v 0.007173 0.089498 -0.369561
v 0.024573 0.089498 -0.369561
v -0.061827 0.104053 -0.369561
v 0.007173 0.104053 -0.369561
v 0.007173 0.104053 -0.384511
v -0.078927 -0.130614 -0.369561
v -0.078927 -0.116059 -0.369561
v -0.078927 -0.116059 -0.354869
v -0.027327 -0.130614 -0.354869
v -0.027327 -0.130614 -0.369561
v 0.024573 -0.130614 -0.354869
v 0.024573 -0.130614 -0.369561
v 0.024573 -0.116059 -0.369561
v 0.024573 -0.116059 -0.354869
v -0.096327 -0.116059 -0.369561
v -0.096327 -0.101249 -0.369561
v -0.096327 -0.101249 -0.354869
v -0.096327 -0.116059 -0.354869
v 0.041673 -0.116059 -0.369561
v 0.041673 -0.116059 -0.354869
v 0.041673 -0.101249 -0.354869
v 0.041673 -0.101249 -0.369561
v -0.113427 -0.101249 -0.369561
v -0.113427 -0.101249 -0.354869
v -0.078927 -0.086694 -0.354869
v 0.059073 -0.101249 -0.369561
v 0.059073 -0.101249 -0.354869
v -0.113427 -0.057329 -0.369561
v -0.096327 -0.057329 -0.369561
v -0.096327 -0.057329 -0.354869
v -0.078927 -0.057329 -0.354869
v -0.078927 -0.042518 -0.354869
v -0.096327 -0.027963 -0.354869
v 0.041673 -0.027963 -0.354869
v 0.041673 -0.013153 -0.339919
v 0.059073 0.001402 -0.339919
v -0.096327 0.045578 -0.369561
v -0.096327 0.045578 -0.354869
v 0.024573 0.030768 -0.354869
v -0.113427 0.045578 -0.369561
v -0.078927 0.045578 -0.354869
v -0.113427 0.089498 -0.369561
v -0.078927 0.089498 -0.354869
v 0.024573 0.089498 -0.354869
v -0.113427 0.104053 -0.369561
v -0.113427 0.104053 -0.339919
v -0.113427 0.089498 -0.339919
v -0.096327 0.104053 -0.369561
v -0.096327 0.104053 -0.339919
v -0.096327 0.104053 -0.354869
v 0.041673 0.104053 -0.369561
v 0.041673 0.104053 -0.354869
v 0.059073 0.104053 -0.369561
v -0.096327 0.118864 -0.369561
v -0.044427 0.118864 -0.354869
v -0.009927 0.118864 -0.354869
v 0.024573 0.118864 -0.369561
v 0.041673 0.118864 -0.369561
v -0.078927 -0.130614 -0.339919
v -0.061827 -0.130614 -0.339919
v -0.009927 -0.130614 -0.339919
v 0.007173 -0.130614 -0.339919
v 0.024573 -0.130614 -0.339919
v 0.024573 -0.116059 -0.339919
v 0.041673 -0.130614 -0.354869
v 0.041673 -0.130614 -0.339919
v 0.041673 -0.116059 -0.339919
v -0.113427 -0.116059 -0.354869
v -0.113427 -0.116059 -0.339919
v -0.096327 -0.116059 -0.339919
v -0.096327 -0.101249 -0.339919
v 0.041673 -0.101249 -0.339919
v 0.059073 -0.116059 -0.354869
v 0.059073 -0.116059 -0.339919
v -0.096327 -0.071884 -0.339919
v -0.113427 -0.057329 -0.339919
v -0.096327 -0.057329 -0.339919
v 0.041673 -0.057329 -0.339919
v -0.078927 -0.042518 -0.325227
v -0.096327 -0.027963 -0.339919
v 0.041673 -0.027963 -0.339919
v 0.059073 -0.027963 -0.339919
v -0.096327 -0.027963 -0.325227
v -0.113427 0.016213 -0.339919
v 0.041673 0.016213 -0.339919
v 0.059073 0.016213 -0.339919
v -0.096327 0.045578 -0.339919
v -0.078927 0.045578 -0.339919
v 0.041673 0.045578 -0.339919
v -0.113427 0.045578 -0.339919
v 0.041673 0.104053 -0.339919
v 0.059073 0.104053 -0.339919
v -0.096327 0.118864 -0.339919
v -0.078927 0.104053 -0.339919
v -0.078927 0.118864 -0.339919
v -0.044427 0.118864 -0.339919
v -0.009927 0.118864 -0.339919
v 0.024573 0.104053 -0.339919
v 0.024573 0.118864 -0.339919
v 0.041673 0.118864 -0.339919
v -0.044427 0.133419 -0.354869
v -0.044427 0.133419 -0.339919
v -0.009927 0.133419 -0.339919
v -0.009927 0.133419 -0.354869
v -0.078927 -0.116059 -0.325227
v -0.027327 -0.130614 -0.325227
v 0.024573 -0.116059 -0.310535
v 0.007173 -0.130614 -0.310535
v 0.041673 -0.101249 -0.325227
v 0.041673 -0.071884 -0.325227
v -0.096327 -0.057329 -0.310535
v -0.096327 -0.071884 -0.310535
v -0.078927 -0.057329 -0.310535
v 0.041673 -0.027963 -0.325227
v 0.041673 -0.013153 -0.325227
v 0.059073 -0.013153 -0.325227
v 0.041673 0.016213 -0.325227
v -0.078927 0.016213 -0.325227
v 0.041673 0.045578 -0.325227
v -0.078927 0.104053 -0.325227
v -0.078927 -0.130614 -0.310535
v -0.027327 -0.130614 -0.295585
v -0.009927 -0.130614 -0.310535
v 0.041673 -0.116059 -0.310535
v 0.041673 -0.101249 -0.310535
v 0.041673 -0.086694 -0.310535
v 0.041673 -0.071884 -0.310535
v -0.078927 -0.042518 -0.310535
v 0.041673 -0.013153 -0.295585
v 0.041673 -0.027963 -0.295585
v 0.059073 -0.027963 -0.295585
v 0.059073 -0.013153 -0.295585
v -0.096327 0.016213 -0.310535
v 0.041673 0.016213 -0.310535
v 0.059073 0.016213 -0.310535
v -0.078927 0.016213 -0.310535
v -0.078927 0.030768 -0.310535
v 0.041673 0.045578 -0.310535
v 0.007173 -0.130614 -0.280892
v 0.024573 -0.116059 -0.295585
v 0.041673 -0.101249 -0.295585
v 0.041673 -0.086694 -0.295585
v 0.041673 -0.057329 -0.295585
v -0.096327 -0.027963 -0.295585
v -0.113427 -0.013153 -0.295585
v -0.113427 0.001402 -0.295585
v -0.096327 0.016213 -0.295585
v -0.096327 0.045578 -0.295585
v -0.078927 0.016213 -0.295585
v -0.078927 0.045578 -0.295585
v 0.041673 0.030768 -0.310535
v 0.041673 0.030768 -0.280892
v 0.041673 0.045578 -0.280892
v 0.024573 0.118864 -0.295585
v 0.041673 -0.116059 -0.265943
v 0.041673 -0.101249 -0.265943
v -0.096327 -0.071884 -0.280892
v -0.096327 -0.057329 -0.280892
v 0.041673 -0.057329 -0.280892
v 0.041673 -0.027963 -0.280892
v -0.096327 -0.027963 -0.280892
v -0.113427 0.001402 -0.265943
v -0.096327 0.016213 -0.280892
v -0.096327 0.030768 -0.295585
v -0.096327 0.030768 -0.280892
v -0.078927 0.045578 -0.280892
v 0.041673 0.060133 -0.280892
v -0.078927 0.104053 -0.280892
v -0.061827 0.118864 -0.280892
v -0.044427 0.118864 -0.280892
v -0.061827 -0.130614 -0.265943
v 0.041673 -0.071884 -0.265943
v -0.096327 -0.057329 -0.251250
v -0.096327 -0.057329 -0.265943
v -0.096327 -0.042518 -0.251250
v -0.078927 -0.042518 -0.251250
v 0.041673 -0.042518 -0.280892
v 0.041673 -0.042518 -0.251250
v 0.041673 -0.027963 -0.251250
v -0.113427 0.016213 -0.265943
v -0.096327 0.016213 -0.265943
v 0.059073 0.016213 -0.265943
v -0.096327 0.045578 -0.265943
v -0.096327 0.030768 -0.251250
v -0.078927 0.016213 -0.265943
v -0.078927 0.045578 -0.265943
v -0.078927 0.030768 -0.251250
v 0.041673 0.030768 -0.251250
v 0.041673 0.060133 -0.251250
v 0.041673 0.060133 -0.265943
v 0.041673 0.089498 -0.251250
v 0.041673 0.045578 -0.236300
v 0.041673 0.060133 -0.236300
v -0.096327 0.074943 -0.265943
v -0.078927 0.074943 -0.265943
v -0.096327 0.089498 -0.265943
v -0.096327 0.104053 -0.265943
v 0.024573 0.104053 -0.265943
v -0.061827 -0.130614 -0.251250
v -0.027327 -0.130614 -0.251250
v 0.024573 -0.130614 -0.251250
v -0.096327 -0.027963 -0.251250
v -0.078927 -0.027963 -0.251250
v -0.113427 -0.013153 -0.251250
v -0.113427 -0.027963 -0.251250
v -0.096327 -0.013153 -0.251250
v -0.061827 -0.013153 -0.251250
v -0.061827 -0.027963 -0.251250
v 0.007173 -0.027963 -0.251250
v -0.061827 0.016213 -0.265943
v -0.061827 0.016213 -0.251250
v 0.007173 0.016213 -0.251250
v 0.007173 -0.013153 -0.251250
v 0.041673 -0.013153 -0.251250
v 0.059073 -0.027963 -0.251250
v 0.059073 -0.013153 -0.251250
v -0.113427 0.001402 -0.251250
v -0.096327 0.001402 -0.251250
v -0.061827 0.001402 -0.265943
v -0.061827 0.001402 -0.251250
v 0.007173 0.001402 -0.251250
v 0.041673 0.001402 -0.251250
v 0.059073 0.001402 -0.251250
v -0.113427 0.016213 -0.251250
v -0.096327 0.016213 -0.251250
v 0.041673 0.016213 -0.251250
v 0.059073 0.001402 -0.236300
v 0.059073 0.016213 -0.236300
v 0.059073 0.016213 -0.251250
v -0.078927 0.016213 -0.251250
v -0.096327 0.104053 -0.251250
v -0.078927 0.118864 -0.251250
v -0.044427 -0.130614 -0.251250
v -0.113427 -0.042518 -0.251250
v -0.113427 -0.027963 -0.236300
v -0.096327 -0.027963 -0.236300
v -0.061827 -0.027963 -0.221608
v -0.061827 -0.042518 -0.221608
v 0.007173 -0.042518 -0.221608
v 0.007173 -0.027963 -0.221608
v 0.059073 -0.042518 -0.251250
v -0.113427 -0.013153 -0.236300
v -0.096327 -0.013153 -0.236300
v -0.113427 0.016213 -0.236300
v -0.113427 0.001402 -0.236300
v -0.096327 0.016213 -0.236300
v -0.061827 0.001402 -0.236300
v -0.061827 0.016213 -0.236300
v 0.007173 0.016213 -0.236300
v 0.007173 0.001402 -0.236300
v 0.041673 0.016213 -0.236300
v -0.113427 0.030768 -0.251250
v -0.113427 0.030768 -0.236300
v -0.096327 0.030768 -0.236300
v -0.061827 0.016213 -0.221608
v 0.007173 0.016213 -0.221608
v 0.007173 0.030768 -0.221608
v -0.061827 0.030768 -0.221608
v 0.041673 0.030768 -0.236300
v 0.059073 0.030768 -0.236300
v 0.059073 0.030768 -0.251250
v -0.096327 0.045578 -0.236300
v -0.078927 0.030768 -0.236300
v -0.078927 0.045578 -0.236300
v 0.041673 0.089498 -0.236300
v -0.096327 0.104053 -0.236300
v -0.078927 0.104053 -0.236300
v 0.024573 0.104053 -0.236300
v 0.041673 0.104053 -0.236300
v -0.078927 0.118864 -0.236300
v -0.061827 0.118864 -0.236300
v -0.044427 0.118864 -0.236300
v -0.009927 0.118864 -0.236300
v 0.007173 0.118864 -0.236300
v 0.024573 0.118864 -0.236300
v -0.078927 -0.116059 -0.221608
v -0.078927 -0.130614 -0.221608
v -0.044427 -0.130614 -0.221608
v 0.024573 -0.130614 -0.221608
v 0.024573 -0.116059 -0.221608
v -0.096327 -0.116059 -0.221608
v 0.041673 -0.116059 -0.221608
v -0.096327 -0.086694 -0.221608
v -0.096327 -0.057329 -0.221608
v 0.041673 -0.057329 -0.221608
v -0.096327 -0.042518 -0.221608
v 0.041673 -0.042518 -0.221608
v -0.113427 -0.042518 -0.221608
v -0.096327 -0.027963 -0.221608
v 0.041673 -0.027963 -0.221608
v 0.059073 -0.042518 -0.221608
v 0.059073 -0.027963 -0.221608
v -0.096327 -0.013153 -0.221608
v -0.061827 -0.013153 -0.221608
v 0.007173 -0.013153 -0.221608
v 0.059073 -0.013153 -0.221608
v -0.113427 0.045578 -0.236300
v 0.059073 0.045578 -0.236300
v 0.024573 0.060133 -0.206658
v 0.041673 0.060133 -0.206658
v 0.041673 0.089498 -0.206658
v 0.024573 0.104053 -0.221608
v -0.096327 0.118864 -0.236300
v -0.096327 0.118864 -0.221608
v -0.078927 0.118864 -0.221608
v -0.061827 0.118864 -0.221608
v 0.007173 0.118864 -0.221608
v 0.007173 0.104053 -0.221608
v 0.024573 0.118864 -0.221608
v 0.041673 0.118864 -0.221608
v 0.041673 0.118864 -0.236300
v -0.061827 0.133419 -0.236300
v -0.061827 0.133419 -0.221608
v 0.007173 0.133419 -0.221608
v 0.007173 0.133419 -0.236300
v -0.096327 -0.145425 -0.221608
v -0.096327 -0.130614 -0.221608
v -0.096327 -0.130614 -0.206658
v -0.061827 -0.130614 -0.206658
v -0.078927 -0.130614 -0.206658
v 0.007173 -0.130614 -0.206658
v 0.024573 -0.130614 -0.206658
v 0.041673 -0.145425 -0.221608
v 0.041673 -0.130614 -0.206658
v 0.041673 -0.130614 -0.221608
v -0.113427 -0.130614 -0.221608
v -0.113427 -0.116059 -0.221608
v -0.096327 -0.116059 -0.206658
v 0.041673 -0.116059 -0.206658
v 0.059073 -0.130614 -0.221608
v 0.059073 -0.116059 -0.206658
v 0.059073 -0.116059 -0.221608
v 0.041673 -0.101249 -0.206658
v -0.096327 -0.086694 -0.206658
v 0.041673 -0.086694 -0.206658
v -0.096327 -0.057329 -0.206658
v 0.041673 -0.071884 -0.206658
v 0.041673 -0.057329 -0.206658
v -0.113427 -0.057329 -0.221608
v -0.113427 -0.042518 -0.206658
v -0.113427 -0.057329 -0.206658
v -0.096327 -0.042518 -0.206658
v -0.061827 -0.042518 -0.206658
v 0.007173 -0.042518 -0.191966
v -0.061827 -0.042518 -0.191966
v 0.007173 -0.042518 -0.206658
v 0.041673 -0.042518 -0.206658
v 0.059073 -0.057329 -0.221608
v 0.059073 -0.057329 -0.206658
v 0.059073 -0.042518 -0.206658
v -0.113427 -0.027963 -0.206658
v -0.096327 -0.027963 -0.206658
v 0.041673 -0.027963 -0.206658
v 0.059073 -0.027963 -0.206658
v -0.113427 0.030768 -0.206658
v -0.113427 0.016213 -0.206658
v -0.096327 0.030768 -0.206658
v -0.078927 0.030768 -0.206658
v -0.061827 0.016213 -0.206658
v -0.061827 0.030768 -0.206658
v 0.007173 0.030768 -0.206658
v 0.007173 0.016213 -0.206658
v 0.041673 0.030768 -0.206658
v 0.059073 0.016213 -0.206658
v 0.059073 0.030768 -0.206658
v -0.113427 0.045578 -0.206658
v -0.096327 0.045578 -0.206658
v -0.061827 0.045578 -0.206658
v 0.007173 0.045578 -0.221608
v 0.007173 0.045578 -0.206658
v 0.041673 0.045578 -0.206658
v 0.059073 0.045578 -0.206658
v -0.078927 0.045578 -0.206658
v 0.024573 0.045578 -0.206658
v -0.096327 0.074943 -0.206658
v -0.078927 0.074943 -0.206658
v 0.024573 0.074943 -0.206658
v 0.041673 0.074943 -0.206658
v -0.096327 0.104053 -0.206658
v 0.041673 0.104053 -0.206658
v -0.096327 0.118864 -0.206658
v -0.078927 0.118864 -0.206658
v 0.024573 0.118864 -0.206658
v 0.041673 0.118864 -0.206658
v -0.113427 0.118864 -0.221608
v -0.113427 0.133419 -0.221608
v -0.113427 0.118864 -0.206658
v 0.059073 0.118864 -0.221608
v 0.059073 0.118864 -0.206658
v 0.059073 0.133419 -0.221608
v -0.096327 -0.130614 -0.191966
v -0.096327 -0.145425 -0.191966
v -0.061827 -0.130614 -0.191966
v 0.007173 -0.130614 -0.191966
v 0.041673 -0.145425 -0.191966
v 0.041673 -0.130614 -0.191966
v -0.113427 -0.116059 -0.191966
v -0.096327 -0.116059 -0.191966
v -0.061827 -0.116059 -0.191966
v 0.007173 -0.116059 -0.191966
v 0.041673 -0.101249 -0.191966
v 0.059073 -0.101249 -0.191966
v 0.059073 -0.101249 -0.206658
v -0.096327 -0.086694 -0.191966
v 0.041673 -0.086694 -0.191966
v -0.113427 -0.086694 -0.206658
v -0.113427 -0.086694 -0.191966
v -0.027327 -0.071884 -0.191966
v -0.027327 -0.086694 -0.191966
v -0.009927 -0.086694 -0.191966
v -0.009927 -0.071884 -0.191966
v -0.061827 -0.071884 -0.191966
v 0.007173 -0.071884 -0.191966
v 0.007173 -0.057329 -0.191966
v 0.059073 -0.086694 -0.206658
v 0.059073 -0.086694 -0.191966
v -0.113427 -0.057329 -0.191966
v -0.096327 -0.057329 -0.191966
v -0.061827 -0.057329 -0.191966
v 0.041673 -0.057329 -0.191966
v 0.059073 -0.057329 -0.191966
v -0.113427 -0.042518 -0.191966
v -0.096327 -0.042518 -0.191966
v 0.041673 -0.042518 -0.191966
v 0.059073 -0.042518 -0.191966
v -0.096327 -0.027963 -0.191966
v -0.061827 -0.027963 -0.191966
v 0.007173 -0.027963 -0.191966
v 0.041673 -0.027963 -0.191966
v -0.113427 0.045578 -0.191966
v -0.113427 0.030768 -0.191966
v -0.078927 0.045578 -0.191966
v -0.096327 0.045578 -0.191966
v -0.061827 0.030768 -0.191966
v -0.061827 0.045578 -0.191966
v 0.007173 0.045578 -0.191966
v 0.007173 0.030768 -0.191966
v 0.041673 0.045578 -0.191966
v 0.059073 0.030768 -0.191966
v 0.059073 0.045578 -0.191966
v -0.113427 0.060133 -0.191966
v -0.096327 0.060133 -0.191966
v -0.061827 0.074943 -0.206658
v -0.061827 0.074943 -0.191966
v 0.007173 0.074943 -0.206658
v 0.007173 0.074943 -0.191966
v -0.113427 0.074943 -0.206658
v -0.113427 0.074943 -0.191966
v -0.096327 0.074943 -0.191966
v 0.041673 0.074943 -0.191966
v 0.059073 0.074943 -0.191966
v 0.059073 0.074943 -0.206658
v -0.096327 0.104053 -0.191966
v 0.041673 0.104053 -0.191966
v -0.113427 0.104053 -0.206658
v -0.113427 0.118864 -0.191966
v -0.113427 0.104053 -0.191966
v -0.096327 0.118864 -0.191966
v 0.041673 0.118864 -0.191966
v 0.059073 0.104053 -0.206658
v 0.059073 0.104053 -0.191966
v 0.059073 0.118864 -0.191966
v -0.113427 0.133419 -0.191966
v -0.078927 0.118864 -0.191966
v -0.078927 0.133419 -0.191966
v -0.061827 0.118864 -0.191966
v -0.061827 0.133419 -0.191966
v 0.007173 0.118864 -0.191966
v 0.007173 0.133419 -0.191966
v 0.024573 0.118864 -0.191966
v 0.024573 0.133419 -0.191966
v 0.059073 0.133419 -0.191966
v -0.113427 -0.130614 -0.177016
v -0.061827 -0.130614 -0.177016
v -0.061827 -0.116059 -0.177016
v 0.007173 -0.116059 -0.177016
v 0.007173 -0.130614 -0.177016
v 0.059073 -0.130614 -0.177016
v -0.061827 -0.086694 -0.177016
v 0.007173 -0.086694 -0.177016
v -0.061827 -0.071884 -0.177016
v -0.027327 -0.071884 -0.177016
v -0.027327 -0.086694 -0.177016
v -0.009927 -0.086694 -0.177016
v -0.009927 -0.071884 -0.177016
v 0.007173 -0.071884 -0.177016
v -0.113427 -0.057329 -0.177016
v -0.061827 -0.057329 -0.177016
v 0.007173 -0.057329 -0.177016
v 0.059073 -0.057329 -0.177016
v -0.096327 0.060133 -0.177016
v -0.096327 0.045578 -0.177016
v -0.061827 0.045578 -0.177016
v 0.007173 0.045578 -0.177016
v 0.059073 0.045578 -0.177016
v -0.113427 0.060133 -0.177016
v -0.061827 0.074943 -0.177016
v 0.007173 0.074943 -0.177016
v -0.061827 0.118864 -0.177016
v 0.007173 0.118864 -0.177016
v -0.078927 0.104053 -0.177016
v -0.061827 0.104053 -0.177016
v -0.113427 0.104053 -0.177016
v -0.113427 0.118864 -0.177016
v -0.078927 0.118864 -0.177016
v 0.024573 0.118864 -0.177016
v 0.059073 0.118864 -0.177016
v -0.078927 0.133419 -0.177016
v -0.061827 0.133419 -0.177016
v 0.007173 0.133419 -0.177016
v 0.024573 0.133419 -0.177016
vn -0.0000 -1.0000 -0.0000
vn 1.0000 -0.0000 -0.0000
vn -0.0000 -0.0000 1.0000
vn -0.0000 1.0000 -0.0000
vn -1.0000 -0.0000 -0.0000
vn -0.0000 -0.0000 -1.0000
vn 0.9993 -0.0000 -0.0370
vn -0.0000 0.0001 1.0000
vn -0.2425 -0.9701 -0.0000
vn -0.0000 -0.9923 -0.1240
vn -0.9979 -0.0000 -0.0644
vn -0.0000 0.0001 -1.0000
vn -0.0000 -0.0001 -1.0000
vn -0.0000 0.9997 0.0259
vn -0.9959 -0.0000 -0.0905
vn 0.9864 -0.0000 0.1644
vn -0.9285 -0.0000 -0.3714
vn -0.0000 -0.9956 -0.0933
vn -0.0000 0.8944 -0.4472
vt 0.646353 0.978316
vt 0.652073 0.966776
vt 0.652073 0.978316
vt 0.368986 0.827085
vt 0.374706 0.821265
vt 0.368986 0.850166
vt 0.334466 0.920752
vt 0.340186 0.943832
vt 0.334466 0.943832
vt 0.977020 0.337577
vt 0.982840 0.331756
vt 0.982840 0.337577
vt 0.743893 0.883803
vt 0.743893 0.877982
vt 0.755433 0.883803
vt 0.932351 0.984136
vt 0.938071 0.989956
vt 0.932351 0.989956
vt 0.966670 0.984136
vt 0.972390 0.989956
vt 0.966670 0.989956
vt 0.972390 0.989956
vt 0.978110 0.984136
vt 0.978110 0.989956
vt 0.924634 0.000000
vt 0.918914 0.051881
vt 0.918914 0.028901
vt 0.942199 0.143623
vt 0.936379 0.155163
vt 0.936379 0.143623
vt 0.988560 0.576209
vt 0.982840 0.582029
vt 0.982840 0.576209
vt 0.513188 0.888195
vt 0.495828 0.876655
vt 0.513188 0.876655
vt 0.337476 0.989956
vt 0.331756 0.995676
vt 0.331756 0.989956
vt 0.977020 0.657693
vt 0.982740 0.663513
vt 0.977020 0.663513
vt 0.196696 0.883032
vt 0.185156 0.877312
vt 0.196696 0.877312
vt 0.628490 0.294125
vt 0.616950 0.294125
vt 0.634210 0.271045
vt 0.977020 0.669333
vt 0.982740 0.663513
vt 0.982740 0.669333
vt 0.952569 0.222174
vt 0.952569 0.227894
vt 0.946748 0.227894
vt 0.977020 0.675154
vt 0.982740 0.669333
vt 0.982740 0.675154
vt 0.977020 0.675154
vt 0.982740 0.680974
vt 0.977020 0.680974
vt 0.994280 0.435518
vt 0.988560 0.429798
vt 0.994280 0.429798
vt 0.904820 0.741284
vt 0.910641 0.752824
vt 0.910641 0.758644
vt 0.132662 0.957336
vt 0.126842 0.951516
vt 0.126842 0.945796
vt 0.374706 0.942387
vt 0.380526 0.919307
vt 0.380526 0.942387
vt 0.971200 0.040742
vt 0.977020 0.046562
vt 0.971200 0.046562
vt 0.849516 0.277494
vt 0.845894 0.259546
vt 0.846604 0.253870
vt 0.185156 0.871592
vt 0.179336 0.854332
vt 0.179336 0.842792
vt 0.951082 0.943187
vt 0.945261 0.949007
vt 0.951082 0.937467
vt 0.692113 0.978316
vt 0.686393 0.984136
vt 0.686393 0.978316
vt 0.988560 0.086602
vt 0.994280 0.080882
vt 0.994280 0.086602
vt 0.057199 0.995676
vt 0.051479 0.989956
vt 0.057199 0.989956
vt 0.988560 0.651872
vt 0.982840 0.646052
vt 0.988560 0.646052
vt 0.994280 0.092322
vt 0.988560 0.092322
vt 0.988560 0.657693
vt 0.982840 0.651872
vt 0.057701 0.247964
vt 0.069241 0.253684
vt 0.051981 0.247964
vt 0.758069 0.842062
vt 0.754924 0.849592
vt 0.737755 0.837770
vt 0.982840 0.663513
vt 0.982840 0.657693
vt 0.947714 -0.000000
vt 0.953535 0.005820
vt 0.953535 0.017361
vt 0.697833 0.978316
vt 0.692113 0.984136
vt 0.692113 0.978316
vt 0.190876 0.888852
vt 0.179336 0.888852
vt 0.185156 0.883032
vt 0.899100 0.747104
vt 0.899100 0.741284
vt 0.530449 0.945897
vt 0.536169 0.940076
vt 0.536169 0.957437
vt 0.080079 0.989956
vt 0.074359 0.995676
vt 0.074359 0.989956
vt 0.577714 0.966776
vt 0.583434 0.972596
vt 0.577714 0.978316
vt 0.977020 0.250272
vt 0.982840 0.244452
vt 0.982840 0.250272
vt 0.982840 0.256093
vt 0.977020 0.250272
vt 0.994280 0.830195
vt 0.988560 0.835915
vt 0.988560 0.830195
vt 0.738072 0.735564
vt 0.732352 0.741384
vt 0.732352 0.724023
vt 0.988560 0.098042
vt 0.994280 0.098042
vt 0.988560 0.098042
vt 0.994280 0.103761
vt 0.988560 0.103761
vt 0.994280 0.441238
vt 0.988560 0.435518
vt 0.994280 0.435518
vt 0.276765 0.903893
vt 0.276765 0.898073
vt 0.282485 0.892353
vt 0.977020 0.349218
vt 0.971200 0.343397
vt 0.977020 0.343397
vt 0.560554 0.984136
vt 0.554834 0.978316
vt 0.560554 0.978316
vt 0.102959 0.966776
vt 0.102959 0.972596
vt 0.097239 0.978316
vt 0.316724 0.536668
vt 0.316274 0.571672
vt 0.309506 0.576357
vt 0.011641 0.939564
vt 0.011641 0.933744
vt 0.017360 0.945284
vt 0.674651 0.842135
vt 0.680371 0.842135
vt 0.663111 0.847955
vt 0.185156 0.923573
vt 0.179336 0.923573
vt 0.185156 0.917753
vt 0.988560 0.675154
vt 0.982840 0.669333
vt 0.988560 0.669333
vt 0.952268 0.354836
vt 0.946448 0.349016
vt 0.946448 0.337476
vt 0.749613 0.966776
vt 0.755433 0.972596
vt 0.749613 0.972596
vt 0.977020 0.680974
vt 0.982740 0.686794
vt 0.977020 0.686794
vt 0.988560 0.680974
vt 0.982840 0.675154
vt 0.977020 0.692615
vt 0.982740 0.686794
vt 0.982740 0.692615
vt 0.813033 0.920006
vt 0.818854 0.937267
vt 0.818854 0.943087
vt 0.947818 0.068661
vt 0.947818 0.074482
vt 0.942098 0.074482
vt 0.865867 0.158753
vt 0.883127 0.152932
vt 0.871587 0.164473
vt 0.988560 0.680974
vt 0.982840 0.686794
vt 0.982840 0.680974
vt 0.091519 0.989956
vt 0.085799 0.995676
vt 0.085799 0.989956
vt 0.728876 0.291416
vt 0.723055 0.279876
vt 0.728876 0.274156
vt 0.217358 0.984136
vt 0.211638 0.978316
vt 0.217358 0.978316
vt 0.977020 0.355038
vt 0.971200 0.349218
vt 0.977020 0.349218
vt 0.988560 0.286800
vt 0.994280 0.292520
vt 0.988560 0.292520
vt 0.988560 0.298240
vt 0.994280 0.292520
vt 0.994280 0.298240
vt 0.988560 0.640232
vt 0.982840 0.646052
vt 0.982840 0.640232
vt 0.334466 0.920752
vt 0.328645 0.943832
vt 0.328645 0.920752
vt 0.709273 0.984136
vt 0.703553 0.978316
vt 0.709273 0.978316
vt 0.224884 0.877312
vt 0.201803 0.848512
vt 0.207523 0.854332
vt 0.977020 0.715896
vt 0.971200 0.710076
vt 0.977020 0.710076
vt 0.988560 0.395780
vt 0.982840 0.401600
vt 0.982840 0.395780
vt 0.994280 0.338279
vt 0.988560 0.343999
vt 0.988560 0.338279
vt 0.668831 0.940177
vt 0.663111 0.957437
vt 0.663111 0.940177
vt 0.343196 0.989956
vt 0.337476 0.995676
vt 0.337476 0.989956
vt 0.763275 0.288405
vt 0.745915 0.299845
vt 0.745915 0.282585
vt 0.854862 0.553012
vt 0.849042 0.553012
vt 0.860582 0.541472
vt 0.668831 0.940177
vt 0.674551 0.957437
vt 0.668831 0.957437
vt 0.000000 0.939463
vt 0.005820 0.922203
vt 0.005820 0.945183
vt 0.952268 0.320215
vt 0.957988 0.314395
vt 0.952268 0.331655
vt 0.251945 0.738273
vt 0.257665 0.744093
vt 0.246125 0.749813
vt 0.878373 0.046161
vt 0.872653 0.017260
vt 0.884193 0.005720
vt 0.977020 0.413240
vt 0.982740 0.407420
vt 0.982740 0.413240
vt 0.228797 0.984136
vt 0.223077 0.978316
vt 0.228797 0.978316
vt 0.945261 0.706663
vt 0.950981 0.729743
vt 0.945261 0.729743
vt 0.314596 0.984136
vt 0.308876 0.989956
vt 0.308876 0.984136
vt 0.965480 0.877056
vt 0.971200 0.888596
vt 0.965480 0.888596
vt 0.720713 0.984136
vt 0.714993 0.978316
vt 0.720713 0.978316
vt 0.886591 0.989956
vt 0.892311 0.984136
vt 0.892311 0.989956
vt 0.224984 0.779371
vt 0.213444 0.721670
vt 0.219264 0.744750
vt 0.988560 0.401600
vt 0.982840 0.407420
vt 0.982840 0.401600
vt 0.977020 0.226991
vt 0.971200 0.221171
vt 0.977020 0.221171
vt 0.348916 0.989956
vt 0.343196 0.995676
vt 0.343196 0.989956
vt 0.553529 0.790154
vt 0.541989 0.795974
vt 0.541989 0.790154
vt 0.988560 0.446958
vt 0.988560 0.441238
vt 0.150023 0.726632
vt 0.144203 0.761253
vt 0.144203 0.726632
vt 0.726433 0.978316
vt 0.720713 0.984136
vt 0.720713 0.978316
vt 0.977020 0.599490
vt 0.971200 0.593670
vt 0.977020 0.593670
vt 0.570789 0.830494
vt 0.588150 0.859295
vt 0.570789 0.859295
vt 0.354636 0.989956
vt 0.348916 0.995676
vt 0.348916 0.989956
vt 0.956802 0.527840
vt 0.950981 0.545100
vt 0.950981 0.527840
vt 0.240237 0.978316
vt 0.234517 0.984136
vt 0.234517 0.978316
vt 0.939441 0.378018
vt 0.945261 0.389457
vt 0.945261 0.400998
vt 0.755433 0.966776
vt 0.761254 0.972596
vt 0.755433 0.972596
vt 0.761254 0.972596
vt 0.767074 0.966776
vt 0.767074 0.972596
vt 0.858366 0.814500
vt 0.849819 0.804805
vt 0.872261 0.826229
vt 0.322925 0.909814
vt 0.328645 0.938715
vt 0.322925 0.938715
vt 0.950981 0.741284
vt 0.956802 0.741284
vt 0.950981 0.747003
vt 0.977020 0.721716
vt 0.971200 0.715896
vt 0.977020 0.715896
vt 0.173003 0.138382
vt 0.167283 0.161463
vt 0.167283 0.138382
vt 0.988560 0.209530
vt 0.982840 0.203710
vt 0.988560 0.203710
vt 0.922181 0.850966
vt 0.928001 0.845146
vt 0.922181 0.891306
vt 0.680471 0.888296
vt 0.674651 0.928737
vt 0.674651 0.911376
vt 0.877507 0.262615
vt 0.877507 0.291415
vt 0.871687 0.308675
vt 0.092322 0.807414
vt 0.074961 0.813234
vt 0.069241 0.801694
vt 0.588150 0.905456
vt 0.593970 0.876655
vt 0.593970 0.882375
vt 0.910741 0.672143
vt 0.904921 0.689403
vt 0.904921 0.672143
vt 0.360356 0.989956
vt 0.354636 0.995676
vt 0.936379 0.097462
vt 0.930558 0.120542
vt 0.930558 0.097462
vt 0.865015 0.941403
vt 0.870735 0.941403
vt 0.865015 0.947224
vt 0.945361 0.470038
vt 0.951081 0.458598
vt 0.945361 0.481578
vt 0.965480 0.819355
vt 0.971200 0.830895
vt 0.965480 0.830895
vt 0.593870 0.847754
vt 0.593870 0.836214
vt 0.913094 0.000000
vt 0.907274 0.028800
vt 0.907274 0.023080
vt 0.628490 0.732453
vt 0.616950 0.732453
vt 0.616950 0.720912
vt 0.977020 0.366678
vt 0.971200 0.360858
vt 0.977020 0.360858
vt 0.847654 0.941504
vt 0.853474 0.953044
vt 0.847654 0.953044
vt 0.138382 0.916896
vt 0.138382 0.905355
vt 0.144203 0.916896
vt 0.501648 0.842035
vt 0.524729 0.847855
vt 0.518908 0.847855
vt 0.988560 0.692614
vt 0.982840 0.698435
vt 0.982840 0.692614
vt 0.263117 0.978316
vt 0.268837 0.966776
vt 0.268837 0.978316
vt 0.251677 0.984136
vt 0.245957 0.978316
vt 0.251677 0.978316
vt 0.988560 0.298240
vt 0.994280 0.303960
vt 0.988560 0.303960
vt 0.711792 0.256053
vt 0.717438 0.256969
vt 0.710876 0.261699
vt 0.988560 0.309680
vt 0.994280 0.303960
vt 0.994280 0.309680
vt 0.308876 0.972495
vt 0.303157 0.978316
vt 0.308876 0.966776
vt 0.977020 0.727537
vt 0.971200 0.721716
vt 0.977020 0.721716
vt 0.806076 0.403807
vt 0.800356 0.438428
vt 0.800356 0.403807
vt 0.263585 0.917096
vt 0.257765 0.940177
vt 0.257765 0.917096
vt 0.320316 0.978316
vt 0.314596 0.966775
vt 0.320316 0.966775
vt 0.328645 0.467228
vt 0.328645 0.455688
vt 0.334365 0.461408
vt 0.257397 0.984136
vt 0.251677 0.978316
vt 0.257397 0.978316
vt 0.977020 0.238632
vt 0.971200 0.232812
vt 0.977020 0.232812
vt 0.948019 0.155163
vt 0.953839 0.172423
vt 0.948019 0.172423
vt 0.320316 0.984136
vt 0.314596 0.989956
vt 0.371795 0.989956
vt 0.366075 0.995676
vt 0.366075 0.989956
vt 0.983830 0.995676
vt 0.989550 0.989956
vt 0.989550 0.995676
vt 0.939541 0.441238
vt 0.945362 0.435518
vt 0.939541 0.447058
vt 0.611130 0.928536
vt 0.616950 0.905456
vt 0.616950 0.922816
vt 1.000000 0.005720
vt 0.994280 -0.000000
vt 1.000000 -0.000000
vt 0.743592 0.984136
vt 0.737872 0.978316
vt 0.743592 0.978316
vt 0.228864 0.772894
vt 0.240405 0.749813
vt 0.749312 0.978316
vt 0.743592 0.984136
vt 0.743592 0.978316
vt 0.080681 0.945997
vt 0.086501 0.957537
vt 0.080681 0.957537
vt 0.994280 0.452678
vt 0.988560 0.458398
vt 0.988560 0.452678
vt 0.971200 0.346207
vt 0.965480 0.357747
vt 0.965480 0.346207
vt 0.977020 0.599490
vt 0.971200 0.605310
vt 0.971200 0.599490
vt 0.836114 0.896926
vt 0.836114 0.902646
vt 0.830394 0.885386
vt 0.257397 0.966776
vt 0.263117 0.978316
vt 0.257397 0.978316
vt 0.854625 0.420245
vt 0.860287 0.421062
vt 0.853794 0.426006
vt 0.565069 0.279525
vt 0.582330 0.273705
vt 0.588150 0.273705
vt 0.507368 0.697832
vt 0.507368 0.692112
vt 0.518908 0.692112
vt 0.648094 0.213344
vt 0.636554 0.253784
vt 0.619294 0.242244
vt 0.988560 0.320116
vt 0.982840 0.325936
vt 0.982840 0.320116
vt 0.102959 0.989956
vt 0.097239 0.995676
vt 0.097239 0.989956
vt 0.772894 0.972596
vt 0.977020 0.605310
vt 0.971200 0.611131
vt 0.971200 0.605310
vt 0.772894 0.966776
vt 0.778715 0.972596
vt 0.257397 0.978316
vt 0.263117 0.984136
vt 0.257397 0.984136
vt 0.977020 0.715896
vt 0.982740 0.710075
vt 0.982740 0.715896
vt 0.988560 0.841635
vt 0.994280 0.847355
vt 0.988560 0.847355
vt 0.982840 0.413240
vt 0.988560 0.419061
vt 0.982840 0.419061
vt 0.040040 0.984136
vt 0.045759 0.978316
vt 0.045759 0.984136
vt 0.977020 0.744997
vt 0.982740 0.739177
vt 0.982740 0.744997
vt 0.108679 0.989956
vt 0.114399 0.995676
vt 0.108679 0.995676
vt 0.784535 0.972596
vt 0.790355 0.966776
vt 0.790355 0.972596
vt 0.977020 0.238632
vt 0.971200 0.244452
vt 0.971200 0.238632
vt 0.513389 0.288405
vt 0.507569 0.299945
vt 0.507569 0.288405
vt 0.893280 0.429898
vt 0.893280 0.424178
vt 0.899101 0.424178
vt 0.274557 0.984136
vt 0.268837 0.978316
vt 0.274557 0.978316
vt 0.616950 0.415347
vt 0.616950 0.380727
vt 0.622670 0.380727
vt 0.357446 0.909011
vt 0.351726 0.937912
vt 0.351726 0.909011
vt 0.988560 0.698435
vt 0.982840 0.704255
vt 0.982840 0.698435
vt 0.947818 0.068661
vt 0.953639 0.068661
vt 0.947818 0.074381
vt 0.965480 0.230805
vt 0.971200 0.242345
vt 0.965480 0.242345
vt 0.017260 0.743993
vt 0.034621 0.761253
vt 0.011540 0.743993
vt 0.977020 0.611131
vt 0.971200 0.616951
vt 0.971200 0.611131
vt 0.760752 0.984136
vt 0.755032 0.978316
vt 0.760752 0.978316
vt 0.801493 0.920107
vt 0.807314 0.914287
vt 0.807314 0.920107
vt 0.446155 0.989956
vt 0.451875 0.984136
vt 0.451875 0.989956
vt 0.971200 0.616951
vt 0.977020 0.622771
vt 0.971200 0.622771
vt 0.772192 0.978316
vt 0.766472 0.984136
vt 0.766472 0.978316
vt 0.977020 0.244452
vt 0.971200 0.250273
vt 0.971200 0.244452
vt 0.692113 0.995676
vt 0.686393 0.989956
vt 0.692113 0.989956
vt 0.285997 0.978316
vt 0.280277 0.984136
vt 0.280277 0.978316
vt 0.977020 0.256093
vt 0.971200 0.250273
vt 0.977020 0.250273
vt 0.377515 0.989956
vt 0.371795 0.995676
vt 0.371795 0.989956
vt 0.994280 0.910274
vt 0.988560 0.915994
vt 0.988560 0.910274
vt 0.988560 0.221171
vt 0.982840 0.226991
vt 0.982840 0.221171
vt 0.922181 0.776005
vt 0.922181 0.799085
vt 0.916461 0.804805
vt 0.965480 0.115402
vt 0.971200 0.126943
vt 0.965480 0.126943
vt 0.721231 0.561645
vt 0.714668 0.556915
vt 0.707075 0.546456
vt 0.790355 0.972596
vt 0.796176 0.966776
vt 0.796176 0.972596
vt 0.982840 0.710075
vt 0.988560 0.715896
vt 0.982840 0.715896
vt 0.977020 0.762458
vt 0.982740 0.756638
vt 0.982740 0.762458
vt 0.383235 0.995676
vt 0.377515 0.995676
vt 0.345906 0.943832
vt 0.345906 0.938012
vt 0.351625 0.926472
vt 0.351625 0.040341
vt 0.345906 0.040341
vt 0.345906 0.028800
vt 0.205918 0.978316
vt 0.200198 0.984136
vt 0.200198 0.978316
vt 0.057701 0.524729
vt 0.057701 0.530549
vt 0.051981 0.524729
vt 0.507368 0.663211
vt 0.513188 0.674752
vt 0.507368 0.674752
vt 0.945261 0.672143
vt 0.950981 0.649062
vt 0.950981 0.672143
vt 0.045759 0.984136
vt 0.051479 0.978316
vt 0.051479 0.984136
vt 0.977020 0.564568
vt 0.982740 0.570388
vt 0.977020 0.570388
vt 0.994280 0.790155
vt 0.988560 0.784435
vt 0.994280 0.784435
vt 0.657793 0.972495
vt 0.657793 0.978316
vt 0.933721 0.418358
vt 0.927901 0.447159
vt 0.927901 0.441439
vt 0.971200 0.334667
vt 0.965480 0.346207
vt 0.965480 0.334667
vt 0.811087 0.530788
vt 0.816769 0.529525
vt 0.823616 0.533964
vt 0.916361 0.378018
vt 0.910641 0.447159
vt 0.910641 0.378018
vt 0.406115 0.989956
vt 0.400395 0.995676
vt 0.400395 0.989956
vt 0.577714 0.978316
vt 0.571994 0.984136
vt 0.571994 0.978316
vt 0.994280 0.795875
vt 0.988560 0.790155
vt 0.994280 0.790155
vt 0.965480 0.519310
vt 0.971200 0.530850
vt 0.965480 0.530850
vt 0.121222 0.784334
vt 0.132763 0.766973
vt 0.138483 0.766973
vt 0.396221 0.730288
vt 0.396221 0.805249
vt 0.390501 0.811070
vt 0.701017 0.178363
vt 0.718270 0.000000
vt 0.703798 0.161226
vt 0.559349 0.922816
vt 0.559349 0.916996
vt 0.565069 0.928536
vt 0.513188 0.916996
vt 0.507368 0.940076
vt 0.507368 0.916996
vt 0.028901 0.524729
vt 0.023080 0.501749
vt 0.028901 0.507469
vt 0.313168 0.395267
vt 0.304335 0.411306
vt 0.299749 0.404556
vt 0.000000 0.772793
vt 0.005720 0.767073
vt 0.011540 0.767073
vt 0.988560 0.727536
vt 0.982840 0.733357
vt 0.982840 0.727536
vt 0.417555 0.989956
vt 0.411835 0.995676
vt 0.411835 0.989956
vt 0.425087 0.920615
vt 0.425087 0.932155
vt 0.419368 0.920615
vt 0.417555 0.989956
vt 0.423275 0.995676
vt 0.417555 0.995676
vt 0.977020 0.634412
vt 0.971200 0.628592
vt 0.977020 0.628592
vt 0.795072 0.984136
vt 0.789352 0.978316
vt 0.795072 0.978316
vt 0.290928 0.549519
vt 0.306412 0.528876
vt 0.305943 0.563980
vt 0.889148 0.256694
vt 0.894868 0.204813
vt 0.889148 0.285595
vt 0.051479 0.984136
vt 0.057199 0.978316
vt 0.057199 0.984136
vt 0.789352 0.995676
vt 0.795072 0.989956
vt 0.795072 0.995676
vt 0.994280 0.469838
vt 0.988560 0.464118
vt 0.994280 0.464118
vt 0.977020 0.261913
vt 0.971200 0.256093
vt 0.303156 0.984136
vt 0.297437 0.978316
vt 0.303156 0.978316
vt 0.428995 0.989956
vt 0.423275 0.995676
vt 0.423275 0.989956
vt 0.801996 0.972596
vt 0.977020 0.570389
vt 0.971200 0.576209
vt 0.971200 0.570389
vt 0.400395 0.972596
vt 0.406115 0.966775
vt 0.400395 0.978316
vt 0.772693 0.937467
vt 0.766873 0.931747
vt 0.766873 0.920207
vt 0.507368 0.865115
vt 0.524729 0.859295
vt 0.513189 0.865115
vt 0.478934 0.767849
vt 0.484754 0.779389
vt 0.478934 0.779389
vt 0.305665 0.955975
vt 0.299845 0.944435
vt 0.305665 0.944435
vt 0.125839 0.978316
vt 0.120119 0.984136
vt 0.120119 0.978316
vt 0.988560 0.739177
vt 0.982840 0.733357
vt 0.988560 0.733357
vt 0.836114 0.908466
vt 0.841934 0.920007
vt 0.830394 0.925726
vt 0.513189 0.790154
vt 0.524729 0.784334
vt 0.524729 0.795874
vt 0.988560 0.238632
vt 0.982840 0.232811
vt 0.988560 0.232811
vt 0.950981 0.816345
vt 0.950981 0.822065
vt 0.945261 0.810525
vt 0.257397 0.972495
vt 0.251677 0.978316
vt 0.257397 0.966775
vt 0.849777 0.074381
vt 0.844057 0.143623
vt 0.844057 0.091742
vt 0.331756 0.978316
vt 0.331756 0.972495
vt 0.337476 0.966776
vt 0.959559 0.091742
vt 0.965380 0.080202
vt 0.965380 0.091742
vt 0.933821 0.625982
vt 0.939541 0.654782
vt 0.933821 0.654782
vt 0.459808 0.928536
vt 0.453988 0.945897
vt 0.453988 0.928536
vt 0.150023 0.778513
vt 0.155743 0.766973
vt 0.155743 0.784233
vt 0.442548 0.940177
vt 0.448268 0.940177
vt 0.436728 0.945897
vt 0.547709 0.276865
vt 0.547709 0.253784
vt 0.553529 0.224884
vt 0.982840 0.168788
vt 0.977020 0.174608
vt 0.977020 0.168788
vt 0.541989 0.842035
vt 0.553529 0.842035
vt 0.559249 0.847855
vt 0.988560 0.419061
vt 0.982840 0.424881
vt 0.982840 0.419061
vt 0.536269 0.599790
vt 0.536269 0.594070
vt 0.541989 0.513289
vt 0.115503 0.916895
vt 0.109682 0.939976
vt 0.109682 0.916895
vt 0.870300 0.579821
vt 0.864480 0.602901
vt 0.864480 0.597181
vt 0.971200 0.634412
vt 0.977020 0.640232
vt 0.971200 0.640232
vt 0.988560 0.756638
vt 0.982840 0.750817
vt 0.988560 0.750817
vt 0.977020 0.261913
vt 0.971200 0.267733
vt 0.971200 0.261913
vt 0.308876 0.978316
vt 0.725127 0.549321
vt 0.705226 0.535065
vt 0.034621 0.449768
vt 0.028901 0.467128
vt 0.028901 0.449768
vt 0.953535 0.000000
vt 0.959355 0.011540
vt 0.953535 0.011540
vt 0.589154 0.978316
vt 0.583434 0.984136
vt 0.583434 0.978316
vt 0.988560 0.244452
vt 0.982840 0.238632
vt 0.759915 0.547909
vt 0.765735 0.559450
vt 0.759915 0.559450
vt 0.806512 0.978316
vt 0.800792 0.984136
vt 0.800792 0.978316
vt 0.965480 0.450069
vt 0.971200 0.461609
vt 0.965480 0.461609
vt 0.977020 0.826481
vt 0.971200 0.832302
vt 0.971200 0.826481
vt 0.663111 0.478769
vt 0.668831 0.467228
vt 0.668831 0.484488
vt 0.881840 0.620262
vt 0.887560 0.602901
vt 0.887560 0.620262
vt 0.977020 0.750818
vt 0.971200 0.744998
vt 0.977020 0.744998
vt 0.501648 0.916996
vt 0.501648 0.940076
vt 0.495828 0.940076
vt 0.994280 0.915994
vt 0.988560 0.921714
vt 0.988560 0.915994
vt 0.806512 0.978316
vt 0.812232 0.984136
vt 0.806512 0.984136
vt 0.800792 0.989956
vt 0.800792 0.995676
vt 0.988560 0.469838
vt 0.994280 0.475558
vt 0.988560 0.475558
vt 0.965480 0.929037
vt 0.971200 0.929037
vt 0.965480 0.934757
vt 0.423275 0.978316
vt 0.428995 0.966775
vt 0.428995 0.978316
vt 0.982840 0.756638
vt 0.988560 0.762458
vt 0.982840 0.762458
vt 0.956801 0.464519
vt 0.962622 0.476059
vt 0.956801 0.476059
vt 0.434715 0.989956
vt 0.440435 0.995676
vt 0.434715 0.995676
vt 0.883484 0.954828
vt 0.889304 0.960548
vt 0.889304 0.966268
vt 0.994280 0.481278
vt 0.988560 0.475558
vt 0.994280 0.475558
vt 0.611130 0.657491
vt 0.616950 0.669032
vt 0.611130 0.669032
vt 0.962622 0.378018
vt 0.956802 0.389558
vt 0.956802 0.378018
vt 0.988560 0.325936
vt 0.982840 0.331756
vt 0.982840 0.325936
vt 0.317105 0.903994
vt 0.322925 0.915534
vt 0.317105 0.909714
vt 0.836214 0.948807
vt 0.836214 0.943087
vt 0.841934 0.937267
vt 0.772693 0.689503
vt 0.772693 0.683683
vt 0.772693 0.729844
vt 0.281170 0.571204
vt 0.276486 0.564436
vt 0.285775 0.577855
vt 0.663111 0.484488
vt 0.668831 0.490309
vt 0.668831 0.501849
vt 0.956802 0.614341
vt 0.962622 0.625881
vt 0.956802 0.625881
vt 0.137278 0.989956
vt 0.131558 0.995676
vt 0.131558 0.989956
vt 0.634210 0.576810
vt 0.640031 0.599891
vt 0.628490 0.576810
vt 0.230704 0.542190
vt 0.219164 0.530649
vt 0.242244 0.513289
vt 0.870300 0.620262
vt 0.870300 0.568381
vt 0.982840 0.424881
vt 0.988560 0.430701
vt 0.982840 0.430701
vt 0.988560 0.921714
vt 0.994280 0.927434
vt 0.988560 0.927434
vt 0.812599 0.585641
vt 0.818319 0.625982
vt 0.818319 0.631802
vt 0.971200 0.461609
vt 0.965480 0.473149
vt 0.965480 0.461609
vt 0.406115 0.966775
vt 0.411835 0.978316
vt 0.406115 0.978316
vt 0.137278 0.989956
vt 0.142998 0.995676
vt 0.137278 0.995676
vt 0.928001 0.724124
vt 0.922281 0.741484
vt 0.922281 0.724124
vt 0.274557 0.966775
vt 0.280277 0.978316
vt 0.274557 0.978316
vt 0.951082 0.412538
vt 0.956801 0.424078
vt 0.951082 0.429898
vt 0.338679 0.579287
vt 0.357480 0.548010
vt 0.348150 0.563654
vt 0.294025 0.857732
vt 0.294025 0.863553
vt 0.288305 0.886633
vt 0.977020 0.174608
vt 0.982840 0.180429
vt 0.977020 0.180429
vt 0.959559 0.126262
vt 0.953739 0.120442
vt 0.953739 0.114722
vt 0.988560 0.774099
vt 0.982840 0.779919
vt 0.982840 0.774099
vt 0.988560 0.331756
vt 0.982840 0.337577
vt 0.994280 0.927434
vt 0.988560 0.933154
vt 0.988560 0.927434
vt 0.877663 0.804805
vt 0.883484 0.850966
vt 0.883484 0.862506
vt 0.392066 0.023080
vt 0.397786 0.023080
vt 0.386246 0.034621
vt 0.933821 0.475959
vt 0.939642 0.447159
vt 0.939642 0.475959
vt 0.956802 0.406818
vt 0.962622 0.395278
vt 0.962622 0.406818
vt 0.634210 0.622871
vt 0.628490 0.599891
vt 0.051959 0.940076
vt 0.046139 0.945796
vt 0.046139 0.940076
vt 0.051881 0.790054
vt 0.063421 0.778513
vt 0.057701 0.824674
vt 0.977020 0.529647
vt 0.971200 0.535467
vt 0.971200 0.529647
vt 0.956802 0.481779
vt 0.962622 0.481779
vt 0.956802 0.487599
vt 0.328271 0.542089
vt 0.328271 0.576710
vt 0.322451 0.582530
vt 0.334365 0.507569
vt 0.340085 0.496029
vt 0.340085 0.507569
vt 0.380526 0.098042
vt 0.392066 0.098042
vt 0.392066 0.103762
vt 0.844057 0.062941
vt 0.855597 0.057121
vt 0.855597 0.062941
vt 0.832517 0.051981
vt 0.820976 0.051981
vt 0.838337 0.034621
vt 0.881840 0.562561
vt 0.887560 0.585641
vt 0.870300 0.562561
vt 0.876555 0.843362
vt 0.870735 0.912503
vt 0.870735 0.843362
vt 0.953535 0.028901
vt 0.959355 0.023080
vt 0.953535 0.034621
vt 0.823672 0.978316
vt 0.817952 0.984136
vt 0.817952 0.978316
vt 0.994280 0.492718
vt 0.988560 0.498438
vt 0.988560 0.492718
vt 0.028901 0.397887
vt 0.034621 0.386346
vt 0.034621 0.397887
vt 0.490108 0.288405
vt 0.484288 0.299945
vt 0.484288 0.288405
vt 0.804130 0.609383
vt 0.801845 0.643928
vt 0.795660 0.649251
vt 0.988560 0.785739
vt 0.982840 0.791559
vt 0.982840 0.785739
vt 0.457595 0.989956
vt 0.451875 0.995676
vt 0.451875 0.989956
vt 0.057701 0.467128
vt 0.057701 0.490208
vt 0.051981 0.478668
vt 0.034621 0.420967
vt 0.017361 0.403707
vt 0.495745 0.692212
vt 0.495745 0.697932
vt 0.490026 0.726833
vt 0.069241 0.340186
vt 0.069241 0.357546
vt 0.063521 0.374806
vt 0.599690 0.285245
vt 0.605410 0.296785
vt 0.593870 0.285245
vt 0.953535 0.017260
vt 0.959355 0.011540
vt 0.953535 0.023080
vt 0.971200 0.186249
vt 0.977020 0.192070
vt 0.971200 0.192070
vt 0.343196 0.984136
vt 0.337476 0.989956
vt 0.337476 0.984136
vt 0.150023 0.922716
vt 0.155743 0.899635
vt 0.155743 0.934256
vt 0.849777 0.155642
vt 0.855597 0.155642
vt 0.855597 0.161463
vt 0.778413 0.574101
vt 0.784233 0.562561
vt 0.784233 0.574101
vt 0.487641 0.680357
vt 0.479701 0.732910
vt 0.478513 0.715690
vt 0.829392 0.984136
vt 0.823672 0.984136
vt 0.988560 0.498438
vt 0.994280 0.504158
vt 0.988560 0.504158
vt 0.959559 0.109002
vt 0.965380 0.097462
vt 0.965380 0.109002
vt 0.977020 0.832302
vt 0.971200 0.838122
vt 0.988560 0.803200
vt 0.982840 0.797380
vt 0.988560 0.797380
vt 0.971200 0.484689
vt 0.965480 0.473149
vt 0.971200 0.473149
vt 0.982840 0.803200
vt 0.988560 0.809020
vt 0.982840 0.809020
vt 0.457595 0.989956
vt 0.463314 0.995676
vt 0.457595 0.995676
vt 0.895938 0.126262
vt 0.890218 0.097462
vt 0.890218 0.085922
vt 0.817952 0.989956
vt 0.823672 0.984136
vt 0.823672 0.989956
vt 0.628490 0.421067
vt 0.628490 0.397987
vt 0.634210 0.299945
vt 0.454089 0.870935
vt 0.454089 0.882476
vt 0.448268 0.882476
vt 0.977020 0.756638
vt 0.971200 0.762458
vt 0.971200 0.756638
vt 0.950981 0.585340
vt 0.956802 0.585340
vt 0.950981 0.591160
vt 0.553903 0.513683
vt 0.559308 0.519890
vt 0.563826 0.537503
vt 0.801996 0.966776
vt 0.807816 0.972596
vt 0.801996 0.972596
vt 0.881740 0.545301
vt 0.881740 0.551021
vt 0.876020 0.551021
vt 0.240405 0.940277
vt 0.246125 0.934457
vt 0.246125 0.951817
vt 0.553529 0.813234
vt 0.559249 0.790154
vt 0.288305 0.788491
vt 0.294125 0.794311
vt 0.299845 0.805852
vt 0.605410 0.250624
vt 0.813636 0.966776
vt 0.813636 0.972596
vt 0.977020 0.791559
vt 0.982740 0.785739
vt 0.982740 0.791559
vt 0.161463 0.909469
vt 0.167283 0.903750
vt 0.167283 0.909469
vt 0.977020 0.197890
vt 0.971200 0.197890
vt 0.354636 0.989956
vt 0.348916 0.984136
vt 0.354636 0.984136
vt 0.360356 0.984136
vt 0.354636 0.989956
vt 0.354636 0.984136
vt 0.589154 0.989956
vt 0.583434 0.984136
vt 0.589154 0.984136
vt 0.956801 0.614341
vt 0.956801 0.625881
vt 0.950981 0.631601
vt 0.887560 0.574001
vt 0.893381 0.585541
vt 0.893381 0.608621
vt 0.910741 0.920207
vt 0.910741 0.908667
vt 0.916461 0.885587
vt 0.148718 0.989956
vt 0.142998 0.995676
vt 0.142998 0.989956
vt 0.994280 0.509878
vt 0.988560 0.515598
vt 0.988560 0.509878
vt 0.994280 0.813035
vt 0.988560 0.807315
vt 0.994280 0.807315
vt 0.589154 0.978316
vt 0.594874 0.984136
vt 0.589154 0.984136
vt 0.829391 0.984136
vt 0.829391 0.989956
vt 0.971200 0.942886
vt 0.977020 0.948707
vt 0.971200 0.948707
vt 0.988560 0.933154
vt 0.994280 0.938874
vt 0.988560 0.938874
vt 0.011540 0.340186
vt 0.017361 0.340186
vt 0.011540 0.374806
vt 0.688435 0.276865
vt 0.694255 0.299945
vt 0.688435 0.299945
vt 0.246125 0.905556
vt 0.240405 0.934457
vt 0.240405 0.905556
vt 0.351625 0.103762
vt 0.345906 0.115302
vt 0.351625 0.092322
vt 0.910741 0.822165
vt 0.916461 0.885587
vt 0.910741 0.868226
vt 0.092322 0.824775
vt 0.098042 0.790154
vt 0.098042 0.795874
vt 0.952569 0.279875
vt 0.958289 0.268435
vt 0.952569 0.285695
vt 0.878677 0.103282
vt 0.872857 0.097562
vt 0.878677 0.091742
vt 0.668931 0.686392
vt 0.674651 0.703753
vt 0.668931 0.703753
vt 0.950981 0.568080
vt 0.956802 0.562360
vt 0.950981 0.579620
vt 0.530449 0.369086
vt 0.524628 0.392167
vt 0.524628 0.369086
vt 0.988560 0.430701
vt 0.982840 0.436522
vt 0.982840 0.430701
vt 0.939541 0.764264
vt 0.933721 0.793064
vt 0.933721 0.764264
vt 0.994280 0.355439
vt 0.988560 0.361159
vt 0.988560 0.355439
vt 0.988560 0.809020
vt 0.982840 0.814841
vt 0.982840 0.809020
vt 0.784233 0.666423
vt 0.784233 0.683683
vt 0.069241 0.363266
vt 0.063521 0.380627
vt 0.448268 0.945997
vt 0.453988 0.934457
vt 0.448268 0.951817
vt 0.776485 0.232668
vt 0.774698 0.209657
vt 0.781394 0.220712
vt 0.674651 0.467228
vt 0.668831 0.455688
vt 0.663111 0.432608
vt 0.703552 0.931647
vt 0.715092 0.943187
vt 0.703552 0.943187
vt 0.291483 0.385509
vt 0.303878 0.381848
vt 0.302837 0.387574
vt 0.613473 0.051881
vt 0.625014 0.046161
vt 0.625014 0.051881
vt 0.651571 0.363366
vt 0.651571 0.357646
vt 0.657291 0.357646
vt 0.314596 0.978316
vt 0.320316 0.984136
vt 0.314596 0.984136
vt 0.524628 0.461408
vt 0.541989 0.357546
vt 0.536169 0.403707
vt 0.815613 0.294735
vt 0.813706 0.340856
vt 0.807755 0.346335
vt 0.080782 0.346006
vt 0.075062 0.340186
vt 0.080782 0.340186
vt 0.642374 0.046161
vt 0.636554 0.040341
vt 0.642374 0.040341
vt 0.619294 0.040341
vt 0.630834 0.051881
vt 0.945362 0.672143
vt 0.939541 0.683583
vt 0.939541 0.672143
vt 0.988560 0.858795
vt 0.994280 0.864515
vt 0.988560 0.864515
vt 0.982840 0.436522
vt 0.988560 0.442342
vt 0.982840 0.442342
vt 0.251945 0.917096
vt 0.251945 0.940177
vt 0.994280 0.938874
vt 0.988560 0.944594
vt 0.988560 0.938874
vt 0.807213 0.799085
vt 0.801493 0.810525
vt 0.795673 0.793265
vt 0.950981 0.378018
vt 0.956802 0.395278
vt 0.950981 0.395278
vt 0.697833 0.978215
vt 0.692113 0.966776
vt 0.697833 0.966776
vt 0.888947 0.372096
vt 0.883227 0.372096
vt 0.871687 0.366276
vt 0.276765 0.955774
vt 0.276765 0.944234
vt 0.282485 0.938414
vt 0.075062 0.905456
vt 0.069241 0.934356
vt 0.069241 0.905456
vt 0.434715 0.978316
vt 0.440435 0.966775
vt 0.440435 0.978316
vt 0.611130 0.547909
vt 0.616950 0.513389
vt 0.616950 0.530649
vt 0.895938 0.132082
vt 0.901758 0.126362
vt 0.901758 0.137903
vt 0.357446 0.896226
vt 0.363166 0.896226
vt 0.374706 0.901946
vt 0.530449 0.328746
vt 0.507368 0.317205
vt 0.530449 0.323026
vt 0.201803 0.831252
vt 0.195983 0.825431
vt 0.195983 0.802351
vt 0.236524 0.138382
vt 0.242244 0.103762
vt 0.242244 0.173003
vt 0.313636 0.360163
vt 0.308008 0.359140
vt 0.310073 0.347786
vt 0.459809 0.732553
vt 0.459809 0.755633
vt 0.448268 0.784534
vt 0.917748 0.320115
vt 0.917748 0.366276
vt 0.912028 0.371996
vt 0.086501 0.224884
vt 0.092221 0.230604
vt 0.086501 0.236424
vt 0.745915 0.230704
vt 0.757455 0.224884
vt 0.757455 0.230704
vt 0.939541 0.822065
vt 0.945261 0.833605
vt 0.945261 0.839426
vt 0.916461 0.562561
vt 0.922281 0.568281
vt 0.922281 0.574101
vt 0.745915 0.224884
vt 0.740195 0.247964
vt 0.740195 0.207624
vt 0.988560 0.814841
vt 0.982840 0.820661
vt 0.622670 0.397987
vt 0.622670 0.403807
vt 0.916461 0.562561
vt 0.910641 0.562561
vt 0.910641 0.556740
vt 0.988560 0.442342
vt 0.982840 0.448162
vt 0.982840 0.442342
vt 0.988560 0.521318
vt 0.994280 0.515598
vt 0.994280 0.521318
vt 0.994280 0.366879
vt 0.988560 0.372599
vt 0.988560 0.366879
vt 0.518908 0.334466
vt 0.530449 0.334466
vt 0.316724 0.343182
vt 0.321427 0.349851
vt 0.311097 0.342158
vt 0.923668 0.227894
vt 0.929488 0.256694
vt 0.929488 0.268234
vt 0.923668 0.302855
vt 0.929488 0.268234
vt 0.923668 0.308575
vt 0.988560 0.527038
vt 0.994280 0.527038
vt 0.869431 0.984136
vt 0.863711 0.978316
vt 0.869431 0.978316
vt 0.939642 0.447159
vt 0.945361 0.470239
vt 0.939642 0.470239
vt 0.125839 0.978316
vt 0.131558 0.984136
vt 0.125839 0.984136
vt 0.994280 0.527038
vt 0.988560 0.532758
vt 0.988560 0.527038
vt 0.131558 0.984136
vt 0.137278 0.978316
vt 0.137278 0.984136
vt 0.977020 0.273554
vt 0.971200 0.267733
vt 0.977020 0.267733
vt 0.994280 0.538477
vt 0.988560 0.538477
vt 0.337476 0.984136
vt 0.331756 0.978316
vt 0.337476 0.978316
vt 0.085799 0.966775
vt 0.091519 0.978316
vt 0.085799 0.978316
vt 0.518909 0.086501
vt 0.530449 0.092221
vt 0.530449 0.161463
vt 0.982840 0.838122
vt 0.988560 0.832301
vt 0.988560 0.838122
vt 0.994280 0.549917
vt 0.988560 0.555637
vt 0.988560 0.549917
vt 0.982840 0.186249
vt 0.977020 0.180429
vt 0.982840 0.180429
vt 0.977020 0.651873
vt 0.971200 0.646053
vt 0.977020 0.646053
vt 0.971200 0.843942
vt 0.977020 0.838122
vt 0.977020 0.843942
vt 0.977020 0.186249
vt 0.982840 0.192069
vt 0.977020 0.192069
vt 0.988560 0.843942
vt 0.982840 0.849762
vt 0.982840 0.843942
vt 0.982840 0.197890
vt 0.982840 0.192069
vt 0.977020 0.849762
vt 0.971200 0.849762
vt 0.982840 0.867223
vt 0.988560 0.861403
vt 0.988560 0.867223
vt 0.988560 0.867223
vt 0.982840 0.873043
vt 0.982840 0.867223
vt 0.971200 0.855583
vt 0.977020 0.849762
vt 0.977020 0.855583
vt 0.988560 0.873043
vt 0.982840 0.878863
vt 0.982840 0.873043
vt 0.988560 0.884684
vt 0.982840 0.884684
vt 0.480474 0.989956
vt 0.474754 0.995676
vt 0.474754 0.989956
vt 0.994280 0.567077
vt 0.988560 0.561357
vt 0.994280 0.561357
vt 0.286798 0.572227
vt 0.272923 0.552059
vt 0.278550 0.553082
vt 0.935208 0.216353
vt 0.935208 0.222174
vt 0.929488 0.222174
vt 0.612033 0.978316
vt 0.606314 0.984136
vt 0.606314 0.978316
vt 0.875151 0.984136
vt 0.869431 0.978316
vt 0.875151 0.978316
vt 0.977020 0.535467
vt 0.971200 0.541287
vt 0.971200 0.535467
vt 0.057701 0.236424
vt 0.051981 0.236424
vt 0.075062 0.190263
vt 0.880871 0.984136
vt 0.875151 0.978316
vt 0.880871 0.978316
vt 0.886591 0.978316
vt 0.880871 0.984136
vt 0.880871 0.978316
vt 0.953739 0.080202
vt 0.959559 0.091742
vt 0.953739 0.091742
vt 0.988560 0.902144
vt 0.982840 0.896324
vt 0.988560 0.896324
vt 0.142998 0.984136
vt 0.142998 0.978316
vt 0.982840 0.448162
vt 0.988560 0.453982
vt 0.982840 0.453982
vt 0.988560 0.578517
vt 0.994280 0.572797
vt 0.994280 0.578517
vt 0.165878 0.989956
vt 0.171598 0.995676
vt 0.165878 0.995676
vt 0.977020 0.279374
vt 0.971200 0.273554
vt 0.953739 0.103282
vt 0.959559 0.103282
vt 0.953739 0.109002
vt 0.977020 0.861403
vt 0.982840 0.919605
vt 0.988560 0.913785
vt 0.988560 0.919605
vt 0.354636 0.978316
vt 0.348916 0.984136
vt 0.348916 0.978316
vt 0.697732 0.305766
vt 0.691911 0.299945
vt 0.697732 0.299945
vt 0.069241 0.328645
vt 0.063521 0.311385
vt 0.075062 0.299845
vt 0.892311 0.978316
vt 0.886591 0.984136
vt 0.886591 0.978316
vt 0.965480 0.530850
vt 0.971200 0.542390
vt 0.965480 0.542390
vt 0.977020 0.768279
vt 0.971200 0.774099
vt 0.971200 0.768279
vt 0.988560 0.584237
vt 0.994280 0.584237
vt 0.994280 0.944594
vt 0.988560 0.950314
vt 0.988560 0.944594
vt 0.051981 0.276765
vt 0.057701 0.288305
vt 0.051981 0.288305
vt 0.988560 0.595677
vt 0.994280 0.589957
vt 0.994280 0.595677
vt 0.988560 0.601397
vt 0.935208 0.291315
vt 0.935208 0.302855
vt 0.929488 0.308575
vt 0.645851 0.282585
vt 0.645851 0.299845
vt 0.640031 0.294125
vt 0.971200 0.588551
vt 0.965480 0.582831
vt 0.965480 0.577011
vt 0.403607 0.276865
vt 0.397786 0.276865
vt 0.397786 0.271045
vt 0.599590 0.957336
vt 0.593870 0.951616
vt 0.593870 0.945796
vt 0.617753 0.978316
vt 0.623473 0.984136
vt 0.617753 0.984136
vt 0.251945 0.957437
vt 0.257665 0.940177
vt 0.257665 0.957437
vt 0.028901 0.276765
vt 0.028901 0.271045
vt 0.040441 0.271045
vt 0.853374 0.918423
vt 0.853374 0.901063
vt 0.859194 0.912603
vt 0.150023 0.916896
vt 0.150023 0.928436
vt 0.144203 0.934256
vt 0.613473 0.219164
vt 0.648094 0.207624
vt 0.291717 0.978316
vt 0.297437 0.966776
vt 0.297437 0.978316
vt 0.230704 0.570990
vt 0.242244 0.588350
vt 0.236524 0.582530
vt 0.457595 0.966776
vt 0.463315 0.978316
vt 0.457595 0.978316
vt 0.205918 0.978316
vt 0.200198 0.966775
vt 0.205918 0.966775
vt 0.386246 0.259504
vt 0.380526 0.259504
vt 0.380526 0.247964
vt 0.622770 0.957336
vt 0.628591 0.945796
vt 0.628591 0.957336
vt 0.853374 0.854902
vt 0.853374 0.860622
vt 0.847654 0.843362
vt 0.023080 0.259504
vt 0.023080 0.253684
vt 0.034621 0.253684
vt 0.219164 0.576810
vt 0.207624 0.582530
vt 0.207624 0.576810
vt 0.829859 0.689503
vt 0.835680 0.706763
vt 0.824139 0.701043
vt 0.328271 0.507469
vt 0.322451 0.524829
vt 0.322451 0.420967
vt 0.923668 0.285595
vt 0.923668 0.297135
vt 0.917948 0.291315
vt 0.075062 0.230604
vt 0.075062 0.247964
vt 0.069241 0.247964
vt 0.530449 0.247964
vt 0.524628 0.253784
vt 0.518908 0.259504
vt 0.682715 0.098042
vt 0.682715 0.126942
vt 0.671175 0.103862
vt 0.219164 0.599891
vt 0.219164 0.605611
vt 0.207624 0.599891
vt 0.841500 0.654782
vt 0.841500 0.672143
vt 0.835680 0.747104
vt 0.994280 0.956034
vt 0.988560 0.956034
vt 0.813033 0.879566
vt 0.824574 0.885386
vt 0.818854 0.885386
vt 0.749612 0.947324
vt 0.755332 0.924244
vt 0.755332 0.930064
vt 0.616950 0.709473
vt 0.622670 0.720912
vt 0.368986 0.224884
vt 0.380526 0.219164
vt 0.380526 0.224884
vt 0.910641 0.700843
vt 0.916461 0.689403
vt 0.916461 0.752824
vt 0.965175 0.017260
vt 0.959355 0.023080
vt 0.965175 0.011540
vt 0.245957 0.978316
vt 0.251677 0.966776
vt 0.251677 0.978316
vt 0.363166 0.196083
vt 0.351625 0.219164
vt 0.345906 0.196083
vt 0.861317 0.114822
vt 0.855597 0.103282
vt 0.855597 0.085922
vt 0.280277 0.966776
vt 0.285997 0.978316
vt 0.692422 0.860284
vt 0.688130 0.880598
vt 0.686002 0.875289
vt 0.994280 0.956034
vt 0.988560 0.961754
vt 0.988560 0.956034
vt 0.213444 0.617151
vt 0.207624 0.617151
vt 0.340085 0.207624
vt 0.345906 0.207624
vt 0.268837 0.972596
vt 0.274557 0.972596
vt 0.268837 0.978316
vt 0.965480 0.173103
vt 0.971200 0.184644
vt 0.965480 0.184644
vt 0.952569 0.233714
vt 0.958289 0.250974
vt 0.952569 0.250974
vt 0.751735 0.086501
vt 0.757455 0.109582
vt 0.745915 0.109582
vt 0.062919 0.978316
vt 0.068639 0.966775
vt 0.068639 0.978316
vt 0.988560 0.931246
vt 0.982840 0.925425
vt 0.988560 0.925425
vt 0.994280 0.973194
vt 0.988560 0.967474
vt 0.994280 0.967474
vt 0.786356 0.103862
vt 0.780536 0.080782
vt 0.780536 0.005820
vt 0.345906 0.955272
vt 0.340186 0.937912
vt 0.345906 0.937912
vt 0.115503 0.922615
vt 0.121323 0.922615
vt 0.115503 0.939976
vt 0.795480 0.179156
vt 0.796373 0.190662
vt 0.790670 0.191105
vt 0.977020 0.861403
vt 0.971200 0.867223
vt 0.971200 0.861403
vt 0.953739 0.131982
vt 0.953739 0.137702
vt 0.947919 0.149242
vt 0.988560 0.937066
vt 0.982840 0.931246
vt 0.988560 0.931246
vt 0.219164 0.299845
vt 0.213444 0.317205
vt 0.201904 0.328746
vt 0.971200 0.611631
vt 0.965480 0.600091
vt 0.971200 0.600091
vt 0.028901 0.184543
vt 0.034621 0.184543
vt 0.034621 0.190263
vt 0.953739 0.137702
vt 0.959559 0.131982
vt 0.953739 0.143522
vt 0.188758 0.989956
vt 0.183038 0.995676
vt 0.183038 0.989956
vt 0.928101 0.470239
vt 0.933821 0.447159
vt 0.928101 0.487499
vt 0.988560 0.453983
vt 0.982840 0.459803
vt 0.982840 0.453983
vt 0.994280 0.378319
vt 0.988560 0.384039
vt 0.988560 0.378319
vt 0.861317 0.085922
vt 0.849777 0.085922
vt 0.988560 0.937066
vt 0.982840 0.942886
vt 0.982840 0.937066
vt 0.907578 0.149543
vt 0.907578 0.161084
vt 0.901758 0.178344
vt 0.804744 0.126621
vt 0.818261 0.152710
vt 0.806345 0.132217
vt 0.196083 0.299845
vt 0.196083 0.317205
vt 0.190363 0.299845
vt 0.883484 0.943288
vt 0.883484 0.937467
vt 0.895024 0.931747
vt 0.386246 0.884686
vt 0.386246 0.890506
vt 0.380526 0.884686
vt 0.933821 0.510479
vt 0.939541 0.504759
vt 0.933821 0.533560
vt 0.340085 0.173003
vt 0.351625 0.167283
vt 0.351625 0.173003
vt 0.023080 0.247964
vt 0.028901 0.247964
vt 0.956802 0.550820
vt 0.962622 0.545100
vt 0.956802 0.556640
vt 0.366076 0.978316
vt 0.371796 0.984136
vt 0.366076 0.984136
vt 0.794536 0.409527
vt 0.794536 0.426888
vt 0.788816 0.397987
vt 0.994280 0.870234
vt 0.988560 0.870234
vt 0.751735 0.121122
vt 0.757455 0.155743
vt 0.757455 0.161463
vt 0.982840 0.459803
vt 0.988560 0.465623
vt 0.982840 0.465623
vt 0.345906 0.149923
vt 0.357446 0.161463
vt 0.345906 0.161463
vt 0.956802 0.527940
vt 0.962622 0.539480
vt 0.956802 0.539480
vt 0.870300 0.378018
vt 0.876020 0.487599
vt 0.876020 0.522220
vt 0.454089 0.715293
vt 0.459809 0.715293
vt 0.454089 0.732553
vt 0.711515 0.291416
vt 0.717335 0.291416
vt 0.700075 0.297236
vt 0.962622 0.493319
vt 0.956802 0.504860
vt 0.956802 0.493319
vt 0.194478 0.989956
vt 0.200198 0.995676
vt 0.194478 0.995676
vt 0.947919 0.126362
vt 0.942199 0.143623
vt 0.942199 0.137903
vt 0.386246 0.236424
vt 0.363166 0.253784
vt 0.380526 0.236424
vt 0.023080 0.772793
vt 0.017260 0.778513
vt 0.080782 0.184543
vt 0.057701 0.167183
vt 0.051981 0.144102
vt 0.952268 0.343296
vt 0.957988 0.337476
vt 0.952268 0.354736
vt 0.565015 0.663211
vt 0.565015 0.536369
vt 0.570734 0.663211
vt 0.778513 0.937467
vt 0.778513 0.943187
vt 0.772693 0.954727
vt 0.589154 0.972596
vt 0.583434 0.978316
vt 0.977020 0.197890
vt 0.982840 0.203710
vt 0.977020 0.203710
vt 0.357446 0.149923
vt 0.334365 0.086501
vt 0.063521 0.126842
vt 0.069241 0.126842
vt 0.080782 0.132562
vt 0.988560 0.954527
vt 0.982840 0.960347
vt 0.982840 0.954527
vt 0.929488 0.187553
vt 0.929488 0.216353
vt 0.923668 0.227894
vt 0.956801 0.562460
vt 0.962622 0.562460
vt 0.956801 0.568180
vt 0.965480 0.426988
vt 0.971200 0.438529
vt 0.965480 0.438529
vt 0.965480 0.709773
vt 0.971200 0.709773
vt 0.965480 0.715493
vt 0.939541 0.666423
vt 0.939541 0.654882
vt 0.945261 0.649062
vt 0.928001 0.689403
vt 0.933821 0.666322
vt 0.933821 0.677863
vt 0.098042 0.939976
vt 0.092221 0.939976
vt 0.086501 0.934256
vt 0.946548 0.377916
vt 0.952368 0.360556
vt 0.952368 0.377916
vt 0.368986 0.942387
vt 0.374706 0.942387
vt 0.368986 0.953927
vt 0.745915 0.011540
vt 0.751735 0.011540
vt 0.745915 0.051881
vt 0.392066 0.121122
vt 0.397786 0.103762
vt 0.397786 0.121122
vt 0.565069 0.818954
vt 0.570789 0.824674
vt 0.565069 0.824674
vt 0.611130 0.945796
vt 0.616950 0.951616
vt 0.616950 0.957336
vt 0.386246 0.265325
vt 0.374706 0.265325
vt 0.919118 0.120542
vt 0.913298 0.178243
vt 0.913298 0.160883
vt 0.530449 0.876655
vt 0.536169 0.876655
vt 0.536169 0.888195
vt 0.811757 0.400697
vt 0.826100 0.491982
vt 0.824858 0.486399
vt 0.017361 0.011440
vt 0.023080 0.022980
vt 0.040441 0.063421
vt 0.761153 0.701043
vt 0.761153 0.724124
vt 0.743792 0.729844
vt 0.351625 0.323026
vt 0.368986 0.311486
vt 0.368986 0.317306
vt 0.351625 0.109582
vt 0.363166 0.103762
vt 0.363166 0.109582
vt 0.160158 0.978316
vt 0.154438 0.966775
vt 0.160158 0.966775
vt 0.080782 0.374806
vt 0.086501 0.449768
vt 0.080782 0.461308
vt 0.530449 0.928536
vt 0.541989 0.940076
vt 0.530449 0.940076
vt 0.023080 0.092221
vt 0.028901 0.086501
vt 0.040441 0.121022
vt 0.971200 0.541287
vt 0.977020 0.547108
vt 0.971200 0.547108
vt 0.057701 0.720812
vt 0.063521 0.720812
vt 0.063521 0.726632
vt 0.965480 0.380827
vt 0.971200 0.392368
vt 0.965480 0.392368
vt 0.795673 0.879666
vt 0.795673 0.868126
vt 0.813033 0.862406
vt 0.541989 0.230704
vt 0.541989 0.253784
vt 0.971200 0.279374
vt 0.977020 0.285194
vt 0.971200 0.285194
vt 0.771455 0.507569
vt 0.777276 0.478769
vt 0.788816 0.467228
vt 0.778513 0.949008
vt 0.784333 0.943187
vt 0.784333 0.949008
vt 0.371796 0.984136
vt 0.377516 0.978316
vt 0.377516 0.984136
vt 0.994280 0.601397
vt 0.988560 0.607117
vt 0.945261 0.752824
vt 0.939541 0.775904
vt 0.939541 0.752824
vt 0.740195 0.000000
vt 0.740195 0.017260
vt 0.207624 0.265224
vt 0.201904 0.299845
vt 0.201904 0.282585
vt 0.909471 0.984136
vt 0.915191 0.978316
vt 0.915191 0.984136
vt 0.148718 0.978316
vt 0.154438 0.966776
vt 0.154438 0.978316
vt 0.383236 0.984136
vt 0.486194 0.989956
vt 0.480474 0.995676
vt 0.480474 0.989956
vt 0.883484 0.966268
vt 0.877663 0.954828
vt 0.883484 0.954828
vt 0.917948 0.239434
vt 0.917948 0.222174
vt 0.923668 0.204813
vt 0.988560 0.477264
vt 0.982840 0.471443
vt 0.988560 0.471443
vt 0.977020 0.552928
vt 0.971200 0.558748
vt 0.971200 0.552928
vt 0.167283 0.219164
vt 0.173003 0.224884
vt 0.167283 0.224884
vt 0.205918 0.995676
vt 0.200198 0.989956
vt 0.205918 0.989956
vt 0.870735 0.854902
vt 0.864914 0.872162
vt 0.859194 0.872162
vt 0.080681 0.928636
vt 0.086501 0.934457
vt 0.086501 0.945997
vt 0.413648 0.909175
vt 0.413648 0.920715
vt 0.407827 0.903355
vt 0.236524 0.219164
vt 0.230704 0.219164
vt 0.236524 0.207624
vt 0.895633 0.034621
vt 0.895633 0.011540
vt 0.901453 0.028800
vt 0.813034 0.954627
vt 0.813034 0.948807
vt 0.818854 0.943087
vt 0.818319 0.701043
vt 0.824139 0.689503
vt 0.294025 0.909613
vt 0.299845 0.892353
vt 0.299845 0.915433
vt 0.920911 0.984136
vt 0.920911 0.978316
vt 0.380526 0.057701
vt 0.392066 0.080782
vt 0.380526 0.092322
vt 0.057701 0.086501
vt 0.063521 0.080681
vt 0.063521 0.086501
vt 0.230704 0.207624
vt 0.230704 0.224884
vt 0.224984 0.224884
vt 0.542491 0.294225
vt 0.548311 0.288405
vt 0.542491 0.299945
vt 0.920911 0.978316
vt 0.926631 0.984136
vt 0.920911 0.984136
vt 0.298713 0.474744
vt 0.302276 0.487122
vt 0.301252 0.492750
vt 0.409327 0.484489
vt 0.403607 0.519109
vt 0.403607 0.513389
vt 0.371796 0.978316
vt 0.371796 0.972596
vt 0.377516 0.966776
vt 0.430908 0.851373
vt 0.430908 0.874454
vt 0.419368 0.880274
vt 0.982840 0.971987
vt 0.988560 0.977807
vt 0.982840 0.977807
vt 0.486194 0.989956
vt 0.491914 0.995676
vt 0.486194 0.995676
vt 0.282485 0.950054
vt 0.288305 0.955874
vt 0.288305 0.961594
vt 0.910641 0.510780
vt 0.910641 0.528040
vt 0.904820 0.528040
vt 0.173003 0.219164
vt 0.178823 0.213344
vt 0.184543 0.213344
vt 0.167283 0.196083
vt 0.173003 0.207624
vt 0.167283 0.207624
vt 0.936174 0.051881
vt 0.924634 0.040341
vt 0.936174 0.040341
vt 0.926631 0.978316
vt 0.932351 0.984136
vt 0.926631 0.984136
vt 0.651470 0.940177
vt 0.651470 0.957437
vt 0.645751 0.957437
vt 0.636554 0.184543
vt 0.642374 0.173003
vt 0.642374 0.184543
vt 0.910741 0.764464
vt 0.916461 0.781725
vt 0.916461 0.793265
vt 0.040441 0.507469
vt 0.051981 0.490208
vt 0.063521 0.507469
vt 0.830394 0.920007
vt 0.830394 0.925827
vt 0.824574 0.931547
vt 0.971200 0.023080
vt 0.971200 0.028800
vt 0.965480 0.034621
vt 0.190263 0.340286
vt 0.201803 0.357546
vt 0.196083 0.351826
vt 0.834398 0.242244
vt 0.828678 0.299945
vt 0.828678 0.288405
vt 0.913298 0.080202
vt 0.913298 0.126262
vt 0.907578 0.126262
vt 0.988560 0.612837
vt 0.994280 0.618557
vt 0.988560 0.618557
vt 0.933721 0.706663
vt 0.933721 0.735564
vt 0.928001 0.747104
vt 0.933821 0.527840
vt 0.928101 0.568180
vt 0.928101 0.562360
vt 0.988560 0.273553
vt 0.982840 0.279374
vt 0.982840 0.273553
vt 0.188758 0.978316
vt 0.183038 0.966775
vt 0.188758 0.966775
vt 0.280615 0.541728
vt 0.281639 0.536101
vt 0.289430 0.525788
vt 0.386246 0.867426
vt 0.392066 0.861706
vt 0.386246 0.873146
vt 0.403607 0.536470
vt 0.409327 0.542190
vt 0.397786 0.542190
vt 0.173003 0.484488
vt 0.196083 0.495928
vt 0.196083 0.501749
vt 0.709272 0.897026
vt 0.715092 0.908567
vt 0.715092 0.931647
vt 0.328645 0.513389
vt 0.340085 0.513389
vt 0.553529 0.951616
vt 0.547809 0.957336
vt 0.547809 0.940076
vt 0.109682 0.916895
vt 0.109682 0.928436
vt 0.103862 0.939976
vt 0.023181 0.939463
vt 0.029001 0.951004
vt 0.029001 0.956724
vt 0.895938 0.126262
vt 0.890117 0.155163
vt 0.884397 0.166703
vt 0.755433 0.947123
vt 0.761253 0.941403
vt 0.761253 0.952944
vt 0.832517 0.138483
vt 0.826797 0.115402
vt 0.826797 0.074961
vt 0.051479 0.966776
vt 0.045759 0.978316
vt 0.045759 0.966776
vt 0.642374 0.063421
vt 0.648094 0.086501
vt 0.642374 0.069241
vt 0.813033 0.856686
vt 0.813033 0.862406
vt 0.807213 0.856686
vt 0.715092 0.822065
vt 0.720812 0.822065
vt 0.726632 0.850966
vt 0.971200 0.291015
vt 0.971200 0.285194
vt 0.069241 0.022980
vt 0.075062 0.028800
vt 0.057701 0.022980
vt 0.945261 0.550920
vt 0.950981 0.574001
vt 0.945261 0.574001
vt 0.594874 0.966775
vt 0.600593 0.972596
vt 0.600593 0.978316
vt 0.357446 0.028800
vt 0.357446 0.040341
vt 0.958389 0.297336
vt 0.952569 0.308876
vt 0.952569 0.297336
vt 0.904820 0.556740
vt 0.899100 0.597181
vt 0.899100 0.522220
vt 0.761153 0.877882
vt 0.766873 0.854902
vt 0.761153 0.918323
vt 0.380526 0.023080
vt 0.392066 0.057701
vt 0.380526 0.040341
vt 0.749612 0.654882
vt 0.743792 0.568381
vt 0.755332 0.574101
vt 0.028901 0.432507
vt 0.034621 0.444048
vt 0.017361 0.449768
vt 0.380526 0.942387
vt 0.374706 0.953927
vt 0.374706 0.942387
vt 0.148718 0.978316
vt 0.755332 0.562561
vt 0.755332 0.568381
vt 0.743792 0.562561
vt 0.988560 0.977808
vt 0.982840 0.983628
vt 0.982840 0.977808
vt 0.945261 0.764364
vt 0.950981 0.752824
vt 0.945261 0.775904
vt 0.005720 0.989956
vt 0.000000 0.984136
vt 0.005720 0.984136
vt 0.938071 0.984136
vt 0.943791 0.978316
vt 0.943791 0.984136
vt 0.959355 0.051981
vt 0.953535 0.040441
vt 0.959355 0.040441
vt 0.665455 0.207624
vt 0.665455 0.230704
vt 0.659634 0.230704
vt 0.409327 0.513389
vt 0.415147 0.472948
vt 0.409327 0.536470
vt 0.173003 0.161463
vt 0.080782 0.115302
vt 0.051981 0.086501
vt 0.397786 0.472948
vt 0.403607 0.484489
vt 0.403607 0.490309
vt 0.011440 0.984136
vt 0.919118 0.132082
vt 0.924838 0.126363
vt 0.919118 0.172423
vt 0.780536 0.173003
vt 0.780536 0.132662
vt 0.824139 0.608722
vt 0.829859 0.620262
vt 0.824139 0.625982
vt 0.017160 0.989956
vt 0.011440 0.984136
vt 0.017160 0.984136
vt 0.611130 0.916996
vt 0.605310 0.916996
vt 0.955231 0.984136
vt 0.949511 0.978316
vt 0.955231 0.978316
vt 0.224984 0.126842
vt 0.230704 0.126842
vt 0.219164 0.132662
vt 0.148718 0.978316
vt 0.154438 0.984136
vt 0.148718 0.984136
vt 0.988560 0.647156
vt 0.994280 0.641437
vt 0.994280 0.647156
vt 0.057701 0.011440
vt 0.063521 0.000000
vt 0.812599 0.637522
vt 0.829859 0.631802
vt 0.977020 0.029101
vt 0.982840 0.023281
vt 0.982840 0.029101
vt 0.977020 0.471444
vt 0.971200 0.477264
vt 0.971200 0.471444
vt 0.977020 0.651873
vt 0.971200 0.657693
vt 0.971200 0.651873
vt 0.282585 0.794311
vt 0.288305 0.800031
vt 0.271045 0.817392
vt 0.028901 0.022980
vt 0.034621 0.017260
vt 0.040441 0.017260
vt 0.388955 0.978316
vt 0.388955 0.972495
vt 0.394675 0.966775
vt 0.386246 0.005720
vt 0.397786 0.000000
vt 0.392066 0.011540
vt 0.977020 0.139687
vt 0.982840 0.133867
vt 0.982840 0.139687
vt 0.977020 0.873043
vt 0.971200 0.867223
vt 0.977020 0.867223
vt 0.977020 0.873043
vt 0.971200 0.878864
vt 0.971200 0.873043
vt 0.028600 0.989956
vt 0.034320 0.984136
vt 0.034320 0.989956
vt 0.040040 0.989956
vt 0.034320 0.984136
vt 0.040040 0.984136
vt 0.946448 0.314395
vt 0.946448 0.320215
vt 0.940728 0.337476
vt 0.396287 0.920715
vt 0.402107 0.926535
vt 0.402107 0.938076
vt 0.345906 0.467228
vt 0.340085 0.461408
vt 0.345906 0.461408
vt 0.394675 0.978316
vt 0.388955 0.984136
vt 0.388955 0.978316
vt 0.259404 0.138382
vt 0.259404 0.178723
vt 0.253684 0.207624
vt 0.251945 0.842135
vt 0.257665 0.876756
vt 0.257665 0.882475
vt 0.263485 0.674852
vt 0.251945 0.692112
vt 0.251945 0.680672
vt 0.824139 0.614542
vt 0.154438 0.984136
vt 0.160158 0.978316
vt 0.160158 0.984136
vt 0.165878 0.984136
vt 0.160158 0.978316
vt 0.165878 0.978316
vt 0.988560 0.477264
vt 0.982840 0.483084
vt 0.982840 0.477264
vt 0.988560 0.658596
vt 0.994280 0.652876
vt 0.994280 0.658596
vt 0.994280 0.389759
vt 0.988560 0.395479
vt 0.988560 0.389759
vt 0.977020 0.203710
vt 0.982840 0.209530
vt 0.977020 0.209530
vt 0.813716 0.386902
vt 0.807996 0.386902
vt 0.807996 0.381182
vt 0.994280 0.658596
vt 0.988560 0.664316
vt 0.988560 0.658596
vt 0.971200 0.878864
vt 0.977020 0.884684
vt 0.971200 0.884684
vt 0.953839 0.166703
vt 0.959660 0.178243
vt 0.953839 0.178243
vt 0.045759 0.984136
vt 0.040040 0.989956
vt 0.040040 0.984136
vt 0.994280 0.670036
vt 0.988560 0.670036
vt 0.217357 0.989956
vt 0.211637 0.995676
vt 0.211637 0.989956
vt 0.034599 0.830394
vt 0.040419 0.841934
vt 0.034599 0.841934
vt 0.910741 0.660602
vt 0.910741 0.666423
vt 0.904921 0.666423
vt 0.411835 0.978316
vt 0.406115 0.984136
vt 0.406115 0.978316
vt 0.988560 0.675756
vt 0.994280 0.670036
vt 0.994280 0.675756
vt 0.965480 0.623172
vt 0.971200 0.634712
vt 0.965480 0.634712
vt 0.977020 0.477264
vt 0.971200 0.483084
vt 0.971200 0.477264
vt 0.950981 0.649062
vt 0.956801 0.666322
vt 0.950981 0.666322
vt 0.417555 0.984136
vt 0.423275 0.978316
vt 0.423275 0.984136
vt 0.062919 0.989956
vt 0.057199 0.984136
vt 0.062919 0.984136
vt 0.988560 0.687196
vt 0.994280 0.681476
vt 0.994280 0.687196
vt 0.068639 0.984136
vt 0.434715 0.984136
vt 0.428995 0.978316
vt 0.434715 0.978316
vt 0.977020 0.296835
vt 0.971200 0.291015
vt 0.977020 0.291015
vt 0.829859 0.614542
vt 0.835680 0.608722
vt 0.835680 0.614542
vt 0.316730 0.407644
vt 0.309038 0.417975
vt 0.311103 0.406621
vt 0.899201 0.827885
vt 0.899201 0.850966
vt 0.893381 0.850966
vt 0.977020 0.884684
vt 0.971200 0.890504
vt 0.971200 0.884684
vt 0.068639 0.989956
vt 0.074359 0.984136
vt 0.074359 0.989956
vt 0.703552 0.920107
vt 0.697732 0.943187
vt 0.697732 0.937367
vt 0.766873 0.706763
vt 0.766873 0.712584
vt 0.965480 0.692413
vt 0.971200 0.680873
vt 0.971200 0.692413
vt 0.962622 0.424078
vt 0.956802 0.418358
vt 0.956802 0.412538
vt 0.795773 0.902746
vt 0.795773 0.891206
vt 0.801493 0.914286
vt 0.357446 0.444148
vt 0.368986 0.438428
vt 0.368986 0.444148
vt 0.374224 0.782441
vt 0.382638 0.767255
vt 0.390501 0.765073
vt 0.085799 0.989956
vt 0.080079 0.984136
vt 0.085799 0.984136
vt 0.165878 0.972495
vt 0.160158 0.972495
vt 0.165878 0.966775
vt 0.714992 0.585641
vt 0.726532 0.574101
vt 0.726532 0.608722
vt 0.380526 0.438428
vt 0.386246 0.426888
vt 0.386246 0.438428
vt 0.895024 0.897127
vt 0.889204 0.931747
vt 0.889204 0.897127
vt 0.183038 0.972495
vt 0.177318 0.972495
vt 0.982840 0.209530
vt 0.977020 0.215350
vt 0.881740 0.453079
vt 0.881740 0.481880
vt 0.876020 0.533760
vt 0.946448 0.337476
vt 0.940728 0.360556
vt 0.940728 0.337476
vt 0.642374 0.092322
vt 0.648094 0.103862
vt 0.051959 0.934256
vt 0.063500 0.945796
vt 0.057780 0.945796
vt 0.559249 0.893915
vt 0.565069 0.911276
vt 0.553529 0.911276
vt 0.288305 0.915433
vt 0.294125 0.938514
vt 0.288305 0.938514
vt 0.553896 0.681363
vt 0.558907 0.693277
vt 0.552707 0.698583
vt 0.588150 0.951616
vt 0.593870 0.940076
vt 0.994280 0.704356
vt 0.988560 0.698636
vt 0.994280 0.698636
vt 0.451875 0.989956
vt 0.457595 0.984136
vt 0.457595 0.989956
vt 0.982840 0.483084
vt 0.988560 0.488904
vt 0.982840 0.488904
vt 0.939541 0.931446
vt 0.945261 0.919906
vt 0.939541 0.942986
vt 0.132662 0.680471
vt 0.144203 0.680471
vt 0.138382 0.703552
vt 0.829859 0.597181
vt 0.824139 0.579921
vt 0.835680 0.603002
vt 0.234584 0.842135
vt 0.240405 0.836315
vt 0.246125 0.842135
vt 0.977020 0.657693
vt 0.971200 0.663513
vt 0.971200 0.046161
vt 0.965480 0.057701
vt 0.965480 0.046161
vt 0.665455 0.155743
vt 0.659634 0.219164
vt 0.653914 0.207624
vt 0.282585 0.823112
vt 0.288305 0.840472
vt 0.282585 0.840472
vt 0.549114 0.966776
vt 0.543394 0.978316
vt 0.543394 0.966776
vt 0.593870 0.530649
vt 0.599690 0.542190
vt 0.599690 0.547909
vt 0.171598 0.978316
vt 0.165878 0.984136
vt 0.165878 0.978316
vt 0.509074 0.978316
vt 0.503354 0.966776
vt 0.509074 0.966776
vt 0.977020 0.791560
vt 0.982740 0.797380
vt 0.977020 0.797380
vt 0.223077 0.989956
vt 0.228797 0.995676
vt 0.223077 0.995676
vt 0.959459 0.062941
vt 0.965279 0.057121
vt 0.959459 0.068661
vt 0.933721 0.949007
vt 0.939541 0.937467
vt 0.933721 0.954727
vt 0.171598 0.978316
vt 0.177318 0.984136
vt 0.171598 0.984136
vt 0.263485 0.772894
vt 0.257665 0.738273
vt 0.738173 0.941604
vt 0.743993 0.953144
vt 0.738173 0.953144
vt 0.263485 0.628691
vt 0.246125 0.669132
vt 0.240405 0.669132
vt 0.069241 0.305665
vt 0.069241 0.299845
vt 0.962622 0.775804
vt 0.956801 0.764264
vt 0.962622 0.764264
vt 0.971200 0.483084
vt 0.977020 0.488905
vt 0.971200 0.488905
vt 0.971200 0.940577
vt 0.971200 0.946297
vt 0.069241 0.259504
vt 0.051981 0.253684
vt 0.057679 0.911176
vt 0.057679 0.916896
vt 0.051959 0.905355
vt 0.461308 0.374907
vt 0.461308 0.392267
vt 0.455487 0.432608
vt 0.240405 0.790154
vt 0.246125 0.784434
vt 0.251945 0.790154
vt 0.459808 0.957437
vt 0.453988 0.957437
vt 0.818319 0.568381
vt 0.829859 0.568381
vt 0.697732 0.579821
vt 0.703552 0.666322
vt 0.703552 0.695223
vt 0.213444 0.109582
vt 0.213444 0.121122
vt 0.972390 0.978316
vt 0.966670 0.984136
vt 0.966670 0.978316
vt 0.763275 0.247964
vt 0.757455 0.247964
vt 0.726632 0.891306
vt 0.726632 0.908567
vt 0.720812 0.902847
vt 0.651571 0.784534
vt 0.651571 0.778814
vt 0.657391 0.772994
vt 0.488709 0.946097
vt 0.494529 0.957637
vt 0.488709 0.957637
vt 0.978110 0.984136
vt 0.972390 0.984136
vt 0.062919 0.989956
vt 0.068639 0.995676
vt 0.062919 0.995676
vt 0.982840 0.488904
vt 0.988560 0.494724
vt 0.982840 0.494724
vt 0.806512 0.995676
vt 0.812231 0.989956
vt 0.812231 0.995676
vt 0.959459 0.068661
vt 0.953639 0.080202
vt 0.953639 0.068661
vt 0.397786 0.230704
vt 0.397786 0.224884
vt 0.403607 0.224884
vt 0.380526 0.380727
vt 0.380526 0.409527
vt 0.368986 0.403807
vt 0.651571 0.311486
vt 0.645750 0.311486
vt 0.640031 0.299945
vt 0.965480 0.784734
vt 0.971200 0.796275
vt 0.965480 0.796275
vt 0.400395 0.984136
vt 0.406115 0.989956
vt 0.400395 0.989956
vt 0.011440 0.978316
vt 0.017160 0.984136
vt 0.011440 0.984136
vt 0.940928 0.193373
vt 0.946648 0.193373
vt 0.940928 0.210633
vt 0.022880 0.978316
vt 0.022880 0.984136
vt 0.761153 0.895242
vt 0.755433 0.906783
vt 0.755433 0.895242
vt 0.977020 0.791560
vt 0.971200 0.797380
vt 0.971200 0.791560
vt 0.471349 0.842135
vt 0.465629 0.888296
vt 0.465629 0.882475
vt 0.034599 0.922716
vt 0.034599 0.905456
vt 0.040419 0.899635
vt 0.011540 0.213344
vt 0.040441 0.126842
vt 0.034621 0.149923
vt 0.194478 0.978316
vt 0.194478 0.972596
vt 0.200198 0.966776
vt 0.565069 0.940076
vt 0.559349 0.957336
vt 0.559349 0.940076
vt 0.956802 0.631601
vt 0.950981 0.648862
vt 0.950981 0.631601
vt 0.040419 0.951516
vt 0.046139 0.945796
vt 0.040419 0.957336
vt 1.000000 0.040040
vt 0.994280 0.034320
vt 1.000000 0.034320
vt 0.817951 0.989956
vt 0.817951 0.995676
vt 0.234517 0.989956
vt 0.228797 0.995676
vt 0.228797 0.989956
vt 0.234517 0.989956
vt 0.240237 0.995676
vt 0.234517 0.995676
vt 0.109582 0.680471
vt 0.115402 0.668931
vt 0.115402 0.680471
vt 0.005820 0.213344
vt 0.005820 0.201803
vt 0.213344 0.409427
vt 0.213344 0.380626
vt 0.219164 0.369086
vt 0.663111 0.836415
vt 0.657291 0.842135
vt 0.951182 0.695123
vt 0.945362 0.695123
vt 0.951182 0.683583
vt 0.380426 0.913486
vt 0.374706 0.907766
vt 0.374706 0.896226
vt 0.956802 0.925927
vt 0.962622 0.937467
vt 0.956802 0.937467
vt 0.132662 0.870735
vt 0.132662 0.922716
vt 0.126942 0.882275
vt 0.062919 0.984136
vt 0.068639 0.978316
vt 0.068639 0.984136
vt 0.459808 0.842135
vt 0.436728 0.882476
vt 0.219063 0.940733
vt 0.224783 0.946453
vt 0.224783 0.957993
vt 0.988560 0.978914
vt 0.994280 0.984634
vt 0.988560 0.984634
vt 0.971200 0.565471
vt 0.965480 0.553930
vt 0.971200 0.553930
vt 0.023181 0.904843
vt 0.023181 0.910663
vt 0.017361 0.876042
vt 0.177318 0.978316
vt 0.183038 0.984136
vt 0.177318 0.984136
vt 0.692113 0.995676
vt 0.697832 0.989956
vt 0.697832 0.995676
vt 0.245957 0.989956
vt 0.240237 0.995676
vt 0.240237 0.989956
vt 0.173003 0.098042
vt 0.167283 0.103762
vt 0.173003 0.086501
vt 0.234584 0.686392
vt 0.228864 0.697932
vt 0.228864 0.680672
vt 0.924838 0.120542
vt 0.930659 0.160883
vt 0.924838 0.155163
vt 0.939642 0.695123
vt 0.933821 0.689403
vt 0.939642 0.689403
vt 0.357446 0.282585
vt 0.386246 0.276865
vt 0.392066 0.276865
vt 0.956802 0.579720
vt 0.962622 0.591261
vt 0.956802 0.591261
vt 0.825277 0.972596
vt 0.831097 0.966776
vt 0.831097 0.972596
vt 0.988560 0.494725
vt 0.982840 0.500545
vt 0.982840 0.494725
vt 0.977020 0.814841
vt 0.982740 0.809020
vt 0.982740 0.814841
vt 0.994280 0.401199
vt 0.988560 0.406919
vt 0.988560 0.401199
vt 0.207624 0.622871
vt 0.201904 0.628691
vt 0.246125 0.824774
vt 0.831097 0.972596
vt 0.836917 0.966776
vt 0.836917 0.972596
vt 0.971200 0.890504
vt 0.977020 0.896324
vt 0.971200 0.896324
vt 0.977020 0.820661
vt 0.982740 0.826481
vt 0.977020 0.826481
vt 0.440435 0.984136
vt 0.434715 0.978316
vt 0.440435 0.978316
vt 0.813033 0.896926
vt 0.807314 0.902746
vt 0.801493 0.896926
vt 0.720912 0.948907
vt 0.715092 0.948907
vt 0.720912 0.937367
vt 0.436728 0.686493
vt 0.442548 0.698033
vt 0.436728 0.698033
vt 0.606313 0.989956
vt 0.600594 0.984136
vt 0.606313 0.984136
vt 0.977020 0.675154
vt 0.971200 0.669334
vt 0.977020 0.669334
vt 0.962622 0.464519
vt 0.956802 0.452979
vt 0.962622 0.452979
vt 0.829391 0.995676
vt 0.823671 0.989956
vt 0.829391 0.989956
vt 0.988560 0.017461
vt 0.982840 0.011641
vt 0.988560 0.011641
vt 0.977020 0.215350
vt 0.982840 0.221171
vt 0.977020 0.221171
vt 0.829391 0.995676
vt 0.835111 0.989956
vt 0.835111 0.995676
vt 0.108679 0.984136
vt 0.102959 0.989956
vt 0.102959 0.984136
vt 0.726632 0.856686
vt 0.726632 0.862406
vt 0.720812 0.868226
vt 0.871687 0.297135
vt 0.865867 0.343296
vt 0.865867 0.331756
vt 0.612033 0.989956
vt 0.612033 0.984136
vt 0.982840 0.500545
vt 0.988560 0.506365
vt 0.982840 0.506365
vt 0.514794 0.989956
vt 0.509074 0.995676
vt 0.509074 0.989956
vt 0.126942 0.674752
vt 0.115402 0.651671
vt 0.946748 0.216353
vt 0.941029 0.239434
vt 0.941029 0.216353
vt 0.924738 0.062841
vt 0.930558 0.091742
vt 0.924738 0.097462
vt 0.971200 0.796275
vt 0.965480 0.807815
vt 0.965480 0.796275
vt 0.282585 0.776951
vt 0.282585 0.782771
vt 0.276765 0.794311
vt 0.178823 0.046061
vt 0.184543 0.051881
vt 0.178823 0.051881
vt 0.988560 0.017461
vt 0.982840 0.023281
vt 0.982840 0.017461
vt 0.994280 0.721516
vt 0.988560 0.727236
vt 0.988560 0.721516
vt 0.945261 0.527840
vt 0.950981 0.550920
vt 0.945261 0.550920
vt 0.836917 0.966776
vt 0.842738 0.972596
vt 0.836917 0.972596
vt 0.446155 0.984136
vt 0.440435 0.984136
vt 0.763275 0.149923
vt 0.763275 0.155743
vt 0.977020 0.826481
vt 0.982740 0.832302
vt 0.977020 0.832302
vt 0.988560 0.875954
vt 0.994280 0.881674
vt 0.988560 0.881674
vt 0.469035 0.978316
vt 0.463315 0.972495
vt 0.463315 0.966775
vt 0.251677 0.989956
vt 0.257397 0.995676
vt 0.251677 0.995676
vt 0.853040 0.683683
vt 0.853040 0.677863
vt 0.858760 0.625982
vt 0.125839 0.984136
vt 0.120119 0.989956
vt 0.120119 0.984136
vt 0.877663 0.943287
vt 0.883484 0.920207
vt 0.883484 0.943287
vt 0.988560 0.023281
vt 0.982840 0.029101
vt 0.674651 0.703753
vt 0.668931 0.744194
vt 0.668931 0.732653
vt 0.977020 0.296835
vt 0.971200 0.302655
vt 0.971200 0.296835
vt 0.763275 0.271045
vt 0.763275 0.259504
vt 0.768995 0.247964
vt 0.703552 0.995676
vt 0.697832 0.989956
vt 0.703552 0.989956
vt 0.451875 0.978316
vt 0.446155 0.984136
vt 0.446155 0.978316
vt 0.703552 0.995676
vt 0.709272 0.989956
vt 0.709272 0.995676
vt 0.457595 0.984136
vt 0.451875 0.978316
vt 0.457595 0.978316
vt 0.629193 0.989956
vt 0.623473 0.984136
vt 0.629193 0.984136
vt 0.977020 0.564568
vt 0.971200 0.570389
vt 0.971200 0.564568
vt 0.956802 0.522220
vt 0.962622 0.516400
vt 0.857991 0.995676
vt 0.852271 0.989956
vt 0.857991 0.989956
vt 0.715092 0.856686
vt 0.407827 0.943795
vt 0.407827 0.920715
vt 0.939541 0.435518
vt 0.945362 0.412538
vt 0.945362 0.435518
vt 0.956802 0.666322
vt 0.950981 0.683582
vt 0.950981 0.677863
vt 0.288305 0.823112
vt 0.276765 0.817392
vt 0.288305 0.817392
vt 0.564969 0.745062
vt 0.559249 0.739342
vt 0.564969 0.733522
vt 0.251844 0.911276
vt 0.251844 0.917096
vt 0.246125 0.917096
vt 0.988560 0.040742
vt 0.982840 0.034922
vt 0.988560 0.034922
vt 0.988560 0.040742
vt 0.982840 0.046562
vt 0.982840 0.040742
vt 0.982840 0.506365
vt 0.988560 0.512185
vt 0.982840 0.512185
vt 0.183038 0.978316
vt 0.188758 0.984136
vt 0.183038 0.984136
vt 0.357446 0.438428
vt 0.340085 0.455688
vt 0.363166 0.421067
vt 0.994280 0.727236
vt 0.988560 0.732956
vt 0.971200 0.937066
vt 0.977020 0.942886
vt 0.971200 0.942886
vt 0.383235 0.984136
vt 0.377516 0.989956
vt 0.377516 0.984136
vt 0.463315 0.989956
vt 0.457595 0.984136
vt 0.463315 0.984136
vt 0.977020 0.797380
vt 0.971200 0.803200
vt 0.916361 0.435719
vt 0.922181 0.447159
vt 0.916361 0.447159
vt 0.720712 0.995676
vt 0.714992 0.989956
vt 0.720712 0.989956
vt 0.469035 0.989956
vt 0.463315 0.984136
vt 0.469035 0.984136
vt 0.977020 0.494725
vt 0.971200 0.494725
vt 0.936379 0.126362
vt 0.942199 0.126362
vt 0.936379 0.143623
vt 0.912228 0.297235
vt 0.900688 0.285695
vt 0.906508 0.285695
vt 0.965380 0.143623
vt 0.959559 0.155163
vt 0.959559 0.143623
vt 0.629193 0.989956
vt 0.634913 0.984136
vt 0.634913 0.989956
vt 0.406115 0.984136
vt 0.411835 0.989956
vt 0.514794 0.989956
vt 0.520514 0.995676
vt 0.514794 0.995676
vt 0.011440 0.995676
vt 0.017160 0.989956
vt 0.017160 0.995676
vt 0.994280 0.732956
vt 0.988560 0.738676
vt 0.988560 0.732956
vt 0.069241 0.778513
vt 0.063421 0.784334
vt 0.069241 0.772793
vt 1.000000 0.051479
vt 0.994280 0.045759
vt 1.000000 0.045759
vt 0.652073 0.978316
vt 0.657793 0.984136
vt 0.652073 0.984136
vt 0.829392 0.989956
vt 0.835111 0.984136
vt 0.835111 0.989956
vt 0.840831 0.989956
vt 0.835111 0.984136
vt 0.840831 0.984136
vt 0.526234 0.966775
vt 0.531954 0.978316
vt 0.526234 0.978316
vt 0.916461 0.845146
vt 0.916461 0.833605
vt 0.922181 0.804805
vt 0.132562 0.565170
vt 0.132562 0.559450
vt 0.138382 0.559450
vt 0.211638 0.978316
vt 0.205918 0.966775
vt 0.211638 0.966775
vt 0.524628 0.893915
vt 0.518908 0.870835
vt 0.530449 0.905456
vt 0.977020 0.308476
vt 0.971200 0.302655
vt 0.977020 0.302655
vt 0.474755 0.984136
vt 0.469035 0.978316
vt 0.474755 0.978316
vt 0.842738 0.966776
vt 0.848558 0.972596
vt 0.842738 0.972596
vt 0.977020 0.308476
vt 0.971200 0.314296
vt 0.971200 0.308476
vt 0.977020 0.838122
vt 0.982740 0.843942
vt 0.977020 0.843942
vt 0.480475 0.978316
vt 0.474755 0.984136
vt 0.474755 0.978316
vt 0.942299 0.166703
vt 0.948019 0.155163
vt 0.942299 0.178243
vt 0.530449 0.709372
vt 0.536169 0.720913
vt 0.536169 0.732453
vt 0.616950 0.945796
vt 0.622770 0.951616
vt 0.622770 0.957336
vt 0.326036 0.978316
vt 0.956801 0.504860
vt 0.962622 0.516400
vt 0.956801 0.516400
vt 0.982840 0.058203
vt 0.988560 0.064023
vt 0.982840 0.064023
vt 0.988560 0.738676
vt 0.994280 0.744396
vt 0.988560 0.744396
vt 0.933721 0.764364
vt 0.933721 0.781724
vt 0.927901 0.787444
vt 0.994280 0.412639
vt 0.988560 0.418358
vt 0.988560 0.412639
vt 0.965480 0.911677
vt 0.971200 0.923217
vt 0.965480 0.923217
vt 0.703552 0.833605
vt 0.715092 0.827885
vt 0.715092 0.833605
vt 0.023080 0.916484
vt 0.023080 0.910663
vt 0.028901 0.927923
vt 0.319362 0.361205
vt 0.318321 0.366931
vt 0.547709 0.940076
vt 0.547709 0.934256
vt 0.553529 0.928536
vt 0.848558 0.966776
vt 0.854378 0.972596
vt 0.848558 0.972596
vt 0.988560 0.512185
vt 0.982840 0.518006
vt 0.982840 0.512185
vt 0.881840 0.631702
vt 0.887661 0.672143
vt 0.887661 0.683683
vt 0.977020 0.040742
vt 0.982840 0.046562
vt 0.977020 0.046562
vt 0.854378 0.972596
vt 0.860198 0.966776
vt 0.860198 0.972596
vt 0.154438 0.984136
vt 0.148718 0.989956
vt 0.148718 0.984136
vt 0.977020 0.867224
vt 0.982740 0.861403
vt 0.982740 0.867224
vt 0.268837 0.989956
vt 0.263117 0.995676
vt 0.263117 0.989956
vt 0.154438 0.984136
vt 0.160158 0.989956
vt 0.154438 0.989956
vt 0.526234 0.989956
vt 0.531954 0.995676
vt 0.526234 0.995676
vt 0.495828 0.253784
vt 0.495828 0.276865
vt 0.490008 0.282585
vt 0.671175 0.057701
vt 0.682715 0.063521
vt 0.671175 0.063521
vt 0.971200 0.675154
vt 0.977020 0.680974
vt 0.971200 0.680974
vt 0.334365 0.909212
vt 0.334365 0.914932
vt 0.328645 0.909212
vt 0.988560 0.069843
vt 0.982840 0.075664
vt 0.982840 0.069843
vt 0.977020 0.896324
vt 0.971200 0.902145
vt 0.971200 0.896324
vt 0.726432 0.995676
vt 0.732152 0.989956
vt 0.732152 0.995676
vt 0.165878 0.989956
vt 0.160158 0.984136
vt 0.165878 0.984136
vt 0.005720 0.966776
vt 0.000000 0.978316
vt 0.000000 0.966776
vt 0.471449 0.934356
vt 0.477269 0.945897
vt 0.477269 0.951717
vt 0.982840 0.221171
vt 0.977020 0.226991
vt 0.977020 0.221171
vt 0.737872 0.995676
vt 0.732152 0.989956
vt 0.737872 0.989956
vt 0.171598 0.989956
vt 0.165878 0.984136
vt 0.171598 0.984136
vt 0.956801 0.596880
vt 0.962622 0.602701
vt 0.962622 0.608420
vt 0.173003 0.472948
vt 0.167183 0.478668
vt 0.173003 0.467128
vt 0.899100 0.447259
vt 0.904820 0.441539
vt 0.904820 0.447259
vt 0.906508 0.245254
vt 0.906508 0.256794
vt 0.900688 0.251074
vt 0.988560 0.302655
vt 0.982840 0.308475
vt 0.982840 0.302655
vt 0.553529 0.865115
vt 0.547709 0.899736
vt 0.547709 0.893915
vt 0.994280 0.755836
vt 0.988560 0.750116
vt 0.994280 0.750116
vt 0.994280 0.755836
vt 0.988560 0.761556
vt 0.988560 0.755836
vt 0.971200 0.902145
vt 0.977020 0.907965
vt 0.971200 0.907965
vt 0.806176 0.553730
vt 0.811896 0.559550
vt 0.794636 0.553730
vt 0.977020 0.314296
vt 0.971200 0.320116
vt 0.491915 0.978316
vt 0.486195 0.984136
vt 0.486195 0.978316
vt 0.663111 0.288305
vt 0.651571 0.299845
vt 0.668931 0.282484
vt 0.103862 0.818854
vt 0.144303 0.790053
vt 0.121222 0.807314
vt 0.867137 0.080202
vt 0.872857 0.086022
vt 0.867137 0.086022
vt 0.857991 0.995676
vt 0.863711 0.989956
vt 0.863711 0.995676
vt 0.177318 0.984136
vt 0.795072 0.989956
vt 0.800792 0.989956
vt 0.875151 0.995676
vt 0.869431 0.989956
vt 0.875151 0.989956
vt 0.188758 0.984136
vt 0.183038 0.989956
vt 0.183038 0.984136
vt 0.474755 0.989956
vt 0.469035 0.984136
vt 0.474755 0.984136
vt 0.474755 0.989956
vt 0.480475 0.984136
vt 0.480475 0.989956
vt 0.982840 0.518006
vt 0.988560 0.523826
vt 0.982840 0.523826
vt 0.028901 0.317105
vt 0.034621 0.328645
vt 0.017361 0.328645
vt 0.374706 0.086501
vt 0.242244 0.536369
vt 0.242244 0.559450
vt 0.236524 0.547909
vt 0.363166 0.265325
vt 0.363166 0.271045
vt 0.351625 0.265325
vt 0.663111 0.744194
vt 0.853474 0.764464
vt 0.853474 0.758644
vt 0.865015 0.787545
vt 0.905021 0.810625
vt 0.910741 0.810625
vt 0.910741 0.822165
vt 0.977020 0.867224
vt 0.982740 0.873044
vt 0.977020 0.873044
vt 0.988560 0.887394
vt 0.994280 0.893114
vt 0.988560 0.893114
vt 0.959559 0.143623
vt 0.965379 0.132082
vt 0.965379 0.143623
vt 0.028600 0.966775
vt 0.034320 0.978316
vt 0.028600 0.978316
vt 0.977020 0.878864
vt 0.982740 0.873044
vt 0.982740 0.878864
vt 0.280277 0.989956
vt 0.285996 0.995676
vt 0.280277 0.995676
vt 0.345906 0.173003
vt 0.334365 0.190363
vt 0.795773 0.954627
vt 0.789953 0.943087
vt 0.795773 0.943087
vt 0.442448 0.888196
vt 0.453988 0.882476
vt 0.442448 0.899736
vt 0.720912 0.908567
vt 0.720912 0.920107
vt 0.715092 0.920107
vt 0.457595 0.978316
vt 0.451875 0.966775
vt 0.457595 0.966775
vt 0.772693 0.937467
vt 0.766873 0.954727
vt 0.766873 0.937467
vt 0.736835 0.559450
vt 0.742655 0.553630
vt 0.748375 0.547910
vt 0.155743 0.940076
vt 0.161463 0.934356
vt 0.161463 0.940076
vt 0.749612 0.947324
vt 0.755433 0.958864
vt 0.749612 0.958864
vt 0.022880 0.989956
vt 0.028600 0.995676
vt 0.022880 0.995676
vt 0.953535 0.028901
vt 0.947714 0.034721
vt 0.953535 0.017361
vt 0.965480 0.271246
vt 0.971200 0.265425
vt 0.965480 0.276965
vt 0.946748 0.291616
vt 0.952569 0.285795
vt 0.952569 0.303156
vt 0.167283 0.926830
vt 0.173003 0.915290
vt 0.167283 0.932550
vt 0.103862 0.957336
vt 0.109582 0.939976
vt 0.109582 0.957336
vt 0.513088 0.236424
vt 0.507368 0.242244
vt 0.263485 0.940177
vt 0.257765 0.957437
vt 0.950981 0.545100
vt 0.956801 0.562360
vt 0.950981 0.562360
vt 0.910641 0.943187
vt 0.922181 0.931647
vt 0.922181 0.943187
vt 0.840218 0.295331
vt 0.857479 0.295331
vt 0.846039 0.301151
vt 0.865697 0.392622
vt 0.854157 0.398442
vt 0.859977 0.381082
vt 0.098042 0.922816
vt 0.103862 0.905456
vt 0.098042 0.934356
vt 0.486195 0.972495
vt 0.486195 0.966775
vt 0.486194 0.978316
vt 0.480475 0.966775
vt 0.486194 0.966775
vt 0.971200 0.139687
vt 0.977020 0.145507
vt 0.971200 0.145507
vt 0.982840 0.232811
vt 0.977020 0.232811
vt 0.651571 0.755734
vt 0.657391 0.703753
vt 0.207624 0.507469
vt 0.219164 0.513289
vt 0.207624 0.513289
vt 0.994280 0.761556
vt 0.988560 0.767275
vt 0.988560 0.761556
vt 0.374706 0.965467
vt 0.380526 0.953927
vt 0.380526 0.965467
vt 0.068639 0.978316
vt 0.074359 0.984136
vt 0.068639 0.984136
vt 0.877659 0.966776
vt 0.883479 0.972596
vt 0.877659 0.972596
vt 0.205918 0.984136
vt 0.200198 0.989956
vt 0.200198 0.984136
vt 0.085799 0.984136
vt 0.091519 0.978316
vt 0.091519 0.984136
vt 0.977020 0.890505
vt 0.982740 0.896325
vt 0.977020 0.896325
vt 0.297436 0.989956
vt 0.291716 0.995676
vt 0.291716 0.989956
vt 0.818854 0.920006
vt 0.824574 0.931547
vt 0.818854 0.931547
vt 0.930454 0.011540
vt 0.936174 0.000000
vt 0.930454 0.040341
vt 0.178823 0.519109
vt 0.190363 0.524829
vt 0.178823 0.524829
vt 0.582430 0.940076
vt 0.582430 0.934356
vt 0.588150 0.928536
vt 0.841934 0.925726
vt 0.830394 0.937267
vt 0.830394 0.925726
vt 0.622570 0.934256
vt 0.622570 0.911276
vt 0.628390 0.899736
vt 0.646353 0.995676
vt 0.640633 0.989956
vt 0.646353 0.989956
vt 0.211638 0.984136
vt 0.205918 0.989956
vt 0.205918 0.984136
vt 0.599690 0.940076
vt 0.593870 0.934256
vt 0.588150 0.928536
vt 0.646353 0.995676
vt 0.652073 0.989956
vt 0.652073 0.995676
vt 0.440435 0.989956
vt 0.434715 0.984136
vt 0.440435 0.984136
vt 0.057701 0.865015
vt 0.057701 0.830394
vt 0.063421 0.882375
vt 0.386346 0.953927
vt 0.380526 0.948107
vt 0.380526 0.942387
vt 0.402007 0.891814
vt 0.396287 0.897534
vt 0.396287 0.885994
vt 0.402107 0.955336
vt 0.396287 0.943795
vt 0.402107 0.943795
vt 0.553529 0.213344
vt 0.547709 0.219164
vt 0.923468 0.354736
vt 0.929288 0.377816
vt 0.923468 0.377816
vt 0.703553 0.972495
vt 0.709273 0.966776
vt 0.703553 0.978215
vt 0.363166 0.878866
vt 0.368986 0.890406
vt 0.953535 0.051981
vt 0.947714 0.046261
vt 0.947714 0.034721
vt 0.977020 0.913786
vt 0.982740 0.907966
vt 0.982740 0.913786
vt 0.543394 0.989956
vt 0.549114 0.995676
vt 0.543394 0.995676
vt 0.933821 0.625982
vt 0.933821 0.666322
vt 0.928001 0.660602
vt 0.091519 0.984136
vt 0.097239 0.978316
vt 0.097239 0.984136
vt 0.936479 0.166703
vt 0.942299 0.155163
vt 0.942299 0.166703
vt 0.570789 0.922816
vt 0.570789 0.916996
vt 0.576609 0.911276
vt 0.720712 0.966776
vt 0.726432 0.972495
vt 0.726432 0.978215
vt 0.526234 0.978316
vt 0.520514 0.966775
vt 0.526234 0.966775
vt 0.942098 0.085922
vt 0.947919 0.080202
vt 0.947919 0.097462
vt 0.219063 0.831252
vt 0.224884 0.842792
vt 0.213344 0.842792
vt 0.228797 0.978316
vt 0.223078 0.966775
vt 0.228797 0.966775
vt 0.813033 0.752824
vt 0.841934 0.770184
vt 0.836114 0.770184
vt 0.328645 0.834752
vt 0.328645 0.875193
vt 0.322925 0.886733
vt 0.915191 0.995676
vt 0.920910 0.989956
vt 0.920910 0.995676
vt 0.471449 0.934356
vt 0.482989 0.922816
vt 0.482989 0.934356
vt 0.926630 0.995676
vt 0.920911 0.989956
vt 0.926630 0.989956
vt 0.714992 0.972495
vt 0.714992 0.978215
vt 0.328645 0.949653
vt 0.334466 0.943832
vt 0.328645 0.955373
vt 0.074359 0.978316
vt 0.068639 0.966776
vt 0.074359 0.966776
vt 0.357446 0.862850
vt 0.357446 0.868670
vt 0.549114 0.989956
vt 0.554834 0.995676
vt 0.253684 0.495928
vt 0.259504 0.490208
vt 0.259504 0.495928
vt 0.005820 0.305665
vt 0.017361 0.311385
vt 0.005820 0.311385
vt 0.732352 0.579821
vt 0.732352 0.602901
vt 0.040441 0.784233
vt 0.040441 0.824674
vt 0.028901 0.818854
vt 0.982840 0.372498
vt 0.988560 0.378319
vt 0.982840 0.378319
vt 0.939541 0.602801
vt 0.945261 0.608521
vt 0.945261 0.620061
vt 0.028600 0.989956
vt 0.034320 0.995676
vt 0.028600 0.995676
vt 0.922181 0.902847
vt 0.928001 0.908667
vt 0.928001 0.925927
vt 0.988560 0.098945
vt 0.982840 0.104765
vt 0.982840 0.098945
vt 0.962622 0.424078
vt 0.956801 0.435618
vt 0.956801 0.424078
vt 0.932350 0.989956
vt 0.932350 0.995676
vt 0.069342 0.945897
vt 0.063521 0.957437
vt 0.063521 0.945897
vt 0.080079 0.978316
vt 0.074359 0.966775
vt 0.080079 0.966775
vt 0.938070 0.995676
vt 0.932350 0.989956
vt 0.938070 0.989956
vt 0.514794 0.978316
vt 0.509074 0.984136
vt 0.509074 0.978316
vt 0.949510 0.995676
vt 0.943790 0.989956
vt 0.949510 0.989956
vt 0.988560 0.326840
vt 0.994280 0.332559
vt 0.988560 0.332559
vt 0.190363 0.132662
vt 0.196083 0.138382
vt 0.196083 0.144102
vt 0.228797 0.984136
vt 0.223078 0.989956
vt 0.223078 0.984136
vt 0.977020 0.052383
vt 0.982840 0.058203
vt 0.977020 0.058203
vt 0.668831 0.796074
vt 0.663111 0.807615
vt 0.645750 0.807615
vt 0.946648 0.204914
vt 0.952468 0.216353
vt 0.946648 0.216353
vt 0.148718 0.972495
vt 0.142998 0.972495
vt 0.148718 0.966775
vt 0.933821 0.654782
vt 0.939541 0.683583
vt 0.933821 0.683583
vt 0.917948 0.297035
vt 0.917948 0.302855
vt 0.912228 0.302855
vt 0.201803 0.478668
vt 0.190263 0.478668
vt 0.201803 0.461408
vt 0.906760 0.966776
vt 0.912581 0.972596
vt 0.906760 0.972596
vt 0.138382 0.622871
vt 0.144102 0.611331
vt 0.144102 0.622871
vt 0.173003 0.478668
vt 0.184543 0.478668
vt 0.977020 0.925427
vt 0.982740 0.919607
vt 0.982740 0.925427
vt 0.933821 0.510580
vt 0.933821 0.522120
vt 0.928101 0.527840
vt 0.905021 0.787445
vt 0.905021 0.793265
vt 0.899201 0.850866
vt 0.639930 0.951717
vt 0.634110 0.934356
vt 0.639930 0.934356
vt 0.017360 0.933643
vt 0.028901 0.927923
vt 0.028901 0.933643
vt 0.988560 0.116406
vt 0.982840 0.110585
vt 0.988560 0.110585
vt 0.518908 0.893915
vt 0.524628 0.899736
vt 0.518908 0.899736
vt 0.807213 0.752924
vt 0.784133 0.793265
vt 0.766873 0.810525
vt 0.962622 0.781624
vt 0.956801 0.787344
vt 0.933721 0.879867
vt 0.933721 0.885586
vt 0.928001 0.920207
vt 0.392066 0.930847
vt 0.380526 0.942387
vt 0.380526 0.930847
vt 0.109482 0.611331
vt 0.097941 0.594070
vt 0.109482 0.588250
vt 0.956801 0.597081
vt 0.950981 0.614341
vt 0.950981 0.597081
vt 0.167183 0.461408
vt 0.167183 0.467128
vt 0.939541 0.568180
vt 0.939541 0.585440
vt 0.933821 0.596981
vt 0.965480 0.900136
vt 0.971200 0.905856
vt 0.971200 0.911677
vt 0.930659 0.166703
vt 0.936479 0.155163
vt 0.936479 0.184064
vt 0.988560 0.767276
vt 0.994280 0.772995
vt 0.988560 0.772995
vt 0.971200 0.230805
vt 0.965480 0.219264
vt 0.971200 0.219264
vt 0.436728 0.934356
vt 0.448268 0.922816
vt 0.448268 0.934356
vt 0.011440 0.966776
vt 0.017160 0.978316
vt 0.011440 0.978316
vt 0.565069 0.882375
vt 0.565069 0.893915
vt 0.213344 0.911933
vt 0.224884 0.929193
vt 0.213344 0.929193
vt 0.720912 0.954627
vt 0.726733 0.937367
vt 0.726733 0.954627
vt 0.034621 0.236424
vt 0.028901 0.219063
vt 0.040441 0.219063
vt 0.138382 0.611331
vt 0.132562 0.605611
vt 0.977020 0.931248
vt 0.982740 0.937068
vt 0.977020 0.937068
vt 0.363166 0.907766
vt 0.363166 0.919307
vt 0.357446 0.901946
vt 0.138382 0.893815
vt 0.132662 0.922716
vt 0.132662 0.893815
vt 0.772592 0.914387
vt 0.766873 0.891306
vt 0.772592 0.897026
vt 0.922181 0.833605
vt 0.928001 0.827785
vt 0.928001 0.833605
vt 0.459708 0.894016
vt 0.453988 0.917096
vt 0.178823 0.040341
vt 0.178823 0.023080
vt 0.190363 0.046061
vt 0.629193 0.966776
vt 0.623473 0.978316
vt 0.623473 0.966776
vt 0.634210 0.657491
vt 0.634210 0.680572
vt 0.622670 0.709473
vt 0.726433 0.989956
vt 0.732152 0.984136
vt 0.732152 0.989956
vt 0.737872 0.989956
vt 0.743592 0.984136
vt 0.743592 0.989956
vt 0.971200 0.500545
vt 0.977020 0.506366
vt 0.971200 0.506366
vt 0.789953 0.937367
vt 0.795773 0.937367
vt 0.801493 0.943087
vt 0.514794 0.978316
vt 0.520514 0.984136
vt 0.514794 0.984136
vt 0.960950 0.995676
vt 0.955230 0.989956
vt 0.960950 0.989956
vt 0.772192 0.995676
vt 0.766472 0.989956
vt 0.772192 0.989956
vt 0.994280 0.898834
vt 0.988560 0.898834
vt 0.965480 0.773194
vt 0.965480 0.767374
vt 0.971200 0.761654
vt 0.343196 0.966776
vt 0.348916 0.978316
vt 0.343196 0.978316
vt 0.910741 0.873946
vt 0.904921 0.885486
vt 0.904921 0.879766
vt 0.034599 0.951617
vt 0.040419 0.945796
vt 0.034599 0.957336
vt 0.962622 0.568180
vt 0.956802 0.579720
vt 0.956802 0.568180
vt 0.912228 0.262615
vt 0.040441 0.213344
vt 0.034621 0.196083
vt 0.144303 0.807314
vt 0.150023 0.818854
vt 0.132763 0.813134
vt 0.743793 0.966776
vt 0.749613 0.972596
vt 0.743793 0.972596
vt 0.363166 0.057701
vt 0.345906 0.051881
vt 0.357446 0.051881
vt 0.977020 0.506365
vt 0.971200 0.512186
vt 0.971200 0.506365
vt 0.674651 0.311486
vt 0.674651 0.334566
vt 0.674651 0.374907
vt 0.855343 0.455328
vt 0.865948 0.462637
vt 0.854526 0.460989
vt 0.922281 0.954727
vt 0.916461 0.943187
vt 0.922281 0.943187
vt 0.982840 0.541287
vt 0.988560 0.547107
vt 0.982840 0.547107
vt 0.965480 0.040341
vt 0.971200 0.034621
vt 0.965480 0.046161
vt 0.726432 0.972495
vt 0.732152 0.966776
vt 0.726432 0.978215
vt 0.611130 0.271045
vt 0.616950 0.288405
vt 0.611130 0.276865
vt 0.922281 0.949007
vt 0.928102 0.949007
vt 0.922281 0.954727
vt 0.864480 0.701043
vt 0.864480 0.712584
vt 0.858760 0.672143
vt 0.051959 0.870835
vt 0.057679 0.865015
vt 0.057679 0.870835
vt 0.740195 0.080782
vt 0.745915 0.074961
vt 0.757455 0.074961
vt 0.103862 0.934356
vt 0.098042 0.951717
vt 0.098042 0.934356
vt 0.184543 0.779371
vt 0.184543 0.785091
vt 0.178823 0.779371
vt 0.201803 0.940733
vt 0.207523 0.957993
vt 0.201803 0.957993
vt 0.929288 0.354736
vt 0.935008 0.377816
vt 0.929288 0.377816
vt 0.988560 0.203710
vt 0.982840 0.197890
vt 0.988560 0.197890
vt 0.907578 0.137903
vt 0.913298 0.143623
vt 0.913298 0.184064
vt 0.442548 0.917096
vt 0.436728 0.905556
vt 0.448268 0.922816
vt 0.537674 0.978316
vt 0.531954 0.966775
vt 0.537674 0.966775
vt 0.092322 0.911176
vt 0.098042 0.922716
vt 0.086501 0.916996
vt 0.092221 0.605611
vt 0.092221 0.594070
vt 0.784133 0.752924
vt 0.772593 0.747104
vt 0.807213 0.747104
vt 0.571994 0.989956
vt 0.566274 0.995676
vt 0.566274 0.989956
vt 0.571994 0.989956
vt 0.577713 0.995676
vt 0.571994 0.995676
vt 0.240237 0.984136
vt 0.245957 0.989956
vt 0.240237 0.989956
vt 0.994280 0.062919
vt 1.000000 0.057199
vt 1.000000 0.062919
vt 0.245957 0.984136
vt 0.251677 0.989956
vt 1.000000 0.068639
vt 0.978110 0.995676
vt 0.972390 0.989956
vt 0.978110 0.989956
vt 0.240405 0.922816
vt 0.228864 0.934356
vt 0.228864 0.928536
vt 0.577714 0.989956
vt 0.583433 0.995676
vt 0.577714 0.995676
vt 0.214362 0.661503
vt 0.205191 0.670611
vt 0.203414 0.657854
vt 0.023080 0.380627
vt 0.017361 0.351726
vt 0.207624 0.253684
vt 0.213444 0.265224
vt 0.818854 0.937267
vt 0.830394 0.931547
vt 0.830394 0.937267
vt 0.917948 0.227994
vt 0.912228 0.250974
vt 0.912228 0.227994
vt 0.971200 0.207724
vt 0.965480 0.196184
vt 0.971200 0.196184
vt 0.988560 0.151327
vt 0.982840 0.157148
vt 0.982840 0.151327
vt 0.859295 0.935683
vt 0.865014 0.953044
vt 0.859295 0.953044
vt 0.161463 0.743993
vt 0.155743 0.813234
vt 0.155743 0.801694
vt 0.634210 0.899736
vt 0.628390 0.934256
vt 0.971200 0.518006
vt 0.977020 0.523826
vt 0.971200 0.523826
vt 0.783096 0.542190
vt 0.765735 0.559550
vt 0.777276 0.548010
vt 0.965480 0.213544
vt 0.971200 0.207724
vt 0.965480 0.219264
vt 0.870300 0.689503
vt 0.870300 0.701043
vt 0.951081 0.481779
vt 0.956801 0.475959
vt 0.956801 0.481779
vt 0.889304 0.954828
vt 0.883484 0.943287
vt 0.889304 0.943287
vt 0.893381 0.562460
vt 0.893381 0.568281
vt 0.887560 0.568281
vt 0.381805 0.656232
vt 0.381167 0.664439
vt 0.369880 0.651248
vt 0.525030 0.294225
vt 0.530850 0.288405
vt 0.525030 0.299945
vt 0.738173 0.964684
vt 0.743993 0.964684
vt 0.947502 0.966776
vt 0.953322 0.972596
vt 0.947502 0.972596
vt 0.102959 0.984136
vt 0.108679 0.978316
vt 0.108679 0.984136
vt 0.861317 0.080202
vt 0.867137 0.091742
vt 0.680693 0.899986
vt 0.686413 0.888446
vt 0.692233 0.888446
vt 0.403607 0.138382
vt 0.403607 0.184543
vt 0.392066 0.184543
vt 0.634210 0.513389
vt 0.611130 0.490309
vt 0.213344 0.444048
vt 0.201803 0.438328
vt 0.207624 0.432507
vt 0.714993 0.972495
vt 0.714993 0.978215
vt 0.977020 0.488904
vt 0.982740 0.483084
vt 0.982740 0.488904
vt 0.982740 0.494725
vt 0.977020 0.488904
vt 0.982740 0.488904
vt 0.459809 0.917096
vt 0.465629 0.940177
vt 0.459809 0.940177
vt 0.982740 0.506365
vt 0.977020 0.500545
vt 0.982740 0.500545
vt 0.988560 0.115201
vt 0.994280 0.109481
vt 0.994280 0.115201
vt 0.988560 0.120921
vt 0.994280 0.115201
vt 0.994280 0.120921
vt 0.982740 0.419061
vt 0.977020 0.413240
vt 0.982740 0.413240
vt 0.835680 0.729844
vt 0.824139 0.741384
vt 0.829859 0.735564
vt 0.236424 0.484488
vt 0.236424 0.495928
vt 0.359923 0.621863
vt 0.371145 0.634977
vt 0.359296 0.629928
vt 0.982840 0.552927
vt 0.477169 0.899836
vt 0.471449 0.905556
vt 0.471449 0.888296
vt 0.743892 0.895343
vt 0.738072 0.889623
vt 0.743892 0.889623
vt 0.657391 0.940177
vt 0.651571 0.928636
vt 0.663111 0.940177
vt 0.131559 0.972596
vt 0.137278 0.966776
vt 0.131559 0.978316
vt 0.588150 0.928536
vt 0.582430 0.922816
vt 0.588150 0.911276
vt 0.648094 0.126842
vt 0.648094 0.155743
vt 0.930454 0.000000
vt 0.924634 0.040341
vt 0.924634 0.023080
vt 0.960950 0.989956
vt 0.966670 0.984136
vt 0.966670 0.989956
vt 0.982840 0.384139
vt 0.988560 0.389959
vt 0.982840 0.389959
vt 0.977020 0.261913
vt 0.982840 0.261913
vt 0.971200 0.523826
vt 0.977020 0.529647
vt 0.971200 0.529647
vt 0.982840 0.267733
vt 0.892311 0.989956
vt 0.898031 0.984136
vt 0.898031 0.989956
vt 0.899100 0.735564
vt 0.899100 0.718304
vt 0.988560 0.168788
vt 0.982840 0.174608
vt 0.982840 0.168788
vt 0.859295 0.924143
vt 0.865015 0.901063
vt 0.859295 0.935683
vt 0.251677 0.984136
vt 0.257397 0.989956
vt 0.988560 0.005820
vt 0.994280 0.011640
vt 0.988560 0.011640
vt 0.565069 0.940076
vt 0.559349 0.940076
vt 0.559349 0.934356
vt 0.417555 0.984136
vt 0.423275 0.989956
vt 0.417555 0.989956
vt 0.988560 0.017461
vt 0.994280 0.011640
vt 0.994280 0.017461
vt 0.898031 0.989956
vt 0.903751 0.984136
vt 0.903751 0.989956
vt 0.589153 0.989956
vt 0.594873 0.995676
vt 0.589153 0.995676
vt 0.507469 0.951616
vt 0.513188 0.940076
vt 0.513188 0.957437
vt 0.743993 0.918524
vt 0.743993 0.930064
vt 0.738173 0.941604
vt 0.893280 0.487599
vt 0.887560 0.510680
vt 0.887560 0.493319
vt 0.040419 0.870835
vt 0.046139 0.865015
vt 0.393730 0.608122
vt 0.375567 0.631193
vt 0.853474 0.941504
vt 0.859295 0.953044
vt 0.853474 0.953044
vt 0.883484 0.914387
vt 0.877663 0.920207
vt 0.877663 0.897127
vt 0.541989 0.928536
vt 0.553529 0.911276
vt 0.971200 0.080782
vt 0.965480 0.092322
vt 0.965480 0.080782
vt 0.680673 0.978316
vt 0.674953 0.984136
vt 0.674953 0.978316
vt 0.910641 0.551021
vt 0.910641 0.556841
vt 0.904820 0.597181
vt 0.115402 0.916895
vt 0.103862 0.893815
vt 0.109682 0.893815
vt 0.265224 0.915433
vt 0.270944 0.915433
vt 0.276765 0.921254
vt 0.946748 0.256895
vt 0.952569 0.251074
vt 0.946748 0.268435
vt 0.946748 0.239434
vt 0.941029 0.262514
vt 0.965480 0.634712
vt 0.971200 0.640532
vt 0.971200 0.646252
vt 0.069141 0.893915
vt 0.080681 0.888196
vt 0.069141 0.899736
vt 0.977020 0.605310
vt 0.982740 0.599490
vt 0.982740 0.605310
vt 0.994280 0.830195
vt 0.988560 0.824475
vt 0.994280 0.824475
vt 0.251945 0.957437
vt 0.246125 0.945897
vt 0.251945 0.945897
vt 0.645750 0.853675
vt 0.663111 0.853675
vt 0.988560 0.246760
vt 0.994280 0.241040
vt 0.994280 0.246760
vt 0.977020 0.518006
vt 0.982740 0.512185
vt 0.982740 0.518006
vt 0.230704 0.547909
vt 0.213444 0.553730
vt 0.201904 0.553730
vt 0.005820 0.945284
vt 0.011641 0.951104
vt 0.011641 0.956824
vt 0.868537 0.028525
vt 0.860377 0.036685
vt 0.860377 0.020365
vt 0.982740 0.535467
vt 0.977020 0.529646
vt 0.982740 0.529646
vt 0.988560 0.138081
vt 0.994280 0.132361
vt 0.994280 0.138081
vt 0.988560 0.143801
vt 0.994280 0.143801
vt 0.939541 0.625982
vt 0.945261 0.649062
vt 0.939541 0.649062
vt 0.982740 0.547107
vt 0.977020 0.541287
vt 0.982740 0.541287
vt 0.939541 0.741183
vt 0.933721 0.758544
vt 0.933721 0.747003
vt 0.576509 0.813234
vt 0.582330 0.813234
vt 0.593870 0.818954
vt 0.417555 0.966775
vt 0.423275 0.972596
vt 0.423275 0.978316
vt 0.600594 0.972596
vt 0.606313 0.966775
vt 0.600594 0.978316
vt 0.757455 0.028800
vt 0.757455 0.011540
vt 0.763275 0.109582
vt 0.565015 0.715192
vt 0.570735 0.703652
vt 0.570735 0.749813
vt 0.549114 0.966775
vt 0.554834 0.978316
vt 0.549114 0.978316
vt 0.612033 0.978316
vt 0.606313 0.978316
vt 0.938071 0.989956
vt 0.943790 0.984136
vt 0.943790 0.989956
vt 0.940728 0.343195
vt 0.935008 0.371996
vt 0.935008 0.360556
vt 0.074359 0.989956
vt 0.068639 0.989956
vt 0.045759 0.989956
vt 0.051479 0.995676
vt 0.045759 0.995676
vt 0.988560 0.180429
vt 0.982840 0.174608
vt 0.988560 0.174608
vt 0.982840 0.296835
vt 0.977020 0.291014
vt 0.982840 0.291014
vt 0.977020 0.692615
vt 0.971200 0.686795
vt 0.977020 0.686795
vt 0.138483 0.818854
vt 0.144203 0.853474
vt 0.144203 0.865015
vt 0.185056 0.906213
vt 0.190876 0.906213
vt 0.190876 0.917753
vt 0.933721 0.937467
vt 0.927901 0.937467
vt 0.945362 0.458598
vt 0.945362 0.452878
vt 0.951082 0.435618
vt 0.962622 0.897026
vt 0.956801 0.897026
vt 0.962622 0.891306
vt 0.971200 0.919605
vt 0.977020 0.925426
vt 0.971200 0.925426
vt 0.274557 0.984136
vt 0.268837 0.989956
vt 0.268837 0.984136
vt 0.852271 0.984136
vt 0.857991 0.989956
vt 0.852271 0.989956
vt 0.697732 0.960548
vt 0.703552 0.954727
vt 0.697732 0.966267
vt 0.857991 0.989956
vt 0.863711 0.984136
vt 0.863711 0.989956
vt 0.663513 0.966775
vt 0.669233 0.978215
vt 0.663513 0.978215
vt 0.332755 0.673155
vt 0.336876 0.669046
vt 0.349064 0.681268
vt 0.403607 0.121122
vt 0.403607 0.132662
vt 0.397786 0.126842
vt 0.917748 0.314395
vt 0.923468 0.343195
vt 0.923468 0.372096
vt 0.865867 0.274055
vt 0.865867 0.291415
vt 0.860047 0.354836
vt 0.939541 0.896826
vt 0.945261 0.919906
vt 0.939541 0.919906
vt 0.856160 0.449666
vt 0.837542 0.417780
vt 0.703552 0.954727
vt 0.709372 0.960548
vt 0.709372 0.966268
vt 0.374706 0.861706
vt 0.380526 0.861706
vt 0.942098 0.097462
vt 0.936278 0.091742
vt 0.936278 0.080202
vt 0.398870 0.714884
vt 0.424562 0.694866
vt 0.423832 0.700641
vt 0.386246 0.855886
vt 0.962622 0.435618
vt 0.956801 0.447158
vt 0.765735 0.484589
vt 0.765735 0.478769
vt 0.945261 0.879766
vt 0.950981 0.868226
vt 0.950981 0.891306
vt 0.501749 0.299945
vt 0.651571 0.928636
vt 0.645750 0.922917
vt 0.640031 0.911376
vt 0.945261 0.383838
vt 0.950981 0.383838
vt 0.950981 0.401098
vt 0.899201 0.954727
vt 0.905021 0.966268
vt 0.899201 0.966268
vt 0.836114 0.781725
vt 0.847654 0.781725
vt 0.847654 0.787445
vt 0.907274 0.000000
vt 0.901453 0.051981
vt 0.901453 0.028901
vt 0.939541 0.741284
vt 0.945261 0.741284
vt 0.939541 0.752824
vt 0.765735 0.473049
vt 0.771455 0.478769
vt 0.172405 0.871469
vt 0.171346 0.884306
vt 0.168479 0.855628
vt 0.657291 0.940177
vt 0.663011 0.945897
vt 0.663011 0.951717
vt 0.530449 0.374907
vt 0.536169 0.386447
vt 0.530449 0.386447
vt 0.830394 0.781725
vt 0.345906 0.961093
vt 0.351625 0.949552
vt 0.351625 0.961093
vt 0.467394 0.779389
vt 0.478934 0.767849
vt 0.478934 0.779389
vt 0.890117 0.166703
vt 0.895938 0.166703
vt 0.121122 0.640131
vt 0.126942 0.651671
vt 0.121122 0.651671
vt 0.792007 0.208313
vt 0.782288 0.232218
vt 0.779615 0.197801
vt 0.674651 0.813335
vt 0.674651 0.807615
vt 0.559249 0.951616
vt 0.553529 0.957336
vt 0.876555 0.947123
vt 0.870735 0.952944
vt 0.876555 0.935583
vt 0.520514 0.978316
vt 0.526234 0.984136
vt 0.034599 0.876555
vt 0.051959 0.899635
vt 0.034599 0.899635
vt 0.950981 0.706663
vt 0.956801 0.723923
vt 0.950981 0.723923
vt 0.977020 0.622771
vt 0.982740 0.616951
vt 0.982740 0.622771
vt 0.771455 0.461508
vt 0.777276 0.455688
vt 0.777276 0.467228
vt 0.794536 0.467228
vt 0.800256 0.461508
vt 0.800256 0.467228
vt 0.351726 0.862951
vt 0.340186 0.857231
vt 0.334365 0.851410
vt 0.953639 0.057121
vt 0.959459 0.068661
vt 0.953639 0.068661
vt 0.380526 0.821265
vt 0.386246 0.821265
vt 0.386246 0.844345
vt 0.959559 0.120542
vt 0.965380 0.132082
vt 0.959559 0.132082
vt 0.612033 0.989956
vt 0.606313 0.995676
vt 0.606313 0.989956
vt 0.910641 0.597181
vt 0.922181 0.574101
vt 0.922181 0.597181
vt 0.531954 0.978316
vt 0.526234 0.984136
vt 0.526234 0.978316
vt 0.280277 0.984136
vt 0.274557 0.989956
vt 0.801493 0.925827
vt 0.795673 0.931547
vt 0.795673 0.925827
vt 0.772693 0.954727
vt 0.778513 0.966268
vt 0.772693 0.966268
vt 0.565069 0.951616
vt 0.565069 0.945796
vt 0.570789 0.940076
vt 0.982840 0.355038
vt 0.977020 0.349217
vt 0.982840 0.349217
vt 0.965480 0.727033
vt 0.971200 0.738574
vt 0.965480 0.738574
vt 0.977020 0.360858
vt 0.982840 0.355038
vt 0.982840 0.360858
vt 0.299845 0.903994
vt 0.311385 0.909814
vt 0.311385 0.921354
vt 0.903751 0.984136
vt 0.909471 0.989956
vt 0.903751 0.989956
vt 0.617753 0.989956
vt 0.612033 0.995676
vt 0.910741 0.920107
vt 0.899201 0.897026
vt 0.910741 0.897026
vt 0.988560 0.558748
vt 0.982840 0.564568
vt 0.982840 0.558748
vt 0.448268 0.715293
vt 0.442548 0.744093
vt 0.952569 0.268435
vt 0.952569 0.274255
vt 0.946748 0.285795
vt 0.818854 0.954627
vt 0.824674 0.966167
vt 0.818854 0.966167
vt 0.766873 0.966268
vt 0.950981 0.873846
vt 0.956801 0.856586
vt 0.956801 0.862305
vt 0.933721 0.412538
vt 0.939541 0.441439
vt 0.933721 0.441439
vt 0.941994 0.023080
vt 0.947714 0.046161
vt 0.941994 0.046161
vt 0.977020 0.634412
vt 0.982740 0.628591
vt 0.982740 0.634412
vt 0.904821 0.418459
vt 0.910641 0.435719
vt 0.904821 0.429999
vt 0.945261 0.914387
vt 0.950981 0.937467
vt 0.945261 0.937467
vt 0.543394 0.984136
vt 0.537674 0.978316
vt 0.543394 0.978316
vt 0.977020 0.343397
vt 0.971200 0.337577
vt 0.977020 0.337577
vt 0.697833 0.966776
vt 0.703553 0.966776
vt 0.126842 0.934256
vt 0.138382 0.922716
vt 0.138382 0.934256
vt 0.982840 0.058203
vt 0.977020 0.064023
vt 0.977020 0.058203
vt 0.977020 0.064023
vt 0.982840 0.069843
vt 0.977020 0.069843
vt 0.413748 0.955235
vt 0.419468 0.966775
vt 0.413748 0.966775
vt 0.291717 0.989956
vt 0.285997 0.984136
vt 0.291717 0.984136
vt 0.988560 0.069442
vt 0.994280 0.075162
vt 0.988560 0.075162
vt 0.988560 0.080882
vt 0.994280 0.075162
vt 0.994280 0.080882
vt 0.749612 0.918423
vt 0.743893 0.912703
vt 0.743893 0.901163
vt 0.501648 0.940076
vt 0.501648 0.945896
vt 0.495928 0.957437
vt 0.953322 0.966776
vt 0.959143 0.972596
vt 0.953322 0.972596
vt 0.824574 0.752824
vt 0.836114 0.758644
vt 0.824574 0.758644
vt 0.819536 0.398442
vt 0.831077 0.392622
vt 0.836897 0.392622
vt 0.977020 0.977810
vt 0.982740 0.971990
vt 0.982740 0.977810
vt 0.988560 0.192069
vt 0.982840 0.186249
vt 0.988560 0.186249
vt 0.894868 0.325935
vt 0.906408 0.302855
vt 0.906408 0.325935
vt 0.971200 0.023281
vt 0.977020 0.017461
vt 0.977020 0.023281
vt 0.977020 0.698435
vt 0.971200 0.704255
vt 0.971200 0.698435
vt 0.888947 0.354836
vt 0.883227 0.366276
vt 0.877407 0.349016
vt 0.988560 0.778715
vt 0.994280 0.784435
vt 0.988560 0.784435
vt 0.888947 0.377816
vt 0.900487 0.331655
vt 0.900487 0.377816
vt 0.928001 0.620262
vt 0.933821 0.614442
vt 0.933821 0.620262
vt 0.982840 0.564568
vt 0.988560 0.570388
vt 0.982840 0.570388
vt 0.536670 0.288405
vt 0.536670 0.299945
vt 0.108679 0.984136
vt 0.114399 0.978316
vt 0.114399 0.984136
vt 0.114399 0.978316
vt 0.120119 0.984136
vt 0.114399 0.984136
vt 0.930659 0.183963
vt 0.924838 0.160883
vt 0.930659 0.160883
vt 0.161463 0.915290
vt 0.167283 0.938370
vt 0.161463 0.938370
vt 0.737973 0.972596
vt 0.743793 0.966776
vt 0.743793 0.972596
vt 0.881840 0.695223
vt 0.887661 0.735664
vt 0.887661 0.741384
vt 0.686413 0.940327
vt 0.692133 0.951767
vt 0.692133 0.957587
vt 0.005720 0.978316
vt 0.971200 0.029102
vt 0.977020 0.023281
vt 0.977020 0.029102
vt 0.194478 0.966776
vt 0.188758 0.966776
vt 0.392066 0.242244
vt 0.392066 0.230704
vt 0.977020 0.430701
vt 0.982740 0.424881
vt 0.982740 0.430701
vt 0.971200 0.704255
vt 0.977020 0.704255
vt 0.430807 0.885994
vt 0.425088 0.891814
vt 0.413547 0.891814
vt 0.063521 0.922716
vt 0.057701 0.905456
vt 0.069241 0.911176
vt 0.988560 0.183841
vt 0.994280 0.178121
vt 0.994280 0.183841
vt 0.482989 0.905556
vt 0.477269 0.917096
vt 0.471449 0.922816
vt 0.495828 0.893915
vt 0.507368 0.916996
vt 0.495828 0.916996
vt 0.971200 0.582029
vt 0.977020 0.587850
vt 0.971200 0.587850
vt 0.982740 0.442342
vt 0.977020 0.436522
vt 0.982740 0.436522
vt 0.988560 0.195281
vt 0.994280 0.201001
vt 0.988560 0.201001
vt 0.965480 0.011540
vt 0.971200 0.017260
vt 0.971200 0.023080
vt 0.977020 0.448162
vt 0.982740 0.442342
vt 0.982740 0.448162
vt 0.994280 0.206721
vt 0.988560 0.206721
vt 0.988560 0.212441
vt 0.994280 0.206721
vt 0.994280 0.212441
vt 0.962622 0.793064
vt 0.956801 0.798884
vt 0.962622 0.787344
vt 0.982740 0.401600
vt 0.977020 0.395780
vt 0.982740 0.395780
vt 0.977020 0.407420
vt 0.982740 0.401600
vt 0.982740 0.407420
vt 0.617753 0.989956
vt 0.623473 0.995676
vt 0.617753 0.995676
vt 0.311385 0.944434
vt 0.305665 0.921354
vt 0.311385 0.921354
vt 0.778413 0.891306
vt 0.789953 0.914387
vt 0.778413 0.914387
vt 0.988560 0.212441
vt 0.994280 0.218160
vt 0.988560 0.218160
vt 0.939541 0.527840
vt 0.945261 0.504759
vt 0.945261 0.527840
vt 0.977020 0.453983
vt 0.982740 0.453983
vt 0.947919 0.114722
vt 0.953739 0.120442
vt 0.953739 0.131982
vt 0.853474 0.895343
vt 0.865015 0.877982
vt 0.859194 0.895343
vt 0.988560 0.235320
vt 0.994280 0.229600
vt 0.994280 0.235320
vt 0.303156 0.989956
vt 0.297437 0.984136
vt 0.303156 0.984136
vt 0.982740 0.471443
vt 0.977020 0.465623
vt 0.982740 0.465623
vt 0.977020 0.931246
vt 0.971200 0.937066
vt 0.971200 0.931246
vt 0.849777 0.173003
vt 0.838237 0.155743
vt 0.844057 0.155743
vt 0.943791 0.989956
vt 0.949510 0.984136
vt 0.949510 0.989956
vt 0.949510 0.984136
vt 0.955230 0.989956
vt 0.949510 0.989956
vt 0.271045 0.944334
vt 0.265224 0.921254
vt 0.271045 0.921254
vt 0.251945 0.894016
vt 0.263485 0.917096
vt 0.251945 0.917096
vt 0.956801 0.908567
vt 0.956801 0.920107
vt 0.950981 0.925827
vt 0.402107 0.793672
vt 0.402107 0.787952
vt 0.413648 0.822573
vt 0.977020 0.279374
vt 0.982840 0.273553
vt 0.982840 0.279374
vt 0.965480 0.259705
vt 0.971200 0.253885
vt 0.965480 0.265425
vt 0.988560 0.570388
vt 0.982840 0.576209
vt 0.982840 0.570388
vt 0.945261 0.966268
vt 0.951082 0.954727
vt 0.951082 0.966268
vt 0.982840 0.325936
vt 0.977020 0.320116
vt 0.982840 0.320116
vt 0.977020 0.331756
vt 0.955230 0.984136
vt 0.960950 0.989956
vt 0.955230 0.989956
vt 0.436728 0.955335
vt 0.430908 0.961055
vt 0.436728 0.949515
vt 0.915191 0.989956
vt 0.920911 0.984136
vt 0.920911 0.989956
vt 0.926631 0.989956
vt 0.920911 0.989956
vt 0.357446 0.943632
vt 0.351625 0.943632
vt 0.357446 0.937912
vt 0.988560 0.040742
vt 0.994280 0.046562
vt 0.988560 0.046562
vt 0.922281 0.954727
vt 0.928101 0.966268
vt 0.922281 0.966268
vt 0.916461 0.966268
vt 0.922281 0.954727
vt 0.922281 0.966268
vt 0.932351 0.984136
vt 0.932351 0.989956
vt 0.299845 0.880913
vt 0.317105 0.903993
vt 0.299845 0.903993
vt 0.305665 0.944434
vt 0.299845 0.921354
vt 0.236424 0.340286
vt 0.242244 0.340286
vt 0.230704 0.346006
vt 0.933922 0.966268
vt 0.939742 0.954727
vt 0.939742 0.966268
vt 0.927901 0.441439
vt 0.922181 0.447159
vt 0.927901 0.429898
vt 0.471449 0.917096
vt 0.471449 0.940177
vt 0.863711 0.984136
vt 0.869431 0.989956
vt 0.863711 0.989956
vt 0.869431 0.989956
vt 0.875151 0.984136
vt 0.875151 0.989956
vt 0.743893 0.860722
vt 0.732352 0.854902
vt 0.875151 0.984136
vt 0.880871 0.989956
vt 0.875151 0.989956
vt 0.880871 0.989956
vt 0.886591 0.984136
vt 0.886591 0.989956
vt 0.646353 0.966776
vt 0.363166 0.850166
vt 0.363166 0.838625
vt 0.363166 0.827085
vt 0.368986 0.821265
vt 0.374706 0.844345
vt 0.340186 0.920752
vt 0.977020 0.331756
vt 0.732352 0.883803
vt 0.732352 0.872262
vt 0.755433 0.877982
vt 0.938071 0.984136
vt 0.972390 0.984136
vt 0.972390 0.984136
vt 0.918914 0.000000
vt 0.924634 0.051881
vt 0.942199 0.155163
vt 0.988560 0.582029
vt 0.513188 0.893915
vt 0.495828 0.893915
vt 0.495828 0.882375
vt 0.518908 0.876655
vt 0.518908 0.888195
vt 0.495828 0.870835
vt 0.513188 0.870835
vt 0.337476 0.995676
vt 0.982740 0.657693
vt 0.640031 0.259504
vt 0.640031 0.282585
vt 0.634210 0.282585
vt 0.634210 0.294125
vt 0.628490 0.299945
vt 0.616950 0.299945
vt 0.622670 0.276865
vt 0.634210 0.259504
vt 0.628490 0.276865
vt 0.628490 0.271045
vt 0.977020 0.663513
vt 0.952569 0.233714
vt 0.946748 0.233714
vt 0.946748 0.216353
vt 0.952569 0.216353
vt 0.977020 0.669333
vt 0.982740 0.675154
vt 0.988560 0.435518
vt 0.899100 0.758644
vt 0.904820 0.735564
vt 0.910641 0.735564
vt 0.132662 0.945796
vt 0.126842 0.957336
vt 0.374706 0.919307
vt 0.977020 0.040742
vt 0.850947 0.266043
vt 0.856623 0.266753
vt 0.855914 0.272428
vt 0.854482 0.283880
vt 0.853051 0.295331
vt 0.847375 0.294621
vt 0.852379 0.254592
vt 0.850947 0.173003
vt 0.856623 0.173712
vt 0.848794 0.190229
vt 0.843741 0.276772
vt 0.840218 0.258836
vt 0.846653 0.207356
vt 0.196696 0.842792
vt 0.196696 0.871592
vt 0.185156 0.877312
vt 0.179336 0.877312
vt 0.179336 0.871592
vt 0.951082 0.954727
vt 0.945261 0.954727
vt 0.945261 0.937467
vt 0.988560 0.080882
vt 0.051479 0.995676
vt 0.075062 0.265224
vt 0.069241 0.265224
vt 0.040441 0.253684
vt 0.040441 0.247964
vt 0.744175 0.822765
vt 0.760197 0.816345
vt 0.762362 0.821748
vt 0.751649 0.826040
vt 0.753777 0.831350
vt 0.748467 0.833477
vt 0.735628 0.832460
vt 0.746340 0.828168
vt 0.734517 0.845337
vt 0.732352 0.839934
vt 0.750632 0.838880
vt 0.755942 0.836752
vt 0.736645 0.850647
vt 0.744212 0.853885
vt 0.742047 0.848482
vt 0.762362 0.852774
vt 0.757052 0.854902
vt 0.988560 0.663513
vt 0.947714 0.017361
vt 0.953535 0.000000
vt 0.697833 0.984136
vt 0.190876 0.894572
vt 0.185156 0.894572
vt 0.185156 0.900393
vt 0.179336 0.900393
vt 0.179336 0.877312
vt 0.196696 0.888852
vt 0.530449 0.957437
vt 0.530449 0.940076
vt 0.080079 0.995676
vt 0.577714 0.972596
vt 0.583434 0.966776
vt 0.977020 0.244452
vt 0.977020 0.256093
vt 0.994280 0.835915
vt 0.738072 0.724023
vt 0.738072 0.741384
vt 0.994280 0.098042
vt 0.988560 0.441238
vt 0.265224 0.903893
vt 0.265224 0.898073
vt 0.270944 0.898073
vt 0.282485 0.903893
vt 0.276765 0.880813
vt 0.282485 0.880813
vt 0.971200 0.349218
vt 0.554834 0.984136
vt 0.097239 0.966776
vt 0.102959 0.978316
vt 0.310548 0.570631
vt 0.322451 0.537709
vt 0.315232 0.577399
vt 0.005820 0.939564
vt 0.005820 0.933744
vt 0.017360 0.933744
vt 0.017360 0.939564
vt 0.011641 0.945284
vt 0.663111 0.824875
vt 0.657291 0.830695
vt 0.651571 0.819155
vt 0.668831 0.807615
vt 0.680371 0.796074
vt 0.680371 0.830695
vt 0.640031 0.847955
vt 0.640031 0.842135
vt 0.645750 0.842135
vt 0.645750 0.847955
vt 0.651571 0.830695
vt 0.651571 0.842135
vt 0.680371 0.853675
vt 0.185156 0.940834
vt 0.179336 0.940834
vt 0.179336 0.917753
vt 0.952268 0.337476
vt 0.946448 0.354836
vt 0.755433 0.966776
vt 0.982740 0.680974
vt 0.982840 0.680974
vt 0.977020 0.686794
vt 0.813033 0.943087
vt 0.818854 0.920006
vt 0.947818 0.080202
vt 0.942098 0.080202
vt 0.942098 0.057121
vt 0.947818 0.057121
vt 0.865867 0.187553
vt 0.860047 0.187553
vt 0.860047 0.158753
vt 0.865867 0.152932
vt 0.871587 0.152932
vt 0.871587 0.187553
vt 0.877407 0.158753
vt 0.877407 0.164473
vt 0.883127 0.158753
vt 0.988560 0.686794
vt 0.091519 0.995676
vt 0.723055 0.291416
vt 0.211638 0.984136
vt 0.971200 0.355038
vt 0.994280 0.286800
vt 0.988560 0.646052
vt 0.334466 0.943832
vt 0.703553 0.984136
vt 0.224884 0.854332
vt 0.224884 0.865772
vt 0.224884 0.883133
vt 0.207523 0.883133
vt 0.207523 0.871592
vt 0.201803 0.871592
vt 0.219063 0.854332
vt 0.207523 0.848512
vt 0.971200 0.715896
vt 0.988560 0.401600
vt 0.994280 0.343999
vt 0.668831 0.957437
vt 0.343196 0.995676
vt 0.751735 0.282585
vt 0.763275 0.299845
vt 0.866402 0.547192
vt 0.866402 0.553012
vt 0.854862 0.558732
vt 0.831781 0.558732
vt 0.831781 0.553012
vt 0.849042 0.541472
vt 0.860582 0.529931
vt 0.866402 0.529931
vt 0.674551 0.940177
vt 0.000000 0.933643
vt 0.000000 0.922203
vt 0.005820 0.939463
vt 0.000000 0.945183
vt 0.952268 0.314395
vt 0.957988 0.331655
vt 0.246125 0.738273
vt 0.246125 0.721013
vt 0.251945 0.721013
vt 0.246125 0.755633
vt 0.889913 0.040341
vt 0.889913 0.051881
vt 0.878373 0.051881
vt 0.872653 0.046161
vt 0.872653 0.028800
vt 0.884193 0.040341
vt 0.872653 0.000000
vt 0.889913 0.000000
vt 0.889913 0.005720
vt 0.884193 0.028800
vt 0.977020 0.407420
vt 0.223077 0.984136
vt 0.950981 0.706663
vt 0.314596 0.989956
vt 0.971200 0.877056
vt 0.714993 0.984136
vt 0.886591 0.984136
vt 0.224984 0.744750
vt 0.213444 0.779371
vt 0.219264 0.721670
vt 0.988560 0.407420
vt 0.971200 0.226991
vt 0.348916 0.995676
vt 0.994280 0.446958
vt 0.150023 0.761253
vt 0.726433 0.984136
vt 0.971200 0.599490
vt 0.576609 0.818954
vt 0.599690 0.818954
vt 0.599690 0.830494
vt 0.593870 0.830494
vt 0.565069 0.859295
vt 0.593870 0.865115
vt 0.570789 0.865115
vt 0.956802 0.545100
vt 0.240237 0.984136
vt 0.939441 0.400998
vt 0.945261 0.378018
vt 0.761254 0.966776
vt 0.761254 0.966776
vt 0.851947 0.830522
vt 0.854074 0.825212
vt 0.859384 0.827340
vt 0.861548 0.821937
vt 0.856239 0.819810
vt 0.847654 0.841234
vt 0.855091 0.838052
vt 0.852964 0.843362
vt 0.867968 0.836942
vt 0.865804 0.842344
vt 0.877663 0.828394
vt 0.873371 0.839107
vt 0.863676 0.816628
vt 0.874388 0.820920
vt 0.865841 0.811225
vt 0.852964 0.812335
vt 0.847654 0.810208
vt 0.328645 0.909814
vt 0.950981 0.729743
vt 0.956802 0.729743
vt 0.956802 0.747003
vt 0.971200 0.721716
vt 0.161463 0.138382
vt 0.161463 0.103762
vt 0.167283 0.115302
vt 0.178823 0.115302
vt 0.178823 0.121122
vt 0.167283 0.149922
vt 0.178823 0.126842
vt 0.178823 0.132662
vt 0.173003 0.149922
vt 0.982840 0.209530
vt 0.922181 0.845146
vt 0.928001 0.891306
vt 0.674651 0.899836
vt 0.674651 0.888296
vt 0.680471 0.928737
vt 0.674651 0.917197
vt 0.871687 0.216454
vt 0.871687 0.187553
vt 0.877507 0.187553
vt 0.877507 0.199093
vt 0.871687 0.291415
vt 0.877507 0.222174
vt 0.877507 0.343296
vt 0.871687 0.343296
vt 0.877507 0.251074
vt 0.877507 0.320215
vt 0.877507 0.302955
vt 0.877507 0.256794
vt 0.063421 0.801694
vt 0.063421 0.784334
vt 0.069241 0.784334
vt 0.069241 0.790154
vt 0.092322 0.790154
vt 0.092322 0.795874
vt 0.074961 0.818954
vt 0.069241 0.818954
vt 0.086501 0.824775
vt 0.588150 0.893915
vt 0.588150 0.888195
vt 0.588150 0.876655
vt 0.593970 0.865115
vt 0.599690 0.865115
vt 0.599690 0.882375
vt 0.593970 0.911276
vt 0.588150 0.911276
vt 0.910741 0.689403
vt 0.360356 0.995676
vt 0.936379 0.120542
vt 0.865015 0.924143
vt 0.870735 0.924143
vt 0.870735 0.947224
vt 0.945361 0.458598
vt 0.951081 0.481578
vt 0.971200 0.819355
vt 0.907274 0.011540
vt 0.907274 0.000000
vt 0.913094 0.051881
vt 0.907274 0.051881
vt 0.628490 0.749813
vt 0.622670 0.749813
vt 0.622670 0.738273
vt 0.616950 0.738273
vt 0.634210 0.709473
vt 0.634210 0.732453
vt 0.611130 0.732453
vt 0.611130 0.709473
vt 0.971200 0.366678
vt 0.853474 0.941504
vt 0.138382 0.899635
vt 0.144203 0.899635
vt 0.144203 0.934256
vt 0.138382 0.934256
vt 0.524729 0.842035
vt 0.524729 0.818954
vt 0.530449 0.818954
vt 0.530449 0.847855
vt 0.501648 0.859295
vt 0.501648 0.853575
vt 0.495828 0.853575
vt 0.495828 0.830494
vt 0.495828 0.824774
vt 0.501648 0.824774
vt 0.988560 0.698435
vt 0.263117 0.966776
vt 0.245957 0.984136
vt 0.994280 0.298240
vt 0.712724 0.250308
vt 0.724115 0.252156
vt 0.723183 0.257902
vt 0.716522 0.262615
vt 0.988560 0.303960
vt 0.308876 0.978316
vt 0.303157 0.966776
vt 0.971200 0.727537
vt 0.806076 0.438428
vt 0.263585 0.940177
vt 0.314596 0.978316
vt 0.971200 0.238632
vt 0.953839 0.155163
vt 0.320316 0.989956
vt 0.371795 0.995676
vt 0.983830 0.989956
vt 0.939541 0.435518
vt 0.945362 0.447058
vt 0.611130 0.922816
vt 0.611130 0.899736
vt 0.616950 0.899736
vt 0.616950 0.934256
vt 0.611130 0.934256
vt 0.994280 0.005720
vt 0.737872 0.984136
vt 0.251945 0.772894
vt 0.228864 0.755633
vt 0.246125 0.726733
vt 0.749312 0.984136
vt 0.086501 0.945997
vt 0.994280 0.458398
vt 0.971200 0.357747
vt 0.977020 0.605310
vt 0.836114 0.879566
vt 0.841934 0.879566
vt 0.841934 0.896926
vt 0.830394 0.873846
vt 0.836114 0.873846
vt 0.836114 0.908466
vt 0.830394 0.908466
vt 0.263117 0.966776
vt 0.856273 0.408823
vt 0.861935 0.409640
vt 0.866047 0.421893
vt 0.865216 0.427654
vt 0.842372 0.424358
vt 0.843203 0.418597
vt 0.570789 0.296785
vt 0.565069 0.296785
vt 0.559249 0.279525
vt 0.559249 0.256444
vt 0.565069 0.256444
vt 0.565069 0.267985
vt 0.570789 0.267985
vt 0.570789 0.273705
vt 0.582330 0.267985
vt 0.588150 0.267985
vt 0.588150 0.250624
vt 0.593870 0.250624
vt 0.593870 0.256444
vt 0.593870 0.273705
vt 0.588150 0.296785
vt 0.582330 0.296785
vt 0.613473 0.242244
vt 0.613473 0.236424
vt 0.648094 0.242244
vt 0.642374 0.242244
vt 0.642374 0.253784
vt 0.636554 0.259504
vt 0.625014 0.259504
vt 0.625014 0.253784
vt 0.619294 0.253784
vt 0.988560 0.325936
vt 0.102959 0.995676
vt 0.977020 0.611131
vt 0.778715 0.966776
vt 0.263117 0.978316
vt 0.977020 0.710075
vt 0.994280 0.841635
vt 0.988560 0.413240
vt 0.040040 0.978316
vt 0.977020 0.739177
vt 0.114399 0.989956
vt 0.784535 0.966776
vt 0.977020 0.244452
vt 0.513389 0.299945
vt 0.893280 0.383738
vt 0.893280 0.378018
vt 0.899101 0.378018
vt 0.899101 0.510680
vt 0.893280 0.510680
vt 0.893280 0.395278
vt 0.893280 0.493319
vt 0.893280 0.481779
vt 0.893280 0.412638
vt 0.268837 0.984136
vt 0.628490 0.386447
vt 0.611130 0.409527
vt 0.611130 0.380727
vt 0.622670 0.369187
vt 0.357446 0.937912
vt 0.988560 0.704255
vt 0.947818 0.057121
vt 0.953639 0.057121
vt 0.953639 0.074381
vt 0.971200 0.230805
vt 0.023080 0.720913
vt 0.023080 0.726632
vt 0.051881 0.749713
vt 0.051881 0.761253
vt 0.023080 0.761253
vt 0.977020 0.616951
vt 0.755032 0.984136
vt 0.807314 0.937367
vt 0.801493 0.937367
vt 0.801493 0.914287
vt 0.446155 0.984136
vt 0.977020 0.616951
vt 0.772192 0.984136
vt 0.977020 0.250273
vt 0.686393 0.995676
vt 0.285997 0.984136
vt 0.994280 0.915994
vt 0.988560 0.226991
vt 0.916461 0.747104
vt 0.922181 0.747104
vt 0.922181 0.764464
vt 0.922181 0.804805
vt 0.971200 0.115402
vt 0.720314 0.555998
vt 0.715585 0.562561
vt 0.708923 0.557847
vt 0.790355 0.966776
vt 0.988560 0.710075
vt 0.977020 0.756638
vt 0.383235 0.989956
vt 0.351625 0.949552
vt 0.345906 0.949552
vt 0.345906 0.926472
vt 0.340085 0.000000
vt 0.357446 0.000000
vt 0.357446 0.005720
vt 0.363166 0.005720
vt 0.363166 0.017260
vt 0.363166 0.023080
vt 0.363166 0.034621
vt 0.357446 0.034621
vt 0.345906 0.005720
vt 0.340085 0.005720
vt 0.351625 0.028800
vt 0.345906 0.017260
vt 0.205918 0.984136
vt 0.069241 0.524729
vt 0.069241 0.530549
vt 0.051981 0.536269
vt 0.513188 0.663211
vt 0.045759 0.978316
vt 0.982740 0.564568
vt 0.657793 0.966776
vt 0.927901 0.435618
vt 0.927901 0.418358
vt 0.933721 0.447159
vt 0.971200 0.346207
vt 0.808582 0.519523
vt 0.806076 0.508258
vt 0.811757 0.506995
vt 0.814263 0.518260
vt 0.812351 0.536470
vt 0.822352 0.528283
vt 0.916361 0.447159
vt 0.406115 0.995676
vt 0.577714 0.984136
vt 0.988560 0.795875
vt 0.971200 0.519310
vt 0.144303 0.766973
vt 0.115402 0.784334
vt 0.109682 0.772793
vt 0.109682 0.766973
vt 0.103862 0.766973
vt 0.103862 0.761253
vt 0.150023 0.761253
vt 0.150023 0.766973
vt 0.109682 0.761253
vt 0.115402 0.761253
vt 0.115402 0.766973
vt 0.138483 0.761253
vt 0.144303 0.761253
vt 0.121222 0.766973
vt 0.390501 0.730288
vt 0.396221 0.787989
vt 0.396221 0.811070
vt 0.725032 0.246510
vt 0.706047 0.255121
vt 0.706979 0.249376
vt 0.701333 0.248459
vt 0.704098 0.231422
vt 0.733442 0.230389
vt 0.730678 0.247427
vt 0.698353 0.230490
vt 0.702050 0.207707
vt 0.734375 0.224644
vt 0.726880 0.235119
vt 0.728729 0.223728
vt 0.705014 0.225776
vt 0.710660 0.226692
vt 0.709744 0.232338
vt 0.696404 0.206791
vt 0.695272 0.177430
vt 0.699901 0.148903
vt 0.694255 0.147987
vt 0.697936 0.125303
vt 0.703582 0.126220
vt 0.704514 0.120474
vt 0.698868 0.119558
vt 0.709643 0.197249
vt 0.707795 0.208640
vt 0.729661 0.001849
vt 0.728729 0.007594
vt 0.734375 0.008510
vt 0.731610 0.025547
vt 0.725964 0.024631
vt 0.704814 0.190670
vt 0.710559 0.191602
vt 0.716721 0.081587
vt 0.722367 0.082503
vt 0.720519 0.093894
vt 0.714257 0.168820
vt 0.713340 0.174466
vt 0.707595 0.173534
vt 0.708511 0.167888
vt 0.726264 0.094827
vt 0.721651 0.123255
vt 0.715905 0.122323
vt 0.714057 0.133714
vt 0.708411 0.132798
vt 0.709444 0.162143
vt 0.553529 0.922816
vt 0.553529 0.916996
vt 0.553529 0.911276
vt 0.559349 0.911276
vt 0.565069 0.916996
vt 0.559349 0.928536
vt 0.040441 0.524729
vt 0.028901 0.530549
vt 0.023080 0.530549
vt 0.028901 0.501749
vt 0.028901 0.513189
vt 0.292524 0.379783
vt 0.299743 0.340093
vt 0.315232 0.383913
vt 0.289418 0.396863
vt 0.279661 0.418548
vt 0.283790 0.395840
vt 0.314665 0.418998
vt 0.307447 0.458688
vt 0.275549 0.441157
vt 0.265224 0.497927
vt 0.274507 0.446883
vt 0.272917 0.487596
vt 0.270852 0.498950
vt 0.281176 0.442180
vt 0.274982 0.476242
vt 0.273940 0.481969
vt 0.301820 0.457664
vt 0.300778 0.463391
vt 0.295052 0.462349
vt 0.290466 0.455599
vt 0.295619 0.427264
vt 0.301246 0.428287
vt 0.303311 0.416933
vt 0.285288 0.419571
vt 0.283223 0.430925
vt 0.288395 0.402491
vt 0.298707 0.410282
vt 0.000000 0.778513
vt 0.000000 0.767073
vt 0.988560 0.733357
vt 0.417555 0.995676
vt 0.419368 0.909074
vt 0.419368 0.903354
vt 0.425087 0.903354
vt 0.425087 0.914895
vt 0.425087 0.937975
vt 0.419368 0.937975
vt 0.423275 0.989956
vt 0.971200 0.634412
vt 0.789352 0.984136
vt 0.308483 0.581985
vt 0.302855 0.580961
vt 0.301814 0.586688
vt 0.290460 0.584623
vt 0.317766 0.530941
vt 0.291969 0.543793
vt 0.300784 0.527853
vt 0.307435 0.523249
vt 0.318789 0.525314
vt 0.889148 0.245154
vt 0.889148 0.204813
vt 0.889148 0.199093
vt 0.889148 0.187553
vt 0.894868 0.187553
vt 0.889148 0.279774
vt 0.889148 0.325935
vt 0.889148 0.297135
vt 0.894868 0.256694
vt 0.894868 0.325935
vt 0.894868 0.250974
vt 0.894868 0.199093
vt 0.051479 0.978316
vt 0.789352 0.989956
vt 0.988560 0.469838
vt 0.971200 0.261913
vt 0.297437 0.984136
vt 0.428995 0.995676
vt 0.801996 0.966776
vt 0.977020 0.576209
vt 0.400395 0.966775
vt 0.406115 0.978316
vt 0.766873 0.914387
vt 0.772693 0.914387
vt 0.766873 0.937467
vt 0.501648 0.865115
vt 0.524729 0.865115
vt 0.518908 0.865115
vt 0.513189 0.870835
vt 0.507368 0.870835
vt 0.484754 0.767849
vt 0.299845 0.955975
vt 0.125839 0.984136
vt 0.982840 0.739177
vt 0.841934 0.908466
vt 0.495828 0.743993
vt 0.495828 0.720912
vt 0.501648 0.720912
vt 0.501648 0.772793
vt 0.507368 0.772793
vt 0.507368 0.790154
vt 0.495828 0.749813
vt 0.495828 0.772793
vt 0.501648 0.801694
vt 0.495828 0.801694
vt 0.507368 0.813234
vt 0.501648 0.813234
vt 0.524729 0.801694
vt 0.524729 0.807414
vt 0.530449 0.726733
vt 0.530449 0.795874
vt 0.513189 0.778614
vt 0.518908 0.778614
vt 0.518908 0.784334
vt 0.530449 0.709372
vt 0.524729 0.772793
vt 0.524729 0.709372
vt 0.945261 0.798985
vt 0.950981 0.798985
vt 0.950981 0.804805
vt 0.945261 0.822065
vt 0.251677 0.966775
vt 0.844057 0.074381
vt 0.861317 0.057121
vt 0.861317 0.074381
vt 0.849777 0.103282
vt 0.855597 0.114822
vt 0.855597 0.120542
vt 0.849777 0.120542
vt 0.849777 0.137903
vt 0.849777 0.143623
vt 0.844057 0.126363
vt 0.844057 0.103282
vt 0.337476 0.978316
vt 0.331756 0.966776
vt 0.959559 0.080202
vt 0.939541 0.625982
vt 0.459808 0.945897
vt 0.150023 0.813134
vt 0.150023 0.784233
vt 0.150023 0.772793
vt 0.155743 0.726632
vt 0.155743 0.755433
vt 0.155743 0.778513
vt 0.155743 0.813134
vt 0.442548 0.934356
vt 0.448268 0.934356
vt 0.448268 0.945897
vt 0.436728 0.940177
vt 0.541989 0.276865
vt 0.541989 0.265325
vt 0.536169 0.265325
vt 0.536169 0.247964
vt 0.541989 0.236424
vt 0.541989 0.242244
vt 0.559249 0.288405
vt 0.547709 0.288405
vt 0.559249 0.224884
vt 0.541989 0.224884
vt 0.547709 0.242244
vt 0.982840 0.174608
vt 0.536169 0.842035
vt 0.530449 0.842035
vt 0.530449 0.818954
vt 0.536169 0.818954
vt 0.536169 0.824774
vt 0.536169 0.830494
vt 0.559249 0.865115
vt 0.536169 0.865115
vt 0.536169 0.836315
vt 0.541989 0.836315
vt 0.553529 0.836315
vt 0.559249 0.836315
vt 0.559249 0.824774
vt 0.565069 0.824774
vt 0.565069 0.847855
vt 0.988560 0.424881
vt 0.507368 0.703652
vt 0.507368 0.686292
vt 0.501648 0.686292
vt 0.501648 0.617151
vt 0.495828 0.617151
vt 0.495828 0.513289
vt 0.501648 0.513289
vt 0.501648 0.582530
vt 0.501648 0.588250
vt 0.513188 0.703652
vt 0.501648 0.599790
vt 0.507368 0.599790
vt 0.507368 0.628691
vt 0.507368 0.640231
vt 0.513188 0.709372
vt 0.524729 0.709372
vt 0.530449 0.692112
vt 0.530449 0.703652
vt 0.524729 0.703652
vt 0.513188 0.669032
vt 0.518908 0.669032
vt 0.518908 0.680572
vt 0.524729 0.680572
vt 0.524729 0.663211
vt 0.530449 0.663211
vt 0.536269 0.663211
vt 0.536269 0.692112
vt 0.530449 0.611331
vt 0.536269 0.611331
vt 0.541989 0.640231
vt 0.541989 0.663211
vt 0.536269 0.640231
vt 0.536269 0.634411
vt 0.541989 0.634411
vt 0.536269 0.530649
vt 0.536269 0.513289
vt 0.536269 0.542190
vt 0.536269 0.553629
vt 0.536269 0.588250
vt 0.115503 0.939976
vt 0.858760 0.574101
vt 0.847220 0.574101
vt 0.847220 0.568281
vt 0.847220 0.562561
vt 0.864480 0.562561
vt 0.870300 0.620262
vt 0.864480 0.620262
vt 0.864480 0.625982
vt 0.847220 0.625982
vt 0.847220 0.620262
vt 0.847220 0.608722
vt 0.858760 0.608722
vt 0.864480 0.579821
vt 0.858760 0.579821
vt 0.858760 0.602901
vt 0.864480 0.585641
vt 0.977020 0.634412
vt 0.982840 0.756638
vt 0.977020 0.267733
vt 0.308876 0.984136
vt 0.702445 0.301794
vt 0.713836 0.299945
vt 0.716617 0.317082
vt 0.718466 0.328473
vt 0.720298 0.339765
vt 0.725844 0.373939
vt 0.698648 0.314101
vt 0.697732 0.308455
vt 0.703378 0.307539
vt 0.700496 0.325493
vt 0.706142 0.324576
vt 0.726776 0.379684
vt 0.727692 0.385330
vt 0.729541 0.396721
vt 0.723895 0.397637
vt 0.710756 0.353005
vt 0.711587 0.393840
vt 0.709739 0.382449
vt 0.715385 0.381532
vt 0.710456 0.423201
vt 0.705842 0.394772
vt 0.727592 0.420420
vt 0.728524 0.426165
vt 0.732205 0.448848
vt 0.716201 0.422268
vt 0.723695 0.432743
vt 0.718049 0.433659
vt 0.728309 0.461172
vt 0.726460 0.449781
vt 0.723595 0.467833
vt 0.722663 0.462088
vt 0.718766 0.474411
vt 0.717850 0.468765
vt 0.724511 0.473479
vt 0.727092 0.525721
vt 0.721547 0.491548
vt 0.727292 0.490616
vt 0.736835 0.477376
vt 0.731089 0.478308
vt 0.722362 0.532284
vt 0.721446 0.526638
vt 0.734787 0.501090
vt 0.729140 0.502007
vt 0.730057 0.507653
vt 0.733754 0.530435
vt 0.728009 0.531368
vt 0.730773 0.548405
vt 0.726060 0.555066
vt 0.701429 0.547372
vt 0.698664 0.530335
vt 0.697732 0.524590
vt 0.703378 0.523673
vt 0.034621 0.467128
vt 0.034621 0.478668
vt 0.028901 0.478668
vt 0.023080 0.467128
vt 0.023080 0.455588
vt 0.017361 0.455588
vt 0.959355 0.000000
vt 0.589154 0.984136
vt 0.982840 0.244452
vt 0.765735 0.547909
vt 0.806512 0.984136
vt 0.971200 0.450069
vt 0.657291 0.478769
vt 0.657291 0.467228
vt 0.663111 0.467228
vt 0.674651 0.490309
vt 0.876020 0.620262
vt 0.971200 0.750818
vt 0.495828 0.916996
vt 0.501648 0.928536
vt 0.994280 0.921714
vt 0.812232 0.978316
vt 0.994280 0.469838
vt 0.965480 0.923217
vt 0.971200 0.923217
vt 0.971200 0.934757
vt 0.423275 0.966775
vt 0.988560 0.756638
vt 0.962622 0.464519
vt 0.440435 0.989956
vt 0.883484 0.966268
vt 0.889304 0.954828
vt 0.988560 0.481278
vt 0.616950 0.657491
vt 0.962622 0.389558
vt 0.317105 0.892453
vt 0.317105 0.880913
vt 0.322925 0.880913
vt 0.322925 0.927074
vt 0.317105 0.927074
vt 0.841934 0.954627
vt 0.836214 0.954627
vt 0.836214 0.937267
vt 0.766873 0.689503
vt 0.766873 0.649062
vt 0.772693 0.649062
vt 0.772693 0.643342
vt 0.778413 0.643342
vt 0.766873 0.735564
vt 0.766873 0.729844
vt 0.778413 0.585641
vt 0.772693 0.585641
vt 0.772693 0.568381
vt 0.778413 0.568381
vt 0.789953 0.562561
vt 0.789953 0.602901
vt 0.784233 0.602901
vt 0.784233 0.614442
vt 0.789953 0.614442
vt 0.789953 0.649062
vt 0.784233 0.649062
vt 0.784233 0.735564
vt 0.778413 0.735564
vt 0.778413 0.747104
vt 0.772693 0.747104
vt 0.772693 0.735564
vt 0.275444 0.570163
vt 0.280147 0.576832
vt 0.663111 0.501849
vt 0.962622 0.614341
vt 0.137278 0.995676
vt 0.634210 0.651771
vt 0.622670 0.657491
vt 0.622670 0.651771
vt 0.640031 0.622871
vt 0.640031 0.628691
vt 0.616950 0.599891
vt 0.616950 0.651771
vt 0.605410 0.651771
vt 0.605410 0.576810
vt 0.622670 0.588350
vt 0.622670 0.594070
vt 0.616950 0.594070
vt 0.616950 0.588350
vt 0.611130 0.576810
vt 0.611130 0.565270
vt 0.622670 0.576810
vt 0.622670 0.582530
vt 0.616950 0.582530
vt 0.611130 0.553730
vt 0.628490 0.565270
vt 0.634210 0.570990
vt 0.640031 0.576810
vt 0.628490 0.594070
vt 0.190363 0.542190
vt 0.190363 0.536369
vt 0.201904 0.536369
vt 0.236524 0.536369
vt 0.230704 0.519109
vt 0.230704 0.513289
vt 0.224984 0.524829
vt 0.224984 0.519109
vt 0.219164 0.524829
vt 0.213444 0.536369
vt 0.213444 0.530649
vt 0.870300 0.597181
vt 0.988560 0.424881
vt 0.994280 0.921714
vt 0.824139 0.585641
vt 0.818319 0.597181
vt 0.812599 0.631802
vt 0.829859 0.603002
vt 0.829859 0.608722
vt 0.818319 0.614542
vt 0.812599 0.706763
vt 0.829859 0.637522
vt 0.824139 0.706763
vt 0.818319 0.689503
vt 0.829859 0.677963
vt 0.835680 0.677963
vt 0.971200 0.473149
vt 0.411835 0.966775
vt 0.142998 0.989956
vt 0.928001 0.741484
vt 0.280277 0.966775
vt 0.951082 0.424078
vt 0.951082 0.418358
vt 0.956801 0.412538
vt 0.956801 0.418358
vt 0.956801 0.429898
vt 0.347436 0.625020
vt 0.336148 0.611830
vt 0.328645 0.603062
vt 0.333068 0.599277
vt 0.336852 0.603700
vt 0.341198 0.599981
vt 0.333695 0.591213
vt 0.338117 0.587428
vt 0.352420 0.613095
vt 0.345620 0.596196
vt 0.356842 0.609311
vt 0.342463 0.583709
vt 0.349966 0.592478
vt 0.343101 0.575503
vt 0.346885 0.579925
vt 0.351869 0.568000
vt 0.360637 0.560497
vt 0.356215 0.564281
vt 0.352496 0.559935
vt 0.368767 0.561200
vt 0.364421 0.564919
vt 0.339382 0.571157
vt 0.335598 0.566735
vt 0.334960 0.574941
vt 0.334333 0.583006
vt 0.294025 0.846192
vt 0.299845 0.846192
vt 0.299845 0.863553
vt 0.294025 0.892353
vt 0.288305 0.892353
vt 0.288305 0.857732
vt 0.959559 0.114722
vt 0.953739 0.126262
vt 0.988560 0.779919
vt 0.988560 0.337577
vt 0.994280 0.933154
vt 0.883484 0.874046
vt 0.877663 0.874046
vt 0.883484 0.804805
vt 0.883484 0.833706
vt 0.883484 0.839426
vt 0.883484 0.868226
vt 0.889204 0.862506
vt 0.889204 0.868226
vt 0.397786 0.011540
vt 0.397786 0.034621
vt 0.386246 0.023080
vt 0.933821 0.447159
vt 0.051959 0.945796
vt 0.051959 0.951617
vt 0.046139 0.951617
vt 0.046139 0.934256
vt 0.051959 0.934256
vt 0.051881 0.784233
vt 0.046161 0.784233
vt 0.046161 0.778513
vt 0.063421 0.824674
vt 0.057701 0.830394
vt 0.046161 0.830394
vt 0.046161 0.818854
vt 0.051881 0.818854
vt 0.977020 0.535467
vt 0.956802 0.476059
vt 0.962622 0.476059
vt 0.962622 0.487599
vt 0.328271 0.524829
vt 0.328271 0.530649
vt 0.328271 0.582530
vt 0.392066 0.144203
vt 0.380526 0.144203
vt 0.380526 0.138382
vt 0.374706 0.138382
vt 0.374706 0.121122
vt 0.374706 0.109582
vt 0.374706 0.098042
vt 0.397786 0.155743
vt 0.392066 0.155743
vt 0.397786 0.092322
vt 0.397786 0.086501
vt 0.409327 0.086501
vt 0.409327 0.103762
vt 0.844057 0.057121
vt 0.838337 0.005820
vt 0.844057 0.005820
vt 0.844057 0.017361
vt 0.832517 0.017361
vt 0.826797 0.000000
vt 0.838337 0.000000
vt 0.820976 0.034621
vt 0.820976 0.005820
vt 0.826797 0.005820
vt 0.826797 0.034621
vt 0.832517 0.023080
vt 0.844057 0.023080
vt 0.844057 0.063421
vt 0.838337 0.063421
vt 0.838337 0.051981
vt 0.820976 0.040441
vt 0.826797 0.040441
vt 0.820976 0.074961
vt 0.832517 0.063421
vt 0.887560 0.562561
vt 0.876555 0.912503
vt 0.953535 0.023080
vt 0.959355 0.034621
vt 0.994280 0.498438
vt 0.490108 0.299945
vt 0.791092 0.631651
vt 0.795660 0.562561
vt 0.807176 0.563322
vt 0.806791 0.569130
vt 0.812499 0.569507
vt 0.812122 0.575215
vt 0.789953 0.648874
vt 0.790714 0.637359
vt 0.811360 0.586730
vt 0.805653 0.586352
vt 0.812222 0.661912
vt 0.794515 0.666574
vt 0.806791 0.655820
vt 0.812599 0.656204
vt 0.807553 0.644305
vt 0.807176 0.650013
vt 0.802991 0.626605
vt 0.988560 0.791559
vt 0.457595 0.995676
vt 0.051981 0.467128
vt 0.051981 0.461308
vt 0.063521 0.461308
vt 0.063521 0.467128
vt 0.057701 0.472848
vt 0.057701 0.478668
vt 0.040441 0.386346
vt 0.040441 0.420967
vt 0.034621 0.432507
vt 0.017361 0.415147
vt 0.490026 0.571090
vt 0.490026 0.548010
vt 0.495745 0.548010
vt 0.495745 0.571090
vt 0.490026 0.588350
vt 0.495745 0.594171
vt 0.490026 0.640332
vt 0.495745 0.622971
vt 0.495745 0.738373
vt 0.490026 0.738373
vt 0.495745 0.640332
vt 0.495745 0.726833
vt 0.495745 0.715293
vt 0.495745 0.663412
vt 0.495745 0.680672
vt 0.495745 0.703753
vt 0.057701 0.363266
vt 0.057701 0.340186
vt 0.080782 0.351726
vt 0.080782 0.357546
vt 0.605410 0.273705
vt 0.593870 0.296785
vt 0.953535 0.011540
vt 0.959355 0.023080
vt 0.977020 0.186249
vt 0.343196 0.989956
vt 0.150023 0.934256
vt 0.150023 0.899635
vt 0.855597 0.173003
vt 0.849777 0.173003
vt 0.849777 0.144102
vt 0.855597 0.144102
vt 0.778413 0.562561
vt 0.468582 0.571830
vt 0.467394 0.554611
vt 0.473100 0.554217
vt 0.472699 0.548411
vt 0.478506 0.548010
vt 0.480890 0.582548
vt 0.481284 0.588255
vt 0.481685 0.594061
vt 0.474289 0.571436
vt 0.482079 0.599768
vt 0.482479 0.605574
vt 0.484069 0.628600
vt 0.486052 0.657332
vt 0.474690 0.577243
vt 0.477861 0.623194
vt 0.475477 0.588655
vt 0.473351 0.640907
vt 0.472556 0.629394
vt 0.478262 0.629000
vt 0.486847 0.668844
vt 0.468339 0.652821
vt 0.467544 0.641308
vt 0.469928 0.675846
vt 0.488035 0.686064
vt 0.490026 0.714896
vt 0.475735 0.675446
vt 0.477718 0.704178
vt 0.473100 0.721798
vt 0.472706 0.716091
vt 0.467795 0.727998
vt 0.467394 0.722191
vt 0.482085 0.767448
vt 0.476279 0.767849
vt 0.473501 0.727604
vt 0.484613 0.721003
vt 0.485408 0.732516
vt 0.484219 0.715297
vt 0.829392 0.978316
vt 0.994280 0.498438
vt 0.959559 0.097462
vt 0.977020 0.838122
vt 0.982840 0.803200
vt 0.965480 0.484689
vt 0.988560 0.803200
vt 0.463314 0.989956
vt 0.890218 0.068661
vt 0.890218 0.057121
vt 0.895938 0.057121
vt 0.884397 0.126262
vt 0.884397 0.114722
vt 0.884397 0.103182
vt 0.890218 0.103182
vt 0.890218 0.074381
vt 0.817952 0.984136
vt 0.634210 0.444148
vt 0.628490 0.432608
vt 0.611130 0.299945
vt 0.611130 0.449868
vt 0.616950 0.438328
vt 0.616950 0.449868
vt 0.616950 0.421067
vt 0.977020 0.762458
vt 0.956802 0.579620
vt 0.956802 0.596880
vt 0.950981 0.596880
vt 0.558120 0.537109
vt 0.553108 0.525196
vt 0.559709 0.514084
vt 0.565015 0.520284
vt 0.807816 0.966776
vt 0.881740 0.533760
vt 0.887560 0.533760
vt 0.887560 0.545301
vt 0.881740 0.539480
vt 0.876020 0.539480
vt 0.881740 0.562561
vt 0.876020 0.562561
vt 0.881740 0.556841
vt 0.240405 0.951817
vt 0.570789 0.749813
vt 0.570789 0.778614
vt 0.565069 0.778614
vt 0.565069 0.801694
vt 0.559249 0.801694
vt 0.559249 0.813234
vt 0.553529 0.818954
vt 0.547709 0.818954
vt 0.547709 0.813234
vt 0.536169 0.813234
vt 0.536169 0.795974
vt 0.565069 0.772894
vt 0.565069 0.749813
vt 0.559249 0.772894
vt 0.536169 0.790154
vt 0.530449 0.767073
vt 0.536169 0.767073
vt 0.530449 0.795974
vt 0.288305 0.805852
vt 0.294125 0.788491
vt 0.299845 0.794311
vt 0.593870 0.250624
vt 0.977020 0.785739
vt 0.161463 0.892209
vt 0.167283 0.892209
vt 0.167283 0.897929
vt 0.173003 0.897929
vt 0.173003 0.903750
vt 0.173003 0.915290
vt 0.161463 0.915290
vt 0.173003 0.909469
vt 0.348916 0.989956
vt 0.360356 0.989956
vt 0.583434 0.989956
vt 0.950981 0.614341
vt 0.956801 0.631601
vt 0.893381 0.620162
vt 0.887560 0.620162
vt 0.893381 0.574001
vt 0.899100 0.585541
vt 0.899100 0.608621
vt 0.910741 0.902947
vt 0.910741 0.885587
vt 0.916461 0.926027
vt 0.910741 0.926027
vt 0.148718 0.995676
vt 0.994280 0.515598
vt 0.988560 0.813035
vt 0.594874 0.978316
vt 0.977020 0.942886
vt 0.994280 0.933154
vt 0.005820 0.374806
vt 0.005820 0.363266
vt 0.011540 0.363266
vt 0.017361 0.363266
vt 0.017361 0.374806
vt 0.005820 0.340186
vt 0.005820 0.334466
vt 0.694255 0.276865
vt 0.357446 0.092322
vt 0.363166 0.092322
vt 0.351625 0.080782
vt 0.345906 0.092322
vt 0.357446 0.109582
vt 0.357446 0.115302
vt 0.910741 0.850966
vt 0.910741 0.839426
vt 0.916461 0.822165
vt 0.916461 0.856686
vt 0.916461 0.862506
vt 0.916461 0.874046
vt 0.910741 0.856686
vt 0.910741 0.862506
vt 0.910741 0.874046
vt 0.074961 0.836315
vt 0.069241 0.836315
vt 0.092322 0.842035
vt 0.074961 0.842035
vt 0.098042 0.830494
vt 0.092322 0.830494
vt 0.103862 0.784334
vt 0.103862 0.795874
vt 0.098042 0.784334
vt 0.952569 0.268435
vt 0.958289 0.285695
vt 0.861317 0.103282
vt 0.861317 0.097562
vt 0.872857 0.091742
vt 0.668931 0.692212
vt 0.674651 0.686392
vt 0.950981 0.562360
vt 0.524628 0.357546
vt 0.541989 0.346006
vt 0.524628 0.397987
vt 0.518908 0.392167
vt 0.518908 0.369086
vt 0.988560 0.436522
vt 0.939541 0.793064
vt 0.994280 0.361159
vt 0.063521 0.386346
vt 0.063521 0.397887
vt 0.051981 0.397887
vt 0.051981 0.392167
vt 0.051981 0.374806
vt 0.051981 0.363266
vt 0.069241 0.374806
vt 0.069241 0.380627
vt 0.075062 0.357546
vt 0.448268 0.934457
vt 0.453988 0.951817
vt 0.800389 0.242387
vt 0.802176 0.265398
vt 0.796473 0.265841
vt 0.790670 0.266291
vt 0.791121 0.272094
vt 0.785418 0.272537
vt 0.797709 0.207870
vt 0.799947 0.236684
vt 0.792900 0.219819
vt 0.787990 0.231775
vt 0.787548 0.226072
vt 0.786754 0.289745
vt 0.775249 0.290639
vt 0.774355 0.279133
vt 0.772569 0.256122
vt 0.778271 0.255679
vt 0.770782 0.233111
vt 0.770339 0.227408
vt 0.769446 0.215902
vt 0.768995 0.210100
vt 0.774255 0.203954
vt 0.780058 0.203504
vt 0.663111 0.397987
vt 0.657291 0.397987
vt 0.657291 0.374907
vt 0.663111 0.369187
vt 0.663111 0.357646
vt 0.668831 0.357646
vt 0.657291 0.432608
vt 0.668831 0.363366
vt 0.668831 0.374907
vt 0.674651 0.386447
vt 0.715092 0.931647
vt 0.613473 0.046161
vt 0.320316 0.978316
vt 0.536169 0.432507
vt 0.541989 0.432507
vt 0.541989 0.490208
vt 0.536169 0.490208
vt 0.536169 0.513289
vt 0.530449 0.513289
vt 0.541989 0.380627
vt 0.541989 0.403707
vt 0.530449 0.507569
vt 0.524628 0.507569
vt 0.518908 0.461408
vt 0.518908 0.444048
vt 0.524628 0.444048
vt 0.547709 0.357546
vt 0.547709 0.380627
vt 0.814660 0.179295
vt 0.820375 0.179531
vt 0.819662 0.196777
vt 0.813947 0.196540
vt 0.809085 0.173239
vt 0.814900 0.173480
vt 0.802176 0.201879
vt 0.802893 0.184533
vt 0.808608 0.184770
vt 0.807891 0.202115
vt 0.807419 0.213545
vt 0.813234 0.213786
vt 0.812757 0.225316
vt 0.812281 0.236846
vt 0.811564 0.254192
vt 0.817279 0.254428
vt 0.817043 0.260143
vt 0.806942 0.225076
vt 0.802176 0.340379
vt 0.805512 0.259667
vt 0.807991 0.340620
vt 0.822858 0.260384
vt 0.822141 0.277730
vt 0.821905 0.283445
vt 0.815372 0.300550
vt 0.813947 0.335041
vt 0.819522 0.341096
vt 0.819285 0.346811
vt 0.812994 0.358101
vt 0.807278 0.357865
vt 0.813470 0.346571
vt 0.613473 0.011540
vt 0.613473 0.000000
vt 0.619294 0.000000
vt 0.619294 0.034621
vt 0.613473 0.017260
vt 0.625014 0.040341
vt 0.630834 0.040341
vt 0.945362 0.683583
vt 0.994280 0.858795
vt 0.988560 0.436522
vt 0.994280 0.944594
vt 0.807213 0.758644
vt 0.813033 0.799085
vt 0.813033 0.810525
vt 0.795673 0.804805
vt 0.692113 0.978215
vt 0.888947 0.366276
vt 0.888947 0.377816
vt 0.883227 0.377816
vt 0.871687 0.372096
vt 0.282485 0.955774
vt 0.276765 0.938414
vt 0.075062 0.934356
vt 0.434715 0.966775
vt 0.634210 0.524829
vt 0.611130 0.513389
vt 0.895938 0.114822
vt 0.895938 0.057121
vt 0.901758 0.057121
vt 0.901758 0.062941
vt 0.895938 0.126362
vt 0.901758 0.114822
vt 0.901758 0.166703
vt 0.895938 0.166703
vt 0.901758 0.120643
vt 0.901758 0.149443
vt 0.357446 0.901946
vt 0.374706 0.896226
vt 0.541989 0.317205
vt 0.541989 0.305665
vt 0.553529 0.305665
vt 0.553529 0.299945
vt 0.570789 0.299945
vt 0.570789 0.305665
vt 0.565069 0.305665
vt 0.565069 0.317205
vt 0.559249 0.317205
vt 0.559249 0.323026
vt 0.553529 0.323026
vt 0.553529 0.328746
vt 0.547709 0.328746
vt 0.547709 0.334466
vt 0.541989 0.334466
vt 0.518908 0.328746
vt 0.513088 0.328746
vt 0.513088 0.323026
vt 0.507368 0.323026
vt 0.495828 0.317205
vt 0.495828 0.299945
vt 0.513088 0.299945
vt 0.513088 0.305665
vt 0.518908 0.305665
vt 0.518908 0.311486
vt 0.524628 0.311486
vt 0.524628 0.317205
vt 0.530449 0.317205
vt 0.536169 0.323026
vt 0.536169 0.317205
vt 0.190263 0.785091
vt 0.195983 0.785091
vt 0.195983 0.790811
vt 0.201803 0.790811
vt 0.201803 0.836972
vt 0.195983 0.836972
vt 0.195983 0.842792
vt 0.161463 0.842792
vt 0.161463 0.836972
vt 0.167183 0.836972
vt 0.167183 0.831252
vt 0.190263 0.831252
vt 0.190263 0.825431
vt 0.190263 0.802351
vt 0.190263 0.796631
vt 0.167183 0.796631
vt 0.167183 0.790811
vt 0.173003 0.790811
vt 0.173003 0.785091
vt 0.230704 0.138382
vt 0.230704 0.132662
vt 0.230704 0.115302
vt 0.236524 0.115302
vt 0.230704 0.178723
vt 0.236524 0.178723
vt 0.236524 0.086501
vt 0.242244 0.086501
vt 0.242244 0.219164
vt 0.247964 0.103762
vt 0.247964 0.173003
vt 0.454089 0.709473
vt 0.448268 0.703753
vt 0.448268 0.698033
vt 0.436728 0.680672
vt 0.436728 0.669132
vt 0.442548 0.669132
vt 0.442548 0.663412
vt 0.465629 0.663412
vt 0.442548 0.761454
vt 0.448268 0.761454
vt 0.465629 0.755633
vt 0.459809 0.778714
vt 0.454089 0.778714
vt 0.454089 0.784534
vt 0.912028 0.325835
vt 0.912028 0.314395
vt 0.917748 0.314395
vt 0.917748 0.337375
vt 0.917748 0.348915
vt 0.917748 0.354736
vt 0.917748 0.377816
vt 0.912028 0.377816
vt 0.086501 0.207624
vt 0.092221 0.236424
vt 0.945261 0.845146
vt 0.939541 0.845146
vt 0.945261 0.822065
vt 0.916461 0.574101
vt 0.922281 0.562561
vt 0.763275 0.161463
vt 0.763275 0.190363
vt 0.768995 0.190363
vt 0.768995 0.207624
vt 0.763275 0.207624
vt 0.763275 0.230704
vt 0.740195 0.173003
vt 0.734375 0.207624
vt 0.734375 0.190363
vt 0.740195 0.190363
vt 0.988560 0.820661
vt 0.910641 0.516400
vt 0.910641 0.510680
vt 0.916461 0.510680
vt 0.916461 0.516400
vt 0.910641 0.533660
vt 0.916461 0.556740
vt 0.910641 0.545200
vt 0.916461 0.574101
vt 0.910641 0.574101
vt 0.988560 0.448162
vt 0.988560 0.515598
vt 0.994280 0.372599
vt 0.322451 0.344223
vt 0.300766 0.334466
vt 0.312120 0.336531
vt 0.317748 0.337554
vt 0.923668 0.268234
vt 0.923668 0.250974
vt 0.929488 0.227894
vt 0.929488 0.239434
vt 0.929488 0.250974
vt 0.923668 0.268234
vt 0.929488 0.308575
vt 0.863711 0.984136
vt 0.945361 0.447159
vt 0.131558 0.978316
vt 0.994280 0.532758
vt 0.131558 0.978316
vt 0.331756 0.984136
vt 0.085799 0.972495
vt 0.091519 0.966775
vt 0.513088 0.161463
vt 0.513088 0.149922
vt 0.513088 0.132562
vt 0.518909 0.132562
vt 0.518909 0.190263
vt 0.513088 0.190263
vt 0.513088 0.184543
vt 0.518909 0.103762
vt 0.513088 0.103762
vt 0.513088 0.080681
vt 0.518909 0.213344
vt 0.518909 0.207624
vt 0.518909 0.201803
vt 0.507368 0.080681
vt 0.507368 0.057601
vt 0.513088 0.057601
vt 0.513088 0.051881
vt 0.513088 0.040341
vt 0.524628 0.213344
vt 0.530449 0.178723
vt 0.530449 0.207624
vt 0.524628 0.207624
vt 0.513088 0.034520
vt 0.507368 0.034520
vt 0.507368 0.028800
vt 0.501548 0.028800
vt 0.501548 0.023080
vt 0.495828 0.023080
vt 0.495828 0.017260
vt 0.490008 0.017260
vt 0.490008 0.005720
vt 0.484288 0.005720
vt 0.484288 -0.000000
vt 0.490008 -0.000000
vt 0.495828 -0.000000
vt 0.501548 -0.000000
vt 0.501548 0.005720
vt 0.507368 0.005720
vt 0.513088 0.005720
vt 0.513088 0.017260
vt 0.518909 0.017260
vt 0.518909 0.023080
vt 0.524628 0.023080
vt 0.524628 0.017260
vt 0.530449 0.017260
vt 0.530449 0.011540
vt 0.536169 0.011540
vt 0.536169 0.005720
vt 0.541989 0.005720
vt 0.541989 -0.000000
vt 0.559249 -0.000000
vt 0.559249 0.017260
vt 0.547709 0.017260
vt 0.547709 0.023080
vt 0.541989 0.023080
vt 0.541989 0.028800
vt 0.536169 0.028800
vt 0.524628 0.028800
vt 0.524628 0.034520
vt 0.536169 0.034520
vt 0.536169 0.046061
vt 0.536169 0.051881
vt 0.536169 0.069141
vt 0.530449 0.069141
vt 0.530449 0.057601
vt 0.530449 0.173003
vt 0.536169 0.149922
vt 0.536169 0.161463
vt 0.524628 0.069141
vt 0.536169 0.144102
vt 0.530449 0.103762
vt 0.530449 0.144102
vt 0.524628 0.086501
vt 0.536169 0.080681
vt 0.536169 0.092221
vt 0.982840 0.832301
vt 0.994280 0.555637
vt 0.977020 0.186249
vt 0.971200 0.651873
vt 0.971200 0.838122
vt 0.982840 0.186249
vt 0.988560 0.849762
vt 0.977020 0.197890
vt 0.977020 0.843942
vt 0.982840 0.861403
vt 0.988560 0.873043
vt 0.971200 0.849762
vt 0.988560 0.878863
vt 0.480474 0.995676
vt 0.988560 0.567077
vt 0.289904 0.555147
vt 0.284733 0.583581
vt 0.270858 0.563413
vt 0.929488 0.199093
vt 0.929488 0.187553
vt 0.935208 0.187553
vt 0.935208 0.193373
vt 0.929488 0.204813
vt 0.935208 0.199093
vt 0.929488 0.210633
vt 0.935208 0.204813
vt 0.929488 0.216353
vt 0.935208 0.227894
vt 0.929488 0.227894
vt 0.612033 0.984136
vt 0.869431 0.984136
vt 0.977020 0.541287
vt 0.046161 0.299845
vt 0.046161 0.305665
vt 0.040441 0.305665
vt 0.040441 0.299845
vt 0.034621 0.299845
vt 0.034621 0.288305
vt 0.051981 0.294125
vt 0.051981 0.299845
vt 0.057701 0.294125
vt 0.046161 0.276765
vt 0.028901 0.288305
vt 0.046161 0.271045
vt 0.017361 0.288305
vt 0.017361 0.299845
vt 0.023080 0.299845
vt 0.023080 0.305665
vt 0.028901 0.305665
vt 0.005820 0.317105
vt 0.005820 0.299845
vt -0.000000 0.299845
vt -0.000000 0.282585
vt 0.005820 0.282585
vt 0.005820 0.253684
vt 0.011540 0.271045
vt 0.017361 0.271045
vt 0.017361 0.265224
vt 0.046161 0.265224
vt 0.046161 0.253684
vt 0.075062 0.236424
vt 0.057701 0.271045
vt 0.080782 0.271045
vt 0.057701 0.178723
vt 0.051981 0.224884
vt 0.051981 0.213344
vt 0.063521 0.196083
vt 0.875151 0.984136
vt 0.886591 0.984136
vt 0.959559 0.080202
vt 0.982840 0.902144
vt 0.988560 0.448162
vt 0.988560 0.572797
vt 0.171598 0.989956
vt 0.971200 0.279374
vt 0.953739 0.097462
vt 0.959559 0.097462
vt 0.959559 0.109002
vt 0.971200 0.861403
vt 0.982840 0.913785
vt 0.354636 0.984136
vt 0.080782 0.282585
vt 0.086501 0.282585
vt 0.086501 0.305665
vt 0.080782 0.305665
vt 0.080782 0.334466
vt 0.069241 0.334466
vt 0.057701 0.276765
vt 0.069241 0.288305
vt 0.075062 0.288305
vt 0.051981 0.340186
vt 0.075062 0.294125
vt 0.051981 0.322925
vt 0.057701 0.322925
vt 0.057701 0.311385
vt 0.063521 0.305665
vt 0.892311 0.984136
vt 0.971200 0.530850
vt 0.977020 0.774099
vt 0.994280 0.950314
vt 0.988560 0.589957
vt 0.929488 0.268234
vt 0.935208 0.268234
vt 0.935208 0.279774
vt 0.935208 0.308575
vt 0.640031 0.265224
vt 0.640031 0.259504
vt 0.645851 0.259504
vt 0.651571 0.282585
vt 0.651571 0.299845
vt 0.640031 0.271045
vt 0.640031 0.299845
vt 0.971200 0.577011
vt 0.965480 0.588551
vt 0.593870 0.940076
vt 0.599590 0.940076
vt 0.593870 0.957336
vt 0.623473 0.978316
vt 0.251945 0.940177
vt 0.847654 0.918423
vt 0.847654 0.901063
vt 0.859194 0.901063
vt 0.859194 0.918423
vt 0.144203 0.899635
vt 0.150023 0.899635
vt 0.150023 0.911176
vt 0.150023 0.934256
vt 0.636554 0.207624
vt 0.291717 0.966776
vt 0.224984 0.570990
vt 0.224984 0.565270
vt 0.230704 0.565270
vt 0.242244 0.565270
vt 0.230704 0.582530
vt 0.230704 0.576810
vt 0.236524 0.588350
vt 0.463315 0.966776
vt 0.200198 0.978316
vt 0.622770 0.945796
vt 0.864914 0.854902
vt 0.853374 0.866442
vt 0.847654 0.860622
vt 0.853374 0.843362
vt 0.219164 0.582530
vt 0.835680 0.689503
vt 0.322451 0.374806
vt 0.322451 0.363266
vt 0.322451 0.340286
vt 0.322451 0.334466
vt 0.328271 0.334466
vt 0.328271 0.351726
vt 0.328271 0.374806
vt 0.328271 0.409427
vt 0.322451 0.415247
vt 0.322451 0.392167
vt 0.328271 0.415247
vt 0.328271 0.420967
vt 0.328271 0.455588
vt 0.322451 0.484388
vt 0.322451 0.438328
vt 0.917948 0.279875
vt 0.917948 0.245254
vt 0.923668 0.245254
vt 0.923668 0.302855
vt 0.917948 0.302855
vt 0.518908 0.253784
vt 0.530449 0.253784
vt 0.524628 0.259504
vt 0.224984 0.599891
vt 0.224984 0.605611
vt 0.207624 0.605611
vt 0.835680 0.706663
vt 0.835680 0.672143
vt 0.835680 0.666322
vt 0.835680 0.562561
vt 0.841500 0.562561
vt 0.841500 0.568281
vt 0.835680 0.718203
vt 0.835680 0.712483
vt 0.841500 0.585541
vt 0.841500 0.591361
vt 0.841500 0.608621
vt 0.841500 0.718203
vt 0.841500 0.747104
vt 0.847220 0.677863
vt 0.847220 0.695123
vt 0.841500 0.695123
vt 0.841500 0.614442
vt 0.841500 0.631702
vt 0.841500 0.677863
vt 0.841500 0.649062
vt 0.841500 0.666322
vt 0.813033 0.873846
vt 0.818854 0.873846
vt 0.818854 0.879566
vt 0.824574 0.879566
vt 0.813033 0.885386
vt 0.830394 0.896926
vt 0.818854 0.896926
vt 0.830394 0.885386
vt 0.755332 0.941604
vt 0.755332 0.947324
vt 0.749612 0.924244
vt 0.368986 0.219164
vt 0.910641 0.752824
vt 0.910641 0.712383
vt 0.910641 0.689403
vt 0.916461 0.735463
vt 0.965175 0.023080
vt 0.959355 0.011540
vt 0.245957 0.966776
vt 0.357446 0.184543
vt 0.363166 0.184543
vt 0.374706 0.196083
vt 0.374706 0.190363
vt 0.380526 0.190363
vt 0.351625 0.184543
vt 0.380526 0.196083
vt 0.345906 0.184543
vt 0.380526 0.207624
vt 0.345906 0.190363
vt 0.363166 0.219164
vt 0.351625 0.224884
vt 0.345906 0.224884
vt 0.345906 0.213344
vt 0.334365 0.196083
vt 0.861317 0.097462
vt 0.285997 0.966776
vt 0.680693 0.846390
vt 0.691312 0.842135
vt 0.693439 0.847444
vt 0.688130 0.849572
vt 0.681710 0.864577
vt 0.687113 0.862412
vt 0.690257 0.854882
vt 0.695567 0.852754
vt 0.697732 0.858157
vt 0.682820 0.882726
vt 0.680693 0.877416
vt 0.696714 0.870996
vt 0.691405 0.873124
vt 0.693532 0.878434
vt 0.994280 0.961754
vt 0.219164 0.617151
vt 0.340085 0.196083
vt 0.268837 0.966775
vt 0.971200 0.173103
vt 0.958289 0.233714
vt 0.740195 0.121122
vt 0.740195 0.086501
vt 0.757455 0.098042
vt 0.763275 0.115402
vt 0.745915 0.121122
vt 0.062919 0.966775
vt 0.982840 0.931246
vt 0.988560 0.973194
vt 0.780536 0.000000
vt 0.792076 0.000000
vt 0.792076 0.103862
vt 0.768995 0.098042
vt 0.768995 0.092322
vt 0.774816 0.092322
vt 0.774816 0.080782
vt 0.774816 0.023080
vt 0.774816 0.005820
vt 0.780536 0.023080
vt 0.340186 0.955272
vt 0.115503 0.916895
vt 0.121323 0.916895
vt 0.121323 0.939976
vt 0.795037 0.173453
vt 0.800840 0.173003
vt 0.802176 0.190211
vt 0.797267 0.202167
vt 0.785318 0.197358
vt 0.784868 0.191555
vt 0.789777 0.179599
vt 0.977020 0.867223
vt 0.947919 0.131982
vt 0.953739 0.149242
vt 0.982840 0.937066
vt 0.196083 0.328746
vt 0.213444 0.299845
vt 0.219164 0.317205
vt 0.213444 0.334466
vt 0.201904 0.334466
vt 0.965480 0.611631
vt 0.953739 0.131982
vt 0.959559 0.143522
vt 0.188758 0.995676
vt 0.928101 0.458699
vt 0.928101 0.447159
vt 0.933821 0.487499
vt 0.928101 0.481779
vt 0.988560 0.459803
vt 0.994280 0.384039
vt 0.988560 0.942886
vt 0.901758 0.166803
vt 0.901758 0.132183
vt 0.907578 0.132183
vt 0.907578 0.184164
vt 0.901758 0.184164
vt 0.793649 0.129795
vt 0.792076 0.124296
vt 0.803171 0.121122
vt 0.810340 0.125021
vt 0.799245 0.128195
vt 0.800846 0.133790
vt 0.807166 0.155884
vt 0.803992 0.144789
vt 0.809491 0.143216
vt 0.797671 0.164654
vt 0.796071 0.159058
vt 0.793649 0.171754
vt 0.792076 0.166255
vt 0.808767 0.161480
vt 0.810340 0.166979
vt 0.799245 0.170153
vt 0.812665 0.154311
vt 0.814266 0.159907
vt 0.196083 0.288305
vt 0.190363 0.317205
vt 0.895024 0.943288
vt 0.883484 0.931747
vt 0.392066 0.884686
vt 0.392066 0.896226
vt 0.386246 0.896226
vt 0.374706 0.890506
vt 0.374706 0.884686
vt 0.380526 0.873146
vt 0.386246 0.873146
vt 0.933821 0.504759
vt 0.939541 0.533560
vt 0.340085 0.167283
vt 0.028901 0.242144
vt 0.034621 0.247964
vt 0.962622 0.556640
vt 0.371796 0.978316
vt 0.777276 0.357646
vt 0.777276 0.299945
vt 0.788816 0.299945
vt 0.788816 0.305766
vt 0.777276 0.369187
vt 0.788816 0.346106
vt 0.794536 0.346106
vt 0.794536 0.351927
vt 0.771455 0.380727
vt 0.771455 0.375007
vt 0.777276 0.375007
vt 0.788816 0.363467
vt 0.794536 0.363467
vt 0.794536 0.375007
vt 0.800356 0.375007
vt 0.800356 0.380727
vt 0.800356 0.386547
vt 0.800356 0.392267
vt 0.794536 0.392267
vt 0.765735 0.386547
vt 0.765735 0.380727
vt 0.771455 0.386547
vt 0.777276 0.392267
vt 0.771455 0.392267
vt 0.777276 0.397987
vt 0.777276 0.426888
vt 0.777276 0.403807
vt 0.788816 0.403807
vt 0.788816 0.426888
vt 0.988560 0.459803
vt 0.334365 0.144203
vt 0.334365 0.121122
vt 0.345906 0.167283
vt 0.962622 0.527940
vt 0.870300 0.562561
vt 0.870300 0.522220
vt 0.876020 0.378018
vt 0.876020 0.464519
vt 0.876020 0.470339
vt 0.876020 0.562561
vt 0.876020 0.556841
vt 0.876020 0.481880
vt 0.876020 0.493420
vt 0.876020 0.510680
vt 0.876020 0.545301
vt 0.876020 0.533760
vt 0.711515 0.268335
vt 0.694255 0.268335
vt 0.694255 0.262615
vt 0.717335 0.262615
vt 0.717335 0.268335
vt 0.728876 0.268335
vt 0.711515 0.279876
vt 0.717335 0.297236
vt 0.694255 0.297236
vt 0.694255 0.291416
vt 0.700075 0.291416
vt 0.711515 0.285696
vt 0.962622 0.504860
vt 0.200198 0.989956
vt 0.942199 0.120542
vt 0.947919 0.120542
vt 0.947919 0.143623
vt 0.380526 0.178823
vt 0.386246 0.178823
vt 0.386246 0.167283
vt 0.386246 0.161463
vt 0.380526 0.161463
vt 0.392066 0.167283
vt 0.403607 0.201904
vt 0.403607 0.196083
vt 0.409327 0.173003
vt 0.409327 0.224884
vt 0.368986 0.236424
vt 0.363166 0.236424
vt 0.363166 0.224884
vt 0.386246 0.242244
vt 0.374706 0.259504
vt 0.363166 0.259504
vt 0.357446 0.265325
vt 0.351625 0.271045
vt 0.345906 0.271045
vt 0.345906 0.259504
vt 0.345906 0.253784
vt 0.345906 0.247964
vt 0.351625 0.247964
vt 0.351625 0.242244
vt 0.357446 0.242244
vt 0.357446 0.253784
vt 0.363166 0.247964
vt 0.051881 0.715092
vt 0.034621 0.726632
vt 0.005720 0.715092
vt 0.057701 0.767073
vt 0.057701 0.778513
vt 0.051881 0.767073
vt 0.034621 0.720913
vt 0.034621 0.772793
vt 0.051981 0.167183
vt 0.952268 0.337476
vt 0.957988 0.354736
vt 0.565015 0.680572
vt 0.565015 0.669032
vt 0.565015 0.645951
vt 0.565015 0.628691
vt 0.565015 0.605611
vt 0.565015 0.692112
vt 0.565015 0.588250
vt 0.565015 0.559450
vt 0.565015 0.513289
vt 0.570734 0.513289
vt 0.570734 0.594070
vt 0.570734 0.622871
vt 0.570734 0.703652
vt 0.565015 0.703652
vt 0.778513 0.954727
vt 0.589154 0.966776
vt 0.589154 0.978316
vt 0.982840 0.197890
vt 0.363166 0.155743
vt 0.357446 0.155743
vt 0.340085 0.086501
vt 0.345906 0.086501
vt 0.051981 0.126842
vt 0.051981 0.115302
vt 0.063521 0.121022
vt 0.988560 0.960347
vt 0.923668 0.187553
vt 0.929488 0.227894
vt 0.956801 0.556640
vt 0.962622 0.556640
vt 0.962622 0.568180
vt 0.971200 0.426988
vt 0.965480 0.703953
vt 0.971200 0.703953
vt 0.971200 0.715493
vt 0.945261 0.672143
vt 0.939541 0.672143
vt 0.939541 0.649062
vt 0.933821 0.706663
vt 0.928001 0.706663
vt 0.928001 0.666322
vt 0.098042 0.945796
vt 0.092221 0.945796
vt 0.086501 0.939976
vt 0.098042 0.934256
vt 0.946548 0.360556
vt 0.368986 0.936567
vt 0.374706 0.936567
vt 0.374706 0.953927
vt 0.740195 0.040341
vt 0.745915 0.000000
vt 0.751735 0.000000
vt 0.611130 0.957336
vt 0.409327 0.253784
vt 0.374706 0.276865
vt 0.374706 0.271045
vt 0.913298 0.143623
vt 0.913298 0.120542
vt 0.919118 0.178243
vt 0.536169 0.894016
vt 0.541989 0.894016
vt 0.541989 0.911276
vt 0.536169 0.911276
vt 0.530449 0.911276
vt 0.530449 0.888195
vt 0.530449 0.865115
vt 0.536169 0.865115
vt 0.812329 0.430074
vt 0.806076 0.401961
vt 0.831781 0.490718
vt 0.828606 0.503247
vt 0.823022 0.504489
vt 0.828034 0.527019
vt 0.817341 0.505753
vt 0.816099 0.500169
vt 0.821780 0.498906
vt 0.819275 0.487641
vt 0.814835 0.441339
vt 0.817341 0.452604
vt 0.818583 0.458187
vt 0.017361 0.000000
vt 0.028901 0.000000
vt 0.028901 0.011440
vt 0.034621 0.011440
vt 0.017361 0.028800
vt 0.017361 0.022980
vt 0.023080 0.069141
vt 0.017361 0.069141
vt 0.028901 0.080681
vt 0.023080 0.080681
vt 0.034621 0.086501
vt 0.040441 0.069141
vt 0.034621 0.074961
vt 0.023080 0.017260
vt 0.040441 0.034520
vt 0.040441 0.051881
vt 0.749612 0.666423
vt 0.755332 0.643342
vt 0.755332 0.683683
vt 0.761153 0.683683
vt 0.738072 0.729844
vt 0.738072 0.701043
vt 0.743792 0.701043
vt 0.766873 0.724124
vt 0.755332 0.741384
vt 0.743792 0.741384
vt 0.761153 0.735664
vt 0.755332 0.735664
vt 0.345906 0.328846
vt 0.345906 0.323026
vt 0.351625 0.311486
vt 0.357446 0.311486
vt 0.357446 0.299945
vt 0.363166 0.299945
vt 0.363166 0.305766
vt 0.368986 0.305766
vt 0.357446 0.328846
vt 0.374706 0.311486
vt 0.374706 0.317306
vt 0.363166 0.328846
vt 0.368986 0.323026
vt 0.363166 0.323026
vt 0.154438 0.978316
vt 0.080782 0.449768
vt 0.080782 0.444048
vt 0.080782 0.369086
vt 0.086501 0.369086
vt 0.086501 0.444048
vt 0.086501 0.461308
vt 0.541989 0.928536
vt 0.005820 0.126842
vt 0.005820 0.092221
vt 0.017361 0.092221
vt 0.977020 0.541287
vt 0.069241 0.766973
vt 0.069241 0.772793
vt 0.063521 0.772793
vt 0.063521 0.766973
vt 0.057701 0.766973
vt 0.063521 0.761253
vt 0.069241 0.761253
vt 0.063521 0.715092
vt 0.069241 0.715092
vt 0.069241 0.720812
vt 0.069241 0.726632
vt 0.063521 0.738173
vt 0.971200 0.380827
vt 0.813033 0.891206
vt 0.795673 0.891206
vt 0.795673 0.885486
vt 0.789953 0.885486
vt 0.789953 0.879666
vt 0.795673 0.862406
vt 0.977020 0.279374
vt 0.800256 0.444148
vt 0.806076 0.444148
vt 0.806076 0.449968
vt 0.806076 0.455688
vt 0.800256 0.455688
vt 0.800256 0.496029
vt 0.777276 0.496029
vt 0.777276 0.501849
vt 0.777276 0.507569
vt 0.771455 0.536470
vt 0.765735 0.536470
vt 0.765735 0.530649
vt 0.788816 0.438428
vt 0.800256 0.438428
vt 0.777276 0.444148
vt 0.788816 0.444148
vt 0.771455 0.473049
vt 0.765735 0.467228
vt 0.778513 0.943187
vt 0.778513 0.937467
vt 0.784333 0.937467
vt 0.784333 0.954727
vt 0.778513 0.954727
vt 0.371796 0.978316
vt 0.994280 0.607117
vt 0.945261 0.775904
vt 0.201904 0.196083
vt 0.207624 0.196083
vt 0.207624 0.184543
vt 0.207624 0.173003
vt 0.213444 0.173003
vt 0.213444 0.247964
vt 0.196083 0.282585
vt 0.909471 0.978316
vt 0.148718 0.966776
vt 0.383236 0.978316
vt 0.486194 0.995676
vt 0.877663 0.966268
vt 0.917948 0.199093
vt 0.917948 0.187553
vt 0.923668 0.245254
vt 0.917948 0.245254
vt 0.917948 0.210633
vt 0.982840 0.477264
vt 0.977020 0.558748
vt 0.200198 0.995676
vt 0.870735 0.866442
vt 0.870735 0.872162
vt 0.864914 0.877982
vt 0.859194 0.877982
vt 0.853374 0.872162
vt 0.086501 0.928636
vt 0.419368 0.909175
vt 0.419368 0.920715
vt 0.407827 0.909175
vt 0.413648 0.903355
vt 0.242244 0.224884
vt 0.895633 0.046161
vt 0.889913 0.046161
vt 0.889913 0.034621
vt 0.895633 0.040341
vt 0.901453 0.040341
vt 0.895633 0.005720
vt 0.901453 0.005720
vt 0.889913 0.000000
vt 0.895633 0.000000
vt 0.889913 0.011540
vt 0.818854 0.954627
vt 0.813034 0.943087
vt 0.294025 0.903893
vt 0.288305 0.903893
vt 0.288305 0.898073
vt 0.294025 0.898073
vt 0.294025 0.892353
vt 0.288305 0.915433
vt 0.288305 0.909613
vt 0.915191 0.984136
vt 0.374706 0.034621
vt 0.374706 0.028800
vt 0.380526 0.028800
vt 0.380526 0.034621
vt 0.386246 0.057701
vt 0.386246 0.063421
vt 0.392066 0.063421
vt 0.386246 0.092322
vt 0.224984 0.207624
vt 0.542491 0.288405
vt 0.548311 0.299945
vt 0.926631 0.978316
vt 0.296648 0.486098
vt 0.304341 0.475768
vt 0.386246 0.461408
vt 0.380526 0.461408
vt 0.368986 0.455688
vt 0.374706 0.455688
vt 0.374706 0.438428
vt 0.386246 0.455688
vt 0.397786 0.426888
vt 0.397786 0.409527
vt 0.403607 0.409527
vt 0.403607 0.403807
vt 0.415147 0.403807
vt 0.409327 0.490309
vt 0.397786 0.536470
vt 0.397786 0.548010
vt 0.392066 0.548010
vt 0.392066 0.513389
vt 0.397786 0.524929
vt 0.397786 0.513389
vt 0.397786 0.455688
vt 0.403607 0.472948
vt 0.377516 0.978316
vt 0.371796 0.966776
vt 0.419368 0.845653
vt 0.419368 0.839833
vt 0.425088 0.839833
vt 0.425088 0.845653
vt 0.430908 0.845653
vt 0.419368 0.851373
vt 0.436628 0.851373
vt 0.436628 0.857194
vt 0.419368 0.874454
vt 0.436628 0.868734
vt 0.436628 0.874454
vt 0.430908 0.880274
vt 0.425088 0.880274
vt 0.425088 0.885994
vt 0.419368 0.885994
vt 0.988560 0.971987
vt 0.491914 0.989956
vt 0.282485 0.961594
vt 0.288305 0.950054
vt 0.904820 0.453079
vt 0.910641 0.453079
vt 0.910641 0.464619
vt 0.910641 0.516500
vt 0.910641 0.522321
vt 0.184543 0.224884
vt 0.167283 0.213344
vt 0.173003 0.196083
vt 0.924634 0.051881
vt 0.932351 0.978316
vt 0.645751 0.940177
vt 0.651470 0.951717
vt 0.607753 0.161463
vt 0.607753 0.126842
vt 0.613473 0.126842
vt 0.613473 0.115302
vt 0.607753 0.115302
vt 0.607753 0.074961
vt 0.613473 0.161463
vt 0.648094 0.201904
vt 0.642374 0.196083
vt 0.613473 0.074961
vt 0.613473 0.086501
vt 0.613473 0.103862
vt 0.619294 0.103862
vt 0.619294 0.115302
vt 0.619294 0.126842
vt 0.619294 0.167283
vt 0.625014 0.167283
vt 0.625014 0.190363
vt 0.630834 0.190363
vt 0.630834 0.184543
vt 0.636554 0.161463
vt 0.642374 0.161463
vt 0.636554 0.173003
vt 0.910741 0.758644
vt 0.916461 0.758644
vt 0.916461 0.770184
vt 0.916461 0.822166
vt 0.910741 0.822166
vt 0.916461 0.804805
vt 0.051981 0.547809
vt 0.051981 0.553630
vt 0.034621 0.553630
vt 0.034621 0.547809
vt 0.028901 0.547809
vt 0.028901 0.542089
vt 0.057701 0.542089
vt 0.057701 0.547809
vt 0.063521 0.536269
vt 0.063521 0.542089
vt 0.069241 0.536269
vt 0.023080 0.542089
vt 0.069241 0.507469
vt 0.040441 0.467128
vt 0.040441 0.472848
vt 0.040441 0.490208
vt 0.046161 0.490208
vt 0.046161 0.478668
vt 0.057701 0.495928
vt 0.063521 0.495928
vt 0.824574 0.896926
vt 0.830394 0.896926
vt 0.830394 0.908466
vt 0.830394 0.931547
vt 0.965480 0.023080
vt 0.971200 0.034621
vt 0.167183 0.351826
vt 0.161463 0.351826
vt 0.161463 0.334466
vt 0.190263 0.334466
vt 0.196083 0.340286
vt 0.196083 0.346006
vt 0.201803 0.346006
vt 0.207624 0.357546
vt 0.207624 0.363366
vt 0.207624 0.380626
vt 0.207624 0.409427
vt 0.167183 0.340286
vt 0.190263 0.346006
vt 0.178723 0.346006
vt 0.178723 0.340286
vt 0.219164 0.397887
vt 0.219164 0.432507
vt 0.201803 0.432507
vt 0.201803 0.363366
vt 0.190263 0.351826
vt 0.196083 0.363366
vt 0.828678 0.178823
vt 0.822858 0.178823
vt 0.822858 0.173003
vt 0.834398 0.196083
vt 0.840218 0.196083
vt 0.840218 0.230704
vt 0.834398 0.230704
vt 0.834398 0.173003
vt 0.828678 0.207624
vt 0.828678 0.213444
vt 0.828678 0.224984
vt 0.834398 0.236424
vt 0.840218 0.236424
vt 0.840218 0.242244
vt 0.828678 0.247964
vt 0.834398 0.317205
vt 0.828678 0.317205
vt 0.828678 0.311486
vt 0.822858 0.299945
vt 0.822858 0.288405
vt 0.907578 0.062841
vt 0.907578 0.057121
vt 0.913298 0.057121
vt 0.913298 0.062841
vt 0.907578 0.091642
vt 0.913298 0.068661
vt 0.913298 0.132082
vt 0.907578 0.132082
vt 0.913298 0.074381
vt 0.994280 0.612837
vt 0.928001 0.706663
vt 0.933721 0.747104
vt 0.928101 0.527840
vt 0.933821 0.568180
vt 0.988560 0.279374
vt 0.183038 0.978316
vt 0.294583 0.497452
vt 0.288857 0.496411
vt 0.290922 0.485057
vt 0.285294 0.484034
vt 0.296081 0.521184
vt 0.301808 0.522225
vt 0.276011 0.535077
vt 0.283704 0.524747
vt 0.368986 0.873146
vt 0.374706 0.867426
vt 0.386246 0.861706
vt 0.392066 0.873146
vt 0.190263 0.490208
vt 0.196083 0.490208
vt 0.167183 0.495928
vt 0.167183 0.484488
vt 0.184543 0.501749
vt 0.184543 0.495928
vt 0.201803 0.495928
vt 0.201803 0.507469
vt 0.196083 0.507469
vt 0.709272 0.931647
vt 0.715092 0.897026
vt 0.328645 0.507569
vt 0.553529 0.940076
vt 0.103862 0.916895
vt 0.109682 0.939976
vt 0.023181 0.956724
vt 0.029001 0.939463
vt 0.884397 0.132082
vt 0.890117 0.132082
vt 0.890117 0.126262
vt 0.895938 0.155163
vt 0.755433 0.941403
vt 0.761253 0.947123
vt 0.755433 0.952944
vt 0.844057 0.103862
vt 0.844057 0.115402
vt 0.838337 0.126942
vt 0.838337 0.138483
vt 0.838337 0.144203
vt 0.844057 0.098042
vt 0.832517 0.144203
vt 0.826797 0.144203
vt 0.826797 0.138483
vt 0.820976 0.138483
vt 0.820976 0.126942
vt 0.826797 0.126942
vt 0.844057 0.074961
vt 0.820976 0.115402
vt 0.051479 0.978316
vt 0.619294 0.069241
vt 0.619294 0.074961
vt 0.648094 0.063421
vt 0.648094 0.074961
vt 0.642374 0.086501
vt 0.807213 0.810525
vt 0.813033 0.810525
vt 0.813033 0.845146
vt 0.807213 0.862406
vt 0.709272 0.862406
vt 0.703552 0.862406
vt 0.703552 0.856686
vt 0.697732 0.856686
vt 0.697732 0.839426
vt 0.703552 0.839426
vt 0.715092 0.873946
vt 0.709272 0.873946
vt 0.715092 0.862406
vt 0.715092 0.850966
vt 0.709272 0.827885
vt 0.709272 0.822065
vt 0.732352 0.833605
vt 0.732352 0.850966
vt 0.726632 0.822065
vt 0.726632 0.833605
vt 0.715092 0.816345
vt 0.720812 0.816345
vt 0.977020 0.291015
vt 0.069241 0.005720
vt 0.075062 0.005720
vt 0.057701 0.028800
vt 0.051981 0.046061
vt 0.051981 0.022980
vt 0.051981 0.011440
vt 0.950981 0.550920
vt 0.594874 0.978316
vt 0.600593 0.966775
vt 0.958389 0.308876
vt 0.899100 0.493319
vt 0.899100 0.487599
vt 0.904820 0.487599
vt 0.904820 0.516400
vt 0.899100 0.533760
vt 0.899100 0.527940
vt 0.904820 0.522220
vt 0.904820 0.533760
vt 0.904820 0.597181
vt 0.761153 0.866342
vt 0.761153 0.854902
vt 0.766873 0.918323
vt 0.380526 0.005720
vt 0.397786 0.051881
vt 0.397786 0.057701
vt 0.755332 0.631802
vt 0.380526 0.953927
vt 0.148718 0.984136
vt 0.761153 0.562561
vt 0.761153 0.574101
vt 0.988560 0.983628
vt 0.945261 0.752824
vt 0.950981 0.775904
vt 0.000000 0.989956
vt 0.938071 0.978316
vt 0.953535 0.051981
vt 0.665455 0.236524
vt 0.415147 0.536470
vt 0.178823 0.201803
vt 0.184543 0.201803
vt 0.075062 0.046061
vt 0.069241 0.046061
vt 0.069241 0.074961
vt 0.063521 0.074961
vt 0.051981 0.074961
vt 0.063521 0.092221
vt 0.069241 0.092221
vt 0.080782 0.092221
vt 0.011440 0.989956
vt 0.919118 0.120542
vt 0.924838 0.120542
vt 0.924838 0.172423
vt 0.768995 0.173003
vt 0.768995 0.167283
vt 0.774816 0.167283
vt 0.774816 0.161463
vt 0.780536 0.161463
vt 0.786356 0.173003
vt 0.768995 0.121122
vt 0.774816 0.132662
vt 0.774816 0.121122
vt 0.011440 0.989956
vt 0.605310 0.899736
vt 0.611130 0.911276
vt 0.605310 0.934256
vt 0.949511 0.984136
vt 0.201904 0.149922
vt 0.207624 0.149922
vt 0.207624 0.138382
vt 0.213444 0.138382
vt 0.213444 0.144102
vt 0.219164 0.144102
vt 0.213444 0.126842
vt 0.224984 0.115302
vt 0.154438 0.978316
vt 0.988560 0.641437
vt 0.069241 0.000000
vt 0.057701 0.000000
vt 0.977020 0.023281
vt 0.977020 0.477264
vt 0.265224 0.834652
vt 0.265224 0.811571
vt 0.271045 0.811571
vt 0.271045 0.794311
vt 0.288305 0.782771
vt 0.271045 0.834652
vt 0.040441 0.022980
vt 0.394675 0.978316
vt 0.388955 0.966775
vt 0.386246 0.000000
vt 0.977020 0.133867
vt 0.971200 0.873043
vt 0.977020 0.878864
vt 0.028600 0.984136
vt 0.034320 0.989956
vt 0.940728 0.314395
vt 0.946448 0.337476
vt 0.402107 0.943795
vt 0.396287 0.943795
vt 0.402107 0.920715
vt 0.394675 0.984136
vt 0.253684 0.103762
vt 0.253684 0.086501
vt 0.259404 0.086501
vt 0.259404 0.115302
vt 0.265224 0.115302
vt 0.265224 0.126842
vt 0.247964 0.132662
vt 0.247964 0.103762
vt 0.247964 0.149922
vt 0.247964 0.138382
vt 0.253684 0.161463
vt 0.247964 0.161463
vt 0.247964 0.173003
vt 0.247964 0.167183
vt 0.253684 0.167183
vt 0.253684 0.173003
vt 0.259404 0.219164
vt 0.253684 0.219164
vt 0.265224 0.178723
vt 0.265224 0.207624
vt 0.259404 0.207624
vt 0.265224 0.132662
vt 0.265224 0.138382
vt 0.259404 0.161463
vt 0.251945 0.888296
vt 0.251945 0.865215
vt 0.263485 0.842135
vt 0.263485 0.847855
vt 0.257665 0.847855
vt 0.257665 0.888296
vt 0.263485 0.894016
vt 0.257665 0.894016
vt 0.263485 0.882475
vt 0.257665 0.870935
vt 0.263485 0.703652
vt 0.154438 0.978316
vt 0.160158 0.984136
vt 0.988560 0.483084
vt 0.988560 0.652876
vt 0.994280 0.395479
vt 0.982840 0.203710
vt 0.807996 0.358101
vt 0.813716 0.358101
vt 0.813716 0.369642
vt 0.819536 0.369642
vt 0.819536 0.386902
vt 0.802176 0.386902
vt 0.802176 0.381182
vt 0.813716 0.398442
vt 0.807996 0.398442
vt 0.994280 0.664316
vt 0.977020 0.878864
vt 0.959660 0.166703
vt 0.045759 0.989956
vt 0.217357 0.995676
vt 0.046139 0.830394
vt 0.904921 0.608722
vt 0.904921 0.597181
vt 0.910741 0.597181
vt 0.910741 0.608722
vt 0.904921 0.654882
vt 0.910741 0.643342
vt 0.904921 0.660602
vt 0.910741 0.654882
vt 0.910741 0.672143
vt 0.904921 0.672143
vt 0.411835 0.984136
vt 0.988560 0.670036
vt 0.971200 0.623172
vt 0.977020 0.483084
vt 0.956801 0.649062
vt 0.417555 0.978316
vt 0.057199 0.989956
vt 0.988560 0.681476
vt 0.068639 0.989956
vt 0.428995 0.984136
vt 0.971200 0.296835
vt 0.893381 0.770184
vt 0.893381 0.758644
vt 0.899201 0.758644
vt 0.899201 0.770184
vt 0.899201 0.874046
vt 0.893381 0.874046
vt 0.899201 0.787545
vt 0.899201 0.862506
vt 0.899201 0.856686
vt 0.899201 0.793265
vt 0.899201 0.799085
vt 0.977020 0.890504
vt 0.068639 0.984136
vt 0.697732 0.920107
vt 0.703552 0.943187
vt 0.761153 0.706763
vt 0.965480 0.680873
vt 0.962622 0.412538
vt 0.956802 0.424078
vt 0.795773 0.908567
vt 0.789953 0.908567
vt 0.789953 0.902746
vt 0.795773 0.897026
vt 0.795773 0.914286
vt 0.801493 0.891206
vt 0.362449 0.756070
vt 0.357446 0.753298
vt 0.363039 0.743203
vt 0.357947 0.740383
vt 0.363540 0.730288
vt 0.383729 0.741474
vt 0.380908 0.746565
vt 0.375905 0.743793
vt 0.373133 0.748796
vt 0.378136 0.751568
vt 0.375316 0.756659
vt 0.362537 0.815545
vt 0.357446 0.812724
vt 0.368631 0.792535
vt 0.080079 0.989956
vt 0.165878 0.978316
vt 0.160158 0.978316
vt 0.160158 0.966775
vt 0.709272 0.574101
vt 0.709272 0.568281
vt 0.726532 0.568281
vt 0.726532 0.591361
vt 0.714992 0.608722
vt 0.380526 0.426888
vt 0.895024 0.931747
vt 0.177318 0.978316
vt 0.177318 0.966775
vt 0.982840 0.215350
vt 0.876020 0.378018
vt 0.881740 0.378018
vt 0.881740 0.389558
vt 0.881740 0.510680
vt 0.881740 0.533760
vt 0.881740 0.493420
vt 0.881740 0.412638
vt 0.881740 0.441539
vt 0.946448 0.360556
vt 0.653914 0.074961
vt 0.653914 0.103862
vt 0.642374 0.098042
vt 0.051959 0.945796
vt 0.063500 0.934256
vt 0.565069 0.865115
vt 0.294125 0.915433
vt 0.554146 0.594673
vt 0.559852 0.595067
vt 0.559058 0.606580
vt 0.564864 0.606981
vt 0.562480 0.641519
vt 0.556674 0.641119
vt 0.559702 0.681764
vt 0.559308 0.687470
vt 0.548196 0.513289
vt 0.565015 0.687864
vt 0.564614 0.693671
vt 0.556129 0.733522
vt 0.550323 0.733121
vt 0.546206 0.542121
vt 0.551125 0.553928
vt 0.545418 0.553534
vt 0.542633 0.593879
vt 0.544623 0.565046
vt 0.550330 0.565440
vt 0.548340 0.594273
vt 0.541989 0.686275
vt 0.547001 0.698189
vt 0.547795 0.686676
vt 0.593870 0.957336
vt 0.588150 0.957336
vt 0.588150 0.940076
vt 0.988560 0.704356
vt 0.451875 0.984136
vt 0.988560 0.483084
vt 0.939541 0.919906
vt 0.945261 0.942986
vt 0.109582 0.709372
vt 0.103862 0.709372
vt 0.103862 0.697832
vt 0.103862 0.692012
vt 0.103862 0.663211
vt 0.115402 0.663211
vt 0.115402 0.715092
vt 0.109582 0.715092
vt 0.126942 0.686292
vt 0.126942 0.715092
vt 0.121122 0.715092
vt 0.132662 0.703552
vt 0.132662 0.686292
vt 0.138382 0.738173
vt 0.138382 0.732453
vt 0.126942 0.640131
vt 0.132662 0.640131
vt 0.144203 0.732453
vt 0.144203 0.749713
vt 0.144203 0.761253
vt 0.138382 0.761253
vt 0.138382 0.749713
vt 0.812599 0.579921
vt 0.835680 0.574101
vt 0.228864 0.842135
vt 0.228864 0.836315
vt 0.246125 0.836315
vt 0.977020 0.663513
vt 0.971200 0.057701
vt 0.665455 0.075062
vt 0.665455 0.046161
vt 0.671175 0.046161
vt 0.671175 0.000000
vt 0.682715 0.000000
vt 0.682715 0.057701
vt 0.682715 0.075062
vt 0.659634 0.080782
vt 0.659634 0.075062
vt 0.653914 0.086602
vt 0.653914 0.080782
vt 0.665455 0.092322
vt 0.659634 0.092322
vt 0.659634 0.086602
vt 0.694255 0.075062
vt 0.694255 0.092322
vt 0.682715 0.092322
vt 0.659634 0.138483
vt 0.659634 0.132662
vt 0.665455 0.132662
vt 0.682715 0.132662
vt 0.671175 0.132662
vt 0.671175 0.138483
vt 0.665455 0.138483
vt 0.653914 0.138483
vt 0.659634 0.271145
vt 0.653914 0.271145
vt 0.665455 0.276865
vt 0.659634 0.276865
vt 0.665455 0.248065
vt 0.665455 0.150023
vt 0.665455 0.196083
vt 0.549114 0.978316
vt 0.570789 0.622871
vt 0.570789 0.611431
vt 0.593870 0.599891
vt 0.593870 0.594070
vt 0.588150 0.594070
vt 0.588150 0.588350
vt 0.570789 0.657491
vt 0.593870 0.588350
vt 0.570789 0.663312
vt 0.576610 0.657491
vt 0.593870 0.651771
vt 0.582329 0.645951
vt 0.599690 0.582530
vt 0.605410 0.582530
vt 0.599690 0.576810
vt 0.599690 0.565270
vt 0.593870 0.582530
vt 0.599690 0.559450
vt 0.593870 0.570990
vt 0.599690 0.553730
vt 0.588150 0.559450
vt 0.588150 0.570990
vt 0.582329 0.565270
vt 0.593870 0.513389
vt 0.599690 0.513389
vt 0.599690 0.530649
vt 0.171598 0.984136
vt 0.503354 0.978316
vt 0.982740 0.791560
vt 0.228797 0.989956
vt 0.959459 0.057121
vt 0.965279 0.068661
vt 0.933721 0.943187
vt 0.933721 0.937467
vt 0.939541 0.954727
vt 0.177318 0.978316
vt 0.228864 0.744093
vt 0.228864 0.715193
vt 0.234584 0.715193
vt 0.234584 0.709473
vt 0.228864 0.709473
vt 0.234584 0.697932
vt 0.246125 0.692112
vt 0.228864 0.628691
vt 0.246125 0.628691
vt 0.263485 0.663312
vt 0.743993 0.941604
vt 0.956801 0.775804
vt 0.977020 0.483084
vt 0.965480 0.946297
vt 0.051959 0.876555
vt 0.057679 0.876555
vt 0.057679 0.888095
vt 0.057679 0.922716
vt 0.051959 0.922716
vt 0.438227 0.334566
vt 0.438227 0.351927
vt 0.438227 0.363366
vt 0.443947 0.363366
vt 0.443947 0.369187
vt 0.449768 0.369187
vt 0.449768 0.374907
vt 0.443947 0.323026
vt 0.443947 0.334566
vt 0.449768 0.317306
vt 0.449768 0.323026
vt 0.461308 0.323026
vt 0.455487 0.323026
vt 0.455487 0.317306
vt 0.467028 0.328846
vt 0.461308 0.328846
vt 0.478568 0.323026
vt 0.478568 0.328846
vt 0.467028 0.311486
vt 0.472848 0.311486
vt 0.472848 0.323026
vt 0.461308 0.299945
vt 0.467028 0.299945
vt 0.461308 0.305766
vt 0.455487 0.311486
vt 0.455487 0.305766
vt 0.443947 0.305766
vt 0.449768 0.305766
vt 0.449768 0.311486
vt 0.438227 0.299945
vt 0.443947 0.299945
vt 0.438227 0.317306
vt 0.432407 0.328846
vt 0.432407 0.317306
vt 0.426687 0.340386
vt 0.426687 0.328846
vt 0.415147 0.346106
vt 0.415147 0.340386
vt 0.415147 0.357646
vt 0.415147 0.351927
vt 0.432407 0.369187
vt 0.426687 0.369187
vt 0.426687 0.357646
vt 0.438227 0.374907
vt 0.432407 0.374907
vt 0.443947 0.380727
vt 0.438227 0.380727
vt 0.455487 0.397987
vt 0.443947 0.392267
vt 0.455487 0.374907
vt 0.449768 0.432608
vt 0.455487 0.403807
vt 0.467028 0.438428
vt 0.455487 0.438428
vt 0.461308 0.449968
vt 0.461308 0.444148
vt 0.467028 0.444148
vt 0.455487 0.455688
vt 0.455487 0.449968
vt 0.443947 0.467228
vt 0.443947 0.461408
vt 0.461308 0.472948
vt 0.449768 0.472948
vt 0.449768 0.467228
vt 0.461308 0.461408
vt 0.467028 0.455688
vt 0.467028 0.461408
vt 0.484388 0.455688
vt 0.461308 0.363366
vt 0.467028 0.363366
vt 0.478568 0.363366
vt 0.478568 0.374907
vt 0.472848 0.374907
vt 0.472848 0.380727
vt 0.467028 0.380727
vt 0.478568 0.484489
vt 0.478568 0.472948
vt 0.484388 0.472948
vt 0.495828 0.484489
vt 0.495828 0.501849
vt 0.490108 0.449968
vt 0.490108 0.461408
vt 0.490108 0.472948
vt 0.495828 0.403807
vt 0.495828 0.449968
vt 0.484388 0.461408
vt 0.484388 0.403807
vt 0.484388 0.426888
vt 0.472848 0.426888
vt 0.461308 0.421067
vt 0.467028 0.421067
vt 0.467028 0.426888
vt 0.467028 0.386447
vt 0.461308 0.386447
vt 0.461308 0.403807
vt 0.240405 0.784434
vt 0.812599 0.568381
vt 0.818319 0.562561
vt 0.829859 0.562561
vt 0.835680 0.568381
vt 0.697732 0.654782
vt 0.697732 0.625982
vt 0.697732 0.614442
vt 0.709272 0.579821
vt 0.703552 0.585641
vt 0.697732 0.724023
vt 0.703552 0.718304
vt 0.703552 0.724023
vt 0.703552 0.700943
vt 0.703552 0.683683
vt 0.703552 0.631802
vt 0.207624 0.121122
vt 0.207624 0.109582
vt 0.213444 0.098042
vt 0.219164 0.109582
vt 0.219164 0.115302
vt 0.715092 0.879766
vt 0.715092 0.873946
vt 0.726632 0.873946
vt 0.720812 0.879766
vt 0.720812 0.885486
vt 0.720812 0.891306
vt 0.715092 0.908567
vt 0.715092 0.902847
vt 0.663111 0.772994
vt 0.663111 0.761454
vt 0.674651 0.755734
vt 0.674651 0.778814
vt 0.680471 0.778814
vt 0.680471 0.784534
vt 0.686191 0.784534
vt 0.686191 0.796074
vt 0.645851 0.784534
vt 0.645851 0.778814
vt 0.674651 0.796074
vt 0.674651 0.784534
vt 0.668931 0.784534
vt 0.668931 0.778814
vt 0.640031 0.796074
vt 0.640031 0.784534
vt 0.651571 0.796074
vt 0.657391 0.778814
vt 0.657391 0.784534
vt 0.494529 0.946097
vt 0.978110 0.978316
vt 0.068639 0.989956
vt 0.988560 0.488904
vt 0.806512 0.989956
vt 0.959459 0.080202
vt 0.651571 0.299945
vt 0.640031 0.311486
vt 0.971200 0.784734
vt 0.017160 0.978316
vt 0.940928 0.187553
vt 0.946648 0.187553
vt 0.946648 0.210633
vt 0.755433 0.860622
vt 0.755433 0.854902
vt 0.761153 0.860622
vt 0.755433 0.872162
vt 0.755433 0.918323
vt 0.755433 0.877982
vt 0.471349 0.876756
vt 0.471349 0.888296
vt 0.465629 0.894016
vt 0.459808 0.894016
vt 0.459808 0.853675
vt 0.459808 0.842135
vt 0.465629 0.853675
vt 0.459808 0.882475
vt 0.040419 0.934256
vt 0.034599 0.934256
vt 0.034599 0.899635
vt 0.028901 0.167183
vt 0.023080 0.196083
vt 0.023080 0.207624
vt 0.017361 0.213344
vt 0.023080 0.213344
vt 0.034621 0.167183
vt 0.017361 0.259504
vt 0.005820 0.230604
vt 0.011540 0.230604
vt 0.040441 0.132562
vt 0.040441 0.149923
vt 0.200198 0.978316
vt 0.565069 0.957336
vt 0.956802 0.648862
vt 0.040419 0.945796
vt 0.046139 0.957336
vt 0.994280 0.040040
vt 0.234517 0.995676
vt 0.240237 0.989956
vt 0.213344 0.369086
vt 0.951182 0.700943
vt 0.945362 0.700943
vt 0.945362 0.683583
vt 0.386246 0.896226
vt 0.386246 0.913486
vt 0.380426 0.919307
vt 0.374706 0.919307
vt 0.962622 0.925927
vt 0.126942 0.876555
vt 0.126942 0.870735
vt 0.132662 0.888095
vt 0.126942 0.922716
vt 0.062919 0.978316
vt 0.436728 0.842135
vt 0.459808 0.882476
vt 0.219063 0.957993
vt 0.224783 0.940733
vt 0.994280 0.978914
vt 0.965480 0.565471
vt 0.028901 0.876042
vt 0.028901 0.887583
vt 0.028901 0.893303
vt 0.028901 0.904843
vt 0.017361 0.910663
vt 0.183038 0.978316
vt 0.245957 0.995676
vt 0.178823 0.098042
vt 0.167283 0.086501
vt 0.924838 0.137802
vt 0.930659 0.120542
vt 0.924838 0.160883
vt 0.939642 0.700943
vt 0.939642 0.706663
vt 0.933821 0.706663
vt 0.933821 0.683582
vt 0.939642 0.683582
vt 0.380526 0.282585
vt 0.380526 0.294125
vt 0.374706 0.294125
vt 0.374706 0.299945
vt 0.368986 0.299945
vt 0.368986 0.294125
vt 0.363166 0.294125
vt 0.363166 0.288405
vt 0.357446 0.288405
vt 0.392066 0.282585
vt 0.386246 0.282585
vt 0.409327 0.276865
vt 0.328645 0.299945
vt 0.328645 0.271045
vt 0.334365 0.271045
vt 0.334365 0.299945
vt 0.345906 0.294125
vt 0.345906 0.299945
vt 0.334365 0.294125
vt 0.334365 0.276865
vt 0.351625 0.276865
vt 0.351625 0.282585
vt 0.962622 0.579720
vt 0.825277 0.966776
vt 0.988560 0.500545
vt 0.977020 0.809020
vt 0.994280 0.406919
vt 0.201904 0.617151
vt 0.213444 0.622871
vt 0.207624 0.628691
vt 0.246125 0.772894
vt 0.257665 0.813234
vt 0.263485 0.813234
vt 0.263485 0.819054
vt 0.257665 0.819054
vt 0.257665 0.772894
vt 0.234584 0.795974
vt 0.234584 0.790154
vt 0.228864 0.807514
vt 0.228864 0.795974
vt 0.228864 0.830595
vt 0.251945 0.819054
vt 0.251945 0.824774
vt 0.831097 0.966776
vt 0.977020 0.890504
vt 0.982740 0.820661
vt 0.434715 0.984136
vt 0.801493 0.891206
vt 0.813033 0.891206
vt 0.813033 0.914286
vt 0.807314 0.914286
vt 0.801493 0.902746
vt 0.715092 0.954627
vt 0.715092 0.937367
vt 0.442548 0.686493
vt 0.600594 0.989956
vt 0.956802 0.464519
vt 0.823671 0.995676
vt 0.982840 0.215350
vt 0.829391 0.989956
vt 0.108679 0.989956
vt 0.732352 0.862406
vt 0.726632 0.868226
vt 0.720812 0.873946
vt 0.865867 0.187553
vt 0.871687 0.187553
vt 0.871687 0.222174
vt 0.865867 0.279875
vt 0.871687 0.245254
vt 0.871687 0.291415
vt 0.865867 0.297135
vt 0.871687 0.372096
vt 0.865867 0.372096
vt 0.865867 0.302955
vt 0.865867 0.366376
vt 0.865867 0.354836
vt 0.865867 0.320215
vt 0.988560 0.500545
vt 0.514794 0.995676
vt 0.924738 0.057121
vt 0.930558 0.057121
vt 0.930558 0.062841
vt 0.930558 0.068661
vt 0.924738 0.091742
vt 0.930558 0.097462
vt 0.971200 0.807815
vt 0.276765 0.771231
vt 0.282585 0.771231
vt 0.184543 0.046061
vt 0.988560 0.023281
vt 0.950981 0.527840
vt 0.842738 0.966776
vt 0.446155 0.978316
vt 0.982740 0.826481
vt 0.994280 0.875954
vt 0.469035 0.966775
vt 0.463315 0.978316
vt 0.257397 0.989956
vt 0.853040 0.631802
vt 0.847220 0.631802
vt 0.847220 0.625982
vt 0.858760 0.735564
vt 0.858760 0.747104
vt 0.853040 0.747104
vt 0.853040 0.741384
vt 0.858760 0.660602
vt 0.853040 0.735564
vt 0.853040 0.637522
vt 0.853040 0.724023
vt 0.853040 0.654782
vt 0.853040 0.660602
vt 0.853040 0.718304
vt 0.853040 0.700943
vt 0.125839 0.989956
vt 0.877663 0.920207
vt 0.988560 0.029101
vt 0.674651 0.744194
vt 0.977020 0.302655
vt 0.734375 0.282585
vt 0.734375 0.253784
vt 0.740195 0.253784
vt 0.740195 0.271045
vt 0.745915 0.271045
vt 0.745915 0.276865
vt 0.740195 0.299845
vt 0.740195 0.282585
vt 0.763275 0.282585
vt 0.757455 0.276865
vt 0.757455 0.271045
vt 0.768995 0.282585
vt 0.697832 0.995676
vt 0.451875 0.984136
vt 0.451875 0.984136
vt 0.623473 0.989956
vt 0.977020 0.570389
vt 0.956802 0.516400
vt 0.852271 0.995676
vt 0.413648 0.943795
vt 0.939541 0.412538
vt 0.950981 0.666322
vt 0.956802 0.683582
vt 0.299845 0.817392
vt 0.299845 0.823112
vt 0.282585 0.846192
vt 0.282585 0.828932
vt 0.276765 0.828932
vt 0.553529 0.745062
vt 0.553529 0.739342
vt 0.559249 0.733522
vt 0.246125 0.899736
vt 0.246125 0.882476
vt 0.251844 0.882476
vt 0.251844 0.928536
vt 0.246125 0.928536
vt 0.982840 0.040742
vt 0.988560 0.046562
vt 0.988560 0.506365
vt 0.188758 0.978316
vt 0.374706 0.323026
vt 0.374706 0.305766
vt 0.380526 0.305766
vt 0.380526 0.299945
vt 0.386246 0.299945
vt 0.386246 0.317306
vt 0.392066 0.317306
vt 0.392066 0.328846
vt 0.386246 0.334566
vt 0.380526 0.334566
vt 0.380526 0.323026
vt 0.397786 0.328846
vt 0.397786 0.340386
vt 0.380526 0.369187
vt 0.380526 0.363366
vt 0.386246 0.363366
vt 0.409327 0.340386
vt 0.409327 0.346106
vt 0.374706 0.374907
vt 0.374706 0.369187
vt 0.415147 0.346106
vt 0.415147 0.351927
vt 0.409327 0.351927
vt 0.409327 0.357646
vt 0.397786 0.357646
vt 0.357446 0.363366
vt 0.363166 0.363366
vt 0.363166 0.374907
vt 0.351625 0.357646
vt 0.357446 0.357646
vt 0.357446 0.340386
vt 0.351625 0.340386
vt 0.340085 0.340386
vt 0.340085 0.334566
vt 0.345906 0.334566
vt 0.334365 0.346106
vt 0.334365 0.340386
vt 0.328645 0.357646
vt 0.328645 0.346106
vt 0.345906 0.363366
vt 0.340085 0.363366
vt 0.340085 0.357646
vt 0.351625 0.374907
vt 0.345906 0.374907
vt 0.357446 0.380727
vt 0.351625 0.380727
vt 0.363166 0.386447
vt 0.357446 0.386447
vt 0.363166 0.403807
vt 0.363166 0.392267
vt 0.357446 0.426888
vt 0.357446 0.421067
vt 0.397786 0.369187
vt 0.392066 0.369187
vt 0.392066 0.374907
vt 0.386246 0.374907
vt 0.386246 0.380727
vt 0.374706 0.432608
vt 0.368986 0.432608
vt 0.363166 0.444148
vt 0.363166 0.449968
vt 0.368986 0.449968
vt 0.380526 0.467228
vt 0.374706 0.467228
vt 0.374706 0.472948
vt 0.363166 0.472948
vt 0.363166 0.461408
vt 0.357446 0.461408
vt 0.357446 0.455688
vt 0.345906 0.524929
vt 0.351625 0.524929
vt 0.351625 0.530649
vt 0.351625 0.536470
vt 0.351625 0.542190
vt 0.340085 0.542190
vt 0.328645 0.542190
vt 0.328645 0.403807
vt 0.340085 0.403807
vt 0.340085 0.426888
vt 0.994280 0.732956
vt 0.977020 0.937066
vt 0.383235 0.989956
vt 0.457595 0.989956
vt 0.977020 0.803200
vt 0.922181 0.435719
vt 0.714992 0.995676
vt 0.463315 0.989956
vt 0.936379 0.120542
vt 0.942199 0.120542
vt 0.942199 0.143623
vt 0.900688 0.297235
vt 0.912228 0.268435
vt 0.965380 0.155163
vt 0.629193 0.984136
vt 0.411835 0.984136
vt 0.520514 0.989956
vt 0.011440 0.989956
vt 0.994280 0.738676
vt 0.069241 0.784334
vt 0.063421 0.772793
vt 0.994280 0.051479
vt 0.657793 0.978316
vt 0.829392 0.984136
vt 0.835111 0.989956
vt 0.531954 0.966775
vt 0.916461 0.822065
vt 0.916461 0.804805
vt 0.922181 0.862506
vt 0.916461 0.862506
vt 0.149822 0.594070
vt 0.161362 0.594070
vt 0.161362 0.599790
vt 0.155642 0.599790
vt 0.155642 0.605611
vt 0.149822 0.605611
vt 0.144102 0.582530
vt 0.149822 0.582530
vt 0.138382 0.570990
vt 0.144102 0.570990
vt 0.149822 0.611331
vt 0.138382 0.628691
vt 0.144102 0.628691
vt 0.144102 0.634411
vt 0.138382 0.634411
vt 0.138382 0.640131
vt 0.080681 0.640131
vt 0.080681 0.622871
vt 0.097941 0.622871
vt 0.097941 0.628691
vt 0.109482 0.628691
vt 0.109482 0.634411
vt 0.149822 0.553630
vt 0.149822 0.559450
vt 0.144102 0.559450
vt 0.097941 0.553630
vt 0.086401 0.559450
vt 0.086401 0.553630
vt 0.092221 0.553630
vt 0.080681 0.570990
vt 0.080681 0.559450
vt 0.097941 0.576710
vt 0.086401 0.576710
vt 0.086401 0.570990
vt 0.115302 0.634411
vt 0.097941 0.565170
vt 0.109482 0.570990
vt 0.103762 0.570990
vt 0.103762 0.565170
vt 0.109482 0.559450
vt 0.126842 0.622871
vt 0.126842 0.605611
vt 0.121022 0.565170
vt 0.205918 0.978316
vt 0.524628 0.870835
vt 0.524628 0.876655
vt 0.530449 0.876655
vt 0.518908 0.905456
vt 0.971200 0.308476
vt 0.469035 0.984136
vt 0.848558 0.966776
vt 0.982740 0.838122
vt 0.480475 0.984136
vt 0.942299 0.155163
vt 0.948019 0.178243
vt 0.536169 0.743993
vt 0.530449 0.743993
vt 0.536169 0.709372
vt 0.541989 0.709372
vt 0.541989 0.715193
vt 0.541989 0.738273
vt 0.541989 0.743993
vt 0.541989 0.732453
vt 0.541989 0.720913
vt 0.622770 0.945796
vt 0.326036 0.966775
vt 0.962622 0.504860
vt 0.988560 0.058203
vt 0.994280 0.738676
vt 0.927901 0.747104
vt 0.933721 0.747104
vt 0.933721 0.787444
vt 0.994280 0.418358
vt 0.971200 0.911677
vt 0.703552 0.827885
vt 0.017361 0.927923
vt 0.017361 0.922203
vt 0.023080 0.922203
vt 0.028901 0.910663
vt 0.553529 0.934256
vt 0.553529 0.940076
vt 0.541989 0.940076
vt 0.541989 0.934256
vt 0.547709 0.928536
vt 0.854378 0.966776
vt 0.988560 0.518006
vt 0.881840 0.625982
vt 0.893381 0.625982
vt 0.893381 0.666322
vt 0.887661 0.666322
vt 0.887661 0.695223
vt 0.982840 0.040742
vt 0.854378 0.966776
vt 0.154438 0.989956
vt 0.977020 0.861403
vt 0.268837 0.995676
vt 0.531954 0.989956
vt 0.484288 0.271045
vt 0.484288 0.253784
vt 0.495828 0.242244
vt 0.501548 0.242244
vt 0.507368 0.247964
vt 0.507368 0.259504
vt 0.501548 0.259504
vt 0.501548 0.271045
vt 0.495828 0.271045
vt 0.490008 0.288405
vt 0.495828 0.282585
vt 0.977020 0.675154
vt 0.340186 0.909212
vt 0.340186 0.920752
vt 0.334365 0.920752
vt 0.328645 0.914932
vt 0.328645 0.903391
vt 0.334365 0.903391
vt 0.988560 0.075664
vt 0.977020 0.902145
vt 0.726432 0.989956
vt 0.471449 0.951717
vt 0.477269 0.934356
vt 0.982840 0.226991
vt 0.732152 0.995676
vt 0.165878 0.989956
vt 0.956801 0.608420
vt 0.962622 0.596880
vt 0.173003 0.432507
vt 0.173003 0.426787
vt 0.184543 0.426787
vt 0.184543 0.432507
vt 0.190263 0.432507
vt 0.190263 0.444048
vt 0.167183 0.444048
vt 0.167183 0.432507
vt 0.173003 0.461408
vt 0.167183 0.449868
vt 0.178723 0.444048
vt 0.178723 0.455588
vt 0.178723 0.467128
vt 0.178723 0.472948
vt 0.899100 0.435719
vt 0.899100 0.378018
vt 0.904820 0.378018
vt 0.904820 0.383838
vt 0.904820 0.487600
vt 0.899100 0.487600
vt 0.904820 0.435719
vt 0.904820 0.470339
vt 0.904820 0.458799
vt 0.900688 0.245254
vt 0.900688 0.187553
vt 0.906508 0.187553
vt 0.906508 0.262615
vt 0.900688 0.262615
vt 0.988560 0.308475
vt 0.547709 0.888195
vt 0.547709 0.865115
vt 0.547709 0.911276
vt 0.541989 0.899736
vt 0.541989 0.893915
vt 0.988560 0.755836
vt 0.994280 0.761556
vt 0.977020 0.902145
vt 0.794636 0.542190
vt 0.794636 0.536470
vt 0.800356 0.536470
vt 0.800356 0.542190
vt 0.806176 0.542190
vt 0.788816 0.553730
vt 0.788816 0.542190
vt 0.800356 0.559550
vt 0.794636 0.559550
vt 0.811896 0.553730
vt 0.977020 0.320116
vt 0.491915 0.984136
vt 0.663111 0.294025
vt 0.657391 0.294025
vt 0.657391 0.299845
vt 0.651571 0.288305
vt 0.657391 0.288305
vt 0.657391 0.282484
vt 0.668931 0.288305
vt 0.103862 0.807314
vt 0.109682 0.807314
vt 0.132763 0.807314
vt 0.144303 0.818854
vt 0.121222 0.813134
vt 0.872857 0.074482
vt 0.857991 0.989956
vt 0.177318 0.989956
vt 0.795072 0.984136
vt 0.869431 0.995676
vt 0.188758 0.989956
vt 0.469035 0.989956
vt 0.474755 0.984136
vt 0.988560 0.518006
vt 0.005820 0.328645
vt 0.034621 0.317105
vt 0.392066 0.092322
vt 0.374706 0.092322
vt 0.230704 0.559450
vt 0.865015 0.804805
vt 0.853474 0.804805
vt 0.853474 0.793265
vt 0.847654 0.793265
vt 0.847654 0.787545
vt 0.853474 0.787545
vt 0.870735 0.764464
vt 0.870735 0.787545
vt 0.853474 0.747104
vt 0.865015 0.747104
vt 0.865015 0.764464
vt 0.847654 0.764464
vt 0.847654 0.758644
vt 0.905021 0.781725
vt 0.905021 0.758644
vt 0.910741 0.758644
vt 0.910741 0.781725
vt 0.905021 0.804805
vt 0.910741 0.793265
vt 0.910741 0.833706
vt 0.905021 0.833706
vt 0.910741 0.804805
vt 0.982740 0.867224
vt 0.994280 0.887394
vt 0.959559 0.132082
vt 0.034320 0.966775
vt 0.977020 0.873044
vt 0.285996 0.989956
vt 0.789953 0.954627
vt 0.442448 0.882476
vt 0.453988 0.905556
vt 0.442448 0.905556
vt 0.436728 0.899736
vt 0.436728 0.888196
vt 0.726632 0.908567
vt 0.726632 0.920107
vt 0.720912 0.925827
vt 0.715092 0.925827
vt 0.451875 0.978316
vt 0.748375 0.553630
vt 0.748375 0.559450
vt 0.736835 0.553630
vt 0.742655 0.547910
vt 0.155743 0.928536
vt 0.155743 0.922816
vt 0.161463 0.922816
vt 0.161463 0.928536
vt 0.155743 0.934356
vt 0.161463 0.945897
vt 0.155743 0.945897
vt 0.755433 0.947324
vt 0.028600 0.989956
vt 0.953535 0.034721
vt 0.965480 0.265425
vt 0.971200 0.276965
vt 0.946748 0.303156
vt 0.946748 0.285795
vt 0.167283 0.915290
vt 0.173003 0.932550
vt 0.103862 0.939976
vt 0.524628 0.236424
vt 0.524628 0.230704
vt 0.530449 0.230704
vt 0.530449 0.224884
vt 0.536169 0.224884
vt 0.536169 0.219164
vt 0.541989 0.219164
vt 0.513088 0.253784
vt 0.513088 0.247964
vt 0.507368 0.230704
vt 0.513088 0.230704
vt 0.263485 0.957437
vt 0.956801 0.545100
vt 0.910641 0.931647
vt 0.846039 0.306871
vt 0.840218 0.306871
vt 0.857479 0.312691
vt 0.851759 0.312691
vt 0.851759 0.301151
vt 0.865697 0.398442
vt 0.854157 0.381082
vt 0.865697 0.381082
vt 0.098042 0.911276
vt 0.098042 0.905456
vt 0.491915 0.966775
vt 0.480475 0.978316
vt 0.977020 0.139687
vt 0.651571 0.703753
vt 0.219164 0.507469
vt 0.994280 0.767275
vt 0.374706 0.953927
vt 0.074359 0.978316
vt 0.883479 0.966776
vt 0.205918 0.989956
vt 0.085799 0.978316
vt 0.982740 0.890505
vt 0.297436 0.995676
vt 0.824574 0.920006
vt 0.930454 0.000000
vt 0.936174 0.040341
vt 0.190363 0.519109
vt 0.576609 0.940076
vt 0.576609 0.934356
vt 0.582430 0.928536
vt 0.588150 0.940076
vt 0.841934 0.937267
vt 0.622570 0.899736
vt 0.640633 0.995676
vt 0.211638 0.989956
vt 0.599690 0.928536
vt 0.588150 0.934256
vt 0.646353 0.989956
vt 0.434715 0.989956
vt 0.063421 0.905456
vt 0.057701 0.905456
vt 0.057701 0.893915
vt 0.057701 0.882375
vt 0.057701 0.876555
vt 0.063421 0.830394
vt 0.057701 0.853474
vt 0.386346 0.942387
vt 0.380526 0.953927
vt 0.402007 0.897534
vt 0.402007 0.903354
vt 0.396287 0.903354
vt 0.413547 0.885994
vt 0.396287 0.955336
vt 0.559249 0.213344
vt 0.559249 0.219164
vt 0.547709 0.213344
vt 0.923468 0.360556
vt 0.929288 0.354736
vt 0.703553 0.966776
vt 0.709273 0.978215
vt 0.357446 0.873146
vt 0.363166 0.873146
vt 0.368986 0.878866
vt 0.374706 0.890406
vt 0.953535 0.034721
vt 0.947714 0.051981
vt 0.977020 0.907966
vt 0.928001 0.643342
vt 0.928001 0.625982
vt 0.933821 0.631802
vt 0.928001 0.666322
vt 0.091519 0.978316
vt 0.942299 0.178243
vt 0.936479 0.178243
vt 0.936479 0.155163
vt 0.570789 0.928536
vt 0.565069 0.922816
vt 0.576609 0.922816
vt 0.570789 0.911276
vt 0.720712 0.978215
vt 0.726432 0.966776
vt 0.520514 0.978316
vt 0.942098 0.097462
vt 0.224884 0.790811
vt 0.224884 0.796631
vt 0.219063 0.796631
vt 0.219063 0.802351
vt 0.213344 0.802351
vt 0.213344 0.808171
vt 0.207523 0.808171
vt 0.207523 0.819712
vt 0.213344 0.819712
vt 0.213344 0.831252
vt 0.207523 0.785091
vt 0.224884 0.785091
vt 0.201803 0.802351
vt 0.207523 0.790811
vt 0.207523 0.842792
vt 0.207523 0.836972
vt 0.224884 0.848512
vt 0.213344 0.848512
vt 0.224884 0.831252
vt 0.223078 0.978316
vt 0.847654 0.804705
vt 0.847654 0.810525
vt 0.847654 0.816245
vt 0.836114 0.816245
vt 0.836114 0.810525
vt 0.836114 0.793265
vt 0.847654 0.798985
vt 0.830394 0.793265
vt 0.830394 0.804705
vt 0.818854 0.804705
vt 0.813033 0.804705
vt 0.836114 0.775904
vt 0.813033 0.758644
vt 0.813033 0.747104
vt 0.824574 0.747104
vt 0.841934 0.758644
vt 0.847654 0.770184
vt 0.322925 0.875193
vt 0.322925 0.834752
vt 0.328645 0.846292
vt 0.328645 0.852113
vt 0.328645 0.863653
vt 0.328645 0.909814
vt 0.322925 0.909814
vt 0.328645 0.886733
vt 0.328645 0.869373
vt 0.915191 0.989956
vt 0.471449 0.922816
vt 0.920911 0.995676
vt 0.714992 0.966776
vt 0.328645 0.943832
vt 0.334466 0.955373
vt 0.068639 0.978316
vt 0.351726 0.839870
vt 0.357446 0.839870
vt 0.357446 0.851310
vt 0.554834 0.989956
vt 0.726532 0.562561
vt 0.732352 0.562561
vt 0.732352 0.574101
vt 0.738072 0.579821
vt 0.738072 0.585641
vt 0.732352 0.608722
vt 0.738072 0.602901
vt 0.005820 0.784233
vt 0.005820 0.778513
vt 0.017361 0.778513
vt 0.017361 0.784233
vt 0.023080 0.784233
vt 0.023080 0.790054
vt 0.005820 0.790054
vt 0.000000 0.830394
vt 0.000000 0.824674
vt 0.005820 0.824674
vt 0.028901 0.790054
vt 0.028901 0.778513
vt 0.040441 0.778513
vt 0.017361 0.830394
vt 0.017361 0.818854
vt 0.017361 0.813134
vt 0.046161 0.824674
vt 0.046161 0.830394
vt 0.028901 0.813134
vt 0.028901 0.830394
vt 0.988560 0.372498
vt 0.945261 0.625881
vt 0.939541 0.625881
vt 0.945261 0.602801
vt 0.034320 0.989956
vt 0.922181 0.897127
vt 0.922181 0.891306
vt 0.928001 0.891306
vt 0.928001 0.931647
vt 0.922181 0.931647
vt 0.988560 0.104765
vt 0.926630 0.989956
vt 0.069342 0.957437
vt 0.074359 0.978316
vt 0.943790 0.995676
vt 0.994280 0.326840
vt 0.201904 0.126842
vt 0.201904 0.132662
vt 0.196083 0.132662
vt 0.201904 0.138382
vt 0.196083 0.149922
vt 0.190363 0.144102
vt 0.228797 0.989956
vt 0.982840 0.052383
vt 0.645750 0.796074
vt 0.952468 0.204914
vt 0.148718 0.978316
vt 0.142998 0.978316
vt 0.142998 0.966775
vt 0.939541 0.654782
vt 0.912228 0.279774
vt 0.912228 0.250974
vt 0.917948 0.250974
vt 0.917948 0.268234
vt 0.912228 0.285494
vt 0.917948 0.279774
vt 0.912228 0.297035
vt 0.917948 0.285494
vt 0.917948 0.314395
vt 0.912228 0.314395
vt 0.230704 0.484488
vt 0.219164 0.495928
vt 0.219164 0.484488
vt 0.207624 0.490208
vt 0.201803 0.490208
vt 0.224884 0.484488
vt 0.236424 0.455588
vt 0.242244 0.478668
vt 0.230704 0.478668
vt 0.219164 0.455588
vt 0.224884 0.438328
vt 0.224884 0.444048
vt 0.219164 0.444048
vt 0.219164 0.438328
vt 0.213344 0.455588
vt 0.201803 0.444048
vt 0.207624 0.455588
vt 0.196083 0.455588
vt 0.196083 0.461408
vt 0.912581 0.966776
vt 0.977020 0.919607
vt 0.928101 0.487499
vt 0.933821 0.487499
vt 0.933821 0.516299
vt 0.933821 0.527840
vt 0.899201 0.758644
vt 0.905021 0.758644
vt 0.905021 0.775904
vt 0.905021 0.781725
vt 0.905021 0.822065
vt 0.905021 0.850866
vt 0.905021 0.810525
vt 0.634110 0.951717
vt 0.028901 0.939464
vt 0.017360 0.939464
vt 0.017360 0.927923
vt 0.982840 0.116406
vt 0.772593 0.799085
vt 0.772593 0.764464
vt 0.784133 0.764464
vt 0.789953 0.764464
vt 0.789953 0.758644
vt 0.795673 0.758644
vt 0.766873 0.799085
vt 0.784133 0.804805
vt 0.795673 0.752924
vt 0.962622 0.787344
vt 0.928001 0.879867
vt 0.933721 0.920207
vt 0.392066 0.942387
vt 0.109482 0.622871
vt 0.092221 0.611331
vt 0.092221 0.588250
vt 0.956801 0.614341
vt 0.933821 0.568180
vt 0.939541 0.596981
vt 0.965480 0.911677
vt 0.971200 0.900136
vt 0.930659 0.184064
vt 0.930659 0.155163
vt 0.994280 0.767276
vt 0.965480 0.230805
vt 0.436728 0.922816
vt 0.017160 0.966776
vt 0.224884 0.911933
vt 0.982740 0.931248
vt 0.368986 0.907766
vt 0.368986 0.919307
vt 0.357446 0.919307
vt 0.363166 0.901946
vt 0.132662 0.870735
vt 0.138382 0.870735
vt 0.138382 0.922716
vt 0.778413 0.897026
vt 0.778413 0.914387
vt 0.766873 0.914387
vt 0.766873 0.908567
vt 0.772592 0.891306
vt 0.922181 0.827785
vt 0.922181 0.798985
vt 0.928001 0.798985
vt 0.928001 0.845146
vt 0.922181 0.845146
vt 0.453988 0.911276
vt 0.459708 0.882476
vt 0.459708 0.928536
vt 0.224984 0.023080
vt 0.219164 0.023080
vt 0.219164 0.011540
vt 0.230704 0.011540
vt 0.230704 0.017260
vt 0.236524 0.017260
vt 0.236524 0.023080
vt 0.242244 0.023080
vt 0.242244 0.028800
vt 0.247964 0.028800
vt 0.247964 0.040341
vt 0.230704 0.040341
vt 0.230704 0.051881
vt 0.224984 0.051881
vt 0.224984 0.063421
vt 0.213444 0.063421
vt 0.219164 0.051881
vt 0.219164 0.040341
vt 0.224984 0.040341
vt 0.213444 0.092221
vt 0.201904 0.109582
vt 0.213444 0.057601
vt 0.213444 0.051881
vt 0.207624 0.063421
vt 0.207624 0.057601
vt 0.196083 0.051881
vt 0.201904 0.051881
vt 0.201904 0.063421
vt 0.196083 0.115302
vt 0.196083 0.063421
vt 0.190363 0.063421
vt 0.190363 0.057601
vt 0.196083 0.046061
vt 0.184543 0.057601
vt 0.184543 0.000000
vt 0.190363 0.000000
vt 0.190363 0.011540
vt 0.178823 0.011540
vt 0.184543 0.011540
vt 0.167283 0.040341
vt 0.167283 0.028800
vt 0.173003 0.028800
vt 0.173003 0.023080
vt 0.629193 0.978316
vt 0.605410 0.657491
vt 0.640031 0.680572
vt 0.726433 0.984136
vt 0.737872 0.984136
vt 0.977020 0.500545
vt 0.789953 0.931547
vt 0.795773 0.931547
vt 0.801493 0.937367
vt 0.789953 0.943087
vt 0.955230 0.995676
vt 0.766472 0.995676
vt 0.971200 0.773194
vt 0.965480 0.761654
vt 0.343196 0.972596
vt 0.348916 0.966776
vt 0.910741 0.891306
vt 0.910741 0.897026
vt 0.904921 0.897026
vt 0.899201 0.885486
vt 0.899201 0.879766
vt 0.904921 0.850866
vt 0.910741 0.850866
vt 0.034599 0.945796
vt 0.040419 0.957336
vt 0.962622 0.579720
vt 0.900688 0.262615
vt 0.057701 0.184543
vt 0.051981 0.201803
vt 0.051981 0.184543
vt 0.046161 0.201803
vt 0.040441 0.196083
vt 0.040441 0.201803
vt 0.150023 0.807314
vt 0.749613 0.966776
vt 0.363166 0.080782
vt 0.351625 0.074961
vt 0.363166 0.040341
vt 0.351625 0.069241
vt 0.345906 0.069241
vt 0.977020 0.512186
vt 0.657291 0.328746
vt 0.651571 0.328746
vt 0.651571 0.317306
vt 0.645750 0.317306
vt 0.657291 0.299945
vt 0.657291 0.311486
vt 0.663111 0.311486
vt 0.663111 0.317306
vt 0.668831 0.317306
vt 0.668831 0.311486
vt 0.651571 0.374907
vt 0.674651 0.305766
vt 0.680371 0.305766
vt 0.680371 0.299945
vt 0.697732 0.311486
vt 0.691911 0.311486
vt 0.691911 0.317306
vt 0.686191 0.317306
vt 0.686191 0.323026
vt 0.680371 0.323026
vt 0.674651 0.351826
vt 0.674651 0.363366
vt 0.680371 0.334566
vt 0.866765 0.456976
vt 0.916461 0.954727
vt 0.988560 0.541287
vt 0.965480 0.034621
vt 0.971200 0.046161
vt 0.726432 0.966776
vt 0.732152 0.978215
vt 0.605410 0.276865
vt 0.605410 0.259504
vt 0.611130 0.259504
vt 0.616950 0.271045
vt 0.616950 0.276865
vt 0.611130 0.294125
vt 0.922281 0.943187
vt 0.928102 0.943187
vt 0.928102 0.954727
vt 0.881840 0.672143
vt 0.881840 0.683683
vt 0.876020 0.683683
vt 0.876020 0.695223
vt 0.870300 0.695223
vt 0.858760 0.712584
vt 0.876020 0.718304
vt 0.864480 0.718304
vt 0.881840 0.706763
vt 0.881840 0.712584
vt 0.876020 0.712584
vt 0.864480 0.689503
vt 0.870300 0.706763
vt 0.757455 0.080782
vt 0.740195 0.074961
vt 0.103862 0.951717
vt 0.213444 0.750571
vt 0.207624 0.750571
vt 0.201904 0.739030
vt 0.201904 0.750571
vt 0.196083 0.767831
vt 0.184543 0.767831
vt 0.213444 0.721670
vt 0.201904 0.727490
vt 0.201904 0.721670
vt 0.196083 0.733210
vt 0.196083 0.727490
vt 0.184543 0.733210
vt 0.190363 0.721670
vt 0.190363 0.727490
vt 0.184543 0.727490
vt 0.167283 0.721670
vt 0.167283 0.739030
vt 0.167283 0.750571
vt 0.161463 0.779371
vt 0.161463 0.773651
vt 0.167283 0.773651
vt 0.196083 0.779371
vt 0.196083 0.785091
vt 0.178823 0.785091
vt 0.207523 0.940733
vt 0.935008 0.354736
vt 0.982840 0.203710
vt 0.907578 0.184064
vt 0.907578 0.143623
vt 0.907578 0.132082
vt 0.913298 0.132082
vt 0.913298 0.137903
vt 0.913298 0.149443
vt 0.436728 0.917096
vt 0.448268 0.905556
vt 0.442548 0.922816
vt 0.531954 0.978316
vt 0.086501 0.911176
vt 0.086501 0.905456
vt 0.092322 0.905456
vt 0.098042 0.911176
vt 0.086501 0.922716
vt 0.571994 0.995676
vt 0.577713 0.989956
vt 0.994280 0.057199
vt 0.994280 0.068639
vt 0.972390 0.995676
vt 0.228864 0.922816
vt 0.240405 0.934356
vt 0.583433 0.989956
vt 0.177837 0.643193
vt 0.161463 0.637735
vt 0.163272 0.632308
vt 0.168698 0.634117
vt 0.170507 0.628691
vt 0.186976 0.634181
vt 0.179646 0.637767
vt 0.197924 0.637830
vt 0.219820 0.645129
vt 0.218012 0.650555
vt 0.223438 0.652364
vt 0.221629 0.657790
vt 0.216203 0.655982
vt 0.185168 0.639607
vt 0.210713 0.672451
vt 0.196116 0.643257
vt 0.203382 0.676037
vt 0.197956 0.674228
vt 0.034621 0.346006
vt 0.028901 0.346006
vt 0.028901 0.351726
vt 0.028901 0.369086
vt 0.028901 0.363266
vt 0.034621 0.363266
vt 0.017361 0.397887
vt 0.023080 0.397887
vt 0.017361 0.380627
vt 0.830394 0.943087
vt 0.818854 0.943087
vt 0.818854 0.931547
vt 0.912228 0.216454
vt 0.912228 0.187553
vt 0.917948 0.187553
vt 0.917948 0.250974
vt 0.965480 0.207724
vt 0.988560 0.157148
vt 0.865014 0.935683
vt 0.155743 0.738173
vt 0.161463 0.726632
vt 0.161463 0.738173
vt 0.155743 0.743993
vt 0.161463 0.876655
vt 0.155743 0.876655
vt 0.155743 0.755533
vt 0.155743 0.830494
vt 0.155743 0.824674
vt 0.155743 0.761253
vt 0.155743 0.778614
vt 0.634210 0.934256
vt 0.977020 0.518006
vt 0.783096 0.536470
vt 0.788816 0.536470
vt 0.788816 0.553730
vt 0.783096 0.553730
vt 0.783096 0.559550
vt 0.765735 0.542190
vt 0.771556 0.542190
vt 0.771556 0.548010
vt 0.777276 0.542190
vt 0.965480 0.207724
vt 0.971200 0.219264
vt 0.956801 0.493319
vt 0.951081 0.493319
vt 0.951081 0.475959
vt 0.883484 0.954828
vt 0.887560 0.556740
vt 0.887560 0.516400
vt 0.893381 0.516400
vt 0.899100 0.562460
vt 0.899100 0.568281
vt 0.893381 0.574001
vt 0.362377 0.642480
vt 0.336148 0.664924
vt 0.328645 0.656156
vt 0.354874 0.633712
vt 0.366799 0.638696
vt 0.373037 0.663735
vt 0.365534 0.654967
vt 0.377383 0.660016
vt 0.378086 0.651886
vt 0.390573 0.648729
vt 0.394357 0.653151
vt 0.525030 0.288405
vt 0.530850 0.299945
vt 0.953322 0.966776
vt 0.102959 0.978316
vt 0.861317 0.057121
vt 0.884397 0.057121
vt 0.884397 0.068661
vt 0.878677 0.068661
vt 0.878677 0.074482
vt 0.692233 0.911526
vt 0.686413 0.911526
vt 0.686413 0.905806
vt 0.680693 0.905806
vt 0.686413 0.882726
vt 0.692233 0.882726
vt 0.680693 0.888446
vt 0.403607 0.126842
vt 0.409327 0.121122
vt 0.634210 0.484488
vt 0.605410 0.513389
vt 0.605410 0.490309
vt 0.640031 0.484488
vt 0.640031 0.513389
vt 0.714993 0.966776
vt 0.977020 0.483084
vt 0.977020 0.494725
vt 0.465629 0.917096
vt 0.977020 0.506365
vt 0.988560 0.109481
vt 0.988560 0.115201
vt 0.977020 0.419061
vt 0.835680 0.741384
vt 0.829859 0.741384
vt 0.829859 0.747104
vt 0.818419 0.747104
vt 0.812599 0.747104
vt 0.812599 0.741384
vt 0.818419 0.741384
vt 0.824139 0.712483
vt 0.829859 0.712483
vt 0.824139 0.735564
vt 0.201803 0.513289
vt 0.230704 0.501749
vt 0.230704 0.507469
vt 0.236424 0.501749
vt 0.253684 0.484488
vt 0.259504 0.484488
vt 0.236424 0.444048
vt 0.236424 0.426787
vt 0.253684 0.426787
vt 0.242244 0.444048
vt 0.242244 0.455588
vt 0.368064 0.622425
vt 0.383070 0.639961
vt 0.988560 0.552927
vt 0.488709 0.899836
vt 0.488709 0.905556
vt 0.482989 0.888296
vt 0.482989 0.894116
vt 0.477169 0.894116
vt 0.738072 0.895343
vt 0.738072 0.901163
vt 0.732352 0.901163
vt 0.732352 0.889623
vt 0.738072 0.883803
vt 0.743892 0.883803
vt 0.749612 0.889623
vt 0.749612 0.895343
vt 0.651571 0.940177
vt 0.663111 0.928636
vt 0.131559 0.966776
vt 0.137278 0.978316
vt 0.576609 0.928536
vt 0.576609 0.922816
vt 0.582430 0.911276
vt 0.642374 0.103862
vt 0.653914 0.115302
vt 0.648094 0.115302
vt 0.642374 0.121122
vt 0.642374 0.132662
vt 0.648094 0.121122
vt 0.653914 0.126842
vt 0.653914 0.155743
vt 0.924634 0.000000
vt 0.930454 0.040341
vt 0.960950 0.984136
vt 0.988560 0.384139
vt 0.977020 0.256093
vt 0.977020 0.523826
vt 0.977020 0.267733
vt 0.892311 0.984136
vt 0.910641 0.689403
vt 0.910641 0.729844
vt 0.904921 0.729844
vt 0.904921 0.735564
vt 0.899100 0.700943
vt 0.899100 0.689403
vt 0.899100 0.712483
vt 0.988560 0.174608
vt 0.859295 0.906783
vt 0.859295 0.901063
vt 0.865015 0.935683
vt 0.257397 0.984136
vt 0.994280 0.005820
vt 0.559349 0.928536
vt 0.565069 0.928536
vt 0.553529 0.934356
vt 0.423275 0.984136
vt 0.988560 0.011640
vt 0.898031 0.984136
vt 0.594873 0.989956
vt 0.507469 0.940076
vt 0.513188 0.951616
vt 0.507469 0.957437
vt 0.738173 0.918524
vt 0.743993 0.941604
vt 0.887560 0.424178
vt 0.887560 0.378018
vt 0.893280 0.378018
vt 0.893280 0.429898
vt 0.887560 0.458699
vt 0.893280 0.441439
vt 0.887560 0.476059
vt 0.893280 0.481779
vt 0.887560 0.481779
vt 0.893280 0.516400
vt 0.887560 0.516400
vt 0.887560 0.487599
vt 0.046139 0.853475
vt 0.040419 0.853475
vt 0.040419 0.847755
vt 0.051959 0.830394
vt 0.057679 0.830394
vt 0.057679 0.841934
vt 0.057679 0.853475
vt 0.057679 0.859295
vt 0.034599 0.870835
vt 0.034599 0.865015
vt 0.051959 0.876555
vt 0.040419 0.876555
vt 0.394368 0.599915
vt 0.398152 0.604338
vt 0.397449 0.612468
vt 0.859295 0.941504
vt 0.889204 0.897127
vt 0.889204 0.914387
vt 0.883484 0.920207
vt 0.541989 0.911276
vt 0.971200 0.092322
vt 0.680673 0.984136
vt 0.910641 0.539480
vt 0.910641 0.597181
vt 0.115402 0.893815
vt 0.270944 0.921254
vt 0.265224 0.921254
vt 0.265224 0.903893
vt 0.270944 0.903893
vt 0.276765 0.915433
vt 0.946748 0.251074
vt 0.952569 0.268435
vt 0.946748 0.262514
vt 0.965480 0.646252
vt 0.971200 0.634712
vt 0.069141 0.905456
vt 0.063421 0.905456
vt 0.063421 0.893915
vt 0.069141 0.888196
vt 0.080681 0.899736
vt 0.977020 0.599490
vt 0.988560 0.830195
vt 0.246125 0.957437
vt 0.988560 0.241040
vt 0.977020 0.512185
vt 0.167283 0.605611
vt 0.161463 0.605611
vt 0.161463 0.588350
vt 0.167283 0.599891
vt 0.173003 0.588350
vt 0.173003 0.594070
vt 0.167283 0.594070
vt 0.167283 0.588350
vt 0.178823 0.576810
vt 0.178823 0.588350
vt 0.167283 0.582530
vt 0.167283 0.570990
vt 0.167283 0.536369
vt 0.184543 0.565270
vt 0.184543 0.576810
vt 0.173003 0.536369
vt 0.173003 0.513289
vt 0.178823 0.513289
vt 0.190363 0.553730
vt 0.190363 0.565270
vt 0.196083 0.524829
vt 0.196083 0.530649
vt 0.201904 0.530649
vt 0.196083 0.576810
vt 0.196083 0.570990
vt 0.201904 0.570990
vt 0.190363 0.611331
vt 0.190363 0.576810
vt 0.196083 0.617151
vt 0.196083 0.611331
vt 0.224984 0.588350
vt 0.219164 0.588350
vt 0.224984 0.559450
vt 0.213444 0.570990
vt 0.213444 0.576810
vt 0.207624 0.570990
vt 0.219164 0.559450
vt 0.219164 0.553730
vt 0.213444 0.559450
vt 0.207624 0.559450
vt 0.005820 0.956824
vt 0.011641 0.945284
vt 0.872653 0.032641
vt 0.868537 0.036756
vt 0.872582 0.040801
vt 0.860377 0.053006
vt 0.856333 0.048961
vt 0.848172 0.057121
vt 0.844057 0.053006
vt 0.860377 0.012276
vt 0.872582 0.024481
vt 0.848101 0.048961
vt 0.852217 0.044846
vt 0.848101 0.000000
vt 0.856333 0.016320
vt 0.844057 0.004045
vt 0.860377 0.028596
vt 0.856262 0.024481
vt 0.856333 0.032641
vt 0.977020 0.535467
vt 0.988560 0.132361
vt 0.945261 0.625982
vt 0.977020 0.547107
vt 0.933721 0.741183
vt 0.933721 0.735463
vt 0.939541 0.735463
vt 0.582330 0.818954
vt 0.576509 0.818954
vt 0.576509 0.801694
vt 0.576509 0.795974
vt 0.582330 0.795974
vt 0.593870 0.813234
vt 0.417555 0.978316
vt 0.423275 0.966775
vt 0.600594 0.966775
vt 0.757455 0.005820
vt 0.763275 0.005820
vt 0.757455 0.000000
vt 0.565015 0.749813
vt 0.565015 0.720912
vt 0.554834 0.966775
vt 0.612033 0.966775
vt 0.938071 0.984136
vt 0.935008 0.343195
vt 0.940728 0.371996
vt 0.074359 0.995676
vt 0.051479 0.989956
vt 0.982840 0.180429
vt 0.977020 0.296835
vt 0.971200 0.692615
vt 0.144203 0.876555
vt 0.138483 0.876555
vt 0.155743 0.818854
vt 0.155743 0.824574
vt 0.144203 0.824574
vt 0.179336 0.917753
vt 0.179336 0.906213
vt 0.185056 0.900393
vt 0.190876 0.900393
vt 0.927901 0.943187
vt 0.933721 0.931647
vt 0.951082 0.458598
vt 0.945362 0.435618
vt 0.962622 0.902846
vt 0.956801 0.902846
vt 0.956801 0.891306
vt 0.977020 0.919605
vt 0.274557 0.989956
vt 0.857991 0.984136
vt 0.697732 0.954727
vt 0.703552 0.966267
vt 0.857991 0.984136
vt 0.669233 0.966775
vt 0.357212 0.689440
vt 0.361262 0.685401
vt 0.369434 0.677253
vt 0.373544 0.681375
vt 0.365372 0.689523
vt 0.361321 0.693562
vt 0.353149 0.701710
vt 0.349040 0.697588
vt 0.353090 0.693550
vt 0.328645 0.669034
vt 0.332767 0.664924
vt 0.917748 0.372096
vt 0.923468 0.314395
vt 0.860047 0.204813
vt 0.860047 0.187553
vt 0.865867 0.193373
vt 0.860047 0.222174
vt 0.865867 0.216353
vt 0.860047 0.274055
vt 0.865867 0.227894
vt 0.860047 0.325935
vt 0.865867 0.245254
vt 0.865867 0.377916
vt 0.860047 0.377916
vt 0.865867 0.268335
vt 0.865867 0.337476
vt 0.945261 0.896826
vt 0.839190 0.406358
vt 0.840007 0.400697
vt 0.851330 0.402331
vt 0.850513 0.407992
vt 0.844851 0.407175
vt 0.852977 0.431667
vt 0.852146 0.437428
vt 0.857808 0.438244
vt 0.832598 0.411288
vt 0.833429 0.405527
vt 0.831782 0.416949
vt 0.831782 0.457708
vt 0.867582 0.451314
vt 0.703552 0.966268
vt 0.709372 0.954727
vt 0.942098 0.080202
vt 0.936278 0.097462
vt 0.419492 0.781415
vt 0.420209 0.775740
vt 0.422385 0.758516
vt 0.425279 0.735618
vt 0.402381 0.732725
vt 0.403098 0.727050
vt 0.433118 0.719211
vt 0.425167 0.782132
vt 0.434564 0.707762
vt 0.433835 0.713536
vt 0.428160 0.712819
vt 0.420222 0.729214
vt 0.423115 0.706315
vt 0.420951 0.723439
vt 0.398153 0.720558
vt 0.413113 0.693419
vt 0.426009 0.683417
vt 0.431783 0.684147
vt 0.431053 0.689921
vt 0.436728 0.690638
vt 0.436011 0.696313
vt 0.357446 0.867426
vt 0.357446 0.855886
vt 0.368986 0.855886
vt 0.380526 0.855886
vt 0.357446 0.873146
vt 0.392066 0.844345
vt 0.962622 0.447158
vt 0.945261 0.891306
vt 0.945261 0.868226
vt 0.501749 0.288405
vt 0.645750 0.911376
vt 0.651571 0.911376
vt 0.645750 0.928636
vt 0.640031 0.922917
vt 0.945261 0.378018
vt 0.950981 0.378018
vt 0.950981 0.389558
vt 0.945261 0.401098
vt 0.905021 0.954727
vt 0.901453 0.000000
vt 0.907274 0.051981
vt 0.901453 0.040441
vt 0.939541 0.729743
vt 0.945261 0.729743
vt 0.945261 0.752824
vt 0.163580 0.852675
vt 0.169538 0.842792
vt 0.179336 0.848698
vt 0.173378 0.858581
vt 0.178363 0.861586
vt 0.167420 0.868465
vt 0.162522 0.865512
vt 0.161463 0.878348
vt 0.173378 0.892209
vt 0.168393 0.889205
vt 0.174351 0.879321
vt 0.179336 0.882326
vt 0.177304 0.874422
vt 0.663011 0.957437
vt 0.657291 0.957437
vt 0.663011 0.940177
vt 0.345906 0.949552
vt 0.467394 0.767849
vt 0.895938 0.183963
vt 0.884397 0.183963
vt 0.884397 0.178243
vt 0.559249 0.940076
vt 0.559249 0.957336
vt 0.876555 0.952944
vt 0.870735 0.935583
vt 0.051959 0.876555
vt 0.956801 0.706663
vt 0.977020 0.616951
vt 0.765735 0.461508
vt 0.771455 0.455688
vt 0.351726 0.839870
vt 0.351726 0.851410
vt 0.351726 0.886031
vt 0.334365 0.886031
vt 0.334365 0.874491
vt 0.345906 0.874491
vt 0.328645 0.839870
vt 0.345906 0.868771
vt 0.340186 0.868771
vt 0.328645 0.851410
vt 0.334365 0.857231
vt 0.959459 0.057121
vt 0.357446 0.850166
vt 0.392066 0.827085
vt 0.380526 0.815545
vt 0.386246 0.815545
vt 0.392066 0.821265
vt 0.965380 0.120542
vt 0.910641 0.574101
vt 0.531954 0.984136
vt 0.280277 0.989956
vt 0.789953 0.925827
vt 0.789953 0.914287
vt 0.801493 0.914287
vt 0.801493 0.931547
vt 0.778513 0.954727
vt 0.570789 0.957336
vt 0.565069 0.957336
vt 0.977020 0.355038
vt 0.971200 0.727033
vt 0.977020 0.355038
vt 0.299845 0.921354
vt 0.311385 0.903994
vt 0.909471 0.984136
vt 0.617753 0.995676
vt 0.899201 0.920107
vt 0.988560 0.564568
vt 0.946748 0.268435
vt 0.952569 0.285795
vt 0.824674 0.954627
vt 0.766873 0.954727
vt 0.956801 0.873846
vt 0.950981 0.856586
vt 0.939541 0.412538
vt 0.947714 0.023080
vt 0.977020 0.628591
vt 0.904821 0.389558
vt 0.904821 0.378018
vt 0.910641 0.378018
vt 0.910641 0.395378
vt 0.904821 0.395378
vt 0.910641 0.406918
vt 0.904821 0.406918
vt 0.910641 0.412638
vt 0.904821 0.412638
vt 0.910641 0.418459
vt 0.910641 0.453079
vt 0.904821 0.453079
vt 0.950981 0.914387
vt 0.537674 0.984136
vt 0.971200 0.343397
vt 0.697833 0.978215
vt 0.126842 0.922716
vt 0.982840 0.064023
vt 0.982840 0.064023
vt 0.419468 0.955235
vt 0.285997 0.989956
vt 0.994280 0.069442
vt 0.988560 0.075162
vt 0.749612 0.901163
vt 0.743893 0.918423
vt 0.495928 0.940076
vt 0.501648 0.957437
vt 0.959143 0.966776
vt 0.836114 0.752824
vt 0.819536 0.381082
vt 0.825357 0.381082
vt 0.825357 0.392622
vt 0.836897 0.398442
vt 0.977020 0.971990
vt 0.982840 0.192069
vt 0.894868 0.302855
vt 0.971200 0.017461
vt 0.977020 0.704255
vt 0.877407 0.343296
vt 0.888947 0.343296
vt 0.871687 0.349016
vt 0.994280 0.778715
vt 0.888947 0.331655
vt 0.928001 0.608722
vt 0.928001 0.585641
vt 0.933821 0.585641
vt 0.933821 0.608722
vt 0.928001 0.614442
vt 0.933821 0.625982
vt 0.928001 0.625982
vt 0.988560 0.564568
vt 0.108679 0.978316
vt 0.120119 0.978316
vt 0.924838 0.183963
vt 0.167283 0.915290
vt 0.737973 0.966776
vt 0.887661 0.747104
vt 0.881840 0.747104
vt 0.893381 0.695223
vt 0.893381 0.735664
vt 0.686413 0.957587
vt 0.692133 0.940327
vt 0.971200 0.023281
vt 0.194478 0.978316
vt 0.977020 0.424881
vt 0.971200 0.710076
vt 0.430807 0.903354
vt 0.425088 0.903354
vt 0.425088 0.897534
vt 0.413547 0.885994
vt 0.057701 0.922716
vt 0.069241 0.905456
vt 0.069241 0.922716
vt 0.988560 0.178121
vt 0.471449 0.905556
vt 0.482989 0.917096
vt 0.477269 0.922816
vt 0.507368 0.893915
vt 0.977020 0.582029
vt 0.977020 0.442342
vt 0.994280 0.195281
vt 0.965480 0.023080
vt 0.971200 0.011540
vt 0.977020 0.442342
vt 0.988560 0.206721
vt 0.962622 0.798884
vt 0.956801 0.787344
vt 0.977020 0.401600
vt 0.977020 0.401600
vt 0.623473 0.989956
vt 0.789953 0.891306
vt 0.994280 0.212441
vt 0.939541 0.504759
vt 0.947919 0.131982
vt 0.853474 0.883803
vt 0.853474 0.877982
vt 0.865015 0.895343
vt 0.859194 0.901063
vt 0.847654 0.901063
vt 0.847654 0.895343
vt 0.853474 0.889523
vt 0.988560 0.229600
vt 0.297437 0.989956
vt 0.977020 0.471443
vt 0.977020 0.937066
vt 0.849777 0.155743
vt 0.820976 0.173003
vt 0.820976 0.155743
vt 0.826696 0.155743
vt 0.838237 0.144203
vt 0.844057 0.144203
vt 0.943791 0.984136
vt 0.955230 0.984136
vt 0.265224 0.944334
vt 0.263485 0.894016
vt 0.950981 0.908567
vt 0.956801 0.925827
vt 0.396287 0.793672
vt 0.396287 0.782132
vt 0.402107 0.782132
vt 0.407827 0.787952
vt 0.407827 0.793672
vt 0.413648 0.811033
vt 0.425188 0.816753
vt 0.430908 0.805212
vt 0.430908 0.816753
vt 0.430908 0.834113
vt 0.425188 0.834113
vt 0.425188 0.839833
vt 0.407827 0.839833
vt 0.407827 0.828293
vt 0.407827 0.822573
vt 0.407827 0.816753
vt 0.402107 0.816753
vt 0.402107 0.805212
vt 0.977020 0.273553
vt 0.965480 0.253885
vt 0.971200 0.265425
vt 0.988560 0.576209
vt 0.977020 0.325936
vt 0.977020 0.325936
vt 0.960950 0.984136
vt 0.436728 0.961055
vt 0.430908 0.949515
vt 0.915191 0.984136
vt 0.926631 0.984136
vt 0.357446 0.955172
vt 0.351625 0.955172
vt 0.351625 0.937912
vt 0.994280 0.040742
vt 0.928101 0.954727
vt 0.916461 0.954727
vt 0.317105 0.880913
vt 0.299845 0.944434
vt 0.213344 0.363366
vt 0.213344 0.357546
vt 0.219164 0.357546
vt 0.219164 0.346006
vt 0.224884 0.346006
vt 0.224884 0.340286
vt 0.230704 0.340286
vt 0.236424 0.334466
vt 0.253684 0.334466
vt 0.259504 0.334466
vt 0.259504 0.340286
vt 0.265224 0.340286
vt 0.265224 0.351826
vt 0.219164 0.363366
vt 0.224884 0.357546
vt 0.224884 0.363366
vt 0.230704 0.357546
vt 0.242244 0.346006
vt 0.259504 0.346006
vt 0.253684 0.346006
vt 0.253684 0.340286
vt 0.259504 0.351826
vt 0.933922 0.954727
vt 0.927901 0.447159
vt 0.922181 0.429898
vt 0.465629 0.917096
vt 0.869431 0.984136
vt 0.869431 0.984136
vt 0.749612 0.860722
vt 0.749612 0.866442
vt 0.749612 0.877982
vt 0.743893 0.854902
vt 0.880871 0.984136
vt 0.880871 0.984136
s 0
usemtl Sheath
f 5/1/1 3/2/1 2/3/1
f 3591/4/2 3643/5/2 3465/6/2
f 3774/7/3 3773/8/3 3772/9/3
f 8/10/4 9/11/4 7/12/4
f 2650/13/2 2677/14/2 2658/15/2
f 12/16/4 14/17/4 11/18/4
f 10/19/5 15/20/5 9/21/5
f 18/22/2 12/23/2 11/24/2
f 660/25/2 544/26/2 580/27/2
f 142/28/5 117/29/5 143/30/5
f 28/31/6 10/32/6 8/33/6
f 11/34/6 2/35/6 9/36/6
f 17/37/6 13/38/6 12/39/6
f 33/40/5 3/41/5 31/42/5
f 36/43/1 34/44/1 31/45/1
f 17/46/4 16/47/4 99/48/4
f 21/49/2 38/50/2 37/51/2
f 24/52/6 26/53/6 50/54/6
f 19/55/1 48/56/1 45/57/1
f 47/58/4 25/59/4 46/60/4
f 46/61/6 19/62/6 45/63/6
f 66/64/2 44/65/2 43/66/2
f 103/67/6 74/68/6 73/69/6
f 54/70/2 52/71/2 50/72/2
f 56/73/4 54/74/4 27/75/4
f 322/76/1 380/77/1 463/78/1
f 3812/79/3 3804/80/3 3800/81/3
f 1707/82/6 1665/83/6 1706/84/6
f 41/85/6 33/86/6 58/87/6
f 42/88/2 62/89/2 61/90/2
f 39/91/6 61/92/6 38/93/6
f 48/94/6 41/95/6 64/96/6
f 70/88/4 51/97/4 69/98/4
f 69/99/6 49/100/6 47/94/6
f 1373/101/5 1346/102/5 1372/103/5
f 159/104/1 135/105/1 98/106/1
f 57/99/6 55/107/6 56/108/6
f 3796/109/4 3726/110/4 3720/111/4
f 63/112/6 86/113/6 62/114/6
f 38/115/1 84/116/1 35/117/1
f 68/118/2 91/119/2 66/64/2
f 92/120/5 133/121/5 95/122/5
f 95/123/6 71/124/6 70/125/6
f 78/126/5 59/127/5 58/128/5
f 97/129/5 100/130/5 73/131/5
f 103/132/2 98/133/2 75/131/2
f 90/134/6 78/135/6 104/136/6
f 3669/137/1 3745/138/1 3743/139/1
f 108/140/1 107/97/1 66/141/1
f 52/142/4 111/143/4 91/144/4
f 91/145/6 108/146/6 66/147/6
f 88/148/1 87/149/1 84/150/1
f 115/151/6 97/152/6 96/153/6
f 102/154/6 99/155/6 98/156/6
f 3076/157/4 3046/158/4 3000/159/4
f 571/160/2 491/161/2 472/162/2
f 3219/163/4 3220/164/4 3162/165/4
f 3366/166/1 3365/167/1 3315/168/1
f 80/169/6 118/170/6 79/171/6
f 107/172/6 125/173/6 89/174/6
f 128/175/6 93/176/6 105/177/6
f 129/178/4 92/179/4 128/180/4
f 113/181/4 131/182/4 53/183/4
f 53/184/6 110/185/6 52/172/6
f 94/186/1 130/187/1 92/188/1
f 984/189/2 875/190/2 874/191/2
f 176/192/6 178/193/6 188/194/6
f 3328/195/6 3285/196/6 3292/197/6
f 152/198/6 130/199/6 129/200/6
f 114/201/6 132/202/6 113/203/6
f 122/204/1 119/205/1 118/206/1
f 156/207/6 135/208/6 133/209/6
f 141/210/6 114/211/6 112/212/6
f 163/213/5 169/214/5 138/215/5
f 172/216/2 164/217/2 140/218/2
f 169/219/6 140/220/6 138/221/6
f 239/222/1 147/223/1 230/224/1
f 147/225/6 143/226/6 173/227/6
f 129/228/5 239/229/5 209/230/5
f 145/231/6 180/232/6 144/233/6
f 150/234/6 147/235/6 181/236/6
f 149/237/6 182/238/6 148/239/6
f 199/240/4 114/241/4 198/242/4
f 171/243/6 167/244/6 164/245/6
f 204/246/1 188/247/1 206/248/1
f 142/249/4 175/250/4 120/251/4
f 210/252/1 148/253/1 182/254/1
f 158/255/5 219/256/5 156/257/5
f 204/258/5 226/259/5 187/260/5
f 1826/261/4 1811/262/4 1788/263/4
f 2912/264/2 2984/265/2 3093/266/2
f 213/267/4 215/268/4 194/269/4
f 202/270/6 199/271/6 198/272/6
f 291/273/2 202/274/2 225/275/2
f 203/276/6 202/277/6 200/278/6
f 2513/279/1 2456/280/1 2457/281/1
f 208/282/6 235/283/6 207/284/6
f 209/285/1 244/286/1 243/287/1
f 2538/288/1 2770/289/1 2665/290/1
f 218/291/6 214/292/6 213/293/6
f 250/294/6 197/295/6 195/296/6
f 251/297/6 220/298/6 219/299/6
f 255/300/4 224/301/4 254/302/4
f 231/145/6 227/303/6 258/304/6
f 361/305/1 231/306/1 358/307/1
f 229/308/6 261/309/6 228/310/6
f 239/311/6 231/312/6 262/313/6
f 325/314/5 246/315/5 244/316/5
f 244/317/6 239/318/6 263/319/6
f 322/320/2 281/321/2 323/322/2
f 242/323/6 265/324/6 241/325/6
f 195/326/4 154/327/4 133/328/4
f 275/329/5 259/330/5 273/331/5
f 260/332/2 278/333/2 277/334/2
f 167/335/4 202/336/4 102/337/4
f 310/338/5 251/339/5 219/340/5
f 34/341/1 60/342/1 33/343/1
f 280/344/6 275/345/6 292/346/6
f 1964/347/5 1877/348/5 1965/349/5
f 279/350/6 295/351/6 278/352/6
f 2744/353/2 2772/354/2 2590/355/2
f 362/356/2 210/357/2 282/358/2
f 1718/359/4 1617/360/4 1593/361/4
f 307/362/2 296/363/2 333/364/2
f 248/365/5 334/366/5 309/367/5
f 300/368/2 272/369/2 304/370/2
f 291/371/6 290/372/6 289/317/6
f 314/373/5 253/374/5 313/375/5
f 80/376/3 81/377/3 79/378/3
f 153/379/5 195/380/5 129/381/5
f 2376/382/1 2309/383/1 2345/384/1
f 269/385/5 325/314/5 308/386/5
f 2269/387/1 2164/388/1 2187/389/1
f 539/390/4 538/391/4 550/392/4
f 304/393/6 302/394/6 300/395/6
f 146/396/1 124/397/1 105/398/1
f 287/399/4 298/400/4 288/401/4
f 256/402/1 220/403/1 223/404/1
f 339/405/6 310/406/6 309/407/6
f 379/408/2 458/409/2 418/410/2
f 340/411/6 313/412/6 311/413/6
f 344/414/5 349/415/5 316/416/5
f 110/417/2 109/418/2 111/419/2
f 352/420/2 345/421/2 318/422/2
f 2717/423/6 2707/424/6 2716/425/6
f 323/426/6 356/427/6 322/428/6
f 358/429/5 258/430/5 359/431/5
f 3282/432/5 3144/433/5 3283/434/5
f 352/435/6 316/436/6 349/437/6
f 1951/438/2 2020/439/2 1949/440/2
f 365/441/6 331/442/6 330/443/6
f 338/444/6 333/445/6 332/446/6
f 202/447/2 114/448/2 168/449/2
f 368/450/6 344/451/6 342/276/6
f 351/452/6 348/453/6 345/454/6
f 373/455/5 355/456/5 371/457/5
f 3630/458/2 3701/459/2 3631/460/2
f 3423/461/4 3488/462/4 3441/463/4
f 321/464/2 375/465/2 374/466/2
f 359/467/6 354/468/6 377/469/6
f 1734/470/4 1787/471/4 1788/263/4
f 361/472/6 359/473/6 382/474/6
f 419/475/1 382/476/1 359/477/1
f 360/478/6 383/479/6 357/480/6
f 381/481/1 383/482/1 423/483/1
f 327/484/6 387/485/6 362/486/6
f 397/487/3 401/488/3 393/489/3
f 457/490/5 378/491/5 417/492/5
f 3499/493/2 3498/494/2 3495/495/2
f 300/496/1 315/497/1 313/498/1
f 369/499/4 414/500/4 415/501/4
f 546/502/1 373/503/1 458/504/1
f 378/505/6 373/506/6 417/507/6
f 376/508/6 418/509/6 375/510/6
f 427/333/4 388/511/4 386/334/4
f 428/512/3 427/513/3 424/514/3
f 430/515/4 394/516/4 390/511/4
f 426/517/3 430/518/3 425/519/3
f 391/520/2 427/521/2 386/522/2
f 427/523/3 432/524/3 433/525/3
f 435/526/3 438/527/3 439/528/3
f 402/529/2 442/530/2 400/531/2
f 400/532/1 437/533/1 399/534/1
f 442/535/3 441/536/3 437/537/3
f 403/538/1 443/539/1 402/540/1
f 447/541/3 446/542/3 443/543/3
f 242/544/1 211/545/1 245/546/1
f 1784/547/1 1802/548/1 1804/549/1
f 413/550/6 409/551/6 408/552/6
f 1447/553/4 1531/554/4 1532/555/4
f 530/556/2 455/557/2 536/558/2
f 416/559/6 413/560/6 411/561/6
f 438/562/5 401/563/5 439/564/5
f 3403/565/3 3408/566/3 3402/567/3
f 2983/568/4 2937/569/4 2981/570/4
f 421/571/6 420/572/6 460/573/6
f 381/574/6 465/575/6 380/576/6
f 406/577/4 445/578/4 407/579/4
f 470/580/4 426/581/4 425/582/4
f 467/583/3 470/584/3 466/585/3
f 469/586/3 472/587/3 468/588/3
f 474/589/3 476/590/3 477/591/3
f 443/592/1 475/593/1 441/594/1
f 480/595/3 479/596/3 475/597/3
f 482/598/6 445/599/6 444/600/6
f 483/601/6 452/602/6 450/603/6
f 461/604/6 457/605/6 488/606/6
f 459/607/6 489/608/6 458/609/6
f 756/610/1 648/611/1 674/612/1
f 519/613/5 506/614/5 485/615/5
f 91/616/5 107/617/5 149/618/5
f 478/619/1 497/620/1 476/621/1
f 494/622/3 496/623/3 497/624/3
f 481/625/1 495/626/1 479/627/1
f 500/601/3 499/628/3 495/629/3
f 196/630/6 212/631/6 243/632/6
f 1837/633/2 1839/634/2 1855/635/2
f 506/636/6 487/637/6 485/638/6
f 526/639/5 512/640/5 511/641/5
f 517/642/4 505/643/4 503/644/4
f 76/645/2 113/646/2 55/647/2
f 521/648/2 515/649/2 520/650/2
f 516/651/5 537/652/5 521/653/5
f 537/654/6 519/655/6 521/656/6
f 203/2/2 184/657/2 167/658/2
f 561/659/1 498/660/1 513/661/1
f 405/662/4 365/663/4 404/664/4
f 278/665/1 276/666/1 273/667/1
f 645/668/5 450/669/5 644/670/5
f 536/671/6 531/672/6 530/673/6
f 543/674/6 516/675/6 517/676/6
f 539/677/6 535/678/6 532/679/6
f 1257/680/1 1196/681/1 1234/682/1
f 3476/683/4 3579/684/4 3580/685/4
f 687/686/2 490/687/2 463/688/2
f 409/689/2 952/690/2 501/691/2
f 2696/692/4 2697/693/4 2673/694/4
f 994/695/1 867/696/1 991/697/1
f 523/698/5 567/699/5 555/700/5
f 1001/701/2 919/702/2 946/703/2
f 2860/704/4 2904/705/4 2906/706/4
f 561/707/6 557/708/6 572/709/6
f 560/710/6 573/711/6 558/712/6
f 270/713/4 248/714/4 269/715/4
f 575/716/3 577/717/3 574/718/3
f 586/719/6 567/720/6 566/721/6
f 571/722/6 569/723/6 568/724/6
f 541/725/2 589/726/2 510/727/2
f 1896/728/2 2129/729/2 1829/730/2
f 577/731/2 597/732/2 574/733/2
f 610/734/4 613/735/4 590/736/4
f 590/737/6 611/738/6 589/739/6
f 595/740/6 591/741/6 617/598/6
f 594/742/6 618/743/6 592/744/6
f 599/745/6 598/746/6 597/747/6
f 623/620/5 603/748/5 621/621/5
f 603/749/6 624/750/6 621/751/6
f 2763/752/4 2742/753/4 2762/754/4
f 272/755/6 255/756/6 254/757/6
f 164/758/1 183/759/1 163/760/1
f 141/761/2 99/762/2 116/763/2
f 608/764/2 605/765/2 606/766/2
f 627/767/6 607/768/6 626/769/6
f 615/770/6 612/771/6 610/772/6
f 2708/773/6 2752/774/6 2785/775/6
f 484/776/1 502/777/1 452/778/1
f 602/779/6 623/780/6 631/781/6
f 1091/782/1 1072/783/1 1104/784/1
f 320/785/6 374/786/6 355/787/6
f 818/788/2 638/789/2 768/790/2
f 2764/791/6 2763/792/6 2798/793/6
f 625/794/2 639/795/2 638/796/2
f 682/797/1 592/798/1 618/799/1
f 448/800/4 338/801/4 446/802/4
f 553/803/5 581/804/5 545/805/5
f 3221/806/4 3164/807/4 3252/808/4
f 2508/809/2 2612/810/2 2704/811/2
f 654/812/6 642/813/6 641/814/6
f 316/815/4 318/816/4 304/817/4
f 659/818/6 644/819/6 643/820/6
f 702/821/4 733/822/4 952/823/4
f 664/824/2 604/825/2 665/826/2
f 2861/827/6 2814/828/6 2813/829/6
f 671/830/3 672/831/3 670/832/3
f 640/833/6 674/834/6 639/835/6
f 676/836/3 679/837/3 678/838/3
f 682/839/3 681/742/3 677/744/3
f 113/840/5 149/618/5 191/841/5
f 742/842/5 647/843/5 740/844/5
f 714/845/4 671/846/4 670/847/4
f 663/848/6 662/849/6 660/850/6
f 665/851/6 686/852/6 664/779/6
f 135/853/5 115/854/5 96/855/5
f 691/856/3 692/857/3 690/858/3
f 750/859/4 703/860/4 734/861/4
f 675/862/6 646/863/6 694/864/6
f 675/865/5 720/866/5 650/867/5
f 724/868/5 770/869/5 729/870/5
f 667/871/6 685/872/6 705/873/6
f 666/874/5 602/875/5 631/876/5
f 688/877/6 708/878/6 687/879/6
f 711/880/3 714/881/3 709/882/3
f 716/736/4 691/883/4 690/884/4
f 713/885/3 716/886/3 712/887/3
f 2529/888/4 2530/889/4 2495/890/4
f 722/891/5 697/892/5 695/893/5
f 724/894/3 727/895/3 728/896/3
f 2330/897/4 2278/898/4 2301/899/4
f 731/900/3 730/901/3 726/902/3
f 2909/903/2 2857/904/2 2856/905/2
f 734/906/6 701/907/6 699/908/6
f 736/909/4 704/910/4 703/911/4
f 2004/912/1 1940/913/1 1999/914/1
f 710/915/6 707/916/6 738/917/6
f 755/918/1 719/919/1 742/920/1
f 3616/921/6 3615/922/6 3620/923/6
f 569/924/4 585/925/4 469/926/4
f 475/927/2 495/928/2 437/929/2
f 651/930/5 641/931/5 627/932/5
f 2614/933/1 2540/934/1 2541/935/1
f 747/936/6 757/937/6 746/938/6
f 981/939/4 876/940/4 980/941/4
f 2659/942/5 2699/943/5 2807/944/5
f 770/869/5 722/945/5 843/946/5
f 784/947/3 782/948/3 783/949/3
f 791/950/3 790/951/3 789/952/3
f 2129/953/1 1956/954/1 1926/955/1
f 813/956/1 792/957/1 817/958/1
f 2766/959/4 2701/960/4 2765/961/4
f 796/962/3 797/963/3 795/964/3
f 532/965/2 507/966/2 539/967/2
f 813/968/2 789/969/2 790/970/2
f 452/971/5 369/972/5 342/973/5
f 3656/974/2 3784/975/2 3722/976/2
f 357/977/2 324/978/2 237/979/2
f 794/980/3 801/981/3 802/982/3
f 1473/983/6 1455/984/6 1453/985/6
f 821/986/3 820/987/3 819/988/3
f 814/989/6 810/990/6 826/916/6
f 813/991/6 827/992/6 812/993/6
f 2147/994/4 1950/995/4 1889/996/4
f 1881/997/2 1880/998/2 1847/999/2
f 820/1000/2 828/1001/2 819/1002/2
f 2031/1003/6 2028/1004/6 2033/1005/6
f 876/940/4 824/1006/4 874/1007/4
f 2082/1008/3 2080/1009/3 2081/1010/3
f 3050/1011/5 3140/1012/5 2911/1013/5
f 834/1014/6 846/1015/6 833/1016/6
f 2341/1017/1 2344/1018/1 2284/1019/1
f 815/1020/4 739/1021/4 709/1022/4
f 1830/1023/2 1843/1024/2 1823/1025/2
f 1637/1026/2 1636/1027/2 1614/1028/2
f 842/1029/2 852/1030/2 841/1031/2
f 1985/1032/4 2022/1033/4 2090/1034/4
f 857/1035/5 804/1036/5 856/1037/5
f 644/1038/4 482/1039/4 643/1040/4
f 788/1041/1 814/1042/1 785/1043/1
f 865/1044/6 848/1045/6 847/1046/6
f 852/1047/6 850/1048/6 849/1049/6
f 853/1050/5 867/1051/5 855/1052/5
f 2118/1053/1 2072/1054/1 2116/1055/1
f 804/1056/2 729/1057/2 698/1058/2
f 861/1059/6 857/1060/6 869/1061/6
f 860/1062/6 870/1063/6 858/1064/6
f 676/1065/5 616/1066/5 630/1067/5
f 855/1052/5 794/1068/5 840/1069/5
f 1395/1070/4 1387/1071/4 1323/1072/4
f 1077/1073/5 1016/1074/5 944/1075/5
f 2945/1076/1 2914/1077/1 2947/1078/1
f 697/1079/1 728/1080/1 680/1081/1
f 893/1082/5 894/1083/5 873/1084/5
f 896/1085/3 895/1086/3 893/1087/3
f 3584/1088/3 3586/1089/3 3582/1090/3
f 879/1091/2 878/1092/2 864/1093/2
f 884/1094/2 906/1095/2 883/1096/2
f 552/1097/2 358/1098/2 467/1099/2
f 903/1044/3 908/1100/3 902/1101/3
f 912/1102/3 910/1103/3 911/1104/3
f 874/1105/6 894/1106/6 898/1107/6
f 886/1108/6 867/1109/6 914/863/6
f 829/1110/6 915/1111/6 828/1112/6
f 952/1113/3 946/1114/3 948/1115/3
f 917/1116/3 920/1117/3 921/1118/3
f 924/1119/3 923/1120/3 919/1121/3
f 3176/1122/1 3339/1123/1 3389/1124/1
f 930/1125/5 897/1126/5 896/1127/5
f 1421/1128/4 1494/1129/4 1690/1130/4
f 2247/1131/4 2230/1132/4 2228/1133/4
f 934/1134/3 933/1135/3 932/1136/3
f 1027/1137/1 1028/1138/1 989/1139/1
f 899/1140/5 902/1141/5 865/1142/5
f 938/1143/4 903/1144/4 902/1145/4
f 1660/1146/6 1645/1147/6 1695/1148/6
f 779/1149/4 798/1150/4 769/1151/4
f 171/1152/4 224/301/4 257/1153/4
f 2263/1154/5 2264/1155/5 2236/1156/5
f 3094/1157/1 2945/1076/1 2947/1078/1
f 922/1144/1 947/1158/1 920/1159/1
f 925/1160/1 946/1161/1 923/1162/1
f 875/1163/1 930/1164/1 896/1165/1
f 955/1084/5 956/1166/5 927/1167/5
f 956/1168/6 930/1169/6 927/1170/6
f 958/1171/3 957/1172/3 955/1173/3
f 933/1174/2 962/1175/2 932/1176/2
f 2138/1177/4 2110/1178/4 2092/1179/4
f 3701/1180/3 3700/1181/3 3699/1182/3
f 587/1183/4 605/1184/4 693/1185/4
f 918/1186/6 943/1187/6 942/1188/6
f 973/1189/3 976/1190/3 972/1191/3
f 955/1192/6 978/1193/6 954/1194/6
f 975/1195/3 981/1196/3 974/1197/3
f 979/1127/5 959/1198/5 958/1199/5
f 980/1200/3 983/1201/3 979/1202/3
f 987/1203/3 985/1204/3 986/1205/3
f 1052/1206/5 1051/1207/5 936/1208/5
f 413/1209/2 302/1210/2 319/1211/2
f 531/1212/4 413/1213/4 530/1214/4
f 1633/1215/2 1620/1216/2 1657/1217/2
f 1142/1218/5 977/1219/5 1041/1220/5
f 266/1221/2 388/1222/2 328/1223/2
f 183/1224/5 222/1225/5 161/1226/5
f 3011/1227/5 3049/1228/5 3081/1229/5
f 652/1230/2 607/1231/2 609/1232/2
f 890/1233/1 921/1234/1 857/1235/1
f 1034/1236/2 943/1237/2 1036/1238/2
f 994/1239/6 992/1240/6 1010/1241/6
f 2195/1242/1 2108/1243/1 2192/1244/1
f 993/1245/6 1011/1246/6 990/1247/6
f 1015/1248/6 999/1249/6 998/1250/6
f 585/925/2 634/1251/2 583/1252/2
f 944/1075/5 971/1253/5 917/1254/5
f 2135/1255/4 2163/1256/4 2111/1257/4
f 1071/1258/2 1132/1259/2 1089/1260/2
f 721/1261/5 743/1262/5 801/1263/5
f 2534/1264/1 2483/1265/1 2482/1266/1
f 1019/1267/2 1039/1268/2 1017/1269/2
f 1026/1270/1 1049/1271/1 1025/1272/1
f 1028/1273/5 1055/1274/5 1030/1275/5
f 1054/1276/3 1030/1277/3 1055/1278/3
f 757/1279/2 1074/1280/2 887/1281/2
f 584/1282/5 468/1283/5 381/1284/5
f 1060/1285/5 1062/1286/5 1061/1287/5
f 1046/1288/1 1047/1289/1 1066/1290/1
f 1068/1291/1 1024/1292/1 1049/1271/1
f 2033/1293/1 1967/1294/1 2031/1295/1
f 1073/1296/3 1072/1297/3 1071/1298/3
f 1057/1299/3 1075/1300/3 1056/1301/3
f 1075/1302/4 1000/433/4 1015/1303/4
f 1052/1304/6 1066/1305/6 1085/1306/6
f 2873/1307/1 2818/1308/1 2918/1309/1
f 208/1310/2 180/1311/2 148/1312/2
f 2199/1313/3 2193/1314/3 2197/1315/3
f 3805/1316/3 3811/1317/3 3809/1318/3
f 2125/1319/3 2124/1320/3 2123/1321/3
f 1841/1322/1 1756/1323/1 1838/1324/1
f 1095/1325/5 1061/1326/5 1077/1327/5
f 1079/1328/4 1144/1329/4 1121/1330/4
f 1631/1331/4 1639/1332/4 1615/1333/4
f 2281/1334/2 2279/1335/2 2254/1336/2
f 1153/1337/2 1226/1338/2 1178/1339/2
f 3363/1340/6 3310/1341/6 3309/1342/6
f 2017/1343/5 2145/1344/5 1856/1345/5
f 1117/1346/2 1106/1347/2 1118/1348/2
f 765/1349/1 685/1350/1 624/1351/1
f 1163/1352/2 1018/1353/2 1007/1354/2
f 1411/1355/2 1410/1356/2 1395/1357/2
f 1098/1358/1 1123/1359/1 1109/1360/1
f 653/1361/1 625/1362/1 608/1363/1
f 3698/1364/5 3624/1365/5 3623/1366/5
f 1124/1367/1 1083/1368/1 1191/1369/1
f 1138/1370/6 1115/1371/6 1114/1249/6
f 1493/1372/4 1494/1129/4 1479/1373/4
f 1019/1374/4 1018/1375/4 1042/1376/4
f 1134/1377/6 1129/1378/6 1149/1379/6
f 1150/1380/1 1113/1381/1 1132/1382/1
f 1133/1383/6 1150/1384/6 1132/1385/6
f 1140/1386/2 1153/1337/2 1137/1387/2
f 1159/1388/2 1139/1389/2 1162/1390/2
f 1190/1391/5 1081/1392/5 1066/1393/5
f 1084/1394/2 1191/1395/2 1068/1396/2
f 1168/1397/1 1128/1382/1 1112/1398/1
f 1113/1399/6 1168/1400/6 1112/1401/6
f 1073/1402/1 990/1403/1 1011/1404/1
f 1172/1405/3 1175/1406/3 1171/1407/3
f 1174/1408/3 1177/1409/3 1173/1410/3
f 1180/1411/4 1158/1412/4 1179/1413/4
f 1179/1414/6 1157/1415/6 1156/1416/6
f 1181/1409/4 1183/1417/4 1159/1418/4
f 1159/1419/6 1155/1420/6 1154/1421/6
f 3040/1422/5 2975/1423/5 2973/1424/5
f 966/1425/5 942/1426/5 746/1427/5
f 1200/1428/1 1198/1429/1 1127/1430/1
f 1128/1431/6 1200/1432/6 1127/1433/6
f 1166/1434/1 1204/1435/1 1202/1436/1
f 1170/1437/6 1166/1438/6 1202/1439/6
f 1209/1440/4 1172/1441/4 1171/1442/4
f 1206/1443/3 1209/1444/3 1205/1445/3
f 1208/1446/3 1211/1447/3 1207/1448/3
f 1176/1449/1 1217/1445/1 1175/1450/1
f 1213/1440/3 1216/1451/3 1217/1452/3
f 1178/1453/1 1215/1454/1 1177/1455/1
f 1220/1456/3 1219/1457/3 1215/1458/3
f 1223/1459/4 1160/1460/4 1222/1461/4
f 1222/1462/6 1161/1463/6 1180/1464/6
f 1225/1463/4 1227/1465/4 1184/1466/4
f 1184/1467/6 1182/1468/6 1181/1469/6
f 1230/1470/6 1142/1471/6 1187/1472/6
f 436/1473/2 529/1474/2 527/1475/2
f 1100/1476/1 1086/1477/1 1087/1478/1
f 1188/1479/6 1186/1480/6 1185/1481/6
f 1193/1482/6 1190/1483/6 1232/1484/6
f 1192/1485/6 1233/1486/6 1191/1487/6
f 1385/1488/5 1386/1489/5 1492/1490/5
f 1198/1491/6 1234/1492/6 1196/1493/6
f 1204/1494/6 1197/1495/6 1235/1496/6
f 1236/1497/4 1206/1498/4 1205/1499/4
f 1218/1500/6 1214/1501/6 1213/1502/6
f 1218/1503/1 1244/1412/1 1216/1504/1
f 1240/1505/3 1243/1506/3 1244/1507/3
f 1221/1508/1 1242/1509/1 1219/1510/1
f 1247/1511/3 1246/1512/3 1242/1513/3
f 1249/1514/6 1224/1515/6 1223/1414/6
f 1250/1516/4 1251/1517/4 1249/1518/4
f 1245/1519/1 1267/1459/1 1243/1461/1
f 1248/1520/1 1266/1521/1 1246/1522/1
f 1269/1523/3 1268/1524/3 1266/1525/3
f 1250/1526/5 1271/1527/5 1273/1528/5
f 1093/1529/5 1158/1530/5 1228/1531/5
f 1277/1532/3 1275/1533/3 1276/1534/3
f 1262/1535/4 1208/1536/4 1207/1537/4
f 1281/1538/3 1280/1539/3 1279/1540/3
f 1284/1541/1 1282/1510/1 1253/1542/1
f 1255/1543/6 1284/1544/6 1253/1545/6
f 1292/1546/5 1265/1547/5 1264/1548/5
f 1270/1549/1 1293/1550/1 1268/1551/1
f 1296/1551/3 1299/1552/3 1295/1549/3
f 2257/1553/4 2244/1554/4 2221/1555/4
f 2260/1556/1 2206/1557/1 2232/1558/1
f 1263/1559/3 1261/1560/3 1259/1561/3
f 1283/1562/2 1286/1563/2 1301/1564/2
f 1288/1565/3 1286/1566/3 1283/1567/3
f 1311/1568/3 1312/1569/3 1310/1570/3
f 1297/1571/3 1294/1572/3 1298/1573/3
f 1302/1574/5 1316/1575/5 1306/1576/5
f 3013/1577/3 3003/1578/3 3008/1579/3
f 270/1580/1 248/1581/1 197/1582/1
f 540/1583/1 553/1584/1 546/502/1
f 2791/1585/3 2789/1586/3 2792/1587/3
f 2559/1588/5 2469/1589/5 2498/1590/5
f 2693/1591/5 2686/1592/5 2687/1593/5
f 2374/1594/6 2404/1595/6 2370/1596/6
f 1329/1597/2 1330/1598/2 1339/1599/2
f 2869/1600/6 2819/1601/6 2821/1602/6
f 105/1603/5 90/1604/5 147/1605/5
f 1338/1606/5 1355/1607/5 1354/1608/5
f 2521/1609/5 2487/1610/5 2519/1611/5
f 1760/1612/1 1691/1613/1 1694/1614/1
f 1326/1615/2 1280/1616/2 1510/1617/2
f 3411/1618/5 3314/1619/5 3365/1620/5
f 1409/1621/5 1364/1622/5 1374/1623/5
f 2641/1624/7 2620/1625/7 2596/1626/7
f 2337/1627/1 2233/1628/1 2307/1629/1
f 2410/1630/5 2379/1631/5 2409/1632/5
f 1461/1633/5 1436/1634/5 1277/1635/5
f 1399/1544/3 1400/1636/3 1401/1637/3
f 44/1638/1 21/1639/1 23/1640/1
f 3382/1641/3 3376/1642/3 3377/1643/3
f 564/1644/4 551/1645/4 550/392/4
f 1391/1646/2 1412/1647/2 1390/1648/2
f 808/1649/2 833/1650/2 686/1651/2
f 2688/1652/6 2681/1653/6 2687/1654/6
f 3710/1655/6 3703/1656/6 3713/1657/6
f 1457/1658/2 1415/1659/2 1443/1660/2
f 712/1661/2 741/1662/2 776/1663/2
f 1486/1664/4 1474/1665/4 1457/969/4
f 2845/1666/2 2733/1667/2 2759/1668/2
f 1428/1669/6 1422/1670/6 1439/1671/6
f 2379/1631/5 2326/1672/5 2324/1673/5
f 1434/1674/2 1443/1660/2 1433/1675/2
f 787/1676/5 788/1677/5 784/1678/5
f 2937/1679/3 2940/1680/3 2936/1681/3
f 2463/1682/1 2384/1683/1 2386/1684/1
f 1508/1685/1 1450/1686/1 1438/1687/1
f 2835/1688/3 2832/1689/3 2836/1690/3
f 1453/1691/1 1470/1692/1 1469/1693/1
f 1471/1694/1 1468/1695/1 1454/1696/1
f 643/1697/5 727/1698/5 920/1699/5
f 2016/1700/6 2008/1701/6 2007/1702/6
f 649/1703/1 651/1704/1 607/1705/1
f 1253/1706/2 1195/1707/2 1196/1708/2
f 1470/1709/6 1465/1710/6 1484/1711/6
f 2079/1712/1 2057/1713/1 2005/1714/1
f 1468/1715/6 1485/1716/6 1466/1717/6
f 1549/1718/5 1501/1719/5 1470/1720/5
f 1457/1721/6 1471/1722/6 1454/1723/6
f 1482/1724/5 1496/1725/5 1483/1726/5
f 1483/1727/1 1499/1728/1 1465/1729/1
f 1488/1730/6 1487/1731/6 1486/1732/6
f 2257/1733/5 2394/1734/5 2222/1735/5
f 1499/1736/6 1482/1737/6 1512/1738/6
f 1498/1739/6 1513/1740/6 1497/1741/6
f 818/788/2 775/1742/2 793/1743/2
f 1514/1744/6 1502/1745/6 1501/1746/6
f 3016/1747/2 2979/1748/2 2939/1749/2
f 3768/1750/2 3801/1751/2 3767/1752/2
f 1540/1753/5 1499/1754/5 1541/1755/5
f 3065/1756/6 3064/1757/6 3104/1758/6
f 3267/1759/4 3238/1760/4 3266/1761/4
f 1551/1762/4 1561/1763/4 1488/1764/4
f 1518/1765/2 1526/1766/2 1516/1767/2
f 1353/1768/5 1357/1769/5 1354/1608/5
f 2489/1770/1 2525/1771/1 2458/1772/1
f 1537/1773/3 1540/1774/3 1541/1775/3
f 2282/1776/4 2235/1777/4 2338/1778/4
f 1544/1298/3 1543/1779/3 1539/1780/3
f 1423/1781/1 1368/1782/1 1351/1783/1
f 1548/1784/3 1549/1785/3 1547/1786/3
f 1563/1787/2 1551/1788/2 1529/1789/2
f 2507/1790/1 2453/1791/1 2455/1792/1
f 1690/1793/2 1458/1794/2 1396/1795/2
f 773/1796/1 772/1797/1 766/1798/1
f 179/1799/1 144/1800/1 207/1801/1
f 2382/1802/1 2329/1803/1 2379/1804/1
f 1558/1805/3 1560/1806/3 1557/1807/3
f 1571/1808/1 1545/1809/1 1556/1810/1
f 1380/1811/2 1342/1812/2 1382/1813/2
f 2981/570/4 2863/1814/4 2861/1815/4
f 1504/1816/5 1550/1817/5 1585/1818/5
f 190/1819/2 228/1820/2 179/1821/2
f 1387/1822/5 1628/1823/5 1388/1824/5
f 1573/1825/1 1565/1826/1 1542/1827/1
f 59/127/1 65/1828/1 41/1829/1
f 1569/1830/3 1572/1831/3 1573/1832/3
f 1562/1833/2 1688/1834/2 1620/1216/2
f 1607/1835/5 1608/1836/5 1594/1837/5
f 1583/1838/3 1582/1839/3 1581/1840/3
f 567/1841/4 508/1842/4 466/1843/4
f 2527/1844/4 2528/1845/4 2493/1846/4
f 731/1847/1 681/1848/1 683/1849/1
f 2077/1850/1 2073/1851/1 2076/1852/1
f 3579/1853/6 3578/1854/6 3618/1855/6
f 3460/1856/2 3574/1857/2 3504/1858/2
f 3085/1859/6 3132/1860/6 3079/1861/6
f 215/1862/6 192/1863/6 194/1864/6
f 3520/1865/3 3528/1866/3 3519/1867/3
f 1635/1868/1 1634/1869/1 1577/1870/1
f 1600/1871/2 1613/1872/2 1599/1873/2
f 389/1874/5 363/1875/5 364/1876/5
f 2200/1877/3 2206/1878/3 2204/1879/3
f 1303/1880/2 1317/1881/2 1329/1597/2
f 861/1882/1 729/1883/1 770/1884/1
f 3224/1885/4 3226/1886/4 3185/1887/4
f 710/1888/1 420/1889/1 461/1890/1
f 1931/1891/5 1903/1892/5 1802/1893/5
f 1556/1894/2 1500/1895/2 1487/1896/2
f 2565/1897/2 2597/1898/2 2583/1899/2
f 1626/1900/2 1632/1901/2 1624/1902/2
f 3753/1903/6 3673/1904/6 3672/1905/6
f 950/1906/5 750/1907/5 699/1908/5
f 3168/1909/4 3104/1910/4 3166/1911/4
f 1667/1912/5 1716/1913/5 1604/1914/5
f 1643/1915/3 1641/1916/3 1642/1917/3
f 3622/1918/6 3623/1919/6 3583/1920/6
f 596/1921/1 558/1922/1 573/1923/1
f 3786/1924/3 3782/1925/3 3784/1926/3
f 2667/1927/2 2612/810/2 2613/1928/2
f 1660/1929/5 1644/1930/5 1643/1931/5
f 3301/1932/5 3454/1933/5 3500/1934/5
f 1645/1935/3 1647/1936/3 1648/1937/3
f 1668/1938/1 1666/1939/1 1650/1940/1
f 1651/1941/6 1668/1942/6 1650/1552/6
f 290/1943/4 202/1944/4 289/1945/4
f 1661/1946/1 1635/1868/1 1629/1947/1
f 1592/1948/5 1546/1949/5 1572/1950/5
f 1683/1951/2 1681/1952/2 1680/1953/2
f 3642/1954/6 3712/1955/6 3647/1956/6
f 1678/1939/4 1683/1957/4 1658/1940/4
f 1658/1958/6 1680/1959/6 1657/1960/6
f 3760/1961/6 3757/1962/6 3756/1963/6
f 1813/1964/4 1846/1965/4 1902/1966/4
f 1664/1967/2 1704/1968/2 1703/1969/2
f 1662/1970/6 1703/1971/6 1661/1972/6
f 1709/1973/5 1707/1974/5 1706/1975/5
f 1710/1976/1 1705/1977/1 1664/1978/1
f 92/1979/5 47/1980/5 48/1981/5
f 3745/1982/3 3744/1983/3 3742/1984/3
f 3730/1985/3 3650/1986/3 3727/1987/3
f 1726/1988/5 1723/1989/5 1754/1990/5
f 3625/1991/4 3627/1992/4 3584/1993/4
f 2710/1994/1 2717/1995/1 2714/1996/1
f 1698/1997/1 1737/1998/1 1694/1614/1
f 897/1999/4 984/2000/4 898/2001/4
f 1705/2002/6 1741/1952/6 1704/2003/6
f 1801/2004/2 1715/2005/2 1653/2006/2
f 1719/2007/5 1751/2008/5 1720/2009/5
f 1755/2010/5 1722/2011/5 1721/2012/5
f 3202/2013/1 3213/2014/1 3157/2015/1
f 1760/2016/3 1758/2017/3 1759/2018/3
f 747/2019/2 723/2020/2 696/2021/2
f 1859/2022/2 1777/2023/2 1794/2024/2
f 163/2025/6 160/2026/6 185/2027/6
f 3612/2028/1 3613/2029/1 3776/2030/1
f 1765/2031/3 1755/2032/3 1767/2033/3
f 1769/2034/3 1768/2035/3 1766/2036/3
f 3813/2037/4 3765/2038/4 3776/2039/4
f 1762/2040/5 1663/2041/5 1701/2042/5
f 1708/2043/5 1742/2044/5 1745/2045/5
f 1776/2046/5 1763/2047/5 1764/2048/5
f 2672/2049/6 2686/2050/6 2692/2051/6
f 1779/2052/3 1780/2053/3 1778/2054/3
f 1758/2055/5 1692/2056/5 1691/2057/5
f 602/2058/1 633/2059/1 601/2060/1
f 1945/2061/1 1855/2062/1 1839/2063/1
f 556/2064/5 614/2065/5 557/2066/5
f 282/2067/1 236/2068/1 265/2069/1
f 3651/2070/2 3649/2071/2 3543/2072/2
f 3723/2073/5 3541/2074/5 3594/2075/5
f 1930/2076/1 1758/2077/1 1792/2078/1
f 3439/2079/4 3180/2080/4 3179/2081/4
f 1796/2082/3 1798/2083/3 1795/2084/3
f 360/2085/1 237/2086/1 235/2087/1
f 569/2088/4 468/2089/4 491/2090/4
f 1792/2091/6 1790/2092/6 1812/2093/6
f 1666/2094/6 1710/2095/6 1664/2096/6
f 549/2097/2 558/2098/2 592/2099/2
f 3415/2100/2 3430/2101/2 3378/2102/2
f 1712/2103/2 1710/2104/2 1669/2105/2
f 2879/2106/5 2787/2107/5 2750/2108/5
f 672/2109/4 635/2110/4 570/2111/4
f 1808/2112/2 1823/1025/2 1806/2113/2
f 2720/2114/6 2753/2115/6 2712/2116/6
f 353/2117/5 305/2118/5 292/2119/5
f 3553/2120/3 3552/2121/3 3550/2122/3
f 1872/2123/5 1785/2124/5 1771/2125/5
f 123/2126/2 144/2127/2 122/2128/2
f 1696/2129/4 1789/2130/4 1894/2131/4
f 2792/2132/4 2721/2133/4 2791/2134/4
f 987/2135/1 881/2136/1 960/2137/1
f 1730/2138/4 1685/2139/4 1729/2140/4
f 2550/2141/2 2547/2142/2 2407/2143/2
f 1838/1930/3 1840/2144/3 1841/2145/3
f 1919/2146/5 1887/2147/5 1918/2148/5
f 2775/2149/5 2666/2150/5 2665/2151/5
f 3382/2152/4 3336/2153/4 3335/2154/4
f 1837/633/2 1853/2155/2 1820/2156/2
f 595/2157/1 557/2158/1 593/2159/1
f 1892/2160/5 1812/2161/5 2066/2162/5
f 781/2163/5 837/2164/5 668/2165/5
f 1862/2166/2 1798/2167/2 1816/2168/2
f 1616/2169/2 1885/2170/2 1867/2171/2
f 777/2172/5 755/2173/5 739/2174/5
f 3290/2175/1 3247/2176/1 3292/2177/1
f 1869/2178/6 1857/1503/6 1856/1504/6
f 1914/2179/2 1883/2180/2 1916/2181/2
f 1873/2182/3 1872/2183/3 1870/2184/3
f 1013/2185/5 1075/2186/5 998/2187/5
f 1866/2188/6 1882/2189/6 1865/2190/6
f 1890/2191/5 1874/2192/5 1873/2193/5
f 950/2194/3 947/2195/3 945/2196/3
f 1896/2197/1 1833/2198/1 1834/2199/1
f 1793/2200/2 1897/2201/2 1711/2202/2
f 1742/2044/5 1763/2047/5 1876/2203/5
f 1719/2007/5 1627/2204/5 1718/2205/5
f 1902/2206/2 1860/2207/2 1815/2208/2
f 1913/2209/3 1912/2188/3 1910/2190/3
f 888/2210/4 916/2211/4 795/2212/4
f 444/2213/5 561/2214/5 643/1697/5
f 2026/2215/1 1981/2216/1 1927/2217/1
f 1923/2218/6 1890/2219/6 1889/2220/6
f 3436/2221/1 3420/461/1 3437/2222/1
f 1912/2223/2 1936/2224/2 1910/2225/2
f 2061/2226/5 2062/2227/5 2041/2228/5
f 1934/2229/3 1938/2230/3 1939/2231/3
f 1914/2232/1 1937/2233/1 1912/2234/1
f 1919/2146/5 1942/2235/5 2043/2236/5
f 1895/2237/1 1926/955/1 1925/2238/1
f 1961/2239/5 1899/2240/5 1959/2241/5
f 1899/2242/6 1930/2243/6 1959/2244/6
f 1962/2245/3 1960/2246/3 1961/2247/3
f 2262/2248/5 2248/2249/5 2177/2250/5
f 1906/2251/5 1932/2252/5 1934/2253/5
f 2747/2254/1 2751/2255/1 2749/2256/1
f 1908/2257/2 1987/2258/2 1905/2259/2
f 1907/2260/4 1936/2261/4 1935/2262/4
f 1932/2263/1 1970/2264/1 1969/2265/1
f 1939/2266/6 1932/2267/6 1969/2268/6
f 1971/2269/1 1909/2270/1 1936/2271/1
f 1937/2272/6 1971/2273/6 1936/2274/6
f 2101/2275/4 2071/2276/4 2001/2277/4
f 1131/2278/4 1103/2279/4 1091/2280/4
f 1945/2281/2 1948/2282/2 1978/2283/2
f 1978/2284/3 1947/2285/3 1977/2286/3
f 2013/2287/2 1842/2288/2 1771/2289/2
f 3094/2290/5 2944/2291/5 2915/2292/5
f 2064/2293/4 1954/2294/4 2021/2295/4
f 1956/954/1 1982/2296/1 1927/2217/1
f 1986/2297/5 1963/2298/5 1962/2299/5
f 1963/2300/1 1965/2301/1 1960/2302/1
f 1970/2303/6 1967/2304/6 1990/2305/6
f 1993/2306/1 1989/2307/1 1908/2308/1
f 1909/2309/6 1993/2310/6 1908/2311/6
f 1992/2312/3 1995/2313/3 1991/2314/3
f 1999/2315/5 1996/2316/5 2035/2317/5
f 2002/2318/3 1997/2319/3 2001/2320/3
f 1999/2321/3 2003/2322/3 2004/2323/3
f 1995/2324/4 1934/2325/4 1939/2326/4
f 2006/2327/6 1943/2328/6 1973/2329/6
f 2007/2319/4 2009/2330/4 1976/2331/4
f 1976/2332/6 1975/2333/6 1974/2334/6
f 3291/2335/5 3251/2336/5 3250/2337/5
f 1743/2338/1 1709/2339/1 1702/2340/1
f 2012/2341/3 2013/2342/3 2011/2343/3
f 1948/2344/1 2016/2345/1 1947/2346/1
f 1500/2347/1 1466/2348/1 1485/2349/1
f 1965/2350/6 1986/2351/6 2027/2352/6
f 2194/2353/4 2146/2354/4 2145/2355/4
f 2032/2356/4 1992/2357/4 1991/2358/4
f 2005/2359/6 2000/2360/6 1999/2361/6
f 1998/2362/1 2036/2363/1 1997/2364/1
f 2039/2365/3 2038/2359/3 2036/2361/3
f 2011/2366/1 2046/2367/1 2045/2368/1
f 2017/2369/6 2011/2370/6 2045/2371/6
f 2024/2372/1 2050/2373/1 2023/2374/1
f 942/2375/2 889/2376/2 918/2377/2
f 745/2378/4 722/2379/4 721/2380/4
f 2053/2381/6 2034/2382/6 2032/2383/6
f 2040/2384/1 2056/2385/1 2038/2386/1
f 2115/2387/4 2053/2388/4 2054/2389/4
f 1556/1894/2 1544/2390/2 1525/2391/2
f 1994/2392/6 1987/2393/6 1989/2394/6
f 2046/2395/6 2043/2396/6 2042/2397/6
f 2055/2398/2 2102/2399/2 2001/2400/2
f 2060/2401/2 2077/2402/2 2076/2403/2
f 3016/2404/4 3193/2405/4 3245/2406/4
f 2056/2407/6 2076/2408/6 2055/2409/6
f 4/2410/6 36/2411/6 3/2412/6
f 2193/2413/2 2242/2414/2 2124/2415/2
f 2070/2416/2 2098/2417/2 2069/2418/2
f 886/2419/1 803/2420/1 885/2421/1
f 906/2422/3 905/2423/3 937/2095/3
f 2079/2424/6 2072/2425/6 2103/2314/6
f 1718/2426/1 1617/2427/1 1559/2428/1
f 2193/2429/1 2126/2430/1 2197/2431/1
f 863/2432/1 881/2136/1 836/2433/1
f 3171/2434/4 3071/2435/4 3105/2436/4
f 2965/2437/4 2943/2438/4 2942/2439/4
f 962/2440/3 960/2441/3 961/2442/3
f 466/2443/5 384/2444/5 361/2445/5
f 2098/1566/3 2097/2446/3 2112/2447/3
f 2102/2448/6 2101/2449/6 2100/2450/6
f 2120/2451/4 2106/2452/4 2105/2453/4
f 2119/2454/3 2120/2455/3 2117/2456/3
f 1009/2457/1 1052/2458/1 988/2459/1
f 2221/2460/5 2227/2461/5 2148/2462/5
f 2087/2463/1 2149/2464/1 2066/2465/1
f 2097/2466/2 2139/2467/2 2111/2468/2
f 2133/2469/3 2131/2470/3 2132/2246/3
f 3289/2471/2 3214/2472/2 3290/2473/2
f 2130/2474/1 1845/2475/1 1897/2476/1
f 2137/2477/5 2113/2478/5 2110/2479/5
f 3272/2480/5 3191/2481/5 3268/2482/5
f 1120/2483/1 1096/2484/1 1064/2485/1
f 2118/2486/6 2115/2487/6 2114/2488/6
f 2807/2489/2 2846/2490/2 2802/2491/2
f 2143/2492/4 2123/2493/4 2122/2494/4
f 2142/2495/3 2143/2496/3 2141/2497/3
f 4/2498/8 22/2499/8 3/2500/8
f 1720/2501/1 1767/2502/1 1675/2503/1
f 2146/2504/3 2147/2505/3 2145/2506/3
f 1736/2507/4 1811/262/4 1827/2508/4
f 3677/2509/4 3604/2510/4 3498/2511/4
f 2231/2512/4 2085/2513/4 2084/2514/4
f 1160/2515/5 1224/2516/5 1228/1531/5
f 3682/2517/3 3673/2518/3 3679/2519/3
f 2154/2520/3 2155/2521/3 2153/2522/3
f 2566/890/1 2528/2523/1 2494/2524/1
f 1346/102/5 1344/2525/5 1340/2526/5
f 2156/2527/1 2140/2528/1 2165/2529/1
f 2299/2530/5 2214/2531/5 2102/2532/5
f 2285/2533/2 2309/2534/2 2283/2535/2
f 420/801/5 359/2536/5 377/2537/5
f 2173/2538/1 2171/2539/1 2149/2464/1
f 2231/2540/2 1871/2541/2 1807/2542/2
f 2117/2543/5 2061/2226/5 2079/2544/5
f 2161/2545/3 2162/2546/3 2160/2547/3
f 1109/1360/1 1080/2548/1 1082/2549/1
f 2229/2550/3 2227/2551/3 2225/2552/3
f 2432/2553/4 2474/2554/4 2501/2555/4
f 428/2556/1 362/2557/1 387/2558/1
f 2171/2545/3 2169/2559/3 2170/2560/3
f 2175/2561/3 2174/2562/3 2173/2563/3
f 2177/2564/3 2181/2565/3 2182/2566/3
f 2184/2567/4 2161/2568/4 2160/2569/4
f 1258/2570/1 1197/2571/1 1256/2572/1
f 1377/2573/2 1405/2574/2 1404/2575/2
f 2271/2576/2 2165/2577/2 2189/2578/2
f 1203/2579/5 1204/2580/5 1258/2581/5
f 2357/2582/1 2299/2583/1 2300/2584/1
f 2192/2585/3 2194/2586/3 2195/2587/3
f 2201/2588/5 2172/2589/5 2171/2590/5
f 2190/2591/4 2191/2592/4 2141/2593/4
f 2174/2589/2 2202/2594/2 2173/2595/2
f 1038/2596/4 1001/2597/4 1037/2598/4
f 2210/2599/3 2209/2600/3 2208/2601/3
f 3095/2602/2 2870/2603/2 2917/2604/2
f 3384/2605/3 3378/2606/3 3380/2607/3
f 1428/2608/5 1601/2609/5 1569/2610/5
f 2184/2611/3 2179/2612/3 2180/2613/3
f 1298/2614/4 1229/2615/4 1297/2616/4
f 2182/2617/1 2134/2618/1 2177/2619/1
f 126/2620/1 149/2621/1 125/2622/1
f 2240/2623/2 2215/2624/2 2216/2625/2
f 2238/2569/4 2240/2626/4 2219/2627/4
f 2219/2628/6 2216/2629/6 2217/2630/6
f 2215/2631/3 2238/2632/3 2214/2633/3
f 2218/2634/5 2241/2635/5 2220/2636/5
f 1439/2637/5 1451/2638/5 1428/2608/5
f 3300/2639/5 3452/2640/5 3486/2641/5
f 3412/2642/1 3366/166/1 3367/2643/1
f 1272/2644/3 1271/2645/3 1265/2646/3
f 2543/2647/5 2540/2648/5 2615/2649/5
f 1254/2650/4 1196/2651/4 1194/2652/4
f 3146/2653/2 2875/2654/2 3059/2655/2
f 2238/2656/2 2249/2657/2 2214/2658/2
f 2395/2659/4 2247/1131/4 2225/2660/4
f 924/2661/1 891/2662/1 858/2663/1
f 2260/2664/3 2258/2665/3 2259/2666/3
f 1229/2667/6 1226/2668/6 1225/2669/6
f 2923/2670/1 2871/2671/1 3021/2672/1
f 2270/2673/3 2272/2674/3 2268/2675/3
f 2252/2676/4 2277/2677/4 2251/2678/4
f 2251/2679/6 2250/2680/6 2249/2681/6
f 2153/2682/5 2131/2683/5 2181/2684/5
f 1980/2685/4 1952/2686/4 2049/2687/4
f 2340/2688/2 2208/2689/2 2235/2690/2
f 1048/2691/6 1082/2692/6 1047/2693/6
f 1266/2694/2 1289/2695/2 1287/2696/2
f 2595/2697/1 2581/2698/1 2548/2699/1
f 2264/2700/1 2289/2701/1 2288/2702/1
f 2269/2703/6 2264/2704/6 2288/2705/6
f 2290/2706/1 2287/2707/1 2265/2708/1
f 2267/2709/6 2290/2710/6 2265/2711/6
f 2324/1673/5 2294/2712/5 2270/2713/5
f 2283/2535/2 2162/2714/2 2139/2467/2
f 2273/2715/1 2297/2716/1 2272/2717/1
f 2294/2718/3 2296/2719/3 2297/2720/3
f 2302/2721/4 2304/2722/4 2253/2723/4
f 2253/2724/6 2276/2725/6 2252/2726/6
f 3073/2727/1 3039/2728/1 3072/2729/1
f 1238/2730/3 1237/2731/3 1256/2732/3
f 864/2733/1 833/2734/1 846/2735/1
f 2263/2736/1 2313/2737/1 2312/2738/1
f 2289/2739/6 2263/2740/6 2312/2741/6
f 2301/2742/6 2275/2743/6 2274/2744/6
f 2314/2745/1 2311/2746/1 2285/2747/1
f 2287/2748/6 2314/2749/6 2285/2750/6
f 2317/2751/3 2320/2752/3 2316/2753/3
f 2322/2754/4 2293/2755/4 2292/2756/4
f 2319/2757/3 2322/2758/3 2318/2759/3
f 2377/2760/2 2352/2761/2 2322/2762/2
f 1459/2763/4 1366/2764/4 1396/2765/4
f 2298/2766/1 2328/2738/1 2296/2767/1
f 2326/2768/3 2327/2769/3 2328/2770/3
f 2305/2771/6 2303/2772/6 2302/2773/6
f 2243/2774/5 2241/2635/5 2331/2775/5
f 2372/2776/1 2261/2777/1 2368/2778/1
f 2337/2779/5 2232/2780/5 2200/2781/5
f 2361/2782/4 2305/2783/4 2360/2784/4
f 2341/2785/5 2284/2786/5 2258/2787/5
f 2344/2788/5 2313/2789/5 2342/2790/5
f 2313/2791/6 2284/2792/6 2342/2793/6
f 2311/2794/6 2345/2795/6 2309/2796/6
f 2369/2797/5 2261/2798/5 2260/2799/5
f 2348/2800/4 2317/2801/4 2316/2802/4
f 2350/2726/3 2348/2803/3 2349/2804/3
f 1368/1782/1 1375/2805/1 1367/2806/1
f 2352/2807/4 2319/2808/4 2318/2809/4
f 2347/2810/3 2352/2811/3 2346/2812/3
f 2670/2813/1 2688/2814/1 2687/2815/1
f 2357/2816/3 2356/2817/3 2355/2818/3
f 1566/2819/1 1576/2820/1 1663/2821/1
f 2359/2822/6 2331/2823/6 2330/2824/6
f 2395/2825/6 2414/2826/6 2415/2827/6
f 2368/2828/3 2371/2829/3 2372/2792/3
f 2814/2830/4 2636/2831/4 2656/2832/4
f 2379/2833/3 2381/2834/3 2382/2835/3
f 280/2836/1 305/2837/1 359/2838/1
f 2358/2839/1 2380/2840/1 2356/2841/1
f 2385/2842/3 2384/2843/3 2380/2844/3
f 2389/2845/4 2391/2846/4 2362/2847/4
f 2362/2848/6 2361/2849/6 2360/2850/6
f 2370/2851/2 2401/2852/2 2400/2853/2
f 2340/2854/6 2400/2855/6 2339/2856/6
f 2398/2857/1 2424/2858/1 2397/1790/1
f 2404/2859/1 2402/2860/1 2370/2861/1
f 2378/2862/2 2407/2143/2 2377/2760/2
f 230/1986/5 173/2863/5 231/2864/5
f 3400/2865/6 3393/2866/6 3355/2867/6
f 2462/2868/1 2383/2869/1 2411/2870/1
f 2136/2871/5 2183/2872/5 2186/2873/5
f 2413/2874/6 2393/2875/6 2395/2876/6
f 3446/2877/1 3413/2878/1 3430/2879/1
f 2402/2880/6 2420/2881/6 2401/2882/6
f 2421/2883/3 2419/2884/3 2418/2885/3
f 2416/2886/3 2423/2887/3 2424/2888/3
f 2427/2889/3 2430/2890/3 2426/2891/3
f 2078/2892/2 2019/2893/2 2142/2894/2
f 2429/2895/3 2434/2896/3 2428/2795/3
f 2437/2897/3 2436/2898/3 2432/2899/3
f 2433/2900/3 2440/2901/3 2439/2902/3
f 2419/2903/2 2449/2904/2 2418/2905/2
f 2449/2906/3 2448/2907/3 2447/2600/3
f 1167/2908/1 1149/2909/1 1129/2910/1
f 2422/2911/1 2450/2912/1 2419/2913/1
f 2425/2914/1 2454/2915/1 2423/2916/1
f 2451/2522/3 2453/2917/3 2454/2918/3
f 1570/2919/4 1571/2920/4 1555/2921/4
f 2940/2922/1 2964/2923/1 2963/2924/1
f 2481/2925/3 2475/2926/3 2476/2927/3
f 2468/2928/4 2427/2929/4 2426/2930/4
f 2465/2931/3 2468/2932/3 2464/2586/3
f 2467/2933/3 2470/2934/3 2466/2935/3
f 2469/2936/5 2431/2937/5 2427/2938/5
f 2473/2939/3 2472/2940/3 2469/2941/3
f 2444/2942/1 2482/2943/1 2442/2944/1
f 2434/2945/2 2470/2946/2 2428/2947/2
f 2470/2948/3 2478/2949/3 2477/2950/3
f 2475/2951/5 2438/2952/5 2437/2953/5
f 2440/2954/2 2476/2955/2 2439/2956/2
f 2912/2957/4 2910/2958/4 2911/2959/4
f 767/2960/4 775/2961/4 850/2962/4
f 2927/2963/2 2924/2964/2 2882/2965/2
f 2457/2966/3 2450/2967/3 2452/2968/3
f 2957/2969/4 3051/2970/4 2917/2971/4
f 2462/2972/6 2458/2973/6 2491/2974/6
f 2461/2975/6 2492/2976/6 2459/2977/6
f 2497/2978/4 2465/2979/4 2464/2980/4
f 2494/2981/3 2497/2982/3 2493/2983/3
f 2499/2984/4 2467/2985/4 2466/2986/4
f 2496/2987/3 2499/2988/3 2495/2989/3
f 3213/2990/1 3286/2991/1 3156/2992/1
f 3146/2993/3 3145/2994/3 3144/2995/3
f 2445/2996/3 2444/2997/3 2442/2998/3
f 416/437/2 348/2999/2 370/435/2
f 2387/3000/4 2332/3001/4 2359/3002/4
f 2507/3003/3 2509/3004/3 2510/3005/3
f 2513/3006/3 2512/3007/3 2508/3008/3
f 2282/3009/1 2235/3010/1 2211/3011/1
f 2486/3012/6 2485/3013/6 2484/3014/6
f 2544/3015/4 2518/3016/4 2486/3017/4
f 2490/3018/2 2520/3019/2 2488/3020/2
f 2364/3021/6 2388/3022/6 2412/3023/6
f 1106/1347/2 1105/3024/2 1092/3025/2
f 3080/3026/6 3124/3027/6 3083/3028/6
f 2543/3029/4 2517/3030/4 2539/3031/4
f 2539/3032/6 2516/3033/6 2515/3034/6
f 2703/3035/1 2537/3036/1 2506/3037/1
f 2550/3038/3 2552/3039/3 2549/3040/3
f 2523/3041/1 2555/3042/1 2554/3043/1
f 2525/3044/6 2523/3045/6 2554/3046/6
f 2556/3047/1 2553/3048/1 2524/3049/1
f 2522/3050/6 2556/3051/6 2524/3052/6
f 2563/3053/3 2558/3054/3 2562/3055/3
f 2565/3056/3 2560/3057/3 2564/3058/3
f 2632/3059/2 2529/3060/2 2499/3061/2
f 2536/3062/1 2503/3063/1 2504/3064/1
f 2570/3065/3 2540/3066/3 2572/3067/3
f 3205/3068/3 3216/3069/3 3202/3070/3
f 2574/3071/3 2573/3072/3 2571/3073/3
f 2576/3074/6 2542/3075/6 2543/3076/6
f 2577/3077/4 2579/3078/4 2547/3079/4
f 2547/3080/6 2545/3081/6 2544/3082/6
f 2571/3083/1 2514/3084/1 2574/3085/1
f 1549/3086/4 1515/3087/4 1490/3088/4
f 2555/3089/6 2548/3090/6 2581/3091/6
f 2582/3092/1 2580/3093/1 2550/3094/1
f 2553/3095/6 2582/3096/6 2550/3097/6
f 2605/3098/4 2584/3099/4 2563/3100/4
f 2928/3101/5 2950/3102/5 2958/3103/5
f 1640/3104/1 1654/3105/1 1639/3106/1
f 2534/3107/5 2482/3108/5 2503/3109/5
f 2591/3110/3 2590/3111/3 2589/3112/3
f 3197/3113/3 3189/3114/3 3192/3115/3
f 2580/3116/6 2578/3117/6 2577/3118/6
f 2594/3119/3 2596/3120/3 2593/3121/3
f 2595/3122/3 2598/3123/3 2599/3124/3
f 2562/3125/5 2527/3126/5 2555/3127/5
f 2602/3128/3 2605/3129/3 2601/2982/3
f 2604/3130/3 2607/3131/3 2603/3132/3
f 2372/3133/6 2367/3134/6 2375/3135/6
f 3360/3136/4 3460/3137/4 3402/3138/4
f 3186/3139/5 3127/3140/5 3121/3141/5
f 2620/3142/4 2594/3143/4 2593/3144/4
f 2617/3145/3 2620/3095/3 2616/3097/3
f 2623/3146/4 2596/857/4 2622/3147/4
f 2597/3148/1 2624/3149/1 2596/3150/1
f 2627/3151/3 2626/3152/3 2624/3153/3
f 2600/3154/1 2630/3155/1 2598/3156/1
f 2629/3157/4 2602/3158/4 2601/3159/4
f 2625/3160/3 2629/3161/3 2630/3162/3
f 1129/3163/5 1102/3164/5 1099/3165/5
f 1637/1026/2 1672/3166/2 1653/2006/2
f 2678/3167/5 2610/3168/5 2651/3169/5
f 1319/3170/2 1308/3171/2 1320/3172/2
f 2635/3173/4 2656/2832/4 2636/2831/4
f 3775/3174/4 3777/3175/4 3619/3176/4
f 2586/3177/4 2569/3178/4 2532/3179/4
f 2641/3180/4 2617/3181/4 2616/3182/4
f 2642/3183/3 2641/3184/3 2640/3185/3
f 2415/3186/2 2433/3187/2 2395/3188/2
f 2645/3189/4 2604/3190/4 2603/3191/4
f 2628/3192/1 2644/3193/1 2626/3194/1
f 2646/3195/3 2645/3196/3 2644/3197/3
f 1517/3198/2 1516/1767/2 1478/3199/2
f 2634/3200/2 2652/3201/2 2632/3202/2
f 2440/3203/4 2415/3204/4 2438/3205/4
f 3651/3206/3 3729/3207/3 3724/3208/3
f 2655/3209/2 2650/3210/2 2652/3211/2
f 1502/3212/4 1473/3213/4 1501/3214/4
f 3103/3215/9 3158/3216/9 3203/3217/9
f 1681/3218/1 1676/3219/1 1679/3220/1
f 641/3221/4 609/3222/4 627/3223/4
f 2665/3224/3 2663/3225/3 2664/3226/3
f 3744/3227/1 3801/3228/1 3742/3229/1
f 3765/3230/3 3778/3231/3 3776/3232/3
f 3/3233/1 41/3234/1 1/3235/1
f 79/3236/1 147/3237/1 78/3238/1
f 193/3239/3 192/3240/3 194/3241/3
f 2673/3242/2 2641/1624/2 2658/3243/2
f 1428/3244/1 1402/3245/1 1426/433/1
f 908/3246/4 851/3247/4 865/3248/4
f 3094/3249/3 3097/3250/3 3096/3251/3
f 3236/3252/3 3245/3253/3 3235/3254/3
f 3557/3255/1 3670/3256/1 3562/3257/1
f 2506/3258/2 2591/3259/2 2448/3260/2
f 2698/3130/2 2691/3261/2 2690/3262/2
f 2689/3263/1 2685/3264/1 2671/3265/1
f 2711/3266/4 2683/3267/4 2682/3268/4
f 2710/3090/3 2719/3269/3 2717/3270/3
f 2568/3271/4 2812/3272/4 2635/3173/4
f 2715/3273/5 2693/3274/5 2687/3275/5
f 2724/3276/3 2727/3277/3 2721/3278/3
f 2734/3279/2 2732/3280/2 2729/3281/2
f 2726/3282/5 2736/3283/5 2694/3284/5
f 2737/3285/4 2699/3286/4 2736/3287/4
f 2736/3288/6 2695/3289/6 2694/3290/6
f 2741/3291/2 2730/3292/2 2696/3293/2
f 2739/3294/4 2741/3295/4 2675/3296/4
f 2675/3297/6 2696/3298/6 2674/3299/6
f 3306/3300/5 3280/3301/5 3267/3302/5
f 3504/3303/4 3575/3304/4 3404/3305/4
f 2746/3306/5 2707/3307/5 2705/3308/5
f 2693/3309/4 2694/3310/4 2672/3311/4
f 2673/3312/6 2689/3313/6 2671/3314/6
f 3397/3315/3 3395/3316/3 3392/3317/3
f 2728/3318/1 2755/3319/1 2727/3320/1
f 2732/3321/3 2756/3322/3 2755/3323/3
f 2742/3324/10 2737/3325/10 2725/3326/10
f 2758/3327/4 2760/3328/4 2757/3329/4
f 2767/3330/2 2758/3331/2 2757/3332/2
f 2653/3333/5 2808/3334/5 2568/3335/5
f 2746/3336/1 2783/3337/1 2782/3338/1
f 2690/3339/6 2729/3340/6 2722/3341/6
f 2745/3342/1 2773/3343/1 2744/3344/1
f 2777/3345/2 2704/811/2 2748/3346/2
f 445/3347/5 340/3348/5 311/3349/5
f 2817/3350/1 2880/3351/1 2816/3352/1
f 2362/3353/2 2305/3354/2 2279/1335/2
f 2785/3355/1 2784/3356/1 2780/3357/1
f 2733/3358/1 2794/3359/1 2756/3360/1
f 2796/3361/3 2795/3362/3 2794/3363/3
f 3576/3364/5 3401/3365/5 3426/3366/5
f 2768/3367/2 2801/3368/2 2764/3369/2
f 1745/3370/4 1781/3371/4 1746/3372/4
f 2757/3373/6 2740/3374/6 2701/3375/6
f 2872/3376/5 2817/3377/5 2816/3378/5
f 2869/3379/1 2868/3380/1 2867/3381/1
f 2804/3382/4 2806/3383/4 2769/3384/4
f 2777/3385/6 2784/3386/6 2829/3387/6
f 2885/3388/3 2882/3389/3 2883/3390/3
f 3634/3391/5 3481/3392/5 3479/3393/5
f 2809/3394/2 2633/3395/2 2588/3396/2
f 2835/3397/4 2789/3398/4 2788/3399/4
f 2839/3400/5 2837/3401/5 2833/3402/5
f 2797/3403/1 2842/3404/1 2795/3405/1
f 2883/3351/1 2828/3406/1 2829/3407/1
f 2800/3408/4 2768/3409/4 2799/3410/4
f 2845/3411/3 2842/3412/3 2843/3413/3
f 1901/3414/1 1879/3415/1 1797/558/1
f 2849/3416/3 2853/3417/3 2848/3362/3
f 2854/3418/5 2860/3419/5 2859/3420/5
f 1165/3421/5 1146/3422/5 1147/3423/5
f 2219/3424/2 2143/3425/2 2124/2415/2
f 3059/3426/4 2876/3427/4 2921/3428/4
f 2873/3429/3 2871/3430/3 2872/3431/3
f 2809/3432/3 2813/3433/3 2812/3434/3
f 2877/3435/3 2876/3436/3 2875/3437/3
f 3503/3438/4 3474/3439/4 3426/3440/4
f 2871/3441/3 2879/3442/3 2880/3443/3
f 2183/3444/4 2153/3445/4 2181/3446/4
f 2884/3403/4 2832/3447/4 2831/3448/4
f 2919/3449/3 2915/3450/3 2917/3451/3
f 2870/3452/6 2914/3453/6 2868/3454/6
f 2845/3455/1 2892/3456/1 2844/3457/1
f 2894/3458/3 2893/3459/3 2892/3460/3
f 2852/3461/1 2898/3462/1 2853/3463/1
f 2902/3464/3 2901/3465/3 2898/3466/3
f 2033/3467/5 1991/3468/5 1970/3469/5
f 2900/3470/3 2899/3471/3 2905/3472/3
f 2901/3473/3 2908/3474/3 2907/3475/3
f 3584/3476/1 3506/3477/1 3507/3478/1
f 2041/3479/4 1942/3480/4 2006/3481/4
f 3606/3482/3 3605/3483/3 3677/3484/3
f 887/3485/1 820/3486/1 822/3487/1
f 1041/3488/4 1004/3489/4 1002/3490/4
f 2838/3491/5 2839/3492/5 2974/3493/5
f 2923/3494/5 2881/3495/5 2871/3496/5
f 2892/3497/2 2842/3498/2 2844/3499/2
f 2879/2106/5 2926/3500/5 2925/3501/5
f 2881/3502/1 2926/3503/1 2879/3504/1
f 2280/3505/2 2245/3506/2 2226/3507/2
f 844/3508/5 831/3509/5 705/3510/5
f 2016/3511/3 2010/3512/3 2007/3513/3
f 3084/3514/1 3009/3515/1 3010/3516/1
f 2926/3517/6 2923/3518/6 2950/3519/6
f 2956/3520/4 2946/3521/4 2944/3522/4
f 3099/3523/1 2919/3524/1 2823/3525/1
f 3643/3526/6 3655/3527/6 3641/2517/6
f 389/3528/1 364/3529/1 239/3530/1
f 2910/3531/6 2865/3532/6 2863/3533/6
f 3004/3534/2 3074/3535/2 2997/3536/2
f 1115/3537/4 1056/3538/4 1114/3539/4
f 2969/3540/5 2958/3103/5 2959/3541/5
f 560/3542/1 529/3543/1 501/3544/1
f 2526/3545/1 2490/3546/1 2459/3547/1
f 1102/3548/1 1134/3549/1 1030/3550/1
f 2973/3551/3 2974/3552/3 2972/3553/3
f 3410/3554/6 3361/3555/6 3407/3556/6
f 2212/3557/5 2187/3558/5 2186/3559/5
f 2607/3560/4 2565/3561/4 2564/3562/4
f 2965/2437/4 2984/3563/4 2966/3564/4
f 3353/3565/5 3346/3566/5 3396/3567/5
f 2094/3568/3 2093/3569/3 2095/3570/3
f 1381/3571/5 1419/3572/5 1420/3573/5
f 2888/3574/2 2930/3575/2 2842/3498/2
f 2991/3576/4 2973/3577/4 2972/3578/4
f 2986/3579/3 2992/3580/3 2970/3581/3
f 1352/3582/1 1278/3583/1 1349/3584/1
f 3010/3585/3 3000/3586/3 3002/3587/3
f 2157/3588/4 2167/3589/4 2158/3590/4
f 3507/3591/2 3370/802/2 3413/3592/2
f 2375/3593/5 2453/3594/5 2349/3595/5
f 3594/3596/1 3481/3597/1 3592/3598/1
f 753/3599/4 663/3600/4 563/3601/4
f 3028/3602/5 2986/3603/5 2971/3604/5
f 3031/3605/4 2989/3606/4 2986/3607/4
f 3032/3608/3 3031/3609/3 3028/3610/3
f 3064/3611/4 3028/3612/4 2970/3613/4
f 3037/3614/3 3039/3615/3 3040/3616/3
f 2996/3617/2 3043/3618/2 2995/3619/2
f 2995/3620/1 3038/3621/1 2994/3622/1
f 3043/3185/3 3042/3623/3 3038/3624/3
f 2299/3625/3 2295/3626/3 2293/3627/3
f 3076/3628/5 3002/3629/5 3001/3630/5
f 3183/3631/4 3077/3632/4 3118/3633/4
f 3029/3634/3 3030/3635/3 3035/3636/3
f 2572/3637/1 2511/3638/1 2570/3639/1
f 3092/3640/1 2963/2924/1 2964/2923/1
f 1430/3641/5 1482/1724/5 1465/3642/5
f 3405/3643/4 3364/3644/4 3362/3645/4
f 3052/3646/5 3022/3647/5 3019/3648/5
f 1805/3649/2 1822/3650/2 1821/3651/2
f 3022/3652/6 3020/3653/6 3019/3654/6
f 1216/3655/2 1114/3656/2 998/3657/2
f 3425/3658/2 3391/3659/2 3395/3660/2
f 3021/3661/1 3060/3662/1 3027/3663/1
f 3061/3664/3 3064/3665/3 3066/3666/3
f 3652/3667/5 3734/3668/5 3545/3669/5
f 2824/3670/2 2877/3671/2 2825/3672/2
f 96/3673/4 29/3674/4 72/3675/4
f 3068/3676/4 3029/3677/4 3067/3678/4
f 3107/3679/2 3038/3680/2 3293/3681/2
f 3037/3682/5 3072/3683/5 3041/3684/5
f 1521/3685/1 1535/3686/1 1534/3687/1
f 1541/3688/1 1482/3689/1 1537/3690/1
f 2864/3691/1 2813/3692/1 2855/3693/1
f 910/3694/4 866/3695/4 852/3696/4
f 3350/3697/5 3303/3698/5 3345/3699/5
f 3056/3700/6 3052/3701/6 3051/3702/6
f 3099/3703/5 3054/3704/5 2874/3705/5
f 3125/3706/1 3228/3707/1 3133/3708/1
f 3062/3709/1 3102/3710/1 3059/3711/1
f 3150/3712/1 3060/3713/1 3098/3714/1
f 3074/3535/2 3113/3715/2 3111/3716/2
f 3097/3717/1 3146/3718/1 3143/3719/1
f 3116/3720/6 3076/3721/6 3075/3722/6
f 3115/3723/3 3117/3724/3 3114/3725/3
f 3113/3726/3 3119/3727/3 3112/3728/3
f 3126/3729/5 3124/3730/5 3123/3731/5
f 3121/3732/3 3125/3733/3 3126/3727/3
f 3132/3734/2 3130/3729/2 3129/3731/2
f 3129/3735/1 3122/3736/1 3079/3737/1
f 3071/3738/6 3069/3739/6 3068/3740/6
f 3130/3741/3 3128/3742/3 3122/3743/3
f 2891/3744/5 2931/3745/5 2954/3746/5
f 867/1051/5 909/3747/5 1008/3748/5
f 1603/3749/5 1593/3750/5 1592/1948/5
f 3085/3751/1 3012/3752/1 3013/3753/1
f 579/3754/5 517/3755/5 576/3756/5
f 3093/3757/6 3089/3758/6 3092/3759/6
f 3150/3760/3 3148/3761/3 3149/3762/3
f 2642/3763/1 2573/3764/1 2575/3765/1
f 1885/3766/4 1655/3767/4 1674/3768/4
f 2516/3769/4 2349/3770/4 2515/3317/4
f 3160/3771/3 3159/3772/3 3158/3773/3
f 51/3774/11 1/3775/11 25/3776/11
f 3164/3777/3 3171/3778/3 3170/3779/3
f 3107/3679/2 3172/3780/2 3105/3781/2
f 1525/3782/1 1539/3783/1 1524/3784/1
f 3108/3785/1 3176/3786/1 3109/3787/1
f 3376/3788/1 3324/3789/1 3314/3790/1
f 3178/3791/2 3113/3792/2 3260/3793/2
f 3358/3794/4 3398/3795/4 3357/3796/4
f 2618/3797/3 2614/2510/3 2619/3798/3
f 3181/3799/4 3113/3800/4 3112/3801/4
f 3119/3802/2 3181/3803/2 3112/3804/2
f 3183/3805/5 3121/3141/5 3078/3806/5
f 396/3807/3 391/3808/3 392/3809/3
f 1568/3810/2 1480/3811/2 1481/3812/2
f 1188/3813/4 1144/1329/4 1300/3814/4
f 3045/3815/5 3109/3816/5 3175/3817/5
f 2857/3818/4 2903/3376/4 2856/3819/4
f 3199/3820/5 3151/3821/5 3150/3822/5
f 3152/3823/2 3200/3824/2 3142/3825/2
f 3286/3826/2 3145/3827/2 3155/3828/2
f 3159/3829/2 3204/3830/2 3158/3831/2
f 3151/3832/1 3206/3833/1 3148/3834/1
f 3153/3835/1 3201/3836/1 3152/3837/1
f 3161/3838/1 3205/3839/1 3159/3840/1
f 1735/3841/6 1688/3842/6 1690/3843/6
f 2890/3844/5 2799/3845/5 2715/3273/5
f 3422/3846/2 3299/3847/2 3342/3848/2
f 3185/3665/6 3182/3849/6 3181/3666/6
f 3237/3850/3 3241/3851/3 3231/3852/3
f 3208/3853/3 3198/3854/3 3201/3855/3
f 2751/3856/6 2746/3857/6 2750/3858/6
f 3163/3859/3 3168/3860/3 3162/3861/3
f 2806/3862/6 2766/3863/6 2769/3864/6
f 784/3865/1 707/3866/1 601/2060/1
f 2017/3867/1 1842/3868/1 1887/3869/1
f 3215/3870/2 3246/3871/2 3202/3872/2
f 3246/3873/3 3214/3874/3 3213/3875/3
f 3249/3876/5 3219/132/5 3207/3877/5
f 3250/3878/3 3248/3879/3 3249/3880/3
f 3221/3881/2 3253/3876/2 3216/3877/2
f 3216/3882/1 3247/3883/1 3215/3884/1
f 2997/3885/1 3110/3886/1 3296/369/1
f 3253/3887/3 3252/3888/3 3247/3889/3
f 1715/3890/4 1799/3891/4 1651/3892/4
f 3260/3893/3 3226/3894/3 3225/3733/3
f 3265/3895/5 3237/3896/5 3232/3897/5
f 3238/3898/6 3239/3899/6 3233/3900/6
f 3262/3901/3 3264/3902/3 3265/3903/3
f 3240/3904/2 3270/3905/2 3235/3906/2
f 3235/3907/1 3263/3908/1 3234/3909/1
f 3270/3910/3 3269/3911/3 3263/3912/3
f 3211/3913/5 3287/3914/5 3210/3915/5
f 3288/3916/1 3211/3917/1 3154/3918/1
f 1808/3919/4 1732/3920/4 1786/3921/4
f 3037/3682/5 3033/3922/5 3070/3923/5
f 3333/3924/2 3298/3925/2 3299/3847/2
f 3257/3926/4 3260/3927/4 3225/3928/4
f 3330/3929/5 3375/3930/5 3382/3931/5
f 3140/3932/3 3138/3933/3 3141/3028/3
f 3257/3934/2 3226/3935/2 3304/3936/2
f 3280/3937/6 3268/3938/6 3267/3939/6
f 1901/3940/4 1879/3941/4 1778/3942/4
f 3144/3943/1 3285/3944/1 3284/3945/1
f 3212/3946/1 3250/3947/1 3207/3948/1
f 3596/3949/3 3602/3950/3 3546/3951/3
f 2779/3952/1 2666/3953/1 2774/2777/1
f 1913/3954/1 1862/3955/1 1865/3956/1
f 2943/3759/6 2911/1681/6 2942/1680/6
f 3658/3957/4 3733/3958/4 3595/3959/4
f 3311/3960/2 3307/3961/2 3279/3962/2
f 3281/3963/6 3279/3964/6 3278/3965/6
f 260/3966/6 273/3967/6 259/3968/6
f 3318/3969/1 3315/168/1 3316/3970/1
f 3319/3971/2 3317/3972/2 3318/3973/2
f 3324/3974/5 3322/3975/5 3321/3976/5
f 2648/3977/5 2625/3978/5 2619/3979/5
f 2701/3980/2 2675/3981/2 2676/3982/2
f 3313/3983/6 3291/3984/6 3283/3985/6
f 3328/3986/2 3326/3987/2 3325/3988/2
f 3325/3989/1 3320/3990/1 3319/3991/1
f 3322/3992/1 3330/3991/1 3329/3993/1
f 3307/3994/3 3309/3995/3 3306/3996/3
f 3332/3997/1 3327/3998/1 3328/3999/1
f 657/4000/1 616/4001/1 629/4002/1
f 3338/4003/2 3337/4004/2 3291/4005/2
f 3030/4006/4 2987/4007/4 2990/4008/4
f 3344/4009/1 3396/4010/1 3343/4011/1
f 1611/4012/1 1622/4013/1 1449/4014/1
f 723/4015/4 757/4016/4 628/4017/4
f 3353/4018/5 3351/4019/5 3348/4020/5
f 3352/4010/4 3354/4021/4 3351/4022/4
f 3326/4023/2 3372/4024/2 3371/4025/2
f 2485/4026/4 2346/4027/4 2406/4028/4
f 3320/4029/6 3371/2562/6 3317/4030/6
f 3372/4031/3 3370/4032/3 3369/4033/3
f 3330/4034/6 3324/4035/6 3374/4036/6
f 3379/4037/1 3373/4038/1 3326/4039/1
f 3327/4040/6 3379/4041/6 3326/4042/6
f 3241/4043/4 2978/4044/4 2934/4045/4
f 3659/4046/4 3596/4047/4 3546/4048/4
f 3097/3250/4 3022/4049/4 3053/4050/4
f 3352/4051/3 3353/4052/3 3393/4053/3
f 936/4054/3 899/4055/3 901/4056/3
f 3400/4057/3 3399/4058/3 3355/4059/3
f 3397/4060/3 3405/4061/3 3404/4062/3
f 3402/4063/5 3407/4064/5 3361/4065/5
f 3356/4066/5 3399/4067/5 3354/4068/5
f 3410/4069/2 3403/4070/2 3362/4071/2
f 3418/4072/5 3383/4073/5 3381/4074/5
f 3327/4075/5 3378/4076/5 3384/4077/5
f 1598/4078/2 1587/4079/2 1590/4080/2
f 862/4081/1 799/4082/1 730/4083/1
f 1510/4084/1 1463/4085/1 1337/4086/1
f 995/4087/1 828/4088/1 915/4089/1
f 3444/4090/2 3425/3658/2 3575/4091/2
f 3406/4092/2 3358/4093/2 3357/4094/2
f 3433/4095/2 3432/4096/2 3415/2100/2
f 2722/4097/1 2720/4098/1 2713/4099/1
f 3426/4100/2 3492/4101/2 3472/4102/2
f 3447/4103/2 3432/4096/2 3433/4095/2
f 2321/4104/4 2268/4105/4 2320/3445/4
f 3439/4106/5 3453/4107/5 3454/1933/5
f 3458/4108/2 3532/4109/2 3440/4110/2
f 3444/4111/2 3458/546/2 3457/545/2
f 2997/4112/3 2995/4113/3 2990/4114/3
f 1046/4115/5 1045/4116/5 988/4117/5
f 3409/4118/4 3407/4119/4 3408/4120/4
f 3464/4121/5 3467/4122/5 3450/4123/5
f 3194/4124/5 2900/4125/5 2978/4126/5
f 89/4127/2 88/4128/2 67/4129/2
f 3469/4130/5 3470/4131/5 3453/4107/5
f 2754/4132/2 2724/4133/2 2832/4134/2
f 3665/4135/3 3664/4136/3 3663/4137/3
f 997/4138/2 967/4139/2 969/4140/2
f 3479/3393/5 3464/4121/5 3463/4141/5
f 3466/4142/2 3484/4143/2 3483/4144/2
f 3473/4145/2 3494/4146/2 3458/4147/2
f 1772/4148/5 1785/2124/5 1773/4149/5
f 2388/4150/5 2334/4151/5 2332/4152/5
f 1111/4153/2 1070/4154/2 1128/4155/2
f 3477/4156/1 3506/3477/1 3505/4157/1
f 3524/4158/3 3510/4159/3 3512/2114/3
f 3528/4160/1 3533/4161/1 3527/4162/1
f 3482/4163/3 3508/4164/3 3481/3615/3
f 3515/4165/3 3517/4166/3 3514/4167/3
f 2618/4168/4 2546/4169/4 2576/4170/4
f 3526/4171/5 3516/4172/5 3525/4173/5
f 3490/4174/5 3568/4175/5 3489/4176/5
f 3502/4177/5 3537/4178/5 3503/4179/5
f 3184/4180/2 3230/4181/2 3263/4182/2
f 1156/4183/4 1116/4184/4 1138/4185/4
f 3641/4186/2 3639/4187/2 3462/4188/2
f 2432/4189/5 2414/4190/5 2394/4191/5
f 3511/4192/6 3481/4193/6 3540/4194/6
f 3543/4195/4 3515/4196/4 3514/4197/4
f 3485/4198/6 3547/4199/6 3484/4200/6
f 3542/4201/3 3548/4202/3 3541/550/3
f 3512/4203/4 3548/4204/4 3549/4205/4
f 3546/4206/5 3519/4207/5 3515/4208/5
f 3611/4209/6 3610/4210/6 3692/4211/6
f 3517/4212/2 3553/4213/2 3526/4214/2
f 2202/4215/3 2200/4216/3 2201/4217/3
f 3556/4218/5 3518/4219/5 3527/4220/5
f 3602/4221/4 3520/4222/4 3519/4223/4
f 3559/4224/4 3490/4225/4 3558/4226/4
f 3558/4227/6 3531/4228/6 3530/4192/6
f 3518/4229/1 3561/4230/1 3517/4231/1
f 3494/4232/6 3535/4233/6 3532/4234/6
f 833/2734/1 800/4235/1 737/4236/1
f 3534/4237/3 3557/4238/3 3556/4239/3
f 3543/4240/3 3599/4241/3 3595/4242/3
f 3513/4243/2 3543/4206/2 3514/4208/2
f 3553/4244/1 3523/4245/1 3524/4246/1
f 309/4247/4 219/4248/4 250/4249/4
f 3545/4250/3 3543/4251/3 3544/4252/3
f 3595/4253/5 3549/4254/5 3542/4255/5
f 2633/4256/4 2567/4257/4 2587/4258/4
f 3562/4259/3 3564/4260/3 3561/4261/3
f 3603/4262/6 3560/4263/6 3559/4264/6
f 3498/4265/6 3566/4266/6 3565/4267/6
f 3763/3352/6 3755/4268/6 3754/4269/6
f 3571/4270/2 3606/4271/2 3499/4272/2
f 3609/4273/6 3573/4274/6 3572/4275/6
f 3608/4276/3 3613/4277/3 3614/4278/3
f 3672/4279/4 3568/4280/4 3603/4281/4
f 3581/4282/6 3575/4283/6 3574/4284/6
f 3612/4285/5 3618/4286/5 3577/4287/5
f 3621/4288/2 3613/4289/2 3580/4290/2
f 2753/4291/1 2752/4292/1 2709/4293/1
f 3671/4294/3 3669/4295/3 3668/4296/3
f 3635/4297/4 3638/4298/4 3588/4299/4
f 3640/4300/5 3590/4301/5 3589/4302/5
f 3784/4303/1 3630/4304/1 3631/4305/1
f 3590/4306/1 3647/4307/1 3645/4308/1
f 3594/4309/6 3590/4310/6 3645/4311/6
f 3651/4312/4 3545/4313/4 3544/4314/4
f 3654/4315/1 3644/4316/1 3591/4317/1
f 3593/4318/6 3654/4319/6 3591/4320/6
f 3803/4321/3 3807/4322/3 3797/4323/3
f 3648/4324/3 3657/4325/3 3646/4326/3
f 3701/4327/1 3622/4328/1 3629/4329/1
f 2245/4330/4 2256/4331/4 2246/4332/4
f 3656/4333/3 3659/4334/3 3653/4335/3
f 3597/4336/1 3484/2015/1 3547/4337/1
f 3564/4338/2 3665/4339/2 3561/4340/2
f 3668/4341/5 3563/4342/5 3562/4343/5
f 3563/4344/1 3666/4345/1 3564/4346/1
f 3667/4347/3 3674/4348/3 3666/4349/3
f 3675/4350/2 3667/4351/2 3563/4352/2
f 3062/4353/1 2878/4354/1 2824/4355/1
f 219/4356/4 183/4357/4 161/4358/4
f 3610/2189/1 3693/4359/1 3691/2190/1
f 3694/4360/1 3690/4361/1 3616/4362/1
f 1789/4363/5 1760/2094/5 1790/4364/5
f 1369/4365/2 1380/1811/2 1378/4366/2
f 3707/4367/4 3709/4368/4 3639/4369/4
f 3639/233/6 3637/4370/6 3635/4371/6
f 3779/4372/1 3697/4373/1 3699/4374/1
f 3561/4375/1 3662/4376/1 3552/4377/1
f 3640/4378/1 3713/4379/1 3712/4380/1
f 3230/4381/1 3131/4382/1 3134/4383/1
f 3719/4384/3 3651/4385/3 3718/4386/3
f 3716/4387/3 3714/4388/3 3715/4389/3
f 3721/4390/1 3711/4391/1 3641/4392/1
f 3728/4393/4 3648/4394/4 3646/4395/4
f 3703/4396/4 3634/4397/4 3587/4398/4
f 3730/4399/4 3656/4400/4 3653/4401/4
f 3729/4395/5 3658/4402/5 3648/4403/5
f 3659/4404/2 3730/4405/2 3653/4406/2
f 3606/4407/6 3758/4408/6 3677/4409/6
f 3674/4410/2 3740/4411/2 3666/4412/2
f 3743/4413/5 3676/4414/5 3667/4415/5
f 3739/4416/3 3747/4417/3 3736/4418/3
f 3676/4419/1 3741/4420/1 3674/4421/1
f 3742/4422/3 3750/4423/3 3741/4424/3
f 3754/4425/4 3681/4426/4 3753/4427/4
f 3750/4428/4 3751/4429/4 3749/4430/4
f 3756/4431/4 3758/4401/4 3684/4432/4
f 3740/4433/3 3738/4434/3 3736/4435/3
f 27/4436/2 6/4437/2 13/4438/2
f 3685/4439/1 3763/4440/1 3761/4441/1
f 3693/4442/6 3685/4443/6 3761/4444/6
f 3766/4445/1 3760/4446/1 3686/4447/1
f 3690/4448/6 3766/4449/6 3686/4450/6
f 3793/4451/3 3785/4452/3 3787/4453/3
f 3705/4454/2 3780/4455/2 3699/4456/2
f 3783/4457/5 3706/4458/5 3700/4459/5
f 3706/4460/1 3781/4461/1 3705/4462/1
f 3782/4463/3 3785/4464/3 3781/4465/3
f 3725/4466/4 3724/4467/4 3793/4468/4
f 327/4469/5 386/4470/5 267/4471/5
f 3789/4472/4 3716/4473/4 3715/4474/4
f 3764/4475/3 3771/4476/3 3762/4477/3
f 3711/4478/6 3708/4479/6 3707/4480/6
f 3787/4481/4 3714/4482/4 3718/4483/4
f 3714/4484/2 3789/4485/2 3715/4486/2
f 3790/4487/5 3717/506/5 3716/11/5
f 3791/4488/4 3719/4489/4 3717/4490/4
f 3738/4491/1 3799/4492/1 3739/4493/1
f 3725/4494/2 3787/4495/2 3718/4496/2
f 3792/2002/5 3720/4497/5 3719/4498/5
f 1722/4499/6 1677/4500/6 1721/4501/6
f 3798/4502/5 3748/4503/5 3739/4504/5
f 3804/4505/5 3742/4506/5 3800/4507/5
f 3803/4508/2 3741/4509/2 3750/4510/2
f 3748/4497/1 3802/4511/1 3747/4512/1
f 3804/4513/3 3805/4514/3 3803/4515/3
f 3752/4516/1 3803/4517/1 3750/4420/1
f 3747/4518/5 3754/4519/5 3672/4520/5
f 3810/4521/4 3770/4522/4 3762/4523/4
f 3664/4524/1 3740/4525/1 3661/4526/1
f 3805/3827/4 3774/4527/4 3772/4528/4
f 3811/4529/5 3771/4530/5 3770/4531/5
f 3773/4532/2 3805/4533/2 3772/4534/2
f 2769/4535/2 2677/14/2 2810/4536/2
f 3806/4537/5 3775/4538/5 3774/4539/5
f 3777/4540/2 3812/4541/2 3776/4542/2
f 5/1/1 4/4543/1 3/2/1
f 3465/6/2 3483/4544/2 3484/4545/2
f 3484/4545/2 3593/4546/2 3591/4/2
f 3591/4/2 3644/4547/2 3643/5/2
f 3643/5/2 3478/4548/2 3465/6/2
f 3465/6/2 3484/4545/2 3591/4/2
f 3774/7/3 3775/4549/3 3773/8/3
f 8/10/4 10/4550/4 9/11/4
f 2650/13/2 2662/4551/2 2702/4552/2
f 2677/14/2 2676/4553/2 2658/15/2
f 2650/13/2 2702/4552/2 2677/14/2
f 12/16/4 13/4554/4 14/17/4
f 10/19/5 16/4555/5 15/20/5
f 18/22/2 17/4556/2 12/23/2
f 580/27/2 663/4557/2 660/25/2
f 660/25/2 535/4558/2 544/26/2
f 142/28/5 79/4559/5 117/29/5
f 28/31/6 16/4560/6 10/32/6
f 11/34/6 14/4561/6 6/4562/6
f 11/34/6 6/4562/6 5/4563/6
f 15/4564/6 18/4565/6 11/34/6
f 1/4566/6 7/4567/6 9/36/6
f 9/36/6 15/4564/6 11/34/6
f 11/34/6 5/4563/6 2/35/6
f 2/35/6 1/4566/6 9/36/6
f 17/37/6 30/4568/6 13/38/6
f 33/40/5 32/4569/5 3/41/5
f 36/43/1 35/117/1 34/44/1
f 114/4570/4 76/4571/4 57/4572/4
f 57/4572/4 30/4573/4 17/46/4
f 17/46/4 18/4574/4 15/4575/4
f 16/47/4 29/3674/4 74/4576/4
f 17/46/4 15/4575/4 16/47/4
f 114/4570/4 57/4572/4 17/46/4
f 99/48/4 112/4577/4 114/4570/4
f 75/4578/4 98/4579/4 99/48/4
f 16/47/4 74/4576/4 75/4578/4
f 99/48/4 114/4570/4 17/46/4
f 16/47/4 75/4578/4 99/48/4
f 21/49/2 39/4580/2 38/50/2
f 26/53/6 27/4581/6 54/4582/6
f 50/54/6 43/4583/6 23/4584/6
f 26/53/6 54/4582/6 50/54/6
f 50/54/6 23/4584/6 24/52/6
f 19/55/1 40/4585/1 48/56/1
f 47/58/4 49/4586/4 25/59/4
f 46/61/6 25/4587/6 19/62/6
f 43/66/2 50/4588/2 68/118/2
f 66/64/2 107/4589/2 89/4590/2
f 43/66/2 68/118/2 66/64/2
f 66/64/2 89/4590/2 44/65/2
f 73/69/6 100/4591/6 103/67/6
f 103/67/6 75/4592/6 74/68/6
f 54/70/2 53/4593/2 52/71/2
f 56/73/4 55/4594/4 54/74/4
f 379/4595/1 376/4596/1 321/4597/1
f 294/4598/1 278/4599/1 295/4600/1
f 379/4595/1 321/4597/1 294/4598/1
f 463/78/1 459/4601/1 379/4595/1
f 689/4602/1 688/4603/1 463/78/1
f 634/4604/1 689/4602/1 463/78/1
f 463/78/1 379/4595/1 294/4598/1
f 294/4598/1 295/4600/1 322/76/1
f 322/76/1 356/4605/1 380/77/1
f 380/77/1 465/4606/1 583/4607/1
f 583/4607/1 634/4604/1 463/78/1
f 463/78/1 294/4598/1 322/76/1
f 380/77/1 583/4607/1 463/78/1
f 3801/4608/3 3813/4609/3 3812/79/3
f 3812/79/3 3817/4610/3 3816/4611/3
f 3812/79/3 3816/4611/3 3806/4612/3
f 3800/81/3 3801/4608/3 3812/79/3
f 3812/79/3 3806/4612/3 3804/80/3
f 1707/82/6 1714/4613/6 1667/4614/6
f 1665/83/6 1663/4615/6 1706/84/6
f 1707/82/6 1667/4614/6 1665/83/6
f 41/85/6 32/113/6 33/86/6
f 42/88/2 63/4616/2 62/89/2
f 39/91/6 42/4617/6 61/92/6
f 48/94/6 40/100/6 41/95/6
f 70/88/4 71/90/4 51/97/4
f 69/99/6 51/108/6 49/100/6
f 1374/1623/5 1364/1622/5 1336/4618/5
f 1336/4618/5 1335/4619/5 1346/102/5
f 1340/2526/5 1358/4620/5 1371/4621/5
f 1374/1623/5 1336/4618/5 1346/102/5
f 1346/102/5 1340/2526/5 1371/4621/5
f 1346/102/5 1371/4621/5 1372/103/5
f 1373/101/5 1374/1623/5 1346/102/5
f 114/4622/1 198/4623/1 201/4624/1
f 166/4625/1 165/4626/1 139/4627/1
f 114/4622/1 201/4624/1 166/4625/1
f 98/106/1 99/4628/1 112/4629/1
f 112/4629/1 114/4622/1 166/4625/1
f 112/4629/1 166/4625/1 139/4627/1
f 74/4630/1 75/4631/1 98/106/1
f 98/106/1 112/4629/1 139/4627/1
f 137/4632/1 162/4633/1 159/104/1
f 98/106/1 139/4627/1 137/4632/1
f 73/4634/1 74/4630/1 98/106/1
f 135/105/1 96/4635/1 97/4636/1
f 97/4636/1 73/4634/1 98/106/1
f 98/106/1 137/4632/1 159/104/1
f 159/104/1 158/4637/1 133/4638/1
f 135/105/1 97/4636/1 98/106/1
f 159/104/1 133/4638/1 135/105/1
f 57/99/6 76/4639/6 55/107/6
f 3720/111/4 3795/4640/4 3796/109/4
f 3796/109/4 3727/4641/4 3726/110/4
f 63/112/6 67/4642/6 86/113/6
f 38/115/1 61/4643/1 62/4644/1
f 62/4644/1 86/4645/1 85/4646/1
f 84/116/1 83/4647/1 34/44/1
f 62/4644/1 85/4646/1 84/116/1
f 36/43/1 37/4648/1 38/115/1
f 38/115/1 62/4644/1 84/116/1
f 84/116/1 34/44/1 35/117/1
f 35/117/1 36/43/1 38/115/1
f 95/122/5 70/4649/5 92/120/5
f 92/120/5 130/4650/5 133/121/5
f 95/123/6 72/4651/6 71/124/6
f 58/128/4 60/4652/4 78/126/4
f 78/126/5 77/4653/5 59/127/5
f 59/127/5 41/1829/5 58/128/5
f 97/129/5 101/4654/5 100/130/5
f 103/132/2 102/4655/2 98/133/2
f 90/134/6 77/4656/6 78/135/6
f 3743/139/1 3667/4657/1 3669/137/1
f 3669/137/1 3671/4658/1 3745/138/1
f 108/140/1 109/98/1 107/97/1
f 52/142/4 110/4659/4 111/143/4
f 91/145/6 111/4660/6 108/146/6
f 88/148/1 148/4661/1 145/4662/1
f 88/148/1 145/4662/1 123/4663/1
f 84/150/1 85/4664/1 88/148/1
f 80/4665/1 83/4666/1 84/150/1
f 88/148/1 123/4663/1 87/149/1
f 87/149/1 80/4665/1 84/150/1
f 115/151/6 101/4667/6 97/152/6
f 102/154/6 116/4668/6 99/155/6
f 3000/159/4 3075/4669/4 3076/157/4
f 3046/158/4 3001/4670/4 3000/159/4
f 492/4671/2 510/727/2 571/160/2
f 571/160/2 568/4672/2 491/161/2
f 491/161/2 468/4673/2 472/162/2
f 472/162/4 492/4671/4 571/160/4
f 3219/163/4 3248/4674/4 3251/4675/4
f 3220/164/4 3167/4676/4 3163/4677/4
f 3219/163/4 3251/4675/4 3220/164/4
f 3162/165/4 3218/4678/4 3219/163/4
f 3220/164/4 3163/4677/4 3162/165/4
f 3428/4679/1 3412/2642/1 3429/4680/1
f 3428/4679/1 3429/4680/1 3445/4681/1
f 3539/4682/1 3584/3476/1 3583/4683/1
f 3505/4157/1 3539/4682/1 3583/4683/1
f 3427/4684/1 3428/4679/1 3445/4681/1
f 3505/4157/1 3583/4683/1 3427/4684/1
f 3507/3478/1 3506/3477/1 3477/4156/1
f 3477/4156/1 3505/4157/1 3427/4684/1
f 3477/4156/1 3427/4684/1 3445/4681/1
f 3371/4685/1 3372/4686/1 3369/4687/1
f 3317/4688/1 3371/4685/1 3369/4687/1
f 3507/3478/1 3477/4156/1 3445/4681/1
f 3507/3478/1 3445/4681/1 3414/4689/1
f 3315/168/1 3317/4688/1 3369/4687/1
f 3369/4687/1 3507/3478/1 3414/4689/1
f 3369/4687/1 3414/4689/1 3368/4690/1
f 3312/4691/1 3316/3970/1 3315/168/1
f 3315/168/1 3369/4687/1 3368/4690/1
f 3315/168/1 3368/4690/1 3367/2643/1
f 3365/167/1 3312/4691/1 3315/168/1
f 3315/168/1 3367/2643/1 3366/166/1
f 80/169/6 87/4692/6 122/4693/6
f 118/170/6 117/4694/6 79/171/6
f 80/169/6 122/4693/6 118/170/6
f 107/172/6 109/185/6 125/173/6
f 105/177/6 124/4695/6 128/175/6
f 128/175/6 92/4696/6 93/176/6
f 129/178/4 130/4697/4 92/179/4
f 113/181/4 132/4698/4 131/182/4
f 53/184/6 131/4699/6 110/185/6
f 94/186/1 134/4700/1 130/187/1
f 874/191/2 898/4701/2 984/189/2
f 984/189/2 980/4702/2 875/190/2
f 178/193/6 179/4703/6 189/4704/6
f 188/194/6 187/4705/6 174/4706/6
f 178/193/6 189/4704/6 188/194/6
f 188/194/6 174/4706/6 176/192/6
f 3296/4707/6 3298/4708/6 3332/4709/6
f 3328/195/6 3325/4710/6 3319/4711/6
f 3296/4707/6 3332/4709/6 3328/195/6
f 3292/197/6 3293/4712/6 3296/4707/6
f 3289/4713/6 3290/4714/6 3292/197/6
f 3285/196/6 3286/4715/6 3289/4713/6
f 3328/195/6 3319/4711/6 3285/196/6
f 3292/197/6 3296/4707/6 3328/195/6
f 3285/196/12 3289/4713/12 3292/197/12
f 152/198/6 133/4716/6 130/199/6
f 114/201/6 155/4717/6 132/202/6
f 122/204/1 121/4718/1 119/205/1
f 156/207/6 136/4719/6 135/208/6
f 141/210/6 168/4720/6 114/211/6
f 163/213/5 170/4721/5 169/214/5
f 172/216/2 171/215/2 164/217/2
f 169/219/6 172/4722/6 140/220/6
f 239/222/1 181/4723/1 147/223/1
f 147/225/6 142/4724/6 143/226/6
f 196/4725/5 153/4726/5 129/228/5
f 129/228/5 128/4727/5 124/4728/5
f 150/4729/5 181/4730/5 239/229/5
f 129/228/5 124/4728/5 150/4729/5
f 212/4731/5 196/4725/5 129/228/5
f 239/229/5 238/4732/5 209/230/5
f 209/230/5 212/4731/5 129/228/5
f 129/228/5 150/4729/5 239/229/5
f 145/231/6 148/4733/6 180/232/6
f 150/234/6 146/4734/6 147/235/6
f 149/237/6 151/4735/6 182/238/6
f 199/240/4 155/4736/4 114/241/4
f 171/243/6 186/4737/6 167/244/6
f 206/248/1 205/4738/1 204/246/1
f 204/246/1 187/4739/1 188/247/1
f 80/4740/4 79/4741/4 142/249/4
f 142/249/4 147/4742/4 230/4743/4
f 230/4743/4 232/4744/4 175/250/4
f 175/250/4 177/4745/4 120/251/4
f 120/251/4 123/4746/4 87/4747/4
f 87/4747/4 80/4740/4 142/249/4
f 142/249/4 230/4743/4 175/250/4
f 120/251/4 87/4747/4 142/249/4
f 210/252/1 208/4748/1 148/253/1
f 154/4749/5 197/4750/5 219/256/5
f 219/256/5 157/4751/5 156/257/5
f 156/257/5 133/4752/5 158/255/5
f 158/255/5 154/4749/5 219/256/5
f 204/258/5 227/4753/5 226/259/5
f 226/259/5 174/4754/5 187/260/5
f 1810/4755/4 1832/4756/4 1831/4757/4
f 1826/261/4 1827/2508/4 1811/262/4
f 1810/4755/4 1831/4757/4 1826/261/4
f 1811/262/4 1774/4758/4 1788/263/4
f 1788/263/4 1810/4755/4 1826/261/4
f 2937/4759/2 2865/4760/2 2913/4761/2
f 2912/264/2 2943/4762/2 2966/4763/2
f 2937/4759/2 2913/4761/2 2912/264/2
f 2941/4764/2 2937/4759/2 2912/264/2
f 2912/264/2 2966/4763/2 2984/265/2
f 2984/265/2 3141/4765/2 3138/4766/2
f 3138/4766/2 3091/4767/2 3093/266/2
f 2964/4768/2 2941/4764/2 2912/264/2
f 2984/265/5 3138/4766/5 3093/266/5
f 3093/266/2 2964/4768/2 2912/264/2
f 213/267/4 214/4769/4 215/268/4
f 202/270/6 221/4770/6 199/271/6
f 291/273/2 289/4771/2 202/274/2
f 203/276/6 225/4772/6 202/277/6
f 2513/279/1 2508/4773/1 2456/280/1
f 208/282/6 210/4774/6 235/283/6
f 209/285/1 238/4775/1 244/286/1
f 2665/290/1 2664/4776/1 2538/288/1
f 2538/288/1 2534/4777/1 2770/289/1
f 2770/289/1 2775/4778/1 2665/290/1
f 218/291/6 249/4779/6 214/292/6
f 250/294/6 219/4780/6 197/295/6
f 251/297/6 222/4781/6 220/298/6
f 255/300/4 257/1153/4 224/301/4
f 231/145/6 226/4782/6 227/303/6
f 361/305/1 262/4783/1 231/306/1
f 229/308/6 233/4784/6 261/309/6
f 239/311/6 230/4785/6 231/312/6
f 393/4786/5 404/4787/5 365/4788/5
f 330/4789/5 308/386/5 325/314/5
f 393/4786/5 365/4788/5 330/4789/5
f 263/4790/5 364/1876/5 363/1875/5
f 363/1875/5 393/4786/5 330/4789/5
f 363/1875/5 330/4789/5 325/314/5
f 247/4791/5 243/4792/5 244/316/5
f 246/315/5 269/385/5 247/4791/5
f 263/4790/5 363/1875/5 325/314/5
f 246/315/5 247/4791/5 244/316/5
f 244/316/5 263/4790/5 325/314/5
f 244/317/6 238/372/6 239/318/6
f 322/320/2 295/4793/2 281/321/2
f 242/323/6 245/4794/6 265/324/6
f 133/328/4 152/4795/4 195/326/4
f 195/326/4 197/4796/4 154/327/4
f 275/329/5 274/4797/5 259/330/5
f 260/332/2 279/4798/2 278/333/2
f 160/4799/4 163/4800/4 138/4801/4
f 140/4802/4 164/4803/4 167/335/4
f 157/4804/4 160/4799/4 138/4801/4
f 136/4805/4 156/4806/4 157/4804/4
f 101/4807/4 115/4808/4 136/4805/4
f 103/4809/4 100/4810/4 101/4807/4
f 141/4811/4 116/4812/4 102/337/4
f 102/337/4 103/4809/4 101/4807/4
f 136/4805/4 157/4804/4 138/4801/4
f 102/337/4 101/4807/4 136/4805/4
f 202/336/4 168/4813/4 141/4811/4
f 102/337/4 136/4805/4 138/4801/4
f 102/337/4 138/4801/4 140/4802/4
f 202/336/4 141/4811/4 102/337/4
f 184/4814/4 200/4815/4 202/336/4
f 102/337/4 140/4802/4 167/335/4
f 167/335/4 184/4814/4 202/336/4
f 310/338/5 311/4816/5 251/339/5
f 34/341/1 80/4817/1 79/4818/1
f 60/342/1 58/4819/1 33/343/1
f 34/341/1 79/4818/1 60/342/1
f 280/344/6 274/4820/6 275/345/6
f 2027/4821/5 2132/4822/5 2131/2683/5
f 2091/4823/5 2092/4824/5 2052/4825/5
f 2027/4821/5 2131/2683/5 2091/4823/5
f 1877/348/5 1899/4826/5 1965/349/5
f 1965/349/5 2027/4821/5 2091/4823/5
f 2091/4823/5 2052/4825/5 2051/4827/5
f 2051/4827/5 2028/4828/5 1964/347/5
f 1898/4829/5 1876/2203/5 1877/348/5
f 2091/4823/5 2051/4827/5 1964/347/5
f 1964/347/5 1898/4829/5 1877/348/5
f 1965/349/5 2091/4823/5 1964/347/5
f 279/350/6 281/4830/6 295/351/6
f 2744/353/2 2773/4831/2 2772/354/2
f 2772/354/2 2589/4832/2 2590/355/2
f 306/4833/2 327/4834/2 362/356/2
f 362/356/2 235/4835/2 210/357/2
f 210/357/4 236/4836/4 282/358/4
f 282/358/2 306/4833/2 362/356/2
f 1850/4837/4 1973/4838/4 1943/4839/4
f 1850/4837/4 1943/4839/4 1917/4840/4
f 1623/4841/4 1850/4837/4 1917/4840/4
f 1623/4841/4 1917/4840/4 1836/4842/4
f 1548/4843/4 1547/4844/4 1593/361/4
f 1593/361/4 1623/4841/4 1836/4842/4
f 1593/361/4 1836/4842/4 1750/4845/4
f 1585/4846/4 1548/4843/4 1593/361/4
f 1606/4847/4 1585/4846/4 1593/361/4
f 1593/361/4 1750/4845/4 1749/4848/4
f 1593/361/4 1749/4848/4 1718/359/4
f 1617/360/4 1606/4847/4 1593/361/4
f 366/4849/2 448/4850/2 447/4851/2
f 403/4852/2 392/4853/2 329/4854/2
f 366/4849/2 447/4851/2 403/4852/2
f 286/4855/2 288/4856/2 333/364/2
f 333/364/2 366/4849/2 403/4852/2
f 403/4852/2 329/4854/2 307/362/2
f 307/362/2 266/1221/2 268/4857/2
f 296/363/2 286/4855/2 333/364/2
f 307/362/2 268/4857/2 296/363/2
f 333/364/2 403/4852/2 307/362/2
f 248/365/5 270/4858/5 297/4859/5
f 297/4859/5 331/4860/5 334/366/5
f 334/366/5 405/4861/5 406/4862/5
f 406/4862/5 339/4863/5 309/367/5
f 309/367/5 250/4864/5 195/4865/5
f 248/365/5 297/4859/5 334/366/5
f 309/367/5 195/4865/5 248/365/5
f 334/366/5 406/4862/5 309/367/5
f 300/368/2 257/4866/2 272/369/2
f 291/371/6 303/4867/6 290/372/6
f 314/373/5 271/4868/5 253/374/5
f 80/376/3 87/4869/3 106/4870/3
f 81/377/3 82/4871/3 79/378/3
f 80/376/3 106/4870/3 81/377/3
f 153/379/5 196/4872/5 195/380/5
f 195/380/5 152/4873/5 129/381/5
f 2376/382/1 2374/4874/1 2309/383/1
f 269/385/5 246/315/5 325/314/5
f 2236/4875/1 2266/4876/1 2269/387/1
f 2269/387/1 2094/4877/1 2095/4878/1
f 2269/387/1 2095/4878/1 2164/388/1
f 2187/389/1 2236/4875/1 2269/387/1
f 539/390/4 507/4879/4 506/4880/4
f 522/4881/4 537/4882/4 538/391/4
f 539/390/4 506/4880/4 522/4881/4
f 580/4883/4 544/4884/4 539/390/4
f 551/1645/4 580/4883/4 539/390/4
f 539/390/4 522/4881/4 538/391/4
f 538/391/4 543/4885/4 579/4886/4
f 579/4886/4 564/1644/4 550/392/4
f 550/392/4 551/1645/4 539/390/4
f 538/391/4 579/4886/4 550/392/4
f 304/393/6 319/4887/6 302/394/6
f 146/396/1 150/4888/1 124/397/1
f 298/400/4 332/4889/4 333/4890/4
f 288/401/4 249/4891/4 218/4892/4
f 298/400/4 333/4890/4 288/401/4
f 288/401/4 218/4892/4 287/399/4
f 252/4893/1 312/4894/1 310/4895/1
f 310/4895/1 219/4896/1 220/403/1
f 220/403/1 183/759/1 223/404/1
f 223/404/1 184/4897/1 200/4898/1
f 200/4898/1 202/4899/1 289/4900/1
f 289/4900/1 299/4901/1 301/4902/1
f 289/4900/1 301/4902/1 256/402/1
f 252/4893/1 310/4895/1 220/403/1
f 200/4898/1 289/4900/1 256/402/1
f 256/402/1 252/4893/1 220/403/1
f 223/404/1 200/4898/1 256/402/1
f 339/405/6 311/4903/6 310/406/6
f 379/408/2 459/4904/2 458/409/2
f 340/411/6 314/4905/6 313/412/6
f 344/414/5 350/4906/5 349/415/5
f 110/417/2 127/4907/2 126/4908/2
f 126/4908/2 125/4909/2 109/418/2
f 109/418/2 108/4910/2 111/419/2
f 110/417/2 126/4908/2 109/418/2
f 352/420/2 351/4911/2 345/421/2
f 2717/423/6 2710/4912/6 2707/424/6
f 2707/424/6 2749/4913/6 2716/425/6
f 323/426/6 324/4914/6 356/427/6
f 358/429/5 231/4915/5 258/430/5
f 3282/432/5 3154/4916/5 3144/433/5
f 352/435/6 318/4917/6 316/436/6
f 365/441/6 334/3893/6 331/442/6
f 338/444/6 366/4918/6 333/445/6
f 202/447/2 198/4919/2 114/448/2
f 368/450/6 350/4920/6 344/451/6
f 351/452/6 370/4921/6 348/453/6
f 373/455/5 372/4922/5 355/456/5
f 3630/458/2 3702/4923/2 3701/459/2
f 3701/459/2 3629/4924/2 3631/460/2
f 3440/4925/4 3532/4926/4 3535/4927/4
f 3440/4925/4 3535/4927/4 3488/462/4
f 3392/4928/4 3391/4929/4 3423/461/4
f 3423/461/4 3440/4925/4 3488/462/4
f 3441/463/4 3392/4928/4 3423/461/4
f 321/464/2 376/4930/2 375/465/2
f 359/467/6 353/4931/6 354/468/6
f 1774/4758/4 1735/4932/4 1734/470/4
f 1734/470/4 1773/4933/4 1787/471/4
f 1787/471/4 1844/4934/4 1810/4755/4
f 1788/263/4 1774/4758/4 1734/470/4
f 1787/471/4 1810/4755/4 1788/263/4
f 361/472/6 358/4935/6 359/473/6
f 419/475/1 421/4936/1 382/476/1
f 360/478/6 362/4937/6 383/479/6
f 381/481/1 357/4938/1 383/482/1
f 327/484/6 328/4939/6 387/485/6
f 390/4940/3 394/4941/3 398/4942/3
f 390/4940/3 398/4942/3 397/487/3
f 389/4943/3 384/4944/3 390/4940/3
f 405/4945/3 404/4946/3 393/489/3
f 393/489/3 389/4943/3 390/4940/3
f 393/489/3 390/4940/3 397/487/3
f 401/488/3 405/4945/3 393/489/3
f 457/490/5 456/4947/5 378/491/5
f 3499/493/2 3606/4948/2 3677/4949/2
f 3498/494/2 3565/4950/2 3494/4951/2
f 3499/493/2 3677/4949/2 3498/494/2
f 3497/4952/2 3571/4953/2 3499/493/2
f 3498/494/2 3494/4951/2 3495/495/2
f 3495/495/2 3497/4952/2 3499/493/2
f 255/4954/1 257/4955/1 300/496/1
f 300/496/1 302/4956/1 408/4957/1
f 408/4957/1 412/4958/1 347/4959/1
f 347/4959/1 346/4960/1 317/4961/1
f 315/497/1 343/4962/1 341/4963/1
f 341/4963/1 451/4964/1 445/4965/1
f 407/4966/1 311/4967/1 313/498/1
f 341/4963/1 445/4965/1 407/4966/1
f 341/4963/1 407/4966/1 313/498/1
f 313/498/1 253/4968/1 254/4969/1
f 254/4969/1 255/4954/1 300/496/1
f 300/496/1 408/4957/1 347/4959/1
f 300/496/1 347/4959/1 317/4961/1
f 313/498/1 254/4969/1 300/496/1
f 315/497/1 341/4963/1 313/498/1
f 300/496/1 317/4961/1 315/497/1
f 489/4970/1 490/4971/1 546/502/1
f 546/502/1 488/4972/1 457/4973/1
f 457/4973/1 417/4974/1 373/503/1
f 373/503/1 371/4975/1 374/4976/1
f 375/4977/1 418/4978/1 458/504/1
f 373/503/1 374/4976/1 375/4977/1
f 546/502/1 457/4973/1 373/503/1
f 458/504/1 489/4970/1 546/502/1
f 373/503/1 375/4977/1 458/504/1
f 378/505/6 372/4979/6 373/506/6
f 376/508/6 379/4980/6 418/509/6
f 427/333/4 429/515/4 388/511/4
f 428/512/3 429/4981/3 427/513/3
f 430/515/4 431/4982/4 394/516/4
f 426/517/3 431/4983/3 430/518/3
f 391/520/2 434/4984/2 427/521/2
f 427/523/3 434/4985/3 432/524/3
f 435/526/3 440/4986/3 438/527/3
f 402/529/2 443/4987/2 442/530/2
f 400/532/1 442/4988/1 437/533/1
f 442/535/3 443/4989/3 441/536/3
f 403/538/1 447/4990/1 443/539/1
f 447/541/3 448/4991/3 446/542/3
f 242/544/1 192/4992/1 211/545/1
f 1911/4993/1 1934/4994/1 1939/4995/1
f 1804/549/1 1572/4996/1 1574/4997/1
f 1911/4993/1 1939/4995/1 1804/549/1
f 1863/4998/1 1911/4993/1 1804/549/1
f 1804/549/1 1574/4997/1 1591/4999/1
f 1804/549/1 1591/4999/1 1604/5000/1
f 1818/5001/1 1863/4998/1 1804/549/1
f 1802/548/1 1818/5001/1 1804/549/1
f 1804/549/1 1604/5000/1 1784/547/1
f 413/550/6 453/5002/6 409/551/6
f 1532/555/4 1507/5003/4 1493/1372/4
f 1493/1372/4 1479/1373/4 1447/553/4
f 1447/553/4 1460/5004/4 1530/5005/4
f 1531/554/4 1553/5006/4 1532/555/4
f 1447/553/4 1530/5005/4 1531/554/4
f 1532/555/4 1493/1372/4 1447/553/4
f 530/556/2 413/5007/2 455/557/2
f 416/559/6 455/5008/6 413/560/6
f 438/562/5 444/5009/5 406/5010/5
f 401/563/5 397/5011/5 439/564/5
f 438/562/5 406/5010/5 401/563/5
f 3403/565/3 3409/5012/3 3408/566/3
f 3137/5013/4 3089/5014/4 2983/568/4
f 2983/568/4 2962/5015/4 2939/5016/4
f 2937/569/4 2936/5017/4 2981/570/4
f 2983/568/4 2939/5016/4 2937/569/4
f 2981/570/4 3137/5013/4 2983/568/4
f 421/571/6 419/5018/6 420/572/6
f 381/574/6 423/5019/6 465/575/6
f 311/5020/4 339/5021/4 406/577/4
f 406/577/4 444/5022/4 445/578/4
f 407/579/4 311/5020/4 406/577/4
f 470/580/4 471/5023/4 426/581/4
f 467/583/3 471/5024/3 470/584/3
f 469/586/3 473/5025/3 472/587/3
f 474/589/3 478/5026/3 476/590/3
f 443/592/1 480/5027/1 475/593/1
f 480/595/3 481/5028/3 479/596/3
f 482/598/6 450/741/6 445/599/6
f 483/601/6 454/629/6 452/602/6
f 461/604/6 456/5029/6 457/605/6
f 459/607/6 463/5030/6 489/608/6
f 674/612/1 821/5031/1 819/5032/1
f 674/612/1 819/5032/1 768/5033/1
f 648/611/1 639/5034/1 674/612/1
f 674/612/1 768/5033/1 756/610/1
f 519/613/5 522/5035/5 506/614/5
f 149/618/5 52/5036/5 91/616/5
f 91/616/5 66/5037/5 107/617/5
f 107/617/5 89/5038/5 149/618/5
f 478/619/1 494/5039/1 497/620/1
f 494/622/3 498/5040/3 496/623/3
f 481/625/1 500/5041/1 495/626/1
f 500/601/3 501/5042/3 499/628/3
f 243/632/6 247/5043/6 195/5044/6
f 243/632/6 195/5044/6 196/630/6
f 212/631/6 209/5045/6 243/632/6
f 2016/5046/2 2007/5047/2 1976/5048/2
f 1976/5048/2 1974/5049/2 1915/5050/2
f 1915/5050/2 1884/5051/2 1851/5052/2
f 1851/5052/2 1852/5053/2 1853/2155/2
f 1915/5050/2 1851/5052/2 1853/2155/2
f 2016/5046/2 1976/5048/2 1915/5050/2
f 1977/5054/2 1947/5055/2 2016/5046/2
f 1977/5054/2 2016/5046/2 1915/5050/2
f 1915/5050/2 1853/2155/2 1854/5056/2
f 1837/633/2 1820/2156/2 1821/3651/2
f 1977/5054/2 1915/5050/2 1854/5056/2
f 1837/633/2 1821/3651/2 1822/3650/2
f 1977/5054/2 1854/5056/2 1837/633/2
f 1920/5057/2 1977/5054/2 1837/633/2
f 1837/633/2 1822/3650/2 1839/634/2
f 1855/635/2 1920/5057/2 1837/633/2
f 506/636/6 507/5058/6 487/637/6
f 526/639/5 528/5059/5 513/5060/5
f 512/640/5 493/5061/5 511/641/5
f 526/639/5 513/5060/5 512/640/5
f 517/642/4 516/5062/4 505/643/4
f 76/645/2 114/1855/2 113/646/2
f 521/648/2 516/5063/2 515/649/2
f 516/651/5 538/5064/5 537/652/5
f 537/654/6 522/678/6 519/655/6
f 167/658/2 186/3/2 203/2/2
f 203/2/2 200/5065/2 184/657/2
f 528/5066/1 559/5067/1 561/659/1
f 561/659/1 496/5068/1 498/660/1
f 513/661/1 528/5066/1 561/659/1
f 405/662/4 334/5069/4 365/663/4
f 294/5070/1 321/5071/1 320/5072/1
f 294/5070/1 320/5072/1 293/5073/1
f 273/667/1 277/5074/1 278/665/1
f 278/665/1 294/5070/1 293/5073/1
f 276/666/1 275/5075/1 273/667/1
f 278/665/1 293/5073/1 276/666/1
f 645/668/5 483/5076/5 450/669/5
f 536/671/6 542/5077/6 531/672/6
f 543/674/6 538/5078/6 516/675/6
f 539/677/6 544/5079/6 535/678/6
f 1257/680/1 1255/5080/1 1196/681/1
f 3581/5081/4 3460/3137/4 3476/683/4
f 3476/683/4 3475/5082/4 3538/5083/4
f 3576/5084/4 3609/5085/4 3610/5086/4
f 3476/683/4 3538/5083/4 3576/5084/4
f 3616/5087/4 3617/5088/4 3581/5081/4
f 3576/5084/4 3610/5086/4 3611/5089/4
f 3611/5089/4 3612/5090/4 3577/5091/4
f 3576/5084/4 3611/5089/4 3577/5091/4
f 3616/5087/4 3581/5081/4 3476/683/4
f 3580/685/4 3613/5092/4 3615/5093/4
f 3615/5093/4 3616/5087/4 3476/683/4
f 3476/683/4 3576/5084/4 3577/5091/4
f 3476/683/4 3577/5091/4 3578/5094/4
f 3580/685/4 3615/5093/4 3476/683/4
f 3476/683/4 3578/5094/4 3579/684/4
f 463/688/2 688/5095/2 687/686/2
f 687/686/2 540/5096/2 490/687/2
f 490/687/2 489/5097/2 463/688/2
f 151/5098/2 126/4908/2 127/4907/2
f 127/4907/2 110/417/2 131/5099/2
f 132/5100/2 155/5101/2 199/5102/2
f 127/4907/2 131/5099/2 132/5100/2
f 210/5103/2 182/5104/2 151/5098/2
f 151/5098/2 127/4907/2 132/5100/2
f 199/5102/2 221/5105/2 290/5106/2
f 151/5098/2 132/5100/2 199/5102/2
f 241/5107/2 210/5103/2 151/5098/2
f 192/5108/2 242/5109/2 241/5107/2
f 218/5110/2 213/5111/2 194/5112/2
f 192/5108/2 241/5107/2 151/5098/2
f 194/5112/2 192/5108/2 151/5098/2
f 290/5106/2 303/5113/2 409/689/2
f 409/689/2 453/5114/2 531/5115/2
f 531/5115/2 542/5116/2 578/5117/2
f 531/5115/2 578/5117/2 575/5118/2
f 199/5102/2 290/5106/2 409/689/2
f 409/689/2 531/5115/2 575/5118/2
f 598/5119/2 620/5120/2 952/690/2
f 409/689/2 575/5118/2 598/5119/2
f 194/5112/2 151/5098/2 199/5102/2
f 298/5121/4 287/5122/4 218/5110/4
f 218/5110/2 194/5112/2 199/5102/2
f 409/689/2 598/5119/2 952/690/2
f 952/690/2 948/5123/2 925/5124/2
f 925/5124/2 924/5125/2 870/5126/2
f 925/5124/2 870/5126/2 862/5127/2
f 218/5110/2 199/5102/2 409/689/2
f 338/5128/2 332/5129/2 298/5121/2
f 952/690/2 925/5124/2 862/5127/2
f 732/5130/2 731/5131/2 683/5132/2
f 952/690/2 862/5127/2 732/5130/2
f 338/5128/2 298/5121/2 218/5110/2
f 480/5133/2 443/5134/2 446/5135/2
f 338/5128/2 218/5110/2 409/689/2
f 481/5136/2 480/5133/2 446/5135/2
f 446/5135/2 338/5128/2 409/689/2
f 683/5132/2 682/5137/2 618/5138/2
f 596/5139/2 573/5140/2 562/5141/2
f 683/5132/2 618/5138/2 596/5139/2
f 732/5130/2 683/5132/2 596/5139/2
f 732/5130/2 596/5139/2 562/5141/2
f 481/5136/2 446/5135/2 409/689/2
f 501/691/2 500/5142/2 481/5136/2
f 952/690/2 732/5130/2 562/5141/2
f 501/691/2 481/5136/2 409/689/2
f 952/690/2 562/5141/2 501/691/2
f 2696/692/4 2730/5143/4 2731/5144/4
f 2731/5144/4 2735/5145/4 2734/5146/4
f 2697/693/4 2698/5147/4 2673/694/4
f 2731/5144/4 2734/5146/4 2697/693/4
f 2673/694/4 2674/5148/4 2696/692/4
f 2696/692/4 2731/5144/4 2697/693/4
f 994/695/1 914/3914/1 867/696/1
f 523/698/5 524/5149/5 509/5150/5
f 509/5150/5 508/5151/5 567/699/5
f 567/699/5 570/5152/5 555/700/5
f 555/700/5 556/2064/5 547/5153/5
f 523/698/5 509/5150/5 567/699/5
f 555/700/5 547/5153/5 523/698/5
f 1043/5154/2 1164/5155/2 1162/1390/2
f 1043/5154/2 1162/1390/2 1118/1348/2
f 1039/1268/2 1043/5154/2 1118/1348/2
f 1106/1347/2 1092/3025/2 1037/5156/2
f 1039/1268/2 1118/1348/2 1106/1347/2
f 975/5157/2 1019/1267/2 1017/1269/2
f 1039/1268/2 1106/1347/2 1037/5156/2
f 1017/1269/2 1039/1268/2 1037/5156/2
f 1001/701/4 918/2377/4 889/2376/4
f 1017/1269/2 1037/5156/2 1001/701/2
f 876/5158/2 982/5159/2 975/5157/2
f 975/5157/2 1017/1269/2 1001/701/2
f 889/2376/2 888/5160/2 795/5161/2
f 825/5162/2 876/5158/2 975/5157/2
f 684/5163/2 805/5164/2 825/5162/2
f 702/5165/2 662/5166/2 684/5163/2
f 823/5167/2 749/5168/2 733/5169/2
f 733/5169/2 702/5165/2 684/5163/2
f 684/5163/2 825/5162/2 975/5157/2
f 889/2376/2 795/5161/2 797/5170/2
f 797/5170/2 779/5171/2 780/5172/2
f 780/5172/2 799/5173/2 860/5174/2
f 858/5175/5 891/5176/5 919/702/5
f 780/5172/2 860/5174/2 858/5175/2
f 889/2376/2 797/5170/2 780/5172/2
f 823/5167/2 733/5169/2 684/5163/2
f 871/5177/4 830/5178/4 823/5167/4
f 871/5177/2 823/5167/2 684/5163/2
f 1001/701/2 889/2376/2 780/5172/2
f 1001/701/2 780/5172/2 858/5175/2
f 951/5179/2 871/5177/2 684/5163/2
f 919/702/2 923/5180/2 946/703/2
f 951/5179/2 684/5163/2 975/5157/2
f 946/703/2 951/5179/2 975/5157/2
f 1001/701/2 858/5175/2 919/702/2
f 946/703/2 975/5157/2 1001/701/2
f 2906/706/4 2861/1815/4 2859/5181/4
f 2860/704/4 2899/5182/4 2904/705/4
f 2906/706/4 2859/5181/4 2860/704/4
f 561/707/6 559/5183/6 557/708/6
f 560/710/6 562/5184/6 573/711/6
f 308/5185/4 330/5186/4 331/5187/4
f 308/5185/4 331/5187/4 297/5188/4
f 195/5189/4 247/5190/4 269/715/4
f 269/715/4 308/5185/4 297/5188/4
f 269/715/4 297/5188/4 270/713/4
f 248/714/4 195/5189/4 269/715/4
f 575/716/3 578/5191/3 577/717/3
f 586/719/6 570/5192/6 567/720/6
f 571/722/6 588/5193/6 569/723/6
f 492/4671/2 472/162/2 433/5194/2
f 432/5195/2 395/5196/2 396/5197/2
f 492/4671/2 433/5194/2 432/5195/2
f 587/5198/2 571/160/2 510/727/2
f 510/727/2 492/4671/2 432/5195/2
f 432/5195/2 396/5197/2 541/725/2
f 541/725/2 549/2097/2 548/5199/2
f 548/5199/2 590/5200/2 589/726/2
f 589/726/2 608/5201/2 606/5202/2
f 606/5202/2 587/5198/2 510/727/2
f 510/727/2 432/5195/2 541/725/2
f 541/725/2 548/5199/2 589/726/2
f 589/726/2 606/5202/2 510/727/2
f 1896/728/4 1958/5203/4 2130/5204/4
f 2152/5205/2 2176/5206/2 2175/5207/2
f 1896/728/5 2130/5204/5 2152/5205/5
f 1829/730/2 1833/5208/2 1896/728/2
f 1661/5209/2 1791/5210/2 1829/730/2
f 1895/5211/2 1700/5212/2 1661/5209/2
f 2129/729/5 1929/5213/5 1895/5211/5
f 2152/5205/2 2175/5207/2 2151/5214/2
f 2129/729/2 1895/5211/2 1661/5209/2
f 2152/5205/2 2151/5214/2 2129/729/2
f 1896/728/2 2152/5205/2 2129/729/2
f 2129/729/2 1661/5209/2 1829/730/2
f 577/731/2 599/5215/2 597/732/2
f 610/734/4 612/5216/4 613/735/4
f 590/737/6 613/5217/6 611/738/6
f 595/740/6 593/5218/6 591/741/6
f 594/742/6 596/5219/6 618/743/6
f 599/745/6 620/5220/6 598/746/6
f 623/620/5 622/5221/5 603/748/5
f 603/749/6 604/5222/6 624/750/6
f 2763/752/4 2764/5223/4 2742/753/4
f 2742/753/4 2761/5224/4 2762/754/4
f 253/5225/6 271/5226/6 272/755/6
f 272/755/6 257/5227/6 255/756/6
f 254/757/13 253/5225/13 272/755/13
f 164/758/1 167/5228/1 184/4897/1
f 184/4897/1 223/404/1 183/759/1
f 183/759/1 161/5229/1 160/5230/1
f 163/760/1 138/5231/1 140/5232/1
f 183/759/1 160/5230/1 163/760/1
f 164/758/1 184/4897/1 183/759/1
f 163/760/1 140/5232/1 164/758/1
f 141/761/2 112/5233/2 99/762/2
f 608/764/2 625/5234/2 605/765/2
f 627/767/6 609/5235/6 607/768/6
f 615/770/6 628/5236/6 612/771/6
f 2708/773/6 2709/5237/6 2752/774/6
f 2752/774/6 2754/3312/6 2785/775/6
f 2785/775/6 2748/4946/6 2708/773/6
f 597/5238/1 658/5239/1 661/5240/1
f 534/5241/1 533/5242/1 486/5243/1
f 597/5238/1 661/5240/1 534/5241/1
f 574/5244/1 597/5238/1 534/5241/1
f 530/5245/1 574/5244/1 534/5241/1
f 411/5246/1 413/5247/1 530/5245/1
f 345/5248/1 348/5249/1 411/5246/1
f 410/5250/1 367/5251/1 345/5248/1
f 644/5252/1 450/5253/1 452/778/1
f 452/778/1 410/5250/1 345/5248/1
f 345/5248/1 411/5246/1 530/5245/1
f 530/5245/1 534/5241/1 486/5243/1
f 484/776/1 518/5254/1 520/5255/1
f 345/5248/1 530/5245/1 486/5243/1
f 484/776/1 520/5255/1 504/5256/1
f 345/5248/1 486/5243/1 484/776/1
f 698/5257/1 644/5252/1 452/778/1
f 514/5258/1 700/5259/1 698/5257/1
f 484/776/1 504/5256/1 502/777/1
f 502/777/1 514/5258/1 698/5257/1
f 452/778/1 345/5248/1 484/776/1
f 502/777/1 698/5257/1 452/778/1
f 602/779/6 622/852/6 623/780/6
f 1104/784/1 1135/5260/1 1133/5261/1
f 1104/784/1 1133/5261/1 1103/5262/1
f 1072/783/1 1074/5263/1 1104/784/1
f 1104/784/1 1103/5262/1 1091/782/1
f 320/785/6 321/492/6 374/786/6
f 374/786/6 371/5264/6 355/787/6
f 819/5265/2 842/1029/2 841/1031/2
f 841/1031/2 852/1030/2 849/5266/2
f 849/5266/2 816/5267/2 818/788/2
f 793/1743/2 776/1663/2 754/5268/2
f 841/1031/2 849/5266/2 818/788/2
f 818/788/2 793/1743/2 754/5268/2
f 754/5268/2 741/1662/2 716/5269/2
f 716/5269/2 690/5270/2 692/5271/2
f 636/5272/2 605/5273/2 638/789/2
f 754/5268/2 716/5269/2 692/5271/2
f 692/5271/2 636/5272/2 638/789/2
f 638/789/4 648/5274/4 756/5275/4
f 638/789/2 756/5275/2 768/790/2
f 754/5268/2 692/5271/2 638/789/2
f 819/5265/2 841/1031/2 818/788/2
f 818/788/2 754/5268/2 638/789/2
f 768/790/2 819/5265/2 818/788/2
f 2798/793/6 2768/5276/6 2764/791/6
f 2763/792/6 2762/5277/6 2798/793/6
f 625/794/2 640/5278/2 639/795/2
f 682/797/1 677/5279/1 592/798/1
f 448/800/4 366/5280/4 338/801/4
f 488/5281/2 546/5282/2 553/803/2
f 553/803/4 565/5283/4 707/305/4
f 707/305/5 706/5284/5 600/5285/5
f 581/804/2 552/5286/2 545/805/2
f 707/305/5 600/5285/5 581/804/5
f 461/5287/5 488/5281/5 553/803/5
f 553/803/5 707/305/5 581/804/5
f 545/805/5 461/5287/5 553/803/5
f 3221/806/4 3222/5288/4 3165/5289/4
f 3164/807/4 3170/5290/4 3252/808/4
f 3221/806/4 3165/5289/4 3164/807/4
f 3252/808/4 3254/5291/4 3221/806/4
f 2508/809/2 2512/5292/2 2571/5293/2
f 2571/5293/2 2573/5294/2 2640/5295/2
f 2640/5295/2 2668/5296/2 2639/5297/2
f 2640/5295/2 2639/5297/2 2613/1928/2
f 2508/809/2 2571/5293/2 2640/5295/2
f 2450/5298/2 2456/5299/2 2508/809/2
f 2704/811/2 2703/5300/2 2450/5298/2
f 2667/1927/2 2706/5301/2 2704/811/2
f 2638/5302/2 2667/1927/2 2704/811/2
f 2704/811/2 2450/5298/2 2508/809/2
f 2508/809/2 2640/5295/2 2613/1928/2
f 2612/810/2 2638/5302/2 2704/811/2
f 2508/809/2 2613/1928/2 2612/810/2
f 654/812/6 630/5303/6 642/813/6
f 314/5304/4 340/5305/4 450/5306/4
f 450/5306/4 452/5307/4 410/5308/4
f 450/5306/4 410/5308/4 367/5309/4
f 272/5310/4 271/5311/4 314/5304/4
f 450/5306/4 367/5309/4 342/5312/4
f 342/5312/4 344/5313/4 316/815/4
f 318/816/4 345/5314/4 348/5315/4
f 348/5315/4 411/5316/4 413/5317/4
f 413/5317/4 319/5318/4 304/817/4
f 304/817/4 272/5310/4 314/5304/4
f 314/5304/4 450/5306/4 342/5312/4
f 314/5304/4 342/5312/4 316/815/4
f 348/5315/4 413/5317/4 304/817/4
f 318/816/4 348/5315/4 304/817/4
f 304/817/4 314/5304/4 316/815/4
f 659/818/6 645/5319/6 644/819/6
f 368/5320/4 369/499/4 415/501/4
f 415/501/4 414/500/4 454/5321/4
f 454/5321/4 483/5322/4 645/5323/4
f 645/5323/4 659/5324/4 949/5325/4
f 949/5325/4 950/5326/4 758/5327/4
f 949/5325/4 758/5327/4 748/5328/4
f 454/5321/4 645/5323/4 949/5325/4
f 350/5329/4 368/5320/4 415/501/4
f 949/5325/4 748/5328/4 699/5330/4
f 699/5330/4 701/5331/4 619/5332/4
f 699/5330/4 619/5332/4 576/5333/4
f 454/5321/4 949/5325/4 699/5330/4
f 349/5334/4 350/5329/4 415/501/4
f 699/5330/4 576/5333/4 517/642/4
f 699/5330/4 517/642/4 503/644/4
f 352/5335/4 349/5334/4 415/501/4
f 416/5336/4 370/5337/4 351/5338/4
f 351/5338/4 352/5335/4 415/501/4
f 454/5321/4 699/5330/4 503/644/4
f 505/643/4 521/5339/4 519/5340/4
f 454/5321/4 503/644/4 505/643/4
f 416/5336/4 351/5338/4 415/501/4
f 415/501/4 454/5321/4 505/643/4
f 505/643/4 519/5340/4 485/5341/4
f 487/5342/4 532/5343/4 535/5344/4
f 415/501/4 505/643/4 485/5341/4
f 415/501/4 485/5341/4 487/5342/4
f 536/5345/4 455/5346/4 416/5336/4
f 416/5336/4 415/501/4 487/5342/4
f 535/5344/4 660/5347/4 662/5348/4
f 416/5336/4 487/5342/4 535/5344/4
f 578/5349/4 542/5350/4 536/5345/4
f 536/5345/4 416/5336/4 535/5344/4
f 578/5349/4 536/5345/4 535/5344/4
f 577/5351/4 578/5349/4 535/5344/4
f 599/5352/4 577/5351/4 535/5344/4
f 952/823/4 620/5353/4 599/5352/4
f 871/5354/4 951/5355/4 952/823/4
f 830/5356/4 871/5354/4 952/823/4
f 599/5352/4 535/5344/4 662/5348/4
f 952/823/4 599/5352/4 662/5348/4
f 823/5357/4 830/5356/4 952/823/4
f 749/5358/4 823/5357/4 952/823/4
f 952/823/4 662/5348/4 702/821/4
f 733/822/4 749/5358/4 952/823/4
f 664/824/2 624/5359/2 604/825/2
f 2807/5360/6 2802/5361/6 2800/5362/6
f 2800/5362/6 2799/5363/6 2854/5364/6
f 2854/5364/6 2859/1037/6 2861/827/6
f 2861/827/6 2866/5365/6 2856/5366/6
f 2856/5366/6 2858/5367/6 2805/5368/6
f 2804/5369/6 2803/5370/6 2810/5371/6
f 2856/5366/6 2805/5368/6 2804/5369/6
f 2800/5362/6 2854/5364/6 2861/827/6
f 2811/5372/6 2808/5373/6 2807/5360/6
f 2807/5360/6 2800/5362/6 2861/827/6
f 2856/5366/6 2804/5369/6 2810/5371/6
f 2810/5371/6 2809/5374/6 2814/828/6
f 2856/5366/6 2810/5371/6 2814/828/6
f 2811/5372/6 2807/5360/6 2861/827/6
f 2812/5375/6 2811/5372/6 2861/827/6
f 2861/827/6 2856/5366/6 2814/828/6
f 2813/829/6 2812/5375/6 2861/827/6
f 671/830/3 647/5376/3 672/831/3
f 640/833/6 653/5377/6 674/834/6
f 676/836/3 680/5378/3 679/837/3
f 682/839/3 683/5379/3 681/742/3
f 946/5380/5 951/5381/5 871/5382/5
f 830/5383/4 823/5384/4 749/5385/4
f 946/5380/5 871/5382/5 830/5383/5
f 891/5386/5 919/5387/5 923/5388/5
f 923/5388/5 946/5380/5 830/5383/5
f 923/5388/5 830/5383/5 749/5385/5
f 858/5389/5 891/5386/5 923/5388/5
f 860/5390/5 858/5389/5 923/5388/5
f 923/5388/5 749/5385/5 733/5391/5
f 702/5392/5 662/5393/5 658/5394/5
f 923/5388/5 733/5391/5 702/5392/5
f 799/5395/5 860/5390/5 923/5388/5
f 681/5396/5 726/5397/5 730/5398/5
f 799/5395/5 923/5388/5 702/5392/5
f 730/5398/5 799/5395/5 702/5392/5
f 730/5398/5 702/5392/5 658/5394/5
f 592/5399/5 677/5400/5 681/5396/5
f 681/5396/5 730/5398/5 658/5394/5
f 597/5401/5 574/5402/5 530/5403/5
f 681/5396/5 658/5394/5 597/5401/5
f 594/5404/5 592/5399/5 681/5396/5
f 560/5405/5 558/5406/5 594/5404/5
f 499/5407/5 529/5408/5 560/5405/5
f 479/5409/5 495/5410/5 499/5407/5
f 441/5411/5 475/5412/5 479/5409/5
f 449/5413/5 441/5411/5 479/5409/5
f 449/5413/5 479/5409/5 499/5407/5
f 216/5414/5 337/5415/5 336/5416/5
f 336/5416/5 449/5413/5 499/5407/5
f 560/5405/5 594/5404/5 681/5396/5
f 216/5414/5 336/5416/5 499/5407/5
f 560/5405/5 681/5396/5 597/5401/5
f 499/5407/5 560/5405/5 597/5401/5
f 530/5403/5 413/5417/5 408/5418/5
f 499/5407/5 597/5401/5 530/5403/5
f 193/5419/5 217/5420/5 216/5414/5
f 216/5414/5 499/5407/5 530/5403/5
f 408/5418/5 302/5421/5 299/5422/5
f 216/5414/5 530/5403/5 408/5418/5
f 216/5414/5 408/5418/5 299/5422/5
f 289/5423/5 202/5424/5 198/5425/5
f 216/5414/5 299/5422/5 289/5423/5
f 216/5414/5 289/5423/5 198/5425/5
f 198/5425/5 114/5426/5 113/840/5
f 113/840/5 53/5427/5 52/5036/5
f 149/618/5 148/5428/5 208/5429/5
f 113/840/5 52/5036/5 149/618/5
f 216/5414/5 198/5425/5 113/840/5
f 193/5419/5 216/5414/5 113/840/5
f 149/618/5 208/5429/5 234/5430/5
f 234/5430/5 240/5431/5 191/841/5
f 191/841/5 193/5419/5 113/840/5
f 149/618/5 234/5430/5 191/841/5
f 742/842/2 646/5432/2 637/5433/2
f 637/5433/5 635/5434/5 647/843/5
f 647/843/5 671/5435/5 715/5436/5
f 715/5436/5 711/5437/5 739/2174/5
f 740/844/5 755/2173/5 742/842/5
f 715/5436/5 739/2174/5 740/844/5
f 742/842/5 637/5433/5 647/843/5
f 647/843/5 715/5436/5 740/844/5
f 714/845/4 715/5438/4 671/846/4
f 663/848/6 684/5439/6 662/849/6
f 665/851/6 668/5440/6 686/852/6
f 135/853/5 136/5441/5 115/854/5
f 691/856/3 693/5442/3 692/857/3
f 750/859/4 736/5443/4 703/860/4
f 675/862/6 673/1108/6 646/863/6
f 675/865/5 694/5444/5 719/5445/5
f 718/5446/5 743/1262/5 720/866/5
f 675/865/5 719/5445/5 718/5446/5
f 650/867/5 651/930/5 675/865/5
f 654/5447/5 641/931/5 650/867/5
f 720/866/5 721/1261/5 654/5447/5
f 675/865/5 718/5446/5 720/866/5
f 720/866/5 654/5447/5 650/867/5
f 724/868/5 744/5448/5 770/869/5
f 667/871/6 666/5449/6 685/872/6
f 631/876/5 685/5450/5 666/874/5
f 666/874/4 632/5451/4 602/875/4
f 688/877/6 689/5452/6 708/878/6
f 711/880/3 715/5453/3 714/881/3
f 716/736/4 717/735/4 691/883/4
f 713/885/3 717/5454/3 716/886/3
f 2529/888/4 2560/5455/4 2561/5456/4
f 2530/889/4 2496/5457/4 2495/890/4
f 2529/888/4 2561/5456/4 2530/889/4
f 722/891/5 724/5458/5 697/892/5
f 724/894/3 729/5459/3 727/895/3
f 2330/897/4 2331/5460/4 2278/898/4
f 731/900/3 732/5461/3 730/901/3
f 2856/905/2 2866/5462/2 2909/903/2
f 2909/903/2 2901/5463/2 2857/904/2
f 734/906/6 703/5464/6 701/907/6
f 736/909/4 735/5465/4 704/910/4
f 2004/912/1 1938/5466/1 1940/913/1
f 710/915/6 706/989/6 707/916/6
f 778/5467/1 794/5468/1 802/5469/1
f 719/919/1 694/5470/1 646/5471/1
f 778/5467/1 802/5469/1 719/919/1
f 755/918/1 778/5467/1 719/919/1
f 719/919/1 646/5471/1 742/920/1
f 3620/923/6 3696/5472/6 3694/5473/6
f 3620/923/6 3694/5473/6 3616/921/6
f 3615/922/6 3613/5474/6 3620/923/6
f 569/924/2 588/5475/2 693/5476/2
f 691/5477/2 717/5478/2 713/5479/2
f 569/924/2 693/5476/2 691/5477/2
f 427/5480/2 473/5481/2 469/926/2
f 850/5482/2 866/5483/2 913/5484/2
f 913/5484/2 912/5485/2 884/1094/2
f 883/1096/2 906/1095/2 937/5486/2
f 850/5482/2 913/5484/2 884/1094/2
f 883/1096/2 937/5486/2 827/5487/2
f 850/5482/2 884/1094/2 883/1096/2
f 713/5479/2 850/5482/2 883/1096/2
f 883/1096/2 827/5487/2 817/5488/2
f 792/5489/2 791/5490/2 708/5491/2
f 883/1096/5 817/5488/5 792/5489/5
f 713/5479/2 883/1096/2 792/5489/2
f 792/5489/2 708/5491/2 689/5492/2
f 689/5492/2 634/1251/2 585/925/2
f 585/925/2 583/1252/2 465/5493/2
f 423/5494/2 383/5495/2 362/5496/2
f 585/925/2 465/5493/2 423/5494/2
f 792/5489/2 689/5492/2 585/925/2
f 713/5479/2 792/5489/2 585/925/2
f 423/5494/2 362/5496/2 424/5497/2
f 424/5497/2 427/5480/2 469/926/2
f 691/5477/2 713/5479/2 585/925/2
f 423/5494/2 424/5497/2 469/926/2
f 569/924/2 691/5477/2 585/925/2
f 585/925/2 423/5494/2 469/926/2
f 475/927/2 479/5498/2 495/928/2
f 495/928/2 436/1473/2 437/929/2
f 437/929/2 441/5499/2 475/927/2
f 627/932/5 626/5500/5 651/930/5
f 651/930/5 650/867/5 641/931/5
f 2614/933/1 2615/5501/1 2540/934/1
f 747/936/6 769/5502/6 757/937/6
f 764/5503/4 753/3599/4 751/5504/4
f 764/5503/4 751/5504/4 762/5505/4
f 825/5506/4 805/5507/4 764/5503/4
f 824/1006/4 825/5506/4 764/5503/4
f 824/1006/4 764/5503/4 762/5505/4
f 873/5508/4 824/1006/4 762/5505/4
f 761/5509/4 759/5510/4 976/5511/4
f 873/5508/4 762/5505/4 761/5509/4
f 930/5512/4 896/5513/4 893/5514/4
f 873/5508/4 761/5509/4 976/5511/4
f 927/5515/4 930/5512/4 893/5514/4
f 893/5514/4 873/5508/4 976/5511/4
f 893/5514/4 976/5511/4 977/5516/4
f 927/5515/4 893/5514/4 977/5516/4
f 927/5515/4 977/5516/4 1020/5517/4
f 979/5518/4 958/5519/4 955/5520/4
f 955/5520/4 927/5515/4 1020/5517/4
f 1065/5521/4 1079/1328/4 1023/5522/4
f 955/5520/4 1020/5517/4 1065/5521/4
f 979/5518/4 955/5520/4 1065/5521/4
f 1065/5521/4 1023/5522/4 1007/5523/4
f 981/939/4 982/5524/4 876/940/4
f 1065/5521/4 1007/5523/4 981/939/4
f 980/941/4 979/5518/4 1065/5521/4
f 876/940/4 875/5525/4 980/941/4
f 980/941/4 1065/5521/4 981/939/4
f 2651/3169/5 2648/3977/5 2659/942/5
f 2659/942/5 2657/5526/5 2669/5527/5
f 2659/942/5 2669/5527/5 2670/5528/5
f 2660/5529/5 2651/3169/5 2659/942/5
f 2807/944/5 2678/3167/5 2660/5529/5
f 2768/5530/5 2802/5531/5 2807/944/5
f 2742/5532/5 2764/5533/5 2768/5530/5
f 2699/943/5 2738/5534/5 2742/5532/5
f 2672/5535/5 2695/5536/5 2699/943/5
f 2659/942/5 2670/5528/5 2672/5535/5
f 2807/944/5 2660/5529/5 2659/942/5
f 2742/5532/5 2768/5530/5 2807/944/5
f 2659/942/5 2672/5535/5 2699/943/5
f 2699/943/5 2742/5532/5 2807/944/5
f 843/946/5 804/1036/5 770/869/5
f 770/869/5 744/5448/5 722/945/5
f 722/945/5 745/5537/5 843/946/5
f 784/947/3 785/5538/3 782/948/3
f 791/950/3 792/5539/3 790/951/3
f 2129/953/1 2127/5540/1 2087/2463/1
f 2129/953/1 2087/2463/1 2089/5541/1
f 1926/955/1 1929/5542/1 2129/953/1
f 2067/5543/1 2066/2465/1 2050/2373/1
f 2067/5543/1 2050/2373/1 2025/5544/1
f 2089/5541/1 2067/5543/1 2025/5544/1
f 2026/2215/1 1982/2296/1 1983/5545/1
f 2089/5541/1 2025/5544/1 2026/2215/1
f 1700/5546/1 1895/2237/1 1893/5547/1
f 1694/1614/1 1695/5548/1 1700/5546/1
f 1698/1997/1 1694/1614/1 1700/5546/1
f 1738/5549/1 1698/1997/1 1700/5546/1
f 1790/5550/1 1760/1612/1 1737/1998/1
f 1738/5549/1 1700/5546/1 1893/5547/1
f 1790/5550/1 1737/1998/1 1738/5549/1
f 2023/2374/1 1812/5551/1 1790/5550/1
f 1981/2216/1 2024/2372/1 2023/2374/1
f 1927/2217/1 1981/2216/1 2023/2374/1
f 2023/2374/1 1790/5550/1 1738/5549/1
f 2023/2374/1 1738/5549/1 1893/5547/1
f 2023/2374/1 1893/5547/1 1925/2238/1
f 2089/5541/1 2026/2215/1 1983/5545/1
f 2129/953/1 2089/5541/1 1983/5545/1
f 2023/2374/1 1925/2238/1 1926/955/1
f 1927/2217/1 2023/2374/1 1926/955/1
f 2129/953/1 1983/5545/1 1956/954/1
f 1956/954/1 1927/2217/1 1926/955/1
f 813/956/1 790/5552/1 792/957/1
f 2766/959/4 2767/5553/4 2701/960/4
f 796/962/3 798/5554/3 797/963/3
f 532/965/2 487/5555/2 507/966/2
f 813/968/2 812/5556/2 789/969/2
f 367/5557/4 410/5558/4 452/971/4
f 452/971/5 454/5559/5 414/5560/5
f 369/972/5 368/5561/5 342/973/5
f 452/971/5 414/5560/5 369/972/5
f 342/973/4 367/5557/4 452/971/4
f 3441/5562/2 3488/5563/2 3534/5564/2
f 3534/5564/2 3533/5565/2 3529/5566/2
f 3522/5567/2 3602/5568/2 3598/5569/2
f 3441/5562/2 3534/5564/2 3529/5566/2
f 3441/5562/2 3529/5566/2 3522/5567/2
f 3438/5570/2 3422/3846/2 3441/5562/2
f 3521/5571/2 3437/5572/2 3438/5570/2
f 3597/5573/2 3547/5574/2 3521/5571/2
f 3655/5575/2 3654/5576/2 3597/5573/2
f 3722/976/2 3721/5577/2 3655/5575/2
f 3637/5578/2 3709/5579/2 3708/5580/2
f 3636/5581/2 3638/5582/2 3637/5578/2
f 3727/5583/2 3796/5584/2 3784/975/2
f 3656/974/2 3731/5585/2 3727/5583/2
f 3598/5569/2 3660/5586/2 3656/974/2
f 3441/5562/2 3522/5567/2 3598/5569/2
f 3521/5571/2 3438/5570/2 3441/5562/2
f 3597/5573/2 3521/5571/2 3441/5562/2
f 3441/5562/2 3598/5569/2 3656/974/2
f 3656/974/2 3727/5583/2 3784/975/2
f 3784/975/2 3636/5581/2 3637/5578/2
f 3784/975/2 3637/5578/2 3708/5580/2
f 3597/5573/2 3441/5562/2 3656/974/2
f 3655/5575/2 3597/5573/2 3656/974/2
f 3784/975/2 3708/5580/2 3722/976/2
f 3722/976/2 3655/5575/2 3656/974/2
f 357/977/2 381/5587/2 380/5588/2
f 380/5588/2 356/5589/2 324/978/2
f 324/978/2 261/5590/2 233/5591/2
f 237/979/2 360/5592/2 357/977/2
f 324/978/2 233/5591/2 237/979/2
f 357/977/2 380/5588/2 324/978/2
f 794/980/3 803/5303/3 801/981/3
f 1453/985/6 1469/5593/6 1473/983/6
f 1473/983/6 1456/5594/6 1455/984/6
f 821/986/3 822/5595/3 820/987/3
f 814/989/6 809/5596/6 810/990/6
f 813/991/6 817/5597/6 827/992/6
f 1858/5598/4 1869/5599/4 2147/994/4
f 2147/994/4 2148/5600/4 2047/5601/4
f 2147/994/4 2047/5601/4 1979/5602/4
f 1870/5603/4 1858/5598/4 2147/994/4
f 1890/5604/4 1873/5605/4 1870/5603/4
f 1889/996/4 1890/5604/4 1870/5603/4
f 2147/994/4 1979/5602/4 1950/995/4
f 1889/996/4 1870/5603/4 2147/994/4
f 1881/997/2 1905/2259/2 1904/5606/2
f 1880/998/2 1846/5607/2 1847/999/2
f 1881/997/2 1904/5606/2 1880/998/2
f 1847/999/2 1861/5608/2 1881/997/2
f 820/1000/2 829/5609/2 828/1001/2
f 2031/1003/6 2029/1311/6 2028/1004/6
f 874/1007/4 875/5525/4 876/940/4
f 876/940/4 825/5506/4 824/1006/4
f 824/1006/4 873/5508/4 874/1007/4
f 2083/5610/3 2108/5611/3 2107/5612/3
f 2083/5610/3 2107/5612/3 2080/1009/3
f 2105/5613/3 2106/5614/3 2082/1008/3
f 2082/1008/3 2083/5610/3 2080/1009/3
f 2081/1010/3 2105/5613/3 2082/1008/3
f 3092/5615/5 3089/5616/5 3137/5617/5
f 3140/1012/5 2942/5618/5 2911/1013/5
f 2911/1013/5 2910/5619/5 2863/5620/5
f 2863/5620/5 2936/5621/5 2940/5622/5
f 2911/1013/5 2863/5620/5 2940/5622/5
f 3092/5615/5 3137/5617/5 3140/1012/5
f 2911/1013/5 2940/5622/5 3050/1011/5
f 3050/1011/5 3092/5615/5 3140/1012/5
f 834/1014/6 838/5623/6 846/1015/6
f 2341/1017/1 2371/5624/1 2375/5625/1
f 2344/1018/1 2342/5626/1 2284/1019/1
f 2341/1017/1 2375/5625/1 2344/1018/1
f 709/1022/4 847/1616/4 848/5627/4
f 709/1022/4 848/5627/4 840/5628/4
f 739/1021/4 711/5629/4 709/1022/4
f 709/1022/4 840/5628/4 815/1020/4
f 1564/5630/2 1571/5631/2 1581/5632/2
f 1581/5632/2 1582/5633/2 1602/5634/2
f 1602/5634/5 1615/5635/5 1639/5636/5
f 1602/5634/2 1639/5636/2 1637/1026/2
f 1564/5630/2 1581/5632/2 1602/5634/2
f 1554/5637/2 1538/5638/2 1564/5630/2
f 1587/4079/2 1568/3810/2 1554/5637/2
f 1600/1871/2 1599/1873/2 1590/4080/2
f 1590/4080/2 1587/4079/2 1554/5637/2
f 1564/5630/2 1602/5634/2 1637/1026/2
f 1590/4080/2 1554/5637/2 1564/5630/2
f 1600/1871/2 1590/4080/2 1564/5630/2
f 1650/5639/2 1666/5640/2 1664/5641/2
f 1664/5641/2 1630/5642/2 1613/1872/2
f 1614/1028/5 1600/1871/5 1564/5630/5
f 1664/5641/2 1613/1872/2 1614/1028/2
f 1636/1027/2 1650/5639/2 1664/5641/2
f 1614/1028/2 1564/5630/2 1637/1026/2
f 1636/1027/2 1664/5641/2 1614/1028/2
f 842/1029/2 854/5643/2 852/1030/2
f 2174/5644/4 2176/5645/4 2152/5646/4
f 2174/5644/4 2152/5646/4 2150/5647/4
f 2200/5648/4 2203/5649/4 2174/5644/4
f 2086/5650/4 2169/5651/4 2172/5652/4
f 2172/5652/4 2200/5648/4 2174/5644/4
f 2172/5652/4 2174/5644/4 2150/5647/4
f 2088/5653/4 2086/5650/4 2172/5652/4
f 2088/5653/4 2172/5652/4 2150/5647/4
f 2088/5653/4 2150/5647/4 2128/5654/4
f 2090/1034/4 2088/5653/4 2128/5654/4
f 2130/5655/4 1958/5656/4 1957/5657/4
f 2130/5655/4 1957/5657/4 1984/5658/4
f 2090/1034/4 2128/5654/4 2130/5655/4
f 2022/1033/4 2065/5659/4 2068/5660/4
f 2090/1034/4 2130/5655/4 1984/5658/4
f 2022/1033/4 2068/5660/4 2090/1034/4
f 1894/2131/4 1892/5661/4 2022/1033/4
f 1985/1032/4 1928/5662/4 1894/2131/4
f 2090/1034/4 1984/5658/4 1985/1032/4
f 1985/1032/4 1894/2131/4 2022/1033/4
f 857/1035/5 859/5663/5 804/1036/5
f 804/1036/5 843/946/5 856/1037/5
f 644/1038/4 450/5664/4 482/1039/4
f 788/1041/1 809/5665/1 814/1042/1
f 814/1042/1 782/5666/1 785/1043/1
f 865/1044/6 851/1101/6 848/1045/6
f 852/1047/6 866/5667/6 850/1048/6
f 2118/1053/1 2103/5668/1 2072/1054/1
f 758/5669/2 950/5670/2 945/5671/2
f 922/5672/2 917/5673/2 890/5674/2
f 758/5669/2 945/5671/2 922/5672/2
f 698/1058/2 699/5675/2 748/5676/2
f 748/5676/2 758/5669/2 922/5672/2
f 922/5672/2 890/5674/2 857/5677/2
f 922/5672/2 857/5677/2 859/5678/2
f 698/1058/2 748/5676/2 922/5672/2
f 656/5679/2 644/5680/2 698/1058/2
f 680/5681/2 676/5682/2 656/5679/2
f 729/1057/2 724/5683/2 697/5684/2
f 680/5681/2 656/5679/2 698/1058/2
f 729/1057/2 697/5684/2 680/5681/2
f 804/1056/2 770/5685/2 729/1057/2
f 922/5672/2 859/5678/2 804/1056/2
f 729/1057/2 680/5681/2 698/1058/2
f 698/1058/2 922/5672/2 804/1056/2
f 861/1059/6 859/5686/6 857/1060/6
f 860/1062/6 862/5687/6 870/1063/6
f 655/5688/5 695/5689/5 697/5690/5
f 697/5690/5 680/5691/5 676/1065/5
f 656/5692/5 629/5693/5 616/1066/5
f 655/5688/5 697/5690/5 676/1065/5
f 676/1065/4 656/5692/4 616/1066/4
f 616/1066/5 614/2065/5 630/1067/5
f 630/1067/5 655/5688/5 676/1065/5
f 855/1052/5 867/1051/5 885/5694/5
f 885/5694/5 803/5695/5 794/1068/5
f 794/1068/5 778/5696/5 777/2172/5
f 777/2172/5 815/5697/5 840/1069/5
f 840/1069/5 853/1050/5 855/1052/5
f 855/1052/5 885/5694/5 794/1068/5
f 794/1068/5 777/2172/5 840/1069/5
f 1627/5698/4 1685/5699/4 1686/5700/4
f 1627/5698/4 1686/5700/4 1628/5701/4
f 1594/5702/4 1627/5698/4 1628/5701/4
f 1594/5702/4 1628/5701/4 1589/5703/4
f 1504/5704/4 1594/5702/4 1589/5703/4
f 1504/5704/4 1589/5703/4 1552/5705/4
f 1296/5706/4 1295/5707/4 1323/1072/4
f 1323/1072/4 1504/5704/4 1552/5705/4
f 1323/1072/4 1552/5705/4 1505/5708/4
f 1324/5709/4 1296/5706/4 1323/1072/4
f 1347/5710/4 1324/5709/4 1323/1072/4
f 1323/1072/4 1505/5708/4 1445/5711/4
f 1323/1072/4 1445/5711/4 1411/5712/4
f 1365/5713/4 1347/5710/4 1323/1072/4
f 1387/1071/4 1365/5713/4 1323/1072/4
f 1323/1072/4 1411/5712/4 1395/1070/4
f 944/1075/5 1000/5714/5 1076/5715/5
f 1076/5715/5 1093/1529/5 1077/1073/5
f 1077/1073/5 1062/1286/5 1060/1285/5
f 1040/5716/5 1002/5717/5 1016/1074/5
f 1077/1073/5 1060/1285/5 1040/5716/5
f 944/1075/5 1076/5715/5 1077/1073/5
f 1077/1073/5 1040/5716/5 1016/1074/5
f 2945/1076/1 2967/5718/1 2914/1077/1
f 2914/1077/1 2916/5719/1 2947/1078/1
f 697/1079/1 724/5720/1 728/1080/1
f 728/1080/1 679/5721/1 680/1081/1
f 893/1082/5 895/5722/5 894/1083/5
f 896/1085/3 897/5723/3 895/1086/3
f 3582/1090/3 3583/5724/3 3584/1088/3
f 3584/1088/3 3585/5725/3 3586/1089/3
f 846/5726/2 838/5727/2 879/1091/2
f 879/1091/2 935/5728/2 934/5729/2
f 879/1091/2 934/5729/2 878/1092/2
f 864/1093/2 846/5726/2 879/1091/2
f 884/1094/2 907/5730/2 906/1095/2
f 851/5731/2 909/5732/2 903/5733/2
f 903/5733/2 939/5734/2 936/5735/2
f 936/5735/2 811/5736/2 809/5737/2
f 936/5735/2 809/5737/2 788/5738/2
f 851/5731/2 903/5733/2 936/5735/2
f 848/5739/2 851/5731/2 936/5735/2
f 936/5735/5 788/5738/5 785/5740/5
f 774/5741/4 706/5742/4 600/5743/4
f 936/5735/2 785/5740/2 774/5741/2
f 840/5744/2 848/5739/2 936/5735/2
f 739/5745/2 815/5746/2 840/5744/2
f 671/5747/2 715/5748/2 711/5749/2
f 739/5745/2 840/5744/2 936/5735/2
f 711/5749/2 739/5745/2 936/5735/2
f 774/5741/2 600/5743/2 581/5750/2
f 711/5749/2 936/5735/2 774/5741/2
f 635/5751/2 647/5752/2 671/5747/2
f 711/5749/2 774/5741/2 581/5750/2
f 570/5753/2 635/5751/2 671/5747/2
f 671/5747/2 711/5749/2 581/5750/2
f 552/1097/2 545/5754/2 461/5755/2
f 671/5747/2 581/5750/2 552/1097/2
f 567/5756/2 570/5753/2 671/5747/2
f 467/1099/2 508/5757/2 567/5756/2
f 426/5758/2 471/5759/2 467/1099/2
f 394/5760/2 431/5761/2 426/5758/2
f 231/5762/2 230/5763/2 385/5764/2
f 385/5764/2 394/5760/2 426/5758/2
f 467/1099/4 567/5756/4 671/5747/4
f 385/5764/2 426/5758/2 467/1099/2
f 358/1098/2 231/5762/2 385/5764/2
f 419/5765/2 359/5766/2 358/1098/2
f 552/1097/2 461/5755/2 462/5767/2
f 462/5767/2 419/5765/2 358/1098/2
f 358/1098/2 385/5764/2 467/1099/2
f 467/1099/2 671/5747/2 552/1097/2
f 552/1097/2 462/5767/2 358/1098/2
f 903/1044/3 909/5768/3 908/1100/3
f 912/1102/3 913/5769/3 910/1103/3
f 874/1105/6 873/5770/6 894/1106/6
f 886/1108/6 885/5771/6 867/1109/6
f 829/1110/6 887/5772/6 915/1111/6
f 952/1113/3 951/5773/3 946/1114/3
f 917/1116/3 922/5774/3 920/1117/3
f 924/1119/3 925/5775/3 923/1120/3
f 3467/5776/1 3508/5777/1 3511/5778/1
f 3176/1122/1 3174/5779/1 3255/5780/1
f 3255/5780/1 3277/5781/1 3295/5782/1
f 3176/1122/1 3255/5780/1 3295/5782/1
f 3467/5776/1 3511/5778/1 3176/1122/1
f 3450/5783/1 3467/5776/1 3176/1122/1
f 3176/1122/1 3295/5782/1 3339/1123/1
f 3389/1124/1 3450/5783/1 3176/1122/1
f 930/1125/5 931/5784/5 897/1126/5
f 1398/5785/4 1418/5786/4 1421/1128/4
f 1690/1130/4 1398/5785/4 1421/1128/4
f 1530/5005/4 1689/5787/4 1690/1130/4
f 1553/5006/4 1531/554/4 1530/5005/4
f 1507/5003/4 1532/555/4 1553/5006/4
f 1447/553/4 1479/1373/4 1494/1129/4
f 1388/5788/4 1460/5004/4 1447/553/4
f 1397/5789/4 1389/5790/4 1388/5788/4
f 1435/5791/4 1397/5789/4 1388/5788/4
f 1553/5006/4 1530/5005/4 1690/1130/4
f 1435/5791/4 1388/5788/4 1447/553/4
f 1435/5791/4 1447/553/4 1494/1129/4
f 1507/5003/4 1553/5006/4 1690/1130/4
f 1421/1128/4 1435/5791/4 1494/1129/4
f 1494/1129/4 1507/5003/4 1690/1130/4
f 934/1134/3 935/5792/3 933/1135/3
f 1027/1137/1 1054/1235/1 1055/5793/1
f 1028/1138/1 1010/5794/1 992/5795/1
f 1027/1137/1 1055/5793/1 1028/1138/1
f 1028/1138/1 992/5795/1 989/1139/1
f 847/5796/5 880/5797/5 899/1140/5
f 899/1140/5 938/5798/5 902/1141/5
f 902/1141/5 908/5799/5 865/1142/5
f 865/1142/5 847/5796/5 899/1140/5
f 938/1143/4 939/5800/4 903/1144/4
f 1701/5801/6 1663/5802/6 1659/5803/6
f 1692/5804/6 1701/5801/6 1659/5803/6
f 1695/1148/6 1691/5805/6 1692/5804/6
f 1661/5806/6 1700/5807/6 1695/1148/6
f 1646/5808/6 1661/5806/6 1695/1148/6
f 1692/5804/6 1659/5803/6 1660/1146/6
f 1645/1147/6 1646/5808/6 1695/1148/6
f 1695/1148/6 1692/5804/6 1660/1146/6
f 769/1151/4 747/5809/4 779/1149/4
f 779/1149/4 797/1213/4 798/1150/4
f 409/5810/4 303/5811/4 291/5812/4
f 291/5812/4 225/5813/4 203/5814/4
f 203/5814/4 186/5815/4 171/1152/4
f 171/1152/4 172/5816/4 169/5817/4
f 170/5818/4 185/5819/4 222/5820/4
f 171/1152/4 169/5817/4 170/5818/4
f 291/5812/4 203/5814/4 171/1152/4
f 302/5821/4 408/5822/4 409/5810/4
f 257/1153/4 300/5823/4 302/5821/4
f 253/5824/4 254/302/4 224/301/4
f 311/5825/4 313/5826/4 253/5824/4
f 222/5820/4 251/5827/4 311/5825/4
f 171/1152/4 170/5818/4 222/5820/4
f 302/5821/4 409/5810/4 291/5812/4
f 257/1153/4 302/5821/4 291/5812/4
f 222/5820/4 311/5825/4 253/5824/4
f 222/5820/4 253/5824/4 224/301/4
f 257/1153/4 291/5812/4 171/1152/4
f 171/1152/4 222/5820/4 224/301/4
f 2212/5828/4 2248/2249/4 2263/1154/4
f 2263/1154/5 2286/5829/5 2264/1155/5
f 2264/1155/5 2266/5830/5 2236/1156/5
f 2236/1156/5 2212/5828/5 2263/1154/5
f 2947/1078/1 3095/5831/1 3094/1157/1
f 3094/1157/1 2967/5718/1 2945/1076/1
f 922/1144/1 945/5800/1 947/1158/1
f 925/1160/1 948/5832/1 946/1161/1
f 875/1163/1 980/5833/1 979/5834/1
f 958/5835/1 955/5836/1 927/5837/1
f 875/1163/1 979/5834/1 958/5835/1
f 873/5838/1 874/5839/1 875/1163/1
f 896/1165/1 893/5840/1 873/5838/1
f 958/5835/1 927/5837/1 930/1164/1
f 896/1165/1 873/5838/1 875/1163/1
f 875/1163/1 958/5835/1 930/1164/1
f 955/1084/5 957/1083/5 956/1166/5
f 956/1168/6 931/5841/6 930/1169/6
f 958/1171/3 959/5842/3 957/1172/3
f 933/1174/2 963/5843/2 962/1175/2
f 2092/1179/4 2155/5844/4 2138/1177/4
f 2110/1178/4 2093/5845/4 2092/1179/4
f 3697/5846/3 3698/5847/3 3701/1180/3
f 3701/1180/3 3702/5848/3 3700/1181/3
f 3700/1181/3 3706/5849/3 3705/5850/3
f 3699/1182/3 3697/5846/3 3701/1180/3
f 3700/1181/3 3705/5850/3 3699/1182/3
f 636/5851/4 692/5852/4 693/1185/4
f 693/1185/4 588/5853/4 571/5854/4
f 693/1185/4 571/5854/4 587/1183/4
f 605/1184/4 636/5851/4 693/1185/4
f 918/1186/6 970/5855/6 943/1187/6
f 973/1189/3 977/5856/3 976/1190/3
f 955/1192/6 958/5857/6 978/1193/6
f 975/1195/3 982/5858/3 981/1196/3
f 979/1127/5 983/1126/5 959/1198/5
f 980/1200/3 984/5859/3 983/1201/3
f 987/1203/3 988/5860/3 985/1204/3
f 936/1208/5 901/5861/5 986/5862/5
f 936/1208/5 986/5862/5 985/5863/5
f 964/5864/5 939/5865/5 936/1208/5
f 1051/1207/5 1008/3748/5 964/5864/5
f 1052/1206/5 1085/5866/5 1086/5867/5
f 936/1208/5 985/5863/5 1052/1206/5
f 1051/1207/5 964/5864/5 936/1208/5
f 1052/1206/5 1086/5867/5 1051/1207/5
f 413/1209/2 408/5868/2 302/1210/2
f 531/1212/4 453/1150/4 413/1213/4
f 1656/5869/2 1655/5870/2 1632/1901/2
f 1656/5869/2 1632/1901/2 1633/1215/2
f 1657/1217/2 1676/5871/2 1656/5869/2
f 1620/1216/2 1658/5872/2 1657/1217/2
f 1625/5873/2 1619/5874/2 1620/1216/2
f 1626/1900/2 1625/5873/2 1620/1216/2
f 1657/1217/2 1656/5869/2 1633/1215/2
f 1633/1215/2 1626/1900/2 1620/1216/2
f 1096/5875/5 1119/5876/5 1142/1218/5
f 1142/1218/5 1141/5877/5 1079/5878/5
f 1065/5879/4 1020/5880/4 977/1219/4
f 1142/1218/5 1079/5878/5 1065/5879/5
f 1064/5881/2 1096/5875/2 1142/1218/2
f 1063/5882/4 1064/5881/4 1142/1218/4
f 1142/1218/5 1065/5879/5 977/1219/5
f 977/1219/5 973/5852/5 1004/5883/5
f 1041/1220/4 1063/5882/4 1142/1218/4
f 977/1219/5 1004/5883/5 1041/1220/5
f 214/5884/2 249/5885/2 288/4856/2
f 286/4855/2 296/363/2 268/4857/2
f 214/5884/2 288/4856/2 286/4855/2
f 211/5886/2 215/5887/2 214/5884/2
f 328/1223/2 265/5888/2 245/5889/2
f 245/5889/2 211/5886/2 214/5884/2
f 214/5884/2 286/4855/2 268/4857/2
f 266/1221/4 307/362/4 329/4854/4
f 214/5884/2 268/4857/2 266/1221/2
f 428/5890/2 387/5891/2 328/1223/2
f 388/1222/2 429/5892/2 428/5890/2
f 329/4854/2 392/4853/2 388/1222/2
f 245/5889/2 214/5884/2 266/1221/2
f 266/1221/2 329/4854/2 388/1222/2
f 388/1222/2 428/5890/2 328/1223/2
f 328/1223/2 245/5889/2 266/1221/2
f 183/1224/5 220/5893/5 222/1225/5
f 222/1225/5 185/5894/5 161/1226/5
f 3011/1227/5 3005/5895/5 3048/5896/5
f 3049/1228/5 3080/5897/5 3081/1229/5
f 3011/1227/5 3048/5896/5 3049/1228/5
f 609/1232/2 642/5898/2 652/1230/2
f 652/1230/2 649/5899/2 607/1231/2
f 890/1233/1 917/5900/1 921/1234/1
f 921/1234/1 869/5793/1 857/1235/1
f 1036/1238/2 1059/5901/2 1104/5902/2
f 1104/5902/2 1074/1280/2 1034/1236/2
f 1034/1236/2 997/4138/2 969/4140/2
f 969/4140/2 967/4139/2 916/5903/2
f 943/1237/2 970/5904/2 1038/5905/2
f 969/4140/2 916/5903/2 943/1237/2
f 1036/1238/2 1104/5902/2 1034/1236/2
f 1034/1236/2 969/4140/2 943/1237/2
f 943/1237/2 1038/5905/2 1036/1238/2
f 994/1239/6 991/5906/6 992/1240/6
f 2195/1242/1 2107/5907/1 2108/1243/1
f 993/1245/6 995/5908/6 1011/1246/6
f 1015/1248/6 1000/1370/6 999/1249/6
f 917/1254/2 890/5909/2 857/5910/2
f 857/5910/5 856/5911/5 868/5912/5
f 941/5913/5 999/5914/5 1000/5714/5
f 857/5910/5 868/5912/5 941/5913/5
f 945/5915/5 922/5916/5 917/1254/5
f 917/1254/5 857/5910/5 941/5913/5
f 941/5913/5 1000/5714/5 944/1075/5
f 1016/1074/5 1003/5917/5 971/1253/5
f 971/1253/5 945/5915/5 917/1254/5
f 917/1254/5 941/5913/5 944/1075/5
f 944/1075/5 1016/1074/5 971/1253/5
f 2135/1255/4 2162/5918/4 2163/1256/4
f 2163/1256/4 2112/5919/4 2111/1257/4
f 1026/5920/2 935/5921/2 905/5922/2
f 904/5923/2 911/5924/2 910/5925/2
f 1026/5920/2 905/5922/2 904/5923/2
f 1110/5926/5 1050/5927/5 1026/5920/5
f 1101/5928/2 1111/4153/2 1110/5926/2
f 1069/5929/2 1088/5930/2 1101/5928/2
f 1101/5928/2 1110/5926/2 1026/5920/2
f 1026/5920/2 904/5923/2 910/5925/2
f 910/5925/2 852/5931/2 854/5932/2
f 854/5932/2 828/5933/2 993/5934/2
f 854/5932/2 993/5934/2 990/5935/2
f 1026/5920/2 910/5925/2 854/5932/2
f 1069/5929/2 1101/5928/2 1026/5920/2
f 1070/4154/2 1069/5929/2 1026/5920/2
f 1026/5920/2 854/5932/2 990/5935/2
f 1071/1258/2 1072/5936/2 1091/5937/2
f 1026/5920/2 990/5935/2 1071/1258/2
f 1070/4154/2 1026/5920/2 1071/1258/2
f 1071/1258/2 1091/5937/2 1103/5938/2
f 1103/5938/2 1133/5939/2 1132/1259/2
f 1132/1259/2 1113/5940/2 1112/5941/2
f 1089/1260/2 1070/4154/2 1071/1258/2
f 1132/1259/2 1112/5941/2 1089/1260/2
f 1071/1258/2 1103/5938/2 1132/1259/2
f 886/5942/5 914/5943/5 994/5944/5
f 1012/5945/5 1029/5946/5 1031/5947/5
f 886/5942/5 994/5944/5 1012/5945/5
f 719/5445/5 802/5948/5 801/1263/5
f 801/1263/2 886/5942/2 1012/5945/2
f 1012/5945/5 1031/5947/5 1014/5949/5
f 996/5950/5 940/5951/5 721/1261/5
f 1012/5945/5 1014/5949/5 996/5950/5
f 718/5446/5 719/5445/5 801/1263/5
f 801/1263/5 1012/5945/5 996/5950/5
f 721/1261/5 720/866/5 743/1262/5
f 743/1262/5 718/5446/5 801/1263/5
f 801/1263/5 996/5950/5 721/1261/5
f 2534/1264/1 2538/5952/1 2483/1265/1
f 1019/1267/2 1043/5154/2 1039/1268/2
f 1026/1270/1 1050/5953/1 1049/1271/1
f 1054/1276/3 1032/5954/3 1030/1277/3
f 822/5955/2 821/5956/2 674/5957/2
f 653/5958/2 611/5959/2 613/5960/2
f 822/5955/2 674/5957/2 653/5958/2
f 995/5961/2 915/5962/2 887/1281/2
f 887/1281/6 822/5955/6 653/5958/6
f 653/5958/2 613/5960/2 612/5963/2
f 612/5963/2 628/5964/2 757/1279/2
f 757/1279/2 769/5965/2 798/5966/2
f 796/5967/2 916/5903/2 967/4139/2
f 757/1279/2 798/5966/2 796/5967/2
f 653/5958/2 612/5963/2 757/1279/2
f 887/1281/2 653/5958/2 757/1279/2
f 757/1279/2 796/5967/2 967/4139/2
f 967/4139/2 1034/1236/2 1074/1280/2
f 1074/1280/2 1073/5968/2 1011/5969/2
f 1074/1280/2 1011/5969/2 995/5961/2
f 757/1279/2 967/4139/2 1074/1280/2
f 1074/1280/2 995/5961/2 887/1281/2
f 911/5970/5 910/5971/5 852/5972/5
f 911/5970/5 852/5972/5 849/5973/5
f 905/5974/5 904/5975/5 911/5970/5
f 838/5976/5 879/5977/5 882/5978/5
f 882/5978/5 905/5974/5 911/5970/5
f 882/5978/5 911/5970/5 849/5973/5
f 839/5979/5 838/5976/5 882/5978/5
f 813/5980/5 839/5979/5 882/5978/5
f 882/5978/5 849/5973/5 816/5981/5
f 816/5981/5 775/5982/5 767/5983/5
f 712/5984/5 716/5985/5 690/5986/5
f 882/5978/5 816/5981/5 767/5983/5
f 882/5978/5 767/5983/5 712/5984/5
f 790/5987/4 813/5980/4 882/5978/4
f 463/5988/2 688/5989/2 790/5987/2
f 464/5990/5 463/5988/5 790/5987/5
f 790/5987/5 882/5978/5 712/5984/5
f 690/5986/5 692/5991/5 636/5992/5
f 464/5990/5 790/5987/5 712/5984/5
f 712/5984/5 690/5986/5 636/5992/5
f 636/5992/5 605/5993/5 584/1282/5
f 584/1282/4 568/5994/4 491/5995/4
f 468/1283/5 472/5996/5 433/5997/5
f 584/1282/5 491/5995/5 468/1283/5
f 712/5984/5 636/5992/5 584/1282/5
f 381/1284/2 464/5990/2 712/5984/2
f 360/5998/5 357/5999/5 381/1284/5
f 468/1283/5 433/5997/5 422/6000/5
f 422/6000/5 360/5998/5 381/1284/5
f 381/1284/5 712/5984/5 584/1282/5
f 468/1283/5 422/6000/5 381/1284/5
f 1148/6001/1 1195/6002/1 1192/6003/1
f 1148/6001/1 1192/6003/1 1084/6004/1
f 1110/6005/1 1148/6001/1 1084/6004/1
f 1110/6005/1 1084/6004/1 1068/1291/1
f 1024/1292/1 1025/1272/1 1049/1271/1
f 1067/6006/1 1048/6007/1 1024/1292/1
f 1050/5953/1 1110/6005/1 1068/1291/1
f 1068/1291/1 1067/6006/1 1024/1292/1
f 1049/1271/1 1050/5953/1 1068/1291/1
f 2033/1293/1 1990/6008/1 1967/1294/1
f 1073/1296/3 1074/6009/3 1072/1297/3
f 1057/1299/3 1076/6010/3 1075/1300/3
f 1075/1302/4 1076/434/4 1000/433/4
f 1052/1304/6 1053/6011/6 1066/1305/6
f 2918/1309/1 2919/3524/1 3055/6012/1
f 2873/1307/1 2872/6013/1 2815/6014/1
f 2918/1309/1 3055/6012/1 2873/1307/1
f 2818/1308/1 2819/6015/1 2918/1309/1
f 2873/1307/1 2815/6014/1 2818/1308/1
f 208/1310/2 207/914/2 180/1311/2
f 2199/1313/3 2198/6016/3 2193/1314/3
f 3807/4322/3 3808/6017/3 3805/1316/3
f 3805/1316/3 3815/6018/3 3814/6019/3
f 3811/1317/3 3810/6020/3 3809/1318/3
f 3805/1316/3 3814/6019/3 3811/1317/3
f 3809/1318/3 3807/4322/3 3805/1316/3
f 2123/1321/3 2126/6021/3 2125/1319/3
f 2124/1320/3 2122/6022/3 2123/1321/3
f 1841/1322/1 1755/6023/1 1756/1323/1
f 1095/1325/5 1094/6024/5 1061/1326/5
f 1121/1330/4 1145/6025/4 1007/5523/4
f 1007/5523/14 1023/5522/14 1079/1328/14
f 1079/1328/4 1141/6026/4 1144/1329/4
f 1121/1330/4 1007/5523/4 1079/1328/4
f 1671/6027/4 1864/6028/4 1866/6029/4
f 1671/6027/4 1866/6029/4 1849/6030/4
f 1638/6031/4 1671/6027/4 1849/6030/4
f 1638/6031/4 1849/6030/4 1672/6032/4
f 1582/6033/4 1588/6034/4 1631/1331/4
f 1631/1331/4 1638/6031/4 1672/6032/4
f 1631/1331/4 1672/6032/4 1654/6035/4
f 1602/6036/4 1582/6033/4 1631/1331/4
f 1615/1333/4 1602/6036/4 1631/1331/4
f 1631/1331/4 1654/6035/4 1639/1332/4
f 2254/1336/2 2256/6037/2 2281/1334/2
f 2279/1335/2 2253/6038/2 2254/1336/2
f 1208/6039/2 1263/6040/2 1260/6041/2
f 1260/6041/2 1288/6042/2 1285/6043/2
f 1285/6043/2 1284/6044/2 1257/6045/2
f 1257/6045/2 1234/6046/2 1201/6047/2
f 1201/6047/2 1200/6048/2 1169/6049/2
f 1169/6049/2 1168/6050/2 1151/6051/2
f 1151/6051/2 1150/6052/2 1135/6053/2
f 1135/6053/2 1104/5902/2 1059/5901/2
f 1059/5901/2 1036/1238/2 1038/5905/2
f 1038/5905/2 1140/1386/2 1137/1387/2
f 1059/5901/2 1038/5905/2 1137/1387/2
f 1135/6053/2 1059/5901/2 1137/1387/2
f 1135/6053/2 1137/1387/2 1153/1337/2
f 1201/6047/2 1169/6049/2 1151/6051/2
f 1151/6051/2 1135/6053/2 1153/1337/2
f 1155/6054/2 1183/6055/2 1182/6056/2
f 1201/6047/2 1151/6051/2 1153/1337/2
f 1153/1337/2 1155/6054/2 1182/6056/2
f 1182/6056/2 1227/6057/2 1226/1338/2
f 1226/1338/2 1252/6058/2 1298/6059/2
f 1298/6059/2 1294/6060/2 1270/6061/2
f 1270/6061/2 1269/6062/2 1248/6063/2
f 1248/6063/2 1247/6064/2 1221/6065/2
f 1221/6065/2 1220/6066/2 1178/1339/2
f 1174/6067/2 1212/6068/2 1208/6039/2
f 1208/6039/2 1260/6041/2 1285/6043/2
f 1257/6045/2 1201/6047/2 1153/1337/2
f 1208/6039/2 1285/6043/2 1257/6045/2
f 1174/6067/2 1208/6039/2 1257/6045/2
f 1153/1337/2 1182/6056/2 1226/1338/2
f 1226/1338/2 1298/6059/2 1270/6061/2
f 1270/6061/2 1248/6063/2 1221/6065/2
f 1226/1338/2 1270/6061/2 1221/6065/2
f 1174/6067/2 1257/6045/2 1153/1337/2
f 1226/1338/2 1221/6065/2 1178/1339/2
f 1178/1339/2 1174/6067/2 1153/1337/2
f 3348/6069/6 3351/6070/6 3354/6071/6
f 3354/6071/6 3360/6072/6 3363/1340/6
f 3363/1340/6 3364/6073/6 3357/6074/6
f 3357/6074/6 3359/6075/6 3259/6076/6
f 3259/6076/6 3257/6077/6 3304/6078/6
f 3304/6078/6 3303/6079/6 3308/6080/6
f 3308/6080/6 3307/6081/6 3310/1341/6
f 3309/1342/6 3306/6082/6 3305/6083/6
f 3305/6083/6 3302/6084/6 3301/6085/6
f 3343/6086/6 3346/6087/6 3348/6069/6
f 3305/6083/6 3301/6085/6 3343/6086/6
f 3305/6083/6 3343/6086/6 3348/6069/6
f 3363/1340/6 3357/6074/6 3259/6076/6
f 3259/6076/6 3304/6078/6 3308/6080/6
f 3363/1340/6 3259/6076/6 3308/6080/6
f 3305/6083/6 3348/6069/6 3354/6071/6
f 3309/1342/6 3305/6083/6 3354/6071/6
f 3363/1340/6 3308/6080/6 3310/1341/6
f 3309/1342/6 3354/6071/6 3363/1340/6
f 2017/1343/5 2045/6088/5 2046/6089/5
f 2062/2227/5 2080/6090/5 2107/6091/5
f 2017/1343/5 2046/6089/5 2062/2227/5
f 1755/2010/5 1841/6092/5 1840/6093/5
f 2017/1343/5 2062/2227/5 2107/6091/5
f 1754/1990/5 1755/2010/5 1840/6093/5
f 2017/1343/4 2107/6091/4 2195/6094/4
f 1726/1988/4 1754/1990/4 1840/6093/4
f 2017/1343/5 2195/6094/5 2194/6095/5
f 1726/1988/2 1840/6093/2 2017/1343/2
f 1856/1345/5 1729/6096/5 1726/1988/5
f 2147/6097/5 1869/6098/5 1856/1345/5
f 2017/1343/5 2194/6095/5 2145/1344/5
f 2145/1344/5 2147/6097/5 1856/1345/5
f 1856/1345/5 1726/1988/5 2017/1343/5
f 806/6099/1 773/1796/1 800/4235/1
f 806/6099/1 800/4235/1 807/6100/1
f 806/6099/1 807/6100/1 832/6101/1
f 832/6101/1 878/6102/1 934/6103/1
f 932/6104/1 962/6105/1 961/6106/1
f 832/6101/1 934/6103/1 932/6104/1
f 772/1797/1 806/6099/1 832/6101/1
f 737/4236/1 766/1798/1 765/1349/1
f 772/1797/1 832/6101/1 932/6104/1
f 686/6107/1 737/4236/1 765/1349/1
f 772/1797/1 932/6104/1 961/6106/1
f 664/6108/1 686/6107/1 765/1349/1
f 765/1349/1 772/1797/1 961/6106/1
f 961/6106/1 705/6109/1 685/1350/1
f 685/1350/1 631/6110/1 623/6111/1
f 623/6111/1 621/6112/1 624/1351/1
f 624/1351/1 664/6108/1 765/1349/1
f 765/1349/1 961/6106/1 685/1350/1
f 685/1350/1 623/6111/1 624/1351/1
f 1007/1354/4 1145/6113/4 1188/6114/4
f 1188/6114/2 1185/6115/2 1163/1352/2
f 1163/1352/4 1097/6116/4 1078/6117/4
f 1163/1352/2 1078/6117/2 1044/6118/2
f 1007/1354/2 1188/6114/2 1163/1352/2
f 974/6119/2 981/6120/2 1007/1354/2
f 1163/1352/5 1044/6118/5 1018/1353/5
f 1018/1353/2 974/6119/2 1007/1354/2
f 1411/1355/2 1445/6121/2 1410/1356/2
f 1410/1356/2 1394/6122/2 1395/1357/2
f 1098/1358/1 1124/1367/1 1123/1359/1
f 589/6123/1 611/6124/1 653/1361/1
f 653/1361/1 640/6125/1 625/1362/1
f 608/1363/1 589/6123/1 653/1361/1
f 3623/1366/5 3622/6126/5 3698/1364/5
f 3698/1364/5 3697/6127/5 3624/1365/5
f 1351/1783/1 1350/6128/1 1277/6129/1
f 1277/6129/1 1276/6130/1 1232/6131/1
f 1190/6132/1 1108/6133/1 1109/1360/1
f 1277/6129/1 1232/6131/1 1190/6132/1
f 1326/6134/1 1351/1783/1 1277/6129/1
f 1233/6135/1 1281/6136/1 1279/6137/1
f 1279/6137/1 1326/6134/1 1277/6129/1
f 1277/6129/1 1190/6132/1 1109/1360/1
f 1277/6129/1 1109/1360/1 1123/1359/1
f 1233/6135/1 1279/6137/1 1277/6129/1
f 1191/1369/1 1233/6135/1 1277/6129/1
f 1277/6129/1 1123/1359/1 1124/1367/1
f 1098/1358/1 1082/2549/1 1083/1368/1
f 1191/1369/1 1277/6129/1 1124/1367/1
f 1124/1367/1 1098/1358/1 1083/1368/1
f 1138/1370/6 1116/6138/6 1115/1371/6
f 1493/1372/4 1507/5003/4 1494/1129/4
f 1163/6139/4 1185/6140/4 1186/6141/4
f 1163/6139/4 1186/6141/4 1164/6142/4
f 1097/6143/4 1163/6139/4 1164/6142/4
f 1097/6143/4 1164/6142/4 1043/6144/4
f 1078/6145/4 1097/6143/4 1043/6144/4
f 1019/1374/4 975/6146/4 974/6147/4
f 1078/6145/4 1043/6144/4 1019/1374/4
f 1044/3940/4 1078/6145/4 1019/1374/4
f 1019/1374/4 974/6147/4 1018/1375/4
f 1042/1376/4 1044/3940/4 1019/1374/4
f 1134/1377/6 1130/6148/6 1129/1378/6
f 1150/1380/1 1151/6149/1 1113/1381/1
f 1133/1383/6 1135/6150/6 1150/1384/6
f 1140/1386/2 1155/6054/2 1153/1337/2
f 1159/1388/2 1154/6151/2 1139/1389/2
f 1139/1389/2 1105/3024/2 1117/1346/2
f 1117/1346/2 1118/1348/2 1162/1390/2
f 1162/1390/2 1164/5155/2 1186/6152/2
f 1184/6153/2 1181/6154/2 1159/1388/2
f 1162/1390/2 1186/6152/2 1184/6153/2
f 1139/1389/2 1117/1346/2 1162/1390/2
f 1162/1390/2 1184/6153/2 1159/1388/2
f 1080/6155/4 1108/6156/4 1190/1391/4
f 1190/1391/5 1189/6157/5 1122/6158/5
f 1190/1391/5 1122/6158/5 1107/6159/5
f 1066/1393/5 1080/6155/5 1190/1391/5
f 1190/1391/5 1107/6159/5 1081/1392/5
f 1084/1394/2 1192/6160/2 1191/1395/2
f 1191/1395/2 1083/6161/2 1068/1396/2
f 1168/1397/1 1169/1380/1 1128/1382/1
f 1113/1399/6 1151/6162/6 1168/1400/6
f 1073/1402/1 1071/6163/1 990/1403/1
f 1172/1405/3 1176/6164/3 1175/1406/3
f 1174/1408/3 1178/6165/3 1177/1409/3
f 1180/1411/4 1161/6166/4 1158/1412/4
f 1179/1414/6 1158/1515/6 1157/1415/6
f 1181/1409/4 1182/6165/4 1183/1417/4
f 1159/1419/6 1183/6167/6 1155/1420/6
f 2973/1424/5 2992/6168/5 3040/1422/5
f 3040/1422/5 3039/6169/5 2975/1423/5
f 756/6170/5 768/6171/5 819/6172/5
f 756/6170/5 819/6172/5 820/6173/5
f 640/6174/5 639/6175/5 648/6176/5
f 648/6176/5 756/6170/5 820/6173/5
f 829/6177/5 828/6178/5 993/6179/5
f 640/6174/5 648/6176/5 820/6173/5
f 640/6174/5 820/6173/5 829/6177/5
f 589/6180/5 608/6181/5 625/6182/5
f 625/6182/4 640/6174/4 829/6177/4
f 993/6179/5 990/6183/5 1071/6184/5
f 829/6177/5 993/6179/5 1071/6184/5
f 1072/6185/4 1091/6186/4 1103/6187/4
f 829/6177/5 1071/6184/5 1072/6185/5
f 590/6188/5 589/6180/5 625/6182/5
f 829/6177/5 1072/6185/5 1103/6187/5
f 590/6188/5 625/6182/5 829/6177/5
f 696/6189/5 615/6190/5 610/6191/5
f 610/6191/5 590/6188/5 829/6177/5
f 829/6177/5 1103/6187/5 1133/6192/5
f 1133/6192/5 1132/6193/5 1113/6194/5
f 1113/6194/5 1112/6195/5 1128/6196/5
f 1128/6196/5 1127/6197/5 1198/6198/5
f 1198/6198/5 1196/6199/5 1255/6200/5
f 1255/6200/5 1253/6201/5 1282/6202/5
f 1255/6200/5 1282/6202/5 1283/6203/5
f 1128/6196/5 1198/6198/5 1255/6200/5
f 1113/6194/5 1128/6196/5 1255/6200/5
f 1255/6200/5 1283/6203/5 1286/6204/5
f 1286/6204/5 1287/6205/5 1259/6206/5
f 1261/6207/5 1262/6208/5 1207/6209/5
f 1255/6200/5 1286/6204/5 1259/6206/5
f 1259/6206/5 1261/6207/5 1207/6209/5
f 1207/6209/5 1211/6210/5 1173/6211/5
f 1177/6212/5 1215/6213/5 1219/6214/5
f 1219/6214/5 1242/6215/5 1246/6216/5
f 1246/6216/5 1266/6217/5 1268/6218/5
f 1268/6218/5 1293/6219/5 1297/6220/5
f 1297/6220/5 1229/6221/5 1225/6222/5
f 1225/6222/5 1184/6223/5 1181/6224/5
f 1181/6224/5 1159/6225/5 1154/6226/5
f 1181/6224/5 1154/6226/5 1152/6227/5
f 1297/6220/5 1225/6222/5 1181/6224/5
f 1246/6216/5 1268/6218/5 1297/6220/5
f 1219/6214/5 1246/6216/5 1297/6220/5
f 1297/6220/5 1181/6224/5 1152/6227/5
f 1136/6228/5 1139/6229/5 1105/6230/5
f 1219/6214/5 1297/6220/5 1152/6227/5
f 1136/6228/5 1105/6230/5 1092/6231/5
f 1177/6212/5 1219/6214/5 1152/6227/5
f 1136/6228/5 1092/6231/5 1037/6232/5
f 1173/6211/5 1177/6212/5 1152/6227/5
f 1173/6211/5 1152/6227/5 1136/6228/5
f 1255/6200/5 1259/6206/5 1207/6209/5
f 1207/6209/5 1173/6211/5 1136/6228/5
f 1037/6232/5 1035/6233/5 1058/6234/5
f 1136/6228/5 1037/6232/5 1058/6234/5
f 1255/6200/5 1207/6209/5 1136/6228/5
f 1133/6192/5 1113/6194/5 1255/6200/5
f 696/6189/5 610/6191/5 829/6177/5
f 1133/6192/5 1255/6200/5 1136/6228/5
f 723/6235/5 696/6189/5 829/6177/5
f 779/6236/5 747/6237/5 746/1427/5
f 746/1427/5 723/6235/5 829/6177/5
f 1133/6192/5 1136/6228/5 1058/6234/5
f 1133/6192/5 1058/6234/5 1033/6238/5
f 797/6239/5 779/6236/5 746/1427/5
f 942/1426/5 888/6240/5 795/6241/5
f 795/6241/5 797/6239/5 746/1427/5
f 1133/6192/5 1033/6238/5 966/1425/5
f 968/6242/5 1001/6243/5 918/6244/5
f 829/6177/5 1133/6192/5 966/1425/5
f 966/1425/5 968/6242/5 918/6244/5
f 942/1426/2 795/6241/2 746/1427/2
f 966/1425/5 918/6244/5 942/1426/5
f 746/1427/5 829/6177/5 966/1425/5
f 1200/1428/1 1201/6245/1 1198/1429/1
f 1128/1431/6 1169/6246/6 1200/1432/6
f 1166/1434/1 1199/6247/1 1204/1435/1
f 1170/1437/6 1167/6248/6 1166/1438/6
f 1209/1440/4 1210/6249/4 1172/1441/4
f 1206/1443/3 1210/6250/3 1209/1444/3
f 1208/1446/3 1212/6251/3 1211/1447/3
f 1176/1449/1 1213/6252/1 1217/1445/1
f 1213/1440/3 1218/6253/3 1216/1451/3
f 1178/1453/1 1220/6254/1 1215/1454/1
f 1220/1456/3 1221/6255/3 1219/1457/3
f 1223/1459/4 1224/6256/4 1160/1460/4
f 1222/1462/6 1160/6257/6 1161/1463/6
f 1225/1463/4 1226/6257/4 1227/1465/4
f 1184/1467/6 1227/6258/6 1182/1468/6
f 1230/1470/6 1141/6259/6 1142/1471/6
f 525/6260/2 541/725/2 396/5197/2
f 396/5197/2 399/6261/2 436/1473/2
f 495/928/2 499/6262/2 529/1474/2
f 525/6260/2 396/5197/2 436/1473/2
f 436/1473/2 495/928/2 529/1474/2
f 527/1475/2 525/6260/2 436/1473/2
f 1122/6263/1 1189/6264/1 1193/6265/1
f 1122/6263/1 1193/6265/1 1165/6266/1
f 1126/6267/1 1122/6263/1 1165/6266/1
f 1126/6267/1 1165/6266/1 1147/6268/1
f 1107/6269/1 1126/6267/1 1147/6268/1
f 1107/6269/1 1147/6268/1 1125/6270/1
f 1081/6271/1 1107/6269/1 1125/6270/1
f 1081/6271/1 1125/6270/1 1100/1476/1
f 1085/6272/1 1066/6273/1 1087/1478/1
f 1087/1478/1 1081/6271/1 1100/1476/1
f 1086/1477/1 1085/6272/1 1087/1478/1
f 1188/1479/6 1231/6274/6 1186/1480/6
f 1193/1482/6 1189/6275/6 1190/1483/6
f 1192/1485/6 1195/6276/6 1233/1486/6
f 1213/6277/5 1176/6278/5 1172/6279/5
f 1210/6280/5 1206/6281/5 1239/6282/5
f 1213/6277/5 1172/6279/5 1210/6280/5
f 1240/6283/5 1218/6284/5 1213/6277/5
f 1265/1547/5 1245/6285/5 1240/6283/5
f 1307/6286/5 1292/1546/5 1264/1548/5
f 1264/1548/5 1265/1547/5 1240/6283/5
f 1240/6283/5 1213/6277/5 1210/6280/5
f 1240/6283/5 1210/6280/5 1239/6282/5
f 1307/6286/5 1264/1548/5 1240/6283/5
f 1307/6286/5 1240/6283/5 1239/6282/5
f 1307/6286/5 1239/6282/5 1238/6287/5
f 1305/6288/5 1307/6286/5 1238/6287/5
f 1305/6288/5 1238/6287/5 1256/6289/5
f 1197/6290/5 1199/6291/5 1166/6292/5
f 1166/6292/5 1167/6293/5 1129/3163/5
f 1129/3163/5 1125/6294/5 1147/3423/5
f 1146/3422/5 1165/3421/5 1193/6295/5
f 1129/3163/5 1147/3423/5 1146/3422/5
f 1197/6290/5 1166/6292/5 1129/3163/5
f 1197/6290/5 1129/3163/5 1146/3422/5
f 1193/6295/5 1232/6296/5 1276/6297/5
f 1197/6290/5 1146/3422/5 1193/6295/5
f 1256/6289/5 1197/6290/5 1193/6295/5
f 1193/6295/5 1276/6297/5 1275/6298/5
f 1275/6298/5 1352/6299/5 1314/6300/5
f 1315/6301/5 1328/6302/5 1316/1575/5
f 1275/6298/5 1314/6300/5 1315/6301/5
f 1256/6289/5 1193/6295/5 1275/6298/5
f 1256/6289/5 1275/6298/5 1315/6301/5
f 1315/6301/5 1316/1575/5 1302/1574/5
f 1256/6289/5 1315/6301/5 1302/1574/5
f 1305/6288/5 1256/6289/5 1302/1574/5
f 1305/6288/5 1302/1574/5 1306/1576/5
f 1305/6288/5 1306/1576/5 1332/6303/5
f 1332/6303/5 1341/6304/5 1340/2526/5
f 1340/2526/5 1344/2525/5 1335/4619/5
f 1336/4618/4 1364/1622/4 1393/6305/4
f 1332/6303/5 1340/2526/5 1335/4619/5
f 1305/6288/5 1332/6303/5 1335/4619/5
f 1318/6306/5 1305/6288/5 1335/4619/5
f 1318/6306/5 1335/4619/5 1336/4618/5
f 1492/1490/5 1504/1816/5 1323/6307/5
f 1515/6308/5 1550/1817/5 1492/1490/5
f 1406/6309/5 1432/6310/5 1475/6311/5
f 1475/6311/5 1515/6308/5 1492/1490/5
f 1323/6307/5 1318/6306/5 1336/4618/5
f 1323/6307/5 1336/4618/5 1393/6305/5
f 1406/6309/5 1475/6311/5 1492/1490/5
f 1373/101/5 1372/103/5 1386/1489/5
f 1386/1489/5 1406/6309/5 1492/1490/5
f 1492/1490/5 1323/6307/5 1393/6305/5
f 1492/1490/5 1393/6305/5 1409/1621/5
f 1385/1488/5 1373/101/5 1386/1489/5
f 1492/1490/5 1409/1621/5 1385/1488/5
f 1198/1491/6 1201/6312/6 1234/1492/6
f 1204/1494/6 1199/6313/6 1197/1495/6
f 1236/1497/4 1239/6314/4 1206/1498/4
f 1218/1500/6 1241/6315/6 1214/1501/6
f 1218/1503/1 1240/1413/1 1244/1412/1
f 1240/1505/3 1245/6316/3 1243/1506/3
f 1221/1508/1 1247/6317/1 1242/1509/1
f 1247/1511/3 1248/6318/3 1246/1512/3
f 1249/1514/6 1228/6319/6 1224/1515/6
f 1250/1516/4 1273/6320/4 1274/6321/4
f 1251/1517/4 1228/6322/4 1249/1518/4
f 1250/1516/4 1274/6321/4 1251/1517/4
f 1245/1519/1 1265/6323/1 1267/1459/1
f 1248/1520/1 1269/6324/1 1266/1521/1
f 1269/1523/3 1270/6325/3 1268/1524/3
f 1318/6306/5 1323/6307/5 1295/6326/5
f 1295/6326/5 1299/6327/5 1230/6328/5
f 1187/6329/5 1094/6330/5 1095/6331/5
f 1295/6326/5 1230/6328/5 1187/6329/5
f 1305/6288/5 1318/6306/5 1295/6326/5
f 1291/6332/5 1307/6286/5 1305/6288/5
f 1272/6333/5 1265/1547/5 1291/6332/5
f 1274/6334/5 1272/6333/5 1291/6332/5
f 1291/6332/5 1305/6288/5 1295/6326/5
f 1295/6326/5 1187/6329/5 1095/6331/5
f 1093/1529/5 1076/5715/5 1057/6335/5
f 1295/6326/5 1095/6331/5 1093/1529/5
f 1274/6334/5 1291/6332/5 1295/6326/5
f 1251/6336/5 1274/6334/5 1295/6326/5
f 1093/1529/5 1057/6335/5 1115/6337/5
f 1116/6338/5 1157/6339/5 1158/1530/5
f 1093/1529/5 1115/6337/5 1116/6338/5
f 1228/1531/5 1251/6336/5 1295/6326/5
f 1158/1530/5 1161/6340/5 1160/2515/5
f 1228/1531/5 1295/6326/5 1093/1529/5
f 1158/1530/15 1160/2515/15 1228/1531/15
f 1093/1529/5 1116/6338/5 1158/1530/5
f 1277/1532/3 1278/6341/3 1275/1533/3
f 1262/1535/4 1263/6342/4 1208/1536/4
f 1281/1538/3 1282/6343/3 1280/1539/3
f 1284/1541/1 1285/1508/1 1282/1510/1
f 1255/1543/6 1257/6344/6 1284/1544/6
f 1292/1546/5 1291/6332/5 1265/1547/5
f 1270/1549/1 1294/6345/1 1293/1550/1
f 1296/1551/3 1300/1941/3 1299/1552/3
f 2221/1555/4 2363/6346/4 2365/6347/4
f 2221/1555/4 2365/6347/4 2335/6348/4
f 2244/1554/4 2222/6349/4 2221/1555/4
f 2221/1555/4 2335/6348/4 2257/1553/4
f 2336/6350/1 2366/6351/1 2369/6352/1
f 2260/1556/1 2259/6353/1 2204/6354/1
f 2336/6350/1 2369/6352/1 2260/1556/1
f 2306/6355/1 2336/6350/1 2260/1556/1
f 2260/1556/1 2204/6354/1 2206/1557/1
f 2206/1557/1 2207/6356/1 2232/1558/1
f 2232/1558/1 2306/6355/1 2260/1556/1
f 1259/1561/3 1260/6357/3 1263/1559/3
f 1263/1559/3 1262/6358/3 1261/1560/3
f 1282/6359/3 1285/6360/3 1288/1565/3
f 1288/1565/3 1287/6361/3 1286/1566/3
f 1283/1567/3 1282/6359/3 1288/1565/3
f 1311/1568/3 1313/6362/3 1312/1569/3
f 1297/1571/3 1293/6363/3 1294/1572/3
f 3013/1577/3 3012/6364/3 3006/6365/3
f 3003/1578/3 3004/6366/3 3008/1579/3
f 3013/1577/3 3006/6365/3 3003/1578/3
f 3008/1579/3 3015/6367/3 3013/1577/3
f 197/1582/1 335/6368/1 331/6369/1
f 197/1582/1 331/6369/1 297/6370/1
f 248/1581/1 195/6371/1 197/1582/1
f 197/1582/1 297/6370/1 270/1580/1
f 546/502/1 490/4971/1 540/1583/1
f 540/1583/1 554/6372/1 553/1584/1
f 2791/1585/3 2788/6373/3 2789/1586/3
f 2559/1588/5 2563/6374/5 2584/6375/5
f 2585/6376/5 2586/6377/5 2469/1589/5
f 2559/1588/5 2584/6375/5 2585/6376/5
f 2498/1590/5 2494/6378/5 2528/6379/5
f 2559/1588/5 2585/6376/5 2469/1589/5
f 2498/1590/5 2528/6379/5 2559/1588/5
f 2469/1589/5 2465/6380/5 2498/1590/5
f 2693/1591/5 2692/6381/5 2686/1592/5
f 2374/1594/6 2376/6382/6 2404/1595/6
f 2869/1600/6 2867/6383/6 2819/1601/6
f 105/1603/5 93/6384/5 65/6385/5
f 90/1604/5 104/6386/5 147/1605/5
f 105/1603/4 65/6385/4 90/1604/4
f 147/1605/5 146/6387/5 105/1603/5
f 2521/1609/5 2489/6388/5 2487/1610/5
f 1694/1614/1 1737/1998/1 1760/1612/1
f 1760/1612/1 1759/6389/1 1691/1613/1
f 1691/1613/1 1695/5548/1 1694/1614/1
f 1578/6390/2 1612/6391/2 1649/6392/2
f 1649/6392/2 1662/6393/2 1661/6394/2
f 1629/6395/5 1586/6396/5 1536/6397/5
f 1649/6392/2 1661/6394/2 1629/6395/2
f 1522/6398/5 1567/6399/5 1578/6390/5
f 1578/6390/2 1649/6392/2 1629/6395/2
f 1629/6395/2 1536/6397/2 1521/6400/2
f 1509/6401/4 1425/6402/4 1326/1615/4
f 1629/6395/5 1521/6400/5 1509/6401/5
f 1522/6398/2 1578/6390/2 1629/6395/2
f 1376/6403/2 1463/6404/2 1510/1617/2
f 1510/1617/2 1522/6398/2 1629/6395/2
f 1629/6395/4 1509/6401/4 1326/1615/4
f 1326/1615/2 1279/5627/2 1280/1616/2
f 1280/1616/4 1376/6403/4 1510/1617/4
f 1510/1617/2 1629/6395/2 1326/1615/2
f 3427/6405/5 3583/6406/5 3582/6407/5
f 3427/6405/5 3582/6407/5 3411/1618/5
f 3313/6408/5 3312/6409/5 3365/1620/5
f 3365/1620/5 3427/6405/5 3411/1618/5
f 3314/1619/5 3313/6408/5 3365/1620/5
f 1373/101/5 1385/1488/5 1409/1621/5
f 1409/1621/4 1393/6305/4 1364/1622/4
f 1374/1623/5 1373/101/5 1409/1621/5
f 2596/1626/2 2624/6410/2 2641/1624/2
f 2641/1624/2 2616/6411/2 2620/1625/2
f 2620/1625/2 2593/6412/2 2596/1626/2
f 2410/1630/5 2411/6413/5 2383/6414/5
f 2379/1631/5 2354/6415/5 2409/1632/5
f 2410/1630/5 2383/6414/5 2379/1631/5
f 1375/6416/4 1437/6417/4 1449/6418/4
f 1449/6418/5 1642/6419/5 1641/6420/5
f 1449/6418/5 1641/6420/5 1621/6421/5
f 1350/6422/5 1367/6423/5 1375/6416/5
f 1375/6416/5 1449/6418/5 1621/6421/5
f 1610/6424/4 1595/6425/4 1576/6426/4
f 1375/6416/5 1621/6421/5 1610/6424/5
f 1277/1635/5 1350/6422/5 1375/6416/5
f 1349/6427/5 1278/6428/5 1277/1635/5
f 1426/6429/5 1402/6430/5 1399/6431/5
f 1399/6431/5 1349/6427/5 1277/1635/5
f 1277/1635/5 1375/6416/5 1610/6424/5
f 1576/6426/4 1566/6432/4 1533/6433/4
f 1277/1635/5 1610/6424/5 1576/6426/5
f 1422/6434/5 1426/6429/5 1399/6431/5
f 1277/1635/5 1576/6426/5 1533/6433/5
f 1277/1635/5 1533/6433/5 1495/6435/5
f 1422/6434/5 1399/6431/5 1277/1635/5
f 1461/1633/5 1448/6436/5 1436/1634/5
f 1436/1634/5 1422/6434/5 1277/1635/5
f 1277/1635/5 1495/6435/5 1461/1633/5
f 1399/1544/3 1402/6344/3 1400/1636/3
f 44/1638/1 67/6437/1 63/6438/1
f 42/6439/1 39/6440/1 21/1639/1
f 44/1638/1 63/6438/1 42/6439/1
f 23/1640/1 43/6441/1 44/1638/1
f 5/6442/1 6/6443/1 23/1640/1
f 21/1639/1 4/6444/1 5/6442/1
f 44/1638/1 42/6439/1 21/1639/1
f 21/1639/1 5/6442/1 23/1640/1
f 3381/6445/3 3383/6446/3 3382/1641/3
f 3382/1641/3 3375/6447/3 3376/1642/3
f 3377/1643/3 3381/6445/3 3382/1641/3
f 564/1644/4 563/3601/4 551/1645/4
f 1391/1646/2 1413/6448/2 1412/1647/2
f 668/6449/5 781/6450/5 808/1649/5
f 808/1649/2 834/6451/2 833/1650/2
f 833/1650/2 737/6452/2 686/1651/2
f 686/1651/2 668/6449/2 808/1649/2
f 2688/1652/6 2684/6453/6 2681/1653/6
f 2681/1653/6 2714/6454/6 2687/1654/6
f 3710/1655/6 3704/6455/6 3703/1656/6
f 1488/6456/2 1486/6457/2 1457/1658/2
f 1454/6458/2 1468/6459/2 1466/6460/2
f 1489/6461/2 1488/6456/2 1457/1658/2
f 1454/6458/2 1466/6460/2 1442/6462/2
f 1491/6463/2 1489/6461/2 1457/1658/2
f 1454/6458/2 1442/6462/2 1431/6464/2
f 1476/6465/2 1491/6463/2 1457/1658/2
f 1457/1658/2 1454/6458/2 1431/6464/2
f 1431/6464/2 1414/6466/2 1415/1659/2
f 1415/1659/2 1407/6467/2 1408/6468/2
f 1415/1659/2 1408/6468/2 1416/6469/2
f 1457/1658/2 1431/6464/2 1415/1659/2
f 1478/3199/2 1476/6465/2 1457/1658/2
f 1443/1660/2 1459/6470/2 1478/3199/2
f 1415/1659/2 1416/6469/2 1433/1675/2
f 1443/1660/2 1478/3199/2 1457/1658/2
f 1415/1659/2 1433/1675/2 1443/1660/2
f 775/1742/4 767/6471/4 712/1661/4
f 712/1661/2 716/5269/2 741/1662/2
f 741/1662/2 754/5268/2 776/1663/2
f 776/1663/2 775/1742/2 712/1661/2
f 1486/1664/4 1487/6472/4 1474/1665/4
f 2858/6473/2 2903/6474/2 2902/6475/2
f 2858/6473/2 2902/6475/2 2852/6476/2
f 2759/1668/2 2806/6477/2 2805/6478/2
f 2805/6478/2 2858/6473/2 2852/6476/2
f 2849/6479/2 2895/6480/2 2894/6481/2
f 2805/6478/2 2852/6476/2 2849/6479/2
f 2735/6482/2 2760/6483/2 2759/1668/2
f 2759/1668/2 2805/6478/2 2849/6479/2
f 2849/6479/2 2894/6481/2 2845/1666/2
f 2845/1666/2 2843/6484/2 2797/6485/2
f 2797/6485/2 2796/6486/2 2733/1667/2
f 2733/1667/2 2735/6482/2 2759/1668/2
f 2759/1668/2 2849/6479/2 2845/1666/2
f 2845/1666/2 2797/6485/2 2733/1667/2
f 1428/1669/6 1426/6487/6 1422/1670/6
f 2324/1673/5 2354/6415/5 2379/1631/5
f 2379/1631/5 2329/6488/5 2326/1672/5
f 1434/1674/2 1444/6489/2 1443/1660/2
f 787/1676/5 810/6490/5 809/968/5
f 788/1677/5 785/970/5 784/1678/5
f 787/1676/5 809/968/5 788/1677/5
f 2937/1679/3 2941/6491/3 2940/1680/3
f 2463/1682/1 2461/6492/1 2384/1683/1
f 1425/6493/1 1509/6494/1 1508/1685/1
f 1508/1685/1 1462/6495/1 1450/1686/1
f 1450/1686/1 1449/4014/1 1437/6496/1
f 1437/6496/1 1423/1781/1 1438/1687/1
f 1438/1687/1 1424/6497/1 1425/6493/1
f 1450/1686/1 1437/6496/1 1438/1687/1
f 1438/1687/1 1425/6493/1 1508/1685/1
f 2835/1688/3 2831/6498/3 2832/1689/3
f 1453/1691/1 1467/6499/1 1470/1692/1
f 1471/1694/1 1472/6500/1 1468/1695/1
f 920/1699/5 947/6501/5 949/6502/5
f 949/6502/5 659/6503/5 643/1697/5
f 643/1697/5 657/6504/5 678/6505/5
f 679/6506/5 728/6507/5 727/1698/5
f 643/1697/5 678/6505/5 679/6506/5
f 920/1699/5 949/6502/5 643/1697/5
f 869/6508/5 921/6509/5 920/1699/5
f 861/6510/5 869/6508/5 920/1699/5
f 643/1697/5 679/6506/5 727/1698/5
f 727/1698/5 861/6510/5 920/1699/5
f 2016/1700/6 2019/6511/6 2008/1701/6
f 649/1703/1 673/6512/1 675/6513/1
f 651/1704/1 626/6514/1 607/1705/1
f 649/1703/1 675/6513/1 651/1704/1
f 1253/1706/2 1282/6515/2 1281/6516/2
f 1281/6516/2 1233/6517/2 1195/1707/2
f 1195/1707/2 1148/6518/2 1127/6519/2
f 1127/6519/2 1198/6520/2 1196/1708/2
f 1196/1708/2 1255/6521/2 1253/1706/2
f 1253/1706/2 1281/6516/2 1195/1707/2
f 1195/1707/2 1127/6519/2 1196/1708/2
f 1470/1709/6 1467/6522/6 1465/1710/6
f 2005/1714/1 2074/6523/1 2079/1712/1
f 2057/1713/1 2003/6524/1 2005/1714/1
f 1468/1715/6 1472/6525/6 1485/1716/6
f 1470/1720/5 1484/6526/5 1499/1754/5
f 1499/1754/5 1547/6527/5 1549/1718/5
f 1549/1718/5 1514/6528/5 1501/1719/5
f 1501/1719/5 1473/6529/5 1469/6530/5
f 1470/1720/5 1499/1754/5 1549/1718/5
f 1501/1719/5 1469/6530/5 1470/1720/5
f 1457/1721/6 1474/6531/6 1471/1722/6
f 1483/1727/1 1496/6532/1 1499/1728/1
f 1499/1728/1 1484/6533/1 1465/1729/1
f 1488/1730/6 1503/6534/6 1487/1731/6
f 2335/6535/5 2365/6536/5 2394/1734/5
f 2394/1734/5 2225/6537/5 2222/1735/5
f 2222/1735/4 2244/6538/4 2257/1733/4
f 2257/1733/5 2335/6535/5 2394/1734/5
f 1499/1736/6 1496/6539/6 1482/1737/6
f 1498/1739/6 1500/6540/6 1513/1740/6
f 818/788/2 816/5267/2 775/1742/2
f 1514/1744/6 1490/6541/6 1502/1745/6
f 2962/6542/2 3197/6543/2 3193/6544/2
f 2962/6542/2 3193/6544/2 3016/1747/2
f 2907/6545/2 2908/6546/2 2939/1749/2
f 2939/1749/2 2962/6542/2 3016/1747/2
f 2979/1748/2 2907/6545/2 2939/1749/2
f 3694/6547/2 3696/6548/2 3778/6549/2
f 3768/1750/2 3813/6550/2 3801/1751/2
f 3695/6551/2 3694/6547/2 3778/6549/2
f 3767/1752/2 3766/6552/2 3695/6551/2
f 3678/6553/2 3758/6554/2 3757/6555/2
f 3566/6556/2 3604/6557/2 3678/6553/2
f 3535/6558/2 3567/6559/2 3566/6556/2
f 3671/6560/2 3670/6561/2 3534/6562/2
f 3534/6562/2 3535/6558/2 3566/6556/2
f 3534/6562/2 3566/6556/2 3678/6553/2
f 3746/6563/2 3745/6564/2 3671/6560/2
f 3671/6560/2 3534/6562/2 3678/6553/2
f 3671/6560/2 3678/6553/2 3757/6555/2
f 3746/6563/2 3671/6560/2 3757/6555/2
f 3801/1751/2 3746/6563/2 3757/6555/2
f 3695/6551/2 3778/6549/2 3768/1750/2
f 3801/1751/2 3757/6555/2 3767/1752/2
f 3767/1752/2 3695/6551/2 3768/1750/2
f 1540/1753/5 1565/6565/5 1546/1949/5
f 1546/1949/5 1547/6527/5 1499/1754/5
f 1499/1754/5 1512/6566/5 1541/1755/5
f 1540/1753/5 1546/1949/5 1499/1754/5
f 3104/1758/6 3070/6567/6 3065/1756/6
f 3064/1757/6 3063/6568/6 3104/1758/6
f 3267/1759/4 3268/6569/4 3191/6570/4
f 3191/6570/4 3190/6571/4 3238/1760/4
f 3238/1760/4 3237/6572/4 3264/6573/4
f 3266/1761/4 3305/6574/4 3306/6575/4
f 3238/1760/4 3264/6573/4 3266/1761/4
f 3267/1759/4 3191/6570/4 3238/1760/4
f 3266/1761/4 3306/6575/4 3267/1759/4
f 1551/1762/4 1560/6576/4 1561/1763/4
f 1561/1763/4 1503/6577/4 1488/1764/4
f 1518/1765/2 1527/6578/2 1526/1766/2
f 1354/1608/5 1355/1607/5 1353/1768/5
f 1353/1768/5 1379/6579/5 1357/1769/5
f 1357/1769/5 1356/6580/5 1354/1608/5
f 2489/1770/1 2521/4793/1 2525/1771/1
f 2525/1771/1 2491/6581/1 2458/1772/1
f 1537/1773/3 1542/6582/3 1540/1774/3
f 2534/6583/4 2770/6584/4 2773/6585/4
f 2534/6583/4 2773/6585/4 2744/6586/4
f 2482/6587/4 2534/6583/4 2744/6586/4
f 2590/6588/4 2592/6589/4 2537/6590/4
f 2482/6587/4 2744/6586/4 2590/6588/4
f 2417/6591/4 2444/6592/4 2446/6593/4
f 2446/6593/4 2482/6587/4 2590/6588/4
f 2590/6588/4 2537/6590/4 2505/6594/4
f 2505/6594/4 2506/6595/4 2448/6596/4
f 2448/6596/4 2450/6597/4 2419/6598/4
f 2402/6599/4 2370/6600/4 2340/6601/4
f 2448/6596/4 2419/6598/4 2402/6599/4
f 2446/6593/4 2590/6588/4 2505/6594/4
f 2448/6596/4 2402/6599/4 2340/6601/4
f 2446/6593/4 2505/6594/4 2448/6596/4
f 2398/6602/4 2416/6603/4 2417/6591/4
f 2417/6591/4 2446/6593/4 2448/6596/4
f 2417/6591/4 2448/6596/4 2340/6601/4
f 2399/6604/4 2398/6602/4 2417/6591/4
f 2366/6605/4 2369/6606/4 2399/6604/4
f 2338/1778/4 2336/6607/4 2366/6605/4
f 2232/6608/4 2306/6609/4 2308/6610/4
f 2338/1778/4 2366/6605/4 2399/6604/4
f 2234/6611/4 2232/6608/4 2308/6610/4
f 2338/1778/4 2399/6604/4 2417/6591/4
f 2235/1777/4 2234/6611/4 2308/6610/4
f 2338/1778/4 2417/6591/4 2340/6601/4
f 2235/1777/4 2308/6610/4 2338/1778/4
f 2338/1778/4 2340/6601/4 2282/1776/4
f 1544/1298/3 1545/1297/3 1543/1779/3
f 1351/1783/1 1326/6134/1 1425/6493/1
f 1424/6497/1 1438/1687/1 1423/1781/1
f 1351/1783/1 1425/6493/1 1424/6497/1
f 1367/2806/1 1350/6128/1 1351/1783/1
f 1437/6496/1 1375/2805/1 1368/1782/1
f 1368/1782/1 1367/2806/1 1351/1783/1
f 1351/1783/1 1424/6497/1 1423/1781/1
f 1423/1781/1 1437/6496/1 1368/1782/1
f 1548/1784/3 1550/6612/3 1549/1785/3
f 1563/1787/2 1575/6613/2 1609/6614/2
f 1609/6614/2 1562/1833/2 1551/1788/2
f 1551/1788/2 1526/1766/2 1528/6615/2
f 1551/1788/2 1528/6615/2 1529/1789/2
f 1563/1787/2 1609/6614/2 1551/1788/2
f 2507/1790/1 2510/6616/1 2453/1791/1
f 1312/6617/4 1398/6618/4 1690/1793/4
f 1690/1793/2 1687/6619/2 1519/6620/2
f 1690/1793/2 1519/6620/2 1506/6621/2
f 1310/6622/2 1312/6617/2 1690/1793/2
f 1325/6623/2 1310/6622/2 1690/1793/2
f 1690/1793/2 1506/6621/2 1477/6624/2
f 1458/1794/2 1446/6625/2 1417/6626/2
f 1690/1793/2 1477/6624/2 1458/1794/2
f 1348/6627/2 1325/6623/2 1690/1793/2
f 1396/1795/4 1366/6628/4 1348/6627/4
f 1458/1794/2 1417/6626/2 1396/1795/2
f 1396/1795/2 1348/6627/2 1690/1793/2
f 773/1796/1 806/6099/1 772/1797/1
f 772/1797/1 765/1349/1 766/1798/1
f 174/6629/1 226/6630/1 231/6631/1
f 231/6631/1 173/6632/1 143/6633/1
f 143/6633/1 117/6634/1 118/206/1
f 119/205/1 121/4718/1 144/1800/1
f 143/6633/1 118/206/1 119/205/1
f 174/6629/1 231/6631/1 143/6633/1
f 176/6635/1 174/6629/1 143/6633/1
f 143/6633/1 119/205/1 144/1800/1
f 144/1800/1 180/6636/1 207/1801/1
f 207/1801/1 233/6637/1 229/6638/1
f 207/1801/1 229/6638/1 190/6639/1
f 176/6635/1 143/6633/1 144/1800/1
f 178/6640/1 176/6635/1 144/1800/1
f 207/1801/1 190/6639/1 179/1799/1
f 179/1799/1 178/6640/1 144/1800/1
f 2382/1802/1 2327/6641/1 2329/1803/1
f 1558/1805/3 1561/6642/3 1560/1806/3
f 1556/1810/1 1583/6643/1 1581/6644/1
f 1571/1808/1 1543/6645/1 1545/1809/1
f 1556/1810/1 1581/6644/1 1571/1808/1
f 1442/6462/5 1466/6460/5 1498/6646/5
f 1497/6647/4 1524/6648/4 1539/6649/4
f 1442/6462/2 1498/6646/2 1497/6647/2
f 1431/6464/2 1442/6462/2 1497/6647/2
f 1539/6649/2 1543/6650/2 1571/5631/2
f 1539/6649/2 1571/5631/2 1564/5630/2
f 1564/5630/4 1538/5638/4 1523/6651/4
f 1539/6649/2 1564/5630/2 1523/6651/2
f 1497/6647/2 1539/6649/2 1523/6651/2
f 1497/6647/2 1523/6651/2 1481/3812/2
f 1431/6464/2 1497/6647/2 1481/3812/2
f 1440/6652/4 1452/6653/4 1480/3811/4
f 1431/6464/2 1481/3812/2 1440/6652/2
f 1407/6467/2 1415/1659/2 1414/6466/2
f 1414/6466/2 1431/6464/2 1440/6652/2
f 1440/6652/2 1480/3811/2 1511/6654/2
f 1511/6654/2 1403/6655/2 1404/2575/2
f 1405/2574/2 1377/2573/2 1378/4366/2
f 1440/6652/2 1511/6654/2 1404/2575/2
f 1407/6467/2 1414/6466/2 1440/6652/2
f 1383/6656/2 1384/6657/2 1392/6658/2
f 1440/6652/2 1404/2575/2 1405/2574/2
f 1405/2574/2 1378/4366/2 1380/1811/2
f 1380/1811/2 1370/6659/2 1339/1599/2
f 1339/1599/2 1330/1598/2 1331/6660/2
f 1333/6661/2 1334/6662/2 1320/3172/2
f 1339/1599/2 1331/6660/2 1333/6661/2
f 1440/6652/2 1405/2574/2 1380/1811/2
f 1380/1811/2 1339/1599/2 1333/6661/2
f 1320/3172/2 1309/6663/2 1322/6664/2
f 1380/1811/2 1333/6661/2 1320/3172/2
f 1391/1646/2 1383/6656/2 1392/6658/2
f 1413/6448/2 1391/1646/2 1392/6658/2
f 1320/3172/2 1322/6664/2 1321/6665/2
f 1345/6666/2 1363/6667/2 1362/6668/2
f 1320/3172/2 1321/6665/2 1345/6666/2
f 1413/6448/2 1392/6658/2 1407/6467/2
f 1413/6448/2 1407/6467/2 1440/6652/2
f 1320/3172/2 1345/6666/2 1362/6668/2
f 1362/6668/2 1361/6669/2 1360/6670/2
f 1362/6668/2 1360/6670/2 1343/6671/2
f 1412/1647/2 1413/6448/2 1440/6652/2
f 1390/1648/2 1412/1647/2 1440/6652/2
f 1320/3172/2 1362/6668/2 1343/6671/2
f 1342/1812/2 1359/6672/2 1382/1813/2
f 1320/3172/2 1343/6671/2 1342/1812/2
f 1390/1648/2 1440/6652/2 1380/1811/2
f 1382/1813/2 1390/1648/2 1380/1811/2
f 1380/1811/2 1320/3172/2 1342/1812/2
f 3197/6673/4 2962/5015/4 2983/568/4
f 2983/568/4 3089/5014/4 3091/6674/4
f 3197/6673/4 2983/568/4 3091/6674/4
f 2906/706/4 2904/705/4 3194/6675/4
f 2909/6676/4 2866/6677/4 2861/1815/4
f 2937/569/4 2939/5016/4 2908/6678/4
f 2861/1815/4 2906/706/4 3194/6675/4
f 3197/6673/4 3091/6674/4 3138/6679/4
f 3197/6673/4 3138/6679/4 3137/5013/4
f 2865/6680/4 2937/569/4 2908/6678/4
f 2981/570/4 2936/5017/4 2863/1814/4
f 2865/6680/4 2908/6678/4 2909/6676/4
f 2865/6680/4 2909/6676/4 2861/1815/4
f 3194/6675/4 3197/6673/4 3137/5013/4
f 3194/6675/4 3137/5013/4 2981/570/4
f 2863/1814/4 2865/6680/4 2861/1815/4
f 2861/1815/4 3194/6675/4 2981/570/4
f 1585/1818/5 1594/1837/5 1504/1816/5
f 1504/1816/5 1492/1490/5 1550/1817/5
f 1550/1817/5 1548/6681/5 1585/1818/5
f 190/1819/2 229/6682/2 228/1820/2
f 228/1820/2 189/6683/2 179/1821/2
f 1347/6684/2 1365/6685/2 1387/1822/2
f 1411/6686/5 1445/6687/5 1505/6688/5
f 1324/6689/5 1347/6684/5 1387/1822/5
f 1387/1822/4 1411/6686/4 1505/6688/4
f 1505/6688/4 1552/6690/4 1589/6691/4
f 1628/1823/5 1686/6692/5 1689/6693/5
f 1505/6688/5 1589/6691/5 1628/1823/5
f 1387/1822/2 1505/6688/2 1628/1823/2
f 1628/1823/5 1689/6693/5 1530/6694/5
f 1530/6694/4 1460/6695/4 1388/1824/4
f 1388/1824/5 1300/6696/5 1296/6697/5
f 1388/1824/5 1296/6697/5 1324/6689/5
f 1628/1823/5 1530/6694/5 1388/1824/5
f 1388/1824/5 1324/6689/5 1387/1822/5
f 1542/1827/1 1569/3212/1 1573/1825/1
f 1565/1826/1 1540/6698/1 1542/1827/1
f 59/127/1 77/4653/1 90/6699/1
f 65/1828/1 64/6700/1 41/1829/1
f 59/127/1 90/6699/1 65/1828/1
f 1569/1830/3 1574/6701/3 1572/1831/3
f 1625/5873/2 1624/1902/2 1557/6702/2
f 1557/6702/2 1560/6703/2 1562/1833/2
f 1562/1833/2 1609/6614/2 1688/1834/2
f 1684/6704/2 1678/6705/2 1658/5872/2
f 1619/5874/2 1625/5873/2 1557/6702/2
f 1684/6704/2 1658/5872/2 1620/1216/2
f 1620/1216/2 1619/5874/2 1557/6702/2
f 1688/1834/2 1684/6704/2 1620/1216/2
f 1620/1216/2 1557/6702/2 1562/1833/2
f 1594/1837/5 1585/1818/5 1606/6706/5
f 1606/6706/5 1617/6707/5 1618/6708/5
f 1606/6706/5 1618/6708/5 1607/1835/5
f 1608/1836/5 1627/2204/5 1594/1837/5
f 1594/1837/5 1606/6706/5 1607/1835/5
f 1583/1838/3 1584/6709/3 1582/1839/3
f 466/1843/4 566/6710/4 567/1841/4
f 508/1842/4 467/6711/4 466/1843/4
f 2527/1844/4 2558/6712/4 2559/6713/4
f 2528/1845/4 2494/6714/4 2493/1846/4
f 2527/1844/4 2559/6713/4 2528/1845/4
f 731/1847/1 726/6715/1 681/1848/1
f 2077/1850/1 2104/6716/1 2102/6717/1
f 2073/1851/1 2055/6718/1 2076/1852/1
f 2077/1850/1 2102/6717/1 2073/1851/1
f 3618/1855/6 3621/6719/6 3580/6720/6
f 3618/1855/6 3580/6720/6 3579/1853/6
f 3578/1854/6 3577/6721/6 3618/1855/6
f 3404/6722/2 3405/6723/2 3460/1856/2
f 3460/1856/2 3581/6724/2 3574/1857/2
f 3504/1858/2 3404/6722/2 3460/1856/2
f 3085/1859/6 3087/6725/6 3134/6726/6
f 3132/1860/6 3129/6727/6 3079/1861/6
f 3085/1859/6 3134/6726/6 3132/1860/6
f 3079/1861/6 3082/6728/6 3085/1859/6
f 215/1862/6 211/6729/6 192/1863/6
f 3520/1865/3 3522/6730/3 3529/6731/3
f 3528/1866/3 3527/6732/3 3519/1867/3
f 3520/1865/3 3529/6731/3 3528/1866/3
f 1586/6733/1 1629/1947/1 1635/1868/1
f 1635/1868/1 1646/6734/1 1645/6735/1
f 1634/1869/1 1622/4013/1 1611/4012/1
f 1635/1868/1 1645/6735/1 1634/1869/1
f 1577/1870/1 1586/6733/1 1635/1868/1
f 1634/1869/1 1611/4012/1 1577/1870/1
f 1600/1871/2 1614/1028/2 1613/1872/2
f 389/1874/5 393/4786/5 363/1875/5
f 2204/1879/3 2205/6736/3 2200/1877/3
f 2200/1877/3 2207/2996/3 2206/1878/3
f 1404/2575/2 1403/6655/2 1337/6737/2
f 1303/1880/2 1289/2695/2 1290/6738/2
f 1404/2575/2 1337/6737/2 1303/1880/2
f 1369/4365/2 1378/4366/2 1377/2573/2
f 1377/2573/2 1404/2575/2 1303/1880/2
f 1303/1880/2 1290/6738/2 1304/6739/2
f 1303/1880/2 1304/6739/2 1317/1881/2
f 1369/4365/2 1377/2573/2 1303/1880/2
f 1339/1599/2 1370/6659/2 1369/4365/2
f 1329/1597/2 1339/1599/2 1369/4365/2
f 1319/3170/2 1334/6662/2 1333/6661/2
f 1319/3170/2 1333/6661/2 1331/6660/2
f 1317/1881/2 1319/3170/2 1331/6660/2
f 1317/1881/2 1331/6660/2 1330/1598/2
f 1329/1597/2 1369/4365/2 1303/1880/2
f 1317/1881/2 1330/1598/2 1329/1597/2
f 804/6740/1 859/6741/1 861/1882/1
f 861/1882/1 727/6742/1 729/1883/1
f 770/1884/1 804/6740/1 861/1882/1
f 3119/6743/4 3120/6744/4 3004/6745/4
f 3003/6746/4 3006/6747/4 3184/6748/4
f 3119/6743/4 3004/6745/4 3003/6746/4
f 3119/6743/4 3003/6746/4 3184/6748/4
f 3224/1885/4 3303/6749/4 3304/6750/4
f 3119/6743/4 3184/6748/4 3224/1885/4
f 3185/1887/4 3119/6743/4 3224/1885/4
f 3224/1885/4 3304/6750/4 3226/1886/4
f 600/6751/1 706/6752/1 710/1888/1
f 710/1888/1 460/6753/1 420/1889/1
f 420/1889/1 377/6754/1 354/6755/1
f 354/6755/1 292/6756/1 275/5075/1
f 275/5075/1 276/666/1 293/5073/1
f 293/5073/1 320/5072/1 355/6757/1
f 355/6757/1 372/6758/1 378/6759/1
f 378/6759/1 456/6760/1 461/1890/1
f 293/5073/1 355/6757/1 378/6759/1
f 354/6755/1 275/5075/1 293/5073/1
f 581/6761/1 600/6751/1 710/1888/1
f 552/6762/1 581/6761/1 710/1888/1
f 420/1889/1 354/6755/1 293/5073/1
f 420/1889/1 293/5073/1 378/6759/1
f 545/6763/1 552/6762/1 710/1888/1
f 420/1889/1 378/6759/1 461/1890/1
f 461/1890/1 545/6763/1 710/1888/1
f 1931/1891/5 2029/6764/5 2031/6765/5
f 1967/6766/5 1968/6767/5 1932/2252/5
f 1931/1891/5 2031/6765/5 1967/6766/5
f 1879/6768/4 1901/6769/4 1931/1891/4
f 1781/6770/5 1779/6771/5 1879/6768/5
f 1747/6772/5 1746/6773/5 1781/6770/5
f 1717/6774/5 1716/1913/5 1747/6772/5
f 1802/1893/5 1784/6775/5 1748/6776/5
f 1748/6776/5 1717/6774/5 1747/6772/5
f 1747/6772/5 1781/6770/5 1879/6768/5
f 1931/1891/5 1967/6766/5 1932/2252/5
f 1931/1891/5 1932/2252/5 1933/6777/5
f 1747/6772/5 1879/6768/5 1931/1891/5
f 1802/1893/5 1748/6776/5 1747/6772/5
f 1863/6778/2 1818/6779/2 1802/1893/2
f 1903/1892/5 1906/2251/5 1863/6778/5
f 1931/1891/5 1933/6777/5 1903/1892/5
f 1802/1893/5 1747/6772/5 1931/1891/5
f 1903/1892/5 1863/6778/5 1802/1893/5
f 1605/6780/2 1616/2169/2 1640/6781/2
f 1584/6782/2 1583/6783/2 1556/1894/2
f 1605/6780/2 1640/6781/2 1584/6782/2
f 1503/6784/2 1561/6785/2 1558/6786/2
f 1558/6786/2 1605/6780/2 1584/6782/2
f 1556/1894/2 1525/2391/2 1513/6787/2
f 1558/6786/2 1584/6782/2 1556/1894/2
f 1487/1896/2 1503/6784/2 1558/6786/2
f 1471/6788/2 1474/6789/2 1487/1896/2
f 1500/1895/2 1485/6790/2 1472/6791/2
f 1472/6791/2 1471/6788/2 1487/1896/2
f 1487/1896/2 1558/6786/2 1556/1894/2
f 1556/1894/2 1513/6787/2 1500/1895/2
f 1500/1895/2 1472/6791/2 1487/1896/2
f 2530/6792/2 2561/6793/2 2565/1897/2
f 2565/1897/2 2608/6794/2 2604/6795/2
f 2604/6795/2 2647/6796/2 2646/6797/2
f 2628/6798/2 2627/6799/2 2597/1898/2
f 2604/6795/2 2646/6797/2 2628/6798/2
f 2526/6800/2 2530/6792/2 2565/1897/2
f 2565/1897/2 2604/6795/2 2628/6798/2
f 2597/1898/2 2594/6801/2 2578/6802/2
f 2565/1897/2 2628/6798/2 2597/1898/2
f 2556/6803/2 2526/6800/2 2565/1897/2
f 2583/1899/2 2582/6804/2 2557/6805/2
f 2557/6805/2 2556/6803/2 2565/1897/2
f 2597/1898/2 2578/6802/2 2583/1899/2
f 2583/1899/2 2557/6805/2 2565/1897/2
f 1626/1900/2 1633/1215/2 1632/1901/2
f 3753/1903/6 3681/6806/6 3673/1904/6
f 748/6807/2 758/6808/2 950/1906/2
f 950/1906/5 945/5915/5 971/1253/5
f 971/1253/5 1003/5917/5 1002/5717/5
f 972/6809/5 976/6810/5 759/6811/5
f 971/1253/5 1002/5717/5 972/6809/5
f 699/1908/4 748/6807/4 950/1906/4
f 950/1906/5 971/1253/5 972/6809/5
f 972/6809/5 759/6811/5 750/1907/5
f 750/1907/5 734/6812/5 699/1908/5
f 950/1906/5 972/6809/5 750/1907/5
f 3168/1909/4 3070/6813/4 3104/1910/4
f 1604/1914/5 1601/2609/5 1596/6814/5
f 1596/6814/5 1663/6815/5 1665/6816/5
f 1667/1912/5 1746/6773/5 1747/6772/5
f 1596/6814/5 1665/6816/5 1667/1912/5
f 1748/6776/5 1784/6775/5 1604/1914/5
f 1717/6774/5 1748/6776/5 1604/1914/5
f 1604/1914/5 1596/6814/5 1667/1912/5
f 1667/1912/5 1747/6772/5 1716/1913/5
f 1716/1913/5 1717/6774/5 1604/1914/5
f 1643/1915/3 1644/6817/3 1641/1916/3
f 3588/6818/6 3638/6819/6 3636/6820/6
f 3631/6821/6 3629/6822/6 3622/1918/6
f 3588/6818/6 3636/6820/6 3631/6821/6
f 3585/6823/6 3586/6824/6 3588/6818/6
f 3585/6823/6 3588/6818/6 3631/6821/6
f 3623/1919/6 3632/6825/6 3633/6826/6
f 3587/6827/6 3582/6828/6 3583/1920/6
f 3623/1919/6 3633/6826/6 3587/6827/6
f 3585/6823/6 3631/6821/6 3622/1918/6
f 3584/6829/6 3585/6823/6 3622/1918/6
f 3623/1919/6 3587/6827/6 3583/1920/6
f 3583/1920/6 3584/6829/6 3622/1918/6
f 596/1921/1 594/6830/1 558/1922/1
f 3796/6831/3 3795/6832/3 3792/6833/3
f 3792/6833/3 3791/6834/3 3790/6835/3
f 3792/6833/3 3790/6835/3 3786/1924/3
f 3784/1926/3 3796/6831/3 3792/6833/3
f 3782/1925/3 3783/6836/3 3784/1926/3
f 3784/1926/3 3792/6833/3 3786/1924/3
f 2613/1928/4 2639/5297/4 2667/1927/4
f 2667/1927/2 2638/5302/2 2612/810/2
f 1660/1929/5 1659/6837/5 1644/1930/5
f 3685/6838/5 3687/6839/5 3610/6840/5
f 3610/6840/5 3609/6841/5 3572/6842/5
f 3572/6842/5 3537/4178/5 3502/4177/5
f 3502/4177/5 3503/4179/5 3355/6843/5
f 3502/4177/5 3355/6843/5 3393/6844/5
f 3685/6838/5 3610/6840/5 3572/6842/5
f 3572/6842/5 3502/4177/5 3393/6844/5
f 3344/6845/5 3343/6846/5 3301/1932/5
f 3685/6838/5 3572/6842/5 3393/6844/5
f 3393/6844/5 3344/6845/5 3301/1932/5
f 3301/1932/5 3118/6847/5 3115/6848/5
f 3180/6849/5 3439/4106/5 3454/1933/5
f 3301/1932/5 3115/6848/5 3180/6849/5
f 3685/6838/5 3393/6844/5 3301/1932/5
f 3755/6850/5 3759/6851/5 3685/6838/5
f 3568/4175/5 3673/6852/5 3681/6853/5
f 3681/6853/5 3755/6850/5 3685/6838/5
f 3301/1932/5 3180/6849/5 3454/1933/5
f 3568/4175/5 3681/6853/5 3685/6838/5
f 3500/1934/5 3568/4175/5 3685/6838/5
f 3454/1933/5 3470/4131/5 3471/6854/5
f 3471/6854/5 3469/4130/5 3487/6855/5
f 3471/6854/5 3487/6855/5 3489/4176/5
f 3454/1933/5 3471/6854/5 3489/4176/5
f 3500/1934/5 3685/6838/5 3301/1932/5
f 3454/1933/5 3489/4176/5 3500/1934/5
f 1646/6856/3 1661/6857/3 1662/6858/3
f 1646/6856/3 1662/6858/3 1647/1936/3
f 1659/6859/3 1660/6860/3 1645/1935/3
f 1645/1935/3 1646/6856/3 1647/1936/3
f 1648/1937/3 1659/6859/3 1645/1935/3
f 1668/1938/1 1669/6861/1 1666/1939/1
f 1651/1941/6 1670/6862/6 1668/1942/6
f 290/1943/4 221/6863/4 202/1944/4
f 1661/1946/1 1646/6734/1 1635/1868/1
f 1572/1950/5 1804/6864/5 1803/6865/5
f 1803/6865/5 1817/6866/5 1835/6867/5
f 1835/6867/5 1850/6868/5 1623/6869/5
f 1803/6865/5 1835/6867/5 1623/6869/5
f 1565/6565/5 1573/6870/5 1572/1950/5
f 1803/6865/5 1623/6869/5 1603/3749/5
f 1592/1948/5 1593/3750/5 1547/6527/5
f 1803/6865/6 1603/3749/6 1592/1948/6
f 1546/1949/5 1565/6565/5 1572/1950/5
f 1572/1950/5 1803/6865/5 1592/1948/5
f 1592/1948/5 1547/6527/5 1546/1949/5
f 1683/1951/2 1682/6871/2 1681/1952/2
f 3642/1954/6 3640/6872/6 3712/1955/6
f 1678/1939/4 1682/6873/4 1683/1957/4
f 1658/1958/6 1683/6874/6 1680/1959/6
f 3760/1961/6 3767/6875/6 3757/1962/6
f 1904/6876/4 1987/6877/4 1988/6710/4
f 1902/1966/4 1796/6878/4 1795/6879/4
f 1904/6876/4 1988/6710/4 1902/1966/4
f 1880/6880/4 1904/6876/4 1902/1966/4
f 1902/1966/4 1795/6879/4 1813/1964/4
f 1846/1965/4 1880/6880/4 1902/1966/4
f 1664/1967/2 1705/6881/2 1704/1968/2
f 1662/1970/6 1664/6882/6 1703/1971/6
f 1709/1973/5 1708/2043/5 1707/1974/5
f 1710/1976/1 1711/6883/1 1705/1977/1
f 65/6385/5 93/6384/5 92/1979/5
f 92/1979/4 70/6884/4 69/6885/4
f 47/1980/5 46/6886/5 45/6887/5
f 92/1979/5 69/6885/5 47/1980/5
f 64/6888/5 65/6385/5 92/1979/5
f 47/1980/5 45/6887/5 48/1981/5
f 48/1981/5 64/6888/5 92/1979/5
f 3742/1984/3 3743/475/3 3745/1982/3
f 3745/1982/3 3746/6889/3 3744/1983/3
f 3730/1985/3 3735/6890/3 3734/6891/3
f 3650/1986/3 3720/2864/3 3726/6892/3
f 3730/1985/3 3734/6891/3 3650/1986/3
f 3727/1987/3 3731/6893/3 3730/1985/3
f 3650/1986/3 3726/6892/3 3727/1987/3
f 1726/1988/5 1729/6096/5 1728/6894/5
f 1728/6894/5 1722/2011/5 1723/1989/5
f 1723/1989/5 1755/2010/5 1754/1990/5
f 1726/1988/5 1728/6894/5 1723/1989/5
f 3624/6895/4 3697/6896/4 3699/6897/4
f 3626/6898/4 3624/6895/4 3699/6897/4
f 3584/1993/4 3583/6899/4 3626/6898/4
f 3628/6900/4 3585/6901/4 3584/1993/4
f 3702/6902/4 3630/6903/4 3628/6900/4
f 3627/1992/4 3700/6904/4 3702/6902/4
f 3626/6898/4 3699/6897/4 3625/1991/4
f 3627/1992/4 3702/6902/4 3628/6900/4
f 3584/1993/4 3626/6898/4 3625/1991/4
f 3627/1992/4 3628/6900/4 3584/1993/4
f 2714/1996/1 2681/6905/1 2710/1994/1
f 2717/1995/1 2716/6906/1 2714/1996/1
f 1698/1997/1 1738/5549/1 1737/1998/1
f 931/6907/4 956/6908/4 957/6909/4
f 959/6910/4 983/6911/4 984/2000/4
f 931/6907/4 957/6909/4 959/6910/4
f 894/6912/4 895/6913/4 897/1999/4
f 931/6907/4 959/6910/4 984/2000/4
f 898/2001/4 894/6912/4 897/1999/4
f 897/1999/4 931/6907/4 984/2000/4
f 1705/2002/6 1711/6914/6 1741/1952/6
f 1672/3166/2 1849/6915/2 1866/6916/2
f 1866/6916/2 1865/6917/2 1848/6918/2
f 1848/6918/2 1816/2168/2 1801/2004/2
f 1801/2004/2 1800/6919/2 1783/6920/2
f 1783/6920/2 1782/6921/2 1715/2005/2
f 1715/2005/2 1652/6922/2 1653/2006/2
f 1653/2006/2 1672/3166/2 1866/6916/2
f 1866/6916/2 1848/6918/2 1801/2004/2
f 1801/2004/2 1783/6920/2 1715/2005/2
f 1653/2006/2 1866/6916/2 1801/2004/2
f 1721/2012/5 1767/6923/5 1755/2010/5
f 1755/2010/5 1723/1989/5 1722/2011/5
f 3202/2013/1 3246/6924/1 3213/2014/1
f 3213/2014/1 3156/6925/1 3157/2015/1
f 1760/2016/3 1761/6926/3 1758/2017/3
f 696/2021/2 725/6927/2 747/2019/2
f 747/2019/2 746/6928/2 723/2020/2
f 1993/6929/2 1972/6930/2 1998/6931/2
f 2002/6932/2 2071/6933/2 2070/2416/2
f 1993/6929/2 1998/6931/2 2002/6932/2
f 1994/6934/2 1993/6929/2 2002/6932/2
f 2002/6932/2 2070/2416/2 2069/2418/2
f 2069/2418/2 2098/2417/2 2112/6935/2
f 2112/6935/2 2163/6936/2 2161/6937/2
f 2161/6937/2 2185/6938/2 2180/6939/2
f 2180/6939/2 1897/2201/2 1859/2022/2
f 1814/6940/2 1793/2200/2 1777/2023/2
f 2161/6937/2 2180/6939/2 1859/2022/2
f 1859/2022/2 1814/6940/2 1777/2023/2
f 2112/6935/2 2161/6937/2 1859/2022/2
f 2002/6932/2 2069/2418/2 2112/6935/2
f 1994/6934/2 2002/6932/2 2112/6935/2
f 1713/6941/2 1669/2105/2 1668/6942/2
f 1668/6942/2 1670/6943/2 1799/6944/2
f 1713/6941/2 1668/6942/2 1799/6944/2
f 1744/6945/2 1713/6941/2 1799/6944/2
f 1744/6945/2 1799/6944/2 1796/6946/2
f 1988/6947/2 1994/6934/2 2112/6935/2
f 1878/6948/2 1902/2206/2 1988/6947/2
f 1794/2024/4 1815/2208/4 1860/2207/4
f 1878/6948/2 1988/6947/2 2112/6935/2
f 1794/2024/5 1860/2207/5 1878/6948/5
f 1744/6945/2 1796/6946/2 1794/2024/2
f 1878/6948/2 2112/6935/2 1859/2022/2
f 1777/2023/2 1744/6945/2 1794/2024/2
f 1794/2024/2 1878/6948/2 1859/2022/2
f 185/2027/6 170/6949/6 163/2025/6
f 160/2026/6 161/6950/6 185/2027/6
f 3770/6951/1 3764/6952/1 3687/6953/1
f 3688/6954/1 3611/6955/1 3612/2028/1
f 3770/6951/1 3687/6953/1 3688/6954/1
f 3772/6956/1 3770/6951/1 3688/6954/1
f 3612/2028/1 3577/6957/1 3578/6958/1
f 3772/6956/1 3688/6954/1 3612/2028/1
f 3774/6959/1 3772/6956/1 3612/2028/1
f 3612/2028/1 3578/6958/1 3579/6960/1
f 3579/6960/1 3580/6961/1 3613/2029/1
f 3613/2029/1 3615/6962/1 3689/6963/1
f 3689/6963/1 3690/6964/1 3765/6965/1
f 3776/2030/1 3774/6959/1 3612/2028/1
f 3689/6963/1 3765/6965/1 3776/2030/1
f 3612/2028/1 3579/6960/1 3613/2029/1
f 3613/2029/1 3689/6963/1 3776/2030/1
f 1765/2031/3 1756/6966/3 1755/2032/3
f 1769/2034/3 1770/6967/3 1768/2035/3
f 3776/2039/4 3812/6968/4 3813/2037/4
f 3813/2037/4 3768/6969/4 3765/2038/4
f 1701/2042/5 1930/6970/5 1900/6971/5
f 1900/6971/4 1875/6972/4 1762/2040/4
f 1740/6973/4 1702/6974/4 1663/2041/4
f 1701/2042/5 1900/6971/5 1762/2040/5
f 1762/2040/2 1740/6973/2 1663/2041/2
f 1745/2045/5 1714/6975/5 1707/1974/5
f 1708/2043/5 1709/1973/5 1743/6976/5
f 1745/2045/5 1707/1974/5 1708/2043/5
f 1708/2043/5 1743/6976/5 1742/2044/5
f 1776/2046/5 1775/6977/5 1763/2047/5
f 2672/2049/6 2670/6978/6 2686/2050/6
f 1779/2052/3 1781/6979/3 1780/2053/3
f 1691/2057/5 1759/6980/5 1758/2055/5
f 1758/2055/5 1693/6981/5 1692/2056/5
f 708/6982/1 791/6983/1 789/6984/1
f 812/6985/1 827/6986/1 937/6987/1
f 687/6988/1 708/6982/1 789/6984/1
f 565/6989/1 553/1584/1 554/6372/1
f 582/6990/1 565/6989/1 554/6372/1
f 937/6987/1 935/6991/1 879/6992/1
f 838/6993/1 834/6994/1 808/6995/1
f 937/6987/1 879/6992/1 838/6993/1
f 812/6985/1 937/6987/1 838/6993/1
f 838/6993/1 808/6995/1 781/6996/1
f 668/6997/1 665/6998/1 604/6999/1
f 838/6993/1 781/6996/1 668/6997/1
f 812/6985/1 838/6993/1 668/6997/1
f 789/6984/1 812/6985/1 668/6997/1
f 687/6988/1 789/6984/1 668/6997/1
f 687/6988/1 668/6997/1 604/6999/1
f 582/6990/1 554/6372/1 540/1583/1
f 601/2060/1 582/6990/1 540/1583/1
f 540/1583/1 687/6988/1 604/6999/1
f 603/7000/1 622/7001/1 602/2058/1
f 540/1583/1 604/6999/1 603/7000/1
f 666/7002/1 667/7003/1 633/2059/1
f 632/7004/1 666/7002/1 633/2059/1
f 601/2060/1 540/1583/1 603/7000/1
f 602/2058/1 632/7004/1 633/2059/1
f 601/2060/1 603/7000/1 602/2058/1
f 1945/2061/1 1978/7005/1 1977/7006/1
f 1945/2061/1 1977/7006/1 1920/7007/1
f 1768/7008/1 1770/7009/1 1945/2061/1
f 1822/7010/1 1768/7008/1 1945/2061/1
f 1945/2061/1 1920/7007/1 1855/2062/1
f 1839/2063/1 1822/7010/1 1945/2061/1
f 435/7011/5 398/7012/5 394/7013/5
f 431/7014/5 426/7015/5 471/7016/5
f 435/7011/5 394/7013/5 431/7014/5
f 474/7017/5 440/7018/5 435/7011/5
f 494/7019/5 478/7020/5 474/7017/5
f 513/5060/5 498/7021/5 494/7019/5
f 493/5061/5 512/640/5 513/5060/5
f 493/5061/5 513/5060/5 494/7019/5
f 494/7019/5 474/7017/5 435/7011/5
f 435/7011/5 431/7014/5 471/7016/5
f 471/7016/5 467/7022/5 508/5151/5
f 471/7016/5 508/5151/5 509/5150/5
f 494/7019/5 435/7011/5 471/7016/5
f 493/5061/5 494/7019/5 471/7016/5
f 471/7016/5 509/5150/5 524/5149/5
f 524/5149/5 523/698/5 547/5153/5
f 556/2064/5 555/700/5 570/5152/5
f 524/5149/5 547/5153/5 556/2064/5
f 493/5061/5 471/7016/5 524/5149/5
f 511/641/5 493/5061/5 524/5149/5
f 556/2064/5 570/5152/5 635/5434/5
f 511/641/5 524/5149/5 556/2064/5
f 559/7023/5 528/5059/5 526/639/5
f 526/639/5 511/641/5 556/2064/5
f 556/2064/5 635/5434/5 637/5433/5
f 637/5433/5 646/5432/5 673/7024/5
f 673/7024/4 649/7025/4 607/7026/4
f 609/7027/5 642/7028/5 630/1067/5
f 637/5433/5 673/7024/5 607/7026/5
f 609/7027/5 630/1067/5 614/2065/5
f 556/2064/5 637/5433/5 607/7026/5
f 556/2064/5 607/7026/5 609/7027/5
f 557/2066/5 559/7023/5 526/639/5
f 591/7029/5 593/7030/5 557/2066/5
f 614/2065/5 616/1066/5 591/7029/5
f 556/2064/5 609/7027/5 614/2065/5
f 557/2066/5 526/639/5 556/2064/5
f 614/2065/5 591/7029/5 557/2066/5
f 265/2069/1 328/7031/1 327/7032/1
f 265/2069/1 327/7032/1 306/7033/1
f 236/2068/1 241/7034/1 265/2069/1
f 265/2069/1 306/7033/1 282/2067/1
f 3543/2072/2 3733/7035/2 3651/2070/2
f 3649/2071/2 3544/7036/2 3543/2072/2
f 3633/7037/5 3632/7038/5 3779/7039/5
f 3779/7039/5 3793/7040/5 3723/2073/5
f 3723/2073/5 3728/7041/5 3646/7042/5
f 3646/7042/5 3657/7043/5 3541/2074/5
f 3541/2074/5 3548/7044/5 3510/7045/5
f 3451/7046/5 3452/2640/5 3294/7047/5
f 3541/2074/5 3510/7045/5 3451/7046/5
f 3723/2073/5 3646/7042/5 3541/2074/5
f 3703/7048/5 3633/7037/5 3779/7039/5
f 3647/7049/5 3712/7050/5 3713/7051/5
f 3713/7051/5 3703/7048/5 3779/7039/5
f 3541/2074/5 3451/7046/5 3294/7047/5
f 3300/2639/5 3390/7052/5 3179/7053/5
f 3294/7047/5 3300/2639/5 3179/7053/5
f 3175/3817/5 3176/7054/5 3511/7055/5
f 3294/7047/5 3179/7053/5 3175/3817/5
f 3713/7051/5 3779/7039/5 3723/2073/5
f 3594/2075/5 3645/7056/5 3647/7049/5
f 3647/7049/5 3713/7051/5 3723/2073/5
f 3541/2074/5 3294/7047/5 3175/3817/5
f 3511/7055/5 3540/7057/5 3594/2075/5
f 3541/2074/5 3175/3817/5 3511/7055/5
f 3594/2075/5 3647/7049/5 3723/2073/5
f 3541/2074/5 3511/7055/5 3594/2075/5
f 2169/7058/1 2172/7059/1 2200/7060/1
f 2133/7061/1 2132/7062/1 2027/7063/1
f 2133/7061/1 2027/7063/1 1986/7064/1
f 2169/7058/1 2200/7060/1 2205/7065/1
f 2086/7066/1 2169/7058/1 2205/7065/1
f 2086/7066/1 2205/7065/1 2133/7061/1
f 2065/7067/1 2086/7066/1 2133/7061/1
f 2065/7067/1 2133/7061/1 1986/7064/1
f 2022/7068/1 2065/7067/1 1986/7064/1
f 1962/7069/1 1961/7070/1 1959/7071/1
f 2022/7068/1 1986/7064/1 1962/7069/1
f 1892/7072/1 2022/7068/1 1962/7069/1
f 1962/7069/1 1959/7071/1 1930/2076/1
f 1930/2076/1 1701/7073/1 1692/7074/1
f 1930/2076/1 1692/7074/1 1693/7075/1
f 1892/7072/1 1962/7069/1 1930/2076/1
f 1761/7076/1 1789/7077/1 1792/2078/1
f 1792/2078/1 1892/7072/1 1930/2076/1
f 1930/2076/1 1693/7075/1 1758/2077/1
f 1758/2077/1 1761/7076/1 1792/2078/1
f 3486/7078/4 3530/7079/4 3531/7080/4
f 3486/7078/4 3531/7080/4 3487/7081/4
f 3390/7082/4 3486/7078/4 3487/7081/4
f 3390/7082/4 3487/7081/4 3469/7083/4
f 3115/7084/4 3114/7085/4 3179/2081/4
f 3179/2081/4 3390/7082/4 3469/7083/4
f 3179/2081/4 3469/7083/4 3453/7086/4
f 3180/2080/4 3115/7084/4 3179/2081/4
f 3179/2081/4 3453/7086/4 3439/2079/4
f 1796/2082/3 1799/7087/3 1798/2083/3
f 235/2087/1 362/7088/1 360/2085/1
f 237/2086/1 207/7089/1 235/2087/1
f 491/2090/4 568/7090/4 569/2088/4
f 569/2088/4 469/7091/4 468/2089/4
f 1792/2091/6 1789/7092/6 1790/2092/6
f 1666/2094/6 1669/7093/6 1710/2095/6
f 677/7094/2 681/7095/2 726/7096/2
f 726/7096/2 730/7097/2 799/5173/2
f 780/5172/2 779/5171/2 747/2019/2
f 726/7096/2 799/5173/2 780/5172/2
f 677/7094/2 726/7096/2 780/5172/2
f 780/5172/2 747/2019/2 725/6927/2
f 725/6927/2 696/2021/2 615/7098/2
f 615/7098/2 610/7099/2 590/5200/2
f 590/5200/2 548/5199/2 549/2097/2
f 549/2097/2 541/725/2 525/6260/2
f 527/1475/2 529/1474/2 560/7100/2
f 549/2097/2 525/6260/2 527/1475/2
f 615/7098/2 590/5200/2 549/2097/2
f 780/5172/2 725/6927/2 615/7098/2
f 677/7094/2 780/5172/2 615/7098/2
f 549/2097/2 527/1475/2 560/7100/2
f 592/2099/2 677/7094/2 615/7098/2
f 558/2098/2 594/7101/2 592/2099/2
f 549/2097/2 560/7100/2 558/2098/2
f 592/2099/2 615/7098/2 549/2097/2
f 3378/2102/2 3384/7102/2 3416/7103/2
f 3415/2100/2 3431/7104/2 3430/2101/2
f 3378/2102/2 3416/7103/2 3415/2100/2
f 3430/2101/2 3373/7105/2 3378/2102/2
f 1669/2105/4 1713/6941/4 1744/6945/4
f 1744/6945/2 1777/2023/2 1712/2103/2
f 1712/2103/2 1711/2202/2 1710/2104/2
f 1669/2105/2 1744/6945/2 1712/2103/2
f 2879/2106/5 2925/3501/5 2839/3492/5
f 2833/7106/5 2834/7107/5 2787/2107/5
f 2879/2106/5 2839/3492/5 2833/7106/5
f 2826/7108/5 2880/7109/5 2879/2106/5
f 2750/2108/5 2781/7110/5 2782/7111/5
f 2782/7111/5 2826/7108/5 2879/2106/5
f 2879/2106/5 2833/7106/5 2787/2107/5
f 2787/2107/5 2790/7112/5 2716/7113/5
f 2716/7113/5 2749/7114/5 2750/2108/5
f 2750/2108/5 2782/7111/5 2879/2106/5
f 2787/2107/5 2716/7113/5 2750/2108/5
f 570/2111/4 586/7115/4 672/2109/4
f 672/2109/4 647/7116/4 635/2110/4
f 1808/2112/2 1825/7117/2 1823/1025/2
f 2712/2116/6 2713/7118/6 2720/2114/6
f 2720/2114/6 2723/4159/6 2753/2115/6
f 292/2119/5 354/7119/5 353/2117/5
f 305/2118/5 280/7120/5 292/2119/5
f 3550/2122/3 3551/7121/3 3553/2120/3
f 3553/2120/3 3554/7122/3 3552/2121/3
f 1771/2125/5 1857/7123/5 1858/7124/5
f 1858/7124/5 1870/7125/5 1872/2123/5
f 1872/2123/5 1809/7126/5 1785/2124/5
f 1785/2124/5 1772/4148/5 1771/2125/5
f 1771/2125/5 1858/7124/5 1872/2123/5
f 123/2126/2 145/7127/2 144/2127/2
f 144/2127/2 121/7128/2 122/2128/2
f 122/2128/2 87/7129/2 123/2126/2
f 1829/7130/4 1791/7131/4 1739/7132/4
f 1696/2129/4 1699/7133/4 1646/7134/4
f 1829/7130/4 1739/7132/4 1696/2129/4
f 1833/7135/4 1829/7130/4 1696/2129/4
f 1696/2129/4 1646/7134/4 1645/7136/4
f 1645/7136/4 1660/7137/4 1697/7138/4
f 1697/7138/4 1693/7139/4 1758/7140/4
f 1697/7138/4 1758/7140/4 1761/7141/4
f 1696/2129/4 1645/7136/4 1697/7138/4
f 1896/7142/4 1833/7135/4 1696/2129/4
f 1957/5657/4 1958/5656/4 1896/7142/4
f 1985/1032/4 1984/5658/4 1957/5657/4
f 1928/5662/4 1985/1032/4 1957/5657/4
f 1957/5657/4 1896/7142/4 1696/2129/4
f 1696/2129/4 1697/7138/4 1761/7141/4
f 1789/2130/4 1792/7143/4 1892/5661/4
f 1696/2129/4 1761/7141/4 1789/2130/4
f 1928/5662/4 1957/5657/4 1696/2129/4
f 1789/2130/4 1892/5661/4 1894/2131/4
f 1894/2131/4 1928/5662/4 1696/2129/4
f 2792/2132/4 2724/7144/4 2721/2133/4
f 963/7145/1 933/7146/1 935/6991/1
f 935/6991/1 1026/1270/1 1025/1272/1
f 1024/1292/1 1048/6007/1 1047/1289/1
f 935/6991/1 1025/1272/1 1024/1292/1
f 963/7145/1 935/6991/1 1024/1292/1
f 1024/1292/1 1047/1289/1 1046/1288/1
f 987/2135/1 986/7147/1 901/7148/1
f 1024/1292/1 1046/1288/1 987/2135/1
f 960/2137/1 963/7145/1 1024/1292/1
f 881/2136/1 877/7149/1 960/2137/1
f 987/2135/1 901/7148/1 881/2136/1
f 960/2137/1 1024/1292/1 987/2135/1
f 1729/2140/4 1856/7150/4 1857/7151/4
f 1729/2140/4 1857/7151/4 1771/7152/4
f 1685/2139/4 1728/7153/4 1729/2140/4
f 1729/2140/4 1771/7152/4 1730/2138/4
f 2355/7154/2 2356/7155/2 2380/7156/2
f 2380/7156/2 2384/7157/2 2461/7158/2
f 2459/7159/2 2490/3018/2 2488/3020/2
f 2380/7156/2 2461/7158/2 2459/7159/2
f 2295/7160/2 2299/7161/2 2355/7154/2
f 2355/7154/2 2380/7156/2 2459/7159/2
f 2355/7154/2 2459/7159/2 2488/3020/2
f 2325/7162/2 2295/7160/2 2355/7154/2
f 2378/2862/2 2325/7162/2 2355/7154/2
f 2378/2862/2 2355/7154/2 2488/3020/2
f 2408/7163/2 2378/2862/2 2488/3020/2
f 2520/3019/2 2524/7164/2 2553/7165/2
f 2407/2143/2 2408/7163/2 2488/3020/2
f 2520/3019/2 2553/7165/2 2550/2141/2
f 2407/2143/2 2488/3020/2 2520/3019/2
f 2484/7166/2 2406/7167/2 2407/2143/2
f 2547/2142/2 2544/7168/2 2486/7169/2
f 2486/7169/2 2484/7166/2 2407/2143/2
f 2407/2143/2 2520/3019/2 2550/2141/2
f 2550/2141/2 2580/7170/2 2577/7171/2
f 2547/2142/2 2486/7169/2 2407/2143/2
f 2550/2141/2 2577/7171/2 2547/2142/2
f 1838/1930/3 1842/7172/3 1840/2144/3
f 1919/2146/5 2011/7173/5 2013/7174/5
f 1886/7175/5 1836/7176/5 1917/7177/5
f 1917/7177/5 1943/7178/5 1942/2235/5
f 1917/7177/5 1942/2235/5 1918/2148/5
f 1887/2147/5 1886/7175/5 1917/7177/5
f 1919/2146/5 2013/7174/5 1887/2147/5
f 1887/2147/5 1917/7177/5 1918/2148/5
f 2775/2149/5 2774/7179/5 2666/2150/5
f 3335/2154/4 3334/7180/4 3382/2152/4
f 3382/2152/4 3383/7181/4 3336/2153/4
f 1837/633/2 1854/5056/2 1853/2155/2
f 595/2157/1 572/7182/1 557/2158/1
f 2159/7183/5 2170/7184/5 2169/7185/5
f 2159/7183/5 2169/7185/5 2086/7186/5
f 2023/7187/2 2050/7188/2 2066/2162/2
f 2066/2162/5 2159/7183/5 2086/7186/5
f 2065/7189/5 2022/7190/5 1892/2160/5
f 2066/2162/5 2086/7186/5 2065/7189/5
f 1812/2161/4 2023/7187/4 2066/2162/4
f 1892/2160/5 1792/7191/5 1812/2161/5
f 2066/2162/5 2065/7189/5 1892/2160/5
f 808/7192/5 834/7193/5 837/2164/5
f 837/2164/5 669/7194/5 668/2165/5
f 781/2163/5 808/7192/5 837/2164/5
f 1862/2166/2 1909/7195/2 1908/2257/2
f 1908/2257/4 1861/5608/4 1847/999/4
f 1847/999/2 1846/5607/2 1813/7196/2
f 1813/7196/2 1795/7197/2 1798/2167/2
f 1798/2167/2 1782/6921/2 1783/6920/2
f 1800/6919/2 1801/2004/2 1816/2168/2
f 1798/2167/2 1783/6920/2 1800/6919/2
f 1847/999/2 1813/7196/2 1798/2167/2
f 1862/2166/2 1908/2257/2 1847/999/2
f 1816/2168/4 1848/6918/4 1862/2166/4
f 1798/2167/2 1800/6919/2 1816/2168/2
f 1862/2166/2 1847/999/2 1798/2167/2
f 1867/2171/5 1673/7198/5 1640/6781/5
f 1616/2169/2 1605/6780/2 1558/6786/2
f 1867/2171/2 1640/6781/2 1616/2169/2
f 1885/2170/2 1883/2180/2 1867/2171/2
f 1616/2169/2 1558/6786/2 1885/2170/2
f 777/2172/5 778/5696/5 755/2173/5
f 755/2173/5 740/844/5 739/2174/5
f 739/2174/5 815/5697/5 777/2172/5
f 3290/2175/1 3214/7199/1 3247/2176/1
f 1869/2178/6 1858/7200/6 1857/1503/6
f 1914/2179/2 1913/7201/2 1882/7202/2
f 1882/7202/2 1867/2171/2 1883/2180/2
f 1883/2180/2 1885/2170/2 1916/2181/2
f 1914/2179/2 1882/7202/2 1883/2180/2
f 1873/2182/3 1874/7203/3 1872/2183/3
f 1013/2185/5 1056/7204/5 1075/2186/5
f 1075/2186/5 1015/7205/5 998/2187/5
f 1866/2188/6 1867/7206/6 1882/2189/6
f 1890/2191/5 1891/7207/5 1874/2192/5
f 950/2194/3 949/7208/3 947/2195/3
f 1834/2199/1 1845/2475/1 1896/2197/1
f 1833/2198/1 1829/7209/1 1834/2199/1
f 1711/2202/2 1712/2103/2 1777/2023/2
f 1793/2200/4 1814/6940/4 1859/2022/4
f 1711/2202/2 1777/2023/2 1793/2200/2
f 1897/2201/2 1741/7210/2 1711/2202/2
f 1793/2200/2 1859/2022/2 1897/2201/2
f 1876/2203/4 1898/4829/4 1964/347/4
f 1964/347/5 2028/4828/5 1778/7211/5
f 1778/7211/5 1780/7212/5 1745/2045/5
f 1742/2044/5 1743/6976/5 1764/2048/5
f 1778/7211/5 1745/2045/5 1742/2044/5
f 1876/2203/5 1964/347/5 1778/7211/5
f 1776/2046/5 1877/348/5 1876/2203/5
f 1775/6977/5 1776/2046/5 1876/2203/5
f 1876/2203/5 1778/7211/5 1742/2044/5
f 1742/2044/5 1764/2048/5 1763/2047/5
f 1763/2047/5 1775/6977/5 1876/2203/5
f 1886/7175/5 1887/2147/5 1842/7213/5
f 1838/7214/5 1756/7215/5 1765/7216/5
f 1886/7175/5 1842/7213/5 1838/7214/5
f 1750/7217/5 1836/7176/5 1886/7175/5
f 1618/6708/5 1617/6707/5 1718/2205/5
f 1718/2205/5 1750/7217/5 1886/7175/5
f 1886/7175/5 1838/7214/5 1765/7216/5
f 1765/7216/5 1751/2008/5 1719/2007/5
f 1719/2007/5 1720/2009/5 1675/7218/5
f 1677/7219/5 1685/7220/5 1627/2204/5
f 1675/7218/5 1677/7219/5 1627/2204/5
f 1627/2204/5 1608/1836/5 1607/1835/5
f 1627/2204/5 1607/1835/5 1618/6708/5
f 1719/2007/5 1675/7218/5 1627/2204/5
f 1886/7175/5 1765/7216/5 1719/2007/5
f 1627/2204/5 1618/6708/5 1718/2205/5
f 1718/2205/5 1886/7175/5 1719/2007/5
f 1794/2024/2 1796/6946/2 1902/2206/2
f 1902/2206/2 1878/6948/2 1860/2207/2
f 1815/2208/2 1794/2024/2 1902/2206/2
f 1913/2209/3 1914/7221/3 1912/2188/3
f 888/2210/4 942/7222/4 943/7223/4
f 916/2211/4 796/7224/4 795/2212/4
f 888/2210/4 943/7223/4 916/2211/4
f 444/2213/5 438/7225/5 477/7226/5
f 476/7227/5 497/7228/5 496/7229/5
f 444/2213/5 477/7226/5 476/7227/5
f 643/1697/5 482/7230/5 444/2213/5
f 617/7231/5 657/6504/5 643/1697/5
f 561/2214/5 572/7232/5 595/7233/5
f 595/7233/5 617/7231/5 643/1697/5
f 444/2213/5 476/7227/5 496/7229/5
f 561/2214/5 595/7233/5 643/1697/5
f 444/2213/4 496/7229/4 561/2214/4
f 2026/2215/1 2025/5544/1 1981/2216/1
f 1923/2218/6 1891/7234/6 1890/2219/6
f 3437/2222/1 3521/7235/1 3485/4926/1
f 3437/2222/1 3485/4926/1 3466/7236/1
f 3387/4929/1 3388/7237/1 3437/2222/1
f 3420/461/1 3387/4929/1 3437/2222/1
f 3437/2222/1 3466/7236/1 3436/2221/1
f 1912/2223/2 1937/7238/2 1936/2224/2
f 1803/6865/5 1804/6864/5 1939/7239/5
f 1938/7240/5 2004/7241/5 2003/7242/5
f 1817/6866/5 1803/6865/5 1939/7239/5
f 1973/7243/5 1850/6868/5 1835/6867/5
f 1835/6867/5 1817/6866/5 1939/7239/5
f 1835/6867/5 1939/7239/5 1938/7240/5
f 2041/2228/5 2006/7244/5 1973/7243/5
f 1973/7243/5 1835/6867/5 1938/7240/5
f 2003/7242/5 2057/7245/5 2061/2226/5
f 1973/7243/5 1938/7240/5 2003/7242/5
f 2062/2227/5 2046/6089/5 2041/2228/5
f 2041/2228/5 1973/7243/5 2003/7242/5
f 2061/2226/5 2081/7246/5 2080/6090/5
f 2041/2228/5 2003/7242/5 2061/2226/5
f 2061/2226/5 2080/6090/5 2062/2227/5
f 1934/2229/3 1940/7247/3 1938/2230/3
f 1914/2232/1 1941/7248/1 1937/2233/1
f 2044/7249/4 2011/7173/4 1919/2146/4
f 1919/2146/5 1918/2148/5 1942/2235/5
f 1942/2235/5 2042/7250/5 2043/2236/5
f 2043/2236/5 2044/7249/5 1919/2146/5
f 1925/2238/1 1893/5547/1 1895/2237/1
f 1895/2237/1 1929/5542/1 1926/955/1
f 1961/2239/5 1960/7251/5 1899/2240/5
f 1899/2242/6 1900/7252/6 1930/2243/6
f 1962/2245/3 1963/2469/3 1960/2246/3
f 2133/7253/5 2205/7254/5 2204/7255/5
f 2204/7255/5 2259/7256/5 2258/2787/5
f 2262/2248/5 2284/2786/5 2310/7257/5
f 2204/7255/5 2258/2787/5 2262/2248/5
f 2177/2250/5 2134/7258/5 2133/7253/5
f 2212/5828/5 2183/2872/5 2177/2250/5
f 2310/7257/4 2263/1154/4 2248/2249/4
f 2248/2249/5 2212/5828/5 2177/2250/5
f 2177/2250/5 2133/7253/5 2204/7255/5
f 2262/2248/5 2310/7257/5 2248/2249/5
f 2177/2250/5 2204/7255/5 2262/2248/5
f 1934/2253/5 1911/7259/5 1863/6778/5
f 1906/2251/5 1903/1892/5 1933/6777/5
f 1934/2253/5 1863/6778/5 1906/2251/5
f 1906/2251/5 1933/6777/5 1932/2252/5
f 2749/2256/1 2707/7260/1 2747/2254/1
f 2751/2255/1 2750/7261/1 2749/2256/1
f 1881/997/2 1861/5608/2 1908/2257/2
f 1908/2257/2 1989/7262/2 1987/2258/2
f 1987/2258/2 1904/5606/2 1905/2259/2
f 1905/2259/2 1881/997/2 1908/2257/2
f 1907/2260/4 1909/7263/4 1936/2261/4
f 1932/2263/1 1968/7264/1 1970/2264/1
f 1939/2266/6 1934/7265/6 1932/2267/6
f 1971/2269/1 1972/7266/1 1909/2270/1
f 1937/2272/6 1941/7267/6 1971/2273/6
f 2001/2277/4 2100/7268/4 2101/2275/4
f 2071/2276/4 2002/7269/4 2001/2277/4
f 1072/7270/4 1090/7271/4 1131/2278/4
f 1131/2278/4 1133/7272/4 1103/2279/4
f 1091/2280/4 1072/7270/4 1131/2278/4
f 1978/2284/3 1948/7273/3 1947/2285/3
f 2146/7274/2 2196/7275/2 2192/7276/2
f 2108/7277/2 2083/7278/2 2063/7279/2
f 2146/7274/2 2192/7276/2 2108/7277/2
f 2047/7280/2 2148/7281/2 2146/7274/2
f 1950/7282/4 1979/7283/4 2047/7280/4
f 1888/7284/2 1889/7285/2 1950/7282/2
f 1858/7286/2 1870/7287/2 1868/7288/2
f 1888/7284/2 1950/7282/2 2047/7280/2
f 1857/7289/2 1858/7286/2 1868/7288/2
f 1888/7284/2 2047/7280/2 2146/7274/2
f 1771/2289/4 1857/7289/4 1868/7288/4
f 1888/7284/2 2146/7274/2 2108/7277/2
f 1771/2289/2 1868/7288/2 1888/7284/2
f 1727/7290/2 1730/7291/2 1771/2289/2
f 1838/7292/2 1756/7293/2 1757/7294/2
f 1757/7294/2 1727/7290/2 1771/2289/2
f 1771/2289/2 1888/7284/2 2108/7277/2
f 2108/7277/2 2063/7279/2 2044/7295/2
f 2044/7295/2 2011/7296/2 2013/2287/2
f 2013/2287/5 1887/7297/5 1842/2288/5
f 1842/2288/2 1838/7292/2 1757/7294/2
f 2108/7277/2 2044/7295/2 2013/2287/2
f 1842/2288/2 1757/7294/2 1771/2289/2
f 1771/2289/2 2108/7277/2 2013/2287/2
f 2914/7298/4 2967/7299/4 3094/2290/4
f 3094/2290/5 3096/7300/5 3056/7301/5
f 3094/2290/5 3056/7301/5 3051/7302/5
f 2868/7303/5 2914/7298/5 3094/2290/5
f 2819/7304/5 2867/7305/5 2868/7303/5
f 2915/2292/5 2918/7306/5 2819/7304/5
f 2915/2292/5 2819/7304/5 2868/7303/5
f 3094/2290/5 3051/7302/5 2956/7307/5
f 3094/2290/5 2956/7307/5 2944/2291/5
f 2915/2292/5 2868/7303/5 3094/2290/5
f 2064/2293/4 1924/7308/4 1954/2294/4
f 1956/954/1 1983/5545/1 1982/2296/1
f 1986/2297/5 1966/7309/5 1963/2298/5
f 1963/2300/1 1966/7310/1 1965/2301/1
f 1970/2303/6 1968/7311/6 1967/2304/6
f 1993/2306/1 1994/7312/1 1989/2307/1
f 1909/2309/6 1972/7313/6 1993/2310/6
f 1992/2312/3 1996/7314/3 1995/2313/3
f 2035/2317/5 2115/7315/5 2116/7316/5
f 2072/7317/5 2074/7318/5 2005/7319/5
f 2035/2317/5 2116/7316/5 2072/7317/5
f 1992/7320/5 2034/7321/5 2035/2317/5
f 1940/7322/5 1934/7323/5 1996/2316/5
f 1996/2316/5 1992/7320/5 2035/2317/5
f 2035/2317/5 2072/7317/5 2005/7319/5
f 1999/2315/5 1940/7322/5 1996/2316/5
f 2035/2317/5 2005/7319/5 1999/2315/5
f 2002/2318/3 1998/7324/3 1997/2319/3
f 1999/2321/3 2005/7325/3 2003/2322/3
f 1995/2324/4 1996/7326/4 1934/2325/4
f 2006/2327/6 1942/7327/6 1943/2328/6
f 2007/2319/4 2008/7324/4 2009/2330/4
f 1976/2332/6 2009/7328/6 1975/2333/6
f 3291/2335/5 3276/7329/5 3251/2336/5
f 1875/7330/1 1900/7331/1 1899/7332/1
f 1875/7330/1 1899/7332/1 1877/7333/1
f 1762/7334/1 1875/7330/1 1877/7333/1
f 1762/7334/1 1877/7333/1 1776/7335/1
f 1740/7336/1 1762/7334/1 1776/7335/1
f 1740/7336/1 1776/7335/1 1764/7337/1
f 1706/7338/1 1663/7339/1 1702/2340/1
f 1702/2340/1 1740/7336/1 1764/7337/1
f 1702/2340/1 1764/7337/1 1743/2338/1
f 1709/2339/1 1706/7338/1 1702/2340/1
f 2012/2341/3 2014/7340/3 2013/2342/3
f 1948/2344/1 2019/7341/1 2016/2345/1
f 1500/2347/1 1498/7342/1 1466/2348/1
f 1965/2350/6 1966/7343/6 1986/2351/6
f 2194/2353/4 2196/7344/4 2146/2354/4
f 2032/2356/4 2034/7345/4 1992/2357/4
f 2005/2359/6 2037/7346/6 2000/2360/6
f 1998/2362/1 2039/7347/1 2036/2363/1
f 2039/2365/3 2040/7348/3 2038/2359/3
f 2011/2366/1 2044/7349/1 2046/2367/1
f 2017/2369/6 2013/7350/6 2011/2370/6
f 2024/2372/1 2025/5544/1 2050/2373/1
f 942/2375/2 888/5160/2 889/2376/2
f 940/7351/4 998/7352/4 999/7353/4
f 940/7351/4 999/7353/4 941/7354/4
f 630/7355/4 654/7356/4 721/2380/4
f 721/2380/4 940/7351/4 941/7354/4
f 721/2380/4 941/7354/4 868/7357/4
f 655/7358/4 630/7355/4 721/2380/4
f 695/7359/4 655/7358/4 721/2380/4
f 721/2380/4 868/7357/4 856/7360/4
f 721/2380/4 856/7360/4 843/7361/4
f 722/2379/4 695/7359/4 721/2380/4
f 721/2380/4 843/7361/4 745/2378/4
f 2053/2381/6 2035/7362/6 2034/2382/6
f 2040/2384/1 2059/7363/1 2056/2385/1
f 2054/2389/4 2114/7364/4 2115/2387/4
f 2115/2387/4 2035/7365/4 2053/2388/4
f 1556/1894/5 1545/7366/5 1544/2390/5
f 1994/2392/6 1988/7367/6 1987/2393/6
f 2042/2397/6 2041/7368/6 2046/2395/6
f 2046/2395/6 2044/7369/6 2043/2396/6
f 2036/7370/2 2038/7371/2 2056/7372/2
f 2055/2398/2 2073/7373/2 2102/2399/2
f 2036/7370/2 2056/7372/2 2055/2398/2
f 2001/2400/2 1997/7374/2 2036/7370/2
f 2102/2399/2 2100/7375/2 2001/2400/2
f 2001/2400/2 2036/7370/2 2055/2398/2
f 2060/2401/2 2078/2892/2 2077/2402/2
f 3195/7376/4 3192/7377/4 3272/7378/4
f 3272/7378/4 3280/7379/4 3309/7380/4
f 3309/7380/4 3310/7381/4 3311/7382/4
f 3309/7380/4 3311/7382/4 3281/7383/4
f 3193/2405/4 3195/7376/4 3272/7378/4
f 3272/7378/4 3309/7380/4 3281/7383/4
f 3273/7384/4 3274/7385/4 3244/7386/4
f 3272/7378/4 3281/7383/4 3273/7384/4
f 3272/7378/4 3273/7384/4 3244/7386/4
f 3245/2406/4 2901/7387/4 2907/7388/4
f 3245/2406/4 2907/7388/4 2979/7389/4
f 3193/2405/4 3272/7378/4 3244/7386/4
f 3245/2406/4 2979/7389/4 3016/2404/4
f 3193/2405/4 3244/7386/4 3245/2406/4
f 2056/2407/6 2059/7390/6 2076/2408/6
f 4/2410/6 21/7391/6 37/7392/6
f 36/2411/6 31/7393/6 3/2412/6
f 4/2410/6 37/7392/6 36/2411/6
f 2193/2413/2 2246/7394/2 2256/7395/2
f 2256/7395/2 2254/7396/2 2242/2414/2
f 2242/2414/4 2168/7397/4 2124/2415/4
f 2124/2415/2 2125/7398/2 2193/2413/2
f 2193/2413/2 2256/7395/2 2242/2414/2
f 2070/2416/2 2099/7399/2 2098/2417/2
f 886/2419/1 801/7400/1 803/2420/1
f 906/2422/3 907/7093/3 904/7401/3
f 905/2423/3 935/7402/3 937/2095/3
f 906/2422/3 904/7401/3 905/2423/3
f 2079/2424/6 2074/7403/6 2072/2425/6
f 1559/2428/1 1944/7404/1 1943/7405/1
f 1559/2428/1 1943/7405/1 1917/7406/1
f 1585/7407/1 1548/7408/1 1559/2428/1
f 1606/7409/1 1585/7407/1 1559/2428/1
f 1559/2428/1 1917/7406/1 1836/7410/1
f 1559/2428/1 1836/7410/1 1750/7411/1
f 1617/2427/1 1606/7409/1 1559/2428/1
f 1559/2428/1 1750/7411/1 1718/2426/1
f 2193/2429/1 2125/7412/1 2126/2430/1
f 863/2432/1 877/7149/1 881/2136/1
f 881/2136/1 901/7148/1 900/7413/1
f 900/7413/1 835/7414/1 836/2433/1
f 836/2433/1 844/7415/1 863/2432/1
f 881/2136/1 900/7413/1 836/2433/1
f 3105/2436/4 3169/7416/4 3171/2434/4
f 3171/2434/4 3106/7417/4 3071/2435/4
f 2942/2439/4 3140/3113/4 3141/7418/4
f 3141/7418/4 2984/3563/4 2965/2437/4
f 2965/2437/4 2966/3564/4 2943/2438/4
f 2942/2439/4 3141/7418/4 2965/2437/4
f 962/2440/3 963/7419/3 960/2441/3
f 709/7420/5 714/7421/5 670/7422/5
f 670/7422/5 672/7423/5 586/7424/5
f 670/7422/5 586/7424/5 566/7425/5
f 880/5797/5 847/5796/5 709/7420/5
f 709/7420/5 670/7422/5 566/7425/5
f 466/2443/5 470/7426/5 425/7427/5
f 709/7420/5 566/7425/5 466/2443/5
f 900/7428/5 899/1140/5 880/5797/5
f 880/5797/5 709/7420/5 466/2443/5
f 425/7427/5 430/7429/5 390/7430/5
f 466/2443/5 425/7427/5 390/7430/5
f 384/2444/5 239/7431/5 262/7432/5
f 466/2443/5 390/7430/5 384/2444/5
f 835/7433/5 900/7428/5 880/5797/5
f 814/7434/5 826/7435/5 835/7433/5
f 738/7436/5 783/7437/5 782/7438/5
f 814/7434/5 835/7433/5 880/5797/5
f 710/7439/5 738/7436/5 782/7438/5
f 782/7438/4 814/7434/4 880/5797/4
f 782/7438/5 880/5797/5 466/2443/5
f 460/7440/2 710/7439/2 782/7438/2
f 361/2445/5 382/7441/5 421/7442/5
f 421/7442/5 460/7440/5 782/7438/5
f 421/7442/5 782/7438/5 466/2443/5
f 384/2444/5 262/7432/5 361/2445/5
f 361/2445/5 421/7442/5 466/2443/5
f 2098/1566/3 2099/7443/3 2096/7444/3
f 2097/2446/3 2111/7445/3 2112/2447/3
f 2098/1566/3 2096/7444/3 2097/2446/3
f 2102/2448/6 2104/7446/6 2101/2449/6
f 2120/2451/4 2121/7447/4 2106/2452/4
f 2119/2454/3 2121/7448/3 2120/2455/3
f 1009/2457/1 1053/7449/1 1052/2458/1
f 1052/2458/1 985/7450/1 988/2459/1
f 2121/7451/5 2119/7452/5 2158/7453/5
f 2158/7453/4 2167/7454/4 2275/7455/4
f 2275/7455/5 2278/7456/5 2241/2635/5
f 2275/7455/5 2241/2635/5 2218/2634/5
f 2121/7451/5 2158/7453/5 2275/7455/5
f 2082/7457/5 2106/7458/5 2121/7451/5
f 2192/7459/5 2108/7460/5 2083/7461/5
f 2083/7461/5 2082/7457/5 2121/7451/5
f 2121/7451/5 2275/7455/5 2218/2634/5
f 2121/7451/5 2218/2634/5 2220/2636/5
f 2192/7459/5 2083/7461/5 2121/7451/5
f 2148/2462/5 2146/7462/5 2196/7463/5
f 2192/7459/5 2121/7451/5 2220/2636/5
f 2196/7463/5 2192/7459/5 2220/2636/5
f 2243/2774/5 2332/4152/5 2334/4151/5
f 2196/7463/5 2220/2636/5 2243/2774/5
f 1979/7464/5 2047/7465/5 2148/2462/5
f 2196/7463/5 2243/2774/5 2334/4151/5
f 2196/7463/5 2334/4151/5 2364/7466/5
f 2364/7466/5 2363/7467/5 2221/2460/5
f 2227/2461/5 2049/7468/5 1952/7469/5
f 1952/7469/5 1923/7470/5 1889/7471/5
f 1889/7471/4 1950/7472/4 1979/7464/4
f 1952/7469/5 1889/7471/5 1979/7464/5
f 2196/7463/5 2364/7466/5 2221/2460/5
f 1952/7469/5 1979/7464/5 2148/2462/5
f 2148/2462/5 2196/7463/5 2221/2460/5
f 2227/2461/5 1952/7469/5 2148/2462/5
f 2127/5540/1 2129/953/1 2151/7473/1
f 2149/2464/1 2159/7474/1 2066/2465/1
f 2127/5540/1 2151/7473/1 2149/2464/1
f 2067/5543/1 2089/5541/1 2087/2463/1
f 2087/2463/1 2127/5540/1 2149/2464/1
f 2066/2465/1 2067/5543/1 2087/2463/1
f 2097/2466/2 2096/7475/2 2140/7476/2
f 2139/2467/2 2135/7477/2 2111/2468/2
f 2097/2466/2 2140/7476/2 2139/2467/2
f 2133/2469/3 2134/7478/3 2131/2470/3
f 3289/2471/2 3213/7479/2 3214/2472/2
f 2447/7480/1 2591/7481/1 2589/7482/1
f 2589/7482/1 2772/7483/1 2771/7484/1
f 2771/7484/1 2535/7485/1 2536/3062/1
f 2504/3064/1 2503/3063/1 2445/7486/1
f 2589/7482/1 2771/7484/1 2536/3062/1
f 2447/7480/1 2589/7482/1 2536/3062/1
f 2418/7487/1 2449/7488/1 2447/7480/1
f 2420/7489/1 2421/7490/1 2418/7487/1
f 2339/7491/1 2400/7492/1 2401/7493/1
f 2401/7493/1 2420/7489/1 2418/7487/1
f 2447/7480/1 2536/3062/1 2504/3064/1
f 2401/7493/1 2418/7487/1 2447/7480/1
f 2339/7491/1 2401/7493/1 2447/7480/1
f 2447/7480/1 2504/3064/1 2445/7486/1
f 2445/7486/1 2443/7494/1 2396/7495/1
f 2367/7496/1 2337/1627/1 2307/1629/1
f 2445/7486/1 2396/7495/1 2367/7496/1
f 2339/7491/1 2447/7480/1 2445/7486/1
f 2178/7497/1 2210/7498/1 2208/7499/1
f 2339/7491/1 2445/7486/1 2367/7496/1
f 2307/1629/1 2233/1628/1 2200/7500/1
f 2339/7491/1 2367/7496/1 2307/1629/1
f 2208/7499/1 2339/7491/1 2307/1629/1
f 2307/1629/1 2200/7500/1 2203/7501/1
f 2203/7501/1 2174/7502/1 2176/7503/1
f 2307/1629/1 2203/7501/1 2176/7503/1
f 2208/7499/1 2307/1629/1 2176/7503/1
f 2178/7497/1 2208/7499/1 2176/7503/1
f 1897/2476/1 2180/7504/1 2178/7497/1
f 1704/7505/1 1741/7506/1 1897/2476/1
f 1661/7507/1 1703/7508/1 1704/7505/1
f 1834/2199/1 1829/7209/1 1791/7509/1
f 1791/7509/1 1661/7507/1 1704/7505/1
f 1897/2476/1 2178/7497/1 2176/7503/1
f 1897/2476/1 2176/7503/1 2152/7510/1
f 1834/2199/1 1791/7509/1 1704/7505/1
f 1958/7511/1 1896/2197/1 1845/2475/1
f 1834/2199/1 1704/7505/1 1897/2476/1
f 2130/2474/1 1958/7511/1 1845/2475/1
f 1845/2475/1 1834/2199/1 1897/2476/1
f 1897/2476/1 2152/7510/1 2130/2474/1
f 2137/2477/5 2136/2871/5 2113/2478/5
f 3272/2480/5 3192/7512/5 3191/2481/5
f 823/7513/1 830/7514/1 872/7515/1
f 892/7516/1 928/7517/1 929/7518/1
f 749/7519/1 823/7513/1 872/7515/1
f 892/7516/1 929/7518/1 926/7520/1
f 733/7521/1 749/7519/1 872/7515/1
f 752/7522/1 733/7521/1 872/7515/1
f 758/5510/1 760/7523/1 763/7524/1
f 763/7524/1 752/7522/1 872/7515/1
f 758/5510/1 763/7524/1 872/7515/1
f 953/7525/1 950/7526/1 758/5510/1
f 953/7525/1 758/5510/1 872/7515/1
f 953/7525/1 872/7515/1 892/7516/1
f 973/7527/1 953/7525/1 892/7516/1
f 973/7527/1 892/7516/1 926/7520/1
f 1004/7528/1 973/7527/1 926/7520/1
f 1004/7528/1 926/7520/1 954/7529/1
f 1041/7530/1 1004/7528/1 954/7529/1
f 1041/7530/1 954/7529/1 1005/7531/1
f 1063/7532/1 1041/7530/1 1005/7531/1
f 1021/7533/1 1006/7534/1 1022/7535/1
f 1063/7532/1 1005/7531/1 1021/7533/1
f 1064/2485/1 1063/7532/1 1021/7533/1
f 1021/7533/1 1022/7535/1 1120/2483/1
f 1120/2483/1 1143/7536/1 1142/7537/1
f 1120/2483/1 1142/7537/1 1119/7538/1
f 1064/2485/1 1021/7533/1 1120/2483/1
f 1120/2483/1 1119/7538/1 1096/2484/1
f 2118/2486/6 2116/7539/6 2115/2487/6
f 2807/2489/2 2850/7540/2 2846/2490/2
f 2143/2492/4 2144/7541/4 2123/2493/4
f 2142/2495/3 2144/7542/3 2143/2496/3
f 4/2498/3 21/7543/3 22/2499/3
f 22/2499/3 20/7544/3 3/2500/3
f 1751/7545/1 1765/7546/1 1767/2502/1
f 1767/2502/1 1721/7547/1 1675/2503/1
f 1720/2501/1 1751/7545/1 1767/2502/1
f 2146/2504/3 2148/7548/3 2147/2505/3
f 1809/7549/4 1872/7550/4 1874/7551/4
f 1891/7552/4 1923/7553/4 1952/2686/4
f 1773/4933/4 1809/7549/4 1874/7551/4
f 1891/7552/4 1952/2686/4 1953/7554/4
f 1787/471/4 1773/4933/4 1874/7551/4
f 1787/471/4 1874/7551/4 1891/7552/4
f 1832/4756/4 1844/4934/4 1787/471/4
f 1827/2508/4 1826/261/4 1831/4757/4
f 1832/4756/4 1787/471/4 1891/7552/4
f 1831/4757/4 1832/4756/4 1891/7552/4
f 1953/7554/4 1980/2685/4 1955/7555/4
f 1831/4757/4 1891/7552/4 1953/7554/4
f 1831/4757/4 1953/7554/4 1955/7555/4
f 1955/7555/4 2049/2687/4 2227/7556/4
f 2227/7556/4 2229/7557/4 2084/2514/4
f 2085/2513/4 2109/7558/4 2064/2293/4
f 1955/7555/4 2227/7556/4 2084/2514/4
f 2084/2514/4 2085/2513/4 2064/2293/4
f 2084/2514/4 2064/2293/4 2021/2295/4
f 1827/2508/4 1831/4757/4 1955/7555/4
f 1955/7555/4 2084/2514/4 2021/2295/4
f 1954/2294/4 1924/7308/4 1736/2507/4
f 1955/7555/4 2021/2295/4 1954/2294/4
f 1827/2508/4 1955/7555/4 1954/2294/4
f 1736/2507/4 1735/4932/4 1774/4758/4
f 1736/2507/4 1774/4758/4 1811/262/4
f 1827/2508/4 1954/2294/4 1736/2507/4
f 3677/2509/4 3678/7559/4 3604/2510/4
f 2084/2514/4 2229/7557/4 2231/2512/4
f 2231/2512/4 2109/7558/4 2085/2513/4
f 3682/2517/3 3681/7560/3 3673/2518/3
f 2154/2520/3 2138/7561/3 2155/2521/3
f 2494/2524/1 2531/7562/1 2566/890/1
f 2566/890/1 2559/5457/1 2528/2523/1
f 2165/2529/1 2271/7563/1 2267/7564/1
f 2165/2529/1 2267/7564/1 2237/7565/1
f 2096/7566/1 2099/7567/1 2165/2529/1
f 2140/2528/1 2096/7566/1 2165/2529/1
f 2165/2529/1 2237/7565/1 2156/2527/1
f 2484/7568/4 2406/7569/4 2346/7570/4
f 2346/7570/5 2352/7571/5 2318/7572/5
f 2318/7572/5 2322/7573/5 2292/7574/5
f 2544/7575/5 2486/7576/5 2484/7568/5
f 2577/7577/5 2547/7578/5 2544/7575/5
f 2553/7579/5 2550/7580/5 2580/7581/5
f 2522/7582/5 2524/7583/5 2553/7579/5
f 2560/7584/5 2529/7585/5 2522/7582/5
f 2603/7586/5 2607/7587/5 2564/7588/5
f 2564/7588/5 2560/7584/5 2522/7582/5
f 2564/7588/5 2522/7582/5 2553/7579/5
f 2644/7589/5 2645/7590/5 2603/7586/5
f 2603/7586/5 2564/7588/5 2553/7579/5
f 2603/7586/5 2553/7579/5 2580/7581/5
f 2626/7591/5 2644/7589/5 2603/7586/5
f 2596/7592/5 2624/7593/5 2626/7591/5
f 2616/7594/5 2620/7595/5 2593/7596/5
f 2596/7592/5 2626/7591/5 2603/7586/5
f 2596/7592/5 2603/7586/5 2580/7581/5
f 2596/7592/5 2580/7581/5 2577/7577/5
f 2593/7596/5 2596/7592/5 2577/7577/5
f 2593/7596/5 2577/7577/5 2544/7575/5
f 2640/7597/5 2641/7598/5 2616/7594/5
f 2616/7594/5 2593/7596/5 2544/7575/5
f 2616/7594/5 2544/7575/5 2484/7568/5
f 2573/7599/5 2640/7597/5 2616/7594/5
f 2512/7600/5 2571/7601/5 2573/7599/5
f 2456/7602/5 2508/7603/5 2512/7600/5
f 2419/7604/5 2450/7605/5 2456/7602/5
f 2370/7606/4 2402/7607/4 2419/7604/4
f 2311/7608/5 2309/7609/5 2374/7610/5
f 2374/7610/5 2370/7606/5 2419/7604/5
f 2456/7602/5 2512/7600/5 2573/7599/5
f 2374/7610/5 2419/7604/5 2456/7602/5
f 2287/7611/5 2285/7612/5 2311/7608/5
f 2311/7608/5 2374/7610/5 2456/7602/5
f 2573/7599/5 2616/7594/5 2484/7568/5
f 2311/7608/5 2456/7602/5 2573/7599/5
f 2267/7613/5 2265/7614/5 2287/7611/5
f 2311/7608/5 2573/7599/5 2484/7568/5
f 2311/7608/5 2484/7568/5 2346/7570/5
f 2287/7611/5 2311/7608/5 2346/7570/5
f 2287/7611/5 2346/7570/5 2318/7572/5
f 2213/7615/5 2237/7616/5 2267/7613/5
f 2267/7613/5 2287/7611/5 2318/7572/5
f 2267/7613/5 2318/7572/5 2292/7574/5
f 2213/7615/5 2267/7613/5 2292/7574/5
f 2213/7615/5 2292/7574/5 2295/7617/5
f 2102/2532/5 2100/7618/5 2188/7619/5
f 2213/7615/5 2295/7617/5 2299/2530/5
f 2102/2532/5 2188/7619/5 2213/7615/5
f 2075/7620/5 2073/7621/5 2102/2532/5
f 2038/7622/5 2056/7623/5 2058/7624/5
f 1997/7625/5 2036/7626/5 2038/7622/5
f 1936/7627/5 1909/7628/5 1997/7625/5
f 1915/7629/5 1912/7630/5 1937/7631/5
f 1937/7631/5 1936/7627/5 1997/7625/5
f 1937/7631/5 1997/7625/5 2038/7622/5
f 1974/7632/5 1915/7629/5 1937/7631/5
f 2007/7633/5 1976/7634/5 1974/7632/5
f 2007/7633/5 1974/7632/5 1937/7631/5
f 1937/7631/5 2038/7622/5 2058/7624/5
f 2007/7633/5 1937/7631/5 2058/7624/5
f 2016/7635/5 2007/7633/5 2058/7624/5
f 2016/7635/5 2058/7624/5 2075/7620/5
f 2102/2532/5 2213/7615/5 2299/2530/5
f 2299/2530/5 2355/7636/5 2356/7637/5
f 2356/7637/5 2360/7638/5 2305/7639/5
f 2302/7640/5 2253/7641/5 2252/7642/5
f 2356/7637/5 2305/7639/5 2302/7640/5
f 1855/7643/5 1920/7644/5 1921/7645/5
f 1871/7646/5 1828/7647/5 1855/7643/5
f 2018/7648/5 1946/7649/5 1922/7650/5
f 1922/7650/5 1871/7646/5 1855/7643/5
f 1922/7650/5 1855/7643/5 1921/7645/5
f 2198/7651/5 2048/7652/5 2018/7648/5
f 2018/7648/5 1922/7650/5 1921/7645/5
f 2018/7648/5 1921/7645/5 1947/7653/5
f 2193/7654/5 2198/7651/5 2018/7648/5
f 2125/7655/5 2193/7654/5 2018/7648/5
f 2018/7648/5 1947/7653/5 2016/7635/5
f 2018/7648/5 2016/7635/5 2075/7620/5
f 2124/7656/5 2125/7655/5 2018/7648/5
f 2141/7657/5 2143/7658/5 2122/7659/5
f 2122/7659/5 2124/7656/5 2018/7648/5
f 2018/7648/5 2075/7620/5 2102/2532/5
f 2299/2530/5 2356/7637/5 2302/7640/5
f 2252/7642/5 2251/7660/5 2249/7661/5
f 2299/2530/5 2302/7640/5 2252/7642/5
f 2122/7659/5 2018/7648/5 2102/2532/5
f 2214/2531/5 2190/7662/5 2141/7657/5
f 2141/7657/5 2122/7659/5 2102/2532/5
f 2299/2530/5 2252/7642/5 2249/7661/5
f 2214/2531/5 2141/7657/5 2102/2532/5
f 2299/2530/5 2249/7661/5 2214/2531/5
f 2285/2533/2 2311/7663/2 2309/2534/2
f 420/801/5 419/5280/5 359/2536/5
f 2151/7473/1 2175/7664/1 2173/2538/1
f 2173/2538/1 2202/7665/1 2201/7666/1
f 2171/2539/1 2170/7667/1 2159/7474/1
f 2173/2538/1 2201/7666/1 2171/2539/1
f 2149/2464/1 2151/7473/1 2173/2538/1
f 2171/2539/1 2159/7474/1 2149/2464/1
f 1924/7668/2 2064/7669/2 2109/7670/2
f 2224/7671/2 2246/7394/2 2193/2413/2
f 2224/7671/2 2193/2413/2 2198/7672/2
f 1736/7673/4 1924/7668/4 2109/7670/4
f 1732/7674/2 1731/7675/2 1736/7673/2
f 1786/7676/2 1732/7674/2 1736/7673/2
f 1786/7676/2 1736/7673/2 2109/7670/2
f 1871/2541/2 1828/7677/2 1807/2542/2
f 1807/2542/2 1786/7676/2 2109/7670/2
f 2231/2540/2 2224/7671/2 2198/7672/2
f 2231/2540/2 2198/7672/2 2048/7678/2
f 1807/2542/2 2109/7670/2 2231/2540/2
f 2231/2540/2 2048/7678/2 1871/2541/2
f 2079/2544/5 2103/7679/5 2118/7680/5
f 2118/7680/5 2157/7681/5 2117/2543/5
f 2117/2543/5 2120/7682/5 2105/7683/5
f 2105/7683/5 2081/7246/5 2061/2226/5
f 2061/2226/5 2057/7245/5 2079/2544/5
f 2079/2544/5 2118/7680/5 2117/2543/5
f 2117/2543/5 2105/7683/5 2061/2226/5
f 2161/2545/3 2163/2560/3 2162/2546/3
f 1082/2549/1 1098/1358/1 1109/1360/1
f 1109/1360/1 1108/6133/1 1080/2548/1
f 2223/7684/3 2224/7685/3 2231/7686/3
f 2226/7687/3 2223/7684/3 2231/7686/3
f 2230/7688/3 2226/7687/3 2231/7686/3
f 2230/7688/3 2231/7686/3 2229/2550/3
f 2228/7689/3 2230/7688/3 2229/2550/3
f 2227/2551/3 2221/7690/3 2222/7691/3
f 2225/2552/3 2228/7689/3 2229/2550/3
f 2227/2551/3 2222/7691/3 2225/2552/3
f 2502/7692/4 2533/7693/4 2588/7694/4
f 2478/7695/4 2479/7696/4 2434/7697/4
f 2502/7692/4 2588/7694/4 2478/7695/4
f 2474/2554/4 2568/3271/4 2501/2555/4
f 2501/2555/4 2502/7692/4 2478/7695/4
f 2434/7697/4 2435/7698/4 2413/7699/4
f 2501/2555/4 2478/7695/4 2434/7697/4
f 2431/7700/4 2472/7701/4 2474/2554/4
f 2434/7697/4 2413/7699/4 2395/7702/4
f 2433/7703/4 2439/7704/4 2476/7705/4
f 2434/7697/4 2395/7702/4 2433/7703/4
f 2412/7706/4 2430/7707/4 2431/7700/4
f 2432/2553/4 2394/7708/4 2412/7706/4
f 2475/7709/4 2437/7710/4 2432/2553/4
f 2434/7697/4 2433/7703/4 2476/7705/4
f 2501/2555/4 2434/7697/4 2476/7705/4
f 2412/7706/4 2431/7700/4 2474/2554/4
f 2501/2555/4 2476/7705/4 2475/7709/4
f 2432/2553/4 2412/7706/4 2474/2554/4
f 2501/2555/4 2475/7709/4 2432/2553/4
f 428/2556/1 424/7711/1 362/2557/1
f 2171/2545/3 2172/7712/3 2169/2559/3
f 2175/2561/3 2176/7713/3 2174/2562/3
f 2177/2564/3 2183/7714/3 2181/2565/3
f 2184/2567/4 2185/7715/4 2161/2568/4
f 1258/2570/1 1235/7716/1 1197/2571/1
f 1258/2581/5 1237/7717/5 1203/2579/5
f 1204/2580/5 1235/7718/5 1258/2581/5
f 2357/2582/1 2355/7719/1 2299/2583/1
f 2192/2585/3 2196/2931/3 2194/2586/3
f 2201/2588/5 2200/7720/5 2172/2589/5
f 2190/2591/4 2217/7721/4 2216/7722/4
f 2191/2592/4 2142/7723/4 2141/2593/4
f 2190/2591/4 2216/7722/4 2191/2592/4
f 2174/2589/2 2203/7720/2 2202/2594/2
f 1139/7724/4 1154/7725/4 1155/7193/4
f 1139/7724/4 1155/7193/4 1140/7726/4
f 1105/7727/4 1139/7724/4 1140/7726/4
f 1038/2596/4 970/2165/4 918/7728/4
f 1105/7727/4 1140/7726/4 1038/2596/4
f 1092/7729/4 1105/7727/4 1038/2596/4
f 1038/2596/4 918/7728/4 1001/2597/4
f 1037/2598/4 1092/7729/4 1038/2596/4
f 2210/2599/3 2211/2906/3 2209/2600/3
f 3095/2602/5 2947/7730/5 2916/7731/5
f 2870/2603/2 2869/7732/2 2821/7733/2
f 3095/2602/2 2916/7731/2 2870/2603/2
f 3024/7734/2 3097/7735/2 3095/2602/2
f 3020/7736/2 3024/7734/2 3095/2602/2
f 2870/2603/2 2821/7733/2 2919/7737/2
f 2917/2604/2 3020/7736/2 3095/2602/2
f 2870/2603/2 2919/7737/2 2917/2604/2
f 3380/2607/3 3388/7738/3 3387/7739/3
f 3380/2607/3 3387/7739/3 3384/2605/3
f 3378/2606/3 3373/7740/3 3380/2607/3
f 1537/7741/5 1482/1724/5 1464/7742/5
f 1464/7742/5 1441/7743/5 1427/7744/5
f 1429/7745/5 1430/3641/5 1420/3573/5
f 1537/7741/5 1464/7742/5 1427/7744/5
f 1427/7744/5 1429/7745/5 1420/3573/5
f 1419/3572/5 1381/3571/5 1356/6580/5
f 1427/7744/5 1420/3573/5 1419/3572/5
f 1569/2610/5 1542/7746/5 1537/7741/5
f 1427/7744/5 1419/3572/5 1356/6580/5
f 1356/6580/5 1357/1769/5 1379/6579/5
f 1427/7744/5 1356/6580/5 1379/6579/5
f 1427/7744/5 1379/6579/5 1353/1768/5
f 1327/7747/5 1315/6301/5 1314/6300/5
f 1427/7744/5 1353/1768/5 1327/7747/5
f 1427/7744/5 1327/7747/5 1314/6300/5
f 1314/6300/5 1352/6299/5 1401/7748/5
f 1314/6300/5 1401/7748/5 1400/7749/5
f 1427/7744/5 1314/6300/5 1400/7749/5
f 1428/2608/5 1451/2638/5 1596/6814/5
f 1427/7744/5 1400/7749/5 1428/2608/5
f 1537/7741/5 1427/7744/5 1428/2608/5
f 1428/2608/5 1596/6814/5 1601/2609/5
f 1601/2609/4 1591/7750/4 1574/7751/4
f 1569/2610/5 1537/7741/5 1428/2608/5
f 1601/2609/5 1574/7751/5 1569/2610/5
f 2180/2613/3 2185/7752/3 2184/2611/3
f 2179/2612/3 2178/4363/3 2180/2613/3
f 1298/2614/4 1252/7753/4 1229/2615/4
f 2182/2617/1 2131/7754/1 2134/2618/1
f 126/2620/1 151/7755/1 149/2621/1
f 149/2621/1 89/7756/1 125/2622/1
f 2240/2623/2 2239/7757/2 2215/2624/2
f 2238/2569/4 2239/2568/4 2240/2626/4
f 2219/2628/6 2240/7758/6 2216/2629/6
f 2215/2631/3 2239/7759/3 2238/2632/3
f 3486/2641/5 3390/7052/5 3300/2639/5
f 3300/2639/5 3294/7047/5 3452/2640/5
f 3452/2640/5 3468/7760/5 3486/2641/5
f 3414/4689/1 3445/4681/1 3429/4680/1
f 3412/2642/1 3428/4679/1 3427/4684/1
f 3414/4689/1 3429/4680/1 3412/2642/1
f 3367/2643/1 3368/4690/1 3414/4689/1
f 3427/4684/1 3365/167/1 3366/166/1
f 3367/2643/1 3414/4689/1 3412/2642/1
f 3412/2642/1 3427/4684/1 3366/166/1
f 1272/2644/3 1274/7761/3 1273/7762/3
f 1271/2645/3 1267/7763/3 1265/2646/3
f 1272/2644/3 1273/7762/3 1271/2645/3
f 2615/2649/5 2618/7764/5 2576/7765/5
f 2543/2647/5 2539/7766/5 2515/7767/5
f 2615/2649/5 2576/7765/5 2543/2647/5
f 2543/2647/5 2515/7767/5 2540/2648/5
f 1254/2650/4 1255/7768/4 1196/2651/4
f 3102/7769/2 3147/7770/2 3146/2653/2
f 3146/2653/2 3026/7771/2 2875/2654/2
f 2875/2654/2 2876/7772/2 3059/2655/2
f 3059/2655/2 3102/7769/2 3146/2653/2
f 2238/2656/2 2251/7773/2 2249/2657/2
f 2225/2660/4 2394/7774/4 2395/2659/4
f 2395/2659/4 2226/7775/4 2230/1132/4
f 2247/1131/4 2228/1133/4 2225/2660/4
f 2395/2659/4 2230/1132/4 2247/1131/4
f 858/2663/1 870/7776/1 924/2661/1
f 924/2661/1 919/7777/1 891/2662/1
f 2260/2664/3 2261/7778/3 2258/2665/3
f 1229/2667/6 1252/7779/6 1226/2668/6
f 3021/2672/1 3027/7780/1 2969/7781/1
f 2959/7782/1 2950/7783/1 2923/2670/1
f 3021/2672/1 2969/7781/1 2959/7782/1
f 2871/2671/1 2874/7784/1 3021/2672/1
f 3021/2672/1 2959/7782/1 2923/2670/1
f 2270/2673/3 2273/7785/3 2272/2674/3
f 2252/2676/4 2276/594/4 2277/2677/4
f 2251/2679/6 2277/7786/6 2250/2680/6
f 2153/2682/5 2155/7787/5 2092/4824/5
f 2092/4824/5 2091/4823/5 2131/2683/5
f 2131/2683/5 2182/7788/5 2181/2684/5
f 2153/2682/5 2092/4824/5 2131/2683/5
f 2049/2687/4 1955/7555/4 1980/2685/4
f 1980/2685/4 1953/7554/4 1952/2686/4
f 2235/2690/2 2282/7789/2 2340/2688/2
f 2340/2688/2 2339/7790/2 2208/2689/2
f 2208/2689/2 2209/7791/2 2235/2690/2
f 1067/7792/6 1068/7793/6 1083/7794/6
f 1082/2692/6 1080/7795/6 1066/7796/6
f 1067/7792/6 1083/7794/6 1082/2692/6
f 1048/2691/6 1067/7792/6 1082/2692/6
f 1082/2692/6 1066/7796/6 1047/2693/6
f 1262/7797/2 1207/7798/2 1211/7799/2
f 1211/7799/2 1173/7800/2 1177/7801/2
f 1215/7802/2 1219/7803/2 1242/7804/2
f 1211/7799/2 1177/7801/2 1215/7802/2
f 1262/7797/2 1211/7799/2 1215/7802/2
f 1242/7804/2 1246/7805/2 1266/2694/2
f 1262/7797/2 1215/7802/2 1242/7804/2
f 1287/2696/2 1259/7806/2 1261/7807/2
f 1262/7797/2 1242/7804/2 1266/2694/2
f 1287/2696/2 1261/7807/2 1262/7797/2
f 1301/1564/2 1286/1563/2 1287/2696/2
f 1282/7808/2 1283/1562/2 1301/1564/2
f 1289/2695/2 1303/1880/2 1337/6737/2
f 1308/3171/2 1304/6739/2 1290/6738/2
f 1309/6663/2 1308/3171/2 1290/6738/2
f 1322/6664/2 1309/6663/2 1290/6738/2
f 1361/6669/2 1362/6668/2 1363/6667/2
f 1342/1812/2 1343/6671/2 1360/6670/2
f 1359/6672/2 1342/1812/2 1360/6670/2
f 1390/1648/2 1382/1813/2 1359/6672/2
f 1383/6656/2 1391/1646/2 1390/1648/2
f 1407/6467/2 1392/6658/2 1384/6657/2
f 1383/6656/2 1390/1648/2 1359/6672/2
f 1408/6468/2 1407/6467/2 1384/6657/2
f 1384/6657/2 1383/6656/2 1359/6672/2
f 1384/6657/2 1359/6672/2 1360/6670/2
f 1408/6468/2 1384/6657/2 1360/6670/2
f 1408/6468/2 1360/6670/2 1361/6669/2
f 1434/1674/2 1433/1675/2 1416/6469/2
f 1408/6468/2 1361/6669/2 1363/6667/2
f 1434/1674/2 1416/6469/2 1408/6468/2
f 1459/6470/2 1444/6489/2 1434/1674/2
f 1231/7809/2 1313/7810/2 1311/7811/2
f 1311/7811/2 1459/6470/2 1434/1674/2
f 1434/1674/2 1408/6468/2 1363/6667/2
f 1434/1674/2 1363/6667/2 1345/6666/2
f 1186/7812/2 1231/7809/2 1311/7811/2
f 1311/7811/2 1434/1674/2 1345/6666/2
f 1311/7811/2 1345/6666/2 1321/6665/2
f 1225/7813/2 1184/7814/2 1186/7812/2
f 1229/7815/2 1225/7813/2 1186/7812/2
f 1311/7811/2 1321/6665/2 1322/6664/2
f 1311/7811/2 1322/6664/2 1290/6738/2
f 1229/7815/4 1186/7812/4 1311/7811/4
f 1297/7816/4 1229/7815/4 1311/7811/4
f 1293/7817/2 1297/7816/2 1311/7811/2
f 1266/2694/2 1268/7818/2 1293/7817/2
f 1287/2696/2 1262/7797/2 1266/2694/2
f 1337/6737/2 1282/7808/2 1301/1564/2
f 1293/7817/2 1311/7811/2 1290/6738/2
f 1289/2695/2 1337/6737/2 1301/1564/2
f 1266/2694/2 1293/7817/2 1290/6738/2
f 1289/2695/2 1301/1564/2 1287/2696/2
f 1266/2694/2 1290/6738/2 1289/2695/2
f 2595/2697/1 2599/7819/1 2581/2698/1
f 2264/2700/1 2286/7820/1 2289/2701/1
f 2269/2703/6 2266/7821/6 2264/2704/6
f 2290/2706/1 2291/7822/1 2287/2707/1
f 2267/2709/6 2271/7823/6 2290/2710/6
f 2270/2713/5 2321/7824/5 2354/6415/5
f 2324/1673/5 2326/1672/5 2298/7825/5
f 2270/2713/5 2354/6415/5 2324/1673/5
f 2294/2712/5 2273/7826/5 2270/2713/5
f 2324/1673/5 2298/7825/5 2294/2712/5
f 2283/2535/2 2309/2534/2 2374/7827/2
f 2211/7828/2 2210/7829/2 2178/7830/2
f 2211/7828/2 2178/7830/2 2179/7831/2
f 2283/2535/2 2374/7827/2 2370/7832/2
f 2265/7833/2 2287/7834/2 2285/2533/2
f 2283/2535/2 2370/7832/2 2211/7828/2
f 2265/7833/2 2285/2533/2 2283/2535/2
f 2237/7835/2 2267/7836/2 2265/7833/2
f 2140/7476/2 2156/7837/2 2237/7835/2
f 2162/2714/2 2135/7477/2 2139/2467/2
f 2139/2467/2 2140/7476/2 2237/7835/2
f 2237/7835/2 2265/7833/2 2283/2535/2
f 2283/2535/2 2211/7828/2 2179/7831/2
f 2184/7838/2 2160/7839/2 2162/2714/2
f 2283/2535/2 2179/7831/2 2184/7838/2
f 2139/2467/2 2237/7835/2 2283/2535/2
f 2283/2535/2 2184/7838/2 2162/2714/2
f 2273/2715/1 2294/7840/1 2297/2716/1
f 2294/2718/3 2298/7841/3 2296/2719/3
f 2302/2721/4 2303/7842/4 2304/2722/4
f 2253/2724/6 2304/7843/6 2276/2725/6
f 3072/2729/1 3108/7844/1 3109/7845/1
f 3073/2727/1 2974/7846/1 2975/7847/1
f 3072/2729/1 3109/7845/1 3073/2727/1
f 3039/2728/1 3041/7848/1 3072/2729/1
f 3073/2727/1 2975/7847/1 3039/2728/1
f 1238/2730/3 1239/3568/3 1236/7849/3
f 1237/2731/3 1258/7850/3 1256/2732/3
f 1238/2730/3 1236/7849/3 1237/2731/3
f 864/2733/1 845/7851/1 833/2734/1
f 2263/2736/1 2310/7852/1 2313/2737/1
f 2289/2739/6 2286/3065/6 2263/2740/6
f 2301/2742/6 2278/7853/6 2275/2743/6
f 2314/2745/1 2315/7854/1 2311/2746/1
f 2287/2748/6 2291/2793/6 2314/2749/6
f 2317/2751/3 2321/7855/3 2320/2752/3
f 2322/2754/4 2323/7856/4 2293/2755/4
f 2319/2757/3 2323/7857/3 2322/2758/3
f 2325/7162/2 2378/2862/2 2377/2760/2
f 2377/2760/2 2407/2143/2 2406/7167/2
f 2406/7167/2 2346/7858/2 2352/2761/2
f 2352/2761/2 2318/7859/2 2322/2762/2
f 2322/2762/2 2292/7860/2 2295/7160/2
f 2295/7160/2 2325/7162/2 2377/2760/2
f 2377/2760/2 2406/7167/2 2352/2761/2
f 2322/2762/2 2295/7160/2 2377/2760/2
f 1519/4084/4 1687/7861/4 1688/7862/4
f 1519/4084/4 1688/7862/4 1609/7863/4
f 1506/7864/4 1519/4084/4 1609/7863/4
f 1506/7864/4 1609/7863/4 1575/7865/4
f 1477/4085/4 1506/7864/4 1575/7865/4
f 1477/4085/4 1575/7865/4 1478/7866/4
f 1458/7867/4 1477/4085/4 1478/7866/4
f 1459/2763/4 1311/7868/4 1310/7869/4
f 1458/7867/4 1478/7866/4 1459/2763/4
f 1446/7870/4 1458/7867/4 1459/2763/4
f 1459/2763/4 1310/7869/4 1325/7871/4
f 1459/2763/4 1325/7871/4 1348/7872/4
f 1417/7873/4 1446/7870/4 1459/2763/4
f 1396/2765/4 1417/7873/4 1459/2763/4
f 1459/2763/4 1348/7872/4 1366/2764/4
f 2298/2766/1 2326/2736/1 2328/2738/1
f 2326/2768/3 2329/7874/3 2327/2769/3
f 2305/2771/6 2333/7875/6 2303/2772/6
f 2331/2775/5 2332/4152/5 2243/2774/5
f 2243/2774/5 2220/2636/5 2241/2635/5
f 2241/2635/4 2278/7456/4 2331/2775/4
f 2372/2776/1 2258/3952/1 2261/2777/1
f 2337/2779/5 2367/7876/5 2366/7877/5
f 2336/7878/2 2306/7879/2 2232/2780/2
f 2337/2779/5 2366/7877/5 2336/7878/5
f 2200/2781/4 2233/7880/4 2337/2779/4
f 2232/2780/5 2207/7881/5 2200/2781/5
f 2337/2779/5 2336/7878/5 2232/2780/5
f 2361/2782/4 2333/7882/4 2305/2783/4
f 2258/2787/5 2372/7883/5 2371/7884/5
f 2258/2787/5 2371/7884/5 2341/2785/5
f 2284/2786/5 2262/2248/5 2258/2787/5
f 2344/2788/5 2343/7885/5 2313/2789/5
f 2313/2791/6 2310/7886/6 2284/2792/6
f 2311/2794/6 2315/2895/6 2345/2795/6
f 2369/2797/5 2368/7887/5 2261/2798/5
f 2348/2800/4 2351/7888/4 2317/2801/4
f 2350/2726/3 2351/7889/3 2348/2803/3
f 2352/2807/4 2353/7890/4 2319/2808/4
f 2347/2810/3 2353/7891/3 2352/2811/3
f 2687/2815/1 2686/7892/1 2670/2813/1
f 2670/2813/1 2684/7893/1 2688/2814/1
f 2357/2816/3 2358/7894/3 2356/2817/3
f 1641/7895/1 1644/7896/1 1659/7897/1
f 1451/7898/1 1439/7899/1 1422/7900/1
f 1451/7898/1 1422/7900/1 1436/7901/1
f 1596/7902/1 1451/7898/1 1436/7901/1
f 1596/7902/1 1436/7901/1 1448/7903/1
f 1641/7895/1 1659/7897/1 1663/2821/1
f 1621/7904/1 1641/7895/1 1663/2821/1
f 1663/2821/1 1596/7902/1 1448/7903/1
f 1663/2821/1 1448/7903/1 1461/7905/1
f 1610/7906/1 1621/7904/1 1663/2821/1
f 1595/7907/1 1610/7906/1 1663/2821/1
f 1663/2821/1 1461/7905/1 1495/7908/1
f 1663/2821/1 1495/7908/1 1533/7909/1
f 1576/2820/1 1595/7907/1 1663/2821/1
f 1663/2821/1 1533/7909/1 1566/2819/1
f 2359/2822/6 2332/7910/6 2331/2823/6
f 2395/2825/6 2394/7911/6 2414/2826/6
f 2368/2828/3 2373/7912/3 2371/2829/3
f 2656/2832/4 2813/1232/4 2814/2830/4
f 2814/2830/4 2637/7913/4 2636/2831/4
f 2379/2833/3 2383/7914/3 2381/2834/3
f 261/7915/1 324/7916/1 323/7917/1
f 281/7918/1 279/7919/1 260/7920/1
f 261/7915/1 323/7917/1 281/7918/1
f 188/247/1 189/7921/1 228/7922/1
f 228/7922/1 261/7915/1 281/7918/1
f 228/7922/1 281/7918/1 260/7920/1
f 206/248/1 188/247/1 228/7922/1
f 227/7923/1 204/246/1 205/4738/1
f 206/248/1 228/7922/1 260/7920/1
f 205/4738/1 206/248/1 260/7920/1
f 259/7924/1 274/7925/1 280/2836/1
f 205/4738/1 260/7920/1 259/7924/1
f 359/2838/1 258/7926/1 227/7923/1
f 227/7923/1 205/4738/1 259/7924/1
f 227/7923/1 259/7924/1 280/2836/1
f 305/2837/1 353/2548/1 359/2838/1
f 359/2838/1 227/7923/1 280/2836/1
f 2358/2839/1 2385/7927/1 2380/2840/1
f 2385/2842/3 2386/7928/3 2384/2843/3
f 2389/2845/4 2390/2841/4 2391/2846/4
f 2362/2848/6 2391/7929/6 2361/2849/6
f 2370/2851/2 2402/7930/2 2401/2852/2
f 2340/2854/6 2370/7931/6 2400/2855/6
f 2398/2857/1 2416/7932/1 2424/2858/1
f 2424/2858/1 2403/6616/1 2397/1790/1
f 2404/2859/1 2405/7933/1 2402/2860/1
f 2378/2862/2 2408/7163/2 2407/2143/2
f 230/1986/5 147/7934/5 173/2863/5
f 3400/2865/6 3394/7935/6 3393/2866/6
f 2411/2870/1 2460/7936/1 2462/2868/1
f 2462/2868/1 2381/7937/1 2383/2869/1
f 2186/2873/5 2187/7938/5 2164/7939/5
f 2095/5588/5 2093/7940/5 2110/2479/5
f 2095/5588/5 2110/2479/5 2113/2478/5
f 2186/2873/5 2164/7939/5 2095/5588/5
f 2183/2872/5 2212/5828/5 2186/2873/5
f 2138/7941/5 2154/7942/5 2183/2872/5
f 2137/2477/5 2138/7941/5 2183/2872/5
f 2095/5588/5 2113/2478/5 2136/2871/5
f 2136/2871/5 2137/2477/5 2183/2872/5
f 2186/2873/5 2095/5588/5 2136/2871/5
f 2413/2874/6 2390/7943/6 2389/7944/6
f 2393/2875/6 2392/7945/6 2395/2876/6
f 2413/2874/6 2389/7944/6 2393/2875/6
f 3461/7946/1 3588/7947/1 3586/7948/1
f 3461/7946/1 3586/7948/1 3446/2877/1
f 3370/7949/1 3373/7950/1 3430/2879/1
f 3430/2879/1 3461/7946/1 3446/2877/1
f 3413/2878/1 3370/7949/1 3430/2879/1
f 2402/2880/6 2405/7951/6 2420/2881/6
f 2421/2883/3 2422/7952/3 2419/2884/3
f 2416/2886/3 2425/7953/3 2423/2887/3
f 2427/2889/3 2431/7954/3 2430/2890/3
f 2579/7955/2 2578/6802/2 2594/6801/2
f 2594/6801/2 2621/7956/2 2617/7957/2
f 2617/7957/2 2643/7958/2 2642/7959/2
f 2575/7960/2 2574/7961/2 2514/7962/2
f 2617/7957/2 2642/7959/2 2575/7960/2
f 2579/7955/2 2594/6801/2 2617/7957/2
f 2485/7963/2 2518/7964/2 2545/7965/2
f 2545/7965/2 2579/7955/2 2617/7957/2
f 2545/7965/2 2617/7957/2 2575/7960/2
f 2485/7963/2 2545/7965/2 2575/7960/2
f 2514/7962/2 2513/7966/2 2457/7967/2
f 2485/7963/2 2575/7960/2 2514/7962/2
f 2319/7968/2 2353/7969/2 2347/7970/2
f 2347/7970/2 2485/7963/2 2514/7962/2
f 2457/7967/2 2452/7971/2 2422/7972/2
f 2347/7970/2 2514/7962/2 2457/7967/2
f 2293/7973/2 2323/7974/2 2319/7968/2
f 2347/7970/2 2457/7967/2 2422/7972/2
f 2319/7968/2 2347/7970/2 2422/7972/2
f 2422/7972/2 2421/7975/2 2420/7976/2
f 2405/7977/2 2404/7978/2 2376/7979/2
f 2422/7972/2 2420/7976/2 2405/7977/2
f 2293/7973/2 2319/7968/2 2422/7972/2
f 2358/7980/2 2357/7981/2 2300/7982/2
f 2386/7983/2 2385/7984/2 2358/7980/2
f 2526/6800/2 2492/7985/2 2463/7986/2
f 2386/7983/2 2358/7980/2 2300/7982/2
f 2530/6792/2 2526/6800/2 2463/7986/2
f 2530/6792/2 2463/7986/2 2386/7983/2
f 2467/7987/2 2500/7988/2 2496/7989/2
f 2496/7989/2 2530/6792/2 2386/7983/2
f 2467/7987/2 2496/7989/2 2386/7983/2
f 2429/7990/2 2471/7991/2 2467/7987/2
f 2413/7992/2 2435/7993/2 2429/7990/2
f 2361/7994/2 2391/7995/2 2390/7996/2
f 2390/7996/2 2413/7992/2 2429/7990/2
f 2429/7990/2 2467/7987/2 2386/7983/2
f 2429/7990/2 2386/7983/2 2300/7982/2
f 2361/7994/2 2390/7996/2 2429/7990/2
f 2303/7997/2 2333/7998/2 2361/7994/2
f 2276/7999/2 2304/8000/2 2303/7997/2
f 2250/8001/2 2277/8002/2 2276/7999/2
f 2142/2894/2 2191/8003/2 2215/8004/2
f 2250/8001/2 2276/7999/2 2303/7997/2
f 2250/8001/2 2303/7997/2 2361/7994/2
f 2361/7994/2 2429/7990/2 2300/7982/2
f 2250/8001/2 2361/7994/2 2300/7982/2
f 2215/8004/2 2250/8001/2 2300/7982/2
f 2215/8004/2 2300/7982/2 2293/7973/2
f 2123/8005/2 2144/8006/2 2142/2894/2
f 2142/2894/2 2215/8004/2 2293/7973/2
f 2422/7972/2 2405/7977/2 2376/7979/2
f 2376/7979/2 2345/8007/2 2315/8008/2
f 2315/8008/2 2314/8009/2 2291/8010/2
f 2291/8010/2 2290/8011/2 2271/2576/2
f 2189/2578/2 2165/2577/2 2099/7399/2
f 2189/2578/2 2099/7399/2 2070/2416/2
f 2070/2416/2 2071/6933/2 2101/8012/2
f 2104/8013/2 2077/2402/2 2078/2892/2
f 2189/2578/2 2070/2416/2 2101/8012/2
f 2189/2578/2 2101/8012/2 2104/8013/2
f 2189/2578/2 2104/8013/2 2078/2892/2
f 2060/2401/2 2059/8014/2 2040/8015/2
f 2040/8015/2 2039/8016/2 1998/6931/2
f 1998/6931/2 1972/6930/2 1971/8017/2
f 1941/8018/2 1914/8019/2 1916/8020/2
f 1998/6931/2 1971/8017/2 1941/8018/2
f 2040/8015/2 1998/6931/2 1941/8018/2
f 1941/8018/2 1916/8020/2 1975/8021/2
f 1975/8021/2 2009/8022/2 2008/8023/2
f 1941/8018/2 1975/8021/2 2008/8023/2
f 2060/2401/2 2040/8015/2 1941/8018/2
f 2060/2401/2 1941/8018/2 2008/8023/2
f 2060/2401/2 2008/8023/2 2019/2893/2
f 2078/2892/2 2060/2401/2 2019/2893/2
f 1948/2282/2 1945/2281/2 1770/8024/2
f 1770/8024/2 1769/8025/2 1753/8026/2
f 1724/8027/2 1681/8028/2 1725/8029/2
f 1770/8024/2 1753/8026/2 1724/8027/2
f 1770/8024/2 1724/8027/2 1725/8029/2
f 1725/8029/2 1733/8030/2 1808/2112/2
f 1725/8029/2 1808/2112/2 1806/2113/2
f 2376/7979/2 2315/8008/2 2291/8010/2
f 2293/7973/2 2422/7972/2 2376/7979/2
f 2293/7973/2 2376/7979/2 2291/8010/2
f 2293/7973/2 2291/8010/2 2271/2576/2
f 2293/7973/2 2271/2576/2 2189/2578/2
f 1770/8024/2 1725/8029/2 1806/2113/2
f 1770/8024/2 1806/2113/2 1823/1025/2
f 1948/2282/2 1770/8024/2 1823/1025/2
f 1843/1024/2 1830/1023/2 1825/7117/2
f 1948/2282/5 1823/1025/5 1843/1024/5
f 1948/2282/2 1843/1024/2 1825/7117/2
f 1825/7117/2 1951/438/2 1949/440/2
f 1949/440/2 2020/439/2 2199/8031/2
f 2199/8031/2 2197/8032/2 2126/8033/2
f 1949/440/2 2199/8031/2 2126/8033/2
f 1948/2282/2 1825/7117/2 1949/440/2
f 2019/2893/2 1948/2282/2 1949/440/2
f 1949/440/2 2126/8033/2 2123/8005/2
f 2142/2894/2 2293/7973/2 2189/2578/2
f 1949/440/2 2123/8005/2 2142/2894/2
f 2019/2893/2 1949/440/2 2142/2894/2
f 2142/2894/2 2189/2578/2 2078/2892/2
f 2429/2895/3 2435/8034/3 2434/2896/3
f 2437/2897/3 2438/8035/3 2436/2898/3
f 2433/2900/3 2441/8036/3 2440/2901/3
f 2419/2903/2 2450/8037/2 2449/2904/2
f 2449/2906/3 2450/8038/3 2448/2907/3
f 1167/2908/1 1170/8039/1 1149/2909/1
f 2422/2911/1 2452/8040/1 2450/2912/1
f 2425/2914/1 2451/8041/1 2454/2915/1
f 2451/2522/3 2455/2521/3 2453/2917/3
f 1570/2919/4 1580/8042/4 1581/8043/4
f 1571/2920/4 1543/8044/4 1555/2921/4
f 1570/2919/4 1581/8043/4 1571/2920/4
f 2940/2922/1 2941/8045/1 2964/2923/1
f 2963/2924/1 3050/8046/1 2940/2922/1
f 2481/2925/3 2480/8047/3 2475/2926/3
f 2468/2928/4 2469/8048/4 2427/2929/4
f 2465/2931/3 2469/8049/3 2468/2932/3
f 2467/2933/3 2471/8050/3 2470/2934/3
f 2469/2936/5 2472/8051/5 2431/2937/5
f 2473/2939/3 2474/8052/3 2472/2940/3
f 2444/2942/1 2446/8053/1 2482/2943/1
f 2482/2943/1 2483/8054/1 2442/2944/1
f 2434/2945/2 2479/8055/2 2470/2946/2
f 2470/2948/3 2479/8056/3 2478/2949/3
f 2475/2951/5 2480/8057/5 2438/2952/5
f 2440/2954/2 2481/8058/2 2476/2955/2
f 2912/2957/4 2913/8059/4 2910/2958/4
f 816/8060/4 849/8061/4 850/2962/4
f 850/2962/4 713/8062/4 712/8063/4
f 850/2962/4 712/8063/4 767/2960/4
f 775/2961/4 816/8060/4 850/2962/4
f 2791/8064/2 2721/8065/2 2727/8066/2
f 2755/8067/2 2756/8068/2 2794/8069/2
f 2791/8064/2 2727/8066/2 2755/8067/2
f 2835/8070/2 2788/8071/2 2791/8064/2
f 2884/8072/2 2831/8073/2 2835/8070/2
f 2884/8072/16 2835/8070/16 2791/8064/16
f 2791/8064/2 2755/8067/2 2794/8069/2
f 2794/8069/2 2795/8074/2 2842/3498/2
f 2930/3575/2 2892/3497/2 2893/8075/2
f 2794/8069/2 2842/3498/2 2930/3575/2
f 2884/8072/2 2791/8064/2 2794/8069/2
f 2884/8072/2 2794/8069/2 2930/3575/2
f 2893/8075/2 2848/8076/2 2853/8077/2
f 2882/2965/2 2884/8072/2 2930/3575/2
f 2893/8075/2 2853/8077/2 2898/8078/2
f 2930/3575/2 2893/8075/2 2898/8078/2
f 2898/8078/2 2901/8079/2 3245/8080/2
f 3245/8080/2 3236/8081/2 3134/8082/2
f 3087/8083/2 3015/8084/2 3014/8085/2
f 3245/8080/2 3134/8082/2 3087/8083/2
f 2827/8086/2 2829/8087/2 2828/8088/2
f 3062/8089/2 2827/8086/2 2828/8088/2
f 3062/8089/2 2828/8088/2 2882/2965/2
f 3161/8090/2 3160/8091/2 3103/8092/2
f 3103/8092/2 3062/8089/2 2882/2965/2
f 3222/8093/2 3217/8094/2 3161/8090/2
f 3106/8095/2 3171/8096/2 3165/8097/2
f 3165/8097/2 3222/8093/2 3161/8090/2
f 3245/8080/2 3087/8083/2 3014/8085/2
f 3245/8080/2 3014/8085/2 2977/8098/2
f 3165/8097/2 3161/8090/2 3103/8092/2
f 3069/8099/2 3106/8095/2 3165/8097/2
f 2988/8100/2 3030/8101/2 3036/8102/2
f 3069/8099/2 3165/8097/2 3103/8092/2
f 2985/8103/2 2988/8100/2 3036/8102/2
f 3036/8102/2 3069/8099/2 3103/8092/2
f 2898/8078/2 3245/8080/2 2977/8098/2
f 2898/8078/2 2977/8098/2 2955/8104/2
f 2930/3575/2 2898/8078/2 2955/8104/2
f 2953/8105/2 2951/8106/2 2927/2963/2
f 2930/3575/2 2955/8104/2 2953/8105/2
f 2985/8103/2 3036/8102/2 3103/8092/2
f 2924/2964/2 2985/8103/2 3103/8092/2
f 2882/2965/2 2930/3575/2 2953/8105/2
f 2882/2965/2 2953/8105/2 2927/2963/2
f 2924/2964/2 3103/8092/2 2882/2965/2
f 2457/2966/3 2456/8107/3 2450/2967/3
f 2957/2969/4 2956/3520/4 3051/2970/4
f 3051/2970/4 3052/8108/4 3019/8109/4
f 3019/8109/4 3020/8110/4 2917/2971/4
f 2917/2971/4 2915/8111/4 2944/3522/4
f 2917/2971/4 2944/3522/4 2946/3521/4
f 3051/2970/4 3019/8109/4 2917/2971/4
f 2917/2971/4 2946/3521/4 2957/2969/4
f 2462/2972/6 2460/8112/6 2458/2973/6
f 2461/2975/6 2463/8113/6 2492/2976/6
f 2497/2978/4 2498/8114/4 2465/2979/4
f 2494/2981/3 2498/3128/3 2497/2982/3
f 2499/2984/4 2500/8115/4 2467/2985/4
f 2496/2987/3 2500/8116/3 2499/2988/3
f 3213/2990/1 3289/8117/1 3286/2991/1
f 3286/2991/1 3155/8118/1 3156/2992/1
f 3142/8119/3 3143/8120/3 3146/2993/3
f 3147/8121/3 3157/8122/3 3156/8123/3
f 3153/8124/3 3152/8125/3 3142/8119/3
f 3144/2995/3 3154/8126/3 3153/8124/3
f 3156/8123/3 3155/8127/3 3145/2994/3
f 3144/2995/3 3153/8124/3 3142/8119/3
f 3147/8121/3 3156/8123/3 3145/2994/3
f 3144/2995/3 3142/8119/3 3146/2993/3
f 3146/2993/3 3147/8121/3 3145/2994/3
f 2442/2998/3 2443/1879/3 2445/2996/3
f 2445/2996/3 2446/8128/3 2444/2997/3
f 416/437/2 411/8129/2 348/2999/2
f 2387/3000/4 2388/8130/4 2332/3001/4
f 2507/3003/3 2511/8131/3 2509/3004/3
f 2513/3006/3 2514/8132/3 2512/3007/3
f 2211/3011/1 2370/8133/1 2340/8134/1
f 2211/3011/1 2340/8134/1 2282/3009/1
f 2235/3010/1 2209/8135/1 2211/3011/1
f 2486/3012/6 2518/8136/6 2485/3013/6
f 2544/3015/4 2545/8137/4 2518/3016/4
f 2490/3018/2 2522/8138/2 2520/3019/2
f 2412/3023/6 2394/8139/6 2365/8140/6
f 2412/3023/6 2365/8140/6 2363/8141/6
f 2388/3022/6 2387/8142/6 2412/3023/6
f 2412/3023/6 2363/8141/6 2364/3021/6
f 3084/8143/6 3081/8144/6 3080/3026/6
f 3080/3026/6 3078/8145/6 3123/8146/6
f 3124/3027/6 3133/8147/6 3083/3028/6
f 3080/3026/6 3123/8146/6 3124/3027/6
f 3083/3028/6 3084/8143/6 3080/3026/6
f 2543/3029/4 2542/8148/4 2517/3030/4
f 2539/3032/6 2517/8149/6 2516/3033/6
f 2703/3035/1 2745/8150/1 2744/8151/1
f 2744/8151/1 2590/8152/1 2592/8153/1
f 2703/3035/1 2744/8151/1 2592/8153/1
f 2448/8154/1 2450/4353/1 2703/3035/1
f 2506/3037/1 2448/8154/1 2703/3035/1
f 2703/3035/1 2592/8153/1 2537/3036/1
f 2550/3038/3 2553/8155/3 2552/3039/3
f 2523/3041/1 2551/8156/1 2555/3042/1
f 2525/3044/6 2521/8157/6 2523/3045/6
f 2556/3047/1 2557/8158/1 2553/3048/1
f 2522/3050/6 2526/8159/6 2556/3051/6
f 2563/3053/3 2559/3081/3 2558/3054/3
f 2565/3056/3 2561/8160/3 2560/3057/3
f 2567/8161/2 2634/8162/2 2632/3059/2
f 2632/3059/2 2650/8163/2 2649/8164/2
f 2649/8164/2 2645/8165/2 2603/8166/2
f 2607/8167/2 2564/8168/2 2560/8169/2
f 2649/8164/2 2603/8166/2 2607/8167/2
f 2470/1055/2 2567/8161/2 2632/3059/2
f 2632/3059/2 2649/8164/2 2607/8167/2
f 2632/3059/2 2607/8167/2 2560/8169/2
f 2499/3061/2 2466/8170/2 2470/1055/2
f 2529/3060/2 2495/8171/2 2499/3061/2
f 2632/3059/4 2560/8169/4 2529/3060/4
f 2499/3061/2 2470/1055/2 2632/3059/2
f 2536/3062/1 2535/7485/1 2503/3063/1
f 2570/3065/3 2541/8172/3 2540/3066/3
f 3205/3068/3 3217/8173/3 3222/8174/3
f 3222/8174/3 3221/8175/3 3216/3069/3
f 3216/3069/3 3215/8176/3 3202/3070/3
f 3202/3070/3 3203/8177/3 3204/8178/3
f 3205/3068/3 3222/8174/3 3216/3069/3
f 3202/3070/3 3204/8178/3 3205/3068/3
f 2574/3071/3 2575/8179/3 2573/3072/3
f 2576/3074/6 2546/8180/6 2542/3075/6
f 2577/3077/4 2578/8181/4 2579/3078/4
f 2547/3080/6 2579/3054/6 2545/3081/6
f 2571/3083/1 2512/4359/1 2514/3084/1
f 1490/3088/4 1514/8182/4 1549/3086/4
f 1549/3086/4 1550/8183/4 1515/3087/4
f 2555/3089/6 2551/8184/6 2548/3090/6
f 2582/3092/1 2583/8185/1 2580/3093/1
f 2553/3095/6 2557/8186/6 2582/3096/6
f 2563/3100/4 2562/8187/4 2605/3098/4
f 2605/3098/4 2606/8188/4 2584/3099/4
f 3148/8189/5 3206/8190/5 3218/8191/5
f 3162/8192/5 3166/8193/5 3104/8194/5
f 3148/8189/5 3218/8191/5 3162/8192/5
f 3060/8195/5 3149/8196/5 3148/8189/5
f 2968/8197/5 2969/3540/5 3027/8198/5
f 3027/8198/5 3060/8195/5 3148/8189/5
f 3148/8189/5 3162/8192/5 3104/8194/5
f 3063/8199/5 2970/8200/5 2961/8201/5
f 3148/8189/5 3104/8194/5 3063/8199/5
f 2968/8197/5 3027/8198/5 3148/8189/5
f 2950/3102/5 2959/3541/5 2958/3103/5
f 2968/8197/5 3148/8189/5 3063/8199/5
f 2958/3103/5 2968/8197/5 3063/8199/5
f 2961/8201/5 2960/8202/5 2928/3101/5
f 2958/3103/5 3063/8199/5 2961/8201/5
f 2928/3101/5 2926/3500/5 2950/3102/5
f 2958/3103/5 2961/8201/5 2928/3101/5
f 1673/8203/1 1867/8204/1 1866/8205/1
f 1673/8203/1 1866/8205/1 1849/8206/1
f 1582/8207/1 1584/8208/1 1640/3104/1
f 1640/3104/1 1673/8203/1 1849/8206/1
f 1640/3104/1 1849/8206/1 1672/8209/1
f 1602/8210/1 1582/8207/1 1640/3104/1
f 1615/8211/1 1602/8210/1 1640/3104/1
f 1640/3104/1 1672/8209/1 1654/3105/1
f 1639/3106/1 1615/8211/1 1640/3104/1
f 2535/8212/5 2771/8213/5 2770/8214/5
f 2535/8212/5 2770/8214/5 2534/3107/5
f 2446/8215/5 2445/8216/5 2503/3109/5
f 2503/3109/5 2535/8212/5 2534/3107/5
f 2482/3108/5 2446/8215/5 2503/3109/5
f 2591/3110/3 2592/8217/3 2590/3111/3
f 3195/8218/3 3193/8219/3 3197/3113/3
f 3197/3113/3 3194/2439/3 3188/8220/3
f 3189/3114/3 3190/8221/3 3191/8222/3
f 3197/3113/3 3188/8220/3 3189/3114/3
f 3192/3115/3 3195/8218/3 3197/3113/3
f 3189/3114/3 3191/8222/3 3192/3115/3
f 2580/3116/6 2583/8223/6 2578/3117/6
f 2594/3119/3 2597/8224/3 2596/3120/3
f 2595/3122/3 2600/8225/3 2598/3123/3
f 2598/8226/5 2630/8227/5 2629/8228/5
f 2601/8229/5 2605/8230/5 2562/3125/5
f 2598/8226/5 2629/8228/5 2601/8229/5
f 2581/8231/5 2599/8232/5 2598/8226/5
f 2525/8233/5 2554/8234/5 2555/3127/5
f 2555/3127/5 2581/8231/5 2598/8226/5
f 2598/8226/5 2601/8229/5 2562/3125/5
f 2562/3125/5 2558/8235/5 2527/3126/5
f 2527/3126/5 2525/8233/5 2555/3127/5
f 2555/3127/5 2598/8226/5 2562/3125/5
f 2602/3128/3 2606/8236/3 2605/3129/3
f 2604/3130/3 2608/8237/3 2607/3131/3
f 2372/3133/6 2368/8238/6 2369/8239/6
f 2369/8239/6 2366/8240/6 2367/3134/6
f 2367/3134/6 2396/8241/6 2397/8242/6
f 2397/8242/6 2403/8243/6 2375/3135/6
f 2375/3135/6 2371/8244/6 2372/3133/6
f 2372/3133/6 2369/8239/6 2367/3134/6
f 2367/3134/6 2397/8242/6 2375/3135/6
f 3360/3136/4 3399/8245/4 3401/8246/4
f 3401/8246/4 3538/5083/4 3475/5082/4
f 3475/5082/4 3476/683/4 3460/3137/4
f 3460/3137/4 3405/3643/4 3403/8247/4
f 3460/3137/4 3403/8247/4 3402/3138/4
f 3401/8246/4 3475/5082/4 3460/3137/4
f 3362/3645/4 3363/8248/4 3360/3136/4
f 3361/8249/4 3362/3645/4 3360/3136/4
f 3360/3136/4 3401/8246/4 3460/3137/4
f 3402/3138/4 3361/8249/4 3360/3136/4
f 3186/3139/5 3228/8250/5 3127/3140/5
f 2620/3142/4 2621/8251/4 2594/3143/4
f 2617/3145/3 2621/8252/3 2620/3095/3
f 2623/3146/4 2624/8253/4 2596/857/4
f 2597/3148/1 2627/8254/1 2624/3149/1
f 2627/3151/3 2628/8255/3 2626/3152/3
f 2600/3154/1 2625/8256/1 2630/3155/1
f 2629/3157/4 2631/8257/4 2602/3158/4
f 2625/3160/3 2631/8258/3 2629/3161/3
f 1099/3165/5 1100/8259/5 1125/6294/5
f 1129/3163/5 1130/8260/5 1102/3164/5
f 1099/3165/5 1125/6294/5 1129/3163/5
f 1652/6922/2 1715/2005/2 1651/8261/2
f 1651/8261/2 1650/5639/2 1636/1027/2
f 1637/1026/2 1639/5636/2 1654/8262/2
f 1651/8261/2 1636/1027/2 1637/1026/2
f 1652/6922/2 1651/8261/2 1637/1026/2
f 1637/1026/2 1654/8262/2 1672/3166/2
f 1653/2006/2 1652/6922/2 1637/1026/2
f 2651/3169/5 2660/5529/5 2678/3167/5
f 2610/3168/5 2609/8263/5 2651/3169/5
f 1319/3170/2 1317/1881/2 1304/6739/2
f 1308/3171/2 1309/6663/2 1320/3172/2
f 1319/3170/2 1304/6739/2 1308/3171/2
f 3692/8264/4 3769/8265/4 3771/8266/4
f 3771/8266/4 3814/8267/4 3815/8268/4
f 3771/8266/4 3815/8268/4 3773/8269/4
f 3619/3176/4 3692/8264/4 3771/8266/4
f 3621/8270/4 3618/8271/4 3619/3176/4
f 3778/8272/4 3696/8273/4 3620/8274/4
f 3620/8274/4 3621/8270/4 3619/3176/4
f 3619/3176/4 3771/8266/4 3773/8269/4
f 3775/3174/4 3816/8275/4 3817/8276/4
f 3619/3176/4 3773/8269/4 3775/3174/4
f 3778/8272/4 3620/8274/4 3619/3176/4
f 3775/3174/4 3817/8276/4 3777/3175/4
f 3777/3175/4 3778/8272/4 3619/3176/4
f 2678/8277/4 2807/8278/4 2808/8279/4
f 2678/8277/4 2808/8279/4 2679/8280/4
f 2610/8281/4 2678/8277/4 2679/8280/4
f 2610/8281/4 2679/8280/4 2653/8282/4
f 2473/8283/4 2469/8284/4 2586/3177/4
f 2586/3177/4 2610/8281/4 2653/8282/4
f 2586/3177/4 2653/8282/4 2611/8285/4
f 2532/3179/4 2473/8283/4 2586/3177/4
f 2586/3177/4 2611/8285/4 2569/3178/4
f 2641/3180/4 2643/8286/4 2617/3181/4
f 2642/3183/3 2643/8287/3 2641/3184/3
f 2415/3186/2 2441/8288/2 2433/3187/2
f 2645/3189/4 2647/8289/4 2604/3190/4
f 2628/3192/1 2646/8290/1 2644/3193/1
f 2646/3195/3 2647/8291/3 2645/3196/3
f 1575/6613/2 1563/1787/2 1529/1789/2
f 1529/1789/2 1528/6615/2 1527/6578/2
f 1575/6613/2 1529/1789/2 1527/6578/2
f 1491/6463/2 1476/6465/2 1478/3199/2
f 1551/1788/2 1488/6456/2 1489/6461/2
f 1551/1788/2 1489/6461/2 1491/6463/2
f 1516/1767/2 1526/1766/2 1551/1788/2
f 1516/1767/2 1551/1788/2 1491/6463/2
f 1478/3199/2 1575/6613/2 1527/6578/2
f 1478/3199/2 1527/6578/2 1518/1765/2
f 1516/1767/2 1491/6463/2 1478/3199/2
f 1478/3199/2 1518/1765/2 1517/3198/2
f 2634/3200/2 2655/8292/2 2652/3201/2
f 2440/3203/4 2441/8293/4 2415/3204/4
f 2415/3204/4 2414/8294/4 2436/8295/4
f 2438/3205/4 2480/8296/4 2481/8297/4
f 2415/3204/4 2436/8295/4 2438/3205/4
f 2438/3205/4 2481/8297/4 2440/3203/4
f 3651/3206/3 3733/8298/3 3732/8299/3
f 3729/3207/3 3728/8300/3 3723/8301/3
f 3651/3206/3 3732/8299/3 3729/3207/3
f 3724/3208/3 3725/7690/3 3651/3206/3
f 3729/3207/3 3723/8301/3 3724/3208/3
f 2655/3209/2 2662/8302/2 2650/3210/2
f 1502/3212/4 1456/1827/4 1473/3213/4
f 3147/8303/1 3102/8304/1 3103/3215/1
f 3103/3215/1 3160/8305/1 3158/3216/1
f 3158/3216/1 3204/8306/1 3203/3217/1
f 3203/3217/1 3147/8303/1 3103/3215/1
f 1753/8307/1 1769/8308/1 1766/8309/1
f 1753/8307/1 1766/8309/1 1752/8310/1
f 1724/8311/1 1753/8307/1 1752/8310/1
f 1724/8311/1 1752/8310/1 1676/3219/1
f 1657/8312/1 1680/8313/1 1681/3218/1
f 1681/3218/1 1724/8311/1 1676/3219/1
f 1679/3220/1 1657/8312/1 1681/3218/1
f 641/3221/4 642/8314/4 609/3222/4
f 2665/3224/3 2666/8315/3 2663/3225/3
f 3744/3227/1 3746/8316/1 3801/3228/1
f 3801/3228/1 3800/4640/1 3742/3229/1
f 3765/3230/3 3768/8317/3 3778/3231/3
f 3778/3231/3 3777/8318/3 3776/3232/3
f 1/3235/1 2/8319/1 3/3233/1
f 3/3233/1 32/8320/1 41/3234/1
f 79/3236/1 142/8321/1 147/3237/1
f 147/3237/1 104/8322/1 78/3238/1
f 193/3239/3 191/8323/3 192/3240/3
f 2671/8324/2 2685/8325/2 2683/8326/2
f 2683/8326/2 2713/8327/2 2712/8328/2
f 2712/8328/2 2709/8329/2 2708/8330/2
f 2708/8330/2 2667/1927/2 2668/5296/2
f 2668/5296/2 2640/5295/2 2641/1624/2
f 2641/1624/2 2624/6410/2 2626/8331/2
f 2644/8332/2 2645/8165/2 2649/8164/2
f 2641/1624/2 2626/8331/2 2644/8332/2
f 2708/8330/2 2668/5296/2 2641/1624/2
f 2683/8326/2 2712/8328/2 2708/8330/2
f 2683/8326/2 2708/8330/2 2641/1624/2
f 2641/1624/2 2644/8332/2 2649/8164/2
f 2658/3243/2 2675/8333/2 2674/8334/2
f 2641/1624/2 2649/8164/2 2658/3243/2
f 2671/8324/2 2683/8326/2 2641/1624/2
f 2658/3243/2 2674/8334/2 2673/3242/2
f 2673/3242/2 2671/8324/2 2641/1624/2
f 1428/3244/1 1400/8335/1 1402/3245/1
f 908/3246/4 909/8336/4 851/3247/4
f 3094/3249/3 3095/8337/3 3097/3250/3
f 3234/8338/3 3230/8339/3 3236/3252/3
f 3245/3253/3 3244/8340/3 3243/8341/3
f 3245/3253/3 3243/8341/3 3240/8342/3
f 3235/3254/3 3234/8338/3 3236/3252/3
f 3245/3253/3 3240/8342/3 3235/3254/3
f 3557/3255/1 3534/8343/1 3670/3256/1
f 3670/3256/1 3668/8344/1 3562/3257/1
f 3562/3257/1 3555/8345/1 3557/3255/1
f 2537/8346/2 2592/8347/2 2591/3259/2
f 2591/3259/2 2447/3688/2 2448/3260/2
f 2506/3258/2 2537/8346/2 2591/3259/2
f 2690/3262/2 2689/8348/2 2698/3130/2
f 2698/3130/2 2697/3132/2 2691/3261/2
f 2689/3263/1 2690/8349/1 2685/3264/1
f 2711/3266/4 2713/8350/4 2683/3267/4
f 2710/3090/3 2718/8184/3 2719/3269/3
f 2636/2831/4 2637/7913/4 2588/7694/4
f 2533/7693/4 2502/7692/4 2501/2555/4
f 2636/2831/4 2588/7694/4 2533/7693/4
f 2813/1232/4 2656/2832/4 2635/3173/4
f 2635/3173/4 2636/2831/4 2533/7693/4
f 2533/7693/4 2501/2555/4 2568/3271/4
f 2568/3271/4 2811/8351/4 2812/3272/4
f 2812/3272/4 2813/1232/4 2635/3173/4
f 2635/3173/4 2533/7693/4 2568/3271/4
f 2715/3273/5 2725/8352/5 2693/3274/5
f 2724/3276/3 2728/8353/3 2727/3277/3
f 2734/3279/2 2733/8354/2 2732/3280/2
f 2726/3282/5 2737/8355/5 2736/3283/5
f 2737/3285/4 2738/8356/4 2699/3286/4
f 2736/3288/6 2699/8357/6 2695/3289/6
f 2741/3291/2 2740/8358/2 2730/3292/2
f 2739/3294/4 2740/8359/4 2741/3295/4
f 2675/3297/6 2741/8360/6 2696/3298/6
f 3306/3300/5 3309/8361/5 3280/3301/5
f 3504/3303/4 3574/8362/4 3575/3304/4
f 3575/3304/4 3397/8363/4 3404/3305/4
f 2746/3306/5 2747/8364/5 2707/3307/5
f 2693/3309/4 2725/8365/4 2726/8366/4
f 2694/3310/4 2695/8367/4 2672/3311/4
f 2693/3309/4 2726/8366/4 2694/3310/4
f 2672/3311/4 2692/8368/4 2693/3309/4
f 2673/3312/6 2698/8369/6 2689/3313/6
f 3392/3317/3 3398/3770/3 3397/3315/3
f 3395/3316/3 3391/8370/3 3392/3317/3
f 2728/3318/1 2732/8371/1 2755/3319/1
f 2732/3321/3 2733/8372/3 2756/3322/3
f 2725/3326/6 2761/8373/6 2742/3324/6
f 2742/3324/6 2738/6359/6 2737/3325/6
f 2737/3325/6 2726/8374/6 2725/3326/6
f 2758/3327/4 2759/8375/4 2760/3328/4
f 2767/3330/2 2766/8376/2 2758/3331/2
f 2474/8377/5 2473/8378/5 2532/8379/5
f 2569/8380/4 2611/8381/4 2653/3333/4
f 2474/8377/5 2532/8379/5 2569/8380/5
f 2808/3334/5 2811/8382/5 2568/3335/5
f 2568/3335/5 2474/8377/5 2569/8380/5
f 2653/3333/4 2679/8383/4 2808/3334/4
f 2568/3335/5 2569/8380/5 2653/3333/5
f 2782/3338/1 2781/8384/1 2746/3336/1
f 2746/3336/1 2778/8385/1 2783/3337/1
f 2691/8386/6 2697/8387/6 2734/8388/6
f 2691/8386/6 2734/8388/6 2729/3340/6
f 2683/8389/6 2685/4374/6 2690/3339/6
f 2690/3339/6 2691/8386/6 2729/3340/6
f 2722/3341/6 2683/8389/6 2690/3339/6
f 2745/3342/1 2776/8390/1 2773/3343/1
f 2777/3345/2 2776/8391/2 2745/8392/2
f 2745/8392/2 2703/5300/2 2704/811/2
f 2704/811/2 2706/5301/2 2708/8330/2
f 2748/3346/2 2780/8393/2 2777/3345/2
f 2704/811/2 2708/8330/2 2748/3346/2
f 2777/3345/2 2745/8392/2 2704/811/2
f 311/3349/5 407/8394/5 445/3347/5
f 445/3347/5 450/8395/5 340/3348/5
f 2817/3350/1 2871/8396/1 2880/3351/1
f 2880/3351/1 2826/8397/1 2816/3352/1
f 2281/1334/2 2393/8398/2 2389/8399/2
f 2362/3353/2 2360/8400/2 2305/3354/2
f 2281/1334/2 2389/8399/2 2362/3353/2
f 2302/8401/2 2253/6038/2 2279/1335/2
f 2279/1335/2 2281/1334/2 2362/3353/2
f 2305/3354/2 2302/8401/2 2279/1335/2
f 2780/3357/1 2748/8402/1 2785/3355/1
f 2785/3355/1 2786/8403/1 2784/3356/1
f 2733/3358/1 2796/8404/1 2794/3359/1
f 2796/3361/3 2797/3416/3 2795/3362/3
f 3474/8405/5 3573/8406/5 3576/3364/5
f 3576/3364/4 3538/8407/4 3401/3365/4
f 3401/3365/5 3400/8408/5 3426/3366/5
f 3426/3366/5 3474/8405/5 3576/3364/5
f 2768/3367/2 2802/8409/2 2801/3368/2
f 1667/8410/4 1714/8411/4 1745/3370/4
f 1745/3370/4 1780/8412/4 1781/3371/4
f 1746/3372/4 1667/8410/4 1745/3370/4
f 2757/3373/6 2760/8413/6 2735/694/6
f 2731/8414/6 2730/5147/6 2740/3374/6
f 2757/3373/6 2735/694/6 2731/8414/6
f 2701/3375/6 2767/8415/6 2757/3373/6
f 2740/3374/6 2739/8416/6 2701/3375/6
f 2757/3373/6 2731/8414/6 2740/3374/6
f 2816/3378/5 2815/8417/5 2872/3376/5
f 2872/3376/5 2871/8418/5 2817/3377/5
f 2869/3379/1 2870/8419/1 2868/3380/1
f 2769/3384/4 2803/8420/4 2804/3382/4
f 2804/3382/4 2805/4704/4 2806/3383/4
f 2783/8421/6 2778/8422/6 2779/8423/6
f 2779/8423/6 2774/8424/6 2775/8425/6
f 2775/8425/6 2770/8426/6 2771/8427/6
f 2772/8428/6 2773/8429/6 2776/8430/6
f 2779/8423/6 2775/8425/6 2771/8427/6
f 2783/8421/6 2779/8423/6 2771/8427/6
f 2826/8431/6 2782/8432/6 2783/8421/6
f 2818/8433/6 2815/6072/6 2816/8434/6
f 2816/8434/6 2826/8431/6 2783/8421/6
f 2816/8434/6 2783/8421/6 2771/8427/6
f 2823/6073/6 2818/8433/6 2816/8434/6
f 2829/3387/6 2827/8435/6 2825/8436/6
f 2823/6073/6 2816/8434/6 2771/8427/6
f 2823/6073/6 2771/8427/6 2772/8428/6
f 2825/8436/6 2823/6073/6 2772/8428/6
f 2825/8436/6 2772/8428/6 2776/8430/6
f 2786/8437/6 2830/8438/6 2829/3387/6
f 2829/3387/6 2825/8436/6 2776/8430/6
f 2777/3385/6 2780/8439/6 2784/3386/6
f 2829/3387/6 2776/8430/6 2777/3385/6
f 2784/3386/6 2786/8437/6 2829/3387/6
f 2885/3388/3 2884/8440/3 2882/3389/3
f 3386/8441/4 3339/8442/4 3295/8443/4
f 3295/8443/5 3335/8444/5 3336/8445/5
f 3295/8443/5 3336/8445/5 3417/8446/5
f 3389/8447/4 3386/8441/4 3295/8443/4
f 3464/4121/5 3450/4123/5 3389/8447/5
f 3463/4141/5 3464/4121/5 3389/8447/5
f 3389/8447/5 3295/8443/5 3417/8446/5
f 3418/8448/5 3381/8449/5 3377/8450/5
f 3463/4141/5 3389/8447/5 3417/8446/5
f 3418/8448/5 3377/8450/5 3376/8451/5
f 3463/4141/5 3417/8446/5 3418/8448/5
f 3467/4122/5 3480/8452/5 3479/3393/5
f 3463/4141/5 3418/8448/5 3376/8451/5
f 3479/3393/5 3463/4141/5 3376/8451/5
f 3376/8451/5 3587/8453/5 3634/3391/5
f 3634/3391/5 3704/8454/5 3710/8455/5
f 3710/8455/5 3640/4300/5 3589/4302/5
f 3590/4301/5 3592/8456/5 3481/3392/5
f 3634/3391/5 3710/8455/5 3589/4302/5
f 3589/4302/5 3590/4301/5 3481/3392/5
f 3481/3392/5 3508/8457/5 3467/4122/5
f 3479/3393/5 3376/8451/5 3634/3391/5
f 3481/3392/5 3467/4122/5 3479/3393/5
f 3634/3391/5 3589/4302/5 3481/3392/5
f 2637/8458/2 2814/8459/2 2809/3394/2
f 2809/3394/2 2743/8460/2 2680/8461/2
f 2809/3394/4 2680/8461/4 2661/8462/4
f 2588/3396/2 2637/8458/2 2809/3394/2
f 2477/8463/2 2478/8464/2 2588/3396/2
f 2633/3395/4 2587/8465/4 2477/8463/4
f 2809/3394/2 2661/8462/2 2654/8466/2
f 2633/3395/2 2477/8463/2 2588/3396/2
f 2809/3394/2 2654/8466/2 2633/3395/2
f 2835/3397/4 2836/8467/4 2789/3398/4
f 2839/3400/5 2838/8468/5 2837/3401/5
f 2797/3403/1 2843/8469/1 2842/3404/1
f 2829/3407/1 2830/8397/1 2883/3351/1
f 2883/3351/1 2882/8470/1 2828/3406/1
f 2800/3408/4 2802/8471/4 2768/3409/4
f 2768/3409/4 2798/8472/4 2799/3410/4
f 2845/3411/3 2844/8473/3 2842/3412/3
f 1797/558/1 2030/8474/1 2029/8475/1
f 1797/558/1 2029/8475/1 1931/8476/1
f 1879/3415/1 1779/556/1 1797/558/1
f 1797/558/1 1931/8476/1 1901/3414/1
f 2849/3416/3 2852/8477/3 2853/3417/3
f 2168/7397/4 2242/2414/4 2253/8478/4
f 2253/8478/2 2252/8479/2 2238/8480/2
f 2219/3424/2 2217/8481/2 2190/8482/2
f 2253/8478/2 2238/8480/2 2219/3424/2
f 2124/2415/4 2168/7397/4 2253/8478/4
f 2143/3425/2 2122/8483/2 2124/2415/2
f 2190/8482/2 2141/8484/2 2143/3425/2
f 2124/2415/2 2253/8478/2 2219/3424/2
f 2219/3424/2 2190/8482/2 2143/3425/2
f 3054/8485/4 3098/8486/4 3100/8487/4
f 3057/8488/4 3058/8489/4 3023/8490/4
f 3054/8485/4 3100/8487/4 3057/8488/4
f 3021/8491/4 3054/8485/4 3057/8488/4
f 3021/8491/4 3057/8488/4 3023/8490/4
f 2817/8492/4 2871/8493/4 2874/8494/4
f 2874/8494/4 3021/8491/4 3023/8490/4
f 3025/8495/4 3101/8496/4 3102/8497/4
f 2874/8494/4 3023/8490/4 3025/8495/4
f 2820/8498/4 2817/8492/4 2874/8494/4
f 2920/8499/4 2820/8498/4 2874/8494/4
f 2874/8494/4 3025/8495/4 3102/8497/4
f 2874/8494/4 3102/8497/4 3059/3426/4
f 2948/8500/4 2920/8499/4 2874/8494/4
f 2948/8500/4 2874/8494/4 3059/3426/4
f 2876/3427/4 2878/8501/4 2824/8502/4
f 2949/8503/4 2948/8500/4 3059/3426/4
f 2824/8502/4 2822/8504/4 2921/3428/4
f 2921/3428/4 2949/8503/4 3059/3426/4
f 2876/3427/4 2824/8502/4 2921/3428/4
f 2873/3429/3 2874/8505/3 2871/3430/3
f 2811/8506/3 2808/8507/3 2809/3432/3
f 2809/3432/3 2814/8508/3 2813/3433/3
f 2812/3434/3 2811/8506/3 2809/3432/3
f 2877/3435/3 2878/8509/3 2876/3436/3
f 3537/8510/4 3572/8511/4 3573/8512/4
f 3537/8510/4 3573/8512/4 3474/3439/4
f 3400/8513/4 3355/8514/4 3503/3438/4
f 3503/3438/4 3537/8510/4 3474/3439/4
f 3426/3440/4 3400/8513/4 3503/3438/4
f 2871/3441/3 2881/8515/3 2879/3442/3
f 2183/3444/4 2154/4104/4 2153/3445/4
f 2884/3403/4 2885/8516/4 2832/3447/4
f 2919/3449/3 2918/8517/3 2915/3450/3
f 2870/3452/6 2916/8518/6 2914/3453/6
f 2845/3455/1 2894/3448/1 2892/3456/1
f 2894/3458/3 2895/3616/3 2893/3459/3
f 2852/3461/1 2902/8519/1 2898/3462/1
f 2902/3464/3 2903/8520/3 2901/3465/3
f 2054/8521/5 2053/8522/5 2032/8523/5
f 1991/3468/5 1995/8524/5 1939/7239/5
f 2033/3467/5 2054/8521/5 2032/8523/5
f 1991/3468/5 1939/7239/5 1969/8525/5
f 2033/3467/5 2032/8523/5 1991/3468/5
f 1970/3469/5 1990/8526/5 2033/3467/5
f 1991/3468/2 1969/8525/2 1970/3469/2
f 2900/3470/3 2904/8527/3 2899/3471/3
f 2901/3473/3 2909/8528/3 2908/3474/3
f 3507/3478/1 3585/8529/1 3584/3476/1
f 3584/3476/1 3539/4682/1 3506/3477/1
f 2041/3479/4 2042/8530/4 1942/3480/4
f 3606/3482/3 3684/8531/3 3683/8532/3
f 3605/3483/3 3680/8533/3 3677/3484/3
f 3606/3482/3 3683/8532/3 3605/3483/3
f 887/3485/1 829/8534/1 820/3486/1
f 1094/8535/4 1187/8536/4 1142/8537/4
f 1094/8535/4 1142/8537/4 1119/8538/4
f 1061/8539/4 1094/8535/4 1119/8538/4
f 1061/8539/4 1119/8538/4 1096/8540/4
f 1040/8541/4 1061/8539/4 1096/8540/4
f 1040/8541/4 1096/8540/4 1064/8542/4
f 973/8543/4 972/8544/4 1002/3490/4
f 1002/3490/4 1040/8541/4 1064/8542/4
f 1002/3490/4 1064/8542/4 1041/3488/4
f 1004/3489/4 973/8543/4 1002/3490/4
f 2889/8545/5 2890/3844/5 2793/8546/5
f 2841/8547/5 2840/8548/5 2837/8549/5
f 2886/8550/5 2889/8545/5 2793/8546/5
f 3007/8551/5 2933/8552/5 2932/8553/5
f 2886/8550/5 2793/8546/5 2841/8547/5
f 3007/8551/5 2932/8553/5 2886/8550/5
f 3000/8554/5 3007/8551/5 2886/8550/5
f 2841/8547/5 2837/8549/5 2838/3491/5
f 3000/8554/5 2886/8550/5 2841/8547/5
f 3117/8555/5 3116/8556/5 3075/8557/5
f 3075/8557/2 3000/8554/2 2841/8547/2
f 3075/8557/5 2841/8547/5 2838/3491/5
f 3114/8558/5 3117/8555/5 3075/8557/5
f 2999/8559/5 3045/3815/5 3114/8558/5
f 2974/3493/5 3073/8560/5 2998/8561/5
f 2999/8559/5 3114/8558/5 3075/8557/5
f 2974/3493/5 2998/8561/5 2999/8559/5
f 2970/8200/5 2991/8562/5 2972/8563/5
f 2961/8201/5 2970/8200/5 2972/8563/5
f 2926/3500/5 2928/3101/5 2960/8202/5
f 2960/8202/5 2961/8201/5 2972/8563/5
f 2960/8202/5 2972/8563/5 2974/3493/5
f 2839/3492/5 2926/3500/5 2960/8202/5
f 2999/8559/5 3075/8557/5 2838/3491/5
f 2839/3492/5 2960/8202/5 2974/3493/5
f 2974/3493/5 2999/8559/5 2838/3491/5
f 2923/3494/5 2922/8564/5 2881/3495/5
f 2892/3497/2 2888/3574/2 2842/3498/2
f 2881/3502/1 2922/8565/1 2926/3503/1
f 2226/3507/2 2395/8566/2 2392/8567/2
f 2280/3505/2 2255/8568/2 2245/3506/2
f 2226/3507/2 2392/8567/2 2280/3505/2
f 2245/3506/2 2223/8569/2 2226/3507/2
f 705/3510/5 961/8570/5 960/8571/5
f 877/8572/2 863/8573/2 844/3508/2
f 705/3510/5 960/8571/5 877/8572/5
f 771/8574/5 667/8575/5 705/3510/5
f 786/8576/5 771/8574/5 705/3510/5
f 705/3510/5 877/8572/5 844/3508/5
f 831/3509/5 786/8576/5 705/3510/5
f 2016/3511/3 2015/8577/3 2010/3512/3
f 3010/3516/1 3011/8578/1 3081/8579/1
f 3084/3514/1 3083/8580/1 3009/3515/1
f 3010/3516/1 3081/8579/1 3084/3514/1
f 2926/3517/6 2922/8581/6 2923/3518/6
f 2956/3520/4 2957/2969/4 2946/3521/4
f 2875/8582/1 3026/8583/1 3024/8584/1
f 3022/8585/1 3053/8586/1 3056/8587/1
f 2875/8582/1 3024/8584/1 3022/8585/1
f 2823/3525/1 2877/8588/1 2875/8582/1
f 2819/6015/1 2818/1308/1 2823/3525/1
f 2821/8589/1 2819/6015/1 2823/3525/1
f 2823/3525/1 2875/8582/1 3022/8585/1
f 3056/8587/1 3096/8590/1 3099/3523/1
f 2823/3525/1 3022/8585/1 3056/8587/1
f 2919/3524/1 2821/8589/1 2823/3525/1
f 3099/3523/1 3055/6012/1 2919/3524/1
f 2823/3525/1 3056/8587/1 3099/3523/1
f 3643/3526/6 3644/8591/6 3655/3527/6
f 3655/3527/6 3721/7560/6 3641/2517/6
f 239/3530/1 384/8592/1 389/3528/1
f 364/3529/1 263/8593/1 239/3530/1
f 2910/3531/6 2913/8594/6 2865/3532/6
f 2985/8103/2 2924/2964/2 2927/2963/2
f 2951/8106/2 2953/8105/2 2955/8104/2
f 2985/8103/2 2927/2963/2 2951/8106/2
f 2988/8100/2 2985/8103/2 2951/8106/2
f 2951/8106/2 2955/8104/2 2977/8098/2
f 2977/8098/2 3014/8085/2 3008/8595/2
f 3004/3534/2 3120/8596/2 3113/3715/2
f 2977/8098/2 3008/8595/2 3004/3534/2
f 2988/8100/2 2951/8106/2 2977/8098/2
f 3111/3716/2 3110/8597/2 2997/3536/2
f 2997/3536/2 2988/8100/2 2977/8098/2
f 3004/3534/2 3113/3715/2 3074/3535/2
f 2997/3536/2 2977/8098/2 3004/3534/2
f 3074/3535/2 3111/3716/2 2997/3536/2
f 1115/3537/4 1057/8598/4 1056/3538/4
f 2969/3540/5 2968/8197/5 2958/3103/5
f 501/3544/1 562/8599/1 560/3542/1
f 529/3543/1 499/8600/1 501/3544/1
f 2459/3547/1 2492/8601/1 2526/3545/1
f 2526/3545/1 2522/8602/1 2490/3546/1
f 1030/3550/1 1032/8603/1 1102/3548/1
f 1102/3548/1 1130/8604/1 1134/3549/1
f 2973/3551/3 2975/8605/3 2974/3552/3
f 3410/3554/6 3362/8606/6 3361/3555/6
f 2212/3557/5 2236/8607/5 2187/3558/5
f 2607/3560/4 2608/8608/4 2565/3561/4
f 3353/3565/5 3348/8609/5 3346/3566/5
f 2094/3568/3 2092/2732/3 2093/3569/3
f 2888/3574/2 2892/3497/2 2930/3575/2
f 2991/3576/4 2992/8610/4 2973/3577/4
f 2986/3579/3 2989/8611/3 2993/8612/3
f 2992/3580/3 2991/8613/3 2970/3581/3
f 2986/3579/3 2993/8612/3 2992/3580/3
f 2970/3581/3 2971/8614/3 2986/3579/3
f 1349/3584/1 1399/8615/1 1401/8616/1
f 1352/3582/1 1275/8617/1 1278/3583/1
f 1349/3584/1 1401/8616/1 1352/3582/1
f 3002/3587/3 3005/8618/3 3011/8619/3
f 3010/3585/3 3009/8620/3 3007/8621/3
f 3002/3587/3 3011/8619/3 3010/3585/3
f 3000/3586/3 3001/8622/3 3002/3587/3
f 3010/3585/3 3007/8621/3 3000/3586/3
f 2166/8623/4 2274/8624/4 2275/8625/4
f 2166/8623/4 2275/8625/4 2167/3589/4
f 2119/8626/4 2117/8627/4 2157/3588/4
f 2157/3588/4 2166/8623/4 2167/3589/4
f 2158/3590/4 2119/8626/4 2157/3588/4
f 3413/3592/4 3446/8628/4 3586/3204/4
f 3586/3204/2 3585/8629/2 3507/3591/2
f 3507/3591/2 3369/8630/2 3370/802/2
f 3413/3592/2 3586/3204/2 3507/3591/2
f 2462/8631/5 2491/8632/5 2525/8633/5
f 2525/8633/5 2527/8634/5 2493/8635/5
f 2493/8635/5 2497/8636/5 2464/8637/5
f 2464/8637/5 2468/8638/5 2426/8639/5
f 2426/8639/5 2430/8640/5 2412/8641/5
f 2387/8642/5 2359/8643/5 2330/8644/5
f 2426/8639/5 2412/8641/5 2387/8642/5
f 2525/8633/5 2493/8635/5 2464/8637/5
f 2464/8637/5 2426/8639/5 2387/8642/5
f 2330/8644/5 2301/8645/5 2274/8646/5
f 2464/8637/5 2387/8642/5 2330/8644/5
f 2462/8631/5 2525/8633/5 2464/8637/5
f 2327/8647/5 2382/8648/5 2381/8649/5
f 2381/8649/5 2462/8631/5 2464/8637/5
f 2464/8637/5 2330/8644/5 2274/8646/5
f 2166/8650/5 2157/7681/5 2118/7680/5
f 2381/8649/5 2464/8637/5 2274/8646/5
f 2274/8646/5 2166/8650/5 2118/7680/5
f 2114/8651/5 2054/8521/5 2033/3467/5
f 2274/8646/5 2118/7680/5 2114/8651/5
f 2327/8647/5 2381/8649/5 2274/8646/5
f 2296/8652/5 2328/8653/5 2327/8647/5
f 2272/8654/5 2297/8655/5 2296/8652/5
f 2316/8656/5 2320/8657/5 2268/8658/5
f 2272/8654/17 2296/8652/17 2327/8647/17
f 2272/8654/5 2327/8647/5 2274/8646/5
f 2274/8646/5 2114/8651/5 2033/3467/5
f 2033/3467/5 2028/4828/5 2052/4825/5
f 2052/4825/5 2092/4824/5 2094/8659/5
f 2269/8660/5 2288/8661/5 2289/8662/5
f 2033/3467/5 2052/4825/5 2094/8659/5
f 2274/8646/5 2033/3467/5 2094/8659/5
f 2272/8654/5 2274/8646/5 2094/8659/5
f 2268/8658/5 2272/8654/5 2094/8659/5
f 2349/3595/5 2348/8663/5 2316/8656/5
f 2316/8656/5 2268/8658/5 2094/8659/5
f 2316/8656/5 2094/8659/5 2269/8660/5
f 2349/3595/5 2316/8656/5 2269/8660/5
f 2289/8662/5 2312/8664/5 2313/2789/5
f 2349/3595/5 2269/8660/5 2289/8662/5
f 2572/8665/5 2540/8666/5 2515/8667/5
f 2349/3595/5 2289/8662/5 2313/2789/5
f 2572/8665/5 2515/8667/5 2349/3595/5
f 2453/3594/5 2510/8668/5 2509/8669/5
f 2509/8669/5 2572/8665/5 2349/3595/5
f 2349/3595/5 2313/2789/5 2343/7885/5
f 2343/7885/5 2344/2788/5 2375/3593/5
f 2375/3593/5 2403/8670/5 2424/8671/5
f 2423/8672/5 2454/8673/5 2453/3594/5
f 2375/3593/5 2424/8671/5 2423/8672/5
f 2349/3595/5 2343/7885/5 2375/3593/5
f 2453/3594/5 2509/8669/5 2349/3595/5
f 2375/3593/5 2423/8672/5 2453/3594/5
f 3594/3596/1 3540/8674/1 3481/3597/1
f 579/4886/4 703/911/4 704/910/4
f 735/5465/4 750/8675/4 759/5510/4
f 564/1644/4 579/4886/4 704/910/4
f 735/5465/4 759/5510/4 761/5509/4
f 563/3601/4 564/1644/4 704/910/4
f 735/5465/4 761/5509/4 762/5505/4
f 563/3601/4 704/910/4 735/5465/4
f 580/4883/4 551/1645/4 563/3601/4
f 805/5507/4 684/8676/4 663/3600/4
f 663/3600/4 580/4883/4 563/3601/4
f 735/5465/4 762/5505/4 751/5504/4
f 753/3599/4 764/5503/4 805/5507/4
f 563/3601/4 735/5465/4 751/5504/4
f 753/3599/4 805/5507/4 663/3600/4
f 563/3601/4 751/5504/4 753/3599/4
f 3028/3602/5 3031/8677/5 2986/3603/5
f 3031/3605/4 3033/8678/4 2989/3606/4
f 3032/3608/3 3033/8679/3 3031/3609/3
f 3064/3611/4 3065/8680/4 3032/8681/4
f 3028/3612/4 2971/8682/4 2970/3613/4
f 3064/3611/4 3032/8681/4 3028/3612/4
f 2970/3613/4 3063/8683/4 3064/3611/4
f 3037/3614/3 3041/4163/3 3039/3615/3
f 2996/3617/2 3044/8684/2 3043/3618/2
f 2995/3620/1 3043/8685/1 3038/3621/1
f 3043/3185/3 3044/3184/3 3042/3623/3
f 2293/3627/3 2300/8686/3 2299/3625/3
f 2295/3626/3 2292/8687/3 2293/3627/3
f 3001/3630/2 3046/8688/2 3076/3628/2
f 3076/3628/5 3077/8689/5 3002/3629/5
f 3048/8690/4 3005/8691/4 3002/8692/4
f 3077/3632/4 3116/8693/4 3117/8694/4
f 3048/8690/4 3002/8692/4 3077/3632/4
f 3301/8695/4 3302/8696/4 3183/3631/4
f 3183/3631/4 3048/8690/4 3077/3632/4
f 3077/3632/4 3117/8694/4 3118/3633/4
f 3118/3633/4 3301/8695/4 3183/3631/4
f 3029/3634/3 3036/8697/3 3030/3635/3
f 3030/3635/3 3034/8698/3 3035/3636/3
f 2572/3637/1 2509/8699/1 2511/3638/1
f 2964/2923/1 3093/8700/1 3092/3640/1
f 3092/3640/1 3050/8046/1 2963/2924/1
f 1356/6580/5 1381/3571/5 1420/3573/5
f 1354/1608/5 1356/6580/5 1420/3573/5
f 1327/7747/5 1353/1768/5 1338/1606/5
f 1328/6302/5 1327/7747/5 1338/1606/5
f 1306/1576/5 1316/1575/5 1328/6302/5
f 1341/6304/5 1332/6303/5 1306/1576/5
f 1358/4620/5 1341/6304/5 1306/1576/5
f 1306/1576/5 1328/6302/5 1338/1606/5
f 1306/1576/5 1338/1606/5 1354/1608/5
f 1371/4621/4 1358/4620/4 1306/1576/4
f 1386/1489/5 1372/103/5 1371/4621/5
f 1432/6310/5 1386/1489/5 1371/4621/5
f 1371/4621/5 1306/1576/5 1354/1608/5
f 1371/4621/5 1354/1608/5 1420/3573/5
f 1432/6310/5 1371/4621/5 1420/3573/5
f 1432/6310/5 1420/3573/5 1430/3641/5
f 1490/8701/5 1515/6308/5 1475/6311/5
f 1456/8702/5 1502/8703/5 1490/8701/5
f 1456/8702/5 1490/8701/5 1475/6311/5
f 1475/6311/5 1432/6310/5 1430/3641/5
f 1429/7745/5 1427/7744/5 1441/7743/5
f 1456/8702/5 1475/6311/5 1430/3641/5
f 1455/8704/5 1456/8702/5 1430/3641/5
f 1430/3641/5 1429/7745/5 1441/7743/5
f 1441/7743/5 1464/7742/5 1482/1724/5
f 1482/1724/5 1483/1726/5 1465/3642/5
f 1465/3642/5 1467/8705/5 1453/8706/5
f 1453/8706/5 1455/8704/5 1430/3641/5
f 1430/3641/5 1441/7743/5 1482/1724/5
f 1465/3642/5 1453/8706/5 1430/3641/5
f 3405/3643/4 3406/8707/4 3364/3644/4
f 3364/3644/4 3363/8248/4 3362/3645/4
f 3362/3645/4 3403/8247/4 3405/3643/4
f 3052/3646/5 3053/8708/5 3022/3647/5
f 1805/3649/2 1674/8709/2 1655/5870/2
f 1655/5870/2 1656/5869/2 1676/5871/2
f 1655/5870/2 1676/5871/2 1752/8710/2
f 1851/5052/4 1819/8711/4 1805/3649/4
f 1805/3649/2 1655/5870/2 1752/8710/2
f 1766/8712/2 1768/8713/2 1822/3650/2
f 1805/3649/2 1752/8710/2 1766/8712/2
f 1852/5053/2 1851/5052/2 1805/3649/2
f 1820/2156/2 1852/5053/2 1805/3649/2
f 1805/3649/2 1766/8712/2 1822/3650/2
f 1821/3651/2 1820/2156/2 1805/3649/2
f 3022/3652/6 3024/8714/6 3020/3653/6
f 1134/8715/5 1149/8716/5 1170/8717/5
f 1170/8717/5 1202/8718/5 1204/2580/5
f 1203/2579/5 1237/7717/5 1236/8719/5
f 1170/8717/5 1204/2580/5 1203/2579/5
f 1134/8715/5 1170/8717/5 1203/2579/5
f 1203/2579/5 1236/8719/5 1205/8720/5
f 1205/8720/5 1209/8721/5 1171/8722/5
f 1175/8723/5 1217/8724/5 1216/3655/5
f 1203/2579/5 1205/8720/5 1171/8722/5
f 1134/8715/5 1203/2579/5 1171/8722/5
f 1010/8725/5 1028/1273/5 1030/1275/5
f 1030/1275/5 1134/8715/5 1171/8722/5
f 1030/1275/5 1171/8722/5 1175/8723/5
f 994/5944/5 1010/8725/5 1030/1275/5
f 1029/5946/5 1012/5945/5 994/5944/5
f 1029/5946/5 994/5944/5 1030/1275/5
f 1030/1275/5 1175/8723/5 1216/3655/5
f 1216/3655/5 1244/8726/5 1243/8727/5
f 1243/8727/5 1267/8728/5 1271/1527/5
f 1271/1527/5 1250/1526/5 1249/8729/5
f 1223/8730/5 1222/8731/5 1180/8732/5
f 1271/1527/5 1249/8729/5 1223/8730/5
f 1216/3655/5 1243/8727/5 1271/1527/5
f 1029/5946/5 1030/1275/5 1216/3655/5
f 1031/5947/5 1029/5946/5 1216/3655/5
f 1216/3655/5 1271/1527/5 1223/8730/5
f 1180/8732/5 1179/8733/5 1156/8734/5
f 1216/3655/5 1223/8730/5 1180/8732/5
f 1014/5949/5 1031/5947/5 1216/3655/5
f 940/5951/5 996/5950/5 1014/5949/5
f 1056/8735/2 1013/8736/2 998/3657/2
f 998/3657/5 940/5951/5 1014/5949/5
f 1216/3655/5 1180/8732/5 1156/8734/5
f 1156/8734/5 1138/8737/5 1114/3656/5
f 1114/3656/5 1056/8735/5 998/3657/5
f 998/3657/5 1014/5949/5 1216/3655/5
f 1216/3655/5 1156/8734/5 1114/3656/5
f 3425/3658/2 3423/8738/2 3391/3659/2
f 3021/3661/1 3054/8739/1 3060/3662/1
f 3061/3664/3 3065/8740/3 3064/3665/3
f 3652/3667/5 3650/8741/5 3734/3668/5
f 3734/3668/5 3546/8742/5 3545/3669/5
f 2824/3670/2 2878/8743/2 2877/3671/2
f 2877/3671/2 2823/8744/2 2825/3672/2
f 72/3675/4 95/8745/4 133/8746/4
f 133/8746/4 135/8747/4 96/3673/4
f 96/3673/4 97/8748/4 73/8749/4
f 73/8749/4 74/4576/4 29/3674/4
f 29/3674/4 16/47/4 28/8750/4
f 72/3675/4 133/8746/4 96/3673/4
f 29/3674/4 28/8750/4 72/3675/4
f 96/3673/4 73/8749/4 29/3674/4
f 3068/3676/4 3069/8751/4 3036/8752/4
f 3029/3677/4 3035/8753/4 3067/3678/4
f 3068/3676/4 3036/8752/4 3029/3677/4
f 3293/3681/2 3292/8754/2 3247/8755/2
f 3252/8756/2 3170/8757/2 3169/8758/2
f 3293/3681/2 3247/8755/2 3252/8756/2
f 3038/3680/2 3042/8759/2 3293/3681/2
f 2990/8760/2 2994/8761/2 3038/3680/2
f 3067/8762/2 3035/8763/2 3034/8764/2
f 3034/8764/2 2990/8760/2 3038/3680/2
f 3252/8756/2 3169/8758/2 3172/3780/2
f 3252/8756/2 3172/3780/2 3173/8765/2
f 3067/8762/2 3034/8764/2 3038/3680/2
f 3107/3679/2 3105/3781/2 3071/8766/2
f 3071/8766/2 3067/8762/2 3038/3680/2
f 3293/3681/2 3252/8756/2 3173/8765/2
f 3107/3679/2 3071/8766/2 3038/3680/2
f 3293/3681/2 3173/8765/2 3107/3679/2
f 1534/3687/1 1520/8767/1 1521/3685/1
f 1521/3685/1 1536/8768/1 1535/3686/1
f 1541/3688/1 1512/8769/1 1482/3689/1
f 2978/8770/1 2980/8771/1 3018/8772/1
f 3018/8772/1 2982/8773/1 2935/8774/1
f 3018/8772/1 2935/8774/1 2938/8775/1
f 3188/8776/1 2978/8770/1 3018/8772/1
f 3135/8777/1 3189/8778/1 3188/8776/1
f 3088/8779/1 3136/8780/1 3135/8777/1
f 3088/8779/1 3135/8777/1 3188/8776/1
f 3088/8779/1 3188/8776/1 3018/8772/1
f 3090/8781/1 3088/8779/1 3018/8772/1
f 3090/8781/1 3018/8772/1 2938/8775/1
f 3195/8782/1 3196/8783/1 3139/8784/1
f 3193/8785/1 3195/8782/1 3139/8784/1
f 3016/8786/1 3193/8785/1 3139/8784/1
f 3016/8786/1 3139/8784/1 3090/8781/1
f 2979/8787/1 3016/8786/1 3090/8781/1
f 2979/8787/1 3090/8781/1 2938/8775/1
f 2857/8788/1 2901/8789/1 2907/8790/1
f 2907/8790/1 2979/8787/1 2938/8775/1
f 2864/3691/1 2862/8791/1 2812/8792/1
f 2907/8790/1 2938/8775/1 2864/3691/1
f 2855/3693/1 2857/8788/1 2907/8790/1
f 2813/3692/1 2814/8793/1 2855/3693/1
f 2864/3691/1 2812/8792/1 2813/3692/1
f 2855/3693/1 2907/8790/1 2864/3691/1
f 910/3694/4 913/8794/4 866/3695/4
f 3350/3697/5 3308/8795/5 3303/3698/5
f 3056/3700/6 3053/8796/6 3052/3701/6
f 2873/8797/5 3055/8798/5 3099/3703/5
f 3099/3703/5 3143/8799/5 3142/8800/5
f 3099/3703/5 3142/8800/5 3098/8801/5
f 2874/3705/5 2873/8797/5 3099/3703/5
f 3054/3704/4 3021/8802/4 2874/3705/4
f 3099/3703/5 3098/8801/5 3054/3704/5
f 3125/3706/1 3127/8803/1 3228/3707/1
f 3228/3707/1 3231/8804/1 3133/3708/1
f 3133/3708/1 3124/8805/1 3125/3706/1
f 3062/3709/1 3103/8806/1 3102/3710/1
f 3142/8807/1 3200/8808/1 3199/8809/1
f 3150/3712/1 3149/8810/1 3060/3713/1
f 3142/8807/1 3199/8809/1 3150/3712/1
f 3060/3713/1 3054/8811/1 3098/3714/1
f 3098/3714/1 3142/8807/1 3150/3712/1
f 3143/3719/1 3099/3523/1 3096/8590/1
f 3097/3717/1 3024/8584/1 3026/8583/1
f 3143/3719/1 3096/8590/1 3097/3717/1
f 3097/3717/1 3026/8583/1 3146/3718/1
f 3116/3720/6 3077/8812/6 3076/3721/6
f 3115/3723/3 3118/8813/3 3117/3724/3
f 3113/3726/3 3120/3732/3 3119/3727/3
f 3126/3729/5 3125/8814/5 3124/3730/5
f 3121/3732/3 3127/3893/3 3125/3733/3
f 3132/3734/2 3131/8815/2 3130/3729/2
f 3129/3735/1 3130/8816/1 3122/3736/1
f 3068/3740/6 3067/8817/6 3071/3738/6
f 3071/3738/6 3106/8818/6 3069/3739/6
f 3130/3741/3 3131/8819/3 3128/3742/3
f 3085/8820/5 3235/8821/5 3240/8822/5
f 3187/8823/5 3193/8824/5 3016/8825/5
f 3085/8820/5 3240/8822/5 3187/8823/5
f 3086/8826/5 3085/8820/5 3187/8823/5
f 3187/8823/5 3016/8825/5 2979/8827/5
f 2979/8827/5 2907/8828/5 2896/8829/5
f 2896/8829/5 2851/8830/5 2847/8831/5
f 2896/8829/5 2847/8831/5 2897/8832/5
f 3086/8826/5 3187/8823/5 2979/8827/5
f 3017/8833/5 3086/8826/5 2979/8827/5
f 2979/8827/5 2896/8829/5 2897/8832/5
f 2891/3744/5 2887/8834/5 2931/3745/5
f 2979/8827/5 2897/8832/5 2891/3744/5
f 2976/8835/5 3017/8833/5 2979/8827/5
f 2929/8836/5 2952/8837/5 2954/3746/5
f 2954/3746/5 2976/8835/5 2979/8827/5
f 2931/3745/5 2929/8836/5 2954/3746/5
f 2954/3746/5 2979/8827/5 2891/3744/5
f 1099/3165/5 1102/3164/5 1032/8838/5
f 1099/3165/5 1032/8838/5 1054/8839/5
f 1086/5867/5 1100/8259/5 1099/3165/5
f 1051/1207/5 1086/5867/5 1099/3165/5
f 1099/3165/5 1054/8839/5 1027/8840/5
f 965/8841/5 992/8842/5 991/8843/5
f 1099/3165/5 1027/8840/5 965/8841/5
f 1051/1207/5 1099/3165/5 965/8841/5
f 965/8841/5 991/8843/5 867/1051/5
f 867/1051/5 853/1050/5 840/1069/5
f 840/1069/5 848/8844/5 851/8845/5
f 909/3747/5 903/8846/5 939/5865/5
f 867/1051/5 840/1069/5 851/8845/5
f 909/3747/5 939/5865/5 964/5864/5
f 867/1051/5 851/8845/5 909/3747/5
f 1051/1207/5 965/8841/5 867/1051/5
f 909/3747/5 964/5864/5 1008/3748/5
f 1008/3748/5 1051/1207/5 867/1051/5
f 1603/3749/5 1623/6869/5 1593/3750/5
f 3013/3753/1 3015/8847/1 3087/8848/1
f 3085/3751/1 3082/8849/1 3012/3752/1
f 3013/3753/1 3087/8848/1 3085/3751/1
f 576/3756/2 619/8850/2 701/8851/2
f 701/8851/5 703/8852/5 579/3754/5
f 579/3754/5 543/8853/5 517/3755/5
f 576/3756/5 701/8851/5 579/3754/5
f 3093/3757/6 3091/8854/6 3089/3758/6
f 3150/3760/3 3151/8855/3 3148/3761/3
f 2642/3763/1 2640/8856/1 2573/3764/1
f 1915/8857/4 1974/5284/4 1975/8858/4
f 1915/8857/4 1975/8858/4 1916/8859/4
f 1884/8860/4 1915/8857/4 1916/8859/4
f 1885/3766/4 1558/8861/4 1557/8862/4
f 1884/8860/4 1916/8859/4 1885/3766/4
f 1851/8863/4 1884/8860/4 1885/3766/4
f 1885/3766/4 1557/8862/4 1624/8864/4
f 1885/3766/4 1624/8864/4 1632/8865/4
f 1819/8866/4 1851/8863/4 1885/3766/4
f 1805/8867/4 1819/8866/4 1885/3766/4
f 1885/3766/4 1632/8865/4 1655/3767/4
f 1674/3768/4 1805/8867/4 1885/3766/4
f 2516/3769/4 2350/8868/4 2349/3770/4
f 3160/3771/3 3161/8869/3 3159/3772/3
f 51/3774/5 71/8870/5 72/8871/5
f 72/8871/5 28/8872/5 8/8873/5
f 8/8873/5 7/8874/5 1/3775/5
f 1/3775/5 41/8875/5 40/8876/5
f 1/3775/5 40/8876/5 19/8877/5
f 51/3774/5 72/8871/5 8/8873/5
f 25/3776/5 49/8878/5 51/3774/5
f 1/3775/5 19/8877/5 25/3776/5
f 51/3774/5 8/8873/5 1/3775/5
f 3164/3777/3 3165/8879/3 3171/3778/3
f 3171/3778/3 3169/8880/3 3170/3779/3
f 3107/3679/2 3173/8765/2 3172/3780/2
f 1497/8881/1 1513/8882/1 1525/3782/1
f 1525/3782/1 1544/8883/1 1539/3783/1
f 1524/3784/1 1497/8881/1 1525/3782/1
f 3108/3785/1 3174/8884/1 3176/3786/1
f 3411/8885/1 3582/8886/1 3587/8887/1
f 3376/3788/1 3375/8888/1 3374/8889/1
f 3411/8885/1 3587/8887/1 3376/3788/1
f 3321/8890/1 3313/1180/1 3314/3790/1
f 3314/3790/1 3411/8885/1 3376/3788/1
f 3376/3788/1 3374/8889/1 3324/3789/1
f 3324/3789/1 3321/8890/1 3314/3790/1
f 3259/8891/2 3359/8892/2 3398/8893/2
f 3392/8894/2 3342/3848/2 3258/8895/2
f 3259/8891/2 3398/8893/2 3392/8894/2
f 3227/8896/2 3261/8897/2 3260/3793/2
f 3259/8891/2 3392/8894/2 3258/8895/2
f 3182/8898/2 3227/8896/2 3260/3793/2
f 3260/3793/2 3259/8891/2 3258/8895/2
f 3260/3793/2 3258/8895/2 3223/8899/2
f 3113/3792/4 3182/8898/4 3260/3793/4
f 3177/8900/2 3110/8901/2 3113/3792/2
f 3260/3793/2 3223/8899/2 3178/3791/2
f 3178/3791/2 3177/8900/2 3113/3792/2
f 3358/3794/4 3397/8902/4 3398/3795/4
f 3398/3795/4 3359/8903/4 3357/3796/4
f 2618/3797/3 2615/2511/3 2614/2510/3
f 3181/3799/4 3182/8904/4 3113/3800/4
f 3119/3802/2 3185/8905/2 3181/3803/2
f 3183/3805/5 3302/8906/5 3305/8907/5
f 3305/8907/5 3266/8908/5 3262/8909/5
f 3262/8909/5 3233/8910/5 3228/8250/5
f 3305/8907/5 3262/8909/5 3228/8250/5
f 3080/5897/5 3049/1228/5 3048/5896/5
f 3078/3806/5 3080/5897/5 3048/5896/5
f 3183/3805/5 3305/8907/5 3228/8250/5
f 3183/3805/5 3228/8250/5 3186/3139/5
f 3078/3806/5 3048/5896/5 3183/3805/5
f 3183/3805/5 3186/3139/5 3121/3141/5
f 392/3809/3 403/8911/3 402/8912/3
f 400/8913/3 399/8914/3 396/3807/3
f 392/3809/3 402/8912/3 400/8913/3
f 386/8915/3 388/8916/3 392/3809/3
f 396/3807/3 395/8917/3 391/3808/3
f 391/3808/3 386/8915/3 392/3809/3
f 392/3809/3 400/8913/3 396/3807/3
f 1579/8918/2 1598/4078/2 1597/8919/2
f 1597/8919/2 1511/6654/2 1480/3811/2
f 1452/6653/2 1440/6652/2 1481/3812/2
f 1579/8918/2 1597/8919/2 1480/3811/2
f 1480/3811/2 1452/6653/2 1481/3812/2
f 1481/3812/2 1523/6651/2 1538/5638/2
f 1481/3812/2 1538/5638/2 1554/5637/2
f 1568/3810/2 1579/8918/2 1480/3811/2
f 1481/3812/2 1554/5637/2 1568/3810/2
f 1300/3814/4 1388/5788/4 1389/5790/4
f 1397/5789/4 1435/5791/4 1421/1128/4
f 1389/5790/4 1397/5789/4 1421/1128/4
f 1418/5786/4 1398/5785/4 1312/8920/4
f 1389/5790/4 1421/1128/4 1418/5786/4
f 1230/8921/4 1299/8922/4 1300/3814/4
f 1300/3814/4 1389/5790/4 1418/5786/4
f 1312/8920/4 1313/8923/4 1231/8924/4
f 1300/3814/4 1418/5786/4 1312/8920/4
f 1141/6026/4 1230/8921/4 1300/3814/4
f 1145/6025/4 1121/1330/4 1144/1329/4
f 1144/1329/4 1141/6026/4 1300/3814/4
f 1300/3814/4 1312/8920/4 1231/8924/4
f 1188/3813/4 1145/6025/4 1144/1329/4
f 1300/3814/4 1231/8924/4 1188/3813/4
f 3045/3815/5 2999/8559/5 2998/8561/5
f 2998/8561/5 3073/8560/5 3109/3816/5
f 3109/3816/5 3176/7054/5 3175/3817/5
f 3175/3817/5 3179/7053/5 3114/8558/5
f 3045/3815/5 2998/8561/5 3109/3816/5
f 3175/3817/5 3114/8558/5 3045/3815/5
f 2857/3818/4 2901/8925/4 2903/3376/4
f 2903/3376/4 2858/8417/4 2856/3819/4
f 3199/3820/5 3198/8926/5 3151/3821/5
f 3152/3823/2 3201/8927/2 3200/3824/2
f 3286/3826/2 3285/8928/2 3145/3827/2
f 3159/3829/2 3205/8929/2 3204/3830/2
f 3151/3832/1 3198/8930/1 3206/3833/1
f 3153/3835/1 3209/8931/1 3201/3836/1
f 3161/3838/1 3217/8932/1 3205/3839/1
f 1735/3841/6 1736/8933/6 1731/8934/6
f 1731/8934/6 1733/8935/6 1725/8936/6
f 1725/8936/6 1682/8937/6 1678/8938/6
f 1725/8936/6 1678/8938/6 1684/8939/6
f 1735/3841/6 1731/8934/6 1725/8936/6
f 1686/8940/6 1685/5548/6 1734/1613/6
f 1689/8941/6 1686/8940/6 1734/1613/6
f 1725/8936/6 1684/8939/6 1688/3842/6
f 1688/3842/6 1687/8942/6 1690/3843/6
f 1690/3843/6 1689/8941/6 1734/1613/6
f 1735/3841/18 1725/8936/18 1688/3842/18
f 1690/3843/6 1734/1613/6 1735/3841/6
f 2840/8548/5 2841/8547/5 2793/8546/5
f 2834/7107/5 2840/8548/5 2793/8546/5
f 2790/7112/5 2787/2107/5 2834/7107/5
f 2714/8943/4 2716/7113/4 2790/7112/4
f 2715/3273/5 2687/3275/5 2714/8943/5
f 2762/8944/5 2761/8945/5 2725/8352/5
f 2715/3273/5 2714/8943/5 2790/7112/5
f 2762/8944/5 2725/8352/5 2715/3273/5
f 2799/3845/5 2798/8946/5 2762/8944/5
f 2860/3419/5 2854/3418/5 2799/3845/5
f 2905/8947/5 2899/8948/5 2860/3419/5
f 3133/8949/5 3231/8950/5 3241/8951/5
f 3083/8952/5 3133/8949/5 3241/8951/5
f 2905/8947/5 2860/3419/5 2799/3845/5
f 3083/8952/5 3241/8951/5 2905/8947/5
f 2933/8552/5 3007/8551/5 3009/8953/5
f 3009/8953/5 3083/8952/5 2905/8947/5
f 2799/3845/5 2762/8944/5 2715/3273/5
f 2933/8552/5 3009/8953/5 2905/8947/5
f 2886/8550/5 2932/8553/5 2933/8552/5
f 2889/8545/5 2886/8550/5 2933/8552/5
f 2933/8552/5 2905/8947/5 2799/3845/5
f 2790/7112/5 2834/7107/5 2793/8546/5
f 2890/3844/5 2889/8545/5 2933/8552/5
f 2715/3273/5 2790/7112/5 2793/8546/5
f 2890/3844/5 2933/8552/5 2799/3845/5
f 2715/3273/5 2793/8546/5 2890/3844/5
f 3392/8894/2 3441/5562/2 3422/3846/2
f 3422/3846/2 3438/5570/2 3437/5572/2
f 3437/5572/2 3388/8954/2 3299/3847/2
f 3299/3847/2 3256/8955/2 3177/8900/2
f 3177/8900/2 3178/3791/2 3223/8899/2
f 3177/8900/2 3223/8899/2 3258/8895/2
f 3422/3846/2 3437/5572/2 3299/3847/2
f 3299/3847/2 3177/8900/2 3258/8895/2
f 3342/3848/2 3392/8894/2 3422/3846/2
f 3299/3847/2 3258/8895/2 3342/3848/2
f 3185/3665/6 3227/8956/6 3182/3849/6
f 3237/3850/3 3238/8957/3 3242/8958/3
f 3231/3852/3 3228/8959/3 3233/8960/3
f 3231/3852/3 3233/8960/3 3232/8961/3
f 3237/3850/3 3242/8958/3 3241/3851/3
f 3231/3852/3 3232/8961/3 3237/3850/3
f 3207/8962/3 3219/8963/3 3218/8964/3
f 3218/8964/3 3206/8965/3 3198/3854/3
f 3198/3854/3 3199/8966/3 3200/8967/3
f 3201/3855/3 3209/8968/3 3210/8969/3
f 3198/3854/3 3200/8967/3 3201/3855/3
f 3207/8962/3 3218/8964/3 3198/3854/3
f 3201/3855/3 3210/8969/3 3208/3853/3
f 3208/3853/3 3207/8962/3 3198/3854/3
f 2751/3856/6 2747/8970/6 2746/3857/6
f 2746/3857/6 2781/8971/6 2750/3858/6
f 3163/3859/3 3167/8972/3 3168/3860/3
f 3168/3860/3 3166/8973/3 3162/3861/3
f 2806/3862/6 2759/8974/6 2758/8975/6
f 2766/3863/6 2765/8976/6 2769/3864/6
f 2806/3862/6 2758/8975/6 2766/3863/6
f 831/8977/1 844/7415/1 836/2433/1
f 836/2433/1 835/7414/1 826/8978/1
f 836/2433/1 826/8978/1 810/8979/1
f 786/8980/1 831/8977/1 836/2433/1
f 771/8981/1 786/8980/1 836/2433/1
f 771/8981/1 836/2433/1 810/8979/1
f 667/7003/1 771/8981/1 810/8979/1
f 667/7003/1 810/8979/1 787/8982/1
f 633/2059/1 667/7003/1 787/8982/1
f 784/3865/1 783/8983/1 738/8984/1
f 633/2059/1 787/8982/1 784/3865/1
f 565/6989/1 582/6990/1 601/2060/1
f 601/2060/1 633/2059/1 784/3865/1
f 784/3865/1 738/8984/1 707/3866/1
f 707/3866/1 565/6989/1 601/2060/1
f 1887/3869/1 2013/8985/1 2017/3867/1
f 2017/3867/1 1840/8986/1 1842/3868/1
f 3215/3870/2 3247/8987/2 3246/3871/2
f 3246/3873/3 3247/8988/3 3214/3874/3
f 3249/3876/5 3248/8989/5 3219/132/5
f 3250/3878/3 3251/8990/3 3248/3879/3
f 3221/3881/2 3254/8991/2 3253/3876/2
f 3216/3882/1 3253/8992/1 3247/3883/1
f 3296/369/1 3293/8993/1 3042/8994/1
f 3044/8995/1 2996/8996/1 2997/3885/1
f 3296/369/1 3042/8994/1 3044/8995/1
f 3256/8997/1 3298/8998/1 3296/369/1
f 3177/8999/1 3256/8997/1 3296/369/1
f 3296/369/1 3044/8995/1 2997/3885/1
f 3110/3886/1 3177/8999/1 3296/369/1
f 3253/3887/3 3254/9000/3 3252/3888/3
f 1782/9001/4 1798/9002/4 1799/3891/4
f 1799/3891/4 1670/9003/4 1651/3892/4
f 1715/3890/4 1782/9001/4 1799/3891/4
f 3260/3893/3 3261/9004/3 3226/3894/3
f 3265/3895/5 3264/9005/5 3237/3896/5
f 3232/9006/6 3237/9007/6 3238/3898/6
f 3239/3899/6 3229/8144/6 3228/9008/6
f 3233/3900/6 3232/9006/6 3238/3898/6
f 3239/3899/6 3228/9008/6 3233/3900/6
f 3262/3901/3 3266/9009/3 3264/3902/3
f 3240/3904/2 3271/9010/2 3270/3905/2
f 3235/3907/1 3270/9011/1 3263/3908/1
f 3270/3910/3 3271/9012/3 3269/3911/3
f 3211/3913/5 3288/9013/5 3287/3914/5
f 3287/3914/5 3212/9014/5 3210/3915/5
f 3210/3915/5 3209/9015/5 3211/3913/5
f 3154/3918/1 3282/9016/1 3288/3916/1
f 3211/3917/1 3153/9017/1 3154/3918/1
f 2048/9018/4 2198/9019/4 2199/9020/4
f 2048/9018/4 2199/9020/4 2020/9021/4
f 1871/9022/4 2048/9018/4 2020/9021/4
f 1871/9022/4 2020/9021/4 1951/9023/4
f 1828/9024/4 1871/9022/4 1951/9023/4
f 1828/9024/4 1951/9023/4 1825/9025/4
f 1824/9026/4 1828/9024/4 1825/9025/4
f 1808/3919/4 1733/9027/4 1731/9028/4
f 1824/9026/4 1825/9025/4 1808/3919/4
f 1807/9029/4 1824/9026/4 1808/3919/4
f 1808/3919/4 1731/9028/4 1732/3920/4
f 1786/3921/4 1807/9029/4 1808/3919/4
f 3168/9030/5 3167/9031/5 3220/9032/5
f 3220/9032/5 3251/2336/5 3276/7329/5
f 3275/9033/5 3277/9034/5 3255/9035/5
f 3220/9032/5 3276/7329/5 3275/9033/5
f 3168/9030/5 3220/9032/5 3275/9033/5
f 3275/9033/5 3255/9035/5 3174/9036/5
f 3108/9037/5 3072/3683/5 3037/3682/5
f 3275/9033/5 3174/9036/5 3108/9037/5
f 3070/3923/5 3168/9030/5 3275/9033/5
f 3032/9038/5 3065/9039/5 3070/3923/5
f 2993/9040/5 2989/9041/5 3033/3922/5
f 3033/3922/5 3032/9038/5 3070/3923/5
f 3070/3923/5 3275/9033/5 3108/9037/5
f 3037/3682/5 2993/9040/5 3033/3922/5
f 3070/3923/5 3108/9037/5 3037/3682/5
f 3299/3847/2 3388/8954/2 3380/9042/2
f 3380/9042/2 3379/9043/2 3333/3924/2
f 3333/3924/2 3332/9044/2 3298/3925/2
f 3298/3925/2 3256/8955/2 3299/3847/2
f 3299/3847/2 3380/9042/2 3333/3924/2
f 3257/3926/4 3259/9045/4 3260/3927/4
f 3382/3931/5 3334/9046/5 3329/9047/5
f 3330/3929/5 3374/9048/5 3375/3930/5
f 3382/3931/5 3329/9047/5 3330/3929/5
f 3140/3932/3 3137/9049/3 3138/3933/3
f 3257/3934/2 3225/9050/2 3226/3935/2
f 3280/3937/6 3272/9051/6 3268/3938/6
f 1778/3942/4 2028/2042/4 2029/2041/4
f 1778/3942/4 2029/2041/4 1931/9052/4
f 1879/3941/4 1779/9053/4 1778/3942/4
f 1778/3942/4 1931/9052/4 1901/3940/4
f 3284/3945/1 3283/9054/1 3144/3943/1
f 3144/3943/1 3145/7119/1 3285/3944/1
f 3208/9055/1 3210/9056/1 3212/3946/1
f 3212/3946/1 3287/9057/1 3291/9058/1
f 3250/3947/1 3249/9059/1 3207/3948/1
f 3212/3946/1 3291/9058/1 3250/3947/1
f 3207/3948/1 3208/9055/1 3212/3946/1
f 3596/3949/3 3598/9060/3 3602/3950/3
f 3602/3950/3 3601/9061/3 3546/3951/3
f 2779/3952/1 2663/9062/1 2666/3953/1
f 1865/3956/1 1882/9063/1 1913/3954/1
f 1913/3954/1 1910/9064/1 1862/3955/1
f 2943/3759/6 2912/3758/6 2911/1681/6
f 3542/9065/4 3541/9066/4 3657/9067/4
f 3658/3957/4 3732/9068/4 3733/3958/4
f 3595/3959/4 3542/9065/4 3657/9067/4
f 3733/3958/4 3543/9069/4 3595/3959/4
f 3595/3959/4 3657/9067/4 3658/3957/4
f 3311/3960/2 3310/9070/2 3307/3961/2
f 3281/3963/6 3311/9071/6 3279/3964/6
f 260/3966/6 277/9072/6 273/3967/6
f 3318/3969/1 3317/4688/1 3315/168/1
f 3319/3971/2 3320/9073/2 3317/3972/2
f 3324/3974/5 3323/9074/5 3322/3975/5
f 2397/9075/5 2396/9076/5 2443/9077/5
f 2398/9078/5 2397/9075/5 2443/9077/5
f 2451/9079/5 2425/9080/5 2416/9081/5
f 2416/9081/5 2398/9078/5 2443/9077/5
f 2416/9081/5 2443/9077/5 2442/9082/5
f 2507/9083/5 2455/9084/5 2451/9079/5
f 2451/9079/5 2416/9081/5 2442/9082/5
f 2483/9085/4 2538/9086/4 2664/9087/4
f 2451/9079/5 2442/9082/5 2483/9085/5
f 2570/9088/5 2511/9089/5 2507/9083/5
f 2507/9083/5 2451/9079/5 2483/9085/5
f 2483/9085/5 2664/9087/5 2663/9090/5
f 2663/9090/5 2779/9091/5 2778/9092/5
f 2663/9090/5 2778/9092/5 2746/3306/5
f 2507/9083/5 2483/9085/5 2663/9090/5
f 2614/9093/5 2541/9094/5 2570/9088/5
f 2570/9088/5 2507/9083/5 2663/9090/5
f 2663/9090/5 2746/3306/5 2705/3308/5
f 2707/3307/5 2710/9095/5 2681/9096/5
f 2663/9090/5 2705/3308/5 2707/3307/5
f 2614/9093/5 2570/9088/5 2663/9090/5
f 2619/3979/5 2614/9093/5 2663/9090/5
f 2663/9090/5 2707/3307/5 2681/9096/5
f 2681/9096/5 2684/9097/5 2670/5528/5
f 2681/9096/5 2670/5528/5 2669/5527/5
f 2517/9098/5 2542/9099/5 2546/9100/5
f 2350/9101/5 2516/9102/5 2517/9098/5
f 2321/7824/5 2317/9103/5 2351/9104/5
f 2351/9104/5 2350/9101/5 2517/9098/5
f 2351/9104/5 2517/9098/5 2546/9100/5
f 2354/6415/5 2321/7824/5 2351/9104/5
f 2409/1632/5 2354/6415/5 2351/9104/5
f 2409/1632/5 2351/9104/5 2546/9100/5
f 2460/9105/5 2411/6413/5 2410/1630/5
f 2409/1632/5 2546/9100/5 2619/3979/5
f 2663/9090/5 2681/9096/5 2669/5527/5
f 2657/5526/5 2659/942/5 2648/3977/5
f 2663/9090/5 2669/5527/5 2657/5526/5
f 2619/3979/5 2663/9090/5 2657/5526/5
f 2648/3977/5 2651/3169/5 2609/8263/5
f 2619/3979/5 2657/5526/5 2648/3977/5
f 2460/9105/5 2410/1630/5 2409/1632/5
f 2487/1610/5 2489/6388/5 2458/9106/5
f 2458/9106/5 2460/9105/5 2409/1632/5
f 2609/8263/5 2610/3168/5 2586/6377/5
f 2585/6376/5 2584/6375/5 2606/9107/5
f 2609/8263/5 2586/6377/5 2585/6376/5
f 2487/1610/5 2458/9106/5 2409/1632/5
f 2551/9108/5 2523/9109/5 2519/1611/5
f 2487/1610/5 2409/1632/5 2619/3979/5
f 2548/9110/5 2551/9108/5 2519/1611/5
f 2519/1611/5 2487/1610/5 2619/3979/5
f 2609/8263/5 2585/6376/5 2606/9107/5
f 2606/9107/5 2602/9111/5 2631/9112/5
f 2625/3978/5 2600/9113/5 2595/9114/5
f 2609/8263/5 2606/9107/5 2631/9112/5
f 2648/3977/5 2609/8263/5 2631/9112/5
f 2548/9110/5 2519/1611/5 2619/3979/5
f 2595/9114/5 2548/9110/5 2619/3979/5
f 2648/3977/5 2631/9112/5 2625/3978/5
f 2625/3978/5 2595/9114/5 2619/3979/5
f 2676/3982/2 2700/9115/2 2701/3980/2
f 2701/3980/2 2739/9116/2 2675/3981/2
f 3313/3983/6 3321/9117/6 3322/9118/6
f 3322/9118/6 3329/9119/6 3334/9120/6
f 3335/9121/6 3295/9122/6 3277/9123/6
f 3322/9118/6 3334/9120/6 3335/9121/6
f 3316/9124/6 3312/9125/6 3313/3983/6
f 3313/3983/6 3322/9118/6 3335/9121/6
f 3335/9121/6 3277/9123/6 3275/9126/6
f 3335/9121/6 3275/9126/6 3276/9127/6
f 3318/9128/6 3316/9124/6 3313/3983/6
f 3284/9129/6 3319/9130/6 3318/9128/6
f 3288/9131/6 3282/9132/6 3283/3985/6
f 3283/3985/6 3284/9129/6 3318/9128/6
f 3335/9121/6 3276/9127/6 3291/3984/6
f 3291/3984/6 3287/9133/6 3288/9131/6
f 3283/3985/6 3318/9128/6 3313/3983/6
f 3291/3984/19 3288/9131/19 3283/3985/19
f 3313/3983/6 3335/9121/6 3291/3984/6
f 3328/3986/2 3327/9134/2 3326/3987/2
f 3325/3989/1 3326/9135/1 3320/3990/1
f 3322/3992/1 3323/3989/1 3330/3991/1
f 3307/3994/3 3310/9136/3 3309/3995/3
f 3332/3997/1 3333/9137/1 3327/3998/1
f 656/9138/1 676/9139/1 678/9140/1
f 657/4000/1 617/1242/1 591/1244/1
f 656/9138/1 678/9140/1 657/4000/1
f 629/4002/1 656/9138/1 657/4000/1
f 657/4000/1 591/1244/1 616/4001/1
f 3276/9141/2 3275/9142/2 3338/4003/2
f 3338/4003/2 3385/9143/2 3434/9144/2
f 3434/9144/2 3419/9145/2 3337/4004/2
f 3337/4004/2 3331/9146/2 3291/4005/2
f 3291/4005/2 3276/9141/2 3338/4003/2
f 3338/4003/2 3434/9144/2 3337/4004/2
f 2990/4008/4 3034/9147/4 3030/4006/4
f 3030/4006/4 2988/9148/4 2987/4007/4
f 3344/4009/1 3393/9149/1 3396/4010/1
f 3396/4010/1 3346/4022/1 3343/4011/1
f 1536/8768/1 1586/6733/1 1577/1870/1
f 1536/8768/1 1577/1870/1 1611/4012/1
f 1535/3686/1 1536/8768/1 1611/4012/1
f 1622/4013/1 1634/1869/1 1645/6735/1
f 1534/3687/1 1535/3686/1 1611/4012/1
f 1509/6494/1 1521/3685/1 1520/8767/1
f 1508/1685/1 1509/6494/1 1520/8767/1
f 1462/6495/1 1508/1685/1 1520/8767/1
f 1449/4014/1 1450/1686/1 1462/6495/1
f 1643/9150/1 1642/9151/1 1449/4014/1
f 1645/6735/1 1660/9152/1 1643/9150/1
f 1622/4013/1 1645/6735/1 1643/9150/1
f 1449/4014/1 1462/6495/1 1520/8767/1
f 1449/4014/1 1520/8767/1 1534/3687/1
f 1622/4013/1 1643/9150/1 1449/4014/1
f 1449/4014/1 1534/3687/1 1611/4012/1
f 628/4017/4 615/9153/4 696/9154/4
f 723/4015/4 746/6697/4 757/4016/4
f 628/4017/4 696/9154/4 723/4015/4
f 3353/4018/5 3352/9155/5 3351/4019/5
f 3352/4010/4 3355/9156/4 3354/4021/4
f 3326/4023/2 3373/9157/2 3372/4024/2
f 2406/4028/4 2484/9158/4 2485/4026/4
f 2485/4026/4 2347/9159/4 2346/4027/4
f 3320/4029/6 3326/9160/6 3371/2562/6
f 3372/4031/3 3373/9161/3 3370/4032/3
f 3330/4034/6 3323/9162/6 3324/4035/6
f 3379/4037/1 3380/9163/1 3373/4038/1
f 3327/4040/6 3333/9164/6 3379/4041/6
f 2900/9165/4 2905/9166/4 3241/4043/4
f 3241/4043/4 3242/9167/4 3189/9168/4
f 3241/4043/4 3189/9168/4 3188/9169/4
f 2934/4045/4 2900/9165/4 3241/4043/4
f 3241/4043/4 3188/9169/4 2978/4044/4
f 3546/4048/4 3734/9170/4 3735/9171/4
f 3659/4046/4 3660/9172/4 3598/9173/4
f 3546/4048/4 3735/9171/4 3659/4046/4
f 3659/4046/4 3598/9173/4 3596/4047/4
f 3056/9174/4 3096/3251/4 3097/3250/4
f 3097/3250/4 3024/9175/4 3022/4049/4
f 3053/4050/4 3056/9174/4 3097/3250/4
f 3393/4053/3 3355/9176/3 3352/4051/3
f 3353/4052/3 3396/9177/3 3393/4053/3
f 936/4054/3 939/9178/3 938/9179/3
f 899/4055/3 900/9180/3 901/4056/3
f 936/4054/3 938/9179/3 899/4055/3
f 3400/4057/3 3401/9181/3 3399/4058/3
f 3397/4060/3 3406/9182/3 3405/4061/3
f 3402/4063/5 3408/9183/5 3407/4064/5
f 3356/4066/5 3355/9184/5 3399/4067/5
f 3399/4067/5 3360/9185/5 3354/4068/5
f 3410/4069/2 3409/9186/2 3403/4070/2
f 3418/4072/5 3417/9187/5 3383/4073/5
f 3387/9188/4 3420/9189/4 3436/9190/4
f 3436/9190/5 3435/9191/5 3421/9192/5
f 3341/9193/5 3297/9194/5 3296/9195/5
f 3436/9190/5 3421/9192/5 3341/9193/5
f 3387/9188/5 3436/9190/5 3341/9193/5
f 3341/9193/5 3296/9195/5 3340/9196/5
f 3327/4075/5 3326/9197/5 3373/9198/5
f 3341/9193/5 3340/9196/5 3327/4075/5
f 3387/9188/5 3341/9193/5 3327/4075/5
f 3327/4075/5 3373/9198/5 3378/4076/5
f 3384/4077/5 3387/9188/5 3327/4075/5
f 1590/4080/2 1613/1872/2 1630/5642/2
f 1630/5642/2 1597/8919/2 1598/4078/2
f 1598/4078/2 1579/8918/2 1587/4079/2
f 1590/4080/2 1630/5642/2 1598/4078/2
f 730/4083/1 732/9199/1 862/4081/1
f 862/4081/1 860/9200/1 799/4082/1
f 1630/9201/1 1664/9202/1 1662/7861/1
f 1630/9201/1 1662/7861/1 1649/9203/1
f 1597/9204/1 1630/9201/1 1649/9203/1
f 1597/9204/1 1649/9203/1 1612/9205/1
f 1511/9206/1 1597/9204/1 1612/9205/1
f 1511/9206/1 1612/9205/1 1578/9207/1
f 1403/9208/1 1511/9206/1 1578/9207/1
f 1403/9208/1 1578/9207/1 1567/9209/1
f 1280/9210/1 1282/9211/1 1337/4086/1
f 1337/4086/1 1403/9208/1 1567/9209/1
f 1337/4086/1 1567/9209/1 1522/9212/1
f 1376/9213/1 1280/9210/1 1337/4086/1
f 1463/4085/1 1376/9213/1 1337/4086/1
f 1337/4086/1 1522/9212/1 1510/4084/1
f 995/4087/1 993/9214/1 828/4088/1
f 3686/9215/2 3760/9216/2 3756/9217/2
f 3756/9217/2 3684/9218/2 3607/9219/2
f 3607/9219/2 3571/4953/2 3497/4952/2
f 3497/4952/2 3495/495/2 3496/9220/2
f 3473/9221/2 3459/9222/2 3444/4090/2
f 3497/4952/2 3496/9220/2 3473/9221/2
f 3686/9215/2 3756/9217/2 3607/9219/2
f 3497/4952/2 3473/9221/2 3444/4090/2
f 3686/9215/2 3607/9219/2 3497/4952/2
f 3616/9223/2 3690/9224/2 3686/9215/2
f 3575/4091/2 3617/9225/2 3616/9223/2
f 3395/3660/2 3397/9226/2 3575/4091/2
f 3440/9227/2 3423/8738/2 3425/3658/2
f 3425/3658/2 3395/3660/2 3575/4091/2
f 3575/4091/2 3616/9223/2 3686/9215/2
f 3575/4091/2 3686/9215/2 3497/4952/2
f 3444/4090/2 3440/9227/2 3425/3658/2
f 3575/4091/2 3497/4952/2 3444/4090/2
f 3357/4094/2 3364/9228/2 3406/4092/2
f 3406/4092/2 3397/9229/2 3358/4093/2
f 3415/2100/2 3416/7103/2 3433/4095/2
f 3432/4096/2 3431/7104/2 3415/2100/2
f 2713/4099/1 2683/9230/1 2722/4097/1
f 2722/4097/1 2723/9231/1 2720/4098/1
f 3005/9232/2 3048/9233/2 3183/9234/2
f 3302/9235/2 3305/9236/2 3349/9237/2
f 3005/9232/2 3183/9234/2 3302/9235/2
f 3424/9238/2 3047/9239/2 3005/9232/2
f 3455/9240/2 3442/9241/2 3443/9242/2
f 3443/9242/2 3424/9238/2 3005/9232/2
f 3302/9235/2 3349/9237/2 3347/9243/2
f 3443/9242/5 3005/9232/5 3302/9235/5
f 3456/9244/2 3455/9240/2 3443/9242/2
f 3456/9244/2 3443/9242/2 3302/9235/2
f 3302/9235/2 3347/9243/2 3394/9245/2
f 3394/9245/2 3400/9246/2 3426/4100/2
f 3426/4100/2 3501/9247/2 3570/9248/2
f 3570/9248/2 3569/9249/2 3493/9250/2
f 3493/9250/2 3536/9251/2 3491/9252/2
f 3493/9250/2 3491/9252/2 3492/4101/2
f 3456/9244/2 3302/9235/2 3394/9245/2
f 3472/4102/2 3456/9244/2 3394/9245/2
f 3570/9248/2 3493/9250/2 3492/4101/2
f 3472/4102/2 3394/9245/2 3426/4100/2
f 3426/4100/2 3570/9248/2 3492/4101/2
f 3420/9253/2 3436/9254/2 3449/9255/2
f 3420/9253/2 3449/9255/2 3448/9256/2
f 3384/7102/2 3387/9257/2 3420/9253/2
f 3433/4095/2 3416/7103/2 3384/7102/2
f 3433/4095/2 3384/7102/2 3420/9253/2
f 3420/9253/2 3448/9256/2 3447/4103/2
f 3447/4103/2 3462/4188/2 3461/9258/2
f 3461/9258/2 3430/2101/2 3431/7104/2
f 3447/4103/2 3461/9258/2 3431/7104/2
f 3433/4095/2 3420/9253/2 3447/4103/2
f 3447/4103/2 3431/7104/2 3432/4096/2
f 2321/4104/4 2270/9259/4 2268/4105/4
f 3440/4110/2 3457/9260/2 3458/4108/2
f 3458/4108/2 3494/9261/2 3532/4109/2
f 3444/4111/2 3459/9262/2 3458/546/2
f 2987/9263/3 2988/9264/3 2997/4112/3
f 2997/4112/3 2996/9265/3 2995/4113/3
f 2995/4113/3 2994/9266/3 2990/4114/3
f 2990/4114/3 2987/9263/3 2997/4112/3
f 1046/4115/5 1066/9267/5 1053/9268/5
f 1045/4116/4 1009/9269/4 988/4117/4
f 1046/4115/5 1053/9268/5 1045/4116/5
f 988/4117/5 987/9270/5 1046/4115/5
f 3409/4118/4 3410/9271/4 3407/4119/4
f 3464/4121/5 3480/8452/5 3467/4122/5
f 2978/4126/5 3188/9272/5 3194/4124/5
f 3194/4124/5 2904/9273/5 2900/4125/5
f 2900/4125/4 2934/9274/4 2978/4126/4
f 89/4127/2 149/9275/2 148/9276/2
f 88/4128/2 86/9277/2 67/4129/2
f 89/4127/2 148/9276/2 88/4128/2
f 3469/4130/5 3471/6854/5 3470/4131/5
f 2885/9278/2 2883/9279/2 2830/9280/2
f 2786/9281/2 2785/9282/2 2754/4132/2
f 2832/4134/2 2885/9278/2 2830/9280/2
f 2789/9283/2 2836/9284/2 2832/4134/2
f 2724/4133/2 2792/9285/2 2789/9283/2
f 2729/9286/2 2728/9287/2 2724/4133/2
f 2723/9288/2 2722/9289/2 2729/9286/2
f 2754/4132/2 2753/9290/2 2723/9288/2
f 2832/4134/2 2830/9280/2 2786/9281/2
f 2754/4132/2 2723/9288/2 2729/9286/2
f 2832/4134/2 2786/9281/2 2754/4132/2
f 2724/4133/2 2789/9283/2 2832/4134/2
f 2754/4132/2 2729/9286/2 2724/4133/2
f 3661/9291/3 3662/9292/3 3665/4135/3
f 3665/4135/3 3666/9293/3 3664/4136/3
f 3663/4137/3 3661/9291/3 3665/4135/3
f 997/4138/2 1034/1236/2 967/4139/2
f 3466/4142/2 3485/9294/2 3484/4143/2
f 3473/4145/2 3495/9295/2 3494/4146/2
f 1773/4149/5 1734/9296/5 1685/9297/5
f 1730/9298/5 1771/2125/5 1772/4148/5
f 1773/4149/5 1685/9297/5 1730/9298/5
f 1785/2124/5 1809/7126/5 1773/4149/5
f 1773/4149/5 1730/9298/5 1772/4148/5
f 2388/4150/5 2364/7466/5 2334/4151/5
f 1128/4155/2 1127/6519/2 1148/6518/2
f 1148/6518/2 1110/5926/2 1111/4153/2
f 1111/4153/2 1101/5928/2 1088/5930/2
f 1088/5930/2 1069/5929/2 1070/4154/2
f 1070/4154/4 1089/1260/4 1128/4155/4
f 1128/4155/2 1148/6518/2 1111/4153/2
f 1111/4153/2 1088/5930/2 1070/4154/2
f 3512/2114/3 3513/7118/3 3526/9299/3
f 3524/4158/3 3523/9300/3 3510/4159/3
f 3512/2114/3 3526/9299/3 3524/4158/3
f 3528/4160/1 3529/9301/1 3533/4161/1
f 3533/4161/1 3556/9302/1 3527/4162/1
f 3482/4163/3 3509/2959/3 3508/4164/3
f 3515/4165/3 3518/9303/3 3517/4166/3
f 2618/4168/4 2619/9304/4 2546/4169/4
f 3526/4171/5 3517/9305/5 3516/4172/5
f 3489/4176/5 3487/6855/5 3531/9306/5
f 3490/4174/5 3560/9307/5 3568/4175/5
f 3489/4176/5 3531/9306/5 3490/4174/5
f 3568/4175/5 3500/1934/5 3489/4176/5
f 3303/9308/2 3224/9309/2 3184/4180/2
f 3006/9310/2 3012/9311/2 3082/9312/2
f 3006/9310/2 3082/9312/2 3079/9313/2
f 3308/9314/2 3303/9308/2 3184/4180/2
f 3184/4180/2 3006/9310/2 3079/9313/2
f 3122/9315/2 3128/9316/2 3230/4181/2
f 3184/4180/2 3079/9313/2 3122/9315/2
f 3263/4182/2 3269/9317/2 3308/9314/2
f 3230/4181/2 3234/9318/2 3263/4182/2
f 3184/4180/2 3122/9315/2 3230/4181/2
f 3263/4182/2 3308/9314/2 3184/4180/2
f 1156/4183/4 1157/9319/4 1116/4184/4
f 3449/9255/2 3436/9254/2 3466/9320/2
f 3449/9255/2 3466/9320/2 3465/6/2
f 3462/4188/2 3447/4103/2 3448/9256/2
f 3448/9256/2 3449/9255/2 3465/6/2
f 3478/4548/2 3643/5/2 3641/4186/2
f 3448/9256/2 3465/6/2 3478/4548/2
f 3588/9321/2 3461/9258/2 3462/4188/2
f 3462/4188/2 3448/9256/2 3478/4548/2
f 3641/4186/2 3711/9322/2 3707/9323/2
f 3462/4188/2 3478/4548/2 3641/4186/2
f 3635/9324/2 3588/9321/2 3462/4188/2
f 3641/4186/2 3707/9323/2 3639/4187/2
f 3639/4187/2 3635/9324/2 3462/4188/2
f 2432/4189/5 2436/9325/5 2414/4190/5
f 3511/4192/6 3508/4228/6 3481/4193/6
f 3543/4195/4 3546/9326/4 3515/4196/4
f 3485/4198/6 3521/9327/6 3547/4199/6
f 3542/4201/3 3549/9328/3 3548/4202/3
f 3549/4205/4 3599/9329/4 3600/9330/4
f 3600/9330/4 3513/9331/4 3512/4203/4
f 3512/4203/4 3510/9332/4 3548/4204/4
f 3549/4205/4 3600/9330/4 3512/4203/4
f 3546/4206/5 3601/9333/5 3519/4207/5
f 3692/4211/6 3619/9334/6 3612/9335/6
f 3692/4211/6 3612/9335/6 3611/4209/6
f 3610/4210/6 3691/3898/6 3692/4211/6
f 3517/4212/2 3554/9336/2 3553/4213/2
f 2202/4215/3 2203/9337/3 2200/4216/3
f 3556/4218/5 3555/9338/5 3518/4219/5
f 3519/4223/4 3601/9339/4 3602/4221/4
f 3602/4221/4 3522/9340/4 3520/4222/4
f 3559/4224/4 3560/9341/4 3490/4225/4
f 3558/4227/6 3490/9342/6 3531/4228/6
f 3518/4229/1 3562/9343/1 3561/4230/1
f 3494/4232/6 3567/9344/6 3535/4233/6
f 845/7851/1 864/2733/1 878/6102/1
f 878/6102/1 832/6101/1 807/6100/1
f 800/4235/1 773/1796/1 766/1798/1
f 845/7851/4 878/6102/4 807/6100/4
f 833/2734/1 845/7851/1 807/6100/1
f 800/4235/1 766/1798/1 737/4236/1
f 833/2734/1 807/6100/1 800/4235/1
f 3556/4239/3 3533/9345/3 3534/4237/3
f 3557/4238/3 3555/9346/3 3556/4239/3
f 3543/4240/3 3600/9347/3 3599/4241/3
f 3513/4243/2 3600/9348/2 3543/4206/2
f 3524/4246/1 3526/9349/1 3553/4244/1
f 3553/4244/1 3551/9350/1 3523/4245/1
f 309/4247/4 310/9351/4 219/4248/4
f 3545/4250/3 3546/9352/3 3543/4251/3
f 3595/4253/5 3599/9353/5 3549/4254/5
f 2743/9354/4 2809/9355/4 2810/9356/4
f 2743/9354/4 2810/9356/4 2702/9357/4
f 2680/9358/4 2743/9354/4 2702/9357/4
f 2680/9358/4 2702/9357/4 2662/9359/4
f 2661/9360/4 2680/9358/4 2662/9359/4
f 2661/9360/4 2662/9359/4 2655/9361/4
f 2654/9362/4 2661/9360/4 2655/9361/4
f 2654/9362/4 2655/9361/4 2634/9363/4
f 2633/4256/4 2654/9362/4 2634/9363/4
f 2567/4257/4 2470/9364/4 2477/9365/4
f 2633/4256/4 2634/9363/4 2567/4257/4
f 2567/4257/4 2477/9365/4 2587/4258/4
f 3562/4259/3 3563/9366/3 3564/4260/3
f 3603/4262/6 3568/9367/6 3560/4263/6
f 3498/4265/6 3604/9368/6 3566/4266/6
f 3763/3352/6 3759/9369/6 3755/4268/6
f 3571/4270/2 3607/9370/2 3606/4271/2
f 3609/4273/6 3576/9371/6 3573/4274/6
f 3608/4276/3 3615/9372/3 3613/4277/3
f 3672/4279/4 3673/9373/4 3568/4280/4
f 3581/4282/6 3617/9374/6 3575/4283/6
f 3612/4285/5 3619/9375/5 3618/4286/5
f 3621/4288/2 3620/9376/2 3613/4289/2
f 2709/4293/1 2712/9377/1 2753/4291/1
f 2753/4291/1 2754/9378/1 2752/4292/1
f 3668/4296/3 3670/9379/3 3671/4294/3
f 3669/4295/3 3667/9380/3 3668/4296/3
f 3635/4297/4 3637/9381/4 3638/4298/4
f 3640/4300/5 3642/9382/5 3590/4301/5
f 3784/4303/1 3783/9383/1 3700/9384/1
f 3784/4303/1 3700/9384/1 3702/9385/1
f 3631/4305/1 3636/9386/1 3784/4303/1
f 3784/4303/1 3702/9385/1 3630/4304/1
f 3590/4306/1 3642/9387/1 3647/4307/1
f 3594/4309/6 3592/9388/6 3590/4310/6
f 3651/4312/4 3650/9389/4 3545/4313/4
f 3654/4315/1 3655/9390/1 3644/4316/1
f 3593/4318/6 3597/9391/6 3654/4319/6
f 3798/9392/3 3799/9393/3 3803/4321/3
f 3803/4321/3 3808/6017/3 3807/4322/3
f 3807/4322/3 3809/1318/3 3802/9394/3
f 3797/4323/3 3798/9392/3 3803/4321/3
f 3807/4322/3 3802/9394/3 3797/4323/3
f 3648/4324/3 3658/9395/3 3657/4325/3
f 3701/4327/1 3698/9396/1 3622/4328/1
f 2280/9397/4 2392/9398/4 2393/9399/4
f 2280/9397/4 2393/9399/4 2281/9400/4
f 2255/9401/4 2280/9397/4 2281/9400/4
f 2255/9401/4 2281/9400/4 2256/4331/4
f 2224/9402/4 2223/9403/4 2245/4330/4
f 2245/4330/4 2255/9401/4 2256/4331/4
f 2246/4332/4 2224/9402/4 2245/4330/4
f 3656/4333/3 3660/9404/3 3659/4334/3
f 3597/4336/1 3593/6924/1 3484/2015/1
f 3564/4338/2 3666/9405/2 3665/4339/2
f 3668/4341/5 3667/9406/5 3563/4342/5
f 3563/4344/1 3667/9407/1 3666/4345/1
f 3667/4347/3 3676/9408/3 3674/4348/3
f 3675/4350/2 3676/9409/2 3667/4351/2
f 2825/9410/1 2827/9411/1 3062/4353/1
f 3062/4353/1 3059/9412/1 2876/9413/1
f 3062/4353/1 2876/9413/1 2878/4354/1
f 2824/4355/1 2825/9410/1 3062/4353/1
f 161/4358/4 157/9414/4 219/4356/4
f 219/4356/4 220/9415/4 183/4357/4
f 3610/2189/1 3687/3084/1 3693/4359/1
f 3694/4360/1 3695/9416/1 3690/4361/1
f 1789/4363/5 1761/9417/5 1760/2094/5
f 1369/4365/2 1370/6659/2 1380/1811/2
f 3707/4367/4 3708/9418/4 3709/4368/4
f 3639/233/6 3709/9419/6 3637/4370/6
f 3779/4372/1 3632/9420/1 3623/9421/1
f 3779/4372/1 3623/9421/1 3624/9422/1
f 3699/4374/1 3780/9423/1 3779/4372/1
f 3779/4372/1 3624/9422/1 3697/4373/1
f 3561/4375/1 3665/9424/1 3662/4376/1
f 3662/4376/1 3550/9425/1 3552/4377/1
f 3552/4377/1 3554/9426/1 3561/4375/1
f 3640/4378/1 3710/9427/1 3713/4379/1
f 3134/4383/1 3236/9428/1 3230/4381/1
f 3230/4381/1 3128/9429/1 3131/4382/1
f 3131/4382/1 3132/9430/1 3134/4383/1
f 3719/4384/3 3650/9431/3 3651/4385/3
f 3716/4387/3 3717/9432/3 3714/4388/3
f 3721/4390/1 3722/9433/1 3711/4391/1
f 3728/4393/4 3729/9434/4 3648/4394/4
f 3587/4398/4 3633/9435/4 3703/4396/4
f 3703/4396/4 3704/9436/4 3634/4397/4
f 3730/4399/4 3731/9437/4 3656/4400/4
f 3729/4395/5 3732/4394/5 3658/4402/5
f 3659/4404/2 3735/9438/2 3730/4405/2
f 3606/4407/6 3684/9439/6 3758/4408/6
f 3758/4408/6 3678/9440/6 3677/4409/6
f 3674/4410/2 3741/9441/2 3740/4411/2
f 3743/4413/5 3742/9442/5 3676/4414/5
f 3739/4416/3 3748/9443/3 3747/4417/3
f 3676/4419/1 3742/4516/1 3741/4420/1
f 3742/4422/3 3752/9444/3 3750/4423/3
f 3754/4425/4 3755/9445/4 3681/4426/4
f 3750/4428/4 3752/9446/4 3751/4429/4
f 3756/4431/4 3757/4399/4 3758/4401/4
f 3736/4435/3 3737/9447/3 3740/4433/3
f 3740/4433/3 3741/985/3 3738/4434/3
f 24/9448/2 23/9449/2 6/4437/2
f 6/4437/2 14/9450/2 13/4438/2
f 13/4438/2 30/9451/2 57/9452/2
f 57/9452/2 56/9453/2 27/4436/2
f 26/9454/2 24/9448/2 6/4437/2
f 13/4438/2 57/9452/2 27/4436/2
f 27/4436/2 26/9454/2 6/4437/2
f 3685/4439/1 3759/9455/1 3763/4440/1
f 3693/4442/6 3687/9456/6 3685/4443/6
f 3766/4445/1 3767/9457/1 3760/4446/1
f 3690/4448/6 3695/9458/6 3766/4449/6
f 3787/4453/3 3794/9459/3 3793/4451/3
f 3793/4451/3 3779/9460/3 3780/9461/3
f 3793/4451/3 3780/9461/3 3781/9462/3
f 3789/9463/3 3788/9464/3 3787/4453/3
f 3793/4451/3 3781/9462/3 3785/4452/3
f 3785/4452/3 3789/9463/3 3787/4453/3
f 3705/4454/2 3781/9465/2 3780/4455/2
f 3783/4457/5 3782/9466/5 3706/4458/5
f 3706/4460/1 3782/9467/1 3781/4461/1
f 3782/4463/3 3786/9468/3 3785/4464/3
f 3793/4468/4 3794/9469/4 3725/4466/4
f 3724/4467/4 3723/9470/4 3793/4468/4
f 327/4469/5 362/9471/5 424/9472/5
f 424/9472/5 427/9473/5 386/4470/5
f 386/4470/5 391/9474/5 326/9475/5
f 326/9475/5 284/9476/5 267/4471/5
f 285/9477/5 298/9478/5 287/9479/5
f 386/4470/5 326/9475/5 267/4471/5
f 267/4471/5 285/9477/5 287/9479/5
f 287/9479/5 218/9480/5 213/9481/5
f 213/9481/5 194/9482/5 192/9483/5
f 192/9483/2 242/9484/2 264/9485/2
f 283/9486/5 282/9487/5 306/9488/5
f 192/9483/6 264/9485/6 283/9486/6
f 287/9479/5 213/9481/5 192/9483/5
f 267/4471/5 287/9479/5 192/9483/5
f 283/9486/5 306/9488/5 327/4469/5
f 267/4471/5 192/9483/5 283/9486/5
f 327/4469/5 424/9472/5 386/4470/5
f 267/4471/5 283/9486/5 327/4469/5
f 3789/4472/4 3790/9489/4 3716/4473/4
f 3764/4475/3 3770/9490/3 3771/4476/3
f 3771/4476/3 3769/9491/3 3762/4477/3
f 3711/4478/6 3722/9492/6 3708/4479/6
f 3787/4481/4 3788/4614/4 3714/4482/4
f 3714/4484/2 3788/9493/2 3789/4485/2
f 3790/4487/5 3791/9494/5 3717/506/5
f 3791/4488/4 3792/9495/4 3719/4489/4
f 3738/4491/1 3741/9496/1 3799/4492/1
f 3799/4492/1 3798/9497/1 3739/4493/1
f 3725/4494/2 3794/9498/2 3787/4495/2
f 3792/2002/5 3795/9499/5 3720/4497/5
f 1722/4499/6 1728/9500/6 1685/9501/6
f 1677/4500/6 1675/9502/6 1721/4501/6
f 1722/4499/6 1685/9501/6 1677/4500/6
f 3798/4502/5 3797/9503/5 3748/4503/5
f 3804/4505/5 3752/9504/5 3742/4506/5
f 3803/4508/2 3799/9505/2 3741/4509/2
f 3748/4497/1 3797/9499/1 3802/4511/1
f 3804/4513/3 3806/9506/3 3805/4514/3
f 3752/4516/1 3804/9507/1 3803/4517/1
f 3523/9508/5 3551/9509/5 3550/9510/5
f 3550/9510/5 3662/9511/5 3661/9512/5
f 3661/9512/5 3737/9513/5 3736/9514/5
f 3747/4518/5 3802/9515/5 3809/9516/5
f 3661/9512/5 3736/9514/5 3747/4518/5
f 3550/9510/5 3661/9512/5 3747/4518/5
f 3747/4518/5 3809/9516/5 3810/9517/5
f 3762/9518/5 3769/9519/5 3692/9520/5
f 3451/7046/5 3510/7045/5 3523/9508/5
f 3468/7760/5 3452/2640/5 3451/7046/5
f 3530/9521/5 3486/2641/5 3468/7760/5
f 3559/9522/5 3558/9523/5 3530/9521/5
f 3672/4520/5 3603/9524/5 3559/9522/5
f 3754/4519/5 3753/9525/5 3672/4520/5
f 3693/9526/5 3761/9527/5 3763/9528/5
f 3692/9520/5 3691/9529/5 3693/9526/5
f 3762/9518/5 3692/9520/5 3693/9526/5
f 3762/9518/5 3693/9526/5 3763/9528/5
f 3468/7760/5 3451/7046/5 3523/9508/5
f 3559/9522/5 3530/9521/5 3468/7760/5
f 3672/4520/5 3559/9522/5 3468/7760/5
f 3468/7760/5 3523/9508/5 3550/9510/5
f 3810/9517/5 3762/9518/5 3763/9528/5
f 3810/9517/5 3763/9528/5 3754/4519/5
f 3672/4520/5 3468/7760/5 3550/9510/5
f 3747/4518/5 3810/9517/5 3754/4519/5
f 3672/4520/5 3550/9510/5 3747/4518/5
f 3810/4521/4 3811/9530/4 3770/4522/4
f 3664/4524/1 3666/9531/1 3740/4525/1
f 3740/4525/1 3737/9532/1 3661/4526/1
f 3805/3827/4 3806/9533/4 3774/4527/4
f 3811/4529/5 3814/9534/5 3771/4530/5
f 3773/4532/2 3815/9535/2 3805/4533/2
f 2769/4535/2 2765/9536/2 2701/9537/2
f 2701/9537/2 2700/9538/2 2677/14/2
f 2677/14/2 2702/4552/2 2810/4536/2
f 2810/4536/2 2803/9539/2 2769/4535/2
f 2769/4535/2 2701/9537/2 2677/14/2
f 3806/4537/5 3816/9540/5 3775/4538/5
f 3777/4540/2 3817/9541/2 3812/4541/2
